/*--------------------------------*- C++ -*----------------------------------*\
  =========                 |
  \\      /  F ield         | OpenFOAM: The Open Source CFD Toolbox
   \\    /   O peration     | Website:  https://openfoam.org
    \\  /    A nd           | Version:  8
     \\/     M anipulation  |
\*---------------------------------------------------------------------------*/
/*   Windows 32 and 64 bit porting by blueCAPE: http://www.bluecape.com.pt   *\
|  Based on Windows porting (2.0.x v4) by Symscape: http://www.symscape.com   |
\*---------------------------------------------------------------------------*/
FoamFile
{
    version     2.0;
    format      ascii;
    class       volScalarField;
    location    "2400";
    object      nut;
}
// * * * * * * * * * * * * * * * * * * * * * * * * * * * * * * * * * * * * * //

dimensions      [0 2 -1 0 0 0 0];

internalField   nonuniform List<scalar> 
57360
(
0.0067626194
0.0067625982
0.0067625049
0.0067623321
0.0067620738
0.0067617213
0.0067612665
0.0067606991
0.0067600094
0.0067591863
0.0067582156
0.0067570859
0.0067557824
0.0067542875
0.0067525844
0.0067506545
0.0067484756
0.0067460266
0.0067432822
0.0067402145
0.006736795
0.0067329917
0.0067287687
0.0067240873
0.0067189064
0.0067131816
0.0067068627
0.0066998968
0.0066922253
0.0066837826
0.0066745011
0.0066643064
0.0066531168
0.0066408434
0.0066273904
0.006612655
0.006596525
0.0065788792
0.0065595861
0.006538506
0.0065154877
0.006490368
0.0064629728
0.0064331165
0.0064006016
0.0063652166
0.0063267381
0.0062849321
0.0062395517
0.0061903395
0.006137029
0.006079346
0.0060170129
0.0059497512
0.0058772857
0.0057993518
0.0057157036
0.005626126
0.0055304459
0.0054285513
0.0053204156
0.005206128
0.0050859327
0.0049602805
0.0048299018
0.0046958978
0.0045598618
0.0044240406
0.004291533
0.0041665259
0.0040545405
0.0039626116
0.0038992497
0.003873947
0.003895948
0.0039721764
0.0041046911
0.0042886738
0.0045121689
0.0047581062
0.005007888
0.0052449902
0.0054572594
0.0056374955
0.0057827763
0.0058933029
0.0059714022
0.0060209205
0.0060469039
0.0060552568
0.0060521584
0.0060432311
0.0060327652
0.006023336
0.0060159804
0.0060107241
0.0060071548
0.0060047893
0.0060032415
0.0060022356
0.0060016016
0.0060012245
0.0060010493
0.0060010383
0.0060011904
0.0060015081
0.0060020239
0.0060027637
0.0060037921
0.0060051697
0.0060069941
0.0060093691
0.0060124693
0.0060164578
0.006021677
0.0060284633
0.0060374428
0.0060492457
0.0060651979
0.0060841197
0.0067667104
0.0067666911
0.0067665978
0.0067664283
0.0067661733
0.0067658262
0.0067653773
0.0067648177
0.0067641376
0.0067633244
0.0067623666
0.0067612533
0.0067599658
0.0067584905
0.0067568099
0.0067549039
0.0067527532
0.0067503353
0.0067476245
0.0067445952
0.0067412178
0.0067374602
0.0067332872
0.0067286612
0.0067235416
0.0067178836
0.0067116364
0.0067047494
0.0066971625
0.0066888131
0.0066796333
0.0066695476
0.0066584749
0.0066463284
0.0066330126
0.0066184249
0.0066024533
0.0065849774
0.0065658669
0.0065449817
0.0065221715
0.0064972739
0.0064701152
0.0064405098
0.0064082607
0.0063731566
0.0063349742
0.0062934796
0.0062484258
0.0061995545
0.0061465992
0.0060892851
0.0060273335
0.0059604647
0.005888403
0.0058108821
0.0057276561
0.0056385095
0.00554327
0.0054418292
0.0053341667
0.0052203826
0.0051007384
0.0049757134
0.0048460803
0.0047130042
0.0045781715
0.0044439611
0.0043136526
0.0041916704
0.0040838238
0.0039974535
0.0039413129
0.0039249242
0.0039571507
0.0040439618
0.0041859217
0.0043765252
0.0046025187
0.0048464358
0.0050903109
0.0053189654
0.0055217581
0.0056926997
0.0058295659
0.0059327992
0.0060047095
0.0060490716
0.0060709081
0.0060761391
0.0060709163
0.0060607287
0.0060496305
0.006039932
0.0060324555
0.0060271022
0.006023409
0.006020885
0.0060191475
0.0060179266
0.0060170547
0.0060164174
0.0060159588
0.0060156401
0.0060154581
0.0060154132
0.0060155355
0.0060158478
0.0060164123
0.006017286
0.0060185626
0.0060203409
0.0060227885
0.0060260671
0.0060305097
0.0060364458
0.0060444919
0.0060552607
0.0060700615
0.0060876644
0.0067691701
0.0067691483
0.0067690611
0.0067688987
0.0067686542
0.0067683184
0.0067678832
0.0067673395
0.0067666756
0.0067658823
0.0067649478
0.0067638566
0.006762596
0.0067611513
0.0067595024
0.0067576331
0.0067555231
0.0067531475
0.0067504842
0.0067475071
0.006744186
0.0067404894
0.0067363835
0.006731831
0.0067267908
0.0067212182
0.006715065
0.0067082777
0.006700799
0.0066925672
0.0066835142
0.0066735649
0.0066626392
0.0066506504
0.0066375049
0.0066230997
0.0066073225
0.0065900545
0.0065711668
0.0065505189
0.0065279607
0.0065033322
0.0064764591
0.0064471549
0.0064152236
0.0063804551
0.0063426248
0.0063014988
0.0062568309
0.0062083609
0.0061558209
0.0060989367
0.006037427
0.0059710095
0.005899408
0.0058223547
0.0057396011
0.0056509294
0.005556167
0.0054552061
0.0053480295
0.0052347437
0.0051156222
0.0049911666
0.0048621851
0.004729897
0.0045960714
0.0044632089
0.00433476
0.004215377
0.0041111495
0.0040297157
0.0039800582
0.0039717062
0.0040131117
0.0041092758
0.004259318
0.0044552023
0.0046826312
0.0049240083
0.0051621618
0.0053832358
0.005577909
0.0057411274
0.0058711115
0.0059683811
0.0060351686
0.0060751881
0.0060934798
0.0060960169
0.0060889518
0.0060776639
0.0060660011
0.0060560425
0.0060484277
0.0060429547
0.0060391202
0.0060364268
0.0060344948
0.0060330577
0.0060319494
0.0060310551
0.0060303182
0.0060296977
0.0060291889
0.0060287898
0.0060285285
0.006028425
0.006028539
0.0060289245
0.006029672
0.0060308766
0.006032702
0.0060353055
0.0060390049
0.0060441339
0.0060513012
0.0060611036
0.0060748378
0.006091232
0.0067765478
0.0067765275
0.0067764379
0.0067762732
0.0067760253
0.0067756883
0.0067752527
0.0067747088
0.0067740484
0.0067732588
0.0067723292
0.0067712459
0.0067699951
0.0067685601
0.0067669251
0.0067650718
0.0067629791
0.006760625
0.0067579862
0.0067550357
0.0067517449
0.0067480815
0.0067440128
0.0067395016
0.0067345067
0.006728984
0.0067228859
0.0067161584
0.0067087448
0.0067005839
0.006691607
0.0066817418
0.006670907
0.0066590155
0.0066459746
0.0066316816
0.0066160255
0.0065988877
0.0065801388
0.0065596392
0.0065372401
0.0065127807
0.0064860873
0.0064569745
0.0064252455
0.0063906915
0.0063530887
0.0063122017
0.0062677843
0.0062195772
0.0061673129
0.0061107154
0.0060495026
0.0059833918
0.0059121049
0.0058353726
0.0057529444
0.0056646002
0.005570165
0.0054695289
0.005362674
0.005249708
0.0051309112
0.0050067983
0.0048782042
0.004746394
0.0046132121
0.0044812759
0.0043542072
0.0042368922
0.0041357133
0.0040586198
0.0040148285
0.0040138598
0.0040637134
0.0041683808
0.004325548
0.0045257664
0.0047539146
0.004992499
0.0052252651
0.00543963
0.0056274008
0.0057842153
0.0059085396
0.0060008627
0.0060633186
0.0060995903
0.0061147772
0.0061149363
0.0061062391
0.0060939712
0.0060817948
0.0060715839
0.0060638189
0.0060582111
0.006054224
0.0060513554
0.0060492273
0.0060475754
0.0060462343
0.0060450881
0.0060440791
0.0060431645
0.0060423376
0.0060415942
0.0060409608
0.0060404545
0.0060401329
0.0060400472
0.0060402852
0.0060409388
0.0060421684
0.0060441276
0.0060471299
0.0060514892
0.0060578289
0.0060667282
0.0060794736
0.0060947595
0.0067721018
0.0067720944
0.0067720323
0.0067718968
0.0067716818
0.0067713787
0.0067709789
0.0067704755
0.0067698563
0.006769112
0.0067682302
0.0067671985
0.0067660028
0.0067646275
0.0067630563
0.006761271
0.0067592522
0.0067569782
0.0067544247
0.0067515654
0.0067483726
0.0067448155
0.0067408605
0.0067364719
0.0067316086
0.0067262275
0.0067202812
0.006713717
0.0067064794
0.006698507
0.006689733
0.0066800851
0.0066694844
0.0066578433
0.00664507
0.0066310636
0.006615715
0.006598906
0.0065805085
0.0065603836
0.0065383832
0.0065143466
0.0064881028
0.0064594668
0.0064282413
0.0063942181
0.0063571728
0.0063168697
0.0062730603
0.0062254843
0.0061738725
0.0061179438
0.0060574128
0.0059919914
0.0059213936
0.0058453423
0.0057635772
0.005675868
0.0055820281
0.0054819365
0.0053755641
0.0052630101
0.0051445527
0.0050207138
0.0048923497
0.0047607731
0.0046279105
0.0044965105
0.0043703896
0.0042547019
0.0041561591
0.0040830555
0.004044853
0.0040510333
0.0041090691
0.0042218529
0.0043856081
0.0045895688
0.0048179978
0.0050537191
0.0052814957
0.0054899541
0.0056718459
0.0058232965
0.005942871
0.0060309686
0.0060896347
0.0061225628
0.0061349498
0.0061329574
0.0061227847
0.0061096307
0.0060969846
0.0060865321
0.0060786125
0.0060728623
0.0060687175
0.006065672
0.0060633496
0.0060614865
0.006059918
0.0060585264
0.0060572531
0.0060560529
0.0060549181
0.0060538416
0.0060528487
0.0060519537
0.0060512127
0.0060506741
0.0060504234
0.0060505498
0.0060512109
0.0060525573
0.0060548989
0.0060585376
0.0060640964
0.0060721529
0.0060839827
0.0060982531
0.0067791302
0.0067791135
0.0067790515
0.006778917
0.0067787016
0.0067784002
0.0067780063
0.0067775067
0.0067768963
0.0067761597
0.0067752912
0.0067742744
0.0067730959
0.0067717399
0.0067701935
0.0067684365
0.0067664469
0.0067642085
0.0067616924
0.0067588771
0.0067557323
0.0067522287
0.0067483335
0.0067440092
0.006739218
0.0067339153
0.006728053
0.0067215827
0.006714446
0.0067065838
0.0066979286
0.0066884092
0.0066779465
0.0066664548
0.0066538421
0.0066400082
0.0066248427
0.0066082288
0.0065900401
0.0065701364
0.0065483688
0.0065245778
0.0064985913
0.0064702243
0.0064392781
0.0064055428
0.0063687934
0.0063287912
0.0062852848
0.0062380111
0.0061866962
0.0061310538
0.0060707922
0.0060056162
0.0059352328
0.0058593553
0.0057777135
0.0056900656
0.0055962153
0.0054960314
0.0053894757
0.0052766427
0.0051578139
0.0050335253
0.0049046653
0.0047726065
0.0046393754
0.004507875
0.0043821463
0.0042676455
0.0041714492
0.004102218
0.0040696478
0.0040831136
0.0041494364
0.0042702788
0.0044403543
0.0046476816
0.0048761241
0.0051090301
0.0053322541
0.0055355447
0.0057124196
0.0058593214
0.0059748132
0.0060591839
0.0061144238
0.0061442824
0.0061540852
0.006150111
0.0061385873
0.0061246264
0.0061115514
0.0061008716
0.0060927985
0.0060869039
0.0060826007
0.0060793801
0.006076867
0.0060747981
0.0060730089
0.0060713794
0.0060698508
0.0060683748
0.0060669429
0.0060655455
0.0060642068
0.0060629384
0.006061795
0.0060608227
0.0060601051
0.0060597287
0.0060598492
0.0060606145
0.006062332
0.0060652946
0.0060701213
0.0060773932
0.0060883772
0.0061017181
0.0067925122
0.0067924965
0.0067924112
0.006792254
0.006792021
0.0067917007
0.006791287
0.0067907715
0.0067901433
0.0067893949
0.0067885116
0.0067874818
0.0067862908
0.0067849279
0.0067833725
0.0067816069
0.0067796131
0.0067773697
0.0067748543
0.006772037
0.0067688954
0.0067653968
0.006761508
0.0067571928
0.0067524129
0.0067471232
0.0067412783
0.0067348272
0.0067277133
0.0067198755
0.0067112482
0.0067017594
0.0066913297
0.0066798745
0.006667301
0.0066535076
0.0066383855
0.0066218172
0.0066036741
0.0065838166
0.0065620971
0.0065383531
0.0065124119
0.0064840873
0.0064531791
0.0064194759
0.0063827501
0.0063427608
0.006299254
0.0062519631
0.0062006093
0.0061449019
0.0060845442
0.0060192349
0.0059486729
0.0058725642
0.0057906301
0.0057026196
0.005608327
0.0055076128
0.005400431
0.0052868748
0.0051672305
0.0050420519
0.0049122655
0.0047793129
0.0046453346
0.0045134097
0.0043878351
0.004274407
0.0041806068
0.0041154837
0.0040889448
0.0041101648
0.0041851575
0.0043142067
0.0044904795
0.0047009146
0.004929214
0.0051594408
0.0053785774
0.0055773822
0.0057499678
0.0058929541
0.0060048423
0.0060858232
0.0061378779
0.0061648561
0.0061722354
0.006166415
0.0061536455
0.006138949
0.0061254846
0.0061145945
0.0061063731
0.0061003359
0.0060958766
0.0060924848
0.0060897867
0.0060875184
0.0060855162
0.0060836574
0.0060818828
0.0060801416
0.0060784243
0.0060767189
0.0060750488
0.006073423
0.0060718951
0.006070509
0.0060693467
0.0060684927
0.0060681008
0.006068317
0.0060694466
0.0060717752
0.0060759188
0.0060824622
0.0060926665
0.0061051588
0.0067971638
0.0067971445
0.0067970613
0.0067969075
0.0067966749
0.006796359
0.0067959517
0.0067954428
0.0067948239
0.0067940847
0.0067932112
0.006792195
0.006791021
0.0067896735
0.0067881369
0.0067863923
0.0067844228
0.0067822057
0.006779717
0.0067769334
0.0067738265
0.0067703658
0.0067665188
0.0067622496
0.0067575187
0.0067522825
0.0067464957
0.0067401068
0.0067330599
0.0067252942
0.0067167443
0.0067073378
0.0066969959
0.0066856335
0.0066731575
0.0066594686
0.0066444571
0.0066280042
0.0066099805
0.0065902477
0.006568657
0.0065450454
0.0065192391
0.0064910499
0.0064602768
0.006426706
0.0063901076
0.0063502379
0.0063068383
0.0062596383
0.0062083534
0.0061526872
0.0060923366
0.0060269906
0.0059563378
0.0058800732
0.0057979063
0.0057095734
0.005614855
0.0055135977
0.0054057456
0.005291387
0.0051708103
0.0050445883
0.004913691
0.0047796407
0.0046447138
0.0045121983
0.0043866914
0.0042743859
0.0041832204
0.0041226596
0.0041027832
0.0041324399
0.0042166439
0.0043541397
0.0045365418
0.0047498868
0.0049779679
0.0052057253
0.0054212609
0.0056162062
0.0057851081
0.0059246595
0.006033277
0.0061110877
0.0061601161
0.0061843503
0.0061894343
0.0061818833
0.0061679621
0.0061525961
0.0061387812
0.0061276995
0.0061193376
0.0061131622
0.0061085514
0.0061049939
0.0061021173
0.0060996571
0.0060974502
0.0060953712
0.0060933608
0.0060913654
0.006089375
0.0060873752
0.0060853885
0.0060834219
0.0060815277
0.0060797482
0.0060781639
0.0060768577
0.0060759818
0.0060756809
0.0060762584
0.0060779936
0.0060815022
0.0060873712
0.0060968591
0.0061085788
0.0068013745
0.0068013563
0.0068012729
0.0068011199
0.0068008913
0.0068005796
0.0068001758
0.0067996717
0.0067990602
0.0067983271
0.006797465
0.0067964589
0.0067952953
0.0067939617
0.0067924396
0.006790713
0.0067887613
0.0067865648
0.0067840989
0.006781341
0.0067782606
0.0067748298
0.0067710153
0.0067667812
0.006762087
0.0067568921
0.0067511492
0.0067448065
0.0067378095
0.0067300974
0.0067216031
0.0067122558
0.0067019767
0.0066906792
0.0066782723
0.0066646545
0.0066497163
0.0066333387
0.0066153917
0.0065957363
0.0065742221
0.0065506851
0.0065249499
0.0064968271
0.0064661135
0.0064325912
0.0063960284
0.0063561772
0.0063127741
0.0062655431
0.0062141935
0.0061584219
0.0060979146
0.0060323514
0.0059614097
0.0058847702
0.0058021289
0.0057132072
0.00561777
0.005515649
0.0054067776
0.0052912385
0.005169327
0.0050416408
0.004909205
0.0047736429
0.0046373974
0.0045040093
0.0043784334
0.0042673236
0.0041791314
0.0041237464
0.0041113477
0.0041502782
0.0042443195
0.004390521
0.0045789872
0.0047950801
0.0050229388
0.0052485009
0.0054609309
0.0056525815
0.0058182911
0.005954759
0.0060603244
0.0061351018
0.0061812113
0.0062028085
0.0062057072
0.0061965301
0.0061815445
0.0061655718
0.0061514444
0.0061401904
0.0061316973
0.0061253901
0.0061206336
0.006116917
0.0061138693
0.0061112252
0.0061088225
0.0061065329
0.0061042973
0.0061020591
0.0060998083
0.0060975278
0.0060952399
0.0060929493
0.0060907076
0.0060885555
0.006086572
0.0060848391
0.0060835076
0.0060827212
0.0060827822
0.0060839634
0.0060868837
0.0060921304
0.0061009621
0.0061119809
0.0068051403
0.0068051212
0.0068050392
0.0068048872
0.0068046606
0.00680435
0.0068039498
0.0068034511
0.0068028425
0.006802117
0.0068012597
0.0068002609
0.0067991071
0.0067977828
0.0067962718
0.0067945567
0.0067926191
0.0067904366
0.0067879879
0.0067852463
0.0067821852
0.0067787749
0.0067749819
0.0067707708
0.006766102
0.0067609341
0.006755219
0.0067489064
0.0067419404
0.0067342604
0.0067257996
0.0067164868
0.006706243
0.006694982
0.0066826109
0.0066690282
0.0066541237
0.0066377775
0.0066198593
0.006600229
0.0065787337
0.0065552084
0.0065294748
0.0065013418
0.006470604
0.0064370383
0.0064004085
0.0063604631
0.0063169336
0.0062695358
0.0062179711
0.0061619271
0.006101079
0.0060350957
0.0059636403
0.0058863782
0.0058029897
0.0057131782
0.005616691
0.0055133448
0.0054030619
0.0052859213
0.0051622289
0.0050326175
0.0048981854
0.0047606816
0.0046227546
0.0044882532
0.0043625597
0.004252862
0.0041681756
0.0041188044
0.0041149049
0.0041640801
0.0042686203
0.0044237564
0.0046181968
0.0048369048
0.0050646045
0.0052882952
0.0054981046
0.0056869491
0.0058498465
0.0059834695
0.0060861145
0.006157941
0.00620121
0.0062202623
0.0062210772
0.006210372
0.006194405
0.0061778856
0.0061634824
0.0061520754
0.0061434613
0.0061370294
0.0061321341
0.0061282656
0.0061250549
0.0061222354
0.006119646
0.0061171558
0.0061147058
0.0061122367
0.0061097383
0.0061071914
0.0061046178
0.0061020203
0.0060994499
0.0060969459
0.0060945863
0.0060924521
0.006090693
0.0060894527
0.006089031
0.0060896985
0.0060920745
0.0060967489
0.0061049822
0.0061153677
0.0068084344
0.0068084157
0.0068083337
0.006808183
0.006807957
0.0068076491
0.00680725
0.0068067535
0.0068061488
0.0068054253
0.0068045735
0.0068035792
0.0068024305
0.006801111
0.0067996064
0.0067978985
0.0067959682
0.0067937944
0.0067913537
0.0067886214
0.0067855704
0.0067821696
0.0067783878
0.0067741883
0.0067695319
0.0067643751
0.0067586716
0.0067523706
0.0067454152
0.0067377455
0.0067292943
0.0067199894
0.0067097515
0.0066984939
0.0066861227
0.0066725359
0.0066576221
0.0066412601
0.0066233185
0.006603655
0.0065821156
0.0065585327
0.0065327249
0.0065044976
0.0064736414
0.0064399304
0.0064031223
0.006362959
0.0063191656
0.0062714493
0.0062195017
0.0061629996
0.0061016069
0.0060349769
0.0059627573
0.0058845966
0.0058001555
0.0057091186
0.0056112135
0.0055062405
0.005394112
0.0052749065
0.0051489472
0.0050169154
0.0048800036
0.0047401224
0.0046001741
0.0044643833
0.0043386408
0.0042307474
0.0041503245
0.0041080425
0.0041138542
0.0041743311
0.004290007
0.0044542337
0.0046545213
0.0048757411
0.005103405
0.0053255762
0.0055332132
0.0057196515
0.005880009
0.0060109323
0.0061107252
0.0061796501
0.006220144
0.0062367388
0.0062355678
0.006223429
0.0062065599
0.0061895511
0.0061749072
0.006163366
0.0061546414
0.0061480925
0.0061430658
0.0061390533
0.0061356878
0.0061327016
0.0061299351
0.0061272544
0.0061246009
0.0061219129
0.00611918
0.006116381
0.0061135373
0.0061106502
0.0061077699
0.0061049349
0.0061022221
0.0060997118
0.006097553
0.0060958894
0.0060950189
0.006095211
0.0060970855
0.0061012356
0.0061089251
0.0061187416
0.0068112477
0.0068112295
0.0068111469
0.0068109968
0.0068107706
0.0068104624
0.0068100654
0.0068095693
0.0068089653
0.0068082437
0.0068073924
0.0068063998
0.0068052515
0.0068039345
0.0068024317
0.0068007254
0.0067987962
0.0067966232
0.0067941841
0.0067914528
0.0067884015
0.006785001
0.0067812181
0.0067770166
0.0067723572
0.0067671964
0.0067614869
0.0067551773
0.0067482119
0.0067405288
0.0067320606
0.0067227351
0.0067124711
0.0067011814
0.0066887718
0.0066751387
0.0066601687
0.0066437396
0.0066257182
0.0066059593
0.0065843067
0.0065605899
0.0065346247
0.0065062115
0.0064751356
0.0064411673
0.006404057
0.0063635391
0.0063193304
0.0062711285
0.0062186133
0.0061614484
0.0060992835
0.0060317558
0.005958494
0.0058791269
0.0057932937
0.0057006572
0.005600925
0.0054938813
0.0053794283
0.0052576488
0.0051288955
0.0049939151
0.0048540214
0.0047113307
0.0045690625
0.0044318974
0.0043063271
0.0042008463
0.0041257035
0.0040918341
0.0041087323
0.0041815967
0.004308963
0.0044823351
0.0046883055
0.0049119669
0.0051397631
0.0053607659
0.0055666176
0.0057509513
0.0059089402
0.0060372328
0.0061341994
0.0062002565
0.0062380391
0.0062522644
0.0062492045
0.0062357239
0.0062180293
0.0062005855
0.0061857339
0.0061740764
0.0061652514
0.0061585938
0.0061534434
0.0061492948
0.0061457831
0.0061426392
0.0061397051
0.0061368442
0.0061339984
0.0061311035
0.0061281492
0.0061251125
0.0061220144
0.0061188549
0.0061156837
0.0061125382
0.0061094947
0.0061066332
0.0061041019
0.0061020455
0.0061007594
0.0061005127
0.0061019267
0.0061055985
0.0061127967
0.0061221048
0.0068135787
0.006813559
0.0068134772
0.0068133257
0.0068130998
0.0068127917
0.0068123935
0.0068118963
0.0068112914
0.0068105683
0.0068097155
0.0068087206
0.0068075707
0.0068062506
0.0068047441
0.0068030334
0.006801099
0.0067989205
0.0067964743
0.0067937345
0.0067906739
0.006787262
0.0067834657
0.0067792483
0.0067745704
0.0067693879
0.0067636535
0.0067573151
0.0067503162
0.0067425941
0.0067340809
0.0067247031
0.0067143788
0.0067030198
0.0066905303
0.0066768048
0.0066617281
0.0066451763
0.0066270138
0.0066070922
0.0065852518
0.0065613186
0.0065351044
0.0065064046
0.0064749988
0.0064406499
0.0064031011
0.0063620781
0.0063172872
0.0062684146
0.0062151268
0.0061570723
0.0060938832
0.006025178
0.0059505645
0.0058696486
0.0057820457
0.0056873948
0.0055853821
0.0054757752
0.0053584701
0.0052335618
0.005101445
0.0049629557
0.0048195673
0.0046736555
0.0045288341
0.0043903374
0.0042653604
0.0041631658
0.0040946133
0.0040707297
0.0041002119
0.0041865133
0.0043259919
0.004508449
0.0047199077
0.0049459712
0.0051740889
0.005394241
0.0055986104
0.0057810378
0.0059367414
0.0060624162
0.0061565585
0.0062197795
0.0062549196
0.006266867
0.0062620152
0.0062472824
0.0062288356
0.0062110082
0.0061959796
0.0061842226
0.0061753072
0.0061685491
0.0061632829
0.0061590065
0.0061553571
0.0061520645
0.0061489725
0.0061459416
0.0061429147
0.006139825
0.0061366626
0.0061334024
0.0061300654
0.0061266507
0.0061232071
0.0061197716
0.0061164198
0.0061132315
0.0061103543
0.0061079355
0.0061062648
0.0061056149
0.0061066079
0.0061098455
0.0061166021
0.0061254592
0.0068154445
0.006815425
0.006815342
0.0068151901
0.0068149627
0.0068146526
0.0068142522
0.0068137526
0.0068131444
0.0068124171
0.0068115596
0.0068105594
0.0068094027
0.0068080748
0.0068065593
0.0068048385
0.0068028925
0.0068007001
0.006798238
0.0067954804
0.0067923992
0.0067889637
0.0067851403
0.0067808921
0.0067761789
0.0067709565
0.0067651768
0.006758787
0.0067517293
0.0067439406
0.0067353521
0.0067258882
0.0067154665
0.0067039973
0.0066913821
0.0066775139
0.0066622759
0.0066455406
0.0066271692
0.0066070107
0.0065849008
0.0065606609
0.0065340973
0.0065049999
0.0064731413
0.0064382757
0.0064001381
0.006358443
0.0063128844
0.0062631351
0.0062088463
0.0061496489
0.0060851549
0.0060149601
0.005938649
0.0058558024
0.0057660085
0.005668881
0.0055640837
0.0054513687
0.0053306311
0.0052019891
0.0050658982
0.0049233145
0.004775919
0.0046264177
0.0044789121
0.0043393027
0.0042155991
0.0041178871
0.0040575615
0.0040454714
0.0040890956
0.0041897721
0.0043416086
0.0045329732
0.0047497042
0.0049781491
0.0052067675
0.0054263233
0.0056294164
0.0058100383
0.0059634684
0.0060865014
0.0061778132
0.0062382365
0.0062708115
0.006280577
0.0062740298
0.006258132
0.0062390032
0.0062208405
0.0062056632
0.0061938221
0.0061848261
0.0061779755
0.0061726015
0.0061682054
0.0061644269
0.0061609948
0.0061577545
0.006154564
0.006151367
0.0061480945
0.006144737
0.0061412677
0.0061377072
0.0061340542
0.0061303566
0.0061266511
0.0061230128
0.0061195214
0.0061163259
0.0061135722
0.0061115476
0.0061105288
0.0061111385
0.006113984
0.0061203462
0.0061288067
0.0068168394
0.0068168195
0.0068167355
0.006816582
0.0068163523
0.0068160393
0.0068156352
0.0068151309
0.0068145171
0.0068137831
0.0068129175
0.0068119079
0.0068107403
0.0068093996
0.0068078695
0.0068061317
0.0068041664
0.006801952
0.0067994646
0.0067966784
0.0067935648
0.0067900926
0.0067862277
0.0067819326
0.0067771663
0.0067718842
0.006766037
0.0067595711
0.0067524278
0.0067445427
0.0067358454
0.0067262593
0.0067156999
0.0067040755
0.0066912857
0.0066772207
0.0066617607
0.0066447752
0.0066261216
0.0066056446
0.006583175
0.0065585287
0.0065315055
0.0065018882
0.0064694409
0.0064339086
0.0063950149
0.0063524623
0.0063059304
0.0062550757
0.0061995316
0.0061389083
0.006072795
0.0060007624
0.0059223677
0.0058371631
0.0057447078
0.0056445881
0.0055364457
0.0054200206
0.0052952147
0.0051621837
0.0050214697
0.0048741902
0.0047222962
0.0045689113
0.0044187403
0.0042784794
0.0041570611
0.0040654114
0.0040152957
0.0040170008
0.0040762998
0.0041921007
0.0043563349
0.0045563172
0.0047780832
0.0050088862
0.0052381437
0.005457273
0.0056591947
0.0058380272
0.0059891427
0.0061094907
0.00619797
0.0062556467
0.006285744
0.0062934268
0.0062852801
0.0062683018
0.0062485582
0.0062301049
0.0062148049
0.0062028938
0.0061938261
0.0061868911
0.0061814173
0.0061769097
0.0061730107
0.0061694481
0.0061660689
0.0061627292
0.006159373
0.0061559298
0.00615239
0.0061487257
0.0061449567
0.0061410821
0.0061371486
0.0061331927
0.0061292892
0.0061255187
0.0061220312
0.0061189682
0.0061166198
0.0061152649
0.0061155277
0.0061180211
0.0061240338
0.0061321491
0.0068177596
0.0068177389
0.0068176537
0.0068174979
0.006817265
0.0068169478
0.0068165382
0.0068160272
0.0068154051
0.0068146614
0.0068137843
0.006812761
0.0068115776
0.0068102188
0.0068086676
0.0068069058
0.0068049131
0.0068026676
0.006800145
0.0067973188
0.0067941601
0.006790637
0.0067867147
0.006782355
0.0067775162
0.0067721526
0.0067662139
0.0067596453
0.0067523868
0.0067443726
0.0067355305
0.006725782
0.0067150406
0.0067032121
0.0066901934
0.0066758715
0.0066601233
0.0066428142
0.0066237971
0.0066029116
0.0065799826
0.0065548194
0.0065272141
0.0064969409
0.0064637541
0.0064273871
0.0063875511
0.0063439336
0.0062961979
0.0062439816
0.0061868969
0.0061245304
0.0060564451
0.0059821831
0.0059012708
0.0058132288
0.005717585
0.0056138972
0.0055017861
0.0053809852
0.0052514146
0.0051132882
0.0049672698
0.0048146926
0.0046578576
0.0045004171
0.0043478161
0.0042076899
0.0040899854
0.004006418
0.0039688361
0.0039864544
0.0040628271
0.0041942366
0.0043706842
0.004578891
0.0048054285
0.0050385372
0.0052685039
0.005487281
0.0056880436
0.0058650355
0.006013763
0.0061313796
0.0062170374
0.0062720336
0.0062997496
0.0063054512
0.0062957993
0.0062778221
0.006257527
0.0062388246
0.0062234254
0.0062114573
0.0062023266
0.0061953149
0.0061897489
0.006185138
0.006181127
0.0061774429
0.0061739342
0.0061704554
0.0061669508
0.0061633487
0.0061596391
0.0061557939
0.0061518311
0.0061477515
0.0061435996
0.0061394124
0.0061352645
0.0061312402
0.0061274822
0.0061241364
0.0061214932
0.0061198337
0.0061197842
0.0061219635
0.0061276695
0.0061354881
0.0068181893
0.006818168
0.0068180809
0.0068179221
0.006817685
0.0068173621
0.0068169452
0.0068164252
0.0068157922
0.0068150354
0.0068141428
0.0068131015
0.0068118971
0.0068105141
0.0068089351
0.0068071416
0.0068051129
0.0068028264
0.0068002574
0.0067973789
0.0067941612
0.0067905716
0.0067865747
0.0067821312
0.0067771984
0.0067717296
0.006765673
0.0067589725
0.0067515663
0.006743387
0.0067343604
0.0067244054
0.0067134332
0.0067013465
0.0066880389
0.0066733939
0.006657284
0.0066395698
0.006620099
0.0065987048
0.0065752054
0.0065494019
0.0065210776
0.0064899964
0.0064559009
0.0064185113
0.0063775236
0.0063326083
0.0062834092
0.0062295423
0.0061705951
0.0061061273
0.0060356718
0.0059587383
0.0058748191
0.0057833995
0.0056839744
0.0055760731
0.0054592987
0.0053333865
0.0051982913
0.0050543149
0.0049022897
0.0047438366
0.0045817102
0.0044202291
0.0042657398
0.0041269629
0.0040149106
0.0039419259
0.0039194952
0.0039551394
0.0040497237
0.0041968971
0.0043851466
0.0046010879
0.0048320935
0.0050674023
0.0052980643
0.0055164706
0.0057160093
0.0058910637
0.0060373158
0.0061521634
0.0062350279
0.0062874254
0.0063128638
0.0063166865
0.0063056213
0.0062867235
0.0062659368
0.0062470234
0.0062315462
0.0062195326
0.0062103471
0.0062032662
0.0061976158
0.0061929096
0.0061887948
0.006184998
0.006181369
0.0061777614
0.0061741187
0.0061703696
0.0061665023
0.0061624898
0.0061583476
0.006154079
0.0061497259
0.0061453262
0.0061409571
0.0061366974
0.0061326925
0.0061290894
0.006126179
0.0061242452
0.0061239162
0.0061258179
0.0061312573
0.0061388254
0.0068181187
0.0068180965
0.0068180071
0.0068178445
0.006817602
0.0068172718
0.0068168457
0.0068163141
0.0068156671
0.0068148936
0.0068139813
0.0068129169
0.0068116858
0.006810272
0.0068086578
0.006806824
0.0068047496
0.0068024111
0.0067997835
0.0067968389
0.0067935467
0.0067898736
0.0067857829
0.0067812343
0.0067761839
0.0067705833
0.0067643795
0.0067575145
0.0067499247
0.0067415402
0.0067322846
0.0067220739
0.0067108162
0.0066984109
0.0066847474
0.0066697049
0.0066531508
0.0066349402
0.0066149141
0.0065928986
0.0065687036
0.0065421209
0.006512923
0.0064808618
0.0064456662
0.0064070407
0.0063646639
0.0063181861
0.0062672289
0.0062113827
0.0061502071
0.0060832305
0.0060099519
0.0059298444
0.0058423623
0.0057469534
0.0056430776
0.0055302375
0.0054080244
0.005276189
0.0051347453
0.0049841232
0.0048253879
0.0046605435
0.0044929306
0.0043277032
0.0041722911
0.0040366313
0.0039327682
0.0038733488
0.003868872
0.0039244809
0.0040380226
0.0042007424
0.0044001636
0.004623258
0.0048583738
0.0050957075
0.0053269667
0.0055449034
0.005743097
0.005916092
0.0060597834
0.0061718411
0.0062519608
0.0063018552
0.0063251247
0.0063271696
0.0063147804
0.0062950369
0.0062738149
0.0062547251
0.0062391888
0.0062271404
0.0062179077
0.0062107648
0.0062050374
0.0062002439
0.0061960332
0.0061921327
0.0061883921
0.0061846657
0.006180895
0.0061770106
0.0061729972
0.0061688311
0.0061645234
0.0061600813
0.0061555445
0.0061509523
0.0061463786
0.0061419044
0.0061376751
0.0061338393
0.0061306883
0.0061285089
0.0061279319
0.0061295903
0.0061348015
0.0061421625
0.0068175245
0.0068175012
0.006817409
0.0068172418
0.0068169925
0.0068166533
0.0068162155
0.0068156697
0.0068150052
0.0068142109
0.0068132743
0.0068121812
0.0068109169
0.0068094649
0.0068078071
0.0068059235
0.0068037924
0.0068013901
0.0067986902
0.0067956641
0.0067922802
0.0067885043
0.0067842983
0.0067796207
0.006774426
0.0067686641
0.0067622802
0.0067552143
0.0067474001
0.0067387653
0.0067292307
0.0067187088
0.0067071042
0.0066943119
0.0066802167
0.0066646926
0.0066476011
0.0066287904
0.0066080939
0.0065853291
0.0065602962
0.0065327758
0.0065025283
0.0064692909
0.0064327767
0.0063926718
0.0063486343
0.0063002914
0.0062472384
0.0061890367
0.0061252134
0.0060552614
0.0059786411
0.0058947849
0.0058031057
0.0057030111
0.0055939262
0.0054753307
0.0053468148
0.0052081644
0.0050594875
0.0049013993
0.0047352846
0.0045636563
0.0043906107
0.0042223385
0.0040675432
0.0039374583
0.0038449831
0.0038025272
0.0038188064
0.0038959401
0.0040286763
0.0042063352
0.0044160972
0.0046456772
0.0048844842
0.0051235961
0.0053552802
0.0055725885
0.0057692827
0.0059400902
0.006081149
0.006190418
0.0062678612
0.0063153601
0.0063365717
0.006336938
0.0063233106
0.006302793
0.006281188
0.0062619534
0.0062463752
0.0062343011
0.0062250287
0.0062178306
0.0062120334
0.0062071606
0.0062028616
0.006198866
0.0061950223
0.0061911871
0.0061872981
0.0061832897
0.0061791417
0.006174835
0.0061703752
0.006165777
0.0061610725
0.0061563033
0.0061515435
0.0061468749
0.0061424431
0.006138398
0.0061350317
0.0061326341
0.006131839
0.0061332868
0.0061383059
0.0061455008
0.006816365
0.0068163403
0.0068162448
0.0068160719
0.0068158143
0.0068154641
0.0068150123
0.0068144489
0.0068137634
0.0068129437
0.0068119772
0.0068108493
0.0068095446
0.0068080462
0.0068063354
0.0068043912
0.0068021914
0.0067997113
0.0067969237
0.0067937989
0.0067903041
0.0067864036
0.0067820581
0.0067772245
0.0067718553
0.0067658986
0.0067592973
0.0067519889
0.0067439044
0.0067349684
0.0067250978
0.0067142017
0.00670218
0.006688923
0.0066743099
0.0066582082
0.0066404726
0.0066209432
0.0065994445
0.0065757838
0.0065497497
0.00652111
0.0064896103
0.0064549712
0.0064168866
0.0063750219
0.0063290107
0.0062784534
0.006222915
0.0061619234
0.0060949686
0.0060215029
0.0059409434
0.0058526777
0.0057560738
0.0056504977
0.0055353422
0.0054100717
0.0052742919
0.005127854
0.0049710106
0.0048046413
0.0046305686
0.0044519797
0.0042739382
0.0041039015
0.0039520181
0.0038307863
0.0037535589
0.0037317107
0.0037712802
0.0038709038
0.0040224837
0.0042141006
0.0044332027
0.0046685248
0.0049105459
0.0051511306
0.0053830123
0.005599497
0.0057945248
0.005963026
0.006101402
0.0062079073
0.0062827603
0.00632798
0.006347245
0.006346029
0.0063312459
0.0063100223
0.0062880828
0.0062687318
0.0062531268
0.0062410355
0.0062317304
0.0062244835
0.0062186235
0.0062136791
0.0062092991
0.0062052171
0.0062012784
0.006197344
0.0061933461
0.0061892248
0.0061849531
0.0061805188
0.0061759234
0.0061711807
0.0061663234
0.0061613938
0.006156466
0.0061516223
0.0061470087
0.0061427767
0.0061392193
0.0061366296
0.0061356448
0.0061369129
0.0061417742
0.0061488419
0.0068145928
0.0068145667
0.006814467
0.0068142873
0.0068140199
0.0068136563
0.0068131876
0.0068126033
0.0068118922
0.0068110421
0.0068100395
0.0068088698
0.0068075167
0.0068059624
0.0068041875
0.0068021706
0.0067998882
0.0067973146
0.0067944216
0.0067911783
0.0067875503
0.0067835003
0.0067789876
0.006773967
0.0067683889
0.0067621989
0.0067553375
0.0067477388
0.006739331
0.0067300348
0.006719763
0.0067084198
0.0066959004
0.0066820888
0.0066668578
0.0066500677
0.0066315644
0.006611179
0.0065887253
0.0065639986
0.0065367738
0.0065068036
0.0064738162
0.0064375126
0.0063975648
0.0063536133
0.0063052635
0.0062520847
0.0061936069
0.0061293191
0.0060586692
0.0059810637
0.0058958714
0.0058024308
0.0057000627
0.0055880923
0.0054658853
0.005332905
0.0051887982
0.0050335268
0.0048675607
0.0046921543
0.0045097278
0.0043243574
0.0041423297
0.0039726095
0.0038268874
0.0037186899
0.0036611135
0.0036634621
0.0037282607
0.0038505578
0.0040200207
0.0042242891
0.004451602
0.0046918704
0.0049365892
0.0051783021
0.0054101231
0.0056255747
0.0058187748
0.0059848713
0.0061205405
0.00622433
0.0062966945
0.0063397571
0.0063571853
0.0063544795
0.0063386194
0.0063167545
0.0062945251
0.0062750833
0.0062594653
0.006247364
0.0062380331
0.0062307434
0.0062248273
0.0062198189
0.0062153648
0.0062112048
0.0062071789
0.0062031547
0.006199057
0.0061948329
0.006190452
0.0061859005
0.0061811812
0.0061763075
0.0061713125
0.0061662385
0.0061611598
0.0061561595
0.0061513841
0.0061469865
0.006143261
0.0061405041
0.0061393564
0.006140474
0.0061452098
0.0061521871
0.0068121466
0.0068121187
0.0068120142
0.0068118263
0.0068115471
0.0068111677
0.0068106785
0.0068100689
0.0068093272
0.0068084407
0.0068073952
0.0068061752
0.0068047641
0.006803143
0.0068012916
0.0067991876
0.0067968066
0.0067941214
0.0067911024
0.0067877174
0.0067839304
0.0067797022
0.0067749898
0.006769746
0.0067639187
0.0067574507
0.0067502789
0.0067423346
0.0067335415
0.0067238162
0.0067130666
0.0067011914
0.0066880795
0.0066736081
0.0066576422
0.0066400333
0.0066206176
0.0065992149
0.0065756265
0.0065496337
0.0065209953
0.0064894462
0.0064546939
0.0064164165
0.0063742603
0.0063278366
0.0062767186
0.0062204387
0.0061584867
0.0060903075
0.0060153004
0.0059328209
0.0058421846
0.0057426775
0.0056335722
0.0055141572
0.0053837827
0.005241933
0.0050883375
0.0049231354
0.0047471182
0.0045620695
0.0043712219
0.0041798123
0.0039956411
0.0038293855
0.0036942053
0.0036040915
0.0035708173
0.0036004643
0.0036915005
0.0038357643
0.0040215881
0.004236959
0.0044712779
0.0047156755
0.0049625641
0.0052050466
0.0054365408
0.0056507551
0.0058419849
0.0060056053
0.0061385711
0.0062397142
0.006309704
0.006350735
0.0063664327
0.0063623258
0.0063454635
0.0063230187
0.0063005401
0.0062810306
0.0062654113
0.0062533066
0.0062439569
0.0062366296
0.0062306646
0.0062255987
0.0062210774
0.0062168476
0.006212742
0.0062086366
0.006204451
0.0062001329
0.0061956523
0.0061909952
0.0061861641
0.0061811729
0.0061760543
0.0061708513
0.0061656382
0.0061604989
0.0061555806
0.0061510378
0.0061471661
0.0061442654
0.0061429802
0.0061439751
0.0061486161
0.0061555377
0.0068089161
0.0068088859
0.0068087756
0.0068085778
0.0068082845
0.0068078861
0.0068073727
0.0068067331
0.0068059549
0.0068050248
0.006803928
0.0068026483
0.0068011677
0.006799467
0.0067975245
0.0067953167
0.006792818
0.0067899998
0.0067868308
0.006783277
0.0067793006
0.0067748601
0.0067699102
0.0067644006
0.0067582766
0.0067514775
0.0067439369
0.0067355811
0.0067263298
0.0067160941
0.0067047763
0.0066922686
0.0066784523
0.0066631966
0.0066463574
0.0066277756
0.0066072758
0.0065846645
0.0065597284
0.0065322319
0.0065019151
0.0064684916
0.0064316448
0.006391026
0.006346251
0.0062968971
0.0062424996
0.0061825489
0.0061164878
0.0060437109
0.0059635631
0.0058753427
0.0057783083
0.0056716909
0.0055547179
0.0054266499
0.0052868424
0.0051348384
0.0049705121
0.0047942797
0.0046074035
0.0044124105
0.0042136278
0.0040177812
0.0038344762
0.0036761781
0.0035571256
0.0034907666
0.0034861819
0.0035452306
0.0036623247
0.0038269656
0.0040271856
0.0042519699
0.004492082
0.0047398142
0.0049883599
0.0052312622
0.0054621749
0.0056749675
0.0058641122
0.0060252156
0.0061555083
0.0062540927
0.0063218316
0.0063609578
0.0063750262
0.0063696032
0.0063518091
0.0063288428
0.006306152
0.0062865966
0.0062709846
0.0062588832
0.0062495213
0.0062421615
0.0062361554
0.0062310361
0.0062264553
0.0062221638
0.006217988
0.006213808
0.0062095431
0.0062051406
0.0062005704
0.0061958186
0.0061908877
0.0061857916
0.0061805632
0.0061752457
0.0061699139
0.0061646526
0.0061596094
0.0061549406
0.0061509435
0.0061479213
0.0061465228
0.0061474212
0.0061519962
0.006158895
0.006804795
0.0068047625
0.0068046451
0.0068044358
0.0068041255
0.0068037045
0.0068031621
0.0068024865
0.0068016649
0.0068006827
0.0067995246
0.0067981733
0.0067966101
0.0067948141
0.0067927629
0.0067904315
0.0067877921
0.0067848151
0.0067814672
0.0067777119
0.0067735096
0.0067688157
0.0067635822
0.0067577559
0.0067512779
0.006744084
0.0067361032
0.0067272572
0.0067174596
0.0067066156
0.0066946206
0.0066813589
0.0066667032
0.0066505129
0.0066326328
0.0066128917
0.0065911002
0.0065670492
0.0065405076
0.0065112203
0.006478905
0.0064432498
0.0064039099
0.006360505
0.0063126153
0.006259778
0.0062014843
0.0061371758
0.0060662421
0.0059880199
0.0059017936
0.0058067994
0.0057022354
0.0055872798
0.0054611221
0.0053230144
0.0051723516
0.0050087963
0.0048324636
0.0046441936
0.0044459331
0.0042412429
0.0040359018
0.0038384846
0.0036606067
0.003516307
0.003420015
0.0033831503
0.0034106801
0.003499764
0.0036414557
0.0038241418
0.0040365246
0.0042690116
0.0045137603
0.0047640933
0.0050138242
0.0052568249
0.0054869273
0.0056981437
0.0058851219
0.0060436992
0.0061713742
0.0062675033
0.0063331232
0.0063704698
0.0063830021
0.0063763449
0.0063576855
0.0063342543
0.0063113838
0.006291803
0.0062762046
0.0062641128
0.0062547456
0.0062473577
0.0062413167
0.0062361521
0.0062315188
0.0062271699
0.0062229321
0.0062186856
0.0062143498
0.006209872
0.0062052221
0.0062003863
0.0061953668
0.0061901779
0.0061848527
0.0061794348
0.0061739993
0.0061686318
0.006163481
0.0061587046
0.0061546017
0.0061514792
0.0061499901
0.0061508167
0.0061553531
0.0061622602
0.0067996484
0.0067996126
0.0067994869
0.0067992639
0.0067989331
0.006798485
0.0067979078
0.0067971892
0.006796315
0.0067952705
0.0067940387
0.0067926016
0.0067909391
0.006789029
0.0067868472
0.0067843668
0.0067815592
0.0067783914
0.0067748287
0.0067708318
0.006766358
0.0067613604
0.0067557868
0.0067495805
0.0067426781
0.0067350109
0.0067265023
0.0067170683
0.0067066158
0.0066950427
0.0066822359
0.0066680704
0.0066524086
0.0066350983
0.006615971
0.0065948407
0.0065715017
0.006545726
0.0065172615
0.0064858296
0.0064511212
0.0064127948
0.0063704719
0.0063237347
0.0062721215
0.006215123
0.0061521788
0.0060826743
0.0060059384
0.0059212433
0.0058278066
0.005724799
0.0056113588
0.0054866181
0.0053497469
0.0052000228
0.0050369396
0.004860374
0.0046708294
0.0044697853
0.0042601728
0.004046968
0.0038378184
0.0036434621
0.0034774731
0.0033547245
0.003288319
0.0032858736
0.0033472358
0.0034652466
0.0036289218
0.0038268335
0.0040490703
0.0042876396
0.0045359897
0.0047882787
0.0050387816
0.0052816005
0.0055107004
0.005720223
0.005904989
0.006061062
0.0061861969
0.0062799872
0.0063436285
0.0063793143
0.0063903971
0.0063825808
0.0063631236
0.006339276
0.0063162571
0.0062966699
0.0062810909
0.0062690144
0.0062596494
0.0062522391
0.0062461663
0.006240962
0.006236283
0.0062318836
0.006227591
0.0062232858
0.0062188873
0.006214343
0.0062096228
0.0062047129
0.0061996158
0.0061943457
0.0061889361
0.006183431
0.006177906
0.0061724477
0.0061672054
0.0061623389
0.0061581488
0.0061549459
0.0061533878
0.006154166
0.0061586895
0.0061656344
0.006793299
0.0067932595
0.0067931242
0.0067928836
0.0067925284
0.0067920471
0.0067914277
0.0067906565
0.0067897191
0.0067885985
0.0067872776
0.0067857363
0.006783953
0.0067819045
0.0067795639
0.0067769036
0.006773891
0.0067704924
0.0067666691
0.006762379
0.0067575765
0.0067522104
0.0067462249
0.0067395581
0.0067321418
0.0067239012
0.0067147536
0.0067046075
0.0066933623
0.0066809064
0.0066671171
0.006651858
0.0066349793
0.0066163143
0.0065956789
0.0065728693
0.0065476598
0.0065198
0.006489013
0.0064549913
0.0064173944
0.0063758452
0.0063299258
0.0062791736
0.006223078
0.006161075
0.0060925451
0.0060168094
0.0059331283
0.0058407031
0.0057386812
0.0056261681
0.0055022491
0.0053660285
0.0052166917
0.0050536012
0.0048764472
0.00468547
0.0044817822
0.0042678138
0.0040478865
0.003828859
0.0036206547
0.0034362682
0.003290645
0.003197995
0.0031680386
0.0032030488
0.003297708
0.0034418522
0.0036240785
0.0038342154
0.0040641158
0.0043073383
0.0045584103
0.0048121171
0.0050630479
0.005305454
0.0055334014
0.0057411529
0.0059236975
0.0060773169
0.0062000094
0.0062915914
0.0063534019
0.0063875304
0.0063972473
0.0063883371
0.0063681539
0.0063439281
0.0063207925
0.0063012198
0.0062856672
0.0062736089
0.0062642445
0.0062568195
0.006250721
0.0062454832
0.0062407649
0.0062363215
0.0062319811
0.0062276244
0.0062231711
0.0062185688
0.0062137872
0.0062088129
0.0062036483
0.0061983081
0.0061928259
0.0061872464
0.0061816454
0.0061761106
0.0061707923
0.0061658521
0.0061615925
0.006158328
0.0061567213
0.0061574732
0.0061620082
0.0061690187
0.006785519
0.0067854744
0.0067853263
0.0067850648
0.0067846789
0.0067841568
0.0067834849
0.0067826486
0.0067816323
0.0067804179
0.006778986
0.0067773159
0.0067753834
0.0067731631
0.0067706268
0.0067677431
0.0067644781
0.0067607936
0.0067566486
0.006751997
0.0067467886
0.0067409682
0.0067344745
0.0067272402
0.0067191908
0.0067102441
0.0067003099
0.0066892878
0.0066770675
0.0066635268
0.0066485303
0.0066319285
0.0066135559
0.0065932291
0.0065707446
0.0065458772
0.0065183772
0.0064879673
0.0064543399
0.006417154
0.006376031
0.0063305518
0.006280251
0.0062246146
0.0061630738
0.0060950025
0.0060197132
0.005936455
0.0058444136
0.005742716
0.0056304403
0.0055066343
0.0053703508
0.005220703
0.0050569543
0.0048786536
0.0046858428
0.0044793568
0.0042612434
0.0040353168
0.0038078041
0.003587936
0.0033881301
0.003223188
0.003107968
0.003053734
0.0030647681
0.0031374592
0.0032625362
0.003428745
0.0036257327
0.0038452172
0.0040808576
0.0043275497
0.0045806386
0.0048353361
0.0050864227
0.0053282396
0.0055549321
0.0057608788
0.0059412306
0.0060924762
0.0062128453
0.0063023757
0.0063624965
0.0063951521
0.006403575
0.0063936377
0.0063728016
0.0063482463
0.0063250188
0.0063054605
0.0062899437
0.006277909
0.0062685505
0.0062611163
0.0062549978
0.0062497323
0.0062449807
0.0062404997
0.006236118
0.006231717
0.0062272163
0.0062225638
0.0062177294
0.0062126998
0.0062074776
0.0062020778
0.0061965343
0.0061908922
0.0061852281
0.0061796305
0.0061742508
0.0061692525
0.00616494
0.0061616318
0.0061599955
0.006160742
0.0061653117
0.0061724142
0.0067759231
0.0067758729
0.0067757091
0.0067754197
0.0067749945
0.0067744191
0.0067736797
0.0067727603
0.0067716424
0.0067703073
0.0067687337
0.0067668974
0.0067647739
0.006762334
0.0067595466
0.006756378
0.00675279
0.0067487408
0.0067441852
0.0067390726
0.0067333477
0.0067269494
0.0067198095
0.0067118547
0.006703002
0.0066931608
0.0066822309
0.0066701018
0.0066566505
0.0066417418
0.0066252255
0.0066069354
0.006586687
0.0065642764
0.0065394772
0.0065120379
0.0064816796
0.0064480931
0.0064109344
0.0063698219
0.0063243327
0.0062739975
0.0062182965
0.0061566548
0.006088439
0.0060129513
0.00592943
0.0058370469
0.0057349105
0.0056220759
0.0054975618
0.0053603814
0.0052095943
0.0050443908
0.0048642186
0.0046689774
0.004459304
0.0042369742
0.0040054367
0.0037704563
0.0035407348
0.0033282015
0.0031474291
0.0030135913
0.0029389671
0.0029293277
0.0029824572
0.00308991
0.0032406515
0.0034242361
0.0036322988
0.0038586113
0.0040984315
0.004347678
0.0046022555
0.0048576303
0.0051086799
0.005349794
0.0055751849
0.005779343
0.0059575709
0.0061065522
0.0062247505
0.0063124347
0.0063709223
0.0064021869
0.0064093996
0.0063985281
0.0063770876
0.0063522449
0.0063289468
0.0063094131
0.006293938
0.006281932
0.0062725842
0.006265146
0.0062590129
0.0062537253
0.0062489461
0.0062444335
0.0062400169
0.0062355782
0.0062310372
0.0062263421
0.0062214631
0.0062163868
0.0062111163
0.0062056668
0.0062000726
0.0061943793
0.0061886642
0.0061830169
0.0061775895
0.0061725477
0.0061681981
0.006164863
0.0061632154
0.0061639762
0.0061686022
0.006175822
0.0067625051
0.006762447
0.0067622598
0.0067619361
0.0067614564
0.0067608106
0.0067599803
0.0067589478
0.0067576935
0.0067561961
0.0067544311
0.0067523728
0.0067499921
0.0067472573
0.0067441343
0.0067405838
0.0067365647
0.0067320299
0.0067269284
0.0067212041
0.0067147951
0.006707633
0.0066996423
0.0066907401
0.0066808345
0.006669824
0.0066575965
0.0066440283
0.0066289822
0.0066123062
0.0065938327
0.0065733753
0.0065507273
0.0065256599
0.0064979193
0.0064672232
0.0064332587
0.0063956783
0.0063540962
0.0063080843
0.0062571672
0.0062008198
0.0061384597
0.0060694447
0.0059930682
0.0059085569
0.0058150692
0.0057116982
0.0055974791
0.0054714058
0.0053324605
0.0051796607
0.0050121454
0.0048292938
0.004630911
0.0044175038
0.0041906821
0.0039536752
0.003711963
0.0034739198
0.0032511496
0.0030580166
0.0029097852
0.0028192657
0.002793128
0.0028300874
0.0029223157
0.0030590026
0.0032297047
0.003426062
0.0036420031
0.0038731529
0.0041159989
0.0043671605
0.0046228748
0.0048787287
0.0051296302
0.0053699921
0.0055940876
0.0057965166
0.0059727213
0.0061195901
0.0062358358
0.0063217235
0.00637867
0.0064086646
0.0064147708
0.0064030372
0.0063810416
0.0063559445
0.0063325946
0.0063130949
0.006297667
0.0062856942
0.0062763619
0.0062689247
0.006262782
0.0062574775
0.0062526763
0.0062481378
0.0062436923
0.0062392221
0.0062346476
0.0062299171
0.006225001
0.0062198864
0.0062145764
0.0062090867
0.0062034518
0.0061977182
0.0061919635
0.0061862785
0.0061808166
0.0061757453
0.0061713733
0.0061680273
0.0061663854
0.006167179
0.0061718821
0.0061792429
0.0067397286
0.0067396623
0.0067394463
0.0067390654
0.0067385131
0.0067377614
0.0067367978
0.0067356017
0.0067341479
0.0067324128
0.0067303698
0.0067279896
0.0067252369
0.0067220787
0.0067184739
0.0067143796
0.0067097484
0.0067045277
0.0066986612
0.0066920837
0.0066847267
0.0066765143
0.0066673608
0.0066571729
0.0066458496
0.0066332757
0.0066193272
0.0066038645
0.0065867352
0.0065677692
0.0065467785
0.0065235551
0.0064978673
0.006469459
0.006438046
0.006403311
0.006364903
0.006322432
0.0062754638
0.0062235173
0.0061660578
0.0061024921
0.0060321682
0.0059543687
0.0058683046
0.0057731169
0.0056678784
0.0055516009
0.0054232509
0.0052817781
0.0051261662
0.0049555106
0.0047691401
0.0045668077
0.0043489651
0.0041171608
0.0038745659
0.0036266024
0.0033815735
0.003150985
0.0029490872
0.0027910758
0.0026898247
0.002652244
0.0026773859
0.0027577099
0.0028825771
0.0030416479
0.0032266944
0.0034318847
0.0036532375
0.0038878004
0.0041328994
0.0043855713
0.0046422109
0.0048984329
0.0051491361
0.005388745
0.0056115922
0.0058123873
0.0059866982
0.0061316869
0.0062460312
0.0063302382
0.0063858228
0.0064146474
0.0064197238
0.0064071902
0.0063846855
0.0063593646
0.0063359798
0.0063165227
0.0063011469
0.0062892116
0.0062798991
0.0062724675
0.0062663202
0.0062610038
0.0062561857
0.0062516266
0.0062471578
0.0062426622
0.0062380605
0.0062333015
0.0062283557
0.0062232105
0.0062178693
0.0062123483
0.0062066822
0.0062009184
0.006195135
0.006189424
0.0061839398
0.0061788521
0.0061744718
0.0061711297
0.0061695098
0.0061703538
0.0061751534
0.006182678
0.0066804235
0.0066803597
0.006680142
0.0066797552
0.0066791794
0.0066783957
0.0066773837
0.0066761176
0.006674573
0.0066727212
0.0066705294
0.0066679678
0.006664997
0.0066615776
0.0066576647
0.0066532115
0.0066481629
0.0066424622
0.0066360427
0.0066288371
0.006620765
0.0066117401
0.0066016713
0.0065904501
0.0065779629
0.0065640818
0.0065486656
0.0065315582
0.006512585
0.0064915544
0.0064682535
0.0064424427
0.0064138599
0.006382211
0.0063471707
0.0063083758
0.0062654232
0.006217865
0.0061652035
0.0061068861
0.006042301
0.005970772
0.0058915543
0.0058038323
0.0057067163
0.0055992454
0.0054803975
0.0053491039
0.0052042798
0.0050448777
0.004869968
0.004678872
0.0044713583
0.0042479327
0.0040102463
0.0037616312
0.0035077257
0.0032570625
0.0030213168
0.0028147294
0.0026522291
0.0025462191
0.0025031038
0.0025215896
0.0025940397
0.0027099274
0.0028591513
0.0030337893
0.0032283752
0.0034393741
0.0036643909
0.0039014323
0.0041483218
0.0044022965
0.0046597865
0.0049163747
0.0051669262
0.0054058682
0.0056275901
0.0058269084
0.005999553
0.0061427595
0.0062553624
0.0063380672
0.0063924389
0.0064201688
0.0064242864
0.0064110113
0.0063880403
0.0063625237
0.0063391194
0.0063197122
0.006304393
0.0062924992
0.0062832108
0.0062757892
0.0062696417
0.0062643181
0.006259488
0.0062549134
0.0062504267
0.0062459113
0.0062412886
0.0062365074
0.0062315387
0.0062263703
0.0062210059
0.0062154619
0.0062097738
0.0062039893
0.0061981875
0.0061924613
0.0061869665
0.0061818747
0.0061774992
0.0061741753
0.0061725925
0.0061735036
0.0061784182
0.0061861281
0.0017578443
0.0066057107
0.0066056671
0.0066054422
0.0066050062
0.0066043539
0.0066034442
0.0066022589
0.0066007721
0.0065989491
0.0065967577
0.006594158
0.0065911118
0.0065875729
0.0065834914
0.0065788123
0.006573477
0.0065674174
0.0065605613
0.0065528281
0.0065441268
0.0065343612
0.0065234192
0.0065111838
0.0064975165
0.0064822712
0.0064652828
0.0064463675
0.0064253229
0.006401922
0.0063759151
0.0063470226
0.0063149333
0.0062793026
0.0062397463
0.0061958381
0.0061471038
0.0060930174
0.0060329958
0.0059663944
0.005892502
0.0058105367
0.0057196433
0.0056188953
0.0055072974
0.0053837958
0.0052472993
0.0050967173
0.0049310197
0.0047493273
0.0045510622
0.0043361576
0.0041053657
0.0038606767
0.003605846
0.0033469841
0.0030930541
0.0028559711
0.0026498546
0.0024890169
0.002384804
0.0023424248
0.0023596653
0.0024285036
0.0025385265
0.002680031
0.0028455868
0.0030302234
0.0032309076
0.0034457924
0.0036735187
0.0039126475
0.0041612378
0.0044165732
0.0046750383
0.0049321467
0.0051827173
0.005421178
0.005641973
0.005840026
0.0060112245
0.006152825
0.0062638843
0.0063452588
0.0063985537
0.0064252525
0.0064284816
0.0064145219
0.0063911255
0.0063654393
0.0063420294
0.0063226786
0.0063074201
0.0062955714
0.0062863109
0.0062789034
0.0062727601
0.0062674338
0.0062625962
0.006258011
0.0062535115
0.0062489817
0.0062443435
0.0062395463
0.0062345614
0.0062293767
0.0062239964
0.0062184375
0.0062127357
0.0062069397
0.006201129
0.006195398
0.0061899034
0.0061848192
0.0061804611
0.0061771686
0.0061756373
0.0061766311
0.0061816783
0.0061895941
0.00012797963
0.0012740031
0.0057958838
0.0065291872
0.0065290016
0.0065285431
0.0065278006
0.0065267387
0.0065253235
0.0065235178
0.0065212847
0.0065185795
0.0065153511
0.0065115482
0.0065071127
0.0065019784
0.0064960759
0.0064893249
0.0064816391
0.0064729214
0.0064630685
0.0064519591
0.0064394656
0.0064254422
0.0064097313
0.0063921529
0.0063725119
0.0063505905
0.0063261448
0.0062989062
0.0062685757
0.006234822
0.0061972747
0.0061555261
0.0061091211
0.0060575571
0.0060002766
0.0059366662
0.0058660471
0.0057876759
0.0057007416
0.0056043623
0.0054975915
0.0053794222
0.0052488063
0.0051046798
0.0049460082
0.004771855
0.0045814906
0.0043745489
0.0041512548
0.0039127428
0.0036614754
0.0034017555
0.0031402647
0.0028864552
0.0026524817
0.0024522476
0.0022992119
0.0022032501
0.0021678399
0.0021893528
0.0022590921
0.0023667111
0.002503018
0.0026612312
0.0028370026
0.0030278645
0.00323252
0.003450203
0.0036801539
0.0039212096
0.0041715039
0.0044282831
0.0046878476
0.0049456291
0.0051963973
0.0054345793
0.0056546688
0.0058516886
0.0060216268
0.0061619425
0.0062716032
0.0063518355
0.0064041829
0.0064299114
0.0064323263
0.0064177396
0.0063939579
0.0063681271
0.0063447243
0.0063254361
0.006310242
0.0062984419
0.006289213
0.0062818235
0.0062756884
0.0062703636
0.006265523
0.0062609317
0.006256424
0.0062518849
0.0062472367
0.0062424292
0.0062374341
0.0062322397
0.0062268506
0.0062212842
0.0062155769
0.0062097778
0.0062039674
0.0061982411
0.0061927572
0.0061876915
0.0061833624
0.0061801139
0.0061786477
0.0061797391
0.0061849355
0.0061930769
5.6924378e-05
0.00057643633
0.0024755213
0.0064394117
0.0064393907
0.0064390624
0.0064383838
0.00643732
0.0064358273
0.0064338697
0.0064313922
0.0064283417
0.0064246644
0.0064202927
0.006415159
0.0064091836
0.0064022826
0.0063943605
0.0063853139
0.0063750302
0.0063633777
0.0063502192
0.0063354015
0.0063187483
0.0063000697
0.0062791615
0.006255783
0.0062296804
0.0062005675
0.006168127
0.0061320092
0.006091825
0.006047148
0.0059975018
0.0059423666
0.0058811656
0.0058132675
0.00573798
0.0056545518
0.0055621653
0.0054599431
0.0053469536
0.005222219
0.0050847395
0.0049335228
0.0047676356
0.0045862797
0.0043889054
0.0041753748
0.0039461907
0.0037028118
0.0034480625
0.0031866116
0.0029254659
0.002674285
0.0024452122
0.0022518048
0.0021067589
0.0020188015
0.0019901119
0.002015992
0.0020871989
0.002193381
0.0023256844
0.0024777917
0.002645818
0.0028277276
0.0030226529
0.003230304
0.0034504883
0.0036827259
0.003925942
0.0041782425
0.004436784
0.0046977607
0.0049565164
0.0052077743
0.0054459635
0.0056656258
0.0058618752
0.0060308432
0.0061700247
0.0062785491
0.0063578268
0.0064093399
0.0064341569
0.0064358358
0.0064206801
0.0063965527
0.0063706014
0.0063472178
0.0063279979
0.0063128717
0.0063011236
0.0062919297
0.006284562
0.0062784389
0.0062731196
0.0062682799
0.0062636868
0.0062591756
0.0062546319
0.0062499788
0.0062451664
0.0062401668
0.0062349689
0.0062295777
0.0062240109
0.0062183054
0.0062125113
0.0062067097
0.0062009974
0.0061955337
0.0061904969
0.006186208
0.0061830154
0.0061816271
0.0061828301
0.0061881915
0.0061965772
3.954476e-05
0.00040505562
0.0016340996
0.0062004459
0.0062005654
0.0062003428
0.0061997436
0.0061987374
0.0061972802
0.0061953164
0.0061927906
0.0061896588
0.0061858501
0.0061812945
0.006175911
0.0061696206
0.0061623276
0.006153925
0.0061443003
0.0061333236
0.0061208545
0.0061067348
0.0060907924
0.0060728344
0.0060526459
0.0060299904
0.0060046051
0.0059761993
0.005944447
0.0059089947
0.005869442
0.0058253529
0.0057762426
0.0057215796
0.0056607746
0.0055931878
0.0055181174
0.0054347999
0.0053424151
0.005240085
0.0051268843
0.0050018505
0.0048640109
0.0047124162
0.004546193
0.0043646286
0.0041672779
0.0039541321
0.0037258429
0.0034840303
0.003231671
0.0029735579
0.0027167602
0.0024708927
0.0022479172
0.0020610431
0.0019224666
0.0018402903
0.0018160467
0.0018445172
0.0019161825
0.002020676
0.0021493061
0.0022959923
0.0024570985
0.0026308381
0.0028166156
0.0030144745
0.0032246559
0.0034472421
0.0036818561
0.0039274147
0.0041819439
0.004442485
0.0047051148
0.0049650874
0.0052170803
0.0054555243
0.005675006
0.0058707193
0.0060389136
0.0061771963
0.0062848095
0.0063632587
0.0064140417
0.0064380085
0.0064390292
0.0064233601
0.0063989246
0.0063728757
0.0063495227
0.0063303764
0.0063153216
0.0063036285
0.0062944731
0.0062871306
0.0062810232
0.0062757131
0.0062708783
0.0062662874
0.0062617768
0.0062572331
0.0062525797
0.0062477675
0.006242769
0.0062375735
0.0062321862
0.0062266257
0.0062209292
0.0062151477
0.006209363
0.0062036731
0.0061982389
0.0061932407
0.0061890023
0.0061858768
0.0061845784
0.0061859065
0.0061914478
0.0062000958
3.1912039e-05
0.00033118317
0.0012766393
0.0059572537
0.0059574391
0.0059572982
0.0059567844
0.0059558558
0.0059544569
0.0059525449
0.0059500576
0.0059469392
0.005943109
0.0059385033
0.005933032
0.0059265967
0.0059191011
0.0059104253
0.0059004442
0.0058890097
0.0058759699
0.0058611462
0.0058443415
0.0058253434
0.0058039069
0.005779763
0.0057526185
0.0057221385
0.0056879588
0.00564967
0.005606827
0.0055589304
0.0055054336
0.0054457367
0.0053791835
0.005305056
0.0052225813
0.0051309283
0.0050292133
0.0049165094
0.004791865
0.0046543283
0.0045029845
0.0043370146
0.0041557774
0.0039589237
0.0037465605
0.0035194716
0.0032794123
0.0030294819
0.0027745577
0.0025217094
0.0022804417
0.0020624654
0.001880615
0.0017466545
0.0016682745
0.0016466696
0.0016763799
0.0017477502
0.0018503823
0.0019756296
0.0021174927
0.0022724277
0.0024387534
0.0026160143
0.0028044592
0.0030046343
0.0032170556
0.0034419291
0.0036788983
0.0039268276
0.0041836418
0.0044462578
0.0047106333
0.0049719341
0.005224794
0.005463645
0.0056831125
0.0058784614
0.0060460413
0.0061836103
0.0062904252
0.0063682279
0.006418296
0.0064414957
0.0064419316
0.0064257985
0.0064010891
0.0063749631
0.006351651
0.0063325834
0.0063176032
0.0063059684
0.0062968546
0.0062895406
0.0062834523
0.0062781548
0.0062733286
0.0062687437
0.0062642377
0.0062596982
0.0062550491
0.0062502419
0.0062452496
0.0062400618
0.0062346845
0.0062291364
0.0062234556
0.0062176937
0.0062119335
0.0062062742
0.006200878
0.0061959277
0.0061917496
0.0061887016
0.0061875047
0.0061889704
0.006194706
0.0062036335
2.7750709e-05
0.00029283319
0.0010982181
0.0058521357
0.0058523169
0.0058520984
0.0058514433
0.0058502895
0.0058485886
0.0058462744
0.0058432841
0.0058395389
0.0058349605
0.0058294516
0.005822921
0.005815252
0.005806317
0.0057959878
0.0057841045
0.0057705056
0.0057549989
0.0057373784
0.0057174156
0.0056948529
0.0056694099
0.0056407727
0.0056085935
0.0055724916
0.0055320425
0.0054867817
0.0054361959
0.0053797277
0.0053167614
0.005246635
0.0051686289
0.0050819743
0.0049858503
0.0048793999
0.0047617344
0.0046319601
0.0044892009
0.0043326475
0.0041616098
0.0039756105
0.0037744918
0.003558582
0.0033289006
0.0030874365
0.0028374913
0.0025840542
0.0023341626
0.0020970746
0.0018840125
0.0017071382
0.0015775165
0.0015023229
0.0014825284
0.0015126827
0.0015832326
0.0016838684
0.0018059839
0.0019435762
0.0020930765
0.002252787
0.0024222739
0.0026018747
0.0027923187
0.0029944273
0.0032088579
0.0034358665
0.0036750795
0.0039252917
0.0041843202
0.004448957
0.0047150447
0.0049776673
0.0052314197
0.0054707347
0.0056902722
0.0058853585
0.0060524305
0.0061893644
0.0062955439
0.0063728445
0.0064221141
0.0064446565
0.0064445721
0.006428016
0.0064030617
0.0063768765
0.0063536143
0.0063346299
0.0063197276
0.0063081539
0.0062990849
0.0062918025
0.0062857366
0.0062804551
0.0062756408
0.0062710654
0.0062665678
0.0062620364
0.0062573958
0.0062525982
0.0062476168
0.006242442
0.00623708
0.0062315503
0.0062258915
0.0062201559
0.0062144273
0.0062088061
0.0062034561
0.0061985622
0.0061944537
0.0061914933
0.0061904087
0.0061920239
0.0061979675
0.0062071911
2.6817617e-05
0.00028362156
0.0010770576
0.0056614096
0.0056615506
0.005661212
0.0056603772
0.005658944
0.0056568898
0.0056541204
0.0056505695
0.0056461436
0.0056407642
0.0056343078
0.0056266688
0.0056177191
0.0056073152
0.0055953035
0.0055814961
0.0055657146
0.0055477329
0.0055273181
0.0055042021
0.0054780947
0.005448671
0.0054155758
0.0053784153
0.0053367538
0.0052901213
0.0052379919
0.0051798055
0.0051149399
0.0050427386
0.004962484
0.0048734258
0.0047747681
0.0046656921
0.004545365
0.0044129681
0.0042677261
0.004108957
0.0039361333
0.0037489702
0.003547535
0.0033324066
0.0031048607
0.0028671241
0.0026226552
0.0023764597
0.0021353506
0.0019080403
0.0017048618
0.001536867
0.0014140914
0.0013431398
0.0013250598
0.0013549598
0.001423939
0.0015221345
0.0016411064
0.0017748132
0.0019195509
0.0020734756
0.0022360513
0.0024075884
0.0025888836
0.0027809391
0.0029847281
0.0032009798
0.0034299636
0.0036712717
0.0039236226
0.0041847255
0.0044512519
0.0047189372
0.0049827933
0.0052373849
0.0054771479
0.0056967727
0.0058916402
0.0060582634
0.006194625
0.0063002594
0.0063771487
0.0064255475
0.0064475353
0.0064469815
0.006430034
0.0064048582
0.0063786284
0.0063554237
0.0063365266
0.0063217051
0.0063101954
0.006301174
0.0062939263
0.0062878858
0.0062826234
0.0062778242
0.0062732617
0.006268776
0.0062642564
0.0062596284
0.0062548444
0.0062498786
0.0062447216
0.0062393801
0.0062338743
0.0062282434
0.0062225404
0.0062168501
0.0062112742
0.0062059779
0.0062011486
0.0061971184
0.006194255
0.0061932929
0.006195069
0.0062012336
0.0062107691
2.9389603e-05
0.00017588196
0.0018770408
0.0053200232
0.0053200711
0.0053196651
0.0053186585
0.0053170549
0.0053147338
0.0053116624
0.0053077332
0.0053028555
0.0052969397
0.0052898598
0.005281495
0.0052717022
0.0052603242
0.0052471813
0.0052320978
0.0052148417
0.0051951849
0.0051728604
0.0051475802
0.0051190162
0.0050868183
0.0050505922
0.0050099058
0.0049642915
0.0049132297
0.0048561687
0.0047924956
0.0047215722
0.0046427047
0.0045551701
0.0044582173
0.0043510797
0.0042329966
0.0041032418
0.0039611564
0.0038061965
0.0036380093
0.0034565068
0.0032619817
0.0030552464
0.0028377957
0.002612015
0.0023813997
0.0021507703
0.0019264282
0.0017161601
0.0015289667
0.0013743558
0.0012610415
0.0011950663
0.0011779565
0.0012060726
0.0012718823
0.0013664582
0.0014817189
0.0016115561
0.0017519964
0.0019008899
0.0020574516
0.0022218385
0.0023948017
0.0025774095
0.0027708228
0.0029760994
0.0031940025
0.0034247964
0.0036680316
0.0039223483
0.0041853502
0.0044535942
0.0047227183
0.004987674
0.0052430046
0.005483153
0.0057028381
0.0058974894
0.0060636873
0.0061995134
0.0063047184
0.0063810932
0.0064286717
0.0064501769
0.0064491887
0.0064318726
0.0064064935
0.0063802309
0.0063570899
0.0063382834
0.0063235455
0.0063121026
0.0063031316
0.0062959214
0.0062899091
0.0062846687
0.0062798877
0.0062753412
0.0062708708
0.0062663665
0.0062617546
0.0062569884
0.0062520423
0.0062469076
0.0062415915
0.0062361148
0.0062305172
0.0062248528
0.0062192071
0.0062136831
0.0062084478
0.0062036908
0.0061997471
0.0061969896
0.0061961598
0.0061981076
0.0062045055
0.0062143684
3.5289041e-05
0.00019173032
0.0025376718
0.0049097401
0.0049097369
0.0049091762
0.0049080212
0.0049062173
0.0049036707
0.0049002979
0.0048960409
0.004890763
0.0048843673
0.0048767468
0.0048677369
0.0048572047
0.0048449745
0.0048308536
0.0048146376
0.0047960863
0.0047749517
0.0047509426
0.0047237359
0.0046929981
0.0046583336
0.0046193268
0.00457552
0.0045264116
0.0044714665
0.0044101004
0.0043417049
0.0042656246
0.0041811893
0.0040877104
0.0039845008
0.0038709025
0.0037463081
0.0036102083
0.003462241
0.0033022554
0.0031303957
0.0029472011
0.0027537202
0.0025516463
0.0023434611
0.0021325672
0.0019233986
0.0017214639
0.0015332709
0.0013661053
0.0012275749
0.0011248229
0.0010632942
0.0010452831
0.0010690087
0.0011290291
0.0012179153
0.0013281967
0.0014536907
0.0015900019
0.0017344708
0.0018858819
0.0020440925
0.002209691
0.0023837092
0.0025673869
0.0027619816
0.0029685979
0.0031880129
0.0034204762
0.0036654918
0.003921621
0.0041863628
0.0044561646
0.0047265746
0.0049924949
0.0052484573
0.0054889149
0.0057086148
0.0059030321
0.0060688097
0.0062041253
0.0063090447
0.0063846246
0.0064315486
0.0064526211
0.0064512194
0.00643355
0.0064079814
0.0063816953
0.0063586228
0.00633991
0.0063252582
0.0063138847
0.0063049666
0.0062977966
0.0062918152
0.0062865996
0.0062818396
0.0062773121
0.0062728598
0.0062683742
0.006263782
0.0062590372
0.0062541148
0.0062490067
0.0062437206
0.0062382778
0.0062327188
0.0062270985
0.0062215032
0.0062160376
0.0062108699
0.0062061924
0.0062023431
0.0061996999
0.0061990115
0.0062011413
0.0062077844
0.0062179896
3.6581709e-05
0.00021203366
0.0023056453
0.0044535784
0.0044534525
0.0044527766
0.0044514788
0.0044494817
0.0044467305
0.0044431105
0.0044385403
0.0044329241
0.0044261261
0.0044180139
0.0044084578
0.0043972734
0.0043842936
0.0043693103
0.0043520936
0.0043323998
0.0043099469
0.0042844311
0.004255521
0.0042228422
0.0041859926
0.0041445381
0.0040980021
0.0040458773
0.0039876204
0.003922666
0.0038504209
0.0037702846
0.0036816551
0.0035839585
0.0034766611
0.0033593176
0.0032316027
0.0030933699
0.0029447071
0.0027860151
0.0026180851
0.0024421861
0.002260146
0.0020744231
0.0018881496
0.0017051403
0.0015298378
0.0013672161
0.001222643
0.001101691
0.0010098296
0.0009518256
0.00093077618
0.0009470761
0.00099798426
0.0010782409
0.0011814409
0.001301454
0.0014333455
0.001573728
0.0017207253
0.0018737058
0.002032957
0.002199371
0.0023741783
0.0025587355
0.0027543596
0.0029621801
0.0031829763
0.0034169778
0.00366364
0.0039214431
0.0041877821
0.0044589977
0.0047305558
0.0049973187
0.0052538144
0.0054945097
0.0057141784
0.0059083406
0.0060737001
0.0062085264
0.0063132107
0.0063878126
0.0064342253
0.0064548987
0.0064530941
0.0064350819
0.0064093344
0.0063830319
0.006360032
0.0063414154
0.006326852
0.0063155501
0.0063066876
0.0062995602
0.0062936123
0.006288424
0.0062836876
0.0062791818
0.0062747507
0.0062702867
0.0062657175
0.0062609976
0.0062561027
0.0062510252
0.0062457733
0.006240369
0.0062348535
0.0062292824
0.0062237432
0.0062183419
0.0062132482
0.006208657
0.0062049094
0.0062023884
0.0062018502
0.0062041718
0.0062110716
0.0062216334
3.469721e-05
0.00020413359
0.0021220497
0.0039848047
0.0039845654
0.0039837409
0.0039822661
0.0039800591
0.0039770514
0.0039731508
0.0039682322
0.0039622116
0.0039549499
0.0039463065
0.0039361187
0.0039242168
0.003910413
0.0038944751
0.0038761766
0.0038552532
0.0038314103
0.0038043314
0.0037736701
0.0037390494
0.0037000654
0.0036562757
0.0036072291
0.0035524319
0.0034913955
0.003423604
0.0033485617
0.0032657935
0.0031748661
0.00307542
0.0029672075
0.0028501235
0.0027242586
0.0025899537
0.0024478459
0.0022989248
0.0021445722
0.0019865915
0.0018272028
0.0016690176
0.0015149734
0.0013682573
0.0012322394
0.0011104438
0.0010065799
0.00092457345
0.00086845088
0.00084187087
0.00084725564
0.00088483403
0.00095219264
0.0010447251
0.0011567844
0.0012829586
0.0014189454
0.0015619112
0.0017104614
0.0018643676
0.002024233
0.0021911743
0.0023665617
0.0025518261
0.0027483163
0.0029571724
0.0031791726
0.0034145286
0.0036626502
0.00392194
0.0041896932
0.0044621495
0.0047346996
0.0050021741
0.0052591031
0.005499966
0.0057195604
0.0059134501
0.0060784039
0.0062128799
0.0063169992
0.0063907623
0.0064367385
0.0064570319
0.0064548295
0.0064364814
0.0064105631
0.0063842503
0.0063613262
0.006342808
0.0063283351
0.0063171071
0.0063083024
0.00630122
0.0062953079
0.0062901494
0.006285439
0.0062809575
0.0062765503
0.0062721108
0.0062675676
0.0062628759
0.006258012
0.0062529687
0.0062477551
0.0062423936
0.0062369261
0.0062314092
0.0062259314
0.0062205999
0.0062155862
0.0062110878
0.0062074487
0.0062050576
0.0062046778
0.0062072007
0.006214368
0.0062253004
3.5701466e-05
0.0002057512
0.0022166667
0.0035250823
0.0035246312
0.0035235765
0.003521838
0.0035193536
0.0035160097
0.0035117274
0.0035063899
0.0034998718
0.0034920462
0.0034827691
0.0034718564
0.0034591459
0.0034444155
0.0034274578
0.0034080202
0.0033858308
0.0033606096
0.0033320316
0.0032997625
0.0032634429
0.0032226906
0.0031771196
0.0031263163
0.0030698829
0.0030074227
0.0029385717
0.002863001
0.0027804518
0.0026907584
0.0025938766
0.0024899172
0.0023791838
0.002262201
0.0021397443
0.0020128588
0.0018828545
0.001751292
0.0016199328
0.0014906792
0.0013655016
0.0012463814
0.0011353003
0.0010343011
0.00094563385
0.00087196019
0.00081651
0.00078301775
0.000775233
0.00079595275
0.00084590337
0.00092312131
0.0010233211
0.0011410916
0.0012712611
0.0014098262
0.0015543059
0.0017036641
0.0018579901
0.0020181327
0.0021853711
0.0023611638
0.0025469758
0.0027441632
0.0029538668
0.0031768639
0.0034133544
0.0036627084
0.0039232569
0.0041922022
0.0044656925
0.0047390523
0.0050070901
0.0052643418
0.005505298
0.0057247748
0.0059183799
0.0060829571
0.0062171995
0.0063203494
0.0063935339
0.0064391151
0.0064590364
0.0064564381
0.0064377593
0.0064116772
0.0063853592
0.0063625136
0.0063440957
0.0063297153
0.0063185632
0.0063098185
0.0063027833
0.0062969092
0.0062917827
0.0062871007
0.0062826458
0.0062782651
0.0062738528
0.0062693385
0.0062646781
0.0062598484
0.0062548429
0.0062496713
0.0062443566
0.0062389414
0.0062334833
0.0062280717
0.0062228153
0.0062178873
0.0062134877
0.0062099638
0.0062077096
0.0062074962
0.0062102293
0.0062176748
0.0062289912
4.1408536e-05
0.0002412235
0.0024208718
0.0030875715
0.0030868582
0.0030855073
0.0030834367
0.0030805654
0.0030768117
0.0030720609
0.0030662121
0.0030591395
0.0030506853
0.0030407194
0.0030290652
0.0030155335
0.0029999281
0.0029820319
0.0029616028
0.002938392
0.0029121194
0.0028825134
0.0028492627
0.0028120686
0.0027706202
0.0027246057
0.0026737453
0.0026177638
0.0025564374
0.0024896001
0.0024171535
0.0023391058
0.0022555805
0.0021668404
0.0020733146
0.0019755971
0.0018744585
0.0017708359
0.0016658033
0.0015605301
0.001456229
0.0013540923
0.0012552438
0.001160714
0.0010714703
0.00098851136
0.00091304666
0.00084674216
0.00079199221
0.00075210923
0.00073123775
0.00073376483
0.0007631587
0.00082061362
0.00090429759
0.0010098042
0.0011315766
0.0012644467
0.0014045963
0.0015498475
0.0016994887
0.0018538875
0.0020140914
0.0021814941
0.0023575983
0.0025438698
0.0027416505
0.0029520739
0.0031759176
0.003413372
0.0036637712
0.0039253791
0.0041953127
0.0044696397
0.00474363
0.0050120816
0.0052695433
0.0055105164
0.0057298331
0.005923155
0.0060874164
0.0062212197
0.0063234417
0.0063961618
0.0064413721
0.0064609232
0.0064579296
0.0064389246
0.006412685
0.0063863662
0.0063636019
0.0063452861
0.0063309999
0.0063199257
0.0063112429
0.006304257
0.006298423
0.0062933305
0.006288679
0.0062842531
0.0062799011
0.0062755186
0.0062710358
0.0062664095
0.0062616171
0.0062566528
0.0062515267
0.0062462626
0.0062409038
0.0062355088
0.006230168
0.0062249917
0.0062201547
0.0062158597
0.0062124572
0.0062103467
0.0062103072
0.0062132589
0.0062209928
0.0062327065
5.3358066e-05
0.00030167455
0.0026496
0.0026492348
0.002648338
0.0026468242
0.0026446103
0.0026416277
0.0026377833
0.0026329811
0.0026271074
0.0026200533
0.0026116796
0.0026018513
0.0025904061
0.0025771796
0.0025619876
0.0025446295
0.0025249066
0.002502593
0.0024774702
0.0024492973
0.0024178474
0.0023828895
0.002344212
0.0023016168
0.0022549403
0.0022040655
0.0021489258
0.0020895346
0.0020259884
0.0019584815
0.0018873163
0.0018129104
0.0017358047
0.0016566334
0.0015761089
0.0014949906
0.0014140428
0.0013339863
0.0012554559
0.0011789741
0.001104948
0.0010337124
0.00096562138
0.00090120768
0.00084140831
0.00078784881
0.00074313783
0.00071105962
0.00069644264
0.00070443444
0.00073910432
0.00080184507
0.00089056651
0.0010003777
0.0011253556
0.0012602555
0.0014014409
0.0015470523
0.0016967014
0.0018510143
0.0020112061
0.0021787503
0.0023551619
0.0025418831
0.0027402292
0.0029513222
0.0031759408
0.0034142674
0.0036655995
0.003928134
0.0041989085
0.0044739193
0.0047483938
0.0050171321
0.005274704
0.0055156252
0.0057347493
0.0059278046
0.0060918734
0.0062247356
0.0063263631
0.0063986685
0.0064435193
0.0064627001
0.0064593116
0.0064399848
0.0064135936
0.0063872786
0.006364598
0.0063463862
0.0063321957
0.0063212013
0.0063125823
0.0063056475
0.0062998554
0.0062947989
0.00629018
0.0062857851
0.0062814641
0.0062771137
0.006272665
0.0062680755
0.0062633233
0.0062584032
0.0062533259
0.0062481159
0.0062428173
0.0062374894
0.0062322239
0.0062271323
0.0062223913
0.0062182062
0.006214931
0.0062129707
0.0062131123
0.006216291
0.006224323
0.0062364469
6.7479827e-05
0.00037106993
0.0022745331
0.0022740926
0.0022731253
0.0022715773
0.002269402
0.0022665055
0.0022628237
0.0022582632
0.002252733
0.0022461201
0.0022383196
0.0022291909
0.002218605
0.0022064171
0.0021924673
0.0021766011
0.0021586383
0.002138414
0.0021157476
0.0020904731
0.0020624279
0.0020314612
0.0019974519
0.001960305
0.0019199686
0.0018764413
0.0018297775
0.0017801056
0.0017276233
0.0016726102
0.0016154146
0.0015564543
0.0014961927
0.0014351189
0.0013737137
0.0013124189
0.0012516027
0.0011915295
0.0011323472
0.0010740936
0.0010167342
0.00096023746
0.00090469928
0.00085052661
0.00079868635
0.00075101119
0.00071051357
0.00068157256
0.00066973917
0.00068085055
0.00071937708
0.0007865992
0.00087983542
0.00099348157
0.0011211802
0.0012576439
0.0013994739
0.0015451622
0.0016946435
0.0018487836
0.0020089366
0.0021766271
0.0023533587
0.0025405349
0.0027394371
0.0029511768
0.0031765373
0.0034156927
0.0036678997
0.0039312856
0.0042028097
0.0044784038
0.0047532603
0.0050221929
0.0052798001
0.0055206191
0.0057395401
0.0059323698
0.0060960062
0.0062279844
0.0063291489
0.0064010676
0.0064455632
0.006464373
0.0064605905
0.0064409465
0.0064144098
0.0063881029
0.0063655086
0.0063474023
0.0063333093
0.0063223961
0.0063138427
0.0063069607
0.0063012124
0.0062961937
0.0062916092
0.0062872473
0.0062829593
0.0062786432
0.0062742309
0.0062696807
0.0062649714
0.0062600984
0.006255073
0.0062499205
0.0062446856
0.0062394288
0.0062342425
0.0062292401
0.0062245999
0.0062205299
0.0062173875
0.0062155836
0.0062159131
0.0062193266
0.0062276662
0.006240213
7.8069333e-05
0.0019999464
0.0016887308
0.001999167
0.0019981418
0.0019965736
0.0019944156
0.0019916014
0.0019880614
0.0019837125
0.0019784777
0.0019722515
0.0019649416
0.0019564328
0.0019466186
0.0019353634
0.0019225506
0.0019080454
0.0018917192
0.0018734441
0.0018531002
0.0018305744
0.0018057757
0.0017786313
0.0017490966
0.0017171684
0.0016828752
0.001646303
0.0016075807
0.001566892
0.0015244704
0.0014805872
0.0014355499
0.0013896725
0.0013432639
0.0012965981
0.0012498887
0.0012032655
0.0011567559
0.0011102799
0.0010636545
0.0010166235
0.00096891526
0.00092033644
0.00087091244
0.00082108889
0.00077200151
0.0007258041
0.00068599555
0.0006575843
0.00064680631
0.0006600595
0.00070199473
0.00077349578
0.00087103796
0.00098819714
0.0011182175
0.0012558636
0.0013980442
0.0015436204
0.0016928393
0.0018467794
0.0020069059
0.0021747693
0.0023518436
0.0025394838
0.0027389366
0.0029513085
0.003177393
0.0034173564
0.0036704105
0.0039346085
0.0042068314
0.0044829501
0.0047581269
0.0050271971
0.0052847934
0.0055254858
0.0057442213
0.0059368733
0.0060996603
0.0062310675
0.0063318195
0.0064033664
0.0064475086
0.0064659471
0.0064617718
0.0064418153
0.0064151393
0.006388845
0.0063663397
0.0063483407
0.0063343466
0.0063235163
0.0063150298
0.0063082023
0.0063024995
0.0062975202
0.0062929719
0.0062886447
0.0062843918
0.0062801119
0.0062757383
0.0062712298
0.0062665659
0.0062617427
0.0062567721
0.0062516802
0.0062465124
0.0062413301
0.006236227
0.0062313179
0.006226783
0.006222833
0.0062198287
0.006218187
0.006218711
0.006222367
0.0062310234
0.0062440053
0.00010549969
0.00074258769
0.0018114132
0.0018108121
0.0018097229
0.0018081258
0.0018059615
0.0018031795
0.0017997114
0.0017954928
0.0017904365
0.0017844698
0.001777502
0.0017694403
0.0017601889
0.0017496511
0.0017377287
0.0017243236
0.0017093463
0.0016927116
0.0016743486
0.0016542017
0.0016322355
0.0016084417
0.0015828405
0.0015554834
0.0015264624
0.0014958994
0.0014639559
0.0014308171
0.0013966917
0.0013617937
0.0013263294
0.0012904797
0.0012543768
0.0012180871
0.0011815933
0.0011447805
0.0011074337
0.0010692426
0.001029822
0.00098875246
0.00094564886
0.00090026545
0.00085265139
0.00080337145
0.00075379948
0.00070646837
0.00066539776
0.0006362156
0.000625769
0.00064087949
0.00068618269
0.00076193485
0.00086360229
0.0009839373
0.0011158945
0.0012543954
0.0013967071
0.0015420589
0.0016909843
0.0018447434
0.0020048841
0.0021729613
0.0023504061
0.0025385187
0.0027385141
0.0029515023
0.0031782953
0.0034190526
0.0036729374
0.0039379251
0.0042108182
0.0044874299
0.0047628949
0.0050320748
0.0052896411
0.0055302142
0.0057488047
0.0059410559
0.0061030315
0.0062340169
0.0063343871
0.0064055694
0.0064493595
0.0064674267
0.0064628603
0.0064425967
0.0064157876
0.0063895107
0.006367097
0.0063492069
0.0063353132
0.0063245671
0.0063161492
0.0063093776
0.0063037216
0.0062987834
0.0062942728
0.0062899822
0.006285766
0.0062815244
0.0062771914
0.0062727268
0.0062681107
0.0062633399
0.0062584269
0.0062533985
0.0062483009
0.0062431966
0.0062381803
0.0062333684
0.006228943
0.0062251175
0.0062222564
0.0062207825
0.0062215073
0.0062254131
0.0062343954
0.0062478246
0.00012629494
0.0010488602
0.0016889215
0.0016882166
0.0016870414
0.0016853691
0.001683146
0.0016803217
0.0016768334
0.001672618
0.001667609
0.0016617315
0.0016549121
0.0016470762
0.0016381492
0.0016280576
0.0016167309
0.0016041072
0.0015901305
0.0015747616
0.001557973
0.0015397586
0.0015201313
0.0014991304
0.0014768198
0.0014532895
0.0014286522
0.0014030422
0.0013766069
0.0013494993
0.0013218649
0.0012938294
0.0012654828
0.0012368638
0.0012079446
0.0011786173
0.0011486852
0.0011178576
0.0010857549
0.0010519228
0.001015859
0.00097706201
0.0009351089
0.00088977245
0.00084119353
0.00079012376
0.00073824269
0.00068851722
0.00064550354
0.00061539132
0.00060550007
0.00062288441
0.00067194132
0.00075208195
0.00085768172
0.00098078543
0.0011142377
0.0012532354
0.0013954459
0.0015404522
0.0016890417
0.0018426232
0.0020028011
0.0021711156
0.0023489422
0.0025375222
0.0027380418
0.0029516236
0.0031791063
0.0034206432
0.0036753451
0.0039411068
0.0042146527
0.0044917416
0.0047674815
0.0050367646
0.0052943063
0.0055347933
0.0057532738
0.0059447774
0.0061062355
0.0062368508
0.0063368573
0.0064076804
0.00645112
0.0064688162
0.0064638608
0.0064432954
0.0064163599
0.006390105
0.0063677858
0.0063500064
0.0063362144
0.0063255538
0.0063172057
0.0063104914
0.0063048837
0.006299988
0.0062955167
0.0062912641
0.0062870864
0.0062828848
0.0062785944
0.0062741758
0.0062696097
0.0062648936
0.0062600407
0.0062550786
0.0062500542
0.006245031
0.006240105
0.0062353941
0.0062310821
0.0062273856
0.0062246725
0.0062233717
0.0062243034
0.006228466
0.0062377828
0.0062516713
0.00014447508
0.0016151033
0.0016146877
0.0016138492
0.0016125685
0.0016107975
0.0016084865
0.0016055842
0.001602032
0.0015977739
0.0015927478
0.0015868933
0.0015801516
0.0015724612
0.0015637668
0.0015540186
0.0015431726
0.0015311951
0.0015180644
0.001503773
0.0014883315
0.0014717664
0.0014541269
0.0014354785
0.0014159075
0.0013955155
0.0013744144
0.0013527211
0.001330548
0.001307994
0.0012851311
0.0012619924
0.0012385596
0.0012147498
0.0011904053
0.0011652857
0.0011390629
0.001111324
0.0010815795
0.0010492827
0.0010138631
0.00097478312
0.00093162606
0.00088422892
0.00083287531
0.00077856334
0.00072334104
0.0006706553
0.00062559009
0.00059480314
0.00058592892
0.00060608164
0.00065922507
0.00074375693
0.00085296936
0.00097838762
0.0011129218
0.0012521233
0.0013940679
0.0015386593
0.0016869024
0.0018403262
0.0020005702
0.0021691449
0.0023473612
0.0025363993
0.0027374215
0.002951573
0.0031797273
0.003422031
0.0036775383
0.0039440615
0.0042182487
0.0044958085
0.0047718223
0.0050412175
0.0052987603
0.0055392111
0.0057574346
0.0059481836
0.0061092965
0.0062395788
0.0063392339
0.006409703
0.0064527938
0.0064701196
0.0064647776
0.0064439161
0.0064168608
0.006390633
0.006368411
0.006350744
0.006337055
0.0063264811
0.0063182041
0.0063115483
0.0063059902
0.0063011383
0.0062967076
0.0062924945
0.0062883568
0.006284197
0.006279951
0.0062755803
0.0062710663
0.0062664072
0.0062616168
0.0062567235
0.0062517752
0.0062468362
0.0062420036
0.0062373971
0.0062332025
0.0062296391
0.0062270785
0.006225956
0.0062271003
0.0062315267
0.0062411865
0.0062555461
0.00015549111
0.0015804776
0.0015800097
0.0015791096
0.0015777405
0.0015758585
0.0015734168
0.001570365
0.0015666547
0.0015622339
0.0015570514
0.0015510571
0.0015442036
0.0015364483
0.0015277534
0.0015180897
0.0015074374
0.0014957892
0.0014831506
0.0014695428
0.0014550031
0.0014395844
0.0014233559
0.0014064001
0.001388809
0.0013706811
0.0013521131
0.0013331923
0.0013139876
0.0012945389
0.0012748464
0.001254859
0.0012344645
0.0012134798
0.0011916436
0.0011686124
0.0011439585
0.0011171776
0.0010877009
0.0010549177
0.0010182178
0.00097705657
0.00093105763
0.00088016482
0.00082486107
0.00076646071
0.00070744944
0.0006517877
0.00060503434
0.00057416288
0.00056694088
0.00059038253
0.00064784606
0.00073661745
0.00084902026
0.00097628942
0.0011115533
0.0012507513
0.0013923392
0.0015364992
0.0016844201
0.0018377269
0.001998078
0.0021669431
0.0023455622
0.0025350538
0.0027365622
0.002951265
0.0031800789
0.0034231413
0.0036794463
0.0039467223
0.0042215444
0.004499575
0.0047758698
0.0050453972
0.0053029849
0.0055434619
0.0057611277
0.005951399
0.0061122296
0.0062422048
0.0063415197
0.0064116405
0.0064543849
0.0064713412
0.0064656151
0.0064444633
0.0064172949
0.0063910991
0.0063689773
0.0063514245
0.0063378397
0.0063273536
0.0063191487
0.0063125526
0.0063070451
0.0063022382
0.0062978495
0.0062936774
0.0062895812
0.0062854647
0.0062812648
0.0062769437
0.0062724838
0.0062678837
0.0062631582
0.0062583362
0.0062534665
0.0062486144
0.0062438784
0.0062393797
0.006235306
0.0062318796
0.006229476
0.0062285367
0.0062298992
0.0062345959
0.0062446072
0.0062594496
0.00016460704
0.0015665355
0.0015660357
0.0015650887
0.0015636585
0.0015617007
0.0015591715
0.0015560253
0.0015522165
0.0015477011
0.0015424368
0.0015363834
0.0015295064
0.0015217778
0.0015131766
0.0015036919
0.0014933235
0.001482084
0.0014699998
0.0014571109
0.0014434713
0.0014291473
0.0014142154
0.0013987591
0.0013828633
0.0013666091
0.0013500661
0.0013332836
0.0013162818
0.0012990415
0.001281495
0.001263516
0.0012449114
0.0012254141
0.0012046779
0.0011822745
0.0011576979
0.0011303728
0.001099669
0.0010649333
0.0010255395
0.00098096586
0.00093091645
0.00087549791
0.00081546666
0.00075254
0.00068971199
0.00063145425
0.00058367413
0.00055344904
0.00054850428
0.00057562806
0.00063744149
0.00073012112
0.00084523562
0.00097394614
0.001109691
0.0012487854
0.0013900069
0.0015337745
0.0016814331
0.0018346869
0.0019952022
0.0021643996
0.0023434448
0.002533395
0.0027353823
0.0029506271
0.0031800969
0.0034239165
0.0036810164
0.003949041
0.0042244955
0.0045030019
0.0047795909
0.0050492795
0.005306976
0.0055474502
0.0057644059
0.0059544432
0.0061150427
0.0062447317
0.0063437182
0.0064134967
0.0064558972
0.0064724851
0.0064663775
0.0064449411
0.0064176665
0.0063915078
0.0063694891
0.0063520521
0.0063385727
0.0063281754
0.0063200436
0.0063135081
0.0063080525
0.0063032917
0.0062989461
0.0062948162
0.0062907629
0.0062866911
0.0062825389
0.0062782692
0.0062738652
0.0062693262
0.0062646676
0.0062599192
0.0062551305
0.0062503682
0.0062457316
0.0062413438
0.0062373944
0.006234109
0.0062318665
0.0062311149
0.0062327012
0.0062376747
0.0062480455
0.0062633823
0.00017562454
0.0015687207
0.0015681972
0.0015672165
0.0015657436
0.0015637352
0.0015611503
0.0015579461
0.0015540826
0.0015495221
0.0015442301
0.001538176
0.0015313366
0.001523696
0.0015152475
0.0015059939
0.0014959502
0.0014851435
0.0014736133
0.0014614103
0.0014485964
0.0014352411
0.0014214188
0.001407204
0.001392666
0.0013778613
0.0013628269
0.0013475714
0.0013320657
0.0013162349
0.0012999487
0.0012830131
0.0012651641
0.0012460614
0.0012252838
0.0012023325
0.0011766357
0.0011475576
0.0011144229
0.0010765547
0.0010333356
0.00098430371
0.00092929539
0.00086865341
0.00080350212
0.00073605514
0.00066985644
0.00060980326
0.00056191968
0.00053313455
0.00053099688
0.00056198283
0.00062790901
0.00072397157
0.00084126398
0.00097105457
0.0011071077
0.0012460575
0.0013869429
0.0015303794
0.0016778475
0.0018311192
0.00199186
0.0021614363
0.0023409355
0.0025313553
0.0027338212
0.0029496059
0.0031797357
0.0034243172
0.0036822129
0.0039509853
0.0042270728
0.0045060641
0.0047829647
0.0050528524
0.0053107347
0.0055509737
0.0057674485
0.005957333
0.0061177399
0.0062471628
0.0063458327
0.0064152755
0.0064573346
0.0064735553
0.0064670688
0.0064453538
0.0064179797
0.0063918631
0.0063699504
0.0063526308
0.006339258
0.0063289504
0.0063208926
0.0063144186
0.0063090158
0.0063043022
0.0063000008
0.0062959143
0.0062919051
0.0062878795
0.0062837764
0.0062795598
0.0062752133
0.0062707372
0.0062661476
0.0062614749
0.0062567697
0.0062520995
0.0062475652
0.0062432913
0.0062394695
0.0062363285
0.0062342511
0.006233692
0.0062355071
0.0062407638
0.0062515022
0.0062673448
0.00018607304
0.0015863161
0.001585769
0.0015847532
0.0015832303
0.001581161
0.0015785027
0.0015752183
0.001571272
0.0015666303
0.0015612663
0.0015551578
0.0015482915
0.0015406615
0.0015322721
0.0015231383
0.0015132858
0.001502753
0.0014915868
0.0014798455
0.0014675929
0.0014548968
0.0014418245
0.0014284376
0.0014147856
0.0014008981
0.0013867784
0.0013723936
0.0013576676
0.0013424712
0.001326615
0.0013098419
0.0012918213
0.0012721436
0.0012503207
0.0012257896
0.0011979182
0.0011660224
0.0011293968
0.0010873637
0.00103935
0.0009850044
0.00092437112
0.00085812973
0.00078788403
0.00071642569
0.000647817
0.00058716463
0.00054027604
0.00051370096
0.00051475116
0.00054954094
0.0006191048
0.00071790534
0.0008368546
0.00096743533
0.0011036899
0.0012424971
0.0013830973
0.0015262715
0.0016736213
0.0018269798
0.0019880061
0.0021580067
0.0023379896
0.0025288932
0.0027318418
0.00294817
0.0031789689
0.0034243199
0.0036830152
0.003952536
0.0042292594
0.0045087473
0.0047859817
0.005056117
0.0053142515
0.0055540134
0.0057702808
0.0059600799
0.0061203258
0.006249502
0.0063478674
0.0064169809
0.0064587014
0.0064745558
0.0064676932
0.0064457053
0.0064182384
0.0063921689
0.0063703651
0.0063531646
0.0063398992
0.0063296822
0.0063216992
0.0063152876
0.0063099384
0.006305273
0.0063010168
0.0062969748
0.006293011
0.0062890328
0.0062849803
0.0062808181
0.0062765309
0.0062721194
0.0062676006
0.0062630057
0.0062583861
0.0062538106
0.006249381
0.0062452239
0.0062415329
0.0062385397
0.0062366313
0.006236269
0.0062383181
0.006243864
0.0062549778
0.0062713377
0.00019778906
0.0016091401
0.0016085919
0.0016075764
0.0016060568
0.0016039938
0.0016013494
0.0015980893
0.001594179
0.0015895942
0.0015843098
0.001578313
0.0015715948
0.0015641575
0.0015560121
0.0015471801
0.0015376927
0.0015275903
0.0015169237
0.0015057477
0.0014941216
0.0014821035
0.0014697463
0.0014570922
0.0014441644
0.0014309625
0.0014174519
0.0014035576
0.0013891549
0.0013740622
0.0013580324
0.0013407484
0.0013218157
0.0013007611
0.0012770359
0.0012500191
0.0012190293
0.0011833507
0.0011422724
0.0010951522
0.0010415159
0.00098120155
0.00091456713
0.00084275505
0.00076796098
0.00069357495
0.00062400708
0.00056420213
0.00051938814
0.00049561792
0.0004999896
0.00053824938
0.0006107828
0.00071163583
0.00083179115
0.00096296343
0.0010993743
0.0012380748
0.0013784539
0.0015214361
0.0016687378
0.0018222487
0.0019836174
0.0021540872
0.0023345838
0.0025259878
0.002729427
0.0029463057
0.0031777865
0.0034239166
0.0036834154
0.0039536859
0.0042310484
0.0045110469
0.0047886419
0.0050590839
0.0053174258
0.0055566654
0.0057729236
0.0059626924
0.006122806
0.0062517541
0.0063498266
0.006418617
0.0064600014
0.0064754907
0.0064682545
0.0064459994
0.0064184464
0.0063924289
0.0063707369
0.0063536569
0.0063405
0.0063303742
0.0063224666
0.0063161181
0.0063108234
0.006306207
0.0063019971
0.0062980006
0.0062940832
0.0062901537
0.006286153
0.0062820467
0.0062778202
0.0062734751
0.0062690288
0.0062645137
0.0062599818
0.0062555031
0.0062511809
0.0062471431
0.0062435858
0.0062407439
0.0062390082
0.0062388468
0.0062411348
0.006246976
0.006258473
0.0062753616
0.00020692646
0.0016396932
0.0016391503
0.001638143
0.0016366347
0.0016345872
0.0016319653
0.0016287344
0.001624868
0.0016203396
0.0016151336
0.0016092384
0.0016026508
0.0015953778
0.0015874349
0.0015788465
0.0015696461
0.0015598754
0.0015495816
0.0015388153
0.0015276267
0.0015160607
0.0015041535
0.0014919231
0.0014793658
0.0014664467
0.0014530922
0.0014391827
0.0014245435
0.001408938
0.0013920616
0.0013735343
0.0013528988
0.0013296219
0.0013030974
0.001272654
0.0012375778
0.0011971458
0.0011506804
0.0010976344
0.0010377134
0.00097105538
0.00089846819
0.00082168753
0.00074355968
0.00066795249
0.00059925433
0.00054177206
0.00049989855
0.00047924445
0.00048677526
0.00052791637
0.00060263805
0.00070488942
0.00082589891
0.0009575486
0.0010941211
0.0012327755
0.0013730047
0.0015158655
0.0016631876
0.0018169153
0.0019786827
0.0021496665
0.0023307086
0.0025226327
0.0027265737
0.0029440136
0.0031761915
0.00342311
0.003683415
0.0039544353
0.0042324405
0.0045129653
0.0047909531
0.0050617714
0.0053201276
0.0055590673
0.005775399
0.00596518
0.0061251876
0.0062539248
0.0063517151
0.0064201882
0.0064612387
0.0064763638
0.0064687564
0.0064462397
0.0064186072
0.0063926465
0.006371069
0.0063541111
0.0063410633
0.0063310294
0.0063231979
0.0063169133
0.0063116737
0.0063071071
0.0063029443
0.0062989943
0.0062951244
0.0062912446
0.006287297
0.006283248
0.0062790836
0.0062748063
0.0062704344
0.0062660008
0.0062615586
0.006257179
0.0062529663
0.0062490506
0.0062456299
0.0062429423
0.0062413827
0.0062414265
0.0062439581
0.0062501005
0.0062619884
0.0062794171
0.00021279501
0.001672803
0.0016722858
0.001671317
0.0016698644
0.0016678885
0.0016653551
0.0016622343
0.0016584966
0.0016541225
0.0016490971
0.0016434088
0.0016370601
0.0016300576
0.0016224173
0.001614163
0.0016053256
0.0015959428
0.0015860531
0.0015756971
0.0015649101
0.0015537184
0.0015421341
0.0015301473
0.0015177204
0.0015047795
0.0014912072
0.0014768345
0.001461433
0.00144471
0.0014262994
0.0014057603
0.0013825789
0.0013561684
0.001325877
0.0012910063
0.0012508429
0.0012047036
0.001152012
0.0010924031
0.0010258774
0.00095301084
0.00087519368
0.00079482939
0.0007153303
0.00064070256
0.00057477852
0.00052081366
0.00048235605
0.00046477646
0.00047500232
0.00051824309
0.00059434203
0.00069743144
0.00081902099
0.00095109156
0.0010878903
0.0012265812
0.0013667398
0.0015095529
0.0016569653
0.0018109756
0.0019731999
0.0021447447
0.0023263666
0.0025188334
0.0027232912
0.0029413051
0.0031741965
0.0034219111
0.0036830223
0.0039547909
0.0042334423
0.0045145114
0.0047929305
0.0050641979
0.005322352
0.00556125
0.0057777252
0.0059675538
0.0061274784
0.0062560202
0.006353538
0.0064216987
0.0064624172
0.0064771789
0.0064692026
0.0064464298
0.0064187242
0.0063928251
0.0063713647
0.0063545301
0.0063415924
0.0063316508
0.0063238959
0.0063176757
0.006312492
0.0063079759
0.0063038611
0.0062999585
0.006296137
0.0062923081
0.0062884146
0.0062844241
0.0062803233
0.0062761153
0.0062718192
0.0062674688
0.0062631183
0.0062588397
0.0062547389
0.0062509477
0.0062476662
0.006245136
0.0062437561
0.0062440089
0.0062467889
0.0062532382
0.0062655246
0.0062835047
0.00020863751
0.0017127431
0.0017122668
0.0017113587
0.0017099812
0.0017080963
0.0017056673
0.0017026619
0.0016990553
0.001694822
0.001689947
0.0016844215
0.0016782433
0.0016714176
0.0016639581
0.0016558854
0.0016472235
0.0016380009
0.0016282466
0.0016179861
0.0016072353
0.0015959992
0.0015842611
0.00157198
0.0015590796
0.0015454444
0.0015309101
0.0015152565
0.0014982032
0.0014793995
0.0014584253
0.0014347936
0.0014079461
0.0013772633
0.0013420807
0.0013017156
0.0012555092
0.0012028917
0.0011434729
0.0010771756
0.0010044163
0.0009263198
0.00084492108
0.00076322181
0.00068490107
0.00061357062
0.00055198096
0.00050219036
0.00046715214
0.00045224612
0.0004644453
0.00050889531
0.00058559471
0.00068904966
0.00081104579
0.00094355269
0.0010806635
0.0012194849
0.0013596569
0.0015024986
0.0016500739
0.0018044349
0.0019671764
0.0021393313
0.0023215704
0.002514606
0.002719598
0.0029382002
0.0031718204
0.0034203356
0.0036822502
0.0039547636
0.0042340654
0.0045157003
0.0047945981
0.0050663646
0.0053241266
0.0055632429
0.0057799194
0.0059698256
0.0061296874
0.0062580471
0.0063553004
0.0064231528
0.0064635408
0.0064779395
0.0064695965
0.0064465729
0.0064188007
0.0063929678
0.006371627
0.0063549169
0.0063420898
0.0063322412
0.0063245633
0.006318408
0.0063132807
0.0063088159
0.0063047497
0.0063008953
0.0062971232
0.0062933461
0.006289508
0.0062855771
0.006281541
0.0062774038
0.006273185
0.0062689195
0.0062646624
0.0062604867
0.0062564999
0.0062528356
0.006249696
0.0062473261
0.0062461292
0.0062465949
0.0062496277
0.0062563898
0.0062690822
0.0062876251
0.00018064541
0.0017597357
0.0017593655
0.0017585916
0.0017573695
0.0017556491
0.0017533858
0.001750538
0.0017470716
0.0017429597
0.0017381772
0.0017327144
0.0017265591
0.0017197137
0.0017121836
0.0017039779
0.0016951133
0.0016856037
0.0016754637
0.0016646982
0.0016533046
0.0016412611
0.0016285245
0.0016150211
0.0016006419
0.0015852347
0.0015685969
0.001550472
0.0015305374
0.0015084095
0.001483645
0.0014557329
0.0014241053
0.001388151
0.0013472381
0.0013007507
0.0012481434
0.001189023
0.0011232588
0.0010511364
0.00097355426
0.00089221452
0.00080972717
0.00072944537
0.00065485064
0.00058861898
0.00053214862
0.00048650065
0.0004544225
0.00044150074
0.00045481149
0.00049958692
0.0005762002
0.00067964289
0.00080193734
0.00093492626
0.0010724444
0.0012114911
0.0013517602
0.0014947078
0.001642521
0.001797304
0.0019606261
0.0021334438
0.0023163402
0.0025099732
0.0027155189
0.0029347238
0.0031690861
0.0034184015
0.0036811132
0.0039543676
0.0042343269
0.0045165535
0.0047959886
0.0050681078
0.0053256554
0.0055650795
0.0057819995
0.0059720084
0.0061318239
0.006260012
0.0063570072
0.0064245545
0.006464613
0.006478649
0.0064699415
0.0064466724
0.0064188395
0.0063930773
0.0063718586
0.0063552742
0.0063425583
0.0063328029
0.0063252025
0.0063191125
0.0063140422
0.0063096292
0.0063056125
0.006301807
0.0062980852
0.0062943608
0.006290579
0.0062867088
0.0062827388
0.0062786735
0.0062745335
0.0062703545
0.0062661924
0.0062621216
0.0062582508
0.0062547155
0.0062517203
0.0062495136
0.0062485029
0.0062491852
0.0062524755
0.0062595557
0.0062726617
0.0062917788
0.00012697338
0.0012048497
0.0018150221
0.0018143339
0.0018131419
0.0018113906
0.0018090366
0.0018060328
0.0018023419
0.0017979286
0.0017927699
0.00178684
0.0017801304
0.001772631
0.0017643407
0.0017552632
0.0017454032
0.0017347663
0.0017233535
0.0017111596
0.0016981647
0.0016843313
0.0016695975
0.0016538702
0.0016370187
0.0016188684
0.0015991961
0.0015777168
0.001554091
0.0015279254
0.0014987622
0.0014660878
0.0014293439
0.0013879477
0.0013413207
0.0012889358
0.0012303888
0.0011654909
0.0010944044
0.00101782
0.00093714263
0.00085463077
0.00077333845
0.00069666584
0.00062745766
0.00056711519
0.00051572811
0.00047372606
0.00044394951
0.00043225233
0.00044582677
0.00049011918
0.00056604595
0.00066915866
0.0007916752
0.00092520732
0.0010632359
0.0012026081
0.0013430625
0.0014861981
0.0016343292
0.0017896096
0.0019535787
0.0021271131
0.002310708
0.0025049674
0.0027110856
0.002930905
0.0031660181
0.0034161284
0.0036796294
0.003953622
0.00423425
0.0045171005
0.0047971465
0.0050694157
0.0053269912
0.0055667891
0.0057839839
0.0059741152
0.0061338972
0.0062619218
0.0063586634
0.0064259079
0.0064656373
0.0064793108
0.0064702406
0.0064467311
0.0064188437
0.0063931565
0.0063720621
0.0063556044
0.0063430002
0.0063333384
0.0063258157
0.0063197914
0.0063147786
0.0063104181
0.0063064513
0.0063026956
0.0062990248
0.006295354
0.0062916295
0.0062878211
0.0062839182
0.0062799262
0.0062758663
0.0062717752
0.0062677097
0.0062637456
0.0062599927
0.0062565887
0.0062537403
0.0062516995
0.0062508781
0.0062517807
0.0062553327
0.0062627367
0.0062762637
0.0062959665
0.00010179
0.00094298489
0.0018674433
0.0018669161
0.001865799
0.0018640426
0.0018615914
0.0018584017
0.0018544238
0.0018496235
0.0018439638
0.0018374224
0.0018299777
0.0018216186
0.0018123392
0.0018021378
0.0017910157
0.0017789741
0.001766011
0.0017521153
0.0017372625
0.0017214099
0.0017044877
0.0016863944
0.0016669898
0.0016460898
0.0016234501
0.0015987738
0.0015717164
0.0015418668
0.0015087563
0.0014718655
0.0014306397
0.0013845143
0.001332952
0.0012755019
0.0012118897
0.0011421287
0.0010666825
0.00098665941
0.0009039827
0.00082143936
0.00074240597
0.00067008075
0.00060638724
0.00055136663
0.00050403581
0.00046453473
0.00043596374
0.00042444706
0.00043731126
0.00048031107
0.00055500421
0.00065752843
0.00078024169
0.00091441829
0.0010530881
0.0011929012
0.0013336352
0.0014770423
0.0016255695
0.0017814189
0.0019460963
0.0021203963
0.0023047248
0.0024996338
0.0027063377
0.0029267773
0.0031626434
0.003413538
0.0036778207
0.0039525524
0.0042338663
0.0045173798
0.0047981129
0.0050703056
0.0053281734
0.0055683974
0.0057858909
0.0059761592
0.0061359165
0.0062637829
0.0063602739
0.0064272166
0.006466617
0.0064799279
0.0064704969
0.0064467519
0.006418816
0.006393208
0.00637224
0.0063559099
0.0063434177
0.0063338497
0.0063264051
0.0063204469
0.0063154919
0.0063111843
0.0063072682
0.0063035629
0.0062999438
0.0062963275
0.0062926611
0.0062889156
0.0062850808
0.0062811632
0.0062771848
0.0062731829
0.0062692157
0.0062653598
0.0062617268
0.0062584561
0.0062557569
0.0062538845
0.0062532555
0.0062543819
0.0062582
0.0062659333
0.0062798886
0.0063001888
8.7763042e-05
0.00079447157
0.0019258049
0.0019254079
0.0019243187
0.001922485
0.0019198395
0.0019163263
0.0019118943
0.0019064949
0.0019000878
0.0018926437
0.0018841372
0.0018745532
0.0018638839
0.0018521294
0.0018392908
0.0018253742
0.0018103816
0.0017943063
0.0017771307
0.0017588161
0.0017392974
0.0017184758
0.001696213
0.001672321
0.0016465467
0.0016185897
0.0015880966
0.0015546416
0.001517741
0.0014768624
0.0014314433
0.001380922
0.0013247875
0.001262655
0.0011943701
0.0011201554
0.0010408081
0.00095790632
0.00087394599
0.00079224507
0.00071636985
0.00064902055
0.0005908922
0.00054061656
0.00049639754
0.00045838332
0.00043005643
0.00041781483
0.00042913769
0.0004701538
0.00054313599
0.0006448425
0.00076774157
0.00090267747
0.0010421304
0.0011825043
0.001323611
0.001467367
0.0016163595
0.0017728388
0.001938274
0.002113375
0.0022984597
0.0024940288
0.0027013207
0.0029223775
0.0031589913
0.0034106566
0.0036757164
0.003951193
0.0042332156
0.0045174388
0.0047988673
0.0050708648
0.0053292415
0.0055699291
0.0057877378
0.0059781526
0.0061378905
0.0062656013
0.0063618428
0.006428484
0.0064675551
0.0064805031
0.0064707131
0.0064467376
0.006418759
0.0063932341
0.0063723945
0.0063561928
0.006343813
0.0063343389
0.0063269725
0.0063210806
0.006316184
0.0063119298
0.0063080648
0.0063044106
0.006300844
0.0062972829
0.0062936756
0.0062899937
0.0062862282
0.006282386
0.0062784902
0.006274579
0.0062707114
0.0062669655
0.0062634541
0.0062603187
0.0062577708
0.0062560696
0.0062556358
0.0062569896
0.006261078
0.0062691459
0.0062835372
0.0063044463
8.0189146e-05
0.00071055146
0.001999521
0.0019991739
0.0019979968
0.001995902
0.0019928308
0.0019887021
0.0019834551
0.0019770369
0.0019693981
0.0019605025
0.0019503236
0.0019388489
0.0019260767
0.0019120121
0.0018966714
0.0018800744
0.001862239
0.0018431796
0.0018228966
0.0018013712
0.0017785553
0.0017543654
0.0017286757
0.0017012978
0.0016719765
0.0016404096
0.0016062281
0.0015689852
0.0015281703
0.0014832215
0.0014335494
0.0013785763
0.0013178006
0.0012508959
0.0011778389
0.0010991006
0.0010158866
0.00093035322
0.00084567563
0.00076570967
0.00069400571
0.00063235785
0.00057989086
0.00053385297
0.00049195445
0.00045462783
0.00042581923
0.0004121801
0.00042133409
0.0004598155
0.00053067035
0.00063133155
0.00075438652
0.00089018093
0.0010305489
0.0011715949
0.0013131569
0.0014573279
0.0016068421
0.0017639978
0.0019302235
0.0021061447
0.0022919897
0.0024882138
0.0026960829
0.0029177456
0.0031550938
0.003407518
0.0036733548
0.003949587
0.0042323454
0.0045173353
0.0047992818
0.0050712896
0.0053302335
0.0055714069
0.005789541
0.0059801069
0.0061398271
0.0062673825
0.0063633742
0.0064297134
0.0064684544
0.0064810391
0.0064708917
0.0064466906
0.0064186749
0.006393237
0.0063725277
0.0063564551
0.0063441878
0.0063348078
0.0063275198
0.0063216945
0.0063168565
0.0063126561
0.0063088429
0.0063052402
0.0063017268
0.0062982217
0.0062946742
0.0062910569
0.0062873615
0.006283596
0.0062797839
0.0062759646
0.006272198
0.0062685636
0.0062651756
0.0062621774
0.0062597831
0.0062582554
0.0062580198
0.0062596044
0.0062639673
0.0062723753
0.0062872098
0.0063087395
7.8868824e-05
0.00068247211
0.0019085862
0.0020901695
0.0020886796
0.0020860562
0.0020822091
0.0020770578
0.0020705289
0.0020625519
0.0020530797
0.0020420709
0.0020295048
0.0020153757
0.0019996939
0.0019824849
0.0019637868
0.0019436468
0.0019221126
0.0018992301
0.0018750309
0.0018495259
0.0018226946
0.0017944742
0.0017647574
0.0017333494
0.001699992
0.0016643808
0.0016261159
0.0015847164
0.0015396283
0.0014902421
0.0014359252
0.0013760728
0.0013101908
0.0012380269
0.0011597385
0.0010761377
0.00098898261
0.00090118611
0.00081673531
0.00073995425
0.00067396544
0.00061905196
0.00057243759
0.00053018804
0.00048995351
0.00045272144
0.00042294238
0.00040746819
0.00041402781
0.0004495611
0.00051792881
0.00061730842
0.00074045308
0.0008771705
0.0010185597
0.0011603676
0.0013024497
0.0014470864
0.001597164
0.0017550258
0.0019220578
0.0020987974
0.0022853881
0.0024822469
0.0026906732
0.0029129213
0.0031509893
0.0034041696
0.0036707854
0.0039477876
0.0042313109
0.0045171273
0.0047993727
0.0050716312
0.005331181
0.0055728518
0.005791315
0.0059820325
0.0061417334
0.0062691314
0.0063648717
0.0064309075
0.0064693175
0.0064815385
0.0064710354
0.0064466134
0.0064185662
0.006393219
0.0063726416
0.0063566987
0.006344544
0.0063352582
0.0063280486
0.0063222901
0.006317511
0.0063133649
0.0063096038
0.0063060533
0.0063025937
0.0062991453
0.0062956583
0.0062921065
0.0062884822
0.0062847942
0.006281067
0.0062773408
0.0062736766
0.0062701551
0.0062668921
0.006264033
0.0062617944
0.0062604427
0.0062604081
0.0062622269
0.0062668684
0.0062756217
0.0062909069
0.0063130693
8.621804e-05
0.00072832603
0.0019687507
0.0021822683
0.0021803105
0.002176977
0.0021721569
0.0021657642
0.0021577152
0.0021479376
0.0021363793
0.0021230015
0.002107793
0.0020907578
0.0020719256
0.0020513427
0.0020290744
0.0020051949
0.0019797851
0.0019529204
0.0019246643
0.0018950556
0.0018640953
0.0018317384
0.0017978834
0.0017623259
0.0017247956
0.0016849702
0.0016424131
0.0015965963
0.0015469124
0.0014926982
0.0014332775
0.0013680302
0.0012965042
0.0012185774
0.0011346904
0.0010461654
0.00095553498
0.00086669535
0.00078451697
0.00071346903
0.0006554696
0.00060852751
0.00056786458
0.0005288903
0.00048974369
0.0004521919
0.0004211668
0.00040362885
0.00040734891
0.00043964991
0.00050523124
0.00060308984
0.00072622153
0.00086388732
0.0010063726
0.0011490066
0.001291653
0.0014367895
0.0015874563
0.0017460378
0.0019138729
0.0020914112
0.0022787169
0.0024761818
0.0026851398
0.0029079512
0.0031467293
0.003400667
0.0036680645
0.003944128
0.0042301686
0.0045168574
0.0047991757
0.0050719297
0.0053321096
0.0055742817
0.0057930728
0.0059839381
0.0061436155
0.0062708523
0.0063663383
0.0064320689
0.0064701466
0.0064820035
0.0064711463
0.0064465082
0.0064184349
0.0063931819
0.006372738
0.0063569252
0.0063448833
0.0063356915
0.0063285605
0.006322869
0.006318149
0.0063140575
0.0063103491
0.0063068513
0.006303446
0.0063000549
0.0062966292
0.0062931436
0.0062895913
0.0062859818
0.0062823405
0.0062787086
0.0062751481
0.006271741
0.0062686045
0.0062658864
0.0062638055
0.0062626321
0.0062628013
0.0062648576
0.0062697818
0.0062788859
0.0062946292
0.0063174361
0.00010734725
0.00088134666
0.0022353244
0.0022426445
0.0022401807
0.0022361818
0.0022305405
0.002223158
0.0022139473
0.0022028376
0.0021897749
0.002174727
0.0021576828
0.0021386555
0.0021176802
0.0020948126
0.0020701268
0.0020437076
0.0020156448
0.0019860234
0.0019549127
0.0019223546
0.0018883518
0.0018528649
0.0018157424
0.0017767643
0.0017356765
0.0016921008
0.0016455569
0.0015954706
0.0015411888
0.0014820118
0.00141725
0.0013463158
0.0012688803
0.0011850731
0.0010958029
0.0010031606
0.00091075245
0.00082366924
0.00074749033
0.00068599224
0.00063867333
0.00060065452
0.00056563248
0.00052925113
0.00049068138
0.00045257004
0.00042021944
0.00040057119
0.00040136374
0.00043026858
0.00049283094
0.00058893841
0.00071192744
0.00085053311
0.00099416159
0.0011376624
0.0012808989
0.0014265549
0.0015778231
0.0017371228
0.0019057412
0.0020840428
0.0022720263
0.0024700655
0.0026795294
0.0029028885
0.0030929305
0.0032959068
0.0035257601
0.0037861421
0.0040825905
0.0044228655
0.0047987801
0.0050722201
0.0053330411
0.0055757122
0.005794825
0.0059858312
0.0061454784
0.0062725486
0.0063677767
0.0064331998
0.0064709439
0.0064824361
0.0064712266
0.0064463772
0.006418283
0.0063931276
0.0063728186
0.0063571363
0.0063452071
0.0063361094
0.0063290569
0.0063234324
0.0063187719
0.0063147353
0.0063110799
0.0063076353
0.0063042849
0.0063009517
0.0062975881
0.0062941694
0.0062906899
0.0062871598
0.0062836055
0.006280069
0.0062766134
0.006273322
0.0062703137
0.0062677382
0.006265817
0.0062648243
0.0062652
0.006267497
0.0062727079
0.0062821681
0.0062983771
0.0063218407
0.00014780575
0.0011469574
0.0022596148
0.002258137
0.0022551872
0.0022506656
0.002244466
0.0022364927
0.0022266611
0.0022148996
0.0022011543
0.0021853907
0.0021675939
0.0021477714
0.0021259524
0.0021021831
0.0020765261
0.0020490535
0.0020198392
0.0019889498
0.0019564341
0.0019223117
0.0018865729
0.0018490978
0.0018097085
0.0017682099
0.0017242806
0.0016774992
0.0016273429
0.0015731999
0.0015143905
0.0014502129
0.0013800175
0.0013033458
0.0012201103
0.0011308923
0.0010373655
0.0009427479
0.00085205908
0.00077159312
0.0007068549
0.00065931282
0.00062471851
0.00059551313
0.00056514231
0.00053049906
0.00049210194
0.0004533775
0.00041979839
0.00039814257
0.00039604765
0.00042149825
0.00048087862
0.00057502805
0.00069773215
0.00083724681
0.00098204756
0.0011264395
0.0012702791
0.0014164643
0.0015683355
0.0017283386
0.0018977084
0.0020767328
0.0022653558
0.0024639365
0.0026574887
0.0028088452
0.0029811609
0.0031770009
0.003398684
0.0036499583
0.0039359104
0.0042634145
0.0046416706
0.0050725333
0.0053339934
0.0055771561
0.0057965806
0.0059877178
0.0061473263
0.0062742234
0.0063691891
0.0064343021
0.0064717112
0.0064828383
0.0064712782
0.0064462222
0.0064181124
0.0063930578
0.006372885
0.0063573334
0.0063455169
0.0063365131
0.0063295391
0.0063239818
0.0063193809
0.0063153995
0.0063117975
0.0063084065
0.0063051116
0.006301837
0.0062985359
0.006295185
0.006291779
0.0062883293
0.0062848628
0.0062814228
0.0062780732
0.0062748989
0.0062720203
0.0062695892
0.0062678296
0.0062670198
0.0062676047
0.0062701456
0.0062756474
0.0062854689
0.0063021511
0.0063262836
0.00021256427
0.0015035371
0.0022392105
0.0022372786
0.0022338857
0.0022289419
0.0022223464
0.0022140101
0.0022038491
0.0021917925
0.0021777847
0.0021617862
0.0021437756
0.0021237471
0.0021017172
0.0020777153
0.0020517804
0.0020239603
0.0019942998
0.0019628334
0.0019295791
0.0018945249
0.0018575595
0.0018185405
0.0017773104
0.0017335979
0.0016870314
0.0016371446
0.0015833783
0.0015250968
0.001461626
0.0013923102
0.0013166258
0.0012343678
0.0011458981
0.0010525528
0.00095717901
0.00086457272
0.00078137179
0.00071443541
0.00066729308
0.00063693312
0.00061501404
0.00059295751
0.00056564936
0.00053187621
0.00049342483
0.00045420957
0.00041962713
0.00039616258
0.00039130625
0.00041332531
0.00046942476
0.00056144219
0.00068372098
0.00082410443
0.00097009973
0.0011153984
0.0012598473
0.0014065656
0.0015590334
0.0017197163
0.0018898007
0.0020695104
0.0022587406
0.0024392276
0.0025699703
0.0027171597
0.0028840423
0.0030730468
0.003287394
0.0035306314
0.0038075572
0.0041246004
0.0044898208
0.0049146066
0.0053349806
0.0055786229
0.0057983468
0.0059896024
0.0061491623
0.0062758789
0.0063705773
0.0064353774
0.0064724501
0.0064832119
0.0064713031
0.0064460451
0.0064179249
0.0063929741
0.0063729386
0.0063575179
0.0063458139
0.0063369038
0.0063300083
0.0063245182
0.0063199771
0.0063160513
0.0063125031
0.0063091661
0.0063059272
0.0063027116
0.0062994738
0.0062961912
0.0062928596
0.006289491
0.0062861134
0.0062827708
0.0062795285
0.0062764725
0.006273725
0.0062714399
0.0062698438
0.0062692192
0.0062700158
0.006272804
0.0062786006
0.0062887888
0.0063059517
0.0063307657
0.00030543772
0.0018837394
0.0021934323
0.0021911085
0.0021873276
0.0021820057
0.0021750414
0.0021663488
0.0021558522
0.0021434764
0.0021291675
0.0021128818
0.0020945905
0.0020742821
0.0020519545
0.0020276215
0.0020013015
0.0019730139
0.0019427779
0.0019106055
0.0018764305
0.0018401605
0.0018017253
0.0017609605
0.0017176257
0.0016713972
0.0016218616
0.0015685163
0.0015107821
0.001448028
0.0013796309
0.0013050616
0.001224061
0.0011368609
0.001044578
0.00094977335
0.0008570084
0.00077304715
0.00070569137
0.00066026864
0.00063525414
0.00062195304
0.0006099272
0.00059221981
0.00056629407
0.00053276508
0.00049426346
0.0004548139
0.00041951485
0.0003944771
0.00038702578
0.00040568591
0.00045845573
0.0005482016
0.00066992479
0.00081113704
0.00095835066
0.0011045681
0.0012496283
0.00139688
0.0015499333
0.0017112698
0.0018820348
0.0020624034
0.0022443109
0.0023629978
0.0024919787
0.0026356733
0.0027970031
0.0029799336
0.0031875791
0.0034235728
0.0036926752
0.0040012363
0.0043565256
0.0047661773
0.0052496244
0.0055801199
0.0058001286
0.0059914886
0.0061509885
0.0062775166
0.0063719426
0.006436427
0.0064731621
0.0064835584
0.0064713029
0.0064458478
0.0064177221
0.006392878
0.0063729808
0.006357691
0.0063460994
0.0063372829
0.0063304656
0.0063250429
0.0063205617
0.0063166916
0.0063131975
0.0063099151
0.0063067325
0.0063035765
0.0063004026
0.006297189
0.0062939325
0.0062906458
0.0062873579
0.0062841138
0.0062809798
0.0062780434
0.0062754284
0.0062732909
0.0062718603
0.006271423
0.006272434
0.0062754725
0.0062815678
0.0062921281
0.0063097794
0.0063352876
0.00042498486
0.0021209227
0.0021198223
0.0021173729
0.00211347
0.0021080068
0.0021008852
0.0020920022
0.0020812801
0.0020686494
0.0020540444
0.0020374237
0.0020187497
0.0019979988
0.0019751662
0.0019502425
0.0019232405
0.0018941572
0.001862947
0.0018295628
0.0017939695
0.0017560828
0.0017157588
0.0016727929
0.0016269007
0.0015777199
0.0015248098
0.0014676527
0.0014056815
0.0013383203
0.0012650748
0.0011856871
0.0011003355
0.0010100266
0.00091715005
0.0008261148
0.00074375033
0.00067848237
0.00063697756
0.00061899547
0.00061568097
0.00061496876
0.00060825669
0.0005920471
0.00056628865
0.00053278343
0.00049445342
0.00045509661
0.00041936989
0.00039298661
0.00038311272
0.00039850978
0.00044793523
0.00053530009
0.0006563496
0.00079835399
0.00094681478
0.0010939604
0.0012396306
0.0013874133
0.0015410405
0.0017030072
0.0018744287
0.0020554479
0.0021739034
0.0022933137
0.0024210506
0.0025611726
0.0027184476
0.002896359
0.0030981648
0.0033276043
0.0035893999
0.0038899169
0.0042362086
0.0046358458
0.005099954
0.0055816378
0.0058019294
0.0059933786
0.0061528065
0.0062791376
0.006373286
0.006437452
0.0064738483
0.0064838793
0.0064712791
0.0064456317
0.0064175054
0.0063927709
0.0063730128
0.006357854
0.0063463744
0.0063376512
0.0063309122
0.0063255567
0.0063211356
0.0063173215
0.0063138819
0.0063106543
0.0063075286
0.0063044327
0.0063013232
0.0062981793
0.0062949985
0.0062917945
0.0062885971
0.0062854524
0.0062824278
0.0062796123
0.0062771311
0.0062751428
0.0062738795
0.0062736316
0.0062748595
0.0062781516
0.0062845497
0.0062954873
0.0063136348
0.00633985
0.00056984463
0.0020134148
0.0020121895
0.0020095886
0.0020054919
0.0019998052
0.001992429
0.0019832679
0.0019722274
0.0019592359
0.0019442281
0.0019271537
0.0019079685
0.0018866545
0.001863167
0.0018374805
0.0018095816
0.0017794401
0.0017470298
0.0017123089
0.0016751971
0.0016355726
0.0015932581
0.0015480152
0.0014995328
0.0014474283
0.001391248
0.001330495
0.0012646619
0.0011933118
0.0011162282
0.0010336164
0.00094647245
0.00085715683
0.00077006321
0.00069213526
0.00063222061
0.00059775997
0.00058916923
0.00059725779
0.00060864127
0.0006134905
0.00060774933
0.00059114031
0.00056509096
0.00053179815
0.00049400925
0.00045508092
0.00041918056
0.00039164899
0.00037951214
0.00039174782
0.00043783487
0.0005227334
0.00064300085
0.00078576202
0.00093550288
0.0010835817
0.0012298572
0.0013781671
0.0015323591
0.0016949394
0.0018670027
0.0019902992
0.0021086743
0.0022290348
0.0023553315
0.002493347
0.0026473336
0.0028209939
0.0030176846
0.0032412397
0.0034964127
0.0037895003
0.0041271943
0.004517465
0.0049689134
0.0055043424
0.0058037507
0.0059952737
0.0061546169
0.0062807427
0.0063746083
0.0064384532
0.00647451
0.0064841759
0.0064712333
0.0064453984
0.0064172764
0.0063926539
0.0063730357
0.0063580079
0.0063466399
0.0063380098
0.0063313489
0.0063260607
0.0063216998
0.0063179419
0.006314557
0.0063113846
0.0063083162
0.0063052809
0.0063022363
0.0062991626
0.0062960583
0.0062929377
0.0062898317
0.0062867874
0.0062838732
0.0062811797
0.0062788337
0.0062769962
0.0062759018
0.0062758456
0.0062772929
0.0062808416
0.0062875465
0.0062988668
0.0063175182
0.0063444536
0.00083145243
0.0018603553
0.0018590022
0.0018562186
0.0018519261
0.0018460065
0.0018383696
0.001828925
0.0018175801
0.0018042594
0.0017888923
0.0017714255
0.0017517998
0.0017299658
0.0017059006
0.0016795797
0.0016509804
0.001620075
0.0015868137
0.0015511321
0.0015129215
0.0014720382
0.001428277
0.0013813774
0.0013310143
0.0012767992
0.0012183081
0.0011551113
0.0010868622
0.0010134264
0.00093510206
0.00085299525
0.00076959022
0.00068944732
0.00061971957
0.00056945667
0.00054612537
0.00054974001
0.00057029032
0.00059359545
0.00060943833
0.00061376225
0.00060641046
0.00058875624
0.00056260488
0.00052995181
0.00049309579
0.00045487551
0.00041899468
0.00039047071
0.00037620905
0.00038538135
0.00042814832
0.00051051521
0.00062989689
0.00077337456
0.0009244302
0.0010734399
0.0012203128
0.0013691476
0.0015238952
0.0016828041
0.0018055338
0.0019277566
0.0020484315
0.0021690185
0.0022949671
0.0024314045
0.0025827569
0.0027527976
0.0029449891
0.0031632366
0.0034123985
0.0036986091
0.0040283477
0.0044097302
0.0048512558
0.0053674636
0.0058055834
0.0059971743
0.0061564198
0.0062823318
0.0063759096
0.0064394313
0.006475148
0.0064844493
0.0064711668
0.0064451493
0.0064170363
0.0063925283
0.0063730507
0.0063581536
0.006346897
0.0063383597
0.0063317767
0.0063265557
0.0063222551
0.0063185536
0.0063152236
0.0063121068
0.0063090961
0.0063061218
0.0063031427
0.0063001399
0.0062971126
0.0062940762
0.0062910624
0.0062881192
0.0062853166
0.0062827462
0.0062805367
0.0062788514
0.0062779278
0.0062780652
0.0062797346
0.006283543
0.0062905586
0.006302267
0.0063214302
0.0063490991
0.0013198616
0.0016525043
0.0016509402
0.0016479628
0.0016434513
0.0016373193
0.0016294783
0.0016198225
0.0016082897
0.0015947875
0.0015792574
0.0015616399
0.001541899
0.0015199954
0.0014958991
0.0014695773
0.0014410002
0.0014101279
0.0013768964
0.0013412182
0.0013029697
0.0012619819
0.0012180394
0.0011708633
0.0011201389
0.001065516
0.0010066604
0.00094334668
0.00087557909
0.00080383869
0.00072948923
0.00065533999
0.0005863305
0.00052990747
0.00049495295
0.00048781524
0.00050659554
0.00053991762
0.00057375427
0.00059878576
0.00061167072
0.00061261651
0.00060309264
0.00058472461
0.00055902296
0.00052749328
0.00049190191
0.00045459363
0.00041887082
0.0003894773
0.00037321139
0.00037941435
0.00041888979
0.00049867907
0.00061706894
0.0007612127
0.0009136172
0.0010635465
0.001211008
0.0013603612
0.0014988441
0.0016210646
0.0017463174
0.0018707916
0.0019924149
0.0021138115
0.0022395796
0.0023748371
0.0025240102
0.0026909237
0.0028791288
0.0030925638
0.0033362708
0.0036160774
0.0039384256
0.004311349
0.0047436716
0.0052460247
0.0058074192
0.0059990803
0.0061582148
0.0062839048
0.0063771903
0.0064403867
0.006475763
0.0064847007
0.0064710809
0.0064448857
0.0064167864
0.0063923953
0.0063730587
0.0063582921
0.0063471465
0.0063387016
0.0063321963
0.0063270425
0.0063228022
0.0063191573
0.0063158826
0.0063128217
0.006309869
0.0063069563
0.0063040431
0.0063011117
0.006298162
0.0062952105
0.0062922896
0.0062894486
0.0062867583
0.0062843122
0.0062822405
0.0062807089
0.0062799578
0.006280291
0.0062821848
0.0062862562
0.0062935865
0.0063056884
0.0063253714
0.0063537873
0.0013897305
0.0013895728
0.0013880931
0.0013851788
0.0013807408
0.0013746982
0.0013669617
0.0013574658
0.0013461386
0.0013329309
0.0013177839
0.0013006614
0.0012815355
0.0012603806
0.001237168
0.0012118844
0.0011844818
0.0011549204
0.0011231323
0.0010890101
0.0010524123
0.0010131561
0.00097101168
0.00092571912
0.00087701239
0.00082467323
0.00076861467
0.00070905196
0.00064678259
0.0005835929
0.00052283922
0.00047003252
0.00043281767
0.00041908246
0.00043237008
0.00046739161
0.00051170534
0.00055305292
0.00058432613
0.00060344353
0.00061101228
0.00060853521
0.00059753204
0.00057922216
0.00055460153
0.00052462205
0.00049054896
0.00045430172
0.00041884507
0.00038868932
0.00037053206
0.00037386043
0.00041008424
0.00048726861
0.00060455654
0.00074930637
0.00090308815
0.0010539166
0.0012019522
0.0013277766
0.0014441715
0.0015674066
0.0016936398
0.0018187331
0.001941369
0.0020633076
0.0021889406
0.0023232202
0.0024705109
0.0026346748
0.0028193035
0.0030283704
0.0032670792
0.0035409125
0.0038563809
0.0042213781
0.0046450278
0.0051363894
0.0057199549
0.00600099
0.006160001
0.0062854611
0.00637845
0.0064413197
0.0064763558
0.006484931
0.0064709768
0.0064446089
0.0064165278
0.0063922557
0.0063730606
0.0063584242
0.0063473891
0.0063390363
0.0063326086
0.0063275219
0.006323342
0.0063197538
0.0063165347
0.00631353
0.0063106357
0.0063077848
0.0063049381
0.0063020786
0.0062992072
0.0062963412
0.006293514
0.0062907759
0.006288199
0.0062858782
0.0062839455
0.0062825691
0.0062819923
0.0062825232
0.006284644
0.0062889813
0.0062966304
0.0063091313
0.0063293422
0.0063585189
0.0010820449
0.0010820783
0.0010808696
0.0010783514
0.0010744738
0.0010691442
0.0010623064
0.0010539012
0.0010438877
0.0010322292
0.0010188957
0.0010038594
0.00098709916
0.00096859774
0.00094833955
0.00092627635
0.00090237278
0.00087655588
0.00084872198
0.00081874174
0.00078644701
0.00075163939
0.00071410697
0.00067366865
0.000630224
0.00058388117
0.00053514683
0.00048523858
0.00043651842
0.0003930284
0.00036078687
0.00034699162
0.00035705533
0.00039018238
0.00043794501
0.00048876502
0.00053357636
0.00056794846
0.0005908425
0.00060309306
0.00060620929
0.00060156446
0.00059016525
0.00057268673
0.00054962564
0.00052149399
0.00048910976
0.00045403166
0.0004189338
0.00038811749
0.00036818064
0.00036873353
0.00040175739
0.00047632728
0.00059240279
0.00073769631
0.00089286848
0.0010445639
0.0011751518
0.0012821236
0.0013982069
0.0015209245
0.0016467216
0.0017721592
0.0018952242
0.0020174088
0.0021428073
0.0022761729
0.0024217687
0.0025834606
0.0027648311
0.0029699379
0.0032039915
0.0034722674
0.003781303
0.0041388772
0.0045541427
0.0050357922
0.0056027571
0.0060028947
0.0061617772
0.006287
0.0063796886
0.0064422304
0.0064769269
0.006485141
0.0064708556
0.00644432
0.0064162617
0.0063921106
0.0063730573
0.0063585506
0.0063476257
0.0063393646
0.0063330142
0.0063279945
0.0063238751
0.0063203438
0.0063171804
0.0063142321
0.0063113966
0.0063086081
0.0063058283
0.0063030412
0.0063002486
0.0062974687
0.0062947359
0.0062921016
0.006289639
0.0062874446
0.0062856522
0.0062844324
0.0062840315
0.0062847623
0.0062871125
0.0062917189
0.0062996907
0.0063125961
0.006333343
0.0063632948
0.00078145787
0.00078153719
0.00078064673
0.00077873069
0.00077573245
0.00077163518
0.00076637822
0.00075993103
0.00075227326
0.00074336818
0.00073319534
0.00072173167
0.00070895161
0.00069481147
0.00067926014
0.00066223167
0.00064362873
0.00062333698
0.00060120818
0.00057707251
0.00055074896
0.00052207759
0.00049095297
0.00045742092
0.00042181612
0.00038497757
0.00034859106
0.00031561703
0.00029064977
0.0002796412
0.00028811925
0.0003177604
0.00036395418
0.00041768809
0.00047004798
0.00051513668
0.00055028735
0.00057509203
0.00059044567
0.00059771578
0.00059813944
0.0005926169
0.00058167532
0.00056554763
0.00054433403
0.00051820707
0.00048761532
0.00045378972
0.00041913694
0.00038776172
0.00036615946
0.00036404224
0.00039392932
0.00046588476
0.00058066865
0.00072644217
0.00088298216
0.001035532
0.0011388172
0.001244757
0.0013593883
0.0014806389
0.0016056929
0.0017308074
0.0018538253
0.001975917
0.0021009141
0.0022333451
0.0023773539
0.0025367657
0.0027151342
0.0029166301
0.0031463122
0.0034094081
0.003712409
0.0040630214
0.0044702472
0.004943157
0.0054967037
0.0060047874
0.0061635421
0.0062885204
0.0063809054
0.0064431189
0.0064774767
0.0064853316
0.0064707182
0.0064440202
0.0064159889
0.0063919608
0.0063730494
0.0063586722
0.0063478568
0.006339687
0.0063334137
0.0063284611
0.0063244021
0.0063209278
0.0063178203
0.0063149289
0.0063121525
0.0063094266
0.0063067142
0.006304
0.0063012868
0.0062985937
0.006295956
0.0062934262
0.0062910789
0.0062890119
0.006287361
0.0062862992
0.0062860759
0.0062870085
0.0062895907
0.0062944692
0.0063027678
0.0063160833
0.0063373745
0.0063681157
0.00054832995
0.00054833019
0.00054772881
0.00054648822
0.00054456522
0.00054193751
0.00053857915
0.00053445435
0.00052952027
0.00052375604
0.00051710357
0.00050951126
0.00050091432
0.00049123035
0.00048035256
0.00046815869
0.00045450623
0.00043923379
0.00042217199
0.0004031579
0.00038207547
0.00035890642
0.00033383079
0.00030737833
0.00028067574
0.0002557791
0.00023603086
0.00022611111
0.00023115655
0.00025443088
0.00029467054
0.00034593889
0.00040050292
0.00045181886
0.00049594948
0.00053105482
0.00055689998
0.00057436769
0.00058466176
0.00058892014
0.00058802327
0.00058250637
0.00057254675
0.00055805417
0.00053883244
0.00051477524
0.00048604468
0.00045355086
0.00041943524
0.00038760849
0.00036446024
0.000359786
0.00038661225
0.00045598047
0.00056939367
0.00071557489
0.00087344341
0.0010111255
0.001109635
0.0012140613
0.0013266127
0.0014462136
0.0015700208
0.0016943486
0.0018168952
0.0019385729
0.002062972
0.0021944051
0.0023368764
0.0024941392
0.0026697148
0.0028678839
0.0030934523
0.0033516892
0.0036490182
0.003993078
0.0043926596
0.0048572876
0.0053989351
0.0060066659
0.0061652943
0.006290021
0.0063821001
0.0064439851
0.0064780057
0.0064855036
0.0064705657
0.0064437103
0.0064157105
0.006391807
0.0063730378
0.0063587895
0.0063480832
0.0063400043
0.0063338078
0.006328922
0.0063249236
0.0063215065
0.0063184551
0.0063156207
0.0063129037
0.006310241
0.0063075963
0.0063049554
0.0063023222
0.0062997165
0.0062971746
0.0062947501
0.0062925189
0.0062905804
0.0062890722
0.0062881698
0.0062881258
0.0062892622
0.0062920787
0.0062972326
0.006305862
0.0063195931
0.0063414372
0.0063729824
0.00040823792
0.00040814587
0.00040774084
0.0004069942
0.00040587592
0.00040434853
0.00040237087
0.00039989526
0.00039686608
0.00039321586
0.00038887009
0.00038372975
0.00037769064
0.00037062979
0.00036240157
0.00035285152
0.00034181341
0.00032912675
0.00031465011
0.00029830774
0.0002801405
0.0002604163
0.00023978833
0.00021953674
0.00020188386
0.00019024934
0.00018906645
0.00020257011
0.00023249865
0.00027636245
0.00032831518
0.00038178556
0.00043181848
0.00047512663
0.00051011626
0.00053674734
0.00055577998
0.00056830239
0.00057540741
0.00057799019
0.00057624903
0.00057170584
0.00056302055
0.00055029017
0.00053311048
0.00051116423
0.00048433305
0.00045325999
0.00041978869
0.0003876294
0.0003630628
0.00035595349
0.00037980953
0.00044661793
0.00055861915
0.00070515307
0.00086429333
0.00098876907
0.0010861207
0.0011887981
0.0012992045
0.0014169159
0.0015391824
0.0016623647
0.0017840937
0.0019050704
0.0020286808
0.0021590319
0.0022999718
0.002455188
0.0026281485
0.0028231878
0.0030448928
0.0032985541
0.0035905378
0.0039284014
0.0043207494
0.0047774523
0.0053086363
0.0059428806
0.0061670319
0.0062915006
0.0063832717
0.0064448289
0.0064785141
0.0064856575
0.0064703989
0.0064433915
0.0064154272
0.0063916502
0.0063730231
0.0063589032
0.0063483053
0.0063403169
0.006334197
0.006329378
0.0063254402
0.0063220802
0.0063190852
0.0063163081
0.0063136509
0.0063110515
0.006308475
0.006305908
0.0063033552
0.0063008375
0.0062983921
0.0062960737
0.0062939595
0.0062921504
0.006290786
0.0062900445
0.0062901814
0.0062915236
0.0062945769
0.0063000092
0.0063089735
0.006323126
0.0063455315
0.0063778958
0.00033654309
0.00033636211
0.00033599599
0.00033541461
0.00033457809
0.00033343585
0.00033193694
0.00033001324
0.00032759137
0.00032458013
0.00032088025
0.000316375
0.00031092988
0.00030440376
0.00029664082
0.00028748075
0.00027677663
0.00026440972
0.00025033112
0.0002346248
0.00021760984
0.00019999985
0.0001831417
0.00016929874
0.00016183339
0.00016489019
0.00018206882
0.00021430665
0.00025872226
0.00030981787
0.00036179656
0.00041051669
0.00045313491
0.00048811551
0.00051538078
0.00053556854
0.00054026974
0.00052849207
0.00052323115
0.00052167477
0.00051981404
0.00051679152
0.00051299397
0.00050912278
0.00050614466
0.00050386061
0.00048239632
0.00045284516
0.0004201427
0.00038778427
0.00036193724
0.00035252344
0.00037351426
0.00043780564
0.00054837712
0.00069519648
0.00085553286
0.00097089819
0.0010671256
0.001168161
0.0012763763
0.0013920894
0.0015126308
0.0016344119
0.0017550499
0.0018750851
0.001997735
0.0021269112
0.0022663123
0.0024195499
0.0025900536
0.0027821139
0.0030001743
0.0032495128
0.0035364456
0.0038684397
0.0042539365
0.0047029748
0.0052249815
0.0058442544
0.0061687498
0.0062929575
0.0063844196
0.00644565
0.0064790021
0.0064857939
0.0064702186
0.0064430645
0.00641514
0.0063914908
0.0063730058
0.0063590138
0.0063485238
0.0063406254
0.0063345819
0.0063298295
0.0063259522
0.0063226496
0.0063197111
0.0063169915
0.0063143943
0.0063118587
0.0063093508
0.0063068581
0.0063043863
0.0063019571
0.0062996088
0.0062973973
0.0062954009
0.0062937223
0.0062925029
0.0062919236
0.006292243
0.006293793
0.0062970857
0.0063027995
0.0063121028
0.0063266825
0.006349658
0.0063828567
0.00029456543
0.00029431867
0.00029390147
0.00029327429
0.00029239163
0.0002911948
0.00028961818
0.00028758392
0.00028500282
0.00028177284
0.00027777899
0.00027289225
0.0002669742
0.00025987693
0.00025145563
0.00024157563
0.00023014333
0.00021714052
0.00020268777
0.00018715166
0.00017130461
0.00015654926
0.00014517849
0.00014047947
0.00014630161
0.00016567132
0.00019889103
0.00024287377
0.00029251461
0.00034271096
0.00038992519
0.00043161754
0.00046626034
0.00049371062
0.00050034524
0.0004847445
0.00047905012
0.00048003904
0.00048134906
0.00048095504
0.00047910455
0.00047614903
0.00047236642
0.00046818478
0.00046421558
0.00046111569
0.00045959206
0.00045225305
0.00042044862
0.00038803138
0.00036104917
0.00034946818
0.00036771051
0.00042954401
0.00053868068
0.00068571329
0.00084715913
0.00095658734
0.0010519129
0.0011513639
0.0012574514
0.0013711281
0.0014898435
0.0016100454
0.0017293901
0.0018482951
0.0019698301
0.0020977481
0.0022355989
0.0023868986
0.0025550879
0.0027442895
0.0029588888
0.0032041381
0.0034862817
0.0038127057
0.0041916975
0.0046332992
0.0051469001
0.0057539231
0.0061704426
0.0062943903
0.0063855428
0.0064464482
0.0064794701
0.0064859135
0.0064700258
0.0064427303
0.0064148495
0.0063913296
0.0063729866
0.0063591218
0.006348739
0.0063409303
0.0063349627
0.0063302769
0.0063264601
0.006323215
0.0063203332
0.0063176713
0.0063151345
0.0063126631
0.0063102241
0.0063078061
0.0063054157
0.0063030756
0.0063008251
0.0062987212
0.0062968435
0.0062952964
0.0062942231
0.0062938073
0.0062943109
0.0062960708
0.0062996051
0.0063056037
0.0063152502
0.0063302627
0.0063538172
0.006387866
0.00026080619
0.00026051011
0.00026001465
0.0002592728
0.0002582296
0.00025681965
0.00025496394
0.00025257528
0.00024955406
0.00024578917
0.00024115661
0.00023552456
0.00022875683
0.00022072279
0.00021131007
0.0002004508
0.00018816283
0.0001746206
0.00016025656
0.00014592918
0.00013313789
0.00012423469
0.00012243094
0.00013121097
0.00015289038
0.00018702678
0.0002303069
0.00027804693
0.00032623523
0.00037166786
0.00041189332
0.00044566563
0.00047275558
0.00045484584
0.00044369782
0.00044429297
0.0004484461
0.00045157687
0.00045304046
0.00045292273
0.00045119412
0.00044799367
0.00044368038
0.00043878796
0.00043399257
0.00042997379
0.00042742709
0.00042668952
0.00042068446
0.00038833942
0.00036036599
0.00034675751
0.00036237666
0.00042182476
0.00052953294
0.0006767064
0.0008391723
0.0009452819
0.0010398294
0.0011377911
0.0012418434
0.0013534964
0.001470338
0.0015888472
0.0017067521
0.0018243776
0.0019446783
0.0020712647
0.00220755
0.0023569469
0.0025229356
0.0027093815
0.0029206836
0.0031620554
0.0034396451
0.0037607611
0.0041335663
0.0045679875
0.0050736357
0.005669232
0.0061721063
0.0062957972
0.0063866406
0.0064472231
0.0064799181
0.0064860167
0.006469821
0.0064423896
0.0064145564
0.0063911671
0.0063729658
0.0063592276
0.0063489515
0.0063412319
0.0063353401
0.0063307207
0.0063269645
0.0063237769
0.0063209519
0.006318348
0.0063158718
0.0063134648
0.0063110951
0.0063087524
0.0063064439
0.0063041935
0.0063020414
0.0063000457
0.0062982875
0.0062968728
0.0062959469
0.006295696
0.0062963853
0.006298357
0.0063021356
0.006308422
0.0063184158
0.0063338672
0.0063580096
0.0063929246
0.00022893194
0.00022858332
0.00022798788
0.00022709422
0.00022583278
0.00022412822
0.00022189311
0.00021903015
0.00021542955
0.00021097556
0.00020554305
0.00019901055
0.00019126159
0.00018221082
0.00017182698
0.00016018052
0.00014751696
0.00013437256
0.00012173916
0.0001112602
0.00010537829
0.00010718114
0.0001196256
0.00014408835
0.00017928088
0.00022171913
0.00026719868
0.00031289093
0.00035610472
0.00039439421
0.00042670227
0.0004352334
0.00041983391
0.00041464959
0.00041825323
0.00042396041
0.00042913066
0.0004331733
0.00043558303
0.00043596503
0.00043424639
0.00043064011
0.00042554184
0.0004195071
0.00041330256
0.00040787597
0.00040409682
0.00040244797
0.0004027785
0.00038869166
0.00035986073
0.00034436186
0.00035748787
0.00041463351
0.00052092984
0.00066817514
0.00083157345
0.00093655372
0.0010303791
0.001126936
0.0012290583
0.0013387248
0.0014536793
0.0015704338
0.001686795
0.0018030324
0.0019220077
0.0020472015
0.0021819027
0.0023294517
0.002493293
0.0026770975
0.002885255
0.0031229235
0.0033961781
0.0037122257
0.0040791364
0.0045066415
0.0050047154
0.0055892192
0.0061737369
0.0062971769
0.006387712
0.0064479744
0.0064803462
0.0064861041
0.006469605
0.0064420431
0.0064142615
0.0063910038
0.006372944
0.0063593317
0.0063491616
0.0063415307
0.0063357144
0.0063311612
0.0063274655
0.0063243355
0.0063215676
0.0063190219
0.0063166066
0.0063142643
0.0063119644
0.0063096972
0.0063074711
0.0063053109
0.0063032578
0.0063013711
0.0062997333
0.006298452
0.0062976744
0.0062975898
0.0062984666
0.006300652
0.0063046772
0.0063112547
0.0063216002
0.0063374963
0.0063622358
0.0063980333
0.00019802589
0.00019760887
0.00019688213
0.00019577969
0.00019422631
0.00019213461
0.0001894056
0.00018593492
0.0001816123
0.00017632356
0.00016995987
0.00016242951
0.0001536824
0.00014373619
0.00013273699
0.00012104055
0.00010933315
9.8797542e-05
9.1270195e-05
8.9257521e-05
9.5578544e-05
0.00011237336
0.00013983982
0.00017589521
0.0002171201
0.00026003986
0.00030290085
0.00034363629
0.00037970036
0.00041005957
0.00040226088
0.00039087085
0.00039042944
0.00039622935
0.00040338883
0.00041044915
0.0004169389
0.00042225821
0.00042574166
0.0004268743
0.00042543214
0.00042156656
0.00041571266
0.00040847701
0.00040068199
0.00039345052
0.0003879648
0.00038492041
0.00038447651
0.00038607228
0.00035951141
0.00034225341
0.00035301743
0.00040795173
0.00051286129
0.00066011539
0.00082436306
0.0009300621
0.0010231657
0.001118384
0.0012186795
0.001326403
0.0014394825
0.0015544556
0.0016692089
0.0017839818
0.0019015582
0.0020253175
0.0021584238
0.0023041775
0.0024659108
0.0026471713
0.0028523223
0.0030864468
0.003355565
0.0036667643
0.004028038
0.0044489039
0.0049397439
0.0055140848
0.0061753319
0.0062985284
0.0063887561
0.0064487018
0.0064807546
0.006486176
0.0064693785
0.0064416916
0.0064139652
0.0063908403
0.0063729215
0.0063594344
0.0063493697
0.0063418271
0.0063360859
0.0063315988
0.0063279637
0.0063248914
0.0063221806
0.0063196934
0.0063173392
0.006315062
0.006312832
0.0063106408
0.0063084977
0.0063064282
0.0063044746
0.0063026977
0.006301181
0.006300034
0.006299406
0.0062994889
0.0063005547
0.0063029559
0.0063072304
0.0063141021
0.0063248034
0.0063411504
0.0063664963
0.0064031931
0.00016812067
0.00016760821
0.00016669384
0.00016530221
0.00016334825
0.00016073322
0.00015735635
0.00015311264
0.00014790127
0.0001416371
0.00013426099
0.00012577216
0.00011626809
0.00010600834
9.5513006e-05
8.5691627e-05
7.7975194e-05
7.4385101e-05
7.7360544e-05
8.9123752e-05
0.0001105973
0.00014070151
0.00017680975
0.00021579994
0.0002565997
0.00029740365
0.00033524854
0.0003683772
0.00038292528
0.00036964997
0.00036411355
0.00036795933
0.00037556638
0.00038395917
0.00039253316
0.00040103163
0.00040900614
0.00041585962
0.0004208399
0.00042318404
0.000422425
0.00041860934
0.00041220936
0.00040387932
0.00039447862
0.00038526896
0.00037774201
0.00037297484
0.00037134122
0.00037232979
0.00035930627
0.00034040646
0.00034893791
0.00040175734
0.00050531262
0.00065252015
0.0008175402
0.00092552296
0.0010178642
0.0011117902
0.0012103503
0.0013161772
0.0014274143
0.0015406
0.0016537105
0.001766968
0.0018830962
0.0020053943
0.0021369006
0.0022809026
0.002440569
0.0026193687
0.0028216336
0.0030523725
0.0033175209
0.0036240841
0.0039799384
0.0043944503
0.0048783311
0.0054435265
0.0061206755
0.0062998501
0.0063897719
0.0064494048
0.0064811432
0.0064862328
0.0064691421
0.0064413357
0.0064136681
0.0063906769
0.0063728988
0.0063595361
0.0063495762
0.0063421213
0.006336455
0.0063320339
0.0063284592
0.0063254447
0.0063227912
0.0063203626
0.0063180698
0.006315858
0.0063136984
0.0063115836
0.0063095238
0.0063075455
0.0063056922
0.0063040256
0.0063026309
0.0063016191
0.0063011418
0.0063013936
0.0063026501
0.006305269
0.0063097951
0.0063169644
0.0063280259
0.0063448299
0.0063707918
0.006408405
0.00013919473
0.00013854095
0.00013735333
0.0001355482
0.00013303101
0.00012970443
0.00012547585
0.00012026412
0.00011402051
0.00010673977
9.8509471e-05
8.9553704e-05
8.0321837e-05
7.158433e-05
6.4546166e-05
6.0897867e-05
6.2705404e-05
7.1964739e-05
8.973511e-05
0.00011544071
0.00014710447
0.0001821028
0.0002187804
0.00025742114
0.00029619404
0.00033080509
0.0003553129
0.00034336025
0.00033631419
0.00033911248
0.00034664368
0.00035524817
0.00036430348
0.00037393687
0.00038396729
0.00039404013
0.00040372345
0.00041242879
0.00041929655
0.00042329352
0.00042361566
0.00042014553
0.00041340893
0.00040415369
0.00039324326
0.00038202462
0.00037228186
0.00036549508
0.0003623131
0.0003624377
0.00035926144
0.00033879646
0.00034522172
0.00039602578
0.00049826603
0.00064537949
0.0008111001
0.00092268661
0.0010141998
0.0011068574
0.0012037641
0.001307745
0.0014171833
0.0015285911
0.0016400428
0.0017517601
0.0018664117
0.0019872305
0.002117135
0.002259427
0.0024170694
0.0025934892
0.0027929713
0.0030204644
0.0032817916
0.0035839108
0.0039345605
0.0043429674
0.0048200701
0.0053769457
0.0060412004
0.0063011393
0.0063907585
0.006450083
0.0064815122
0.006486275
0.0064688963
0.006440976
0.0064133707
0.0063905141
0.0063728762
0.0063596372
0.0063497813
0.0063424137
0.006336822
0.0063324667
0.0063289525
0.0063259958
0.0063233998
0.00632103
0.0063187988
0.0063166527
0.0063145638
0.0063125258
0.0063105497
0.0063086632
0.0063069107
0.0063053551
0.0063040831
0.0063032076
0.006302882
0.0063033041
0.0063047528
0.0063075915
0.0063123718
0.0063198418
0.0063312679
0.0063485351
0.0063751226
0.0064136699
0.00011105691
0.00011017979
0.00010856118
0.00010611937
0.00010277155
9.8447615e-05
9.3115515e-05
8.6795207e-05
7.9598508e-05
7.1777769e-05
6.3793187e-05
5.640004e-05
5.0717037e-05
4.8242748e-05
5.0736094e-05
5.9826887e-05
7.6274879e-05
9.9453099e-05
0.00012763748
0.00015866047
0.0001911228
0.00022736091
0.0002652632
0.00029778051
0.00029627546
0.0002873244
0.00028887854
0.00029828034
0.00030994832
0.00032102221
0.00033165284
0.00034273446
0.00035455745
0.00036687868
0.00037931336
0.00039149962
0.00040304539
0.00041345783
0.00042196578
0.00042742295
0.00042868472
0.00042542277
0.00041825701
0.00040808044
0.00039572698
0.00038253209
0.00037051889
0.00036156356
0.00035659643
0.00035562018
0.00035805137
0.00033739582
0.00034184121
0.00039073071
0.00049170013
0.00063868112
0.00080503571
0.00092132173
0.0010119321
0.0011033309
0.0011986601
0.0013008478
0.0014085263
0.0015181851
0.0016279806
0.0017381479
0.0018513152
0.0019706349
0.0020989644
0.0022395706
0.0023952263
0.0025693431
0.0027661397
0.0029905059
0.003248163
0.0035459985
0.0038916578
0.0042941809
0.0047646336
0.0053137473
0.0059671949
0.0063023927
0.0063917149
0.006450736
0.0064818614
0.0064863029
0.0064686418
0.0064406131
0.0064130736
0.0063903521
0.006372854
0.0063597379
0.0063499854
0.0063427045
0.0063371871
0.0063328975
0.0063294438
0.006326545
0.0063240065
0.0063216957
0.0063195264
0.0063174462
0.0063154284
0.0063134675
0.0063115757
0.0063097814
0.0063081302
0.0063066864
0.006305538
0.0063047996
0.0063046269
0.0063052205
0.0063068631
0.0063099235
0.0063149606
0.0063227346
0.0063345297
0.0063522664
0.0063794895
0.0064189888
8.2708161e-05
8.1390182e-05
7.8952618e-05
7.5391182e-05
7.0743794e-05
6.5118677e-05
5.8730516e-05
5.1958868e-05
4.5404415e-05
3.9946569e-05
3.6742743e-05
3.7172802e-05
4.26533e-05
5.4147284e-05
7.1548336e-05
9.3731925e-05
0.00011902348
0.00014560995
0.00017680668
0.0002117779
0.00024236026
0.00024998521
0.00024431407
0.00024676715
0.00025819532
0.00027418766
0.00029087929
0.00030633644
0.00031998753
0.00033193473
0.00034270302
0.00035322385
0.00036412376
0.00037548778
0.0003871381
0.000398789
0.00041004323
0.00042049374
0.00042946882
0.0004356584
0.00043738903
0.00043394388
0.00042602123
0.00041473815
0.00040091875
0.00038577658
0.00037149528
0.0003603133
0.0003534612
0.000351181
0.00035282793
0.00033618249
0.00033876911
0.00038584514
0.00048559188
0.00063240949
0.00079933602
0.00092121054
0.0010108491
0.0011009955
0.0011948063
0.0012952564
0.0014012208
0.0015091725
0.0016173278
0.0017259452
0.0018376258
0.001955449
0.0020822337
0.0022211684
0.0023748743
0.0025467599
0.0027409694
0.0029623041
0.0032164446
0.0035101434
0.0038509843
0.0042478549
0.0047117986
0.0052534627
0.0058966634
0.0063036084
0.00639264
0.0064513635
0.0064821911
0.0064863168
0.006468379
0.0064402476
0.0064127771
0.0063901915
0.0063728324
0.0063598384
0.0063501886
0.006342994
0.0063375506
0.0063333266
0.0063299332
0.0063270924
0.0063246116
0.00632236
0.0063202529
0.0063182389
0.0063162925
0.0063144091
0.0063126019
0.0063109003
0.0063093511
0.0063080197
0.0063069955
0.0063063952
0.0063063764
0.006307143
0.0063089811
0.0063122652
0.0063175616
0.0063256429
0.0063378115
0.0063560242
0.0063838929
0.0064243628
4.924094e-05
4.7014064e-05
4.2964547e-05
3.7803677e-05
3.2318141e-05
2.7418479e-05
2.4108923e-05
2.3446182e-05
2.6514283e-05
3.4153884e-05
4.6356288e-05
6.2119761e-05
8.0095101e-05
9.9061855e-05
0.00010737194
0.00010520696
0.00010602563
0.00011034795
0.0001167762
0.00012451052
0.00013336271
0.0001436305
0.00015589718
0.00017046798
0.00018720349
0.00020599426
0.00022689919
0.0002495651
0.00027265232
0.0002943332
0.00031442387
0.0003339392
0.00035318154
0.0003717763
0.00038926291
0.00040530663
0.00041952694
0.00043155587
0.0004413936
0.00044811336
0.00044980886
0.0004455681
0.00043629484
0.00042347251
0.00040800062
0.00039088933
0.00037437693
0.00036099007
0.00035224226
0.00034856866
0.00034933687
0.00033514275
0.00033597902
0.00038134079
0.00047991653
0.00062654703
0.00079398826
0.00092214582
0.0010107645
0.0010996603
0.0011920012
0.0012907735
0.0013950758
0.0015013655
0.0016079045
0.0017149926
0.001825179
0.0019415368
0.0020667891
0.0022040697
0.0023558758
0.0025255946
0.0027172996
0.0029357033
0.0031864449
0.00347616
0.0038123358
0.0042037566
0.0046613719
0.0051958349
0.0058290773
0.0063047841
0.006393533
0.0064519651
0.006482501
0.006486317
0.0064681086
0.0064398799
0.0064124817
0.0063900324
0.0063728117
0.006359939
0.0063503912
0.0063432825
0.0063379128
0.0063337542
0.0063304211
0.0063276383
0.0063252154
0.0063230232
0.0063209783
0.0063190308
0.0063171561
0.0063153507
0.0063136285
0.0063120202
0.0063105734
0.0063093551
0.006308456
0.0063079946
0.0063081309
0.0063090717
0.0063111069
0.0063146169
0.006320175
0.0063285671
0.0063411137
0.006359809
0.0063883336
0.0064297928
5.73918e-07
1.1702021e-06
2.3993989e-06
4.5207137e-06
7.6656426e-06
1.1966391e-05
1.7637936e-05
2.5018483e-05
3.4572154e-05
4.6288289e-05
5.9433287e-05
6.9849608e-05
7.1875741e-05
7.5159364e-05
7.9676761e-05
8.4738678e-05
9.076214e-05
9.8057885e-05
0.00010704379
0.00011783826
0.00013044651
0.0001449803
0.00016206744
0.00018265456
0.00020757867
0.00023702088
0.00027082292
0.00030736811
0.00034011265
0.00035378293
0.00036775503
0.0003819873
0.00039645032
0.0004110908
0.0004258158
0.00044048065
0.00045487276
0.00046069012
0.0004651663
0.00046829087
0.00046709661
0.0004601986
0.00044849151
0.00043352917
0.00041616207
0.00039706822
0.00037841859
0.00036292764
0.00035236166
0.00034730873
0.00034713833
0.00033425217
0.00033344486
0.00037719002
0.00047464831
0.00062107382
0.00078897695
0.00092392911
0.001011509
0.0010991503
0.0011900743
0.0012872332
0.0013899231
0.001494594
0.0015995588
0.0017051352
0.0018138487
0.0019287501
0.0020525066
0.0021881473
0.0023381054
0.0025057107
0.0026949785
0.0029105651
0.0031580044
0.0034438657
0.0037755378
0.0041616867
0.0046131382
0.0051406817
0.0057643908
0.0063059178
0.006394393
0.0064525403
0.0064827913
0.006486304
0.0064678309
0.0064395105
0.0064121876
0.0063898751
0.0063727922
0.0063600399
0.0063505934
0.0063435701
0.0063382738
0.0063341804
0.0063309077
0.006328183
0.006325818
0.0063236853
0.006321703
0.0063198223
0.0063180196
0.0063162924
0.0063146557
0.0063131411
0.0063117974
0.0063106928
0.0063099195
0.006309598
0.0063098905
0.0063110068
0.0063132407
0.0063169785
0.0063228011
0.0063315073
0.0063444365
0.0063636209
0.006392812
0.0064352801
1.0577119e-12
8.0310611e-11
1.5890156e-09
1.368548e-08
7.0341292e-08
2.6184653e-07
7.8261543e-07
1.9845994e-06
4.3877254e-06
8.5765e-06
1.5010205e-05
2.38926e-05
3.5175674e-05
4.8632661e-05
6.3936813e-05
8.0708738e-05
9.8540936e-05
0.00010725688
0.00011862811
0.0001375754
0.00016547563
0.00019770813
0.00021618746
0.00023433839
0.00025202868
0.00026921928
0.00028594283
0.00030228105
0.00031834391
0.00033425267
0.00035012163
0.00036602813
0.0003820063
0.00039804414
0.00041408256
0.00043001101
0.00044566099
0.00046079456
0.00047509345
0.00048811922
0.000486684
0.0004757188
0.00046092816
0.00044367773
0.00042447441
0.00040354913
0.00038297099
0.00036557512
0.00035334488
0.00034698799
0.00034587329
0.00033348792
0.00033114192
0.00037336536
0.0004697606
0.00061596878
0.00078428482
0.00092637077
0.0010129342
0.0010993197
0.0011888775
0.0012844843
0.0013856183
0.0014887244
0.0015921505
0.0016962405
0.0018035208
0.0019169643
0.0020392729
0.0021732878
0.0023214411
0.0024869828
0.0026738887
0.0028867405
0.0031309887
0.0034131117
0.0037404284
0.0041214659
0.0045669152
0.0050878107
0.0057022743
0.0063070071
0.0063952192
0.0064530889
0.0064830619
0.0064862778
0.0064675464
0.00643914
0.0064118953
0.0063897198
0.006372774
0.0063601413
0.0063507955
0.006343857
0.0063386338
0.0063346055
0.0063313932
0.0063287265
0.0063264196
0.0063243467
0.0063224272
0.0063206134
0.006318883
0.0063172344
0.0063156836
0.0063142632
0.0063130231
0.0063120329
0.0063113862
0.0063112055
0.0063116552
0.0063129484
0.0063153827
0.0063193504
0.00632544
0.0063344638
0.0063477803
0.0063674606
0.0063973289
0.0064408256
7.2508316e-14
1.41496e-11
3.6419065e-10
3.5299411e-09
2.0181551e-08
8.3269783e-08
2.7425384e-07
7.6126485e-07
1.8365284e-06
3.9241143e-06
7.5272078e-06
1.3115746e-05
2.1004817e-05
3.1296607e-05
4.3901439e-05
5.8598473e-05
7.5089558e-05
9.3041084e-05
0.00011209967
0.00013191506
0.00015214606
0.00017247851
0.00019265007
0.00021246072
0.00023178011
0.00025054346
0.00026875089
0.00028645857
0.00030376217
0.00032077881
0.00033762481
0.00035439857
0.00037116459
0.00038794316
0.00040470417
0.00042136156
0.00043776704
0.00045370292
0.00046886673
0.00048285169
0.00049510297
0.00048920939
0.00047181963
0.00045269378
0.00043209364
0.0004097022
0.00038752278
0.00036850159
0.00035481879
0.00034729903
0.00034528923
0.00033282974
0.00032904676
0.00036983994
0.00046522715
0.00061120961
0.00077989354
0.00092932342
0.0010149201
0.0011000507
0.0011882771
0.0012823962
0.0013820375
0.001483635
0.0015855558
0.0016882036
0.0017940703
0.0019060913
0.0020269682
0.0021593925
0.0023057673
0.0024693116
0.0026539204
0.0028641089
0.0031052599
0.0033837733
0.0037068534
0.0040829394
0.0045225528
0.0050370506
0.005642562
0.0063080496
0.0063960107
0.0064536102
0.0064833127
0.0064862389
0.0064672556
0.0064387687
0.0064116051
0.0063895669
0.0063727574
0.0063602434
0.0063509975
0.0063441434
0.006338993
0.0063350297
0.0063318776
0.0063292691
0.0063270204
0.0063250073
0.0063231508
0.0063214044
0.0063197466
0.006318177
0.0063167124
0.0063153866
0.0063142508
0.0063133755
0.0063128562
0.0063128172
0.0063134253
0.0063148966
0.006317533
0.0063217326
0.0063280919
0.0063374367
0.0063511452
0.0063713284
0.0064018847
0.0064464306
3.8070273e-14
7.2974572e-12
1.8695255e-10
1.8076494e-09
1.0367659e-08
4.3246394e-08
1.4542863e-07
4.1696176e-07
1.0510146e-06
2.3669257e-06
4.8042478e-06
8.8509977e-06
1.4928628e-05
2.3296051e-05
3.4019276e-05
4.7001444e-05
6.2031639e-05
7.8826043e-05
9.7057206e-05
0.00011637506
0.00013642643
0.00015687144
0.0001774035
0.00019776564
0.00021776435
0.0002372785
0.0002562601
0.00027472708
0.00029275004
0.00031043102
0.00032788227
0.00034520643
0.00036247936
0.00037973819
0.00039697187
0.00041411364
0.00043103388
0.00044753025
0.00046331674
0.00047800635
0.00049107579
0.0004980902
0.0004799229
0.00045985816
0.00043847165
0.00041510799
0.0003917322
0.00037140869
0.00035652062
0.00034800892
0.00034519111
0.0003322599
0.00032713764
0.00036658849
0.00046102129
0.00060677337
0.00077578397
0.00093268065
0.0010173434
0.0011012382
0.001188151
0.0012808699
0.0013790627
0.0014792117
0.0015796808
0.001680919
0.0017853955
0.0018960347
0.0020155006
0.0021463627
0.0022909981
0.002452597
0.0026349675
0.0028425698
0.0030807069
0.0033557206
0.0036746678
0.0040459715
0.0044799009
0.0049882267
0.0055853406
0.0063050808
0.0063967665
0.0064541037
0.0064835433
0.0064861871
0.0064669588
0.0064383968
0.006411317
0.0063894163
0.0063727424
0.0063603463
0.0063511996
0.0063444294
0.0063393516
0.0063354531
0.0063323612
0.006329811
0.0063276205
0.0063256675
0.0063238742
0.0063221953
0.0063206104
0.0063191201
0.0063177422
0.0063165116
0.0063154804
0.0063147208
0.0063143297
0.0063144332
0.0063152007
0.0063168516
0.0063196917
0.0063241253
0.0063307569
0.0063404262
0.0063545316
0.0063752245
0.0064064802
0.0064520962
3.1697303e-14
6.0596691e-12
1.5485e-10
1.4940517e-09
8.5568474e-09
3.5684463e-08
1.2016256e-07
3.4566938e-07
8.7624884e-07
1.9895358e-06
4.0808318e-06
7.6095205e-06
1.2998752e-05
2.0541009e-05
3.0353294e-05
4.2390529e-05
5.648604e-05
7.2391918e-05
8.9808738e-05
0.00010840929
0.00012785696
0.00014782392
0.00016801006
0.00018815905
0.00020807238
0.00022761862
0.00024673538
0.00026542392
0.00028373491
0.00030175002
0.00031956295
0.00033726075
0.00035491047
0.00037254686
0.00039016309
0.00040770065
0.00042504105
0.00044199485
0.00045828966
0.00047355248
0.00048728182
0.00049878354
0.0004846314
0.00046489623
0.00044337247
0.00041956081
0.00039541284
0.00037412214
0.00035828057
0.00034895812
0.00034543779
0.00033176307
0.00032539454
0.00036358633
0.00045711778
0.00060263634
0.00077193602
0.00093615671
0.0010200458
0.0011027704
0.0011884066
0.0012798051
0.0013766032
0.0014753621
0.0015744345
0.0016742936
0.0017774164
0.0018867084
0.0020047839
0.002134113
0.0022770582
0.0024367419
0.0026169342
0.002822021
0.0030572376
0.0033288276
0.0036437721
0.004010416
0.0044388309
0.0049411261
0.0055304965
0.0062380699
0.0063974867
0.0064545691
0.0064837539
0.0064861228
0.0064666562
0.0064380249
0.0064110315
0.0063892684
0.0063727292
0.0063604501
0.006351402
0.0063447152
0.0063397097
0.0063358758
0.0063328442
0.0063303522
0.0063282201
0.0063263273
0.0063245974
0.0063229863
0.0063214747
0.0063200639
0.0063187732
0.0063176381
0.0063167122
0.0063160688
0.0063158066
0.0063160537
0.0063169817
0.0063188135
0.0063218589
0.0063265286
0.0063334353
0.0063434326
0.0063579397
0.0063791496
0.006411116
0.0064578236
2.672123e-14
5.107622e-12
1.3051933e-10
1.2594004e-09
7.2180248e-09
3.0154656e-08
1.0187503e-07
2.9467764e-07
7.5321217e-07
1.7292565e-06
3.5934018e-06
6.7912965e-06
1.1747718e-05
1.8769586e-05
2.799577e-05
3.9404398e-05
5.2848644e-05
6.8097913e-05
8.4868237e-05
0.00010284562
0.00012170691
0.00014113807
0.00016085124
0.00018060301
0.0002002058
0.00021953754
0.00023854144
0.00025721941
0.00027561776
0.00029380661
0.00031186172
0.00032985176
0.00034782759
0.0003658135
0.00038379563
0.00040171529
0.00041945723
0.00043683945
0.00045359936
0.0004693759
0.00048368216
0.00049584669
0.00048610774
0.00046779686
0.00044679836
0.00042302291
0.00039850614
0.00037656214
0.00036000745
0.00035004804
0.00034593478
0.00033132621
0.00032379917
0.00036081096
0.00045349081
0.00059877621
0.00076833
0.00093380986
0.0010229068
0.001104547
0.0011889714
0.0012791106
0.0013745908
0.00147201
0.0015697231
0.0016682577
0.0017700559
0.0018780367
0.0019947362
0.0021225685
0.002263859
0.0024216797
0.0025997383
0.0028023757
0.0030347502
0.0033029981
0.0036140729
0.0039761459
0.004399218
0.00489555
0.0054776565
0.0061748014
0.0063981695
0.0064550062
0.0064839444
0.0064860463
0.0064663484
0.0064376531
0.0064107487
0.0063891231
0.0063727178
0.0063605549
0.0063516047
0.0063450009
0.0063400673
0.006336298
0.0063333265
0.0063308928
0.0063288193
0.0063269869
0.0063253206
0.0063237775
0.0063223394
0.0063210086
0.0063198053
0.0063187663
0.0063179462
0.0063174197
0.0063172871
0.0063176786
0.0063187683
0.0063207823
0.0063240347
0.0063289426
0.006336127
0.0063464561
0.0063613699
0.0063831039
0.0064157928
0.0064636141
2.4690544e-14
4.7166373e-12
1.2045176e-10
1.161863e-09
6.6592466e-09
2.7833987e-08
9.4142927e-08
2.7287995e-07
6.9975319e-07
1.6137205e-06
3.3714054e-06
6.4076103e-06
1.1141973e-05
1.7880926e-05
2.6765261e-05
3.7776258e-05
5.0770988e-05
6.5521942e-05
8.1751092e-05
9.9153575e-05
0.00011741841
0.00013624798
0.00015537488
0.00017457726
0.00019369123
0.00021261564
0.00023131265
0.00024979838
0.00026812507
0.00028635803
0.0003045545
0.00032276263
0.00034101666
0.00035932493
0.00037766121
0.00039595974
0.00041410231
0.00043190804
0.00044911887
0.0004653833
0.00048022457
0.00049299021
0.00048490533
0.00046877684
0.00044888534
0.00042560072
0.00040116175
0.00037871307
0.00036166321
0.00035123737
0.0003466545
0.00033093841
0.00032233513
0.00035824081
0.00045011661
0.00059517001
0.00076495016
0.00093089185
0.0010258708
0.0011064879
0.0011897679
0.0012787255
0.0013729453
0.0014690869
0.0015654853
0.001662735
0.0017632487
0.001869948
0.0019852995
0.0021116603
0.0022513307
0.0024073297
0.0025833185
0.0027835565
0.0030131513
0.0032781644
0.0035854396
0.0039430805
0.0043609337
0.0048513967
0.0054265047
0.0061146411
0.0063988138
0.0064554147
0.0064841149
0.0064859578
0.0064660356
0.0064372819
0.0064104688
0.0063889807
0.0063727085
0.0063606608
0.0063518079
0.0063452867
0.0063404248
0.0063367198
0.0063338085
0.0063314331
0.0063294182
0.0063276464
0.0063260439
0.006324569
0.0063232047
0.0063219542
0.0063208388
0.0063198962
0.0063191824
0.0063187735
0.0063187714
0.0063193082
0.0063205606
0.0063227581
0.0063262193
0.0063313675
0.0063388324
0.0063494968
0.0063648223
0.0063870879
0.0064205112
0.0064694689
2.3054289e-14
4.4031697e-12
1.1240828e-10
1.084164e-09
6.2156482e-09
2.5995933e-08
8.8041987e-08
2.5579602e-07
6.5829784e-07
1.5255346e-06
3.2055283e-06
6.1277022e-06
1.0708937e-05
1.7252711e-05
2.5896272e-05
3.661545e-05
4.926268e-05
6.3607892e-05
7.9372348e-05
9.6255834e-05
0.00011395715
0.00013219352
0.00015071806
0.0001693326
0.00018789846
0.00020634082
0.00022464588
0.00024285179
0.00026102992
0.00027924503
0.00029753004
0.00031590977
0.00033440578
0.00035301187
0.00037168809
0.00039035831
0.00040889909
0.00042712498
0.0004447803
0.00046151813
0.00047686853
0.00048947162
0.0004818092
0.00046822576
0.00044981715
0.00042733687
0.00040320321
0.00038071926
0.00036357113
0.00035310987
0.00034845659
0.00033059045
0.00032098756
0.00035585588
0.00044697263
0.00059179495
0.00076177846
0.00092815309
0.001028901
0.0011085472
0.0011907389
0.0012785952
0.0013716031
0.0014665229
0.0015616666
0.0016576622
0.0017569327
0.0018623762
0.0019764131
0.0021013339
0.0022394213
0.0023936291
0.0025675924
0.0027654966
0.0029923666
0.003254238
0.0035577864
0.0039111228
0.0043238835
0.0048085551
0.005376861
0.0060557702
0.0063994187
0.0064557941
0.0064842653
0.0064858576
0.0064657184
0.0064369115
0.006410192
0.0063888412
0.0063727012
0.006360768
0.0063520116
0.0063455725
0.006340782
0.0063371413
0.0063342901
0.0063319731
0.0063300169
0.0063283058
0.0063267673
0.0063253609
0.0063240706
0.0063229009
0.0063218736
0.0063210281
0.0063204211
0.0063201304
0.0063202594
0.0063209424
0.0063223586
0.0063247411
0.0063284127
0.0063338034
0.0063415515
0.0063525549
0.0063682973
0.006391102
0.006425272
0.0064753895
2.2151823e-14
4.2308679e-12
1.0800862e-10
1.0416317e-09
5.9715757e-09
2.4982326e-08
8.4672283e-08
2.4633201e-07
6.3526972e-07
1.4764019e-06
3.1127467e-06
5.9698302e-06
1.0460433e-05
1.688106e-05
2.5359516e-05
3.5861152e-05
4.8227541e-05
6.2222021e-05
7.7563439e-05
9.395433e-05
0.00011110369
0.00012874481
0.00014665215
0.00016465301
0.00018263478
0.00020054812
0.00021840285
0.00023626144
0.00025243173
0.00027019962
0.00028996827
0.00030928352
0.00032799092
0.00034687181
0.00036586868
0.00038489655
0.00040382605
0.00042246503
0.0004405559
0.00045775433
0.00047359503
0.00048181686
0.00047754905
0.00046657399
0.0004498571
0.00042840134
0.00040474087
0.00038236071
0.00036517891
0.00035469199
0.00034996733
0.00033027375
0.00031974327
0.00035363787
0.00044403583
0.00058862916
0.00075879623
0.00092557524
0.0010319619
0.0011106769
0.0011918461
0.0012786672
0.0013705238
0.0014642651
0.0015582067
0.0016529975
0.0017510463
0.0018552663
0.0019680232
0.0020915345
0.0022280631
0.0023805308
0.0025524981
0.0027481214
0.0029723463
0.0032311196
0.0035310617
0.00388017
0.004287984
0.0047669363
0.0053286434
0.0059987065
0.0063999831
0.0064561444
0.0064843958
0.0064857459
0.006465397
0.0064365424
0.0064099186
0.0063887049
0.0063726962
0.0063608764
0.006352216
0.0063458585
0.0063411392
0.0063375627
0.0063347715
0.006332513
0.0063306156
0.0063289652
0.006327491
0.0063261533
0.0063249374
0.0063238486
0.00632291
0.0063221618
0.0063216622
0.0063214903
0.0063217512
0.0063225814
0.0063241626
0.0063267314
0.006330615
0.0063362503
0.0063442846
0.0063556307
0.0063717951
0.0063951466
0.0064300758
0.006481377
2.1444803e-14
4.0961792e-12
1.0457732e-10
1.0084903e-09
5.7818598e-09
2.419497e-08
8.2064161e-08
2.3905339e-07
6.1772693e-07
1.4395013e-06
3.0442963e-06
5.8554911e-06
1.0282171e-05
1.6613169e-05
2.4963818e-05
3.528527e-05
4.7407134e-05
6.1082163e-05
7.6026863e-05
9.1946321e-05
0.00010856003
0.00012561866
0.00014291929
0.00016031396
0.0001777157
0.00019509571
0.00021247737
0.00022724633
0.00024202221
0.00025871945
0.00027711735
0.00029691782
0.00031779238
0.00033941933
0.00036021515
0.00037958242
0.00039888711
0.00041792639
0.00043643977
0.00045408495
0.00046857875
0.0004740216
0.00047271003
0.0004642164
0.00044927599
0.0004289619
0.00040589367
0.00038404606
0.00036652561
0.00035504322
0.00034975697
0.00032998263
0.00031859047
0.00035156912
0.00044128694
0.00058565585
0.00075598681
0.00092314185
0.001035008
0.0011128338
0.0011930513
0.0012788972
0.0013696567
0.0014622811
0.0015550603
0.0016486855
0.001745543
0.0018485817
0.0019600807
0.002082208
0.0022172059
0.0023679689
0.0025379969
0.0027313754
0.0029530237
0.0032087558
0.0035051817
0.0038501443
0.0042531342
0.0047264734
0.0052817572
0.0059432893
0.0064005062
0.006456465
0.0064845062
0.0064856229
0.0064650719
0.0064361746
0.0064096486
0.0063885717
0.0063726933
0.0063609863
0.0063524211
0.0063461448
0.0063414964
0.0063379838
0.0063352527
0.0063330527
0.0063312142
0.0063296248
0.006328215
0.0063269463
0.006325805
0.0063247974
0.0063239479
0.0063232975
0.0063229058
0.0063228534
0.0063232469
0.0063242251
0.0063259724
0.0063287289
0.0063328263
0.0063387085
0.0063470316
0.0063587243
0.0063753161
0.0063992222
0.0064349234
0.0064874331
2.100025e-14
4.0101553e-12
1.0237312e-10
9.8719052e-10
5.6595113e-09
2.3685765e-08
8.0372018e-08
2.3432573e-07
6.0638539e-07
1.4157678e-06
3.0004942e-06
5.7820886e-06
1.0165158e-05
1.642874e-05
2.4674093e-05
3.4835647e-05
4.67286e-05
6.0096872e-05
7.4652857e-05
9.0107639e-05
0.00010619236
0.00012267809
0.00013938543
0.00015619413
0.00017304094
0.0001899167
0.00020607513
0.00021915692
0.0002334984
0.00024958585
0.00026715871
0.00028604163
0.00030597839
0.00032669463
0.00034791049
0.00036927695
0.00039036028
0.0004106358
0.00042941035
0.00044586959
0.00045884867
0.00046669813
0.00046777627
0.00046152836
0.00044831221
0.00042917162
0.0004067546
0.00038474935
0.00036720941
0.00035617203
0.0003506854
0.0003297141
0.00031751865
0.00034963511
0.0004387067
0.00058285306
0.00075333022
0.00092083588
0.0010380008
0.0011149906
0.0011943225
0.0012792438
0.0013689651
0.0014605284
0.0015521825
0.0016446784
0.0017403974
0.0018422742
0.001952527
0.002073316
0.0022068131
0.0023558958
0.0025240256
0.0027152207
0.0029343241
0.0031871118
0.0034800651
0.0038209926
0.0042192567
0.0046870875
0.0052361098
0.0058893768
0.0064009871
0.006456756
0.0064845968
0.006485489
0.0064647432
0.0064358086
0.0064093821
0.0063884417
0.0063726928
0.0063610975
0.006352627
0.0063464315
0.0063418537
0.006338405
0.0063357338
0.0063335923
0.0063318129
0.0063302847
0.0063289394
0.0063277399
0.0063266734
0.0063257475
0.0063249873
0.0063244353
0.006324152
0.0063242196
0.0063247466
0.0063258738
0.0063277882
0.0063307337
0.0063350467
0.0063411779
0.0063497929
0.006361836
0.0063788605
0.0064033292
0.0064398155
0.006493559
2.0640389e-14
3.9411441e-12
1.0060263e-10
9.701276e-10
5.5616505e-09
2.3279831e-08
7.9022018e-08
2.3057253e-07
5.9739853e-07
1.3971715e-06
2.9664527e-06
5.7251914e-06
1.0073085e-05
1.6278375e-05
2.4426003e-05
3.4433935e-05
4.6101616e-05
5.9163499e-05
7.3330953e-05
8.8321559e-05
0.00010388239
0.00011980596
0.0001359401
0.00015219007
0.00016851847
0.000184932
0.00019929043
0.00021218832
0.00022638162
0.00024205757
0.00025910034
0.00027736985
0.00029668293
0.00031679707
0.00033747776
0.00035842288
0.00037927884
0.00039963981
0.00041890752
0.00043628108
0.0004505637
0.00046008274
0.00046306758
0.00045876776
0.00044714308
0.00042913914
0.00040738529
0.00038604591
0.00036844957
0.00035737891
0.00035177541
0.00032946345
0.00031651857
0.00034782143
0.00043627594
0.0005802017
0.00075080995
0.00091864177
0.001040905
0.0011171209
0.0011956332
0.0012796814
0.001368425
0.0014589636
0.0015495379
0.0016409467
0.0017355661
0.0018362923
0.0019453406
0.0020648055
0.0021968447
0.0023442818
0.0025105371
0.0026995998
0.0029162043
0.0031661127
0.0034556677
0.0037926494
0.0041862935
0.0046486987
0.0051916548
0.0058368642
0.0064014249
0.0064570168
0.0064846674
0.0064853442
0.0064644113
0.0064354445
0.0064091194
0.006388315
0.0063726946
0.0063612102
0.0063528337
0.0063467185
0.0063422111
0.0063388261
0.006336215
0.006334132
0.0063324117
0.0063309447
0.0063296642
0.0063285342
0.0063275429
0.0063266989
0.0063260285
0.0063255751
0.0063254008
0.0063255891
0.0063262503
0.0063275273
0.00632961
0.006332746
0.0063372763
0.0063436588
0.0063525685
0.0063649659
0.0063824286
0.006407468
0.0064447528
0.0064997563
2.0365339e-14
3.8883065e-12
9.9242687e-11
9.5679936e-10
5.4848198e-09
2.2961024e-08
7.7968254e-08
2.2764048e-07
5.9039934e-07
1.3825568e-06
2.9395477e-06
5.6790643e-06
9.9953369e-06
1.6144551e-05
2.4194797e-05
3.4045226e-05
4.5481545e-05
5.8229719e-05
7.2001144e-05
8.6523977e-05
0.00010156347
0.00011693656
0.00013251839
0.00014824364
0.00016409652
0.00018010232
0.0001930766
0.00020595478
0.00022013375
0.00023562516
0.00025235153
0.00027022047
0.00028910324
0.00030882158
0.00032915087
0.0003498329
0.00037055327
0.00039096869
0.00041052108
0.00042845498
0.00044357263
0.00045421443
0.00045874356
0.00045608953
0.00044588183
0.00042885786
0.00040759736
0.00038624056
0.00036912388
0.00035861387
0.00035370283
0.00032922745
0.00031558196
0.00034611477
0.00043397898
0.00057768392
0.00074840922
0.00091654531
0.001043697
0.0011192055
0.0011969573
0.0012801942
0.0013679946
0.00145756
0.0015471062
0.0016374608
0.001730996
0.0018306107
0.001938493
0.0020566408
0.0021872596
0.0023330836
0.002497505
0.0026844579
0.0028986333
0.003145692
0.0034319442
0.0037650485
0.0041541701
0.0046112604
0.0051483138
0.0057856264
0.0064018187
0.0064572475
0.0064847181
0.0064851888
0.0064640766
0.0064350825
0.0064088604
0.0063881916
0.0063726987
0.0063613244
0.0063530413
0.0063470061
0.0063425687
0.0063392474
0.0063366962
0.0063346718
0.0063330107
0.0063316052
0.0063303896
0.0063293292
0.0063284133
0.0063276516
0.0063270713
0.0063267171
0.0063266523
0.0063269619
0.0063277579
0.0063291858
0.006331438
0.0063347658
0.0063395152
0.0063461511
0.0063553585
0.0063681142
0.0063860206
0.0064116391
0.0064497362
0.0065060266
2.0102944e-14
3.8379255e-12
9.7959562e-11
9.4444419e-10
5.413365e-09
2.2663853e-08
7.698348e-08
2.2489096e-07
5.8377261e-07
1.3685946e-06
2.9132158e-06
5.6329556e-06
9.9154308e-06
1.6004207e-05
2.3949719e-05
3.3632657e-05
4.4824923e-05
5.7246382e-05
7.0612019e-05
8.4662471e-05
9.9184316e-05
0.0001140215
0.00012907802
0.00014431324
0.00015973431
0.00017505316
0.00018732316
0.00020030119
0.00021451607
0.00022992861
0.0002464698
0.00026408686
0.00028266651
0.00030208797
0.00032216752
0.00034267925
0.00036333588
0.0003837951
0.00040352321
0.00042179549
0.00043747202
0.00044902073
0.00045479374
0.00045351962
0.00044458056
0.00042860158
0.00040796432
0.00038683233
0.00036964032
0.00035898734
0.0003538944
0.00032900303
0.0003147016
0.00034450326
0.0004317995
0.00057528449
0.00074611225
0.00091453287
0.0010463584
0.0011212318
0.0011982756
0.0012807537
0.0013676596
0.0014562931
0.0015448534
0.001634193
0.0017266661
0.0018251979
0.0019319334
0.0020488158
0.002178012
0.0023222572
0.0024848918
0.0026697654
0.0028815592
0.0031258305
0.0034088347
0.003738135
0.0041228304
0.0045747137
0.0051060259
0.0057355646
0.0064021678
0.0064574478
0.0064847489
0.006485023
0.0064637393
0.0064347229
0.0064086054
0.0063880715
0.0063727052
0.0063614402
0.0063532498
0.0063472941
0.0063429266
0.0063396688
0.0063371774
0.0063352117
0.00633361
0.006332266
0.0063311155
0.006330125
0.0063292848
0.0063286056
0.0063281158
0.0063278612
0.0063279064
0.006328338
0.0063292697
0.0063308493
0.006333272
0.0063367931
0.0063417633
0.0063486551
0.0063581631
0.0063712811
0.006389637
0.0064158429
0.0064547665
0.0065123714
1.9841688e-14
3.7874208e-12
9.6649322e-11
9.3189566e-10
5.3414695e-09
2.2362811e-08
7.5980714e-08
2.2206728e-07
5.7686997e-07
1.3537642e-06
2.8844995e-06
5.5809256e-06
9.8236366e-06
1.5842402e-05
2.3669927e-05
3.3169576e-05
4.410029e-05
5.6178721e-05
6.9126834e-05
8.2700929e-05
9.6712607e-05
0.00011103296
0.00012559465
0.00014038111
0.00015541589
0.00016958775
0.00018198038
0.00019514717
0.00020942672
0.00022482045
0.00024126238
0.00025871449
0.0002770843
0.00029627728
0.00031615679
0.00033650714
0.00035708219
0.00037754594
0.00039740269
0.00041594177
0.00043209105
0.0004443918
0.00045118842
0.00045108502
0.00044331386
0.00042832039
0.00040841141
0.00038778837
0.00037025546
0.00035952856
0.00035431033
0.00032879013
0.00031387095
0.00034297548
0.00042972346
0.00057298732
0.00074390643
0.0009125902
0.0010488812
0.0011231849
0.0011995742
0.0012813365
0.0013674075
0.0014551396
0.0015427517
0.0016311127
0.0017225624
0.0018200212
0.0019256411
0.0020412867
0.0021690853
0.0023117767
0.0024726504
0.002655497
0.002864937
0.0031064928
0.0033862944
0.0037118638
0.0040922271
0.0045389889
0.0050647441
0.0056867026
0.006402471
0.0064576176
0.0064847599
0.006484847
0.0064633996
0.0064343658
0.0064083542
0.0063879548
0.0063727141
0.0063615575
0.0063534592
0.0063475826
0.0063432848
0.0063400903
0.0063376589
0.0063357519
0.0063342095
0.0063329272
0.0063318421
0.0063309216
0.0063301574
0.006329561
0.0063291621
0.0063290076
0.0063291633
0.0063297174
0.0063307856
0.0063325178
0.0063351122
0.006338828
0.0063440209
0.0063511707
0.0063609824
0.0063744669
0.0063932779
0.00642008
0.0064598443
0.0065187923
1.9534047e-14
3.7298318e-12
9.5174146e-11
9.1745929e-10
5.2593827e-09
2.202051e-08
7.4830649e-08
2.1880562e-07
5.6878717e-07
1.3359772e-06
2.8492552e-06
5.5160035e-06
9.7086723e-06
1.564366e-05
2.3335347e-05
3.2631132e-05
4.3279703e-05
5.4997419e-05
6.7515993e-05
8.0613109e-05
9.4125331e-05
0.00010795429
0.00012205879
0.00013644456
0.00015114789
0.00016451272
0.0001770533
0.00019041242
0.00020479715
0.00022021398
0.00023661567
0.0002539674
0.00027219753
0.00029123194
0.00031094125
0.00033115907
0.00035164083
0.00037209368
0.00039203697
0.00041079078
0.00042733477
0.00044025532
0.00044792439
0.00044884472
0.00044213053
0.00042805108
0.00040855758
0.0003881043
0.00037125113
0.00036090057
0.00035605368
0.00032858724
0.00031308431
0.00034152185
0.00042773708
0.00057077824
0.00074177556
0.00091070629
0.001051264
0.001125057
0.001200844
0.0012819299
0.0013672044
0.0014540878
0.0015407866
0.0016281865
0.0017186575
0.001815073
0.0019195827
0.0020340097
0.0021604608
0.0023016261
0.0024607487
0.0026416145
0.0028487458
0.0030876161
0.0033642887
0.0036862001
0.0040623068
0.0045040541
0.0050243778
0.0056391369
0.0063837667
0.0064577571
0.0064847511
0.0064846609
0.0064630579
0.0064340114
0.006408107
0.0063878414
0.0063727253
0.0063616763
0.0063536695
0.0063478717
0.0063436433
0.0063405121
0.0063381405
0.0063362922
0.0063348094
0.0063335889
0.0063325692
0.0063317191
0.0063310311
0.0063305179
0.0063302102
0.0063301561
0.0063304229
0.0063311002
0.0063323056
0.0063341914
0.0063369587
0.0063408705
0.0063462879
0.0063536981
0.0063638166
0.0063776716
0.0063969436
0.0064243507
0.0064649707
0.0065252912
1.9173025e-14
3.6605507e-12
9.3407764e-11
9.0036428e-10
5.1614699e-09
2.1613748e-08
7.3459818e-08
2.1487254e-07
5.5892529e-07
1.3138717e-06
2.8046323e-06
5.4330536e-06
9.5624536e-06
1.5395764e-05
2.2930426e-05
3.1998462e-05
4.2342033e-05
5.3680353e-05
6.5760104e-05
7.838164e-05
9.1410886e-05
0.00010477801
0.00011846755
0.00013250439
0.00014693159
0.00015980648
0.00017252464
0.00018606818
0.00020057079
0.00021603409
0.00023244246
0.00024974248
0.00026788674
0.00028681015
0.00030639099
0.0003265025
0.00034690073
0.00036733341
0.00038732901
0.00040625205
0.00042311722
0.0004365571
0.00044496514
0.00044678108
0.00044095781
0.00042763566
0.00040889845
0.00038883667
0.00037145612
0.00036073505
0.00035547864
0.0003283926
0.00031233656
0.00034013286
0.00042582804
0.00056864239
0.0007397095
0.00090886841
0.0010534995
0.0011268403
0.0012020745
0.0012825266
0.0013670351
0.0014531133
0.0015389324
0.0016254079
0.0017149321
0.0018103209
0.0019137358
0.0020269764
0.0021521051
0.0022917575
0.0024491808
0.0026280805
0.0028329552
0.0030691794
0.0033427736
0.0036611018
0.0040330284
0.0044698708
0.0049848291
0.0055928133
0.0063274112
0.006457866
0.0064847225
0.006484465
0.0064627142
0.0064336598
0.0064078638
0.0063877314
0.006372739
0.0063617967
0.0063538809
0.0063481614
0.0063440022
0.0063409341
0.0063386224
0.0063368328
0.0063354096
0.0063342511
0.0063332971
0.0063325174
0.0063319059
0.0063314762
0.0063312601
0.0063313069
0.0063316853
0.0063324864
0.0063338298
0.00633587
0.0063388114
0.0063429208
0.0063485644
0.0063562374
0.0063666657
0.0063808955
0.0064006346
0.0064286557
0.0064701464
0.0065318697
1.8720061e-14
3.5743913e-12
9.121608e-11
8.7929376e-10
5.040995e-09
2.1112378e-08
7.1772729e-08
2.100067e-07
5.4658878e-07
1.2860377e-06
2.7477584e-06
5.3269932e-06
9.3774661e-06
1.5088179e-05
2.2441246e-05
3.1256529e-05
4.1270937e-05
5.2212957e-05
6.3846798e-05
7.5999054e-05
8.8566342e-05
0.00010150645
0.0001148272
0.00012856676
0.00014277476
0.0001554483
0.00016836328
0.00018207758
0.0001966958
0.00021223336
0.00022866868
0.00024595524
0.00026405753
0.00028290182
0.00030239537
0.00032241433
0.00034274862
0.00036314687
0.00038318158
0.00040223866
0.00041936485
0.00043324752
0.00044228655
0.00044488884
0.0004399113
0.00042737027
0.0004092358
0.00038954239
0.00037215724
0.0003614244
0.0003561079
0.00032820708
0.00031162328
0.00033880039
0.00042398384
0.00056656951
0.00073769457
0.00090706616
0.001055576
0.0011285305
0.0012032545
0.0012831114
0.0013669021
0.0014521976
0.0015371739
0.0016227691
0.0017113572
0.0018057414
0.0019080928
0.0020201708
0.0021439823
0.0022821572
0.00243791
0.0026148796
0.0028175246
0.0030511646
0.0033217265
0.0036365234
0.0040043504
0.0044363821
0.0049460211
0.005547534
0.0062734099
0.0064579436
0.0064846741
0.0064842593
0.0064623689
0.0064333111
0.0064076246
0.0063876247
0.006372755
0.0063619186
0.0063540932
0.0063484517
0.0063443614
0.0063413564
0.0063391045
0.0063373738
0.0063360102
0.0063349138
0.0063340256
0.0063333167
0.0063327819
0.006332436
0.0063323118
0.00633246
0.0063329504
0.006333876
0.0063353581
0.0063375538
0.0063406703
0.0063449787
0.0063508505
0.0063587887
0.00636953
0.0063841388
0.006404351
0.0064329953
0.0064753724
0.0065385296
1.8172471e-14
3.4698008e-12
8.8554123e-11
8.5370549e-10
4.8941791e-09
2.0498956e-08
6.9702463e-08
2.0402743e-07
5.3134596e-07
1.2513317e-06
2.676633e-06
5.1939962e-06
9.1474426e-06
1.471262e-05
2.1857909e-05
3.039344e-05
4.005664e-05
5.0587255e-05
6.1771882e-05
7.3467358e-05
8.5598263e-05
9.8150093e-05
0.00011114994
0.00012464543
0.00013866969
0.00015141637
0.00016453666
0.00017841084
0.00019314372
0.00020876091
0.00022524334
0.00024254453
0.00026062881
0.00027942589
0.00029885908
0.0003188034
0.00033908217
0.00035944458
0.00037951085
0.00039866902
0.00041601601
0.00043027158
0.00043986241
0.00044313385
0.0004388856
0.00042699553
0.00040928508
0.00038972885
0.00037295681
0.00036226336
0.00035688953
0.00032802996
0.00031094036
0.00033751694
0.00042219442
0.00056454578
0.00073572085
0.00090528901
0.001057489
0.001130134
0.0012043758
0.0012836758
0.001366787
0.001451343
0.0015355023
0.0016202414
0.0017079022
0.0018013337
0.0019026218
0.00201356
0.0021360765
0.0022728207
0.0024269012
0.0026019872
0.002802431
0.0030335175
0.0033011208
0.0036124389
0.0039762299
0.0044035426
0.0049079136
0.0055031301
0.0062210031
0.0064579898
0.0064846058
0.006484044
0.0064620222
0.0064329655
0.0064073895
0.0063875213
0.0063727733
0.0063620421
0.0063543065
0.0063487426
0.0063447211
0.006341779
0.0063395869
0.006337915
0.0063366112
0.006335577
0.0063347548
0.0063341169
0.006333659
0.0063333972
0.0063333654
0.0063336153
0.0063342184
0.006335269
0.0063368906
0.0063392427
0.0063425355
0.0063470444
0.0063531462
0.006361352
0.0063724095
0.0063874018
0.0064080932
0.0064373701
0.0064806494
0.0065452728
1.7499416e-14
3.342169e-12
8.5305203e-11
8.2249034e-10
4.7159344e-09
1.97554e-08
6.7188985e-08
1.9675936e-07
5.127795e-07
1.2088549e-06
2.5892123e-06
5.0309177e-06
8.867266e-06
1.4262519e-05
2.1172748e-05
2.9402709e-05
3.869378e-05
4.8802214e-05
5.9540542e-05
7.0795437e-05
8.2521347e-05
9.4727733e-05
0.00010745477
0.0001207566
0.00013468091
0.00014766943
0.00016101285
0.00017503619
0.00018987831
0.00020558392
0.00022212308
0.00023946068
0.00025753944
0.00027631284
0.0002957049
0.00031559397
0.00033582063
0.0003561595
0.00037623683
0.00039548194
0.00041301152
0.00042758906
0.00043764902
0.00044154148
0.00043798203
0.00042676109
0.00040958682
0.0003903569
0.00037404702
0.00036407587
0.00035777084
0.00032786088
0.00031028432
0.00033627513
0.00042045083
0.00056256103
0.0007337747
0.00090352804
0.0010592444
0.0011316417
0.0012054411
0.0012842154
0.0013666767
0.0014505328
0.001533898
0.001617813
0.0017045835
0.0017970719
0.0018973189
0.0020071151
0.002128393
0.0022637092
0.0024161625
0.0025893757
0.0027876665
0.0030162372
0.0032809231
0.0035888263
0.0039486639
0.0043713385
0.0048704919
0.0054595451
0.0061693483
0.0064580039
0.0064845176
0.0064838192
0.0064616741
0.006432623
0.0064071583
0.0063874212
0.0063727939
0.0063621671
0.0063545207
0.0063490341
0.0063450811
0.0063422019
0.0063400695
0.0063384565
0.0063372126
0.0063362408
0.0063354848
0.006334918
0.0063345373
0.0063343599
0.0063344208
0.0063347729
0.0063354891
0.0063366654
0.0063384273
0.0063409368
0.0063444071
0.006349118
0.0063554516
0.0063639274
0.0063753043
0.0063906844
0.0064118615
0.0064417805
0.0064859786
0.0065521013
1.670632e-14
3.1902083e-12
8.1441935e-11
7.8532064e-10
4.5035238e-09
1.8868715e-08
6.419752e-08
1.8809614e-07
4.9059476e-07
1.1579564e-06
2.4842423e-06
4.8352586e-06
8.5338482e-06
1.3733391e-05
2.0382199e-05
2.8281492e-05
3.7183428e-05
4.686342e-05
5.7164092e-05
6.8001546e-05
7.935827e-05
9.1261695e-05
0.00010376393
0.00011691884
0.00013076881
0.00014417199
0.00015774878
0.00017191886
0.0001868713
0.00020266719
0.0002192699
0.00023664959
0.00025474138
0.00027350909
0.00029287076
0.00031272111
0.00033290643
0.00035322308
0.00037330423
0.00039261992
0.00041031011
0.00042516124
0.0004356317
0.00044006832
0.00043710345
0.00042643919
0.0004096539
0.00039055978
0.00037413595
0.00036400747
0.00035947224
0.00032769927
0.00030965196
0.0003350689
0.00041874306
0.00056060444
0.00073184797
0.00090177282
0.0010608512
0.0011330549
0.0012064412
0.0012847195
0.0013665683
0.0014497392
0.0015323582
0.0016154654
0.0017013919
0.0017929402
0.001892174
0.0020008337
0.002120888
0.0022548013
0.0024056634
0.0025770296
0.0027731962
0.0029993078
0.0032611001
0.0035656487
0.0039216057
0.0043397288
0.0048336957
0.0054167429
0.0061187516
0.0064579858
0.0064844096
0.0064835851
0.006461325
0.0064322835
0.0064069311
0.0063873242
0.0063728168
0.0063622935
0.0063547359
0.0063493262
0.0063454416
0.0063426251
0.0063405525
0.0063389985
0.0063378145
0.0063369051
0.0063362155
0.00633572
0.0063354169
0.0063353241
0.006335478
0.0063359328
0.0063367626
0.0063380653
0.0063399682
0.006342636
0.006346285
0.0063511993
0.0063577667
0.0063665151
0.0063782147
0.0063939871
0.0064156562
0.0064462272
0.0064913607
0.0065590171
1.5769787e-14
3.0126546e-12
7.6921596e-11
7.4194415e-10
4.2553688e-09
1.7834125e-08
6.069625e-08
1.7795527e-07
4.6460872e-07
1.0982255e-06
2.3608264e-06
4.6056897e-06
8.1446652e-06
1.3123519e-05
1.9484108e-05
2.703173e-05
3.5531042e-05
4.4783414e-05
5.4660688e-05
6.510982e-05
7.6136046e-05
8.7781488e-05
0.00010010209
0.00011315079
0.00012696316
0.00014090046
0.00015468827
0.00016902586
0.00018409342
0.00019997105
0.00021665003
0.00023407374
0.00025219251
0.00027096327
0.00029031157
0.00031013247
0.00033028738
0.0003505776
0.0003706692
0.00039003923
0.00040786631
0.00042295446
0.00043379794
0.00043871865
0.00043630731
0.00042616853
0.00040976784
0.00039083472
0.00037436262
0.00036411908
0.00035946177
0.00032754538
0.00030904047
0.00033389242
0.00041706352
0.0005586666
0.00072993106
0.00090001623
0.0010622589
0.0011343605
0.0012073676
0.0012851759
0.0013664491
0.0014489614
0.0015308707
0.0016131835
0.0016982796
0.0017889246
0.0018871601
0.0019947121
0.0021135345
0.0022460807
0.0023953667
0.002564927
0.0027589965
0.0029826761
0.0032416247
0.0035428835
0.0038949985
0.004308667
0.0047975099
0.0053746538
0.0060690332
0.0064579353
0.0064842817
0.0064833416
0.0064609747
0.0064319489
0.0064067089
0.0063872312
0.0063728424
0.0063624219
0.0063549524
0.0063496189
0.0063458025
0.0063430486
0.0063410358
0.0063395407
0.0063384168
0.0063375701
0.0063369469
0.006336523
0.0063362976
0.0063362898
0.0063365371
0.006337095
0.006338039
0.0063394686
0.0063415134
0.0063443403
0.0063481693
0.0063532885
0.0063600917
0.006369115
0.0063811407
0.00639731
0.0064194776
0.0064507107
0.0064967968
0.0065660222
1.4709555e-14
2.8100054e-12
7.176451e-11
6.9234988e-10
3.9720566e-09
1.6652579e-08
5.6704507e-08
1.6635428e-07
4.3483903e-07
1.0296724e-06
2.2191285e-06
4.3420804e-06
7.7000599e-06
1.2432661e-05
1.8481519e-05
2.5658567e-05
3.374825e-05
4.2579143e-05
5.2055328e-05
6.2149998e-05
7.2887058e-05
8.4317338e-05
9.6496193e-05
0.00010947196
0.00012327309
0.00013779574
0.00015180118
0.00016631764
0.00018150082
0.00019746969
0.0002142261
0.00023170106
0.00024985543
0.00026864065
0.00028798635
0.00030778141
0.00032791704
0.00034818472
0.00036828474
0.00038770437
0.00040564254
0.00042094654
0.00043212317
0.00043747853
0.00043558731
0.00042595262
0.00040994285
0.0003911953
0.0003747158
0.0003644093
0.0003596304
0.00032740006
0.00030844735
0.00033274014
0.00041540457
0.00055673922
0.00072801446
0.00089824955
0.0010623948
0.0011355203
0.0012082272
0.0012855866
0.0013663221
0.0014482068
0.0015294161
0.0016109739
0.0016952558
0.0017850089
0.0018822746
0.001988744
0.0021063531
0.0022375225
0.0023852858
0.0025530557
0.0027450674
0.0029663364
0.0032225022
0.003520519
0.0038688395
0.0042781341
0.0047619331
0.0053333088
0.0060203311
0.0064578547
0.006484137
0.006483092
0.006460626
0.0064316182
0.0064064912
0.0063871417
0.0063728705
0.0063625519
0.0063551699
0.0063499125
0.006346164
0.0063434727
0.0063415195
0.0063400834
0.0063390196
0.0063382356
0.0063376791
0.006337327
0.0063371795
0.006337257
0.0063375981
0.0063382594
0.0063393181
0.0063408754
0.0063430627
0.0063460499
0.00635006
0.0063553857
0.0063624265
0.0063717273
0.0063840824
0.0064006533
0.0064233261
0.0064552315
0.0065022879
0.0065731187
1.3530189e-14
2.5847328e-12
6.6006244e-11
6.3699159e-10
3.6558101e-09
1.5332436e-08
5.22406e-08
1.5339882e-07
4.0150353e-07
9.5284564e-07
2.0598414e-06
4.0457538e-06
7.2019957e-06
1.1664735e-05
1.7379351e-05
2.4171881e-05
3.1849959e-05
4.0273816e-05
4.9376708e-05
5.9154599e-05
6.9644532e-05
8.0899366e-05
9.2971352e-05
0.0001058995
0.00011970624
0.00013438999
0.0001490749
0.00016375506
0.00017906873
0.00019513775
0.00021197016
0.00022950617
0.00024770224
0.00026650741
0.00028584999
0.00030564262
0.00032575538
0.00034600962
0.00036611158
0.00038557324
0.00040361487
0.00041911102
0.00043057989
0.00043634194
0.00043493401
0.00042578009
0.00041015546
0.0003916091
0.00037513673
0.00036477896
0.00035997655
0.00032726369
0.0003078705
0.00033160758
0.00041375718
0.00055481452
0.00072609403
0.00089646598
0.001060749
0.0011365598
0.0012090312
0.0012859677
0.0013662025
0.0014474931
0.0015280154
0.0016088504
0.0016923357
0.0017812264
0.0018775245
0.0019829389
0.0020993414
0.0022291596
0.0023754054
0.0025414342
0.0027313973
0.0029503069
0.0032037347
0.0034985354
0.0038431487
0.0042481244
0.0047269423
0.0052926867
0.0059725159
0.0064577412
0.0064839724
0.0064828334
0.0064602778
0.0064312914
0.0064062777
0.0063870555
0.0063729009
0.0063626834
0.0063553884
0.0063502069
0.006346526
0.0063438971
0.0063420036
0.0063406265
0.0063396228
0.0063389017
0.006338412
0.0063381319
0.0063380626
0.0063382257
0.0063386608
0.0063394261
0.0063406
0.0063422855
0.0063446162
0.0063477646
0.006351957
0.0063574907
0.0063647712
0.0063743521
0.0063870401
0.0064040171
0.006427202
0.0064597901
0.0065078351
0.0065803091
1.2234111e-14
2.3382403e-12
5.9740862e-11
5.7670075e-10
3.311252e-09
1.3894999e-08
4.7374776e-08
1.3925959e-07
3.6509507e-07
8.6866558e-07
1.8849691e-06
3.7198208e-06
6.6544704e-06
1.082509e-05
1.6187043e-05
2.2585284e-05
2.9856752e-05
3.7893559e-05
4.6655895e-05
5.6157155e-05
6.6440748e-05
7.7556853e-05
8.9549944e-05
0.00010245151
0.00011627346
0.0001310126
0.00014646037
0.00016131142
0.00017677498
0.00019295082
0.00020986083
0.00022746394
0.00024569748
0.00026453203
0.00028388841
0.00030367803
0.00032377265
0.00034401528
0.00036411999
0.0003836163
0.00040175595
0.00041742497
0.00042916366
0.00043530004
0.00043434277
0.00042564764
0.00041040474
0.00039206686
0.00037562332
0.00036523334
0.00036039294
0.00032713665
0.00030730783
0.00033049011
0.00041211811
0.0005528838
0.0007241582
0.00089465937
0.0010590736
0.0011375182
0.0012097691
0.0012863343
0.0013660782
0.0014467961
0.0015266701
0.0016067977
0.0016894994
0.0017775506
0.0018729048
0.0019772683
0.0020924782
0.002220979
0.0023657043
0.0025300152
0.0027179736
0.0029345648
0.0031852743
0.0034769166
0.0038178866
0.0042186252
0.0046925119
0.0052527731
0.0059255576
0.0064575946
0.0064837882
0.0064825659
0.0064599279
0.0064309685
0.0064060683
0.0063869724
0.0063729335
0.0063628163
0.0063556079
0.0063505018
0.0063468884
0.0063443218
0.006342488
0.00634117
0.0063402266
0.0063395684
0.0063391458
0.0063389377
0.0063389469
0.0063391959
0.0063397255
0.0063405951
0.0063418847
0.0063436991
0.006346174
0.0063494845
0.0063538604
0.0063596037
0.0063671258
0.0063769894
0.0063900137
0.0064074018
0.0064311057
0.0064643872
0.0065134394
0.0065875954
1.0869062e-14
2.0771528e-12
5.3088138e-11
5.12768e-10
2.9459914e-09
1.2370236e-08
4.2215985e-08
1.2424058e-07
3.2635998e-07
7.7880795e-07
1.6973728e-06
3.3687456e-06
6.0639145e-06
9.9226316e-06
1.4915973e-05
2.0915836e-05
2.7792078e-05
3.5468055e-05
4.3926083e-05
5.3191089e-05
6.3305829e-05
7.4314184e-05
8.6251641e-05
9.9139004e-05
0.00011298386
0.00012777632
0.00014349009
0.00015899449
0.0001745994
0.00019089242
0.00020788806
0.00022555222
0.0002438314
0.00026270369
0.00028207886
0.00030186097
0.00032195696
0.00034219259
0.00036230066
0.00038182308
0.00040004802
0.00041586962
0.00042785098
0.00043435438
0.00043386614
0.00042556412
0.00041070625
0.00039256407
0.00037616282
0.00036575256
0.00036082672
0.00032701943
0.00030675761
0.00032938426
0.00041047891
0.00055094061
0.00072220126
0.00089282507
0.0010573607
0.0011382919
0.0012103561
0.0012865789
0.0013658428
0.001446
0.0015252638
0.0016046934
0.0016866508
0.0017738514
0.001868304
0.0019716189
0.002085669
0.0022128575
0.0023560788
0.0025186755
0.0027046983
0.0029189854
0.0031670182
0.003455566
0.0037929309
0.004189517
0.0046585584
0.0052134529
0.0058793497
0.0064574144
0.0064835842
0.0064822898
0.0064595795
0.0064306493
0.006405863
0.0063868925
0.0063729683
0.0063629508
0.0063558283
0.0063507974
0.0063472514
0.0063447469
0.0063429727
0.0063417139
0.0063408308
0.0063402358
0.0063398802
0.0063397445
0.0063398324
0.0063401675
0.0063407919
0.0063417663
0.0063431722
0.0063451161
0.006347736
0.0063512096
0.0063557703
0.0063617247
0.0063694904
0.0063796393
0.0063930035
0.0064108075
0.0064350374
0.0064690233
0.0065191018
0.0065949803
9.4619657e-15
1.8084033e-12
4.6229466e-11
4.4668039e-10
2.5679295e-09
1.0793458e-08
3.6873468e-08
1.0869372e-07
2.8612712e-07
6.8513573e-07
1.5007662e-06
2.9980964e-06
5.4378155e-06
8.9670749e-06
1.3580463e-05
1.9183919e-05
2.5683198e-05
3.3029137e-05
4.1221325e-05
5.028784e-05
6.0265858e-05
7.119116e-05
8.3088961e-05
9.5971706e-05
0.00010984186
0.000124686
0.00014047546
0.00015678754
0.00017253754
0.0001889606
0.00020604187
0.00022376287
0.00024210607
0.00026101239
0.00028040883
0.00030020887
0.0003203063
0.00034053426
0.00036064547
0.00038020015
0.00039849015
0.00041444831
0.00042665879
0.00043345011
0.00043332071
0.00042558443
0.00041123598
0.00039304697
0.00037671461
0.0003663756
0.0003601157
0.00032691185
0.00030621833
0.00032828587
0.00040883526
0.00054897852
0.00072021668
0.00089095479
0.0010556062
0.0011387915
0.0012107056
0.0012865871
0.0013654073
0.0014450348
0.0015237039
0.0016024557
0.0016836914
0.0017700825
0.0018636256
0.0019659248
0.0020788358
0.0022047183
0.0023464581
0.0025073698
0.002691452
0.0029034867
0.0031488857
0.0034343782
0.0037681858
0.0041606727
0.0046249418
0.0051745857
0.0058336997
0.006457201
0.0064833639
0.0064820079
0.0064592316
0.0064303341
0.0064056617
0.0063868157
0.0063730053
0.0063630867
0.0063560498
0.0063510937
0.0063476148
0.0063451725
0.0063434579
0.0063422582
0.0063414355
0.0063409037
0.0063406154
0.0063405523
0.0063407191
0.0063411406
0.0063418602
0.0063429398
0.0063444625
0.0063465365
0.0063493021
0.0063529399
0.0063576866
0.0063638537
0.006371865
0.006382302
0.0063960096
0.0064142345
0.0064389976
0.0064736991
0.0065248236
0.0066024661
8.0367055e-15
1.5372451e-12
3.9317918e-11
3.8014976e-10
2.1867966e-09
9.2000545e-09
3.1474016e-08
9.294986e-08
2.4530169e-07
5.8956904e-07
1.2984054e-06
2.6136252e-06
4.7844659e-06
7.9699693e-06
1.2197812e-05
1.7414003e-05
2.3560128e-05
3.0610974e-05
3.8573136e-05
4.7473341e-05
5.7341051e-05
6.8201391e-05
8.0070218e-05
9.2954728e-05
0.00010684932
0.00012173958
0.00013759891
0.00015438361
0.00017055086
0.0001870847
0.00020425367
0.00022204228
0.00024043391
0.00025938014
0.00027880751
0.00029862472
0.00031871468
0.0003389421
0.00035905175
0.00037863551
0.00039698766
0.0004130641
0.00042546576
0.00043250358
0.00043264166
0.00042510773
0.00041080256
0.00039302406
0.00037572454
0.0003647332
0.00035947929
0.00032681547
0.00030568823
0.00032719143
0.00040718294
0.00054699042
0.00071819707
0.00088904408
0.0010538055
0.001139417
0.0012112021
0.0012867578
0.0013651734
0.0014443006
0.0015223775
0.0016004891
0.0016809976
0.0017666104
0.0018592493
0.00196055
0.0020723316
0.0021969251
0.0023372098
0.0024964293
0.0026785725
0.0028883916
0.0031311915
0.0034136481
0.0037439411
0.0041323735
0.0045919087
0.0051363865
0.005788758
0.0064569567
0.0064831244
0.0064817186
0.0064588841
0.0064300228
0.0064054645
0.006386742
0.0063730445
0.0063632241
0.0063562723
0.0063513908
0.0063479788
0.0063455985
0.0063439435
0.0063428029
0.0063420408
0.0063415722
0.0063413514
0.006341361
0.006341607
0.0063421152
0.0063429303
0.0063441155
0.0063457555
0.0063479604
0.0063508725
0.0063546754
0.0063596094
0.0063659907
0.0063742498
0.0063849774
0.0063990321
0.0064176829
0.0064429866
0.0064784152
0.006530606
0.0066100555
6.628206e-15
1.2679679e-12
3.2454319e-11
3.1404449e-10
1.8085865e-09
7.6174479e-09
2.6101329e-08
7.7253583e-08
2.0446397e-07
4.9332993e-07
1.0930927e-06
2.2197943e-06
4.1115626e-06
6.9450977e-06
1.0788865e-05
1.5634095e-05
2.145623e-05
2.8244269e-05
3.600953e-05
4.4770006e-05
5.4546719e-05
6.5353924e-05
7.7200676e-05
9.0087013e-05
0.000104005
0.00011893821
0.00013485834
0.00015172133
0.0001683861
0.00018500255
0.0002022598
0.00022010168
0.00023852457
0.00025750612
0.00027694922
0.00029675772
0.00031683842
0.00033705312
0.00035716601
0.00037677325
0.00039519815
0.00041140074
0.00042399271
0.00043131222
0.00043179034
0.00042455698
0.00041052222
0.00039284231
0.0003757269
0.00036489234
0.00035982322
0.0003267307
0.00030516617
0.00032609781
0.00040551646
0.00054497153
0.00071613781
0.00088708794
0.0010519527
0.0011410446
0.0012127266
0.0012879825
0.001366
0.0014446284
0.001522114
0.0015995869
0.0016793711
0.0017641734
0.0018559251
0.0019562172
0.0020668624
0.0021901754
0.0023289984
0.002486534
0.0026667461
0.0028743424
0.0031145932
0.0033940518
0.0037208752
0.0041053102
0.0045601847
0.0050996258
0.0057452811
0.0064566786
0.0064828653
0.0064814201
0.006458536
0.0064297146
0.0064052713
0.0063866714
0.0063730859
0.0063633631
0.0063564959
0.0063516886
0.0063483433
0.0063460249
0.0063444296
0.0063433482
0.0063426466
0.0063422415
0.0063420882
0.0063421707
0.006342496
0.0063430913
0.0063440022
0.0063452935
0.0063470513
0.0063493876
0.0063524471
0.0063564161
0.0063615386
0.0063681358
0.0063766446
0.0063876657
0.0064020712
0.006421153
0.0064470048
0.0064831722
0.0065364501
0.0066177514
5.1894684e-15
9.9432837e-13
2.548404e-11
2.4706223e-10
1.425972e-09
6.0209275e-09
2.0681429e-08
6.1393611e-08
1.6320725e-07
3.9594526e-07
8.843154e-07
1.8180025e-06
3.4252247e-06
5.9060641e-06
9.3765514e-06
1.3874319e-05
1.9401689e-05
2.5959121e-05
3.3552776e-05
4.2193525e-05
5.1891204e-05
6.2652892e-05
7.4480474e-05
8.7368289e-05
0.00010130623
0.00011627707
0.00013225188
0.00014918603
0.00016589348
0.00018266438
0.00020001327
0.00021791444
0.00023637897
0.00025537866
0.00027482386
0.00029462899
0.0003146968
0.00033490503
0.00035502319
0.00037466523
0.00039316247
0.00040951065
0.0004223201
0.00042994641
0.00043077907
0.00042377949
0.00040989546
0.00039207382
0.00037541344
0.00036442891
0.00035912787
0.00032665758
0.00030465082
0.00032500238
0.00040383191
0.00054291585
0.0007140318
0.0008850816
0.001050046
0.0011429621
0.0012145385
0.001289507
0.0013671139
0.0014452382
0.0015221441
0.0015989521
0.0016780101
0.0017619933
0.0018528385
0.0019521145
0.0020616144
0.0021836417
0.0023209975
0.0024768749
0.0026551704
0.0028605576
0.0030982768
0.003374832
0.0036982557
0.0040787911
0.0045291321
0.0050637362
0.0057029843
0.006456366
0.0064825868
0.0064811131
0.0064581878
0.00642941
0.0064050813
0.0063866038
0.0063731295
0.0063635037
0.0063567206
0.0063519875
0.0063487087
0.0063464522
0.0063449164
0.0063438941
0.0063432531
0.0063429115
0.0063428259
0.0063429814
0.0063433863
0.0063440689
0.006345076
0.0063464738
0.0063483499
0.0063508183
0.0063540259
0.006358162
0.0063634742
0.006370289
0.0063790497
0.006390367
0.006405127
0.0064246451
0.0064510526
0.0064879708
0.0065423572
0.0066255565
3.4178863e-15
6.571615e-13
1.7042795e-11
1.6729913e-10
9.7715615e-10
4.1738024e-09
1.451455e-08
4.366149e-08
1.1783072e-07
2.9122026e-07
6.6534446e-07
1.4058543e-06
2.7339939e-06
4.8749317e-06
7.9922791e-06
1.2168188e-05
1.7428849e-05
2.3779287e-05
3.1220538e-05
3.9753567e-05
4.9379755e-05
6.009901e-05
7.1906261e-05
8.4793832e-05
9.8749214e-05
0.00011375144
0.00012977354
0.0001467773
0.00016470682
0.00018231904
0.00019985888
0.0002179576
0.00023657743
0.00025570382
0.00027524781
0.00029512396
0.00031524014
0.00033546274
0.0003555883
0.00037522853
0.00039374068
0.00041013125
0.00042302297
0.00043074378
0.00043168989
0.0004249083
0.000411077
0.00039313251
0.00037614332
0.00036479148
0.00035779186
0.00032659632
0.00030414113
0.00032390237
0.00040212529
0.00054082227
0.00071187802
0.00088302267
0.0010480797
0.0011413518
0.0012128335
0.0012875784
0.001364852
0.001442551
0.0015189727
0.0015952052
0.0016736231
0.0017568828
0.0018468985
0.0019452377
0.0020536742
0.0021744881
0.0023104633
0.0024647517
0.002641215
0.0028444796
0.0030797406
0.0033534851
0.0036736402
0.0040504056
0.0044963494
0.0050263111
0.0056593498
0.0064382996
0.0064822888
0.0064807993
0.0064578397
0.0064291087
0.0064048961
0.0063865398
0.0063731757
0.0063636459
0.0063569468
0.0063522874
0.006349075
0.0063468802
0.0063454038
0.0063444406
0.0063438603
0.0063435822
0.0063435644
0.0063437932
0.0063442779
0.006345048
0.0063461517
0.0063476563
0.0063496513
0.0063522523
0.0063556089
0.0063599131
0.0063654164
0.0063724503
0.0063814651
0.0063930813
0.0064081996
0.0064281593
0.0064551303
0.0064928118
0.0065483288
0.0066334739
2.8346649e-15
5.4315678e-13
1.4054766e-11
1.378174e-10
8.0448081e-10
3.4326562e-09
1.1906434e-08
3.5668137e-08
9.5769057e-08
2.3601159e-07
5.3992486e-07
1.1502704e-06
2.2746772e-06
4.1531114e-06
6.9913922e-06
1.0913593e-05
1.5968638e-05
2.2164872e-05
2.9496644e-05
3.7956211e-05
4.7536056e-05
5.822886e-05
7.0025811e-05
8.2915369e-05
9.6882159e-05
0.00011190542
0.00012795783
0.00014500224
0.00016298477
0.0001803817
0.00019797448
0.00021612258
0.00023476644
0.00025389034
0.00027341911
0.00029327822
0.00031337048
0.0003335777
0.00035370574
0.00037337603
0.00039195113
0.00040845673
0.00042152867
0.00042951779
0.00043078136
0.00042434469
0.00041082451
0.00039260275
0.00037532159
0.00036365911
0.00035794251
0.00032649547
0.00030361128
0.00032280586
0.0004004484
0.00053875765
0.00070975411
0.00088098535
0.0010461228
0.001139264
0.0012105335
0.0012849531
0.0013617923
0.0014389609
0.0015148128
0.0015904289
0.0016681721
0.0017506687
0.0018398149
0.0019371542
0.0020444478
0.002163952
0.0022984215
0.0024509679
0.0026254144
0.0028263317
0.0030588632
0.0033294449
0.0036459669
0.004018514
0.0044595368
0.0049842275
0.0056106482
0.0063803541
0.006481961
0.0064804711
0.0064574863
0.0064288125
0.0064047178
0.0063864842
0.0063732317
0.0063637988
0.0063571843
0.006352599
0.0063494533
0.0063473205
0.0063459038
0.006345
0.0063444806
0.0063442664
0.0063443166
0.0063446189
0.0063451838
0.0063460418
0.0063472424
0.0063488544
0.0063509688
0.0063537034
0.0063572098
0.0063616833
0.0063673792
0.006374634
0.0063839052
0.0063958237
0.0064113046
0.006431712
0.0064592553
0.0064977138
0.0065543861
0.0066415316
3.2442596e-15
6.2018376e-13
1.5852408e-11
1.5317432e-10
8.8084674e-10
3.7045827e-09
1.2675411e-08
3.7491197e-08
9.9448552e-08
2.4192993e-07
5.4651439e-07
1.1513158e-06
2.2573789e-06
4.1009708e-06
6.8922896e-06
1.0765575e-05
1.5778252e-05
2.1941372e-05
2.9247806e-05
3.7686588e-05
4.7247527e-05
5.7921255e-05
6.9698074e-05
8.2566221e-05
9.6510633e-05
0.00011151172
0.0001275438
0.0001445729
0.00016255302
0.00018141775
0.00019962115
0.00021773095
0.00023633534
0.00025537327
0.00027477506
0.00029447231
0.00031437932
0.00033438177
0.00035428248
0.00037372049
0.00039207388
0.00040837715
0.00042129206
0.00042919117
0.00043038688
0.00042391264
0.00041031175
0.00039241537
0.00037512854
0.00036348575
0.0003564919
0.00032618998
0.00030315135
0.00032205378
0.00039934982
0.00053737804
0.00070825465
0.00087946725
0.0010445948
0.0011406188
0.0012116792
0.0012857344
0.0013620884
0.0014386196
0.001513744
0.0015885434
0.0016653903
0.0017468918
0.0018349278
0.0019310154
0.0020368988
0.0021548054
0.0022874569
0.0024379231
0.0026099766
0.0028081322
0.0030374671
0.0033043582
0.00361667
0.0039843404
0.0044197134
0.0049382649
0.0055573496
0.0063176012
0.0064814928
0.0064800193
0.0064570238
0.006428424
0.0064044764
0.0063863947
0.0063732803
0.0063639677
0.0063574588
0.0063529663
0.0063499045
0.0063478499
0.0063465087
0.0063456802
0.0063452381
0.0063451049
0.0063452416
0.0063456374
0.006346304
0.0063472738
0.0063485976
0.0063503462
0.0063526124
0.0063555167
0.0063592135
0.0063639021
0.0063698426
0.0063773782
0.0063869752
0.0063992774
0.006415219
0.0064361948
0.0064644654
0.0065039114
0.0065620552
0.0066517616
3.2888958e-15
6.2794074e-13
1.6028735e-11
1.5465547e-10
8.8810957e-10
3.7312581e-09
1.2759934e-08
3.774519e-08
1.0020443e-07
2.441538e-07
5.526847e-07
1.1667474e-06
2.2910446e-06
4.1640276e-06
6.9942135e-06
1.0910753e-05
1.5965285e-05
2.2164417e-05
2.9497997e-05
3.7953352e-05
4.7519462e-05
5.8187096e-05
6.9947161e-05
8.2789247e-05
9.6700045e-05
0.00011166224
0.00012765307
0.00014464254
0.00016258968
0.00018143476
0.0002002402
0.00021832338
0.00023679025
0.00025566103
0.00027485499
0.00029431388
0.00031396608
0.00033370633
0.00035334796
0.00037253801
0.00039066382
0.00040676985
0.0004195366
0.00042734606
0.00042857536
0.00042221125
0.00040879471
0.00039059326
0.00037309348
0.00036126724
0.00035567691
0.00032552873
0.00030273097
0.0003217277
0.00039903638
0.00053695872
0.00070767822
0.00087877637
0.00104381
0.0011432368
0.0012140721
0.0012877091
0.0013635005
0.0014392817
0.0015135566
0.0015874131
0.0016632481
0.0017436463
0.0018304674
0.0019252018
0.0020295736
0.0021457837
0.0022765208
0.0024248122
0.0025943771
0.0027896769
0.0030157219
0.0032788279
0.0035868271
0.0039495347
0.0043791909
0.0048914433
0.0055032033
0.0062544467
0.0064809617
0.0064795332
0.0064565499
0.0064280384
0.0064042449
0.0063863186
0.006373344
0.0063641524
0.0063577495
0.0063533504
0.0063503727
0.0063483964
0.0063471309
0.006346378
0.0063460133
0.0063459614
0.0063461848
0.0063466742
0.006347443
0.0063485248
0.0063499721
0.0063518574
0.0063542758
0.0063573499
0.0063612375
0.0063661414
0.0063723269
0.0063801437
0.0063900669
0.0064027536
0.0064191569
0.0064407028
0.0064697035
0.0065101425
0.0065697722
0.0066620936
3.4247337e-15
6.5399627e-13
1.6696737e-11
1.6112668e-10
9.2545964e-10
3.8890234e-09
1.330227e-08
3.9353665e-08
1.0446238e-07
2.5440058e-07
5.7522987e-07
1.2119009e-06
2.3725786e-06
4.2960972e-06
7.1873638e-06
1.1170176e-05
1.6291434e-05
2.2553835e-05
2.9943884e-05
3.8445821e-05
4.804609e-05
5.8733557e-05
7.0498248e-05
8.3329729e-05
9.7215802e-05
0.00011214129
0.0001280868
0.00014502693
0.00016292784
0.0001817423
0.0002013992
0.00022039939
0.00023877034
0.00025741247
0.00027634241
0.00029548067
0.00031477065
0.00033412903
0.00035338027
0.00037217864
0.00038991971
0.00040566397
0.00041811006
0.00042564176
0.00042666826
0.00042015865
0.00040661488
0.00038879056
0.00037073927
0.00035866657
0.00035295572
0.00032428466
0.00030213766
0.00032176509
0.00039961665
0.00053769375
0.00070816091
0.000878858
0.0010437219
0.0011454998
0.0012160183
0.0012891681
0.0013643145
0.001439255
0.0015126063
0.0015854629
0.0016602483
0.0017395135
0.0018250924
0.0019184494
0.0020212879
0.0021357818
0.0022645881
0.0024106885
0.002577754
0.002770187
0.0029929373
0.0032522561
0.0035559316
0.0039136947
0.0043376631
0.0048435824
0.0054480795
0.0061902046
0.0064803688
0.0064790139
0.0064560659
0.0064276594
0.0064040247
0.0063862549
0.0063734201
0.006364349
0.0063580512
0.0063537447
0.0063508508
0.0063489524
0.0063477622
0.0063470845
0.006346797
0.0063468261
0.0063471361
0.0063477191
0.0063485899
0.0063497835
0.0063513543
0.0063533762
0.0063559466
0.0063591906
0.0063632688
0.0063683881
0.0063748184
0.0063829163
0.0063931658
0.0064062371
0.0064231022
0.0064452188
0.0064749511
0.0065163869
0.0065775137
0.0066724991
3.6297284e-15
6.9311554e-13
1.7694106e-11
1.7073947e-10
9.8061863e-10
4.1205775e-09
1.4092475e-08
4.1681589e-08
1.1059083e-07
2.6907264e-07
6.0733893e-07
1.2757961e-06
2.4869929e-06
4.4793412e-06
7.451651e-06
1.1519765e-05
1.6724288e-05
2.3063661e-05
3.0521143e-05
3.9078178e-05
4.8718875e-05
5.9430344e-05
7.1201735e-05
8.4022769e-05
9.7882373e-05
0.00011276762
0.00012866235
0.00014554568
0.00016338975
0.00018215595
0.00020178833
0.00022219898
0.00024111023
0.00025966102
0.00027835617
0.00029718785
0.00031611532
0.00033508059
0.00035392113
0.00037229643
0.00038960392
0.00040491171
0.00041693258
0.0004241007
0.0004247812
0.00041799642
0.00040421426
0.00038617479
0.00036868324
0.00035697244
0.00035013597
0.00032240109
0.0003012436
0.00032203997
0.0004010689
0.00053973292
0.00070994029
0.00088010337
0.001044579
0.0011481152
0.0012182233
0.001290826
0.001365251
0.0014392723
0.0015116233
0.00158341
0.0016570849
0.0017351616
0.0018194468
0.0019113744
0.0020126312
0.0021253614
0.0022521905
0.0023960553
0.0025605786
0.002750104
0.0029695202
0.0032250167
0.0035243197
0.0038771194
0.0042953927
0.0047949186
0.0053921888
0.0061253679
0.0064797123
0.0064784604
0.006455576
0.0064272858
0.0064038145
0.0063862023
0.0063735073
0.0063645567
0.0063583634
0.0063541487
0.0063513378
0.0063495168
0.0063484015
0.0063477987
0.0063475882
0.0063476983
0.0063480947
0.0063487712
0.0063497439
0.0063510494
0.0063527435
0.006354902
0.0063576244
0.0063610381
0.0063653069
0.0063706414
0.0063773165
0.0063856954
0.0063962711
0.006409727
0.0064270542
0.0064497419
0.006480207
0.0065226431
0.0065852786
0.0066829784
3.8080907e-15
7.271465e-13
1.8562244e-11
1.7910176e-10
1.0285412e-09
4.3213561e-09
1.4775975e-08
4.3688471e-08
1.1585031e-07
2.8159216e-07
6.3454013e-07
1.3294892e-06
2.582381e-06
4.6312486e-06
7.6704256e-06
1.1810016e-05
1.7086036e-05
2.3493503e-05
3.1012625e-05
3.962203e-05
4.9303385e-05
6.0041896e-05
7.18255e-05
8.4643637e-05
9.8485887e-05
0.00011334081
0.00012919469
0.00014602997
0.00016382317
0.00018254154
0.0002021376
0.00022253904
0.00024326419
0.00026203061
0.0002805356
0.00029907473
0.00031765619
0.00033623995
0.00035467367
0.0003726172
0.00038946687
0.00040429268
0.00041581768
0.00042249602
0.00042277782
0.00041558184
0.00040147689
0.00038318126
0.00036548817
0.00035363294
0.00034843645
0.00031990721
0.00030007529
0.00032256889
0.00040340328
0.00054305926
0.00071298028
0.00088239387
0.0010462991
0.0011511838
0.0012208351
0.0012928498
0.0013664801
0.0014394968
0.0015107625
0.0015814048
0.0016539098
0.00173074
0.0018136743
0.0019041168
0.0020037356
0.002114649
0.0022394495
0.0023810314
0.0025429662
0.0027295422
0.0029455847
0.0031972258
0.0034921237
0.0038399188
0.0042525091
0.0047455995
0.0053356892
0.0060600429
0.0064789896
0.006477876
0.0064550771
0.0064269168
0.0064036134
0.0063861602
0.006373605
0.0063647747
0.0063586853
0.0063545618
0.0063518333
0.0063500896
0.0063490488
0.0063485205
0.0063483869
0.0063485777
0.0063490605
0.0063498303
0.0063509048
0.0063523221
0.0063541395
0.0063564346
0.0063593088
0.0063628922
0.0063673514
0.006372901
0.0063798208
0.0063884806
0.0063993825
0.0064132228
0.0064310122
0.0064542716
0.0064854706
0.0065289106
0.0065930661
0.0066935325
4.0115715e-15
7.6597434e-13
1.9552615e-11
1.8865204e-10
1.0833494e-09
4.5513299e-09
1.5560393e-08
4.599578e-08
1.2190376e-07
2.9599963e-07
6.6576058e-07
1.390684e-06
2.6897338e-06
4.7991065e-06
7.9065426e-06
1.2114912e-05
1.745532e-05
2.3920012e-05
3.1487499e-05
4.0135078e-05
4.9843245e-05
6.0596414e-05
7.2382112e-05
8.5189935e-05
9.9010233e-05
0.00011383298
0.00012964647
0.0001464358
0.00016418083
0.00018285295
0.00020241033
0.00022278949
0.00024388968
0.00026403773
0.00028266701
0.00030097737
0.00031925968
0.00033750684
0.00035556862
0.00037310246
0.0003894962
0.00040381596
0.00041479294
0.00042089691
0.00042060602
0.00041300494
0.00039843941
0.0003798579
0.00036200075
0.00035007117
0.00034485627
0.00031684536
0.00029868537
0.00032339589
0.00040664448
0.00054765139
0.00071721886
0.0008856643
0.0010488325
0.0011545623
0.0012237425
0.0012951483
0.0013679258
0.0014398725
0.0015099891
0.0015794308
0.0016507063
0.0017262379
0.0018077691
0.001896689
0.0019946231
0.0021036734
0.0022264005
0.0023656552
0.0025249616
0.00270855
0.0029211872
0.0031689444
0.0034594169
0.0038021789
0.0042090812
0.0046957312
0.0052787035
0.0059941528
0.0064782039
0.0064772564
0.0064545679
0.0064265511
0.0064034203
0.0063861276
0.0063737126
0.0063650022
0.0063590164
0.0063549841
0.0063523375
0.0063506705
0.0063497038
0.0063492499
0.0063491928
0.0063494642
0.0063500332
0.0063508963
0.0063520726
0.0063536016
0.0063555422
0.0063579738
0.0063609998
0.0063647527
0.0063694023
0.0063751669
0.0063823312
0.0063912717
0.0064024995
0.0064167243
0.0064349759
0.0064588071
0.0064907412
0.0065351885
0.0066008756
0.0067041625
4.2008711e-15
8.0207955e-13
2.0472686e-11
1.9751789e-10
1.134181e-09
4.7643775e-09
1.6286196e-08
4.8126624e-08
1.2747587e-07
3.0918754e-07
6.940898e-07
1.4455121e-06
2.7843285e-06
4.9440834e-06
8.1061081e-06
1.2366979e-05
1.7754041e-05
2.4257841e-05
3.1856206e-05
4.0526051e-05
5.0247485e-05
6.1004701e-05
7.2785364e-05
8.5579395e-05
9.937797e-05
0.00011417222
0.00012995204
0.00014670449
0.00016441173
0.000183048
0.00020257498
0.00022293469
0.00024403712
0.00026555119
0.00028446434
0.00030269576
0.00032076866
0.00033873899
0.00035648051
0.00037364816
0.00038961005
0.00040341649
0.00041380839
0.00041927409
0.00041831794
0.00041007578
0.0003952451
0.00037623776
0.00035825167
0.0003463258
0.00034112732
0.00031327563
0.00029714103
0.00032457973
0.00041082657
0.00055348438
0.0007225797
0.00088984408
0.0010521254
0.0011581848
0.001226901
0.0012976847
0.0013695628
0.0014403902
0.0015093056
0.0015775032
0.0016475093
0.0017217013
0.0018017854
0.0018891255
0.0019853287
0.0020924847
0.0022131001
0.0023499878
0.0025066281
0.0026871946
0.0028963962
0.003140246
0.0034262776
0.0037639952
0.0041652104
0.0046454009
0.0052212864
0.0059281217
0.0064773449
0.0064765995
0.0064540469
0.0064261877
0.0064032344
0.0063861037
0.0063738293
0.0063652397
0.0063593569
0.0063554151
0.00635285
0.0063512592
0.0063503664
0.0063499866
0.0063500059
0.0063503577
0.0063510128
0.0063519691
0.0063532471
0.0063548877
0.0063569514
0.0063595194
0.0063626971
0.0063666194
0.0063714592
0.0063774386
0.0063848472
0.0063940683
0.0064056219
0.006420231
0.0064389446
0.006463348
0.0064960181
0.0065414759
0.0066087061
0.0067148905
4.3967684e-15
8.3951382e-13
2.142889e-11
2.0673719e-10
1.1870626e-09
4.9862622e-09
1.7042436e-08
5.0346377e-08
1.3327472e-07
3.2287424e-07
7.2332646e-07
1.5015619e-06
2.8796657e-06
5.087469e-06
8.2989905e-06
1.2604252e-05
1.8027068e-05
2.4557009e-05
3.21721e-05
4.0849799e-05
5.0570817e-05
6.1320016e-05
7.3085753e-05
8.585883e-05
9.9631429e-05
0.00011439592
0.00013014362
0.00014686311
0.00016453818
0.0001831448
0.0002026466
0.0002229881
0.00024408345
0.00026579683
0.00028574849
0.00030414937
0.0003220767
0.00033982094
0.00035730253
0.00037415162
0.00038970656
0.0004030033
0.00041278438
0.00041755939
0.00041587191
0.00040690994
0.00039147706
0.00037264989
0.00035428253
0.00034241547
0.00033728452
0.000309264
0.00029552198
0.00032619002
0.00041598725
0.00056052777
0.00072897867
0.00089485304
0.0010561172
0.0011619968
0.001230268
0.0013004228
0.0013713638
0.0014410343
0.0015087087
0.0015756308
0.0016443371
0.0017171568
0.001795758
0.0018814779
0.0019759082
0.0020811174
0.0021995886
0.0023340827
0.0024880215
0.0026655357
0.0028712746
0.0031111971
0.0033927769
0.0037254483
0.0041209892
0.0045947288
0.0051636471
0.0058618801
0.006476428
0.0064759079
0.0064535122
0.0064258236
0.0064030536
0.0063860875
0.0063739557
0.0063654863
0.0063597064
0.0063558545
0.0063533705
0.0063518555
0.0063510363
0.0063507303
0.0063508258
0.0063512579
0.0063519989
0.0063530482
0.0063544276
0.0063561796
0.0063583661
0.0063610701
0.006364399
0.0063684901
0.0063735194
0.0063797127
0.0063873645
0.0063968646
0.0064087418
0.0064237321
0.0064429034
0.006467872
0.0065012662
0.0065477105
0.0066164322
0.0067266916
4.594744e-15
8.7726382e-13
2.2392061e-11
2.1602888e-10
1.2403691e-09
5.2098572e-09
1.780417e-08
5.2579906e-08
1.3909437e-07
3.3654658e-07
7.5229815e-07
1.5564242e-06
2.9714202e-06
5.2225595e-06
8.4762139e-06
1.2816037e-05
1.8262947e-05
2.4806235e-05
3.2424815e-05
4.109743e-05
5.0806148e-05
6.1537106e-05
7.3279823e-05
8.6026388e-05
9.9770259e-05
0.00011450507
0.00013022336
0.00014691505
0.00016456501
0.00018315019
0.00020263516
0.00022296546
0.00024405701
0.00026577837
0.00028664499
0.00030525557
0.00032311062
0.00034070059
0.00035797818
0.00037454395
0.0003897073
0.00040249395
0.00041164321
0.00041568652
0.00041321065
0.00040348701
0.00038741355
0.00036821821
0.00035012219
0.00033838947
0.00033334474
0.00030488554
0.00029391952
0.00032830461
0.00042217213
0.00056873735
0.00073630781
0.00090060256
0.001060742
0.001165967
0.0012338133
0.0013033335
0.001373305
0.0014417894
0.0015081941
0.0015738197
0.0016412044
0.001712628
0.0017897156
0.0018737813
0.0019664019
0.002069627
0.0021859086
0.0023179838
0.002469195
0.0026436282
0.0028458821
0.0030818618
0.0033589827
0.0036866123
0.0040764965
0.0045438074
0.005105834
0.0057955084
0.0064754537
0.0064751922
0.0064529699
0.0064254582
0.0064028752
0.0063860773
0.0063740885
0.0063657397
0.0063600628
0.0063563009
0.0063538979
0.0063524586
0.0063517129
0.0063514805
0.006351652
0.0063521642
0.0063529909
0.006354133
0.0063556136
0.0063574767
0.0063597856
0.0063626252
0.0063661047
0.006370364
0.0063755818
0.0063819879
0.0063898814
0.0063996585
0.0064118567
0.0064272245
0.0064468479
0.0064723728
0.0065064756
0.0065538749
0.0066240098
0.0067375761
4.8047715e-15
9.1731009e-13
2.3413233e-11
2.2588189e-10
1.2969033e-09
5.4468264e-09
1.8610888e-08
5.4942963e-08
1.4523863e-07
3.5092387e-07
7.8255904e-07
1.6131335e-06
3.0648996e-06
5.3577298e-06
8.6498367e-06
1.3018493e-05
1.8482001e-05
2.5029865e-05
3.2642525e-05
4.1300562e-05
5.0987993e-05
6.1692724e-05
7.340592e-05
8.6121236e-05
9.9833635e-05
0.00011453812
0.00013022849
0.00014689567
0.00016452539
0.00018309503
0.0002025694
0.00022289402
0.00024398499
0.00026571265
0.00028719949
0.00030601517
0.00032387193
0.00034137263
0.00035848505
0.0003747844
0.00038955837
0.00040182364
0.00041032966
0.00041359853
0.00041029126
0.00039976675
0.00038304748
0.00036350666
0.00034619261
0.00033428028
0.00032933833
0.00030022487
0.00029243525
0.00033100865
0.00042941664
0.00057805559
0.00074445064
0.00090699909
0.0010659297
0.0011700919
0.0012375245
0.0013063999
0.0013753728
0.0014426468
0.0015077613
0.0015720767
0.0016381264
0.0017081356
0.0017836851
0.0018660671
0.0019568463
0.0020580539
0.0021721128
0.0023017307
0.002450198
0.0026215251
0.0028202754
0.0030523001
0.00332496
0.0036475569
0.0040318097
0.0044927416
0.0050480211
0.0057291518
0.0064744192
0.0064744522
0.0064524195
0.0064250901
0.0064026977
0.0063860713
0.0063742265
0.0063659991
0.0063604257
0.0063567539
0.006354432
0.0063530683
0.0063523959
0.0063522371
0.0063524845
0.0063530765
0.0063539887
0.0063552233
0.0063568049
0.0063587787
0.0063612096
0.0063641842
0.0063678137
0.0063722405
0.006377646
0.0063842636
0.0063923972
0.0064024492
0.0064149656
0.0064307069
0.0064507765
0.0064768481
0.006511643
0.0065599634
0.006631423
0.0067476505
5.0282663e-15
9.5998794e-13
2.4501722e-11
2.3637392e-10
1.3570955e-09
5.6991976e-09
1.9469825e-08
5.7455891e-08
1.5175644e-07
3.6610702e-07
8.1428551e-07
1.6719434e-06
3.1604551e-06
5.4935726e-06
8.8209569e-06
1.3213653e-05
1.8687717e-05
2.5233272e-05
3.2832746e-05
4.1469072e-05
5.1128551e-05
6.1801253e-05
7.3480356e-05
8.6161313e-05
9.9840681e-05
0.00011451495
0.00013017912
0.00014682498
0.00016443877
0.00018299793
0.00020246684
0.00022279012
0.00024388288
0.00026561536
0.00028753172
0.00030652742
0.00032442512
0.00034187275
0.00035883252
0.00037486242
0.00038923627
0.00040095957
0.00040878054
0.00041125387
0.00040707943
0.00039573245
0.00037838344
0.00035853661
0.00034134001
0.00033011607
0.00032529644
0.00029537514
0.00029117911
0.00033439495
0.00043773433
0.00058839505
0.00075327889
0.00091394354
0.001071608
0.0011743944
0.001241408
0.0013096182
0.0013775622
0.001443604
0.0015074136
0.0015704106
0.001635117
0.0017036989
0.0017776909
0.0018583645
0.0019472741
0.0020464345
0.002158241
0.0022853688
0.0024310752
0.0025992749
0.0027945054
0.0030225673
0.0032907681
0.0036083481
0.003986999
0.0044416031
0.0049902814
0.0056630108
0.0064733214
0.0064736863
0.0064518596
0.006424718
0.0064025233
0.0063860687
0.0063743694
0.0063662643
0.0063607947
0.0063572132
0.0063549724
0.0063536844
0.0063530852
0.0063529999
0.0063533229
0.0063539947
0.0063549921
0.0063563189
0.0063580011
0.0063600853
0.0063626379
0.0063657469
0.0063695259
0.0063741192
0.0063797114
0.0063865393
0.0063949114
0.0064052361
0.0064180677
0.0064341782
0.0064546877
0.0064812959
0.0065167652
0.0065659706
0.0066386604
0.0067570032
5.2698724e-15
1.0061642e-12
2.5680771e-11
2.4774465e-10
1.4223886e-09
5.9730841e-09
2.0401639e-08
6.0179042e-08
1.5880304e-07
3.8245234e-07
8.4820357e-07
1.7341929e-06
3.2603258e-06
5.6335166e-06
8.9945812e-06
1.3408463e-05
1.8889294e-05
2.5428164e-05
3.300979e-05
4.1619802e-05
5.1247122e-05
6.1884218e-05
7.3526528e-05
8.6171459e-05
9.9817315e-05
0.00011446202
0.00013010175
0.000146729
0.00016433024
0.00018288259
0.00020234944
0.00022267381
0.00024376878
0.00026550283
0.00028767588
0.00030685326
0.00032482681
0.00034223676
0.00035903595
0.00037477916
0.00038873238
0.00039988721
0.00040698786
0.00040864754
0.00040355579
0.00039137441
0.00037341407
0.00035332136
0.00033634364
0.00032654034
0.00032097403
0.0002904387
0.00029026733
0.00033857583
0.00044707948
0.00059960659
0.00076265588
0.00092133694
0.0010777037
0.0011789194
0.0012454868
0.0013129983
0.0013798793
0.0014446657
0.0015071584
0.0015688321
0.0016321907
0.0016993361
0.0017717544
0.0018506982
0.0019377136
0.0020348008
0.0021443288
0.0022689392
0.002411867
0.0025769205
0.0027686187
0.002992714
0.0032564619
0.0035690458
0.003942128
0.0043904817
0.0049326638
0.0055972792
0.006443074
0.0064728926
0.0064512883
0.0064243402
0.0064023476
0.0063860687
0.0063745166
0.0063665347
0.0063611696
0.0063576787
0.0063555191
0.0063543068
0.0063537808
0.0063537687
0.0063541672
0.0063549184
0.0063560008
0.0063574197
0.0063592022
0.0063613963
0.00636407
0.0063673131
0.0063712408
0.0063759998
0.0063817776
0.0063888144
0.0063974233
0.0064080185
0.006421162
0.0064376372
0.0064585801
0.0064857143
0.0065218394
0.0065718921
0.006645715
0.0067657094
5.533245e-15
1.0564704e-12
2.6966258e-11
2.6015871e-10
1.4936679e-09
6.2719086e-09
2.1417435e-08
6.3143593e-08
1.6645519e-07
4.0012208e-07
8.8460568e-07
1.8003189e-06
3.365113e-06
5.7784344e-06
9.1720462e-06
1.3605028e-05
1.9089946e-05
2.5619177e-05
3.3179936e-05
4.1760815e-05
5.1353561e-05
6.1953214e-05
7.3557591e-05
8.6166183e-05
9.9779072e-05
0.00011439563
0.00013001307
0.00014662447
0.0001642162
0.00018276475
0.00020223202
0.00022255868
0.00024365478
0.00026538504
0.00028754574
0.0003070681
0.00032515014
0.00034250489
0.00035911752
0.00037454799
0.00038805263
0.00039860699
0.00040494562
0.00040571298
0.00039971381
0.00038669866
0.00036816
0.000347898
0.00033124386
0.00032185869
0.00031352062
0.00028553028
0.00028981973
0.00034372835
0.00045733007
0.00061140311
0.00077244309
0.00092908263
0.0010841443
0.0011837265
0.001249797
0.0013165611
0.0013823397
0.0014458446
0.0015070083
0.0015673552
0.0016293637
0.0016950646
0.0017658952
0.0018430906
0.0019281897
0.0020231803
0.0021304064
0.0022524782
0.0023926097
0.0025545008
0.0027426576
0.0029627858
0.0032220915
0.003529705
0.0038972591
0.0043394385
0.0048751644
0.0055320235
0.0063673515
0.0064720688
0.0064507093
0.0064239594
0.0064021725
0.0063860707
0.0063746676
0.00636681
0.0063615501
0.00635815
0.0063560721
0.0063549354
0.0063544823
0.0063545432
0.006355017
0.0063558475
0.0063570148
0.0063585253
0.0063604078
0.0063627115
0.0063655059
0.0063688823
0.006372958
0.006377882
0.0063838442
0.0063910885
0.0063999323
0.0064107955
0.0064242478
0.006441083
0.0064624522
0.0064901013
0.0065268629
0.0065777239
0.0066525822
0.0067738349
5.8231877e-15
1.1117727e-12
2.8377381e-11
2.7377638e-10
1.5717638e-09
6.5991607e-09
2.252921e-08
6.6383096e-08
1.7479419e-07
4.1928338e-07
9.2378353e-07
1.8707765e-06
3.4754472e-06
5.9292154e-06
9.3547198e-06
1.3805449e-05
1.9292768e-05
2.5810596e-05
3.3348883e-05
4.189928e-05
5.1456492e-05
6.2018289e-05
7.3584897e-05
8.6157948e-05
9.9739264e-05
0.00011432965
0.00012992725
0.00014652551
0.00016411057
0.00018265786
0.0002021274
0.00022245712
0.00024355336
0.00026527647
0.00028741822
0.0003072317
0.00032540207
0.00034268579
0.00035909068
0.00037418051
0.00038720289
0.00039711905
0.0004026546
0.00040248876
0.00039556067
0.00038171844
0.00036264703
0.00034228713
0.00032603827
0.00031714914
0.00030588738
0.00028078142
0.000289954
0.00035000563
0.00046847567
0.00062354691
0.00078252161
0.00093708847
0.0010908592
0.0011888823
0.0012543834
0.0013203358
0.0013849665
0.0014471586
0.0015069803
0.001565996
0.0016266513
0.0016909004
0.0017601306
0.0018355605
0.0019187237
0.0020115962
0.0021164993
0.0022360168
0.0023733331
0.0025320487
0.0027166584
0.0029328226
0.0031877013
0.0034903755
0.0038524468
0.0042885318
0.0048177961
0.005467153
0.0062927311
0.0064712197
0.0064501178
0.0064235714
0.006401996
0.006386074
0.0063748219
0.0063670898
0.0063619358
0.0063586275
0.006356631
0.0063555698
0.0063551896
0.0063553235
0.0063558723
0.0063567819
0.0063580338
0.0063596357
0.0063616177
0.0063640306
0.0063669451
0.0063704543
0.0063746772
0.0063797651
0.0063859107
0.006393361
0.0064024378
0.0064135665
0.006427324
0.0064445145
0.0064663026
0.0064944551
0.0065318331
0.0065834627
0.0066592599
0.0067814366
6.1409239e-15
1.1724088e-12
2.9923367e-11
2.8867476e-10
1.6571858e-09
6.9569671e-09
2.3743994e-08
6.9917236e-08
1.8386176e-07
4.4000952e-07
9.6582942e-07
1.9456057e-06
3.5912462e-06
6.0856538e-06
9.5424266e-06
1.4009865e-05
1.9498426e-05
2.6003805e-05
3.3518918e-05
4.20385e-05
5.1560247e-05
6.2084783e-05
7.3614697e-05
8.6153749e-05
9.9705507e-05
0.00011427208
0.00012985241
0.00014644008
0.0001640208
0.00018256866
0.00020204139
0.00022237372
0.00024346783
0.00026517911
0.0002872941
0.00030736919
0.00032560941
0.00034280072
0.00035896943
0.00037368479
0.00038618781
0.00039542678
0.00040011827
0.0003989793
0.00039113857
0.0003764521
0.00035690432
0.00033652615
0.00032075929
0.00031242702
0.00029816758
0.00027631007
0.00029077816
0.00035735783
0.00048063614
0.00063613897
0.00079278954
0.00094526742
0.0010977805
0.0011944531
0.0012592929
0.0013243562
0.0013877877
0.0014486302
0.0015070938
0.0015647717
0.0016240688
0.0016868578
0.0017544753
0.0018281235
0.0019093322
0.0020000676
0.0021026282
0.002219581
0.0023540619
0.0025095922
0.002690652
0.002902859
0.0031533299
0.0034511011
0.0038077409
0.0042378148
0.0047606436
0.0054025415
0.0062193968
0.0064703386
0.0064495113
0.0064231796
0.0064018169
0.0063860779
0.0063749789
0.0063673747
0.0063623271
0.0063591106
0.0063571956
0.0063562098
0.0063559025
0.0063561091
0.0063567329
0.0063577214
0.0063590575
0.0063607504
0.0063628317
0.0063653533
0.0063683874
0.0063720288
0.0063763981
0.006381649
0.0063879767
0.0063956315
0.0064049392
0.0064163308
0.00643039
0.0064479305
0.0064701301
0.0064987741
0.0065367479
0.0065891056
0.006665748
0.0067885643
6.4860619e-15
1.2383452e-12
3.1606591e-11
3.0490402e-10
1.7502747e-09
7.3467783e-09
2.5066355e-08
7.3758312e-08
1.936842e-07
4.623388e-07
1.0107553e-06
2.0246927e-06
3.7121942e-06
6.247267e-06
9.7346415e-06
1.42179e-05
1.9706935e-05
2.6199441e-05
3.3691345e-05
4.2180482e-05
5.1667635e-05
6.2156171e-05
7.3651094e-05
8.6158213e-05
9.968276e-05
0.00011422801
0.00012979351
0.00014637288
0.00016395102
0.00018250042
0.00020197621
0.00022230946
0.00024339773
0.00026509098
0.00028717004
0.00030749192
0.0003257816
0.00034285438
0.00035875526
0.00037306091
0.00038500707
0.00039353032
0.00039734291
0.00039519361
0.00038634402
0.0003709165
0.00035096304
0.00033064729
0.00031543781
0.00030772308
0.00029045657
0.00027223565
0.00029239089
0.00036583649
0.00049369313
0.00064901576
0.00080312724
0.00095353731
0.0011048437
0.0012004989
0.0012645707
0.001328656
0.0013908328
0.0014502832
0.0015073693
0.0015637
0.0016216311
0.0016829502
0.0017489406
0.001820791
0.0019000273
0.0019886082
0.0020888077
0.0022031912
0.0023348154
0.0024871533
0.0026646633
0.0028729241
0.0031190111
0.0034119199
0.0037631843
0.0041873363
0.004703769
0.0053384579
0.0061466105
0.0064694221
0.0064488954
0.0064227802
0.0064016343
0.0063860817
0.0063751381
0.0063676637
0.0063627235
0.006359599
0.0063577656
0.0063568554
0.0063566208
0.0063569001
0.0063575986
0.0063586657
0.0063600857
0.0063618694
0.0063640495
0.0063666793
0.0063698325
0.0063736053
0.0063781204
0.0063835332
0.0063900417
0.0063978994
0.006407436
0.0064190876
0.0064334448
0.00645133
0.0064739334
0.0065030565
0.0065416052
0.0065946504
0.0066720476
0.0067952613
6.8606665e-15
1.3098629e-12
3.3432777e-11
3.2251984e-10
1.8512942e-09
7.7697077e-09
2.6499371e-08
7.7912223e-08
2.0427107e-07
4.8626509e-07
1.0584757e-06
2.1077784e-06
3.8377441e-06
6.4132424e-06
9.9304402e-06
1.4428657e-05
1.9917611e-05
2.6397175e-05
3.3866239e-05
4.2325803e-05
5.1779687e-05
6.2233932e-05
7.3695886e-05
8.6173301e-05
9.9673015e-05
0.00011419928
0.00012975212
0.00014632492
0.00016390153
0.00018245256
0.00020193017
0.00022226143
0.00024333885
0.00026500649
0.0002870391
0.00030759956
0.00032591832
0.00034284406
0.00035844487
0.00037230615
0.0003836584
0.00039142745
0.00039432501
0.00039113809
0.00038127184
0.00036514003
0.00034485479
0.00032469637
0.00031011075
0.0003030527
0.00028285236
0.00026867679
0.00029487555
0.00037547171
0.00050755385
0.00066201129
0.00081342665
0.00096182428
0.0011119889
0.0012070682
0.0012702571
0.0013332668
0.0013941303
0.0014521415
0.0015078265
0.0015627971
0.0016193513
0.0016791872
0.0017435353
0.0018135709
0.0018908175
0.0019772265
0.002075048
0.002186862
0.0023156074
0.0024647483
0.0026387119
0.0028430408
0.0030847721
0.0033728643
0.0037188178
0.0041371384
0.0046472762
0.0052749093
0.00607468
0.0064684763
0.006448265
0.0064223673
0.0064014473
0.0063860848
0.0063753009
0.0063679565
0.0063631244
0.0063600924
0.0063583409
0.0063575065
0.0063573445
0.0063576963
0.0063584692
0.0063596146
0.0063611183
0.0063629923
0.0063652709
0.0063680085
0.0063712801
0.0063751837
0.0063798435
0.0063854173
0.0063921053
0.0064001642
0.0064099276
0.0064218364
0.0064364876
0.0064547122
0.0064777112
0.0065073008
0.006546403
0.0066000955
0.0066781611
0.0068015663
7.2651971e-15
1.3871004e-12
3.5403815e-11
3.415324e-10
1.9603598e-09
8.2259484e-09
2.8043521e-08
8.2378958e-08
2.156126e-07
5.1173647e-07
1.1088067e-06
2.1944042e-06
3.9670785e-06
6.5824247e-06
1.0128424e-05
1.4640674e-05
2.0129109e-05
2.6595783e-05
3.4042591e-05
4.2473739e-05
5.1895925e-05
6.2317761e-05
7.3748889e-05
8.6198928e-05
9.9676063e-05
0.00011418544
0.00012972732
0.00014629466
0.00016387003
0.00018242185
0.00020189898
0.00022222414
0.00024328438
0.0002649175
0.0002868919
0.00030768374
0.00032600997
0.00034275959
0.00035802919
0.00037141308
0.0003821359
0.00038911432
0.0003910662
0.00038682272
0.00037593699
0.00035926839
0.00033861736
0.00031874328
0.00030482568
0.00029839556
0.00027545486
0.00026574906
0.00029829892
0.00038625846
0.00052209269
0.00067495829
0.00082359279
0.00097006284
0.0011191602
0.0012141989
0.001276384
0.0013382148
0.0013977052
0.0014542257
0.0015084832
0.0015620767
0.0016172389
0.0016755752
0.0017382635
0.001806466
0.0018817055
0.0019659261
0.0020613597
0.0021705956
0.0022964458
0.0024423875
0.0026128115
0.0028132266
0.0030506348
0.0033339616
0.0036746744
0.0040872671
0.0045912127
0.0052119711
0.0060033222
0.0064674901
0.0064476126
0.0064219469
0.0064012548
0.0063860883
0.0063754649
0.006368252
0.0063635301
0.0063605911
0.0063589217
0.0063581628
0.0063580733
0.0063584973
0.0063593445
0.0063605679
0.0063621549
0.0063641191
0.0063664956
0.0063693404
0.00637273
0.0063767636
0.0063815673
0.0063873008
0.006394167
0.0064024254
0.0064124133
0.0064245764
0.0064395177
0.006458076
0.0064814625
0.0065115057
0.0065511397
0.0066054394
0.0066840918
0.0068075132
7.6985773e-15
1.4699366e-12
3.7519494e-11
3.6192901e-10
2.0773051e-09
8.715065e-09
2.969744e-08
8.7151334e-08
2.2767989e-07
5.3866177e-07
1.1615088e-06
2.284059e-06
4.0993395e-06
6.7536665e-06
1.0327321e-05
1.4852707e-05
2.034021e-05
2.6794185e-05
3.4219537e-05
4.2623508e-05
5.2015593e-05
6.240689e-05
7.3809219e-05
8.6233916e-05
9.9690344e-05
0.00011418439
0.00012971641
0.00014627868
0.00016385224
0.000182403
0.00020187629
0.00022219008
0.00024322565
0.00026481418
0.00028671746
0.00030773006
0.00032604046
0.00034258666
0.00035749687
0.00037037319
0.00038043188
0.00038658427
0.00038756523
0.00038226584
0.00037036671
0.00035298181
0.00033227406
0.00031283711
0.00029961711
0.00029376174
0.00026836435
0.00026356265
0.00030271843
0.00039812464
0.0005371303
0.00068769404
0.00083354323
0.00097819601
0.0011263065
0.0012219172
0.0012829741
0.0013435192
0.0014015755
0.0014565516
0.0015093519
0.0015615483
0.0016152991
0.0016721164
0.0017331246
0.0017994744
0.0018726888
0.001954704
0.0020477521
0.0021543836
0.0022773318
0.0024200751
0.0025869695
0.002783493
0.0030166157
0.0032952335
0.0036307834
0.0040377562
0.0045356332
0.0051496498
0.0059331536
0.0064664608
0.0064469465
0.006421515
0.0064010588
0.0063860904
0.0063756299
0.0063685515
0.00636394
0.0063610946
0.0063595074
0.0063588241
0.006358807
0.0063593031
0.0063602243
0.0063615255
0.0063631955
0.0063652493
0.0063677234
0.006370675
0.0063741818
0.0063783446
0.0063832913
0.0063891835
0.0063962264
0.0064046825
0.0064148926
0.006427307
0.0064425342
0.0064614205
0.006485186
0.0065156699
0.006555814
0.0066106815
0.0066898432
0.0068131322
8.1605151e-15
1.5581829e-12
3.9774252e-11
3.8368016e-10
2.2019296e-09
9.2360207e-09
3.1457066e-08
9.221663e-08
2.4043084e-07
5.6691314e-07
1.2162741e-06
2.37613e-06
4.2335361e-06
6.9256191e-06
1.0525569e-05
1.5063084e-05
2.0549212e-05
2.699072e-05
3.439542e-05
4.2773411e-05
5.2136921e-05
6.2499438e-05
7.3874785e-05
8.6275809e-05
9.9712994e-05
0.00011419274
0.0001297153
0.00014627206
0.00016384235
0.00018238928
0.00020185431
0.00022215039
0.00024315268
0.0002646855
0.00028650386
0.00030771854
0.00032598807
0.00034230823
0.0003568369
0.00036917756
0.00037853764
0.00038383157
0.0003838202
0.000377461
0.00036457476
0.00034652914
0.0003258633
0.00030701087
0.00029451421
0.00028914157
0.00026168287
0.00026221943
0.00030823295
0.00041082814
0.00055233937
0.00070006909
0.0008432133
0.00098617535
0.0011333812
0.001230238
0.00129004
0.0013491907
0.001405752
0.001459128
0.0015104393
0.0015612154
0.0016135318
0.0016688071
0.0017281125
0.0017925888
0.0018637599
0.0019435518
0.0020342217
0.0021382201
0.002258262
0.0023978102
0.0025611879
0.0027538459
0.0029827256
0.0032566968
0.0035871686
0.0039886375
0.0044805739
0.0050881373
0.005863687
0.0064653949
0.0064462614
0.0064210698
0.0064008567
0.0063860905
0.0063757973
0.0063688543
0.0063643541
0.0063616026
0.0063600979
0.0063594902
0.0063595454
0.0063601135
0.0063611084
0.0063624871
0.0063642398
0.0063663828
0.006368954
0.0063720118
0.0063756352
0.0063799265
0.0063850152
0.0063910649
0.006398283
0.006406935
0.006417365
0.0064300274
0.0064455364
0.0064647448
0.0064888807
0.006519792
0.0065604246
0.0066158214
0.00669542
0.0068184499
8.6507753e-15
1.6517018e-12
4.2160135e-11
4.0671005e-10
2.3339246e-09
9.7872298e-09
3.3316228e-08
9.7555777e-08
2.538101e-07
5.9633382e-07
1.2727264e-06
2.4699007e-06
4.3685865e-06
7.0969438e-06
1.0721649e-05
1.5270183e-05
2.0754508e-05
2.7183749e-05
3.4568506e-05
4.2921676e-05
5.2258024e-05
6.2593276e-05
7.3943094e-05
8.6321688e-05
9.9740542e-05
0.00011420643
0.00012971919
0.00014626917
0.00016383378
0.00018237311
0.00020182446
0.00022209548
0.00024305492
0.00026451999
0.00028623879
0.00030762294
0.00032583039
0.00034191222
0.00035604243
0.00036781742
0.00037644383
0.0003808512
0.00037983464
0.00037242312
0.00035858195
0.00033993901
0.00031941426
0.00030129182
0.00028956418
0.00028075351
0.00025551742
0.00026180883
0.00031513967
0.00042400035
0.00056702613
0.00071196779
0.00085255536
0.00099396006
0.0011403421
0.0012391632
0.0012975838
0.0013552293
0.0014102356
0.0014619553
0.001511744
0.0015610745
0.0016119308
0.001665638
0.0017232154
0.0017857962
0.0018549041
0.0019324622
0.0020207515
0.0021220928
0.0022392269
0.0023755859
0.0025354636
0.0027242863
0.0029489704
0.0032183628
0.0035438493
0.0039399372
0.0044260992
0.0050273797
0.005795466
0.0064642839
0.006445555
0.0064206153
0.0064006475
0.0063860877
0.0063759651
0.0063691599
0.0063647719
0.0063621151
0.0063606931
0.0063601609
0.0063602884
0.0063609281
0.0063619966
0.0063634524
0.0063652875
0.0063675194
0.0063701872
0.0063733505
0.0063770899
0.0063815089
0.0063867386
0.0063929446
0.0064003365
0.0064091824
0.0064198298
0.0064327371
0.0064485236
0.006468048
0.0064925457
0.006523871
0.0065649704
0.0066208588
0.0067008267
0.0068234903
9.1678949e-15
1.7503858e-12
4.467638e-11
4.3095767e-10
2.4728269e-09
1.0367066e-08
3.5268772e-08
1.0314618e-07
2.6775036e-07
6.2676244e-07
1.3305166e-06
2.5647511e-06
4.5036004e-06
7.2665896e-06
1.0914479e-05
1.5472977e-05
2.0955093e-05
2.737225e-05
3.4737721e-05
4.3067076e-05
5.237746e-05
6.2686672e-05
7.401202e-05
8.6369008e-05
9.976986e-05
0.00011422154
0.0001297234
0.00014626452
0.00016382011
0.00018234701
0.00020177824
0.00022201586
0.00024292196
0.0002643064
0.00028590973
0.00030737938
0.00032554359
0.00034139648
0.00035510949
0.00036628178
0.00037414069
0.0003776408
0.0003756144
0.00036716734
0.00035241393
0.00033324778
0.00031295958
0.00029563196
0.00028474917
0.00027168099
0.00025000433
0.00026239408
0.00032338115
0.00043779124
0.00058123834
0.00072336932
0.00086153734
0.0010015161
0.0011471512
0.0012486807
0.0013055944
0.0013616238
0.0014150159
0.0014650248
0.0015132567
0.0015611142
0.0016104816
0.0016625923
0.0017184154
0.0017790774
0.0018461013
0.0019214336
0.002007308
0.0021059841
0.0022202107
0.0023533896
0.0025097877
0.0026948101
0.0029153511
0.0031802389
0.0035008399
0.0038916815
0.0043722267
0.0049675346
0.0057283103
0.0064631234
0.006444833
0.0064201472
0.0064004302
0.006386084
0.006376133
0.0063694681
0.0063651934
0.0063626317
0.0063612926
0.006360836
0.0063610354
0.0063617469
0.0063628887
0.0063644214
0.0063663385
0.0063686588
0.0063714227
0.0063746911
0.0063785457
0.0063830914
0.0063884612
0.0063948222
0.0064023863
0.0064114242
0.0064222865
0.0064354355
0.006451495
0.0064713294
0.0064961799
0.0065279059
0.0065694507
0.0066257941
0.0067060681
0.0068282747
9.7062913e-15
1.8532832e-12
4.7303282e-11
4.5626878e-10
2.6177984e-09
1.097184e-08
3.730241e-08
1.0895278e-07
2.8215636e-07
6.5796565e-07
1.3891679e-06
2.6598724e-06
4.6374643e-06
7.4332084e-06
1.1102563e-05
1.5669852e-05
2.1149213e-05
2.7554346e-05
3.4901091e-05
4.3207477e-05
5.2492869e-05
6.2776953e-05
7.4078561e-05
8.6414363e-05
9.97971e-05
0.00011423374
0.00012972302
0.00014625252
0.00016379505
0.00018230404
0.00020170798
0.00022190322
0.00024274487
0.00026403478
0.00028550457
0.00030679325
0.00032511302
0.00034076549
0.00035402453
0.00036455392
0.00037161931
0.00037420035
0.00037116627
0.00036170755
0.00034609504
0.00032648262
0.0003067734
0.00029004874
0.00028005882
0.00026294977
0.00024523792
0.00026400314
0.00033279787
0.00045220865
0.00059509604
0.00073424308
0.00087013254
0.0010088149
0.0011537744
0.0012587633
0.0013140489
0.0013683511
0.0014200715
0.0014683165
0.0015149581
0.0015613151
0.0016091625
0.0016596466
0.0017136872
0.0017724057
0.0018373252
0.0019104428
0.0019938655
0.0020898716
0.0022011928
0.0023312036
0.0024841463
0.002665408
0.0028818644
0.0031423282
0.0034581522
0.0038438889
0.0043190042
0.0049086216
0.0056621141
0.0064619186
0.0064440897
0.0064196638
0.0064002077
0.0063860772
0.0063763027
0.0063697786
0.0063656184
0.0063631523
0.0063618963
0.0063615154
0.0063617868
0.0063625698
0.0063637846
0.0063653938
0.0063673925
0.0063698008
0.0063726602
0.006376033
0.0063800021
0.0063846739
0.0063901826
0.0063966973
0.006404432
0.0064136599
0.0064247345
0.0064381219
0.0064544499
0.006474588
0.0064997825
0.0065318957
0.0065738645
0.0066306277
0.0067111495
0.0068328225
1.0265965e-14
1.9600273e-12
5.0026491e-11
4.825272e-10
2.7681072e-09
1.1598299e-08
3.9405956e-08
1.1494212e-07
2.9694247e-07
6.8974012e-07
1.4482722e-06
2.7546121e-06
4.7693093e-06
7.5958154e-06
1.1284869e-05
1.5859755e-05
2.1335833e-05
2.7728981e-05
3.5057407e-05
4.3341449e-05
5.2602569e-05
6.2862134e-05
7.4140343e-05
8.645485e-05
9.9818825e-05
0.00011423905
0.00012971348
0.00014622807
0.00016375301
0.00018223823
0.00020160751
0.00022175133
0.00024251773
0.00026370047
0.00028502207
0.00030611308
0.00032455733
0.00033997814
0.0003527543
0.00036261913
0.00036887691
0.00037053288
0.00036649741
0.00035605643
0.00033965927
0.00031968587
0.00030022574
0.00028455776
0.0002754629
0.00025463295
0.00024129679
0.00026663895
0.00034333646
0.0004670685
0.00060844554
0.00074454042
0.00087832095
0.0010158337
0.0011601817
0.0012693682
0.0013229111
0.0013753758
0.0014253692
0.0014718012
0.0015168192
0.0015616474
0.0016079428
0.0016567689
0.0017089987
0.0017657485
0.001828566
0.0018994388
0.0019803931
0.0020737259
0.0021821473
0.0023090056
0.0024585216
0.0026360669
0.0028485027
0.0031046301
0.0034157932
0.0037965745
0.004266454
0.0048506921
0.0055973278
0.0064606608
0.0064433229
0.0064191695
0.006399977
0.0063860693
0.0063764729
0.0063700913
0.0063660465
0.0063636766
0.0063625041
0.0063621991
0.0063625424
0.0063633965
0.006364684
0.0063663694
0.0063684493
0.0063709451
0.0063738996
0.0063773762
0.006381459
0.0063862558
0.0063919024
0.0063985696
0.0064064733
0.0064158891
0.0064271734
0.0064407956
0.0064573876
0.0064778232
0.0065033526
0.0065358397
0.0065782115
0.0066353604
0.0067160756
0.0068371509
1.0842186e-14
2.0699433e-12
5.2830859e-11
5.095575e-10
2.9228311e-09
1.2243008e-08
4.1567148e-08
1.2107594e-07
3.1200718e-07
7.2186588e-07
1.5074129e-06
2.8483243e-06
4.8983247e-06
7.7535254e-06
1.1460521e-05
1.6041839e-05
2.1514074e-05
2.789515e-05
3.520549e-05
4.3467578e-05
5.2704801e-05
6.2940052e-05
7.4194771e-05
8.6487417e-05
9.9831423e-05
0.00011423329
0.00012968999
0.0001461857
0.000163688
0.00018214309
0.00020146988
0.00022155292
0.00024223311
0.00026329599
0.0002844551
0.00030533243
0.00032386285
0.0003390228
0.00035129216
0.00036047366
0.0003659125
0.00036664214
0.00036161851
0.00035022654
0.00033309996
0.00031287334
0.00029381566
0.00027920861
0.00027090168
0.0002468001
0.0002382504
0.00027027973
0.00035490508
0.00048220545
0.00062115206
0.00075423351
0.00088609219
0.0010225542
0.0011663466
0.0012804388
0.0013321346
0.0013826516
0.0014308632
0.0014754383
0.0015188006
0.0015620723
0.0016067841
0.0016539202
0.0017043098
0.0017590664
0.0018197931
0.0018883781
0.0019668554
0.0020575141
0.0021630439
0.0022867687
0.002432891
0.0026067697
0.0028152553
0.0030671407
0.0033737672
0.003749754
0.0042145985
0.0047937257
0.0055338423
0.0064593463
0.0064425387
0.0064186603
0.0063997368
0.0063860587
0.0063766431
0.0063704059
0.0063664776
0.0063642046
0.0063631161
0.0063628868
0.0063633018
0.0063642268
0.0063655867
0.006367348
0.0063695086
0.0063720915
0.0063751405
0.0063787202
0.006382916
0.006387837
0.0063936203
0.0064004385
0.0064085096
0.0064181112
0.0064296026
0.0064434562
0.0064603075
0.0064810342
0.0065068895
0.006539737
0.0065824913
0.0066399932
0.0067208518
0.0068412758
1.1431115e-14
2.1824133e-12
5.5699831e-11
5.3719576e-10
3.0810504e-09
1.2901717e-08
4.3771396e-08
1.2731233e-07
3.272419e-07
7.540933e-07
1.5661385e-06
2.9403335e-06
5.0236635e-06
7.9054406e-06
1.1628585e-05
1.6215098e-05
2.1682815e-05
2.8051575e-05
3.5343928e-05
4.3584281e-05
5.2797679e-05
6.3008491e-05
7.4239208e-05
8.6508977e-05
9.9831371e-05
0.00011421246
0.00012964809
0.00014612056
0.00016359464
0.00018201279
0.00020128904
0.00022130183
0.00024188489
0.00026281547
0.00028379818
0.00030444612
0.0003230215
0.00033789012
0.00034962986
0.00035811322
0.00036272608
0.00036253209
0.00035653834
0.00034423522
0.00032644112
0.00030605679
0.00028756764
0.00027402539
0.00026634787
0.0002395181
0.00023615796
0.00027491927
0.00036728174
0.00049734633
0.00063309678
0.00076331335
0.00089344297
0.0010289627
0.001172246
0.0012919046
0.0013416622
0.001390122
0.0014364974
0.0014791782
0.0015208542
0.0015625429
0.0016056384
0.001651053
0.0016995741
0.0017523353
0.0018109435
0.0018772168
0.0019532109
0.0020411978
0.0021438473
0.0022644626
0.0024072288
0.0025774963
0.0027821083
0.0030298536
0.0033320764
0.0037034361
0.0041634466
0.0047377787
0.0054716822
0.0064114346
0.0064417319
0.0064181343
0.0063994917
0.0063860447
0.006376813
0.0063707221
0.0063669116
0.0063647366
0.006363732
0.0063635782
0.0063640648
0.0063650604
0.0063664925
0.0063683292
0.0063705703
0.0063732398
0.0063763827
0.0063800648
0.0063843728
0.006389417
0.0063953359
0.0064023038
0.0064105405
0.0064203258
0.0064320215
0.006446103
0.006463209
0.0064842203
0.0065103925
0.0065435871
0.0065867037
0.006644527
0.0067254829
0.0068452111
1.2028795e-14
2.2965831e-12
5.8613938e-11
5.6527983e-10
3.2417718e-09
1.3570018e-08
4.6004132e-08
1.3360965e-07
3.4254116e-07
7.862003e-07
1.6240588e-06
3.0301129e-06
5.1447514e-06
8.050977e-06
1.1788503e-05
1.6379009e-05
2.1841549e-05
2.8197721e-05
3.5472001e-05
4.3690581e-05
5.2880063e-05
6.3066042e-05
7.4271856e-05
8.6517303e-05
9.9815962e-05
0.00011417335
0.0001295841
0.00014602851
0.0001634685
0.0001818426
0.00020105999
0.00022099302
0.00024146813
0.00026225434
0.00028304722
0.00030345075
0.0003220254
0.00033657268
0.00034776334
0.00035553709
0.00035932037
0.00035820889
0.00035126723
0.00033809953
0.0003197054
0.0002992487
0.00028150059
0.00026904962
0.00025917396
0.00023285662
0.00023506667
0.00028072783
0.00037995729
0.00051186312
0.00064419085
0.0007717891
0.00090037556
0.0010350486
0.0011778598
0.0013036794
0.0013514298
0.0013977218
0.0014422042
0.0014829619
0.0015229208
0.0015630018
0.0016044503
0.0016481123
0.001694738
0.001745515
0.001801957
0.001865907
0.0019394144
0.0020247343
0.0021245188
0.0022420522
0.0023815059
0.0025482237
0.0027490456
0.0029927604
0.0032907205
0.003657629
0.0041130244
0.0046827594
0.0054107153
0.0063430193
0.0064409009
0.0064175971
0.0063992387
0.0063860272
0.0063769824
0.0063710399
0.006367349
0.006365272
0.0063643514
0.0063642732
0.0063648312
0.0063658972
0.0063674011
0.0063693131
0.0063716341
0.0063743896
0.0063776258
0.0063814097
0.0063858291
0.0063909955
0.0063970489
0.0064041651
0.0064125656
0.0064225324
0.0064344297
0.0064487354
0.0064660913
0.0064873809
0.0065138608
0.0065473894
0.0065908484
0.0066489633
0.0067299741
0.0068489698
1.2631795e-14
2.4117812e-12
6.1553381e-11
5.9359482e-10
3.4037504e-09
1.4243323e-08
4.8250333e-08
1.3992354e-07
3.577991e-07
8.1797266e-07
1.6808062e-06
3.1171412e-06
5.2609688e-06
8.189502e-06
1.1939665e-05
1.6532954e-05
2.1989556e-05
2.8332761e-05
3.5588752e-05
4.3785342e-05
5.2950545e-05
6.3110978e-05
7.4290739e-05
8.6510137e-05
9.9782609e-05
0.00011411305
0.00012949476
0.00014590596
0.00016330568
0.00018162853
0.00020077872
0.00022062253
0.00024097918
0.00026160941
0.00028219971
0.00030234457
0.00032087091
0.00033506695
0.00034569163
0.0003527488
0.00035570229
0.00035368162
0.00034581745
0.00033183896
0.00031292285
0.00029246195
0.00027554939
0.00026427501
0.0002499951
0.00022691682
0.00023500156
0.00028807002
0.00039256404
0.00052493646
0.00065444502
0.00077968608
0.0009068956
0.0010408049
0.0011831711
0.0013156541
0.001361368
0.00140538
0.0014479039
0.0014867217
0.0015249335
0.0015633832
0.0016031554
0.0016450363
0.0016897687
0.0017385235
0.0017927772
0.0018543959
0.0019254161
0.0020080776
0.0021050169
0.0022195012
0.002355691
0.0025189269
0.0027160494
0.0029558515
0.0032496986
0.0036123418
0.004063346
0.004628662
0.0053512503
0.0062771062
0.0064400506
0.0064170457
0.0063989771
0.0063860058
0.0063771511
0.0063713588
0.0063677893
0.0063658107
0.0063649743
0.0063649716
0.0063656008
0.006366737
0.0063683125
0.0063702992
0.0063726997
0.0063755407
0.0063788697
0.0063827547
0.0063872846
0.0063925722
0.0063987589
0.0064060219
0.0064145844
0.0064247306
0.0064368266
0.006451353
0.006468954
0.0064905152
0.0065172939
0.0065511434
0.0065949256
0.0066533033
0.0067343303
0.0068525635
1.3237324e-14
2.5272997e-12
6.4500722e-11
6.2199393e-10
3.5660442e-09
1.4917362e-08
5.0494563e-08
1.4621114e-07
3.7291644e-07
8.4921812e-07
1.7360787e-06
3.2010301e-06
5.3719506e-06
8.320759e-06
1.2081918e-05
1.6676824e-05
2.2126758e-05
2.8456546e-05
3.5693953e-05
4.386821e-05
5.3008551e-05
6.3142457e-05
7.4294683e-05
8.6485939e-05
9.972947e-05
0.00011402939
0.0001293776
0.00014575025
0.00016310334
0.00018136762
0.00020044232
0.00022018764
0.00024041566
0.00026087883
0.00028125453
0.00030112737
0.00031955506
0.0003333715
0.00034341592
0.00034975269
0.00035187993
0.00034896056
0.00034020014
0.00032546797
0.00030611935
0.00028571606
0.00026967355
0.00025965905
0.00024124428
0.00022177839
0.00023593729
0.00029646011
0.00040567525
0.00053743199
0.00066398293
0.00078703279
0.00091301037
0.0010462269
0.0011881651
0.0013276832
0.0013714024
0.0014130219
0.0014535022
0.0014903793
0.0015268157
0.0015636127
0.0016016829
0.0016417613
0.0016846048
0.0017312912
0.0017833442
0.0018426268
0.0019111625
0.0019911782
0.0020852967
0.0021967704
0.0023297512
0.0024895799
0.0026831009
0.0029191161
0.0032090092
0.0035675826
0.0040144318
0.0045755951
0.0052933213
0.0062134049
0.00643918
0.0064164792
0.0063987065
0.0063859803
0.0063773188
0.0063716805
0.0063682321
0.0063663525
0.0063656003
0.0063656732
0.0063663734
0.0063675797
0.0063692264
0.0063712874
0.0063737669
0.0063766928
0.0063801139
0.0063840993
0.0063887389
0.0063941467
0.0064004654
0.0064078738
0.0064165966
0.0064269198
0.0064392117
0.0064539551
0.0064717964
0.0064936228
0.0065206912
0.0065548487
0.0065989353
0.0066575485
0.0067385561
0.0068560028
1.3841361e-14
2.642472e-12
6.7436784e-11
6.5028261e-10
3.7277122e-09
1.5587972e-08
5.2722717e-08
1.524347e-07
3.8779863e-07
8.797404e-07
1.7895777e-06
3.2814347e-06
5.4773513e-06
8.444413e-06
1.2214932e-05
1.6810277e-05
2.2252818e-05
2.8568682e-05
3.5787048e-05
4.3938483e-05
5.305321e-05
6.3159386e-05
7.4282346e-05
8.6443185e-05
9.9654825e-05
0.00011392046
0.00012923058
0.00014555918
0.00016285926
0.00018105767
0.00020004875
0.00021968667
0.00023977637
0.00026006211
0.00028021211
0.00029980039
0.00031807613
0.00033148526
0.00034093894
0.00034655458
0.00034786083
0.00034405579
0.00033442548
0.00031899576
0.00029931844
0.00027908069
0.00026390777
0.00025512228
0.00023296209
0.00021748274
0.00023782619
0.00030581819
0.00041905713
0.00054924127
0.00067279774
0.00079384711
0.00091872831
0.0010513128
0.0011928297
0.0013395371
0.0013814427
0.0014205714
0.0014588894
0.0014938443
0.0015284842
0.0015636094
0.0015999562
0.0016382421
0.0016791481
0.0017237503
0.0017735939
0.0018305392
0.0018965979
0.0019739851
0.002065312
0.0021738192
0.0023036523
0.0024601557
0.0026501813
0.0028825442
0.0031686513
0.0035233608
0.0039663044
0.004523611
0.0052367053
0.0061508498
0.0064382883
0.0064158969
0.0063984267
0.0063859503
0.0063774876
0.0063720038
0.0063686775
0.0063668972
0.0063662295
0.0063663777
0.0063671492
0.006368425
0.0063701425
0.0063722774
0.0063748354
0.0063778458
0.0063813583
0.0063854433
0.0063901917
0.0063957187
0.0064021683
0.0064097205
0.0064186017
0.0064290997
0.0064415846
0.0064565413
0.006474618
0.0064967031
0.0065240522
0.006558505
0.0066028777
0.0066617006
0.0067426562
0.0068592976
1.4438051e-14
2.756357e-12
7.0340285e-11
6.782467e-10
3.887502e-09
1.6250299e-08
5.4920059e-08
1.5855269e-07
4.0235383e-07
9.0936563e-07
1.8410335e-06
3.3580422e-06
5.5768754e-06
8.5602079e-06
1.2338518e-05
1.6933185e-05
2.2367544e-05
2.8668961e-05
3.586785e-05
4.3995923e-05
5.3084206e-05
6.316129e-05
7.4253162e-05
8.6381201e-05
9.955786e-05
0.00011378538
0.00012905275
0.00014533178
0.0001625725
0.00018069785
0.00019959733
0.0002191192
0.00023906136
0.00025915997
0.00027907408
0.0002983661
0.00031643192
0.00032940876
0.00033826628
0.00034316094
0.00034365163
0.00033897751
0.00032850757
0.00031243298
0.00029253511
0.00027261751
0.00025827935
0.00025059665
0.00022518666
0.00021406541
0.00024060099
0.00031604946
0.00043259202
0.00056028265
0.00068090447
0.00080015311
0.0009240598
0.0010560631
0.0011971555
0.0013459603
0.0013913146
0.0014279478
0.0014639521
0.0014970155
0.0015298491
0.0015632881
0.0015979113
0.0016343844
0.001673323
0.0017158296
0.0017634595
0.0018180704
0.0018816639
0.0019564449
0.0020450156
0.0021506068
0.0022773604
0.0024306278
0.0026172722
0.002846126
0.0031286255
0.0034796879
0.0039189855
0.0044727114
0.0051817531
0.0060909706
0.0064373741
0.0064152984
0.0063981373
0.0063859187
0.0063776562
0.0063723284
0.0063691242
0.0063674447
0.0063668615
0.0063670855
0.0063679277
0.0063692727
0.0063710606
0.0063732689
0.006375905
0.0063789992
0.0063826026
0.0063867864
0.0063916428
0.0063972879
0.006403867
0.0064115615
0.0064205993
0.0064312697
0.0064439447
0.006459111
0.0064774182
0.0064997555
0.0065273764
0.0065621121
0.0066067532
0.0066657611
0.006746635
0.0068624566
1.5020355e-14
2.86778e-12
7.3191395e-11
7.05729e-10
4.044473e-09
1.6900443e-08
5.7073559e-08
1.6453017e-07
4.1650373e-07
9.3796684e-07
1.890273e-06
3.4306704e-06
5.670439e-06
8.6682137e-06
1.2452869e-05
1.7045864e-05
2.2471315e-05
2.8757759e-05
3.5936744e-05
4.4040937e-05
5.3101897e-05
6.3148441e-05
7.4207362e-05
8.6300131e-05
9.9438623e-05
0.00011362419
0.0001288442
0.00014506821
0.00016224331
0.00018028861
0.0001990888
0.00021848629
0.00023827213
0.00025817447
0.00027784326
0.00029682769
0.00031458164
0.00032714504
0.00033540669
0.00033957601
0.00033925663
0.00033373529
0.00032246118
0.00030579019
0.00028576952
0.00026635984
0.00025281532
0.00024642811
0.00021795512
0.00021155654
0.00024419844
0.00032698797
0.00044608943
0.00057047986
0.00068832993
0.00080597733
0.0009290163
0.0010604812
0.0012011536
0.0013496386
0.0014008683
0.0014349781
0.0014685951
0.00149979
0.0015308182
0.0015625635
0.0015954732
0.0016300928
0.0016670513
0.0017074556
0.0017528714
0.0018051559
0.0018663011
0.0019385039
0.0020243597
0.0021270921
0.0022508422
0.0024009707
0.0025843566
0.002809854
0.0030889337
0.0034365767
0.0038725063
0.0044229975
0.0051282301
0.0060333088
0.0064364365
0.0064146832
0.0063978381
0.006385884
0.0063778244
0.0063726529
0.0063695739
0.0063679948
0.0063674963
0.0063677959
0.0063687084
0.0063701226
0.0063719805
0.0063742618
0.0063769754
0.006380153
0.0063838465
0.0063881284
0.0063930917
0.0063988539
0.0064055613
0.0064133966
0.006422589
0.0064334295
0.0064462917
0.0064616637
0.0064801965
0.0065027795
0.0065306633
0.0065656697
0.0066105621
0.0066697317
0.006750497
0.0068654882
1.5591582e-14
2.9769862e-12
7.5980693e-11
7.3259594e-10
4.197886e-09
1.7535484e-08
5.9174229e-08
1.7034206e-07
4.3018843e-07
9.6543371e-07
1.937165e-06
3.4992291e-06
5.7579951e-06
8.7684696e-06
1.2558094e-05
1.7148438e-05
2.2564359e-05
2.8835352e-05
3.5994025e-05
4.4073905e-05
5.3106653e-05
6.3121066e-05
7.4145089e-05
8.6200141e-05
9.9297414e-05
0.00011343722
0.0001286054
0.00014476915
0.00016187266
0.00017983123
0.0001985248
0.00021779007
0.00023741122
0.0002571083
0.00027652162
0.00029518858
0.00031255346
0.00032470719
0.00033236158
0.00033579898
0.00033467948
0.00032834001
0.00031630523
0.00029908512
0.00027901226
0.00026032725
0.00024759665
0.00023799544
0.00021130409
0.00020998088
0.00024866901
0.00033821288
0.00045910319
0.00057977317
0.00069511406
0.00081134759
0.00093360987
0.0010645711
0.0012048321
0.0013529911
0.0014100141
0.0014415295
0.001472732
0.0015020675
0.0015312973
0.0015613686
0.0015925288
0.0016252817
0.0016602525
0.0016985529
0.0017417595
0.0017917307
0.0018504499
0.0019201086
0.0020032976
0.0021032356
0.0022240656
0.0023711607
0.0025514194
0.0027737222
0.0030495807
0.0033940443
0.0038268985
0.0043744866
0.0050765281
0.0059779055
0.0064354747
0.0064140509
0.0063975284
0.0063858437
0.0063779899
0.0063729797
0.0063700257
0.0063685481
0.0063681341
0.0063685088
0.0063694917
0.0063709744
0.0063729019
0.0063752558
0.0063780464
0.0063813067
0.0063850897
0.0063894688
0.0063945383
0.0064004164
0.0064072508
0.0064152252
0.0064245704
0.0064355786
0.0064486249
0.0064641989
0.0064829525
0.0065057747
0.0065339127
0.0065691776
0.0066143048
0.0066736142
0.0067542463
0.0068683999
1.6152916e-14
3.0839019e-12
7.8699846e-11
7.5876292e-10
4.3472032e-09
1.8152733e-08
6.1212064e-08
1.7596326e-07
4.4336192e-07
9.9169228e-07
1.981635e-06
3.5636966e-06
5.8396514e-06
8.8612224e-06
1.2654573e-05
1.7241353e-05
2.2647152e-05
2.8902359e-05
3.6040409e-05
4.4095678e-05
5.309932e-05
6.3079786e-05
7.406692e-05
8.6081751e-05
9.913476e-05
0.00011322511
0.00012833701
0.00014443553
0.00016146179
0.00017932738
0.00019790757
0.00021703342
0.00023648237
0.00025596641
0.00027511611
0.00029345662
0.00031042243
0.00032210809
0.00032912967
0.0003318327
0.00032992818
0.00032280255
0.00031005799
0.00029234559
0.0002722559
0.00025435554
0.00024258282
0.00022924245
0.00020535064
0.00020935092
0.00025444302
0.00034908325
0.00047060004
0.00058816464
0.00070130861
0.00081629138
0.0009378528
0.0010683379
0.0012081927
0.0013560195
0.0014186187
0.0014474902
0.0014762612
0.0015037452
0.001531208
0.0015595915
0.001588986
0.0016198653
0.0016528457
0.001689045
0.0017300525
0.0017777292
0.0018340513
0.0019012063
0.0019817837
0.0020789997
0.002197001
0.0023411768
0.0025184487
0.0027377284
0.0030105744
0.0033521105
0.0037821919
0.0043272433
0.0050265827
0.005924833
0.0064344878
0.0064134008
0.0063972134
0.0063857987
0.0063781566
0.0063733077
0.0063704805
0.0063691039
0.0063687745
0.0063692244
0.006370277
0.006371828
0.0063738246
0.0063762506
0.0063791177
0.0063824601
0.0063863318
0.0063908075
0.006395982
0.006401975
0.006408935
0.006417047
0.006426543
0.0064377165
0.006450944
0.0064667163
0.0064856857
0.0065087406
0.0065371242
0.0065726359
0.0066179818
0.0066774102
0.0067578869
0.0068711983
1.6693895e-14
3.1869896e-12
8.1327346e-11
7.8405818e-10
4.491418e-09
1.8748656e-08
6.3175856e-08
1.8136245e-07
4.5595763e-07
1.0166437e-06
2.023556e-06
3.6239601e-06
5.9153487e-06
8.9464689e-06
1.2742377e-05
1.7324775e-05
2.2719903e-05
2.8958977e-05
3.6076173e-05
4.4106596e-05
5.3080122e-05
6.3024596e-05
7.3972876e-05
8.5945034e-05
9.8950805e-05
0.00011298817
0.00012803962
0.00014406809
0.00016101174
0.00017877845
0.00019723892
0.00021621865
0.00023548844
0.00025475223
0.00027363072
0.00029163635
0.0003081933
0.00031935122
0.00032571637
0.00032768541
0.00032501149
0.00031713022
0.00030372888
0.00028559082
0.00026551744
0.00024845459
0.0002377447
0.00022089469
0.00020013187
0.00020962764
0.00026136449
0.0003599912
0.00048095856
0.0005958143
0.00070696971
0.00082083413
0.00094175748
0.0010717875
0.0012112383
0.0013587234
0.0014265311
0.0014527348
0.0014790738
0.0015047282
0.0015304496
0.0015571293
0.0015847535
0.0016137569
0.0016447493
0.0016788561
0.0017176806
0.0017630876
0.0018170477
0.0018817468
0.0019597754
0.0020543496
0.0021696223
0.0023110013
0.0024854359
0.0027018736
0.0029719264
0.0033107982
0.0037384272
0.0042813471
0.0049785104
0.0058741614
0.0064334752
0.0064127399
0.0063968893
0.0063857531
0.0063783229
0.0063736383
0.0063709376
0.0063696621
0.0063694176
0.0063699422
0.0063710643
0.006372683
0.0063747484
0.006377246
0.006380189
0.0063836129
0.0063875727
0.006392144
0.0063974227
0.0064035294
0.0064106137
0.0064188617
0.0064285065
0.0064398429
0.0064532486
0.0064692152
0.0064883956
0.0065116767
0.0065402974
0.0065760446
0.0066215938
0.0066811216
0.0067614228
0.00687389
1.7210242e-14
3.2856592e-12
8.384816e-11
8.0832602e-10
4.6298803e-09
1.9320701e-08
6.5058429e-08
1.8652545e-07
4.6794601e-07
1.040241e-06
2.0629037e-06
3.6800686e-06
5.9852461e-06
9.0244683e-06
1.2821822e-05
1.7399113e-05
2.2783107e-05
2.9005721e-05
3.610194e-05
4.4107444e-05
5.3049843e-05
6.2956096e-05
7.3863583e-05
8.5790755e-05
9.8746455e-05
0.00011272746
0.00012771455
0.00014366843
0.00016052441
0.00017818668
0.00019652145
0.00021534882
0.00023443293
0.00025346973
0.00027206982
0.00028973228
0.0003058706
0.0003164375
0.00032212481
0.00032336508
0.00031993871
0.00031132805
0.00029732199
0.0002788435
0.00025884676
0.00024264169
0.00023303893
0.00021297677
0.00019567165
0.00021074415
0.00026910487
0.00037120156
0.00049072111
0.00060281627
0.00071213686
0.00082499872
0.00094533643
0.0010749265
0.001213973
0.0013611057
0.0014336083
0.001457137
0.0014810631
0.0015049249
0.0015289111
0.0015538864
0.0015797406
0.0016068707
0.0016358829
0.0016679114
0.001704575
0.0017477437
0.0017993842
0.0018616827
0.0019372334
0.0020292543
0.0021419073
0.002280621
0.0024523769
0.0026661634
0.002933653
0.0032701364
0.0036956422
0.004236816
0.0049322135
0.005825969
0.006432435
0.0064120631
0.0063965617
0.0063857046
0.0063784908
0.0063739704
0.0063713967
0.0063702225
0.0063700632
0.0063706619
0.0063718531
0.0063735392
0.006375673
0.0063782418
0.0063812601
0.0063847648
0.006388812
0.0063934781
0.00639886
0.0064050793
0.0064122864
0.0064206687
0.0064304604
0.0064419573
0.0064555381
0.0064716953
0.0064910818
0.0065145828
0.0065434322
0.0065794035
0.0066251413
0.00668475
0.0067648576
0.0068764809
1.7705303e-14
3.380231e-12
8.6260854e-11
8.3154122e-10
4.7623574e-09
1.98675e-08
6.6854642e-08
1.9143774e-07
4.7929891e-07
1.0624486e-06
2.0996693e-06
3.7320503e-06
6.0494432e-06
9.0954312e-06
1.2893166e-05
1.7464586e-05
2.2836921e-05
2.9042715e-05
3.6117772e-05
4.409824e-05
5.3008633e-05
6.2874855e-05
7.3739862e-05
8.5619954e-05
9.8522998e-05
0.00011244449
0.00012736355
0.00014323861
0.00016000214
0.00017755472
0.00019575818
0.00021442723
0.00023331952
0.0002521229
0.0002704376
0.00028774862
0.0003034583
0.00031336555
0.00031835888
0.00031888255
0.00031472155
0.00030540332
0.00029083916
0.00027212274
0.00025232815
0.00023694835
0.00022837015
0.00020551266
0.00019199168
0.00021262245
0.00027759724
0.00038259297
0.00049983289
0.00060918752
0.00071684217
0.0008288069
0.00094860208
0.0010777622
0.0012164028
0.0013631714
0.0014397098
0.0014605705
0.0014821379
0.0015042207
0.0015264941
0.0015497694
0.0015738576
0.0015991228
0.0016261681
0.0016561386
0.00169067
0.0017316386
0.0017810093
0.0018409706
0.0019141226
0.0020036876
0.0021138387
0.0022500277
0.0024192724
0.0026306085
0.0028957754
0.003230157
0.0036538848
0.0041937253
0.0048879354
0.0057800545
0.0064313788
0.0064113779
0.0063962272
0.0063856527
0.0063786592
0.0063743039
0.0063718578
0.006370785
0.0063707107
0.0063713833
0.0063726433
0.0063743964
0.0063765982
0.0063792376
0.0063823307
0.0063859155
0.0063900494
0.0063948095
0.0064002936
0.0064066242
0.0064139529
0.0064224679
0.0064324044
0.0064440593
0.0064578122
0.0064741561
0.0064937438
0.0065174585
0.0065465282
0.0065827128
0.006628625
0.0066882972
0.006768195
0.0068789763
1.8177233e-14
3.4702743e-12
8.8560771e-11
8.536922e-10
4.8884849e-09
2.0387543e-08
6.8560532e-08
1.9608786e-07
4.9000359e-07
1.0832712e-06
2.1338805e-06
3.7800431e-06
6.1082135e-06
9.1597257e-06
1.2956911e-05
1.7521801e-05
2.2882081e-05
2.9070841e-05
3.6124496e-05
4.4079212e-05
5.2957003e-05
6.2783085e-05
7.3603923e-05
8.5434907e-05
9.8282854e-05
0.00011214187
0.00012698939
0.0001427816
0.00015944813
0.00017688605
0.00019495281
0.0002134578
0.00023215223
0.00025071578
0.00026873792
0.00028568855
0.00030095671
0.00031012989
0.000314427
0.00031425108
0.0003093723
0.0002993654
0.00028428259
0.00026542922
0.00024599198
0.00023140094
0.00022370624
0.00019852467
0.00018911234
0.00021517615
0.00028675801
0.00039407665
0.00050823765
0.00061495758
0.00072111962
0.00083227962
0.00095156689
0.001080303
0.0012185353
0.0013649291
0.0014447009
0.001462923
0.0014821902
0.0015025163
0.0015231031
0.0015446873
0.0015670184
0.0015904318
0.0016155298
0.0016434688
0.0016759033
0.0017147177
0.0017618762
0.0018195721
0.0018904138
0.0019776295
0.0020854048
0.0022192185
0.0023861289
0.0025952248
0.0028583198
0.0031908986
0.0036132056
0.0041521476
0.0048456492
0.0057370602
0.0064302975
0.0064106797
0.0063958851
0.0063856019
0.0063788279
0.0063746389
0.0063723207
0.0063713502
0.00637136
0.0063721063
0.006373435
0.0063752546
0.0063775238
0.0063802332
0.0063834006
0.0063870649
0.0063912847
0.0063961377
0.0064017231
0.006408164
0.0064156128
0.0064242587
0.006434338
0.0064461485
0.0064600704
0.0064765973
0.0064963813
0.0065203034
0.0065495854
0.0065859726
0.0066320455
0.006691765
0.0067714382
0.0068813812
1.8625502e-14
3.555752e-12
9.0741217e-11
8.7470661e-10
5.0082296e-09
2.0880497e-08
7.0174641e-08
2.0047831e-07
5.0006999e-07
1.1027329e-06
2.1656284e-06
3.8242486e-06
6.1618842e-06
9.2178277e-06
1.3013733e-05
1.7571668e-05
2.2919711e-05
2.9091581e-05
3.6124212e-05
4.4053362e-05
5.2897886e-05
6.2682577e-05
7.3457747e-05
8.5237813e-05
9.8028413e-05
0.00011182229
0.00012659512
0.00014230079
0.00015886609
0.00017618463
0.0001941095
0.00021244488
0.00023093544
0.00024925248
0.00026697388
0.00028355308
0.00029819611
0.00030672177
0.00031034759
0.0003094797
0.0003038981
0.00029322543
0.00027765576
0.000258751
0.00023986799
0.000226042
0.00021856503
0.00019203926
0.00018705514
0.0002183593
0.00029638236
0.00040542238
0.0005158718
0.00062016447
0.00072500297
0.00083543685
0.00095424332
0.0010825596
0.00122038
0.0013663868
0.0014484507
0.0014640829
0.0014811192
0.0014997181
0.0015186481
0.0015385529
0.0015591403
0.0015807206
0.0016038963
0.0016298373
0.0016602174
0.0016969312
0.0017419439
0.0017974553
0.0018660838
0.0019510655
0.0020566004
0.0021881971
0.002352959
0.0025600343
0.0028213185
0.0031524049
0.0035736614
0.0041121464
0.0048055269
0.0056966071
0.006429203
0.0064099678
0.006395542
0.0063855498
0.006378997
0.0063749752
0.0063727867
0.0063719175
0.0063720111
0.0063728311
0.0063742277
0.0063761135
0.0063784494
0.0063812284
0.0063844694
0.0063882126
0.0063925175
0.0063974627
0.0064031482
0.0064096981
0.0064172656
0.0064260408
0.0064362609
0.0064482244
0.0064623124
0.0064790184
0.0064989939
0.0065231173
0.0065526035
0.006589183
0.0066354036
0.0066951551
0.0067745908
0.0068837004
1.904887e-14
3.636565e-12
9.2802084e-11
8.9454644e-10
5.121333e-09
2.1346084e-08
7.1697165e-08
2.0460939e-07
5.0950003e-07
1.1208602e-06
2.1950006e-06
3.8648286e-06
6.2107294e-06
9.2701755e-06
1.3064188e-05
1.7614891e-05
2.2950771e-05
2.9106108e-05
3.6118377e-05
4.4022319e-05
5.2832916e-05
6.2575149e-05
7.3303344e-05
8.5030887e-05
9.7762149e-05
0.00011148842
0.00012618362
0.00014179937
0.00015825962
0.0001754545
0.00019323286
0.00021139356
0.00022967459
0.00024773858
0.00026515133
0.00028134929
0.00029531304
0.00030316103
0.00030610752
0.00030455898
0.00029830275
0.0002870004
0.00027097331
0.00025206467
0.00023393595
0.00022094663
0.00021024778
0.00018609977
0.00018584035
0.00022235228
0.00030591089
0.00041597005
0.00052269336
0.0006248581
0.00072852484
0.00083829704
0.00095664458
0.0010845435
0.0012219474
0.0013674256
0.0014508413
0.0014639415
0.0014788303
0.0014957371
0.0015130429
0.0015312831
0.0015501443
0.0015699163
0.0015912017
0.0016151846
0.0016435604
0.0016782356
0.0017211778
0.0017745949
0.0018411167
0.0019239894
0.002027428
0.002156974
0.0023197814
0.0025250647
0.00278481
0.0031147259
0.0035353146
0.0040737894
0.0047676239
0.0056592393
0.0064280879
0.0064092505
0.0063951948
0.0063854964
0.0063791665
0.0063753148
0.0063732549
0.0063724867
0.0063726643
0.0063735572
0.0063750214
0.0063769727
0.006379375
0.0063822229
0.0063855369
0.0063893583
0.0063937474
0.006398784
0.0064045687
0.0064112263
0.0064189111
0.0064278139
0.0064381727
0.0064502867
0.0064645376
0.006481419
0.0065015812
0.0065258997
0.0065555825
0.0065923442
0.0066387
0.0066984692
0.0067776558
0.0068859382
1.945005e-14
3.7131258e-12
9.4752071e-11
9.1327641e-10
5.2278894e-09
2.1784385e-08
7.3129694e-08
2.0848601e-07
5.1831478e-07
1.1377195e-06
2.2221476e-06
3.9020789e-06
6.2552101e-06
9.3173629e-06
1.3109013e-05
1.7652383e-05
2.2976402e-05
2.9115898e-05
3.610884e-05
4.3988086e-05
5.2764034e-05
6.2462826e-05
7.3142812e-05
8.4816295e-05
9.7486338e-05
0.00011114273
0.00012575753
0.00014128011
0.00015763162
0.00017469872
0.00019232603
0.00021030711
0.00022837321
0.00024617786
0.00026327435
0.00027908114
0.00029230641
0.00029944836
0.00030171025
0.00029949269
0.00029259069
0.00028070458
0.0002642612
0.00024535412
0.0002280406
0.00021607875
0.00020227793
0.00018080889
0.00018547078
0.00022768723
0.00031479269
0.00042467133
0.00052876526
0.00062909833
0.00073171512
0.00084087785
0.00095878387
0.0010862661
0.0012231903
0.0013679701
0.001451761
0.0014623911
0.0014752379
0.0014904908
0.0015062058
0.0015228009
0.0015399584
0.0015579517
0.0015773848
0.001599457
0.0016258872
0.0016585949
0.0016995512
0.0017509738
0.0018155052
0.0018964021
0.0019978966
0.0021255666
0.0022866221
0.0024903513
0.0027488393
0.0030779176
0.003498233
0.004037172
0.0047319897
0.0056249028
0.0064269501
0.0064085245
0.0063948436
0.0063854418
0.0063793397
0.0063756566
0.006373725
0.0063730586
0.0063733192
0.0063742845
0.0063758156
0.006377832
0.0063803001
0.0063832165
0.0063866029
0.0063905017
0.0063949744
0.0064001013
0.006405984
0.0064127482
0.0064205488
0.0064295775
0.0064400729
0.0064523351
0.0064667458
0.0064837987
0.0065041429
0.0065286506
0.0065585221
0.0065954565
0.0066419354
0.006701709
0.0067806361
0.0068880986
1.9827484e-14
3.7851359e-12
9.6586629e-11
9.3090764e-10
5.3281986e-09
2.2196681e-08
7.4474225e-08
2.1211555e-07
5.2653775e-07
1.1533658e-06
2.2471942e-06
3.9362073e-06
6.2956334e-06
9.3598124e-06
1.314878e-05
1.7684915e-05
2.2997526e-05
2.9122082e-05
3.6097062e-05
4.3952248e-05
5.2692731e-05
6.2347224e-05
7.2977841e-05
8.4595805e-05
9.7202866e-05
0.00011078722
0.00012531899
0.00014074532
0.00015698458
0.00017391999
0.00019139188
0.00020918853
0.00022703428
0.00024457333
0.00026134564
0.00027675074
0.00028917673
0.00029558503
0.00029715765
0.00029428211
0.00028676142
0.00027434186
0.00025754354
0.00023865139
0.00022221215
0.00021140572
0.00019467658
0.00017618833
0.00018588625
0.00023388391
0.00032390649
0.00043268115
0.00053430925
0.00063293992
0.00073459963
0.00084319609
0.00096067579
0.0010877415
0.0012239162
0.0013682483
0.0014511051
0.0014593295
0.0014702615
0.0014839033
0.0014980627
0.0015130345
0.0015285156
0.0015447661
0.0015623922
0.0015826089
0.0016071602
0.0016379806
0.0016770464
0.0017265842
0.0017892506
0.0018683134
0.001968024
0.0020940002
0.0022535138
0.0024559355
0.0027134571
0.003042042
0.0034624923
0.0040023722
0.0046988125
0.0055937173
0.0064258029
0.0064077899
0.0063944885
0.0063853908
0.0063795148
0.0063760004
0.0063741983
0.0063736323
0.0063739755
0.0063750126
0.0063766103
0.0063786912
0.0063812246
0.0063842088
0.0063876669
0.0063916425
0.0063961979
0.0064014143
0.0064073941
0.0064142635
0.0064221785
0.0064313313
0.0064419613
0.006454369
0.0064689366
0.0064861572
0.0065066787
0.0065313696
0.0065614224
0.00659852
0.0066451106
0.0067048761
0.0067835347
0.0068901854
2.0179193e-14
3.8524082e-12
9.8303996e-11
9.4742645e-10
5.4222744e-09
2.2583048e-08
7.5731879e-08
2.1550492e-07
5.3419545e-07
1.1678731e-06
2.2702867e-06
3.9674565e-06
6.3323739e-06
9.3980694e-06
1.3184201e-05
1.7713333e-05
2.3015269e-05
2.9126198e-05
3.6084946e-05
4.3916789e-05
5.2620831e-05
6.2230259e-05
7.2810448e-05
8.4371543e-05
9.6913934e-05
0.00011042421
0.00012487052
0.00014019769
0.00015632133
0.0001731212
0.0001904334
0.00020804081
0.00022566068
0.00024292742
0.00025936701
0.00027435905
0.00028592119
0.00029156927
0.00029245185
0.00028893133
0.00028081568
0.00026791181
0.00025085057
0.00023207138
0.00021648183
0.00020680419
0.00018746747
0.00017226069
0.00018701665
0.00024077153
0.00033330549
0.00044024429
0.00053936448
0.0006364116
0.00073720101
0.00084526904
0.00096233298
0.0010887518
0.0012243809
0.0013682982
0.0014487669
0.0014546702
0.0014638318
0.0014759061
0.0014885447
0.0015019192
0.0015157567
0.001530306
0.0015461768
0.0015646017
0.0015873509
0.0016163749
0.0016536551
0.001701428
0.0017623638
0.0018397425
0.001937836
0.002062307
0.0022204965
0.0024218654
0.0026787217
0.003007169
0.0034281737
0.0039694932
0.0046681691
0.0055655951
0.0064246404
0.0064070474
0.0063941365
0.0063853412
0.0063796918
0.006376348
0.006374674
0.0063742079
0.006374633
0.0063757414
0.0063774049
0.00637955
0.0063821482
0.0063851996
0.0063887288
0.0063927805
0.0063974177
0.0064027227
0.0064087984
0.0064157719
0.0064237997
0.0064330749
0.0064438374
0.0064563882
0.0064711095
0.0064884941
0.0065091883
0.0065340565
0.0065642834
0.006601535
0.0066482264
0.0067079723
0.0067863543
0.0068922019
2.0510527e-14
3.9156755e-12
9.991324e-11
9.6287545e-10
5.5102513e-09
2.2944396e-08
7.6908414e-08
2.186678e-07
5.4131537e-07
1.1813099e-06
2.2915631e-06
3.9960849e-06
6.3658286e-06
9.4326593e-06
1.3215943e-05
1.7738483e-05
2.3030718e-05
2.912966e-05
3.6074237e-05
4.3883412e-05
5.2549833e-05
6.2113552e-05
7.2642361e-05
8.4145353e-05
9.6621478e-05
0.00011005566
0.00012441415
0.00013963937
0.00015564413
0.00017230474
0.00018945299
0.00020686625
0.00022425443
0.00024124167
0.00025733916
0.00027190574
0.000282534
0.00028739749
0.00028759636
0.00028344945
0.00027476058
0.00026141387
0.00024418587
0.00022564319
0.00021087734
0.00020225389
0.00018067175
0.00016904809
0.00018878005
0.00024831257
0.00034294461
0.00044731382
0.0005439426
0.00063954133
0.00073954147
0.00084711369
0.00096363063
0.0010894426
0.0012246304
0.0013681322
0.0014446571
0.001448337
0.0014558867
0.0014664386
0.0014775915
0.0014893979
0.0015016283
0.0015145249
0.0015287011
0.0015454069
0.0015664405
0.0015937697
0.0016293805
0.001675518
0.001734866
0.0018107171
0.0019073669
0.0020305274
0.0021876173
0.002388196
0.0026446978
0.002973374
0.0033953659
0.0039386344
0.0046401761
0.0055412076
0.0064234624
0.0064062971
0.0063937848
0.0063852931
0.0063798707
0.0063766985
0.0063751519
0.0063747851
0.0063752916
0.0063764707
0.0063781994
0.0063804081
0.0063830705
0.0063861886
0.0063897883
0.0063939152
0.0063986336
0.0064040261
0.0064101966
0.0064172729
0.0064254122
0.006434808
0.0064457009
0.0064583922
0.0064732643
0.0064908092
0.0065116713
0.0065367112
0.0065671049
0.0066045018
0.0066512837
0.006710999
0.0067890976
0.0068941517
2.0822828e-14
3.9751045e-12
1.0142318e-10
9.7738997e-10
5.5928209e-09
2.3283314e-08
7.8010377e-08
2.216229e-07
5.4794611e-07
1.1937694e-06
2.3111978e-06
4.0223773e-06
6.3964093e-06
9.4641204e-06
1.3244683e-05
1.7761288e-05
2.3045088e-05
2.9134035e-05
3.6066875e-05
4.3854054e-05
5.2481446e-05
6.1998908e-05
7.2475427e-05
8.3919098e-05
9.6327413e-05
0.0001096836
0.00012395192
0.00013907242
0.00015495504
0.00017147263
0.00018845258
0.00020566657
0.00022281682
0.00023951663
0.00025526164
0.00026938919
0.00027900456
0.00028306245
0.00028259557
0.00027784987
0.00026860636
0.00025484354
0.00023754274
0.00021940487
0.00020543112
0.00019771073
0.00017431246
0.00016657586
0.00019109113
0.00025644214
0.00035274574
0.00045382186
0.00054806363
0.00064235854
0.00074164305
0.00084869911
0.00096455111
0.0010899234
0.0012246813
0.0013677631
0.0014387004
0.0014402674
0.0014463742
0.0014554476
0.0014651482
0.00147542
0.0014860869
0.0014973859
0.0015099359
0.0015250054
0.0015444216
0.0015701694
0.0016042374
0.0016488787
0.0017067887
0.0017812745
0.0018766586
0.0019987088
0.0021549297
0.0023549895
0.0026114567
0.0029407393
0.0033641647
0.0039099054
0.0046149354
0.0055201292
0.0064222695
0.0064055511
0.0063934338
0.0063852468
0.0063800554
0.0063770519
0.0063756321
0.0063753639
0.0063759511
0.0063772004
0.0063789936
0.0063812653
0.0063839913
0.0063871755
0.006390845
0.0063950466
0.0063998451
0.0064053243
0.0064115885
0.0064187663
0.0064270155
0.0064365302
0.0064475514
0.0064603807
0.0064754004
0.0064931019
0.0065141275
0.0065393334
0.006569887
0.0066074206
0.0066542831
0.0067139577
0.0067917671
0.0068960376
2.1114861e-14
4.0306465e-12
1.0283921e-10
9.9103218e-10
5.6702821e-09
2.3600862e-08
7.9041037e-08
2.2438381e-07
5.5412844e-07
1.2053431e-06
2.3293646e-06
4.046611e-06
6.4244961e-06
9.4929733e-06
1.3271129e-05
1.7782615e-05
2.3059502e-05
2.9140835e-05
3.6064655e-05
4.3830374e-05
5.2417201e-05
6.1888024e-05
7.2311393e-05
8.3694517e-05
9.6033481e-05
0.00010930977
0.00012348554
0.00013849845
0.00015425558
0.00017062619
0.00018743319
0.00020444237
0.00022134782
0.00023775136
0.00025313222
0.00026680594
0.00027531502
0.00027855686
0.00027745807
0.00027214888
0.00026236852
0.00024820048
0.00023089638
0.00021338607
0.00020021658
0.00019180662
0.00016841965
0.00016487495
0.00019393187
0.00026492234
0.00036242415
0.00045968751
0.00055175819
0.00064489423
0.00074353025
0.00084989084
0.00096526683
0.0010902223
0.0012245429
0.0013672052
0.0014308376
0.0014304131
0.0014352488
0.0014428861
0.001451169
0.0014599436
0.001469096
0.0014788609
0.0014898633
0.0015033912
0.0015212998
0.0015455911
0.0015782538
0.0016215456
0.0016781741
0.001751461
0.0018457613
0.0019669062
0.0021224948
0.0023223143
0.0025790765
0.0029093548
0.0033346718
0.0038834206
0.0045926006
0.0055029154
0.0064210741
0.0064048042
0.0063930843
0.0063852075
0.006380244
0.0063774083
0.0063761144
0.0063759441
0.0063766113
0.0063779301
0.0063797873
0.0063821214
0.0063849105
0.0063881601
0.0063918988
0.0063961741
0.006401052
0.0064066168
0.0064129737
0.0064202517
0.0064286093
0.006438241
0.0064493885
0.0064623533
0.0064775177
0.0064953721
0.0065165566
0.006541923
0.0065726296
0.0066102919
0.0066572255
0.0067168502
0.0067943651
0.0068978625
2.1386506e-14
4.082659e-12
1.0417163e-10
1.0038456e-09
5.7430981e-09
2.3899441e-08
8.0009362e-08
2.2697386e-07
5.5991293e-07
1.2161401e-06
2.3462697e-06
4.0691226e-06
6.4505992e-06
9.5199041e-06
1.3296179e-05
1.780365e-05
2.3075481e-05
2.9151958e-05
3.6069741e-05
4.3814418e-05
5.2359047e-05
6.1783023e-05
7.2152492e-05
8.3473885e-05
9.5741915e-05
0.00010893624
0.00012301693
0.0001379192
0.00015354715
0.00016976638
0.00018639518
0.00020319317
0.00021984586
0.00023594273
0.00025094576
0.00026414975
0.00027143856
0.00027388701
0.00027220132
0.00026635838
0.00025606277
0.0002415004
0.0002242095
0.00020751183
0.00019529347
0.00018408374
0.00016306855
0.00016397772
0.00019760562
0.00027309552
0.0003711158
0.00046486239
0.00055507289
0.00064717821
0.00074508886
0.00085084567
0.00096581214
0.0010903497
0.0012242241
0.0013664732
0.0014210257
0.0014187385
0.0014224725
0.0014287146
0.0014356131
0.0014429352
0.0014506293
0.001458933
0.0014684775
0.0014805704
0.0014970948
0.0015200664
0.0015514709
0.0015935672
0.001649074
0.0017213314
0.0018147322
0.0019351805
0.0020903794
0.0022902448
0.0025476411
0.0028793155
0.0033069965
0.0038593073
0.0045733306
0.0054894354
0.0064198721
0.0064040569
0.0063927365
0.0063851735
0.0063804368
0.0063777678
0.0063765989
0.0063765256
0.006377272
0.0063786597
0.0063805802
0.0063829761
0.0063858276
0.006389142
0.0063929492
0.0063972976
0.006402254
0.0064079035
0.0064143518
0.0064217288
0.0064301932
0.0064399403
0.0064512118
0.0064643097
0.0064796157
0.0064976193
0.0065189584
0.0065444798
0.0065753329
0.0066131159
0.0066601117
0.0067196777
0.0067968941
0.006899629
2.1642011e-14
4.1317736e-12
1.0542955e-10
1.0159302e-09
5.811878e-09
2.4181473e-08
8.0922898e-08
2.2941288e-07
5.6535488e-07
1.226281e-06
2.362117e-06
4.0902364e-06
6.4751753e-06
9.5455217e-06
1.3320594e-05
1.7825396e-05
2.3094381e-05
2.9169153e-05
3.6083983e-05
4.3807852e-05
5.230861e-05
6.1685625e-05
7.2000567e-05
8.3259142e-05
9.5454687e-05
0.00010856502
0.00012254809
0.00013733654
0.00015283137
0.00016889439
0.00018533895
0.00020191809
0.000218308
0.00023408454
0.00024869028
0.00026097896
0.0002673373
0.00026909879
0.00026684342
0.00026047386
0.00024969451
0.000234776
0.00021748538
0.00020167896
0.0001906245
0.00017669347
0.00015834595
0.00016388571
0.00020262292
0.00028059927
0.00037796413
0.00046944991
0.00055806721
0.00064921606
0.00074632245
0.00085163013
0.00096620319
0.0010903162
0.001223733
0.0013655829
0.0014092363
0.0014052254
0.0014080122
0.0014129016
0.0014184502
0.0014243704
0.0014306712
0.0014375967
0.0014457861
0.0014565653
0.0014718422
0.0014936425
0.001523944
0.0015650033
0.0016195501
0.0016909479
0.0017836353
0.0019035987
0.0020586563
0.0022588624
0.0025172419
0.0028507244
0.0032812548
0.0038376985
0.0045572384
0.0054801081
0.0064186642
0.0064033101
0.0063924003
0.0063851451
0.0063806339
0.0063781305
0.0063770856
0.0063771083
0.0063779332
0.006379389
0.0063813723
0.0063838294
0.0063867425
0.0063901211
0.0063939959
0.0063984167
0.0064034507
0.0064091839
0.0064157226
0.0064231972
0.0064317669
0.0064416276
0.0064530211
0.0064662495
0.0064816942
0.0064998434
0.0065213326
0.0065470037
0.0065779969
0.0066158929
0.0066629425
0.0067224418
0.006799356
0.0069013398
2.188751e-14
4.178577e-12
1.0662258e-10
1.0274131e-09
5.8771462e-09
2.4448911e-08
8.1789088e-08
2.3172407e-07
5.7050495e-07
1.2358684e-06
2.3771035e-06
4.1102548e-06
6.4986321e-06
9.5703801e-06
1.3345121e-05
1.7848808e-05
2.311742e-05
2.9193889e-05
3.6108865e-05
4.381189e-05
5.2267042e-05
6.1597134e-05
7.1857018e-05
8.3051781e-05
9.5173392e-05
0.00010819786
0.00012208092
0.00013675257
0.00015211058
0.00016801271
0.00018426708
0.00020061954
0.00021673626
0.0002321788
0.00024637003
0.00025753589
0.00026305577
0.00026416468
0.0002613556
0.00025448095
0.00024326271
0.00022806869
0.00021086408
0.00019593835
0.00018605519
0.00016966508
0.00015427984
0.00016452742
0.00020836632
0.00028851031
0.0003844638
0.00047368846
0.00056079155
0.00065091229
0.00074737563
0.00085227218
0.00096645235
0.0010901327
0.0012230776
0.0013645507
0.0013954605
0.0013898777
0.0013918414
0.0013954227
0.0013996591
0.0014042354
0.0014092176
0.001414861
0.0014218131
0.0014314153
0.0014455954
0.0014663826
0.0014957417
0.0015359243
0.0015896722
0.0016603793
0.00175254
0.0018722337
0.0020274042
0.0022282537
0.0024879756
0.0028236905
0.0032575699
0.0038187317
0.0045445027
0.0054749961
0.006417452
0.0064025753
0.0063920722
0.0063851228
0.0063808356
0.0063784964
0.0063775743
0.006377692
0.0063785945
0.0063801178
0.0063821633
0.0063846808
0.0063876551
0.0063910969
0.0063950388
0.0063995311
0.0064046419
0.0064104578
0.0064170857
0.0064246566
0.0064333301
0.0064433025
0.0064548159
0.0064681724
0.0064837527
0.006502044
0.006523679
0.0065494946
0.0065806216
0.0066186234
0.0066657186
0.0067251439
0.0068017532
0.006902997
2.2124265e-14
4.2234934e-12
1.0776185e-10
1.0383675e-09
5.9393657e-09
2.4703307e-08
8.261291e-08
2.339236e-07
5.7539745e-07
1.2449753e-06
2.3913634e-06
4.12936e-06
6.521235e-06
9.5948193e-06
1.3370166e-05
1.7874381e-05
2.3145178e-05
2.9226741e-05
3.6144644e-05
4.3826345e-05
5.2234025e-05
6.1517213e-05
7.1721503e-05
8.2851448e-05
9.489773e-05
0.00010783449
0.00012161517
0.000136167
0.00015138436
0.00016712071
0.0001831786
0.00019929629
0.0002151293
0.00023022432
0.00024398441
0.00025394308
0.00025860198
0.00025907852
0.00025574486
0.00024838708
0.00023676699
0.00022138412
0.00020437401
0.00019031877
0.00018157946
0.00016302478
0.00015089838
0.0001658315
0.00021476679
0.00029676682
0.00039065649
0.00047757259
0.00056321635
0.00065233667
0.00074828064
0.00085278522
0.00096657099
0.0010898102
0.0012222643
0.0013633933
0.0013797049
0.0013727314
0.0013739396
0.0013762645
0.0013792268
0.0013825262
0.0013862777
0.001390751
0.0013966015
0.0014051799
0.0014184262
0.0014383663
0.0014669459
0.0015064099
0.0015595172
0.0016297
0.0017215206
0.0018411629
0.0019967073
0.0021985108
0.0024599452
0.0027983286
0.0032360718
0.0038025512
0.0045352757
0.0054742661
0.0064162361
0.0064018501
0.0063917524
0.0063851073
0.0063810423
0.0063788658
0.006378065
0.0063782766
0.0063792558
0.0063808457
0.0063829528
0.0063855301
0.0063885649
0.0063920695
0.0063960775
0.0064006404
0.0064058272
0.0064117247
0.0064184407
0.0064261065
0.0064348824
0.0064449648
0.006456596
0.006470078
0.006485791
0.0065042208
0.0065259974
0.0065519524
0.0065832071
0.0066213076
0.0066684409
0.0067277854
0.0068040876
0.0069046031
2.2348514e-14
4.2662004e-12
1.0884657e-10
1.0487823e-09
5.9986087e-09
2.4945746e-08
8.3397444e-08
2.3601522e-07
5.8005121e-07
1.2536486e-06
2.4049656e-06
4.1476746e-06
6.5431322e-06
9.6189502e-06
1.3395777e-05
1.790208e-05
2.3177548e-05
2.9267377e-05
3.6190393e-05
4.3849782e-05
5.2208204e-05
6.144465e-05
7.1593044e-05
8.2657401e-05
9.462707e-05
0.00010747432
0.00012115018
0.00013557895
0.00015065138
0.0001662164
0.00018207058
0.00019794412
0.0002134813
0.00022821333
0.00024152417
0.00025016713
0.00025396827
0.00025386074
0.00025003543
0.00024220161
0.0002301993
0.00021472124
0.00019805975
0.00018485433
0.0001771591
0.00015680036
0.00014823342
0.0001677111
0.00022180295
0.00030535249
0.0003964781
0.00048110939
0.00056529214
0.00065358654
0.00074906085
0.00085318232
0.00096657128
0.0010893606
0.0012212985
0.0013621273
0.0013619658
0.0013538616
0.0013542844
0.0013554166
0.0013571495
0.0013592507
0.0013618778
0.0013653131
0.0013702171
0.001377941
0.0013904263
0.0014096884
0.0014376495
0.0014765479
0.0015291664
0.0015989875
0.0016906546
0.0018104679
0.0019666539
0.0021697325
0.0024332599
0.0027747606
0.0032168955
0.0037893135
0.0045297228
0.0054780041
0.0064150343
0.0064011353
0.0063914421
0.0063850991
0.0063812542
0.0063792385
0.0063785576
0.006378862
0.0063799169
0.0063815727
0.0063837406
0.0063863771
0.0063894716
0.0063930382
0.0063971117
0.0064017445
0.0064070063
0.0064129845
0.0064197874
0.0064275468
0.0064364235
0.006446614
0.0064583609
0.0064719659
0.0064878088
0.0065063736
0.0065282875
0.006554377
0.0065857536
0.006623946
0.0066711101
0.0067303675
0.0068063611
0.00690616
2.2557599e-14
4.3062841e-12
1.0987159e-10
1.0586356e-09
6.0546396e-09
2.517541e-08
8.4141489e-08
2.3799654e-07
5.8445726e-07
1.261851e-06
2.417834e-06
4.1650695e-06
6.5641011e-06
9.6424249e-06
1.3421371e-05
1.7930927e-05
2.3212939e-05
2.9313276e-05
3.6242488e-05
4.3878554e-05
5.218715e-05
6.1378123e-05
7.1471121e-05
8.2469662e-05
9.4361756e-05
0.00010711771
0.00012068604
0.0001349879
0.00014991025
0.00016529716
0.00018093879
0.00019655665
0.00021178293
0.00022613256
0.00023887179
0.00024615943
0.00024917603
0.00024854812
0.00024425041
0.00023593432
0.00022355142
0.00020805888
0.00019197412
0.00017961414
0.0001723768
0.00015102553
0.00014632353
0.00017008704
0.00022938793
0.00031414637
0.00040183109
0.00048427512
0.00056708494
0.00065469343
0.00074973137
0.00085347622
0.00096646526
0.0010887969
0.0012201837
0.0013549677
0.0013420754
0.001333356
0.0013328524
0.0013328661
0.0013334325
0.0013344344
0.0013360664
0.0013386196
0.0013427517
0.0013498037
0.0013617069
0.0013804577
0.0014079535
0.0014464302
0.0014987041
0.0015683219
0.0016600226
0.0017802343
0.0019373369
0.0021420221
0.0024080341
0.002753114
0.0032001838
0.0037791766
0.0045280178
0.0054865147
0.0064138419
0.0064004326
0.0063911422
0.0063850988
0.0063814716
0.0063796147
0.0063790521
0.006379448
0.0063805776
0.0063822983
0.0063845264
0.0063872213
0.006390375
0.006394003
0.0063981412
0.006402843
0.0064081788
0.0064142368
0.0064211254
0.0064289771
0.0064379529
0.0064482498
0.0064601103
0.006473836
0.0064898057
0.0065085021
0.0065305493
0.0065567683
0.006588261
0.0066265389
0.006673727
0.0067328916
0.0068085755
0.0069076695
2.2759016e-14
4.3447758e-12
1.1085309e-10
1.06807e-09
6.1081393e-09
2.539407e-08
8.4848698e-08
2.3988113e-07
5.8864625e-07
1.2696311e-06
2.430041e-06
4.1816152e-06
6.5841672e-06
9.6652044e-06
1.344681e-05
1.7960469e-05
2.3249917e-05
2.9359916e-05
3.6288474e-05
4.3902477e-05
5.217659e-05
6.1322823e-05
7.1360514e-05
8.2292585e-05
9.4105672e-05
0.00010676801
0.00012022542
0.0001343957
0.00014916166
0.00016436207
0.00017978005
0.00019512739
0.00021002278
0.00022396303
0.00023542783
0.00024187505
0.00024428568
0.00024316489
0.00023839206
0.00022959775
0.00021683529
0.00020134714
0.00018610927
0.00017472465
0.00016485775
0.00014575673
0.00014521535
0.00017302896
0.00023712544
0.00032266258
0.00040661643
0.0004870428
0.00056868566
0.00065568288
0.00075030663
0.0008536791
0.00096626546
0.001088134
0.0012189458
0.0013334786
0.0013197639
0.001311153
0.0013096254
0.0013086035
0.0013080977
0.001308129
0.0013089229
0.0013107742
0.0013143274
0.0013208982
0.0013323955
0.0013507928
0.001377964
0.0014161504
0.0014682147
0.0015377843
0.0016297072
0.0017505506
0.0019088546
0.0021154871
0.0023843882
0.0027335228
0.0031860858
0.0037723062
0.0045303391
0.005499952
0.0064126604
0.0063997433
0.0063908537
0.0063851069
0.0063816946
0.0063799944
0.0063795484
0.0063800345
0.0063812377
0.0063830226
0.00638531
0.0063880627
0.0063912748
0.0063949634
0.0063991656
0.0064039356
0.0064093446
0.0064154811
0.0064224543
0.006430397
0.0064394705
0.0064498719
0.006461844
0.0064756878
0.0064917815
0.0065106061
0.0065327825
0.0065591263
0.0065907295
0.0066290867
0.0066762924
0.0067353589
0.0068107326
0.0069091338
2.2956719e-14
4.3824483e-12
1.1181354e-10
1.0773022e-09
6.1605965e-09
2.5608657e-08
8.5542141e-08
2.4172996e-07
5.92761e-07
1.2773099e-06
2.4421868e-06
4.198287e-06
6.6048083e-06
9.6894161e-06
1.3475174e-05
1.7995313e-05
2.3295459e-05
2.9418185e-05
3.6346408e-05
4.3937757e-05
5.2179364e-05
6.1281709e-05
7.1264121e-05
8.2128993e-05
9.3861473e-05
0.00010642761
0.00011977041
0.00013380409
0.00014840696
0.00016341209
0.00017859501
0.00019365733
0.00020820406
0.00022171479
0.00023181752
0.00023741096
0.00023924187
0.00023766421
0.00023244517
0.00022320512
0.00021010407
0.00019463916
0.00018029577
0.00017006732
0.00015767843
0.00014113077
0.00014494796
0.00017712574
0.0002442384
0.00032961428
0.00041082553
0.00048944975
0.00057012941
0.00065657243
0.0007507999
0.00085380388
0.00096598376
0.001087388
0.0012176586
0.0013100574
0.001295244
0.0012870447
0.0012846161
0.0012826465
0.0012811996
0.0012804236
0.0012805656
0.0012819174
0.0012850959
0.0012913755
0.001302633
0.0013208179
0.0013477874
0.0013858004
0.0014377814
0.0015074551
0.0015997927
0.0017215089
0.0018813096
0.0020902418
0.0023624487
0.002716126
0.0031747552
0.003768874
0.0045368497
0.0055185005
0.006411492
0.0063990692
0.0063905774
0.0063851239
0.0063819233
0.0063803775
0.0063800463
0.0063806211
0.0063818969
0.006383745
0.006386091
0.0063889008
0.0063921707
0.0063959193
0.0064001847
0.0064050221
0.0064105032
0.0064167173
0.0064237739
0.0064318061
0.0064409757
0.00645148
0.0064635614
0.006477521
0.0064937358
0.0065126852
0.0065349869
0.0065614508
0.0065931593
0.0066315898
0.006678807
0.0067377706
0.006812834
0.0069105542
2.315398e-14
4.4200188e-12
1.1276842e-10
1.0864755e-09
6.2127983e-09
2.5822405e-08
8.6234407e-08
2.4357573e-07
5.9687511e-07
1.2850354e-06
2.4545062e-06
4.2154418e-06
6.6265886e-06
9.7158687e-06
1.3507536e-05
1.8036818e-05
2.335112e-05
2.9489544e-05
3.6417499e-05
4.3985336e-05
5.2195771e-05
6.1254936e-05
7.1181982e-05
8.1978492e-05
9.3628148e-05
0.00010609473
0.00011931821
0.00013320903
0.00014764069
0.00016244006
0.00017737463
0.00019213513
0.00020631272
0.00021937227
0.00022797458
0.00023277029
0.00023409177
0.000232086
0.00022642171
0.00021675568
0.0002033864
0.00018803645
0.00017459351
0.0001655414
0.00015087342
0.00013718322
0.00014548295
0.00018231975
0.00025126611
0.00033549006
0.00041461332
0.00049164263
0.00057145051
0.00065737836
0.00075122509
0.00085386345
0.00096563253
0.001086569
0.0012163496
0.0012845185
0.0012687853
0.001261128
0.0012578673
0.0012550609
0.0012528392
0.0012514517
0.001251157
0.0012522286
0.0012552379
0.0012614042
0.0012725667
0.0012906564
0.0013175259
0.0013554675
0.0014074838
0.0014774143
0.0015703653
0.0016932048
0.0018548081
0.0020664053
0.002342347
0.0027010695
0.0031663526
0.0037690552
0.0045477829
0.0055423527
0.0064103389
0.0063984117
0.0063903138
0.00638515
0.0063821611
0.0063807662
0.0063805471
0.0063812088
0.0063825557
0.0063844655
0.0063868694
0.0063897354
0.0063930624
0.0063968702
0.0064011981
0.006406102
0.0064116543
0.006417945
0.0064250837
0.0064332042
0.0064424684
0.0064530736
0.0064652624
0.0064793353
0.0064956684
0.0065147393
0.0065371624
0.0065637419
0.0065955505
0.0066340485
0.0066812715
0.006740128
0.0068148814
0.0069119326
2.335581e-14
4.4584258e-12
1.1374103e-10
1.0958e-09
6.2657279e-09
2.6039058e-08
8.6936638e-08
2.4545154e-07
6.0106963e-07
1.2929444e-06
2.4672388e-06
4.2334617e-06
6.6499991e-06
9.745205e-06
1.354472e-05
1.808604e-05
2.341808e-05
2.9574942e-05
3.6502403e-05
4.4045857e-05
5.2226411e-05
6.1242979e-05
7.1114323e-05
8.1841081e-05
9.340526e-05
0.00010576819
0.00011886658
0.00013260672
0.0001468569
0.0001614372
0.00017610606
0.00019054201
0.00020432004
0.00021626032
0.0002238229
0.00022804042
0.00022889791
0.00022644789
0.00022031693
0.00021024002
0.00019668794
0.00018157844
0.00016903658
0.00016113873
0.00014447543
0.00013394981
0.00014673725
0.00018821744
0.00025879805
0.00034119574
0.00041810693
0.00049365264
0.00057266601
0.00065811605
0.00075159651
0.00085387156
0.00096522382
0.0010856837
0.0012150454
0.0012568347
0.0012404679
0.001233448
0.0012294522
0.0012259562
0.0012231684
0.0012214028
0.0012209099
0.0012219249
0.0012249564
0.0012311602
0.0012423407
0.0012604236
0.0012872726
0.0013252313
0.0013773981
0.0014477413
0.0015415132
0.0016657384
0.0018294627
0.0020441021
0.0023242204
0.0026885044
0.0031610429
0.0037730325
0.0045632949
0.0055717034
0.0064092035
0.0063977719
0.0063900709
0.0063851905
0.0063824059
0.0063811588
0.0063810497
0.0063817966
0.0063832134
0.0063851843
0.0063876447
0.0063905664
0.0063939496
0.006397816
0.0064022055
0.0064071751
0.0064127977
0.0064191638
0.0064263836
0.0064345909
0.0064439481
0.0064546525
0.0064669466
0.0064811304
0.006497579
0.0065167681
0.0065393088
0.0065659995
0.0065979031
0.0066364632
0.0066836866
0.0067424322
0.0068168763
0.0069132706
2.3558258e-14
4.4972228e-12
1.1473299e-10
1.1053339e-09
6.3199243e-09
2.6261424e-08
8.7657441e-08
2.4738135e-07
6.054086e-07
1.3011766e-06
2.4806386e-06
4.2527438e-06
6.6756106e-06
9.778208e-06
1.3587794e-05
1.8144354e-05
2.3497899e-05
2.9675736e-05
3.6602185e-05
4.4120374e-05
5.2272364e-05
6.1246971e-05
7.106229e-05
8.1717802e-05
9.3193691e-05
0.00010544861
0.00011841579
0.00013199707
0.00014605493
0.00016040199
0.00017478687
0.00018887533
0.0002022265
0.0002127235
0.00021944204
0.00022320282
0.00022363464
0.00022074454
0.00021413322
0.00020365051
0.00019000412
0.00017532611
0.00016367999
0.00015680693
0.00013852028
0.00013147211
0.00014862484
0.00019480673
0.00026676971
0.00034665576
0.00042127922
0.00049549556
0.00057379458
0.00065880168
0.00075192885
0.00085384311
0.00096477195
0.0010847375
0.0012137737
0.00122714
0.0012105069
0.0012040745
0.0011994905
0.0011955055
0.001192409
0.0011905322
0.0011900881
0.0011912534
0.0011944634
0.0012008136
0.0012120863
0.0012302194
0.0012571077
0.0012951627
0.0013475954
0.0014185148
0.0015133264
0.0016392126
0.0018053892
0.0020234616
0.0023082115
0.0026785871
0.0031589966
0.0037809881
0.0045836016
0.0056067505
0.0064080876
0.0063971606
0.0063898446
0.0063852423
0.0063826573
0.0063815551
0.0063815537
0.0063823842
0.0063838697
0.0063859006
0.0063884167
0.0063913932
0.0063948321
0.0063987562
0.0064032067
0.006408241
0.006413933
0.0064203735
0.006427673
0.0064359659
0.0064454145
0.0064562163
0.0064686137
0.006482906
0.0064994674
0.0065187714
0.006541426
0.0065682236
0.0066002173
0.0066388343
0.0066860532
0.0067446842
0.0068188202
0.0069145695
2.3769046e-14
4.5375879e-12
1.1576724e-10
1.1152834e-09
6.3764292e-09
2.6493095e-08
8.8409203e-08
2.4939765e-07
6.099591e-07
1.3098728e-06
2.4949291e-06
4.2736006e-06
6.703877e-06
9.8154939e-06
1.3637593e-05
1.821276e-05
2.35915e-05
2.9792411e-05
3.6716912e-05
4.4208803e-05
5.2333213e-05
6.1266089e-05
7.1024509e-05
8.1606633e-05
9.2990572e-05
0.00010513214
0.00011796082
0.00013137372
0.00014522715
0.00015932574
0.00017340766
0.00018712549
0.00020002477
0.00020894094
0.00021489017
0.00021825655
0.00021832668
0.00021499523
0.00020788256
0.00019698537
0.00018329572
0.00016933127
0.00015864498
0.00015105725
0.00013305302
0.00012980032
0.00015105132
0.00020203756
0.00027510537
0.00035174858
0.00042415314
0.00049719865
0.00057485653
0.000659452
0.00075223828
0.00085379438
0.00096429249
0.0010837317
0.0012125623
0.0011954604
0.0011791874
0.0011731212
0.0011681766
0.0011639743
0.0011608723
0.0011591659
0.001158997
0.0011604725
0.0011639611
0.0011705134
0.0011819109
0.0012001235
0.0012270956
0.0012653231
0.0013181421
0.001389813
0.0014858972
0.0016137344
0.0017827084
0.0020046167
0.0022944668
0.0026714768
0.0031603871
0.0037931094
0.0046088865
0.0056476472
0.0064070045
0.006396573
0.006389635
0.0063853054
0.0063829155
0.0063819549
0.0063820589
0.0063829714
0.0063845243
0.0063866144
0.0063891855
0.0063922158
0.0063957096
0.0063996907
0.0064042013
0.0064092996
0.0064150599
0.0064215737
0.0064289518
0.0064373289
0.0064468673
0.0064577648
0.0064702633
0.0064846617
0.0065013332
0.0065207491
0.0065435138
0.0065704142
0.0066024934
0.0066411623
0.0066883718
0.0067468851
0.0068207144
0.0069158306
2.3993795e-14
4.5805025e-12
1.1686432e-10
1.1258274e-09
6.4363426e-09
2.6738897e-08
8.9208055e-08
2.5154492e-07
6.1481693e-07
1.3192134e-06
2.5104271e-06
4.2965273e-06
6.7355029e-06
9.85803e-06
1.3695363e-05
1.829275e-05
2.3700316e-05
2.9925996e-05
3.6847309e-05
4.4311769e-05
5.2409213e-05
6.1300102e-05
7.1000152e-05
8.1505811e-05
9.2792897e-05
0.00010481418
0.00011749511
0.00013072763
0.00014436138
0.00015819218
0.00017194619
0.00018525975
0.00019675738
0.00020480721
0.00021030522
0.00021334068
0.00021301032
0.00020919359
0.00020157014
0.00019028535
0.00017660433
0.00016352171
0.00015390837
0.0001438529
0.00012818536
0.00012899439
0.00015405528
0.00020955979
0.00028335834
0.00035632854
0.00042677183
0.00049879219
0.00057587318
0.00066008499
0.00075254222
0.00085374374
0.00096380615
0.0010826641
0.0011842673
0.0011612396
0.0011467794
0.0011407975
0.0011358267
0.0011317589
0.0011289752
0.0011276875
0.0011279539
0.001129822
0.0011336179
0.0011403738
0.0011518921
0.0011701942
0.0011972882
0.0012357681
0.0012891053
0.001361718
0.0014593235
0.0015894161
0.0017615469
0.0019877066
0.0022831374
0.0026673377
0.003165389
0.0038095798
0.004639344
0.0056946864
0.0064059451
0.0063960055
0.0063894397
0.0063853777
0.0063831792
0.0063823583
0.0063825652
0.0063835579
0.0063851769
0.0063873252
0.0063899505
0.006393034
0.0063965817
0.0064006191
0.0064051889
0.0064103503
0.0064161781
0.0064227641
0.0064302196
0.0064386794
0.0064483062
0.0064592975
0.0064718952
0.0064863974
0.0065031762
0.0065227008
0.0065455721
0.0065725711
0.0066047313
0.0066434474
0.0066906432
0.0067490359
0.0068225603
0.0069170555
2.4234151e-14
4.6264047e-12
1.1803746e-10
1.1371256e-09
6.5005573e-09
2.7002696e-08
9.0067012e-08
2.5385989e-07
6.2007727e-07
1.3293844e-06
2.5274489e-06
4.3220141e-06
6.7711586e-06
9.9066946e-06
1.3762257e-05
1.8385694e-05
2.3825615e-05
3.0077312e-05
3.6993984e-05
4.4429763e-05
5.2500503e-05
6.1348726e-05
7.0988377e-05
8.1413929e-05
9.2598656e-05
0.00010449207
0.00011701542
0.00013005521
0.00014345408
0.00015699864
0.00017040328
0.00018329116
0.0001932351
0.00020050902
0.00020566841
0.00020840557
0.00020765554
0.00020332465
0.0001951987
0.00018359248
0.00017000718
0.00015782415
0.00014936349
0.00013703704
0.00012403003
0.0001290986
0.00015827907
0.00021656426
0.00029012046
0.00036034725
0.00042918571
0.00050030741
0.0005768665
0.0006607202
0.00075285987
0.0008537113
0.00096334248
0.001081685
0.0011474321
0.0011248968
0.0011130694
0.0011075431
0.0011029634
0.0010994026
0.0010972062
0.0010964855
0.0010972384
0.0010994874
0.0011035499
0.0011104668
0.0011220795
0.0011404724
0.00116773
0.0012065534
0.0012605573
0.0013343205
0.0014337139
0.0015663813
0.0017420405
0.0019728807
0.0022743849
0.0026663437
0.0031741873
0.0038305891
0.0046751604
0.0057480404
0.0064049133
0.0063954618
0.0063892612
0.006385461
0.0063834493
0.006382764
0.0063830725
0.0063841436
0.0063858274
0.0063880327
0.0063907115
0.0063938474
0.0063974483
0.0064015411
0.0064061694
0.006411393
0.0064172872
0.0064239443
0.006431476
0.0064400173
0.0064497308
0.0064608142
0.006473509
0.0064881128
0.0065049961
0.0065246264
0.0065476008
0.0065746946
0.0066069314
0.00664569
0.0066928679
0.0067511377
0.0068243591
0.0069182452
2.4498051e-14
4.6767441e-12
1.1931907e-10
1.1494487e-09
6.5705875e-09
2.7290011e-08
9.100354e-08
2.563895e-07
6.2584399e-07
1.3405944e-06
2.5463553e-06
4.3505926e-06
6.8115783e-06
9.9624757e-06
1.3839499e-05
1.8492902e-05
2.3968375e-05
3.0246606e-05
3.7156534e-05
4.456198e-05
5.2605336e-05
6.1408939e-05
7.0984641e-05
8.1324596e-05
9.2399352e-05
0.00010415496
0.00011650829
0.00012934013
0.0001424856
0.00015572093
0.00016874649
0.00018051099
0.00018938095
0.00019616649
0.00020110571
0.00020351587
0.00020227621
0.00019737826
0.00018875705
0.00017692029
0.00016356551
0.00015229494
0.0001449808
0.00013064691
0.00012063391
0.00013007684
0.00016368256
0.0002236266
0.00029592626
0.00036405914
0.00043146453
0.00050177568
0.00057786148
0.00066138117
0.00075321436
0.00085372032
0.00096292161
0.001080879
0.0011093992
0.0010877639
0.0010787747
0.0010741362
0.0010703243
0.0010675274
0.0010660269
0.001065868
0.001067036
0.0010695695
0.0010738087
0.0010808205
0.0010924942
0.0011109844
0.0011384592
0.0011777357
0.0012325759
0.0013077189
0.0014091857
0.0015447639
0.0017243371
0.0019602984
0.0022683814
0.0026686783
0.0031869755
0.0038563337
0.0047165233
0.0058079365
0.0064039112
0.0063949433
0.0063891004
0.0063855557
0.0063837259
0.0063831727
0.0063835798
0.0063847282
0.0063864755
0.0063887369
0.0063914682
0.0063946556
0.0063983089
0.0064024564
0.0064071424
0.0064124273
0.006418387
0.0064251142
0.0064327208
0.0064413421
0.0064511408
0.0064623146
0.0064751045
0.0064898074
0.0065067928
0.0065265257
0.0065495998
0.0065767844
0.0066090936
0.0066478906
0.0066950467
0.0067531916
0.0068261121
0.0069194008
2.4790593e-14
4.7324835e-12
1.2073469e-10
1.1630445e-09
6.6479946e-09
2.7608032e-08
9.2040489e-08
2.5919368e-07
6.3225101e-07
1.3530976e-06
2.567566e-06
4.3829125e-06
6.8577096e-06
1.0026642e-05
1.3928703e-05
1.86161e-05
2.4129957e-05
3.0434542e-05
3.7335109e-05
4.4707808e-05
5.2721938e-05
6.1477596e-05
7.0984139e-05
8.1231276e-05
9.2186775e-05
0.00010379323
0.00011596306
0.00012857117
0.0001414447
0.00015434935
0.00016697341
0.00017719445
0.00018533221
0.00019184783
0.00019663808
0.00019865714
0.00019685185
0.00019134282
0.00018223719
0.00017027151
0.00015735725
0.00014700399
0.00014071326
0.00012472407
0.00011805019
0.00013184015
0.00016990689
0.00023132502
0.00030165296
0.00036762127
0.00043364224
0.0005032265
0.00057888582
0.00066209508
0.0007536337
0.00085379815
0.00096255547
0.0010802956
0.0010708192
0.0010512326
0.001045033
0.0010415571
0.0010386646
0.0010366419
0.0010357369
0.0010359847
0.001037403
0.0010400758
0.0010443816
0.0010514195
0.0010631288
0.0010817366
0.001109501
0.001149362
0.0012052315
0.001282005
0.001385848
0.0015246874
0.0017085735
0.0019501096
0.0022652879
0.002674514
0.0032039341
0.0038869927
0.0047635928
0.0058746013
0.0064029406
0.0063944507
0.0063889575
0.0063856617
0.0063840089
0.0063835843
0.0063840874
0.006385311
0.0063871208
0.0063894372
0.0063922202
0.0063954585
0.0063991634
0.0064033648
0.0064081077
0.0064134529
0.0064194772
0.0064262733
0.0064339536
0.0064426536
0.006452536
0.0064637983
0.0064766813
0.0064914811
0.0065085659
0.0065283985
0.006551569
0.0065788407
0.0066112183
0.0066500495
0.0066971802
0.0067551982
0.0068278205
0.0069205235
2.5117064e-14
4.794708e-12
1.2232119e-10
1.1782994e-09
6.7348357e-09
2.7965428e-08
9.3206446e-08
2.623521e-07
6.3948633e-07
1.3672679e-06
2.5917463e-06
4.420012e-06
6.9109996e-06
1.010108e-05
1.4032114e-05
1.8757509e-05
2.4311971e-05
3.0641574e-05
3.7528771e-05
4.4864697e-05
5.2845326e-05
6.1546856e-05
7.0976084e-05
8.1120278e-05
9.1944573e-05
0.00010338828
0.00011535939
0.00012772647
0.00014030735
0.00015285461
0.00016428716
0.00017358919
0.00018132202
0.00018767645
0.00019229695
0.00019381122
0.00019136609
0.0001852255
0.00017565351
0.00016362335
0.00015145809
0.00014209461
0.00013487511
0.0001193217
0.00011634571
0.00013430218
0.00017695193
0.00023959246
0.00030720135
0.00037104615
0.0004357384
0.0005046963
0.00057997447
0.00066289623
0.00075415194
0.00085398154
0.00096225544
0.0010599476
0.0010328198
0.0010169838
0.0010130035
0.0010106101
0.0010084592
0.0010069688
0.001006399
0.0010068137
0.0010082827
0.0010109432
0.0010152138
0.0010222241
0.0010339601
0.0010527242
0.0010808716
0.0011214707
0.0011785833
0.001257256
0.0013637912
0.0015062527
0.0016948592
0.0019424325
0.0022652327
0.0026839862
0.0032252042
0.0039226995
0.0048164585
0.0059482175
0.0064020029
0.0063939848
0.0063888327
0.0063857792
0.0063842981
0.0063839986
0.0063845951
0.006385892
0.0063877632
0.0063901336
0.0063929674
0.0063962557
0.0064000115
0.0064042658
0.0064090648
0.0064144695
0.0064205573
0.0064274213
0.0064351742
0.0064439513
0.0064539159
0.006465265
0.0064782391
0.0064931336
0.0065103152
0.0065302446
0.0065535082
0.0065808634
0.0066133055
0.006652167
0.006699269
0.0067571586
0.0068294854
0.0069216145
2.5486281e-14
4.8653741e-12
1.2412758e-10
1.1956917e-09
6.8339879e-09
2.8373508e-08
9.4540101e-08
2.6597232e-07
6.4780824e-07
1.3836393e-06
2.6198059e-06
4.46324e-06
6.9732382e-06
1.0187925e-05
1.4151838e-05
1.8918545e-05
2.4514129e-05
3.08648e-05
3.7731705e-05
4.5023781e-05
5.296321e-05
6.1601207e-05
7.0942382e-05
8.0971995e-05
9.1652968e-05
0.00010292157
0.00011468124
0.0001267937
0.00013906672
0.00015111448
0.00016124791
0.00016993862
0.00017742382
0.00018364645
0.00018805253
0.00018894558
0.00018580595
0.00017904619
0.00016908002
0.00015709989
0.00014580563
0.00013746665
0.00012778341
0.00011457654
0.00011560246
0.00013744316
0.00018464486
0.00024818901
0.00031244117
0.00037432889
0.00043788237
0.00050623252
0.00058117061
0.00066382773
0.00075481448
0.00085432577
0.00096216819
0.00102149
0.00099705093
0.00098578234
0.00098332513
0.00098155884
0.00097973748
0.00097841753
0.00097788165
0.0009782265
0.00097957025
0.0009820962
0.00098625867
0.00099321396
0.0010049928
0.0010239766
0.0010526251
0.0010941402
0.0011527303
0.0012335859
0.0013431395
0.00148959
0.0016833298
0.0019374062
0.002268357
0.0026972383
0.0032509283
0.0039635829
0.0048751737
0.0060289397
0.0064010997
0.0063935459
0.0063887261
0.0063859078
0.0063845935
0.0063844153
0.0063851027
0.0063864712
0.0063884021
0.0063908257
0.0063937093
0.0063970469
0.0064008529
0.0064051593
0.0064100135
0.0064154769
0.0064216272
0.0064285579
0.006436382
0.0064452352
0.0064552803
0.0064667145
0.0064797777
0.0064947646
0.0065120406
0.0065320639
0.0065554173
0.0065828525
0.0066153554
0.0066542435
0.0067013137
0.0067590736
0.0068311078
0.0069226745
2.5909644e-14
4.9463452e-12
1.2619615e-10
1.2156102e-09
6.9474698e-09
2.8840391e-08
9.6068407e-08
2.7012895e-07
6.5738033e-07
1.4024938e-06
2.6520798e-06
4.5127316e-06
7.0438905e-06
1.0285274e-05
1.4283691e-05
1.9091432e-05
2.4723561e-05
3.1085514e-05
3.7920495e-05
4.51579e-05
5.3045191e-05
6.1608436e-05
7.0850786e-05
8.0756059e-05
9.1285113e-05
0.0001023709
0.00011391145
0.00012576022
0.00013771323
0.00014859452
0.00015810859
0.00016646502
0.00017373092
0.00017976004
0.00018388282
0.00018404265
0.00018016988
0.00017281508
0.00016254729
0.00015074473
0.00014035211
0.00013309848
0.00012108782
0.00011061486
0.00011589671
0.00014179432
0.00019231352
0.00025591827
0.00031726877
0.00037753519
0.00044018241
0.00050792197
0.00058253463
0.00066495214
0.00075568509
0.00085489717
0.0009624822
0.00098788128
0.00096510823
0.0009574518
0.00095580631
0.00095408459
0.00095217289
0.00095070535
0.00094996355
0.00095006449
0.00095116271
0.0009534801
0.00095750388
0.0009644149
0.00097628904
0.00099559281
0.0010248986
0.0010675443
0.001127878
0.0012112251
0.0013241428
0.0014749642
0.0016742622
0.0019353197
0.0022749566
0.0027145663
0.0032813995
0.0040099233
0.0049399306
0.0061170389
0.006400232
0.0063931342
0.0063886378
0.0063860476
0.0063848948
0.0063848343
0.00638561
0.0063870481
0.0063890374
0.0063915132
0.0063944459
0.0063978318
0.0064016872
0.0064060451
0.0064109535
0.0064164745
0.0064226864
0.0064296828
0.006437577
0.0064465046
0.0064566288
0.0064681463
0.0064812968
0.0064963739
0.0065137417
0.0065338561
0.0065572964
0.0065848081
0.0066173682
0.0066562794
0.006703315
0.0067609441
0.0068326889
0.0069237046
2.6367945e-14
5.0338073e-12
1.2842492e-10
1.2370468e-09
7.0694829e-09
2.9341945e-08
9.7706208e-08
2.7456298e-07
6.6749229e-07
1.422095e-06
2.684875e-06
4.5615304e-06
7.1112829e-06
1.0375281e-05
1.4402009e-05
1.9240285e-05
2.4890495e-05
3.1176358e-05
3.7955359e-05
4.5233875e-05
5.3061757e-05
6.154576e-05
7.0687775e-05
8.0470022e-05
9.0850772e-05
0.00010175873
0.00011308519
0.00012467331
0.0001360242
0.00014616085
0.00015520119
0.00016320733
0.00017018612
0.00017597415
0.00017979548
0.00017915874
0.00017451925
0.00016658089
0.00015611697
0.00014471589
0.00013524873
0.00012899818
0.00011482026
0.00010751771
0.00011726046
0.0001477834
0.00020014936
0.00026255408
0.0003218956
0.00038078748
0.00044266084
0.0005099772
0.00058425009
0.00066635382
0.00075684688
0.00085575836
0.00096327123
0.00095792238
0.00093666353
0.00093130552
0.00092969662
0.00092758712
0.00092530779
0.00092348818
0.00092239011
0.00092214227
0.00092292953
0.00092501053
0.000928905
0.00093582004
0.0009478807
0.0009676468
0.00099781131
0.0010418476
0.0011042339
0.0011904196
0.0013070816
0.0014626897
0.0016680027
0.0019365486
0.002285436
0.0027363942
0.0033170508
0.004062151
0.0050110466
0.0062129381
0.0063994016
0.0063927499
0.0063885676
0.0063861983
0.0063852016
0.0063852551
0.0063861166
0.0063876226
0.0063896689
0.0063921959
0.0063951766
0.0063986102
0.0064025142
0.0064069227
0.0064118845
0.0064174624
0.0064237347
0.0064307957
0.0064387587
0.0064477595
0.0064579612
0.0064695603
0.006482796
0.0064979612
0.0065154183
0.0065356212
0.0065591452
0.0065867303
0.0066193441
0.006658275
0.0067052733
0.0067627709
0.0068342294
0.0069247057
2.6865388e-14
5.1286219e-12
1.3083628e-10
1.2602055e-09
7.2010577e-09
2.9880697e-08
9.9447665e-08
2.791942e-07
6.7778073e-07
1.4413457e-06
2.7157499e-06
4.6055059e-06
7.1698631e-06
1.0451937e-05
1.4501835e-05
1.9363582e-05
2.5021574e-05
3.1172327e-05
3.7888981e-05
4.5239964e-05
5.3061047e-05
6.1475656e-05
7.0530267e-05
8.0204169e-05
9.0451508e-05
0.00010119515
0.00011231837
0.00012365394
0.000134388
0.00014402529
0.0001526271
0.00016024053
0.00016688743
0.00017241021
0.00017591425
0.0001744285
0.00016896128
0.00016041959
0.00014981435
0.00013913935
0.00013065805
0.0001231729
0.00010902209
0.00010539648
0.00011967153
0.00015509276
0.00020918359
0.00026946955
0.00032665863
0.00038424003
0.00044543574
0.00051240822
0.00058646275
0.00066834655
0.00075846322
0.00085695743
0.00095857383
0.00092934571
0.00091033774
0.00090623383
0.00090419965
0.00090148928
0.00089869707
0.00089640744
0.00089486162
0.00089419972
0.00089463651
0.00089646915
0.00090025273
0.00090722534
0.00091956841
0.00093994526
0.00097117674
0.0010168671
0.0010816151
0.0011709844
0.001291771
0.0014525865
0.0016643847
0.0019409458
0.0022996724
0.0027626266
0.003357808
0.0041202091
0.0050883673
0.0063153207
0.0063985993
0.0063923933
0.0063885153
0.0063863596
0.0063855139
0.0063856777
0.0063866224
0.0063881944
0.0063902964
0.0063928733
0.0063959014
0.0063993817
0.0064033336
0.0064077919
0.0064128063
0.0064184401
0.0064247719
0.0064318964
0.0064399269
0.0064489995
0.0064592771
0.0064709562
0.0064842752
0.0064995262
0.0065170704
0.0065373589
0.0065609637
0.0065886189
0.0066212832
0.0066602307
0.0067071893
0.0067645547
0.0068357305
0.0069256786
2.7562735e-14
5.2616077e-12
1.342237e-10
1.292769e-09
7.3859254e-09
3.0636261e-08
1.0188502e-07
2.8565939e-07
6.921177e-07
1.4681782e-06
2.7589755e-06
4.6676915e-06
7.2536273e-06
1.0561947e-05
1.464388e-05
1.9538044e-05
2.521423e-05
3.1298974e-05
3.7978189e-05
4.531743e-05
5.3178004e-05
6.1544243e-05
7.0531985e-05
8.0116084e-05
9.0244772e-05
0.00010083329
0.00011175531
0.00012283262
0.00013291859
0.00014201714
0.00015016154
0.00015737946
0.00016368911
0.00016891908
0.00017204141
0.00016955164
0.00016322298
0.00015413522
0.00014349505
0.00013364109
0.00012614612
0.00011564148
0.00010383184
0.00010441986
0.00012321269
0.00016388217
0.00021941892
0.00027657282
0.00033157419
0.00038797259
0.00044859283
0.00051528257
0.00058915126
0.00067083611
0.00076068729
0.00085879072
0.00092828176
0.00090035518
0.00088510788
0.00088149607
0.00087880246
0.00087541576
0.00087205392
0.00086924274
0.00086721048
0.00086611053
0.00086619011
0.00086778707
0.00087149564
0.00087859185
0.00089132254
0.00091246473
0.00094496995
0.00099256612
0.0010599607
0.0011528252
0.0012780792
0.0014444852
0.0016632039
0.0019482777
0.0023174063
0.0027929801
0.0034033682
0.0041838229
0.0051716623
0.0064067297
0.006397831
0.006392055
0.0063884805
0.0063865314
0.0063858315
0.006386102
0.0063871274
0.0063887637
0.0063909201
0.0063935459
0.0063966206
0.0064001469
0.0064041457
0.0064086531
0.0064137191
0.0064194079
0.0064257982
0.006432985
0.0064410819
0.0064502249
0.0064605769
0.0064723341
0.0064857346
0.0065010694
0.0065186981
0.0065390697
0.0065627524
0.0065904746
0.0066231861
0.0066621472
0.0067090638
0.0067662967
0.0068371931
0.0069266242
2.8328226e-14
5.4078927e-12
1.3795328e-10
1.3286197e-09
7.5896245e-09
3.1469421e-08
1.0457956e-07
2.9284412e-07
7.0818465e-07
1.4986438e-06
2.8089796e-06
4.7413435e-06
7.3552928e-06
1.0697885e-05
1.4820539e-05
1.9755064e-05
2.5455727e-05
3.1469205e-05
3.8107305e-05
4.5436986e-05
5.3376258e-05
6.16999e-05
7.0624238e-05
8.0118402e-05
9.0123252e-05
0.00010054406
0.0001112415
0.0001216241
0.00013112378
0.00013974599
0.00014748161
0.00015433775
0.00016032184
0.00016521082
0.00016775116
0.00016422018
0.00015710625
0.00014761411
0.00013710922
0.00012803844
0.0001215029
0.0001085938
9.9647569e-05
0.00010480864
0.00012815749
0.00017296659
0.00022891605
0.00028290405
0.00033607124
0.00039151662
0.00045168087
0.00051814271
0.00059184744
0.00067333965
0.00076293401
0.0008607925
0.00089849491
0.00087160857
0.00086006567
0.00085670396
0.00085325844
0.0008492006
0.00084527303
0.00084194471
0.00083944059
0.0008379309
0.00083769887
0.00083912621
0.00084285168
0.00085019825
0.00086348958
0.00088562415
0.00091968184
0.00096950208
0.0010398867
0.0011366088
0.0012667141
0.0014391262
0.0016652189
0.0019593064
0.0023393868
0.0028281678
0.0034543966
0.0042536891
0.0052623095
0.006405478
0.0063971087
0.0063917387
0.0063884625
0.006386713
0.0063861542
0.0063865281
0.0063876319
0.0063893307
0.0063915402
0.006394214
0.0063973345
0.0064009058
0.006404951
0.0064095065
0.0064146234
0.0064203662
0.006426814
0.0064340619
0.0064422239
0.006451436
0.0064618609
0.0064736947
0.0064871746
0.006502591
0.0065203019
0.006540754
0.0065645117
0.0065922979
0.0066250536
0.0066640254
0.0067108979
0.006767998
0.0068386185
0.0069275433
2.9077803e-14
5.5508644e-12
1.4159462e-10
1.3635898e-09
7.7881642e-09
3.2281931e-08
1.0720695e-07
2.9984693e-07
7.2384834e-07
1.5283905e-06
2.857982e-06
4.8139918e-06
7.4564641e-06
1.0834157e-05
1.4997717e-05
1.9970777e-05
2.5662271e-05
3.162796e-05
3.8227824e-05
4.55266e-05
5.3469187e-05
6.1844394e-05
7.0697689e-05
8.009196e-05
8.9959711e-05
0.00010019537
0.00011054434
0.00012022692
0.00012919747
0.00013738876
0.00014475056
0.00015128291
0.00015698348
0.00016150944
0.00016316295
0.00015874939
0.00015093515
0.00014114465
0.00013108242
0.00012282287
0.00011613403
0.00010224179
9.6669332e-05
0.00010653674
0.0001349076
0.00018179873
0.00023646459
0.00028832669
0.00034007588
0.00039477061
0.0004545778
0.00052085341
0.00059440517
0.00067569945
0.00076502207
0.00086277878
0.00086884299
0.00084377635
0.00083520401
0.00083164074
0.00082741253
0.00082272473
0.00081825267
0.00081442677
0.00081147877
0.00080960014
0.00080911435
0.00081045058
0.0008142989
0.00082204003
0.00083608769
0.00085946627
0.00089537709
0.00094775696
0.001021489
0.0011224469
0.0012578074
0.0014366643
0.0016706103
0.0019742319
0.0023658262
0.0028684003
0.0035110809
0.0043299387
0.0053606861
0.006404283
0.0063964394
0.0063914548
0.0063884563
0.0063869046
0.0063864814
0.0063869551
0.0063881347
0.0063898944
0.0063921556
0.0063948763
0.0063980415
0.0064016573
0.0064057478
0.0064103508
0.0064155176
0.0064213135
0.0064278177
0.0064351258
0.0064433516
0.0064526314
0.0064631277
0.0064750362
0.0064885938
0.0065040897
0.0065218805
0.0065424105
0.0065662405
0.0065940877
0.0066268847
0.0066658646
0.0067126912
0.0067696585
0.006840007
0.0069284365
2.9809637e-14
5.6904504e-12
1.4515133e-10
1.397765e-09
7.9822398e-09
3.3076133e-08
1.0977509e-07
3.0668896e-07
7.3914519e-07
1.5574562e-06
2.9059768e-06
4.8855115e-06
7.5567995e-06
1.0970169e-05
1.5174615e-05
2.0184409e-05
2.5840796e-05
3.1777296e-05
3.8342039e-05
4.560057e-05
5.3520206e-05
6.1972997e-05
7.0748307e-05
8.0032681e-05
8.9749372e-05
9.978144e-05
0.00010946391
0.0001186407
0.0001271836
0.00013497728
0.00014196735
0.00014818304
0.00015363001
0.00015781693
0.00015847785
0.0001531632
0.0001447132
0.00013477381
0.0001253785
0.00011791244
0.00010858055
9.6696407e-05
9.4978921e-05
0.00010938753
0.00014280854
0.00019132597
0.00024353884
0.00029322877
0.00034372834
0.00039781185
0.00045733645
0.00052345526
0.00059685818
0.00067794369
0.00076695311
0.0008647412
0.00083906289
0.00081682091
0.0008102709
0.00080617195
0.00080119252
0.00079592188
0.00079093246
0.00078663846
0.00078328369
0.00078108514
0.00078040874
0.00078173519
0.0007858151
0.00079410006
0.00080910345
0.00083397535
0.00087202515
0.00092727315
0.0010046743
0.0011102049
0.0012511855
0.0014368888
0.0016791328
0.0019927768
0.0023964155
0.0029133368
0.0035730329
0.0044121408
0.0054657865
0.0064031467
0.0063958234
0.0063912052
0.0063884648
0.0063871055
0.0063868127
0.0063873825
0.0063886355
0.0063904542
0.0063927659
0.0063955323
0.0063987413
0.0064024008
0.0064065359
0.0064111854
0.0064164014
0.0064222493
0.006428809
0.006436176
0.0064444645
0.0064538106
0.0064643767
0.0064763583
0.0064899917
0.0065055651
0.0065234336
0.0065440391
0.0065679386
0.0065958442
0.0066286796
0.0066676652
0.0067144442
0.006771279
0.0068413593
0.0069293045
3.0530827e-14
5.8280936e-12
1.4866137e-10
1.4314944e-09
8.1738367e-09
3.3859988e-08
1.1230753e-07
3.1343345e-07
7.5421193e-07
1.5860799e-06
2.9533235e-06
4.9563597e-06
7.6568298e-06
1.1106392e-05
1.5351544e-05
2.039643e-05
2.6017834e-05
3.1925257e-05
3.8453263e-05
4.5661894e-05
5.3522456e-05
6.1945314e-05
7.0773288e-05
7.993561e-05
8.9484479e-05
9.8992057e-05
0.0001082232
0.00011699499
0.00012513235
0.00013251285
0.00013911633
0.00014502773
0.00015026429
0.00015414134
0.00015368538
0.00014746138
0.00013846902
0.0001285286
0.00011982195
0.00011322656
0.00010156639
9.2180216e-05
9.4660189e-05
0.0001132496
0.00015144367
0.00020093685
0.00024984407
0.0002975817
0.0003470737
0.00040068375
0.00045998852
0.00052597248
0.00059922924
0.00068009641
0.00076871732
0.00083917445
0.00080860557
0.00079080263
0.00078509898
0.00078025043
0.00077458267
0.00076878247
0.00076331787
0.00075860331
0.00075489804
0.00075244839
0.00075166594
0.00075308766
0.00075753672
0.00076654973
0.00078274503
0.00080939169
0.00084989079
0.0009083306
0.00098973541
0.001100187
0.0012471613
0.0014401212
0.0016911096
0.0020152559
0.0024314523
0.0029632486
0.0036404551
0.0045003896
0.0055776412
0.0064020787
0.0063952496
0.0063909821
0.0063884929
0.0063873153
0.0063871474
0.0063878099
0.0063891338
0.0063910097
0.0063933706
0.0063961818
0.0063994338
0.0064031361
0.006407315
0.0064120102
0.0064172744
0.0064231735
0.0064297877
0.0064372125
0.0064455624
0.0064549734
0.0064656079
0.0064776609
0.0064913682
0.0065070171
0.0065249609
0.0065456395
0.0065696061
0.0065975672
0.0066304385
0.0066694273
0.0067161575
0.0067728601
0.0068426765
0.0069301481
3.1251686e-14
5.9654966e-12
1.5216143e-10
1.4651486e-09
8.3650425e-09
3.4641725e-08
1.1483127e-07
3.2014857e-07
7.6919956e-07
1.6145395e-06
3.0004499e-06
5.0271163e-06
7.7572108e-06
1.1243376e-05
1.5528756e-05
2.0606807e-05
2.6192431e-05
3.20712e-05
3.8563479e-05
4.5721588e-05
5.3511674e-05
6.1853308e-05
7.0634171e-05
7.9712788e-05
8.8921248e-05
9.8066969e-05
0.00010693697
0.00011531691
0.00012302557
0.00012996656
0.00013617693
0.00014181048
0.00014689242
0.00015049249
0.00014876766
0.00014161656
0.00013218501
0.00012253094
0.00011454201
0.00010828116
9.5164717e-05
8.8809268e-05
9.5749012e-05
0.00011893498
0.00015968684
0.00020858621
0.00025519653
0.00030146593
0.00035018345
0.00040343107
0.00046256344
0.00052842737
0.00060153761
0.00068218959
0.0007705116
0.00080628289
0.00077806183
0.00076483245
0.00075946928
0.00075383879
0.00074756773
0.00074129649
0.00073540794
0.00073032973
0.00072634064
0.00072371951
0.00072292763
0.00072456492
0.00072954154
0.00073949216
0.00075713904
0.00078585637
0.00082912017
0.0008910744
0.00097681193
0.0010925304
0.0012458711
0.0014464961
0.0017066727
0.0020417907
0.0024710422
0.0030182277
0.0037133801
0.0045945646
0.0056963637
0.0064010805
0.006394726
0.0063907915
0.0063885355
0.0063875299
0.0063874852
0.0063882368
0.0063896293
0.0063915608
0.0063939695
0.0063968245
0.0064001185
0.0064038628
0.0064080847
0.0064128248
0.0064181364
0.0064240857
0.0064307533
0.0064382348
0.0064466448
0.0064561194
0.0064668208
0.0064789436
0.0064927231
0.0065084454
0.0065264625
0.0065472116
0.0065712428
0.006599257
0.0066321615
0.0066711515
0.0067178314
0.0067744024
0.0068439589
0.0069309677
3.1977881e-14
6.1041527e-12
1.5569811e-10
1.4991592e-09
8.5581393e-09
3.543103e-08
1.173801e-07
3.2692265e-07
7.8430105e-07
1.6431992e-06
3.0479383e-06
5.0986274e-06
7.8589928e-06
1.1382275e-05
1.5707426e-05
2.0816747e-05
2.6364945e-05
3.2214286e-05
3.867113e-05
4.5779299e-05
5.3495905e-05
6.1732538e-05
7.0370065e-05
7.926177e-05
8.8233349e-05
9.7085257e-05
0.00010560152
0.00011357199
0.00012083306
0.0001273261
0.00013315137
0.00013853728
0.00014351743
0.00014686735
0.0001437031
0.0001356471
0.00012595813
0.00011686954
0.00010954488
0.00010082551
8.9495875e-05
8.6712327e-05
9.8111923e-05
0.00012605851
0.0001684417
0.00021543033
0.00025999654
0.00030502304
0.00035312021
0.00040608833
0.00046508373
0.00053083693
0.00060379646
0.00068422848
0.00077241352
0.00077384658
0.00074850607
0.00073883684
0.00073330993
0.00072694606
0.00072016793
0.00071348543
0.0007072298
0.00070185301
0.00069765683
0.0006949557
0.00069426417
0.00069625588
0.00070194349
0.00071306842
0.00073244875
0.0007635448
0.00080988961
0.00087567785
0.00096607428
0.0010874021
0.0012474801
0.0014561752
0.0017259747
0.0020725149
0.0025152899
0.003078362
0.0037918365
0.0046944534
0.0058220068
0.0064001419
0.0063942427
0.0063906261
0.0063885969
0.0063877508
0.0063878255
0.0063886629
0.0063901215
0.006392107
0.0063945623
0.00639746
0.0064007952
0.0064045807
0.0064088448
0.006413629
0.006418987
0.0064249856
0.0064317055
0.0064392426
0.0064477116
0.0064572485
0.0064680152
0.0064802062
0.006494056
0.0065098497
0.0065279379
0.0065487555
0.0065728487
0.0066009134
0.0066338488
0.0066728379
0.0067194664
0.0067759067
0.0068452075
0.0069317641
3.2721936e-14
6.2462911e-12
1.5932251e-10
1.5339694e-09
8.7556704e-09
3.6238083e-08
1.199834e-07
3.338376e-07
7.9970746e-07
1.6724129e-06
3.0963729e-06
5.1717455e-06
7.9632979e-06
1.152439e-05
1.5888974e-05
2.1027673e-05
2.6535866e-05
3.2353677e-05
3.8771954e-05
4.5825818e-05
5.3463428e-05
6.1588403e-05
7.0073892e-05
7.8765821e-05
8.7483767e-05
9.6024525e-05
0.00010417335
0.00011172906
0.00011854865
0.00012460991
0.00013007002
0.00013522742
0.0001401286
0.00014322949
0.00013844385
0.00012955431
0.00011979131
0.00011132718
0.00010476836
9.3866953e-05
8.4833597e-05
8.6014279e-05
0.00010156055
0.00013417887
0.00017763749
0.00022168918
0.00026430887
0.00030830624
0.00035592399
0.00040868245
0.00046756819
0.00053321568
0.00060601605
0.00068619768
0.00077446356
0.00074180118
0.00072024751
0.00071271463
0.00070662365
0.00069962327
0.0006924211
0.00068538388
0.00067882261
0.00067322045
0.00066890342
0.00066622484
0.00066575818
0.00066826416
0.00067487286
0.00068743362
0.00070884467
0.00074263155
0.0007923703
0.00086230518
0.00095768199
0.001084959
0.0012521406
0.0014693048
0.0017491512
0.0021075419
0.0025642735
0.0031437115
0.003875851
0.0047997286
0.0059544802
0.0063992705
0.0063938073
0.0063904914
0.006388672
0.0063879812
0.0063881678
0.0063890877
0.0063906102
0.0063926479
0.0063951487
0.0063980881
0.0064014636
0.0064052895
0.0064095949
0.0064144224
0.006419826
0.0064258729
0.0064326441
0.0064402358
0.0064487625
0.0064583602
0.0064691909
0.0064814484
0.0064953667
0.00651123
0.0065293872
0.0065502708
0.0065744238
0.0066025366
0.0066355006
0.0066744869
0.0067210631
0.0067773734
0.006846423
0.0069325378
3.3485866e-14
6.3920698e-12
1.630382e-10
1.5696784e-09
8.9584528e-09
3.7066333e-08
1.2265279e-07
3.4092179e-07
8.1547326e-07
1.7022882e-06
3.1459243e-06
5.2466678e-06
8.0702724e-06
1.1669634e-05
1.6072966e-05
2.1238936e-05
2.6704515e-05
3.2487938e-05
3.8864137e-05
4.5858417e-05
5.3409833e-05
6.1413711e-05
6.9735473e-05
7.8213925e-05
8.6662935e-05
9.4877286e-05
0.0001026468
0.00010978554
0.00011617931
0.00012184781
0.00012699289
0.00013193961
0.0001366975
0.00013945636
0.00013289684
0.00012335633
0.00011385409
0.00010603982
9.9498768e-05
8.7501152e-05
8.1328156e-05
8.6776673e-05
0.00010656089
0.00014232175
0.00018563032
0.0002270709
0.0002681553
0.00031136992
0.00035863265
0.00041123698
0.0004700328
0.00053557684
0.0006082084
0.00068806246
0.0007382617
0.00070935624
0.00069322224
0.0006862859
0.00067945226
0.00067192652
0.00066436854
0.00065703571
0.00065023858
0.00064449366
0.00064015237
0.00063761041
0.00063750971
0.00064071377
0.00064848078
0.00066276085
0.00068650918
0.00072329627
0.00077673353
0.00085111977
0.00095179238
0.0010853546
0.0012600009
0.0014860218
0.0017763231
0.0021469656
0.0026180415
0.003214297
0.0039654515
0.0049099703
0.006093546
0.0063984565
0.0063934095
0.00639038
0.0063887642
0.0063882179
0.0063885114
0.0063895107
0.006391095
0.0063931834
0.0063957283
0.0063987085
0.0064021234
0.0064059888
0.0064103349
0.0064152047
0.0064206531
0.0064267474
0.0064335689
0.0064412139
0.0064497971
0.0064594544
0.0064703475
0.00648267
0.006496655
0.006512586
0.0065308101
0.0065517576
0.006575968
0.0066041265
0.006637117
0.0066760988
0.0067226218
0.0067788032
0.0068476058
0.0069332893
3.4272036e-14
6.5423692e-12
1.6687211e-10
1.606489e-09
9.1674097e-09
3.7919861e-08
1.2540299e-07
3.4821052e-07
8.316658e-07
1.7329405e-06
3.1967575e-06
5.3236021e-06
8.180075e-06
1.1818025e-05
1.6259048e-05
2.1449722e-05
2.686924e-05
3.2615172e-05
3.8944917e-05
4.5873536e-05
5.3330677e-05
6.1203475e-05
6.9349608e-05
7.7600925e-05
8.5766432e-05
9.3639779e-05
0.00010101756
0.00010773377
0.0001137137
0.00011903758
0.00012396858
0.00012881268
0.00013325992
0.0001344498
0.00012700212
0.00011724023
0.0001082324
0.00010097575
9.21778e-05
8.1888673e-05
7.91457e-05
8.8937464e-05
0.00011330239
0.0001506165
0.00019224749
0.0002317647
0.00027166043
0.00031427845
0.00036128018
0.00041377182
0.00047249128
0.00053793248
0.00061040029
0.00069011275
0.00070335876
0.00067767734
0.00066610377
0.00065935161
0.00065184904
0.00064390738
0.00063605936
0.00062849742
0.00062154278
0.00061574685
0.0006114878
0.00060920984
0.00060963633
0.00061374923
0.00062293745
0.00063923514
0.0006656289
0.00070571795
0.00076314712
0.00084228024
0.00094855839
0.001088736
0.0012711992
0.0015064492
0.0018075927
0.0021908595
0.0026766115
0.0032900845
0.0040606891
0.0050248425
0.0062379684
0.006397708
0.0063930563
0.006390297
0.0063888686
0.0063884596
0.0063888558
0.0063899315
0.0063915754
0.006393713
0.0063963009
0.0063993209
0.0064027743
0.0064066785
0.0064110644
0.0064159757
0.0064214679
0.0064276087
0.0064344795
0.0064421767
0.0064508152
0.0064605307
0.0064714848
0.0064838706
0.0064979208
0.0065139174
0.0065322065
0.0065532157
0.0065774813
0.0066056834
0.0066386982
0.0066776738
0.006724143
0.0067801966
0.0068487568
0.0069340192
3.5084955e-14
6.6977225e-12
1.7083411e-10
1.6445482e-09
9.3834229e-09
3.8801748e-08
1.2824212e-07
3.5572204e-07
8.4831749e-07
1.7644011e-06
3.2488926e-06
5.4024895e-06
8.2924192e-06
1.1968809e-05
1.6445957e-05
2.165811e-05
2.7027801e-05
3.2732275e-05
3.9010468e-05
4.5866592e-05
5.3220739e-05
6.0951698e-05
6.8909593e-05
7.6920158e-05
8.4788897e-05
9.2310824e-05
9.9291698e-05
0.00010558685
0.00011116019
0.00011615167
0.00012089263
0.00012568341
0.00012985518
0.00012925816
0.00012093189
0.00011113342
0.00010269145
9.6069478e-05
8.534812e-05
7.7319116e-05
7.8432737e-05
9.2283742e-05
0.00012113544
0.00015945882
0.00019834537
0.00023600641
0.0002749149
0.00031707824
0.00036389325
0.00041630381
0.00047495542
0.00054028986
0.00061257663
0.00069238206
0.00066947837
0.00064785282
0.00063908964
0.00063193974
0.00062388006
0.0006156283
0.00060755604
0.00059983785
0.00059281221
0.00058706638
0.0005830068
0.0005811365
0.00058227608
0.00058753611
0.00059842948
0.00061705021
0.00064639051
0.00069007035
0.0007517728
0.00083593921
0.00094812622
0.0010952426
0.001285862
0.0015306928
0.0018430392
0.002239272
0.0027399738
0.003370986
0.0041616808
0.0051446527
0.0063820761
0.0063970153
0.0063927372
0.0063902356
0.0063889887
0.006388709
0.0063892027
0.0063903511
0.0063920521
0.006394237
0.0063968665
0.0063999252
0.0064034162
0.0064073583
0.0064117831
0.0064167352
0.0064222703
0.0064284566
0.0064353756
0.006443124
0.0064518165
0.006461589
0.0064726026
0.0064850502
0.0064991636
0.0065152242
0.0065335761
0.0065546451
0.0065789636
0.0066072071
0.0066402443
0.0066792122
0.006725627
0.0067815542
0.0068498764
0.0069347279
3.592722e-14
6.8583282e-12
1.7492496e-10
1.6838804e-09
9.6066601e-09
3.971299e-08
1.3117375e-07
3.6346853e-07
8.6545458e-07
1.796701e-06
3.3023129e-06
5.4831267e-06
8.4067355e-06
1.2120711e-05
1.6631158e-05
2.1859737e-05
2.7177281e-05
3.2836575e-05
3.9058241e-05
4.5834648e-05
5.3076435e-05
6.0653811e-05
6.84096e-05
7.6164448e-05
8.3722492e-05
9.0883944e-05
9.7469161e-05
0.00010335981
0.00010855875
0.0001132527
0.00011781269
0.000122512
0.00012634338
0.00012376053
0.00011475519
0.00010524265
9.7324515e-05
8.9736158e-05
7.9134483e-05
7.3985511e-05
7.9266343e-05
9.7254329e-05
0.00012906702
0.00016715345
0.00020358168
0.00023979124
0.0002779657
0.00031980566
0.00036649468
0.00041884795
0.00047743661
0.00054265784
0.00061469913
0.00066402239
0.00063593514
0.00061966909
0.00061190448
0.00060411421
0.00059564021
0.00058715932
0.00057892902
0.00057113573
0.00056413551
0.00055855083
0.0005548212
0.00055352217
0.0005555877
0.00056225915
0.00057515515
0.00059640224
0.00062897744
0.00067652047
0.00074276415
0.00083224145
0.00095063352
0.0011050026
0.0013041002
0.001558836
0.0018827144
0.0022922251
0.0028080954
0.003456861
0.0042684875
0.0052714178
0.0064028183
0.0063963869
0.0063924586
0.0063901926
0.0063891195
0.0063889625
0.0063895496
0.0063907678
0.0063925238
0.0063947545
0.0063974246
0.006400521
0.0064040488
0.0064080278
0.0064124909
0.0064174829
0.00642306
0.0064292908
0.006436257
0.0064440554
0.0064528008
0.0064626288
0.0064737006
0.0064862083
0.0065003834
0.0065165061
0.006534919
0.0065560455
0.006580415
0.0066086978
0.0066417555
0.0066807144
0.0067270744
0.0067828765
0.0068509653
0.0069354161
3.6804958e-14
7.0256555e-12
1.7918622e-10
1.7248333e-09
9.839036e-09
4.066092e-08
1.3421893e-07
3.7150117e-07
8.8319128e-07
1.8300457e-06
3.3573094e-06
5.5659297e-06
8.5234377e-06
1.2274099e-05
1.6814943e-05
2.2054556e-05
2.7318132e-05
3.2928773e-05
3.9088487e-05
4.5777168e-05
5.2895872e-05
6.0306694e-05
6.7845642e-05
7.5329277e-05
8.2562631e-05
8.9354515e-05
9.5546233e-05
0.00010105574
0.00010593522
0.00011041457
0.00011484398
0.00011927822
0.00012200983
0.00011784037
0.00010854161
9.9518333e-05
9.2133212e-05
8.2601467e-05
7.380119e-05
7.2097772e-05
8.1569837e-05
0.00010399941
0.00013721823
0.0001735345
0.00020813673
0.0002432476
0.00028088141
0.00032249651
0.00036910481
0.00042141773
0.00047994584
0.00054505918
0.00061700265
0.00062761799
0.0006034958
0.0005919201
0.00058433369
0.00057596852
0.00056720875
0.0005585709
0.00055025809
0.00054248155
0.00053561313
0.00053031141
0.00052705811
0.00052651876
0.0005297509
0.00053811761
0.00055331816
0.00057748398
0.00061356445
0.0006652268
0.00073626688
0.00083132288
0.0009562072
0.0011181302
0.0013260063
0.0015909371
0.0019266377
0.0023497096
0.0028809239
0.0035475221
0.0043806794
0.0054060285
0.0064017741
0.0063958125
0.0063922115
0.0063901736
0.0063892594
0.0063892223
0.0063898959
0.0063911811
0.0063929902
0.0063952653
0.0063979747
0.0064011079
0.0064046716
0.0064086869
0.0064131874
0.0064182184
0.0064238367
0.006430111
0.0064371234
0.0064449708
0.0064537678
0.0064636501
0.0064747785
0.0064873449
0.00650158
0.0065177629
0.0065362348
0.006557417
0.0065818353
0.0066101555
0.006643232
0.0066821805
0.0067284855
0.0067841639
0.006852024
0.006936084
3.7731534e-14
7.2023414e-12
1.8368396e-10
1.7680632e-09
1.0084314e-08
4.1660358e-08
1.3742524e-07
3.7994114e-07
9.0177431e-07
1.864878e-06
3.4146158e-06
5.6519702e-06
8.6439801e-06
1.2430851e-05
1.7000142e-05
2.2247314e-05
2.745228e-05
3.300941e-05
3.9100149e-05
4.5691907e-05
5.267597e-05
5.9906488e-05
6.7213663e-05
7.4411795e-05
8.1309274e-05
8.7727407e-05
9.3532155e-05
9.8682154e-05
0.00010328553
0.00010762417
0.00011200106
0.00011601062
0.00011645884
0.00011157828
0.00010242153
9.3874791e-05
8.6317119e-05
7.6000148e-05
6.9631174e-05
7.1801217e-05
8.5136859e-05
0.00011177184
0.00014576877
0.00017933118
0.00021224029
0.00024647293
0.000283712
0.00032517891
0.00037174095
0.00042402509
0.00048249
0.00054748174
0.0006195869
0.00059299994
0.00057319397
0.00056433495
0.0005563821
0.00054759001
0.00053866632
0.00052994623
0.00052163602
0.00051397791
0.00050735768
0.00050247323
0.00049986312
0.00050029966
0.00050496454
0.00051532121
0.0005331208
0.00056047961
0.00060031505
0.00065633597
0.0007324163
0.00083330939
0.00096496102
0.0011347218
0.0013516504
0.001627026
0.0019747919
0.0024116805
0.0029583898
0.0036427638
0.0044977485
0.0055468785
0.0064008045
0.0063952966
0.0063920014
0.0063901717
0.0063894117
0.0063894854
0.0063902428
0.0063915919
0.0063934516
0.0063957695
0.006398517
0.0064016859
0.0064052846
0.0064093353
0.0064138723
0.0064189415
0.0064246001
0.006430917
0.0064379746
0.0064458697
0.0064547172
0.0064646524
0.0064758361
0.0064884596
0.006502753
0.0065189944
0.0065375236
0.0065587594
0.0065832246
0.0066115802
0.0066446738
0.0066836109
0.0067298606
0.0067854169
0.006853053
0.0069367321
3.8707141e-14
7.3890931e-12
1.884507e-10
1.8138521e-09
1.0344111e-08
4.271853e-08
1.408165e-07
3.8885543e-07
9.2135389e-07
1.9014523e-06
3.4745915e-06
5.741623e-06
8.7686587e-06
1.2591127e-05
1.7186552e-05
2.2437689e-05
2.7579603e-05
3.307746e-05
3.909167e-05
4.5576566e-05
5.2413643e-05
5.9449361e-05
6.6509428e-05
7.3407977e-05
7.9961113e-05
8.6008551e-05
9.1447866e-05
9.6279472e-05
0.00010065068
0.00010485023
0.00010909372
0.0001126049
0.00011065334
0.00010521728
9.6417135e-05
8.8298822e-05
7.9000816e-05
7.0161587e-05
6.6878087e-05
7.3171117e-05
9.0695345e-05
0.00011934872
0.00015253802
0.00018420982
0.00021591234
0.0002495228
0.00028649647
0.00032787654
0.00037441869
0.00042668219
0.0004850775
0.00054988121
0.00058388646
0.00055914382
0.00054487702
0.00053668064
0.00052815223
0.00051909808
0.00051009355
0.00050138004
0.00049316945
0.00048573993
0.00047949435
0.00047517832
0.00047340333
0.00047505911
0.00048143976
0.00049408059
0.00051475752
0.00054556085
0.00058937999
0.00064998359
0.00073133586
0.00083831264
0.00097699136
0.0011548517
0.001381076
0.0016671015
0.0020271208
0.0024780509
0.0030404109
0.0037423601
0.0046191518
0.0056930634
0.0063999067
0.0063948278
0.0063918201
0.006390191
0.0063895719
0.0063897503
0.0063905884
0.0063919987
0.0063939072
0.0063962664
0.0063990508
0.0064022546
0.0064058875
0.0064099727
0.0064145454
0.006419652
0.0064253499
0.0064317085
0.0064388102
0.006446752
0.0064556487
0.0064656357
0.0064768731
0.0064895523
0.0065039024
0.0065202006
0.0065387851
0.0065600726
0.0065845829
0.0066129721
0.0066460812
0.0066850057
0.0067312001
0.0067866361
0.0068540528
0.0069373609
3.9752052e-14
7.588602e-12
1.9353775e-10
1.8627234e-09
1.0621254e-08
4.384702e-08
1.4443133e-07
3.9833556e-07
9.4210306e-07
1.9400797e-06
3.5376804e-06
5.8354139e-06
8.8979724e-06
1.2755328e-05
1.7374491e-05
2.2625486e-05
2.7699348e-05
3.3132183e-05
3.9061911e-05
4.5429281e-05
5.2106385e-05
5.8932755e-05
6.5730368e-05
7.2315768e-05
7.8516488e-05
8.4197354e-05
8.9297935e-05
9.3875934e-05
9.8127438e-05
0.00010228407
0.00010611875
0.00010750491
0.00010453912
9.8869818e-05
9.038736e-05
8.1803658e-05
7.2149503e-05
6.5445399e-05
6.5762262e-05
7.601935e-05
9.7734024e-05
0.00012750327
0.00015860926
0.00018858216
0.00021931649
0.00025247075
0.00028927184
0.0003306105
0.00037715215
0.0004294011
0.00048773254
0.00055257271
0.00054768834
0.00052709281
0.00051686056
0.00050871968
0.00049977294
0.0004905962
0.00048159174
0.00047296734
0.00046497513
0.00045789608
0.00045216254
0.00044858671
0.00044786727
0.00045100834
0.00045939372
0.00047459934
0.00049840797
0.00053288368
0.00058089561
0.0006462922
0.00073313679
0.00084642886
0.00099237344
0.0011785676
0.0014142965
0.0017111302
0.0020835278
0.0025486852
0.0031268928
0.0038461058
0.0047441434
0.0058443863
0.0063990767
0.0063944011
0.0063916631
0.0063902254
0.0063897384
0.0063900192
0.0063909318
0.0063924008
0.0063943564
0.0063967555
0.0063995759
0.0064028135
0.0064064798
0.0064105988
0.0064152064
0.0064203495
0.0064260859
0.0064324852
0.00643963
0.0064476175
0.0064565622
0.0064665995
0.0064778894
0.0064906227
0.0065050279
0.0065213811
0.0065400192
0.0065613567
0.0065859101
0.0066143311
0.0066474542
0.0066863654
0.0067325045
0.0067878219
0.006855024
0.0069379708
4.0888745e-14
7.8048998e-12
1.9902963e-10
1.9153955e-09
1.0919745e-08
4.5062099e-08
1.4831812e-07
4.0850243e-07
9.642649e-07
1.9811479e-06
3.6044636e-06
5.9340676e-06
9.0326396e-06
1.2923976e-05
1.7564218e-05
2.2811032e-05
2.7811353e-05
3.3172474e-05
3.9008819e-05
4.5247661e-05
5.1751545e-05
5.8353869e-05
6.4875107e-05
7.1137195e-05
7.6983892e-05
8.2310431e-05
8.7101462e-05
9.1464889e-05
9.5620079e-05
9.9713913e-05
0.00010308727
0.0001019228
9.8133243e-05
9.1998372e-05
8.3769574e-05
7.4408854e-05
6.6056814e-05
6.216031e-05
6.6389882e-05
8.0448695e-05
0.00010531564
0.00013517468
0.00016393277
0.00019249768
0.00022251505
0.00025536149
0.00029206597
0.0003333985
0.00037995391
0.00043218951
0.00049042639
0.00053834797
0.00051327277
0.00049758732
0.00048910074
0.00048054802
0.00047136433
0.00046218428
0.0004532706
0.0004448401
0.00043717056
0.00043058562
0.00042552031
0.00042287992
0.00042346249
0.00042836824
0.00043903947
0.00045706739
0.00048423422
0.00052258663
0.00057498332
0.00064537002
0.00073791381
0.00085773421
0.0010111567
0.0012058862
0.0014512921
0.0017590467
0.0021438786
0.0026233902
0.003217712
0.0039538825
0.0048717591
0.0060004862
0.0063983187
0.006394024
0.0063915372
0.0063902728
0.0063899142
0.0063902895
0.0063912742
0.0063927991
0.0063947997
0.0063972372
0.0064000923
0.0064033628
0.0064070615
0.0064112134
0.0064158551
0.0064210338
0.0064268079
0.006433247
0.0064404338
0.0064484657
0.0064574574
0.0064675437
0.0064788847
0.0064916706
0.0065061293
0.006522536
0.0065412258
0.0065626114
0.0065872061
0.0066156574
0.0066487931
0.0066876899
0.0067337739
0.0067889747
0.006855967
0.0069385621
4.2106734e-14
8.0373078e-12
2.0495636e-10
1.9722996e-09
1.1242099e-08
4.637391e-08
1.5250503e-07
4.194272e-07
9.8801088e-07
2.0249456e-06
3.6752878e-06
6.0379508e-06
9.1729135e-06
1.3097064e-05
1.7755288e-05
2.2992418e-05
2.7912202e-05
3.3194979e-05
3.8929653e-05
4.5028959e-05
5.1346275e-05
5.770996e-05
6.3941129e-05
6.9871184e-05
7.5365731e-05
8.0359058e-05
8.4892517e-05
8.9130708e-05
9.3260094e-05
9.7021774e-05
9.8396708e-05
9.6024375e-05
9.1431376e-05
8.4659298e-05
7.6226732e-05
6.7509643e-05
6.1113392e-05
6.0565213e-05
6.8690587e-05
8.6831861e-05
0.00011300252
0.00014132223
0.00016847638
0.00019605456
0.00022558211
0.00025823823
0.00029490392
0.0003362567
0.00038283636
0.00043506256
0.00049327651
0.0005008762
0.0004805313
0.00046951417
0.00046125787
0.0004523023
0.00044306246
0.00043397758
0.00042525462
0.00041713246
0.00040991001
0.00040395069
0.00039974322
0.00039826165
0.00040041047
0.00040735911
0.00042057647
0.00044165402
0.00047237804
0.0005147912
0.00057174915
0.00064731017
0.00074574339
0.00087228068
0.0010333604
0.0012367885
0.0014920064
0.0018107543
0.0022080082
0.0027019126
0.0033126752
0.004065736
0.0050011108
0.0061601374
0.0063976232
0.0063936854
0.0063914344
0.0063903307
0.0063900953
0.0063905598
0.0063916138
0.0063931923
0.006395236
0.0063977107
0.0064005994
0.0064039019
0.0064076322
0.0064118163
0.0064164912
0.0064217047
0.0064275155
0.0064339934
0.0064412213
0.0064492967
0.0064583339
0.0064684681
0.0064798588
0.0064926959
0.0065072065
0.0065236649
0.0065424048
0.0065638367
0.0065884711
0.0066169509
0.006650098
0.0066889797
0.0067350088
0.0067900949
0.0068568822
0.0069391352
4.3416092e-14
8.2873292e-12
2.113374e-10
2.0336805e-09
1.1589892e-08
4.7786637e-08
1.570075e-07
4.311393e-07
1.013364e-06
2.0714823e-06
3.7500197e-06
6.1466038e-06
9.3178874e-06
1.3272896e-05
1.7944406e-05
2.3124129e-05
2.799188e-05
3.3200542e-05
3.8826077e-05
4.4772588e-05
5.0887113e-05
5.6996076e-05
6.2925463e-05
6.8521058e-05
7.3676093e-05
7.8365007e-05
8.2674495e-05
8.6792259e-05
9.083241e-05
9.4143468e-05
9.3038084e-05
8.9843849e-05
8.4505208e-05
7.7277187e-05
6.8988822e-05
6.1464215e-05
5.7648537e-05
6.077518e-05
7.2483068e-05
9.4197452e-05
0.00012090311
0.00014687893
0.00017258011
0.00019939502
0.00022858533
0.00026113671
0.00029780696
0.00033919952
0.00038580966
0.0004380194
0.00049027723
0.00046626346
0.0004503572
0.00044176022
0.00043328259
0.00042414937
0.00041499228
0.00040610085
0.00039768076
0.00038998951
0.00038334742
0.00037816696
0.00037502507
0.00037495103
0.00037893573
0.00038818939
0.00040418224
0.00042850404
0.00046295893
0.0005096009
0.00057128242
0.00065218697
0.00075667915
0.00089009191
0.0010589688
0.0012712167
0.0015363445
0.0018661262
0.002275731
0.0027839483
0.0034114727
0.0041819164
0.0051321525
0.0063183626
0.0063969859
0.0063933808
0.0063913522
0.006390404
0.0063902802
0.0063908291
0.0063919497
0.0063935798
0.0063956651
0.0063981756
0.006401097
0.0064044306
0.0064081917
0.006412407
0.0064171144
0.006422362
0.0064282085
0.0064347243
0.0064419923
0.00645011
0.0064591917
0.0064693725
0.0064808115
0.0064936982
0.0065082592
0.0065247677
0.006543556
0.0065650326
0.0065897049
0.0066182118
0.0066513689
0.006690235
0.0067362096
0.0067911829
0.0068577701
0.0069396905
4.4843265e-14
8.5602969e-12
2.1830192e-10
2.1006265e-09
1.1969242e-08
4.9325714e-08
1.6190446e-07
4.4383595e-07
1.0406949e-06
2.1213467e-06
3.829537e-06
6.2610828e-06
9.4686253e-06
1.3452719e-05
1.813355e-05
2.3249643e-05
2.805804e-05
3.3183525e-05
3.8688381e-05
4.4467619e-05
5.0363802e-05
5.620347e-05
6.1821038e-05
6.7083351e-05
7.1920816e-05
7.6361114e-05
8.0538427e-05
8.4593125e-05
8.8220203e-05
8.9308228e-05
8.7350975e-05
8.3372067e-05
7.7426155e-05
7.0002078e-05
6.2308429e-05
5.6594739e-05
5.5903451e-05
6.2766984e-05
7.8401421e-05
0.00010153675
0.00012705783
0.00015155098
0.00017627542
0.00020258201
0.00023156939
0.00026408507
0.0003007936
0.00034224019
0.00038888416
0.00044107257
0.00045249921
0.00043344727
0.00042242303
0.00041417917
0.00040535308
0.00039624318
0.00038728415
0.00037869525
0.00037069877
0.00036356696
0.00035765138
0.00035343092
0.00035157793
0.000353176
0.00035925413
0.00037104527
0.00039000806
0.00041773754
0.00045607499
0.00050710052
0.00057365367
0.00066005266
0.00077074724
0.00091115891
0.001087929
0.0013090715
0.0015841711
0.0019250062
0.0023468514
0.00286917
0.0035136433
0.0043026331
0.0052669701
0.0064019025
0.0063964137
0.0063931167
0.0063912872
0.0063904872
0.0063904677
0.0063910996
0.0063922812
0.0063939611
0.0063960864
0.0063986317
0.0064015847
0.0064049486
0.0064087396
0.0064129855
0.0064177246
0.0064230052
0.0064288868
0.0064354395
0.0064427466
0.0064509054
0.0064600305
0.0064702565
0.0064817425
0.0064946775
0.0065092873
0.0065258443
0.0065446794
0.0065661989
0.0065909076
0.0066194401
0.0066526061
0.0066914559
0.0067373764
0.0067922392
0.0068586311
0.0069402282
4.6413706e-14
8.8603298e-12
2.2595503e-10
2.1741532e-09
1.2385722e-08
5.1014117e-08
1.6726041e-07
4.5767379e-07
1.0703296e-06
2.1750127e-06
3.9144126e-06
6.3820039e-06
9.6256435e-06
1.3636602e-05
1.8322281e-05
2.3366524e-05
2.8108117e-05
3.3140566e-05
3.8511517e-05
4.4108712e-05
4.9771253e-05
5.5329288e-05
6.0630655e-05
6.5568409e-05
7.0113366e-05
7.4338798e-05
7.8391635e-05
8.2268956e-05
8.5049668e-05
8.4143583e-05
8.1381772e-05
7.6685909e-05
7.0317008e-05
6.304794e-05
5.6498768e-05
5.3224273e-05
5.6009029e-05
6.6299132e-05
8.5494078e-05
0.00010933944
0.00013271446
0.0001557942
0.00017974456
0.00020569861
0.000234577
0.00026710847
0.00030388068
0.00034539102
0.0003920735
0.00044006195
0.00041822981
0.00040335439
0.00039489783
0.00038657262
0.00037766391
0.00036873699
0.00036008359
0.00035191555
0.0003444684
0.00033803262
0.00033300849
0.00032995242
0.0003296296
0.00033315763
0.00034156121
0.00035608356
0.00037817526
0.00040944983
0.00045180396
0.00050735606
0.00057891182
0.00067093292
0.00078794197
0.00093543589
0.0011201488
0.0013502121
0.0016353092
0.0019872074
0.0024211706
0.0029572616
0.0036186057
0.0044274075
0.0054081897
0.0064009937
0.0063958971
0.0063928845
0.0063912457
0.0063905786
0.0063906609
0.006391369
0.0063926097
0.0063943359
0.0063964998
0.0063990785
0.0064020622
0.0064054556
0.0064092758
0.0064135515
0.0064183214
0.0064236344
0.0064295499
0.0064361387
0.0064434838
0.0064516828
0.00646085
0.00647112
0.0064826517
0.0064956334
0.0065102907
0.0065268946
0.0065457748
0.0065673356
0.0065920791
0.0066206358
0.0066538097
0.0066926426
0.0067385095
0.006793264
0.0068594656
0.0069407487
4.8152025e-14
9.1919458e-12
2.3440563e-10
2.2552607e-09
1.2844317e-08
5.2871645e-08
1.7313872e-07
4.7278834e-07
1.1025098e-06
2.2328436e-06
4.0049744e-06
6.5094614e-06
9.7886324e-06
1.3823755e-05
1.8508811e-05
2.3473202e-05
2.813838e-05
3.306586e-05
3.8289144e-05
4.3688295e-05
4.9101769e-05
5.4367325e-05
5.9352372e-05
6.3984509e-05
6.8281268e-05
7.235312e-05
7.6298539e-05
7.9743579e-05
8.0350269e-05
7.8650707e-05
7.5123686e-05
6.9857374e-05
6.333803e-05
5.6688712e-05
5.1909304e-05
5.1622736e-05
5.7968107e-05
7.1989614e-05
9.2639337e-05
0.00011548958
0.00013747837
0.00015960613
0.00018304535
0.00020879192
0.00023763948
0.00027022806
0.00030708306
0.00034866043
0.00039537386
0.00040302045
0.00038608013
0.00037582385
0.00036774558
0.00035917844
0.0003503971
0.00034177964
0.00033354819
0.0003259251
0.00031915722
0.00031356755
0.00030962333
0.00030795683
0.00030940872
0.00031509677
0.00032602075
0.00034342887
0.00036877721
0.00040371176
0.00045020135
0.00051041176
0.0005870802
0.00068482223
0.00080822125
0.00096283827
0.0011554966
0.0013944585
0.0016895407
0.0020525086
0.0024984892
0.0030479443
0.003725768
0.0045551392
0.0055551568
0.0064001425
0.0063954301
0.0063926794
0.0063912204
0.0063906757
0.0063908557
0.0063916358
0.0063929334
0.0063947037
0.0063969047
0.006399516
0.0064025294
0.0064059513
0.0064098
0.0064141047
0.0064189046
0.0064242491
0.0064301978
0.0064368216
0.0064442038
0.0064524418
0.0064616499
0.0064719628
0.0064835388
0.006496566
0.0065112691
0.0065279184
0.0065468421
0.0065684427
0.0065932194
0.006621799
0.0066549797
0.0066937955
0.0067396094
0.0067942577
0.0068602739
0.0069412523
5.0055738e-14
9.5563538e-12
2.4371844e-10
2.344714e-09
1.3350283e-08
5.4919292e-08
1.7961017e-07
4.8935366e-07
1.1375158e-06
2.2952231e-06
4.1016358e-06
6.6437066e-06
9.9573321e-06
1.4013058e-05
1.869123e-05
2.356588e-05
2.8144159e-05
3.2954664e-05
3.8015109e-05
4.3200409e-05
4.8350797e-05
5.3316328e-05
5.7990313e-05
6.2342819e-05
6.6440097e-05
7.0391572e-05
7.4053402e-05
7.6127391e-05
7.5331061e-05
7.2852588e-05
6.8652777e-05
6.3024719e-05
5.673159e-05
5.1271163e-05
4.8890569e-05
5.1935293e-05
6.1569853e-05
7.8892245e-05
0.00010022476
0.00012114943
0.00014180751
0.00016318181
0.00018627035
0.00021191059
0.00024078518
0.00027346302
0.00031041473
0.00035206142
0.0003887288
0.00036972099
0.00035687419
0.00034881984
0.0003407297
0.00033221049
0.00032372717
0.00031553446
0.00030784651
0.00030089391
0.00029494255
0.00029036729
0.00028771128
0.00028766755
0.00029112662
0.00029916272
0.00031276055
0.00033317301
0.00036191944
0.00040066858
0.00045135981
0.00051628615
0.00059815087
0.00070167901
0.00083150379
0.00099324242
0.0011938037
0.0014415952
0.001746609
0.0021206495
0.0025786015
0.0031409949
0.0038345801
0.0046847993
0.0057055746
0.0063993567
0.0063950065
0.0063924978
0.0063912091
0.006390783
0.0063910511
0.0063918992
0.0063932518
0.0063950643
0.006397301
0.0063999436
0.006402986
0.0064064357
0.006410312
0.0064146448
0.006419474
0.0064248492
0.0064308302
0.0064374881
0.0064449063
0.0064531822
0.0064624302
0.0064727846
0.0064844036
0.0064974749
0.0065122224
0.0065289155
0.0065478813
0.0065695201
0.0065943286
0.0066229297
0.0066561164
0.0066949147
0.0067406763
0.0067952207
0.0068610564
0.0069417392
5.2183051e-14
9.962676e-12
2.5408e-10
2.4442331e-09
1.3913012e-08
5.7191372e-08
1.8676664e-07
5.0758622e-07
1.1757537e-06
2.3626754e-06
4.2049172e-06
6.7850262e-06
1.0131534e-05
1.420334e-05
1.8866915e-05
2.3641166e-05
2.8121159e-05
3.27999e-05
3.76815e-05
4.2637717e-05
4.7514742e-05
5.2180212e-05
5.6557484e-05
6.0655873e-05
6.4571557e-05
6.8370362e-05
7.1591763e-05
7.1560479e-05
6.9985088e-05
6.6773313e-05
6.2068154e-05
5.6383239e-05
5.0813332e-05
4.7179125e-05
4.7725049e-05
5.4149799e-05
6.7329832e-05
8.5997838e-05
0.00010631844
0.00012594871
0.00014570267
0.00016658287
0.00018947099
0.00021508914
0.00024403711
0.00027683012
0.00031388644
0.00035565203
0.00035344408
0.00033901629
0.00033007799
0.00032231758
0.00031413825
0.00030587723
0.00029782194
0.00029017363
0.00028315236
0.00027699917
0.00027201666
0.00026864556
0.00026749276
0.0002692896
0.00027496002
0.00028548403
0.00030187032
0.00032549175
0.00035777743
0.00040038811
0.00045532462
0.00052496749
0.00061208054
0.00072142201
0.00085766754
0.0010264862
0.0012348688
0.0014913769
0.0018062236
0.0021913262
0.0026612815
0.0032362686
0.0039445403
0.0048152691
0.0058586376
0.0063986405
0.0063946317
0.0063923467
0.0063912094
0.0063908958
0.006391246
0.0063921584
0.0063935644
0.0063954171
0.0063976883
0.0064003612
0.0064034316
0.0064069083
0.0064108115
0.0064151718
0.0064200294
0.0064254344
0.0064314469
0.006438138
0.0064455911
0.006453904
0.0064631907
0.0064735854
0.006485246
0.0064983599
0.0065131504
0.0065298859
0.0065488921
0.0065705677
0.0065954066
0.0066240281
0.0066572198
0.0066960003
0.0067417104
0.0067961534
0.0068618135
0.0069422098
5.4584919e-14
1.0420386e-11
2.6571967e-10
2.5558066e-09
1.4542329e-08
5.9727585e-08
1.9472227e-07
5.2772898e-07
1.21764e-06
2.435715e-06
4.3152263e-06
6.9334585e-06
1.031062e-05
1.4393036e-05
1.9033014e-05
2.3694879e-05
2.8063116e-05
3.2594814e-05
3.7280503e-05
4.1991843e-05
4.6587703e-05
5.0962015e-05
5.5079045e-05
5.898771e-05
6.2754544e-05
6.613102e-05
6.7434299e-05
6.6632243e-05
6.4311365e-05
6.0497106e-05
5.5535366e-05
5.0217763e-05
4.597301e-05
4.478398e-05
4.854173e-05
5.8174534e-05
7.4173747e-05
9.326018e-05
0.00011189397
0.00013030878
0.00014935714
0.00016990618
0.00019270008
0.0002183587
0.00024741512
0.00028034372
0.00031749758
0.00033768636
0.00032177962
0.000311431
0.0003039262
0.00029617272
0.00028820268
0.00028036753
0.00027285806
0.0002658739
0.00025964172
0.00025442619
0.0002505845
0.00024862304
0.00024918197
0.0002530084
0.0002610367
0.00027415057
0.00029356803
0.00032048772
0.00035634263
0.00040285056
0.00046206174
0.00053640861
0.00062878647
0.00074392827
0.0008865503
0.0010623723
0.0012784627
0.0015435374
0.0018680685
0.002264187
0.0027462532
0.0033337002
0.0040553396
0.0049450358
0.0060140851
0.0063979849
0.0063942952
0.006392218
0.0063912185
0.0063910124
0.0063914395
0.0063924153
0.0063938709
0.0063957617
0.0063980663
0.0064007686
0.0064038661
0.0064073689
0.0064112982
0.0064156852
0.0064205706
0.0064260046
0.0064320476
0.0064387709
0.0064462581
0.0064546067
0.006463931
0.0064743648
0.0064860658
0.006499221
0.006514053
0.0065308294
0.0065498746
0.0065715855
0.0065964534
0.0066250941
0.0066582901
0.0066970526
0.006742712
0.0067970559
0.0068625455
0.0069426644
5.7270065e-14
1.0932637e-11
2.7876311e-10
2.6809095e-09
1.5248296e-08
6.2568549e-08
2.0359839e-07
5.5004782e-07
1.2636021e-06
2.5148708e-06
4.4329679e-06
7.088841e-06
1.0493434e-05
1.4579778e-05
1.9185748e-05
2.3722788e-05
2.7964299e-05
3.2332489e-05
3.6805811e-05
4.1259441e-05
4.5569276e-05
4.9662439e-05
5.3546641e-05
5.728377e-05
6.0781152e-05
6.3095399e-05
6.2934946e-05
6.1379755e-05
5.8385828e-05
5.4171528e-05
4.93097e-05
4.4904948e-05
4.2632237e-05
4.436163e-05
5.1240173e-05
6.42635e-05
8.1465291e-05
9.9295223e-05
0.00011667433
0.00013424589
0.00015283763
0.00017320711
0.00019599527
0.0002217442
0.00025093461
0.00028401854
0.0003214306
0.0003051533
0.00029322031
0.00028569304
0.00027835461
0.00027071005
0.00026314796
0.00025586132
0.00024901339
0.00024281071
0.00023749463
0.00023337066
0.00023085509
0.00023049966
0.00023295296
0.00023896811
0.00024943982
0.00026541367
0.00028790734
0.00031813786
0.00035758281
0.00040800998
0.00047150486
0.00055052394
0.00064814412
0.00076903396
0.00091795227
0.0011006724
0.0013243338
0.0015977962
0.001931814
0.0023388404
0.0028331542
0.0034332363
0.004167096
0.0050725498
0.0061707111
0.0063973846
0.0063939923
0.0063921092
0.0063912426
0.006391132
0.0063916344
0.0063926675
0.0063941688
0.0063960979
0.0063984346
0.0064011653
0.0064042891
0.0064078174
0.0064117721
0.006416185
0.0064210973
0.0064265594
0.0064326322
0.0064393868
0.006446907
0.0064552903
0.006464651
0.0064751226
0.0064868628
0.0065000579
0.0065149301
0.006531746
0.0065508287
0.0065725734
0.0065974691
0.0066261278
0.0066593273
0.0066980718
0.0067436813
0.0067979287
0.0068632528
0.006943103
6.0280712e-14
1.1507873e-11
2.9343252e-10
2.8216638e-09
1.6042672e-08
6.5759032e-08
2.1352418e-07
5.7481831e-07
1.3140386e-06
2.6004985e-06
4.5581154e-06
7.2505488e-06
1.0678204e-05
1.4759808e-05
1.931877e-05
2.371708e-05
2.7816741e-05
3.2004688e-05
3.6250526e-05
4.0437941e-05
4.446559e-05
4.8295351e-05
5.1966884e-05
5.5514517e-05
5.8573799e-05
5.8977086e-05
5.807236e-05
5.5812346e-05
5.2318445e-05
4.8009379e-05
4.3737504e-05
4.0884436e-05
4.1168194e-05
4.6011457e-05
5.6062025e-05
7.1048628e-05
8.8094167e-05
0.0001046141
0.00012097882
0.00013793925
0.00015624285
0.00017654131
0.00019939008
0.00022526634
0.00025460364
0.00028782357
0.00028787732
0.00027584805
0.00026777057
0.00026071423
0.00025342951
0.00024617172
0.00023916314
0.00023253607
0.00022646183
0.00022115906
0.00021689871
0.00021403657
0.00021303492
0.00021445277
0.00021893151
0.00022725419
0.00024043046
0.00025928735
0.00028485359
0.00031839942
0.00036144335
0.00041579047
0.00048355099
0.00056718621
0.00066998771
0.0007965372
0.00095164101
0.001141132
0.0013722131
0.0016538665
0.0019971282
0.0024148722
0.0029215209
0.0035346958
0.0042804727
0.0051973745
0.0063227547
0.0063968362
0.0063937191
0.0063920169
0.0063912757
0.0063912524
0.0063918276
0.0063929143
0.006394459
0.0063964252
0.006398793
0.0064015512
0.0064047005
0.0064082535
0.0064122328
0.0064166708
0.0064216092
0.0064270987
0.0064332003
0.0064399853
0.0064475375
0.0064559546
0.0064653505
0.0064758588
0.0064876369
0.0065008706
0.0065157815
0.0065326354
0.0065517542
0.0065735314
0.0065984535
0.0066271292
0.0066603317
0.006699058
0.0067446187
0.006798772
0.0068639355
0.0069435261
6.3706131e-14
1.2162142e-11
3.1009709e-10
2.9813783e-09
1.6942372e-08
6.9362593e-08
2.2467697e-07
6.0241308e-07
1.3695285e-06
2.6931783e-06
4.6908769e-06
7.4177805e-06
1.0862726e-05
1.4929118e-05
1.9426021e-05
2.3671857e-05
2.7612055e-05
3.1602162e-05
3.5607368e-05
3.9527393e-05
4.3293047e-05
4.6902387e-05
5.0379703e-05
5.350565e-05
5.4833904e-05
5.4475331e-05
5.2860095e-05
5.003161e-05
4.6303397e-05
4.2338034e-05
3.9266989e-05
3.8607379e-05
4.1801934e-05
4.9577584e-05
6.2569104e-05
7.8378307e-05
9.4001268e-05
0.00010932846
0.00012492531
0.00014147988
0.0001596338
0.00017994779
0.00020291001
0.00022894165
0.00025843424
0.00027100861
0.0002584772
0.00024996005
0.00024327773
0.00023640856
0.00022948071
0.00022277358
0.00021642433
0.00021056343
0.00020537473
0.00020109957
0.00019804809
0.00019661732
0.00019728921
0.00020061031
0.00020722179
0.00021812587
0.00023400223
0.00025571774
0.00028435047
0.00032120692
0.00036783997
0.00042608041
0.00049805656
0.0005862268
0.0006941134
0.00082620323
0.0009873575
0.0011834756
0.0014218186
0.0017114602
0.0020636888
0.0024918693
0.0030108166
0.0036376255
0.0043962269
0.0053220331
0.0064010967
0.0063963372
0.0063934717
0.0063919385
0.0063913159
0.0063913778
0.0063920179
0.0063931554
0.0063947408
0.0063967418
0.0063991401
0.0064019252
0.0064050996
0.0064086766
0.0064126799
0.0064171425
0.0064221062
0.0064276223
0.0064337518
0.0064405663
0.0064481496
0.0064565993
0.0064660293
0.0064765731
0.0064883878
0.0065016587
0.006516607
0.0065334976
0.0065526511
0.0065744595
0.0065994067
0.0066280985
0.0066613032
0.0067000114
0.0067455242
0.0067995862
0.0068645941
0.0069439339
6.760164e-14
1.2906281e-11
3.2907354e-10
3.1633505e-09
1.7966103e-08
7.3449616e-08
2.3724925e-07
6.3320843e-07
1.4305698e-06
2.7932826e-06
4.8311268e-06
7.5893802e-06
1.1044015e-05
1.5082344e-05
1.9499317e-05
2.3578675e-05
2.7342366e-05
3.1117838e-05
3.487129e-05
3.8525867e-05
4.2047018e-05
4.544431e-05
4.859987e-05
5.060686e-05
5.069334e-05
4.9620313e-05
4.738528e-05
4.4220553e-05
4.0649744e-05
3.7601952e-05
3.6396341e-05
3.8426966e-05
4.4491671e-05
5.5396546e-05
6.9696239e-05
8.45715e-05
9.906325e-05
0.00011354207
0.0001286292
0.00014494943
0.00016306156
0.00018345738
0.00020657361
0.00023277931
0.00025402021
0.00024137454
0.00023249656
0.00022613998
0.00021969577
0.00021311202
0.00020672843
0.00020068418
0.00019509727
0.00019010961
0.0001859255
0.00018281797
0.00018113188
0.00018128326
0.00018374032
0.00018903848
0.00019810058
0.0002115481
0.00023008952
0.00025464005
0.00028632113
0.00032646707
0.00037665365
0.00043872851
0.00051483666
0.00060743832
0.00072028467
0.00085777137
0.0010248225
0.0012274122
0.0014728574
0.0017702902
0.0021311907
0.0025694385
0.0031004907
0.0037413151
0.0045141161
0.0054502062
0.0064003503
0.0063958925
0.0063932568
0.0063918711
0.0063913612
0.0063915041
0.0063922047
0.0063933902
0.0063950143
0.0063970497
0.0063994772
0.0064022883
0.0064054867
0.0064090871
0.0064131137
0.0064175999
0.0064225882
0.0064281301
0.0064342867
0.0064411297
0.0064487431
0.0064572243
0.0064666873
0.0064772654
0.0064891154
0.0065024223
0.0065174066
0.0065343324
0.0065535193
0.0065753575
0.0066003288
0.0066290356
0.006662242
0.0067009322
0.0067463982
0.0068003714
0.0068652288
0.0069443264
7.2045079e-14
1.3755517e-11
3.5073565e-10
3.3708987e-09
1.9131936e-08
7.8088638e-08
2.5142272e-07
6.6753003e-07
1.4974916e-06
2.9006993e-06
4.9776464e-06
7.7624189e-06
1.1216679e-05
1.5210839e-05
1.9526598e-05
2.3427208e-05
2.6996927e-05
3.0541951e-05
3.4037129e-05
3.7433577e-05
4.0722714e-05
4.3857313e-05
4.6342873e-05
4.6786337e-05
4.6163111e-05
4.4444813e-05
4.1802312e-05
3.8660062e-05
3.5788841e-05
3.4326671e-05
3.5574094e-05
4.0472525e-05
4.9442863e-05
6.211405e-05
7.630135e-05
9.0071542e-05
0.00010360459
0.00011744967
0.00013220376
0.00014841356
0.00016656403
0.00018709062
0.0002103905
0.0002366201
0.00022454417
0.00021547175
0.00020932856
0.00020330409
0.00019710459
0.00019106291
0.00018535149
0.00018006751
0.00017534515
0.00017134219
0.00016828987
0.00016648954
0.00016630234
0.00016813929
0.00017245182
0.00018003187
0.00019151075
0.00020743919
0.00022860499
0.00025596352
0.00029066082
0.00033405235
0.00038772722
0.00045354358
0.00053366712
0.00063058085
0.00074823949
0.00089096257
0.0010637438
0.0012726392
0.0015250272
0.0018300695
0.0021993527
0.0026472223
0.0031900093
0.0038450173
0.0046329424
0.0055816696
0.0063996522
0.0063954919
0.0063930672
0.0063918216
0.0063914097
0.0063916298
0.0063923872
0.0063936185
0.0063952804
0.0063973487
0.0063998043
0.0064026403
0.0064058619
0.0064094848
0.0064135338
0.006418043
0.0064230551
0.0064286219
0.0064348046
0.0064416753
0.0064493177
0.0064578294
0.0064673243
0.0064779355
0.0064898196
0.0065031612
0.0065181801
0.0065351399
0.0065543588
0.0065762255
0.0066012196
0.0066299407
0.0066631482
0.0067018206
0.0067472409
0.0068011279
0.0068658398
0.006944704
7.7135666e-14
1.472759e-11
3.7550619e-10
3.6081003e-09
2.0461873e-08
8.335833e-08
2.6739346e-07
7.0568176e-07
1.5704609e-06
3.0149439e-06
5.1285319e-06
7.9326505e-06
1.1373342e-05
1.5303405e-05
1.9492267e-05
2.3204842e-05
2.6564126e-05
2.986585e-05
3.3101419e-05
3.6250275e-05
3.9295286e-05
4.198487e-05
4.2801614e-05
4.2546762e-05
4.1270167e-05
3.9097551e-05
3.6384689e-05
3.3782576e-05
3.2274273e-05
3.3037496e-05
3.7041862e-05
4.4642963e-05
5.598466e-05
6.9265017e-05
8.2281089e-05
9.4959437e-05
0.00010773352
0.00012114558
0.00013571674
0.0001519155
0.00017016573
0.00019085584
0.00021434403
0.00020755779
0.00019896424
0.00019293864
0.00018727451
0.00018149097
0.00017582475
0.00017045854
0.00016551044
0.00016108406
0.00015733202
0.00015442981
0.00015263339
0.00015225752
0.00015366
0.00015723417
0.00016367032
0.00017354768
0.00018733922
0.00020570045
0.00022944897
0.00025957158
0.00029723201
0.00034379757
0.00040086455
0.00047029801
0.00055428912
0.00065538973
0.00077769873
0.00092548671
0.0011038222
0.0013188483
0.0015780163
0.0018905064
0.0022679174
0.0027249192
0.0032788551
0.0039480155
0.0047517504
0.0057137149
0.0063990076
0.0063951284
0.0063928983
0.0063917833
0.0063914595
0.0063917541
0.0063925648
0.0063938393
0.0063955391
0.0063976389
0.0064001211
0.006402981
0.006406225
0.0064098695
0.0064139402
0.0064184715
0.0064235066
0.0064290975
0.0064353055
0.0064422028
0.0064498733
0.0064584144
0.0064679401
0.0064785833
0.0064905001
0.0065038751
0.0065189275
0.0065359198
0.0065551694
0.0065770633
0.0066020793
0.0066308136
0.0066640219
0.0067026766
0.0067480525
0.006801856
0.0068664275
0.0069450669
8.2950037e-14
1.5837859e-11
4.0378726e-10
3.8787448e-09
2.1976781e-08
8.9331528e-08
2.8532137e-07
7.4784515e-07
1.6493038e-06
3.1347779e-06
5.2806465e-06
8.0939924e-06
1.1503761e-05
1.5344554e-05
1.9374965e-05
2.2894099e-05
2.6028241e-05
2.9078509e-05
3.2059991e-05
3.495121e-05
3.756762e-05
3.8782647e-05
3.8822066e-05
3.7915644e-05
3.6156391e-05
3.385443e-05
3.1572719e-05
3.0168679e-05
3.0696274e-05
3.408507e-05
4.0706556e-05
5.0911791e-05
6.3241489e-05
7.5526345e-05
8.7442868e-05
9.9294797e-05
0.00011155572
0.00012471529
0.00013922346
0.00015548599
0.000173879
0.00019475076
0.00019082108
0.00018270979
0.00017694645
0.0001716571
0.00016629387
0.00016104328
0.00015605372
0.00015145433
0.00014736412
0.00014389501
0.00014121915
0.00013952588
0.00013908481
0.00014020741
0.00014323701
0.00014880139
0.00015739023
0.00016943149
0.00018547097
0.0002062087
0.0002324896
0.00026531502
0.00030586017
0.00035549923
0.0004158341
0.00048873552
0.000576416
0.0006815836
0.00080837318
0.00096104914
0.0011447567
0.0013657294
0.0016315058
0.0019512951
0.0023366391
0.0028023095
0.0033665818
0.0040494766
0.0048698467
0.0058453808
0.0063984145
0.0063947971
0.006392747
0.0063917543
0.0063915162
0.0063918765
0.0063927366
0.0063940542
0.0063957903
0.0063979198
0.0064004275
0.0064033103
0.0064065757
0.006410241
0.0064143326
0.0064188853
0.0064239426
0.0064295567
0.0064357892
0.0064427122
0.0064504097
0.0064589793
0.0064685346
0.0064792085
0.006491157
0.0065045641
0.0065196485
0.0065366721
0.0065559511
0.0065778711
0.0066029078
0.0066316546
0.0066648632
0.0067035005
0.0067488331
0.006802556
0.006866992
0.0069454152
8.9537685e-14
1.7096017e-11
4.3582315e-10
4.1849212e-09
2.368598e-08
9.6031804e-08
3.0520642e-07
7.9375051e-07
1.7328644e-06
3.2571476e-06
5.4277929e-06
8.23576e-06
1.1591139e-05
1.5309736e-05
1.9141401e-05
2.2466894e-05
2.5361605e-05
2.8150601e-05
3.0858846e-05
3.3351473e-05
3.4763318e-05
3.5029777e-05
3.4425184e-05
3.3023705e-05
3.1105479e-05
2.9170383e-05
2.7976916e-05
2.8466509e-05
3.1498313e-05
3.7441999e-05
4.6683128e-05
5.8100267e-05
6.9699667e-05
8.0933064e-05
9.1982898e-05
0.00010325118
0.00011518869
0.00012822886
0.0001427609
0.00015913807
0.00017769823
0.00017431118
0.00016679561
0.00016144087
0.00015653151
0.00015156942
0.00014674
0.0001421727
0.00013795254
0.00013421125
0.00013107111
0.00012865209
0.00012714322
0.00012673733
0.00012770602
0.00013035035
0.00013525021
0.0001428172
0.00015343249
0.00016754974
0.00018577254
0.00020882449
0.00023756651
0.00027300925
0.00031633365
0.00036891904
0.00043237572
0.00050858233
0.00059974759
0.00070887345
0.00083996995
0.00099735467
0.0011862491
0.0014129761
0.0016851739
0.0020121115
0.002405256
0.0028792522
0.0034529314
0.0041484827
0.0049860874
0.0059768591
0.0063978688
0.006394494
0.0063926105
0.0063917321
0.0063915748
0.0063919962
0.0063929055
0.006394263
0.0063960334
0.0063981912
0.0064007233
0.0064036279
0.0064069138
0.0064105992
0.0064147109
0.0064192842
0.0064243629
0.0064299994
0.0064362554
0.0064432033
0.0064509268
0.0064595237
0.0064691076
0.0064798111
0.00649179
0.0065052279
0.0065203431
0.0065373966
0.0065567038
0.0065786487
0.0066037051
0.0066324636
0.0066656723
0.0067042924
0.006749583
0.0068032279
0.0068675336
0.0069457491
9.6757921e-14
1.8474124e-11
4.709054e-10
4.5199146e-09
2.5549252e-08
1.032797e-07
3.2640642e-07
8.414999e-07
1.8165849e-06
3.373059e-06
5.5545483e-06
8.3339265e-06
1.1600567e-05
1.5151323e-05
1.8730404e-05
2.187226e-05
2.4514757e-05
2.7017847e-05
2.9335743e-05
3.0746562e-05
3.118324e-05
3.0820417e-05
2.9730012e-05
2.8170903e-05
2.6598536e-05
2.5694441e-05
2.6301829e-05
2.9196934e-05
3.4717425e-05
4.318226e-05
5.3765989e-05
6.4721991e-05
7.5331266e-05
8.5669961e-05
9.6074167e-05
0.00010695034
0.00011870641
0.00013172578
0.00014634283
0.00016286313
0.00015818626
0.00015131859
0.00014646244
0.0001419502
0.00013737943
0.00013297059
0.00012883984
0.00012504859
0.00012168224
0.00011888131
0.00011676845
0.0001154697
0.00011518454
0.00011609928
0.00011848532
0.00012288848
0.00012964899
0.00013910531
0.00015163174
0.00016775064
0.00018808397
0.00021337168
0.0002444831
0.00028243352
0.00032840772
0.00038379168
0.00045020957
0.00052955932
0.00062405656
0.00073696974
0.00087219769
0.0010341117
0.0012280059
0.0014602887
0.0017387041
0.0020726157
0.0024734617
0.0029556248
0.0035379129
0.004244328
0.0050985776
0.0061082224
0.0063973661
0.0063942157
0.0063924862
0.0063917146
0.0063916332
0.0063921116
0.006393068
0.0063944655
0.0063962683
0.0063984529
0.0064010081
0.0064039337
0.0064072393
0.0064109439
0.006415075
0.0064196681
0.0064247674
0.0064304254
0.0064367041
0.0064436758
0.0064514245
0.0064600477
0.006469659
0.0064803909
0.006492399
0.0065058665
0.0065210112
0.0065380934
0.0065574275
0.0065793961
0.0066044711
0.0066332408
0.006666449
0.0067050523
0.0067503023
0.0068038722
0.0068680525
0.0069460688
1.0398781e-13
1.9853543e-11
5.0598507e-10
4.8541195e-09
2.7398662e-08
1.1038752e-07
3.4670408e-07
8.8533659e-07
1.8881472e-06
3.4601048e-06
5.6249757e-06
8.3357579e-06
1.1459809e-05
1.4776471e-05
1.8029636e-05
2.0993176e-05
2.3390107e-05
2.5430925e-05
2.6704211e-05
2.7270491e-05
2.7110941e-05
2.630138e-05
2.5087906e-05
2.3893961e-05
2.3341537e-05
2.4190381e-05
2.7129576e-05
3.2439352e-05
4.0323899e-05
5.0177864e-05
6.0524642e-05
7.055195e-05
8.0245756e-05
8.9885827e-05
9.9836315e-05
0.00011046984
0.00012215012
0.00013521986
0.00014995946
0.00014261033
0.00013642061
0.00013207946
0.00012796303
0.00012380372
0.00011981039
0.00011612034
0.00011277065
0.0001098278
0.00010738242
0.00010558003
0.00010454129
0.0001043956
0.00010534721
0.00010757401
0.00011161506
0.00011774404
0.00012625515
0.00013746338
0.00015181892
0.0001698578
0.00019221647
0.00021964254
0.0002530096
0.00029333647
0.00034181313
0.00039983499
0.0004690445
0.00055137032
0.00064905704
0.00076558582
0.00090477008
0.0010710345
0.0012697406
0.001507377
0.0017917914
0.0021324671
0.0025408926
0.0030312198
0.00362174
0.0043370045
0.0052051292
0.0062386182
0.0063969032
0.0063939584
0.0063923717
0.0063917001
0.0063916904
0.0063922215
0.0063932256
0.0063946613
0.0063964946
0.0063987046
0.0064012819
0.0064042274
0.0064075519
0.006411275
0.0064154246
0.0064200368
0.0064251559
0.0064308346
0.0064371351
0.0064441297
0.0064519025
0.0064605509
0.0064701886
0.0064809478
0.0064929839
0.0065064798
0.0065216527
0.0065387623
0.006558122
0.0065801133
0.0066052061
0.006633986
0.0066671937
0.0067057805
0.0067509913
0.0068044888
0.006868549
0.0069463744
1.1005311e-13
2.1009221e-11
5.3529517e-10
5.1319834e-09
2.8918794e-08
1.1607911e-07
3.6210033e-07
9.1517395e-07
1.9266257e-06
3.4812526e-06
5.5807512e-06
8.1569327e-06
1.1055298e-05
1.4041649e-05
1.6865959e-05
1.9323121e-05
2.1267425e-05
2.2602566e-05
2.3282803e-05
2.3312967e-05
2.2775591e-05
2.1908729e-05
2.1111895e-05
2.0959399e-05
2.2144398e-05
2.5273278e-05
3.0547185e-05
3.803647e-05
4.7274383e-05
5.7043222e-05
6.6517879e-05
7.5615089e-05
8.4566005e-05
9.3698367e-05
0.00010335238
0.00011385486
0.00012553188
0.00013398083
0.00012742308
0.0001223001
0.00011840233
0.00011463471
0.0001108996
0.00010735267
0.00010408791
0.00010118538
9.8672045e-05
9.6626317e-05
9.5137844e-05
9.4356928e-05
9.4399661e-05
9.5398736e-05
9.7564656e-05
0.00010134862
0.00010698575
0.00011472425
0.00012483469
0.00013770698
0.00015380229
0.00017366915
0.00019795058
0.00022739794
0.00026288806
0.00030544491
0.00035626684
0.00041676141
0.00048859006
0.00057371822
0.0006744664
0.00079444207
0.00093740867
0.0011078441
0.001311173
0.0015539589
0.0018441459
0.0021913419
0.0026071563
0.0031056669
0.0037045609
0.0044275341
0.0053047821
0.0063607743
0.0063964783
0.0063937283
0.0063922641
0.0063916871
0.0063917459
0.006392329
0.0063933786
0.0063948499
0.0063967121
0.0063989461
0.0064015443
0.0064045089
0.0064078514
0.0064115922
0.0064157596
0.0064203901
0.0064255282
0.0064312268
0.0064375482
0.0064445648
0.0064523607
0.0064610334
0.0064706963
0.0064814816
0.0064935445
0.0065070675
0.0065222674
0.0065394033
0.0065587875
0.0065808003
0.0066059098
0.0066346994
0.0066679062
0.0067064771
0.00675165
0.0068050782
0.0068690232
0.0069466661
1.1387637e-13
2.1734749e-11
5.5358447e-10
5.3031606e-09
2.982559e-08
1.192172e-07
3.6909369e-07
9.224463e-07
1.9149872e-06
3.4080966e-06
5.3807466e-06
7.7450191e-06
1.0329484e-05
1.2897858e-05
1.5219972e-05
1.7122551e-05
1.8495947e-05
1.9288424e-05
1.9503318e-05
1.9232883e-05
1.8714365e-05
1.8328732e-05
1.8609488e-05
2.0186293e-05
2.3610648e-05
2.9007257e-05
3.6267831e-05
4.4996598e-05
5.422202e-05
6.3160048e-05
7.1693378e-05
8.0013453e-05
8.8408151e-05
9.7194386e-05
0.00010667186
0.00011711774
0.00011861338
0.00011304225
0.00010890713
0.00010545148
0.00010204625
9.874074e-05
9.5658433e-05
9.284425e-05
9.0353119e-05
8.8272694e-05
8.6618392e-05
8.5481703e-05
8.4949514e-05
8.5178874e-05
8.627714e-05
8.8411199e-05
9.2025056e-05
9.7279136e-05
0.0001043793
0.00011357106
0.00012518759
0.00013962823
0.00015736561
0.0001789535
0.00020503826
0.0002363741
0.00027384237
0.00031847523
0.00037148296
0.00043428756
0.00050856627
0.00059630868
0.00070001221
0.0008232681
0.00096984392
0.0011442706
0.0013520316
0.001599761
0.001895491
0.0022489466
0.0026718839
0.0031784682
0.0037860875
0.0045172279
0.0054005136
0.0064002956
0.0063960938
0.0063935198
0.0063921715
0.0063916733
0.0063917973
0.0063924342
0.0063935263
0.0063950312
0.0063969205
0.0063991772
0.0064017953
0.006404778
0.0064081378
0.0064118955
0.00641608
0.006420728
0.0064258842
0.0064316019
0.0064379434
0.0064449811
0.0064527991
0.0064614949
0.006471182
0.0064819923
0.0064940808
0.0065076297
0.0065228554
0.0065400162
0.0065594238
0.006581457
0.0066065824
0.006635381
0.0066685869
0.0067071422
0.0067522787
0.0068056403
0.0068694752
0.0069469441
1.1326726e-13
2.1611945e-11
5.5019149e-10
5.2654238e-09
2.954491e-08
1.1752851e-07
3.6081852e-07
8.9082747e-07
1.8219349e-06
3.1906636e-06
4.9565163e-06
7.0188743e-06
9.2020164e-06
1.1286026e-05
1.3077439e-05
1.4447264e-05
1.5334499e-05
1.5735843e-05
1.5735738e-05
1.5573952e-05
1.561359e-05
1.6354715e-05
1.8363246e-05
2.2086398e-05
2.775516e-05
3.5015233e-05
4.3300593e-05
5.1998168e-05
6.0406682e-05
6.8399952e-05
7.6134325e-05
8.3861036e-05
9.1857804e-05
0.00010041965
0.00010980447
0.000104389
9.9668184e-05
9.6369641e-05
9.3336907e-05
9.0308071e-05
8.743284e-05
8.480074e-05
8.243909e-05
8.037306e-05
7.8662962e-05
7.7402862e-05
7.6592514e-05
7.6342062e-05
7.6732639e-05
7.7935357e-05
8.0116756e-05
8.3576281e-05
8.8543117e-05
9.5111117e-05
0.00010352205
0.00011406831
0.00012709036
0.00014299746
0.00016226681
0.00018545498
0.00021321101
0.0002462933
0.00028559014
0.00033214457
0.00038718178
0.00045214076
0.00052871338
0.00061889874
0.00072543429
0.00085180467
0.0010018167
0.0011800532
0.0013920534
0.0016445173
0.0019455591
0.0023050099
0.002734766
0.0032491529
0.0038655864
0.0046059509
0.0054963735
0.0063997526
0.0063957437
0.0063933285
0.0063920881
0.0063916661
0.006391849
0.0063925367
0.0063936685
0.0063952047
0.0063971195
0.0063993977
0.0064020346
0.0064050345
0.0064084107
0.0064121846
0.0064163854
0.0064210502
0.0064262239
0.0064319598
0.0064383204
0.0064453782
0.0064532174
0.0064619354
0.0064716455
0.0064824797
0.0064945926
0.0065081663
0.0065234165
0.0065406011
0.0065600308
0.0065820834
0.0066072238
0.0066360309
0.0066692356
0.0067077759
0.0067528775
0.0068061756
0.0068699054
0.0069472085
1.0577802e-13
2.0174845e-11
5.1328987e-10
4.9059293e-09
2.7448198e-08
1.0855551e-07
3.3002864e-07
8.0381257e-07
1.6179159e-06
2.7865404e-06
4.2591193e-06
5.9366057e-06
7.6591649e-06
9.2455717e-06
1.05566e-05
1.1517127e-05
1.2099613e-05
1.2377249e-05
1.2580828e-05
1.305483e-05
1.4258148e-05
1.6721436e-05
2.0802761e-05
2.671332e-05
3.4050027e-05
4.2051014e-05
5.0256692e-05
5.8165445e-05
6.5652547e-05
7.2843729e-05
7.995621e-05
8.724379e-05
9.4951599e-05
9.5621137e-05
9.1020636e-05
8.7615707e-05
8.4855381e-05
8.2161875e-05
7.9518547e-05
7.7062331e-05
7.4858069e-05
7.2916446e-05
7.12624e-05
6.9926914e-05
6.8972607e-05
6.8501214e-05
6.8497205e-05
6.9093805e-05
7.0359935e-05
7.2598334e-05
7.59882e-05
8.0687252e-05
8.6814325e-05
9.4561825e-05
0.0001041818
0.00011597808
0.00013030137
0.00014756329
0.0001682437
0.00019290192
0.00022219111
0.00025687594
0.00029785375
0.00034617992
0.00040309599
0.00047006062
0.0005487844
0.00064127731
0.00075048577
0.00087980394
0.001033078
0.0012149412
0.0014309847
0.0016879712
0.0019940903
0.0023592712
0.0027955386
0.0033173767
0.0039423636
0.0046923528
0.0055919206
0.0063992435
0.0063954235
0.006393151
0.0063920096
0.0063916583
0.006391901
0.006392636
0.0063938047
0.0063953702
0.0063973089
0.0063996074
0.0064022621
0.0064052784
0.0064086703
0.0064124595
0.0064166759
0.0064213566
0.0064265469
0.0064323003
0.0064386792
0.0064457563
0.0064536156
0.0064623548
0.0064720868
0.0064829438
0.0064950799
0.0065086771
0.0065239506
0.0065411578
0.0065606085
0.0065826795
0.0066078341
0.006636649
0.0066698525
0.0067083783
0.0067534465
0.0068066839
0.0068703138
0.0069474593
9.1459987e-14
1.74354e-11
4.4323852e-10
4.229069e-09
2.3568634e-08
9.2492816e-08
2.7770253e-07
6.653876e-07
1.3155159e-06
2.2269804e-06
3.3522956e-06
4.6106435e-06
5.8790312e-06
7.0334092e-06
8.0010728e-06
8.7535828e-06
9.3013015e-06
9.8619534e-06
1.0752185e-05
1.2409621e-05
1.5239217e-05
1.9746267e-05
2.6035786e-05
3.3399861e-05
4.1188278e-05
4.8934907e-05
5.6379246e-05
6.3392964e-05
7.0074118e-05
7.6612713e-05
8.3234302e-05
8.723961e-05
8.2777459e-05
7.9265484e-05
7.6713891e-05
7.4334878e-05
7.197426e-05
6.9736254e-05
6.7685259e-05
6.5866609e-05
6.4307727e-05
6.3020739e-05
6.2039633e-05
6.139508e-05
6.1155016e-05
6.1426647e-05
6.2179889e-05
6.3577396e-05
6.5835424e-05
6.9190959e-05
7.3665159e-05
7.939538e-05
8.6563638e-05
9.5380317e-05
0.00010610751
0.00011904988
0.00013456251
0.00015305955
0.00017502381
0.00020101881
0.00023170372
0.0002678512
0.00031036879
0.00036032427
0.00041897502
0.00048780029
0.00056853544
0.00066321041
0.00077493285
0.00090703122
0.0010633915
0.0012486943
0.0014685822
0.0017298756
0.0020408337
0.0024114771
0.0028539492
0.0033828779
0.0040160118
0.0047753364
0.0056844778
0.0063987739
0.006395129
0.006392985
0.0063919332
0.0063916537
0.0063919528
0.0063927315
0.0063939345
0.0063955274
0.0063974885
0.006399806
0.0064024776
0.0064055094
0.0064089161
0.0064127201
0.0064169512
0.0064216472
0.0064268534
0.0064326233
0.0064390196
0.006446115
0.0064539936
0.0064627528
0.0064725058
0.0064833843
0.0064955426
0.0065091621
0.0065244578
0.0065416864
0.0065611569
0.0065832452
0.0066084132
0.0066372355
0.0066704376
0.0067089496
0.0067539858
0.0068071657
0.0068707007
0.0069476968
7.4963988e-14
1.4286228e-11
3.628866e-10
3.4544903e-09
1.9142954e-08
7.4286011e-08
2.1917954e-07
5.1397917e-07
9.9433653e-07
1.6519453e-06
2.4515904e-06
3.3402525e-06
4.2448514e-06
5.1136351e-06
5.94314e-06
6.7046052e-06
7.565532e-06
8.8238296e-06
1.0832458e-05
1.4142465e-05
1.9145855e-05
2.5524589e-05
3.2817517e-05
4.0437373e-05
4.7912749e-05
5.4979949e-05
6.1569558e-05
6.776417e-05
7.3748118e-05
7.9287787e-05
7.4921597e-05
7.1383836e-05
6.9028091e-05
6.6949707e-05
6.4851389e-05
6.2820232e-05
6.0962063e-05
5.9298832e-05
5.7828026e-05
5.6598585e-05
5.564013e-05
5.4967279e-05
5.4618614e-05
5.4617067e-05
5.5047668e-05
5.6019857e-05
5.746576e-05
5.9837205e-05
6.3115725e-05
6.7391326e-05
7.2779333e-05
7.9427265e-05
8.7532486e-05
9.7317255e-05
0.00010904471
0.00012302188
0.00013960648
0.00015921569
0.00018233644
0.00020953799
0.00024148687
0.00027896465
0.00032288917
0.00037433986
0.0004345879
0.00050513105
0.00058773339
0.00068447726
0.00079855598
0.00093326554
0.0010925322
0.0012810835
0.0015046122
0.001769993
0.0020855494
0.0024613833
0.002909748
0.0034454091
0.0040862669
0.0048544283
0.0057727529
0.0063983436
0.0063948576
0.0063928283
0.0063918648
0.0063916527
0.0063920037
0.0063928229
0.0063940576
0.0063956759
0.006397658
0.0063999934
0.0064026809
0.0064057275
0.0064091483
0.0064129661
0.0064172114
0.0064219219
0.0064271431
0.0064329288
0.0064393416
0.0064464544
0.0064543512
0.0064631295
0.0064729023
0.0064838013
0.0064959805
0.0065096212
0.0065249378
0.0065421866
0.006561676
0.0065837807
0.0066089612
0.0066377904
0.0066709911
0.0067094897
0.0067544957
0.0068076209
0.0068710661
0.006947921
6.2419834e-14
1.1896552e-11
3.0198375e-10
2.8660928e-09
1.5751922e-08
6.0139784e-08
1.7318152e-07
3.9479095e-07
7.4370974e-07
1.1981882e-06
1.7779943e-06
2.4160157e-06
3.0987744e-06
3.8398147e-06
4.719277e-06
5.7933218e-06
7.3069242e-06
9.7066353e-06
1.3496356e-05
1.8732841e-05
2.5236717e-05
3.2524553e-05
4.0024255e-05
4.7269507e-05
5.4002394e-05
6.0168028e-05
6.5867043e-05
7.127747e-05
6.7450072e-05
6.4024026e-05
6.1831572e-05
6.0009393e-05
5.8183552e-05
5.6372973e-05
5.4676567e-05
5.3159764e-05
5.1836169e-05
5.0704361e-05
4.9770817e-05
4.9096109e-05
4.8695384e-05
4.8591747e-05
4.8841033e-05
4.9436532e-05
5.0462968e-05
5.210843e-05
5.4505683e-05
5.7717852e-05
6.1804625e-05
6.6866733e-05
7.304982e-05
8.051662e-05
8.9461062e-05
0.0001001102
0.00011272947
0.00012762835
0.00014516771
0.00016576878
0.00018992382
0.00021820875
0.00025129802
0.00028998225
0.00033518926
0.00038800917
0.00044972458
0.00052184606
0.00060615408
0.00070487274
0.00082115028
0.00095830026
0.0011202898
0.0013118925
0.0015388519
0.0018080965
0.0021280076
0.0025087577
0.0029626986
0.0035047253
0.0041528841
0.0049293814
0.0058564229
0.0063979508
0.0063946074
0.0063926867
0.006391805
0.0063916545
0.0063920532
0.0063929095
0.0063941736
0.0063958156
0.0063978173
0.0064001695
0.0064028719
0.0064059324
0.0064093665
0.0064131976
0.0064174562
0.0064221804
0.0064274159
0.0064332165
0.0064396451
0.0064467743
0.0064546884
0.0064634847
0.0064732763
0.0064841947
0.0064963937
0.0065100543
0.0065253907
0.0065426586
0.0065621657
0.0065842857
0.006609478
0.0066383136
0.0066715129
0.006709999
0.0067549762
0.0068080498
0.0068714103
0.0069481322
5.6997385e-14
1.0868698e-11
2.757373e-10
2.6060858e-09
1.4154281e-08
5.2838375e-08
1.4742761e-07
3.2469082e-07
5.772843e-07
9.1439731e-07
1.3946997e-06
1.9429354e-06
2.5831593e-06
3.3978954e-06
4.5499579e-06
6.3172569e-06
9.0691754e-06
1.3145846e-05
1.8660588e-05
2.5358536e-05
3.2703908e-05
4.0100531e-05
4.7091731e-05
5.3442446e-05
5.9134515e-05
6.4278686e-05
6.0419705e-05
5.7134029e-05
5.5130764e-05
5.3534178e-05
5.1939915e-05
5.0347096e-05
4.8851108e-05
4.7495974e-05
4.6291074e-05
4.5269093e-05
4.4432739e-05
4.3788922e-05
4.3354057e-05
4.3206197e-05
4.3330029e-05
4.3732057e-05
4.4497191e-05
4.5644503e-05
4.7385235e-05
4.9805718e-05
5.292663e-05
5.6817465e-05
6.1581264e-05
6.7335439e-05
7.4221773e-05
8.2407891e-05
9.2090465e-05
0.00010349931
0.00011690249
0.00013261256
0.00015099428
0.00017247371
0.00019754891
0.00022680259
0.00026091708
0.00030069174
0.00034706398
0.00040113405
0.00046419501
0.00053776833
0.00062364668
0.00072420759
0.00084252576
0.00098194389
0.0011464689
0.0013409194
0.0015710912
0.0018439679
0.0021679863
0.0025533805
0.0030125815
0.0035605993
0.0042156238
0.0049999555
0.0059352596
0.0063975939
0.0063943814
0.00639256
0.0063917526
0.0063916583
0.0063921006
0.006392991
0.0063942822
0.0063959462
0.0063979661
0.006400334
0.0064030505
0.006406124
0.0064095707
0.0064134143
0.0064176855
0.0064224227
0.0064276717
0.0064334865
0.0064399299
0.0064470747
0.0064550051
0.0064638184
0.0064736277
0.0064845643
0.006496782
0.0065104614
0.0065258164
0.0065431023
0.006562626
0.0065847605
0.0066099638
0.0066388054
0.0066720032
0.0067104773
0.0067554275
0.0068084524
0.0068717333
0.0069483302
6.0330906e-14
1.1511723e-11
2.9177648e-10
2.7408993e-09
1.4649269e-08
5.3181551e-08
1.4324535e-07
3.0489453e-07
5.1413185e-07
8.0413231e-07
1.2161718e-06
1.7971302e-06
2.6728956e-06
3.9292185e-06
5.8431802e-06
8.8338826e-06
1.3227336e-05
1.9063594e-05
2.5989924e-05
3.3390721e-05
4.0640683e-05
4.7301101e-05
5.3189852e-05
5.7961595e-05
5.3843717e-05
5.0716068e-05
4.8918107e-05
4.7543973e-05
4.6169261e-05
4.4775328e-05
4.3459845e-05
4.2275698e-05
4.1229738e-05
4.0319338e-05
3.9557649e-05
3.8998158e-05
3.8626843e-05
3.8440129e-05
3.8438462e-05
3.8725398e-05
3.9294242e-05
4.0200403e-05
4.145052e-05
4.3262678e-05
4.5650849e-05
4.8662927e-05
5.2365783e-05
5.6842065e-05
6.2193957e-05
6.8544092e-05
7.6037832e-05
8.4845793e-05
9.5167241e-05
0.00010723462
0.00012131901
0.0001377366
0.00015685635
0.00017910928
0.00020499914
0.00023511518
0.00027014708
0.00031090253
0.00035832809
0.00041353382
0.00047782301
0.00055272761
0.00064005186
0.00074230824
0.00086250791
0.0010040206
0.00117089
0.0013679784
0.0016011344
0.0018774001
0.0022052713
0.0025950372
0.0030591897
0.0036128273
0.004274269
0.0050659163
0.0060090277
0.0063972726
0.0063941785
0.006392447
0.0063917068
0.0063916634
0.0063921453
0.0063930671
0.0063943832
0.0063960674
0.0063981043
0.0064004869
0.0064032165
0.0064063023
0.0064097609
0.0064136161
0.0064178993
0.0064226488
0.0064279105
0.0064337386
0.0064401959
0.0064473554
0.0064553011
0.0064641305
0.0064739564
0.0064849102
0.0064971454
0.0065108424
0.0065262149
0.0065435176
0.0065630569
0.0065852049
0.0066104185
0.0066392656
0.0066724621
0.0067109248
0.0067558496
0.006808829
0.0068720353
0.0069485153
7.2157809e-14
1.3770487e-11
3.4830919e-10
3.2438999e-09
1.7002061e-08
5.9935689e-08
1.5655517e-07
3.2380724e-07
5.4091579e-07
8.6450967e-07
1.3710812e-06
2.2409475e-06
3.5720253e-06
5.630963e-06
8.8873169e-06
1.3644917e-05
1.9847598e-05
2.7013761e-05
3.4435055e-05
4.1466393e-05
4.7706945e-05
5.164844e-05
4.7759435e-05
4.4879115e-05
4.3256331e-05
4.2058375e-05
4.0885875e-05
3.9692355e-05
3.8549249e-05
3.7523492e-05
3.6636883e-05
3.5881854e-05
3.5254547e-05
3.4750726e-05
3.4373122e-05
3.418831e-05
3.4181317e-05
3.437671e-05
3.4806985e-05
3.5502216e-05
3.6480199e-05
3.780738e-05
3.9628218e-05
4.1968616e-05
4.4865728e-05
4.8375679e-05
5.2570404e-05
5.7538541e-05
6.3386917e-05
7.024185e-05
7.8251421e-05
8.758872e-05
9.8455619e-05
0.0001110874
0.00012575836
0.00014278832
0.00016255045
0.00018548043
0.00021208727
0.00024296622
0.00027881368
0.00032044508
0.00036881569
0.00042504527
0.00049044748
0.00056656455
0.00065521121
0.0007590162
0.00088093791
0.0010243706
0.0011933912
0.0013929029
0.0016288052
0.0019082025
0.0022396567
0.0026335168
0.0031023229
0.0036612272
0.004328639
0.005127062
0.0060775048
0.006396985
0.0063939971
0.0063923463
0.0063916664
0.006391669
0.006392187
0.0063931372
0.0063944761
0.0063961791
0.0063982316
0.0064006278
0.0064033698
0.0064064671
0.0064099368
0.0064138031
0.0064180974
0.0064228584
0.0064281321
0.0064339727
0.0064404432
0.0064476164
0.0064555765
0.0064644209
0.0064742624
0.0064852322
0.0064974838
0.0065111973
0.0065265861
0.0065439045
0.0065634583
0.0065856189
0.0066108421
0.0066396943
0.0066728894
0.0067113416
0.0067562427
0.0068091796
0.0068723164
0.0069486876
9.0396587e-14
1.7244554e-11
4.3479611e-10
4.0066648e-09
2.0573608e-08
7.0735282e-08
1.8152854e-07
3.7323436e-07
6.539281e-07
1.1267902e-06
1.9816574e-06
3.295351e-06
5.5013673e-06
9.048787e-06
1.4209071e-05
2.0800477e-05
2.8187765e-05
3.5574595e-05
4.230632e-05
4.5747496e-05
4.2261774e-05
3.9686657e-05
3.8226811e-05
3.7169572e-05
3.616667e-05
3.5165524e-05
3.4219883e-05
3.3365272e-05
3.2597856e-05
3.1936441e-05
3.1391669e-05
3.0957673e-05
3.0646415e-05
3.0475582e-05
3.0464283e-05
3.0627188e-05
3.0972485e-05
3.151106e-05
3.2258803e-05
3.3251877e-05
3.4621373e-05
3.6432028e-05
3.8703386e-05
4.1468849e-05
4.4777017e-05
4.8690908e-05
5.3288226e-05
5.8661958e-05
6.4921923e-05
7.2196961e-05
8.0637539e-05
9.0419133e-05
0.00010174616
0.00011485672
0.00013002816
0.00014758372
0.00016790039
0.00019141808
0.00021865056
0.0002501984
0.00028676412
0.0003291702
0.00037838013
0.00043552319
0.00050192358
0.00057913466
0.00066898163
0.00077418802
0.00089767193
0.00104285
0.0012138282
0.0014155449
0.0016539485
0.0019362052
0.0022709509
0.0026686084
0.003141772
0.0037056208
0.0043785894
0.0051832405
0.0061404917
0.0063967288
0.0063938355
0.0063922566
0.0063916307
0.0063916746
0.006392225
0.006393201
0.0063945609
0.0063962809
0.0063983479
0.0064007568
0.0064035102
0.0064066182
0.0064100983
0.006413975
0.0064182798
0.0064230516
0.0064283365
0.0064341888
0.0064406716
0.0064478576
0.0064558311
0.0064646896
0.0064745456
0.0064855304
0.0064977972
0.006511526
0.00652693
0.006544263
0.0065638303
0.0065860026
0.0066112346
0.0066400916
0.0066732855
0.0067117278
0.0067566069
0.0068095043
0.0068725767
0.006948847
1.1408303e-13
2.1748081e-11
5.462854e-10
4.9801271e-09
2.5143108e-08
8.527675e-08
2.193829e-07
4.7029275e-07
9.0547442e-07
1.6569452e-06
2.9828731e-06
5.3092836e-06
9.1273156e-06
1.4668578e-05
2.1612757e-05
2.9164773e-05
3.64405e-05
4.0304262e-05
3.7433392e-05
3.5224197e-05
3.3946099e-05
3.300025e-05
3.2110251e-05
3.1240122e-05
3.0422415e-05
2.9687692e-05
2.9044288e-05
2.8492455e-05
2.8036671e-05
2.768394e-05
2.7438929e-05
2.7305837e-05
2.7292227e-05
2.7408354e-05
2.766688e-05
2.8084105e-05
2.8678986e-05
2.9471266e-05
3.0472628e-05
3.1848783e-05
3.3616932e-05
3.5792774e-05
3.8406661e-05
4.1501704e-05
4.5133246e-05
4.9369031e-05
5.4290034e-05
5.9991856e-05
6.6586622e-05
7.4205294e-05
8.300048e-05
9.3149841e-05
0.00010486012
0.00011837193
0.00013396539
0.00015196677
0.00017275644
0.00019677805
0.00022454964
0.00025667653
0.00029386673
0.00033694901
0.00038689434
0.00044484085
0.0005121235
0.00059030853
0.0006812364
0.00078769642
0.00091258206
0.0010593305
0.0012320725
0.0014357773
0.0016764345
0.0019612671
0.0022989878
0.0027001116
0.0031773145
0.0037458091
0.0044239903
0.0052343652
0.0061978402
0.0063965018
0.006393692
0.0063921767
0.0063915987
0.0063916794
0.006392259
0.0063932583
0.006394637
0.0063963727
0.006398453
0.0064008736
0.0064036376
0.0064067556
0.0064102454
0.0064141317
0.0064184464
0.0064232282
0.0064285236
0.0064343868
0.006440881
0.0064480789
0.006456065
0.0064649364
0.0064748059
0.0064858046
0.0064980855
0.0065118286
0.0065272466
0.0065445931
0.0065641729
0.006586356
0.0066115962
0.0066404575
0.0066736502
0.0067120834
0.0067569422
0.0068098033
0.0068728163
0.0069489938
1.437859e-13
2.739066e-11
6.8569682e-10
6.2013459e-09
3.105922e-08
1.056543e-07
2.7834678e-07
6.264879e-07
1.2949895e-06
2.5665341e-06
4.9143218e-06
8.8761229e-06
1.4652476e-05
2.1799811e-05
2.9441645e-05
3.5222573e-05
3.3185648e-05
3.1389756e-05
3.0306947e-05
2.9477095e-05
2.8704411e-05
2.7952326e-05
2.7247561e-05
2.6617299e-05
2.6070094e-05
2.5605728e-05
2.5224115e-05
2.4927044e-05
2.4717654e-05
2.4600544e-05
2.4582091e-05
2.4669892e-05
2.4872966e-05
2.5202367e-05
2.5671133e-05
2.6294434e-05
2.7091242e-05
2.8089783e-05
2.9431341e-05
3.1121683e-05
3.3174944e-05
3.5618137e-05
3.8488979e-05
4.1835668e-05
4.5717133e-05
5.020386e-05
5.5379103e-05
6.134047e-05
6.8201918e-05
7.6096188e-05
8.5177701e-05
9.5625993e-05
0.00010764983
0.00012149199
0.000137435
0.00015580777
0.00017699361
0.00020143952
0.00022966726
0.00026228647
0.00030001001
0.00034367225
0.00039425066
0.00045289124
0.00052093847
0.00059997042
0.0006918662
0.00079943132
0.00092555756
0.001073701
0.0012480142
0.0014534926
0.001696158
0.0019832808
0.0023236441
0.0027278619
0.0032087287
0.0037815473
0.0044646743
0.0052804
0.0062494753
0.0063963021
0.0063935653
0.0063921057
0.0063915697
0.006391683
0.0063922885
0.0063933087
0.0063947044
0.0063964543
0.0063985468
0.0064009781
0.0064037519
0.0064068791
0.0064103779
0.0064142732
0.006418597
0.0064233882
0.0064286932
0.0064345666
0.0064410713
0.0064482804
0.006456278
0.0064651614
0.0064750434
0.0064860549
0.0064983488
0.006512105
0.0065275359
0.0065448948
0.0065644861
0.006586679
0.0066119268
0.0066407921
0.0066739837
0.0067124086
0.0067572488
0.0068100766
0.0068730353
0.006949128
1.8236671e-13
3.4722787e-11
8.6793197e-10
7.8386426e-09
3.9491258e-08
1.3737123e-07
3.779778e-07
9.0554381e-07
2.0097359e-06
4.1886099e-06
8.0137562e-06
1.3697743e-05
2.0753201e-05
2.8220544e-05
2.9202214e-05
2.8104933e-05
2.7300014e-05
2.6651895e-05
2.6012467e-05
2.5366746e-05
2.4746027e-05
2.4182174e-05
2.3690589e-05
2.3274629e-05
2.2934237e-05
2.2669751e-05
2.2482537e-05
2.2375017e-05
2.2350831e-05
2.2414788e-05
2.2572915e-05
2.2832633e-05
2.320291e-05
2.3694344e-05
2.4319096e-05
2.5090879e-05
2.6047273e-05
2.7313339e-05
2.8893378e-05
3.0799235e-05
3.3053974e-05
3.5690039e-05
3.8749081e-05
4.2282213e-05
4.6350683e-05
5.1026877e-05
5.6395679e-05
6.2556197e-05
6.9623823e-05
7.7732726e-05
8.7038797e-05
9.7723142e-05
0.00010999621
0.00012410263
0.00014032695
0.00015900037
0.00018050878
0.0002053021
0.00023390544
0.00026693223
0.00030509973
0.00034924737
0.00040035845
0.00045958561
0.00052828083
0.00060803111
0.00070077536
0.00080929629
0.00093650053
0.0010858623
0.0012615546
0.0014685941
0.0017130294
0.0020021653
0.0023448369
0.0027517462
0.0032358254
0.0038125489
0.0045003527
0.0053212463
0.0062954235
0.0063961278
0.0063934541
0.0063920425
0.0063915431
0.0063916848
0.0063923131
0.0063933518
0.0063947628
0.0063965255
0.0063986289
0.00640107
0.0064038528
0.0064069886
0.0064104957
0.0064143993
0.0064187315
0.0064235313
0.0064288454
0.0064347281
0.0064412426
0.0064484618
0.0064564701
0.0064653646
0.0064752579
0.0064862811
0.006498587
0.0065123552
0.0065277979
0.0065451682
0.0065647699
0.0065869719
0.0066122265
0.0066410954
0.0066742861
0.0067127035
0.0067575267
0.0068103244
0.0068732339
0.0069492496
2.3109149e-13
4.3994765e-11
1.1008938e-09
1.0001791e-08
5.1275259e-08
1.8433857e-07
5.3087921e-07
1.3324287e-06
3.0315131e-06
6.2341717e-06
1.1333638e-05
1.804038e-05
2.5206762e-05
2.5062176e-05
2.4681874e-05
2.4412922e-05
2.4005934e-05
2.3499779e-05
2.296189e-05
2.2442206e-05
2.1973794e-05
2.1571866e-05
2.1240542e-05
2.098007e-05
2.0790281e-05
2.0671735e-05
2.0626032e-05
2.0655814e-05
2.0764742e-05
2.0957509e-05
2.123993e-05
2.1619133e-05
2.2103757e-05
2.2704267e-05
2.3433557e-05
2.4308315e-05
2.5459598e-05
2.6898254e-05
2.8632834e-05
3.0682029e-05
3.3073058e-05
3.5841484e-05
3.9031297e-05
4.2695437e-05
4.6896624e-05
5.1708513e-05
5.7217152e-05
6.3522739e-05
7.0741749e-05
7.9009464e-05
8.8482952e-05
9.9344587e-05
0.00011180619
0.00012611391
0.00014255403
0.0001614597
0.00018321903
0.00020828448
0.0002371841
0.00027053472
0.00030905755
0.00035359665
0.00040514042
0.00046484773
0.00053407792
0.00061442614
0.00070787967
0.0008172045
0.00094532183
0.0010957236
0.0012726006
0.0014809896
0.0017269615
0.0020178456
0.0023625105
0.0027717146
0.0032585024
0.0038385559
0.0045305709
0.0053565455
0.0063359474
0.0063959773
0.0063933572
0.0063919864
0.0063915181
0.0063916843
0.0063923324
0.0063933873
0.0063948118
0.006396586
0.0063986994
0.0064011493
0.0064039403
0.0064070839
0.0064105987
0.0064145099
0.0064188498
0.0064236576
0.0064289799
0.0064348712
0.0064413947
0.0064486232
0.0064566412
0.0064655458
0.0064754495
0.0064864834
0.0064988002
0.0065125792
0.0065280326
0.0065454132
0.0065650244
0.0065872346
0.0066124954
0.0066413676
0.0066745574
0.006712968
0.0067577761
0.0068105467
0.006873412
0.0069493587
2.7806727e-13
5.2881453e-11
1.3226492e-09
1.2090779e-08
6.3143761e-08
2.340061e-07
6.9744115e-07
1.7938397e-06
4.0791104e-06
8.1326952e-06
1.4053543e-05
2.1175905e-05
2.2186516e-05
2.236876e-05
2.2462878e-05
2.2287084e-05
2.1924816e-05
2.148185e-05
2.1027889e-05
2.0608195e-05
2.0246278e-05
1.9950508e-05
1.9722283e-05
1.9561162e-05
1.9467012e-05
1.9440635e-05
1.9483862e-05
1.9599472e-05
1.9791147e-05
2.0063485e-05
2.0422082e-05
2.0873621e-05
2.1425889e-05
2.2087926e-05
2.2870783e-05
2.3866519e-05
2.5130938e-05
2.6669406e-05
2.8495325e-05
3.0630481e-05
3.3104426e-05
3.5954438e-05
3.9225838e-05
4.2972642e-05
4.7258495e-05
5.2157887e-05
5.7757645e-05
6.4158741e-05
7.1478454e-05
7.9852907e-05
8.9440075e-05
0.00010042332
0.00011301558
0.00012746427
0.00014405707
0.00016312877
0.00018506933
0.00021033341
0.00023945161
0.00027304371
0.00031183438
0.0003566717
0.00040854902
0.00046863086
0.00053828286
0.00061910813
0.00071312915
0.00082310385
0.00095196784
0.0011032287
0.0012810943
0.001490621
0.001737899
0.0020302785
0.0023766489
0.0027877942
0.0032768124
0.0038595255
0.0045549348
0.0053855762
0.0063713978
0.0063958493
0.0063932736
0.0063919364
0.0063914941
0.006391681
0.0063923461
0.0063934151
0.0063948514
0.0063966356
0.0063987578
0.0064012158
0.0064040142
0.0064071649
0.0064106866
0.0064146048
0.0064189518
0.0064237669
0.0064290967
0.0064349959
0.0064415274
0.0064487645
0.0064567913
0.006465705
0.0064756182
0.0064866617
0.0064989882
0.006512777
0.0065282401
0.0065456299
0.0065652496
0.0065874671
0.0066127335
0.0066416088
0.0066747979
0.0067132025
0.0067579972
0.0068107438
0.0068735699
0.0069494554
2.9743967e-13
5.6548584e-11
1.4170515e-09
1.3088039e-08
6.9841204e-08
2.6621857e-07
8.1341343e-07
2.1148505e-06
4.7655843e-06
9.2647518e-06
1.5510834e-05
2.0058571e-05
2.0792761e-05
2.122475e-05
2.1392026e-05
2.1241084e-05
2.09104e-05
2.0507106e-05
2.0099622e-05
1.9730366e-05
1.9419494e-05
1.9173431e-05
1.8992932e-05
1.8877491e-05
1.8827096e-05
1.8842681e-05
1.8926181e-05
1.9080456e-05
1.9309257e-05
1.9617218e-05
2.0009939e-05
2.0494066e-05
2.1077275e-05
2.1768337e-05
2.2577917e-05
2.3629396e-05
2.4942129e-05
2.6523444e-05
2.8388898e-05
3.0561669e-05
3.3072394e-05
3.5959172e-05
3.9267997e-05
4.3053469e-05
4.737976e-05
5.2321858e-05
5.7967089e-05
6.4416951e-05
7.1789284e-05
8.0220816e-05
8.9870207e-05
0.0001009216
0.00011358879
0.0001281202
0.00014480466
0.0001639783
0.00018603267
0.00021142427
0.00024068582
0.00027443967
0.00031341354
0.00035845909
0.00041057402
0.00047092749
0.00054089119
0.0006220757
0.00071652713
0.00082700237
0.00095644909
0.0011083906
0.0012870518
0.0014975078
0.001745869
0.0020395043
0.0023873189
0.0028001088
0.0032909812
0.0038757837
0.0045736365
0.0054076342
0.0063992383
0.0063957428
0.0063932023
0.006391892
0.0063914707
0.0063916746
0.0063923538
0.0063934346
0.0063948811
0.0063966741
0.0063988041
0.0064012691
0.0064040742
0.0064072313
0.0064107593
0.0064146838
0.0064190372
0.006423859
0.0064291956
0.0064351018
0.0064416408
0.0064488855
0.0064569202
0.0064658421
0.0064757638
0.0064868159
0.0064991512
0.0065129487
0.0065284204
0.0065458184
0.0065654457
0.0065876697
0.0066129411
0.0066418191
0.0066750076
0.0067134071
0.0067581901
0.0068109157
0.0068737077
0.0069495397
2.7288156e-13
5.1920407e-11
1.3061196e-09
1.2209457e-08
6.6556268e-08
2.6022941e-07
8.1229331e-07
2.136026e-06
4.8194741e-06
9.3350989e-06
1.5570817e-05
1.947077e-05
2.0386751e-05
2.0983509e-05
2.1236545e-05
2.1137418e-05
2.0837362e-05
2.0449414e-05
2.0048292e-05
1.9680968e-05
1.9370081e-05
1.9123202e-05
1.8941511e-05
1.8824567e-05
1.8772305e-05
1.8785633e-05
1.8866462e-05
1.9017654e-05
1.924299e-05
1.9547167e-05
1.993584e-05
2.0415699e-05
2.0994451e-05
2.1680865e-05
2.2485523e-05
2.3531863e-05
2.4837985e-05
2.6412242e-05
2.827057e-05
3.0436362e-05
3.2940426e-05
3.5821039e-05
3.9124373e-05
4.2905213e-05
4.7227933e-05
5.2167745e-05
5.7812222e-05
6.4263133e-05
7.163862e-05
8.0075791e-05
8.9733739e-05
0.00010079712
0.00011348034
0.00012803257
0.00014474353
0.00016395042
0.00018604603
0.00021148837
0.000240812
0.00027464146
0.00031370707
0.00035886361
0.00041111238
0.0004716275
0.00054178625
0.00062320519
0.00071794213
0.00082876033
0.0009586195
0.0011110571
0.001290314
0.001501483
0.0017506953
0.0020453412
0.0023943434
0.0028085085
0.0033009427
0.0038874726
0.004587166
0.0054230867
0.0063996653
0.0063956575
0.0063931425
0.0063918524
0.0063914473
0.0063916646
0.0063923552
0.0063934458
0.0063949008
0.0063967012
0.006398838
0.0064013092
0.0064041201
0.0064072829
0.0064108165
0.0064147467
0.0064191059
0.0064239336
0.0064292764
0.006435189
0.0064417345
0.0064489861
0.0064570279
0.0064659571
0.0064758863
0.0064869461
0.006499289
0.0065130943
0.0065285735
0.0065459787
0.0065656127
0.0065878425
0.0066131183
0.0066419987
0.0066751869
0.006713582
0.0067583551
0.0068110629
0.0068738257
0.006949612
2.1226961e-13
4.0457836e-11
1.0226577e-09
9.668038e-09
5.369189e-08
2.1480095e-07
6.8583157e-07
1.8394895e-06
4.227878e-06
8.3588091e-06
1.4271898e-05
1.9521925e-05
2.0654454e-05
2.1418274e-05
2.1855923e-05
2.1869054e-05
2.1615517e-05
2.1230381e-05
2.0803855e-05
2.0396373e-05
2.0040151e-05
1.9747515e-05
1.9521279e-05
1.9361239e-05
1.9267077e-05
1.923936e-05
1.9279739e-05
1.9390869e-05
1.9576363e-05
1.9840883e-05
2.0190116e-05
2.0630744e-05
2.1170461e-05
2.1818015e-05
2.2583772e-05
2.3567441e-05
2.481365e-05
2.6331843e-05
2.8136985e-05
3.0251707e-05
3.270617e-05
3.5538189e-05
3.8793615e-05
4.2527035e-05
4.6802716e-05
5.1695826e-05
5.7293939e-05
6.3698871e-05
7.1028862e-05
7.9421123e-05
8.9034917e-05
0.00010005516
0.0001126966
0.00012720885
0.00014388219
0.00016305453
0.00018511961
0.00021053658
0.00023984139
0.00027366028
0.00031272562
0.00035789483
0.00041017245
0.00047073638
0.00054096846
0.00062249079
0.00071736161
0.00082835774
0.00095844882
0.0011111851
0.0012908214
0.0015024679
0.0017522774
0.0020476631
0.0023975712
0.0028128246
0.003306535
0.0038945168
0.0045957869
0.00543326
0.0063995897
0.0063955932
0.006393094
0.0063918175
0.0063914237
0.0063916509
0.0063923501
0.0063934485
0.0063949103
0.0063967169
0.0063988593
0.0064013358
0.0064041518
0.0064073195
0.006410858
0.0064147932
0.0064191575
0.0064239904
0.0064293387
0.0064352569
0.0064418083
0.006449066
0.006457114
0.0064660497
0.0064759854
0.0064870519
0.0064994016
0.0065132135
0.0065286993
0.0065461108
0.0065657505
0.0065879853
0.0066132649
0.0066421475
0.0066753356
0.0067137273
0.0067584922
0.0068111853
0.0068739239
0.0069496722
1.3703461e-13
2.6182047e-11
6.6508413e-10
6.3454507e-09
3.5745128e-08
1.4576016e-07
4.7643662e-07
1.3149231e-06
3.1334473e-06
6.4811339e-06
1.1652665e-05
1.8357731e-05
2.1492662e-05
2.251474e-05
2.3218023e-05
2.3482229e-05
2.3349211e-05
2.2986168e-05
2.2520784e-05
2.2037477e-05
2.1588361e-05
2.1198324e-05
2.0875713e-05
2.062204e-05
2.0437167e-05
2.0321423e-05
2.0276154e-05
2.0303496e-05
2.0406105e-05
2.0587909e-05
2.0855e-05
2.1214405e-05
2.1674114e-05
2.224317e-05
2.2931956e-05
2.3790403e-05
2.4914544e-05
2.6319787e-05
2.801913e-05
3.003336e-05
3.2391159e-05
3.5129189e-05
3.82923e-05
4.1934238e-05
4.6118598e-05
5.0920073e-05
5.6425971e-05
6.2737923e-05
6.997403e-05
7.8271451e-05
8.7789413e-05
9.8712812e-05
0.00011125647
0.00012567013
0.00014224435
0.00016131748
0.0001832838
0.0002086033
0.00023781286
0.00027153999
0.00031051866
0.00035560826
0.00040781575
0.00046832205
0.00053851266
0.0006200145
0.00071487516
0.00082589022
0.00095603801
0.0011088792
0.0012886817
0.0015005717
0.0017507211
0.0020465687
0.0023970875
0.0028131259
0.0033078148
0.0038969718
0.0045995955
0.0054385267
0.0063995424
0.0063955498
0.0063930567
0.0063917874
0.0063914
0.0063916334
0.0063923386
0.0063934425
0.0063949094
0.0063967208
0.0063988677
0.0064013485
0.0064041687
0.0064073406
0.0064108833
0.0064148227
0.0064191914
0.0064240289
0.0064293819
0.006435305
0.0064418615
0.0064491244
0.0064571779
0.0064661192
0.0064760606
0.0064871328
0.0064994883
0.006513306
0.0065287974
0.0065462142
0.0065658588
0.0065880978
0.0066133808
0.0066422653
0.0066754535
0.0067138426
0.0067586012
0.0068112827
0.006874002
0.0069497202
6.9954485e-14
1.3396004e-11
3.4159621e-10
3.2772558e-09
1.8594654e-08
7.6540162e-08
2.5360479e-07
7.155337e-07
1.7688869e-06
3.8700275e-06
7.494031e-06
1.2848293e-05
1.9644049e-05
2.3808476e-05
2.4955612e-05
2.5772037e-05
2.6164994e-05
2.6090331e-05
2.5701804e-05
2.5140593e-05
2.451676e-05
2.3909961e-05
2.3364731e-05
2.2898981e-05
2.2517182e-05
2.2219265e-05
2.2004975e-05
2.1876258e-05
2.1837778e-05
2.1893043e-05
2.2036768e-05
2.2272943e-05
2.2610397e-05
2.3058744e-05
2.3627791e-05
2.4329475e-05
2.5258163e-05
2.6479252e-05
2.8006728e-05
2.9858298e-05
3.206077e-05
3.4649188e-05
3.7666777e-05
4.1165858e-05
4.5208874e-05
4.9869267e-05
5.5233214e-05
6.1401478e-05
6.8491612e-05
7.6640524e-05
8.6007153e-05
9.6776126e-05
0.00010916212
0.00012341472
0.00013982442
0.00015872958
0.00018052476
0.00020567038
0.00023470397
0.00026825386
0.00030705526
0.00035196904
0.00040400419
0.00046434377
0.00053437656
0.00061573355
0.00071043892
0.00082131366
0.00095134411
0.0011040997
0.0012838582
0.0014957586
0.0017459917
0.0020420205
0.0023928468
0.0028093546
0.0033047125
0.0038947594
0.0045984667
0.0054384715
0.0063995254
0.006395527
0.0063930306
0.0063917617
0.006391376
0.006391612
0.0063923203
0.0063934276
0.006394898
0.0063967129
0.0063988631
0.0064013472
0.0064041707
0.0064073458
0.0064108919
0.0064148348
0.0064192071
0.0064240483
0.0064294052
0.0064353325
0.0064418933
0.0064491606
0.0064572187
0.0064661647
0.006476111
0.0064871881
0.0064995485
0.006513371
0.0065288671
0.0065462884
0.0065659371
0.0065881797
0.0066134655
0.0066423519
0.0066755404
0.0067139278
0.006758682
0.006811355
0.0068740601
0.0069497559
3.8109198e-14
7.3013471e-12
1.8642251e-10
1.7911212e-09
1.0167701e-08
4.181371e-08
1.3836467e-07
3.911789e-07
9.7869934e-07
2.2061737e-06
4.5012716e-06
8.288995e-06
1.3751221e-05
2.0650316e-05
2.7655721e-05
2.880714e-05
2.9585016e-05
3.0089615e-05
3.0061277e-05
2.966002e-05
2.9037543e-05
2.8304808e-05
2.7552705e-05
2.6841242e-05
2.6199364e-05
2.5636847e-05
2.5155333e-05
2.4754631e-05
2.4435937e-05
2.4204817e-05
2.4076608e-05
2.4061166e-05
2.4167782e-05
2.4407062e-05
2.4791309e-05
2.5329776e-05
2.6021624e-05
2.6982088e-05
2.8264238e-05
2.9882067e-05
3.1857858e-05
3.4225745e-05
3.7028633e-05
4.0318644e-05
4.4157871e-05
4.8617865e-05
5.3782632e-05
5.9751433e-05
6.6640058e-05
7.4583833e-05
8.3740847e-05
9.4295046e-05
0.00010646093
0.00012048754
0.00013666497
0.00015533136
0.00017688097
0.00020177423
0.0002305489
0.00026383364
0.00030236447
0.00034700333
0.00039876064
0.00045882167
0.00052857759
0.0006096615
0.0007040637
0.00081463528
0.00094436961
0.0010968435
0.0012763428
0.0014880164
0.0017380689
0.0020339848
0.002384795
0.0028014226
0.0032970873
0.0038876955
0.0045922336
0.00543305
0.0063995385
0.0063955247
0.006393016
0.0063917408
0.0063913517
0.0063915867
0.0063922954
0.006393404
0.0063948761
0.0063966929
0.0063988453
0.0064013316
0.0064041574
0.0064073349
0.0064108835
0.0064148289
0.0064192039
0.006424048
0.0064294079
0.0064353384
0.0064419026
0.0064491735
0.0064572353
0.0064661851
0.0064761354
0.0064872165
0.0064995809
0.0065134075
0.0065289075
0.0065463325
0.0065659847
0.0065882304
0.0066135187
0.0066424068
0.006675596
0.0067139828
0.0067587344
0.0068114021
0.0068740982
0.0069497795
2.1090861e-14
4.0418018e-12
1.032743e-10
9.9301515e-10
5.634703e-09
2.3101276e-08
7.594758e-08
2.1282007e-07
5.2872157e-07
1.194862e-06
2.4909384e-06
4.8040777e-06
8.5309387e-06
1.3878689e-05
2.0702629e-05
2.8518281e-05
3.389256e-05
3.4603557e-05
3.4996675e-05
3.5064144e-05
3.4667249e-05
3.3975211e-05
3.312071e-05
3.2199288e-05
3.1286355e-05
3.0429812e-05
2.9652605e-05
2.8963233e-05
2.8364999e-05
2.7861624e-05
2.7458646e-05
2.7160137e-05
2.6970308e-05
2.6895854e-05
2.694778e-05
2.7144264e-05
2.7517446e-05
2.8091662e-05
2.8990159e-05
3.0285789e-05
3.1967872e-05
3.404612e-05
3.6561726e-05
3.9564459e-05
4.3118059e-05
4.72967e-05
5.2185909e-05
5.788482e-05
6.4505711e-05
7.2180064e-05
8.1064645e-05
9.1340489e-05
0.00010322051
0.00011695289
0.00013282713
0.00015118101
0.0001724078
0.00019696765
0.00022539818
0.00025832789
0.00029649282
0.00034075548
0.00039212742
0.0004517956
0.00052115291
0.00060183566
0.00069579211
0.00080589768
0.00093515742
0.0010871539
0.0012661798
0.0014773879
0.0017269929
0.0020224976
0.0023729537
0.0027893151
0.0032848556
0.0038755834
0.0045805922
0.005422182
0.0063995801
0.0063955438
0.0063930133
0.0063917249
0.0063913276
0.0063915579
0.0063922642
0.0063933717
0.0063948438
0.0063966612
0.0063988146
0.006401302
0.0064041291
0.006407308
0.006410858
0.006414805
0.0064191817
0.0064240276
0.0064293895
0.006435322
0.0064418885
0.0064491618
0.0064572262
0.0064661788
0.0064761319
0.006487216
0.0064995835
0.0065134132
0.0065289164
0.0065463445
0.0065659996
0.0065882481
0.0066135388
0.0066424289
0.0066756196
0.006714007
0.0067587581
0.006811424
0.0068741162
0.0069497907
1.2258063e-14
2.3481774e-12
5.9980093e-11
5.7654503e-10
3.2682264e-09
1.3357801e-08
4.3613333e-08
1.2078195e-07
2.9540203e-07
6.5770406e-07
1.3602047e-06
2.6468448e-06
4.8632418e-06
8.3913446e-06
1.3486438e-05
2.0113402e-05
2.7922434e-05
3.6344614e-05
4.1256496e-05
4.1408406e-05
4.1284031e-05
4.0883457e-05
4.0093607e-05
3.9088877e-05
3.79805e-05
3.6843896e-05
3.5739832e-05
3.4707166e-05
3.3764808e-05
3.2920209e-05
3.2177216e-05
3.1539754e-05
3.1014747e-05
3.0612012e-05
3.0343002e-05
3.0220816e-05
3.0259463e-05
3.0473383e-05
3.0882954e-05
3.1549866e-05
3.2694997e-05
3.4332837e-05
3.6464001e-05
3.9109262e-05
4.2301958e-05
4.6116376e-05
5.0638898e-05
5.5971419e-05
6.2230189e-05
6.9549708e-05
7.8085129e-05
8.8009916e-05
9.9532421e-05
0.00011289937
0.0001283966
0.00014636079
0.00016718401
0.0001913262
0.00021932454
0.00025180638
0.00028950713
0.00033328926
0.00038416448
0.00044332038
0.00051215183
0.00059229746
0.0006856833
0.00079515924
0.00092376701
0.0010750917
0.0012534288
0.0014639337
0.0017128245
0.0020076165
0.0023573768
0.0027730775
0.003268025
0.0038583127
0.0045631678
0.0054052063
0.0063996476
0.0063955855
0.0063930243
0.0063917156
0.0063913047
0.0063915264
0.0063922273
0.0063933317
0.0063948021
0.0063966187
0.0063987718
0.0064012594
0.0064040867
0.0064072661
0.0064108166
0.0064147642
0.0064191415
0.0064239881
0.0064293508
0.0064352842
0.0064418516
0.006449126
0.0064571915
0.0064661453
0.0064760997
0.0064871854
0.0064995546
0.006513386
0.0065288911
0.0065463213
0.0065659787
0.0065882295
0.0066135226
0.0066424152
0.0066756082
0.0067139979
0.0067587513
0.0068114193
0.0068741134
0.0069497896
7.6703702e-15
1.4685953e-12
3.7499137e-11
3.6045099e-10
2.0437863e-09
8.3497618e-09
2.7179439e-08
7.4648351e-08
1.7968787e-07
3.9033696e-07
7.8422888e-07
1.487382e-06
2.7026133e-06
4.7336345e-06
7.9626226e-06
1.2721218e-05
1.9060502e-05
2.6751987e-05
3.5338476e-05
4.424704e-05
4.9906586e-05
4.9336101e-05
4.8510391e-05
4.7576539e-05
4.6350824e-05
4.5002903e-05
4.3616694e-05
4.2238894e-05
4.0912988e-05
3.967006e-05
3.8526004e-05
3.7488529e-05
3.6563876e-05
3.5759934e-05
3.5087226e-05
3.4558879e-05
3.4191502e-05
3.4005177e-05
3.4021959e-05
3.4265545e-05
3.4762e-05
3.5709261e-05
3.719972e-05
3.9262146e-05
4.1948615e-05
4.5299739e-05
4.9374019e-05
5.4249715e-05
6.004701e-05
6.6904125e-05
7.4977503e-05
8.444676e-05
9.5520473e-05
0.0001084397
0.00012347893
0.00014097261
0.00016131019
0.00018494827
0.00021242328
0.00024436118
0.00028149672
0.0003246918
0.00037495767
0.00043348193
0.00050165956
0.00058112918
0.0006738165
0.00078249912
0.00091027386
0.0010607262
0.001238156
0.001447717
0.0016956262
0.0019894125
0.0023381544
0.0027528274
0.003246761
0.0038360788
0.0045400468
0.0053815085
0.0063824006
0.0063956527
0.0063930519
0.0063917156
0.0063912856
0.0063914943
0.0063921868
0.0063932858
0.0063947528
0.0063965674
0.0063987194
0.0064012064
0.0064040336
0.006407213
0.0064107637
0.0064147115
0.006419089
0.0064239356
0.0064292981
0.0064352313
0.0064417984
0.0064490725
0.0064571377
0.0064660913
0.0064760456
0.006487131
0.0064995001
0.0065133316
0.0065288368
0.0065462673
0.0065659252
0.0065881769
0.0066134714
0.0066423658
0.0066755615
0.0067139548
0.0067587128
0.0068113868
0.0068740888
0.0069497755
5.1369421e-15
9.8303537e-13
2.5094292e-11
2.4131026e-10
1.370263e-09
5.6116409e-09
1.8306425e-08
5.0260613e-08
1.2027423e-07
2.5762916e-07
5.0564072e-07
9.2929885e-07
1.631108e-06
2.7770359e-06
4.6237193e-06
7.5142988e-06
1.1796474e-05
1.7674517e-05
2.508843e-05
3.3715655e-05
4.3022359e-05
5.2419475e-05
5.9895718e-05
5.8416162e-05
5.6681408e-05
5.5128809e-05
5.3418896e-05
5.169112e-05
4.9995119e-05
4.8341466e-05
4.6756286e-05
4.5265646e-05
4.3885406e-05
4.2624469e-05
4.1490497e-05
4.0494314e-05
3.9652291e-05
3.8985048e-05
3.8515838e-05
3.8271451e-05
3.8284561e-05
3.8594647e-05
3.9294464e-05
4.0619343e-05
4.2594366e-05
4.5258377e-05
4.8684194e-05
5.2971892e-05
5.8208912e-05
6.4504906e-05
7.2001955e-05
8.0895945e-05
9.1396485e-05
0.00010374287
0.00011821413
0.00013514289
0.00015490604
0.00017794784
0.00020480495
0.00023610198
0.00027257103
0.00031507226
0.00036461549
0.00042238711
0.0004897811
0.00056843603
0.00066027921
0.00076800023
0.0008947549
0.001044133
0.0012204418
0.0014288299
0.0016755254
0.0019680614
0.0023155081
0.0027288345
0.0032213947
0.0038092789
0.0045117361
0.0053516524
0.0063512941
0.0063957498
0.0063931016
0.0063917309
0.0063912761
0.0063914668
0.0063921461
0.0063932352
0.0063946955
0.0063965053
0.006398654
0.0064011385
0.0064039638
0.0064071415
0.0064106908
0.0064146372
0.0064190133
0.0064238586
0.0064292199
0.0064351519
0.0064417178
0.0064489906
0.0064570546
0.006466007
0.00647596
0.0064870445
0.0064994126
0.0065132434
0.0065287481
0.0065461785
0.0065658367
0.0065880893
0.0066133854
0.0066422823
0.0066754816
0.00671388
0.0067586451
0.0068113287
0.0068740441
0.0069497491
3.689315e-15
7.0556712e-13
1.8005545e-11
1.7321289e-10
9.852611e-10
4.0490679e-09
1.3275218e-08
3.6631982e-08
8.7876728e-08
1.876089e-07
3.6383026e-07
6.5385005e-07
1.110614e-06
1.8168439e-06
2.9089515e-06
4.6052932e-06
7.2161714e-06
1.1096631e-05
1.6523886e-05
2.355825e-05
3.1985347e-05
4.1378022e-05
5.1228397e-05
6.1069082e-05
7.0469867e-05
6.8576648e-05
6.5762995e-05
6.3467285e-05
6.1239906e-05
5.9104161e-05
5.7066251e-05
5.5099308e-05
5.3215467e-05
5.1440373e-05
4.9791058e-05
4.8277262e-05
4.6910347e-05
4.5706028e-05
4.4685998e-05
4.3878378e-05
4.3317313e-05
4.3041947e-05
4.3096143e-05
4.3519708e-05
4.4612067e-05
4.6458921e-05
4.9099852e-05
5.2603269e-05
5.7066753e-05
6.2622767e-05
6.9432663e-05
7.7641448e-05
8.7444525e-05
9.9082786e-05
0.00011285282
0.00012907927
0.00014813372
0.00017046055
0.00019659586
0.00022715182
0.00026284982
0.00030454592
0.00035324754
0.00041013981
0.00047661609
0.00055431498
0.00064516435
0.00075175867
0.0008773293
0.0010254727
0.001200491
0.0014075189
0.0016527962
0.0019438335
0.0022896777
0.0027012967
0.0031920554
0.0037780101
0.004478448
0.0053163402
0.0063141892
0.00639587
0.0063931614
0.0063917471
0.0063912603
0.0063914282
0.0063920917
0.0063931702
0.0063946229
0.0063964274
0.006398572
0.0064010535
0.0064038762
0.0064070518
0.006410599
0.0064145435
0.0064189177
0.0064237611
0.0064291205
0.0064350505
0.0064416144
0.0064488853
0.0064569472
0.0064658976
0.0064758487
0.0064869312
0.0064992976
0.0065131269
0.0065286304
0.0065460599
0.0065657179
0.0065879708
0.0066132681
0.0066421675
0.0066753707
0.0067137752
0.0067585492
0.0068112457
0.0068739794
0.0069497106
2.8871025e-15
5.5173294e-13
1.4072803e-11
1.3537832e-10
7.7100624e-10
3.1789411e-09
1.0482056e-08
2.9145792e-08
7.0468296e-08
1.5125886e-07
2.933432e-07
5.2286727e-07
8.7124935e-07
1.3800916e-06
2.1136112e-06
3.1819368e-06
4.772556e-06
7.1705207e-06
1.0729041e-05
1.5768778e-05
2.2442214e-05
3.0647294e-05
4.0049312e-05
5.0183232e-05
6.0564313e-05
7.0787748e-05
8.0507819e-05
7.9603936e-05
7.5672623e-05
7.2493984e-05
6.9739682e-05
6.7191657e-05
6.4777407e-05
6.2452904e-05
6.0228911e-05
5.8132704e-05
5.6183627e-05
5.4393671e-05
5.2776933e-05
5.1354398e-05
5.0155128e-05
4.9215891e-05
4.8581581e-05
4.8308623e-05
4.8472715e-05
4.9260766e-05
5.0914266e-05
5.3490858e-05
5.706264e-05
6.1738008e-05
6.7653987e-05
7.4984147e-05
8.3942241e-05
9.4762904e-05
0.00010770217
0.00012307748
0.00014127575
0.00016275217
0.00018802814
0.00021770356
0.00025249516
0.00029325604
0.00034099097
0.00039688289
0.00046232313
0.00053894861
0.00062868674
0.00073402838
0.00085828674
0.0010050484
0.0011785783
0.0013840041
0.0016275611
0.0019167297
0.0022605609
0.0026700509
0.0031585584
0.0037421538
0.00444017
0.0052756748
0.0062713323
0.0063959928
0.0063932133
0.0063917567
0.0063912382
0.0063913817
0.0063920279
0.0063930941
0.006394538
0.006396336
0.0063984758
0.0064009535
0.0064037731
0.0064069459
0.0064104905
0.0064144325
0.0064188042
0.0064236451
0.0064290019
0.0064349293
0.0064414904
0.0064487584
0.0064568176
0.006465765
0.0064757133
0.006486793
0.0064991568
0.0065129835
0.0065284849
0.0065459127
0.0065655695
0.006587822
0.0066131201
0.0066420216
0.0066752291
0.0067136406
0.0067584253
0.0068111378
0.0068738948
0.00694966
2.5603013e-15
4.8889407e-13
1.246371e-11
1.1983295e-10
6.8276901e-10
2.8218348e-09
9.3519179e-09
2.6213341e-08
6.4036491e-08
1.3896559e-07
2.7195349e-07
4.8667668e-07
8.0702007e-07
1.2561794e-06
1.861325e-06
2.6674007e-06
3.7607617e-06
5.2997059e-06
7.5417788e-06
1.0839149e-05
1.5556962e-05
2.1924667e-05
2.9927249e-05
3.930573e-05
4.9641574e-05
6.0462207e-05
7.1343452e-05
8.1986299e-05
9.2159493e-05
9.1218312e-05
8.6120706e-05
8.2137254e-05
7.8867e-05
7.5899576e-05
7.3070465e-05
7.0336822e-05
6.7728142e-05
6.5277101e-05
6.3001271e-05
6.0914883e-05
5.9036819e-05
5.7394556e-05
5.6028186e-05
5.4994457e-05
5.4366179e-05
5.4225639e-05
5.4648885e-05
5.6060459e-05
5.8531725e-05
6.2148133e-05
6.7035887e-05
7.3354841e-05
8.1298916e-05
9.1096919e-05
0.00010302995
0.00011743145
0.00013466355
0.00015515688
0.00017941892
0.00020806187
0.00024180849
0.00028150794
0.00032815939
0.00038293895
0.00044723135
0.00052266722
0.00061116566
0.00071508943
0.00083782105
0.00098292646
0.0011546496
0.0013581437
0.0015996301
0.0018865889
0.0022280897
0.002635145
0.0031210843
0.0037019968
0.004397227
0.0052298993
0.0062228042
0.0063961249
0.0063932693
0.0063917589
0.0063912126
0.0063913299
0.0063919565
0.0063930086
0.0063944423
0.0063962328
0.0063983668
0.0064008399
0.0064036556
0.006406825
0.0064103664
0.0064143053
0.0064186739
0.0064235116
0.0064288651
0.006434789
0.0064413467
0.0064486111
0.0064566665
0.0064656102
0.0064755546
0.0064866306
0.0064989907
0.0065128139
0.0065283121
0.0065457371
0.0065653918
0.0065876432
0.0066129414
0.006641845
0.0066750569
0.0067134762
0.0067582734
0.0068110049
0.0068737903
0.0069495971
2.621635e-15
5.0031319e-13
1.2753821e-11
1.2254045e-10
6.9807167e-10
2.8889618e-09
9.6109791e-09
2.7126244e-08
6.6929112e-08
1.4698134e-07
2.9100106e-07
5.2504586e-07
8.7175947e-07
1.3449885e-06
1.9500371e-06
2.6934162e-06
3.6015508e-06
4.7454894e-06
6.2684927e-06
8.4094135e-06
1.1503178e-05
1.5929716e-05
2.1983833e-05
2.979339e-05
3.9200515e-05
4.9756107e-05
6.098743e-05
7.2472812e-05
8.388333e-05
9.5029002e-05
0.0001057755
0.00010313178
9.6891845e-05
9.2298279e-05
8.8584031e-05
8.5165705e-05
8.1866579e-05
7.8673621e-05
7.5638978e-05
7.2801002e-05
7.0176345e-05
6.7781992e-05
6.5645259e-05
6.3807844e-05
6.2326682e-05
6.1272526e-05
6.0733177e-05
6.0833403e-05
6.1962906e-05
6.4302143e-05
6.7954954e-05
7.3064208e-05
7.9818543e-05
8.8447473e-05
9.9223369e-05
0.00011246063
0.00012852844
0.00014786461
0.00017098638
0.00019849114
0.0002310846
0.00026960196
0.0003150311
0.00036853867
0.00043150138
0.00050554204
0.00059256952
0.00069483169
0.00081575468
0.00095892136
0.0011285928
0.0013299367
0.0015691526
0.0018537124
0.0021926743
0.0025970318
0.0030800848
0.0036579388
0.0043499456
0.0051792682
0.0061688483
0.0063962694
0.0063933264
0.0063917641
0.0063911826
0.0063912734
0.0063918787
0.0063929148
0.0063943366
0.0063961184
0.0063982457
0.0064007134
0.0064035245
0.0064066898
0.0064102274
0.0064141625
0.0064185272
0.0064233611
0.0064287106
0.0064346303
0.0064411837
0.0064484436
0.0064564944
0.0064654334
0.006475373
0.0064864442
0.0064987995
0.0065126182
0.0065281121
0.0065455334
0.0065651851
0.0065874345
0.0066127323
0.0066416375
0.006674854
0.0067132819
0.0067580935
0.0068108471
0.0068736658
0.0069495221
3.0189202e-15
5.7606783e-13
1.4694572e-11
1.4114312e-10
8.0380716e-10
3.3289912e-09
1.1104563e-08
3.1508986e-08
7.8376665e-08
1.7387952e-07
3.4784323e-07
6.3259751e-07
1.0532294e-06
1.6173794e-06
2.3125204e-06
3.1154487e-06
4.0108347e-06
5.0131322e-06
6.1901578e-06
7.6795407e-06
9.7130318e-06
1.2634807e-05
1.6807764e-05
2.250088e-05
3.0078643e-05
3.9640454e-05
5.0507823e-05
6.2204713e-05
7.4301211e-05
8.6466424e-05
9.8490218e-05
0.00011031429
0.00012189626
0.00011509419
0.00010789001
0.00010296461
9.8836067e-05
9.4909299e-05
9.1066035e-05
8.7367395e-05
8.3877293e-05
8.0630791e-05
7.7648086e-05
7.4954619e-05
7.2586346e-05
7.0593138e-05
6.9053992e-05
6.8091535e-05
6.7860829e-05
6.8676746e-05
7.0866363e-05
7.4560571e-05
7.9921588e-05
8.7164769e-05
9.655742e-05
0.00010842154
0.00012313541
0.00014113558
0.00016292384
0.00018909246
0.00022033631
0.00025747502
0.00030148266
0.00035351436
0.00041493768
0.00048736857
0.00057271355
0.00067322609
0.00079220135
0.00093331269
0.0011008133
0.0012998491
0.0015365895
0.001818501
0.0021546336
0.0025559592
0.0030357613
0.0036101404
0.0042984565
0.0051239007
0.0061096033
0.0063964278
0.0063933841
0.0063917578
0.0063911389
0.0063912106
0.0063917947
0.0063928131
0.0063942216
0.0063959934
0.006398113
0.0064005745
0.0064033802
0.0064065407
0.0064100738
0.0064140044
0.0064183647
0.006423194
0.0064285387
0.0064344536
0.0064410017
0.0064482563
0.0064563016
0.0064652349
0.0064751688
0.0064862341
0.0064985836
0.0065123966
0.0065278852
0.0065453017
0.0065649493
0.006587196
0.0066124927
0.0066413993
0.0066746205
0.0067130579
0.0067578855
0.0068106644
0.0068735214
0.0069494349
3.6876903e-15
7.0396083e-13
1.7981197e-11
1.7274759e-10
9.8379109e-10
4.0769354e-09
1.3626532e-08
3.8818314e-08
9.7152999e-08
2.1723287e-07
4.3813038e-07
8.0194333e-07
1.3388856e-06
2.0514065e-06
2.9095224e-06
3.8630186e-06
4.8633233e-06
5.8851847e-06
6.9460188e-06
8.1101677e-06
9.5017952e-06
1.1361547e-05
1.3989037e-05
1.7773709e-05
2.3226016e-05
3.087839e-05
4.0694875e-05
5.1969052e-05
6.4205579e-05
7.6958068e-05
8.9888142e-05
0.00010279408
0.00011559415
0.00012834581
0.00013633328
0.00012687531
0.00011933491
0.00011414538
0.00010954462
0.00010500143
0.00010055297
9.6319669e-05
9.2358681e-05
8.869973e-05
8.5368004e-05
8.2393994e-05
7.9830618e-05
7.7774019e-05
7.636236e-05
7.5764371e-05
7.6240633e-05
7.8276239e-05
8.2033821e-05
8.7698446e-05
9.5517857e-05
0.00010580158
0.00011892324
0.0001353219
0.00015551071
0.00018008657
0.0002097427
0.00024529236
0.00028769744
0.00033809934
0.00039785228
0.00046856035
0.00055212047
0.00065077906
0.00076765653
0.00090653014
0.0010716506
0.0012681355
0.0015021393
0.0017811164
0.0021141036
0.0025120541
0.002988242
0.0035587504
0.0042429377
0.0050640026
0.0060452969
0.0063966029
0.0063934454
0.0063917456
0.0063910849
0.0063911337
0.0063917033
0.0063927041
0.0063940976
0.0063958581
0.006397969
0.0064004233
0.0064032231
0.0064063781
0.0064099059
0.0064138315
0.0064181866
0.0064230106
0.0064283498
0.0064342589
0.0064408011
0.0064480495
0.0064560883
0.0064650149
0.006474942
0.0064860004
0.006498343
0.0065121492
0.0065276313
0.0065450419
0.0065646846
0.0065869277
0.0066122227
0.0066411303
0.0066743565
0.0067128041
0.0067576494
0.0068104566
0.0068733569
0.0069493354
4.496205e-15
8.5872644e-13
2.1969262e-11
2.1119885e-10
1.2031162e-09
4.9890306e-09
1.6700907e-08
4.7715764e-08
1.1996491e-07
2.6981645e-07
5.4755665e-07
1.007328e-06
1.6862991e-06
2.5827026e-06
3.6501045e-06
4.8138363e-06
5.9972929e-06
7.1437511e-06
8.2308298e-06
9.2727365e-06
1.0330533e-05
1.1559784e-05
1.3202238e-05
1.5589285e-05
1.9069856e-05
2.4340274e-05
3.2197309e-05
4.2386225e-05
5.419558e-05
6.7074031e-05
8.0553636e-05
9.4293312e-05
0.00010810004
0.00012192689
0.00013584442
0.00014997715
0.00014864993
0.00013851332
0.00013131826
0.00012577747
0.00012054213
0.00011528157
0.00011021004
0.00010543504
0.00010099964
9.6935371e-05
9.3279561e-05
9.0094526e-05
8.7477659e-05
8.5570943e-05
8.4567001e-05
8.4690821e-05
8.6584788e-05
9.0448572e-05
9.6499351e-05
0.00010502236
0.00011637284
0.00013098309
0.00014936938
0.00017213561
0.00019998169
0.00023372219
0.00027431274
0.0003228828
0.00038077207
0.00044956964
0.00053115858
0.00062777093
0.00074234216
0.0008787583
0.0010412596
0.0012349456
0.0014659581
0.0017417303
0.0020712766
0.0024655313
0.0029377542
0.0035040103
0.0041836441
0.0049998462
0.0059762079
0.0063967977
0.0063935133
0.0063917307
0.0063910232
0.0063910461
0.0063915992
0.0063925876
0.006393965
0.0063957129
0.0063978139
0.0064002603
0.0064030532
0.0064062021
0.006409724
0.0064136438
0.0064179931
0.006422811
0.006428144
0.0064340466
0.006440582
0.0064478232
0.0064558547
0.0064647736
0.0064746928
0.0064857432
0.0064980777
0.0065118761
0.0065273506
0.0065447543
0.006564391
0.0065866296
0.0066119223
0.0066408306
0.0066740619
0.0067125205
0.0067573853
0.0068102239
0.0068731725
0.0069492237
5.2809341e-15
1.0090085e-12
2.5855701e-11
2.4875506e-10
1.4177291e-09
5.8826358e-09
1.971653e-08
5.6457788e-08
1.4243444e-07
3.2179522e-07
6.5623679e-07
1.212521e-06
2.0359385e-06
3.122767e-06
4.4138741e-06
5.815333e-06
7.2287942e-06
8.5737102e-06
9.798559e-06
1.088457e-05
1.1849413e-05
1.2772414e-05
1.3816725e-05
1.5240849e-05
1.7411075e-05
2.0785874e-05
2.5862627e-05
3.3661998e-05
4.4463295e-05
5.7029024e-05
7.0736847e-05
8.5087802e-05
9.9742128e-05
0.00011453292
0.00012944675
0.00014458848
0.00016017782
0.00017339494
0.00016053497
0.00015044346
0.00014373263
0.00013767565
0.00013157804
0.00012559285
0.00011990978
0.00011459905
0.00010971091
0.00010529936
0.00010142697
9.8185467e-05
9.572324e-05
9.4255501e-05
9.4066988e-05
9.5857542e-05
9.9899981e-05
0.00010645231
0.00011584279
0.00012848167
0.00014487241
0.00016561828
0.00019142727
0.00022312212
0.00026166055
0.00030816598
0.00036396567
0.00043063369
0.00051003872
0.0006043976
0.00071645405
0.00085020125
0.001009862
0.0012005155
0.0014282861
0.0017005856
0.0020264044
0.0024166507
0.0028845668
0.003446193
0.0041208582
0.0049317254
0.0059026365
0.0063970154
0.0063935905
0.0063917157
0.006390956
0.0063909502
0.0063914859
0.0063924628
0.0063938239
0.0063955579
0.0063976481
0.0064000857
0.006402871
0.0064060129
0.0064095283
0.0064134416
0.0064177844
0.0064225955
0.0064279215
0.0064338168
0.0064403445
0.0064475777
0.0064556008
0.006464511
0.0064744213
0.0064854626
0.006497788
0.0065115774
0.0065270432
0.0065444389
0.0065640686
0.0065863019
0.0066115916
0.0066405003
0.0066737366
0.0067122071
0.0067570931
0.0068099661
0.0068729679
0.0069490997
5.9335172e-15
1.1339698e-12
2.9091923e-11
2.8011907e-10
1.5973481e-09
6.6320793e-09
2.2251844e-08
6.3832395e-08
1.6148506e-07
3.6617331e-07
7.4986173e-07
1.391176e-06
2.344203e-06
3.6062906e-06
5.1108425e-06
6.7510415e-06
8.4133049e-06
1.0000127e-05
1.1439366e-05
1.2687499e-05
1.3730469e-05
1.4592976e-05
1.5365071e-05
1.6219162e-05
1.7434592e-05
1.9416276e-05
2.2662238e-05
2.7669156e-05
3.5731935e-05
4.7258483e-05
6.0704537e-05
7.5363639e-05
9.0696479e-05
0.00010636392
0.00012222812
0.00013831891
0.00015479433
0.00017187435
0.00018980758
0.00018478545
0.00017209505
0.00016342073
0.00015638828
0.00014942595
0.0001424735
0.00013579976
0.00012952764
0.00012373442
0.00011848655
0.00011384374
0.00010989715
0.00010681516
0.00010487037
0.00010442149
0.00010617641
0.00011050545
0.0001177141
0.00012818089
0.00014238113
0.00016090171
0.0001844493
0.00021385559
0.00025008861
0.00029427556
0.0003477385
0.00041203881
0.00048902821
0.00058090486
0.00069027621
0.0008211341
0.00097772854
0.0011651136
0.0013893921
0.0016579523
0.0019797563
0.0023656848
0.0028289552
0.0033855787
0.0040548736
0.004859953
0.0058248969
0.006397259
0.0063936798
0.0063917027
0.006390885
0.0063908477
0.0063913643
0.0063923257
0.0063936743
0.0063953934
0.0063974717
0.0063998995
0.0064026764
0.0064058107
0.0064093189
0.006413225
0.0064175606
0.0064223643
0.0064276825
0.0064335696
0.0064400888
0.0064473131
0.0064553268
0.0064642274
0.0064741277
0.0064851588
0.006497474
0.0065112532
0.0065267092
0.0065440957
0.0065637175
0.0065859445
0.0066112305
0.0066401393
0.0066733809
0.006711864
0.0067567728
0.0068096832
0.0068727432
0.0069489633
6.4249695e-15
1.2277822e-12
3.1529006e-11
3.0383536e-10
1.7335976e-09
7.2022152e-09
2.4187127e-08
6.9489181e-08
1.7620416e-07
4.0080875e-07
8.2386322e-07
1.5345109e-06
2.5958314e-06
4.0088739e-06
5.7043762e-06
7.5682275e-06
9.4771189e-06
1.1322164e-05
1.3017191e-05
1.4499792e-05
1.5732266e-05
1.6704602e-05
1.744732e-05
1.8057191e-05
1.8719697e-05
1.9739355e-05
2.1560949e-05
2.4740658e-05
2.9864593e-05
3.8458135e-05
5.0893735e-05
6.5379494e-05
8.1118001e-05
9.7537783e-05
0.00011431332
0.00013134757
0.00014872285
0.00016664076
0.00018537566
0.00020527819
0.00021123479
0.0001958615
0.00018481076
0.00017665795
0.00016878135
0.00016082121
0.0001530937
0.00014578939
0.00013901401
0.00013284082
0.00012733465
0.00012260745
0.00011887904
0.00011648332
0.00011582032
0.00011764064
0.00012240411
0.00013046933
0.00014227567
0.00015837644
0.00017945761
0.00020634783
0.00024002466
0.00028162724
0.00033248273
0.00039414712
0.00046845733
0.00055758939
0.00066412245
0.00079185842
0.0009451508
0.0011290265
0.0013495594
0.0016141116
0.0019316132
0.002312916
0.0027712056
0.0033224726
0.0039860108
0.0047848684
0.005743345
0.0063975315
0.0063937833
0.0063916932
0.0063908117
0.0063907403
0.0063912392
0.0063921785
0.0063935155
0.0063952194
0.0063972847
0.006399702
0.0064024697
0.0064055957
0.006409096
0.0064129943
0.0064173219
0.0064221174
0.0064274271
0.0064333052
0.006439815
0.0064470294
0.0064550328
0.0064639227
0.006473812
0.0064848318
0.0064971356
0.0065109035
0.0065263486
0.0065437249
0.0065633377
0.0065855576
0.0066108393
0.0066397477
0.0066729946
0.006711491
0.0067564243
0.0068093752
0.0068724983
0.0069488145
6.7767668e-15
1.2948318e-12
3.3271197e-11
3.2085062e-10
1.8317095e-09
7.6145297e-09
2.5593558e-08
7.3626438e-08
1.8706657e-07
4.2668642e-07
8.8001688e-07
1.6452717e-06
2.7942912e-06
4.3335973e-06
6.1947682e-06
8.2605019e-06
1.0401772e-05
1.2502354e-05
1.4466829e-05
1.6220035e-05
1.7706365e-05
1.8893554e-05
1.9773401e-05
2.0377323e-05
2.0812407e-05
2.1282482e-05
2.2126053e-05
2.3843167e-05
2.7071683e-05
3.2511613e-05
4.1873607e-05
5.5442429e-05
7.117488e-05
8.814333e-05
0.0001057659
0.00012375387
0.00014206992
0.00016086097
0.00018039627
0.00020102819
0.00022315695
0.00023971008
0.00022137059
0.00020777252
0.00019841452
0.00018960501
0.00018059611
0.00017176029
0.00016336058
0.0001555229
0.00014833395
0.00014188409
0.00013633519
0.00013196235
0.00012914457
0.00012834429
0.00013036992
0.00013576152
0.00014493921
0.00015841521
0.00017683604
0.00020100542
0.00023189647
0.00027065883
0.00031863337
0.00037738335
0.00044874173
0.00053487117
0.00063833414
0.00076270187
0.00091244522
0.0010925608
0.001309091
0.001569364
0.0018822785
0.0022586528
0.0027116389
0.0032572025
0.0039146139
0.0047068462
0.0056584036
0.0063978357
0.0063939032
0.0063916883
0.0063907361
0.0063906261
0.0063911019
0.006392021
0.0063933444
0.0063950357
0.0063970872
0.0063994931
0.006402251
0.006405368
0.0064088597
0.0064127495
0.0064170684
0.006421855
0.0064271553
0.0064330237
0.0064395232
0.0064467269
0.0064547191
0.0064635972
0.0064734744
0.0064844818
0.0064967731
0.0065105286
0.0065259616
0.0065433266
0.0065629293
0.0065851412
0.0066104178
0.0066393255
0.0066725777
0.0067110881
0.0067560477
0.006809042
0.0068722332
0.0069486534
7.0239874e-15
1.3418252e-12
3.4486419e-11
3.3277206e-10
1.9009738e-09
7.9073502e-09
2.6598695e-08
7.6607995e-08
1.9497909e-07
4.4579646e-07
9.2218846e-07
1.7301083e-06
2.9496515e-06
4.5938132e-06
6.5972538e-06
8.8422305e-06
1.1196641e-05
1.3539626e-05
1.5769766e-05
1.7803535e-05
1.9574896e-05
2.1035908e-05
2.215286e-05
2.2913827e-05
2.3355976e-05
2.3600879e-05
2.3878962e-05
2.4576484e-05
2.626781e-05
2.9689417e-05
3.5663219e-05
4.6099475e-05
6.1106825e-05
7.828345e-05
9.6622155e-05
0.00011555933
0.00013487103
0.00015460149
0.00017498074
0.00019635772
0.00021914767
0.00024378091
0.00026990847
0.00024837897
0.00023216914
0.00022163102
0.00021185061
0.00020174059
0.00019174707
0.00018218731
0.00017320945
0.00016493117
0.00015749209
0.00015110638
0.00014609917
0.00014291699
0.00014209534
0.00014451274
0.00015078239
0.00016139486
0.00017694975
0.00019820548
0.00022610686
0.00026179863
0.00030663378
0.00036219159
0.00043031421
0.00051316251
0.00061328739
0.00073402232
0.00087995587
0.0010560509
0.0012683134
0.0015240346
0.0018320787
0.0022032211
0.0026505823
0.0031901057
0.0038410565
0.0046263361
0.0055706026
0.0063981737
0.0063940416
0.0063916891
0.0063906584
0.0063905052
0.0063909546
0.0063918535
0.0063931622
0.0063948414
0.0063968782
0.0063992722
0.0064020198
0.0064051274
0.0064086099
0.0064124906
0.0064168003
0.0064215772
0.0064268675
0.0064327253
0.0064392137
0.0064464056
0.0064543856
0.006463251
0.006473115
0.006484109
0.0064963866
0.0065101284
0.0065255482
0.0065429008
0.0065624924
0.0065846953
0.0066099662
0.0066388727
0.0066721304
0.0067106555
0.0067556428
0.0068086835
0.0068719478
0.0069484797
7.1997828e-15
1.3751632e-12
3.5338698e-11
3.4118584e-10
1.9501558e-09
8.116769e-09
2.7324101e-08
7.8780544e-08
2.0081001e-07
4.600661e-07
9.5418824e-07
1.7957041e-06
3.0723463e-06
4.8039919e-06
6.9297801e-06
9.3333185e-06
1.1881176e-05
1.4449531e-05
1.6933036e-05
1.9243105e-05
2.1308456e-05
2.307201e-05
2.4480796e-05
2.5495285e-05
2.6103556e-05
2.635615e-05
2.6393236e-05
2.6483667e-05
2.7079399e-05
2.8851153e-05
3.2651281e-05
3.9452557e-05
5.1329574e-05
6.8087967e-05
8.6902474e-05
0.00010674424
0.00012710837
0.00014786993
0.00016917809
0.00019135847
0.00021483665
0.00024007692
0.00026752343
0.00029765453
0.00027646665
0.00025817196
0.00024632875
0.00023547918
0.00022420436
0.00021298919
0.00020219976
0.00019201936
0.00018261201
0.00017416306
0.00016693681
0.00016133288
0.00015788296
0.00015720508
0.00016025758
0.00016772188
0.00018017066
0.00019830859
0.00022302963
0.00025544786
0.00029691186
0.00034901489
0.00041361741
0.00049289141
0.00058938695
0.00070620906
0.00084805473
0.0010198565
0.0012275773
0.0014784685
0.001781348
0.0021469535
0.0025883712
0.0031215287
0.0037657205
0.0045438531
0.0054805646
0.0063985466
0.0063942006
0.0063916968
0.0063905795
0.0063903782
0.0063907984
0.0063916761
0.0063929684
0.0063946328
0.0063966539
0.0063990369
0.0064017745
0.0064048726
0.0064083459
0.0064122172
0.0064165172
0.0064212842
0.0064265636
0.00643241
0.0064388864
0.0064460658
0.0064540325
0.0064628842
0.006472734
0.0064837133
0.0064959761
0.0065097032
0.0065251086
0.0065424476
0.0065620271
0.0065842201
0.0066094844
0.0066383894
0.0066716524
0.0067101929
0.0067552096
0.0068082997
0.0068716419
0.0069482934
7.3296628e-15
1.3997092e-12
3.5954368e-11
3.4726099e-10
1.9859272e-09
8.2707985e-09
2.7862119e-08
8.0405907e-08
2.0521368e-07
4.7096165e-07
9.7893723e-07
1.8472367e-06
3.1705482e-06
4.9756659e-06
7.2070449e-06
9.750817e-06
1.2473226e-05
1.5248495e-05
1.7968512e-05
2.0542955e-05
2.2899256e-05
2.4973143e-05
2.6698864e-05
2.8021028e-05
2.8895913e-05
2.9314845e-05
2.9345976e-05
2.9157974e-05
2.9074162e-05
2.963543e-05
3.1635261e-05
3.6060703e-05
4.4097363e-05
5.7833427e-05
7.66117e-05
9.7240365e-05
0.0001187063
0.00014061578
0.00016297809
0.00018606675
0.00021030904
0.00023620691
0.00026428479
0.00029510707
0.0003291343
0.00030568248
0.0002855232
0.00027247783
0.00026047949
0.0002479346
0.00023541532
0.00022333637
0.00021191892
0.00020136363
0.00019189504
0.00018384955
0.00017772486
0.00017415387
0.00017384522
0.00017784405
0.00018689944
0.00020168073
0.00022302037
0.00025197631
0.00028986483
0.00033827538
0.00039908285
0.00047447575
0.00056700846
0.00067968076
0.00081714584
0.00098436431
0.0011872567
0.001433028
0.0017304491
0.0020902132
0.0025253611
0.003051804
0.0036888983
0.004459617
0.0053890207
0.0063989508
0.0063943823
0.0063917131
0.0063905009
0.0063902472
0.006390634
0.0063914891
0.0063927634
0.006394412
0.0063964183
0.0063987898
0.006401517
0.0064046052
0.0064080686
0.0064119299
0.0064162195
0.0064209755
0.0064262435
0.0064320778
0.0064385414
0.0064457074
0.0064536601
0.006462497
0.0064723314
0.006483295
0.0064955419
0.006509253
0.0065246429
0.0065419671
0.0065615334
0.0065837156
0.0066089726
0.0066378755
0.006671144
0.0067097004
0.0067547481
0.0068078905
0.0068713156
0.0069480945
7.4289031e-15
1.4185486e-12
3.6414609e-11
3.5180918e-10
2.0130432e-09
8.3886544e-09
2.8278214e-08
8.1674549e-08
2.0867402e-07
4.795752e-07
9.9865049e-07
1.8887134e-06
3.2507019e-06
5.1181796e-06
7.4414377e-06
1.0109851e-05
1.2990146e-05
1.5955179e-05
1.8894815e-05
2.1718436e-05
2.4354603e-05
2.6735097e-05
2.8786108e-05
3.0438342e-05
3.1633492e-05
3.2325222e-05
3.2512368e-05
3.2287785e-05
3.1862339e-05
3.1635582e-05
3.226716e-05
3.4702841e-05
4.0077382e-05
4.9909739e-05
6.6024414e-05
8.7026988e-05
0.00010956562
0.00013273935
0.00015631607
0.0001804653
0.00020559735
0.00023225412
0.00026104234
0.00029244686
0.00032702183
0.00036525687
0.00033598297
0.00031407622
0.0003000588
0.00028679721
0.00027286014
0.0002589659
0.00024555933
0.00023288714
0.00022117299
0.00021069385
0.00020188457
0.00019536408
0.00019188043
0.00019223951
0.00019757718
0.00020871479
0.00022643802
0.00025173446
0.00028585932
0.00033036857
0.00038713343
0.00045835598
0.00054660389
0.00065487543
0.00078765487
0.00094998698
0.0011477529
0.0013881075
0.0016797701
0.0020333784
0.0024619209
0.0029812733
0.0036108057
0.0043735343
0.005295926
0.0063993713
0.0063945889
0.0063917401
0.0063904249
0.0063901183
0.0063904621
0.006391293
0.0063925481
0.0063941801
0.0063961717
0.0063985312
0.0064012475
0.0064043252
0.0064077782
0.0064116289
0.0064159075
0.0064206518
0.0064259076
0.0064317291
0.0064381791
0.0064453307
0.0064532682
0.0064620893
0.0064719074
0.0064828543
0.006495084
0.006508778
0.0065241511
0.0065414595
0.0065610115
0.0065831818
0.0066084308
0.0066373311
0.006670605
0.006709178
0.0067542582
0.0068074558
0.0068709687
0.006947883
7.5114702e-15
1.4342098e-12
3.6788611e-11
3.5547956e-10
2.0350468e-09
8.4850354e-09
2.862085e-08
8.2724079e-08
2.1153845e-07
4.8669875e-07
1.0149368e-06
1.9230537e-06
3.3175452e-06
5.2385413e-06
7.6423503e-06
1.0422244e-05
1.3445917e-05
1.6585247e-05
1.9728374e-05
2.2785314e-05
2.5687425e-05
2.8364951e-05
3.0739495e-05
3.2732996e-05
3.4272322e-05
3.5290627e-05
3.5743197e-05
3.565161e-05
3.5138506e-05
3.447595e-05
3.4169093e-05
3.5033675e-05
3.8195637e-05
4.4937863e-05
5.7357836e-05
7.6495705e-05
9.9769121e-05
0.00012419932
0.00014912437
0.00017451221
0.00020072049
0.00022826192
0.00025771742
0.0002897093
0.00032482498
0.00036355953
0.00039991901
0.00036711043
0.00034412529
0.00032906247
0.000314358
0.0002989253
0.00028360391
0.00026884711
0.00025490799
0.00024203513
0.00023058077
0.00022110772
0.00021437826
0.00021126591
0.00021267852
0.00021984328
0.00023366629
0.00025507423
0.0002852427
0.00032566294
0.00037817385
0.00044497735
0.00052865981
0.00063224232
0.00076002906
0.00091716406
0.0011094937
0.0013441222
0.0016297146
0.0019768476
0.0023984461
0.002910332
0.0035318154
0.004285835
0.0051995793
0.0063079594
0.0063948204
0.0063917787
0.0063903499
0.0063899812
0.0063902837
0.0063910891
0.0063923228
0.0063939377
0.0063959144
0.0063982614
0.0064009663
0.0064040329
0.006407475
0.0064113144
0.0064155813
0.0064203133
0.0064255562
0.0064313639
0.0064377995
0.0064449358
0.0064528572
0.0064616616
0.0064714622
0.0064823911
0.0064946026
0.0065082783
0.0065236335
0.0065409248
0.0065604614
0.0065826189
0.0066078591
0.0066367563
0.0066700354
0.0067086256
0.0067537398
0.0068069955
0.0068706011
0.0069476586
7.5828297e-15
1.4478458e-12
3.71069e-11
3.586151e-10
2.053946e-09
8.5684605e-09
2.8919203e-08
8.3639129e-08
2.140294e-07
4.9284444e-07
1.0288525e-06
1.9522104e-06
3.3743623e-06
5.3416079e-06
7.8165018e-06
1.06966e-05
1.3851025e-05
1.7150749e-05
2.0482307e-05
2.3756828e-05
2.6909529e-05
2.9870703e-05
3.2559514e-05
3.4892212e-05
3.6785111e-05
3.8160509e-05
3.8945369e-05
3.9102308e-05
3.8682829e-05
3.7855639e-05
3.6980857e-05
3.6709318e-05
3.8057672e-05
4.2354758e-05
5.1045612e-05
6.6995207e-05
8.9770205e-05
0.00011520142
0.00014147405
0.00016824395
0.00019563035
0.00022411141
0.00025432891
0.00028695542
0.00032263609
0.00036194305
0.00040538613
0.00043367189
0.000399202
0.00037572016
0.00035944517
0.00034310509
0.00032609409
0.00030931218
0.00029318734
0.00027797463
0.00026395917
0.00025160075
0.0002416224
0.00023494756
0.00023258123
0.00023553511
0.00024512725
0.00026236944
0.00028836117
0.00032450614
0.00037257857
0.00043475323
0.00051362274
0.00061223088
0.00073472679
0.00088634996
0.0010729236
0.0013015076
0.0015807121
0.0019210485
0.0023353741
0.0028394366
0.0034524513
0.0041971795
0.0051008549
0.0061968532
0.0063950791
0.0063918314
0.0063902776
0.0063898387
0.0063901
0.0063908814
0.0063920884
0.0063936854
0.0063956467
0.0063979807
0.0064006735
0.0064037286
0.0064071591
0.0064109867
0.0064152412
0.0064199602
0.0064251894
0.0064309826
0.0064374028
0.0064445229
0.0064524273
0.0064612138
0.0064709959
0.0064819057
0.0064940977
0.006507754
0.0065230901
0.0065403632
0.0065598832
0.0065820269
0.0066072574
0.006636151
0.0066694353
0.0067080431
0.0067531929
0.0068065095
0.0068702128
0.0069474213
7.6522712e-15
1.460982e-12
3.7410532e-11
3.6154363e-10
2.0714506e-09
8.6458482e-09
2.9196139e-08
8.4483977e-08
2.163053e-07
4.9836799e-07
1.0411374e-06
1.977583e-06
3.4234543e-06
5.4309225e-06
7.968817e-06
1.0939387e-05
1.4213474e-05
1.7661252e-05
2.1167593e-05
2.4644881e-05
2.8032977e-05
3.126345e-05
3.4254576e-05
3.6919261e-05
3.916688e-05
4.0907396e-05
4.2058255e-05
4.2544464e-05
4.2344508e-05
4.1551227e-05
4.040269e-05
3.9385234e-05
3.934945e-05
4.1565478e-05
4.7588251e-05
5.9207292e-05
7.9117869e-05
0.00010541547
0.00013322784
0.00016149491
0.00019019512
0.00021976864
0.00025086556
0.00028420617
0.00032049932
0.00036039613
0.00040448163
0.00045332969
0.000467816
0.00043244617
0.00040881109
0.00039112306
0.00037298841
0.00035434553
0.00033607995
0.00031857583
0.00030209117
0.0002869743
0.00027383314
0.00026358334
0.0002573204
0.00025618035
0.00026128139
0.00027403055
0.00029557884
0.00032724002
0.00037069597
0.00042805965
0.00050190101
0.00059526947
0.00071219738
0.00085800604
0.001038507
0.0012607241
0.0015332169
0.0018664341
0.0022731598
0.0027690675
0.0033732883
0.0041085129
0.0050021817
0.0060867283
0.0063953665
0.0063919035
0.006390214
0.0063896922
0.0063899101
0.0063906635
0.0063918451
0.0063934235
0.0063953689
0.0063976892
0.0064003694
0.0064034123
0.0064068306
0.0064106458
0.0064148872
0.0064195926
0.0064248073
0.0064305853
0.0064369892
0.0064440922
0.0064519786
0.0064607462
0.0064705087
0.0064813983
0.0064935697
0.0065072053
0.006522521
0.0065397747
0.006559277
0.0065814058
0.0066066258
0.0066355152
0.0066688045
0.0067074306
0.0067526173
0.0068059977
0.0068698035
0.0069471711
7.7249157e-15
1.474657e-12
3.7726223e-11
3.6451287e-10
2.0889983e-09
8.722806e-09
2.9469151e-08
8.5309092e-08
2.1849268e-07
5.0356287e-07
1.0523912e-06
2.0002472e-06
3.4666423e-06
5.5092873e-06
8.1032441e-06
1.1155817e-05
1.4539873e-05
1.8124874e-05
2.1793809e-05
2.5460272e-05
2.9069354e-05
3.2554905e-05
3.5835399e-05
3.8822176e-05
4.1420339e-05
4.353179e-05
4.5061093e-05
4.5913877e-05
4.6021869e-05
4.5403778e-05
4.4203131e-05
4.2760559e-05
4.1743863e-05
4.2269702e-05
4.5901022e-05
5.4373988e-05
7.0137716e-05
9.4542928e-05
0.00012391737
0.00015394218
0.00018423584
0.0002151285
0.00024727421
0.00028144672
0.00031842782
0.00035895092
0.00040368568
0.0004532576
0.00050830792
0.00050252704
0.00046693545
0.0004433417
0.00042404962
0.00040399069
0.00038367368
0.00036390747
0.00034501734
0.00032727702
0.00031113763
0.00029740553
0.00028721309
0.00028182934
0.00028251731
0.00029050639
0.00030729354
0.0003342188
0.00037286278
0.00042524231
0.00049386572
0.00058175699
0.0006928763
0.00083259304
0.0010067158
0.0012222462
0.0014877019
0.0018134743
0.0022122796
0.0026997209
0.0032948561
0.0040203722
0.0049038348
0.0059766977
0.0063956836
0.006391988
0.0063901498
0.0063895422
0.0063897138
0.006390437
0.0063915932
0.0063931523
0.0063950812
0.0063973872
0.0064000542
0.0064030844
0.0064064899
0.0064102919
0.0064145197
0.0064192107
0.0064244102
0.006430172
0.006436559
0.0064436439
0.0064515113
0.006460259
0.0064700008
0.0064808689
0.0064930186
0.0065066323
0.0065219264
0.0065391595
0.006558643
0.0065807559
0.0066059644
0.0066348491
0.0066681432
0.0067067879
0.0067520131
0.0068054601
0.0068693732
0.0069469078
7.7972268e-15
1.4885934e-12
3.8057044e-11
3.6764317e-10
2.1073392e-09
8.8024684e-09
2.9749465e-08
8.614509e-08
2.2066999e-07
5.0859941e-07
1.0629481e-06
2.0208371e-06
3.5050068e-06
5.57819e-06
8.2217724e-06
1.134843e-05
1.4833333e-05
1.8545328e-05
2.2365308e-05
2.6207965e-05
3.0023932e-05
3.375019e-05
3.7306256e-05
4.0603027e-05
4.3543048e-05
4.6021872e-05
4.7933252e-05
4.9176192e-05
4.9650442e-05
4.9306145e-05
4.8214091e-05
4.6596499e-05
4.4947964e-05
4.419076e-05
4.5776601e-05
5.1550789e-05
6.335212e-05
8.4732238e-05
0.00011419781
0.0001457862
0.00017775603
0.00021013884
0.00024350407
0.00027864627
0.00031641319
0.00035762075
0.00040302332
0.00045332074
0.00050918317
0.00057131467
0.00053818608
0.00050251889
0.00047926134
0.00045817656
0.00043610176
0.00041408923
0.00039280818
0.0003725301
0.00035357298
0.00033654926
0.00032251071
0.000312819
0.0003089086
0.00031216425
0.0003239387
0.00034582628
0.00037942166
0.00042663025
0.00048985709
0.00057205894
0.00067717108
0.00081055308
0.00097801624
0.0011865524
0.0014446507
0.0017626577
0.0021532279
0.0026318927
0.0032176384
0.0039331351
0.004805902
0.0058666443
0.0063960319
0.006392087
0.0063900878
0.0063893896
0.0063895117
0.0063902027
0.0063913335
0.0063928715
0.0063947838
0.0063970749
0.0063997281
0.0064027449
0.0064061371
0.0064099253
0.0064141388
0.0064188147
0.0064239982
0.0064297431
0.0064361121
0.0064431782
0.0064510255
0.0064597523
0.0064694722
0.0064803179
0.0064924446
0.0065060351
0.0065213064
0.0065385176
0.0065579811
0.006580077
0.0066052732
0.0066341525
0.0066674513
0.0067061151
0.00675138
0.0068048964
0.0068689217
0.0069466314
7.8769929e-15
1.5038892e-12
3.8427155e-11
3.7108681e-10
2.1272596e-09
8.8881416e-09
3.0046565e-08
8.7019795e-08
2.2290596e-07
5.1363681e-07
1.0731491e-06
2.0400171e-06
3.5396652e-06
5.639524e-06
8.3272906e-06
1.1521244e-05
1.509925e-05
1.8929543e-05
2.289063e-05
2.6897947e-05
3.0907785e-05
3.4861017e-05
3.8678774e-05
4.2272237e-05
4.5542502e-05
4.8381838e-05
5.0676769e-05
5.231388e-05
5.3180882e-05
5.3182615e-05
5.2314059e-05
5.0710566e-05
4.8715592e-05
4.7052984e-05
4.6994927e-05
5.0390067e-05
5.9296172e-05
7.6083305e-05
0.00010301736
0.0001364266
0.00017043549
0.00020461819
0.00023944788
0.00027574267
0.00031442402
0.00035639759
0.00040250626
0.00045352436
0.0005101642
0.00057304843
0.00062553677
0.00057472674
0.00053994987
0.00051656992
0.00049337689
0.00046929784
0.00044560176
0.0004227984
0.00040114439
0.00038105338
0.00036336843
0.00034942554
0.0003408121
0.00033911265
0.00034583335
0.00036247522
0.00039074084
0.00043255543
0.00049019707
0.00056650676
0.0006654528
0.00079230124
0.00095286016
0.0011541195
0.0014045571
0.0017144855
0.0020965043
0.0025660808
0.0031421189
0.003847256
0.0047088923
0.0057573348
0.0063964134
0.0063922027
0.00639003
0.0063892355
0.0063893056
0.0063899618
0.0063910685
0.0063925796
0.0063944769
0.0063967524
0.0063993913
0.0064023941
0.0064057722
0.0064095461
0.0064137446
0.0064184047
0.0064235716
0.0064292987
0.0064356489
0.0064426951
0.0064505215
0.0064592263
0.0064689233
0.0064797453
0.0064918478
0.006505414
0.0065206612
0.0065378493
0.0065572916
0.0065793694
0.0066045523
0.0066334255
0.0066667287
0.006705412
0.0067507179
0.0068043065
0.0068684489
0.0069463416
7.9655923e-15
1.5207596e-12
3.8837609e-11
3.749303e-10
2.1494303e-09
8.9823248e-09
3.0370472e-08
8.796031e-08
2.252628e-07
5.1881204e-07
1.083278e-06
2.0582954e-06
3.5714494e-06
5.6945472e-06
8.421495e-06
1.1676516e-05
1.5340524e-05
1.92812e-05
2.337442e-05
2.7535841e-05
3.1727455e-05
3.5894799e-05
3.9960995e-05
4.3838094e-05
4.7426656e-05
5.0616475e-05
5.3288762e-05
5.532048e-05
5.6592093e-05
5.6980923e-05
5.6420426e-05
5.4971341e-05
5.2856516e-05
5.0617006e-05
4.9308582e-05
5.0641719e-05
5.6797552e-05
6.9792304e-05
9.3358827e-05
0.00012639705
0.00016236025
0.00019851
0.00023502512
0.00027266983
0.00031241677
0.00035525988
0.00040213515
0.00045389878
0.00051132755
0.00057511055
0.00064591347
0.00066166734
0.00061255041
0.00058003938
0.00055520628
0.00052963294
0.00050359275
0.00047822016
0.00045389859
0.00043091055
0.00040983947
0.00039183362
0.00037853139
0.00037172601
0.00037313683
0.00038440125
0.00040720401
0.00044335805
0.00049519324
0.0005654049
0.00065805904
0.00077822024
0.00093167389
0.0011254115
0.0013679089
0.0016694572
0.0020426157
0.0025027851
0.0030687877
0.0037632244
0.0046133732
0.005649421
0.0063968299
0.006392337
0.0063899783
0.0063890818
0.0063891008
0.006389714
0.006390794
0.0063922801
0.0063941606
0.00639642
0.0063990438
0.0064020321
0.0064053957
0.0064091545
0.0064133374
0.006417981
0.0064231303
0.006428839
0.0064351695
0.0064421949
0.0064499993
0.006458681
0.0064683541
0.0064791513
0.0064912284
0.006504769
0.0065199909
0.0065371547
0.0065565745
0.006578633
0.0066038017
0.0066326681
0.0066659755
0.0067046786
0.0067500269
0.0068036903
0.0068679547
0.0069460385
8.0634896e-15
1.5393528e-12
3.9296908e-11
3.79241e-10
2.1740022e-09
9.0855642e-09
3.0720894e-08
8.8964171e-08
2.2773845e-07
5.2411796e-07
1.0933101e-06
2.0755829e-06
3.600236e-06
5.7430317e-06
8.5040729e-06
1.1813809e-05
1.5556628e-05
1.9599877e-05
2.381654e-05
2.8121994e-05
3.2484001e-05
3.6853602e-05
4.1156335e-05
4.5305444e-05
4.9201299e-05
5.273198e-05
5.5774834e-05
5.8199517e-05
5.9874122e-05
6.0669575e-05
6.0477399e-05
5.928111e-05
5.7215608e-05
5.436441e-05
5.2457175e-05
5.2118478e-05
5.5809334e-05
6.5885316e-05
8.4800312e-05
0.00011527709
0.00015321026
0.00019160237
0.00023009022
0.00026932916
0.00031032792
0.0003541712
0.00040189652
0.00045445292
0.00051269708
0.00057740274
0.00064930835
0.00072932001
0.00069930704
0.00065259584
0.00062194053
0.00059506738
0.00056701181
0.00053902383
0.0005119751
0.00048614941
0.00046191636
0.0004401248
0.00042228714
0.00041033446
0.00040623472
0.00041182829
0.00042887806
0.00045919612
0.00050499769
0.00056904168
0.00065530037
0.00076865693
0.00091485119
0.0011008664
0.0013351781
0.0016280691
0.0019920689
0.002442511
0.0029981425
0.003681535
0.0045198726
0.0055434809
0.0063972833
0.006392492
0.0063899338
0.0063889273
0.006388888
0.0063894593
0.006390511
0.0063919728
0.0063938353
0.0063960779
0.006398686
0.0064016592
0.0064050075
0.0064087508
0.0064129173
0.0064175437
0.0064226748
0.0064283641
0.0064346741
0.0064416777
0.0064494592
0.0064581168
0.0064677648
0.006478536
0.0064905865
0.0065041003
0.0065192956
0.0065364338
0.0065558299
0.0065778681
0.0066030215
0.0066318804
0.0066651915
0.0067039148
0.0067493068
0.0068030477
0.0068674388
0.0069457218
8.1565567e-15
1.5570769e-12
3.9738406e-11
3.8336939e-10
2.1973916e-09
9.1832964e-09
3.1050012e-08
8.9896328e-08
2.2999288e-07
5.2879342e-07
1.1017026e-06
2.0891324e-06
3.6215095e-06
5.7782181e-06
8.565491e-06
1.1920344e-05
1.5731092e-05
1.9864638e-05
2.4190396e-05
2.8621481e-05
3.3037966e-05
3.7378015e-05
4.1852725e-05
4.6446594e-05
5.0853404e-05
5.4713291e-05
5.8119157e-05
6.0934407e-05
6.3017017e-05
6.4228347e-05
6.443188e-05
6.3558516e-05
6.165723e-05
5.7907228e-05
5.6194308e-05
5.4574328e-05
5.6123296e-05
6.3368884e-05
7.8489703e-05
0.00010568579
0.00014341104
0.00018398542
0.0002246067
0.00026565333
0.00030809642
0.00035308796
0.00040176577
0.00045517911
0.00051427353
0.00057990268
0.00065286095
0.00073391591
0.00080438359
0.00073926811
0.00069499995
0.00066532914
0.00063592342
0.00060548334
0.00057561018
0.00054689495
0.00051960987
0.00049430617
0.00047220079
0.00045519632
0.00044547915
0.00044515181
0.00045614595
0.00048034709
0.00051994301
0.00057770685
0.00065746783
0.00076392819
0.00090275153
0.0010808918
0.0013068162
0.0015908041
0.0019453604
0.0023857637
0.0029306903
0.0036027032
0.0044289621
0.0054400959
0.0063977754
0.0063926702
0.0063898986
0.0063887732
0.0063886688
0.006389198
0.0063902203
0.0063916577
0.006393501
0.0063957261
0.006398318
0.0064012754
0.006404608
0.006408335
0.0064124845
0.006417093
0.0064222051
0.0064278742
0.0064341629
0.0064411438
0.0064489013
0.0064575339
0.0064671556
0.0064778997
0.0064899224
0.0065034081
0.0065185756
0.0065356868
0.0065550579
0.0065770745
0.0066022117
0.0066310623
0.0066643769
0.0067031205
0.0067485573
0.0068023784
0.0068669012
0.0069453914
8.2452992e-15
1.5740564e-12
4.0166882e-11
3.8739417e-10
2.220172e-09
9.2780458e-09
3.1366773e-08
9.0782264e-08
2.3209631e-07
5.3301635e-07
1.1088626e-06
2.0997224e-06
3.6366287e-06
5.8022251e-06
8.6088334e-06
1.2000298e-05
1.586906e-05
2.0081655e-05
2.4503178e-05
2.9042539e-05
3.3353237e-05
3.7740754e-05
4.2320545e-05
4.7085522e-05
5.194317e-05
5.6550789e-05
6.0305748e-05
6.3502921e-05
6.5991122e-05
6.7617177e-05
6.8233875e-05
6.7736852e-05
6.6014687e-05
6.1644152e-05
5.9030143e-05
5.7729924e-05
5.7541662e-05
6.2245649e-05
7.4453093e-05
9.6984957e-05
0.00013229444
0.00017525372
0.00021833736
0.00026149526
0.00030562746
0.00035194916
0.00040170602
0.00045605845
0.0005160509
0.00058262026
0.00065662136
0.00073883992
0.00082998772
0.00084148469
0.00078132896
0.00074147077
0.000710184
0.00067781762
0.00064511014
0.00061337962
0.00058301916
0.00055437807
0.00052830903
0.0005064797
0.00049116491
0.00048474434
0.00048940715
0.00050720302
0.00054037553
0.00059169935
0.00066484483
0.0007643282
0.00089570281
0.001065861
0.001283244
0.0015581228
0.0019029814
0.0023330527
0.0028669534
0.0035272581
0.0043411752
0.0053397883
0.0063983049
0.0063928756
0.006389879
0.0063886258
0.0063884448
0.0063889312
0.0063899221
0.0063913346
0.0063931579
0.006395365
0.0063979401
0.0064008811
0.0064041972
0.0064079073
0.0064120392
0.0064166291
0.0064217215
0.0064273696
0.006433636
0.0064405934
0.006448326
0.0064569324
0.0064665268
0.0064772426
0.0064892363
0.0065026925
0.0065178308
0.0065349138
0.0065542587
0.0065762526
0.0066013724
0.0066302139
0.0066635314
0.0067022957
0.0067477785
0.0068016824
0.0068663415
0.0069450472
8.3448019e-15
1.5929121e-12
4.0640159e-11
3.9186925e-10
2.2454747e-09
9.3827803e-09
3.1714992e-08
9.1749544e-08
2.3437205e-07
5.3751505e-07
1.1162693e-06
2.1100403e-06
3.6500059e-06
5.8216305e-06
8.6431825e-06
1.2065439e-05
1.5985339e-05
2.0268806e-05
2.47758e-05
2.9286645e-05
3.36139e-05
3.8095488e-05
4.2792258e-05
4.7680583e-05
5.2708223e-05
5.7746445e-05
6.2340229e-05
6.5904761e-05
6.8790182e-05
7.0831074e-05
7.1864491e-05
7.1768577e-05
7.0372938e-05
6.5464957e-05
6.2142984e-05
6.1412409e-05
5.9852867e-05
6.2311702e-05
7.1649237e-05
9.0137763e-05
0.0001227038
0.00016630646
0.00021156844
0.00025689562
0.00030288468
0.00035070691
0.00040167877
0.00045706606
0.00051801708
0.00058555806
0.00066061422
0.00074403161
0.00083659861
0.00093933119
0.0008826206
0.00082656456
0.00079001506
0.00075609963
0.00072080891
0.00068593413
0.00065236536
0.0006204127
0.0005906181
0.00056426584
0.00054351015
0.00053093507
0.00052904789
0.00054016021
0.0005666566
0.00061133425
0.00067771836
0.00077013847
0.00089400529
0.0010561123
0.0012648482
0.0015304594
0.0018654071
0.0022848833
0.0028074571
0.0034557163
0.004256943
0.0052431849
0.0063988614
0.0063931046
0.0063898663
0.0063884751
0.0063882173
0.0063886637
0.006389617
0.006391004
0.0063928063
0.0063949946
0.0063975523
0.0064004764
0.0064037755
0.0064074681
0.0064115817
0.0064161522
0.0064212241
0.0064268505
0.0064330937
0.0064400266
0.0064477333
0.0064563125
0.0064658784
0.0064765648
0.0064885282
0.0065019538
0.0065170616
0.006534115
0.0065534324
0.0065754022
0.0066005036
0.0066293351
0.0066626552
0.0067014402
0.0067469702
0.0068009594
0.0068657597
0.006944689
8.4602716e-15
1.6149125e-12
4.1197872e-11
3.9716699e-10
2.2755222e-09
9.507341e-09
3.212805e-08
9.2896495e-08
2.3707333e-07
5.4287423e-07
1.1251096e-06
2.1222203e-06
3.6650326e-06
5.8413847e-06
8.6752633e-06
1.2124499e-05
1.6090797e-05
2.043981e-05
2.5026163e-05
2.94655e-05
3.3858602e-05
3.8458688e-05
4.3287548e-05
4.8301316e-05
5.3448324e-05
5.8667926e-05
6.3788128e-05
6.8157883e-05
7.1427335e-05
7.38769e-05
7.5327836e-05
7.5635465e-05
7.4708434e-05
6.9483965e-05
6.5497973e-05
6.4089057e-05
6.2817681e-05
6.340105e-05
7.0110014e-05
8.5652133e-05
0.00011383289
0.00015560153
0.0002037005
0.00025161366
0.00029975187
0.00034929162
0.00040163786
0.00045817171
0.00052015421
0.00058870842
0.00066483546
0.00074943521
0.00084330975
0.0009471099
0.001002106
0.00092694575
0.00087676252
0.00084012647
0.00080288949
0.00076492277
0.0007279698
0.0006925976
0.00065917534
0.0006285836
0.00060265037
0.00058399292
0.00057542716
0.0005796104
0.00059916008
0.0006369464
0.00069638808
0.00078163898
0.00089794266
0.0010519569
0.0012519824
0.0015082149
0.0018330848
0.0022417462
0.0027527306
0.0033886461
0.0041768686
0.0051504686
0.0063493389
0.0063933564
0.0063898617
0.0063883232
0.006387986
0.0063883883
0.0063893059
0.0063906663
0.0063924467
0.0063946155
0.006397155
0.0064000615
0.006403343
0.0064070174
0.006411112
0.0064156625
0.0064207132
0.006426317
0.0064325362
0.0064394436
0.0064471235
0.0064556744
0.0064652108
0.0064758665
0.0064877984
0.0065011921
0.0065162681
0.0065332906
0.0065525791
0.0065745235
0.0065996054
0.006628426
0.0066617482
0.006700554
0.0067461321
0.0068002093
0.0068651555
0.0069443167
8.596588e-15
1.640971e-12
4.1861593e-11
4.0351042e-10
2.3116253e-09
9.6566904e-09
3.2623627e-08
9.427526e-08
2.4033506e-07
5.4940319e-07
1.1360109e-06
2.1374013e-06
3.6835401e-06
5.864094e-06
8.7084821e-06
1.2181706e-05
1.6190957e-05
2.0601968e-05
2.5264166e-05
2.9647057e-05
3.4111882e-05
3.8835177e-05
4.3804839e-05
4.8954878e-05
5.4219839e-05
5.9552668e-05
6.489256e-05
7.0001684e-05
7.3920896e-05
7.6768104e-05
7.8633547e-05
7.9339405e-05
7.8788387e-05
7.3573174e-05
6.8983556e-05
6.6836616e-05
6.6282602e-05
6.5336097e-05
6.9682203e-05
8.2437798e-05
0.00010626743
0.00014550063
0.0001953604
0.00024574208
0.00029618498
0.00034764239
0.00040153404
0.00045934113
0.00052244087
0.00059206099
0.00066928637
0.00075507982
0.00085029425
0.00095566884
0.0010721031
0.0010431406
0.00097588125
0.00093074222
0.00089144333
0.00085070952
0.00081023355
0.0007712412
0.00073413047
0.00069947283
0.00066865825
0.00064411425
0.00062885725
0.00062592811
0.0006382667
0.00066889026
0.00072117201
0.00079911711
0.00090779124
0.0010536843
0.0012449693
0.001491761
0.0018064391
0.0022041183
0.0027033124
0.0033266899
0.0041017272
0.0050617532
0.0062442002
0.0063936287
0.006389866
0.0063881714
0.0063877521
0.0063881073
0.0063889929
0.0063903244
0.0063920811
0.006394229
0.0063967493
0.0063996373
0.0064029003
0.0064065558
0.0064106307
0.0064151603
0.006420189
0.0064257694
0.0064319638
0.0064388448
0.0064464968
0.0064550184
0.0064645241
0.0064751479
0.0064870471
0.0065004075
0.0065154503
0.0065324406
0.0065516988
0.0065736167
0.0065986778
0.0066274866
0.0066608102
0.0066996369
0.0067452643
0.0067994318
0.0068645288
0.0069439301
8.7557511e-15
1.6713168e-12
4.2634644e-11
4.1093645e-10
2.3539208e-09
9.8316954e-09
3.3204768e-08
9.5894775e-08
2.4418204e-07
5.571662e-07
1.1491411e-06
2.1559163e-06
3.7060412e-06
5.8904412e-06
8.7436732e-06
1.2238176e-05
1.6286985e-05
2.0756812e-05
2.5492257e-05
2.9836324e-05
3.4378145e-05
3.9227227e-05
4.4342241e-05
4.9638428e-05
5.5033174e-05
6.0469975e-05
6.5919416e-05
7.1313553e-05
7.629207e-05
7.9525945e-05
8.1800421e-05
8.2909868e-05
8.2725444e-05
7.7664428e-05
7.2572605e-05
6.9863045e-05
6.9854327e-05
6.7945458e-05
7.0208286e-05
8.0230614e-05
0.00010055581
0.00013686039
0.00018669861
0.00023943207
0.00029222808
0.00034574246
0.00040133281
0.00046054232
0.00052485379
0.00059560182
0.00067396174
0.00076096623
0.00085752292
0.00096442272
0.0010823814
0.0011812447
0.0010907772
0.0010293039
0.00098632415
0.0009434627
0.00089956212
0.00085673593
0.00081575236
0.00077704422
0.00074158555
0.000711428
0.00068959246
0.00067945816
0.00068435439
0.00070753511
0.00075240775
0.0008228747
0.00092382922
0.0010615702
0.001244107
0.0014814365
0.0017858603
0.0021724505
0.0026597301
0.0032704678
0.0040322364
0.004978221
0.0061438861
0.0063939215
0.006389881
0.0063880227
0.0063875214
0.0063878204
0.0063886722
0.0063899744
0.0063917069
0.0063938335
0.0063963341
0.0063992031
0.0064024471
0.0064060831
0.0064101375
0.0064146456
0.0064196516
0.0064252078
0.0064313765
0.0064382303
0.0064458534
0.0064543446
0.0064638186
0.0064744093
0.0064862745
0.0064996004
0.0065146086
0.0065315652
0.0065507918
0.0065726818
0.0065977208
0.0066265169
0.0066598413
0.006698689
0.0067443665
0.0067986268
0.0068638792
0.006943529
8.9346641e-15
1.705469e-12
4.3505917e-11
4.1930818e-10
2.4016911e-09
1.0029878e-08
3.3862937e-08
9.7730739e-08
2.4855812e-07
5.6605092e-07
1.1642988e-06
2.1774558e-06
3.7321181e-06
5.9198126e-06
8.779809e-06
1.2291848e-05
1.6375284e-05
2.0898028e-05
2.5599154e-05
3.0006111e-05
3.4660727e-05
3.9646238e-05
4.4910526e-05
5.0359992e-05
5.5900018e-05
6.1460384e-05
6.7007e-05
7.2514254e-05
7.7816717e-05
8.2155527e-05
8.4824349e-05
8.6335464e-05
8.6523962e-05
8.1788131e-05
7.6368761e-05
7.3073941e-05
7.2325215e-05
7.1043233e-05
7.1554508e-05
7.9094138e-05
9.6750986e-05
0.00012875573
0.00017663024
0.00023223297
0.0002877113
0.00034351631
0.00040098741
0.0004617407
0.00052736776
0.00059931449
0.00067885294
0.00076709233
0.00086499915
0.00097341114
0.0010930462
0.0012245065
0.0012223821
0.0011434177
0.0010889209
0.0010433243
0.00099634429
0.00094953228
0.00090441801
0.00086152171
0.00082152455
0.00078602502
0.00075782411
0.00074050118
0.0007377862
0.00075325779
0.00079045131
0.00085323193
0.00094634413
0.0010758872
0.001249677
0.0014775524
0.0017717085
0.0021471668
0.0026224782
0.0032205243
0.0039689552
0.004900752
0.0060501291
0.0063942338
0.0063899109
0.0063878819
0.0063872845
0.0063875286
0.0063883441
0.0063896167
0.0063913245
0.0063934293
0.0063959098
0.0063987593
0.0064019837
0.0064055995
0.0064096328
0.0064141189
0.0064191013
0.0064246326
0.0064307747
0.0064376002
0.0064451935
0.0064536533
0.0064630944
0.0064736509
0.0064854808
0.0064987707
0.006513743
0.0065306645
0.0065498582
0.0065717188
0.0065967346
0.0066255169
0.0066588415
0.0066977099
0.0067434385
0.006797794
0.0068632066
0.0069431133
9.1380828e-15
1.7443378e-12
4.449877e-11
4.2886526e-10
2.4562674e-09
1.0256227e-08
3.4615066e-08
9.9832722e-08
2.5358639e-07
5.763344e-07
1.1820643e-06
2.2031389e-06
3.7636775e-06
5.955115e-06
8.8209846e-06
1.2348335e-05
1.6463306e-05
2.1035732e-05
2.5700557e-05
3.0179501e-05
3.495146e-05
4.0077803e-05
4.5496718e-05
5.1106528e-05
5.6801787e-05
6.2495835e-05
6.8139467e-05
7.3723217e-05
7.9219342e-05
8.433675e-05
8.7733128e-05
8.9643256e-05
9.0214931e-05
8.5923227e-05
8.0282893e-05
7.6375901e-05
7.4966547e-05
7.4525442e-05
7.3578409e-05
7.8868984e-05
9.3923212e-05
0.0001217877
0.00016723303
0.00022469589
0.00028271855
0.00034093563
0.00040045507
0.00046289996
0.00052995562
0.00060318032
0.00068394864
0.00077345304
0.00087272399
0.0009826494
0.0011039893
0.0012373892
0.0013797892
0.0012737418
0.0012006076
0.0011503807
0.0011008331
0.0010500957
0.0010005826
0.00095324518
0.00090865367
0.00086799977
0.00083369465
0.00080930658
0.00079889771
0.00080643157
0.00083567186
0.00089052747
0.00097563822
0.0010969122
0.0012619505
0.0014804003
0.0017643189
0.0021286631
0.0025920127
0.0031773354
0.0039122753
0.0048294725
0.0059623082
0.0063945638
0.0063899489
0.0063877394
0.0063870438
0.0063872367
0.0063880091
0.0063892515
0.0063909342
0.0063930167
0.0063954764
0.0063983059
0.0064015102
0.0064051053
0.0064091168
0.0064135801
0.0064185384
0.0064240439
0.0064301586
0.006436955
0.0064445174
0.0064529447
0.0064623517
0.0064728728
0.0064846661
0.0064979188
0.0065128538
0.0065297388
0.006548898
0.0065707279
0.0065957192
0.0066244865
0.0066578106
0.0066966997
0.0067424802
0.0067969332
0.0068625107
0.0069426827
9.368153e-15
1.7882768e-12
4.5622408e-11
4.3969803e-10
2.5181202e-09
1.05127e-08
3.5467735e-08
1.0221766e-07
2.5930612e-07
5.8810098e-07
1.2026182e-06
2.2333426e-06
3.8014257e-06
5.9974934e-06
8.8687653e-06
1.240958e-05
1.6553402e-05
2.1172925e-05
2.5811607e-05
3.0364361e-05
3.5252856e-05
4.0519052e-05
4.6093181e-05
5.186754e-05
5.7727462e-05
6.3572344e-05
6.9335306e-05
7.4997428e-05
8.0569422e-05
8.5960799e-05
9.0540477e-05
9.2843059e-05
9.379305e-05
9.0024895e-05
8.4208187e-05
7.9732411e-05
7.7826696e-05
7.8310087e-05
7.6158435e-05
7.9424102e-05
9.18813e-05
0.00011626355
0.00015929516
0.00021730164
0.00027751897
0.00033808751
0.00039973971
0.00046399834
0.00053259325
0.00060717999
0.00068923555
0.00078004015
0.0008806923
0.00099212902
0.0011151359
0.0012503199
0.0013979599
0.0014218945
0.0013303098
0.0012663236
0.0012132346
0.0011588721
0.0011047561
0.0010526536
0.0010032631
0.00095750105
0.00091732507
0.00088607221
0.00086798545
0.00086741538
0.00088844385
0.00093511606
0.0010120311
0.001124932
0.0012811978
0.0014902579
0.0017640013
0.0021173017
0.0025687457
0.0031413316
0.0038626014
0.0047648184
0.005881146
0.0063949102
0.0063899955
0.0063875975
0.0063867997
0.0063869368
0.0063876678
0.0063888789
0.006390536
0.0063925958
0.0063950344
0.0063978432
0.0064010268
0.0064046006
0.0064085898
0.0064130297
0.006417963
0.0064234419
0.0064295285
0.0064362947
0.0064438253
0.0064522191
0.0064615909
0.0064720753
0.0064838308
0.0064970449
0.0065119412
0.0065287882
0.0065479114
0.0065697092
0.0065946747
0.0066234259
0.0066567486
0.0066956583
0.0067414913
0.0067960442
0.0068617913
0.006942237
9.6276495e-15
1.8378045e-12
4.6884965e-11
4.5184542e-10
2.5875284e-09
1.0800597e-08
3.6424635e-08
1.0489463e-07
2.657368e-07
6.0138212e-07
1.2260042e-06
2.2681723e-06
3.8456354e-06
6.0474467e-06
8.9239423e-06
1.2476648e-05
1.6646776e-05
2.1310917e-05
2.5932884e-05
3.0561807e-05
3.5565713e-05
4.0969631e-05
4.6697879e-05
5.2638466e-05
5.8670127e-05
6.4680533e-05
7.0585609e-05
7.6349193e-05
8.1987674e-05
8.750683e-05
9.2627747e-05
9.5943064e-05
9.726636e-05
9.4069041e-05
8.8178742e-05
8.3285396e-05
8.0868998e-05
8.1019097e-05
7.9146392e-05
8.0658244e-05
9.0709103e-05
0.00011247064
0.0001519351
0.000208733
0.00027173701
0.0003348871
0.00039881618
0.00046501514
0.00053525958
0.0006112953
0.00069470007
0.00078684466
0.00088889954
0.0010018539
0.0011265274
0.0012635603
0.0014133952
0.0015769723
0.0014770807
0.0013935
0.0013340211
0.0012762306
0.0012174744
0.0011602613
0.0011057518
0.0010547657
0.0010088548
0.00097096198
0.00094530301
0.0009365431
0.00094913707
0.00098736341
0.0010558591
0.0011602471
0.001307694
0.0015073954
0.0017710471
0.0021134139
0.0025530491
0.0031129099
0.0038203743
0.0047074288
0.0058075565
0.0063952704
0.0063900538
0.006387463
0.0063865584
0.0063866308
0.0063873242
0.0063884992
0.0063901302
0.0063921668
0.0063945837
0.0063973715
0.0064005338
0.0064040857
0.0064080522
0.0064124679
0.0064173754
0.006422827
0.0064288844
0.0064356196
0.0064431174
0.0064514766
0.006460812
0.0064712586
0.0064829749
0.0064961491
0.0065110052
0.0065278128
0.0065468986
0.0065686628
0.006593601
0.0066223349
0.0066556555
0.0066945854
0.0067404718
0.0067951267
0.006861048
0.006941776
9.9179662e-15
1.8931345e-12
4.8292384e-11
4.6538724e-10
2.6648961e-09
1.1121263e-08
3.749014e-08
1.078748e-07
2.7289552e-07
6.1620052e-07
1.252257e-06
2.3076926e-06
3.8965059e-06
6.1054465e-06
8.9872969e-06
1.2550513e-05
1.6744523e-05
2.1450827e-05
2.6064844e-05
3.0771489e-05
3.5889383e-05
4.1428897e-05
4.730973e-05
5.3417194e-05
5.9625092e-05
6.5811196e-05
7.1874625e-05
7.7756676e-05
8.3458371e-05
8.9024186e-05
9.4403359e-05
9.8950613e-05
0.00010064799
9.8024183e-05
9.2184684e-05
8.6990417e-05
8.4004077e-05
8.3528246e-05
8.2453015e-05
8.2469023e-05
9.033405e-05
0.00010977374
0.00014518466
0.00019985566
0.000265426
0.00033128074
0.00039764454
0.00046592342
0.0005379331
0.00061550839
0.00070032824
0.00079385667
0.00089733976
0.0010118221
0.0011381603
0.0012770199
0.0014288551
0.0015939156
0.0016440686
0.0015398264
0.0014649498
0.0014024972
0.0013392529
0.0012766368
0.0012166125
0.0011601379
0.001108482
0.0010641307
0.0010310642
0.0010141137
0.001018107
0.0010476381
0.0011074719
0.0012031737
0.0013417244
0.0015320834
0.001785735
0.002117304
0.0025452571
0.0030924344
0.0037860243
0.0046578894
0.0057421887
0.0063956412
0.0063901174
0.0063873258
0.0063863101
0.0063863192
0.0063869721
0.0063881123
0.006389717
0.00639173
0.0063941247
0.0063968909
0.0064000315
0.006403561
0.006407504
0.0064118948
0.0064167758
0.0064221992
0.0064282267
0.00643493
0.006442394
0.0064507175
0.0064600154
0.0064704229
0.0064820988
0.0064952316
0.0065100462
0.0065268128
0.0065458597
0.0065675887
0.0065924983
0.0066212137
0.0066545311
0.006693481
0.0067394213
0.0067941805
0.0068602807
0.0069412995
1.0237928e-14
1.9541754e-12
4.9849253e-11
4.8038513e-10
2.7504946e-09
1.1476015e-08
3.8669315e-08
1.1117143e-07
2.8081313e-07
6.3260685e-07
1.2814366e-06
2.3520133e-06
3.9543183e-06
6.1720792e-06
9.0597348e-06
1.2632367e-05
1.6848032e-05
2.1593913e-05
2.6207278e-05
3.0992855e-05
3.622296e-05
4.1895418e-05
4.7926396e-05
5.4199699e-05
6.0585898e-05
6.6955161e-05
7.3192766e-05
7.9220515e-05
8.5020628e-05
9.064136e-05
9.611699e-05
0.00010112103
0.00010393263
0.00010196284
9.6231745e-05
9.0758837e-05
8.7188115e-05
8.616272e-05
8.6018738e-05
8.4759383e-05
9.0623664e-05
0.00010771911
0.00013945899
0.00019189435
0.00025908116
0.00032740059
0.00039623657
0.00046670683
0.00054059443
0.0006198023
0.0007061067
0.00080106656
0.000906007
0.0010220319
0.0011500392
0.001290727
0.0014445962
0.0016120027
0.0017937072
0.0017042282
0.00160933
0.0015384739
0.0014705734
0.0014023785
0.0013364046
0.0012740547
0.0012164829
0.0011657541
0.0011254553
0.0011003879
0.0010956845
0.0011163031
0.0011672276
0.0012540418
0.0013835859
0.0015645965
0.0018083354
0.0021292539
0.0025456714
0.0030802404
0.0037599606
0.0046167229
0.0056855766
0.0063960191
0.0063901854
0.0063871874
0.0063860576
0.0063860067
0.0063866117
0.0063877185
0.0063892964
0.0063912854
0.0063936576
0.0063964017
0.00639952
0.0064030265
0.0064069454
0.0064113106
0.0064161644
0.0064215589
0.0064275555
0.006434226
0.0064416553
0.006449942
0.0064592013
0.0064695684
0.0064812026
0.0064942927
0.0065090642
0.0065257884
0.0065447948
0.0065664871
0.0065913665
0.0066200621
0.0066533755
0.0066923449
0.0067383397
0.0067932052
0.0068594889
0.0069408072
1.0588216e-14
2.0211638e-12
5.1561921e-11
4.9687867e-10
2.8447088e-09
1.1866773e-08
3.9967346e-08
1.14799e-07
2.8952069e-07
6.5064167e-07
1.3135735e-06
2.4011616e-06
4.0191487e-06
6.2476146e-06
9.1418423e-06
1.2723096e-05
1.6958212e-05
2.1741093e-05
2.6360434e-05
3.122527e-05
3.6565485e-05
4.2367615e-05
4.854575e-05
5.4983337e-05
6.1549005e-05
6.8107299e-05
7.453205e-05
8.0726452e-05
8.6648142e-05
9.2326768e-05
9.7828055e-05
0.00010303804
0.0001069601
0.00010580521
0.00010026973
9.4533834e-05
9.0403364e-05
8.8950493e-05
8.9794132e-05
8.7449391e-05
9.1487086e-05
0.00010624791
0.00013484709
0.00018518596
0.0002530433
0.00032346744
0.00039467611
0.00046738108
0.00054323557
0.0006241639
0.00071202344
0.00080846511
0.00091489533
0.0010324806
0.0011621639
0.001304677
0.0014605509
0.0016301372
0.0018135935
0.0018915142
0.0017735547
0.0016858218
0.0016118556
0.0015380448
0.0014657234
0.0013970285
0.0013332228
0.0012760577
0.0012286552
0.001195592
0.0011821684
0.0011937056
0.001235484
0.0013131917
0.0014335884
0.0016052163
0.0018391147
0.002149529
0.0025545693
0.0030766456
0.0037425838
0.0045844351
0.005638242
0.0063964003
0.0063902591
0.0063870535
0.0063858063
0.0063856843
0.0063862394
0.0063873178
0.0063888687
0.0063908334
0.0063931826
0.0063959041
0.0063989996
0.0064024825
0.0064063767
0.0064107157
0.0064155416
0.0064209064
0.0064268713
0.006433508
0.0064409015
0.0064491504
0.0064583699
0.0064686955
0.0064802866
0.0064933326
0.0065080595
0.0065247398
0.006543704
0.0065653581
0.0065902059
0.0066188803
0.0066521886
0.006691177
0.0067372268
0.0067922007
0.0068586725
0.0069402989
1.097533e-14
2.095045e-12
5.3446537e-11
5.1502425e-10
2.9483722e-09
1.2296483e-08
4.1393182e-08
1.1877828e-07
2.9905842e-07
6.7036991e-07
1.3487467e-06
2.4551964e-06
4.0910974e-06
6.3323628e-06
9.2342178e-06
1.2823524e-05
1.7076065e-05
2.1893377e-05
2.6523987e-05
3.1468229e-05
3.6915807e-05
4.2844112e-05
4.9165874e-05
5.5765061e-05
6.2509741e-05
6.9260623e-05
7.5882817e-05
8.226448e-05
8.8342473e-05
9.4124131e-05
9.9665983e-05
0.00010490203
0.00010907393
0.00010933686
0.00010423785
9.8368779e-05
9.3808729e-05
9.1900409e-05
9.2750892e-05
9.0437738e-05
9.2854003e-05
0.00010542096
0.00013155352
0.00017915371
0.00024645005
0.00031931532
0.00039296511
0.00046795904
0.00054585627
0.00062858538
0.00071806924
0.00081604475
0.00092399953
0.0010431658
0.0011745346
0.0013188732
0.0014767419
0.001648519
0.0018344281
0.0020349526
0.0019567238
0.0018486406
0.0017641136
0.0016841668
0.0016051776
0.0015296195
0.0014591397
0.0013953267
0.001340856
0.0012999244
0.0012778203
0.0012801681
0.0013125917
0.0013809687
0.0014920516
0.0016542333
0.0018783397
0.0021783835
0.0025722117
0.0030819504
0.0037342757
0.0045615074
0.0056006815
0.0063967801
0.0063903327
0.0063869153
0.0063855471
0.0063853541
0.0063858614
0.0063869102
0.006388434
0.006390374
0.0063926998
0.0063953982
0.0063984704
0.0064019292
0.0064057981
0.0064101102
0.0064149075
0.0064202418
0.0064261741
0.0064327762
0.0064401329
0.0064483429
0.0064575215
0.0064678043
0.006479351
0.0064923514
0.0065070323
0.006523667
0.0065425876
0.0065642018
0.0065890163
0.0066176681
0.0066509702
0.0066899771
0.0067360822
0.0067911665
0.006857831
0.0069397743
1.1401732e-14
2.1762802e-12
5.5515779e-11
5.3494998e-10
3.0621075e-09
1.276753e-08
4.2954825e-08
1.2312946e-07
3.0946559e-07
6.9185382e-07
1.387013e-06
2.5141189e-06
4.1701514e-06
6.4264108e-06
9.3372208e-06
1.2934341e-05
1.7202466e-05
2.2051537e-05
2.6698011e-05
3.1720995e-05
3.7273136e-05
4.3323769e-05
4.9785318e-05
5.6543186e-05
6.3466018e-05
7.0412382e-05
7.7240745e-05
8.3825752e-05
9.0081266e-05
9.5981615e-05
0.0001015525
0.00010675745
0.00011110746
0.00011263512
0.00010807834
0.00010224947
9.7383097e-05
9.4943949e-05
9.5233911e-05
9.3654078e-05
9.4659192e-05
0.00010523222
0.0001293424
0.00017344132
0.00023916639
0.00031475979
0.00039103577
0.00046842711
0.00054845337
0.00063306202
0.00072423801
0.00082379996
0.00093331611
0.001054086
0.0011871517
0.0013333172
0.0014931699
0.0016671048
0.0018553351
0.0020578644
0.002165257
0.0020315756
0.0019287468
0.0018411622
0.0017552936
0.0016723863
0.0015947103
0.0015239041
0.0014622802
0.0014135694
0.0013828664
0.0013759803
0.0013988827
0.0014577144
0.0015593017
0.0017119456
0.0019262797
0.002216067
0.0025988488
0.0030964395
0.0037353971
0.0045483805
0.0055733419
0.0063971536
0.0063904062
0.0063867785
0.0063852879
0.0063850222
0.0063854772
0.0063864959
0.0063879925
0.0063899075
0.0063922094
0.0063948844
0.0063979328
0.0064013668
0.0064052098
0.0064094943
0.0064142624
0.0064195654
0.0064254643
0.0064320308
0.0064393498
0.0064475198
0.0064566563
0.006466895
0.006478396
0.0064913494
0.0065059828
0.0065225704
0.0065414456
0.0065630183
0.0065877979
0.0066164256
0.0066497203
0.006688745
0.0067349059
0.0067901024
0.0068569641
0.0069392331
1.1865693e-14
2.2648308e-12
5.7773814e-11
5.5668682e-10
3.1862295e-09
1.3281533e-08
4.4657598e-08
1.2786793e-07
3.2077214e-07
7.151233e-07
1.4283709e-06
2.5778405e-06
4.2560894e-06
6.5294978e-06
9.4506617e-06
1.3055357e-05
1.7336894e-05
2.2214215e-05
2.6881732e-05
3.1983026e-05
3.7636546e-05
4.3805535e-05
5.0403003e-05
5.7316528e-05
6.4416085e-05
7.1559049e-05
7.8597757e-05
8.5393215e-05
9.1835483e-05
9.7865967e-05
0.00010348321
0.00010867924
0.00011317243
0.00011563263
0.00011177245
0.00010612522
0.00010102256
9.8029312e-05
9.7781303e-05
9.7058018e-05
9.683639e-05
0.00010558638
0.00012774939
0.00016834991
0.00023215474
0.00031001546
0.00038890857
0.00046878069
0.00055102406
0.00063759157
0.00073052699
0.0008317284
0.0009428439
0.0010652418
0.0012000172
0.0013480124
0.0015098415
0.0016859163
0.0018764643
0.0020815408
0.0023013889
0.0022338521
0.0021103217
0.0020100457
0.001916517
0.0018258453
0.0017404168
0.001662167
0.0015931769
0.0015367039
0.001497496
0.0014813911
0.0014946617
0.001543759
0.0016356646
0.0017786551
0.0019832061
0.0022628253
0.0026347208
0.0031203851
0.0037462856
0.004545459
0.005556635
0.0063975152
0.0063904735
0.0063866341
0.0063850187
0.0063846791
0.0063850866
0.006386075
0.0063875443
0.006389434
0.0063917118
0.0063943629
0.0063973869
0.0064007957
0.0064046121
0.0064088684
0.0064136065
0.0064188774
0.0064247421
0.0064312721
0.0064385523
0.0064466813
0.0064557746
0.006465968
0.0064774219
0.0064903269
0.0065049112
0.00652145
0.0065402782
0.0065618077
0.0065865508
0.0066151528
0.0066484388
0.0066874806
0.0067336974
0.0067890081
0.0068560715
0.0069386751
1.2368165e-14
2.3608403e-12
6.0225618e-11
5.8029919e-10
3.3210153e-09
1.3839417e-08
4.6504631e-08
1.3299901e-07
3.329834e-07
7.4016793e-07
1.4727224e-06
2.6460707e-06
4.3483309e-06
6.6408078e-06
9.57355e-06
1.3185167e-05
1.7476707e-05
2.233454e-05
2.7063728e-05
3.2255582e-05
3.8011516e-05
4.4295279e-05
5.1023542e-05
5.8087614e-05
6.5359816e-05
7.2696893e-05
7.9946065e-05
8.6956939e-05
9.3601032e-05
9.9795617e-05
0.00010551605
0.00011074691
0.00011524995
0.00011790119
0.00011523098
0.00010997995
0.00010469513
0.00010115285
0.0001004272
0.00010061498
9.9324938e-05
0.00010639532
0.00012659591
0.00016406543
0.00022597385
0.00030541075
0.00038670044
0.00046905115
0.00055357589
0.00064217602
0.00073693696
0.00083983083
0.00095258458
0.0010766362
0.0012131355
0.0013629644
0.0015267638
0.0017049615
0.0018977931
0.0021053115
0.0023273875
0.002463088
0.0023115534
0.0021917527
0.0020890899
0.001990361
0.0018966823
0.001810483
0.0017338095
0.0016695034
0.0016218701
0.0015966086
0.0016001969
0.0016394105
0.0017214577
0.0018546651
0.0020493961
0.0023189109
0.0026800744
0.0031540607
0.0037672677
0.0045531173
0.0055509344
0.0063978593
0.0063905338
0.0063864864
0.006384745
0.0063843208
0.0063846894
0.0063856476
0.0063870895
0.0063889537
0.006391207
0.0063938337
0.0063968329
0.006400216
0.0064040052
0.0064082327
0.00641294
0.0064181781
0.0064240077
0.0064305003
0.0064377408
0.0064458277
0.0064548765
0.0064650234
0.0064764288
0.006489284
0.0065038177
0.0065203061
0.0065390856
0.0065605701
0.0065852749
0.0066138496
0.0066471256
0.0066861838
0.0067324566
0.0067878832
0.0068551527
0.0069381
1.291935e-14
2.4661123e-12
6.2913789e-11
6.0619334e-10
3.4687875e-09
1.4450673e-08
4.8526076e-08
1.3860335e-07
3.4627866e-07
7.6733043e-07
1.5206479e-06
2.7196695e-06
4.4480717e-06
6.7620255e-06
9.7084324e-06
1.3327697e-05
1.7628018e-05
2.2460615e-05
2.7253509e-05
3.2535823e-05
3.839305e-05
4.478946e-05
5.1645555e-05
5.8856678e-05
6.6297952e-05
7.3826554e-05
8.1286479e-05
8.8518846e-05
9.5379728e-05
0.00010176241
0.00010760957
0.00011287479
0.00011734223
0.00012012601
0.00011852349
0.00011373476
0.00010834004
0.0001043034
0.00010318016
0.00010429227
0.00010207261
0.00010759797
0.0001258564
0.0001606018
0.00022079108
0.00030119701
0.00038457134
0.00046931058
0.00055613846
0.00064682947
0.00074347692
0.00084811495
0.00096254588
0.0010882774
0.0012265155
0.0013781828
0.0015439477
0.0017242536
0.0019193457
0.0021292887
0.0023539959
0.0025935576
0.0025313559
0.002390632
0.0022736694
0.0021660756
0.0020637775
0.0019691381
0.0018844045
0.0018121145
0.0017561001
0.0017217777
0.0017157003
0.0017449386
0.001816977
0.0019402666
0.0021251117
0.0023845485
0.0027351069
0.0031976596
0.0037985577
0.0045715956
0.0055564866
0.0063981798
0.0063905817
0.0063863262
0.0063844567
0.0063839556
0.0063842856
0.0063852137
0.0063866282
0.0063884669
0.0063906953
0.0063932973
0.0063962712
0.0063996279
0.0064033894
0.0064075874
0.0064122633
0.0064174677
0.0064232614
0.0064297158
0.0064369155
0.0064449592
0.0064539625
0.0064640615
0.0064754172
0.006488221
0.0065027025
0.0065191388
0.0065378678
0.0065593056
0.0065839703
0.0066125162
0.0066457807
0.0066848543
0.0067311832
0.0067867273
0.0068542074
0.0069375073
1.3528983e-14
2.582493e-12
6.5882564e-11
6.3477649e-10
3.6318631e-09
1.5124648e-08
5.0751812e-08
1.447595e-07
3.6082858e-07
7.9691829e-07
1.5726196e-06
2.7992524e-06
4.556025e-06
6.8940307e-06
9.8565981e-06
1.3484959e-05
1.7793743e-05
2.2601454e-05
2.7456596e-05
3.2826978e-05
3.8782836e-05
4.5289036e-05
5.2270028e-05
5.9625308e-05
6.7233099e-05
7.4951705e-05
8.2622895e-05
9.0080561e-05
9.7165992e-05
0.00010374726
0.00010973155
0.00011504071
0.00011948247
0.00012238033
0.00012167722
0.00011732642
0.0001119125
0.00010751618
0.00010607204
0.00010788227
0.00010502485
0.00010914655
0.00012554753
0.00015798639
0.00021649506
0.00029727673
0.00038260323
0.0004696326
0.00055875248
0.00065157278
0.00075015975
0.00085659142
0.00097273854
0.001100177
0.0012401697
0.0013936812
0.0015614077
0.001743809
0.0019411384
0.0021534675
0.0023807084
0.0026226318
0.0027775405
0.0026076642
0.0024706501
0.0023529705
0.0022418956
0.0021384656
0.0020453013
0.0019648224
0.0019004242
0.001857138
0.0018414491
0.0018606549
0.0019225443
0.0020357663
0.0022106394
0.0024600256
0.0028001545
0.0032516306
0.0038407757
0.0046017184
0.0055742887
0.00639847
0.0063906111
0.0063861546
0.0063841493
0.0063835827
0.0063838748
0.0063847733
0.0063861606
0.0063879736
0.0063901769
0.0063927537
0.0063957018
0.0063990317
0.0064027649
0.0064069328
0.0064115765
0.0064167466
0.0064225035
0.0064289186
0.0064360766
0.0064440761
0.0064530326
0.0064630826
0.0064743871
0.0064871381
0.0065015658
0.0065179484
0.0065366252
0.0065580143
0.0065826371
0.0066111523
0.0066444039
0.0066834919
0.0067298769
0.0067855401
0.0068532352
0.0069368968
1.4202631e-14
2.7111133e-12
6.9164005e-11
6.6636202e-10
3.8120099e-09
1.5868798e-08
5.320539e-08
1.5152548e-07
3.7675199e-07
8.2911563e-07
1.6288193e-06
2.884889e-06
4.6720521e-06
7.0364612e-06
1.0017678e-05
1.3656899e-05
1.7974341e-05
2.2759506e-05
2.7676956e-05
3.3134665e-05
3.9187992e-05
4.580222e-05
5.2905937e-05
6.0402844e-05
6.8174445e-05
7.6080469e-05
8.3961012e-05
9.1643228e-05
9.8953974e-05
0.00010573696
0.00011186626
0.0001172346
0.00012166745
0.0001246576
0.00012468687
0.00012074698
0.00011541464
0.00011081605
0.00010902094
0.00011043784
0.00010811229
0.00011100769
0.00012572122
0.00015634597
0.00021271507
0.00029312041
0.00038070902
0.00047006666
0.00056148233
0.0006564571
0.00075702396
0.00086529088
0.00098318881
0.0011123587
0.00125412
0.0014094803
0.001579164
0.0017636476
0.0019631927
0.0021778763
0.0024076191
0.0026522203
0.0029116564
0.0028404987
0.0026830489
0.0025508343
0.0024305332
0.0023181924
0.0022163008
0.0021274166
0.0020545996
0.0020024558
0.0019772778
0.0019864948
0.0020381964
0.0021412826
0.002306147
0.0025455161
0.002875342
0.0033159783
0.0038937158
0.004642954
0.0056033511
0.0063987246
0.0063906188
0.0063859613
0.0063838321
0.0063832019
0.0063834572
0.0063843264
0.0063856868
0.0063874738
0.0063896518
0.0063922031
0.006395125
0.0063984275
0.0064021318
0.0064062689
0.0064108798
0.0064160149
0.0064217341
0.0064281091
0.0064352244
0.0064431785
0.0064520872
0.0064620868
0.0064733387
0.0064860355
0.0065004078
0.0065167349
0.0065353577
0.0065566963
0.0065812754
0.006609758
0.0066429951
0.0066820964
0.0067285373
0.0067843212
0.0068522356
0.0069362681
1.4903891e-14
2.8448532e-12
7.2573272e-11
6.9917285e-10
3.9990545e-09
1.6640647e-08
5.5743294e-08
1.584922e-07
3.93029e-07
8.6168529e-07
1.6849473e-06
2.9692468e-06
4.7848507e-06
7.1732702e-06
1.0170421e-05
1.3816928e-05
1.8137997e-05
2.2905418e-05
2.7883106e-05
3.3426695e-05
3.9578485e-05
4.6304359e-05
5.3536894e-05
6.1183775e-05
6.9129669e-05
7.7235621e-05
8.5340028e-05
9.3263541e-05
0.00010081927
0.00010782763
0.00011413111
0.00011959466
0.00012405829
0.00012716605
0.00012788861
0.00012433224
0.00011912576
0.00011439558
0.0001122555
0.00011328873
0.00011130583
0.00011309226
0.00012625502
0.00015534528
0.00020908669
0.00028850072
0.00037857446
0.0004703866
0.0005641563
0.00066132974
0.00076392156
0.00087406583
0.00099374793
0.0011246714
0.0012682123
0.0014254222
0.0015970556
0.0017836062
0.0019853442
0.0022023499
0.0024345441
0.0026817057
0.0029434352
0.0030949276
0.0029103171
0.0027589851
0.0026287765
0.0025077878
0.0023971606
0.0022997989
0.0022186157
0.0021578134
0.0021233949
0.0021228077
0.0021643965
0.0022573355
0.0024121417
0.0026414523
0.0029609846
0.0033908882
0.0039574486
0.0046953119
0.0056437334
0.0063989422
0.0063906016
0.0063857531
0.0063835045
0.006382813
0.0063830322
0.0063838726
0.006385206
0.0063869671
0.0063891193
0.0063916447
0.0063945399
0.0063978145
0.0064014892
0.006405595
0.0064101723
0.0064152716
0.0064209523
0.0064272863
0.0064343579
0.0064422656
0.0064511252
0.0064610731
0.0064722712
0.0064849121
0.0064992275
0.0065154975
0.0065340643
0.0065553506
0.0065798839
0.0066083323
0.0066415532
0.0066806668
0.0067271634
0.0067830694
0.0068512078
0.0069356206
1.554282e-14
2.9666658e-12
7.5677177e-11
7.2904949e-10
4.1693425e-09
1.7343253e-08
5.8053974e-08
1.6483143e-07
4.0781072e-07
8.911566e-07
1.735456e-06
3.0445903e-06
4.8846089e-06
7.2927195e-06
1.0301248e-05
1.3949438e-05
1.8265532e-05
2.2986259e-05
2.7992181e-05
3.3591617e-05
3.9815839e-05
4.6631827e-05
5.3976762e-05
6.1762651e-05
6.9877274e-05
7.8182789e-05
8.651577e-05
9.4690477e-05
0.00010250708
0.00010976524
0.00011628087
0.00012189717
0.00012646509
0.00012972848
0.00013096025
0.00012795546
0.000122967
0.00011814454
0.00011566684
0.00011632592
0.00011458118
0.00011527273
0.0001268737
0.0001543718
0.00020511888
0.00028305488
0.00037549255
0.00046983339
0.00056603596
0.00066546951
0.00077013706
0.00088220076
0.0010036993
0.0011363985
0.001281732
0.0014407974
0.0016143809
0.0018029948
0.0020069178
0.0022262321
0.0024608547
0.0027105542
0.0029749321
0.0032536718
0.0031488295
0.0029792708
0.0028366239
0.0027075019
0.0025885727
0.0024828333
0.0023933579
0.0023240355
0.0022805364
0.0022702261
0.0023016483
0.0023842796
0.0025288378
0.0027479632
0.0030572299
0.0034766623
0.0040325785
0.0047598604
0.0056970956
0.006399116
0.0063905567
0.0063855275
0.0063831657
0.0063824155
0.0063825999
0.006383412
0.0063847187
0.0063864537
0.0063885801
0.0063910792
0.0063939473
0.0063971934
0.0064008381
0.0064049118
0.0064094549
0.0064145175
0.006420159
0.0064264511
0.006433478
0.0064413382
0.0064501475
0.0064600426
0.0064711853
0.006483769
0.0064980257
0.0065142367
0.0065327458
0.0065539778
0.0065784635
0.0066068756
0.0066400787
0.0066792032
0.0067257552
0.0067817849
0.0068501515
0.0069349542
1.6191699e-14
3.0906619e-12
7.8843411e-11
7.5953865e-10
4.3432931e-09
1.8061823e-08
6.0421771e-08
1.7134792e-07
4.2307899e-07
9.218076e-07
1.7884671e-06
3.124656e-06
4.99234e-06
7.4243146e-06
1.0448962e-05
1.4103141e-05
1.8416351e-05
2.3075872e-05
2.808905e-05
3.3716691e-05
3.9980689e-05
4.6851619e-05
5.427396e-05
6.2166775e-05
7.0423072e-05
7.8907295e-05
8.7454351e-05
9.5872133e-05
0.00010394905
0.00011146752
0.00011822278
0.00012403956
0.00012876257
0.00013215927
0.00013360617
0.00013130867
0.00012666021
0.00012178096
0.00011893139
0.00011918987
0.00011795428
0.00011759987
0.00012765105
0.00015345752
0.00020117987
0.00027738751
0.00037177131
0.00046855586
0.00056720849
0.00066893477
0.00077570694
0.00088971277
0.0010130434
0.0011475267
0.0012946551
0.0014555735
0.0016311014
0.0018217704
0.0020278674
0.0022494744
0.0024865002
0.0027386898
0.0030055762
0.0032862859
0.0034014338
0.0032113572
0.0030527249
0.0029157261
0.002789386
0.0026756562
0.0025780774
0.0025004226
0.0024480556
0.0024281948
0.0024495224
0.0025218224
0.0026560698
0.002864986
0.0031640785
0.0035732999
0.0041190102
0.0048363154
0.0057628506
0.0063992401
0.0063904804
0.0063852832
0.0063828152
0.0063820095
0.0063821605
0.0063829452
0.0063842256
0.0063859346
0.0063880348
0.0063905073
0.0063933479
0.0063965651
0.0064001792
0.0064042202
0.0064087285
0.0064137536
0.006419355
0.0064256043
0.0064325856
0.0064403972
0.0064491551
0.0064589959
0.0064700819
0.0064826067
0.0064968032
0.0065129535
0.0065314029
0.0065525785
0.0065770145
0.0066053883
0.0066385717
0.0066777058
0.0067243128
0.0067804673
0.0068490665
0.0069342685
1.6863142e-14
3.2189865e-12
8.212047e-11
7.9109331e-10
4.5233366e-09
1.8805349e-08
6.2869702e-08
1.7808173e-07
4.3885535e-07
9.5351747e-07
1.8435425e-06
3.208555e-06
5.1069065e-06
7.5674077e-06
1.0614573e-05
1.4282402e-05
1.8600973e-05
2.3222921e-05
2.8252764e-05
3.3906797e-05
4.0198543e-05
4.7103081e-05
5.4574095e-05
6.2540758e-05
7.0905106e-05
7.9537689e-05
8.8275092e-05
9.6921345e-05
0.00010525503
0.00011304298
0.00012005978
0.00012610645
0.00013100745
0.00013453776
0.00013618127
0.00013450634
0.00013023007
0.00012531798
0.00012206769
0.00012191751
0.00012143015
0.00012009992
0.00012863601
0.00015267141
0.0001975262
0.00027195046
0.00036778044
0.00046680885
0.00056786728
0.00067189279
0.00078078418
0.00089674216
0.0010219075
0.0011581699
0.0013070819
0.001469838
0.0016472926
0.001839998
0.0020482491
0.0022721258
0.0025115241
0.00276616
0.0030355134
0.0033186699
0.0036145089
0.0034463569
0.0032739115
0.0031292106
0.0029970448
0.0028763621
0.0027712803
0.002685789
0.0026250383
0.0025960747
0.0026076541
0.0026698397
0.002793897
0.0029926919
0.0032817369
0.0036809622
0.0042167801
0.0049245497
0.0058407727
0.0063993113
0.0063903705
0.0063850193
0.0063824532
0.0063815953
0.0063817146
0.0063824726
0.0063837271
0.0063854101
0.006387484
0.0063899296
0.0063927421
0.00639593
0.0063995128
0.0064035206
0.0064079934
0.0064129802
0.0064185407
0.0064247463
0.0064316809
0.0064394429
0.0064481481
0.0064579334
0.0064689613
0.0064814257
0.0064955602
0.006511648
0.0065300358
0.006551153
0.0065755371
0.0066038705
0.0066370322
0.0066761744
0.0067228358
0.0067791163
0.0068479521
0.0069335629
1.7560413e-14
3.3519489e-12
8.5509236e-11
8.2372108e-10
4.709414e-09
1.9573109e-08
6.5394485e-08
1.8501095e-07
4.5503982e-07
9.8593877e-07
1.8997153e-06
3.294122e-06
5.2242256e-06
7.7153907e-06
1.0788646e-05
1.4475131e-05
1.8805358e-05
2.3413167e-05
2.8476786e-05
3.4170338e-05
4.0497383e-05
4.7435298e-05
5.4945289e-05
6.296643e-05
7.1411543e-05
8.0161028e-05
8.905801e-05
9.7907764e-05
0.00010648319
0.00011453763
0.00012182447
0.00012811751
0.00013321644
0.00013689971
0.00013874376
0.00013762076
0.00013371014
0.00012877911
0.00012513376
0.00012461117
0.00012499898
0.00012277151
0.00012984349
0.00015206416
0.00019426508
0.00026696111
0.00036377367
0.00046479001
0.00056816096
0.00067446996
0.00078548845
0.00090340688
0.0010304077
0.0011684408
0.0013191196
0.0014836902
0.0016630448
0.0018577582
0.0020681339
0.0022942483
0.0025359806
0.0027930111
0.0030647498
0.0033501395
0.0036472292
0.0036831943
0.0035004751
0.0033461008
0.0032097873
0.0030838736
0.0029723299
0.0028797583
0.0028112702
0.0027737674
0.0027760349
0.0028283893
0.0029424146
0.0031311928
0.003410325
0.0037997852
0.0043260501
0.0050248159
0.0059314463
0.0063993263
0.0063902246
0.0063847348
0.0063820792
0.0063811729
0.0063812621
0.0063819943
0.0063832232
0.0063848803
0.0063869278
0.0063893461
0.0063921303
0.0063952882
0.0063988393
0.0064028133
0.0064072499
0.0064121976
0.0064177163
0.0064238773
0.0064307643
0.0064384756
0.006447127
0.0064568555
0.0064678238
0.0064802262
0.0064942971
0.0065103204
0.0065286447
0.0065497013
0.0065740313
0.0066023221
0.0066354602
0.0066746088
0.0067213239
0.0067777313
0.006846808
0.0069328371
1.8284317e-14
3.4899253e-12
8.9024827e-11
8.5756298e-10
4.9023399e-09
2.0368867e-08
6.8008572e-08
1.9216889e-07
4.7169889e-07
1.0191637e-06
1.9570203e-06
3.3811413e-06
5.3434656e-06
7.8662261e-06
1.0967367e-05
1.4675303e-05
1.9020649e-05
2.3626431e-05
2.8735302e-05
3.4481233e-05
4.0856687e-05
4.7838765e-05
5.5393221e-05
6.3466313e-05
7.1980235e-05
8.0825759e-05
8.985554e-05
9.8880829e-05
0.00010767409
0.00011597951
0.00012353161
0.00013007764
0.00013539194
0.00013925121
0.00014130246
0.00014066064
0.00013708388
0.00013215726
0.00012816362
0.00012730998
0.00012864335
0.00012560134
0.00013127518
0.00015167921
0.000191449
0.00026249933
0.00035987833
0.00046264411
0.00056820258
0.00067675594
0.00078990039
0.00090978684
0.0010386262
0.001178424
0.001330854
0.0014972154
0.0016784403
0.0018751281
0.0020875925
0.0023159054
0.0025599265
0.002819294
0.0030933421
0.0033808826
0.0036797758
0.0039247452
0.0037263415
0.003564519
0.00342589
0.003297018
0.0031805099
0.003081873
0.0030064465
0.0029610655
0.002954542
0.0029974254
0.0031016398
0.0032805503
0.0035499338
0.0039298757
0.0044469156
0.0051371722
0.0060350809
0.0063992826
0.0063900407
0.0063844286
0.0063816928
0.0063807421
0.006380803
0.0063815104
0.0063827142
0.0063843454
0.0063863663
0.0063887571
0.0063915125
0.0063946401
0.0063981589
0.0064020984
0.0064064981
0.0064114061
0.0064168822
0.0064229977
0.006429836
0.0064374955
0.0064460919
0.0064557623
0.0064666695
0.0064790085
0.0064930139
0.006508971
0.0065272296
0.0065482236
0.0065724972
0.0066007431
0.0066338553
0.0066730087
0.0067197766
0.0067763119
0.0068456333
0.0069320905
1.9034195e-14
3.6331221e-12
9.2677321e-11
8.9269633e-10
5.1025704e-09
2.1194458e-08
7.0717453e-08
1.995718e-07
4.8887182e-07
1.0532616e-06
2.0155624e-06
3.4697013e-06
5.4645757e-06
8.0195235e-06
1.1149732e-05
1.4880941e-05
1.9243446e-05
2.3852953e-05
2.9012425e-05
3.4818448e-05
4.1252647e-05
4.8290635e-05
5.5900446e-05
6.4032525e-05
7.2615596e-05
8.1549086e-05
9.0695205e-05
9.9873418e-05
0.00010885994
0.00011739506
0.00012519953
0.00013199802
0.00013754035
0.0001415952
0.00014385726
0.00014362906
0.00014034731
0.00013545101
0.00013117598
0.00013005671
0.00013234307
0.00012857078
0.00013292617
0.00015155784
0.00018917799
0.00025845442
0.00035589524
0.00046040653
0.00056806741
0.00067881824
0.00079407832
0.00091593706
0.001046619
0.0011881782
0.0013423468
0.0015104774
0.0016935434
0.0018921713
0.0021066854
0.0023371537
0.0025834136
0.0028450574
0.0031213372
0.0034109393
0.0037115939
0.0040199338
0.0039482258
0.0037842177
0.0036433968
0.0035141276
0.003394671
0.0032913004
0.0032099453
0.0031575091
0.0031428601
0.0031767697
0.0032715129
0.0034407928
0.0037006456
0.0040713301
0.0045793835
0.0052614048
0.0061517877
0.0063991786
0.0063898172
0.0063840997
0.0063812937
0.0063803029
0.0063803375
0.0063810211
0.0063822002
0.0063838057
0.0063857999
0.0063881629
0.0063908891
0.0063939859
0.0063974719
0.0064013766
0.0064057384
0.0064106058
0.0064160386
0.0064221077
0.0064288964
0.0064365029
0.0064450431
0.0064546541
0.0064654988
0.0064777727
0.006491711
0.0065075999
0.0065257908
0.0065467199
0.0065709349
0.0065991335
0.0066322176
0.0066713739
0.0067181935
0.0067748574
0.0068444277
0.0069313227
1.9811165e-14
3.7815696e-12
9.6465192e-11
9.2915824e-10
5.3104893e-09
2.2050967e-08
7.3523854e-08
2.07226e-07
5.0657174e-07
1.0882564e-06
2.0753605e-06
3.5598187e-06
5.5875512e-06
8.1752018e-06
1.1335453e-05
1.5091461e-05
1.9472778e-05
2.4089525e-05
2.9301538e-05
3.517132e-05
4.1670542e-05
4.8773039e-05
5.6448076e-05
6.4648456e-05
7.3306963e-05
8.2329044e-05
9.1584698e-05
0.00010090155
0.00011006175
0.00011880598
0.00012684686
0.00013389155
0.0001396674
0.00014392961
0.00014640134
0.00014653105
0.00014352659
0.00013870837
0.00013425434
0.00013284345
0.00013501966
0.00013163496
0.00013478047
0.0001517343
0.00018753871
0.00025456565
0.0003514268
0.00045797914
0.00056777279
0.00068069979
0.00079806478
0.00092189739
0.0010544254
0.0011977445
0.0013536414
0.0015235221
0.0017084024
0.0019089363
0.0021254609
0.0023580392
0.0026064851
0.0028703413
0.0031487746
0.0034403418
0.0037426035
0.0040516785
0.0041720941
0.0040041843
0.0038614169
0.0037336498
0.0036135317
0.003507066
0.0034210223
0.0033625363
0.0033405881
0.0033661712
0.0034519147
0.0036119041
0.0038625092
0.0042241895
0.0047233956
0.0053982096
0.0062853131
0.0063990141
0.0063895531
0.0063837475
0.0063808818
0.0063798554
0.0063798657
0.0063805264
0.0063816814
0.0063832614
0.0063852288
0.0063875637
0.0063902604
0.0063933259
0.0063967786
0.0064006477
0.0064049709
0.0064097972
0.0064151858
0.0064212076
0.0064279457
0.0064354982
0.006443981
0.0064535312
0.006464312
0.0064765191
0.0064903885
0.0065062073
0.0065243284
0.0065451903
0.0065693443
0.0065974932
0.0066305469
0.006669704
0.0067165743
0.0067733673
0.0068431903
0.0069305331
2.0616593e-14
3.9352971e-12
1.0038752e-10
9.6691884e-10
5.5256692e-09
2.2936966e-08
7.6422934e-08
2.1511302e-07
5.2474434e-07
1.1240196e-06
2.1361656e-06
3.6510328e-06
5.7116333e-06
8.3320796e-06
1.1522666e-05
1.530389e-05
1.9682521e-05
2.432889e-05
2.9600584e-05
3.5537351e-05
4.2105065e-05
4.9277128e-05
5.702418e-05
6.5300614e-05
7.4041583e-05
8.3156452e-05
9.2520883e-05
0.0001019693
0.00011129016
0.00012022701
0.00012848857
0.00013576931
0.00014177692
0.00014625064
0.00014892973
0.00014937733
0.00014664864
0.00014195665
0.00013738099
0.00013561863
0.00013741251
0.00013477476
0.00013681994
0.0001522097
0.00018643586
0.00025074999
0.00034647268
0.00045528575
0.00056730362
0.00068242005
0.00080188778
0.00092769583
0.0010620734
0.0012071516
0.0013647689
0.0015363829
0.0017230522
0.00192546
0.0021439558
0.0023785983
0.0026291761
0.0028951796
0.0031756877
0.0034691286
0.0037729101
0.0040830373
0.0043943121
0.0042213628
0.004079227
0.0039545515
0.0038360255
0.0037282929
0.0036389651
0.0035755821
0.0035472974
0.003565335
0.0036426746
0.0037938148
0.004035515
0.0043884304
0.0048792956
0.0055502567
0.0064098145
0.0063987905
0.0063892486
0.0063833723
0.006380457
0.0063793997
0.0063793878
0.0063800267
0.0063811581
0.0063827126
0.0063846531
0.0063869597
0.0063896265
0.0063926602
0.0063960791
0.006399912
0.0064041961
0.0064089804
0.0064143241
0.0064202976
0.0064269841
0.0064344816
0.0064429057
0.0064523938
0.0064631093
0.0064752481
0.0064890467
0.0065047934
0.0065228427
0.0065436351
0.0065677255
0.0065958222
0.006628843
0.0066679988
0.0067149185
0.0067718411
0.0068419207
0.0069297211
2.1452396e-14
4.0948039e-12
1.0445605e-10
1.0060607e-09
5.7485457e-09
2.3854223e-08
7.9420938e-08
2.2324801e-07
5.4341986e-07
1.1606057e-06
2.1980643e-06
3.7434719e-06
5.8369815e-06
8.4902761e-06
1.1711395e-05
1.5518142e-05
1.9874576e-05
2.4569588e-05
2.9906984e-05
3.5913455e-05
4.2552363e-05
4.9797677e-05
5.76217e-05
6.5980096e-05
7.4809593e-05
8.402204e-05
9.3497028e-05
0.00010307434
0.00011254806
0.00012166553
0.00013013448
0.00013764102
0.00014387711
0.00014856514
0.00015144456
0.00015214031
0.00014972118
0.00014519562
0.00014051566
0.00013836407
0.0001397661
0.00013797968
0.000139025
0.00015295539
0.00018570087
0.0002471071
0.000341342
0.00045235677
0.00056665336
0.00068398654
0.00080556412
0.00093335132
0.0010695818
0.0012164192
0.0013757502
0.0015490828
0.0017375183
0.0019417691
0.0021621981
0.0023988591
0.0026515141
0.0029195992
0.0032021034
0.0034973268
0.0038025198
0.0041135029
0.0044243829
0.0044403947
0.0043000569
0.0041770296
0.0040615125
0.0039542891
0.0038631343
0.0037960928
0.0037625369
0.0037739224
0.0038435676
0.0039863959
0.004219589
0.0045640646
0.0050479304
0.005717912
0.006409916
0.0063985055
0.0063889023
0.0063829769
0.0063800201
0.006378936
0.006378904
0.0063795222
0.0063806304
0.0063821597
0.0063840732
0.0063863512
0.0063889878
0.0063919894
0.0063953742
0.0063991699
0.0064034142
0.0064081558
0.0064134537
0.0064193781
0.0064260121
0.0064334533
0.0064418177
0.0064512423
0.0064618909
0.0064739597
0.0064876859
0.0065033586
0.0065213337
0.0065420542
0.0065660786
0.0065941204
0.0066271057
0.006666258
0.0067132256
0.0067702782
0.0068406181
0.0069288861
2.2321228e-14
4.2606303e-12
1.0868639e-10
1.0467776e-09
5.9803684e-09
2.4807248e-08
8.2531937e-08
2.3167066e-07
5.626861e-07
1.1981825e-06
2.2613372e-06
3.8376117e-06
5.9643201e-06
8.6508455e-06
1.1903191e-05
1.5736625e-05
2.0074223e-05
2.4816833e-05
3.0218886e-05
3.6295266e-05
4.3007113e-05
5.0328848e-05
5.8234046e-05
6.6679423e-05
7.5602724e-05
8.4917385e-05
9.450579e-05
0.00010421171
0.000113834
0.000123124
0.00013179033
0.00013951423
0.00014597517
0.00015087753
0.00015394706
0.00015482981
0.00015274441
0.00014841241
0.00014363414
0.00014108073
0.00014211278
0.00014124083
0.00014137522
0.00015393362
0.00018521296
0.00024375093
0.00033634188
0.00044929396
0.00056584142
0.0006854066
0.00080910449
0.00093887643
0.0010769634
0.0012255603
0.0013865995
0.0015616376
0.0017518181
0.0019578829
0.0021802083
0.0024188427
0.0026735204
0.0029436215
0.0032280437
0.0035249593
0.0038314617
0.004143196
0.0044540579
0.0046715139
0.004522473
0.0044015186
0.0042898431
0.0041845933
0.0040930086
0.0040235518
0.0039858472
0.0039915609
0.0040543197
0.0041894651
0.0044146157
0.0047510704
0.0052290491
0.0058982183
0.0064098653
0.0063981579
0.0063885139
0.0063825573
0.0063795768
0.0063784656
0.0063784146
0.0063790129
0.0063800985
0.0063816027
0.0063834892
0.0063857385
0.0063883444
0.0063913135
0.0063946636
0.0063984215
0.0064026253
0.0064073236
0.0064125749
0.0064184494
0.0064250297
0.0064324137
0.006440717
0.006450077
0.0064606572
0.0064726544
0.0064863062
0.0065019028
0.0065198016
0.0065404479
0.0065644037
0.0065923878
0.0066253349
0.0066644813
0.0067114952
0.0067686779
0.0068392817
0.0069280277
2.3225221e-14
4.4331946e-12
1.130902e-10
1.0891602e-09
6.2215725e-09
2.5798368e-08
8.5762862e-08
2.4039878e-07
5.8258214e-07
1.2368088e-06
2.326076e-06
3.9335671e-06
6.0938045e-06
8.8140198e-06
1.2098379e-05
1.5959807e-05
2.028282e-05
2.5072345e-05
3.053739e-05
3.6682669e-05
4.3467756e-05
5.0867525e-05
5.8856873e-05
6.7393376e-05
7.6415357e-05
8.5836641e-05
9.5540936e-05
0.00010537546
0.00011514354
0.00012460069
0.00013345728
0.00014139103
0.00014807051
0.00015318204
0.00015643682
0.00015750262
0.00015572795
0.00015159302
0.00014672166
0.00014377237
0.00014446884
0.00014454952
0.0001438508
0.00015511016
0.00018491111
0.00024074448
0.00033167061
0.00044621535
0.00056490874
0.00068669336
0.00081251744
0.00094427994
0.0010842271
0.0012345837
0.0013973259
0.0015740574
0.0017659632
0.0019738144
0.0021980007
0.0024385645
0.0026952111
0.002967263
0.0032535266
0.0035520459
0.0038597607
0.0041721552
0.0044830362
0.0047849971
0.0047499807
0.0046304822
0.0045217312
0.0044191085
0.0043282574
0.004257537
0.0042167979
0.0042178677
0.0042746265
0.0044028005
0.0046204477
0.0049492998
0.0054220792
0.0060923814
0.0064096806
0.0063977474
0.0063880841
0.0063821142
0.0063791194
0.0063779945
0.0063779206
0.0063784993
0.0063795627
0.006381042
0.0063829014
0.0063851217
0.0063876968
0.0063906333
0.0063939476
0.0063976672
0.0064018299
0.0064064841
0.0064116881
0.0064175116
0.0064240374
0.0064313631
0.0064396042
0.006448898
0.0064594084
0.0064713323
0.006484908
0.0065004265
0.0065182467
0.0065388162
0.0065627007
0.0065906244
0.0066235305
0.0066626683
0.0067097268
0.0067670396
0.0068379108
0.006927145
2.4166314e-14
4.6128298e-12
1.1767142e-10
1.1332351e-09
6.4724193e-09
2.6828544e-08
8.9116405e-08
2.494357e-07
6.03107e-07
1.2764748e-06
2.3922502e-06
4.0312596e-06
6.2253139e-06
8.9796287e-06
1.2296712e-05
1.6187374e-05
2.0500204e-05
2.5336132e-05
3.0862779e-05
3.707605e-05
4.3934658e-05
5.1414331e-05
5.9491129e-05
6.8121528e-05
7.7236582e-05
8.6729288e-05
9.6573124e-05
0.00010656135
0.00011647994
0.00012609865
0.00013513631
0.00014327066
0.00015016083
0.0001554768
0.00015891686
0.00016016572
0.00015867609
0.00015473003
0.00014977002
0.00014644164
0.00014684196
0.00014789704
0.00014643346
0.00015645766
0.00018477113
0.0002381064
0.00032742688
0.00044322267
0.00056390649
0.00068786648
0.00081581202
0.00094956856
0.0010913788
0.001243495
0.0014079352
0.0015863487
0.0017799608
0.001989572
0.0022155849
0.0024580353
0.0027165981
0.0029905371
0.0032785663
0.0035786032
0.0038874371
0.0042003996
0.004511194
0.004812211
0.0049921605
0.0048639434
0.0047575426
0.0046580518
0.0045687678
0.0044977609
0.0044550258
0.004452479
0.0045041698
0.0046261487
0.0048368854
0.0051586258
0.0056286231
0.0063046816
0.0064093786
0.0063972745
0.0063876141
0.0063816482
0.0063786488
0.0063775143
0.0063774269
0.0063779822
0.0063790236
0.0063804778
0.0063823103
0.0063845014
0.0063870458
0.0063899484
0.0063932264
0.0063969072
0.0064010282
0.0064056376
0.0064107934
0.0064165652
0.0064230355
0.0064303017
0.0064384793
0.0064477057
0.0064581448
0.0064699937
0.0064834914
0.0064989297
0.006516669
0.0065371593
0.0065609697
0.0065888301
0.0066216922
0.0066608189
0.0067079199
0.0067653625
0.0068365047
0.0069262375
2.5141653e-14
4.7991965e-12
1.2242862e-10
1.1790033e-09
6.7329309e-09
2.7897654e-08
9.2591643e-08
2.5877843e-07
6.2425156e-07
1.3171555e-06
2.4598057e-06
4.1306035e-06
6.3587243e-06
9.1475314e-06
1.2498017e-05
1.6419103e-05
2.0726045e-05
2.5608023e-05
3.1195088e-05
3.7475781e-05
4.4408724e-05
5.1970617e-05
6.0137564e-05
6.8859975e-05
7.8047173e-05
8.7588367e-05
9.7553612e-05
0.0001077521
0.0001178436
0.0001276244
0.00013683305
0.00014515544
0.0001522464
0.00015776229
0.00016138844
0.00016281994
0.00016159008
0.00015782006
0.00015277567
0.00014909096
0.00014923552
0.00015127479
0.0001491069
0.00015795497
0.00018478584
0.00023583015
0.00032364363
0.00044039077
0.00056288601
0.00068895035
0.00081899875
0.00095474796
0.0010984228
0.0012522979
0.0014184308
0.001598515
0.0017938154
0.002005161
0.002232967
0.002477262
0.0027376894
0.003013453
0.0033031739
0.0036046452
0.0039145088
0.0042279512
0.004538579
0.0048387419
0.0051202974
0.0051067866
0.0049991815
0.0049020844
0.0048146937
0.0047440957
0.0047002578
0.0046950674
0.00474263
0.0048592279
0.0050636804
0.0053790925
0.0058501043
0.0064191033
0.0064089712
0.0063967412
0.0063871066
0.0063811601
0.0063781656
0.0063770261
0.0063769271
0.0063774654
0.006378484
0.0063799108
0.0063817173
0.0063838785
0.0063863908
0.0063892591
0.0063925004
0.0063961418
0.0064002205
0.0064047843
0.0064098912
0.0064156103
0.0064220241
0.0064292298
0.0064373428
0.0064465004
0.0064568666
0.006468639
0.0064820567
0.0064974127
0.0065150688
0.0065354773
0.0065592108
0.0065870049
0.00661982
0.0066589325
0.006706074
0.0067636461
0.0068350625
0.0069253043
2.6153975e-14
4.9925866e-12
1.2736594e-10
1.2265175e-09
7.003273e-09
2.9006411e-08
9.618999e-08
2.6842762e-07
6.4601171e-07
1.35882e-06
2.5286636e-06
4.231482e-06
6.4938684e-06
9.3174795e-06
1.2701978e-05
1.6654624e-05
2.0959914e-05
2.5887883e-05
3.1534608e-05
3.7882529e-05
4.4890605e-05
5.2535599e-05
6.0790324e-05
6.9590692e-05
7.8806698e-05
8.8458793e-05
9.8545039e-05
0.00010895164
0.00011922133
0.00012916613
0.00013854169
0.00014704392
0.00015432735
0.00016003859
0.0001638511
0.00016546405
0.00016447074
0.00016086212
0.0001557373
0.00015172161
0.00015164688
0.0001546751
0.00015185702
0.0001595855
0.00018495419
0.00023389907
0.000320317
0.00043776495
0.0005618926
0.00068997105
0.00082208986
0.00095982376
0.001105362
0.0012609942
0.0014288142
0.0016105579
0.0018075289
0.002020584
0.0022501505
0.0024962488
0.0027584904
0.0030360178
0.003327359
0.0036301838
0.0039409915
0.0042548305
0.0045652143
0.0048644632
0.0051444889
0.0053674996
0.0052486343
0.0051513154
0.0050663473
0.0049966184
0.0049523427
0.0049453634
0.0049897045
0.0051017561
0.005300522
0.0056106688
0.0060899053
0.0064192491
0.0064084651
0.00639615
0.0063865617
0.0063806516
0.0063776707
0.0063765306
0.0063764218
0.0063769439
0.0063779406
0.0063793427
0.006381121
0.0063832521
0.0063857321
0.0063885658
0.0063917699
0.0063953712
0.006399407
0.0064039246
0.0064089817
0.0064146473
0.0064210036
0.0064281477
0.0064361948
0.0064452823
0.0064555742
0.0064672682
0.0064806042
0.0064958758
0.0065134463
0.0065337703
0.006557424
0.0065851487
0.0066179135
0.0066570089
0.0067041885
0.0067618895
0.0068335833
0.0069243449
2.7206561e-14
5.1933174e-12
1.3248017e-10
1.2756995e-09
7.283012e-09
3.0152868e-08
9.9905162e-08
2.7836275e-07
6.6832479e-07
1.4013429e-06
2.5986096e-06
4.333577e-06
6.6303219e-06
9.4889046e-06
1.2907846e-05
1.6889891e-05
2.120073e-05
2.6175374e-05
3.1880735e-05
3.8294774e-05
4.53771e-05
5.3104205e-05
6.1445312e-05
7.0323276e-05
7.9575957e-05
8.9337996e-05
9.9543116e-05
0.00011007865
0.00012058633
0.00013072052
0.00014026576
0.00014893985
0.00015640615
0.00016230698
0.00016630454
0.00016809447
0.00016730843
0.00016383241
0.00015864789
0.00015435524
0.00015409663
0.00015808624
0.00015467005
0.00016133569
0.00018527749
0.00023230634
0.00031741196
0.00043533087
0.00056095551
0.00069095307
0.00082509845
0.00096480197
0.001112199
0.0012695849
0.0014390857
0.0016224774
0.0018211013
0.0020358414
0.0022671363
0.0025149979
0.0027790041
0.0030582357
0.0033511279
0.0036552286
0.0039668987
0.0042810551
0.0045911235
0.0048894054
0.0051679001
0.0054196577
0.005512255
0.0054091705
0.005323537
0.0052553427
0.0052112391
0.005203201
0.0052451645
0.0053533978
0.0055466264
0.0058547142
0.0063496382
0.0064191884
0.006407867
0.0063955042
0.0063859825
0.0063801263
0.006377165
0.0063760282
0.0063759116
0.0063764184
0.0063773938
0.0063787714
0.0063805216
0.0063826225
0.0063850699
0.0063878685
0.006391035
0.0063945958
0.006398588
0.0064030587
0.0064080652
0.0064136765
0.0064199743
0.0064270557
0.0064350357
0.0064440517
0.0064542677
0.0064658817
0.006479134
0.0064943191
0.0065118016
0.0065320384
0.0065556095
0.0065832615
0.0066159727
0.0066550477
0.0067022628
0.0067600921
0.0068320664
0.0069233582
2.8276245e-14
5.3974183e-12
1.3768471e-10
1.3257334e-09
7.5673748e-09
3.1317457e-08
1.0367351e-07
2.8841152e-07
6.9078918e-07
1.4439132e-06
2.6681919e-06
4.434481e-06
6.7642648e-06
9.6557748e-06
1.3086876e-05
1.7074717e-05
2.1437466e-05
2.6472076e-05
3.2238924e-05
3.8718745e-05
4.5874113e-05
5.3680338e-05
6.2096602e-05
7.101493e-05
8.0354276e-05
9.0225138e-05
0.0001005479
0.0001112112
0.00012194631
0.00013227243
0.00014199192
0.00015083797
0.00015848303
0.00016456873
0.00016874753
0.0001707064
0.00017010138
0.00016674436
0.00016153223
0.00015703813
0.0001565794
0.00016069738
0.00015751782
0.00016318987
0.00018576036
0.00023107743
0.00031483578
0.0004329541
0.00056006571
0.00069191175
0.00082803669
0.00096968859
0.001118936
0.0012780703
0.0014492445
0.0016342725
0.0018345318
0.0020509324
0.0022839243
0.0025335093
0.0027992318
0.0030801098
0.0033744858
0.003679788
0.0039922428
0.0043066419
0.0046163296
0.0049135965
0.0051905363
0.0054403845
0.0056589723
0.005680381
0.005589814
0.0055198545
0.0054763235
0.0054681368
0.0055086475
0.0056133517
0.0058014175
0.0061195484
0.0064254731
0.0064189474
0.0064071834
0.0063948079
0.0063853725
0.006379581
0.00637665
0.0063755199
0.006375397
0.0063758892
0.006376844
0.0063781972
0.0063799194
0.00638199
0.0063844045
0.0063871677
0.006390296
0.0063938158
0.0063977638
0.0064021868
0.006407142
0.0064126981
0.0064189365
0.006425954
0.0064338658
0.0064428089
0.0064529476
0.0064644798
0.0064776465
0.0064927428
0.0065101349
0.0065302818
0.0065537671
0.0065813432
0.0066139973
0.0066530486
0.0067002966
0.0067582529
0.0068305106
0.0069223436
2.9377687e-14
5.6075903e-12
1.4304179e-10
1.3772463e-09
7.8600519e-09
3.2514841e-08
1.0754294e-07
2.9870039e-07
7.1369992e-07
1.4871212e-06
2.7384594e-06
4.5359004e-06
6.8983487e-06
9.8221551e-06
1.3253519e-05
1.7259892e-05
2.1677143e-05
2.6772758e-05
3.2602154e-05
3.914868e-05
4.6377339e-05
5.4261208e-05
6.2748495e-05
7.1701037e-05
8.1140759e-05
9.1119653e-05
0.00010155888
0.00011234851
0.00012330591
0.00013382059
0.00014371318
0.00015273067
0.00016055308
0.00016682088
0.00017117641
0.00017329531
0.00017285137
0.00016961179
0.00016440996
0.00015976819
0.00015905797
0.00016294328
0.00016038598
0.00016513513
0.00018640896
0.00023024156
0.00031245297
0.00043043417
0.00055917127
0.00069284679
0.00083091297
0.00097448924
0.0011255751
0.0012864502
0.0014592893
0.0016459413
0.0018478179
0.0020658551
0.0023005125
0.0025517822
0.0028191733
0.0031016414
0.0033974363
0.0037038683
0.0040170341
0.004331606
0.0046408531
0.0049370628
0.0052124262
0.0054603568
0.0056768311
0.0058606074
0.0058705815
0.0057956035
0.0057497733
0.0057398782
0.0057788802
0.0058820625
0.006074469
0.0064061446
0.006425968
0.0064185466
0.006406422
0.0063940658
0.0063847327
0.0063790222
0.0063761298
0.0063750068
0.0063748784
0.0063753568
0.0063762914
0.0063776204
0.0063793147
0.0063813548
0.0063837361
0.0063864635
0.0063895532
0.0063930314
0.0063969346
0.0064013093
0.0064062125
0.0064117123
0.0064178903
0.0064248431
0.0064326853
0.0064415542
0.006451614
0.0064630628
0.0064761418
0.0064911472
0.0065084464
0.0065285007
0.006551897
0.0065793938
0.0066119872
0.0066510112
0.006698289
0.0067563713
0.0068289152
0.0069213001
3.051689e-14
5.825027e-12
1.4858808e-10
1.4305903e-09
8.1630173e-09
3.3753575e-08
1.1153956e-07
3.0929828e-07
7.3721306e-07
1.5312683e-06
2.8099401e-06
4.6387233e-06
7.0340071e-06
9.9904036e-06
1.3424939e-05
1.7451451e-05
2.1922191e-05
2.7077527e-05
3.2968538e-05
3.9581254e-05
4.6882996e-05
5.4844476e-05
6.3403586e-05
7.2394649e-05
8.1934036e-05
9.2019978e-05
0.00010257433
0.00011348807
0.00012461408
0.00013535428
0.00014543251
0.00015462089
0.00016261565
0.00016905994
0.00017358639
0.00017585823
0.00017556355
0.00017244673
0.00016728359
0.00016251395
0.00016151121
0.00016512769
0.00016326797
0.00016716131
0.00018722306
0.00022977654
0.00031016943
0.00042766927
0.00055821204
0.00069374498
0.00083373035
0.00097920818
0.0011321181
0.0012947243
0.0014692185
0.0016574812
0.0018609572
0.0020806066
0.0023168985
0.0025698142
0.0028388274
0.0031228302
0.0034199809
0.0037274747
0.0040412814
0.0043559606
0.0046647128
0.0049598284
0.0052335982
0.0054796065
0.0056939737
0.0058755679
0.0060253965
0.0060886334
0.0060379002
0.0060257763
0.0060644797
0.0061702958
0.0063700655
0.0064267704
0.0064262092
0.0064180042
0.0064055907
0.0063932818
0.006384066
0.0063784449
0.0063755999
0.0063744943
0.0063743563
0.0063748215
0.0063757364
0.0063770413
0.0063787077
0.0063807171
0.006383065
0.0063857563
0.0063888069
0.006392243
0.0063961008
0.0064004264
0.0064052767
0.0064107196
0.0064168362
0.006423723
0.0064314946
0.0064402879
0.0064502672
0.0064616308
0.0064746203
0.0064895325
0.0065067363
0.006526695
0.0065499993
0.0065774132
0.0066099422
0.0066489351
0.0066962395
0.0067544464
0.006827279
0.0069202268
3.1686383e-14
6.0483385e-12
1.5428995e-10
1.48543e-09
8.4744207e-09
3.5025672e-08
1.1563541e-07
3.2013359e-07
7.6115889e-07
1.5759925e-06
2.8819734e-06
4.7418259e-06
7.1693811e-06
1.0144946e-05
1.3597983e-05
1.764989e-05
2.2174172e-05
2.7388125e-05
3.3339537e-05
4.0017429e-05
4.739176e-05
5.5431107e-05
6.4062958e-05
7.3095102e-05
8.273312e-05
9.2924785e-05
0.0001035925
0.00011462811
0.00012588569
0.00013686957
0.00014714443
0.00015650623
0.00016466955
0.00017128392
0.00017597507
0.00017839493
0.00017824337
0.00017525496
0.0001701464
0.00016525277
0.00016393528
0.00016727813
0.00016615939
0.00016925942
0.00018819223
0.0002296118
0.0003079703
0.00042470293
0.00055715595
0.00069458999
0.00083648742
0.00098384784
0.0011385663
0.0013028918
0.0014790298
0.0016688894
0.001873946
0.0020951833
0.0023330789
0.0025876025
0.0028581919
0.0031436761
0.0034421221
0.0037506117
0.0040649929
0.0043797186
0.0046879258
0.004981916
0.0052540787
0.0054981638
0.0057104342
0.005889867
0.006037561
0.0061559317
0.0062480671
0.0063173349
0.0063670358
0.0064002781
0.0064198139
0.006427835
0.0064262271
0.0064173374
0.0064046976
0.0063924607
0.0063833764
0.006377853
0.0063750659
0.0063739744
0.0063738319
0.0063742838
0.0063751793
0.0063764601
0.0063780987
0.0063800773
0.0063823915
0.0063850462
0.0063880573
0.0063914508
0.0063952625
0.0063995385
0.0064043351
0.0064097201
0.0064157744
0.0064225942
0.0064302939
0.0064390102
0.0064489075
0.0064601842
0.0064730821
0.006487899
0.0065050047
0.006524865
0.0065480739
0.0065754013
0.006607862
0.0066468199
0.0066941475
0.0067524772
0.0068256009
0.0069191228
3.2896896e-14
6.2792595e-12
1.6017432e-10
1.5419922e-09
8.7956187e-09
3.633657e-08
1.1984979e-07
3.3125265e-07
7.8563308e-07
1.6214892e-06
2.9549032e-06
4.8458187e-06
7.3055688e-06
1.029806e-05
1.3774065e-05
1.7853856e-05
2.2431584e-05
2.7703897e-05
3.3715838e-05
4.0459124e-05
4.7904621e-05
5.6012114e-05
6.4679923e-05
7.3801777e-05
8.3536992e-05
9.383286e-05
0.00010461235
0.00011576812
0.00012715551
0.00013837267
0.0001488428
0.00015837916
0.00016670982
0.00017348975
0.00017834038
0.00018090569
0.0001808967
0.00017803895
0.0001729906
0.0001679716
0.00016633016
0.00016940865
0.00016905645
0.00017142039
0.00018929862
0.00022966804
0.00030588687
0.00042165209
0.00055600696
0.00069537119
0.00083918079
0.00098840894
0.0011449203
0.0013109521
0.0014887211
0.0016801625
0.0018867808
0.0021095814
0.0023490497
0.0026051434
0.002877264
0.0031641768
0.0034638594
0.0037732821
0.0040881756
0.0044028907
0.0047105087
0.0050033454
0.0052738919
0.0055160564
0.0057262439
0.0059035396
0.00604913
0.0061655009
0.0062557908
0.0063233827
0.0063715791
0.0064034641
0.0064217454
0.0064286136
0.0064260493
0.0064165622
0.0064037502
0.0063916075
0.006382665
0.0063772515
0.0063745214
0.0063734498
0.0063733087
0.0063737444
0.0063746203
0.0063758773
0.0063774879
0.0063794355
0.0063817157
0.0063843335
0.0063873047
0.006390655
0.00639442
0.0063986457
0.0064033879
0.0064087142
0.0064147052
0.0064214569
0.0064290834
0.0064377215
0.0064475352
0.0064587232
0.0064715276
0.0064862468
0.0065032519
0.0065230108
0.006546121
0.0065733582
0.0066057465
0.0066446652
0.0066920125
0.0067504629
0.0068238799
0.006917987
3.4144672e-14
6.5175185e-12
1.6624979e-10
1.6004005e-09
9.1271798e-09
3.7689202e-08
1.2419339e-07
3.4267752e-07
8.1068142e-07
1.6678405e-06
3.0288964e-06
4.9510069e-06
7.4431127e-06
1.0453489e-05
1.3954156e-05
1.8063437e-05
2.2694149e-05
2.8024164e-05
3.4095969e-05
4.0903538e-05
4.8418323e-05
5.6592681e-05
6.5302302e-05
7.4513793e-05
8.4345017e-05
9.4743642e-05
0.00010563328
0.00011690746
0.00012842271
0.00013986526
0.00015052637
0.00016023527
0.00016873159
0.00017567529
0.00018068491
0.00018339589
0.00018351376
0.00018079003
0.00017580753
0.00017066305
0.00016869674
0.0001715263
0.00017195541
0.00017363488
0.00019052181
0.00022988211
0.00030395648
0.00041863691
0.00055479389
0.00069608706
0.00084180754
0.00099289099
0.00115118
0.0013189038
0.0014982899
0.0016912973
0.0018994574
0.0021237965
0.0023648068
0.0026224332
0.0028960405
0.0031843312
0.0034851932
0.0037954892
0.0041108356
0.0044254876
0.0047324756
0.0050241358
0.00529306
0.0055333104
0.0057414316
0.0059166166
0.0060601374
0.0061745464
0.0062630292
0.0063289841
0.0063757146
0.0064062822
0.0064233577
0.0064291393
0.0064257005
0.0064156932
0.006402756
0.0063907256
0.006381935
0.006376636
0.0063739696
0.006372925
0.0063727821
0.0063732066
0.0063740599
0.0063752929
0.0063768757
0.0063787921
0.006381038
0.0063836186
0.0063865493
0.0063898559
0.0063935737
0.0063977483
0.0064024353
0.0064077021
0.0064136289
0.0064203113
0.0064278635
0.0064364219
0.0064461506
0.0064572481
0.006469957
0.0064845761
0.0065014781
0.0065211325
0.0065441407
0.0065712837
0.0066035954
0.0066424706
0.0066898335
0.0067484025
0.0068221149
0.0069168183
3.5429934e-14
6.7630486e-12
1.7251839e-10
1.660679e-09
9.4693657e-09
3.908412e-08
1.2866369e-07
3.5440383e-07
8.3629201e-07
1.7150292e-06
3.1039185e-06
5.0573388e-06
7.5819444e-06
1.0611222e-05
1.4138161e-05
1.8278435e-05
2.29616e-05
2.8348552e-05
3.4479471e-05
4.1350433e-05
4.8933618e-05
5.7174976e-05
6.5930221e-05
7.5230154e-05
8.5156032e-05
9.5655959e-05
0.00010665416
0.00011804497
0.00012968605
0.00014134719
0.00015219418
0.00016207194
0.00017073148
0.00017783743
0.00018300529
0.00018586138
0.00018610489
0.00018350922
0.00017859154
0.00017332223
0.00017103559
0.00017363445
0.00017485239
0.00017589353
0.00019184245
0.00023021133
0.00030220522
0.00041575074
0.00055355634
0.00069674434
0.00084436672
0.00099729328
0.0011573447
0.0013267454
0.0015077335
0.00170229
0.0019119717
0.0021378241
0.0023803454
0.0026394673
0.0029145178
0.0032041362
0.0035061233
0.0038172352
0.0041329789
0.0044475186
0.0047538406
0.0050443048
0.0053116043
0.0055499498
0.0057560241
0.0059291271
0.0060706137
0.0061831001
0.0062698153
0.006334173
0.0063794768
0.0064087668
0.0064246842
0.0064294414
0.0064252027
0.0064147437
0.006401722
0.0063898203
0.0063811909
0.0063760099
0.0063734159
0.0063723954
0.0063722564
0.0063726663
0.0063734985
0.0063747074
0.0063762622
0.0063781472
0.0063803586
0.0063829015
0.0063857914
0.0063890537
0.0063927238
0.0063968466
0.0064014777
0.0064066841
0.0064125456
0.0064191579
0.0064266345
0.0064351119
0.0064447539
0.0064557591
0.0064683704
0.0064828873
0.0064996833
0.0065192303
0.0065421329
0.0065691779
0.0066014086
0.0066402358
0.0066876102
0.006746295
0.0068203044
0.0069156155
3.6756929e-14
7.0165447e-12
1.7898894e-10
1.7228754e-09
9.8221688e-09
4.052084e-08
1.3326033e-07
3.6643061e-07
8.6245758e-07
1.7630275e-06
3.1799212e-06
5.1647574e-06
7.7219854e-06
1.0771065e-05
1.4325734e-05
1.8498354e-05
2.323355e-05
2.867679e-05
3.486621e-05
4.1799897e-05
4.9450887e-05
5.7759292e-05
6.6562552e-05
7.5949544e-05
8.5968532e-05
9.6568162e-05
0.00010767326
0.00011917885
0.00013094329
0.00014278065
0.00015383861
0.00016389153
0.00017271137
0.00017997512
0.00018529858
0.00018829947
0.000188669
0.00018619565
0.00018133884
0.00017594586
0.00017334724
0.00017573478
0.00017774324
0.00017818725
0.00019324353
0.00023062944
0.00030064554
0.00041305534
0.00055233436
0.00069735561
0.00084685976
0.0010016151
0.0011634135
0.0013344752
0.001517049
0.0017131369
0.0019243191
0.0021516593
0.0023956609
0.0026562414
0.002932692
0.0032235896
0.0035266485
0.0038385214
0.0041546102
0.004468993
0.0047746165
0.0050638692
0.0053295441
0.0055659974
0.0057700467
0.0059410982
0.0060805873
0.0061911913
0.0062761793
0.0063389804
0.0063828968
0.0064109489
0.0064257544
0.006429546
0.0064245758
0.0064137256
0.0064006545
0.0063888941
0.0063804322
0.0063753755
0.0063728546
0.0063718666
0.0063717268
0.0063721272
0.006372938
0.0063741212
0.0063756477
0.0063775012
0.0063796778
0.0063821826
0.0063850312
0.0063882488
0.0063918704
0.0063959409
0.0064005153
0.0064056604
0.0064114558
0.0064179967
0.0064253966
0.0064337916
0.0064433454
0.0064542566
0.0064667683
0.0064811806
0.006497868
0.0065173044
0.0065400977
0.0065670406
0.0065991859
0.0066379602
0.0066853416
0.0067441395
0.0068184473
0.0069143776
3.8126267e-14
7.2779957e-12
1.8565725e-10
1.7869444e-09
1.0185278e-08
4.1998237e-08
1.3798074e-07
3.7874641e-07
8.891443e-07
1.8117524e-06
3.2567628e-06
5.2730552e-06
7.8629779e-06
1.0932619e-05
1.451622e-05
1.8722501e-05
2.3509268e-05
2.9008208e-05
3.5255685e-05
4.2251603e-05
4.9969838e-05
5.8345108e-05
6.7197721e-05
7.6670289e-05
8.6780802e-05
9.7478439e-05
0.0001086886
0.00012030678
0.00013219177
0.00014415819
0.00015545336
0.00016569278
0.00017467295
0.00018208946
0.00018756399
0.0001907081
0.00019120371
0.00018884741
0.00018404661
0.0001785317
0.00017563197
0.0001778279
0.00018062364
0.00018050745
0.00019471089
0.00023112088
0.00029927961
0.00041058597
0.00055116286
0.00069793618
0.00084929038
0.0010058564
0.0011693852
0.0013420911
0.0015262336
0.0017238342
0.0019364953
0.0021652975
0.0024107483
0.0026727509
0.0029505592
0.0032426884
0.0035467678
0.0038593496
0.0041757339
0.0044899187
0.0047948155
0.0050828441
0.005346898
0.0055814742
0.0057835231
0.0059525552
0.0060900846
0.0061988471
0.0062821493
0.0063434343
0.0063860027
0.0064128562
0.006426595
0.0064294765
0.0064238375
0.0064126499
0.0063995598
0.0063879522
0.0063796625
0.0063747375
0.0063722886
0.0063713319
0.0063711949
0.0063715851
0.0063723748
0.0063735358
0.0063750326
0.0063768543
0.0063789957
0.0063814622
0.0063842691
0.0063874414
0.006391014
0.0063950313
0.0063995484
0.0064046314
0.0064103597
0.0064168282
0.0064241502
0.0064324614
0.0064419253
0.0064527408
0.0064651508
0.0064794561
0.0064960321
0.0065153548
0.0065380353
0.0065648719
0.006596927
0.0066356435
0.0066830271
0.0067419348
0.0068165423
0.006913103
3.953953e-14
7.5473355e-12
1.9251469e-10
1.8528123e-09
1.0558608e-08
4.351602e-08
1.4282068e-07
3.9133579e-07
9.1631619e-07
1.8611528e-06
3.3343525e-06
5.3820763e-06
8.0047049e-06
1.1095535e-05
1.4709124e-05
1.895014e-05
2.3788014e-05
2.934215e-05
3.5647281e-05
4.2704979e-05
5.0489881e-05
5.8931634e-05
6.7834635e-05
7.7391289e-05
8.7591736e-05
9.8385706e-05
0.0001096991
0.00012142786
0.00013343127
0.00014552452
0.00015704275
0.00016746758
0.00017660971
0.00018417788
0.0001898004
0.0001930857
0.00019370673
0.00019146235
0.00018671241
0.00018107811
0.00017788999
0.00017991362
0.00018348919
0.0001828462
0.00019623283
0.00023167666
0.00029810287
0.00040835869
0.0005500695
0.00069850224
0.00085166399
0.0010100178
0.0011752587
0.0013495912
0.0015352842
0.001734378
0.0019484959
0.0021787337
0.0024256026
0.0026889909
0.0029681152
0.0032614296
0.0035664802
0.0038797211
0.0041963548
0.0045103036
0.0048144487
0.0051012444
0.0053636834
0.0055964002
0.0057964753
0.0059635217
0.0060991304
0.0062060929
0.0062877508
0.0063475605
0.0063888198
0.0064145138
0.0064272298
0.006429254
0.0064230037
0.0064115266
0.0063984437
0.0063869987
0.0063788845
0.0063740924
0.0063717237
0.0063707935
0.0063706643
0.0063710416
0.0063718117
0.0063729482
0.0063744181
0.0063762067
0.0063783127
0.0063807404
0.0063835051
0.0063866317
0.0063901547
0.0063941183
0.0063985772
0.0064035972
0.0064092576
0.0064156526
0.0064228955
0.0064311215
0.0064404941
0.0064512119
0.0064635183
0.0064777141
0.0064941761
0.0065133817
0.0065359456
0.0065626717
0.0065946318
0.0066332853
0.006680666
0.00673968
0.0068145879
0.0069117907
4.0985831e-14
7.8231915e-12
1.9954542e-10
1.9203713e-09
1.0941404e-08
4.5070725e-08
1.4776948e-07
4.0417421e-07
9.4392057e-07
1.9111122e-06
3.412506e-06
5.4915726e-06
8.1468206e-06
1.1259344e-05
1.4903774e-05
1.9180467e-05
2.4069013e-05
2.967783e-05
3.6040276e-05
4.3159324e-05
5.1009545e-05
5.9513553e-05
6.8471941e-05
7.8111135e-05
8.839992e-05
9.9288563e-05
0.00011070343
0.00012254087
0.00013466061
0.00014687842
0.00015860893
0.00016921434
0.00017851728
0.00018623663
0.00019200584
0.00019543082
0.00019617594
0.00019403828
0.00018933422
0.00018358407
0.00018012145
0.00018199109
0.0001863355
0.00018519619
0.00019779964
0.00023229118
0.00029710703
0.00040637633
0.00054907456
0.00069906883
0.00085398714
0.0010141008
0.0011810333
0.0013569735
0.001544198
0.0017447646
0.0019603161
0.0021919632
0.002440219
0.0027049568
0.0029853562
0.0032798107
0.0035857844
0.0038996368
0.0042164768
0.0045301548
0.0048335268
0.0051190835
0.0053799165
0.005610794
0.0058089239
0.0059740199
0.0061077477
0.0062129521
0.0062930074
0.0063513823
0.0063913713
0.0064159443
0.0064276803
0.0064288975
0.0064220888
0.0064103647
0.0063973113
0.0063860357
0.0063781012
0.0063734424
0.0063711525
0.006370253
0.0063701306
0.0063704998
0.0063712508
0.0063723608
0.0063738021
0.0063755594
0.0063776289
0.0063800175
0.0063827396
0.00638582
0.0063892928
0.006393202
0.006397602
0.0064025583
0.0064081497
0.0064144702
0.0064216327
0.0064297722
0.0064390519
0.0064496704
0.0064618709
0.0064759549
0.0064922999
0.0065113854
0.0065338289
0.0065604399
0.0065923
0.006630885
0.0066782575
0.0067373737
0.0068125827
0.006910439
4.2461997e-14
8.1051733e-12
2.0673974e-10
1.9894914e-09
1.1333011e-08
4.6659929e-08
1.5282038e-07
4.1724114e-07
9.719008e-07
1.9615195e-06
3.4910524e-06
5.6013268e-06
8.2890412e-06
1.1423633e-05
1.5099594e-05
1.9412779e-05
2.4351555e-05
3.0014686e-05
3.6434286e-05
4.361374e-05
5.1524536e-05
6.0074307e-05
6.91084e-05
7.8828479e-05
8.9203921e-05
0.0001001855
0.00011170005
0.0001236443
0.00013587833
0.00014821848
0.0001601526
0.00017093307
0.00018039396
0.00018826301
0.00019417775
0.00019774138
0.00019860923
0.00019657322
0.00019191017
0.00018604846
0.0001823263
0.00018405917
0.00018915827
0.00018755074
0.00019940309
0.00023296068
0.00029628171
0.00040463352
0.00054819168
0.00069964942
0.00085626682
0.0010181073
0.0011867084
0.0013642361
0.001552972
0.0017549901
0.0019719519
0.0022049811
0.0024545926
0.0027206441
0.0030022781
0.0032978284
0.0036046791
0.0039190981
0.0042361034
0.0045494794
0.0048520601
0.0051363748
0.0053956131
0.0056246735
0.0058208885
0.0059840706
0.006115958
0.0062194464
0.0062979409
0.0063549214
0.0063936785
0.0064171685
0.0064279663
0.006428424
0.0064211055
0.0064091722
0.0063961674
0.0063850679
0.0063773161
0.0063727902
0.0063705779
0.0063697148
0.0063695953
0.0063699564
0.006370691
0.0063717736
0.0063731862
0.0063749111
0.0063769447
0.0063792938
0.0063819729
0.0063850064
0.0063884285
0.0063922827
0.0063966231
0.0064015148
0.0064070363
0.0064132813
0.0064203622
0.0064284138
0.0064375991
0.0064481163
0.0064602089
0.0064741787
0.006490404
0.0065093658
0.006531685
0.0065581766
0.0065899315
0.0066284423
0.0066758008
0.0067350149
0.0068105251
0.0069090464
4.3970893e-14
8.3933473e-12
2.1409284e-10
2.0601406e-09
1.1733148e-08
4.8282623e-08
1.5796851e-07
4.3051658e-07
1.0002136e-06
2.0123077e-06
3.5698758e-06
5.7111602e-06
8.4311546e-06
1.1588101e-05
1.5296117e-05
1.9646408e-05
2.4634834e-05
3.0351619e-05
3.6827605e-05
4.40663e-05
5.2036561e-05
6.0633937e-05
6.9742415e-05
7.9541909e-05
9.0002429e-05
0.00010107526
0.00011268768
0.00012473684
0.00013708313
0.00014954332
0.00016167375
0.00017262389
0.000182239
0.00019025535
0.00019631402
0.00020001499
0.00020100405
0.00019906512
0.00019443866
0.00018847043
0.00018450425
0.0001861164
0.00019195332
0.00018990375
0.00020103616
0.00023368207
0.00029561583
0.00040311985
0.00054742896
0.00070025508
0.00085850986
0.0010220398
0.0011922836
0.0013713771
0.0015616033
0.0017650512
0.001983399
0.0022177829
0.0024687188
0.0027360483
0.0030188771
0.0033154802
0.0036231636
0.0039381056
0.0042552387
0.0045682842
0.004870058
0.0051531304
0.0054107873
0.0056380551
0.0058323873
0.0059936931
0.0061237812
0.0062255961
0.0063025716
0.0063581975
0.0063957607
0.0064182053
0.0064281056
0.0064278489
0.0064200652
0.0064079564
0.0063950167
0.0063840971
0.006376531
0.006372141
0.0063700012
0.0063691731
0.0063690592
0.0063694121
0.0063701301
0.0063711868
0.0063725706
0.0063742628
0.0063762602
0.0063785695
0.0063812051
0.0063841914
0.0063875621
0.0063913607
0.0063956407
0.006400467
0.0064059177
0.0064120861
0.0064190843
0.0064270466
0.0064361358
0.00644655
0.0064585327
0.0064723857
0.0064884884
0.0065073233
0.0065295143
0.0065558817
0.006587526
0.0066259567
0.0066732952
0.0067326024
0.0068084136
0.0069076113
4.5511429e-14
8.6873801e-12
2.2159659e-10
2.1322692e-09
1.2141451e-08
4.9936814e-08
1.6320691e-07
4.4398606e-07
1.0288305e-06
2.0634214e-06
3.6489039e-06
5.8209689e-06
8.5730122e-06
1.1752526e-05
1.5492975e-05
1.9880777e-05
2.4918195e-05
3.0687854e-05
3.7219487e-05
4.451669e-05
5.2545901e-05
6.1191478e-05
7.0372858e-05
8.0250245e-05
9.0794243e-05
0.00010195667
0.00011366519
0.0001258173
0.00013827379
0.00015085179
0.00016317178
0.00017428647
0.00018405183
0.00019221244
0.00019841284
0.00020224971
0.00020335834
0.00020151207
0.00019691827
0.00019084939
0.00018665493
0.00018816014
0.00019471669
0.00019224962
0.00020269255
0.00023445253
0.00029509867
0.00040182197
0.0005467888
0.00070089449
0.00086072284
0.0010259011
0.0011977593
0.001378395
0.0015700894
0.001774944
0.0019946532
0.0022303641
0.002482593
0.0027511651
0.0030351496
0.0033327635
0.0036412369
0.0039566606
0.0042738862
0.0045865753
0.0048875298
0.0051693621
0.0054254535
0.0056509545
0.0058434375
0.0060029057
0.0061312361
0.00623142
0.0063069181
0.0063612293
0.006397636
0.0064190722
0.0064281142
0.006427186
0.0064189783
0.0064067238
0.0063938628
0.0063831271
0.0063757442
0.0063714887
0.0063694245
0.0063686299
0.0063685254
0.0063688678
0.0063695689
0.0063706009
0.0063719556
0.0063736148
0.0063755757
0.0063778448
0.0063804365
0.006383375
0.0063866939
0.0063904362
0.0063946551
0.0063994152
0.0064047942
0.006410885
0.0064177991
0.0064256708
0.0064346624
0.0064449718
0.0064568424
0.0064705762
0.0064865534
0.006505258
0.0065273167
0.0065535551
0.0065850835
0.0066234278
0.0066707399
0.0067301349
0.0068062464
0.006906132
4.7080507e-14
8.9871739e-12
2.2924877e-10
2.2057391e-09
1.2557104e-08
5.1619401e-08
1.6852611e-07
4.5762874e-07
1.0577015e-06
2.1147678e-06
3.7279976e-06
5.9305698e-06
8.714381e-06
1.1916592e-05
1.5689692e-05
2.0115308e-05
2.5201033e-05
3.1022822e-05
3.760943e-05
4.496449e-05
5.3052001e-05
6.1745756e-05
7.0998539e-05
8.0952285e-05
9.1578136e-05
0.00010282846
0.00011463131
0.00012688448
0.00013944908
0.00015214263
0.0001646457
0.00017592009
0.00018583187
0.00019413354
0.00020047301
0.00020444352
0.00020566956
0.00020391146
0.00019934528
0.00019318284
0.00018877839
0.00019019203
0.00019744462
0.00019458331
0.0002043668
0.00023526938
0.00029472125
0.00040072378
0.00054626643
0.00070157345
0.00086291153
0.0010296943
0.0012031356
0.0013852885
0.0015784278
0.0017846657
0.0020057107
0.0022427206
0.002496211
0.0027659905
0.003051092
0.0033496758
0.0036588976
0.0039747646
0.0042920492
0.0046043592
0.0049044844
0.005185081
0.0054396249
0.0056633868
0.0058540554
0.0060117255
0.0061383403
0.0062369358
0.0063109978
0.0063640335
0.0063993208
0.0064197849
0.006428007
0.0064264478
0.0064178538
0.0064054802
0.0063927097
0.0063821591
0.0063749611
0.0063708395
0.0063688525
0.0063680862
0.0063679904
0.006368326
0.0063690079
0.0063700172
0.0063713413
0.0063729674
0.0063748914
0.0063771199
0.0063796673
0.0063825576
0.0063858241
0.0063895095
0.0063936666
0.0063983597
0.006403666
0.0064096781
0.0064165071
0.0064242868
0.0064331792
0.006443382
0.0064551383
0.0064687505
0.0064845992
0.00650317
0.0065250923
0.006551197
0.0065826036
0.0066208552
0.0066681341
0.0067276112
0.0068040218
0.0069046069
4.8680492e-14
9.2926729e-12
2.3704074e-10
2.2805592e-09
1.2980086e-08
5.3329555e-08
1.7392226e-07
4.7142367e-07
1.0867783e-06
2.1662616e-06
3.8070263e-06
6.0397935e-06
8.8550453e-06
1.2080009e-05
1.58859e-05
2.0349474e-05
2.5482805e-05
3.1355953e-05
3.7996852e-05
4.5409052e-05
5.3554096e-05
6.2295706e-05
7.1618375e-05
8.1646905e-05
9.2353018e-05
0.00010368953
0.00011558487
0.00012793718
0.00014060781
0.0001534146
0.00016609537
0.00017752433
0.00018757807
0.00019601726
0.00020249304
0.00020659495
0.00020793547
0.000206259
0.00020171307
0.00019547281
0.0001908949
0.00019221603
0.00019981583
0.00019689514
0.00020605261
0.00023612992
0.00029447806
0.00039980564
0.0005458465
0.00070229408
0.00086508066
0.0010334222
0.0012084134
0.0013920566
0.0015866164
0.0017942129
0.0020165679
0.0022548485
0.0025095688
0.0027805207
0.0030667013
0.0033662152
0.0036761453
0.0039924185
0.0043097318
0.004621642
0.0049209306
0.0052002982
0.0054533138
0.0056753662
0.0058642563
0.0060201685
0.0061451102
0.0062421598
0.0063148269
0.0063666259
0.0064008303
0.006420358
0.0064277973
0.0064256456
0.0064167001
0.0064042307
0.0063915604
0.0063811966
0.0063741788
0.00637019
0.0063682825
0.006367543
0.0063674552
0.0063677837
0.0063684478
0.0063694339
0.0063707281
0.0063723207
0.0063742076
0.0063763952
0.0063788979
0.0063817394
0.0063849529
0.0063885809
0.0063926754
0.0063973007
0.0064025334
0.0064084657
0.0064152084
0.0064228947
0.0064316864
0.0064417807
0.0064534207
0.0064669088
0.0064826262
0.0065010596
0.0065228413
0.0065488072
0.0065800862
0.0066182383
0.0066654768
0.0067250298
0.006801738
0.0069030337
5.0309456e-14
9.603284e-12
2.4495276e-10
2.3565446e-09
1.3409713e-08
5.506512e-08
1.7938807e-07
4.8535296e-07
1.1160195e-06
2.2178231e-06
3.8858692e-06
6.1484827e-06
8.9947997e-06
1.2242509e-05
1.6081184e-05
2.0582734e-05
2.5762919e-05
3.1686627e-05
3.8381059e-05
4.5849605e-05
5.4051373e-05
6.2840299e-05
7.2231316e-05
8.2333006e-05
9.3117682e-05
0.0001045386
0.00011652457
0.00012897402
0.00014174855
0.00015466601
0.00016749318
0.00017909468
0.00018929293
0.00019786549
0.00020447278
0.00020870222
0.0002101531
0.00020855214
0.0002040251
0.00019772781
0.00019301555
0.00019422112
0.00020176931
0.00019917734
0.00020774418
0.00023703186
0.00029436721
0.00039904338
0.00054550224
0.00070305377
0.0008672335
0.0010370875
0.0012135934
0.0013986984
0.001594653
0.0018035829
0.0020272215
0.0022667439
0.0025226625
0.0027947523
0.0030819747
0.0033823795
0.0036929796
0.0040096239
0.0043269375
0.0046384297
0.0049368766
0.005215024
0.0054665324
0.005686906
0.0058740546
0.0060282498
0.0061515611
0.0062471075
0.0063184205
0.0063690212
0.0064021786
0.0064208048
0.0064274972
0.0064247893
0.0064155242
0.00640298
0.0063904174
0.0063802389
0.0063734001
0.0063695452
0.0063677109
0.0063670015
0.0063669205
0.0063672418
0.00636789
0.0063688516
0.0063701169
0.006371675
0.0063735244
0.0063756707
0.0063781283
0.0063809206
0.0063840806
0.0063876504
0.0063916818
0.0063962384
0.0064013966
0.0064072481
0.0064139033
0.006421495
0.0064301844
0.0064401684
0.00645169
0.0064650514
0.0064806344
0.0064989269
0.0065205638
0.0065463859
0.0065775312
0.0066155767
0.0066627673
0.0067223895
0.006799393
0.0069014105
5.1956252e-14
9.9176197e-12
2.5296723e-10
2.4334777e-09
1.3844467e-08
5.6820433e-08
1.8490807e-07
4.9938004e-07
1.1453579e-06
2.2693499e-06
3.9643693e-06
6.2564198e-06
9.133387e-06
1.2403782e-05
1.6275135e-05
2.0814534e-05
2.6040735e-05
3.2014142e-05
3.8761319e-05
4.6285413e-05
5.4542974e-05
6.3378457e-05
7.2836255e-05
8.3009495e-05
9.3871014e-05
0.00010537453
0.00011744922
0.00012999374
0.0001428698
0.0001558951
0.00016883615
0.0001806277
0.00019097638
0.00019967995
0.00020641304
0.00021076411
0.00021231999
0.00021079028
0.00020628541
0.00019995111
0.00019512712
0.00019619277
0.00020365098
0.00020142586
0.00020943628
0.00023797313
0.00029438845
0.00039840983
0.00054519949
0.00070384576
0.00086937165
0.0010406926
0.0012186766
0.0014052136
0.0016025362
0.0018127733
0.0020376684
0.0022784036
0.0025354889
0.002808682
0.0030969094
0.0033981675
0.0037094006
0.0040263824
0.0043436698
0.0046547283
0.0049523304
0.0052292684
0.0054792926
0.005698019
0.0058834641
0.0060359839
0.0061577076
0.006251793
0.0063217925
0.0063712327
0.0064033786
0.0064211376
0.0064271177
0.0064238881
0.0064143329
0.0064017321
0.0063892835
0.006379291
0.0063726266
0.0063689013
0.0063671435
0.0063664661
0.0063663869
0.0063667008
0.0063673331
0.0063682715
0.0063695068
0.0063710306
0.0063728422
0.0063749468
0.0063773588
0.0063801015
0.0063832074
0.0063867185
0.0063906859
0.006395173
0.0064002559
0.0064060257
0.0064125922
0.0064200878
0.0064286733
0.0064385453
0.0064499462
0.0064631785
0.0064786241
0.0064967721
0.0065182599
0.0065439329
0.0065749383
0.0066128701
0.0066600048
0.0067196888
0.0067969848
0.0068997352
5.3618138e-14
1.0234762e-11
2.610515e-10
2.511065e-09
1.4282803e-08
5.8587903e-08
1.9045404e-07
5.1343142e-07
1.1746292e-06
2.3205247e-06
4.0420029e-06
6.3627692e-06
9.2651427e-06
1.2562364e-05
1.6467253e-05
2.1044506e-05
2.6315908e-05
3.2338109e-05
3.9137139e-05
4.6715802e-05
5.5028136e-05
6.3909315e-05
7.3432377e-05
8.3675569e-05
9.4612255e-05
0.00010619657
0.00011835803
0.00013099551
0.00014397079
0.00015710149
0.00017015395
0.00018212572
0.00019262369
0.00020145765
0.00020831284
0.00021277967
0.00021443494
0.00021297387
0.00020849667
0.00020214118
0.00019721663
0.00019812587
0.00020547692
0.00020363755
0.00021112441
0.00023895149
0.00029453985
0.00039787806
0.00054490505
0.00070465995
0.00087149489
0.0010442393
0.0012236641
0.0014116017
0.0016102644
0.0018217819
0.0020479058
0.0022898244
0.0025480447
0.002822307
0.0031115033
0.0034135778
0.0037254083
0.0040426959
0.0043599329
0.0046705439
0.0049673
0.005243041
0.0054916052
0.0057087175
0.0058924978
0.006043384
0.0061635632
0.0062562299
0.006324956
0.0063732731
0.0064044423
0.0064213676
0.0064266691
0.0064229503
0.0064131317
0.0064004906
0.0063881608
0.0063783521
0.0063718602
0.0063682602
0.0063665756
0.0063659331
0.0063658551
0.0063661612
0.0063667773
0.0063676926
0.0063688989
0.0063703881
0.0063721611
0.0063742237
0.0063765897
0.0063792822
0.0063823335
0.0063857852
0.006389688
0.006394105
0.0063991116
0.0064047986
0.0064112753
0.0064186735
0.0064271536
0.0064369117
0.0064481899
0.0064612904
0.0064765956
0.0064945955
0.0065159297
0.0065414484
0.0065723074
0.0066101179
0.0066571884
0.0067169263
0.0067945113
0.0068980054
5.5288984e-14
1.055385e-11
2.6918542e-10
2.5891142e-09
1.4723654e-08
6.0363723e-08
1.9601599e-07
5.2748292e-07
1.2037751e-06
2.371237e-06
4.1186077e-06
6.4672932e-06
9.3897811e-06
1.2717645e-05
1.6656872e-05
2.1272061e-05
2.6587982e-05
3.265814e-05
3.9508157e-05
4.7140463e-05
5.5506463e-05
6.4432051e-05
7.401891e-05
8.4330503e-05
9.5340703e-05
0.00010700403
0.00011925032
0.00013197861
0.00014505078
0.00015828441
0.00017144575
0.00018359004
0.00019423359
0.00020319585
0.00021016992
0.00021474758
0.00021649762
0.00021510389
0.00021065978
0.00020429418
0.00019927479
0.00020001884
0.00020725707
0.00020580983
0.00021280467
0.00023996444
0.00029481544
0.00039742587
0.00054459482
0.00070548572
0.00087360196
0.001047729
0.0012285569
0.0014178628
0.0016178366
0.0018306067
0.0020579313
0.0023010037
0.0025603272
0.0028356249
0.0031257544
0.0034286092
0.0037410026
0.0040585664
0.0043757304
0.0046858818
0.0049817932
0.0052563513
0.0055034811
0.0057190132
0.0059011681
0.006050463
0.0061691406
0.0062604307
0.0063279231
0.006375154
0.0064053807
0.0064215052
0.0064261604
0.0064219831
0.006411926
0.0063992588
0.0063870515
0.0063774244
0.0063711036
0.0063676238
0.006366009
0.0063653992
0.0063653256
0.0063656235
0.0063662232
0.0063671152
0.0063682923
0.0063697476
0.0063714817
0.0063735015
0.0063758211
0.006378463
0.0063814592
0.0063848509
0.0063886885
0.0063930344
0.0063979639
0.0064035671
0.0064099528
0.0064172523
0.0064256254
0.0064352678
0.0064464211
0.0064593874
0.0064745491
0.0064923973
0.0065135734
0.0065389323
0.0065696385
0.0066073198
0.0066543171
0.0067141004
0.0067919704
0.0068962186
5.6972419e-14
1.0875235e-11
2.7737748e-10
2.6677138e-09
1.516742e-08
6.2149937e-08
2.0160125e-07
5.4155493e-07
1.2328533e-06
2.4216299e-06
4.1944671e-06
6.5705198e-06
9.5125907e-06
1.2870532e-05
1.684372e-05
2.1496509e-05
2.6856158e-05
3.2973488e-05
3.9873709e-05
4.7558793e-05
5.59774e-05
6.4946217e-05
7.4595383e-05
8.497383e-05
9.6055869e-05
0.00010779639
0.00012012551
0.00013294248
0.0001461092
0.00015944324
0.00017271083
0.00018502109
0.00019580557
0.00020489286
0.00021198247
0.00021666662
0.00021850749
0.00021718056
0.00021277415
0.00020640588
0.00020129535
0.00020187083
0.00020899682
0.00020794043
0.00021447351
0.00024100876
0.00029520447
0.00039703842
0.00054425817
0.00070631402
0.00087569079
0.0010511627
0.001233356
0.001423997
0.001625252
0.0018392462
0.0020677428
0.0023119391
0.0025723341
0.0028486334
0.0031396613
0.0034432614
0.0037561845
0.0040739957
0.0043910664
0.0047007485
0.0049958178
0.0052692082
0.0055149302
0.0057289172
0.0059094867
0.0060572329
0.006174452
0.0062644072
0.0063307052
0.0063768863
0.0064062042
0.0064215598
0.0064256
0.0064209932
0.0064107202
0.0063980394
0.0063859576
0.0063765092
0.0063703547
0.0063669961
0.0063654454
0.0063648659
0.006364799
0.0063650881
0.0063656711
0.0063665396
0.0063676874
0.0063691085
0.0063708034
0.0063727806
0.0063750533
0.0063776442
0.0063805847
0.0063839159
0.0063876874
0.0063919617
0.0063968131
0.0064023315
0.006408625
0.0064158245
0.0064240891
0.0064336139
0.0064446402
0.0064574698
0.006472485
0.0064901776
0.0065111913
0.0065363848
0.0065669313
0.0066044753
0.0066513902
0.0067112097
0.0067893596
0.0068943723
5.8673317e-14
1.1199564e-11
2.8563869e-10
2.7469562e-09
1.5614376e-08
6.39469e-08
2.0720874e-07
5.5563956e-07
1.2618525e-06
2.4716915e-06
4.2695694e-06
6.672474e-06
9.6337802e-06
1.3021251e-05
1.7027873e-05
2.1717722e-05
2.7120183e-05
3.3283727e-05
4.0233233e-05
4.797012e-05
5.6440269e-05
6.5451295e-05
7.5161308e-05
8.5605034e-05
9.6757224e-05
0.0001085731
0.00012098302
0.00013388645
0.00014714534
0.00016057726
0.00017394837
0.00018641864
0.00019733945
0.00020654782
0.00021374889
0.00021853541
0.00022046427
0.00021920406
0.00021483855
0.00020847228
0.00020327367
0.00020368132
0.00021069919
0.00021002723
0.00021612775
0.00024208057
0.00029569293
0.00039670807
0.00054389713
0.00070713882
0.00087775934
0.001054541
0.0012380625
0.0014300046
0.0016325102
0.0018476991
0.0020773387
0.0023226287
0.0025840633
0.0028613308
0.0031532226
0.0034575339
0.0037709549
0.0040889867
0.0044059448
0.0047151494
0.005009381
0.0052816208
0.0055259629
0.0057384403
0.0059174649
0.006063705
0.0061795085
0.0062681703
0.0063333129
0.00637848
0.0064069222
0.0064215403
0.0064249955
0.0064199865
0.0064095184
0.0063968348
0.0063848806
0.0063756082
0.0063696148
0.0063663723
0.0063648891
0.0063643346
0.0063642763
0.0063645556
0.0063651213
0.0063659661
0.0063670844
0.0063684712
0.0063701269
0.006372061
0.0063742866
0.0063768259
0.0063797102
0.0063829802
0.0063866851
0.0063908869
0.0063956594
0.006401092
0.0064072923
0.0064143904
0.006422545
0.0064319504
0.0064428476
0.0064555378
0.0064704034
0.0064879368
0.0065087833
0.0065338059
0.0065641858
0.0066015841
0.0066484068
0.0067082526
0.0067866765
0.0068924636
6.0378827e-14
1.1525015e-11
2.9393779e-10
2.8265954e-09
1.6063493e-08
6.5751161e-08
2.1283046e-07
5.6971815e-07
1.2907325e-06
2.5213697e-06
4.3438628e-06
6.7731095e-06
9.7533096e-06
1.3169779e-05
1.7209318e-05
2.1935628e-05
2.7379919e-05
3.3588642e-05
4.0586393e-05
4.8374059e-05
5.6894683e-05
6.5946924e-05
7.5716293e-05
8.6223716e-05
9.7444341e-05
0.00010933371
0.00012182241
0.00013481006
0.00014815871
0.00016168592
0.0001751578
0.0001877827
0.00019883508
0.00020816014
0.00021546849
0.0002203535
0.00022236766
0.00022117372
0.00021685115
0.00021049017
0.00020520672
0.00020544988
0.00021236577
0.00021206825
0.0002177643
0.0002431754
0.00029626553
0.00039643287
0.0005435229
0.00070795768
0.00087980607
0.0010578646
0.0012426776
0.0014358864
0.0016396108
0.0018559647
0.0020867174
0.0023330706
0.0025955132
0.0028737158
0.0031664376
0.0034714266
0.0037853148
0.0041035416
0.0044203699
0.0047290907
0.0050224902
0.0052935978
0.0055365885
0.0057475926
0.0059251132
0.0060698902
0.006184321
0.0062717305
0.0063357562
0.0063799446
0.0064075436
0.0064214546
0.0064243538
0.0064189684
0.0064083241
0.0063956474
0.0063838217
0.0063747235
0.0063688853
0.0063657541
0.0063643345
0.0063638062
0.0063637551
0.0063640277
0.0063645742
0.006365395
0.0063664836
0.0063678359
0.0063694527
0.0063713431
0.006373521
0.0063760083
0.006378836
0.0063820442
0.0063856818
0.0063898103
0.0063945031
0.006399849
0.0064059548
0.0064129503
0.0064209933
0.0064302776
0.0064410434
0.0064535917
0.0064683046
0.006485675
0.0065063498
0.0065311956
0.0065614018
0.0065986456
0.0066453659
0.0067052274
0.0067839187
0.0068904893
6.2090616e-14
1.1851726e-11
3.0226645e-10
2.9065085e-09
1.6514249e-08
6.7560776e-08
2.1845891e-07
5.8377551e-07
1.3194618e-06
2.570604e-06
4.4172767e-06
6.8723287e-06
9.8710928e-06
1.3316023e-05
1.7387925e-05
2.2150086e-05
2.7635244e-05
3.3888125e-05
4.0933052e-05
4.8770333e-05
5.7340236e-05
6.6432901e-05
7.6260122e-05
8.6829646e-05
9.811695e-05
0.0001100779
0.0001226433
0.00013571291
0.00014914885
0.00016276869
0.00017633847
0.00018911276
0.00020029201
0.00020972935
0.0002171407
0.00022212031
0.00022421709
0.00022308889
0.00021881051
0.00021245676
0.00020709182
0.00020717598
0.00021399744
0.00021406153
0.00021938018
0.0002442884
0.00029690738
0.00039621419
0.00054315149
0.00070877154
0.00088183049
0.0010611341
0.0012472024
0.0014416429
0.001646554
0.0018640424
0.0020958781
0.0023432638
0.0026066825
0.0028857872
0.0031793057
0.00348494
0.0037992658
0.0041176636
0.0044343463
0.0047425777
0.0050351527
0.0053051473
0.0055468163
0.0057563842
0.005932442
0.0060757988
0.0061888994
0.0062750976
0.0063380443
0.0063812888
0.0064080765
0.0064213102
0.0064236812
0.0064179437
0.0064071407
0.0063944788
0.0063827823
0.0063738534
0.0063681673
0.0063651426
0.0063637835
0.0063632837
0.0063632366
0.0063635015
0.0063640301
0.0063648266
0.0063658853
0.0063672028
0.0063687804
0.0063706273
0.0063727569
0.0063751917
0.0063779622
0.006381108
0.0063846778
0.0063887323
0.0063933445
0.0063986026
0.0064046129
0.0064115044
0.0064194342
0.0064285956
0.006439228
0.0064516318
0.006466189
0.0064833926
0.0065038909
0.0065285542
0.0065585793
0.0065956597
0.0066422668
0.0067021325
0.0067810835
0.0068884466
6.3811372e-14
1.2180207e-11
3.1063508e-10
2.9867469e-09
1.6966422e-08
6.9373832e-08
2.2408816e-07
5.9779662e-07
1.3480168e-06
2.6193496e-06
4.4897389e-06
6.9700749e-06
9.9870697e-06
1.3459907e-05
1.7563607e-05
2.2360983e-05
2.7886029e-05
3.4182014e-05
4.1273073e-05
4.9158922e-05
5.7776988e-05
6.6908919e-05
7.6792501e-05
8.7422515e-05
9.8774777e-05
0.0001108054
0.0001234454
0.00013659467
0.0001501154
0.00016382516
0.00017748992
0.00019040874
0.00020171022
0.00021125523
0.0002187651
0.00022383541
0.00022601223
0.00022494875
0.00022071481
0.00021436963
0.00020892712
0.00020885933
0.00021559475
0.00021600514
0.00022097246
0.00024541468
0.00029760518
0.00039605506
0.00054280057
0.00070958387
0.00088383287
0.0010643504
0.0012516382
0.0014472754
0.0016533403
0.0018719318
0.00210482
0.0023532074
0.0026175703
0.0028975445
0.0031918267
0.0034980742
0.0038128092
0.0041313552
0.0044478782
0.0047556168
0.0050473756
0.0053162776
0.0055566552
0.0057648243
0.0059394607
0.0060814403
0.0061932533
0.0062782807
0.0063401861
0.0063825209
0.0064085285
0.0064211139
0.0064229835
0.0064169167
0.0064059707
0.0063933309
0.006381763
0.0063730009
0.0063674634
0.0063645392
0.0063632369
0.0063627635
0.0063627231
0.0063629779
0.0063634902
0.0063642611
0.0063652897
0.0063665722
0.0063681104
0.0063699133
0.0063719944
0.0063743764
0.0063770891
0.006380172
0.0063836732
0.0063876529
0.0063921838
0.0063973531
0.0064032668
0.006410053
0.0064178682
0.0064269049
0.0064374017
0.0064496584
0.0064640567
0.0064810897
0.0065014069
0.0065258816
0.0065557183
0.0065926259
0.0066391085
0.0066989661
0.0067781682
0.0068863316
6.5533011e-14
1.2509022e-11
3.1901824e-10
3.0671155e-09
1.7419157e-08
7.1187379e-08
2.2970777e-07
6.1175531e-07
1.3763508e-06
2.6675536e-06
4.5611837e-06
7.0662588e-06
1.0101126e-05
1.3601296e-05
1.7736213e-05
2.2568181e-05
2.8132285e-05
3.4470529e-05
4.1606615e-05
4.9538295e-05
5.8195816e-05
6.7374834e-05
7.7313182e-05
8.8002013e-05
9.941748e-05
0.00011151588
0.00012422839
0.00013745504
0.00015105806
0.00016485498
0.00017861172
0.00019167028
0.00020308934
0.00021273748
0.0002203415
0.00022549857
0.00022775251
0.00022675229
0.00022256252
0.00021622672
0.00021071088
0.00021049962
0.00021715811
0.00021789715
0.00022253831
0.00024654949
0.00029834775
0.00039595877
0.00054248705
0.00071040014
0.00088581479
0.001067515
0.0012559865
0.001452785
0.0016599703
0.0018796333
0.0021135429
0.0023629006
0.002628176
0.0029089873
0.0032040007
0.0035108311
0.0038259476
0.0041446199
0.0044609698
0.0047682135
0.0050591659
0.0053269965
0.005566114
0.005772922
0.0059461787
0.0060868241
0.0061973918
0.0062812885
0.0063421895
0.0063836484
0.0064089066
0.0064208719
0.0064222658
0.0064158912
0.0064048168
0.006392205
0.0063807653
0.0063721645
0.0063667729
0.0063639475
0.0063626963
0.0063622468
0.0063622119
0.0063624572
0.0063629529
0.0063636988
0.006364697
0.0063659442
0.0063674428
0.0063692015
0.0063712339
0.0063735624
0.006376217
0.0063792363
0.0063826683
0.0063865726
0.0063910212
0.0063961009
0.0064019168
0.0064085964
0.0064162955
0.0064252056
0.0064355647
0.0064476719
0.0064619082
0.0064787667
0.0064988979
0.0065231781
0.0065528187
0.0065895438
0.0066358901
0.0066957267
0.0067751698
0.0068841409
6.72539e-14
1.2837685e-11
3.273998e-10
3.1474708e-09
1.7871765e-08
7.2999054e-08
2.35312e-07
6.2563791e-07
1.4044305e-06
2.7151642e-06
4.6315485e-06
7.1607816e-06
1.0213161e-05
1.3740101e-05
1.7905643e-05
2.2771559e-05
2.8373844e-05
3.4753333e-05
4.1933092e-05
4.9908444e-05
5.8601757e-05
6.7830503e-05
7.7822151e-05
8.8568182e-05
0.00010004504
0.00011220924
0.00012499212
0.0001382938
0.00015197654
0.00016585784
0.00017970353
0.00019289724
0.00020442933
0.00021417608
0.00022186981
0.00022710956
0.00022943744
0.00022849864
0.00022435226
0.00021802639
0.00021244185
0.0002120966
0.00021868799
0.00021973566
0.00022407497
0.00024768837
0.00029912616
0.0003959283
0.00054222612
0.00071122674
0.00088777865
0.0010706293
0.001260249
0.0014581731
0.0016664449
0.0018871472
0.0021220468
0.0023723435
0.0026384994
0.0029201155
0.0032158284
0.0035232111
0.0038386825
0.0041574608
0.0044736258
0.0047803737
0.0050705303
0.0053373122
0.0055752009
0.0057806861
0.005952605
0.006091959
0.0062013233
0.0062841291
0.0063440624
0.0063846786
0.0064092174
0.0064205901
0.006421533
0.0064148708
0.0064036811
0.0063911022
0.0063797891
0.0063713467
0.0063660933
0.0063633655
0.0063621645
0.0063617343
0.0063617038
0.0063619402
0.0063624186
0.0063631405
0.0063641076
0.0063653192
0.0063667777
0.0063684919
0.0063704754
0.0063727501
0.0063753459
0.0063783012
0.0063816633
0.0063854914
0.0063898569
0.006394846
0.0064005631
0.0064071349
0.0064147164
0.0064234982
0.0064337175
0.0064456725
0.0064597436
0.0064764239
0.0064963643
0.0065204438
0.0065498805
0.0065864132
0.0066326109
0.0066924124
0.0067720852
0.0068818704
6.8980104e-14
1.3166809e-11
3.3578194e-10
3.2278296e-09
1.8323985e-08
7.4807288e-08
2.4089699e-07
6.3943396e-07
1.4322369e-06
2.7621517e-06
4.7008028e-06
7.2536443e-06
1.0323173e-05
1.3876298e-05
1.8071841e-05
2.2971017e-05
2.8610536e-05
3.503019e-05
4.2252377e-05
5.0270136e-05
5.8998674e-05
6.8275839e-05
7.8319335e-05
8.9120994e-05
0.00010065747
0.00011288551
0.0001257366
0.00013911092
0.00015287078
0.0001668336
0.00018076512
0.00019408971
0.00020573029
0.00021557099
0.00022334987
0.00022866827
0.00023106686
0.00023018711
0.00022608279
0.00021976711
0.00021411895
0.00021365039
0.0002201849
0.00022151876
0.00022557981
0.00024882723
0.00029993324
0.00039596628
0.00054203077
0.00071207089
0.00088972755
0.0010736956
0.0012644277
0.0014634415
0.0016727654
0.0018944742
0.002130332
0.0023815359
0.0026485405
0.0029309294
0.0032273102
0.0035352157
0.0038510163
0.0041698814
0.0044858509
0.0047921029
0.005081476
0.0053472317
0.0055839241
0.005788125
0.0059587479
0.0060968533
0.006205056
0.0062868102
0.0063458119
0.006385618
0.006409467
0.0064202738
0.0064207893
0.0064138584
0.0064025655
0.0063900237
0.0063788359
0.0063705457
0.0063654282
0.00636279
0.0063616357
0.0063612264
0.0063611995
0.0063614284
0.0063618879
0.0063625853
0.006363522
0.0063646973
0.0063661155
0.0063677849
0.006369719
0.0063719396
0.0063744762
0.0063773668
0.0063806585
0.0063844097
0.0063886914
0.0063935889
0.0063992061
0.0064056688
0.0064131311
0.0064217828
0.0064318602
0.0064436605
0.0064575634
0.0064740615
0.0064938062
0.0065176789
0.0065469037
0.0065832338
0.00662927
0.0066890216
0.0067689115
0.0068795158
7.0702836e-14
1.349559e-11
3.4415728e-10
3.3080867e-09
1.8775402e-08
7.6610301e-08
2.4645558e-07
6.5312894e-07
1.459747e-06
2.8084742e-06
4.7689019e-06
7.3447972e-06
1.0431104e-05
1.4009835e-05
1.8234752e-05
2.3166481e-05
2.8842314e-05
3.5301121e-05
4.2564655e-05
5.0623727e-05
5.9386552e-05
6.8710833e-05
7.8804756e-05
8.9660462e-05
0.00010125482
0.00011354477
0.00012646189
0.00013990646
0.00015374079
0.00016778223
0.00018179639
0.00019524769
0.0002069923
0.00021692237
0.00022478192
0.00023017463
0.00023264027
0.00023181701
0.00022775304
0.00022144768
0.00021574147
0.00021516129
0.00022164987
0.00022324458
0.00022705031
0.00024996249
0.00030076373
0.00039607458
0.00054191158
0.00071293968
0.00089166542
0.0010767164
0.0012685247
0.0014685921
0.0016789332
0.0019016153
0.002138399
0.0023904785
0.0026582997
0.0029414295
0.0032384472
0.0035468463
0.0038629516
0.004181885
0.0044976496
0.0048034071
0.0050920091
0.0053567626
0.0055922913
0.0057952467
0.0059646156
0.0061015149
0.0062085976
0.006289339
0.0063474448
0.006386473
0.006409661
0.0064199279
0.0064200387
0.006412857
0.0064014716
0.0063889704
0.006377905
0.0063697641
0.0063647744
0.0063622253
0.0063611172
0.0063607238
0.0063606994
0.0063609199
0.0063613621
0.0063620336
0.0063629397
0.0063640787
0.0063654563
0.0063670806
0.006368965
0.0063711311
0.0063736081
0.0063764335
0.0063796541
0.0063833278
0.0063875246
0.0063923297
0.0063978459
0.0064041982
0.00641154
0.0064200599
0.0064299933
0.0064416363
0.0064553679
0.0064716798
0.006491224
0.0065148836
0.0065438884
0.0065800053
0.0066258666
0.0066855522
0.0067656451
0.0068770727
7.24159e-14
1.3822691e-11
3.5250008e-10
3.3880604e-09
1.922525e-08
7.8406273e-08
2.5198249e-07
6.6670836e-07
1.4869409e-06
2.8541148e-06
4.8358133e-06
7.4342036e-06
1.0536921e-05
1.4140682e-05
1.8394345e-05
2.3357928e-05
2.9069194e-05
3.5566189e-05
4.2870082e-05
5.0969432e-05
5.9765446e-05
6.9135521e-05
7.9278473e-05
9.0186665e-05
0.00010183719
0.00011418712
0.00012716814
0.00014068055
0.00015458666
0.00016870376
0.00018279733
0.00019637145
0.00020821571
0.00021823052
0.00022616611
0.00023162887
0.00023415777
0.00023338789
0.00022936228
0.00022306729
0.00021730904
0.00021662985
0.000223084
0.00022491128
0.00022848415
0.00025109094
0.00030161361
0.0003962547
0.00054187736
0.00071384021
0.0008935964
0.0010796947
0.0012725425
0.0014736267
0.00168495
0.0019085717
0.0021462488
0.0023991715
0.0026677775
0.0029516165
0.0032492404
0.0035581051
0.0038744906
0.0041934751
0.0045090264
0.0048142915
0.0051021363
0.0053659121
0.0056003101
0.0058020589
0.0059702157
0.0061059515
0.0062119552
0.0062917225
0.0063489675
0.0063872494
0.0064098047
0.0064195569
0.0064192848
0.006411869
0.006400401
0.0063879428
0.0063769971
0.0063689994
0.0063641355
0.006361668
0.0063606067
0.0063602269
0.0063602039
0.0063604152
0.0063608397
0.0063614857
0.0063623608
0.0063634639
0.0063648004
0.0063663792
0.0063682135
0.0063703247
0.0063727416
0.0063755014
0.0063786503
0.0063822457
0.0063863571
0.0063910688
0.0063964829
0.0064027236
0.0064099433
0.0064183297
0.0064281169
0.0064396002
0.0064531573
0.0064692793
0.006488618
0.0065120581
0.0065408347
0.0065767276
0.0066223998
0.0066820026
0.0067622829
0.006874536
7.4125428e-14
1.4148815e-11
3.6081322e-10
3.4677532e-09
1.9673339e-08
8.019364e-08
2.5747429e-07
6.8016641e-07
1.5137997e-06
2.8990524e-06
4.901525e-06
7.5218516e-06
1.0640598e-05
1.4268808e-05
1.8550611e-05
2.3545372e-05
2.9291246e-05
3.5825563e-05
4.3168863e-05
5.1307448e-05
6.0135459e-05
6.9550064e-05
7.9740639e-05
9.0699804e-05
0.00010240478
0.00011481275
0.00012785549
0.00014143334
0.00015540854
0.0001695983
0.00018376797
0.00019746132
0.00020940092
0.0002194959
0.00022750289
0.00023303121
0.00023561937
0.00023489963
0.00023091007
0.00022462545
0.00021882158
0.00021805718
0.00022448923
0.0002265171
0.00022987909
0.00025220985
0.00030248004
0.00039650779
0.00054193519
0.00071477927
0.0008955251
0.0010826335
0.0012764836
0.0014785478
0.0016908174
0.0019153447
0.0021538822
0.0024076159
0.0026769746
0.0029614913
0.0032596911
0.0035689937
0.0038856365
0.0042046552
0.0045199857
0.0048247619
0.0051118638
0.0053746868
0.0056079878
0.0058085692
0.0059755558
0.0061101704
0.0062151358
0.0062939671
0.006350386
0.0063879527
0.006409903
0.006419165
0.0064185309
0.0064108967
0.0063993549
0.0063869417
0.0063761125
0.0063682524
0.0063635077
0.0063611218
0.0063601039
0.0063597362
0.0063597135
0.0063599147
0.0063603212
0.0063609425
0.0063617858
0.0063628526
0.0063641481
0.0063656809
0.0063674647
0.0063695206
0.006371877
0.0063745706
0.0063776472
0.0063811637
0.0063851889
0.0063898063
0.0063951173
0.0064012452
0.0064083413
0.0064165925
0.0064262316
0.0064375526
0.006450932
0.0064668602
0.0064859884
0.0065092027
0.0065377426
0.0065734004
0.0066188691
0.0066783708
0.0067588209
0.0068719004
7.5833005e-14
1.4474601e-11
3.6911279e-10
3.5472536e-09
2.0119968e-08
8.1972602e-08
2.6292853e-07
6.9349716e-07
1.5403166e-06
2.9432728e-06
4.9660225e-06
7.6077283e-06
1.0742124e-05
1.4394221e-05
1.870355e-05
2.3728829e-05
2.9508524e-05
3.6079321e-05
4.3461129e-05
5.1637945e-05
6.0496706e-05
6.995461e-05
8.0191473e-05
9.1200076e-05
0.00010295781
0.00011542193
0.00012852426
0.00014216512
0.0001562067
0.00017046609
0.00018470853
0.00019851798
0.00021054875
0.00022071921
0.00022879297
0.00023438237
0.0002370256
0.00023635236
0.00023239632
0.00022612214
0.00022027969
0.00021944491
0.000225868
0.0002280603
0.00023123315
0.00025331693
0.00030336106
0.00039683474
0.00054209072
0.00071576322
0.0008974562
0.0010855363
0.0012803508
0.0014833576
0.0016965375
0.0019219357
0.0021613003
0.0024158124
0.0026858918
0.0029710547
0.0032698004
0.0035795137
0.0038963913
0.0042154291
0.0045305323
0.0048348233
0.0051211979
0.0053830937
0.0056153315
0.0058147847
0.0059806429
0.0061141784
0.0062181461
0.0062960789
0.006351706
0.006388588
0.0064099604
0.006418756
0.0064177798
0.006409942
0.0063983345
0.0063859676
0.0063752515
0.0063675233
0.0063628921
0.0063605829
0.0063596058
0.0063592523
0.0063592284
0.0063594188
0.0063598069
0.0063604032
0.0063612152
0.0063622451
0.0063634993
0.0063649861
0.0063667189
0.0063687191
0.0063710145
0.0063736415
0.0063766452
0.0063800821
0.0063840202
0.0063885425
0.0063937493
0.0063997632
0.0064067345
0.0064148486
0.0064243375
0.0064354937
0.0064486924
0.0064644228
0.0064833356
0.0065063176
0.0065346124
0.0065700236
0.0066152735
0.0066746551
0.0067552558
0.00686916
7.7535911e-14
1.4799329e-11
3.7737933e-10
3.6264502e-09
2.0564763e-08
8.3742099e-08
2.6834359e-07
7.0669441e-07
1.5664805e-06
2.9867635e-06
5.0292939e-06
7.691825e-06
1.0841484e-05
1.4516904e-05
1.8853166e-05
2.3908348e-05
2.9721133e-05
3.6327631e-05
4.3747129e-05
5.1961221e-05
6.08494e-05
7.0349426e-05
8.063125e-05
9.1687822e-05
0.00010349663
0.00011601502
0.00012917479
0.00014287623
0.00015698146
0.00017130742
0.00018561922
0.00019954227
0.00021166021
0.00022190156
0.00023003726
0.00023568312
0.00023837715
0.00023774668
0.00023382149
0.00022755783
0.00022168433
0.00022079535
0.00022722371
0.00022953924
0.00023254442
0.00025441016
0.00030425535
0.0003972363
0.00054234832
0.000716798
0.00089939442
0.0010884066
0.001284147
0.0014880585
0.001702112
0.0019283461
0.0021685042
0.0024237619
0.0026945298
0.0029803077
0.0032795697
0.0035896671
0.0039067578
0.0042258
0.0045406702
0.0048444815
0.0051301445
0.0053911392
0.0056223479
0.0058207123
0.0059854839
0.006117982
0.0062209921
0.0062980638
0.0063529327
0.0063891601
0.0064099813
0.0064183336
0.0064170345
0.0064090067
0.0063973407
0.0063850212
0.0063744147
0.0063668126
0.0063622892
0.0063600522
0.0063591136
0.0063587767
0.0063587489
0.0063589277
0.006359297
0.006359868
0.0063606486
0.0063616419
0.0063628541
0.0063642946
0.0063659764
0.0063679204
0.0063701543
0.0063727141
0.0063756444
0.006379001
0.0063828514
0.0063872776
0.0063923793
0.006398278
0.0064051229
0.0064130984
0.006422435
0.0064334239
0.0064464389
0.0064619676
0.0064806601
0.0065034033
0.0065314441
0.0065665971
0.0066116125
0.0066708537
0.0067515833
0.0068663087
7.9229416e-14
1.5122305e-11
3.8560488e-10
3.7052538e-09
2.1007101e-08
8.5500645e-08
2.7371762e-07
7.1975419e-07
1.5922816e-06
3.0295093e-06
5.0913287e-06
7.7741409e-06
1.0938688e-05
1.4636898e-05
1.8999533e-05
2.4084015e-05
2.9929213e-05
3.6570703e-05
4.4027135e-05
5.2277578e-05
6.1193776e-05
7.0734788e-05
8.1060303e-05
9.2163402e-05
0.00010402166
0.00011659242
0.00012980749
0.00014356708
0.00015773319
0.00017212265
0.00018650037
0.00020053546
0.00021273661
0.00022304423
0.00023123734
0.00023693517
0.00023967538
0.0002390836
0.00023518657
0.00022893376
0.00022303758
0.00022211178
0.0002285607
0.00023095236
0.00023381123
0.00025548792
0.00030516212
0.00039771302
0.00054271176
0.00071788878
0.00090134434
0.001091248
0.0012878748
0.0014926526
0.0017075428
0.0019345774
0.0021754949
0.0024314652
0.0027028894
0.0029892512
0.0032890002
0.0035994555
0.0039167386
0.0042357712
0.0045504039
0.0048537411
0.0051387094
0.0053988296
0.0056290436
0.0058263587
0.0059900853
0.0061215875
0.0062236798
0.0062999272
0.0063540713
0.0063896736
0.0064099694
0.006417901
0.0064162972
0.0064080924
0.0063963744
0.0063841026
0.0063736028
0.006366121
0.0063616994
0.0063595304
0.0063586277
0.0063583055
0.0063582755
0.0063584417
0.0063587918
0.0063593371
0.0063600862
0.0063610426
0.0063622128
0.0063636067
0.0063652371
0.0063671246
0.0063692966
0.0063717887
0.0063746451
0.0063779208
0.0063816826
0.0063860119
0.0063910075
0.0063967898
0.0064035069
0.0064113422
0.0064205245
0.0064313436
0.0064441717
0.006459495
0.0064779621
0.0065004599
0.0065282381
0.0065631209
0.0066078855
0.0066669646
0.0067477995
0.0068633397
8.0913851e-14
1.5443928e-11
3.9380101e-10
3.7836892e-09
2.144714e-08
8.7248561e-08
2.7904806e-07
7.326714e-07
1.617719e-06
3.0715155e-06
5.1521284e-06
7.8546924e-06
1.1033755e-05
1.475425e-05
1.9142718e-05
2.4255943e-05
3.013293e-05
3.6808796e-05
4.4301508e-05
5.2587458e-05
6.153014e-05
7.1111039e-05
8.1479027e-05
9.262725e-05
0.00010453333
0.0001171546
0.00013042283
0.00014423813
0.00015846235
0.00017291214
0.00018735224
0.00020148914
0.00021377928
0.00022414988
0.00023239523
0.00023814031
0.00024092239
0.00024036526
0.00023649345
0.00023025196
0.00022434198
0.00022339844
0.00022988484
0.0002322982
0.00023503203
0.0002565488
0.00030608095
0.00039826543
0.00054318375
0.00071904034
0.00090331011
0.0010940637
0.0012915369
0.0014971419
0.0017128314
0.0019406307
0.0021822732
0.0024389229
0.0027109712
0.0029978859
0.0032980931
0.003608881
0.003926336
0.0042453462
0.0045597376
0.0048626072
0.0051468981
0.005406171
0.0056354249
0.0058317301
0.0059944533
0.0061250011
0.006226215
0.0063016744
0.0063551264
0.0063901327
0.0064099286
0.0064174612
0.0064155703
0.0064072006
0.0063954363
0.006383212
0.0063728146
0.00636545
0.0063611236
0.0063590179
0.0063581487
0.0063578398
0.0063578087
0.0063579614
0.0063582916
0.0063588109
0.0063595281
0.0063604474
0.0063615754
0.0063629225
0.0063645013
0.0063663319
0.0063684417
0.0063708655
0.0063736474
0.0063768415
0.0063805141
0.0063847457
0.0063896341
0.0063952988
0.0064018869
0.0064095802
0.0064186062
0.0064292531
0.0064418914
0.0064570053
0.006475242
0.0064974879
0.0065249947
0.0065595951
0.0066040918
0.0066629861
0.0067439002
0.0068602456
8.2590559e-14
1.5764018e-11
4.0195649e-10
3.8617719e-09
2.1885244e-08
8.898634e-08
2.8433571e-07
7.4545089e-07
1.6427986e-06
3.1127932e-06
5.2117238e-06
7.9335156e-06
1.1126737e-05
1.4869023e-05
1.9282835e-05
2.4424297e-05
3.0332545e-05
3.7042261e-05
4.4570677e-05
5.2891332e-05
6.1858868e-05
7.1478624e-05
8.1887882e-05
9.3079861e-05
0.00010503216
0.00011770209
0.0001310213
0.00014488981
0.00015916927
0.0001736761
0.00018817458
0.00020237042
0.00021478746
0.00022522568
0.00023351628
0.00023930167
0.00024212078
0.00024159443
0.00023774502
0.00023151557
0.00022560162
0.000224661
0.00023120321
0.0002335754
0.00023620544
0.00025759164
0.0003070116
0.00039889383
0.00054376626
0.00072025656
0.00090529557
0.0010968566
0.0012951355
0.0015015283
0.001717979
0.0019465069
0.0021888396
0.0024461353
0.0027187754
0.0030062123
0.0033068493
0.0036179452
0.0039355526
0.0042545282
0.0045686751
0.0048710847
0.0051547162
0.0054131693
0.0056414979
0.0058368327
0.0059985939
0.0061282283
0.0062286028
0.0063033103
0.0063561025
0.0063905414
0.0064098623
0.006417017
0.0064148558
0.0064063326
0.0063945271
0.0063823497
0.0063720503
0.0063647966
0.0063605641
0.0063585158
0.006357677
0.00635738
0.0063573469
0.0063574878
0.0063577965
0.0063582894
0.0063589745
0.0063598566
0.0063609422
0.0063622422
0.006363769
0.0063655425
0.0063675895
0.0063699448
0.0063726516
0.0063757635
0.0063793461
0.0063834791
0.0063882594
0.0063938055
0.0064002631
0.0064078128
0.0064166806
0.0064271529
0.0064395982
0.0064544989
0.0064725003
0.0064944877
0.0065217141
0.0065560196
0.006600231
0.0066589164
0.006739881
0.0068570185
8.4260199e-14
1.6082717e-11
4.1007798e-10
3.9395605e-09
2.232137e-08
9.0714235e-08
2.8958453e-07
7.5809831e-07
1.6675284e-06
3.1533614e-06
5.270151e-06
8.010667e-06
1.1217703e-05
1.4981348e-05
1.9420067e-05
2.458935e-05
3.0528408e-05
3.7271539e-05
4.4835209e-05
5.3189842e-05
6.2180403e-05
7.1838013e-05
8.228738e-05
9.3521746e-05
0.00010551868
0.0001182354
0.00013160346
0.00014552265
0.00015985447
0.00017441499
0.00018896806
0.00020321895
0.00021576493
0.00022627259
0.00023460457
0.0002404239
0.00024327456
0.00024277497
0.0002389453
0.00023272896
0.00022682178
0.00022590662
0.00023252483
0.00023478273
0.0002373302
0.00025861542
0.00030795397
0.0003995984
0.00054446077
0.00072154061
0.00090730387
0.0010996294
0.0012986724
0.0015058129
0.0017229865
0.0019522062
0.0021951944
0.0024531025
0.0027263023
0.0030142309
0.0033152695
0.0036266488
0.00394439
0.0042633198
0.0045772204
0.0048791783
0.005162169
0.0054198301
0.0056472686
0.0058416724
0.0060025128
0.0061312745
0.0062308484
0.0063048395
0.0063570039
0.0063909034
0.0064097736
0.006416571
0.0064141556
0.0064054895
0.0063936473
0.0063815161
0.0063713102
0.0063641613
0.0063600167
0.0063580264
0.0063572135
0.0063569265
0.0063568905
0.0063570189
0.0063573068
0.0063577729
0.0063584257
0.0063592703
0.0063603137
0.006361566
0.0063630404
0.0063647564
0.0063667404
0.0063690266
0.0063716578
0.0063746869
0.0063781789
0.0063822125
0.0063868837
0.00639231
0.0063986358
0.0064060403
0.0064147479
0.0064250432
0.0064372926
0.0064519763
0.0064697374
0.0064914597
0.0065183966
0.0065523946
0.0065963027
0.0066547536
0.0067357374
0.0068536495
8.5928496e-14
1.6401148e-11
4.1818772e-10
4.0171286e-09
2.2755849e-08
9.2433941e-08
2.9479719e-07
7.7061745e-07
1.6919222e-06
3.1932492e-06
5.327448e-06
8.0862146e-06
1.1306763e-05
1.5091371e-05
1.9554623e-05
2.4751365e-05
3.0720884e-05
3.7497129e-05
4.5095724e-05
5.3483668e-05
6.2495205e-05
7.2189748e-05
8.2678121e-05
9.395356e-05
0.00010599356
0.00011875522
0.00013216994
0.00014613731
0.00016051853
0.00017512937
0.00018973326
0.00020403523
0.00021671683
0.00022729424
0.00023566439
0.00024151263
0.00024438976
0.00024391262
0.00024010002
0.0002338982
0.00022800934
0.00022714406
0.00023386022
0.00023591908
0.0002384052
0.00025961928
0.00030890797
0.00040037891
0.00054526763
0.00072289472
0.00090933729
0.0011023836
0.0013021487
0.0015099964
0.0017278541
0.0019577287
0.0022013371
0.0024598241
0.0027335515
0.0030219416
0.0033233544
0.0036349935
0.0039528508
0.0042717244
0.0045853773
0.0048868923
0.0051692614
0.0054261588
0.0056527424
0.0058462547
0.0060062156
0.0061341451
0.0062329566
0.0063062664
0.0063578344
0.0063912222
0.0064096655
0.0064161256
0.0064134715
0.0064046723
0.0063927973
0.0063807111
0.006370595
0.0063635447
0.0063594829
0.0063575456
0.0063567603
0.0063564799
0.00635644
0.0063565555
0.0063568232
0.0063572617
0.0063578818
0.0063586887
0.0063596895
0.0063608943
0.0063623158
0.0063639739
0.0063658945
0.0063681112
0.0063706662
0.006373612
0.0063770126
0.006380946
0.0063855072
0.0063908126
0.0063970052
0.006404263
0.0064128085
0.0064229244
0.006434975
0.0064494379
0.0064669538
0.0064884043
0.0065150428
0.0065487204
0.0065923065
0.0066504963
0.0067314648
0.0068501291
8.7597799e-14
1.6719574e-11
4.262939e-10
4.0946159e-09
2.3189504e-08
9.4148051e-08
2.9998059e-07
7.830274e-07
1.7160102e-06
3.2325017e-06
5.383686e-06
8.1602638e-06
1.139407e-05
1.5199303e-05
1.9686791e-05
2.4910744e-05
3.0910493e-05
3.7719671e-05
4.535302e-05
5.3773705e-05
6.2803881e-05
7.253445e-05
8.3060764e-05
9.4375964e-05
0.00010645747
0.00011926224
0.00013272142
0.00014673439
0.00016116204
0.00017581977
0.00019047067
0.00020481966
0.00021764945
0.00022829736
0.00023670228
0.00024257472
0.00024547362
0.00024501497
0.00024121686
0.00023503115
0.00022917302
0.00022838377
0.00023522148
0.00023698353
0.00023942949
0.00026060234
0.00030987329
0.00040123471
0.00054618639
0.00072431976
0.00091139712
0.0011051202
0.0013055647
0.0015140786
0.0017325812
0.0019630736
0.002207267
0.0024662992
0.0027405225
0.0030293442
0.0033311041
0.0036429804
0.0039609363
0.0042797443
0.0045931491
0.0048942311
0.0051759984
0.0054321607
0.0056579247
0.0058505851
0.0060097072
0.0061368448
0.0062349319
0.0063075952
0.0063585977
0.006391501
0.0064095409
0.0064156829
0.0064128049
0.006403882
0.0063919776
0.0063799347
0.0063699034
0.0063629482
0.0063589648
0.0063570749
0.0063563146
0.0063560419
0.0063559958
0.0063560978
0.0063563448
0.0063567564
0.0063573431
0.0063581119
0.00635907
0.0063602268
0.0063615955
0.0063631954
0.0063650519
0.0063671987
0.0063696771
0.0063725389
0.0063758475
0.0063796799
0.0063841302
0.0063893136
0.0063953719
0.0064024813
0.0064108628
0.006420797
0.0064326458
0.0064468842
0.00646415
0.0064853222
0.006511653
0.0065449973
0.0065882422
0.0066461427
0.0067270582
0.006846447
8.9265402e-14
1.703767e-11
4.3439163e-10
4.1720441e-09
2.3622755e-08
9.5858237e-08
3.0514013e-07
7.9534155e-07
1.7398257e-06
3.271171e-06
5.4389602e-06
8.2329486e-06
1.1479828e-05
1.5305451e-05
1.981697e-05
2.5067979e-05
3.1097865e-05
3.7939963e-05
4.5608033e-05
5.4060951e-05
6.3107066e-05
7.2872811e-05
8.343598e-05
9.478967e-05
0.00010691113
0.00011975712
0.00013325853
0.00014731446
0.00016178546
0.00017648658
0.00019118061
0.00020557258
0.0002185707
0.00022929123
0.00023772743
0.00024361981
0.00024653617
0.00024609185
0.00024230537
0.00023613749
0.00023032313
0.00022963758
0.00023662139
0.0002379753
0.0002404022
0.00026156374
0.00031084938
0.00040216446
0.00054721543
0.00072581556
0.00091348341
0.0011078389
0.0013089199
0.0015180585
0.0017371666
0.0019682395
0.0022129826
0.0024725267
0.0027472141
0.0030364381
0.0033385188
0.00365061
0.0039686485
0.0042873822
0.0046005396
0.0049011987
0.0051823845
0.0054378408
0.0056628208
0.0058546686
0.0060129927
0.0061393783
0.0062367786
0.0063088298
0.0063592975
0.0063917429
0.0064094022
0.0064152451
0.0064121572
0.0064031194
0.0063911887
0.0063791871
0.0063692357
0.0063623691
0.0063584589
0.0063566164
0.0063558788
0.00635561
0.006355559
0.006355647
0.0063558718
0.0063562562
0.00635681
0.0063575402
0.0063584551
0.0063595638
0.0063608793
0.0063624207
0.006364213
0.0063662893
0.0063686906
0.0063714679
0.0063746838
0.0063784145
0.006382753
0.0063878132
0.0063937359
0.0064006955
0.0064089112
0.0064186614
0.0064303055
0.0064443156
0.0064613264
0.0064822138
0.0065082277
0.0065412254
0.0065841097
0.0066416913
0.0067225128
0.0068425918
9.0935674e-14
1.7356234e-11
4.4250349e-10
4.249626e-09
2.4056533e-08
9.7567923e-08
3.1028526e-07
8.075768e-07
1.7633968e-06
3.3093226e-06
5.4933689e-06
8.3044227e-06
1.1564277e-05
1.5410148e-05
1.9945594e-05
2.5223638e-05
3.1283708e-05
3.8158878e-05
4.5861851e-05
5.4346629e-05
6.3405463e-05
7.320552e-05
8.3804503e-05
9.5195361e-05
0.00010735516
0.00012024043
0.0001337818
0.00014787798
0.00016238918
0.0001771301
0.0001918633
0.00020629417
0.00021949136
0.00023028852
0.00023875178
0.00024465966
0.00024758959
0.00024715559
0.00024337762
0.00023722872
0.00023147089
0.00023091715
0.00023807168
0.00023889389
0.00024132261
0.00026250253
0.00031183537
0.00040316599
0.00054835179
0.00072738033
0.00091559491
0.0011105384
0.0013122123
0.0015219341
0.0017416083
0.0019732244
0.0022184818
0.0024785046
0.0027536251
0.0030432225
0.0033455983
0.0036578833
0.0039759887
0.0042946403
0.0046075515
0.004907799
0.0051884243
0.0054432037
0.0056674354
0.00585851
0.0060160767
0.00614175
0.0062385008
0.0063099738
0.0063599369
0.0063919507
0.0064092519
0.0064148139
0.0064115299
0.0064023852
0.0063904306
0.0063784682
0.0063685918
0.0063618079
0.0063579656
0.0063561665
0.00635545
0.0063551847
0.0063551273
0.0063552008
0.0063554047
0.0063557622
0.006356282
0.0063569738
0.0063578454
0.0063589057
0.0063601677
0.0063616501
0.0063633778
0.0063653833
0.0063677069
0.0063703992
0.0063735218
0.00637715
0.0063813757
0.0063863119
0.0063920976
0.0063989059
0.0064069539
0.0064165178
0.0064279544
0.0064417327
0.0064584837
0.0064790796
0.0065047677
0.0065374054
0.0065799089
0.0066371408
0.0067178236
0.0068385507
9.261399e-14
1.7676478e-11
4.5065701e-10
4.3275878e-09
2.4492092e-08
9.9281247e-08
3.1542842e-07
8.1976684e-07
1.7867904e-06
3.3470575e-06
5.5470728e-06
8.3749233e-06
1.164779e-05
1.5513877e-05
2.0073296e-05
2.5378501e-05
3.1468974e-05
3.8377555e-05
4.6115812e-05
5.4632142e-05
6.3699716e-05
7.353325e-05
8.4166947e-05
9.5593612e-05
0.00010779008
0.00012071261
0.00013429149
0.0001484251
0.00016297323
0.00017775024
0.00019251859
0.00020698436
0.00022042397
0.00023130526
0.00023979254
0.00024571093
0.00024864934
0.0002482205
0.00024444639
0.0002383164
0.00023262711
0.00023223252
0.00023958054
0.00023973901
0.00024219018
0.00026341767
0.00031282974
0.00040423604
0.000549591
0.00072901073
0.00091772882
0.0011132158
0.0013154393
0.0015257027
0.0017459033
0.0019780253
0.0022237622
0.0024842308
0.0027597535
0.0030496962
0.0033523422
0.0036648002
0.0039829584
0.0043015208
0.004614188
0.0049140357
0.0051941217
0.0054482541
0.0056717731
0.0058621139
0.0060189635
0.0061439639
0.0062401023
0.0063110307
0.0063605189
0.0063921272
0.0064090921
0.0064143912
0.006410924
0.0064016801
0.0063897037
0.0063777783
0.0063679717
0.0063612648
0.0063574853
0.0063557252
0.0063550287
0.0063547682
0.0063547027
0.0063547611
0.006354944
0.0063552735
0.0063557599
0.0063564127
0.0063572406
0.0063582523
0.0063594605
0.0063608838
0.0063625465
0.0063644807
0.0063667263
0.0063693329
0.0063723616
0.0063758865
0.0063799987
0.0063848097
0.0063904573
0.0063971128
0.0064049914
0.0064143669
0.0064255931
0.0064391359
0.0064556224
0.0064759204
0.0065012734
0.0065335378
0.00657564
0.0066324899
0.0067129854
0.00683431
9.4310462e-14
1.7999896e-11
4.5888458e-10
4.406176e-09
2.4930783e-08
1.0100465e-07
3.2058687e-07
8.3195158e-07
1.8100853e-06
3.3845109e-06
5.6002833e-06
8.4447481e-06
1.1730802e-05
1.5617207e-05
2.0200755e-05
2.5533343e-05
3.1654556e-05
3.8597285e-05
4.637198e-05
5.4919938e-05
6.3990528e-05
7.3856639e-05
8.4523888e-05
9.5984883e-05
0.00010821622
0.00012117382
0.00013478767
0.00014895569
0.00016353731
0.00017834659
0.00019314601
0.00020764266
0.00022138954
0.00023235986
0.00024086499
0.00024678977
0.0002497318
0.00024930134
0.00024552425
0.00023941058
0.00023379912
0.00023358778
0.00024114789
0.00024051068
0.00024300443
0.00026430783
0.00031383049
0.00040537034
0.00055092692
0.00073070177
0.00091988083
0.0011158671
0.0013185968
0.0015293601
0.0017500479
0.0019826388
0.0022288206
0.0024897026
0.0027655975
0.0030558579
0.0033587498
0.0036713614
0.0039895587
0.0043080261
0.0046204517
0.0049199123
0.0051994807
0.0054529961
0.0056758384
0.0058654845
0.0060216574
0.006146024
0.0062415865
0.0063120035
0.0063610465
0.0063922746
0.006408925
0.0064139783
0.0064103407
0.0064010047
0.0063890084
0.0063771172
0.0063673754
0.0063607398
0.0063570206
0.006355295
0.006354615
0.0063543573
0.0063542859
0.0063543281
0.006354489
0.0063547904
0.0063552431
0.0063558568
0.0063566409
0.0063576038
0.0063587579
0.0063601218
0.0063617191
0.0063635817
0.0063657488
0.0063682693
0.0063712034
0.0063746244
0.0063786221
0.0063833071
0.0063888154
0.0063953167
0.006403024
0.0064122088
0.006423222
0.0064365257
0.006452743
0.0064727367
0.0064977455
0.0065296232
0.0065713031
0.0066277374
0.006707993
0.0068298546
9.6026121e-14
1.8326991e-11
4.6721175e-10
4.4857002e-09
2.5373944e-08
1.0274258e-07
3.2577647e-07
8.4416423e-07
1.8333504e-06
3.4218049e-06
5.6531944e-06
8.5142028e-06
1.1813851e-05
1.5720875e-05
2.0328973e-05
2.5689694e-05
3.1843083e-05
3.8821609e-05
4.6629388e-05
5.5178637e-05
6.4278564e-05
7.4175963e-05
8.4875363e-05
9.6369031e-05
0.00010863325
0.0001216236
0.0001352696
0.00014946884
0.00016408029
0.00017891768
0.00019374352
0.00020826554
0.00022213864
0.00023346736
0.00024201129
0.00024791957
0.00025085112
0.00025040845
0.00024661804
0.00024051461
0.00023498661
0.00023497748
0.00024276122
0.00024120918
0.00024376507
0.00026517152
0.00031483494
0.00040656325
0.00055235172
0.00073244678
0.0009220453
0.0011184871
0.0013216798
0.0015329017
0.0017540377
0.0019870611
0.0022336536
0.0024949171
0.0027711547
0.003061706
0.0033648204
0.0036775668
0.0039957901
0.0043141574
0.0046263454
0.0049254319
0.005204505
0.0054574335
0.0056796349
0.0058686259
0.0060241619
0.0061479338
0.0062429568
0.0063128954
0.0063615221
0.0063923954
0.0064087523
0.006413577
0.0064097809
0.0064003596
0.0063883447
0.0063764852
0.0063668032
0.0063602329
0.0063565683
0.0063548771
0.006354212
0.0063539545
0.006353875
0.0063539015
0.0063540401
0.006354313
0.0063547319
0.0063553064
0.0063560465
0.0063569603
0.0063580602
0.0063593642
0.0063608959
0.0063626866
0.0063647747
0.0063672086
0.0063700474
0.0063733638
0.0063772463
0.0063818042
0.0063871721
0.0063935177
0.0064010521
0.0064100442
0.0064208416
0.0064339028
0.0064498462
0.0064695292
0.0064941848
0.0065256622
0.0065668988
0.0066228826
0.0067028413
0.0068251673
9.7774158e-14
1.8660311e-11
4.7569639e-10
4.5666863e-09
2.5824928e-08
1.0450716e-07
3.3102885e-07
8.5647985e-07
1.8567283e-06
3.4592004e-06
5.7061904e-06
8.5837983e-06
1.1897637e-05
1.5825742e-05
2.0458963e-05
2.5848678e-05
3.2035321e-05
3.9050495e-05
4.6890259e-05
5.5434645e-05
6.456395e-05
7.449139e-05
8.5221308e-05
9.6745734e-05
0.00010904056
0.00012206099
0.00013573612
0.00014996304
0.00016460034
0.00017946142
0.00019430871
0.00020885037
0.00022274167
0.00023463938
0.00024325048
0.00024911609
0.00025201339
0.00025154161
0.0002477232
0.00024161992
0.00023617645
0.00023638074
0.00024439062
0.00024183505
0.00024447187
0.00026600695
0.00031583979
0.00040780794
0.00055385605
0.00073423774
0.00092421516
0.0011210695
0.0013246825
0.0015363222
0.0017578678
0.0019912876
0.0022382573
0.0024998711
0.0027764225
0.0030672385
0.003370553
0.0036834159
0.0040016536
0.0043199162
0.0046318708
0.0049305968
0.0052091977
0.0054615695
0.0056831666
0.0058715414
0.0060264808
0.0061496965
0.0062442161
0.0063137091
0.0063619484
0.0063924916
0.0064085759
0.0064131884
0.0064092455
0.0063997452
0.006387713
0.0063758826
0.0063662557
0.0063597446
0.0063561293
0.006354469
0.0063538167
0.0063535607
0.0063534725
0.0063534814
0.0063535974
0.0063538417
0.0063542265
0.0063547616
0.0063554575
0.0063563219
0.0063573673
0.0063586112
0.006360077
0.0063617954
0.0063638041
0.0063661508
0.0063688939
0.006372105
0.0063758715
0.0063803014
0.0063855276
0.0063917163
0.0063990761
0.0064078733
0.0064184524
0.0064312676
0.0064469326
0.0064662987
0.0064905922
0.0065216557
0.0065624275
0.0066179248
0.0066975251
0.0068202296
9.9555379e-14
1.9000217e-11
4.8434452e-10
4.6491583e-09
2.6283879e-08
1.0629993e-07
3.3634832e-07
8.689084e-07
1.8802458e-06
3.4967488e-06
5.7594014e-06
8.6537492e-06
1.198292e-05
1.5932927e-05
2.0592209e-05
2.6012173e-05
3.2233906e-05
3.9288021e-05
4.716046e-05
5.5687927e-05
6.4845465e-05
7.4801463e-05
8.5560033e-05
9.7112948e-05
0.0001094358
0.00012248334
0.00013618427
0.0001504352
0.00016509426
0.00017997456
0.00019483852
0.00020939474
0.00022330037
0.00023589397
0.00024457759
0.00025037364
0.00025320902
0.00025268509
0.00024881947
0.00024270339
0.00023734175
0.00023776281
0.00024599124
0.00024238903
0.00024512465
0.00026681202
0.00031684109
0.00040909654
0.00055542911
0.00073606554
0.00092638246
0.001123607
0.0013275984
0.0015396156
0.0017615329
0.0019953136
0.0022426273
0.0025045608
0.0027813979
0.0030724533
0.0033759458
0.0036889083
0.004007149
0.0043253033
0.0046370298
0.0049354097
0.0052135613
0.0054654075
0.0056864363
0.0058742343
0.0060286169
0.0061513151
0.0062453673
0.006314447
0.0063623274
0.0063925652
0.0064083973
0.0064128137
0.0064087354
0.0063991621
0.0063871133
0.0063753084
0.0063657316
0.0063592756
0.0063557049
0.0063540723
0.0063534296
0.0063531739
0.0063530765
0.0063530689
0.0063531618
0.006353377
0.0063537268
0.0063542226
0.006354874
0.006355689
0.0063566795
0.0063578632
0.0063592627
0.0063609084
0.0063628372
0.0063650963
0.0063677431
0.0063708482
0.006374498
0.0063787988
0.0063838824
0.0063899128
0.0063970964
0.0064056967
0.0064160548
0.0064286207
0.0064440028
0.0064630459
0.0064869683
0.0065176046
0.00655789
0.0066128634
0.0066920395
0.0068150205
1.0141298e-13
1.9354135e-11
4.9333649e-10
4.7347868e-09
2.6759426e-08
1.081539e-07
3.418364e-07
8.8168789e-07
1.904348e-06
3.5351364e-06
5.8137343e-06
8.7251779e-06
1.2070509e-05
1.6043089e-05
2.0729194e-05
2.618038e-05
3.2438576e-05
3.9533567e-05
4.7439562e-05
5.5938456e-05
6.5122608e-05
7.5105132e-05
8.5889981e-05
9.7468723e-05
0.00010981655
0.00012288786
0.00013661092
0.00015088191
0.0001655585
0.00018045352
0.00019532935
0.00020989503
0.00022380924
0.00023669546
0.00024594205
0.00025167663
0.00025439923
0.00025379413
0.00024986303
0.00024372244
0.00023843844
0.0002390717
0.0002475006
0.00024287193
0.00024572321
0.00026758441
0.00031783459
0.00041042062
0.00055705928
0.00073792002
0.00092853847
0.0011260918
0.0013304202
0.0015427752
0.0017650268
0.0019991336
0.002246759
0.0025089821
0.0027860772
0.0030773472
0.0033809966
0.0036940422
0.0040122757
0.0043303187
0.0046418227
0.0049398716
0.0052175978
0.0054689497
0.0056894467
0.0058767075
0.0060305731
0.0061527924
0.0062464128
0.0063151114
0.0063626613
0.0063926179
0.0064082181
0.0064124542
0.0064082514
0.0063986106
0.0063865457
0.0063747629
0.0063652298
0.0063588232
0.0063552911
0.0063536833
0.0063530509
0.0063527945
0.0063526876
0.0063526629
0.0063527323
0.0063529178
0.0063532332
0.0063536894
0.0063542962
0.0063550614
0.006355997
0.00635712
0.006358453
0.0063600255
0.0063618742
0.0063640452
0.0063665952
0.0063695936
0.0063731259
0.0063772969
0.0063822367
0.0063881075
0.0063951133
0.0064035147
0.0064136493
0.0064259628
0.0064410576
0.0064597716
0.0064833143
0.00651351
0.0065532872
0.0066076984
0.0066863795
0.0068095168
1.0329427e-13
1.9712252e-11
5.0242344e-10
4.8212518e-09
2.7238674e-08
1.100161e-07
3.473326e-07
8.9445708e-07
1.928394e-06
3.5734382e-06
5.8680588e-06
8.79684e-06
1.2161883e-05
1.6159085e-05
2.0874197e-05
2.6359656e-05
3.2659419e-05
3.9803609e-05
4.7747439e-05
5.618041e-05
6.5389426e-05
7.5396202e-05
8.620476e-05
9.7806413e-05
0.00011017613
0.00012326794
0.00013700966
0.00015129703
0.00016598733
0.00018089304
0.00019577644
0.00021034683
0.00022426376
0.00023715004
0.00024728374
0.00025297078
0.00025553279
0.00025481887
0.00025080901
0.00024463893
0.00023943461
0.00024027175
0.00024887836
0.00024328455
0.00024626728
0.00026832158
0.00031881573
0.00041177112
0.00055873442
0.00073979043
0.00093067372
0.0011285153
0.0013331399
0.0015457935
0.0017683425
0.0020027409
0.002250646
0.0025131292
0.0027904552
0.0030819156
0.0033857014
0.0036988141
0.0040170311
0.0043349611
0.0046462494
0.0049439829
0.0052213085
0.0054721978
0.0056922001
0.0058789631
0.0060323517
0.0061541305
0.0062473548
0.0063157043
0.0063629518
0.0063926513
0.0064080395
0.0064121109
0.006407794
0.0063980911
0.0063860104
0.0063742462
0.0063647513
0.006358388
0.006354891
0.0063533054
0.0063526808
0.006352423
0.0063523069
0.0063522645
0.0063523095
0.0063524656
0.0063527457
0.0063531622
0.0063537241
0.0063544394
0.0063553197
0.0063563819
0.0063576481
0.0063591472
0.0063609152
0.0063629977
0.0063654503
0.0063683415
0.0063717555
0.0063757958
0.0063805909
0.0063863007
0.0063931272
0.0064013278
0.0064112366
0.0064232943
0.0064380977
0.0064564766
0.0064796309
0.0065093729
0.0065486202
0.0066024302
0.0066805407
0.0068036923
1.0536723e-13
2.0106716e-11
5.1243756e-10
4.9164319e-09
2.7765233e-08
1.1205633e-07
3.5332324e-07
9.0827795e-07
1.9542093e-06
3.6141918e-06
5.9253123e-06
8.8716361e-06
1.225485e-05
1.6276213e-05
2.1020468e-05
2.6541848e-05
3.2886936e-05
4.0074325e-05
4.7967881e-05
5.6413071e-05
6.5643186e-05
7.5670843e-05
8.6499679e-05
9.812081e-05
0.00011050893
0.00012361772
0.00013737458
0.00015167484
0.00016637536
0.00018128822
0.00019617549
0.00021074659
0.0002246616
0.00023754392
0.00024847197
0.00025411702
0.00025651195
0.00025567621
0.0002515831
0.00024538263
0.00024025993
0.00024128557
0.00025003693
0.00024362786
0.00024675676
0.00026902119
0.00031977969
0.00041313721
0.00056044241
0.00074166481
0.00093277686
0.0011308667
0.0013357471
0.0015486603
0.0017714702
0.0020061259
0.002254279
0.0025169931
0.0027945236
0.0030861509
0.0033900535
0.003703219
0.0040214109
0.0043392271
0.0046503077
0.004947743
0.005224693
0.0054751524
0.0056946974
0.0058810027
0.0060339547
0.0061553314
0.0062481953
0.0063162277
0.0063632008
0.006392667
0.0064078629
0.0064117847
0.0064073642
0.0063976042
0.0063855077
0.0063737587
0.006364297
0.0063579721
0.0063545045
0.0063529399
0.0063523197
0.0063520605
0.0063519328
0.0063518725
0.0063518932
0.0063520196
0.0063522648
0.0063526412
0.0063531581
0.0063538231
0.0063546479
0.0063556491
0.0063568481
0.0063582734
0.0063599605
0.006361954
0.0063643087
0.0063670921
0.0063703871
0.0063742959
0.0063789452
0.0063844929
0.0063911386
0.0063991366
0.006408817
0.0064206159
0.0064351236
0.0064531618
0.0064759194
0.0065051946
0.0065438903
0.0065970592
0.0066745188
0.0067975179
1.0725809e-13
2.0465022e-11
5.2149906e-10
5.0023483e-09
2.8239302e-08
1.1389075e-07
3.5871791e-07
9.2077417e-07
1.9776985e-06
3.6515745e-06
5.9783013e-06
8.9416615e-06
1.2358133e-05
1.6409786e-05
2.1188967e-05
2.6754373e-05
3.3154769e-05
4.0384732e-05
4.8157455e-05
5.6621734e-05
6.5870191e-05
7.591583e-05
8.6762107e-05
9.8399874e-05
0.00011080358
0.00012392658
0.00013769593
0.00015200647
0.00016671463
0.00018163205
0.00019652048
0.00021108926
0.00022499882
0.00023787337
0.00024932637
0.00025516126
0.00025741351
0.00025645065
0.00025228234
0.00024606245
0.00024104268
0.00024225618
0.00025069826
0.00024390278
0.00024719169
0.00026968024
0.00032071762
0.00041452084
0.00056218113
0.00074352696
0.00093483155
0.0011331295
0.0013382255
0.00155136
0.0017743944
0.0020092742
0.0022576448
0.0025205615
0.0027982713
0.0030900436
0.0033940448
0.0037072498
0.0040254099
0.0043431131
0.0046539951
0.0049511502
0.0052277513
0.005477814
0.0056969397
0.0058828278
0.0060353833
0.0061563968
0.0062489359
0.0063166832
0.0063634098
0.0063926666
0.0064076897
0.0064114771
0.0064069629
0.0063971505
0.0063850382
0.0063733003
0.0063638659
0.0063575733
0.0063541328
0.0063525838
0.0063519687
0.0063517054
0.0063515656
0.0063514871
0.0063514836
0.0063515801
0.0063517902
0.0063521264
0.006352598
0.0063532127
0.0063539818
0.0063549216
0.0063560532
0.0063574045
0.0063590102
0.0063609143
0.0063631706
0.0063658456
0.0063690209
0.0063727974
0.0063772999
0.0063826844
0.0063891478
0.0063969413
0.0064063911
0.0064179282
0.0064321363
0.006449828
0.0064721807
0.0065009764
0.006539099
0.0065915866
0.0066683106
0.0067909607
1.0963537e-13
2.0913308e-11
5.3275629e-10
5.1078522e-09
2.8812259e-08
1.1605631e-07
3.6488556e-07
9.345162e-07
2.0024505e-06
3.6893159e-06
6.029776e-06
9.007346e-06
1.2444058e-05
1.6519663e-05
2.1327264e-05
2.6928618e-05
3.337066e-05
4.0601329e-05
4.831788e-05
5.6797455e-05
6.6060901e-05
7.6121245e-05
8.6981948e-05
9.8633637e-05
0.0001110504
0.00012418533
0.00013796503
0.00015228388
0.00016699787
0.00018191809
0.00019680585
0.00021137026
0.00022527169
0.00023813483
0.00024957215
0.00025575209
0.00025789271
0.00025681054
0.00025257196
0.00024631866
0.00024137321
0.00024272441
0.00025080963
0.00024411169
0.00024757313
0.00027029727
0.00032162859
0.00041589574
0.00056390844
0.00074535459
0.00093681772
0.0011352867
0.0013405611
0.0015538816
0.0017771078
0.0020121813
0.0022607413
0.0025238356
0.0028017017
0.0030935992
0.0033976826
0.0037109155
0.0040290374
0.0043466284
0.0046573208
0.0049542128
0.0052304901
0.0054801879
0.0056989311
0.005884441
0.0060366399
0.0061573282
0.006249578
0.0063170722
0.0063635803
0.0063926516
0.0064075218
0.0064111897
0.006406592
0.006396732
0.0063846038
0.0063728732
0.0063634601
0.0063571934
0.0063537752
0.0063522393
0.0063516278
0.0063513592
0.0063512073
0.0063511102
0.0063510821
0.0063511484
0.006351323
0.0063516188
0.006352045
0.0063526091
0.0063533223
0.0063542005
0.0063552644
0.0063565413
0.0063580652
0.0063598794
0.0063620368
0.0063646029
0.0063676579
0.0063713012
0.0063756559
0.006380876
0.0063871556
0.0063947429
0.0064039599
0.0064152323
0.0064291368
0.0064464766
0.0064684165
0.00649672
0.0065342485
0.0065860141
0.0066619136
0.0067839836
1.1168925e-13
2.1287985e-11
5.4181113e-10
5.1897876e-09
2.9242977e-08
1.1763346e-07
3.6924092e-07
9.4394811e-07
2.0190598e-06
3.7143185e-06
6.0636808e-06
9.051036e-06
1.2537213e-05
1.6639091e-05
2.1475466e-05
2.7114917e-05
3.3593185e-05
4.0705346e-05
4.8433594e-05
5.6925477e-05
6.6201315e-05
7.6274216e-05
8.7147423e-05
9.8811316e-05
0.00011123984
0.0001243856
0.00013817487
0.00015250154
0.00016722107
0.00018214388
0.00019703068
0.00021159013
0.00022548222
0.00023833165
0.00024975085
0.00025652877
0.00025859572
0.00025743261
0.00025315864
0.00024693028
0.00024213093
0.00024370191
0.00025084404
0.00024425223
0.00024789804
0.00027087355
0.00032252908
0.00041729115
0.00056567897
0.00074723527
0.00093883374
0.0011374428
0.0013428629
0.0015563368
0.0017797238
0.002014962
0.0022636839
0.0025269297
0.0028049274
0.0030969261
0.00340107
0.0037143112
0.0040323804
0.0043498498
0.0046603501
0.0049569848
0.0052329522
0.0054823067
0.0057006948
0.0058858582
0.0060377341
0.0061581313
0.0062501245
0.006317396
0.006363713
0.0063926229
0.0064073602
0.0064109247
0.0064062542
0.0063963523
0.0063842089
0.0063724827
0.0063630859
0.00635684
0.0063534392
0.0063519134
0.0063513035
0.0063510292
0.0063508646
0.0063507484
0.0063506956
0.0063507318
0.0063508711
0.0063511267
0.0063515078
0.0063520214
0.0063526788
0.0063534954
0.0063544916
0.006355694
0.0063571362
0.0063588604
0.0063609187
0.0063633755
0.0063663098
0.0063698194
0.0063740258
0.0063790806
0.0063851755
0.0063925552
0.0064015376
0.0064125427
0.0064261404
0.0064431237
0.0064646436
0.0064924438
0.0065293584
0.0065803634
0.006655348
0.0067765662
1.0934885e-13
2.0846917e-11
5.3064771e-10
5.0835115e-09
2.8665075e-08
1.1551127e-07
3.6360157e-07
9.3271552e-07
2.0017126e-06
3.6923984e-06
6.0399782e-06
9.0287509e-06
1.2537031e-05
1.6648861e-05
2.1495347e-05
2.7149449e-05
3.3638133e-05
4.071998e-05
4.8456876e-05
5.6957921e-05
6.6243465e-05
7.6326886e-05
8.7210523e-05
9.8885006e-05
0.00011132448
0.0001244805
0.00013827949
0.00015261556
0.00016734231
0.00018227101
0.00019716188
0.00021172243
0.00022561302
0.00023845809
0.00024986969
0.00025648073
0.00025850817
0.00025730844
0.00025302118
0.00024680756
0.00024207333
0.00024373761
0.00025088866
0.00024436223
0.00024812429
0.00027126077
0.00032311857
0.00041821443
0.0005668593
0.00074848181
0.00094017839
0.0011388938
0.0013444235
0.0015580135
0.0017815206
0.002016881
0.0022657221
0.002529079
0.0028071723
0.0030992459
0.0034034341
0.0037166824
0.0040347138
0.0043520965
0.0046624594
0.0049589101
0.0052346562
0.0054837662
0.0057019025
0.0058868208
0.0060384683
0.0061586595
0.0062504706
0.0063175833
0.0063637636
0.0063925571
0.0064071982
0.0064106873
0.0064059636
0.0063960304
0.0063838747
0.0063721504
0.0063627649
0.0063565351
0.0063531492
0.0063516327
0.0063510256
0.0063507478
0.0063505738
0.0063504431
0.006350371
0.0063503834
0.0063504948
0.0063507185
0.0063510636
0.0063515373
0.0063521505
0.0063529184
0.0063538611
0.0063550047
0.0063563822
0.0063580354
0.0063600154
0.0063623859
0.0063652249
0.006368629
0.0063727182
0.0063776426
0.0063835915
0.0063908071
0.006399604
0.0064103979
0.0064237526
0.0064404531
0.0064616396
0.0064890389
0.0065254624
0.0065758535
0.0066500846
0.0067705571
1.0781435e-13
2.0569514e-11
5.2388382e-10
5.0203218e-09
2.8298095e-08
1.1400105e-07
3.5898157e-07
9.2227195e-07
1.9838539e-06
3.66827e-06
6.0125313e-06
9.0014105e-06
1.251774e-05
1.6636213e-05
2.1491051e-05
2.7157964e-05
3.3658117e-05
4.0721728e-05
4.8465723e-05
5.6974812e-05
6.626893e-05
7.6361269e-05
8.7254673e-05
9.8938813e-05
0.00011138768
0.00012455371
0.00013836244
0.00015270667
0.00016744162
0.00018237708
0.0001972722
0.0002118358
0.00022572722
0.00023857078
0.00024997832
0.00025680924
0.00025879603
0.00025755587
0.00025323821
0.00024702174
0.00024232446
0.00024406043
0.00025094491
0.00024447236
0.00024833164
0.00027160296
0.00032362656
0.00041900569
0.00056786991
0.00074953975
0.00094132275
0.0011401298
0.0013457603
0.0015594526
0.0017830665
0.0020185326
0.0022674797
0.0025309335
0.0028091127
0.0031012483
0.0034054758
0.0037187302
0.0040367303
0.0043540384
0.0046642835
0.0049605768
0.0052361336
0.0054850344
0.0057029553
0.0058876634
0.0060391147
0.0061591277
0.0062507803
0.0063177535
0.0063638122
0.0063925014
0.0064070551
0.0064104751
0.0064057017
0.0063957384
0.0063835697
0.0063718451
0.0063624681
0.006356251
0.0063528771
0.0063513678
0.0063507618
0.0063504796
0.0063502957
0.0063501501
0.0063500585
0.0063500471
0.0063501306
0.0063503224
0.0063506318
0.0063510656
0.0063516348
0.0063523543
0.0063532436
0.0063543285
0.0063556417
0.006357224
0.0063591261
0.0063614106
0.0063641546
0.0063674537
0.0063714264
0.0063762209
0.0063820247
0.0063890774
0.0063976902
0.0064082744
0.0064213883
0.0064378091
0.0064586658
0.0064856696
0.0065216094
0.0065713981
0.0066448985
0.0067647523
1.0707526e-13
2.0421192e-11
5.2024047e-10
4.9863538e-09
2.81076e-08
1.1314764e-07
3.5601249e-07
9.1437351e-07
1.9684389e-06
3.6451241e-06
5.9841556e-06
8.9713405e-06
1.248606e-05
1.6606934e-05
2.1465016e-05
2.7137115e-05
3.3642868e-05
4.071415e-05
4.8465529e-05
5.698173e-05
6.6284004e-05
7.6384403e-05
8.7286273e-05
9.8979507e-05
0.0001114377
0.00012461291
0.00013843049
0.00015278351
0.00016752627
0.00018246798
0.00019736895
0.00021193666
0.00022582986
0.000238674
0.00025007977
0.00025704848
0.00025901005
0.00025773241
0.00025339041
0.00024717545
0.00024251847
0.00024431022
0.00025101011
0.00024458211
0.00024852302
0.00027190901
0.00032406915
0.00041969319
0.00056874497
0.00075045785
0.00094231879
0.0011412177
0.0013469413
0.0015607309
0.0017844465
0.002020015
0.0022690583
0.0025326011
0.0028108556
0.0031030528
0.0034073159
0.0037205773
0.0040385474
0.0043557878
0.0046659278
0.0049620766
0.0052374627
0.0054861751
0.0057039007
0.0058884191
0.006039693
0.0061595445
0.0062510526
0.0063178979
0.0063638444
0.0063924366
0.0064069087
0.0064102635
0.0064054428
0.0063954504
0.0063832685
0.0063715426
0.0063621727
0.0063559673
0.0063526046
0.0063511021
0.0063504973
0.0063502107
0.0063500168
0.0063498564
0.0063497455
0.0063497103
0.006349766
0.0063499261
0.0063501998
0.0063505939
0.0063511191
0.0063517901
0.0063526262
0.0063536527
0.0063549015
0.0063564132
0.0063582375
0.0063604364
0.0063630858
0.0063662802
0.0063701368
0.0063748021
0.0063804616
0.0063873523
0.0063957821
0.0064061582
0.0064190334
0.0064351768
0.0064557073
0.0064823202
0.0065177831
0.0065669801
0.0066397726
0.0067591315
1.0644644e-13
2.0310824e-11
5.1743598e-10
4.9611209e-09
2.797506e-08
1.1261435e-07
3.5410293e-07
9.0879256e-07
1.9559977e-06
3.6243848e-06
5.9565135e-06
8.9399992e-06
1.2451229e-05
1.6574231e-05
2.1435678e-05
2.7112039e-05
3.3618203e-05
4.0694261e-05
4.8455326e-05
5.6978759e-05
6.6288079e-05
7.6395971e-05
8.7305543e-05
9.9007499e-05
0.00011147417
0.0001246577
0.000138484
0.00015284547
0.00016759572
0.00018254504
0.00019745193
0.00021202418
0.00022592164
0.00023876792
0.00025017402
0.00025725406
0.00025919212
0.00025787945
0.00025351839
0.00024731087
0.00024268039
0.00024452794
0.0002510844
0.00024469142
0.00024869842
0.0002721784
0.00032444718
0.00042027364
0.00056948763
0.00075123255
0.00094317004
0.0011421539
0.0013479673
0.0015618505
0.0017856579
0.0020213209
0.002270454
0.0025340805
0.002812407
0.003104657
0.0034089535
0.003722221
0.0040401653
0.0043573462
0.0046673878
0.0049634118
0.0052386438
0.005487186
0.0057047391
0.0058890882
0.0060402032
0.00615991
0.0062512875
0.0063180166
0.0063638603
0.0063923628
0.0064067589
0.0064100525
0.0064051871
0.0063951666
0.0063829712
0.006371243
0.0063618788
0.0063556839
0.0063523316
0.0063508356
0.006350232
0.006349941
0.0063497374
0.0063495622
0.0063494319
0.0063493731
0.0063494011
0.0063495295
0.0063497675
0.006350122
0.0063506034
0.0063512261
0.006352009
0.0063529771
0.0063541619
0.006355603
0.0063573498
0.0063594632
0.0063620184
0.0063651086
0.0063688495
0.0063733863
0.0063789022
0.0063856317
0.0063938798
0.0064040493
0.0064166876
0.0064325563
0.0064527639
0.0064789905
0.0065139831
0.006562599
0.0066347073
0.0067536885
1.06015e-13
2.022637e-11
5.1542441e-10
4.9415728e-09
2.7870957e-08
1.1221776e-07
3.5275755e-07
9.047892e-07
1.9462828e-06
3.6063413e-06
5.9303574e-06
8.9081954e-06
1.2410918e-05
1.6535033e-05
2.1398845e-05
2.7077959e-05
3.3584337e-05
4.0666668e-05
4.8431374e-05
5.6963219e-05
6.6281035e-05
7.6396089e-05
8.7313107e-05
9.902205e-05
0.00011149688
0.00012468903
0.00013852326
0.00015289256
0.00016765095
0.00018260746
0.00019752122
0.00021209944
0.00022600177
0.00023885248
0.00025026161
0.00025746443
0.00025938857
0.00025803805
0.00025366483
0.00024745963
0.00024286157
0.00024476107
0.00025116793
0.00024480077
0.00024885807
0.00027241043
0.0003247591
0.00042075127
0.00057009513
0.00075186572
0.0009438731
0.0011429379
0.001348835
0.0015628058
0.0017867038
0.002022453
0.0022716684
0.0025353706
0.0028137605
0.0031060626
0.0034103861
0.00372366
0.0040415833
0.0043587099
0.0046686695
0.0049645776
0.0052396747
0.0054880705
0.0057054696
0.0058896702
0.0060406457
0.006160224
0.0062514853
0.0063181097
0.0063638599
0.0063922803
0.0064066059
0.0064098423
0.0064049345
0.0063948869
0.0063826777
0.0063709462
0.0063615864
0.0063554008
0.0063520583
0.0063505685
0.0063499659
0.0063496705
0.0063494572
0.0063492674
0.0063491179
0.0063490354
0.0063490358
0.0063491326
0.0063493351
0.00634965
0.0063500876
0.0063506621
0.006351392
0.0063523019
0.0063534227
0.0063547935
0.006356463
0.0063584912
0.0063609525
0.0063639387
0.0063675646
0.0063719733
0.0063773464
0.0063839158
0.0063919833
0.0064019477
0.006414351
0.0064299475
0.0064498355
0.0064756803
0.0065102091
0.0065582545
0.0066297027
0.0067484171
1.0570051e-13
2.0161644e-11
5.1372013e-10
4.9261482e-09
2.7790772e-08
1.1192005e-07
3.5183922e-07
9.019893e-07
1.9389836e-06
3.5913513e-06
5.9062716e-06
8.8763432e-06
1.236576e-05
1.6488214e-05
2.135303e-05
2.7031922e-05
3.3535749e-05
4.0631845e-05
4.8399191e-05
5.6935349e-05
6.6258742e-05
7.638384e-05
8.7308168e-05
9.9024246e-05
0.00011150636
0.00012470571
0.00013854787
0.00015292519
0.00016769143
0.00018265561
0.0001975765
0.00021216213
0.00022607084
0.00023892786
0.0002503422
0.00025769264
0.00025959687
0.00025821623
0.00025383093
0.00024763031
0.00024306118
0.00024500128
0.00025126143
0.00024491006
0.0002490018
0.00027260617
0.000325005
0.00042112145
0.00057057015
0.00075235606
0.00094442587
0.0011435668
0.0013495467
0.0015636006
0.0017875785
0.0020234078
0.0022726994
0.002536471
0.0028149182
0.003107263
0.0034116166
0.0037248939
0.004042799
0.0043598804
0.0046697659
0.0049655782
0.0052405581
0.0054888243
0.0057060931
0.0058901652
0.0060410201
0.0061604869
0.0062516461
0.0063181773
0.0063638435
0.0063921889
0.0064064497
0.0064096329
0.0064046851
0.0063946112
0.0063823881
0.0063706522
0.0063612955
0.0063551181
0.0063517846
0.0063503007
0.006349699
0.0063493994
0.0063491764
0.0063489721
0.0063488034
0.0063486974
0.0063486702
0.0063487355
0.0063489025
0.0063491779
0.0063495718
0.0063500982
0.0063507753
0.006351627
0.006352684
0.0063539847
0.0063555771
0.0063575204
0.006359888
0.0063627708
0.006366282
0.0063705634
0.0063757943
0.0063822045
0.0063900925
0.0063998533
0.0064120235
0.0064273503
0.006446922
0.0064723894
0.006506461
0.0065539461
0.0066247589
0.0067433116
1.0537598e-13
2.0104156e-11
5.1232403e-10
4.9135143e-09
2.772734e-08
1.1170596e-07
3.5120678e-07
9.0014588e-07
1.933735e-06
3.5793076e-06
5.8849191e-06
8.8457514e-06
1.2318633e-05
1.643715e-05
2.1301006e-05
2.6977313e-05
3.3476364e-05
4.0590107e-05
4.8359141e-05
5.6898686e-05
6.6226534e-05
7.6356151e-05
8.7287249e-05
9.9013522e-05
0.00011150216
0.00012470904
0.00013855847
0.00015294319
0.00016771751
0.00018268961
0.00019761862
0.00021221194
0.00022612907
0.00023899426
0.00025041607
0.0002579287
0.00025982134
0.00025840831
0.00025401372
0.000247821
0.00024327324
0.00024523722
0.00025136484
0.00024501979
0.00024913003
0.00027276431
0.00032518377
0.00042138692
0.00057090953
0.00075270266
0.00094482876
0.001144043
0.0013500969
0.0015642275
0.0017882835
0.0020241861
0.002273548
0.002537377
0.0028158782
0.0031082623
0.0034126398
0.0037259248
0.0040438122
0.0043608569
0.0046706793
0.004966409
0.0052412913
0.00548945
0.0057066088
0.0058905736
0.0060413266
0.0061606986
0.0062517696
0.0063182195
0.0063638109
0.0063920887
0.0064062903
0.0064094242
0.0064044389
0.0063943397
0.0063821023
0.0063703609
0.006361006
0.0063548357
0.0063515105
0.0063500322
0.0063494315
0.0063491276
0.0063488951
0.0063486762
0.0063484884
0.006348359
0.0063483043
0.0063483381
0.0063484698
0.0063487057
0.0063490561
0.0063495345
0.0063501587
0.0063509525
0.0063519458
0.0063531766
0.0063546921
0.0063565508
0.006358825
0.0063616048
0.0063650018
0.0063691563
0.006374246
0.0063804978
0.0063882076
0.0063977662
0.0064097052
0.0064247646
0.0064440232
0.0064691178
0.0065027383
0.0065496734
0.006619876
0.0067383662
1.0517383e-13
2.0063387e-11
5.1130723e-10
4.904569e-09
2.7680507e-08
1.115459e-07
3.5077758e-07
8.9895652e-07
1.930116e-06
3.5700714e-06
5.8667541e-06
8.8171286e-06
1.2269783e-05
1.6382726e-05
2.1244228e-05
2.6916641e-05
3.3409356e-05
4.0541903e-05
4.8311576e-05
5.6853369e-05
6.6184552e-05
7.6317812e-05
8.7253857e-05
9.8984992e-05
0.00011148073
0.00012469764
0.0001385545
0.00015294733
0.0001677292
0.00018270936
0.00019764721
0.00021224968
0.00022617652
0.00023905189
0.00025048373
0.00025816743
0.00026005959
0.00025861729
0.00025421503
0.00024802828
0.00024349149
0.00024547284
0.00025147883
0.0002451302
0.00024924268
0.00027288594
0.00032529586
0.00042154514
0.00057111449
0.00075290319
0.0009450802
0.0011443595
0.0013504887
0.0015646899
0.0017888171
0.0020247865
0.0022742063
0.0025380936
0.0028166382
0.0031090583
0.0034134562
0.003726746
0.0040446249
0.0043616362
0.0046714097
0.0049670716
0.0052418746
0.0054899468
0.0057070162
0.0058908946
0.0060415653
0.0061608591
0.0062518563
0.0063182363
0.0063637623
0.0063919799
0.0064061278
0.0064092163
0.0064041957
0.0063940722
0.0063818203
0.0063700724
0.0063607179
0.0063545535
0.006351236
0.0063497631
0.0063491632
0.0063488551
0.0063486131
0.0063483798
0.0063481729
0.0063480202
0.0063479381
0.0063479405
0.0063480368
0.0063482335
0.0063485404
0.0063489708
0.0063495424
0.0063502783
0.0063512081
0.0063523692
0.006353808
0.0063555823
0.0063577636
0.0063604406
0.006363724
0.0063677523
0.0063727013
0.0063787958
0.0063863284
0.0063956863
0.0064073959
0.0064221904
0.0064411391
0.0064658651
0.0064990408
0.0065454362
0.0066150541
0.0067335755
1.0504691e-13
2.0034771e-11
5.1048847e-10
4.8971974e-09
2.764509e-08
1.1143636e-07
3.5054337e-07
8.9834883e-07
1.9279829e-06
3.5634057e-06
5.8517228e-06
8.7911228e-06
1.2220167e-05
1.632497e-05
2.1182986e-05
2.6849496e-05
3.3335901e-05
4.0488106e-05
4.8257129e-05
5.6799801e-05
6.6133143e-05
7.6269295e-05
8.7209562e-05
9.8944873e-05
0.00011144596
0.00012466839
0.00013853243
0.00015293484
0.00016772651
0.0001827153
0.0001976627
0.00021227544
0.00022621329
0.00023910073
0.00025054513
0.00025841736
0.0002603126
0.00025883962
0.00025443493
0.00024825234
0.00024372085
0.00024571444
0.00025160398
0.00024524168
0.00024934019
0.00027296995
0.00032534059
0.0004215962
0.00057118237
0.00075295914
0.00094517738
0.0011445208
0.0013507154
0.001564987
0.001789177
0.0020252047
0.0022746833
0.0025386134
0.0028171996
0.003109647
0.0034140648
0.003727363
0.0040452316
0.0043622196
0.0046719549
0.0049675662
0.0052423068
0.0054903134
0.0057073157
0.0058911285
0.0060417357
0.0061609683
0.0062519059
0.0063182278
0.0063636977
0.0063918624
0.0064059621
0.0064090092
0.0064039557
0.0063938087
0.006381542
0.0063697865
0.0063604312
0.0063542717
0.0063509612
0.0063494933
0.0063488942
0.006348582
0.0063483305
0.0063480828
0.0063478571
0.006347681
0.0063475716
0.0063475427
0.0063476038
0.0063477612
0.0063480247
0.0063484073
0.0063489263
0.0063496045
0.006350471
0.0063515625
0.0063529248
0.0063546151
0.0063567037
0.0063592784
0.0063624486
0.0063663513
0.0063711604
0.0063770984
0.006384455
0.0063936136
0.0064050957
0.0064196275
0.0064382695
0.0064626313
0.0064953683
0.0065412341
0.006610293
0.0067289344
1.0487753e-13
2.0009217e-11
5.0983707e-10
4.8917442e-09
2.7621094e-08
1.1137425e-07
3.5043689e-07
8.9813733e-07
1.9269333e-06
3.559002e-06
5.8396995e-06
8.7636023e-06
1.2170793e-05
1.6264726e-05
2.111687e-05
2.6777014e-05
3.3256349e-05
4.0428814e-05
4.8196339e-05
5.6738888e-05
6.6073362e-05
7.6211376e-05
8.7154437e-05
9.8893028e-05
0.00011139884
0.000124626
0.00013849654
0.00015290585
0.00016770543
0.00018270364
0.00019766361
0.00021228882
0.00022623954
0.00023914121
0.00025060042
0.00025867366
0.00026057932
0.0002590839
0.00025467165
0.0002484918
0.00024396315
0.00024596
0.00025174067
0.00024535486
0.00024942278
0.00027301693
0.00032531787
0.00042153919
0.00057111328
0.00075286654
0.00094512035
0.001144521
0.00135078
0.0015651127
0.0017893622
0.0020254464
0.0022749676
0.0025389414
0.0028175576
0.0031100314
0.003414466
0.0037277694
0.0040456327
0.0043626074
0.0046723149
0.0049678892
0.0052425893
0.00549055
0.005707507
0.0058912749
0.0060418383
0.0061610264
0.0062519185
0.0063181939
0.0063636172
0.0063917363
0.0064057933
0.0064088028
0.0064037188
0.0063935493
0.0063812674
0.0063695032
0.0063601458
0.0063539901
0.0063506859
0.0063492228
0.0063486245
0.0063483081
0.0063480473
0.0063477854
0.0063475407
0.0063473415
0.0063472047
0.0063471447
0.0063471706
0.0063472889
0.006347509
0.0063478439
0.0063483105
0.0063489311
0.0063497344
0.0063507565
0.0063520426
0.006353649
0.0063556453
0.0063581181
0.0063611756
0.0063649533
0.0063696232
0.0063754056
0.0063825874
0.0063915481
0.0064028045
0.0064170761
0.0064354144
0.006459416
0.0064917204
0.0065370667
0.0066055926
0.0067244376
1.0478193e-13
1.9988139e-11
5.0940952e-10
4.887663e-09
2.7602208e-08
1.1132443e-07
3.5040553e-07
8.9821705e-07
1.9267004e-06
3.55628e-06
5.8302358e-06
8.7320798e-06
1.2122577e-05
1.6203573e-05
2.1047546e-05
2.6699682e-05
3.3172412e-05
4.0364778e-05
4.8129806e-05
5.667136e-05
6.6005991e-05
7.6144758e-05
8.7089587e-05
9.8830767e-05
0.00011134022
0.00012457134
0.00013844742
0.0001528632
0.00016767057
0.00018267823
0.00019764876
0.00021228656
0.00022625205
0.00023917091
0.00025064986
0.00025893796
0.00026086314
0.00025934642
0.0002549294
0.00024874879
0.0002442203
0.00024620328
0.00025188984
0.00024547024
0.00024949092
0.00027302702
0.0003252273
0.00042137231
0.00057090527
0.00075262437
0.00094490687
0.0011443608
0.0013506781
0.0015650697
0.0017893724
0.002025503
0.0022750649
0.0025390705
0.0028177151
0.0031102094
0.0034146557
0.0037279656
0.0040458311
0.0043627945
0.0046724894
0.0049680436
0.0052427196
0.0054906558
0.0057075895
0.0058913336
0.0060418723
0.0061610332
0.006251894
0.0063181348
0.0063635206
0.0063916015
0.0064056213
0.0064085971
0.0064034849
0.0063932937
0.0063809964
0.0063692226
0.0063598616
0.0063537087
0.0063504103
0.0063489516
0.0063483541
0.0063480336
0.0063477635
0.0063474874
0.0063472239
0.0063470015
0.0063468376
0.0063467464
0.0063467372
0.0063468164
0.0063469934
0.0063472807
0.0063476949
0.0063482581
0.0063489983
0.0063499513
0.0063511614
0.0063526843
0.0063545885
0.0063569598
0.0063599051
0.0063635583
0.0063680898
0.0063737175
0.0063807255
0.0063894897
0.0064005222
0.0064145359
0.0064325736
0.0064562193
0.0064880969
0.0065329337
0.0066009528
0.0067200803
1.0466369e-13
1.9968282e-11
5.0892727e-10
4.8842298e-09
2.7586907e-08
1.1129702e-07
3.5043729e-07
8.985158e-07
1.9270762e-06
3.5549747e-06
5.8232043e-06
8.7040023e-06
1.207656e-05
1.614286e-05
2.0975755e-05
2.661857e-05
3.3083917e-05
4.029656e-05
4.8058132e-05
5.6597493e-05
6.5931041e-05
7.6069751e-05
8.701564e-05
9.8758292e-05
0.00011127038
0.00012450506
0.00013838605
0.00015280754
0.00016762241
0.00018263947
0.00019762094
0.00021227226
0.00022625382
0.0002391911
0.00025069029
0.00025921636
0.00026116978
0.00025962848
0.00025520667
0.00024902848
0.00024448758
0.00024644575
0.0002520525
0.00024558911
0.00024954562
0.0002730005
0.00032506891
0.00042109414
0.00057055532
0.00075223126
0.00094453333
0.001144036
0.0013504087
0.0015648531
0.0017892056
0.0020253746
0.0022749718
0.0025390035
0.0028176665
0.0031101769
0.0034146348
0.0037279526
0.0040458208
0.0043627848
0.0046724749
0.004968026
0.0052426979
0.0054906319
0.0057075624
0.0058913048
0.0060418378
0.0061609884
0.0062518326
0.0063180501
0.0063634081
0.006391458
0.0064054462
0.0064083921
0.006403254
0.006393042
0.0063807289
0.0063689443
0.0063595787
0.0063534274
0.0063501341
0.0063486798
0.006348083
0.0063477584
0.0063474791
0.0063471889
0.0063469066
0.0063466612
0.0063464701
0.0063463478
0.0063463037
0.0063463439
0.0063464778
0.0063467176
0.0063470796
0.0063475855
0.0063482628
0.0063491468
0.0063502812
0.0063517207
0.0063535333
0.0063558035
0.006358637
0.0063621664
0.0063665601
0.006372034
0.0063788694
0.0063874385
0.0063982489
0.0064120069
0.006429747
0.0064530408
0.0064844976
0.0065288348
0.0065963735
0.0067158578
1.0459578e-13
1.9954387e-11
5.085734e-10
4.8812864e-09
2.7575514e-08
1.1127458e-07
3.5047865e-07
8.9886687e-07
1.9277718e-06
3.554677e-06
5.8182583e-06
8.6797003e-06
1.2033774e-05
1.6082765e-05
2.0902232e-05
2.6533707e-05
3.2992164e-05
4.0225111e-05
4.7982005e-05
5.6518068e-05
6.5849828e-05
7.5987561e-05
8.6933236e-05
9.8676576e-05
0.00011119062
0.00012442802
0.00013831315
0.00015274001
0.00016756193
0.00018258831
0.00019758091
0.00021224617
0.00022624484
0.00023920237
0.00025072422
0.00025950595
0.0002614969
0.00025992975
0.00025550313
0.00024932388
0.00024476397
0.00024668707
0.00025223224
0.00024571691
0.00024959183
0.0002729381
0.00032483778
0.00042069067
0.00057005635
0.00075167689
0.00094399287
0.0011435377
0.0013499647
0.0015644587
0.0017888529
0.0020250619
0.002274683
0.0025387351
0.0028174125
0.003109932
0.0034144023
0.0037277271
0.0040456004
0.0043625733
0.0046722745
0.0049678363
0.0052425233
0.0054904749
0.0057074265
0.0058911876
0.006041735
0.0061608921
0.0062517339
0.0063179402
0.0063632795
0.0063913057
0.0064052678
0.0064081878
0.006403026
0.006392794
0.0063804649
0.0063686685
0.0063592969
0.0063531463
0.0063498575
0.0063484072
0.006347811
0.0063474825
0.0063471941
0.0063468898
0.0063465889
0.0063463204
0.0063461023
0.0063459491
0.00634587
0.0063458714
0.0063459622
0.0063461546
0.0063464645
0.0063469133
0.0063475279
0.006348343
0.0063494019
0.0063507584
0.0063524796
0.0063546491
0.0063573713
0.0063607775
0.0063650342
0.0063703552
0.006377019
0.0063853945
0.0063959844
0.0064094891
0.0064269345
0.0064498805
0.0064809221
0.0065247698
0.0065918544
0.0067117655
1.0447963e-13
1.993637e-11
5.0821742e-10
4.8781388e-09
2.7561452e-08
1.112469e-07
3.5050897e-07
8.9920319e-07
1.9285932e-06
3.5551622e-06
5.8151773e-06
8.6597053e-06
1.1995121e-05
1.6025469e-05
2.0828367e-05
2.6447152e-05
3.2897549e-05
4.0136367e-05
4.7902666e-05
5.6434203e-05
6.5762924e-05
7.5898969e-05
8.6843802e-05
9.8586946e-05
0.00011110181
0.00012434095
0.00013822947
0.00015266119
0.00016748985
0.00018252528
0.00019752936
0.00021220937
0.00022622627
0.00023920548
0.00025075209
0.00025981121
0.00026184815
0.00026025579
0.00025581867
0.00024963209
0.00024504597
0.00024692073
0.00025243068
0.00024585775
0.0002496369
0.00027284888
0.00032454416
0.00042016155
0.0005693518
0.00075090382
0.00094323741
0.0011428349
0.0013493157
0.0015638593
0.001788304
0.0020245516
0.0022741941
0.0025382565
0.0028169428
0.0031094676
0.0034139515
0.003727283
0.0040451699
0.0043621586
0.0046718815
0.0049674728
0.0052421945
0.0054901863
0.0057071804
0.0058909813
0.0060415632
0.0061607442
0.0062515978
0.0063178047
0.0063631347
0.0063911446
0.0064050861
0.0064079839
0.0064028008
0.0063925497
0.0063802043
0.006368395
0.0063590162
0.0063528652
0.0063495804
0.0063481339
0.0063475384
0.0063472059
0.0063469084
0.0063465902
0.0063462707
0.0063459793
0.0063457342
0.00634555
0.0063454361
0.0063453987
0.0063454466
0.0063455917
0.0063458497
0.0063462414
0.0063467935
0.0063475401
0.0063485236
0.0063497974
0.0063514275
0.0063534967
0.0063561081
0.0063593916
0.006363512
0.0063686809
0.0063751743
0.0063833575
0.0063937288
0.0064069823
0.006424136
0.0064467381
0.0064773704
0.0065207384
0.0065873953
0.006707799
1.0439325e-13
1.9916178e-11
5.0772596e-10
4.874277e-09
2.7542527e-08
1.1120333e-07
3.5050367e-07
8.9946932e-07
1.9294993e-06
3.5562082e-06
5.8136452e-06
8.6440515e-06
1.1961322e-05
1.5971501e-05
2.0755823e-05
2.6359875e-05
3.280138e-05
4.0035802e-05
4.7821099e-05
5.6347195e-05
6.5671858e-05
7.5804917e-05
8.6747756e-05
9.848999e-05
0.00011100504
0.00012424525
0.00013813647
0.00015257234
0.00016740733
0.00018245164
0.00019746725
0.00021216248
0.00022619853
0.00023920098
0.00025077469
0.00026014352
0.00026223016
0.00026061032
0.00025615539
0.00024995453
0.00024532884
0.00024714586
0.00025264857
0.0002460124
0.00024968149
0.00027273334
0.0003241885
0.00041950632
0.0005684549
0.00074991771
0.00094227329
0.0011419244
0.0013484659
0.0015630606
0.0017875429
0.0020238171
0.0022734719
0.0025375432
0.0028162297
0.0031087583
0.0034132705
0.0037266145
0.0040445158
0.0043615283
0.0046712911
0.0049669327
0.0052417076
0.0054897625
0.0057068222
0.0058906863
0.0060413217
0.0061605442
0.0062514244
0.0063176436
0.0063629738
0.0063909747
0.006404901
0.0064077805
0.0064025783
0.006392309
0.0063799469
0.0063681237
0.0063587365
0.0063525842
0.0063493026
0.0063478597
0.0063472649
0.0063469286
0.0063466221
0.0063462899
0.0063459519
0.0063456377
0.0063453657
0.0063451507
0.006345002
0.0063449259
0.006344931
0.0063450289
0.0063452351
0.00634557
0.0063460597
0.0063467378
0.0063476462
0.0063488375
0.006350377
0.0063523463
0.0063548474
0.0063580087
0.0063619936
0.0063670114
0.0063733354
0.0063813276
0.006391482
0.0064044865
0.0064213514
0.0064436135
0.006473842
0.0065167402
0.0065829959
0.0067039541
1.042582e-13
1.9895119e-11
5.0719709e-10
4.8693049e-09
2.7520864e-08
1.1114493e-07
3.5044099e-07
8.9965701e-07
1.930403e-06
3.557706e-06
5.8137178e-06
8.6332771e-06
1.193339e-05
1.5922614e-05
2.0686547e-05
2.6273672e-05
3.2703441e-05
3.993381e-05
4.773871e-05
5.6258003e-05
6.5577422e-05
7.5706563e-05
8.6646683e-05
9.8387164e-05
0.00011090152
0.00012414214
0.00013803516
0.00015247473
0.00016731552
0.00018236831
0.0001973956
0.00021210647
0.00022616257
0.00023918967
0.00025079258
0.00026051326
0.00026265077
0.00026099975
0.00025651248
0.00025029074
0.00024561735
0.00024735278
0.00025288684
0.00024618177
0.00024972641
0.00027259223
0.00032377204
0.0004187242
0.00056736336
0.00074871882
0.00094109493
0.0011408079
0.001347411
0.0015620591
0.0017865792
0.0020228734
0.0022725399
0.0025366093
0.0028152937
0.003107817
0.0034123306
0.0037256836
0.0040436046
0.0043606538
0.0046704817
0.0049662021
0.0052410545
0.0054891939
0.0057063492
0.0058902996
0.0060410097
0.0061602916
0.0062512133
0.0063174568
0.0063627966
0.0063907958
0.0064047124
0.0064075774
0.0064023584
0.0063920717
0.0063796926
0.0063678545
0.0063584576
0.006352303
0.0063490242
0.0063475847
0.0063469905
0.0063466504
0.006346335
0.0063459891
0.0063456326
0.0063452956
0.0063449968
0.006344751
0.0063445677
0.006344453
0.0063444153
0.0063444662
0.0063446207
0.0063448988
0.0063453263
0.0063459363
0.0063467698
0.006347879
0.0063493281
0.0063511978
0.0063535891
0.0063566289
0.0063604789
0.0063653464
0.0063715021
0.0063793047
0.0063892439
0.0064020017
0.0064185805
0.0064405065
0.0064703367
0.0065127749
0.0065786557
0.0067002267
1.0413356e-13
1.9873259e-11
5.0662818e-10
4.8634378e-09
2.7492292e-08
1.1105724e-07
3.502782e-07
8.9965942e-07
1.9311118e-06
3.559339e-06
5.8149318e-06
8.6268957e-06
1.1911712e-05
1.5880181e-05
2.062195e-05
2.6189974e-05
3.2605972e-05
3.9832147e-05
4.765736e-05
5.6168594e-05
6.5481605e-05
7.5605886e-05
8.6542261e-05
9.8280152e-05
0.0001107929
0.00012403311
0.00013792727
0.00015236975
0.0001672159
0.00018227703
0.00019731591
0.00021204252
0.00022611942
0.00023917255
0.0002508066
0.00026063064
0.00026312034
0.00026143009
0.00025689481
0.00025063888
0.00024590013
0.0002475463
0.00025314637
0.00024636686
0.00024977265
0.00027242633
0.00032329546
0.00041781502
0.00056607597
0.00074730379
0.00093970273
0.0011394793
0.0013461513
0.0015608523
0.0017854096
0.0020217224
0.0022713927
0.0025354565
0.0028141296
0.0031066453
0.0034111561
0.0037245164
0.004042462
0.0043595526
0.0046694438
0.0049652461
0.0052402004
0.0054884552
0.005705747
0.0058898136
0.0060406213
0.0061599842
0.0062509637
0.0063172438
0.0063626031
0.0063906079
0.0064045203
0.0064073745
0.006402141
0.0063918377
0.0063794413
0.0063675873
0.0063581796
0.0063520217
0.0063487452
0.0063473089
0.0063467153
0.0063463714
0.0063460473
0.0063456876
0.0063453128
0.0063449531
0.0063446275
0.006344351
0.0063441332
0.0063439799
0.0063438996
0.0063439036
0.0063440065
0.0063442281
0.0063445935
0.0063451354
0.0063458944
0.0063469216
0.0063482807
0.0063500513
0.0063523332
0.0063552521
0.006358968
0.006363686
0.0063696746
0.0063772888
0.0063870144
0.0063995276
0.0064158234
0.006437417
0.0064668544
0.0065088425
0.0065743747
0.0066966128
1.0397221e-13
1.9842949e-11
5.0588403e-10
4.857008e-09
2.7459989e-08
1.1095147e-07
3.5007887e-07
8.9956531e-07
1.9317742e-06
3.5613547e-06
5.8174682e-06
8.6252415e-06
1.1896924e-05
1.5845525e-05
2.0564403e-05
2.6111163e-05
3.2511933e-05
3.9732443e-05
4.7578641e-05
5.6080584e-05
6.5386128e-05
7.5504486e-05
8.6436392e-05
9.8170912e-05
0.00011068114
0.00012392017
0.00013781471
0.00015225931
0.00016711007
0.00018217909
0.00019722941
0.00021197205
0.00022607043
0.00023915062
0.00025081744
0.00026067826
0.00026364804
0.00026190547
0.00025729739
0.00025099417
0.00024617805
0.0002477067
0.00025342819
0.0002465688
0.00024982128
0.00027223671
0.00032276029
0.00041677891
0.0005645919
0.00074567183
0.00093809159
0.0011379389
0.0013446812
0.0015594392
0.0017840317
0.0020203601
0.0022700293
0.0025340817
0.0028127389
0.0031052411
0.0034097429
0.0037231126
0.0040410853
0.0043582258
0.0046681902
0.0049640917
0.0052391662
0.0054875588
0.0057049951
0.0058892025
0.0060401362
0.0061596122
0.0062506717
0.0063170026
0.0063623927
0.0063904107
0.0064043245
0.0064071717
0.0064019259
0.0063916069
0.0063791929
0.006367322
0.0063579021
0.00635174
0.0063484653
0.006347032
0.0063464391
0.0063460916
0.0063457587
0.0063453854
0.0063449923
0.00634461
0.0063442577
0.0063439507
0.0063436983
0.0063435066
0.0063433839
0.006343341
0.0063433925
0.0063435576
0.0063438612
0.0063443353
0.0063450199
0.0063459655
0.0063472348
0.0063489067
0.0063510797
0.0063538783
0.0063574607
0.0063620302
0.0063678526
0.0063752799
0.0063847937
0.0063970644
0.0064130798
0.0064343447
0.0064633948
0.0065049425
0.0065701524
0.0066931085
1.0382906e-13
1.9813194e-11
5.0512474e-10
4.8503052e-09
2.7424304e-08
1.1082643e-07
3.4982365e-07
8.9937228e-07
1.9323479e-06
3.5635098e-06
5.8210379e-06
8.6280776e-06
1.1889546e-05
1.5820147e-05
2.0516194e-05
2.6040303e-05
3.2423483e-05
3.963835e-05
4.7505245e-05
5.5996958e-05
6.529387e-05
7.540506e-05
8.6331409e-05
9.8061524e-05
0.00011056875
0.00012380589
0.00013769987
0.00015214575
0.00016700047
0.00018207655
0.00019713781
0.00021189643
0.00022601663
0.00023912495
0.00025082627
0.0002607257
0.0002642434
0.00026243084
0.00025772272
0.00025135282
0.00024643724
0.00024782283
0.00025373352
0.00024678887
0.00024987353
0.00027202463
0.00032216805
0.0004156157
0.00056290933
0.0007438208
0.00093626021
0.0011361813
0.0013429995
0.0015578161
0.0017824441
0.0020187841
0.0022684482
0.0025324834
0.002811118
0.0031036007
0.0034080941
0.00372147
0.0040394731
0.0043566692
0.0046667199
0.0049627355
0.0052379513
0.0054865046
0.0057041095
0.0058884809
0.0060395641
0.006159165
0.0062503214
0.0063167218
0.0063621631
0.0063902034
0.0064041249
0.0064069691
0.0064017131
0.0063913792
0.0063789472
0.0063670583
0.0063576253
0.0063514581
0.0063481845
0.0063467541
0.0063461619
0.0063458108
0.0063454693
0.0063450824
0.0063446711
0.0063442663
0.0063438874
0.0063435499
0.0063432631
0.0063430331
0.0063428679
0.0063427784
0.0063427785
0.0063428874
0.0063431293
0.0063435358
0.0063441463
0.0063450105
0.0063461905
0.006347764
0.0063498287
0.0063525074
0.0063559571
0.0063603789
0.0063660362
0.0063732779
0.0063825815
0.0063946118
0.0064103496
0.0064312897
0.0064599576
0.0065010746
0.0065659884
0.0066897103
1.036827e-13
1.9788417e-11
5.0451681e-10
4.8440459e-09
2.7389008e-08
1.1070504e-07
3.4955069e-07
8.9914854e-07
1.9329825e-06
3.5661198e-06
5.826229e-06
8.6360368e-06
1.1890355e-05
1.5805276e-05
2.0479401e-05
2.5980224e-05
3.234467e-05
3.9553788e-05
4.7440425e-05
5.5920737e-05
6.5208102e-05
7.5311394e-05
8.6231045e-05
9.7955733e-05
0.0001104587
0.00012369281
0.00013758537
0.00015203172
0.00016688937
0.00018197168
0.00019704342
0.0002118179
0.00022596004
0.00023909703
0.00025083398
0.00026077405
0.00026491386
0.0002630075
0.00025816198
0.00025169985
0.00024666182
0.00024787956
0.00025406359
0.00024702852
0.00024993091
0.00027179151
0.00032152043
0.00041432635
0.00056102764
0.00074174904
0.00093420399
0.0011342039
0.0013411031
0.0015559808
0.0017806425
0.0020169929
0.0022666471
0.0025306588
0.0028092652
0.0031017245
0.0034062029
0.0037195886
0.0040376226
0.0043548832
0.0046650318
0.0049611767
0.0052365547
0.0054852906
0.0057030893
0.0058876492
0.006038904
0.0061586505
0.0062499208
0.0063164052
0.0063619036
0.0063899788
0.0064039196
0.0064067665
0.0064015027
0.0063911546
0.0063787042
0.0063667963
0.0063573488
0.0063511756
0.0063479028
0.0063464751
0.0063458836
0.006345529
0.006345179
0.0063447787
0.0063443493
0.0063439219
0.0063435165
0.0063431486
0.0063428275
0.0063425593
0.0063423518
0.0063422157
0.0063421647
0.0063422174
0.0063423978
0.0063427369
0.0063432735
0.0063440567
0.0063451476
0.0063466232
0.00634858
0.0063511395
0.0063544572
0.0063587321
0.0063642255
0.0063712828
0.0063803778
0.0063921699
0.0064076327
0.0064282515
0.0064565427
0.0064972388
0.0065618822
0.0066864146
1.0361869e-13
1.977336e-11
5.041708e-10
4.8411211e-09
2.7372344e-08
1.1064499e-07
3.4943223e-07
8.9907806e-07
1.9336284e-06
3.5688702e-06
5.8324175e-06
8.6490475e-06
1.1900145e-05
1.5803125e-05
2.0457762e-05
2.5935791e-05
3.2281445e-05
3.9484369e-05
4.7388543e-05
5.5856789e-05
6.5133394e-05
7.5227407e-05
8.6139357e-05
9.7857788e-05
0.0001103555
0.00012358544
0.00013747527
0.00015192088
0.0001667803
0.00018186775
0.00019694895
0.0002117384
0.00022590236
0.00023906856
0.00025084219
0.0002608248
0.00026565834
0.00026362966
0.00025860065
0.00025201873
0.00024683371
0.00024784652
0.00025441982
0.00024728945
0.00024999506
0.000271539
0.00032081926
0.00041291129
0.00055894574
0.00073945359
0.00093192078
0.0011320032
0.0013389877
0.0015539286
0.0017786264
0.0020149833
0.002264623
0.0025286058
0.0028071781
0.0030996088
0.003404071
0.003717462
0.0040355338
0.0043528655
0.0046631219
0.0049594151
0.0052349745
0.0054839167
0.0057019326
0.0058867061
0.0060381559
0.006158068
0.0062494698
0.0063160524
0.0063616193
0.0063897383
0.0064037041
0.0064065608
0.0064012946
0.0063909335
0.0063784638
0.0063665357
0.0063570726
0.0063508925
0.00634762
0.0063461949
0.0063456041
0.0063452462
0.0063448878
0.006344474
0.0063440266
0.0063435769
0.0063431451
0.0063427468
0.0063423915
0.0063420852
0.0063418355
0.0063416529
0.0063415509
0.0063415476
0.0063416667
0.0063419386
0.0063424016
0.0063431039
0.0063441062
0.0063454843
0.0063473336
0.0063497746
0.0063529609
0.0063570898
0.0063624202
0.0063692946
0.0063781826
0.0063897385
0.0064049291
0.0064252301
0.0064531498
0.0064934347
0.0065578335
0.0066832179
1.0362257e-13
1.9774682e-11
5.0422559e-10
4.8421863e-09
2.7379398e-08
1.1067605e-07
3.4957368e-07
8.9968234e-07
1.9355303e-06
3.5736922e-06
5.8415011e-06
8.667629e-06
1.1919193e-05
1.5814672e-05
2.0454175e-05
2.5912536e-05
3.2241041e-05
3.9439331e-05
4.7355264e-05
5.5810806e-05
6.5075822e-05
7.5159756e-05
8.6062857e-05
9.7773448e-05
0.00011026468
0.00012348929
0.00013737494
0.00015181812
0.00016667758
0.00018176856
0.00019685807
0.00021166153
0.00022584643
0.00023904165
0.00025085275
0.00026087975
0.00026646633
0.00026427405
0.00025901151
0.00025227501
0.00024691354
0.00024768921
0.00025480389
0.00024757363
0.00025006797
0.00027126903
0.00032006647
0.00041137166
0.00055666303
0.00073693288
0.00092940564
0.0011295747
0.0013366496
0.0015516579
0.0017763906
0.0020127522
0.0022623734
0.0025263218
0.0028048551
0.0030972512
0.0034016935
0.0037150922
0.0040332027
0.0043506129
0.0046609918
0.0049574474
0.0052332086
0.005482381
0.0057006389
0.0058856505
0.0060373186
0.006157417
0.006248968
0.0063156632
0.0063613099
0.0063894818
0.0064034793
0.0064063508
0.0064010864
0.0063907159
0.0063782265
0.0063662769
0.0063567966
0.0063506086
0.006347336
0.0063459134
0.0063453234
0.0063449621
0.0063445955
0.0063441685
0.0063437031
0.006343231
0.0063427729
0.0063423444
0.006341955
0.0063416106
0.0063413189
0.0063410899
0.006340937
0.006340878
0.006340936
0.0063411409
0.0063415304
0.0063421523
0.0063430662
0.0063443472
0.0063460896
0.0063484125
0.0063514681
0.006355452
0.0063606204
0.0063673131
0.0063759958
0.0063873175
0.0064022385
0.0064222254
0.0064497786
0.0064896621
0.0065538418
0.0066801169
1.037302e-13
1.9799593e-11
5.0497019e-10
4.8496566e-09
2.7420127e-08
1.108421e-07
3.5011824e-07
9.0119734e-07
1.9392407e-06
3.5814471e-06
5.8554532e-06
8.6949052e-06
1.1951482e-05
1.5844675e-05
2.0474082e-05
2.5917446e-05
3.22337e-05
3.9430425e-05
4.7342854e-05
5.5786436e-05
6.5040557e-05
7.5115808e-05
8.600943e-05
9.7711196e-05
0.00011019418
0.00012341145
0.00013729107
0.00015172995
0.00016658735
0.00018167984
0.00019677531
0.00021159081
0.00022579564
0.00023901946
0.00025086817
0.00026094143
0.00026729236
0.00026489133
0.00025933836
0.00025241859
0.00024686009
0.00024735784
0.0002547681
0.00024788371
0.00025015206
0.0002709839
0.00031926435
0.00040970864
0.00055417835
0.00073418384
0.0009266552
0.0011269135
0.0013340844
0.0015491632
0.0017739316
0.0020102972
0.0022598952
0.002523804
0.0028022916
0.0030946495
0.0033990689
0.0037124742
0.0040306277
0.0043481245
0.0046586357
0.0049552719
0.0052312561
0.0054806818
0.0056992068
0.0058844817
0.0060363912
0.0061566969
0.0062484147
0.0063152371
0.0063609751
0.0063892089
0.006403245
0.0064061364
0.0064008773
0.0063904995
0.006377993
0.0063660205
0.0063565211
0.006350324
0.0063470506
0.0063456304
0.0063450412
0.0063446769
0.006344302
0.0063438618
0.0063433786
0.0063428844
0.0063424
0.0063419413
0.0063415179
0.0063411356
0.0063408019
0.0063405268
0.0063403231
0.0063402084
0.0063402054
0.0063403436
0.00634066
0.0063412017
0.0063420276
0.0063432119
0.0063448478
0.0063470533
0.006349979
0.0063538185
0.0063588261
0.0063653383
0.0063738173
0.0063849069
0.0063995609
0.0064192372
0.0064464291
0.0064859207
0.0065499067
0.0066771084
1.0408548e-13
1.9871864e-11
5.0692047e-10
4.8684647e-09
2.7525108e-08
1.1125096e-07
3.5138548e-07
9.0438788e-07
1.9461249e-06
3.594529e-06
5.8773614e-06
8.7346719e-06
1.200193e-05
1.5899477e-05
2.0526464e-05
2.5963013e-05
3.2276109e-05
3.9477203e-05
4.7363858e-05
5.5795959e-05
6.5038025e-05
7.5100561e-05
8.59829e-05
9.7673772e-05
0.00011014647
0.00012335419
0.00013722558
0.0001516627
0.00016651719
0.00018160841
0.00019670695
0.00021153237
0.00022575514
0.00023900639
0.00025089258
0.00026101364
0.0002680456
0.00026538412
0.00025949575
0.00025237082
0.00024660468
0.00024679737
0.00025388169
0.00024822129
0.00025025078
0.00027068645
0.00031841554
0.00040792432
0.00055149196
0.00073120347
0.00092366381
0.0011240149
0.001331287
0.0015464401
0.0017712462
0.0020076127
0.0022571843
0.0025210485
0.0027994862
0.0030917997
0.0033961948
0.0037096057
0.0040278058
0.0043453962
0.004656053
0.0049528869
0.0052291144
0.0054788166
0.0056976349
0.0058831982
0.0060353731
0.0061559068
0.0062478095
0.0063147736
0.0063606146
0.0063889194
0.0064030009
0.0064059173
0.006400667
0.0063902839
0.0063777612
0.0063657665
0.0063562469
0.0063500387
0.0063467639
0.0063453459
0.0063447576
0.0063443902
0.0063440073
0.0063435541
0.0063430531
0.0063425367
0.0063420262
0.0063415374
0.0063410801
0.00634066
0.0063402845
0.0063399633
0.006339709
0.0063395389
0.0063394751
0.0063395467
0.0063397902
0.006340252
0.0063409903
0.0063420783
0.0063436082
0.0063456968
0.0063484933
0.0063521894
0.0063570371
0.0063633701
0.006371647
0.0063825065
0.0063968962
0.0064162652
0.0064431009
0.0064822103
0.0065460277
0.0066741893
1.0492286e-13
2.0029599e-11
5.1085391e-10
4.9059126e-09
2.773443e-08
1.1206685e-07
3.5383242e-07
9.1035688e-07
1.9582538e-06
3.6162092e-06
5.9121894e-06
8.7943788e-06
1.2080271e-05
1.59921e-05
2.0628518e-05
2.6073171e-05
3.2400743e-05
3.9619473e-05
4.7434568e-05
5.5856229e-05
6.5085819e-05
7.5134869e-05
8.6003733e-05
9.7681211e-05
0.00011014028
0.0001233344
0.00013719327
0.00015161724
0.0001664624
0.00018154872
0.00019665033
0.00021149281
0.00022573199
0.00023900914
0.00025093218
0.00026110184
0.00026854148
0.00026558396
0.00025935093
0.00025202109
0.00024605194
0.00024592535
0.00025265479
0.00024858843
0.00025036638
0.00027037917
0.00031752353
0.00040602455
0.00054860405
0.00072798882
0.00092042657
0.0011208725
0.0013282518
0.0015434839
0.0017683284
0.0020046958
0.0022542377
0.0025180519
0.0027964334
0.0030886998
0.0033930653
0.0037064839
0.0040247333
0.0043424259
0.004653241
0.0049502887
0.0052267813
0.0054767854
0.0056959211
0.0058817988
0.0060342628
0.0061550462
0.0062471517
0.0063142723
0.006360228
0.0063886128
0.0064027466
0.0064056932
0.0064004551
0.0063900689
0.0063775307
0.0063655138
0.0063559735
0.0063497535
0.0063464759
0.0063450597
0.0063444724
0.0063441021
0.0063437112
0.0063432451
0.0063427264
0.0063421881
0.0063416514
0.0063411327
0.0063406416
0.0063401838
0.0063397666
0.0063393994
0.0063390947
0.0063388692
0.0063387449
0.0063387502
0.0063389211
0.0063393033
0.0063399542
0.0063409463
0.0063423708
0.0063443431
0.006347011
0.0063505646
0.0063552535
0.0063614086
0.0063694849
0.0063801163
0.0063942441
0.0064133093
0.0064397937
0.0064785308
0.0065422043
0.0066713567
1.0646927e-13
2.0325574e-11
5.1832242e-10
4.9768906e-09
2.8130766e-08
1.1361712e-07
3.5844031e-07
9.2134025e-07
1.9800551e-06
3.6536227e-06
5.970289e-06
8.8879165e-06
1.2204733e-05
1.6146162e-05
2.0810835e-05
2.6287671e-05
3.2662607e-05
3.9925064e-05
4.7584747e-05
5.5998079e-05
6.521549e-05
7.5249445e-05
8.6101287e-05
9.7760553e-05
0.00011020042
0.00012337543
0.00013721464
0.00015161903
0.00016644825
0.00018152312
0.00019661929
0.00021146285
0.00022571828
0.00023903552
0.00025099672
0.00026121467
0.00026846507
0.00026523347
0.00025871806
0.0002512295
0.00024509427
0.00024465527
0.00025102883
0.00024898826
0.00025050279
0.00027006533
0.00031658219
0.00040401435
0.00054552923
0.00072453637
0.00091693745
0.0011174799
0.0013249719
0.0015402885
0.0017651741
0.0020015408
0.0022510495
0.0025148106
0.0027931306
0.0030853444
0.0033896793
0.0037031033
0.0040214078
0.0043392102
0.0046501954
0.0049474756
0.0052242541
0.0054745838
0.005694064
0.0058802815
0.0060330594
0.0061541138
0.0062464406
0.0063137327
0.0063598148
0.0063882888
0.0064024819
0.0064054638
0.0064002415
0.0063898542
0.0063773013
0.0063652619
0.0063557004
0.0063494677
0.0063461867
0.0063447718
0.0063441854
0.0063438123
0.0063434137
0.0063429347
0.0063423985
0.0063418383
0.0063412757
0.0063407271
0.0063402022
0.0063397068
0.006339248
0.006338835
0.00633848
0.0063381994
0.0063380148
0.0063379539
0.0063380524
0.0063383554
0.0063389194
0.006339816
0.0063411355
0.0063429921
0.0063455322
0.006348944
0.0063534751
0.0063594535
0.0063673308
0.0063777361
0.0063916046
0.0064103695
0.0064365076
0.0064748817
0.0065384361
0.0066686076
1.0983569e-13
2.0973454e-11
5.3491565e-10
5.1345281e-09
2.9002265e-08
1.1699956e-07
3.6840681e-07
9.4464326e-07
2.0248479e-06
3.7274701e-06
6.0794564e-06
9.0496455e-06
1.2417883e-05
1.6415388e-05
2.1148019e-05
2.6720223e-05
3.3192854e-05
4.0240876e-05
4.7868426e-05
5.6272394e-05
6.5474941e-05
7.5489467e-05
8.6318866e-05
9.795228e-05
0.00011036475
0.00012351085
0.00013732124
0.00015169666
0.00016650064
0.00018155536
0.00019663819
0.00021147668
0.00022574226
0.00023908052
0.00025108952
0.00026136427
0.00026734255
0.00026399545
0.00025737986
0.00024984451
0.00024362748
0.00024291194
0.00024895155
0.00024942435
0.00025066427
0.00026974858
0.00031560073
0.00040188486
0.00054225234
0.00072084147
0.0009131891
0.0011138286
0.0013214405
0.0015368465
0.0017617761
0.0019981429
0.0022476162
0.0025113177
0.0027895732
0.0030817295
0.0033860309
0.0036994625
0.0040178236
0.0043357445
0.004646914
0.0049444433
0.0052215301
0.0054722102
0.0056920611
0.0058786452
0.0060317611
0.0061531086
0.0062456753
0.006313154
0.0063593746
0.0063879471
0.0064022064
0.0064052287
0.0064000256
0.0063896394
0.0063770727
0.0063650107
0.0063554272
0.006349181
0.0063458961
0.0063444822
0.0063438967
0.0063435208
0.0063431145
0.0063426229
0.0063420692
0.0063414872
0.0063408987
0.0063403203
0.0063397619
0.006339229
0.0063387287
0.0063382701
0.0063378649
0.0063375294
0.0063372845
0.0063371579
0.0063371842
0.0063374082
0.0063378856
0.0063386871
0.0063399021
0.0063416436
0.0063440566
0.0063473275
0.0063517019
0.0063575049
0.0063651848
0.0063753658
0.0063889776
0.0064074453
0.0064332421
0.0064712629
0.0065347225
0.0066659394
1.1557102e-13
2.2072469e-11
5.6299266e-10
5.4024323e-09
3.0484734e-08
1.2275678e-07
3.8551168e-07
9.8521818e-07
2.1042772e-06
3.8609011e-06
6.2795781e-06
9.3306731e-06
1.285415e-05
1.6981914e-05
2.1876928e-05
2.7619259e-05
3.3888643e-05
4.0784227e-05
4.841359e-05
5.6808089e-05
6.5991028e-05
7.597706e-05
8.6770773e-05
9.8363372e-05
0.00011073074
0.00012382962
0.00013759208
0.00015192079
0.00016668187
0.00018169985
0.00019675439
0.00021157564
0.00022583952
0.00023919051
0.00025123018
0.00026155535
0.00026466059
0.00026150905
0.00025513324
0.00024774245
0.00024158086
0.00024066
0.00024640763
0.00024990085
0.00025085558
0.0002694327
0.00031458095
0.00039963896
0.00053877092
0.00071689808
0.00090917318
0.0011099105
0.0013176484
0.0015331508
0.0017581284
0.0019944951
0.0022439305
0.0025075703
0.0027857543
0.0030778505
0.0033821162
0.003695554
0.0040139776
0.0043320252
0.0046433917
0.0049411885
0.0052186058
0.0054696619
0.0056899099
0.0058768874
0.0060303669
0.0061520296
0.0062448549
0.0063125355
0.0063589067
0.006387587
0.0064019197
0.0064049875
0.0063998072
0.0063894241
0.0063768445
0.0063647599
0.0063551537
0.0063488933
0.0063456037
0.0063441905
0.0063436059
0.0063432275
0.0063428136
0.0063423094
0.0063417384
0.0063411346
0.0063405204
0.0063399124
0.0063393205
0.0063387502
0.0063382086
0.0063377044
0.0063372493
0.006336859
0.0063365542
0.0063363618
0.0063363164
0.0063364616
0.0063368528
0.0063375597
0.0063386707
0.0063402977
0.0063425842
0.0063457151
0.0063499337
0.0063555627
0.0063630466
0.0063730054
0.0063863629
0.0064045368
0.0064299971
0.0064676743
0.0065310629
0.0066633492
1.2831423e-13
2.4748807e-11
6.3744406e-10
6.1764683e-09
3.508883e-08
1.4162605e-07
4.4313519e-07
1.1209107e-06
2.3585193e-06
4.2576696e-06
6.8244572e-06
1.0018896e-05
1.3804524e-05
1.8169629e-05
2.3124408e-05
2.869188e-05
3.4903302e-05
4.1796524e-05
4.940828e-05
5.7771212e-05
6.6910611e-05
7.6844166e-05
8.7577733e-05
9.9104846e-05
0.00011140285
0.00012443034
0.00013812106
0.00015237945
0.00016707446
0.00018203315
0.00019703773
0.00021182066
0.00022606291
0.00023940717
0.00025145248
0.00025784315
0.00026006698
0.00025765457
0.00025190178
0.00024492176
0.00023899457
0.00023796172
0.00024347217
0.00025042162
0.00025108158
0.00026912123
0.00031352405
0.00039727176
0.00053508108
0.00071269832
0.00090488027
0.0011057142
0.001313586
0.001529192
0.0017542219
0.0019905905
0.0022399863
0.0025035602
0.0027816701
0.003073701
0.0033779285
0.0036913752
0.0040098639
0.0043280477
0.004639624
0.0049377073
0.0052154775
0.005466935
0.0056876081
0.0058750061
0.0060288745
0.0061508752
0.0062439785
0.0063118766
0.0063584105
0.0063872081
0.0064016212
0.0064047398
0.006399586
0.0063892081
0.0063766163
0.006364509
0.0063548797
0.0063486043
0.0063453094
0.0063438966
0.0063433128
0.0063429321
0.0063425108
0.0063419941
0.0063414059
0.0063407806
0.0063401406
0.0063395031
0.0063388778
0.0063382703
0.0063376875
0.0063371379
0.006336633
0.0063361881
0.0063358235
0.0063355658
0.0063354487
0.0063355156
0.0063358209
0.0063364336
0.0063374411
0.0063389542
0.006341115
0.0063441067
0.0063481706
0.0063536266
0.0063609163
0.0063706547
0.0063837603
0.0064016438
0.0064267723
0.0064641154
0.0065274568
0.0066608346
8.5775831e-13
1.6664113e-10
3.5536272e-09
2.9181813e-08
1.3895143e-07
4.6214744e-07
1.1787401e-06
2.4432034e-06
4.3129412e-06
6.7576289e-06
9.7212588e-06
1.3167003e-05
1.7086261e-05
2.149497e-05
2.6425886e-05
3.1919885e-05
3.8021978e-05
4.4777007e-05
5.222685e-05
6.0408237e-05
6.9351884e-05
7.9078838e-05
8.9600657e-05
0.00010091516
0.00011300394
0.00012582947
0.00013932879
0.00015340874
0.00016793951
0.0001827449
0.00019647965
0.00020967514
0.00022215207
0.00023355662
0.00024338062
0.0002506058
0.00025393385
0.00025268764
0.00024791872
0.00024161222
0.00023607751
0.00023502277
0.00024034584
0.00025094295
0.0002513436
0.00026881709
0.00031243887
0.00039476303
0.00053114829
0.00070823183
0.00090029823
0.0011012278
0.0013092414
0.0015249598
0.0017500481
0.0019864203
0.0022357763
0.0024992813
0.0027773126
0.0030692751
0.0033734631
0.0036869172
0.004005478
0.0043238055
0.0046356069
0.004933995
0.0052121409
0.0054640265
0.0056851523
0.0058729987
0.0060272823
0.0061496441
0.0062430449
0.0063111762
0.0063578854
0.0063868099
0.0064013105
0.0064044851
0.0063993613
0.0063889908
0.0063763878
0.0063642577
0.0063546047
0.0063483137
0.006345013
0.0063436003
0.0063430173
0.0063426343
0.006342206
0.0063416769
0.0063410716
0.0063404248
0.0063397593
0.0063390923
0.0063384337
0.0063377892
0.0063371653
0.0063365705
0.0063360159
0.0063355166
0.0063350924
0.0063347695
0.0063345812
0.00633457
0.0063347898
0.0063353088
0.0063362133
0.006337613
0.0063396488
0.0063425021
0.0063464123
0.0063516967
0.0063587935
0.0063683136
0.0063811697
0.006398766
0.0064235677
0.0064605862
0.0065239038
0.006658393
3.8969313e-07
3.2177129e-07
3.2423502e-07
3.8526968e-07
5.740161e-07
1.0565363e-06
2.1075996e-06
3.95124e-06
6.5404643e-06
9.6514051e-06
1.3109716e-05
1.6845678e-05
2.0854591e-05
2.5151928e-05
2.8112715e-05
3.1989917e-05
3.7087493e-05
4.313245e-05
4.9903966e-05
5.7349095e-05
6.5470333e-05
7.4277374e-05
8.3809266e-05
9.4115865e-05
0.00010522162
0.00011711952
0.00012976578
0.00014306793
0.0001569001
0.00017101869
0.00018509204
0.00019886588
0.00021209868
0.00022440956
0.00023520712
0.00024346842
0.00024788817
0.00024778754
0.00024402635
0.0002384171
0.00023328006
0.00023223508
0.00023736488
0.00024789031
0.00025163941
0.0002685225
0.00031132753
0.0003921086
0.00052695446
0.00070348376
0.00089541251
0.0010964365
0.0013046009
0.001520442
0.0017455958
0.0019819754
0.0022312913
0.0024947251
0.0027726748
0.0030645656
0.0033687117
0.0036821764
0.0040008116
0.004319294
0.0046313339
0.0049300461
0.0052085916
0.0054609323
0.0056825394
0.0058708627
0.0060255881
0.0061483345
0.0062420527
0.0063104335
0.0063573306
0.0063863916
0.006400987
0.006404223
0.0063991327
0.0063887718
0.0063761586
0.0063640057
0.0063543285
0.0063480212
0.0063447143
0.0063433014
0.0063427192
0.0063423341
0.0063418989
0.0063413577
0.0063407353
0.0063400671
0.0063393762
0.0063386798
0.0063379881
0.0063373066
0.0063366417
0.0063360019
0.0063353978
0.0063348443
0.0063343608
0.006333973
0.0063337137
0.0063336248
0.0063337594
0.006334185
0.0063349871
0.006336274
0.0063381855
0.0063409013
0.0063446589
0.0063497729
0.0063566784
0.0063659819
0.0063785911
0.0063959032
0.0064203828
0.0064570865
0.0065204033
0.006656022
5.0675163e-06
4.0055941e-06
3.9859975e-06
4.1644431e-06
4.3387145e-06
4.4959691e-06
4.8076007e-06
5.6316004e-06
7.4119754e-06
1.0360451e-05
1.423767e-05
1.8633941e-05
2.3290163e-05
2.8128508e-05
3.31838e-05
3.8546347e-05
4.4310981e-05
5.057162e-05
5.7308114e-05
6.2405955e-05
6.8902196e-05
7.7071473e-05
8.6429342e-05
9.6616833e-05
0.00010746871
0.00011890587
0.0001309087
0.00014345899
0.00015648588
0.0001698048
0.00018315515
0.00019629188
0.00020899375
0.0002209324
0.00023151601
0.00023974521
0.0002443573
0.00024470165
0.00024143334
0.00023615732
0.00023119189
0.00023006212
0.0002349283
0.00024529155
0.000251969
0.00026823868
0.00031018836
0.0003893048
0.00052248405
0.00069843569
0.00089020593
0.0010913232
0.0012996488
0.0015156244
0.0017408527
0.0019772446
0.0022265215
0.0024898828
0.0027677476
0.0030595645
0.0033636677
0.0036771427
0.0039958597
0.0043145051
0.0046267992
0.004925855
0.0052048249
0.0054576477
0.0056797654
0.0058685948
0.0060237894
0.0061469447
0.0062410006
0.0063096473
0.0063567452
0.0063859525
0.0064006501
0.0064039528
0.0063988998
0.0063885507
0.0063759281
0.0063637526
0.0063540508
0.0063477267
0.0063444129
0.0063429997
0.0063424183
0.0063420313
0.0063415893
0.0063410363
0.0063403969
0.0063397073
0.0063389911
0.0063382655
0.0063375408
0.0063368224
0.0063361168
0.006335432
0.0063347786
0.006334171
0.0063336285
0.006333176
0.0063328459
0.0063326796
0.0063327295
0.0063330622
0.0063337623
0.0063349371
0.006336725
0.0063393042
0.0063429101
0.0063478549
0.0063545707
0.0063636595
0.0063760241
0.0063930553
0.0064172176
0.0064536159
0.0065169547
0.0066537194
1.0994015e-05
1.0164487e-05
1.0140792e-05
1.0405089e-05
1.0698005e-05
1.0877442e-05
1.0905858e-05
1.087364e-05
1.1058708e-05
1.1968459e-05
1.4148835e-05
1.7835704e-05
2.2736892e-05
2.8328949e-05
3.4242335e-05
4.0340008e-05
4.6636985e-05
5.322347e-05
6.0220722e-05
6.7762535e-05
7.5969351e-05
8.4908505e-05
9.4606155e-05
0.00010240732
0.0001114485
0.00012217916
0.00013404601
0.00014657319
0.00015945121
0.0001724423
0.00018534223
0.00019797045
0.00021013783
0.00022153832
0.00023158673
0.00023932901
0.00024362317
0.00024387297
0.00024060655
0.00023526295
0.00023020561
0.00022885548
0.00023335328
0.0002434789
0.00025233235
0.00026796585
0.00030901626
0.00038635536
0.00051771309
0.00069305494
0.00088465638
0.0010858682
0.0012943668
0.0015104908
0.0017358046
0.0019722152
0.0022214554
0.002484744
0.0027625218
0.0030542622
0.0033583217
0.0036718099
0.0039906127
0.0043094328
0.0046219953
0.0049214157
0.0052008344
0.0054541683
0.0056768263
0.0058661917
0.0060218834
0.0061454724
0.0062398871
0.0063088164
0.0063561282
0.006385492
0.0064002992
0.006403674
0.006398662
0.0063883268
0.0063756959
0.0063634978
0.0063537712
0.0063474297
0.0063441087
0.0063426948
0.0063421143
0.0063417254
0.0063412769
0.0063407122
0.0063400561
0.0063393453
0.0063386038
0.0063378491
0.0063370915
0.0063363364
0.0063355901
0.0063348606
0.0063341581
0.0063334967
0.0063328952
0.0063323784
0.0063319778
0.0063317345
0.0063317
0.0063319403
0.0063325389
0.0063336022
0.0063352672
0.0063377106
0.0063411658
0.0063459427
0.0063524702
0.0063613463
0.0063734687
0.0063902221
0.0064140718
0.0064501742
0.0065135574
0.0066514827
1.4245735e-05
1.4633574e-05
1.5218074e-05
1.5852142e-05
1.6431881e-05
1.6866217e-05
1.7084875e-05
1.7065907e-05
1.6877919e-05
1.6736679e-05
1.7058675e-05
1.8465112e-05
2.1549269e-05
2.6406527e-05
3.2593119e-05
3.9508678e-05
4.675585e-05
5.4187995e-05
6.1823377e-05
6.9763708e-05
7.8139266e-05
8.7073661e-05
9.6671344e-05
0.00010702162
0.00011818419
0.00013013621
0.00014093972
0.00015101973
0.00016246183
0.00017488225
0.00018757921
0.00020004893
0.00021197537
0.00022305956
0.00023277034
0.000240211
0.0002443111
0.0002444714
0.00024112716
0.00023560175
0.00023035418
0.00022874027
0.00023282114
0.00024266179
0.00025273031
0.0002677037
0.00030780369
0.00038329182
0.0005125816
0.00068724997
0.00087873261
0.0010800466
0.0012887332
0.001505022
0.0017304348
0.0019668725
0.0022160805
0.0024792963
0.0027569864
0.0030486485
0.0033526642
0.0036661671
0.0039850628
0.0043040674
0.0046169148
0.0049167208
0.0051966141
0.0054504879
0.0056737175
0.0058636497
0.0060198674
0.0061439155
0.0062387102
0.0063079396
0.0063554787
0.006385009
0.0063999335
0.006403386
0.0063984186
0.0063880997
0.0063754615
0.006363241
0.0063534891
0.00634713
0.0063438013
0.0063423866
0.0063418069
0.0063414164
0.0063409615
0.0063403854
0.0063397128
0.0063389809
0.0063382141
0.0063374305
0.0063366401
0.0063358484
0.0063350616
0.0063342875
0.006333536
0.006332821
0.0063321609
0.0063315799
0.0063311092
0.0063307891
0.0063306707
0.006330819
0.0063313167
0.0063322691
0.0063338119
0.0063361203
0.006339426
0.0063440362
0.0063503769
0.0063590421
0.0063709246
0.0063874035
0.0064109451
0.0064467612
0.0065102109
0.00664931
1.6645869e-05
1.7794933e-05
1.8943399e-05
2.0018906e-05
2.0968984e-05
2.1742629e-05
2.2287416e-05
2.2561024e-05
2.2553297e-05
2.2322273e-05
2.2048848e-05
2.2101214e-05
2.3068807e-05
2.5651649e-05
3.0308698e-05
3.6831036e-05
4.4566037e-05
5.2907973e-05
6.1517173e-05
7.0294175e-05
7.9284075e-05
8.8599863e-05
9.8375439e-05
0.00010873673
0.0001197792
0.00013154851
0.000144047
0.00015723682
0.00017100076
0.00018331246
0.00019340445
0.00020419106
0.00021533333
0.00022600019
0.00023535962
0.00024245593
0.00024629816
0.00024633492
0.00024288814
0.00023720355
0.00023178416
0.00022988486
0.00023355789
0.00024306789
0.00025316545
0.0002674516
0.0003065425
0.00038020315
0.00050698559
0.00068079184
0.00087238203
0.0010738289
0.001282723
0.0014991967
0.0017247244
0.0019612004
0.0022103817
0.0024735272
0.0027511289
0.0030427121
0.003346684
0.003660205
0.0039791997
0.0042984005
0.0046115494
0.0049117624
0.0051921571
0.0054466008
0.0056704338
0.0058609645
0.006017738
0.0061422714
0.0062374683
0.0063070153
0.0063547955
0.0063845028
0.0063995522
0.0064030879
0.0063981691
0.0063878687
0.0063752242
0.0063629815
0.0063532043
0.006346827
0.0063434903
0.0063420747
0.0063414959
0.0063411039
0.0063406428
0.0063400554
0.0063393665
0.0063386138
0.0063378218
0.0063370093
0.0063361862
0.0063353581
0.006334531
0.0063337125
0.0063329122
0.0063321439
0.0063314253
0.0063307804
0.0063302399
0.0063298434
0.0063296414
0.0063296981
0.0063300954
0.0063309375
0.006332359
0.0063345333
0.0063376904
0.0063421352
0.0063482906
0.0063567468
0.0063683918
0.0063845991
0.0064078374
0.0064433767
0.0065069146
0.006647199
1.8862052e-05
2.0408637e-05
2.1917814e-05
2.3333814e-05
2.4612411e-05
2.5712779e-05
2.6591952e-05
2.7206933e-05
2.7525056e-05
2.7541591e-05
2.731224e-05
2.7003112e-05
2.6956297e-05
2.774055e-05
3.0092262e-05
3.461624e-05
4.1370486e-05
4.9809605e-05
5.9170424e-05
6.8931991e-05
7.8870264e-05
8.8958771e-05
9.927904e-05
0.00010995691
0.0001211199
0.00013286727
0.00014525294
0.00015827457
0.00017186101
0.00018587798
0.00020014898
0.00021438083
0.00022524227
0.00023346478
0.00024127606
0.00024759369
0.00025103534
0.00025078389
0.00024698981
0.00024093105
0.0002352036
0.00023291971
0.00023613507
0.00024518526
0.00025364331
0.00026720921
0.00030522797
0.00037718622
0.00050087655
0.00067341451
0.0008655303
0.0010671783
0.0012763074
0.0014929897
0.0017186519
0.0019551796
0.0022043421
0.002467421
0.0027449354
0.0030364399
0.003340369
0.0036539111
0.0039730123
0.0042924215
0.0046058888
0.0049065321
0.0051874554
0.0054425002
0.0056669697
0.0058581316
0.0060154915
0.0061405374
0.006236159
0.0063060419
0.0063540774
0.0063839723
0.0063991545
0.006402779
0.0063979126
0.0063876332
0.0063749835
0.0063627189
0.0063529162
0.0063465204
0.0063431754
0.0063417586
0.0063411809
0.0063407875
0.0063403206
0.006339722
0.006339017
0.0063382437
0.0063374268
0.0063365853
0.0063357298
0.0063348654
0.0063339981
0.0063331353
0.0063322865
0.0063314649
0.0063306882
0.0063299797
0.0063293697
0.0063288972
0.006328612
0.0063285776
0.006328875
0.0063296075
0.0063309082
0.0063329493
0.0063359589
0.0063402394
0.0063462112
0.0063544601
0.0063658699
0.0063818088
0.0064047485
0.0064400204
0.0065036681
0.0066451478
2.1116401e-05
2.2848405e-05
2.4559109e-05
2.6197979e-05
2.7721947e-05
2.9090958e-05
3.0264013e-05
3.1198665e-05
3.1854311e-05
3.2201802e-05
3.2240386e-05
3.2027696e-05
3.1728162e-05
3.1677682e-05
3.2440568e-05
3.477282e-05
3.9366547e-05
4.6422394e-05
5.5478884e-05
6.5761798e-05
7.6626132e-05
8.7717875e-05
9.8924726e-05
0.00011027837
0.00012188436
0.00013386496
0.00014631506
0.00015928464
0.00017275752
0.00018664484
0.00020078475
0.0002149264
0.00022875841
0.00024192587
0.00025399514
0.00025975935
0.00026120005
0.00025976143
0.00025522528
0.00024852165
0.00024214837
0.00023913831
0.00024164519
0.00024994441
0.00025417487
0.00026697714
0.00030385705
0.00037423839
0.00049433528
0.00066505314
0.00085809629
0.0010600494
0.0012694524
0.0014863722
0.0017121925
0.0019487885
0.0021979429
0.0024609605
0.0027383902
0.003029817
0.0033337055
0.0036472732
0.0039664888
0.0042861186
0.0045999232
0.00490102
0.0051825003
0.0054381789
0.0056633186
0.0058551459
0.0060131239
0.0061387103
0.0062347802
0.0063050177
0.0063533228
0.0063834163
0.0063987393
0.0064024585
0.0063976484
0.0063873923
0.0063747387
0.0063624525
0.0063526243
0.0063462098
0.0063428561
0.0063414382
0.0063408615
0.0063404671
0.0063399943
0.0063393849
0.0063386639
0.0063378702
0.0063370286
0.0063361583
0.0063352704
0.0063343698
0.0063334625
0.0063325556
0.0063316585
0.006330784
0.0063299493
0.0063291775
0.0063284982
0.0063279501
0.0063275821
0.0063274571
0.0063276553
0.0063282787
0.0063294595
0.0063313682
0.0063342313
0.0063383488
0.0063441383
0.006352182
0.0063633589
0.0063790323
0.006401678
0.0064366921
0.0065004705
0.0066431543
2.3506154e-05
2.5297669e-05
2.7101796e-05
2.88692e-05
3.0557535e-05
3.2126855e-05
3.3536836e-05
3.4744701e-05
3.5706871e-05
3.6383488e-05
3.6747565e-05
3.6802417e-05
3.6611786e-05
3.6347299e-05
3.6353822e-05
3.7207437e-05
3.9686149e-05
4.4529124e-05
5.2014046e-05
6.1742331e-05
7.2924434e-05
8.4834364e-05
9.7024761e-05
0.00010930878
0.00012167126
0.00013418624
0.00014695466
0.00016006175
0.00017354402
0.00018736725
0.00020141401
0.00021547705
0.0002292699
0.00024243908
0.00025456333
0.00026518635
0.00027387124
0.00027788651
0.0002709287
0.00026217841
0.00025450613
0.00025035079
0.00025172625
0.00025679645
0.00025477522
0.00026675736
0.00030242748
0.00037127454
0.00048748011
0.00065583701
0.00085000877
0.0010523906
0.0012621194
0.001479312
0.001705318
0.001942003
0.0021911624
0.0024541266
0.0027314756
0.0030228273
0.0033266782
0.0036402764
0.0039596154
0.0042794799
0.0045936404
0.0048952156
0.0051772829
0.0054336281
0.005659474
0.0058520017
0.0060106309
0.0061367867
0.0062333291
0.0063039407
0.0063525305
0.0063828337
0.0063983058
0.0064021255
0.0063973758
0.0063871454
0.006374489
0.0063621817
0.006352328
0.0063458946
0.0063425321
0.0063411129
0.0063405374
0.0063401421
0.0063396639
0.0063390437
0.006338307
0.006337493
0.006336627
0.0063357281
0.0063348077
0.0063338712
0.006332924
0.0063319733
0.006331028
0.0063301007
0.0063292084
0.0063283735
0.0063276254
0.0063270019
0.0063265516
0.0063263365
0.0063264359
0.0063269509
0.0063280125
0.0063297898
0.0063325074
0.0063364632
0.006342072
0.0063499121
0.0063608585
0.0063762695
0.0063986258
0.0064333916
0.0064973213
0.0066412168
2.6084536e-05
2.7858031e-05
2.9681155e-05
3.150661e-05
3.3292063e-05
3.4998762e-05
3.6586838e-05
3.8014377e-05
3.9237045e-05
4.0210446e-05
4.089493e-05
4.1266081e-05
4.1332543e-05
4.1167437e-05
4.095748e-05
4.1068126e-05
4.2101256e-05
4.4861824e-05
5.0115942e-05
5.8170364e-05
6.864545e-05
8.0734691e-05
9.3656733e-05
0.00010689626
0.0001202065
0.00013352603
0.00014689451
0.0001603883
0.00017407191
0.00018795993
0.00020199064
0.00021601094
0.00022977486
0.00024295186
0.00025513833
0.00026588519
0.00027473848
0.00028127589
0.0002850907
0.0002857012
0.00027543921
0.00026884753
0.00026633964
0.00025797365
0.00025544629
0.00026655362
0.00030093771
0.00036819989
0.00048038906
0.00064594028
0.00084120928
0.0010441434
0.0012542633
0.0014717718
0.001697997
0.0019347953
0.0021839764
0.0024468975
0.0027241718
0.0030154526
0.0033192701
0.0036329051
0.0039523769
0.0042724907
0.0045870278
0.004889107
0.0051717925
0.0054288393
0.0056554281
0.005848693
0.0060080074
0.0061347629
0.0062318031
0.0063028088
0.0063516986
0.0063822232
0.0063978527
0.006401779
0.0063970937
0.0063868916
0.0063742337
0.0063619058
0.0063520267
0.0063455744
0.0063422029
0.0063407823
0.0063402081
0.0063398121
0.0063393287
0.0063386981
0.0063379459
0.0063371117
0.0063362214
0.0063352943
0.0063343415
0.0063333691
0.0063323823
0.0063313879
0.0063303946
0.0063294149
0.0063284651
0.0063275675
0.0063267508
0.0063260524
0.0063255202
0.0063252155
0.0063252167
0.0063256239
0.0063265671
0.0063282138
0.006330787
0.0063345823
0.0063400119
0.0063476504
0.0063583685
0.0063735202
0.0063955917
0.0064301187
0.0064942201
0.0066393334
2.8884242e-05
3.0591117e-05
3.2381554e-05
3.421161e-05
3.6040464e-05
3.7830089e-05
3.9542655e-05
4.1137451e-05
4.257092e-05
4.3797626e-05
4.4772163e-05
4.545589e-05
4.58274e-05
4.5902852e-05
4.5768535e-05
4.5632638e-05
4.5891716e-05
4.7184691e-05
5.0347941e-05
5.6159057e-05
6.4915657e-05
7.6220021e-05
8.9239076e-05
0.00010315107
0.00011739113
0.00013166516
0.0001458705
0.00016001242
0.00017413768
0.00018828229
0.00020243126
0.00021648889
0.00023026341
0.0002434662
0.00025572241
0.00026659573
0.00027562601
0.0002823728
0.00028636437
0.00028706885
0.00028396802
0.00027713827
0.0002679094
0.00025926518
0.00025619766
0.00026637311
0.00029938762
0.00036494569
0.0004731017
0.00063546107
0.00083164085
0.0010352409
0.0012458331
0.0014637105
0.0016901939
0.0019271347
0.0021763579
0.0024392492
0.0027164571
0.0030076726
0.0033114618
0.0036251411
0.0039447574
0.0042651362
0.0045800709
0.0048826816
0.0051660174
0.0054238026
0.0056511726
0.0058452126
0.0060052482
0.0061326348
0.0062301989
0.0063016195
0.0063508254
0.0063815832
0.0063973789
0.0064014179
0.0063968013
0.00638663
0.006373972
0.0063616241
0.0063517199
0.0063452486
0.006341868
0.0063404459
0.0063398732
0.0063394769
0.0063389885
0.0063383476
0.0063375801
0.0063367259
0.0063358115
0.0063348564
0.0063338715
0.0063328633
0.006331837
0.006330799
0.0063297581
0.0063287261
0.0063277192
0.0063267592
0.0063258743
0.0063251013
0.0063244876
0.0063240938
0.0063239973
0.0063242975
0.006325123
0.0063266401
0.0063290699
0.006332706
0.0063379578
0.0063453965
0.0063558886
0.006370784
0.0063925753
0.0064268729
0.006491166
0.0066375023
3.1938283e-05
3.3545723e-05
3.5265919e-05
3.7059014e-05
3.8886938e-05
4.0713606e-05
4.2502472e-05
4.4215619e-05
4.5811358e-05
4.7244626e-05
4.8468645e-05
4.9437688e-05
5.0114518e-05
5.04822e-05
5.0566375e-05
5.0470668e-05
5.0431537e-05
5.0885865e-05
5.2518466e-05
5.619888e-05
6.2700768e-05
7.228031e-05
8.4491698e-05
9.8464826e-05
0.0001133451
0.00012853313
0.00014369804
0.00015870082
0.00017351205
0.000188145
0.00020260206
0.00021683217
0.00023070057
0.00024397353
0.00025631933
0.0002673273
0.00027654423
0.0002834921
0.00028765631
0.00028849991
0.0002855509
0.00027884803
0.00026959734
0.00026068198
0.00025704256
0.00026622601
0.00029777941
0.00036147517
0.00046575443
0.00062424855
0.00082098805
0.0010255757
0.0012367658
0.0014550796
0.0016818686
0.0019189869
0.0021682767
0.0024311544
0.0027083067
0.0029994645
0.0033032332
0.0036169654
0.0039367377
0.0042573987
0.0045727543
0.0048759251
0.0051599454
0.005418507
0.0056466984
0.0058415536
0.0060023474
0.0061303978
0.0062285132
0.0063003705
0.0063499089
0.0063809121
0.0063968829
0.0064010411
0.0063964974
0.0063863596
0.006373703
0.0063613358
0.0063514069
0.0063449166
0.0063415268
0.0063401034
0.0063395322
0.0063391358
0.0063386427
0.0063379919
0.0063372092
0.0063363353
0.006335397
0.006334414
0.0063333974
0.0063323533
0.0063312877
0.0063302065
0.006329118
0.006328034
0.0063269703
0.0063259481
0.0063249953
0.0063241483
0.0063234536
0.0063229711
0.0063227776
0.0063229714
0.00632368
0.0063250683
0.0063273558
0.006330834
0.0063359095
0.0063431503
0.0063534188
0.0063680608
0.0063895764
0.0064236542
0.0064881586
0.0066357217
3.5278498e-05
3.6764107e-05
3.8385711e-05
4.0109056e-05
4.1899e-05
4.3722396e-05
4.5545411e-05
4.7332051e-05
4.9043691e-05
5.0637158e-05
5.2066205e-05
5.3282879e-05
5.4241703e-05
5.4907382e-05
5.5268843e-05
5.5364029e-05
5.5318525e-05
5.5403691e-05
5.6105187e-05
5.8160894e-05
6.2471291e-05
6.9788141e-05
8.0297771e-05
9.3481414e-05
0.00010842384
0.00012424474
0.00014032009
0.00015629007
0.00017198332
0.00018733597
0.0002023248
0.00021691381
0.00023101123
0.00024443916
0.0002569199
0.00026808338
0.00027748804
0.00028463446
0.00028898497
0.00028999802
0.00028721968
0.00028065965
0.00027141134
0.00026223561
0.0002579957
0.0002661246
0.00029611786
0.00035779327
0.00045882279
0.00061208122
0.00080818996
0.0010149325
0.0012269772
0.001445824
0.0016729765
0.0019103134
0.0021596989
0.0024225834
0.0026996936
0.0029908038
0.0032945606
0.003608356
0.0039282985
0.0042492604
0.0045650606
0.0048688218
0.0051535626
0.0054129404
0.0056419954
0.0058377075
0.0059992985
0.0061280471
0.0062267422
0.0062990587
0.0063489469
0.0063802084
0.0063963635
0.0064006472
0.0063961809
0.0063860794
0.0063734256
0.00636104
0.0063510869
0.0063445779
0.0063411788
0.006339754
0.0063391847
0.0063387884
0.006338291
0.0063376304
0.0063368328
0.0063359394
0.0063349773
0.0063339666
0.0063329185
0.0063318388
0.0063307339
0.0063296097
0.006328474
0.0063273382
0.0063262179
0.006325134
0.0063241137
0.0063231929
0.0063224176
0.006321847
0.0063215571
0.0063216452
0.0063222377
0.0063234982
0.0063256445
0.006328966
0.0063338669
0.0063409115
0.0063509586
0.0063653503
0.0063865948
0.0064204623
0.0064851973
0.0066339902
3.8940746e-05
4.0288682e-05
4.1789782e-05
4.3416214e-05
4.5136835e-05
4.6921733e-05
4.8739997e-05
5.0559121e-05
5.2342969e-05
5.4051612e-05
5.5640571e-05
5.7062282e-05
5.8267921e-05
5.9212528e-05
5.9863806e-05
6.0218508e-05
6.0329782e-05
6.0350133e-05
6.0592975e-05
6.160077e-05
6.4168722e-05
6.9221452e-05
7.746808e-05
8.8998577e-05
0.00010320265
0.00011911564
0.00013583696
0.00015272627
0.00016940054
0.00018565841
0.00020140067
0.00021656505
0.00023107327
0.00024478865
0.00025748728
0.00026884871
0.00027845454
0.00028580603
0.00029036086
0.00029156901
0.00028898246
0.00028258377
0.00027336178
0.00026393886
0.0002590734
0.00026608373
0.00029441175
0.00035392145
0.00045219683
0.00059938701
0.0007932924
0.0010031116
0.0012163622
0.0014358773
0.0016634665
0.0019010714
0.0021505875
0.0024135028
0.002690588
0.002981663
0.003285419
0.0035992895
0.0039194174
0.0042406999
0.0045569712
0.0048613551
0.0051468539
0.0054070899
0.0056370526
0.0058336654
0.0059960946
0.0061255772
0.0062248818
0.0062976811
0.0063479371
0.00637947
0.0063958189
0.006400235
0.0063958505
0.0063857883
0.0063731389
0.0063607359
0.0063507592
0.0063442318
0.0063408234
0.0063393973
0.00633883
0.0063384342
0.0063379326
0.0063372627
0.0063364504
0.0063355376
0.0063345519
0.0063335137
0.0063324344
0.0063313195
0.0063301754
0.0063290083
0.0063278255
0.0063266383
0.0063254618
0.0063243163
0.006323229
0.0063222349
0.0063213795
0.0063207214
0.0063203356
0.0063203187
0.0063207959
0.0063219295
0.0063239356
0.0063271017
0.0063318295
0.0063386799
0.0063485078
0.0063626523
0.0063836303
0.0064172968
0.0064822813
0.006632306
4.296584e-05
4.4164065e-05
4.55277e-05
4.7034539e-05
4.8658502e-05
5.037314e-05
5.2151692e-05
5.3964572e-05
5.5779484e-05
5.7559586e-05
5.9263629e-05
6.084583e-05
6.2257153e-05
6.3448154e-05
6.4374884e-05
6.5009369e-05
6.5358284e-05
6.5493561e-05
6.5600058e-05
6.6040794e-05
6.7422083e-05
7.0597657e-05
7.6504704e-05
8.5785489e-05
9.8408476e-05
0.00011366002
0.00013052678
0.000148093
0.00016570728
0.0001829671
0.00019964193
0.00021559588
0.0002307246
0.00024490368
0.00025794752
0.0002695833
0.00027943038
0.00028701103
0.00029179128
0.00029321967
0.00029084871
0.00028463287
0.00027546145
0.00026580661
0.00026029456
0.0002661221
0.00029267499
0.00034987304
0.00044545992
0.00058652628
0.00077705788
0.00098998656
0.0012048038
0.0014251632
0.0016532809
0.0018912129
0.0021409014
0.0024038767
0.002680957
0.002972012
0.0032757804
0.00358974
0.0039100701
0.0042316956
0.0045484654
0.0048535059
0.0051398026
0.0054009412
0.0056318581
0.0058294175
0.0059927278
0.0061229821
0.0062229277
0.0062962345
0.0063468769
0.006378695
0.0063952475
0.0063998028
0.006395505
0.0063854849
0.0063728418
0.0063604226
0.0063504231
0.0063438775
0.00634046
0.0063390326
0.0063384675
0.0063380725
0.0063375672
0.0063368881
0.0063360614
0.0063351295
0.0063341204
0.0063330549
0.0063319445
0.0063307947
0.0063296115
0.0063284017
0.0063271723
0.0063259339
0.0063247014
0.0063234948
0.0063223407
0.0063212738
0.0063203388
0.0063195936
0.0063191127
0.0063189915
0.0063193542
0.0063203618
0.006322229
0.0063252409
0.0063297971
0.0063364551
0.0063460663
0.0063599664
0.0063806825
0.0064141576
0.0064794101
0.0066306677
4.7390398e-05
4.8431581e-05
4.9644756e-05
5.1014359e-05
5.2518524e-05
5.4135435e-05
5.5841952e-05
5.7613028e-05
5.9419893e-05
6.1229716e-05
6.3004566e-05
6.4702043e-05
6.6274648e-05
6.7672067e-05
6.8844613e-05
6.9750093e-05
7.0366271e-05
7.0712182e-05
7.0882556e-05
7.1100909e-05
7.1787383e-05
7.3617913e-05
7.7502242e-05
8.4373116e-05
9.4778575e-05
0.00010854494
0.00012484909
0.00014263208
0.00016096864
0.00017919991
0.00019690548
0.00021382463
0.00022978224
0.00024462781
0.00025818597
0.00027021715
0.00028038259
0.00028824036
0.00029327858
0.00029495639
0.00029282814
0.00028681993
0.00027772466
0.00026785581
0.00026168118
0.00026626283
0.00029092662
0.00034565646
0.00043838207
0.00057360012
0.00075992976
0.00097538931
0.0011921621
0.0014135891
0.0016423539
0.0018806853
0.0021305951
0.0023936647
0.0026707647
0.0029618182
0.0032656146
0.0035796794
0.0039002308
0.0042222227
0.0045395212
0.0048452543
0.0051323911
0.0053944787
0.0056263988
0.0058249534
0.0059891897
0.0061202555
0.0062208748
0.0062947151
0.0063457635
0.006377881
0.0063946475
0.0063993492
0.0063951429
0.006385168
0.0063725331
0.006360099
0.0063500777
0.0063435145
0.0063400879
0.0063386593
0.0063380967
0.0063377027
0.006337194
0.0063365061
0.0063356653
0.0063347145
0.0063336822
0.0063325895
0.0063314483
0.006330264
0.0063290419
0.0063277896
0.0063265136
0.0063252243
0.0063239362
0.0063226689
0.0063214485
0.0063203091
0.006319295
0.0063184634
0.006317888
0.0063176632
0.0063179123
0.0063187948
0.0063205241
0.0063233833
0.0063277694
0.0063342369
0.0063436336
0.0063572923
0.0063777512
0.0064110444
0.0064765832
0.0066290737
5.2263945e-05
5.3142628e-05
5.4195123e-05
5.541215e-05
5.6776659e-05
5.8270926e-05
5.9876364e-05
6.1571897e-05
6.3333398e-05
6.5132189e-05
6.6934516e-05
6.8701612e-05
7.038928e-05
7.1948452e-05
7.3327737e-05
7.4477523e-05
7.5358384e-05
7.5955262e-05
7.6302526e-05
7.6522751e-05
7.688453e-05
7.7872636e-05
8.0236733e-05
8.4935555e-05
9.2874537e-05
0.00010447887
0.00011941576
0.00013675288
0.000155392
0.00017440258
0.00019312065
0.00021110661
0.00022806683
0.0002437825
0.00025805197
0.00027064264
0.00028124736
0.00028946434
0.00029481497
0.00029678254
0.0002949301
0.00028915828
0.00028016715
0.00027010549
0.0002632584
0.00026653405
0.00028919136
0.0003412832
0.00043089162
0.00056072582
0.0007420533
0.0009589706
0.0011782407
0.00140104
0.0016306078
0.0018694286
0.0021196187
0.0023828234
0.0026599723
0.0029510459
0.0032548887
0.0035690771
0.0038898709
0.0042122553
0.0045301141
0.0048365783
0.0051245996
0.0053876855
0.0056206603
0.0058202609
0.0059854711
0.0061173902
0.0062187178
0.0062931188
0.0063445938
0.0063770257
0.0063940168
0.0063988724
0.0063947626
0.0063848362
0.0063722116
0.0063597641
0.0063497221
0.0063431418
0.0063397063
0.0063382767
0.0063377168
0.0063373242
0.0063368125
0.006336116
0.0063352613
0.0063342918
0.0063332366
0.0063321171
0.0063309451
0.0063297265
0.006328466
0.0063271712
0.0063258491
0.0063245092
0.0063231658
0.0063218381
0.0063205517
0.0063193404
0.0063182478
0.0063173303
0.0063166609
0.0063163334
0.0063164697
0.0063172282
0.0063188208
0.0063215285
0.0063257462
0.006332025
0.0063412095
0.0063546299
0.006374836
0.0064079568
0.0064737998
0.0066275226
5.7636985e-05
5.8349715e-05
5.9234107e-05
6.0287052e-05
6.1495049e-05
6.2844991e-05
6.4322601e-05
6.5911723e-05
6.7592358e-05
6.9340778e-05
7.1127796e-05
7.2919033e-05
7.4674309e-05
7.6347668e-05
7.7888354e-05
7.9244169e-05
8.0366102e-05
8.1218424e-05
8.1795589e-05
8.2150694e-05
8.243943e-05
8.2982731e-05
8.4337095e-05
8.7327195e-05
9.2948236e-05
0.00010205047
0.00011490748
0.00013101646
0.00014934054
0.00016875038
0.00018831407
0.00020736143
0.00022543047
0.00024218995
0.00025737162
0.00027071583
0.00028192375
0.00029062427
0.00029637457
0.00029869296
0.00029716103
0.00029166096
0.00028280577
0.00027257695
0.00026505479
0.00026696947
0.00028750102
0.00033677246
0.00042300216
0.00054803056
0.00072334902
0.00094022981
0.0011626971
0.0013873539
0.0016179467
0.0018573741
0.0021079166
0.0023713052
0.0026485374
0.0029396567
0.0032435675
0.0035579003
0.0038789596
0.0042017644
0.0045202179
0.0048274544
0.0051164072
0.0053805435
0.0056146274
0.0058153279
0.0059815621
0.0061143785
0.006216451
0.0062914414
0.0063433644
0.0063761265
0.0063933532
0.0063983704
0.0063943624
0.0063844879
0.0063718758
0.0063594168
0.0063493555
0.0063427587
0.0063393145
0.006337884
0.006337327
0.0063369363
0.0063364219
0.0063357172
0.0063348489
0.006333861
0.006332783
0.0063316368
0.0063304344
0.0063291817
0.0063278832
0.0063265461
0.006325178
0.0063237878
0.0063223895
0.0063210018
0.00631965
0.0063183672
0.0063171965
0.0063161938
0.0063154312
0.0063150016
0.006315026
0.0063156616
0.0063171185
0.0063196762
0.0063237269
0.006329819
0.0063387936
0.0063519786
0.0063719368
0.0064048947
0.0064710593
0.0066260131
6.3570987e-05
6.4115003e-05
6.4825621e-05
6.5704812e-05
6.6742298e-05
6.792922e-05
6.9255289e-05
7.0708875e-05
7.2275255e-05
7.3935319e-05
7.5665111e-05
7.7435159e-05
7.9209828e-05
8.0947353e-05
8.2599982e-05
8.4115615e-05
8.5441163e-05
8.6529038e-05
8.7348571e-05
8.7906162e-05
8.8277646e-05
8.865794e-05
8.9427916e-05
9.1221813e-05
9.4937273e-05
0.0001015874
0.00011193432
0.00012607344
0.00014332703
0.00016256342
0.00018263051
0.00020259676
0.00022178277
0.00023969862
0.00025596853
0.0002702683
0.00028227484
0.00029162545
0.00029790401
0.00030066593
0.00029951966
0.00029433854
0.00028565795
0.00027529341
0.00026710228
0.00026760883
0.00028589585
0.00033215743
0.00041480735
0.0005362945
0.00070395364
0.00091737703
0.0011447558
0.001372256
0.0016042422
0.0018444411
0.0020954269
0.0023590582
0.0026364142
0.0029276093
0.0032316127
0.0035461134
0.0038674642
0.0041907198
0.0045098044
0.0048178565
0.0051077909
0.0053730325
0.0056082831
0.0058101405
0.0059774518
0.006111212
0.006214068
0.0062896781
0.0063420718
0.0063751804
0.0063926544
0.0063978413
0.0063939405
0.0063841214
0.0063715245
0.0063590559
0.0063489769
0.0063423645
0.0063389117
0.0063374804
0.0063369266
0.0063365381
0.0063360213
0.0063353088
0.0063344273
0.0063334212
0.0063323207
0.0063311481
0.0063299155
0.0063286289
0.0063272929
0.0063259135
0.0063244997
0.0063230597
0.0063216067
0.0063201595
0.0063187426
0.0063173888
0.0063161406
0.0063150533
0.0063141982
0.0063136674
0.0063135808
0.0063140944
0.0063154169
0.0063178258
0.0063217113
0.0063276186
0.0063363857
0.0063493384
0.0063690531
0.0064018576
0.0064683611
0.0066245436
7.0116557e-05
7.0492376e-05
7.1026825e-05
7.1726348e-05
7.2583572e-05
7.3592247e-05
7.4747076e-05
7.6040259e-05
7.7461959e-05
7.8998304e-05
8.063064e-05
8.2334983e-05
8.4080999e-05
8.5831823e-05
8.7543928e-05
8.9167802e-05
9.065002e-05
9.1937064e-05
9.2983588e-05
9.3765771e-05
9.4304608e-05
9.4703579e-05
9.5203467e-05
9.6252849e-05
9.8568214e-05
0.00010311325
0.00011089341
0.00012254727
0.00013796888
0.00015630748
0.00017634995
0.00019692928
0.00021711347
0.00023620807
0.00025368779
0.00026912577
0.00028213738
0.00029233698
0.00029931549
0.00030265416
0.00030198961
0.00029719488
0.0002887395
0.00027827947
0.00026943614
0.00026849814
0.00028442586
0.00032748401
0.00040635881
0.00052443475
0.00068506663
0.00089251709
0.0011237423
0.0013553157
0.0015893066
0.0018305264
0.0020820786
0.0023460249
0.0026235531
0.0029148593
0.003218984
0.0035336788
0.0038553493
0.0041790886
0.0044988437
0.0048077576
0.0050987263
0.0053651313
0.0056016093
0.0058046836
0.0059731282
0.0061078817
0.0062115619
0.0062878236
0.0063407119
0.0063741843
0.0063919177
0.0063972827
0.0063934948
0.0063837351
0.006371156
0.0063586803
0.0063485853
0.0063419581
0.006338497
0.0063370651
0.0063365148
0.0063361288
0.0063356101
0.0063348901
0.0063339956
0.0063329716
0.0063318489
0.00633065
0.0063293875
0.0063280674
0.0063266941
0.0063252729
0.0063238136
0.0063223239
0.0063208168
0.0063193104
0.006317829
0.0063164047
0.0063150797
0.0063139083
0.0063129615
0.0063123302
0.0063121335
0.0063125262
0.0063137155
0.0063159771
0.006319699
0.0063254234
0.0063339853
0.0063467087
0.0063661846
0.0063988452
0.0064657045
0.006623113
7.7344271e-05
7.7552497e-05
7.7909284e-05
7.8425141e-05
7.9094333e-05
7.991334e-05
8.0879657e-05
8.1990446e-05
8.3240053e-05
8.4619957e-05
8.6116813e-05
8.7712207e-05
8.9381791e-05
9.1094273e-05
9.281147e-05
9.4488089e-05
9.6072996e-05
9.7511289e-05
9.8749744e-05
9.9746314e-05
0.00010048583
0.00010100767
0.00010144809
0.00010210119
0.0001034907
0.00010641717
0.00011189756
0.00012089777
0.00013389516
0.00015056559
0.00016989473
0.00019060307
0.00021151406
0.00023169187
0.00025041948
0.00026712879
0.00028133683
0.00029259969
0.00030048508
0.00030457703
0.00030453052
0.00030022031
0.00029206098
0.00028155936
0.00027209423
0.00026968977
0.00028315205
0.00032281165
0.00039768668
0.00051201324
0.00066669729
0.00086707687
0.0010993283
0.0013358449
0.001572838
0.0018154892
0.0020677865
0.0023321422
0.0026099013
0.0029013599
0.0032056381
0.0035205569
0.0038425779
0.0041668361
0.0044873034
0.004797128
0.0050891872
0.005356817
0.0055945866
0.0057989414
0.0059685786
0.0061043775
0.0062089252
0.0062858723
0.0063392805
0.0063731349
0.0063911405
0.0063966923
0.0063930233
0.006383327
0.006370769
0.0063582888
0.0063481797
0.0063415387
0.0063380696
0.0063366371
0.0063360906
0.0063357075
0.0063351873
0.0063344602
0.006333553
0.0063325114
0.0063313668
0.0063301419
0.0063288497
0.0063274962
0.006326086
0.0063246236
0.0063231188
0.00632158
0.0063200191
0.0063184539
0.0063169084
0.0063154142
0.0063140129
0.0063127582
0.0063117204
0.0063109894
0.0063106837
0.0063109565
0.0063120139
0.0063141296
0.0063176895
0.0063232329
0.006331592
0.0063440892
0.0063633311
0.0063958574
0.0064630888
0.0066217201
8.5332638e-05
8.5373969e-05
8.5552384e-05
8.5882417e-05
8.6357945e-05
8.6977965e-05
8.7742461e-05
8.8652016e-05
8.9705493e-05
9.0898852e-05
9.2224637e-05
9.3669927e-05
9.521637e-05
9.6839149e-05
9.8505957e-05
0.00010017697
0.00010180537
0.00010333811
0.0001047194
0.00010589692
0.00010683311
0.00010752403
0.00010803142
0.0001085306
0.00010937653
0.0001111745
0.00011480769
0.00012132623
0.00013161794
0.00014596315
0.00016381104
0.00018399869
0.00020519521
0.00022621821
0.00024612195
0.00026415846
0.00027971081
0.00029224058
0.00030125711
0.00030631683
0.00030706958
0.0003033829
0.00029562137
0.00028515369
0.00027511569
0.00027124191
0.0002821469
0.00031821382
0.0003888322
0.00049899296
0.00064855176
0.00084189064
0.0010718908
0.0013129553
0.0015543118
0.0017991104
0.0020524387
0.002317336
0.0025954006
0.0028870607
0.0031915301
0.0035067059
0.003829111
0.0041539258
0.0044751497
0.0047859369
0.0050791455
0.0053480648
0.0055871938
0.0057928963
0.0059637891
0.0061006888
0.0062061497
0.006283818
0.0063377729
0.0063720283
0.0063903195
0.0063960674
0.0063925235
0.0063828951
0.0063703616
0.0063578801
0.0063477592
0.0063411054
0.0063376285
0.0063361955
0.006335653
0.0063352732
0.0063347519
0.0063340181
0.0063330986
0.0063320397
0.0063308734
0.0063296228
0.0063283012
0.0063269146
0.0063254677
0.0063239646
0.0063224146
0.0063208269
0.0063192126
0.0063175892
0.0063159802
0.0063144166
0.0063129396
0.0063116023
0.0063104742
0.0063096446
0.0063092307
0.0063093848
0.0063103114
0.0063122827
0.0063156823
0.0063210468
0.0063292055
0.0063414796
0.0063604921
0.0063928937
0.0064605136
0.0066203634
9.41536e-05
9.4030245e-05
9.4032472e-05
9.4176114e-05
9.4456085e-05
9.4871485e-05
9.5424577e-05
9.6118478e-05
9.6955789e-05
9.7937328e-05
9.9060089e-05
0.00010031733
0.00010169662
0.00010317955
0.00010474069
0.00010634659
0.00010795608
0.00010952034
0.00011098487
0.00011229326
0.00011339486
0.00011425834
0.00011489401
0.00011539061
0.0001159693
0.00011705388
0.00011933608
0.0001237745
0.00013142472
0.00014305354
0.00015871251
0.00017762501
0.00019849961
0.00021996837
0.0002408424
0.00026015864
0.00027713104
0.0002910924
0.00030145828
0.00030772248
0.00030949658
0.00030661939
0.00029939933
0.0002890735
0.00027853787
0.00027321725
0.00028149426
0.00031378128
0.00037986203
0.00048545058
0.00063030977
0.00081725784
0.0010424947
0.001286069
0.0015328665
0.0017810039
0.0020358697
0.0023015152
0.0025799863
0.0028719083
0.0031766124
0.003492082
0.0038149077
0.0041403197
0.0044623471
0.0047741515
0.0050685716
0.0053388487
0.0055794086
0.0057865299
0.0059587447
0.0060968039
0.0062032266
0.0062816541
0.0063361839
0.0063708606
0.0063894514
0.0063954051
0.0063919931
0.0063824372
0.0063699322
0.0063574529
0.0063473227
0.0063406572
0.0063371727
0.0063357394
0.006335201
0.0063348249
0.006334303
0.0063335628
0.0063326314
0.0063315555
0.0063303677
0.0063290918
0.006327741
0.0063263217
0.0063248384
0.0063232951
0.0063217001
0.0063200639
0.0063183967
0.0063167155
0.0063150434
0.0063134111
0.0063118591
0.0063104399
0.0063092223
0.0063082949
0.0063077739
0.0063078104
0.0063086077
0.006310436
0.006313677
0.0063188647
0.0063268253
0.0063388794
0.0063576674
0.0063899538
0.0064579781
0.0066190419
0.00010388219
0.00010359856
0.00010342681
0.00010338679
0.00010347155
0.00010368009
0.0001040159
0.00010448428
0.00010509087
0.00010583964
0.00010673266
0.00010776819
0.00010894013
0.00011023632
0.00011163835
0.00011311993
0.00011464668
0.00011617577
0.00011765669
0.00011903355
0.00012024992
0.00012125785
0.00012203427
0.00012260727
0.00012309806
0.00012378109
0.00012515641
0.00012800427
0.00013334502
0.00014220407
0.0001551817
0.00017207694
0.00019189844
0.00021324906
0.00023473421
0.00025515591
0.0002735261
0.00028901641
0.00030091581
0.00030861996
0.00031166495
0.00030982844
0.00030334341
0.00029331169
0.00028239082
0.00027567997
0.00028128851
0.00030962323
0.00037087039
0.00047148962
0.00061179629
0.00079293741
0.0010122507
0.0012554977
0.0015074677
0.001760475
0.0020177944
0.0022845508
0.0025635814
0.0028558451
0.0031608355
0.0034766402
0.0037999261
0.004125978
0.0044488583
0.0047617372
0.0050574344
0.0053291407
0.005571207
0.005779822
0.0059534292
0.0060927102
0.0062001462
0.0062793733
0.0063345079
0.0063696274
0.0063885327
0.0063947023
0.0063914292
0.0063819512
0.0063694792
0.0063570059
0.0063468691
0.006340193
0.0063367012
0.0063352675
0.0063347336
0.0063343616
0.0063338394
0.0063330933
0.0063321502
0.0063310576
0.0063298488
0.0063285478
0.0063271681
0.0063257164
0.006324197
0.006322614
0.0063209743
0.00631929
0.0063175704
0.0063158319
0.0063140973
0.0063123969
0.0063107705
0.0063092702
0.006307964
0.0063069397
0.0063063126
0.0063062327
0.0063069019
0.0063085888
0.0063116731
0.0063166858
0.006324451
0.0063362882
0.0063548565
0.0063870374
0.0064554814
0.0066177545
0.00011462538
0.00011418321
0.00011384021
0.00011361823
0.00011350838
0.00011350914
0.00011362408
0.00011385978
0.00011422369
0.00011472313
0.00011536379
0.00011614873
0.00011707684
0.00011814286
0.00011933494
0.00012063456
0.00012201456
0.00012343959
0.00012486517
0.00012623924
0.00012750469
0.00012860576
0.00012949877
0.00013017132
0.00013067331
0.00013116464
0.00013198078
0.00013370473
0.00013720299
0.00014353642
0.00015365689
0.00016795432
0.0001859625
0.00020649463
0.00022807119
0.00024927798
0.00026890274
0.00028592619
0.00029948039
0.00030883022
0.0003134006
0.00031286965
0.00030736379
0.00029783256
0.00028668869
0.00027869028
0.00028163162
0.00030586837
0.00036198498
0.00045726153
0.00059312752
0.00076853084
0.0009814658
0.0012223476
0.0014775704
0.0017364588
0.0019976753
0.0022662274
0.0025460832
0.0028388054
0.0031441477
0.0034603348
0.0037841236
0.0041108609
0.0044346455
0.0047486588
0.0050457009
0.0053189118
0.0055625634
0.0057727512
0.0059478254
0.0060883939
0.0061968981
0.0062769676
0.0063327389
0.0063683237
0.0063875593
0.0063939557
0.006390829
0.0063814347
0.0063690007
0.006356538
0.0063463975
0.0063397119
0.0063362129
0.0063347788
0.0063342495
0.0063338819
0.0063333599
0.0063326083
0.006331654
0.0063305451
0.0063293154
0.0063279896
0.0063265815
0.0063250976
0.0063235425
0.0063219202
0.0063202364
0.0063185042
0.0063167326
0.0063149374
0.006313141
0.006311373
0.006309673
0.0063080924
0.0063066984
0.0063055782
0.0063048461
0.006304651
0.0063051936
0.0063067406
0.0063096698
0.0063145099
0.0063220821
0.0063337055
0.0063520589
0.006384144
0.0064530232
0.0066164999
0.00012647154
0.00012587599
0.00012536468
0.00012496474
0.00012466354
0.00012445788
0.00012435189
0.00012435143
0.00012446612
0.00012470482
0.00012507605
0.00012558673
0.00012624096
0.00012703868
0.00012797497
0.00012903828
0.00013020994
0.00013146211
0.00013275834
0.00013405259
0.00013529143
0.00013641705
0.00013737523
0.00013812812
0.00013867715
0.00013909882
0.00013959856
0.00014058071
0.00014271581
0.0001469491
0.00015435179
0.00016575362
0.00018129607
0.00020024733
0.00022125146
0.0002427669
0.00026336308
0.00028180748
0.00029704817
0.00030819124
0.00031451828
0.00031556998
0.00031132862
0.00030256175
0.0002914187
0.00028229576
0.00028262775
0.00030266291
0.00035336283
0.00044288324
0.00057376378
0.00074397978
0.00095115037
0.0011881214
0.0014437861
0.0017079278
0.0019745808
0.0022461321
0.0025273258
0.0028207057
0.0031264916
0.0034431184
0.0037674575
0.0040949276
0.0044196702
0.0047348797
0.0050333376
0.0053081315
0.0055534511
0.0057652947
0.0059419146
0.0060838403
0.0061934708
0.0062744284
0.0063308702
0.0063669445
0.006386527
0.0063931616
0.0063901894
0.0063808852
0.0063684951
0.0063560478
0.0063459068
0.0063392128
0.0063357066
0.0063342721
0.0063337475
0.0063333846
0.0063328632
0.0063321065
0.0063311414
0.0063300165
0.0063287664
0.0063274161
0.0063259798
0.0063244641
0.0063228737
0.0063212124
0.0063194852
0.0063177055
0.0063158824
0.006314031
0.0063121733
0.0063103385
0.0063085656
0.0063069054
0.0063054247
0.0063042095
0.0063033736
0.0063030646
0.0063034819
0.0063048907
0.0063076668
0.0063123363
0.0063197179
0.0063311309
0.0063492744
0.0063812733
0.0064506026
0.0066152771
0.00013955564
0.0001388071
0.00013813172
0.00013755606
0.00013706533
0.00013665548
0.00013632802
0.0001360906
0.00013595092
0.00013592051
0.00013600946
0.0001362274
0.00013658207
0.00013707859
0.00013771781
0.00013849542
0.00013940004
0.00014041272
0.00014150517
0.00014263975
0.00014376896
0.00014483812
0.00014578959
0.00014657171
0.00014715462
0.00014755711
0.00014788782
0.00014840519
0.00014958987
0.00015220175
0.00015725005
0.00016577756
0.00017844139
0.00019510597
0.00021478593
0.00023598605
0.00025711898
0.00027673705
0.00029358355
0.0003065816
0.00031484272
0.00031773816
0.00031506784
0.00030737991
0.00029652915
0.00028651899
0.00028437393
0.00030016542
0.00034519023
0.00042850944
0.00055378562
0.00071894895
0.00092100804
0.0011536612
0.0014075809
0.0016747259
0.001947324
0.0022234879
0.0025069885
0.0028014159
0.0031077993
0.0034249418
0.0037498846
0.0040781381
0.004403894
0.0047203631
0.0050203098
0.0052967674
0.005543842
0.0057574285
0.0059356767
0.0060790336
0.0061898521
0.0062717462
0.0063288945
0.0063654838
0.006385431
0.006392316
0.0063895072
0.0063803002
0.0063679607
0.0063555343
0.0063453959
0.0063386947
0.0063351812
0.006333746
0.0063332262
0.0063328684
0.0063323481
0.0063315867
0.0063306111
0.0063294706
0.0063282004
0.006326826
0.0063253618
0.0063238147
0.0063221894
0.0063204895
0.0063187195
0.0063168925
0.0063150185
0.0063131116
0.0063111932
0.0063092923
0.0063074473
0.0063057085
0.0063041419
0.0063028329
0.0063018942
0.0063014726
0.0063017661
0.0063030384
0.0063056632
0.0063101643
0.0063173581
0.0063285639
0.0063465024
0.0063784249
0.006448219
0.0066140851
0.00015399484
0.00015309927
0.00015226191
0.0001515141
0.00015083891
0.00015022792
0.00014968246
0.00014920807
0.0001488143
0.00014851057
0.00014830913
0.00014822113
0.00014825727
0.00014842627
0.000148734
0.000149182
0.00014976681
0.00015047714
0.00015129404
0.00015218855
0.00015312191
0.0001540455
0.00015490385
0.00015564007
0.00015620655
0.00015658417
0.0001568132
0.00015704089
0.0001575865
0.00015901348
0.00016216839
0.00016810166
0.00017778139
0.00019164305
0.0002092586
0.00022941262
0.00025049943
0.00027089649
0.00028913668
0.00030394198
0.00031423266
0.0003191855
0.00031838537
0.00031212318
0.00030191993
0.0002913437
0.0002869465
0.00029853741
0.00033768106
0.00041434834
0.00053339746
0.00069331876
0.0008905966
0.0011190788
0.0013702912
0.0016379073
0.0019151757
0.0021971325
0.0024844312
0.0027806833
0.0030879671
0.0034057479
0.0037313617
0.0040604529
0.0043872788
0.0047050726
0.0050065822
0.0052847876
0.0055337064
0.0057491267
0.0059290902
0.0060739565
0.0061860285
0.0062689106
0.0063268038
0.0063639354
0.0063842661
0.0063914147
0.0063887789
0.0063796774
0.0063673958
0.0063549964
0.0063448639
0.0063381564
0.0063346354
0.0063331992
0.0063326842
0.0063323318
0.0063318129
0.0063310473
0.0063300617
0.0063289059
0.006327616
0.0063262178
0.0063247261
0.006323148
0.0063214881
0.0063197502
0.006317938
0.0063160641
0.0063141397
0.0063121779
0.0063101995
0.0063082333
0.006306317
0.0063045004
0.0063028489
0.0063014472
0.0063004071
0.0062998742
0.0063000455
0.0063011829
0.0063036584
0.0063079933
0.0063150019
0.0063260039
0.0063437425
0.0063755985
0.0064458717
0.0066129228
0.00016999506
0.0001689525
0.00016795529
0.00016703892
0.0001661799
0.00016536999
0.00016460799
0.00016389793
0.00016324741
0.0001626674
0.00016216845
0.00016176356
0.00016146467
0.00016128323
0.00016122884
0.00016130849
0.0001615243
0.00016187357
0.00016234534
0.00016292047
0.00016356963
0.00016425293
0.00016492105
0.00016551817
0.00016598915
0.00016629232
0.00016642246
0.00016644637
0.00016655698
0.00016714235
0.0001688534
0.000172615
0.00017948716
0.00019031125
0.0002052592
0.00022360966
0.00024394724
0.00026458079
0.00028385875
0.00030029508
0.00031260393
0.00031974963
0.0003210786
0.00031659253
0.00030743902
0.00029670105
0.00029038405
0.00029792841
0.0003310685
0.00040065999
0.00051286355
0.00066724224
0.00085959918
0.0010839454
0.0013324719
0.0015990106
0.0018786068
0.0021660192
0.0024585871
0.0027579782
0.0030667928
0.0033854538
0.0037118408
0.0040418337
0.0043697882
0.0046889718
0.0049921201
0.0052721582
0.0055230134
0.0057403623
0.0059221324
0.0060685905
0.0061819854
0.0062659104
0.0063245893
0.0063622924
0.0063830267
0.006390453
0.0063880011
0.0063790143
0.0063667992
0.0063544331
0.0063443099
0.0063375968
0.006334068
0.0063326302
0.00633212
0.0063317732
0.0063312561
0.0063304867
0.0063294915
0.0063283209
0.0063270116
0.00632559
0.0063240712
0.0063224624
0.0063207685
0.0063189929
0.0063171393
0.0063152189
0.0063132447
0.0063112286
0.006309191
0.0063071602
0.0063051735
0.0063032801
0.0063015448
0.0063000515
0.0062989112
0.0062982684
0.006298319
0.0062993234
0.0063016516
0.0063058227
0.0063126488
0.0063234503
0.0063409942
0.0063727935
0.00644356
0.0066117892
0.00018802989
0.00018674543
0.00018553061
0.00018440368
0.00018333462
0.00018230719
0.00018131572
0.00018036064
0.00017944757
0.00017858426
0.00017778133
0.00017705013
0.00017640346
0.00017585369
0.00017541308
0.0001750919
0.00017489777
0.00017483367
0.00017489745
0.00017507867
0.00017535789
0.00017570547
0.0001760809
0.00017643419
0.0001767101
0.00017685646
0.00017684002
0.00017667319
0.00017645536
0.00017643286
0.00017707036
0.00017910789
0.00018353335
0.00019137561
0.00020329548
0.00021917028
0.00023799839
0.00025819738
0.00027801008
0.0002957595
0.00030994847
0.00031931795
0.00032296176
0.00032057082
0.00031288753
0.00030246121
0.00029466908
0.00029845549
0.00032558948
0.00038774767
0.00049248883
0.00064071362
0.00082797365
0.0010482554
0.0012941771
0.0015591137
0.0018390598
0.0021300862
0.0024282777
0.0027323448
0.0030438318
0.0033638934
0.0036912534
0.0040222384
0.0043513864
0.0046720259
0.0049768883
0.0052588453
0.0055117314
0.0057311067
0.0059147788
0.0060629152
0.0061777067
0.0062627331
0.0063222414
0.0063605471
0.0063817069
0.0063894263
0.0063871702
0.0063783089
0.0063661696
0.0063538436
0.006343733
0.0063370148
0.0063334775
0.0063320377
0.0063315319
0.0063311909
0.0063306761
0.0063299033
0.0063288989
0.0063277138
0.0063263855
0.0063249409
0.0063233955
0.0063217565
0.0063200289
0.0063182162
0.0063163218
0.0063143554
0.0063123321
0.0063102623
0.0063081663
0.0063060718
0.0063040156
0.0063020464
0.0063002283
0.0062986446
0.0062974054
0.0062966543
0.0062965859
0.006297459
0.0062996421
0.0063036517
0.006310298
0.0063209026
0.0063382569
0.0063700095
0.006441283
0.0066106833
0.0002102317
0.00020859549
0.00020704391
0.0002055806
0.00020416985
0.00020279106
0.00020143572
0.00020010334
0.00019879777
0.00019752622
0.00019629805
0.00019512414
0.00019401732
0.00019299057
0.00019205749
0.00019123069
0.00019052129
0.00018993737
0.00018948259
0.00018915476
0.00018894323
0.00018882822
0.00018877867
0.0001887534
0.00018870145
0.00018856839
0.00018830643
0.00018789305
0.00018736275
0.00018685416
0.00018667532
0.00018737453
0.00018977836
0.00019491398
0.00020373031
0.00021665508
0.00023325272
0.00025226524
0.00027197448
0.0002905711
0.00030635965
0.00031785614
0.00032389621
0.00032385049
0.00031803747
0.0003084353
0.00029971478
0.00030018145
0.00032146362
0.00037594377
0.00047262274
0.00061389839
0.00079576758
0.0010120204
0.0012552948
0.0015185991
0.0017979373
0.002090483
0.0023930451
0.0027025791
0.0030182302
0.0033406855
0.0036694589
0.0040016081
0.0043320355
0.0046542006
0.0049608525
0.0052448145
0.0054998274
0.0057213299
0.0059070031
0.006056909
0.006173175
0.006259365
0.0063197495
0.0063586912
0.0063802999
0.0063883295
0.0063862828
0.0063775591
0.006365506
0.0063532271
0.0063431321
0.0063364092
0.0063328625
0.0063314198
0.0063309183
0.0063305832
0.006330071
0.0063292952
0.0063282821
0.006327083
0.0063257361
0.0063242689
0.0063226972
0.0063210285
0.0063192677
0.0063174184
0.0063154838
0.0063134719
0.0063114001
0.0063092775
0.0063071239
0.0063049665
0.0063028417
0.0063007978
0.0062988981
0.0062972253
0.0062958886
0.0062950308
0.006294845
0.0062955888
0.0062976288
0.0063014794
0.0063079489
0.00631836
0.0063355302
0.006367246
0.0064390403
0.0066096042
0.00023634317
0.00023435919
0.0002324625
0.00023063886
0.00022884858
0.00022706961
0.0002252931
0.00022351803
0.00022174682
0.00021998688
0.00021824814
0.00021654176
0.00021487981
0.00021327728
0.00021174865
0.00021030879
0.00020897183
0.00020775048
0.00020665369
0.00020568603
0.00020484575
0.00020412221
0.00020349503
0.00020293228
0.00020239159
0.00020182198
0.00020117044
0.00020039547
0.00019948886
0.00019851269
0.00019765287
0.00019728849
0.00019805713
0.00020086379
0.00020674168
0.00021650383
0.00023029812
0.00024737288
0.00026624381
0.00028508399
0.00030204451
0.00031542913
0.00032381906
0.0003262662
0.00032266169
0.00031439339
0.00030536363
0.00030309513
0.0003188637
0.00036558132
0.00045367136
0.00058720207
0.00076312347
0.00097514107
0.0012156853
0.0014774417
0.0017559664
0.0020487389
0.0023536853
0.0026679621
0.0029888098
0.0033150597
0.0036461189
0.0039798166
0.0043116802
0.0046354584
0.0049439776
0.0052300308
0.0054872672
0.0057109999
0.005898777
0.0060505479
0.006168371
0.0062557908
0.0063171017
0.0063567156
0.0063787989
0.0063871576
0.0063853358
0.0063767633
0.0063648076
0.006352583
0.0063425066
0.0063357787
0.0063322216
0.006330775
0.0063302772
0.0063299481
0.0063294388
0.0063286605
0.006327639
0.0063264263
0.0063250613
0.0063235719
0.0063219744
0.0063202764
0.006318483
0.0063165976
0.0063146237
0.0063125668
0.0063104473
0.0063082726
0.0063060622
0.0063038428
0.0063016506
0.006299533
0.0062975529
0.0062957923
0.0062943597
0.0062933966
0.0062930953
0.0062937117
0.0062956109
0.0062993051
0.0063056006
0.006315822
0.0063328133
0.0063645026
0.006436831
0.0066085509
0.00026670363
0.00026434182
0.00026203932
0.00025977958
0.00025752085
0.00025524628
0.00025294839
0.00025062815
0.00024829176
0.00024594691
0.00024360264
0.00024127191
0.00023896829
0.00023670551
0.00023449946
0.00023236572
0.0002303204
0.00022837783
0.00022655116
0.00022484972
0.00022327767
0.00022183257
0.00022050315
0.00021926751
0.00021809274
0.00021693497
0.00021574371
0.00021446913
0.00021307876
0.00021158354
0.00021008076
0.00020881344
0.00020824184
0.00020909644
0.00021234538
0.00021898416
0.00022963042
0.00024411602
0.00026138384
0.00027975681
0.00029732253
0.00031220963
0.00032276077
0.0003277207
0.00032656387
0.00032008985
0.00031139748
0.00030710015
0.00031788714
0.00035696
0.00043606794
0.00056109761
0.00073038318
0.00093766893
0.0011752233
0.0014354963
0.0017133005
0.0020058754
0.0023117013
0.0026289599
0.0029546957
0.003285884
0.0036205258
0.0039565512
0.0042901993
0.0046157427
0.0049262238
0.0052144576
0.0054740147
0.0057000824
0.0058900697
0.0060438057
0.0061632731
0.0062519938
0.0063142849
0.0063546103
0.0063771965
0.0063859056
0.0063843265
0.0063759205
0.0063640741
0.0063519109
0.0063418554
0.0063351223
0.0063315531
0.0063301013
0.0063296068
0.0063292836
0.0063287775
0.006327997
0.0063269676
0.0063257417
0.006324359
0.006322848
0.0063212251
0.0063194984
0.0063176729
0.006315752
0.0063137394
0.0063116382
0.0063094717
0.0063072458
0.0063049794
0.0063026992
0.0063004404
0.0062982503
0.0062961912
0.0062943442
0.0062928171
0.0062917505
0.0062913355
0.0062918267
0.0062935874
0.0062971277
0.0063032523
0.0063132878
0.0063301058
0.0063617786
0.0064346543
0.0066075226
0.00030169308
0.00029879842
0.00029590981
0.00029300684
0.00029007099
0.00028709193
0.0002840723
0.00028101973
0.00027794301
0.00027485285
0.00027176309
0.00026868509
0.00026563398
0.00026262366
0.00025966829
0.00025678385
0.00025398423
0.00025128463
0.00024869692
0.00024623195
0.00024389599
0.00024169065
0.00023960993
0.00023763948
0.00023575392
0.00023391774
0.00023208544
0.000230207
0.00022823789
0.0002261584
0.00022400525
0.00022192045
0.00022021613
0.00021944408
0.00022042708
0.00022417134
0.00023158043
0.0002430178
0.00025797772
0.00027512142
0.00029261279
0.00030847782
0.00032085518
0.00032820489
0.00032960737
0.00032529549
0.00031756126
0.00031201812
0.00031853616
0.00035031125
0.00042023494
0.00053609483
0.00069793798
0.00089982966
0.0011339849
0.0013926725
0.0016698566
0.0019622576
0.002268319
0.0025869535
0.002916083
0.0032522044
0.0035916007
0.0039311464
0.0042672884
0.0045949269
0.0049075278
0.0051980493
0.0054600295
0.00568854
0.0058808473
0.0060366533
0.0061578574
0.0062479548
0.0063112846
0.0063523645
0.0063754851
0.0063845688
0.0063832525
0.00637503
0.0063633053
0.0063512102
0.0063411777
0.0063344384
0.0063308554
0.006329397
0.0063289048
0.0063285876
0.0063280848
0.0063273026
0.0063262657
0.0063250271
0.0063236271
0.0063220948
0.0063204471
0.0063186922
0.0063168352
0.0063148794
0.006312829
0.006310684
0.0063084714
0.0063061951
0.0063038738
0.0063015336
0.0062992096
0.0062969483
0.0062948114
0.0062928795
0.0062912595
0.0062900912
0.0062895645
0.0062899326
0.0062915572
0.0062949464
0.0063009032
0.0063107565
0.006327407
0.0063590737
0.0064325095
0.0066065183
0.00034087626
0.00033712387
0.00033329905
0.00032942147
0.00032548724
0.00032150567
0.00031749494
0.00031346683
0.00030943753
0.00030542207
0.00030143385
0.00029748814
0.00029359601
0.00028977158
0.00028602726
0.0002823743
0.0002788245
0.00027538805
0.00027207398
0.00026888932
0.00026583867
0.00026292173
0.00026013373
0.00025746201
0.00025488604
0.00025237496
0.00024988871
0.00024737952
0.0002447987
0.00024210972
0.0002393107
0.00023647257
0.00023379373
0.00023166873
0.00023074982
0.00023194401
0.00023625747
0.00024443818
0.00025654333
0.00027172636
0.00028840027
0.00030460422
0.00031833537
0.00032780611
0.00033173619
0.00032982877
0.00032359589
0.00031760739
0.00032071156
0.00034576727
0.00040653678
0.00051268527
0.00066618691
0.00086198956
0.0010922784
0.0013490206
0.0016255414
0.001917886
0.0022241024
0.0025432796
0.0028741852
0.0032140104
0.0035583637
0.0039025776
0.004242308
0.0045727005
0.0048877475
0.0051807293
0.0054452573
0.0056763269
0.0058710698
0.0060290564
0.0061520962
0.0062436523
0.0063080847
0.0063499667
0.006373657
0.006383143
0.0063821122
0.0063740914
0.0063625009
0.0063504806
0.0063404726
0.0063337257
0.0063301266
0.0063286598
0.0063281692
0.0063278575
0.0063273583
0.0063265747
0.0063255307
0.0063242798
0.0063228631
0.0063213101
0.0063196381
0.0063178555
0.0063159676
0.0063139777
0.0063118901
0.0063097022
0.0063074442
0.0063051185
0.0063027433
0.0063003444
0.0062979562
0.006295625
0.0062934118
0.0062913965
0.0062896854
0.0062884172
0.0062877808
0.0062880281
0.0062895191
0.00629276
0.0062985522
0.0063082273
0.0063247161
0.0063563871
0.0064303958
0.0066055373
0.00038243532
0.0003773369
0.00037216739
0.00036696223
0.00036174209
0.0003565291
0.00035134135
0.00034619749
0.00034111461
0.00033610526
0.00033118153
0.00032635379
0.00032163152
0.00031702252
0.00031253374
0.00030817174
0.00030394172
0.00029984787
0.00029589369
0.00029208044
0.00028840752
0.00028487141
0.00028146411
0.0002781728
0.00027497707
0.00027184916
0.00026875176
0.0002656403
0.00026246547
0.00025918191
0.00025576494
0.00025223778
0.00024871571
0.00024546697
0.00024298155
0.00024201612
0.00024354168
0.00024851059
0.00025744613
0.00027006081
0.00028518236
0.00030101568
0.0003155142
0.00032670148
0.00033298152
0.00033357674
0.0003292699
0.00032359211
0.00032422175
0.0003433448
0.00039524337
0.00049132576
0.00063566506
0.00082453675
0.0010503154
0.0013046477
0.0015803146
0.0018726521
0.0021791426
0.0024986637
0.0028303666
0.0031723362
0.0035206658
0.0038698823
0.0042142892
0.0045484381
0.0048665541
0.0051623303
0.0054296017
0.0056633759
0.0058606847
0.0060209726
0.0061459557
0.0062390604
0.0063046661
0.0063474038
0.0063717044
0.0063816244
0.0063809046
0.0063731047
0.0063616611
0.0063497215
0.0063397389
0.0063329827
0.006329365
0.0063278876
0.0063273974
0.006327091
0.0063265955
0.0063258108
0.0063247602
0.0063234974
0.0063220644
0.0063204912
0.0063187954
0.0063169858
0.0063150677
0.0063130443
0.0063109204
0.0063086904
0.0063063879
0.0063040138
0.0063015858
0.0062991292
0.0062966782
0.0062942785
0.0062919905
0.0062898935
0.006288093
0.0062867269
0.0062859831
0.0062861118
0.0062874719
0.0062905674
0.0062961984
0.0063056995
0.0063220323
0.0063537182
0.0064283124
0.0066045785
0.0004228914
0.00041602171
0.00040928141
0.00040268207
0.00039621778
0.00038989224
0.00038370695
0.00037766717
0.00037177459
0.00036603068
0.00036043647
0.00035498994
0.00034969088
0.00034453628
0.00033952418
0.00033465163
0.0003299159
0.00032531423
0.00032084398
0.00031650144
0.00031228239
0.00030818128
0.00030418945
0.00030029482
0.0002964799
0.00029272068
0.00028898549
0.00028523474
0.00028142234
0.0002775016
0.00027343563
0.00026921801
0.00026490638
0.0002606727
0.00025686895
0.00025409108
0.00025319414
0.00025517612
0.00026086626
0.00027049593
0.00028341408
0.00029815291
0.00031275383
0.00032513761
0.00033345318
0.00033650076
0.00033440081
0.00032969217
0.00032880353
0.00034294381
0.00038650712
0.00047239863
0.00060688158
0.00078793939
0.0010083953
0.001259708
0.0015342008
0.0018264602
0.0021333379
0.0024532933
0.0027854686
0.0031285081
0.0034793693
0.0038328335
0.0041823247
0.0045212336
0.0048433324
0.0051424997
0.0054128639
0.0056495658
0.0058496092
0.0060123414
0.0061393909
0.0062341464
0.0063010062
0.0063446613
0.0063696191
0.0063800093
0.0063796285
0.00637207
0.0063607857
0.0063489322
0.0063389756
0.0063322077
0.0063285683
0.0063270781
0.0063265869
0.0063262853
0.0063257936
0.006325008
0.0063239512
0.0063226771
0.0063212282
0.0063196353
0.0063179165
0.0063160804
0.0063141327
0.0063120766
0.0063099173
0.006307646
0.0063053001
0.0063028786
0.0063003989
0.006297886
0.0062953736
0.0062929067
0.0062905456
0.0062883686
0.0062864807
0.0062850187
0.0062841696
0.0062841823
0.0062854142
0.0062883674
0.0062938407
0.0063031719
0.0063193551
0.0063510665
0.0064262584
0.0066036412
0.00045974327
0.00045111294
0.00044315119
0.00043571555
0.00042869246
0.00042200726
0.0004156075
0.00040945604
0.00040352111
0.00039777819
0.00039220206
0.00038677177
0.00038146523
0.00037626395
0.00037115073
0.00036610876
0.0003611264
0.00035619267
0.00035129932
0.00034644139
0.00034161575
0.00033682024
0.00033205404
0.00032731396
0.0003225957
0.00031788874
0.00031317713
0.00030843671
0.00030363561
0.00029873667
0.00029370479
0.00028852077
0.00028320718
0.00027786796
0.0002727461
0.00026829073
0.00026520805
0.00026443159
0.00026692971
0.00027332843
0.0002835103
0.00029646055
0.00031045408
0.00032342047
0.00033333248
0.0003386363
0.00033886725
0.00033564871
0.00033414938
0.00034436251
0.00038036358
0.00045620425
0.00058031783
0.00075269216
0.00096691368
0.0012144651
0.0014873154
0.0017792846
0.0020865652
0.002407095
0.0027397705
0.003083428
0.0034357033
0.0037921313
0.0041461557
0.0044902648
0.0048172531
0.0051206401
0.0053946717
0.0056346699
0.0058376995
0.0060030668
0.0061323358
0.0062288653
0.0062970755
0.0063417211
0.0063673914
0.0063782937
0.0063782829
0.0063709869
0.0063598742
0.0063481119
0.0063381811
0.0063313988
0.0063277345
0.0063262287
0.006325735
0.0063254376
0.0063249495
0.0063241635
0.0063231008
0.0063218157
0.0063203516
0.0063187396
0.0063169982
0.0063151365
0.0063131599
0.0063110719
0.006308878
0.0063065663
0.0063041781
0.0063017103
0.0062991802
0.0062966123
0.0062940398
0.0062915074
0.0062890748
0.0062868197
0.0062848463
0.0062832907
0.0062823387
0.0062822381
0.0062833446
0.0062861587
0.0062914779
0.0063006436
0.0063166833
0.0063484312
0.0064242331
0.0066027246
0.0004966755
0.00048718357
0.00047927294
0.00047246129
0.00046642255
0.00046093093
0.00045583846
0.00045103657
0.00044644233
0.00044198221
0.00043759722
0.00043322878
0.00042882785
0.00042434461
0.00041973848
0.00041497211
0.00041001731
0.00040485066
0.00039945944
0.00039383839
0.00038799201
0.00038193175
0.00037567643
0.00036925137
0.00036268287
0.00035599833
0.00034922153
0.00034236872
0.00033544792
0.00032845703
0.0003213873
0.00031423343
0.00030700988
0.00029978393
0.00029272235
0.00028615517
0.00028064039
0.00027698988
0.00027617878
0.00027907062
0.00028600345
0.00029646588
0.00030908867
0.00032192947
0.00033287574
0.00034009458
0.00034261723
0.00034124575
0.00033993757
0.00034731947
0.00037673832
0.00044295436
0.00055641339
0.00071928677
0.00092637942
0.0011693697
0.0014399102
0.0017312016
0.0020387538
0.0023599225
0.0026932225
0.0030374303
0.0033905531
0.003748845
0.0041063198
0.0044552668
0.0047875969
0.0050960158
0.0053744677
0.0056183173
0.0058247184
0.0059929961
0.0061246915
0.0062231535
0.0062928344
0.0063385607
0.00636501
0.0063764729
0.0063768661
0.0063698546
0.0063589257
0.0063472592
0.0063373538
0.006330554
0.006326861
0.0063253366
0.0063248386
0.0063245447
0.0063240602
0.0063232738
0.0063222056
0.0063209101
0.0063194313
0.0063178008
0.0063160375
0.0063141507
0.0063121462
0.0063100271
0.0063077995
0.0063054486
0.006303019
0.0063005063
0.006297927
0.0062953054
0.0062926745
0.0062900783
0.0062875759
0.0062852447
0.0062831879
0.0062815409
0.0062804885
0.0062802773
0.0062812616
0.0062839399
0.0062891088
0.0062981136
0.0063140163
0.0063458116
0.0064222357
0.0066018279
0.00055328441
0.00054562245
0.00054071004
0.00053754187
0.00053546977
0.00053406868
0.00053306178
0.00053223324
0.00053142747
0.00053050566
0.00052933742
0.00052781172
0.00052581614
0.00052325217
0.00052002143
0.00051604973
0.00051126465
0.00050562303
0.00049909345
0.00049167102
0.00048337496
0.0004742485
0.00046436066
0.00045379827
0.00044266795
0.00043108871
0.00041918087
0.00040706463
0.00039484895
0.00038262611
0.00037047103
0.00035844124
0.0003465918
0.00033499639
0.00032378794
0.00031321608
0.00030371581
0.0002959638
0.00029086388
0.00028937752
0.00029216786
0.00029918757
0.00030947655
0.00032130493
0.00033254969
0.00034116367
0.00034574814
0.00034638222
0.0003459032
0.00035151549
0.00037549178
0.00043280628
0.000535613
0.00068834178
0.00088737986
0.0011248865
0.0013923166
0.0016823637
0.0019898795
0.00231161
0.0026456088
0.0029904368
0.0033442276
0.0037037382
0.0040636535
0.0044165975
0.0047540964
0.0050680183
0.0053516274
0.0056000193
0.0058103277
0.0059819082
0.006116317
0.0062169231
0.0062882306
0.0063351508
0.0063624602
0.0063745402
0.0063753752
0.0063686715
0.0063579387
0.0063463724
0.0063364917
0.006329671
0.0063259451
0.0063243989
0.0063238946
0.0063236033
0.0063231222
0.0063223357
0.0063212623
0.0063199569
0.0063184638
0.0063168154
0.0063150309
0.0063131199
0.0063110882
0.0063089389
0.0063066787
0.0063042895
0.0063018199
0.0062992634
0.0062966364
0.0062939627
0.0062912749
0.0062886166
0.0062860465
0.0062836411
0.0062815033
0.0062797673
0.0062786172
0.0062782983
0.0062791633
0.0062817094
0.006286732
0.0062955806
0.0063113531
0.006343207
0.0064202651
0.00660095
0.00042068128
0.00069969752
0.00070237249
0.00070737921
0.00071367014
0.00072061665
0.00072775283
0.00073476258
0.00074134282
0.0007472484
0.00075224796
0.00075609478
0.00075856306
0.00075943503
0.00075849551
0.00075555793
0.00075045733
0.00074306517
0.0007332969
0.00072112561
0.00070657453
0.00068974122
0.00067078082
0.00064991655
0.00062742856
0.00060364078
0.00057891121
0.00055360656
0.00052808927
0.00050269201
0.00047770615
0.00045337057
0.00042987406
0.00040737255
0.00038602366
0.00036604036
0.00034776782
0.00033176021
0.00031882224
0.00030993581
0.00030598757
0.00030733056
0.00031340817
0.00032271266
0.00033310199
0.00034230007
0.00034848684
0.00035107272
0.00035186126
0.00035664023
0.00037634506
0.00042566117
0.00051804102
0.00066013787
0.00085021066
0.001081222
0.0013446252
0.001632713
0.0019397299
0.0022618076
0.0025964911
0.002942025
0.0032965033
0.0036569751
0.0040186877
0.0043748006
0.0047169161
0.0050363711
0.0053256505
0.0055792752
0.0057941327
0.0059695273
0.0061070325
0.0062100628
0.0062831989
0.0063314559
0.0063597239
0.0063724869
0.0063738057
0.0063674346
0.0063569108
0.0063454494
0.0063355925
0.0063287471
0.0063249841
0.0063234124
0.0063228996
0.0063226098
0.0063221319
0.0063213453
0.0063202672
0.0063189521
0.0063174454
0.0063157798
0.0063139748
0.0063120404
0.0063099823
0.0063078039
0.0063055119
0.0063030859
0.0063005773
0.0062979785
0.0062953052
0.0062925811
0.0062898381
0.0062871197
0.0062844838
0.0062820065
0.00627979
0.0062779676
0.0062767226
0.006276299
0.0062770482
0.0062794657
0.006284346
0.0062930434
0.0063086925
0.0063406165
0.0064183205
0.0066000905
0.00017106447
0.0011485128
0.0011675835
0.0011886963
0.001210624
0.0012324875
0.0012537239
0.001273793
0.0012922607
0.0013086704
0.0013226034
0.0013336257
0.0013412921
0.0013451787
0.0013448809
0.0013400044
0.0013302124
0.0013152214
0.0012948453
0.0012689847
0.0012376646
0.0012010474
0.0011594351
0.0011132944
0.0010632237
0.001009958
0.00095433915
0.00089728022
0.0008397066
0.00078252961
0.00072656789
0.00067252802
0.00062096377
0.00057227554
0.00052673683
0.00048455749
0.00044597551
0.00041138
0.00038142398
0.00035705988
0.00033937993
0.00032917933
0.00032637338
0.00032966293
0.00033673562
0.00034486797
0.00035164048
0.00035571654
0.00035788526
0.00036254012
0.0003790922
0.00042144264
0.00050381104
0.00063489085
0.00081504876
0.0010383688
0.0012966118
0.0015818577
0.0018877538
0.0022098337
0.0025451018
0.0028914134
0.0032467021
0.0036081439
0.0039713934
0.0043301415
0.0046763151
0.0050010714
0.0052962605
0.005555688
0.005775757
0.0059555618
0.0060966371
0.0062024453
0.0062776638
0.0063274339
0.006356779
0.0063703016
0.0063721512
0.00636614
0.006355839
0.0063444872
0.0063346533
0.0063277794
0.0063239746
0.0063223735
0.0063218498
0.0063215603
0.0063210852
0.0063202987
0.006319216
0.006317892
0.0063163722
0.0063146899
0.0063128653
0.0063109083
0.0063088248
0.0063066183
0.0063042955
0.006301834
0.0062992879
0.0062966482
0.0062939302
0.0062911573
0.0062883611
0.0062855845
0.006282885
0.0062803381
0.0062780454
0.0062761394
0.0062748025
0.0062742773
0.0062749143
0.006277207
0.0062819494
0.0062905007
0.0063060336
0.0063380393
0.0064164011
0.0065992484
4.3545586e-05
0.00054000132
0.0024657172
0.0024955493
0.0025229523
0.0025475686
0.0025689672
0.0025867849
0.002600597
0.0026100358
0.0026145406
0.0026136787
0.0026069187
0.0025937805
0.0025737293
0.0025463145
0.0025110619
0.0024676133
0.0024156533
0.0023549902
0.0022855623
0.0022074848
0.0021210744
0.002026866
0.001925701
0.0018185934
0.0017067978
0.0015917656
0.0014751178
0.0013585356
0.0012437164
0.0011322467
0.0010255156
0.00092463796
0.00083040864
0.00074330599
0.00066357475
0.00059137091
0.00052697398
0.00047100516
0.00042454883
0.00038895724
0.00036518455
0.00035284847
0.00034975243
0.00035239774
0.00035713722
0.00036133004
0.00036441221
0.00036919647
0.00038330857
0.00041934655
0.0004917365
0.00061104062
0.00078001413
0.0009943397
0.0012463135
0.001527868
0.0018321292
0.0021539999
0.0024898951
0.0028372119
0.0031936286
0.0035563216
0.0039212135
0.0042824471
0.0046323593
0.0049621785
0.0052633542
0.0055290055
0.0057549
0.005939745
0.0060849315
0.0061939374
0.0062715434
0.0063230378
0.0063535997
0.0063679699
0.0063704035
0.006364782
0.0063547188
0.0063434823
0.0063336709
0.0063267646
0.0063229131
0.0063212786
0.0063207412
0.0063204508
0.006319978
0.0063191915
0.0063181047
0.006316772
0.0063152397
0.0063135416
0.0063116981
0.0063097194
0.0063076116
0.0063053781
0.0063030256
0.0063005299
0.0062979478
0.0062952687
0.0062925078
0.0062896879
0.0062868404
0.0062840078
0.006281247
0.0062786331
0.0062762668
0.0062742801
0.0062728543
0.0062722311
0.0062727594
0.0062749314
0.0062795405
0.006287951
0.0063033751
0.0063354744
0.0064145058
0.006598423
9.5044825e-06
2.9512622e-05
6.7532979e-05
0.00015996592
0.00037777228
0.00084030769
0.0016654333
0.0028020209
0.0038379359
0.0040662819
0.0040405686
0.0040100687
0.0039741169
0.0039320761
0.0038833945
0.0038275024
0.0037638974
0.0036920452
0.0036115266
0.0035219208
0.0034229353
0.0033143614
0.0031961615
0.0030684543
0.0029315719
0.0027861081
0.0026329145
0.0024731273
0.0023081811
0.0021397945
0.0019699097
0.0018006548
0.0016342144
0.001472733
0.0013181614
0.0011721397
0.0010359051
0.000910282
0.0007957826
0.0006928401
0.00060213827
0.00052491588
0.00046294894
0.00041782213
0.00038952187
0.0003753998
0.00037076719
0.00037084098
0.00037272023
0.00037692809
0.00038877086
0.00041889337
0.00048119526
0.00058774721
0.00074395086
0.00094765016
0.0011920455
0.0014690203
0.0017711802
0.0020927329
0.0024294269
0.0027781209
0.0031361475
0.0035005764
0.0038674799
0.0042313582
0.0045849586
0.0049197244
0.0052269186
0.0054990987
0.0057313521
0.0059218564
0.0060717321
0.006184407
0.006264752
0.0063182156
0.0063501556
0.0063654744
0.0063685517
0.0063633536
0.0063535452
0.0063424303
0.0063326413
0.0063256989
0.0063217957
0.0063201234
0.0063195695
0.0063192766
0.0063188056
0.0063180192
0.0063169285
0.0063155877
0.0063140435
0.0063123303
0.0063104687
0.0063084693
0.0063063382
0.0063040789
0.0063016977
0.0062991696
0.006296553
0.0062938362
0.0062910341
0.0062881692
0.0062852725
0.0062823861
0.0062795665
0.0062768881
0.0062744512
0.0062723869
0.0062708756
0.0062701578
0.0062705814
0.0062726371
0.0062771175
0.0062853929
0.0063007159
0.0063329209
0.0064126334
0.0065976134
9.8494693e-06
2.5223148e-05
3.7335648e-05
6.0835266e-05
0.00012226509
0.00028093787
0.00065909229
0.0014355842
0.0026892171
0.0040494215
0.0045629442
0.0045345656
0.0045020938
0.0044648627
0.0044222867
0.0043737911
0.0043188204
0.0042568243
0.0041872416
0.0041095454
0.0040232129
0.0039277873
0.0038228412
0.003708054
0.0035832106
0.0034482376
0.0033032383
0.0031485436
0.0029847177
0.0028126228
0.0026334307
0.0024486241
0.0022600095
0.0020696697
0.001879901
0.0016931102
0.0015116905
0.0013378772
0.0011736331
0.0010206137
0.00088025981
0.00075407382
0.00064398811
0.00055255218
0.00048235084
0.0004343346
0.00040610256
0.00039226061
0.0003871419
0.00038787838
0.00039649913
0.00042084146
0.00047331497
0.00056667751
0.00070878159
0.00090006377
0.0011351551
0.001406204
0.001705394
0.0020261971
0.0023636219
0.0027138988
0.0030739177
0.0034405368
0.0038098667
0.0041766668
0.0045340539
0.00487375
0.0051869907
0.0054659206
0.0057049771
0.0059017196
0.0060568723
0.0061737238
0.0062571994
0.00631291
0.0063464119
0.0063627938
0.0063665826
0.0063618457
0.0063523116
0.0063413262
0.0063315602
0.006324578
0.006320618
0.0063189034
0.0063183299
0.006318033
0.0063175632
0.0063167769
0.0063156825
0.006314334
0.0063127786
0.006311051
0.0063091722
0.0063071531
0.0063049999
0.0063027162
0.0063003072
0.0062977485
0.006295099
0.0062923463
0.006289505
0.0062865972
0.0062836536
0.0062807158
0.00627784
0.0062751
0.0062725954
0.0062704567
0.0062688634
0.006268055
0.006268378
0.0062703218
0.0062746785
0.0062828247
0.0062980547
0.0063303779
0.0064107832
0.0065968188
1.0180236e-05
2.9199879e-05
4.1940142e-05
5.9846283e-05
0.00010051721
0.00019867915
0.00042548744
0.00090806329
0.0017991903
0.00311187
0.0044401267
0.0049223203
0.0048937844
0.0048613186
0.0048243819
0.0047824614
0.004735036
0.0046815814
0.0046215644
0.0045544465
0.0044796884
0.0043967441
0.004305095
0.0042042403
0.0040937345
0.0039731971
0.0038423405
0.0037009966
0.0035491609
0.0033870108
0.0032149533
0.0030336624
0.00284411
0.0026475821
0.0024457059
0.0022404294
0.0020339879
0.0018288473
0.0016276044
0.0014328899
0.0012472918
0.0010733575
0.00091374821
0.00077152552
0.00065037278
0.00055412029
0.00048496996
0.00044126134
0.00041749729
0.00040769871
0.00040956577
0.00042690302
0.00046939478
0.00054930846
0.00067626703
0.00085338021
0.0010772176
0.0013406281
0.0016355822
0.0019548557
0.0022926646
0.0026445229
0.003006776
0.003375963
0.0037481226
0.0041181729
0.0044795386
0.0048242362
0.0051435788
0.005429436
0.005675669
0.005879181
0.0060401934
0.0061617547
0.0062487884
0.006307056
0.0063423275
0.0063599028
0.0063644803
0.0063602478
0.0063510103
0.006340164
0.0063304222
0.0063233972
0.0063193754
0.0063176137
0.0063170175
0.0063167149
0.0063162456
0.0063154591
0.0063143614
0.0063130057
0.0063114396
0.0063096984
0.0063078035
0.0063057658
0.0063035917
0.0063012847
0.0062988495
0.0062962618
0.0062935812
0.0062907945
0.0062879161
0.0062849676
0.0062819794
0.0062789929
0.0062760636
0.006273265
0.006270696
0.0062684863
0.0062668148
0.0062659197
0.0062661465
0.0062679832
0.0062722216
0.0062802447
0.0062953899
0.006327844
0.0064089539
0.0065960386
1.2211007e-05
3.4733382e-05
5.8596706e-05
9.6619944e-05
0.00016843858
0.00030890962
0.00057723145
0.0010602644
0.001846686
0.0029527947
0.0041941534
0.0051320009
0.0052358194
0.0052080348
0.0051764384
0.0051405793
0.0050999856
0.0050541797
0.0050026669
0.0049449248
0.0048804211
0.0048086109
0.0047289291
0.0046408208
0.004543733
0.0044371342
0.0043205342
0.0041935026
0.0040556864
0.0039068462
0.0037468918
0.0035759018
0.0033941764
0.0032022708
0.0030010359
0.002791648
0.0025756407
0.0023549072
0.0021317034
0.0019086136
0.0016885146
0.0014745395
0.0012700846
0.0010789181
0.00090539304
0.00075460397
0.00063189467
0.00054097078
0.00048127502
0.00044774619
0.00043471641
0.00044093063
0.00047177542
0.00053745834
0.00064820205
0.00080940108
0.0010198696
0.0012736061
0.0015626594
0.0018792463
0.0022167788
0.0025699792
0.002934546
0.003306585
0.0036819484
0.0040556074
0.0044212171
0.0047710719
0.0050966237
0.0053895811
0.0056433202
0.0058540919
0.0060215361
0.0061483595
0.0062394121
0.0063005801
0.006337855
0.0063567715
0.0063622257
0.0063585472
0.0063496323
0.0063389365
0.0063292217
0.006322151
0.0063180624
0.0063162489
0.0063156266
0.0063153164
0.0063148469
0.0063140603
0.0063129594
0.0063115969
0.0063100209
0.006308267
0.0063063569
0.0063043017
0.006302108
0.006299779
0.0062973192
0.0062947045
0.0062919946
0.006289176
0.0062862625
0.0062832757
0.0062802456
0.0062772131
0.0062742333
0.0062713792
0.0062687493
0.0062664724
0.0062647265
0.0062637491
0.0062638843
0.0062656188
0.0062697445
0.0062776511
0.0062927202
0.0063253183
0.0064071445
0.0065952718
1.4591731e-05
5.0925688e-05
0.00011109699
0.00021830606
0.00039310543
0.0006692713
0.0010842895
0.0016706151
0.0024360318
0.0033375094
0.0042775628
0.0051029115
0.0056281548
0.0056577637
0.0056240832
0.0055875572
0.0055477371
0.0055040245
0.0054557715
0.005402327
0.0053430561
0.0052773173
0.0052045063
0.0051240014
0.0050351936
0.0049374771
0.0048302607
0.0047129675
0.0045850699
0.0044460909
0.0042956319
0.0041334094
0.0039592734
0.0037732582
0.0035756121
0.003366848
0.0031477856
0.0029195948
0.0026838362
0.0024424943
0.0021980029
0.0019532642
0.0017116801
0.0014772186
0.0012545479
0.0010492496
0.00086793845
0.00071770488
0.00060405887
0.00052793295
0.00048520488
0.00047103128
0.00048534082
0.00053433429
0.00062712445
0.00077044073
0.0009652317
0.001206961
0.0014880767
0.0018004187
0.0021366411
0.0024906313
0.0028573501
0.0032323586
0.003611204
0.0039887971
0.0043589349
0.004714148
0.0050460537
0.0053462854
0.0056078272
0.0058263094
0.0060007403
0.0061333901
0.0062289529
0.0062933988
0.0063329394
0.0063533652
0.0063597968
0.0063567293
0.0063481673
0.006337636
0.006327952
0.0063208336
0.0063166735
0.0063148033
0.0063141514
0.0063138317
0.0063133611
0.0063125742
0.0063114703
0.0063101016
0.0063085164
0.0063067506
0.0063048264
0.006302755
0.0063005431
0.0062981933
0.0062957108
0.0062930709
0.0062903338
0.0062874854
0.0062845393
0.0062815167
0.0062784474
0.0062753718
0.0062723447
0.0062694386
0.0062667513
0.0062644111
0.0062625952
0.0062615399
0.0062615884
0.0062632262
0.0062672449
0.0062750417
0.0062900439
0.0063227994
0.0064053539
0.0065945176
1.2723709e-05
7.959635e-05
0.00029427959
0.0009659144
0.0022321717
0.0038654886
0.0052951977
0.0061501883
0.0064487904
0.0064240539
0.0062877035
0.0062047873
0.006204813
0.0062439212
0.0062193808
0.0061675246
0.006116324
0.0060652881
0.0060130942
0.0059581137
0.0058989471
0.0058345326
0.0057639855
0.0056865434
0.0056014967
0.0055081658
0.0054058884
0.0052940161
0.0051719037
0.0050389372
0.0048945372
0.0047381796
0.0045694251
0.0043879448
0.0041935598
0.0039862753
0.0037663338
0.003534265
0.0032909382
0.0030376221
0.0027760482
0.0025084701
0.0022377403
0.0019674002
0.0017018168
0.0014463903
0.0012078248
0.0009942784
0.00081478374
0.00067701546
0.0005838878
0.00053275081
0.00051991687
0.00054618093
0.00061733942
0.0007398463
0.00091612555
0.0011430958
0.0014138185
0.0017199351
0.002053399
0.0024072509
0.0027756466
0.0031535018
0.0035359413
0.0039176991
0.0042926134
0.004653389
0.0049918065
0.0052994827
0.0055690929
0.005795696
0.0059776447
0.0061166899
0.0062172813
0.0062854174
0.0063275173
0.0063496434
0.0063571679
0.0063547773
0.0063466034
0.0063362535
0.0063266058
0.0063194383
0.0063152022
0.0063132705
0.0063125854
0.0063122542
0.0063117817
0.0063109942
0.0063098877
0.0063085133
0.0063069196
0.0063051429
0.0063032056
0.0063011194
0.0062988907
0.0062965214
0.0062940182
0.0062913553
0.006288593
0.0062857172
0.006282741
0.0062796854
0.0062765797
0.0062734641
0.0062703932
0.0062674386
0.0062646978
0.0062622985
0.006260417
0.0062592887
0.0062592557
0.0062608024
0.0062647204
0.0062724146
0.0062873593
0.0063202861
0.0064035807
0.0065937753
1.5934944e-05
0.00012251599
0.0011641843
0.0066691655
0.0066646547
0.0066589809
0.0066520243
0.006643647
0.0066336971
0.0066220003
0.0066083757
0.0065926148
0.0065744906
0.0065537568
0.006530145
0.006503356
0.0064730568
0.0064388965
0.0064004806
0.0063573855
0.0063091566
0.0062553023
0.0061953021
0.0061285936
0.0060545853
0.0059726568
0.005882155
0.0057824046
0.0056727151
0.0055523886
0.005420728
0.0052770588
0.0051207412
0.0049512
0.004767941
0.0045705971
0.0043589609
0.0041330322
0.0038930697
0.0036396599
0.0033737776
0.0030968727
0.0028109667
0.0025187637
0.0022238081
0.0019306977
0.0016453857
0.0013755589
0.0011308904
0.00092252042
0.00076071464
0.00065104093
0.00059302904
0.00058443203
0.00062631716
0.0007227276
0.00087625747
0.0010848506
0.0013421206
0.0016395265
0.001968345
0.0023207414
0.0026900047
0.0030703145
0.0034562635
0.003842291
0.0042221679
0.0045886953
0.0049337891
0.0052490805
0.005527005
0.0057621073
0.0059520805
0.0060980913
0.0062042543
0.0062765287
0.0063215157
0.0063455593
0.0063543096
0.0063526721
0.0063449275
0.006334779
0.0063251748
0.006317958
0.0063136418
0.0063116438
0.0063109217
0.0063105769
0.0063101016
0.0063093134
0.0063082044
0.0063068248
0.0063052234
0.0063034368
0.0063014878
0.006299388
0.0062971437
0.0062947571
0.006292235
0.0062895512
0.0062867661
0.0062838654
0.0062808617
0.0062777759
0.0062746371
0.0062714849
0.0062683736
0.0062653745
0.0062625844
0.0062601304
0.006258188
0.0062569918
0.0062568829
0.0062583443
0.0062621682
0.0062697675
0.0062846645
0.006317777
0.0064018236
0.006593044
2.0184578e-05
0.00015278782
0.0027709748
0.006723154
0.0067195062
0.0067149683
0.0067094526
0.0067028538
0.0066950541
0.0066859213
0.0066753071
0.0066630471
0.0066489608
0.0066328444
0.0066144767
0.0065936104
0.0065699754
0.0065432724
0.0065131759
0.0064793261
0.0064413311
0.0063987636
0.0063511565
0.0062980061
0.0062387672
0.0061728523
0.0060996326
0.0060184379
0.0059285614
0.0058292566
0.0057197489
0.005599241
0.005466927
0.0053219991
0.0051636764
0.004991224
0.0048039842
0.0046014191
0.0043831548
0.0041490408
0.0038992209
0.0036342191
0.0033550395
0.003063296
0.0027613716
0.0024526331
0.0021417234
0.0018349658
0.0015408718
0.001270543
0.0010372938
0.00085431585
0.00073049393
0.00066830494
0.00066720638
0.00072787977
0.00085147307
0.0010361033
0.0012755802
0.0015609697
0.0018827056
0.0022319213
0.0026009209
0.002983039
0.0033722234
0.0037625008
0.0041474622
0.0045199134
0.0048718574
0.0051949458
0.0054814258
0.0057253842
0.0059238697
0.0060774154
0.0061897153
0.0062666123
0.0063148513
0.0063410592
0.0063511882
0.0063503921
0.0063431247
0.0063332014
0.0063236502
0.0063163847
0.0063119847
0.0063099156
0.0063091529
0.0063087923
0.0063083132
0.0063075241
0.0063064129
0.0063050286
0.0063034204
0.006301625
0.0062996654
0.0062975538
0.006295295
0.0062928932
0.0062903544
0.006287652
0.0062848465
0.0062819235
0.0062788953
0.0062757824
0.0062726136
0.0062694285
0.0062662807
0.0062632411
0.0062604061
0.0062579021
0.006255904
0.0062546454
0.0062544663
0.0062558489
0.0062595855
0.0062670978
0.0062819577
0.0063152705
0.0064000815
0.0065923229
2.5246594e-05
0.00018026789
0.0067493237
0.0067467426
0.0067435724
0.0067397307
0.0067351319
0.0067296865
0.0067232951
0.0067158496
0.0067072289
0.0066973012
0.006685916
0.0066729118
0.0066581061
0.0066412962
0.0066222609
0.0066007549
0.0065765055
0.0065492143
0.0065185513
0.0064841536
0.0064456245
0.0064025288
0.0063543919
0.006300695
0.0062408741
0.0061743225
0.0061003822
0.0060183469
0.0059274651
0.0058269401
0.0057159312
0.0055935663
0.0054589508
0.0053111746
0.0051493422
0.0049725918
0.0047801326
0.0045712899
0.0043455605
0.0041026873
0.0038427516
0.0035662899
0.0032744476
0.0029691763
0.0026535013
0.0023318964
0.0020107938
0.0016992323
0.0014094457
0.0011566885
0.00095703077
0.00082292489
0.00076018323
0.00076996605
0.00085191051
0.0010035342
0.001218436
0.001486914
0.0017981273
0.0021418122
0.0025090043
0.0028919935
0.0032839294
0.0036782943
0.0040683787
0.0044468921
0.0048058583
0.0051369338
0.0054322093
0.0056853653
0.0058928315
0.006054477
0.0061734973
0.006255536
0.0063074308
0.0063360824
0.0063477657
0.0063479132
0.0063411788
0.0063315087
0.0063220221
0.0063147099
0.0063102231
0.0063080782
0.006307271
0.0063068923
0.0063064084
0.0063056182
0.006304505
0.0063031168
0.0063015025
0.0062996994
0.0062977308
0.0062956085
0.0062933373
0.0062909223
0.006288369
0.0062856505
0.0062828273
0.0062798847
0.006276835
0.0062736983
0.0062705032
0.0062672889
0.0062641086
0.006261033
0.0062581578
0.0062556089
0.0062535604
0.0062522451
0.0062520021
0.0062533125
0.0062569692
0.006264403
0.0062792366
0.006312765
0.0063983529
0.0065916111
3.1161168e-05
0.00021085725
0.0067604818
0.0067583313
0.0067557035
0.0067525299
0.006748743
0.0067442692
0.006739028
0.0067329305
0.0067258796
0.0067177656
0.0067084681
0.0066978531
0.0066857701
0.0066720551
0.0066565236
0.0066389731
0.0066191772
0.0065968875
0.0065718274
0.0065436925
0.0065121468
0.0064768209
0.0064373074
0.0063931573
0.0063438806
0.0062889422
0.0062277547
0.006159682
0.0060840339
0.0060000637
0.0059069712
0.0058039036
0.0056899538
0.0055641717
0.0054255733
0.005273153
0.0051059081
0.0049228636
0.0047231165
0.0045058889
0.0042705996
0.0040169587
0.0037450968
0.0034557314
0.0031503974
0.0028317606
0.0025040615
0.0021737262
0.001850154
0.0015464919
0.0012796874
0.0010684672
0.0009287358
0.00086955857
0.00089346741
0.00099846864
0.0011781586
0.0014219839
0.0017173717
0.0020520452
0.0024152083
0.0027977117
0.0031916424
0.0035897508
0.0039848821
0.004369534
0.0047356703
0.005074917
0.0053792207
0.0056418982
0.0058587921
0.0060290915
0.0061554272
0.0062431577
0.0062991507
0.0063305604
0.006343999
0.0063452082
0.0063390714
0.0063296876
0.0063202798
0.0063129244
0.006308348
0.0063061229
0.0063052674
0.0063048682
0.0063043785
0.006303587
0.0063024721
0.0063010805
0.0062994612
0.0062976517
0.0062956756
0.0062935436
0.0062912625
0.0062888365
0.0062862709
0.006283539
0.0062807008
0.0062777418
0.0062746738
0.0062715168
0.0062682992
0.0062650597
0.0062618514
0.0062587443
0.006255834
0.0062532455
0.0062511524
0.0062497865
0.0062494862
0.0062507316
0.0062543162
0.0062616804
0.0062764992
0.006310259
0.0063966363
0.0065909078
3.8258241e-05
0.00024654035
0.0067687757
0.0067669702
0.0067647694
0.006762119
0.0067589628
0.0067552402
0.0067508854
0.0067458257
0.0067399806
0.0067332604
0.0067255649
0.0067167835
0.006706793
0.0066954562
0.0066826215
0.0066681183
0.0066517602
0.006633339
0.0066126227
0.0065893561
0.0065632561
0.0065340086
0.0065012671
0.0064646481
0.00642373
0.0063780483
0.0063270907
0.0062702944
0.0062070456
0.0061366714
0.0060584397
0.0059715568
0.0058751653
0.0057683435
0.0056501124
0.0055194386
0.0053752433
0.0052164196
0.0050418602
0.0048504905
0.0046413163
0.0044134972
0.0041664427
0.0038999419
0.003614349
0.0033108343
0.0029917417
0.0026610954
0.0023253046
0.0019940831
0.001681398
0.0014057305
0.0011882178
0.0010478756
0.0009965665
0.0010376171
0.0011669384
0.0013742607
0.0016454175
0.0019655372
0.0023212142
0.0027011522
0.0030958924
0.0034971369
0.003897074
0.0042878419
0.0046612425
0.005008816
0.0053223601
0.0055948574
0.0058215967
0.0060010846
0.0061353323
0.006229329
0.0062898992
0.0063244175
0.0063398403
0.0063422469
0.0063367827
0.0063277234
0.0063184117
0.0063110178
0.0063063502
0.0063040406
0.0063031327
0.0063027106
0.006302214
0.006301421
0.0063003049
0.0062989106
0.0062972874
0.0062954729
0.0062934904
0.0062913509
0.0062890619
0.0062866272
0.0062840519
0.0062813094
0.0062784591
0.0062754869
0.0062724041
0.0062692306
0.0062659944
0.0062627341
0.0062595024
0.0062563689
0.0062534287
0.0062508063
0.0062486747
0.0062472649
0.0062469141
0.0062481021
0.0062516228
0.0062589269
0.0062737429
0.0063077505
0.0063949301
0.0065902118
4.6924746e-05
0.000289837
0.0067757727
0.0067742465
0.0067723883
0.0067701526
0.0067674935
0.0067643615
0.0067607014
0.0067564532
0.0067515497
0.0067459163
0.00673947
0.0067321183
0.0067237588
0.0067142773
0.006703546
0.0066914241
0.006677755
0.0066623629
0.006645055
0.0066256155
0.0066038054
0.0065793587
0.0065519813
0.0065213475
0.0064870964
0.0064488281
0.0064060983
0.0063584211
0.0063052558
0.0062460091
0.0061800289
0.006106599
0.0060249369
0.0059341897
0.005833435
0.0057216762
0.005597849
0.0054608259
0.005309431
0.0051424573
0.0049586977
0.0047569937
0.0045363
0.004295784
0.0040349566
0.003753871
0.0034533965
0.0031356144
0.0028043857
0.0024661452
0.002130951
0.0018135875
0.0015339943
0.0013154884
0.001179724
0.0011406643
0.0012017161
0.0013563473
0.0015906706
0.0018874763
0.0022300557
0.0026040639
0.002997685
0.0034010287
0.0038052763
0.0042019831
0.0045826475
0.0049386448
0.0052615974
0.0055441712
0.0057811313
0.0059703083
0.0061130522
0.0062139026
0.0062795596
0.006317572
0.0063352365
0.006338996
0.0063342904
0.0063256
0.0063164048
0.0063089792
0.0063042195
0.0063018213
0.0063008571
0.0063004095
0.0062999049
0.0062991102
0.0062979933
0.0062965973
0.0062949713
0.0062931531
0.0062911655
0.006289021
0.0062867263
0.0062842853
0.0062817031
0.0062789528
0.0062760938
0.0062731117
0.0062700179
0.0062668318
0.0062635814
0.0062603048
0.0062570546
0.0062539
0.0062509356
0.0062482854
0.0062461218
0.0062446749
0.0062442813
0.0062454199
0.0062488854
0.0062561393
0.0062709653
0.0063052375
0.0063932329
0.0065895226
5.7720753e-05
0.00034407032
0.0067820735
0.0067807763
0.0067791943
0.0067772907
0.0067750283
0.0067723642
0.0067692538
0.0067656454
0.0067614835
0.006756705
0.0067512406
0.0067450123
0.006737934
0.0067299094
0.0067208317
0.0067105825
0.0066990287
0.0066860239
0.0066714038
0.0066549877
0.0066365716
0.0066159313
0.0065928169
0.0065669508
0.0065380251
0.0065056952
0.0064695829
0.0064292656
0.0063842754
0.0063340954
0.0062781508
0.0062158107
0.0061463754
0.0060690785
0.0059830759
0.0058874488
0.005781196
0.0056632362
0.0055324125
0.0053874995
0.0052272187
0.0050502682
0.0048553647
0.0046413053
0.0044070656
0.0041519397
0.0038757442
0.0035791159
0.003263945
0.0029340039
0.0025958337
0.0022599143
0.0019419084
0.0016631937
0.0014490464
0.0013231995
0.0013008722
0.001384762
0.0015656187
0.0018262578
0.0021469539
0.0025095275
0.0028988284
0.0033025022
0.0037101465
0.0041123695
0.0045001462
0.0048645641
0.0051970184
0.0054898582
0.0057373505
0.0059366633
0.0060884552
0.0061967429
0.0062680165
0.0063099385
0.0063301309
0.0063354189
0.0063315703
0.0063232998
0.0063142451
0.0063067964
0.0063019445
0.0062994542
0.0062984298
0.0062979541
0.0062974404
0.0062966439
0.0062955267
0.0062941299
0.0062925027
0.0062906815
0.0062886914
0.0062865439
0.006284246
0.0062818014
0.006279215
0.0062764602
0.0062735957
0.0062706075
0.0062675065
0.0062643121
0.006261052
0.0062577642
0.0062545007
0.0062513307
0.0062483481
0.0062456765
0.0062434877
0.0062420112
0.0062415827
0.0062426803
0.0062461
0.0062533143
0.0062681635
0.0063027182
0.0063915427
0.0065888388
7.162322e-05
0.00041444611
0.0067879004
0.0067867914
0.0067854344
0.0067837999
0.0067818552
0.0067795659
0.0067768926
0.0067737929
0.0067702184
0.0067661169
0.0067614283
0.0067560872
0.0067500203
0.0067431462
0.0067353742
0.0067266033
0.0067167214
0.0067056033
0.0066931108
0.0066790886
0.0066633647
0.0066457475
0.0066260244
0.0066039585
0.0065792853
0.0065517114
0.0065209106
0.0064865198
0.0064481348
0.0064053063
0.0063575362
0.0063042699
0.0062448936
0.0061787262
0.0061050162
0.0060229339
0.0059315667
0.0058299152
0.0057168933
0.0055913255
0.0054519554
0.0052974578
0.0051264636
0.0049375963
0.0047295383
0.004501125
0.0042514882
0.0039802742
0.0036879625
0.0033763361
0.0030491767
0.0027132447
0.0023795634
0.0020647832
0.0017917392
0.0015874367
0.0014770576
0.0014761185
0.0015857643
0.0017937772
0.0020799949
0.0024226544
0.002802415
0.0032034408
0.0036128698
0.0040197838
0.0044142793
0.0047869552
0.0051288852
0.0054320781
0.0056903192
0.0059001305
0.0060614617
0.0061777424
0.0062551648
0.0063014329
0.0063244639
0.0063314758
0.0063285952
0.006320803
0.0063119168
0.0063044558
0.0062995131
0.0062969275
0.006295839
0.0062953326
0.0062948087
0.0062940105
0.0062928937
0.0062914977
0.0062898693
0.0062880478
0.0062860571
0.0062839091
0.0062816105
0.0062791651
0.0062765776
0.0062738217
0.0062709553
0.0062679648
0.0062648608
0.0062616627
0.0062583978
0.0062551038
0.0062518328
0.0062486532
0.0062456589
0.0062429729
0.0062407663
0.006239268
0.0062388129
0.0062398786
0.0062432623
0.0062504483
0.0062653348
0.0063001903
0.006389858
0.0065881597
9.0307037e-05
0.0005099694
0.0067933658
0.0067924126
0.0067912396
0.0067898221
0.0067881335
0.0067861438
0.0067838198
0.0067811245
0.0067780173
0.0067744521
0.0067703782
0.0067657392
0.0067604725
0.006754508
0.0067477679
0.0067401662
0.0067316068
0.0067219821
0.006711174
0.0066990497
0.0066854613
0.0066702456
0.0066532195
0.0066341797
0.0066128999
0.0065891272
0.0065625811
0.0065329484
0.0064998803
0.0064629881
0.0064218384
0.0063759492
0.0063247835
0.0062677441
0.0062041667
0.0061333149
0.0060543719
0.0059664357
0.0058685144
0.0057595207
0.0056382722
0.0055034952
0.0053538348
0.0051878765
0.0050041832
0.0048013581
0.0045781413
0.0043335608
0.0040671586
0.0037793371
0.0034718763
0.0031486886
0.0028168986
0.002488244
0.0021805192
0.0019180651
0.0017293585
0.0016403035
0.0016656397
0.0018040602
0.0020401308
0.0023510165
0.0027133594
0.0031069595
0.0035154586
0.0039255872
0.0043260165
0.004706534
0.0050577268
0.0053712039
0.0056402689
0.0058608151
0.0060320767
0.0061568432
0.0062409227
0.006291978
0.0063181754
0.006327124
0.0063253351
0.0063180869
0.0063094017
0.006301942
0.0062969112
0.0062942279
0.0062930718
0.0062925324
0.0062919973
0.0062911976
0.0062900827
0.0062886872
0.0062870603
0.0062852404
0.0062832515
0.0062811054
0.0062788089
0.0062763657
0.0062737802
0.0062710269
0.0062681624
0.0062651737
0.0062620713
0.0062588741
0.0062556096
0.0062523151
0.0062490424
0.0062458597
0.0062428605
0.0062401672
0.0062379506
0.0062364389
0.0062359662
0.0062370096
0.0062403678
0.0062475373
0.006262476
0.0062976514
0.0063881767
0.0065874842
0.00011733658
0.00064929992
0.0067986328
0.0067978095
0.0067967872
0.0067955469
0.0067940653
0.0067923166
0.006790272
0.0067878997
0.0067851633
0.006782024
0.0067784367
0.0067743531
0.0067697181
0.0067644716
0.0067585461
0.0067518671
0.0067443508
0.0067359048
0.0067264268
0.0067158016
0.0067039024
0.006690587
0.0066756977
0.0066590588
0.0066404744
0.0066197263
0.0065965714
0.006570739
0.0065419264
0.0065097962
0.0064739721
0.006434035
0.0063895161
0.0063398922
0.0062845809
0.0062229331
0.0061542253
0.0060776545
0.0059923302
0.0058972682
0.0057913856
0.0056734999
0.0055423297
0.0053965044
0.0052345838
0.005055096
0.0048565988
0.0046377816
0.0043976215
0.0041356298
0.0038522259
0.0035493004
0.0032310488
0.0029051515
0.0025842831
0.00228759
0.0020409776
0.0018740736
0.0018126304
0.0018693826
0.0020396125
0.0023044362
0.0026386715
0.0030177983
0.0034211208
0.0038320141
0.004236981
0.004624521
0.0049844705
0.0053079225
0.0055876739
0.0058190024
0.0060004286
0.0061340625
0.006225246
0.0062815097
0.0063112059
0.0063223168
0.0063217549
0.0063151251
0.0063066787
0.0062992371
0.0062941232
0.0062913408
0.0062901143
0.0062895397
0.0062889928
0.0062881927
0.0062870792
0.0062856867
0.0062840632
0.0062822472
0.0062802624
0.006278121
0.0062758295
0.0062733916
0.0062708118
0.0062680647
0.0062652062
0.0062622238
0.0062591276
0.0062559366
0.0062526778
0.0062493887
0.0062461206
0.0062429416
0.0062399447
0.006237252
0.0062350337
0.0062335174
0.0062330365
0.0062340679
0.0062374116
0.0062445772
0.0062595837
0.006295099
0.0063864968
0.006586811
0.0001612363
0.00087662009
0.0068038926
0.0068031768
0.0068022794
0.0068011832
0.0067998687
0.0067983131
0.0067964914
0.0067943744
0.0067919314
0.0067891267
0.006785922
0.0067822731
0.0067781331
0.0067734482
0.0067681596
0.0067622012
0.0067554999
0.0067479752
0.0067395365
0.0067300841
0.0067195063
0.006707679
0.0066944649
0.0066797101
0.0066632438
0.0066448761
0.0066243945
0.0066015627
0.0065761171
0.0065477631
0.0065161723
0.0064809785
0.0064417715
0.0063980936
0.0063494337
0.0062952209
0.0062348174
0.0061675126
0.0060925148
0.0060089437
0.0059158247
0.005812082
0.0056965371
0.0055679092
0.0054248239
0.005265833
0.0050894527
0.0048942293
0.0046788438
0.0044422835
0.0041841087
0.0039048613
0.0036066861
0.0032942528
0.0029760416
0.0026659506
0.0023847416
0.0021599253
0.0020218193
0.0019949009
0.0020884565
0.0022933499
0.0025870904
0.0029425614
0.0033346215
0.0037425319
0.0041497475
0.004542866
0.0049106002
0.0052433416
0.00553332
0.0057751988
0.0059667924
0.006109503
0.0062081308
0.0062699751
0.0063034925
0.0063169996
0.0063178126
0.0063118855
0.0063037226
0.0062963207
0.0062911311
0.0062882502
0.0062869511
0.0062863411
0.0062857803
0.0062849802
0.0062838703
0.0062824828
0.0062808649
0.0062790553
0.0062770772
0.0062749433
0.00627266
0.0062702309
0.0062676603
0.0062649235
0.0062620754
0.0062591038
0.0062560189
0.0062528394
0.0062495923
0.0062463148
0.006243058
0.0062398899
0.006236903
0.0062342191
0.0062320079
0.0062304964
0.0062300174
0.0062310475
0.0062343886
0.0062415637
0.0062566545
0.0062925305
0.0063848163
0.0065861391
0.00025968369
0.0013915509
0.0068094585
0.0068088306
0.006808033
0.0068070518
0.0068058697
0.006804466
0.0068028182
0.0068009001
0.0067986838
0.0067961378
0.0067932264
0.0067899115
0.0067861497
0.0067818935
0.0067770898
0.0067716801
0.0067655991
0.0067587743
0.0067511256
0.0067425641
0.0067329905
0.006722295
0.0067103555
0.006697036
0.0066821855
0.0066656355
0.0066471983
0.0066266653
0.0066038041
0.0065783549
0.0065500281
0.0065185008
0.0064834122
0.0064443586
0.0064008901
0.0063525026
0.0062986336
0.0062386549
0.0061718649
0.0060974815
0.0060146344
0.0059223586
0.0058195889
0.0057051559
0.0055777885
0.0054361219
0.00527872
0.0051041155
0.0049108806
0.0046977424
0.0044637719
0.0042086768
0.0039332594
0.0036401077
0.0033346154
0.0030263875
0.0027309157
0.0024708708
0.0022753157
0.0021744706
0.0021899382
0.0023257923
0.0025675063
0.0028890964
0.0032622173
0.0036618622
0.0040678525
0.0044642056
0.0048380667
0.005178875
0.0054781859
0.005730026
0.0059315051
0.0060832926
0.0061895735
0.006257308
0.0062949546
0.0063111021
0.0063134544
0.0063083289
0.0063005042
0.0062931694
0.0062879158
0.0062849406
0.0062835657
0.0062829184
0.0062823452
0.006281546
0.0062804418
0.0062790615
0.0062774517
0.006275651
0.0062736826
0.0062715593
0.0062692875
0.0062668708
0.0062643133
0.0062615911
0.0062587579
0.0062558021
0.0062527338
0.0062495715
0.0062463422
0.0062430829
0.0062398447
0.006236695
0.0062337262
0.0062310599
0.0062288651
0.0062273684
0.0062269021
0.0062279424
0.0062312933
0.006238492
0.0062536847
0.0062899432
0.0063831327
0.0065854674
0.00084155073
0.0048830926
0.0068163283
0.0068157438
0.0068149997
0.0068140816
0.0068129724
0.0068116535
0.0068101037
0.0068082995
0.0068062146
0.0068038203
0.0068010843
0.0067979712
0.0067944415
0.0067904515
0.006785953
0.0067808924
0.0067752105
0.0067688416
0.006761713
0.0067537439
0.0067448442
0.0067349151
0.0067238462
0.0067115151
0.0066977857
0.0066825064
0.0066655093
0.0066466074
0.0066255922
0.0066022317
0.0065762679
0.0065474134
0.0065153472
0.0064797109
0.0064401046
0.0063960814
0.0063471423
0.0062927305
0.006232223
0.0061649253
0.0060900634
0.0060067764
0.0059141099
0.0058110106
0.0056963247
0.0055687984
0.005427091
0.0052697985
0.0050954997
0.0049028346
0.0046906384
0.004458151
0.0042053517
0.0039334771
0.0036458038
0.003348789
0.0030535947
0.0027777764
0.0025461951
0.0023891136
0.0023352239
0.0024009875
0.0025833648
0.0028619688
0.0032080936
0.003593305
0.0039936521
0.0043901684
0.0047679593
0.0051152198
0.0054226799
0.0056836747
0.0058945946
0.0060553475
0.0061694307
0.0062433528
0.0062854574
0.0063045237
0.0063086119
0.0063044097
0.0062969923
0.0062897598
0.006284456
0.006281391
0.0062799429
0.0062792571
0.006278672
0.0062778752
0.0062767788
0.0062754082
0.0062738092
0.0062720203
0.0062700645
0.0062679551
0.0062656984
0.0062632978
0.0062607576
0.0062580545
0.006255241
0.0062523063
0.0062492602
0.0062461212
0.0062429163
0.0062396822
0.0062364699
0.0062333467
0.0062304048
0.0062277653
0.0062255968
0.0062241255
0.0062236831
0.0062247458
0.0062281198
0.0062353571
0.00625067
0.0062873339
0.006381444
0.0065847943
0.0014182865
0.0068201137
0.0068197333
0.0068192013
0.0068185137
0.0068176599
0.006816626
0.0068153954
0.0068139485
0.0068122637
0.0068103174
0.0068080829
0.0068055304
0.0068026274
0.0067993378
0.0067956218
0.0067914348
0.0067867283
0.006781448
0.0067755337
0.0067689196
0.0067615315
0.0067532881
0.0067440992
0.0067338647
0.0067224735
0.0067098024
0.0066957141
0.0066800571
0.0066626626
0.0066433426
0.0066218888
0.0065980687
0.0065716238
0.0065422659
0.0065096735
0.0064734888
0.0064333118
0.0063886968
0.0063391452
0.0062841002
0.006222942
0.0061549795
0.006079443
0.0059954771
0.0059021346
0.005798372
0.0056830487
0.0055549303
0.0054127044
0.0052550079
0.0050804819
0.0048878642
0.00467614
0.0044447869
0.0041941584
0.0039260796
0.0036447364
0.0033579456
0.0030787753
0.0028270948
0.0026297802
0.0025172165
0.00251459
0.0026314558
0.0028574289
0.0031674551
0.0035315016
0.0039218988
0.0043160699
0.004696423
0.0050494074
0.0053646408
0.0056346426
0.0058550487
0.0060249944
0.006147254
0.0062278121
0.0062748096
0.0062971501
0.0063032092
0.0063000775
0.0062931529
0.0062860692
0.0062807382
0.0062775884
0.0062760668
0.0062753416
0.0062747451
0.0062739523
0.0062728661
0.0062715078
0.0062699223
0.0062681482
0.0062662082
0.0062641162
0.0062618782
0.006259498
0.0062569794
0.0062543001
0.0062515114
0.0062486033
0.0062455854
0.0062424762
0.0062393024
0.006236101
0.0062329227
0.0062298346
0.0062269286
0.0062243256
0.006222194
0.0062207592
0.0062203528
0.0062214508
0.0062248619
0.0062321538
0.0062476065
0.0062846994
0.0063797475
0.0065841189
0.0020177404
0.0068232462
0.0068229129
0.0068224344
0.0068218073
0.0068210227
0.0068200679
0.0068189273
0.0068175832
0.0068160158
0.0068142031
0.0068121201
0.0068097396
0.0068070316
0.0068039629
0.0068004966
0.0067965921
0.0067922045
0.0067872839
0.0067817757
0.0067756189
0.0067687461
0.0067610829
0.0067525468
0.0067430466
0.006732481
0.0067207378
0.0067076927
0.0066932076
0.0066771293
0.0066592878
0.0066394941
0.0066175383
0.0065931864
0.0065661787
0.0065362254
0.0065030041
0.0064661552
0.0064252779
0.0063799246
0.0063295966
0.0062737373
0.0062117259
0.0061428715
0.0060664053
0.0059814749
0.0058871379
0.0057823583
0.0056660088
0.005536879
0.0053936903
0.0052351337
0.0050599334
0.0048669567
0.0046553913
0.0044250315
0.004176725
0.003913058
0.0036393709
0.0033651437
0.0031056323
0.0028830752
0.0027257665
0.0026626695
0.0027135277
0.0028799865
0.0031448753
0.0034798272
0.0038546228
0.0042429363
0.0046238936
0.0049815669
0.0053040619
0.0055828665
0.005812789
0.005992121
0.0061228959
0.0062105263
0.0062628637
0.006288855
0.0062971757
0.0062952973
0.0062889672
0.0062820832
0.0062767467
0.0062735177
0.0062719224
0.0062711563
0.0062705488
0.0062697614
0.0062686876
0.0062673443
0.0062657754
0.0062640191
0.0062620984
0.0062600274
0.0062578122
0.0062554565
0.0062529641
0.0062503137
0.0062475553
0.0062446795
0.0062416961
0.0062386233
0.0062354881
0.0062323272
0.0062291912
0.0062261472
0.0062232869
0.0062207307
0.006218647
0.0062172607
0.0062169029
0.0062180499
0.0062215131
0.0062288764
0.0062444894
0.0062820363
0.0063780404
0.0065834394
0.0028147826
0.0068265089
0.0068262133
0.0068257778
0.0068252001
0.0068244726
0.0068235833
0.0068225178
0.0068212598
0.0068197908
0.0068180901
0.0068161345
0.006813899
0.0068113556
0.0068084734
0.0068052183
0.0068015526
0.0067974346
0.0067928187
0.0067876542
0.0067818846
0.0067754482
0.0067682764
0.0067602935
0.0067514156
0.0067415498
0.0067305936
0.0067184329
0.0067049418
0.0066899805
0.0066733939
0.0066550101
0.006634638
0.0066120657
0.0065870571
0.0065593503
0.0065286533
0.0064946415
0.0064569532
0.0064151851
0.0063688878
0.0063175605
0.0062606455
0.0061975204
0.0061274944
0.0060497996
0.0059635861
0.0058679179
0.0057617702
0.0056440334
0.0055135234
0.0053690059
0.0052092414
0.0050330631
0.0048395091
0.0046280321
0.0043988375
0.0041534062
0.0038952838
0.0036312175
0.0033726329
0.0031371513
0.0029491255
0.0028372295
0.0028271562
0.0029315879
0.0031440434
0.0034416831
0.0037942146
0.0041721648
0.0045510349
0.004911959
0.0052409829
0.0055282551
0.0057675926
0.0059564664
0.0060961129
0.0061912866
0.0062494587
0.0062795355
0.0062904413
0.0062900244
0.0062844068
0.0062777816
0.0062724646
0.0062691632
0.0062674937
0.0062666853
0.0062660666
0.0062652858
0.0062642268
0.0062629014
0.006261352
0.0062596169
0.0062577191
0.006255673
0.0062534846
0.006251158
0.0062486966
0.0062460805
0.0062433579
0.0062405207
0.0062375782
0.0062345491
0.0062314601
0.0062283479
0.0062252631
0.0062222727
0.0062194682
0.00621697
0.0062149458
0.0062136205
0.0062133248
0.0062145353
0.0062180663
0.006225519
0.006241314
0.006279341
0.0063763199
0.0065827545
0.0038872152
0.0068296239
0.006829357
0.0068289558
0.0068284183
0.0068277375
0.0068269024
0.0068258995
0.0068247138
0.0068233274
0.0068217212
0.0068198735
0.0068177609
0.0068153572
0.0068126336
0.006809558
0.0068060954
0.0068022071
0.0067978506
0.0067929785
0.0067875388
0.006781474
0.0067747205
0.0067672083
0.0067588596
0.0067495891
0.0067393017
0.0067278926
0.0067152459
0.006701233
0.0066857118
0.0066685247
0.006649497
0.0066284346
0.0066051226
0.0065793219
0.0065507676
0.0065191645
0.0064841844
0.0064454625
0.0064025924
0.0063551217
0.0063025471
0.0062443081
0.0061797821
0.006108277
0.006029027
0.0059411862
0.0058438273
0.0057359399
0.0056164382
0.0054841757
0.005337977
0.0051766948
0.0049993053
0.0048050659
0.004593769
0.0043661487
0.004124496
0.0038735413
0.0036217124
0.0033826195
0.0031762417
0.0030284307
0.0029666631
0.0030114537
0.0031673602
0.0034202965
0.0037432213
0.0041052585
0.0044785031
0.004840691
0.0051752628
0.005470598
0.005719293
0.0059178723
0.0060667312
0.0061699151
0.0062344329
0.0062690622
0.0062829141
0.006284199
0.0062794331
0.006273138
0.0062678714
0.006264507
0.0062627638
0.0062619113
0.0062612812
0.0062605084
0.0062594665
0.0062581618
0.0062566352
0.0062549248
0.0062530536
0.0062510363
0.0062488793
0.0062465864
0.0062441612
0.0062415848
0.0062389041
0.0062361118
0.0062332174
0.0062302393
0.0062272046
0.0062241498
0.0062211256
0.0062181987
0.0062154608
0.006213032
0.0062110797
0.0062098287
0.0062096093
0.0062108986
0.0062145141
0.006222075
0.0062380751
0.0062766096
0.0063745829
0.0065820626
0.0053588122
0.0068323677
0.0068321228
0.0068317483
0.0068312435
0.006830601
0.006829811
0.0068288606
0.0068277352
0.0068264186
0.0068248923
0.0068231362
0.0068211278
0.0068188428
0.0068162538
0.0068133311
0.0068100416
0.0068063492
0.0068022136
0.0067975908
0.0067924323
0.0067866842
0.0067802872
0.0067731758
0.0067652782
0.0067565145
0.0067467966
0.0067360272
0.006724099
0.006710893
0.0066962779
0.0066801082
0.0066622229
0.0066424437
0.006620573
0.0065963918
0.0065696574
0.0065401
0.0065074204
0.0064712862
0.0064313282
0.006387136
0.0063382529
0.0062841723
0.006224331
0.0061581046
0.0060848011
0.0060036574
0.0059138341
0.0058144151
0.0057044104
0.0055827655
0.0054483842
0.005300171
0.0051371072
0.0049583596
0.0047634776
0.0045526983
0.0043274188
0.0040909063
0.0038493153
0.003613003
0.0033978931
0.0032260424
0.0031237413
0.0031154951
0.0032149524
0.0034181813
0.0037045911
0.0040445206
0.0044077137
0.0047684767
0.0051071895
0.0054099579
0.005667835
0.0058762229
0.0060345991
0.0061462426
0.0062176228
0.006257298
0.0062744931
0.0062777536
0.0062740029
0.0062681233
0.0062629449
0.0062595301
0.0062577145
0.0062568166
0.0062561748
0.0062554113
0.0062543889
0.0062531078
0.0062516074
0.0062499252
0.0062480846
0.0062461005
0.0062439792
0.0062417251
0.0062393414
0.0062368105
0.006234178
0.0062314373
0.0062285982
0.0062256791
0.0062227071
0.0062197188
0.006216765
0.0062139123
0.0062112523
0.0062089049
0.0062070376
0.0062058748
0.0062057468
0.006207131
0.0062108486
0.0062185379
0.0062347673
0.0062738378
0.0063728262
0.0065813619
0.0068344507
0.0068343635
0.0068341397
0.00683379
0.0068333136
0.0068327048
0.0068319536
0.0068310484
0.0068299754
0.006828719
0.0068272619
0.0068255849
0.0068236669
0.0068214846
0.0068190125
0.0068162222
0.0068130828
0.0068095597
0.0068056155
0.0068012084
0.0067962929
0.0067908183
0.0067847289
0.0067779635
0.0067704544
0.006762127
0.0067528991
0.0067426797
0.0067313686
0.0067188551
0.0067050169
0.006689719
0.0066728119
0.0066541306
0.0066334924
0.0066106953
0.0065855151
0.006557704
0.0065269874
0.0064930607
0.0064555862
0.0064141891
0.0063684539
0.0063179195
0.0062620749
0.0062003538
0.0061321302
0.0060567132
0.0059733432
0.00588119
0.0057793558
0.0056668799
0.005542754
0.0054059536
0.0052554903
0.0050905021
0.0049104007
0.0047151049
0.0045054059
0.0042835247
0.0040539262
0.0038244311
0.0036075269
0.0034214072
0.0032895841
0.00323734
0.0032843051
0.0034360596
0.0036805528
0.0039922067
0.0043403165
0.0046962871
0.0050372113
0.0053464883
0.0056132166
0.0058314357
0.005999586
0.0061201109
0.0061988651
0.0062440982
0.0062650674
0.0062706126
0.0062680678
0.0062627056
0.0062576619
0.0062542129
0.0062523276
0.0062513831
0.006250729
0.0062499759
0.0062489755
0.0062477212
0.0062462504
0.0062446003
0.0062427943
0.0062408477
0.0062387671
0.0062365568
0.0062342202
0.006231741
0.0062291631
0.0062264812
0.0062237049
0.0062208531
0.0062179526
0.0062150404
0.0062121672
0.0062093998
0.0062068295
0.0062045764
0.0062028078
0.0062017479
0.006201727
0.0062032233
0.0062070617
0.0062149005
0.0062313848
0.0062710214
0.0063710464
0.0065806508
0.0068359152
0.006835849
0.0068356487
0.0068353253
0.0068348791
0.0068343044
0.0068335923
0.0068327317
0.0068317093
0.0068305104
0.0068291184
0.0068275151
0.0068256802
0.0068235919
0.0068212256
0.0068185545
0.0068155491
0.0068121769
0.0068084021
0.0068041853
0.0067994833
0.0067942481
0.0067884273
0.006781963
0.0067747913
0.0067668421
0.0067580379
0.0067482933
0.0067375141
0.0067255965
0.0067124261
0.0066978764
0.0066818081
0.0066640674
0.0066444839
0.00662287
0.006599018
0.0065726983
0.0065436573
0.0065116139
0.0064762574
0.0064372437
0.0063941924
0.0063466816
0.0062942453
0.006236368
0.0061724803
0.0061019552
0.0060241052
0.0059381789
0.0058433609
0.0057387762
0.0056235022
0.0054965905
0.0053571074
0.0052042024
0.0050372217
0.0048558882
0.0046605866
0.0044527989
0.0042357532
0.0040153394
0.0038012739
0.0036082742
0.0034565104
0.0033699283
0.0033710288
0.0034728172
0.0036722768
0.0039502847
0.0042780377
0.0046252696
0.0049659493
0.0052804404
0.005555484
0.0057834512
0.0059615738
0.0060913671
0.0061779949
0.0062293097
0.0062545143
0.0062626896
0.0062615717
0.0062568486
0.0062519967
0.0062485348
0.006246584
0.0062455921
0.0062449252
0.0062441836
0.0062432075
0.0062419832
0.0062405456
0.0062389314
0.0062371643
0.0062352598
0.0062332248
0.0062310638
0.0062287801
0.0062263588
0.0062238424
0.0062212266
0.0062185212
0.0062157452
0.0062129255
0.0062100994
0.0062073176
0.0062046469
0.0062021789
0.0062000335
0.0061983779
0.0061974364
0.0061975392
0.0061991656
0.0062031445
0.0062111552
0.0062279215
0.0062681555
0.0063692396
0.0065799273
0.0068372056
0.0068371562
0.0068369749
0.0068366732
0.0068362519
0.0068357057
0.0068350265
0.0068342033
0.0068332236
0.0068320733
0.0068307365
0.0068291956
0.0068274317
0.0068254234
0.0068231473
0.0068205779
0.006817687
0.0068144435
0.0068108135
0.0068067593
0.0068022398
0.0067972094
0.0067916183
0.0067854112
0.0067785281
0.0067709021
0.0067624598
0.0067531206
0.0067427954
0.0067313864
0.0067187858
0.0067048744
0.0066895213
0.0066725822
0.0066538976
0.0066332917
0.0066105709
0.0065855211
0.0065579064
0.006527466
0.0064939122
0.0064569272
0.00641616
0.0063712228
0.0063216881
0.006267084
0.0062068913
0.006140539
0.0060674014
0.0059867952
0.0058979796
0.0058001591
0.0056924917
0.0055741057
0.0054441312
0.0053017528
0.0051462978
0.0049773772
0.0047951084
0.0046004579
0.0043957582
0.0041854519
0.0039770861
0.0037824508
0.003618425
0.003506522
0.0034696808
0.003525697
0.0036796279
0.0039201102
0.0042225382
0.0045567304
0.0048941961
0.0052121932
0.0054947622
0.0057322534
0.005920469
0.0060598722
0.0061548513
0.0062127749
0.0062427013
0.0062538872
0.00625445
0.006250511
0.006245921
0.0062424736
0.0062404641
0.0062394245
0.0062387441
0.0062380151
0.0062370657
0.0062358745
0.0062344738
0.0062328995
0.0062311757
0.0062293181
0.0062273338
0.0062252277
0.006223003
0.0062206462
0.0062181984
0.0062156564
0.0062130302
0.0062103388
0.0062076097
0.0062048801
0.0062022009
0.0061996391
0.0061972864
0.0061952626
0.0061937351
0.0061929282
0.0061931723
0.0061949476
0.0061990879
0.0062072941
0.0062243708
0.0062652351
0.0063674019
0.0065791893
0.0068382221
0.0068381874
0.0068380227
0.0068377399
0.0068373403
0.006836819
0.0068361682
0.0068353774
0.0068344347
0.0068333264
0.0068320373
0.0068305506
0.0068288479
0.0068269086
0.0068247104
0.0068222287
0.0068194365
0.006816304
0.0068127986
0.0068088843
0.0068045216
0.0067996673
0.0067942733
0.0067882872
0.0067816515
0.0067743025
0.0067661705
0.0067571785
0.0067472421
0.0067362684
0.0067241551
0.0067107894
0.0066960475
0.0066797929
0.0066618756
0.0066421302
0.0066203743
0.0065964074
0.0065700087
0.0065409346
0.006508917
0.0064736602
0.0064348384
0.0063920933
0.0063450303
0.0062932155
0.0062361718
0.0061733765
0.0061042573
0.0060281914
0.0059445038
0.0058524702
0.0057513225
0.0056402627
0.0055184869
0.0053852269
0.0052398203
0.0050818215
0.0049111769
0.0047284982
0.0045354735
0.0043354704
0.0041343681
0.0039415843
0.0037710549
0.0036414902
0.0035746991
0.0035908244
0.0037011448
0.0039021329
0.0041751096
0.0044919389
0.0048228438
0.00514224
0.0054312463
0.0056778647
0.0058761991
0.0060254993
0.0061292785
0.0061943334
0.0062294873
0.006244098
0.0062466296
0.0062436455
0.0062394035
0.0062360058
0.0062339475
0.0062328608
0.0062321662
0.0062314506
0.0062305303
0.0062293756
0.0062280155
0.0062264854
0.0062248094
0.0062230036
0.0062210754
0.0062190299
0.0062168705
0.006214585
0.0062122131
0.0062097528
0.0062072144
0.006204617
0.0062019885
0.0061993662
0.0061968013
0.0061943611
0.0061921371
0.0061902497
0.006188866
0.0061882108
0.0061886145
0.0061905587
0.006194882
0.0062033087
0.006220726
0.0062622547
0.0063655288
0.0065784348
0.0068389713
0.0068389494
0.0068387991
0.0068385327
0.0068381517
0.0068376518
0.0068370255
0.0068362627
0.0068353519
0.0068342797
0.0068330317
0.0068315915
0.0068299411
0.0068280611
0.0068259298
0.0068235233
0.0068208156
0.0068177781
0.0068143793
0.0068105849
0.0068063565
0.0068016526
0.0067964272
0.00679063
0.0067842057
0.0067770934
0.0067692263
0.0067605308
0.0067509262
0.0067403238
0.0067286261
0.0067157257
0.0067015049
0.0066858338
0.0066685704
0.0066495577
0.0066286237
0.0066055791
0.0065802155
0.0065523043
0.006521594
0.0064878075
0.0064506415
0.006409762
0.0063648027
0.0063153616
0.0062609982
0.006201231
0.0061355346
0.0060633381
0.0059840247
0.0058969325
0.0058013604
0.0056965783
0.0055818468
0.0054564502
0.0053197529
0.0051712881
0.0050108981
0.0048389524
0.0046566782
0.0044666489
0.0042734737
0.0040846915
0.0039117439
0.0037705976
0.0036811067
0.0036638922
0.0037343426
0.0038958424
0.0041364977
0.0044320111
0.0047528183
0.0050711462
0.0053651944
0.005620346
0.0058287131
0.0059881347
0.0061011277
0.0061738252
0.0062147247
0.0062332042
0.0062380279
0.0062361986
0.0062324092
0.0062291063
0.006227013
0.0062258811
0.0062251719
0.0062244704
0.0062235814
0.0062224665
0.0062211509
0.0062196692
0.0062180458
0.0062162968
0.0062144302
0.0062124513
0.0062103636
0.0062081565
0.0062058681
0.0062034978
0.006201056
0.0061985623
0.0061960447
0.006193541
0.0061911026
0.006188797
0.006186716
0.0061849801
0.0061837569
0.006183271
0.0061838535
0.0061859874
0.0061905169
0.0061991903
0.0062169795
0.0062592087
0.0063636158
0.0065776615
0.0068394483
0.0068394376
0.0068392997
0.0068390474
0.0068386824
0.006838201
0.0068375957
0.0068368568
0.0068359732
0.0068349319
0.0068337189
0.0068323183
0.0068307127
0.0068288832
0.0068268086
0.0068244662
0.0068218305
0.0068188739
0.0068155659
0.0068118732
0.0068077591
0.0068031831
0.006798101
0.0067924643
0.0067862197
0.0067793086
0.0067716665
0.006763223
0.0067539003
0.0067436134
0.0067322686
0.0067197635
0.0067059851
0.0066908098
0.0066741015
0.0066557111
0.006635475
0.0066132133
0.0065887287
0.0065618048
0.0065322042
0.0064996668
0.0064639068
0.0064246117
0.0063814391
0.0063340145
0.0062819285
0.0062247351
0.0061619491
0.0060930449
0.0060174556
0.0059345747
0.0058437603
0.005744344
0.0056356466
0.0055170057
0.0053878213
0.0052476279
0.005096208
0.0049337684
0.0047612075
0.0045805135
0.0043953335
0.0042117374
0.0040391185
0.0038909695
0.0037848895
0.0037407517
0.0037761488
0.0038998816
0.0041068051
0.0043777631
0.004684988
0.0049995272
0.0052969292
0.0055597979
0.0057779816
0.005947677
0.0060702573
0.0061510917
0.0061982612
0.0062210795
0.0062285529
0.0062281097
0.006224899
0.0062217476
0.0062196387
0.0062184652
0.006217741
0.0062170544
0.0062161991
0.0062151272
0.0062138601
0.0062124312
0.006210865
0.0062091781
0.0062073787
0.0062054725
0.0062034632
0.0062013417
0.0061991447
0.0061968728
0.0061945368
0.0061921568
0.0061897609
0.0061873874
0.0061850881
0.0061829306
0.0061810073
0.0061794389
0.0061783931
0.0061780952
0.0061788765
0.006181222
0.0061859817
0.0061949294
0.0062131238
0.0062560907
0.0063616576
0.0065768668
0.0068396355
0.0068396347
0.0068395076
0.0068392675
0.0068389164
0.0068384507
0.0068378633
0.0068371449
0.0068362844
0.0068352694
0.0068340861
0.006832719
0.0068311513
0.0068293644
0.006827338
0.0068250496
0.0068224747
0.0068195864
0.006816355
0.0068127482
0.0068087303
0.0068042622
0.0067993012
0.0067937999
0.0067877069
0.0067809655
0.0067735134
0.0067652824
0.0067561977
0.0067461771
0.0067351304
0.0067229589
0.0067095543
0.0066947976
0.0066785583
0.0066606937
0.0066410472
0.0066194473
0.0065957059
0.0065696171
0.0065409556
0.0065094747
0.0064749048
0.0064369509
0.0063952912
0.0063495746
0.0062994185
0.0062444074
0.0061840902
0.0061179803
0.0060455544
0.0059662542
0.0058794897
0.0057846474
0.0056811036
0.0055682471
0.0054455171
0.0053124628
0.0051688363
0.005014737
0.0048508298
0.0046786714
0.0045011812
0.0043232878
0.0041527332
0.0040008815
0.0038830919
0.003817807
0.0038233479
0.0039122892
0.0040855025
0.0043296219
0.0046200915
0.0049280017
0.0052268101
0.0054963549
0.005723994
0.0059040344
0.0060365317
0.0061259766
0.0061799414
0.0062075894
0.0062181035
0.0062193102
0.006216829
0.0062139001
0.0062118017
0.0062105925
0.0062098537
0.0062091825
0.006208363
0.0062073376
0.0062061229
0.0062047513
0.0062032472
0.0062016277
0.0061999013
0.0061980742
0.00619615
0.0061941216
0.0061920239
0.0061898592
0.0061876385
0.0061853822
0.0061831192
0.0061808879
0.0061787406
0.0061767454
0.006174995
0.0061736104
0.0061727599
0.0061726691
0.0061736703
0.0061762501
0.0061812653
0.0061905163
0.0062091505
0.0062528939
0.006359649
0.0065760481
0.0068395099
0.006839518
0.0068394006
0.0068391711
0.0068388321
0.00683838
0.0068378079
0.0068371068
0.006836266
0.0068352732
0.0068341149
0.0068327761
0.0068312401
0.006829489
0.0068275028
0.0068252597
0.0068227355
0.0068199041
0.0068167367
0.0068132016
0.0068092641
0.0068048861
0.0068000259
0.0067946378
0.0067886715
0.0067820718
0.0067747784
0.0067667251
0.0067578392
0.0067480413
0.0067372441
0.006725352
0.0067122604
0.0066978543
0.0066820083
0.0066645849
0.0066454333
0.006624389
0.006601272
0.0065758852
0.0065480133
0.0065174215
0.0064838534
0.0064470295
0.0064066451
0.006362369
0.0063138417
0.0062606734
0.006202443
0.0061386968
0.0060689493
0.0059926837
0.0059093558
0.0058184004
0.0057192438
0.0056113224
0.0054941154
0.005367194
0.0052302993
0.0050834613
0.0049271794
0.0047626918
0.0045923669
0.0044202489
0.0042527622
0.0040994886
0.003973727
0.003892195
0.0038729316
0.0039307925
0.0040715349
0.0042875913
0.0045586604
0.0048571434
0.0051552208
0.0054301828
0.0056667566
0.0058571225
0.0059998188
0.0060983248
0.0061596073
0.0061925928
0.0062065691
0.0062097237
0.0062081496
0.0062055315
0.0062034778
0.0062022423
0.0062014899
0.0062008349
0.0062000532
0.0061990775
0.0061979194
0.0061966095
0.0061951726
0.0061936258
0.0061919783
0.0061902366
0.0061884046
0.0061864767
0.0061844867
0.006182438
0.0061803423
0.0061782203
0.0061761015
0.0061740247
0.0061720427
0.0061702243
0.0061686624
0.0061674787
0.0061668418
0.0061669783
0.0061682209
0.0061710589
0.0061763559
0.0061859406
0.0062050509
0.0062496111
0.0063575836
0.0065752028
0.0068391009
0.0068391168
0.0068390078
0.0068387875
0.0068384586
0.006838018
0.0068374588
0.0068367722
0.0068359476
0.0068349731
0.0068338353
0.0068325196
0.0068310097
0.0068292878
0.0068273345
0.0068251283
0.0068226457
0.0068198609
0.0068167456
0.0068132691
0.0068093973
0.006805093
0.0068003154
0.0067950199
0.0067891572
0.0067826738
0.0067755107
0.0067676033
0.006758881
0.0067492664
0.0067386748
0.0067270132
0.0067141799
0.0067000637
0.0066845431
0.0066674849
0.0066487437
0.0066281606
0.0066055624
0.0065807593
0.006553545
0.0065236943
0.0064909622
0.006455082
0.006415764
0.006372694
0.0063255317
0.0062739097
0.006217432
0.0061556739
0.0060881818
0.0060144752
0.0059340494
0.0058463821
0.0057509436
0.0056472141
0.0055347113
0.005413032
0.0052819183
0.0051413575
0.0049917319
0.0048340443
0.0046702447
0.0045036916
0.0043397625
0.0041865716
0.004055604
0.0039618036
0.0039223142
0.0039530769
0.0040634847
0.0042512749
0.0045009755
0.0047874415
0.0050825468
0.005361467
0.005606288
0.0058068596
0.0059599858
0.0060679803
0.0061370982
0.0061759425
0.0061938308
0.0061992653
0.0061988055
0.006196606
0.006194642
0.0061933936
0.0061926299
0.0061919917
0.0061912498
0.0061903271
0.0061892296
0.0061879861
0.0061866214
0.0061851528
0.0061835902
0.0061819403
0.0061802076
0.006178388
0.0061765139
0.0061745903
0.0061726294
0.0061706525
0.0061686894
0.0061667798
0.0061649768
0.00616335
0.0061619927
0.0061610274
0.0061606232
0.0061610075
0.0061625142
0.0061656351
0.0061712414
0.0061811913
0.0062008157
0.0062462343
0.0063554547
0.0065743278
0.0068384045
0.0068384275
0.0068383259
0.0068381135
0.0068377933
0.0068373622
0.0068368136
0.0068361388
0.0068353275
0.0068343678
0.0068332467
0.0068319495
0.0068304605
0.006828762
0.0068268349
0.0068246581
0.0068222085
0.0068194608
0.0068163872
0.0068129575
0.0068091382
0.0068048927
0.0068001811
0.0067949596
0.00678918
0.0067827899
0.0067757315
0.0067679416
0.0067593512
0.0067498846
0.0067394591
0.0067279841
0.0067153604
0.0067014798
0.0066862239
0.0066694636
0.0066510575
0.0066308519
0.0066086787
0.0065843549
0.0065576813
0.006528441
0.0064963986
0.0064612983
0.0064228631
0.0063807932
0.0063347648
0.0062844293
0.0062294124
0.0061693138
0.0061037079
0.0060321451
0.005954155
0.0058692526
0.0057769474
0.005676759
0.0055682409
0.005451017
0.0053248379
0.0051896655
0.0050458005
0.0048940708
0.0047361077
0.0045747366
0.004414505
0.0042623282
0.0041281371
0.0040251914
0.0039694226
0.0039769889
0.0040597492
0.0042199458
0.0044470502
0.0047192573
0.0050091472
0.0052904059
0.0055426202
0.0057531647
0.0059168947
0.0060347817
0.0061122487
0.0061574845
0.0061797611
0.0061878412
0.0061887347
0.006187084
0.0061852672
0.0061840249
0.006183254
0.0061826336
0.0061819334
0.006181067
0.0061800341
0.0061788616
0.0061775741
0.0061761893
0.0061747175
0.0061731661
0.0061715398
0.0061698362
0.0061680865
0.0061662973
0.0061644811
0.0061626601
0.0061608646
0.0061591349
0.006157525
0.0061561049
0.0061549688
0.0061542398
0.0061540878
0.0061547413
0.0061565353
0.0061599647
0.006165909
0.0061762571
0.0061964348
0.0062427547
0.0063532547
0.00657342
0.0068374002
0.0068374302
0.0068373351
0.0068371294
0.0068368167
0.0068363936
0.0068358536
0.0068351886
0.006834388
0.0068334399
0.0068323319
0.0068310494
0.0068295763
0.0068278961
0.0068259892
0.0068238352
0.0068214111
0.0068186918
0.0068156505
0.0068122571
0.006808478
0.0068042777
0.0067996173
0.0067944533
0.0067887387
0.006782421
0.0067754443
0.0067677463
0.0067592594
0.0067499095
0.0067396147
0.0067282866
0.0067158293
0.0067021358
0.0066870905
0.0066705682
0.0066524304
0.0066325274
0.0066106962
0.0065867591
0.0065605228
0.0065317774
0.0065002953
0.0064658306
0.0064281166
0.0063868658
0.0063417682
0.0062924911
0.006238679
0.0061799528
0.0061159098
0.0060461274
0.0059701654
0.0058875707
0.0057978874
0.0057006701
0.0055955048
0.0054820423
0.0053600462
0.0052294656
0.0050905433
0.0049439776
0.004791156
0.0046344879
0.0044778611
0.0043272175
0.0041911755
0.004081468
0.0040126968
0.0040006601
0.0040587002
0.0041926428
0.0043966435
0.0046527974
0.0049353334
0.0052172005
0.0054757907
0.0056959532
0.0058703972
0.0059985571
0.0060848845
0.0061370572
0.0061642235
0.0061753488
0.0061778677
0.0061769217
0.0061753247
0.0061741147
0.006173343
0.0061727418
0.0061720852
0.006171278
0.0061703138
0.0061692169
0.0061680117
0.0061667162
0.0061653414
0.006163895
0.0061623822
0.0061608025
0.0061591858
0.0061575401
0.0061558788
0.0061542246
0.0061526087
0.0061510721
0.0061496693
0.0061484714
0.0061475732
0.0061470989
0.0061472191
0.0061481637
0.006150269
0.0061540334
0.0061603452
0.0061711258
0.0061918975
0.0062391626
0.0063509751
0.0065724759
0.0068361097
0.0068361451
0.0068360563
0.0068358571
0.00683555
0.0068351336
0.0068346009
0.0068339431
0.0068331511
0.0068322121
0.0068311137
0.0068298421
0.0068283813
0.0068267142
0.0068248222
0.0068226847
0.0068202795
0.0068175811
0.0068145633
0.006811196
0.0068074461
0.0068032793
0.0067986565
0.0067935348
0.0067878681
0.0067816041
0.0067746877
0.0067670584
0.0067586491
0.0067493868
0.006739191
0.0067279746
0.0067156439
0.0067020939
0.0066872108
0.0066708721
0.0066529424
0.0066332752
0.0066117111
0.0065880776
0.0065621859
0.0065338317
0.0065027954
0.006468838
0.0064317013
0.0063911085
0.0063467615
0.006298341
0.0062455075
0.0061878997
0.0061251353
0.0060568143
0.0059825214
0.0059018322
0.005814321
0.0057195732
0.0056172044
0.0055068904
0.0053884104
0.0052617079
0.0051269863
0.0049848474
0.0048364903
0.0046839988
0.0045307355
0.0043818511
0.0042448674
0.0041301707
0.0040510388
0.0040225622
0.0040588055
0.0041682739
0.0043492963
0.0045880991
0.0048613402
0.0051420369
0.0054058405
0.0056351364
0.0058203305
0.0059591173
0.0060548173
0.0061144874
0.0061470712
0.0061616757
0.0061661273
0.0061660699
0.0061647834
0.0061636407
0.0061628779
0.0061622981
0.0061616868
0.006160942
0.0061600505
0.0061590337
0.0061579158
0.0061567152
0.0061554433
0.0061541086
0.0061527166
0.0061512685
0.0061497933
0.0061483004
0.0061468041
0.0061453278
0.0061439035
0.006142573
0.0061413917
0.0061404316
0.0061397885
0.0061395874
0.0061400004
0.0061412584
0.0061436996
0.0061478261
0.006154536
0.0061657846
0.0061871921
0.0062354471
0.0063486059
0.0065714918
0.006834633
0.006834674
0.0068345899
0.0068343948
0.0068340933
0.0068336812
0.0068331534
0.0068325012
0.006831714
0.0068307814
0.0068296895
0.0068284246
0.0068269716
0.0068253131
0.0068234303
0.0068213032
0.0068189096
0.0068162247
0.0068132218
0.0068098713
0.0068061405
0.0068019953
0.0067973968
0.0067923026
0.0067866676
0.0067804399
0.0067735644
0.0067659817
0.0067576257
0.0067484238
0.0067382975
0.006727161
0.0067149198
0.0067014723
0.0066867071
0.0066705022
0.0066527251
0.0066332326
0.0066118684
0.0065884628
0.0065628315
0.0065347755
0.0065040809
0.0064705144
0.0064338255
0.0063937462
0.0063499885
0.0063022451
0.0062501884
0.0061934725
0.0061317333
0.0060645898
0.0059916482
0.0059125085
0.0058267711
0.0057340487
0.0056339833
0.0055262742
0.005410716
0.0052872518
0.0051560585
0.005017666
0.0048731268
0.0047242687
0.0045740338
0.0044269297
0.0042895653
0.0041711595
0.0040837416
0.0040415122
0.0040587078
0.0041457104
0.0043043824
0.0045250304
0.0047873035
0.0050650685
0.005332803
0.0055706147
0.0057665105
0.0059162482
0.0060218369
0.006089585
0.0061281439
0.0061466978
0.0061534271
0.0061544737
0.0061536091
0.0061525798
0.0061518401
0.0061512851
0.0061507211
0.0061500415
0.0061492264
0.0061482943
0.0061472688
0.0061461685
0.0061450055
0.0061437889
0.0061425248
0.0061412161
0.0061398909
0.0061385601
0.006137239
0.0061359516
0.0061347309
0.0061336196
0.0061326743
0.0061319677
0.0061315968
0.006131688
0.0061324143
0.0061340085
0.0061368108
0.0061413275
0.006148467
0.0061602199
0.006182306
0.0062315957
0.0063461359
0.006570464
0.006832948
0.0068329934
0.0068329132
0.0068327219
0.0068324237
0.0068320153
0.0068314908
0.0068308422
0.0068300587
0.0068291287
0.0068280408
0.0068267794
0.0068253305
0.0068236766
0.0068217987
0.0068196766
0.0068172889
0.0068146108
0.0068116153
0.0068082732
0.0068045522
0.0068004183
0.0067958331
0.0067907542
0.0067851365
0.0067789299
0.0067720788
0.0067645239
0.0067561999
0.0067470355
0.0067369525
0.0067258664
0.0067136838
0.006700304
0.0066856167
0.0066695022
0.0066518298
0.0066324588
0.0066112354
0.0065879918
0.006562548
0.0065347092
0.0065042648
0.0064709871
0.0064346334
0.0063949418
0.0063516329
0.006304409
0.0062529531
0.006196932
0.0061359959
0.006069781
0.005997913
0.0059200112
0.0058356981
0.0057446106
0.0056464146
0.0055408303
0.0054276671
0.0053068715
0.0051786018
0.0050433328
0.0049020045
0.0047562402
0.0046086445
0.0044632003
0.0043257574
0.0042045332
0.0041104176
0.0040566512
0.0040572684
0.0041238657
0.0042611684
0.004463302
0.0047132407
0.0049863934
0.0052566921
0.0055022712
0.0057087261
0.005869702
0.0059857011
0.006062135
0.0061072629
0.0061302772
0.00613967
0.0061420709
0.0061417643
0.0061409079
0.0061402114
0.0061396863
0.0061391716
0.0061385599
0.0061378251
0.0061369822
0.0061360539
0.0061350593
0.0061340111
0.006132919
0.0061317899
0.0061306282
0.0061294614
0.0061283019
0.0061271658
0.0061260783
0.0061250731
0.0061241943
0.0061234992
0.0061230619
0.0061229806
0.0061233829
0.0061244435
0.0061263971
0.006129586
0.0061345213
0.0061421226
0.0061544172
0.0061772252
0.0062275943
0.0063435518
0.0065693882
0.0068310084
0.00683106
0.006830983
0.0068307961
0.0068304997
0.0068300941
0.0068295719
0.0068289252
0.006828144
0.0068272159
0.0068261287
0.0068248695
0.0068234215
0.0068217683
0.0068198914
0.0068177707
0.0068153841
0.0068127074
0.0068097127
0.006806372
0.0068026537
0.0067985232
0.0067939418
0.0067888678
0.0067832559
0.0067770567
0.0067702149
0.006762672
0.0067543626
0.0067452154
0.0067351538
0.0067240933
0.0067119422
0.0066986006
0.0066839578
0.0066678959
0.0066502875
0.0066309923
0.0066098581
0.0065867198
0.0065614003
0.0065337078
0.0065034354
0.0064703607
0.0064342456
0.0063948333
0.006351851
0.0063050097
0.0062540023
0.0061985053
0.0061381809
0.0060726802
0.006001644
0.0059247089
0.0058415169
0.0057517248
0.0056550194
0.0055511389
0.0054399063
0.0053212742
0.0051953878
0.0050626786
0.0049239985
0.0047808073
0.0046354349
0.0044914351
0.0043540257
0.0042305694
0.0041309368
0.0040674087
0.0040535816
0.0041017496
0.0042188689
0.0044024929
0.0046390431
0.0049060295
0.0051774796
0.0054299579
0.005646728
0.0058191854
0.0059461235
0.0060318859
0.0060842221
0.0061122563
0.006124745
0.0061287906
0.0061292065
0.0061285994
0.0061279735
0.006127486
0.0061270232
0.0061264821
0.0061258312
0.0061250816
0.0061242554
0.0061233717
0.006122444
0.0061214827
0.0061204954
0.0061194882
0.0061184879
0.0061175086
0.0061165675
0.0061156906
0.0061149129
0.0061142794
0.0061138488
0.0061136964
0.0061139218
0.0061146544
0.0061160703
0.0061184064
0.0061220078
0.0061273906
0.0061354865
0.0061483606
0.0061719339
0.0062234263
0.0063408377
0.0065682598
0.0068288147
0.0068288697
0.0068287979
0.006828613
0.0068283202
0.0068279164
0.0068273954
0.0068267496
0.0068259687
0.0068250409
0.0068239534
0.0068226932
0.0068212446
0.0068195899
0.0068177106
0.0068155877
0.0068131979
0.0068105175
0.0068075197
0.0068041753
0.0068004532
0.006796319
0.0067917334
0.0067866553
0.00678104
0.0067748371
0.0067679925
0.006760448
0.0067521382
0.0067429915
0.0067329327
0.0067218777
0.0067097347
0.0066964049
0.0066817796
0.00666574
0.0066481596
0.0066289009
0.0066078123
0.0065847309
0.006559482
0.0065318763
0.0065017098
0.0064687641
0.0064328039
0.006393577
0.0063508176
0.0063042424
0.0062535525
0.0061984333
0.0061385562
0.0060735845
0.0060031718
0.0059269695
0.0058446361
0.0057558449
0.0056603
0.005557756
0.005448048
0.0053311337
0.0052071494
0.0050764931
0.0049399451
0.0047988322
0.0046552603
0.0045124284
0.0043750255
0.0042496861
0.0041453795
0.0040734688
0.0040469764
0.0040785095
0.0041767003
0.0043420792
0.0045644689
0.0048238894
0.0050950697
0.0053534764
0.005580213
0.0057643435
0.0059027565
0.0059985346
0.006058777
0.0060924503
0.0061085231
0.0061145501
0.0061158873
0.0061156262
0.0061151085
0.0061146696
0.0061142619
0.006113794
0.0061132303
0.0061125783
0.0061118588
0.006111091
0.0061102894
0.0061094648
0.006108626
0.0061077805
0.0061069547
0.0061061643
0.0061054276
0.0061047718
0.0061042331
0.0061038576
0.0061037054
0.0061038534
0.0061044027
0.0061054843
0.0061072763
0.0061100183
0.0061140581
0.0061199177
0.0061285413
0.0061420331
0.0061664147
0.0062190723
0.0063379748
0.006567074
0.0068265856
0.0068266449
0.006826576
0.0068263938
0.0068261028
0.0068257006
0.0068251801
0.0068245342
0.0068237529
0.0068228244
0.0068217353
0.0068204725
0.0068190203
0.0068173617
0.0068154784
0.00681335
0.006810954
0.0068082662
0.0068052606
0.0068019083
0.0067981767
0.0067940318
0.0067894352
0.0067843454
0.0067787179
0.0067725019
0.0067656439
0.0067580857
0.0067497626
0.0067406028
0.0067305306
0.0067194623
0.0067073073
0.0066939669
0.0066793332
0.0066632884
0.0066457058
0.0066264487
0.0066053679
0.0065823013
0.0065570761
0.006529505
0.0064993855
0.0064665023
0.006430623
0.0063914997
0.0063488722
0.0063024612
0.0062519731
0.0061971028
0.0061375284
0.0060729223
0.0060029504
0.0059272757
0.0058455695
0.0057575192
0.0056628439
0.0055613124
0.0054527691
0.0053371754
0.0052146613
0.0050855982
0.004950706
0.004811202
0.0046690065
0.004527022
0.0043894936
0.0042624315
0.0041540128
0.0040747458
0.0040370118
0.004053457
0.0041339272
0.0042814738
0.0044891552
0.004739764
0.0050092692
0.0052725473
0.005508799
0.0057047382
0.0058551699
0.0059617051
0.0060306266
0.006070635
0.0060908488
0.0060992511
0.0061017494
0.0061019567
0.0061015974
0.0061012232
0.0061008753
0.0061004832
0.0061000099
0.0060994592
0.0060988507
0.0060982036
0.0060975333
0.0060968513
0.0060961673
0.0060954903
0.0060948466
0.0060942534
0.0060937303
0.0060933058
0.0060930171
0.0060929119
0.0060930518
0.0060935152
0.0060944049
0.0060958541
0.006098043
0.0061012139
0.0061057181
0.0061120838
0.0061212684
0.0061354157
0.0061606472
0.0062145089
0.0063349398
0.0065658253
0.0068242571
0.0068243251
0.006824259
0.0068240797
0.0068237907
0.0068233894
0.0068228704
0.0068222246
0.0068214417
0.0068205119
0.0068194209
0.0068181551
0.0068166988
0.0068150347
0.0068131452
0.00681101
0.0068086061
0.0068059098
0.0068028941
0.0067995302
0.0067957863
0.006791628
0.0067870164
0.0067819102
0.0067762655
0.0067700314
0.0067631535
0.0067555742
0.0067472285
0.006738046
0.0067279498
0.006716857
0.0067046775
0.0066913119
0.0066766526
0.0066605834
0.0066429782
0.0066236996
0.0066025998
0.0065795191
0.006554284
0.0065267094
0.0064965943
0.0064637253
0.0064278738
0.0063887949
0.0063462299
0.0062999046
0.006249531
0.0061948083
0.0061354229
0.0060710544
0.0060013768
0.0059260631
0.0058447946
0.0057572711
0.005663223
0.0055624295
0.0054547437
0.0053401291
0.0052187087
0.0050908308
0.0049571638
0.004818833
0.0046776009
0.0045361187
0.0043982544
0.0042694811
0.0041572787
0.0040713708
0.0040234758
0.0040260908
0.0040899054
0.0042200665
0.004412634
0.00465331
0.0049197587
0.0051867793
0.0054319941
0.0056398176
0.0058028205
0.0059209212
0.0059993903
0.0060465286
0.0060715291
0.0060827717
0.0060867233
0.0060875541
0.0060874204
0.0060871338
0.006086852
0.0060865384
0.0060861584
0.0060857126
0.0060852192
0.0060846974
0.0060841631
0.0060836291
0.0060831057
0.0060826037
0.0060821493
0.0060817611
0.0060814604
0.0060812766
0.0060812485
0.0060814254
0.0060818704
0.0060826637
0.00608391
0.0060857449
0.0060883509
0.0060919735
0.0060969678
0.0061038687
0.0061136474
0.0061284875
0.0061546081
0.0062097084
0.0063317051
0.0065645079
0.0068115537
0.0068232915
0.0068229237
0.006822737
0.0068224396
0.0068220303
0.0068215016
0.006820846
0.0068200536
0.0068191112
0.0068180084
0.0068167296
0.0068152599
0.0068135817
0.0068116765
0.0068095246
0.006807103
0.0068043877
0.0068013517
0.0067979668
0.0067942003
0.0067900171
0.0067853801
0.0067802465
0.0067745726
0.0067683079
0.0067613976
0.0067537837
0.0067454016
0.0067361813
0.0067260454
0.0067149111
0.0067026888
0.0066892789
0.0066745743
0.006658458
0.0066408057
0.0066214796
0.0066003323
0.0065772051
0.0065519256
0.0065243095
0.0064941571
0.0064612561
0.0064253801
0.0063862869
0.0063437194
0.0062974067
0.006247066
0.0061923994
0.0061330988
0.0060688501
0.0059993332
0.005924229
0.0058432277
0.0057560373
0.0056623965
0.0055620916
0.0054549829
0.0053410344
0.0052203605
0.0050932873
0.0049604393
0.0048228595
0.0046821734
0.0045408163
0.0044023289
0.0042717191
0.0041558504
0.0040637287
0.0040064146
0.0039961322
0.0040441283
0.0041572708
0.0043343568
0.0045640438
0.0048260586
0.0050956209
0.0053491479
0.0055688701
0.0057450097
0.0058755665
0.0059645732
0.0060197659
0.0060503147
0.0060649563
0.0060707205
0.0060723726
0.0060725545
0.0060723881
0.0060721819
0.00607195
0.006071666
0.0060713284
0.0060709537
0.0060705611
0.0060701675
0.0060697862
0.0060694289
0.0060691077
0.0060688491
0.0060686733
0.0060686028
0.0060686688
0.0060689113
0.0060693813
0.0060701436
0.0060712805
0.006072899
0.0060751369
0.0060781796
0.0060822761
0.0060877856
0.0060952503
0.0061056557
0.0061212246
0.00614827
0.0062046371
0.0063282365
0.006563115
0.0068194687
0.0068196569
0.0068195945
0.0068194212
0.006819137
0.006818738
0.0068182208
0.0068175756
0.0068167918
0.0068158594
0.0068147631
0.0068134916
0.0068120271
0.0068103539
0.0068084531
0.0068063036
0.0068038843
0.0068011696
0.0067981329
0.0067947461
0.0067909769
0.0067867894
0.0067821466
0.0067770066
0.0067713243
0.0067650498
0.0067581284
0.0067505017
0.0067421057
0.0067328707
0.0067227183
0.0067115654
0.0066993231
0.0066858922
0.0066711655
0.0066550274
0.0066373525
0.0066180036
0.0065968338
0.0065736851
0.0065483851
0.0065207503
0.0064905834
0.0064576724
0.0064217912
0.0063827007
0.0063401458
0.0062938579
0.0062435561
0.0061889468
0.0061297255
0.0060655816
0.0059962
0.0059212674
0.0058404805
0.0057535516
0.005660225
0.005560292
0.0054536132
0.0053401512
0.00522001
0.0050934917
0.0049611776
0.0048240349
0.0046835662
0.0045420141
0.0044026302
0.0042700099
0.0041504668
0.0040523499
0.0039860801
0.0039635279
0.0039962795
0.0040926069
0.0042537844
0.0044714093
0.0047275678
0.004998371
0.0052594401
0.0054909987
0.0056808479
0.0058248439
0.0059255268
0.0059898636
0.0060268751
0.0060455981
0.0060536243
0.0060563531
0.006056972
0.0060569724
0.0060568559
0.0060567098
0.0060565243
0.0060562975
0.0060560447
0.006055785
0.0060555358
0.0060553116
0.0060551252
0.00605499
0.006054933
0.006054976
0.0060551431
0.0060554668
0.006055989
0.0060567622
0.0060578533
0.0060593468
0.0060613518
0.0060640092
0.0060675073
0.006072099
0.0060781482
0.0060862047
0.0060972684
0.0061136
0.0061416009
0.0061992547
0.0063244926
0.0065616393
0.0068188011
0.0068188751
0.0068188156
0.0068186404
0.0068183532
0.0068179529
0.0068174316
0.0068167823
0.0068159944
0.0068150564
0.0068139552
0.0068126762
0.0068112047
0.006809523
0.0068076134
0.0068054537
0.0068030227
0.0068002961
0.006797246
0.0067938442
0.0067900582
0.0067858534
0.0067811918
0.0067760307
0.0067703262
0.0067640281
0.0067570807
0.0067494263
0.0067410005
0.0067317326
0.006721546
0.0067103574
0.0066980766
0.0066846046
0.0066698341
0.0066536508
0.006635929
0.0066165298
0.0065953087
0.0065721076
0.0065467533
0.0065190627
0.0064888406
0.0064558752
0.0064199402
0.006380799
0.0063381978
0.0062918694
0.0062415345
0.0061869017
0.0061276704
0.0060635321
0.005994176
0.0059192923
0.0058385808
0.0057517585
0.0056585732
0.0055588182
0.0054523529
0.0053391347
0.0052192547
0.0050929919
0.0049608834
0.0048238248
0.0046832043
0.0045410884
0.0044004656
0.0042655572
0.0041421765
0.0040380629
0.0039630151
0.0039284951
0.00394626
0.0040257221
0.0041703909
0.0043747586
0.0046235163
0.0048941123
0.0051618049
0.0054050428
0.0056091783
0.0057677052
0.005881386
0.0059561692
0.0060007594
0.0060244132
0.0060352736
0.0060394142
0.0060406362
0.0060408706
0.0060408652
0.0060408106
0.0060407258
0.0060406123
0.006040484
0.00604036
0.0060402585
0.0060401949
0.0060401835
0.0060402387
0.0060403883
0.0060406556
0.0060410666
0.0060416552
0.0060424649
0.0060435505
0.0060449806
0.0060468423
0.0060492473
0.0060523394
0.0060563105
0.0060614176
0.0060680298
0.0060767051
0.0060884573
0.0061055827
0.0061345633
0.0061935134
0.0063204236
0.0065600722
0.0068181629
0.0068182371
0.0068181781
0.0068180025
0.0068177154
0.0068173143
0.0068167926
0.0068161419
0.0068153531
0.0068144137
0.0068133105
0.0068120295
0.0068105554
0.0068088717
0.006806959
0.006804796
0.0068023611
0.00679963
0.0067965753
0.0067931686
0.0067893773
0.0067851664
0.006780498
0.0067753304
0.0067696182
0.0067633114
0.0067563552
0.006748692
0.0067402569
0.0067309782
0.00672078
0.0067095802
0.0066972878
0.0066838036
0.0066690204
0.0066528235
0.0066350877
0.0066156753
0.0065944405
0.0065712259
0.0065458591
0.0065181566
0.0064879237
0.006454949
0.0064190075
0.0063798625
0.0063372612
0.0062909374
0.0062406117
0.0061859953
0.0061267892
0.0060626854
0.0059933747
0.0059185491
0.0058379094
0.0057511738
0.0056580893
0.0055584479
0.0054521043
0.0053390064
0.0052192284
0.0050930217
0.004960879
0.0048236237
0.0046825343
0.0045395109
0.0043972975
0.0042597706
0.0041322791
0.0040219895
0.0039380937
0.0038916023
0.003894308
0.0039565422
0.0040838322
0.0042735097
0.0045130856
0.00478178
0.0050549511
0.0053095605
0.0055285306
0.0057027865
0.0058309991
0.0059177952
0.0059713436
0.0060010024
0.0060154387
0.0060214389
0.0060234948
0.0060240614
0.0060242005
0.0060242462
0.0060242648
0.0060242661
0.0060242643
0.0060242781
0.0060243268
0.0060244266
0.0060245931
0.0060248422
0.0060252023
0.0060256985
0.0060263585
0.0060272178
0.0060283219
0.0060297275
0.0060315056
0.0060337458
0.0060365627
0.0060401035
0.0060445636
0.0060502051
0.0060574024
0.006066722
0.0060791911
0.0060971379
0.0061271148
0.0061873577
0.0063159715
0.0065584035
0.0068181762
0.0068182482
0.0068181867
0.006818012
0.0068177277
0.0068173296
0.0068168112
0.0068161645
0.0068153801
0.0068144457
0.0068133481
0.0068120736
0.0068106062
0.0068089295
0.0068070249
0.0068048712
0.0068024468
0.0067997268
0.0067966843
0.006793291
0.0067895149
0.0067853205
0.00678067
0.0067755224
0.0067698313
0.0067635473
0.0067566172
0.0067489825
0.0067405779
0.0067313329
0.0067211713
0.006710011
0.0066977623
0.0066843255
0.0066695942
0.0066534534
0.0066357774
0.0066164314
0.0065952681
0.00657213
0.0065468466
0.0065192343
0.006489098
0.0064562268
0.0064203973
0.0063813718
0.0063388981
0.0062927106
0.0062425295
0.0061880657
0.0061290203
0.0060650852
0.0059959494
0.0059213035
0.0058408469
0.0057542941
0.0056613867
0.00556191
0.0054557085
0.0053427134
0.0052229768
0.0050967152
0.0049643706
0.0048266912
0.0046848445
0.0045405675
0.0043963712
0.0042558039
0.0041237734
0.0040068953
0.0039137554
0.0038548633
0.0038419152
0.0038859533
0.0039943244
0.0041671665
0.0043950625
0.0046595046
0.0049364983
0.0052018831
0.0054362109
0.005627614
0.0057722911
0.0058731525
0.0059375222
0.0059746774
0.0059937484
0.0060022682
0.006005512
0.0060065694
0.00600691
0.0060070717
0.006007197
0.0060073142
0.0060074401
0.0060075928
0.006007793
0.0060080576
0.006008404
0.006008849
0.0060094221
0.0060101503
0.0060110632
0.0060121977
0.0060136014
0.0060153332
0.0060174668
0.0060200942
0.0060233333
0.006027335
0.0060322989
0.0060384922
0.0060462955
0.0060562837
0.0060694963
0.0060882874
0.0061192646
0.0061807728
0.0063110972
0.0065565642
)
;

boundaryField
{
    airfoil
    {
        type            nutkWallFunction;
        Cmu             0.09;
        kappa           0.41;
        E               9.8;
        value           uniform 0;
    }
    farfield
    {
        type            freestream;
        freestreamValue uniform 0;
        value           nonuniform List<scalar> 
896
(
0.0067626194
0.0067626194
0.0067625982
0.0067625049
0.0067623321
0.0067620738
0.0067617213
0.0067612665
0.0067606991
0.0067600094
0.0067591863
0.0067582156
0.0067570859
0.0067557824
0.0067542875
0.0067525844
0.0067506545
0.0067484756
0.0067460266
0.0067432822
0.0067402145
0.006736795
0.0067329917
0.0067287687
0.0067240873
0.0067189064
0.0067131816
0.0067068627
0.0066998968
0.0066922253
0.0066837826
0.0066745011
0.0066643064
0.0066531168
0.0066408434
0.0066273904
0.006612655
0.006596525
0.0065788792
0.0065595861
0.006538506
0.0065154877
0.006490368
0.0064629728
0.0064331165
0.0064006016
0.0063652166
0.0063267381
0.0062849321
0.0062395517
0.0061903395
0.006137029
0.006079346
0.0060170129
0.0059497512
0.0058772857
0.0057993518
0.0057157036
0.005626126
0.0055304459
0.0054285513
0.0053204156
0.005206128
0.0050859327
0.0049602805
0.0048299018
0.0046958978
0.0045598618
0.0044240406
0.004291533
0.0041665259
0.0040545405
0.0039626116
0.0038992497
0.003873947
0.003895948
0.0039721764
0.0041046911
0.0042886738
0.0045121689
0.0047581062
0.005007888
0.0052449902
0.0054572594
0.0056374955
0.0057827763
0.0058933029
0.0059714022
0.0060209205
0.0060469039
0.0060552568
0.0060521584
0.0060432311
0.0060327652
0.006023336
0.0060159804
0.0060107241
0.0060071548
0.0060047893
0.0060032415
0.0060022356
0.0060016016
0.0060012245
0.0060010493
0.0060010383
0.0060011904
0.0060015081
0.0060020239
0.0060027637
0.0060037921
0.0060051697
0.0060069941
0.0060093691
0.0060124693
0.0060164578
0.006021677
0.0060284633
0.0060374428
0.0060492457
0.0060651979
0.0060841197
0.0060841197
0.0067667104
0.0060876644
0.0067691701
0.006091232
0.0067765478
0.0060947595
0.0067721018
0.0060982531
0.0067791302
0.0061017181
0.0067925122
0.0061051588
0.0067971638
0.0061085788
0.0068013745
0.0061119809
0.0068051403
0.0061153677
0.0068084344
0.0061187416
0.0068112477
0.0061221048
0.0068135787
0.0061254592
0.0068154445
0.0061288067
0.0068168394
0.0061321491
0.0068177596
0.0061354881
0.0068181893
0.0061388254
0.0068181187
0.0061421625
0.0068175245
0.0061455008
0.006816365
0.0061488419
0.0068145928
0.0061521871
0.0068121466
0.0061555377
0.0068089161
0.006158895
0.006804795
0.0061622602
0.0067996484
0.0061656344
0.006793299
0.0061690187
0.006785519
0.0061724142
0.0067759231
0.006175822
0.0067625051
0.0061792429
0.0067397286
0.006182678
0.0066804235
0.0061861281
0.0017578443
0.0061895941
0.00012797963
0.0061930769
5.6924378e-05
0.0061965772
3.954476e-05
0.0062000958
3.1912039e-05
0.0062036335
2.7750709e-05
0.0062071911
2.6817617e-05
0.0062107691
2.9389603e-05
0.0062143684
3.5289041e-05
0.0062179896
3.6581709e-05
0.0062216334
3.469721e-05
0.0062253004
3.5701466e-05
0.0062289912
4.1408536e-05
0.0062327065
5.3358066e-05
0.0062364469
6.7479827e-05
0.006240213
7.8069333e-05
0.0062440053
0.00010549969
0.0062478246
0.00012629494
0.0062516713
0.00014447508
0.0062555461
0.00015549111
0.0062594496
0.00016460704
0.0062633823
0.00017562454
0.0062673448
0.00018607304
0.0062713377
0.00019778906
0.0062753616
0.00020692646
0.0062794171
0.00021279501
0.0062835047
0.00020863751
0.0062876251
0.00018064541
0.0062917788
0.00012697338
0.0062959665
0.00010179
0.0063001888
8.7763042e-05
0.0063044463
8.0189146e-05
0.0063087395
7.8868824e-05
0.0063130693
8.621804e-05
0.0063174361
0.00010734725
0.0063218407
0.00014780575
0.0063262836
0.00021256427
0.0063307657
0.00030543772
0.0063352876
0.00042498486
0.00633985
0.00056984463
0.0063444536
0.00083145243
0.0063490991
0.0013198616
0.0063537873
0.0013897305
0.0063585189
0.0010820449
0.0063632948
0.00078145787
0.0063681157
0.00054832995
0.0063729824
0.00040823792
0.0063778958
0.00033654309
0.0063828567
0.00029456543
0.006387866
0.00026080619
0.0063929246
0.00022893194
0.0063980333
0.00019802589
0.0064031931
0.00016812067
0.006408405
0.00013919473
0.0064136699
0.00011105691
0.0064189888
8.2708161e-05
0.0064243628
4.924094e-05
0.0064297928
5.73918e-07
0.0064352801
0.0064408256
0.0064464306
0.0064520962
0.0064578236
0.0064636141
0.0064694689
0.0064753895
0.006481377
0.0064874331
0.006493559
0.0064997563
0.0065060266
0.0065123714
0.0065187923
0.0065252912
0.0065318697
0.0065385296
0.0065452728
0.0065521013
0.0065590171
0.0065660222
0.0065731187
0.0065803091
0.0065875954
0.0065949803
0.0066024661
0.0066100555
0.0066177514
0.0066255565
0.0066334739
0.0066415316
0.0066517616
0.0066620936
0.0066724991
0.0066829784
0.0066935325
0.0067041625
0
0
0
0
0
0
0
0
0
0
0
0
0
0
0
0
0
0
0
0
0
0
0
0
0
0
0
0
0
0
0
0
0
0
0
0
0
0
0
0
0
0
0
0
0
0
0
0
0
0
0
0
0
0
0
0
0
0
0
0
0
0
0
0
0
0
0
0
0
0
0
0
0
0
0
0
0
0
0
0
0
0
0
0
0
0
0
0
0
0
0
0
0
0
0
0
0
0
0
0
0
0
0
0
0
0
0
0
0
0
0
0
0
0
0
0
0
0
0
0
0
0
0
0
0
0
0
0
0
0
0
0
0
0
0
0
0
0
0
0
0
0
0
0
0
0
0
0
0
0
0
0
0
0
0
0
0
0
0
0
0
0
0
0
0
0
0
0
0
0
0
0
0
0
0
0
0
0
0
0
0
0
0
0
0
0
0
0
0
0
0
0
0
0
0
0
0
0
0
0
0
0
0
0
0
0
0
0
0
0
0
0
0
0
0
0
0
0
0
0
0
0
0
0
0
0
0
0
0
0
0
0
0
0
0
0
0
0
0
0
0
0
0
0
0
0
0
0
0
0
0
0
0
0
0
0
0
0
0
0
0
0
0
0
0
0
0
0
0
0
0
0
0
0
0
0
0
0
0
0
0
0
0
0
0
0
0
0
0
0
0
0
0
0
0
0
0
0
0
0
0
0
0
0
0
0
0
0
0
0
0
0
0
0
0
0
0
0
0
0
0
0
0
0
0
0
0
0
0
0
0
0
0
0
0
0
0
0
0
0
0
0
0
0
0
0
0
0
0
0
0
0
0
0
0
0
0
0
0
0
0
0
0
0
0
0
0
0
0
0
0
0
0
0
0
0
0
0
0
0
0
0
0
0
0
0
0
0
0
0
0
0
0
0
0
0
0
0
0
0
0
0
0
0
0
0
0
0
0
0
0
0
0
0
0
0
0
0
0
0
0
0
0
0
0
0
0
0
0
0
0
0
0
0
0
0
0
0
0
0.0068181762
0
0.0068182482
0.0068181867
0.006818012
0.0068177277
0.0068173296
0.0068168112
0.0068161645
0.0068153801
0.0068144457
0.0068133481
0.0068120736
0.0068106062
0.0068089295
0.0068070249
0.0068048712
0.0068024468
0.0067997268
0.0067966843
0.006793291
0.0067895149
0.0067853205
0.00678067
0.0067755224
0.0067698313
0.0067635473
0.0067566172
0.0067489825
0.0067405779
0.0067313329
0.0067211713
0.006710011
0.0066977623
0.0066843255
0.0066695942
0.0066534534
0.0066357774
0.0066164314
0.0065952681
0.00657213
0.0065468466
0.0065192343
0.006489098
0.0064562268
0.0064203973
0.0063813718
0.0063388981
0.0062927106
0.0062425295
0.0061880657
0.0061290203
0.0060650852
0.0059959494
0.0059213035
0.0058408469
0.0057542941
0.0056613867
0.00556191
0.0054557085
0.0053427134
0.0052229768
0.0050967152
0.0049643706
0.0048266912
0.0046848445
0.0045405675
0.0043963712
0.0042558039
0.0041237734
0.0040068953
0.0039137554
0.0038548633
0.0038419152
0.0038859533
0.0039943244
0.0041671665
0.0043950625
0.0046595046
0.0049364983
0.0052018831
0.0054362109
0.005627614
0.0057722911
0.0058731525
0.0059375222
0.0059746774
0.0059937484
0.0060022682
0.006005512
0.0060065694
0.00600691
0.0060070717
0.006007197
0.0060073142
0.0060074401
0.0060075928
0.006007793
0.0060080576
0.006008404
0.006008849
0.0060094221
0.0060101503
0.0060110632
0.0060121977
0.0060136014
0.0060153332
0.0060174668
0.0060200942
0.0060233333
0.006027335
0.0060322989
0.0060384922
0.0060462955
0.0060562837
0.0060694963
0.0060882874
0.0061192646
0.0061807728
0.0063110972
0.0065565642
0
)
;
    }
    frontAndBack
    {
        type            empty;
    }
}


// ************************************************************************* //
