/*--------------------------------*- C++ -*----------------------------------*\
  =========                 |
  \\      /  F ield         | OpenFOAM: The Open Source CFD Toolbox
   \\    /   O peration     | Website:  https://openfoam.org
    \\  /    A nd           | Version:  8
     \\/     M anipulation  |
\*---------------------------------------------------------------------------*/
/*   Windows 32 and 64 bit porting by blueCAPE: http://www.bluecape.com.pt   *\
|  Based on Windows porting (2.0.x v4) by Symscape: http://www.symscape.com   |
\*---------------------------------------------------------------------------*/
FoamFile
{
    version     2.0;
    format      ascii;
    class       volScalarField;
    location    "2400";
    object      p;
}
// * * * * * * * * * * * * * * * * * * * * * * * * * * * * * * * * * * * * * //

dimensions      [0 2 -2 0 0 0 0];

internalField   nonuniform List<scalar> 
57360
(
0.000219694
0.00033681941
0.00034297989
0.00033270894
0.00032974227
0.00032999268
0.00033042582
0.00033041891
0.00033038479
0.00033048523
0.00033039286
0.00033040579
0.0003304105
0.00033040674
0.00033040269
0.00033048042
0.00033041044
0.00033040065
0.00033045451
0.00033041699
0.00033040874
0.00033042568
0.00033043645
0.00033043282
0.00033039766
0.00033040344
0.00033042282
0.00033038456
0.00033038729
0.00033037027
0.00033036144
0.00033034331
0.00033032436
0.00033030749
0.00033028193
0.00033025831
0.00033021908
0.0003301932
0.00033015732
0.00033011182
0.00033006119
0.00033001901
0.00032995501
0.00032989394
0.00032981926
0.00032974812
0.00032965355
0.00032956308
0.00032945884
0.00032934133
0.00032921061
0.00032907432
0.00032891663
0.00032874766
0.00032855806
0.00032835575
0.00032812368
0.00032787943
0.00032760199
0.0003273045
0.00032697216
0.00032661256
0.00032621241
0.00032577918
0.00032529958
0.00032477786
0.00032420223
0.00032357513
0.00032288392
0.00032213038
0.00032129771
0.00032038648
0.00031937506
0.00031825825
0.00031700642
0.00031560565
0.00031401658
0.00031221652
0.00031015709
0.00030781076
0.00030512125
0.00030205838
0.00029856042
0.00029459839
0.00029011606
0.00028510212
0.00027952377
0.00027340445
0.00026674544
0.00025960451
0.00025200167
0.0002440042
0.00023562501
0.00022692904
0.00021793193
0.00020871745
0.00019931648
0.00018982009
0.00018025534
0.00017069027
0.0001611377
0.00015158573
0.00014210658
0.00013245341
0.00012305401
0.00011293609
0.00010378134
9.2497083e-05
8.4335678e-05
7.0656917e-05
6.5347744e-05
4.7484169e-05
4.7654669e-05
2.4783641e-05
3.1278374e-05
6.6040341e-06
1.6218342e-05
-4.9426029e-06
1.0187024e-05
-1.3952867e-05
0.00060779765
0.00093225556
0.00094878414
0.00092074681
0.00091238715
0.00091330583
0.00091431971
0.00091451438
0.00091454377
0.0009144496
0.00091437533
0.00091464566
0.00091453291
0.00091452229
0.00091457992
0.00091453309
0.00091457416
0.00091463236
0.00091455677
0.00091459074
0.0009145965
0.00091460603
0.00091455101
0.00091456976
0.00091454277
0.00091456614
0.00091448794
0.00091452407
0.00091447638
0.00091443172
0.00091439903
0.00091438512
0.00091432881
0.00091427577
0.00091421985
0.00091416118
0.0009141042
0.00091401904
0.00091393034
0.00091385283
0.00091374363
0.00091362966
0.00091350585
0.00091337372
0.00091322172
0.00091305378
0.00091287727
0.00091267417
0.00091244999
0.00091221526
0.00091194711
0.00091165424
0.00091133381
0.00091098304
0.00091059419
0.00091017018
0.00090970369
0.00090919097
0.00090862838
0.00090801014
0.00090732997
0.0009065849
0.00090576546
0.00090486542
0.00090387561
0.00090279048
0.00090159646
0.00090028739
0.00089884727
0.00089726691
0.00089553075
0.00089362433
0.00089152693
0.00088922316
0.00088668658
0.00088389747
0.00088082903
0.00087746387
0.00087377954
0.00086976543
0.00086540495
0.00086068756
0.00085558988
0.00085008923
0.00084414255
0.0008377049
0.00083070663
0.00082307655
0.0008147169
0.00080553611
0.00079542322
0.00078428882
0.00077202762
0.00075855955
0.0007437755
0.0007275897
0.00070987762
0.00069055533
0.00066949395
0.00064661284
0.00062181424
0.00059498991
0.00056618025
0.0005350777
0.00050222583
0.00046654319
0.00043015925
0.00038954255
0.00035132168
0.00030507106
0.00026900202
0.0002155254
0.00018897356
0.00012624427
0.00011721762
4.8880417e-05
5.8754863e-05
-6.8365379e-06
3.5733545e-05
-4.0910133e-05
0.0011159508
0.001703072
0.0017289252
0.0016842808
0.001670567
0.0016718322
0.0016735627
0.0016739786
0.0016738302
0.0016738478
0.0016739787
0.0016739026
0.0016739203
0.0016740909
0.0016740218
0.0016739944
0.0016740981
0.001674073
0.0016740576
0.0016740763
0.0016740658
0.0016740765
0.001674042
0.001674035
0.0016740275
0.0016739612
0.0016739704
0.0016739114
0.0016738643
0.0016738357
0.0016737742
0.0016736842
0.0016736424
0.0016735548
0.001673463
0.0016733698
0.0016732538
0.001673146
0.0016730036
0.001672861
0.0016727012
0.0016725202
0.00167233
0.0016721166
0.0016718791
0.0016716236
0.001671337
0.0016710324
0.0016706884
0.0016703154
0.0016699055
0.0016694554
0.0016689646
0.001668425
0.0016678321
0.0016671818
0.0016664704
0.001665691
0.0016648336
0.0016638968
0.0016628673
0.0016617399
0.0016605029
0.0016591473
0.0016576596
0.0016560306
0.0016542432
0.0016522835
0.0016501347
0.0016477793
0.0016451929
0.0016423556
0.0016392367
0.0016358054
0.0016320254
0.001627856
0.0016232518
0.0016181674
0.0016125527
0.0016063603
0.001599534
0.0015920185
0.0015837446
0.0015746406
0.001564618
0.0015535878
0.0015414415
0.0015280707
0.0015133458
0.0014971388
0.0014792954
0.0014596638
0.0014380636
0.0014143189
0.0013882202
0.0013595715
0.0013281353
0.0012936994
0.0012560109
0.0012148463
0.0011699813
0.0011211528
0.0010683209
0.001011025
0.00094985464
0.00088357793
0.00081464161
0.00073927556
0.00066499549
0.00058071873
0.00050685359
0.00041351953
0.00035092655
0.00024764383
0.00021090783
0.00010177214
9.9014244e-05
-6.2360459e-06
4.9735889e-05
-7.2098015e-05
0.0015843157
0.0024282368
0.0024723109
0.0023995311
0.0023775166
0.0023799193
0.0023827695
0.0023829988
0.0023831485
0.002383058
0.0023831189
0.0023831485
0.0023833354
0.0023831671
0.0023833136
0.0023833849
0.00238331
0.0023833083
0.0023834072
0.0023833518
0.002383365
0.0023833341
0.0023833508
0.0023832711
0.0023833039
0.0023832308
0.0023831816
0.0023831603
0.0023830756
0.0023830164
0.0023829458
0.0023828539
0.0023827495
0.0023826575
0.0023825313
0.0023824057
0.0023822509
0.0023820858
0.0023819212
0.0023817177
0.0023814963
0.0023812723
0.0023809981
0.0023807154
0.0023804055
0.0023800514
0.0023796778
0.0023792568
0.0023788068
0.0023783005
0.0023777521
0.0023771528
0.0023764897
0.0023757654
0.0023749741
0.002374104
0.0023731508
0.0023721039
0.0023709602
0.0023697028
0.002368327
0.0023668179
0.0023651632
0.0023633511
0.0023613644
0.0023591862
0.0023568009
0.0023541864
0.0023513204
0.0023481804
0.0023447368
0.0023409594
0.0023368111
0.0023322521
0.0023272325
0.0023217026
0.0023156025
0.0023088767
0.0023014598
0.0022932901
0.002284293
0.0022743944
0.0022634988
0.0022515064
0.0022382945
0.0022237342
0.0022076704
0.0021899417
0.0021703557
0.002148714
0.0021247829
0.002098322
0.0020690542
0.0020366965
0.0020009259
0.0019614189
0.0019178095
0.0018697426
0.0018168319
0.0017587023
0.0016950157
0.0016253598
0.0015496389
0.0014672532
0.001378878
0.0012831313
0.0011828389
0.00107399
0.00096502159
0.00084429153
0.00073409054
0.00060312579
0.0005053713
0.00036535668
0.00029938934
0.00015552221
0.00013609796
-2.9599062e-06
6.1535946e-05
-0.00010289635
0.0018531796
0.0030824557
0.0032856916
0.0031759622
0.0031307795
0.0031308981
0.0031353799
0.0031368989
0.0031365929
0.0031366432
0.0031367208
0.0031366875
0.0031368156
0.0031369129
0.0031369274
0.0031369115
0.0031370016
0.0031369734
0.0031370012
0.0031370232
0.0031369757
0.0031369667
0.0031369562
0.003136935
0.0031368465
0.0031368432
0.0031367903
0.0031366696
0.0031366456
0.0031365221
0.003136438
0.003136319
0.0031361933
0.0031360493
0.0031359044
0.0031357142
0.0031355365
0.0031353222
0.0031350774
0.003134827
0.003134553
0.0031342312
0.0031338935
0.0031335157
0.0031331004
0.0031326529
0.0031321511
0.0031316069
0.0031310079
0.0031303502
0.0031296302
0.0031288387
0.0031279722
0.0031270225
0.0031259776
0.0031248348
0.0031235803
0.0031222069
0.0031206966
0.0031190437
0.0031172292
0.0031152415
0.0031130595
0.0031106678
0.0031080453
0.0031051702
0.0031020156
0.0030985589
0.0030947663
0.0030906068
0.0030860427
0.0030810312
0.0030755232
0.0030694655
0.0030627913
0.0030554355
0.003047321
0.0030383713
0.0030285027
0.0030176299
0.0030056543
0.0029924699
0.0029779506
0.0029619607
0.0029443379
0.002924909
0.0029034734
0.0028798155
0.0028536883
0.0028248265
0.0027929303
0.0027576797
0.0027187152
0.0026756611
0.0026280945
0.0025755842
0.002517652
0.0024538245
0.0023835987
0.0023064752
0.0022220205
0.0021296993
0.0020293913
0.0019203785
0.0018034694
0.0016771426
0.0015446715
0.0014017722
0.0012579236
0.0011007796
0.00095475038
0.000786769
0.00065484598
0.00047934776
0.0003847201
0.00020834623
0.00017162118
7.165762e-07
7.1428946e-05
-0.00013426696
0.0023635697
0.0038776772
0.0041061206
0.0039722977
0.0039185214
0.0039191947
0.0039249549
0.0039262434
0.0039262145
0.003925985
0.0039261982
0.0039263096
0.0039263657
0.0039263357
0.003926454
0.0039265734
0.0039264911
0.0039266158
0.0039265143
0.0039265851
0.0039265737
0.0039265185
0.0039265267
0.0039264692
0.0039264143
0.0039263768
0.00392627
0.0039262161
0.0039260867
0.0039259983
0.0039258513
0.0039257283
0.0039255565
0.003925374
0.0039251659
0.0039249599
0.0039247143
0.0039244356
0.0039241422
0.0039238132
0.0039234424
0.0039230525
0.0039226099
0.0039221266
0.0039216032
0.0039210154
0.0039203782
0.0039196782
0.0039189098
0.0039180642
0.0039171394
0.0039161235
0.0039150113
0.0039137876
0.0039124481
0.0039109779
0.0039093658
0.0039075977
0.0039056582
0.0039035308
0.0039011992
0.0038986401
0.0038958347
0.0038927579
0.0038893834
0.003885683
0.0038816259
0.0038771762
0.0038722954
0.0038669424
0.0038610655
0.0038546139
0.0038475203
0.0038397163
0.0038311213
0.0038216477
0.0038112003
0.0037996817
0.0037869855
0.003773
0.0037575979
0.0037406387
0.0037219596
0.0037013787
0.0036786904
0.0036536671
0.0036260527
0.0035955669
0.0035618952
0.003524697
0.003483591
0.0034381701
0.0033879836
0.0033325594
0.0032713756
0.0032038992
0.0031295506
0.0030477519
0.0029579119
0.0028594351
0.0027518388
0.0026345095
0.0025073656
0.0023696255
0.0022223118
0.0020638128
0.0018979403
0.0017201582
0.0015410679
0.0013475864
0.0011662867
0.00096222502
0.0007974174
0.00058796929
0.00046595104
0.00025905787
0.00020589901
4.1123906e-06
8.0692096e-05
-0.00016595569
0.0031798721
0.0048760126
0.0049634932
0.0048161946
0.0047729205
0.0047773885
0.0047829127
0.0047839062
0.0047836238
0.0047836695
0.0047837801
0.0047838945
0.004783836
0.0047840262
0.0047840511
0.0047840706
0.0047840859
0.0047840647
0.0047842132
0.0047840402
0.0047840888
0.0047840499
0.0047839977
0.0047839447
0.004783884
0.0047837739
0.0047836796
0.0047835553
0.0047834394
0.0047832874
0.0047830991
0.0047829234
0.0047827039
0.0047824659
0.0047822233
0.0047819153
0.0047815856
0.004781245
0.0047808648
0.0047804206
0.0047799551
0.0047794312
0.0047788662
0.0047782388
0.0047775465
0.004776796
0.0047759684
0.0047750584
0.0047740586
0.004772967
0.0047717681
0.0047704525
0.0047690055
0.004767425
0.0047656911
0.0047637865
0.0047616986
0.0047594102
0.0047568997
0.0047541472
0.0047511274
0.0047478166
0.0047441866
0.0047402045
0.0047358376
0.0047310501
0.0047257981
0.0047200406
0.004713723
0.0047067929
0.0046991857
0.00469083
0.0046816449
0.0046715394
0.0046604104
0.0046481484
0.0046346341
0.0046197439
0.0046033439
0.0045852897
0.0045654184
0.0045435485
0.004519472
0.0044929586
0.004463748
0.0044315555
0.0043960598
0.0043569144
0.0043137295
0.0042660848
0.0042135156
0.0041555265
0.0040915746
0.004021092
0.0039434613
0.0038580504
0.0037641932
0.0036612238
0.0035484898
0.0034253322
0.0032912671
0.0031456538
0.0029885225
0.0028190938
0.0026386985
0.0024456961
0.0022445427
0.0020304725
0.0018153164
0.0015851912
0.0013689222
0.0011294951
0.00093300523
0.0006909878
0.00054304671
0.00030710359
0.00023915916
6.8698773e-06
8.9784937e-05
-0.00019792417
0.0037992568
0.00582634
0.0059312477
0.0057553014
0.005703105
0.0057085428
0.0057153058
0.0057164067
0.0057161422
0.0057161991
0.0057160093
0.0057162706
0.0057164512
0.005716428
0.0057164894
0.0057164403
0.0057165788
0.0057165575
0.0057164598
0.0057164991
0.0057164841
0.0057164105
0.0057163111
0.0057162394
0.0057161747
0.0057160118
0.0057159206
0.0057157483
0.0057155596
0.0057153673
0.0057151644
0.0057148961
0.0057146348
0.0057143416
0.0057139809
0.00571362
0.0057132137
0.0057127602
0.0057122587
0.0057117148
0.0057111134
0.0057104514
0.005709722
0.0057089291
0.0057080527
0.0057070916
0.00570603
0.0057048781
0.0057036102
0.0057022146
0.0057006888
0.0056990098
0.0056971743
0.0056951579
0.005692945
0.0056905234
0.0056878622
0.0056849443
0.0056817444
0.0056782373
0.005674386
0.005670165
0.0056655343
0.0056604564
0.0056548862
0.005648777
0.0056420758
0.0056347253
0.005626662
0.0056178128
0.005608096
0.0055974217
0.0055856846
0.00557277
0.0055585473
0.005542881
0.0055256206
0.0055066127
0.0054856867
0.0054626623
0.0054373286
0.0054094576
0.0053787847
0.0053450233
0.005307847
0.0052669038
0.005221799
0.0051721042
0.0051173449
0.0050570119
0.0049905451
0.0049173532
0.004836796
0.0047482089
0.0046508829
0.0045441004
0.004427123
0.0042992235
0.0041597259
0.0040079549
0.0038434847
0.0036657153
0.0034748744
0.0032702656
0.0030536339
0.002823386
0.0025847293
0.0023327072
0.0020804633
0.0018132677
0.0015622569
0.0012881713
0.0010612335
0.00078807562
0.00061581278
0.00035200202
0.00027132634
8.7985651e-06
9.890586e-05
-0.00023016854
0.0044795771
0.0068699032
0.0069932442
0.0067856523
0.0067245598
0.0067310112
0.0067386952
0.0067398848
0.0067398528
0.0067394746
0.0067398282
0.0067399217
0.0067398337
0.0067400521
0.0067399757
0.0067401242
0.0067400283
0.0067401442
0.0067399871
0.0067400711
0.006739915
0.0067399004
0.0067397789
0.006739732
0.006739539
0.0067393734
0.006739223
0.0067390398
0.0067387924
0.0067385467
0.0067382833
0.0067379356
0.0067376187
0.006737203
0.0067367972
0.0067363247
0.0067357978
0.0067352289
0.0067345987
0.0067339005
0.0067331469
0.0067323021
0.006731396
0.0067303665
0.0067292673
0.0067280536
0.0067267197
0.0067252508
0.0067236421
0.0067218858
0.0067199451
0.0067178282
0.0067155031
0.0067129457
0.0067101512
0.006707078
0.0067037104
0.0067000173
0.0066959638
0.0066915176
0.0066866424
0.0066812958
0.0066754257
0.0066689926
0.0066619315
0.0066541905
0.0066456942
0.0066363773
0.0066261499
0.0066149265
0.0066025985
0.0065890539
0.0065741555
0.00655776
0.0065397064
0.0065198235
0.0064979274
0.0064738259
0.0064473064
0.00641814
0.006386065
0.0063507909
0.0063119924
0.006269311
0.0062223487
0.0061706699
0.0061137953
0.0060512053
0.0059823293
0.0059065558
0.0058232245
0.0057316388
0.0056310573
0.0055207194
0.0053998307
0.0052675993
0.0051232398
0.0049659994
0.0047952229
0.0046102757
0.0044108659
0.0041965138
0.0039677428
0.0037240325
0.0034676511
0.0031971343
0.002918544
0.0026267619
0.0023363247
0.0020315948
0.00174606
0.0014380131
0.001181889
0.0008790364
0.00068424325
0.00039351801
0.00030234089
9.87838e-06
0.00010822961
-0.00026256701
0.0052302902
0.0080212717
0.0081656206
0.0079230976
0.0078517152
0.0078588216
0.0078680447
0.0078697957
0.0078690553
0.0078693025
0.0078691573
0.007869283
0.0078694648
0.0078695415
0.0078695698
0.0078695297
0.0078695944
0.0078694713
0.0078695766
0.0078694569
0.0078693391
0.0078693085
0.00786915
0.0078689751
0.0078688159
0.0078687066
0.0078683906
0.0078681445
0.0078679059
0.0078675478
0.0078671914
0.0078668292
0.0078663434
0.0078658909
0.0078653367
0.0078647429
0.0078640981
0.007863375
0.0078625712
0.007861711
0.0078607428
0.007859692
0.0078585338
0.00785727
0.0078558636
0.0078543372
0.0078526573
0.0078508118
0.0078487864
0.0078465674
0.0078441338
0.0078414605
0.0078385273
0.0078353138
0.007831783
0.007827916
0.0078236693
0.0078190109
0.0078139042
0.0078083001
0.0078021504
0.007795405
0.0077880124
0.0077798937
0.0077709915
0.0077612271
0.0077505149
0.00773876
0.0077258617
0.0077117005
0.0076961472
0.0076790506
0.0076602494
0.0076395582
0.007616778
0.0075916992
0.0075640982
0.0075337343
0.007500346
0.0074636441
0.0074233035
0.0073789631
0.0073302204
0.007276633
0.0072177147
0.0071529347
0.007081714
0.0070034271
0.0069173955
0.0068228955
0.0067191555
0.0066053689
0.0064806968
0.0063442854
0.0061952735
0.0060328197
0.0058561271
0.0056644601
0.0054572483
0.0052339677
0.004994547
0.004738718
0.0044674078
0.0041803689
0.0038805053
0.0035665561
0.0032455328
0.0029121814
0.002582486
0.0022398165
0.0019200559
0.0015788011
0.0012947884
0.00096365092
0.00074835682
0.00043155109
0.00033201564
1.0034752e-05
0.00011773501
-0.00029514859
0.0060639379
0.0092991878
0.0094665516
0.0091856849
0.0091026763
0.0091113415
0.0091214456
0.0091235303
0.0091230727
0.0091226081
0.0091230473
0.0091230305
0.0091232432
0.0091230894
0.0091231843
0.009123216
0.0091232022
0.009123189
0.0091230658
0.0091229497
0.009122974
0.0091227014
0.0091226036
0.0091224016
0.0091221676
0.0091219002
0.009121635
0.0091213355
0.0091209104
0.0091205622
0.0091200664
0.0091195895
0.0091190356
0.0091184133
0.0091177457
0.0091169979
0.0091161625
0.009115269
0.0091142781
0.009113178
0.0091119731
0.0091106551
0.0091091971
0.0091076094
0.0091058668
0.0091039331
0.0091018307
0.0090995215
0.0090969817
0.0090941964
0.0090911421
0.0090877912
0.0090841088
0.0090800803
0.0090756489
0.0090707935
0.0090654651
0.0090596195
0.0090532055
0.0090461688
0.00903845
0.0090299835
0.0090206883
0.0090105001
0.0089993192
0.0089870503
0.0089735949
0.0089588281
0.0089426192
0.0089248227
0.0089052738
0.0088837857
0.0088601487
0.008834141
0.0088055162
0.0087740178
0.0087393697
0.0087012781
0.0086594161
0.0086134237
0.008562897
0.0085073897
0.0084464076
0.0083794118
0.0083058118
0.0082249688
0.008136188
0.0080387265
0.0079317837
0.0078145162
0.0076860373
0.0075454361
0.007391781
0.0072241476
0.00704163
0.006843375
0.0066286234
0.0063967192
0.0061472467
0.0058798774
0.0055948599
0.0052922385
0.0049734577
0.0046386427
0.0042914396
0.0039308617
0.003564952
0.0031883129
0.0028184267
0.0024375573
0.0020839943
0.0017103819
0.001399843
0.0010417893
0.00080818974
0.00046612889
0.00036026974
9.2791377e-06
0.00012749049
-0.0003278171
0.0069909581
0.010723994
0.010916016
0.010591965
0.010495893
0.010505652
0.010518032
0.010520006
0.010519421
0.010519222
0.010519215
0.010519519
0.010519348
0.010519545
0.010519537
0.010519533
0.010519511
0.010519296
0.010519321
0.010519222
0.010518954
0.010518856
0.010518609
0.010518368
0.010518061
0.010517762
0.010517379
0.010516956
0.010516497
0.010516
0.01051543
0.010514773
0.010514107
0.010513322
0.010512459
0.010511532
0.010510524
0.010509362
0.010508113
0.010506761
0.010505245
0.010503597
0.010501765
0.01049979
0.010497583
0.010495193
0.010492552
0.010489658
0.010486479
0.010482999
0.010479173
0.010474984
0.01047038
0.010465327
0.010459791
0.010453713
0.010447044
0.010439731
0.010431702
0.010422899
0.010413236
0.010402639
0.010391011
0.010378255
0.01036426
0.01034891
0.010332061
0.010313575
0.010293282
0.010270998
0.010246511
0.010219596
0.010189989
0.010157416
0.010121575
0.010082154
0.010038816
0.0099911962
0.0099388908
0.0098814522
0.0098183822
0.0097491342
0.0096731054
0.0095896445
0.0094980425
0.0093975352
0.0092873011
0.0091664662
0.0090341049
0.0088892501
0.0087309018
0.0085580507
0.0083696911
0.0081648498
0.0079426128
0.0077021639
0.0074428431
0.0071641478
0.006865912
0.0065481057
0.0062114122
0.0058563052
0.0054848626
0.0050976841
0.0046992566
0.0042889211
0.0038758088
0.0034543645
0.0030435526
0.002624408
0.0022376458
0.0018326641
0.0014970739
0.0011133755
0.00086370897
0.00049729211
0.0003869988
7.5565855e-06
0.00013742549
-0.00036061913
0.0080273003
0.01231361
0.012535115
0.012162055
0.012052251
0.012063627
0.012077409
0.012079562
0.012079032
0.012078816
0.01207885
0.012078873
0.012079097
0.012079049
0.012079027
0.012078939
0.012078875
0.012078867
0.012078647
0.012078463
0.012078307
0.012078023
0.01207777
0.012077415
0.012077096
0.012076614
0.012076191
0.012075645
0.012075102
0.012074405
0.012073716
0.012072941
0.012072031
0.012071082
0.012070031
0.012068854
0.012067547
0.012066153
0.012064594
0.012062872
0.012061003
0.012058934
0.01205668
0.012054175
0.012051459
0.012048459
0.012045166
0.012041563
0.012037605
0.012033257
0.012028491
0.012023258
0.012017523
0.012011229
0.012004317
0.011996738
0.011988423
0.011979298
0.011969288
0.011958305
0.011946254
0.011933032
0.011918527
0.011902614
0.011885154
0.011865997
0.011844976
0.011821904
0.011796571
0.011768749
0.011738173
0.011704554
0.011667578
0.0116269
0.011582159
0.011532972
0.011478927
0.011419573
0.011354413
0.011282895
0.011204411
0.011118294
0.011023819
0.010920203
0.010806601
0.010682112
0.01054577
0.010396563
0.010233427
0.010055275
0.009860993
0.0096494955
0.0094197224
0.0091706972
0.0089015478
0.0086115651
0.0083002719
0.0079674222
0.0076132111
0.0072380289
0.0068431238
0.0064295187
0.0060000466
0.0055558737
0.0051024076
0.004639358
0.0041769632
0.0037094421
0.0032572422
0.0027999858
0.0023808101
0.0019455866
0.0015865771
0.0011784444
0.00091490717
0.00052515147
0.00041218888
4.8771206e-06
0.0001475753
-0.00039348602
0.0091879985
0.014091508
0.014345098
0.013919302
0.013793344
0.013806161
0.013821934
0.013824601
0.013823827
0.013823444
0.013823538
0.013823674
0.013823691
0.013823692
0.013823652
0.013823583
0.01382345
0.013823328
0.013823138
0.013822891
0.013822631
0.013822325
0.013821962
0.013821546
0.013821079
0.013820563
0.013819974
0.013819316
0.013818597
0.013817792
0.013816895
0.013815912
0.013814825
0.013813627
0.013812302
0.01381085
0.013809251
0.013807492
0.013805555
0.013803432
0.013801099
0.013798534
0.01379572
0.013792631
0.013789236
0.013785514
0.013781428
0.013776942
0.013772022
0.013766621
0.013760693
0.013754191
0.013747054
0.013739226
0.013730632
0.013721206
0.013710862
0.013699513
0.013687059
0.013673396
0.013658404
0.013641956
0.01362391
0.013604111
0.013582387
0.01355855
0.013532392
0.013503678
0.013472148
0.013437511
0.013399441
0.013357581
0.01331154
0.013260904
0.013205231
0.013144055
0.013076871
0.013003127
0.012922211
0.012833449
0.0127361
0.012629365
0.012512371
0.012384189
0.012243817
0.012090201
0.011922219
0.011738712
0.011538473
0.011320296
0.011082971
0.010825359
0.01054639
0.010245139
0.0099208544
0.0095730237
0.0092014637
0.0088063055
0.0083882437
0.0079482275
0.0074882057
0.0070098789
0.0065169448
0.0060112131
0.0054990804
0.0049806174
0.004467167
0.0039526358
0.0034588818
0.002963943
0.0025133507
0.0020491089
0.0016684703
0.0012371312
0.00096178419
0.00054976839
0.00043580232
1.1993664e-06
0.00015786077
-0.00042647461
0.010486751
0.01608447
0.016373781
0.015887542
0.015743694
0.0157583
0.015776361
0.015779249
0.015778386
0.015777957
0.015778016
0.015778105
0.015778123
0.015778097
0.015778015
0.015777895
0.015777736
0.01577752
0.015777289
0.015776986
0.015776627
0.01577623
0.015775761
0.015775249
0.015774661
0.015773994
0.015773264
0.01577245
0.015771526
0.015770534
0.015769417
0.015768187
0.015766833
0.01576534
0.015763695
0.015761891
0.015759896
0.015757715
0.015755307
0.01575267
0.01574977
0.015746589
0.015743092
0.015739256
0.015735045
0.015730422
0.015725349
0.015719783
0.015713672
0.015706969
0.015699612
0.015691541
0.015682683
0.015672964
0.015662299
0.015650597
0.015637757
0.015623669
0.015608211
0.01559125
0.015572642
0.015552225
0.015529824
0.015505247
0.015478281
0.015448691
0.015416216
0.015380565
0.015341412
0.015298395
0.015251111
0.015199117
0.015141941
0.015079078
0.015009998
0.014934135
0.014850871
0.014759531
0.014659367
0.014549559
0.014429218
0.014297378
0.014153008
0.013995006
0.013822199
0.013633355
0.013427184
0.013202367
0.012957565
0.012691461
0.012402788
0.012090392
0.011753264
0.011390607
0.011001892
0.010586919
0.010145932
0.0096795843
0.0091892205
0.0086764975
0.008144207
0.0075948449
0.0070330713
0.0064614092
0.0058872631
0.0053110436
0.0047451435
0.0041830267
0.0036479043
0.0031159965
0.0026352084
0.0021432587
0.0017428788
0.0012896282
0.0010044135
0.00057124534
0.00045786381
-3.4624747e-06
0.0001683086
-0.00045953344
0.011946131
0.018321777
0.018651793
0.018097989
0.017934039
0.017950699
0.017971197
0.017974525
0.017973377
0.017972859
0.017972946
0.017972997
0.017972977
0.017972887
0.017972759
0.017972595
0.017972357
0.017972078
0.017971736
0.017971361
0.017970903
0.017970382
0.0179698
0.017969145
0.01796839
0.017967571
0.017966646
0.01796563
0.017964497
0.017963233
0.017961861
0.017960334
0.017958644
0.017956802
0.017954754
0.017952519
0.017950053
0.017947342
0.017944369
0.0179411
0.01793751
0.017933568
0.01792924
0.017924491
0.017919275
0.017913551
0.017907271
0.017900376
0.017892811
0.017884509
0.017875397
0.017865398
0.017854426
0.017842387
0.017829175
0.017814678
0.01779877
0.017781314
0.01776216
0.017741145
0.017718085
0.017692785
0.017665025
0.017634567
0.017601144
0.017564468
0.017524207
0.017480005
0.017431449
0.017378095
0.017319439
0.01725495
0.017184048
0.017106134
0.017020561
0.016926648
0.016823639
0.016710713
0.016586955
0.016451385
0.016302925
0.016140437
0.015962691
0.015768396
0.015556179
0.015324627
0.015072276
0.014797662
0.014499332
0.014175905
0.013826101
0.013448829
0.013043223
0.012608718
0.01214513
0.01165271
0.011132281
0.010585176
0.010013555
0.0094199343
0.0088080847
0.0081814057
0.0075456061
0.0069039373
0.006264825
0.0056289344
0.0050096277
0.0043997702
0.0038238028
0.0032559187
0.0027463986
0.0022281441
0.0018099277
0.0013361393
0.0010428833
0.00058965189
0.00047836843
-9.1415195e-06
0.00017884211
-0.0004927232
0.013585566
0.020836493
0.021211514
0.020581712
0.020395429
0.020414134
0.02043742
0.020441207
0.02043991
0.020439304
0.020439271
0.020439357
0.020439252
0.020439127
0.020438987
0.020438673
0.020438391
0.020438058
0.020437591
0.02043709
0.020436525
0.020435871
0.020435121
0.0204343
0.020433369
0.02043234
0.020431187
0.020429914
0.020428511
0.020426952
0.020425231
0.020423344
0.020421259
0.020418958
0.020416446
0.020413657
0.020410614
0.02040726
0.020403576
0.020399532
0.020395089
0.020390215
0.020384859
0.020378981
0.02037253
0.020365451
0.020357676
0.02034915
0.020339788
0.020329516
0.020318242
0.020305872
0.020292296
0.020277399
0.020261051
0.020243115
0.02022343
0.020201834
0.020178134
0.020152134
0.020123604
0.020092305
0.020057961
0.020020283
0.019978936
0.019933562
0.019883753
0.019829062
0.019768979
0.019702954
0.01963037
0.019550582
0.01946289
0.019366573
0.019260849
0.019144886
0.019017762
0.018878475
0.01872592
0.018558913
0.018376177
0.018176355
0.017958009
0.017719633
0.017459656
0.017176478
0.016868478
0.016534072
0.01617173
0.015780058
0.015357841
0.014904139
0.01441834
0.013900248
0.013350171
0.012768977
0.012158249
0.01152018
0.010857917
0.010174988
0.0094762717
0.0087661566
0.0080514464
0.0073361338
0.0066295785
0.0059326029
0.0052594123
0.0046020832
0.0039861753
0.0033835549
0.0028469795
0.0023039519
0.0018697912
0.0013768761
0.0010773354
0.00060509792
0.00049735861
-1.5821893e-05
0.00018948648
-0.00052599927
0.015429103
0.023665326
0.024091081
0.023375789
0.02316367
0.023185232
0.023211426
0.023215805
0.023214161
0.023213433
0.023213433
0.023213376
0.023213309
0.023213062
0.023212781
0.023212475
0.023212069
0.023211583
0.023211011
0.023210401
0.023209642
0.023208823
0.023207912
0.023206846
0.023205707
0.02320442
0.023202987
0.023201412
0.023199654
0.023197745
0.023195604
0.023193268
0.023190687
0.023187853
0.023184729
0.023181301
0.023177531
0.023173386
0.023168842
0.023163844
0.023158358
0.023152331
0.023145723
0.023138463
0.023130495
0.02312175
0.023112151
0.023101618
0.023090057
0.023077371
0.023063448
0.023048168
0.023031403
0.023013003
0.022992814
0.02297066
0.02294635
0.022919678
0.022890411
0.022858301
0.02282307
0.022784417
0.022742009
0.022695478
0.022644419
0.02258838
0.022526858
0.022459292
0.022385057
0.022303468
0.022213781
0.022115208
0.022006918
0.021888035
0.021757622
0.02161466
0.021458033
0.02128652
0.0210988
0.020893456
0.02066898
0.020423781
0.02015619
0.01986448
0.019546875
0.019201599
0.018826886
0.01842106
0.017982566
0.017510068
0.017002508
0.016459221
0.015879996
0.015265173
0.014615743
0.013933399
0.013220689
0.012480869
0.011718247
0.010937506
0.010144733
0.0093453765
0.0085473301
0.0077552442
0.0069793441
0.0062204285
0.0054933895
0.0047893027
0.0041347218
0.0034988572
0.0029370538
0.0023708958
0.0019226757
0.0014120464
0.0011078982
0.00061766521
0.00051484675
-2.3528194e-05
0.00020016762
-0.00055942365
0.017506818
0.026851476
0.027334522
0.026522618
0.026282412
0.026306599
0.026336406
0.026341087
0.026339432
0.026338482
0.026338275
0.026338344
0.02633808
0.026337794
0.026337371
0.026337035
0.02633641
0.026335773
0.026335127
0.026334262
0.026333356
0.026332311
0.026331134
0.026329859
0.026328395
0.026326807
0.026325022
0.026323052
0.026320913
0.026318504
0.026315881
0.026312981
0.026309795
0.026306287
0.026302432
0.026298201
0.026293538
0.02628843
0.026282814
0.026276647
0.026269877
0.026262447
0.026254282
0.026245326
0.026235498
0.026224705
0.026212861
0.026199867
0.026185599
0.026169946
0.026152766
0.026133914
0.026113224
0.026090522
0.026065609
0.026038273
0.026008277
0.025975365
0.025939252
0.025899632
0.025856161
0.025808468
0.02575614
0.025698723
0.025635711
0.025566548
0.025490602
0.025407182
0.025315511
0.025214755
0.025104011
0.024982337
0.024848733
0.024702155
0.024541464
0.024365427
0.024172688
0.023961788
0.023731145
0.023479098
0.023203874
0.022903637
0.022576463
0.022220402
0.02183346
0.021413694
0.020959219
0.020468326
0.019939505
0.019371585
0.018763804
0.018115934
0.017428358
0.016702166
0.015939269
0.015142413
0.014315339
0.013462562
0.012589714
0.011702753
0.010809055
0.0099151113
0.0090298727
0.0081585401
0.0073120117
0.0064908966
0.0057105845
0.0049608815
0.0042692446
0.0036018615
0.0030167881
0.0024292251
0.0019688206
0.0014418769
0.0011347364
0.00062747139
0.00053088496
-3.2241279e-05
0.00021091124
-0.00059295618
0.019848196
0.030443395
0.030990791
0.030070188
0.029797828
0.029825093
0.029858857
0.029864325
0.029862103
0.029861089
0.029860932
0.029860731
0.029860483
0.029860089
0.029859594
0.029858968
0.02985833
0.029857564
0.029856573
0.029855596
0.029854437
0.029853132
0.029851697
0.029850051
0.029848285
0.029846281
0.029844095
0.029841678
0.029838976
0.02983603
0.029832794
0.029829208
0.02982527
0.029820944
0.029816184
0.029810957
0.029805216
0.029798906
0.029791975
0.029784369
0.029776015
0.029766846
0.029756777
0.029745734
0.029733596
0.029720289
0.02970568
0.029689641
0.029672047
0.029652734
0.029631537
0.029608283
0.02958276
0.029554753
0.029524021
0.029490301
0.0294533
0.029412704
0.029368162
0.029319297
0.029265682
0.029206865
0.02914233
0.029071521
0.028993806
0.028908496
0.028814806
0.028711881
0.028598769
0.028474455
0.028337855
0.028187842
0.028023224
0.027842739
0.02764501
0.027428546
0.027191715
0.026932778
0.026649874
0.026341054
0.02600426
0.025637375
0.025238209
0.024804572
0.024334283
0.023825267
0.023275598
0.022683617
0.022047992
0.02136787
0.020642967
0.019873702
0.019061282
0.018207793
0.017316307
0.016390872
0.015436636
0.014459554
0.013466726
0.012465474
0.011464481
0.010471265
0.0094956859
0.0085433282
0.0076256051
0.0067426612
0.0059101884
0.0051164251
0.0043896431
0.003692686
0.003086401
0.0024792088
0.0020084758
0.0014665844
0.0011579895
0.00063460021
0.0005454932
-4.1981129e-05
0.00022164744
-0.00062665641
0.022491103
0.034498187
0.03511848
0.034074962
0.033766067
0.033797144
0.033835258
0.033841181
0.033838811
0.033837557
0.033837262
0.033836997
0.033836568
0.033836094
0.033835484
0.033834617
0.033833787
0.033832766
0.033831659
0.033830313
0.033828891
0.03382728
0.033825434
0.033823452
0.033821218
0.033818757
0.03381603
0.033813028
0.033809712
0.033806066
0.033802049
0.033797621
0.033792761
0.033787424
0.033781549
0.03377509
0.033768006
0.033760221
0.033751666
0.033742284
0.033731977
0.03372066
0.033708244
0.033694612
0.033679647
0.033663225
0.033645202
0.033625422
0.033603709
0.033579888
0.033553741
0.033525054
0.033493567
0.033459024
0.033421116
0.033379524
0.033333889
0.033283823
0.033228894
0.033168633
0.033102523
0.033029996
0.032950421
0.032863103
0.032767265
0.032662041
0.032546467
0.032419481
0.032279925
0.032126572
0.03195813
0.031773253
0.031570519
0.031348403
0.031105243
0.030839241
0.03054845
0.030230809
0.029884126
0.029506125
0.029094437
0.028646656
0.028160339
0.027633101
0.027062634
0.026446827
0.025783828
0.025072177
0.024310892
0.023499626
0.022638786
0.021729668
0.020774549
0.019776764
0.018740806
0.017672259
0.016577887
0.015465258
0.014343047
0.013219995
0.012106063
0.011009662
0.0099414309
0.0089071027
0.0079183351
0.0069745527
0.0060915408
0.005255671
0.0044959314
0.0037715075
0.0031461609
0.0025211445
0.0020419113
0.0014864005
0.001177826
0.00063917021
0.00055872648
-5.2729141e-05
0.00023240114
-0.0006604858
0.025480093
0.039082865
0.039785512
0.038603318
0.038253197
0.038288103
0.038331476
0.038338135
0.038335227
0.038333596
0.038333251
0.038332926
0.038332339
0.038331656
0.038330733
0.038329778
0.038328664
0.038327371
0.038325944
0.038324299
0.038322464
0.038320437
0.038318213
0.038315697
0.038312921
0.038309853
0.038306505
0.038302752
0.038298673
0.038294154
0.038289162
0.038283722
0.038277704
0.038271102
0.038263834
0.038255879
0.038247114
0.038237503
0.038226946
0.038215359
0.038202626
0.038188665
0.038173331
0.038156505
0.038138034
0.038117765
0.038095508
0.038071102
0.038044302
0.038014898
0.037982634
0.037947221
0.037908372
0.03786574
0.037818966
0.037767646
0.037711341
0.037649572
0.03758181
0.037507475
0.037425928
0.037336469
0.037238316
0.037130607
0.037012374
0.036882542
0.036739915
0.036583191
0.036410965
0.036221767
0.036014056
0.035786231
0.035536582
0.035263264
0.034964268
0.03463743
0.034280439
0.033890864
0.033466163
0.033003726
0.032500885
0.031954972
0.031363352
0.03072351
0.030033108
0.02929011
0.028492868
0.027640278
0.026731892
0.025768092
0.024750242
0.023680807
0.022563445
0.021403054
0.020205836
0.018979159
0.017731591
0.016472427
0.015211987
0.013960386
0.012728756
0.011526227
0.010363939
0.0092475138
0.0081886177
0.0071856143
0.006254171
0.0053784955
0.0045882178
0.0038385814
0.0031963687
0.0025553397
0.0020693923
0.0015015442
0.0011943836
0.0006412618
0.0005706075
-6.4502e-05
0.00024310353
-0.00069450272
0.028867151
0.044279013
0.045074725
0.043735223
0.043338325
0.04337802
0.043426747
0.043434165
0.043430939
0.04342911
0.043428435
0.043427892
0.043427217
0.043426138
0.04342507
0.043423915
0.043422372
0.043420762
0.043418914
0.043416885
0.043414614
0.043412092
0.043409211
0.043406169
0.043402695
0.04339891
0.04339469
0.043390111
0.043385008
0.04337943
0.043373274
0.043366502
0.043359091
0.043350914
0.043341952
0.043332098
0.043321272
0.04330941
0.043296359
0.043282041
0.043266329
0.043249079
0.043230141
0.043209356
0.043186549
0.04316152
0.043134044
0.043103893
0.043070811
0.043034505
0.042994663
0.042950953
0.042902983
0.042850359
0.042792616
0.042729274
0.042659776
0.042583546
0.042499919
0.042408188
0.042307562
0.042197172
0.042076048
0.041943117
0.041797172
0.041636877
0.041460755
0.041267216
0.04105457
0.040821065
0.040564875
0.040284084
0.039976634
0.039640296
0.039272658
0.038871158
0.038433087
0.03795564
0.037435917
0.036870975
0.036257851
0.035593634
0.034875502
0.034100846
0.033267347
0.032373139
0.031416946
0.030398255
0.02931747
0.028176093
0.026976864
0.025723853
0.024422504
0.02307963
0.021703414
0.020303194
0.018889459
0.017473281
0.016066547
0.014680621
0.013327578
0.012016983
0.010760237
0.0095624944
0.0084351112
0.0073750951
0.0063977746
0.0054849093
0.0046667048
0.0038942035
0.0032373615
0.0025821195
0.0020911968
0.0015122417
0.0012078251
0.00064098624
0.00058119077
-7.7278742e-05
0.00025378014
-0.00072866773
0.032710918
0.05017376
0.051075929
0.049557834
0.049108234
0.049153054
0.04920819
0.049216602
0.049212574
0.049210385
0.049209587
0.04920883
0.049207745
0.049206649
0.049205157
0.049203427
0.049201766
0.04919959
0.049197347
0.049194835
0.04919185
0.049188754
0.049185277
0.04918136
0.049177096
0.049172395
0.04916718
0.049161464
0.049155175
0.049148231
0.049140635
0.049132278
0.049123061
0.04911297
0.049101881
0.049089693
0.049076316
0.049061632
0.049045507
0.049027807
0.049008376
0.048987054
0.048963647
0.048937961
0.048909767
0.048878826
0.048844874
0.048807618
0.048766726
0.048721867
0.048672638
0.048618628
0.048559368
0.048494357
0.048423034
0.048344796
0.048258977
0.048164843
0.048061593
0.047948346
0.047824128
0.047687857
0.047538333
0.047374212
0.047193992
0.046996015
0.046778472
0.046539442
0.046276918
0.045988832
0.045673032
0.045327234
0.044948969
0.044535575
0.044084194
0.043591816
0.043055284
0.042471348
0.041836662
0.041147875
0.040401648
0.039594786
0.038724306
0.037787613
0.036782624
0.035707975
0.03456316
0.033348729
0.03206642
0.030719318
0.029311972
0.027850432
0.02634226
0.024796453
0.023223383
0.021634506
0.020042282
0.018459496
0.016899492
0.015374632
0.013897653
0.012478232
0.011127642
0.0098502315
0.0086567445
0.0075424762
0.0065222272
0.0055750416
0.0047316757
0.0039387317
0.0032694913
0.0026018099
0.0021075895
0.0015186991
0.0012182775
0.0006384175
0.0005904971
-9.1076427e-05
0.00026436317
-0.00076303785
0.037082557
0.05687759
0.05790069
0.056179754
0.055670257
0.055720653
0.055783067
0.055792233
0.05578789
0.055784983
0.055783949
0.055782913
0.055781557
0.055779931
0.055778085
0.055776168
0.055773616
0.055771174
0.055768225
0.055764964
0.05576147
0.055757422
0.055753091
0.055748215
0.055742941
0.055737015
0.055730577
0.055723438
0.055715622
0.055707003
0.055697557
0.055687144
0.055675731
0.055663186
0.055649417
0.055634284
0.055617695
0.055599446
0.055579444
0.055557484
0.055533376
0.055506911
0.055477877
0.055446005
0.05541103
0.055372655
0.05533054
0.055284326
0.055233618
0.055177986
0.055116939
0.055049972
0.054976502
0.05489591
0.054807505
0.054710541
0.05460419
0.054487559
0.054359645
0.054219365
0.054065501
0.053896722
0.05371151
0.053508197
0.053284905
0.053039596
0.052770072
0.052474053
0.052149177
0.051793031
0.051403047
0.050976488
0.050510353
0.050001433
0.0494463
0.048841377
0.048182951
0.047467262
0.046690543
0.045849136
0.044939567
0.043958695
0.042903797
0.041772748
0.040564131
0.039277431
0.037913197
0.03647322
0.034960725
0.03338055
0.031739263
0.030045165
0.028308245
0.02653999
0.024753227
0.022961693
0.021179894
0.019422293
0.017703455
0.016036466
0.01443437
0.012906555
0.01146381
0.010109259
0.0088527096
0.0076874483
0.0066275611
0.0056491409
0.0047834811
0.0039725473
0.0032931334
0.0026147456
0.0021188405
0.0015211308
0.0012258915
0.00063365705
0.00059857791
-0.0001058747
0.00027487618
-0.00079757492
0.042087161
0.064554854
0.065715256
0.063762427
0.06318342
0.063240492
0.063311023
0.063321548
0.063315912
0.063312751
0.063311119
0.06330978
0.063308146
0.063305814
0.063303624
0.063300738
0.063297985
0.063294519
0.063290854
0.063286836
0.063282233
0.063277264
0.063271725
0.063265632
0.063258916
0.063251544
0.063243406
0.063234484
0.063224609
0.06321386
0.063201953
0.063188931
0.063174593
0.063158891
0.063141597
0.06312266
0.063101825
0.063078995
0.063053906
0.063026394
0.062996167
0.062963023
0.062926626
0.062886708
0.062842882
0.062794805
0.062742042
0.062684152
0.062620643
0.062550957
0.062474508
0.062390649
0.062298657
0.062197766
0.062087098
0.061965746
0.061832659
0.061686731
0.061526703
0.061351225
0.061158761
0.060947616
0.060715879
0.060461427
0.0601819
0.059874773
0.059537375
0.059166985
0.058760799
0.058315911
0.057829198
0.057297307
0.056716639
0.056083432
0.055393802
0.054643836
0.053829629
0.052947388
0.051993447
0.050964375
0.049856983
0.048668459
0.047396429
0.046039158
0.044595719
0.043066277
0.041452342
0.039757038
0.037985339
0.036144237
0.034242797
0.032292046
0.0303048
0.028295355
0.0262792
0.024272468
0.022291654
0.020352693
0.018471142
0.016660413
0.014933461
0.013298953
0.011766763
0.010338417
0.0090224822
0.0078099197
0.0067139634
0.0057075464
0.0048225341
0.0039960746
0.0033086627
0.0026212496
0.0021251996
0.0015197257
0.0012307805
0.00062676727
0.00060544955
-0.00012168925
0.00028525263
-0.00083233181
0.047893226
0.073464219
0.074783814
0.072560061
0.071900979
0.071965702
0.072045915
0.072057619
0.072050989
0.07204692
0.072045097
0.072043052
0.072040708
0.072037969
0.072034784
0.072031426
0.072027487
0.072023332
0.072018528
0.072013238
0.072007458
0.072001109
0.071994011
0.071986275
0.071977689
0.071968312
0.071957962
0.071946588
0.071934091
0.071920359
0.071905292
0.071888728
0.071870565
0.071850583
0.071828673
0.071804634
0.071778219
0.071749241
0.071717448
0.071682531
0.07164424
0.071602205
0.071556088
0.071505464
0.071449949
0.071389011
0.071322161
0.071248825
0.071168363
0.0710801
0.070983276
0.070877083
0.070760605
0.070632864
0.070492782
0.070339173
0.070170734
0.069986038
0.069783502
0.069561359
0.069317638
0.06905013
0.068756337
0.068433515
0.068078685
0.067688746
0.06726054
0.066790927
0.066276699
0.065714528
0.065100884
0.064432062
0.063704195
0.062913335
0.062055448
0.061126477
0.06012231
0.059038878
0.057872152
0.05661832
0.055273898
0.053835995
0.052302524
0.050672516
0.048946352
0.047126023
0.045215304
0.043219913
0.041147626
0.039008337
0.036814024
0.034578565
0.032317536
0.030047844
0.027787375
0.025554313
0.023366803
0.021241862
0.01919554
0.017241157
0.015391099
0.013652839
0.012034933
0.010536903
0.0091657936
0.0079099888
0.0067817524
0.0057506904
0.0048492875
0.0040097432
0.0033164654
0.0026216476
0.0021269209
0.0015146771
0.0012330803
0.00061783832
0.00061115839
-0.00013850029
0.00029551378
-0.00086727354
0.054690931
0.083894903
0.085400242
0.082860174
0.082106924
0.082181026
0.082272196
0.082284838
0.082277338
0.082272274
0.082269524
0.082267293
0.082263855
0.08226027
0.082256451
0.082251863
0.082246903
0.082241504
0.082235422
0.082228719
0.082221381
0.082213219
0.082204377
0.082194421
0.082183644
0.082171757
0.082158673
0.082144245
0.082128561
0.082111168
0.082092125
0.08207123
0.082048303
0.082023111
0.081995457
0.081965105
0.081931815
0.08189527
0.081855141
0.081811147
0.081762835
0.081709846
0.081651683
0.081587905
0.081517876
0.081441094
0.081356841
0.081264412
0.081163027
0.081051829
0.080929869
0.080796115
0.08064945
0.080488638
0.080312337
0.08011906
0.079907192
0.079674942
0.079420329
0.079141147
0.078834932
0.078498922
0.078130064
0.077725058
0.077280447
0.076792751
0.076258483
0.075674094
0.075035806
0.074339505
0.073580672
0.072754423
0.071855531
0.070878539
0.069817836
0.068667856
0.06742325
0.066079171
0.064631493
0.063077101
0.06141406
0.059641806
0.05776122
0.055774694
0.05368614
0.051501048
0.049226544
0.0468715
0.044446668
0.041964734
0.039440276
0.036889585
0.034330462
0.031781826
0.029263337
0.026794609
0.02439476
0.022081251
0.019870091
0.017773902
0.015803982
0.013966129
0.012267155
0.010704231
0.0092826358
0.0079879374
0.006831364
0.0057790645
0.0048642351
0.0040140076
0.003316918
0.0026162461
0.0021242311
0.0015061519
0.0012328869
0.00060692214
0.00061571562
-0.00015632318
0.00030559353
-0.00090245195
0.062530394
0.09592066
0.097642931
0.094736413
0.093876126
0.093959862
0.094063898
0.094078457
0.094069377
0.094063096
0.094059923
0.09405659
0.09405258
0.094048246
0.094043043
0.09403765
0.094031443
0.094024622
0.094017138
0.094008887
0.093999811
0.093989778
0.093978672
0.093966584
0.093953256
0.093938529
0.093922423
0.093904752
0.09388526
0.093863917
0.093840464
0.093814721
0.093786443
0.093755389
0.09372134
0.093683963
0.093642907
0.093597871
0.093548446
0.093494194
0.093434706
0.093369383
0.093297751
0.093219153
0.093132966
0.093038417
0.092934749
0.092821112
0.092696554
0.092560076
0.092410558
0.092246848
0.092067626
0.091871523
0.091656979
0.091422353
0.091165757
0.090885102
0.090577957
0.090241504
0.089872382
0.089466725
0.089020125
0.088527838
0.087984938
0.087386417
0.086727121
0.086001624
0.085204141
0.084328593
0.08336873
0.082318361
0.08117153
0.079922763
0.078567198
0.07710077
0.075520226
0.073823226
0.072008275
0.070074791
0.068023097
0.065854575
0.063571817
0.061178889
0.058681594
0.056087717
0.053407175
0.050652087
0.04783676
0.044977497
0.042092305
0.039200517
0.036322482
0.033479159
0.030691666
0.027980506
0.025365158
0.022862846
0.020488832
0.018254459
0.016169381
0.014237225
0.012462686
0.010840248
0.0093732256
0.0080442007
0.006863333
0.0057932246
0.0048678866
0.0040093126
0.0033103962
0.0026053491
0.0021173609
0.0014943214
0.0012303199
0.00059409681
0.00061916131
-0.00017514153
0.00031551194
-0.00093783246
0.071350653
0.1094461
0.11141194
0.1080988
0.10711464
0.10721116
0.10732978
0.10734565
0.10733523
0.1073283
0.10732434
0.10732009
0.10731561
0.10731011
0.10730413
0.10729752
0.10729018
0.10728215
0.10727299
0.10726328
0.10725245
0.10724029
0.10722713
0.10721279
0.10719665
0.10717918
0.10715981
0.10713868
0.10711528
0.10708964
0.10706149
0.10703048
0.10699641
0.106959
0.10691782
0.10687255
0.10682278
0.10676802
0.10670781
0.10664155
0.1065686
0.10648837
0.1064
0.10630268
0.1061955
0.1060774
0.10594724
0.10580373
0.10564544
0.10547083
0.1052781
0.10506527
0.10483019
0.10457036
0.10428306
0.10396521
0.10361337
0.10322377
0.10279222
0.10231428
0.1017853
0.10120062
0.10055587
0.099847106
0.099070834
0.098223974
0.09730354
0.096306553
0.095229886
0.094070278
0.09282423
0.091487961
0.090057254
0.088527414
0.08689317
0.085148778
0.083288176
0.081305349
0.07919476
0.076951957
0.074574133
0.072060726
0.069413897
0.066638895
0.063744271
0.060741892
0.057646787
0.054476848
0.05125242
0.04799572
0.044730149
0.04147964
0.038268217
0.035119436
0.032056023
0.02909913
0.026268069
0.023579229
0.021046518
0.018679342
0.016485187
0.014465055
0.012621177
0.010945089
0.0094379932
0.0080793506
0.0068782713
0.0057937551
0.0048607729
0.0039961147
0.0032972566
0.0025892368
0.0021065087
0.0014793293
0.0012254583
0.00057940098
0.00062150067
-0.00019497016
0.00032520146
-0.00097346422
0.081890021
0.12560175
0.12785122
0.12404432
0.12291489
0.12302108
0.12315236
0.12316685
0.1231498
0.12313694
0.12312782
0.12311677
0.12310528
0.12309244
0.1230783
0.12306229
0.12304544
0.12302635
0.12300629
0.12298318
0.1229584
0.1229317
0.12290141
0.12286908
0.1228333
0.12279424
0.1227515
0.12270453
0.1226534
0.12259739
0.12253586
0.12246906
0.12239573
0.12231578
0.12222838
0.12213303
0.122029
0.12191558
0.12179189
0.12165723
0.12151066
0.12135123
0.12117796
0.12098977
0.12078557
0.12056428
0.1203246
0.1200653
0.11978512
0.11948262
0.11915643
0.11880502
0.11842674
0.11801988
0.11758244
0.11711215
0.11660644
0.11606219
0.11547583
0.1148433
0.11416021
0.11342217
0.11262488
0.11176416
0.11083567
0.10983456
0.10875523
0.10759132
0.10633581
0.10498116
0.10351961
0.10194336
0.10024492
0.098417365
0.096454604
0.094351596
0.092104483
0.089710716
0.087169083
0.084479799
0.081644604
0.078666995
0.075552499
0.072309061
0.068947511
0.065481935
0.061929873
0.058312259
0.054653087
0.050978678
0.047316694
0.043695135
0.040141437
0.036681682
0.033340025
0.030137958
0.027094238
0.024223845
0.021538715
0.019045796
0.016749909
0.014649035
0.012742662
0.011019164
0.0094775454
0.0080940709
0.0068768545
0.0057812785
0.0048434194
0.0039748464
0.0032778508
0.0025681834
0.0020918777
0.0014613211
0.0012184045
0.00056290258
0.00062276718
-0.00021579174
0.0003346817
-0.0010093131
0.13859926
0.19659607
0.18823413
0.17880993
0.17729594
0.17774217
0.17792893
0.17779647
0.17763675
0.17751894
0.17741896
0.17732089
0.17721771
0.17712121
0.17702831
0.17693487
0.17684139
0.17674885
0.17665304
0.17655688
0.17645729
0.17635372
0.17624592
0.17613138
0.17601322
0.17588549
0.17574967
0.17560465
0.17544878
0.17528144
0.17510033
0.17490442
0.17469262
0.17446284
0.17421337
0.1739422
0.17364746
0.17332692
0.17297816
0.17259861
0.17218563
0.17173642
0.17124782
0.17071658
0.17013918
0.16951206
0.16883138
0.16809307
0.16729285
0.16642645
0.16548915
0.16447626
0.16338282
0.1622037
0.16093357
0.15956692
0.15809796
0.15652089
0.15482991
0.15301974
0.15108613
0.14902631
0.14683924
0.1445255
0.14208698
0.13952662
0.13684828
0.1340567
0.13115745
0.12815681
0.12506156
0.12187874
0.11861528
0.11527765
0.11187153
0.10840148
0.10487073
0.1012811
0.097633045
0.093925888
0.090158247
0.086328638
0.082436233
0.078481672
0.074468067
0.070401981
0.066294204
0.062160194
0.058020096
0.053898122
0.049821354
0.04581829
0.041917438
0.038145843
0.03452812
0.03108545
0.027835416
0.024791079
0.021961897
0.019351845
0.016962687
0.014789063
0.012827516
0.011063118
0.0094926416
0.0080891304
0.0068597957
0.0057564172
0.0048163572
0.0039459424
0.0032525041
0.0025424351
0.0020736379
0.0014404164
0.00120922
0.00054462992
0.00062296003
-0.00023762452
0.00034388472
-0.0010454305
0.21385567
0.28374794
0.24523578
0.21540944
0.21063688
0.21155898
0.21117062
0.21007531
0.20902498
0.20810286
0.20726215
0.2065131
0.20583027
0.20518882
0.20460021
0.20406171
0.20356393
0.20310614
0.2026817
0.20228194
0.20191024
0.20156599
0.20123851
0.20092704
0.20063059
0.2003471
0.20007182
0.19980469
0.19954266
0.19928222
0.19902178
0.19875946
0.19849306
0.19821963
0.19793742
0.19764371
0.1973359
0.19701149
0.19666785
0.19630183
0.19591039
0.19549025
0.1950379
0.19454964
0.19402135
0.19344872
0.19282704
0.19215137
0.19141625
0.19061581
0.18974381
0.1887935
0.18775759
0.18662835
0.1853975
0.1840563
0.18259555
0.18100567
0.17927681
0.17739908
0.17536287
0.17315922
0.17078003
0.1682183
0.16546832
0.16252586
0.15938853
0.15605606
0.15253069
0.14881736
0.14492395
0.14086125
0.13664289
0.13228501
0.12780576
0.12322461
0.11856153
0.11383605
0.10906637
0.10426854
0.099455877
0.094638736
0.08982476
0.085019438
0.080227167
0.0754527
0.070702696
0.06598715
0.061320451
0.056721583
0.05221349
0.047821793
0.043573152
0.039493439
0.035606234
0.031931375
0.028484601
0.025276464
0.022313476
0.019596273
0.01712325
0.014885477
0.012876426
0.011077798
0.009484164
0.0080653671
0.0068278411
0.0057198103
0.0047800957
0.0039098045
0.0032215331
0.0025122328
0.0020519633
0.0014167393
0.0011979914
0.00052463888
0.00062210621
-0.00026045177
0.00035282803
-0.0010817864
0.19243033
0.25763717
0.22617982
0.19829907
0.1945668
0.19625878
0.19647383
0.19584016
0.19518226
0.19464829
0.19420158
0.19378511
0.19339636
0.19304204
0.19271746
0.19242223
0.19215105
0.19189986
0.19166515
0.19145153
0.19125525
0.19106872
0.19089643
0.19073762
0.19058443
0.19044025
0.1903049
0.19017329
0.1900459
0.18992199
0.1898006
0.18967981
0.1895589
0.18943662
0.18931176
0.18918324
0.1890497
0.18890964
0.18876166
0.18860449
0.18843617
0.18825493
0.18805883
0.18784554
0.18761277
0.18735775
0.18707749
0.18676867
0.18642759
0.18605019
0.1856319
0.18516778
0.18465234
0.18407959
0.183443
0.18273529
0.18194825
0.18107234
0.18009657
0.17900831
0.17779361
0.17643735
0.17492361
0.17323579
0.17135693
0.16926994
0.16695801
0.16440517
0.16159692
0.15852105
0.1551685
0.15153428
0.14761832
0.14342619
0.13896958
0.13426646
0.12934079
0.1242218
0.11894277
0.11353949
0.10804846
0.10250504
0.096941842
0.091387599
0.085866646
0.080399195
0.075002469
0.069692391
0.064485392
0.059399754
0.054456063
0.049676998
0.045086405
0.040707642
0.036562052
0.03266719
0.029036218
0.0256767
0.02259184
0.019778623
0.01723189
0.014939008
0.012890343
0.011064219
0.0094530864
0.0080236562
0.0067817407
0.0056720751
0.004735139
0.0038668305
0.0031852238
0.0024777876
0.0020269952
0.0013903857
0.001184765
0.0005029484
0.00062019849
-0.00028429134
0.0003614441
-0.0011184271
0.17450198
0.23460153
0.20780237
0.18253652
0.17931643
0.18119621
0.18161505
0.18119579
0.18076656
0.18045309
0.1801769
0.17991652
0.17968281
0.17947281
0.17927873
0.17909843
0.17893555
0.17878589
0.17864859
0.17852332
0.17840812
0.17830191
0.17820362
0.17811268
0.17802864
0.17795069
0.17787734
0.17780868
0.17774354
0.17768186
0.17762292
0.17756578
0.17751006
0.17745531
0.17740082
0.17734589
0.17729013
0.17723276
0.17717305
0.17711018
0.17704339
0.17697174
0.17689416
0.17680957
0.17671661
0.17661392
0.17649985
0.17637265
0.17623031
0.17607069
0.17589141
0.17568989
0.17546335
0.17520875
0.17492255
0.17460047
0.17423694
0.17382478
0.17335502
0.17281697
0.17219834
0.1714853
0.17066244
0.16971269
0.16861727
0.1673556
0.16590542
0.16424297
0.16234342
0.16018144
0.15773211
0.154972
0.1518805
0.1484414
0.14464449
0.14048719
0.13597592
0.13112702
0.12596714
0.12053264
0.11486835
0.10902524
0.10305766
0.09702027
0.090965117
0.08493927
0.078983786
0.073133864
0.067419935
0.061868947
0.056505689
0.051353747
0.046435881
0.041773426
0.037385244
0.033286126
0.029486223
0.025989739
0.022796314
0.019899138
0.017289402
0.014950734
0.012870436
0.01102352
0.0094004507
0.0079649053
0.0067222522
0.0056138293
0.004681958
0.0038173789
0.0031438527
0.0024393044
0.0019988785
0.0013614579
0.001169612
0.00047960564
0.000617259
-0.00030912803
0.00036974882
-0.0011553235
0.1614908
0.21755693
0.19373789
0.1705754
0.16779336
0.16968844
0.17022177
0.16998297
0.16971132
0.16952018
0.16936485
0.16922572
0.16909548
0.16897316
0.16886602
0.16876765
0.16867645
0.16859362
0.16851955
0.16845182
0.16838916
0.16833297
0.16828129
0.16823405
0.1681916
0.1681524
0.16811642
0.16808365
0.16805365
0.16802593
0.16800017
0.16797631
0.16795389
0.16793263
0.16791237
0.16789274
0.16787332
0.16785388
0.16783407
0.16781344
0.16779155
0.16776792
0.16774199
0.16771314
0.16768068
0.16764386
0.1676018
0.16755364
0.1674984
0.1674351
0.16736275
0.16728039
0.167187
0.1670814
0.16696181
0.16682552
0.16666847
0.1664853
0.16626938
0.16601288
0.16570674
0.16534054
0.16490226
0.16437806
0.16375199
0.16300565
0.16211803
0.16106531
0.15982086
0.15835545
0.15663765
0.1546346
0.15231312
0.14964124
0.14659004
0.14313591
0.13926296
0.13496539
0.13024964
0.12513586
0.11965849
0.11386562
0.10781692
0.10158043
0.09522849
0.088833045
0.082461906
0.076176163
0.070028716
0.064063991
0.058318595
0.052822817
0.04760219
0.042678062
0.038067701
0.033783366
0.029832126
0.026214718
0.02292713
0.019958709
0.017297019
0.014922015
0.012818052
0.010956942
0.0093273354
0.0078900199
0.0066501106
0.0055456526
0.0046210118
0.0037618017
0.0030976643
0.0023969586
0.0019677284
0.001330029
0.0011525635
0.00045461961
0.00061327413
-0.00033498152
0.00037767432
-0.0011925268
0.1514578
0.20415354
0.18231236
0.1607254
0.15819167
0.16003957
0.16059179
0.16040743
0.16018931
0.16004774
0.15993792
0.15983763
0.15974512
0.15966064
0.15958431
0.15951692
0.15945599
0.15940151
0.15935312
0.15931034
0.15927291
0.15924017
0.15921207
0.15918826
0.15916841
0.15915247
0.15914008
0.15913121
0.15912565
0.15912334
0.15912405
0.15912784
0.15913452
0.15914411
0.15915644
0.15917152
0.15918925
0.1592096
0.15923239
0.1592576
0.15928505
0.15931463
0.15934613
0.15937939
0.15941417
0.15945029
0.15948754
0.15952578
0.15956497
0.15960518
0.15964659
0.15968942
0.15973368
0.15977874
0.15982293
0.15986333
0.15989587
0.15991552
0.15991635
0.15989146
0.15983281
0.15973109
0.15957554
0.15935364
0.15905099
0.1586509
0.15813431
0.15747943
0.15666169
0.15565358
0.15442467
0.1529418
0.1511696
0.14907123
0.14660978
0.14375005
0.14046092
0.13671827
0.13250809
0.12782964
0.12269809
0.11714619
0.11122439
0.10499921
0.098549781
0.091962718
0.085326506
0.078726283
0.072239361
0.065931972
0.059857997
0.054059702
0.04856954
0.043411785
0.038603775
0.034156063
0.030072986
0.026351935
0.02298534
0.019958794
0.017256359
0.014854454
0.012734663
0.010865779
0.0092348436
0.0077999077
0.0065660415
0.0054681147
0.0045527189
0.0037004087
0.0030468934
0.0023509216
0.0019336622
0.0012961848
0.0011336781
0.0004280285
0.00060825983
-0.00036183648
0.00038523611
-0.0012300062
0.14699784
0.19785367
0.17652236
0.15546191
0.15271056
0.15416651
0.15440621
0.15396763
0.15352661
0.15317767
0.15287898
0.15260848
0.15236138
0.15213644
0.1519352
0.15175462
0.15159288
0.15144746
0.15131822
0.15120444
0.15110416
0.15101683
0.15094148
0.1508776
0.15082455
0.15078177
0.15074869
0.150725
0.15071039
0.15070454
0.15070728
0.15071835
0.15073777
0.15076531
0.15080105
0.15084491
0.15089686
0.15095694
0.15102518
0.15110161
0.15118621
0.15127905
0.15138013
0.15148948
0.15160716
0.15173324
0.15186787
0.15201127
0.15216372
0.15232558
0.15249706
0.15267803
0.15286773
0.15306455
0.15326608
0.15346927
0.15367063
0.15386606
0.15405063
0.15421845
0.15436261
0.15447497
0.15454614
0.1545651
0.15451902
0.15439288
0.15416923
0.15382774
0.15334504
0.15269443
0.15184583
0.15076578
0.1494178
0.14776294
0.14576076
0.14337073
0.14055422
0.13727702
0.13351246
0.12924488
0.12447322
0.11921417
0.11350428
0.10740044
0.10097835
0.094328451
0.087550354
0.080746237
0.074013919
0.067440744
0.061099559
0.055047522
0.049327212
0.043968434
0.038990491
0.034403367
0.030209312
0.026402731
0.022972726
0.019901332
0.017169332
0.014749818
0.012621839
0.010751367
0.0091240687
0.0076954447
0.0064707287
0.0053817377
0.0044774831
0.0036335021
0.002991743
0.002301335
0.00189677
0.0012599788
0.0011129735
0.00039983577
0.00060219857
-0.00038971327
0.00039236663
-0.001267814
0.17879454
0.22713363
0.19822414
0.17525775
0.17098
0.17043529
0.16870038
0.16644966
0.16435104
0.16250044
0.16082631
0.15930525
0.15792018
0.15665934
0.15551359
0.15447205
0.1535259
0.15267007
0.15189476
0.15119148
0.15055681
0.14998402
0.14946764
0.14900373
0.14858787
0.14821575
0.14788467
0.14759101
0.14733232
0.14710571
0.14690931
0.14674104
0.14659896
0.14648165
0.14638766
0.14631582
0.1462652
0.14623483
0.14622404
0.14623237
0.14625942
0.14630494
0.14636893
0.14645143
0.14655277
0.14667335
0.14681374
0.14697453
0.14715625
0.14735909
0.14758275
0.14782622
0.14808799
0.14836621
0.14865908
0.14896473
0.14928094
0.14960461
0.14993144
0.15025569
0.15057015
0.1508659
0.15113233
0.15135683
0.1515248
0.15161933
0.15162127
0.15150891
0.15125803
0.15084169
0.15023022
0.14939122
0.14828966
0.14688822
0.14514781
0.14302857
0.1404912
0.13749898
0.13402032
0.13003194
0.12552255
0.12049654
0.11497729
0.10900944
0.1026594
0.096013248
0.089172377
0.082247083
0.075348581
0.068580728
0.062033338
0.05577856
0.049870344
0.044345754
0.039227568
0.034526337
0.030242971
0.026369378
0.022891685
0.019788663
0.017038093
0.014610011
0.012481192
0.01061504
0.0089960946
0.0075774895
0.0063648357
0.0052870281
0.0043956644
0.0035613417
0.0029324075
0.0022483383
0.0018571464
0.0012214775
0.0010904963
0.00037007166
0.00059510076
-0.00041859756
0.00039907971
-0.0013059225
0.20145679
0.2473688
0.20952528
0.18920047
0.18774422
0.18799037
0.18672945
0.18503031
0.18349177
0.18214967
0.18093381
0.17981594
0.17879688
0.17786458
0.1770114
0.17623286
0.17552012
0.17486764
0.17426961
0.17372152
0.17321815
0.17275403
0.17232673
0.17193163
0.17156481
0.17122369
0.17090495
0.17060573
0.17032324
0.17005532
0.16979922
0.16955289
0.16931422
0.16908115
0.16885184
0.16862442
0.1683972
0.16816854
0.16793694
0.16770093
0.16745915
0.16721037
0.16695346
0.16668741
0.1664112
0.16612397
0.16582487
0.16551277
0.16518647
0.16484432
0.16448446
0.16410494
0.16370442
0.16328226
0.16283898
0.16237589
0.16189481
0.16139738
0.16088498
0.16035829
0.15981734
0.15926106
0.15868719
0.15809172
0.15746865
0.1568094
0.15610253
0.15533318
0.15448284
0.15352897
0.15244493
0.15119993
0.14975928
0.14808473
0.14613522
0.14386782
0.1412392
0.13820742
0.13473433
0.13078844
0.12634837
0.12140655
0.11597299
0.1100784
0.10377617
0.097141995
0.090271309
0.08327391
0.076266168
0.069361735
0.062662762
0.056253944
0.050199918
0.044545349
0.039317313
0.034527781
0.03017701
0.026254937
0.02274512
0.019623422
0.016864952
0.014436996
0.012314361
0.010458127
0.008851964
0.007446848
0.0062489727
0.0051844394
0.0043076076
0.0034841802
0.0028690506
0.0021920426
0.0018148583
0.0011807201
0.0010662528
0.0003387328
0.00058694444
-0.00044851102
0.00040530842
-0.0013443835
0.20607842
0.25310487
0.2115516
0.19289066
0.19406252
0.19634896
0.19686699
0.19680353
0.19676671
0.19678375
0.19679831
0.19679937
0.19679185
0.19677629
0.19675464
0.19672817
0.19669584
0.19665872
0.19661639
0.19656834
0.19651455
0.19645425
0.19638707
0.19631278
0.19623048
0.19613948
0.19603922
0.19592885
0.19580753
0.19567419
0.19552803
0.19536783
0.19519249
0.19500067
0.19479118
0.19456245
0.19431304
0.19404126
0.19374545
0.19342373
0.19307425
0.19269494
0.19228372
0.19183836
0.1913566
0.19083586
0.19027342
0.18966624
0.1890108
0.18830322
0.18753937
0.18671518
0.18582697
0.18487184
0.18384808
0.18275491
0.18159238
0.18036111
0.17906215
0.17769706
0.17626783
0.17477684
0.17322667
0.17161987
0.16995856
0.16824395
0.16647575
0.16465147
0.1627657
0.16080934
0.15876888
0.15662581
0.15435619
0.15193059
0.14931438
0.14646845
0.1433506
0.13991739
0.13612665
0.13194042
0.12732849
0.1222722
0.11676853
0.11083375
0.10450619
0.097847382
0.090941022
0.08388929
0.076806037
0.069807354
0.063001761
0.05648233
0.050322034
0.044572247
0.03926432
0.034412025
0.030015473
0.026063098
0.022536323
0.019408468
0.016652336
0.014232785
0.012122963
0.010281911
0.0086926868
0.007304297
0.0061237243
0.0050744074
0.0042136132
0.0034022292
0.0028018294
0.002132559
0.0017699792
0.001137759
0.0010402795
0.00030584492
0.00057773552
-0.00047943914
0.00041106751
-0.0013831704
0.21552422
0.26501219
0.22131155
0.20204205
0.20344124
0.20592626
0.20658841
0.20665011
0.2067282
0.20685262
0.20696794
0.20705938
0.20713517
0.20719885
0.20725177
0.20729393
0.20732794
0.20735417
0.20737182
0.20738227
0.20738565
0.20738167
0.20737047
0.20735196
0.20732606
0.20729251
0.20725088
0.20720095
0.20714213
0.20707412
0.20699612
0.20690741
0.20680728
0.20669478
0.20656888
0.20642848
0.20627233
0.20609903
0.2059071
0.20569494
0.20546084
0.2052029
0.20491916
0.2046074
0.20426515
0.20388957
0.20347723
0.20302396
0.20252475
0.20197374
0.20136424
0.20068904
0.19994076
0.19911222
0.19819651
0.19718694
0.19607684
0.19485949
0.19352835
0.19207712
0.19050014
0.1887925
0.18695044
0.18497144
0.18285443
0.18059974
0.17820903
0.17568488
0.17303024
0.17024762
0.16733815
0.16430039
0.16112923
0.15781477
0.15434164
0.15068855
0.14682869
0.14273074
0.13836074
0.13368476
0.12867221
0.12329995
0.11755667
0.11144699
0.10499514
0.098247318
0.091272353
0.084159841
0.077014776
0.069949013
0.063071219
0.056477856
0.050246828
0.044434287
0.039075059
0.034184626
0.029763189
0.025798042
0.022268853
0.019146786
0.016402701
0.013999366
0.011908593
0.010087641
0.0085192099
0.0071505491
0.0059896171
0.004957314
0.0041139674
0.0033156955
0.002730872
0.002069972
0.0017225569
0.0010926183
0.0010125737
0.00027139849
0.00056744898
-0.00051140375
0.00041628995
-0.0014223342
0.22853586
0.28002656
0.23413327
0.21377669
0.21426234
0.21596332
0.21600216
0.21551039
0.21508297
0.21474414
0.21443977
0.21415458
0.21388935
0.21364453
0.21341997
0.21321373
0.21302485
0.2128517
0.21269291
0.21254741
0.21241369
0.21229067
0.21217725
0.21207229
0.21197492
0.21188386
0.21179851
0.21171775
0.2116408
0.21156667
0.21149457
0.21142359
0.21135284
0.21128137
0.21120831
0.21113266
0.21105346
0.2109697
0.21088036
0.21078436
0.21068055
0.21056767
0.21044427
0.21030858
0.21015843
0.20999096
0.20980255
0.20958859
0.20934341
0.20906032
0.20873184
0.20834994
0.20790629
0.20739221
0.20679859
0.20611535
0.20533138
0.2044344
0.20341117
0.20224764
0.20092928
0.19944135
0.19776942
0.19589979
0.1938201
0.19151988
0.18899113
0.18622879
0.1832311
0.1799996
0.17653898
0.17285636
0.16896029
0.16485923
0.16055993
0.15606575
0.1513753
0.14648167
0.14137254
0.13603134
0.13043965
0.12458065
0.11844341
0.11202733
0.10534662
0.098433907
0.091342612
0.084147104
0.076939185
0.069820995
0.062895708
0.056258145
0.049987238
0.04414136
0.038757423
0.033852065
0.029425558
0.025464272
0.021946446
0.018841438
0.01611852
0.013738708
0.011672779
0.0098764902
0.0083324362
0.0069862822
0.00584715
0.0048335243
0.0040089142
0.003224746
0.0026563023
0.0020043674
0.0016726472
0.0010453383
0.00098316196
0.00023541504
0.00055608613
-0.00054439062
0.00042098991
-0.0014618517
0.24355106
0.29625048
0.24621841
0.22563752
0.22610013
0.2275541
0.22748101
0.22692997
0.22644657
0.22605177
0.22569561
0.22536004
0.22504919
0.22476351
0.22450009
0.22425811
0.22403637
0.22383254
0.22364518
0.22347253
0.22331389
0.223167
0.22303086
0.22290418
0.22278559
0.22267441
0.22256911
0.22246882
0.22237254
0.22227919
0.22218807
0.22209806
0.22200832
0.22191808
0.22182633
0.22173233
0.22163527
0.22153423
0.22142843
0.22131696
0.2211988
0.22107281
0.22093757
0.22079135
0.22063187
0.22045631
0.22026095
0.2200412
0.21979165
0.21950613
0.21917814
0.2188009
0.21836751
0.2178707
0.21730235
0.21665307
0.21591179
0.21506556
0.2140995
0.21299687
0.21173906
0.21030584
0.20867577
0.20682661
0.20473607
0.20238265
0.19974669
0.19681141
0.19356417
0.1899974
0.18610952
0.18190528
0.17739569
0.17259722
0.1675303
0.16221731
0.1566802
0.15093807
0.14500526
0.13889021
0.13259587
0.1261214
0.11946526
0.11262935
0.10562372
0.098471183
0.091211402
0.083902946
0.076621919
0.069456869
0.062500864
0.055842492
0.04955785
0.043704691
0.038320252
0.033421447
0.029008354
0.025066485
0.021572898
0.018495467
0.015802206
0.013452695
0.011416987
0.0096495815
0.0081331934
0.0068121051
0.0056967629
0.0047033503
0.0038986858
0.0031295458
0.002578217
0.0019358071
0.0016202804
0.00099593333
0.00095203422
0.00019788067
0.0005436185
-0.00057842341
0.00042510123
-0.0015017745
0.27706033
0.33021733
0.27379596
0.25280883
0.25340703
0.25456679
0.25419276
0.25339999
0.25270964
0.25212576
0.25159564
0.25110261
0.25064656
0.25022543
0.24983728
0.24947874
0.24914663
0.24883921
0.24855314
0.24828643
0.24803605
0.24780025
0.24757686
0.24736391
0.24715924
0.24696109
0.2467677
0.2465772
0.24638808
0.24619859
0.24600694
0.24581171
0.24561121
0.24540386
0.24518809
0.24496229
0.24472485
0.24447426
0.24420882
0.2439268
0.24362651
0.2433059
0.24296293
0.24259499
0.24219917
0.24177188
0.24130872
0.24080443
0.24025285
0.23964722
0.23898031
0.23824488
0.23743371
0.23653977
0.23555593
0.23447442
0.23328634
0.23198117
0.23054666
0.22896871
0.22723118
0.22531608
0.22320356
0.2208722
0.21829924
0.21546122
0.2123346
0.20889687
0.20512784
0.20101112
0.19653586
0.19169827
0.18650294
0.18096339
0.17510197
0.16894864
0.16253884
0.1559105
0.14910067
0.14214243
0.1350627
0.12788151
0.12061282
0.11326734
0.10585667
0.098398305
0.090920866
0.083468064
0.076099401
0.068887393
0.061911565
0.055250503
0.048973933
0.043136187
0.037772917
0.032900225
0.028517527
0.024609436
0.021152008
0.018111875
0.015456108
0.013143147
0.011142595
0.0094079449
0.0079222603
0.0066285915
0.0055388709
0.0045670905
0.0037834741
0.0030302229
0.0024967113
0.001864356
0.001565498
0.00094443202
0.00091920983
0.00015881328
0.00053004512
-0.00061348815
0.00042863858
-0.0015420788
0.31839358
0.37518968
0.3141363
0.29060293
0.2902072
0.29072594
0.28965213
0.28819797
0.28692679
0.28583234
0.28484565
0.28394224
0.28311449
0.28235708
0.28166339
0.28102664
0.28044145
0.27990199
0.2794039
0.27894231
0.27851323
0.27811258
0.27773646
0.27738167
0.27704455
0.27672206
0.27641096
0.27610824
0.27581104
0.2755163
0.2752213
0.274923
0.27461871
0.27430539
0.27398017
0.2736401
0.27328202
0.27290282
0.27249925
0.27206782
0.27160481
0.27110634
0.27056808
0.26998527
0.26935263
0.26866412
0.26791304
0.26709191
0.26619258
0.2652067
0.26412597
0.2629425
0.26164892
0.26023852
0.25870507
0.25704209
0.25524233
0.25329735
0.25119722
0.2489304
0.24648369
0.24384207
0.24098878
0.23790526
0.23457135
0.23096551
0.22706545
0.22284882
0.21829444
0.21338368
0.20810231
0.20244235
0.1964041
0.18999763
0.18324397
0.17617509
0.16883287
0.16126667
0.15352973
0.14567509
0.13775137
0.12979956
0.12185134
0.11392986
0.10605243
0.098235062
0.090498309
0.082872693
0.075401319
0.068139486
0.061150864
0.054501135
0.048250701
0.042447913
0.037124951
0.032295934
0.027959056
0.02409786
0.02068748
0.017693552
0.015082457
0.012811766
0.010850898
0.0091525539
0.007700337
0.0064362463
0.005373831
0.004424993
0.0036634629
0.0029269059
0.0024118552
0.0017900568
0.0015083171
0.00089084017
0.00088467215
0.00011819782
0.00051533474
-0.00064960648
0.00043153806
-0.0015828183
0.28463894
0.35736653
0.30012737
0.276132
0.27795822
0.28179246
0.28356222
0.2845319
0.28542884
0.28630867
0.28711681
0.28784347
0.28849632
0.28908404
0.28961063
0.29008241
0.290503
0.29087635
0.29120611
0.29149518
0.29174628
0.29196218
0.29214489
0.29229629
0.29241846
0.29251212
0.29257944
0.29262071
0.29263719
0.29262937
0.29259768
0.29254263
0.29246384
0.2923615
0.29223519
0.29208412
0.29190761
0.29170419
0.29147251
0.29121048
0.29091566
0.29058497
0.29021473
0.28980035
0.28933621
0.28881558
0.28823028
0.28757083
0.28682632
0.28598481
0.2850336
0.28395965
0.28274964
0.28139052
0.27986949
0.27817331
0.27628786
0.27419789
0.27188713
0.26933839
0.26653408
0.2634565
0.2600881
0.25641174
0.25241085
0.24806946
0.24337244
0.23830573
0.23285686
0.22701584
0.22077631
0.21413705
0.20710377
0.19969088
0.19192318
0.18383683
0.17547941
0.16690865
0.15818959
0.14939033
0.1405771
0.13180916
0.12313515
0.11459152
0.10620335
0.097987731
0.089959645
0.082138269
0.074551148
0.067236036
0.06023945
0.053612111
0.047402791
0.041651685
0.036385768
0.031616029
0.027338799
0.023536339
0.020182903
0.017243271
0.014683376
0.012460161
0.010543087
0.0088842827
0.0074680762
0.0062355422
0.0052019793
0.0042772954
0.0035387988
0.0028196895
0.0023237196
0.0017129569
0.0014487665
0.00083517878
0.00084843463
7.6048461e-05
0.00049948451
-0.00068676524
0.00043381368
-0.0016239706
0.34854981
0.42345543
0.36563996
0.33707334
0.33542246
0.33704404
0.33686213
0.33600778
0.33523895
0.3346093
0.33405214
0.33353843
0.33306261
0.33262287
0.33221563
0.3318369
0.33148253
0.33115011
0.33083583
0.33053716
0.33025128
0.32997557
0.32970767
0.32944487
0.32918459
0.32892513
0.3286633
0.32839743
0.32812449
0.3278426
0.32754893
0.32724103
0.32691646
0.32657218
0.32620546
0.32581337
0.32539261
0.32493983
0.32445121
0.32392288
0.32335039
0.32272885
0.32205283
0.32131614
0.32051173
0.31963135
0.31866572
0.31760412
0.31643492
0.3151456
0.31372331
0.31215509
0.31042836
0.3085312
0.30645211
0.30417879
0.3016974
0.29899195
0.29604437
0.29283477
0.28934195
0.28554396
0.28141867
0.27694452
0.27210114
0.26686991
0.26123476
0.25518276
0.24870473
0.24179616
0.23445796
0.22669735
0.21852906
0.20997636
0.2010725
0.19186154
0.1823989
0.17275079
0.16299214
0.15320295
0.14346302
0.1338464
0.12441618
0.11522097
0.10629383
0.097654083
0.089312829
0.081279475
0.073567089
0.06619618
0.059195518
0.052599622
0.046443938
0.040758774
0.035564428
0.030867691
0.02666241
0.022929287
0.01964167
0.016763631
0.014260835
0.012089808
0.010220272
0.0086039487
0.0072260525
0.0060268865
0.0050235979
0.0041241893
0.0034096236
0.0027086713
0.0022323522
0.0016330836
0.0013868518
0.00077744651
0.00081047525
3.2346544e-05
0.00048246046
-0.00072498689
0.00043540218
-0.0016655855
0.37630287
0.4585361
0.39938176
0.36970886
0.36822604
0.37033889
0.37055701
0.3700107
0.36950661
0.36911711
0.36877337
0.36844999
0.36814447
0.36785601
0.36758221
0.36732036
0.36706835
0.36682358
0.36658445
0.36634815
0.36611323
0.36587702
0.3656381
0.36539399
0.36514281
0.36488218
0.36461019
0.36432441
0.36402258
0.36370204
0.36336036
0.36299472
0.36260226
0.36217992
0.36172435
0.36123207
0.36069937
0.36012212
0.359496
0.35881606
0.35807704
0.35727315
0.35639765
0.35544309
0.35440077
0.35326067
0.35201103
0.35063856
0.34912846
0.34746495
0.34563171
0.3436126
0.34139261
0.33895851
0.33629822
0.33339923
0.33024758
0.32682702
0.32311918
0.31910399
0.31476015
0.31006578
0.30499905
0.29953881
0.29366532
0.2873609
0.28061093
0.27340475
0.26573662
0.25760695
0.24902328
0.24000106
0.23056454
0.22074735
0.21059328
0.20015674
0.18950303
0.17870782
0.16785555
0.1570361
0.14633997
0.13585258
0.12564839
0.1157859
0.10630501
0.097227291
0.088560729
0.080306157
0.072463202
0.06503577
0.058034882
0.051478207
0.045386788
0.039779745
0.034669509
0.030057749
0.025935236
0.02228085
0.019066987
0.016257072
0.013816673
0.011702081
0.0098834479
0.0083122729
0.0069747991
0.0058106583
0.004838953
0.00396586
0.0032760456
0.0025939181
0.0021378041
0.0015504704
0.0013225918
0.00071765848
0.00077080224
-1.2893649e-05
0.00046425783
-0.00076425976
0.00043631875
-0.0017076431
0.40878833
0.49894761
0.43541752
0.40465685
0.40392994
0.40686363
0.40767515
0.40760522
0.40752687
0.40752151
0.40752445
0.40751143
0.40748206
0.40744081
0.40738718
0.4073202
0.40723993
0.4071456
0.4070362
0.40691154
0.40676989
0.40661109
0.40643274
0.40623471
0.40601481
0.40577136
0.40550272
0.40520668
0.40488135
0.40452375
0.40413162
0.40370184
0.40323119
0.40271617
0.40215317
0.40153779
0.40086578
0.40013212
0.39933148
0.39845809
0.39750549
0.39646643
0.39533302
0.394096
0.39274473
0.39126692
0.38964815
0.38787199
0.38592042
0.38377427
0.38141394
0.37882064
0.37597785
0.37287168
0.36948995
0.36582011
0.36184794
0.35755687
0.35292819
0.34794176
0.34257653
0.33681137
0.33062572
0.32400023
0.31691748
0.30936263
0.30132457
0.29279676
0.28377848
0.27427623
0.26430485
0.25388844
0.24306114
0.23186747
0.2203626
0.20861247
0.19669339
0.18469128
0.17270009
0.16081846
0.14914542
0.13777499
0.12678989
0.11625589
0.10621782
0.096698673
0.087703374
0.07922493
0.071250443
0.063767976
0.056771213
0.050260813
0.044242823
0.038724325
0.033708978
0.029192568
0.025162292
0.021594916
0.018461808
0.015725831
0.013352563
0.011298215
0.0095335342
0.0080099224
0.0067147743
0.0055871783
0.0046482607
0.0038024508
0.0031381712
0.0024755025
0.0020401052
0.0014651326
0.0012559842
0.00065580784
0.00072939045
-5.9692397e-05
0.00044484217
-0.00080460498
0.00043650161
-0.0017501941
0.44848978
0.54834334
0.48071063
0.44768318
0.44664314
0.44958221
0.45029819
0.45009221
0.44988447
0.44976709
0.44966841
0.44956079
0.44944542
0.44932313
0.44919393
0.44905689
0.44891052
0.44875302
0.44858394
0.44840162
0.44820443
0.44799084
0.44775922
0.44750731
0.4472337
0.44693556
0.4466109
0.44625682
0.44587051
0.44544923
0.44498916
0.44448695
0.44393863
0.44333986
0.44268585
0.44197187
0.4411922
0.44034092
0.43941154
0.43839688
0.437289
0.43607924
0.43475748
0.43331233
0.43173049
0.42999627
0.42809151
0.42599544
0.42368548
0.42113792
0.41832878
0.4152356
0.4118394
0.40812446
0.40407673
0.3996818
0.39492324
0.38978223
0.38423813
0.37826944
0.37185457
0.36497293
0.35760557
0.34973612
0.34135133
0.33244173
0.3230026
0.3130348
0.302546
0.29155193
0.28007756
0.26815796
0.25583891
0.24317715
0.23024036
0.21710686
0.2038647
0.1906106
0.1774479
0.16448333
0.15182293
0.13956702
0.12780393
0.11660396
0.10601479
0.0960595
0.086739567
0.078040459
0.069937523
0.062403816
0.055416289
0.048958852
0.04302237
0.037601384
0.032690165
0.028278043
0.024348195
0.020875051
0.017828877
0.015171975
0.012870047
0.010879348
0.0091713417
0.0076974762
0.0064464027
0.0053567433
0.0044517272
0.0036341027
0.002996077
0.0023534691
0.0019392906
0.0013770929
0.00118704
0.00059190571
0.00068624457
-0.00010803611
0.00042420765
-0.00084600846
0.00043596681
-0.0017932185
0.47956112
0.59291813
0.5235596
0.4883734
0.48697974
0.49004408
0.49081493
0.49060089
0.49037925
0.49025087
0.49014149
0.490025
0.48989923
0.48976609
0.48962589
0.48947691
0.48931743
0.48914697
0.48896356
0.48876583
0.48855221
0.48832052
0.48806958
0.48779679
0.48749986
0.48717708
0.48682473
0.4864408
0.48602178
0.48556418
0.48506446
0.48451857
0.48392198
0.48326995
0.48255742
0.48177837
0.48092699
0.47999635
0.47897901
0.47786688
0.47665078
0.47532041
0.47386416
0.47226806
0.470516
0.46858866
0.46646348
0.46411475
0.46151472
0.4586346
0.45544568
0.45192162
0.44804022
0.44378293
0.43913272
0.43407177
0.42857999
0.42263483
0.41621226
0.40928803
0.40183895
0.3938439
0.38528497
0.37614844
0.36642543
0.3561126
0.34521299
0.33373683
0.32170266
0.30913831
0.29608186
0.28258217
0.26869915
0.25450382
0.24007788
0.22551304
0.21090985
0.1963761
0.18202448
0.1679692
0.15432221
0.14118833
0.12865918
0.11680729
0.10568104
0.095302138
0.085667907
0.076756355
0.068531639
0.060952616
0.053980308
0.047582376
0.041734626
0.036418899
0.031619711
0.027319529
0.023497179
0.020124535
0.01717067
0.014597362
0.012370499
0.010446482
0.0087976111
0.0073754653
0.0061700419
0.0051195983
0.0042495135
0.0034609193
0.0028498411
0.0022278698
0.0018353765
0.0012863574
0.0011157504
0.00052594206
0.00064133653
-0.00015794486
0.0004023186
-0.00088849312
0.00043465459
-0.001836764
0.51184976
0.63956066
0.56858724
0.53118004
0.52940839
0.53259127
0.53342162
0.53319687
0.53295563
0.53281354
0.53269239
0.53256061
0.53242031
0.53227179
0.53211497
0.53194821
0.53177003
0.53157884
0.53137364
0.53115186
0.5309123
0.53065298
0.53037146
0.53006543
0.52973246
0.52936991
0.5289748
0.52854356
0.52807274
0.52755879
0.52699718
0.52638343
0.52571257
0.52497926
0.5241775
0.52330107
0.52234273
0.52129525
0.52014994
0.51889773
0.5175281
0.51602924
0.51438746
0.51258651
0.51060675
0.50842489
0.50601372
0.50334276
0.5003796
0.49709163
0.49344732
0.48941827
0.48498079
0.48011459
0.4748005
0.46901785
0.46274303
0.45594964
0.44860976
0.44069561
0.43218112
0.42304332
0.41326383
0.40282997
0.39173599
0.37998375
0.36758369
0.35455556
0.34092938
0.32674637
0.31205929
0.29693256
0.28144209
0.26567475
0.24972758
0.23370659
0.2177253
0.20190278
0.18636089
0.17122085
0.15659954
0.14260484
0.12932992
0.11684749
0.10520478
0.09442065
0.084487506
0.075375813
0.06703895
0.059422409
0.05247211
0.04614017
0.040387741
0.035184015
0.030503611
0.026321883
0.022613066
0.019346317
0.016489446
0.014003686
0.011855173
0.010000535
0.0084129848
0.0070443413
0.0058860209
0.0048759718
0.0040417747
0.0032830055
0.0026995146
0.0020987321
0.0017283854
0.0011929407
0.0010421208
0.00045792478
0.0005946691
-0.00020940732
0.00037916792
-0.00093204318
0.0004325823
-0.0018808126
0.54747739
0.68939071
0.61586238
0.575967
0.57384467
0.57718361
0.57807033
0.5778343
0.57757324
0.57741294
0.57727617
0.57712907
0.57697139
0.57680444
0.57662728
0.57643934
0.5762381
0.576023
0.5757903
0.57554018
0.57526923
0.57497569
0.57465705
0.57431094
0.57393426
0.57352351
0.57307607
0.57258773
0.57205458
0.57147215
0.57083595
0.57014057
0.56938063
0.56854984
0.56764178
0.56664916
0.56556432
0.56437859
0.56308271
0.56166608
0.56011688
0.55842122
0.55656292
0.55452234
0.55227567
0.54979419
0.54704493
0.54399198
0.54059854
0.53682878
0.53264925
0.5280306
0.52294827
0.51738119
0.51130885
0.50470853
0.49755413
0.48981648
0.48146492
0.47246921
0.46280155
0.45243827
0.44136141
0.42956019
0.41703234
0.40378488
0.38983525
0.37521207
0.35995623
0.34412173
0.32777576
0.31099836
0.29388154
0.27652843
0.25905176
0.2415721
0.22421603
0.20711382
0.19039604
0.17419049
0.15861818
0.14378892
0.12979595
0.11671062
0.10457738
0.093411044
0.083198315
0.073901943
0.065464978
0.057820214
0.050899423
0.044639965
0.038988885
0.033903046
0.029347184
0.025289438
0.021699297
0.018543063
0.015787209
0.013392442
0.011325166
0.0095422997
0.0080180461
0.0067045195
0.0055946116
0.0046260454
0.0038286279
0.0031004329
0.0025451533
0.0019660928
0.0016183235
0.0010968431
0.0009661378
0.0003878423
0.00054621219
-0.00026244184
0.00035472064
-0.00097668033
0.00042969192
-0.00192541
0.5854956
0.74304739
0.66699894
0.62444065
0.62192409
0.62541899
0.62637007
0.62611862
0.62582934
0.62565027
0.62549157
0.62532379
0.62514191
0.62494969
0.6247453
0.62452781
0.62429513
0.62404436
0.62377512
0.62348388
0.6231686
0.62282696
0.62245557
0.62205226
0.62161285
0.62113418
0.62061212
0.62004261
0.61942068
0.61874162
0.61799953
0.61718908
0.6163035
0.61533589
0.61427885
0.61312438
0.6118635
0.61048669
0.60898337
0.60734139
0.60554717
0.60358457
0.60143412
0.59907206
0.59646921
0.59359091
0.59039773
0.58684846
0.58290254
0.57852178
0.57367112
0.56832007
0.5624433
0.55601897
0.54902628
0.54144202
0.53323971
0.52439013
0.51486283
0.50462829
0.49365991
0.48193568
0.4694401
0.4561656
0.4421138
0.42729667
0.41173791
0.39547385
0.37855484
0.36104616
0.34302792
0.32459448
0.30585292
0.28692169
0.2679285
0.24900789
0.23029912
0.21194298
0.19407827
0.17683874
0.16034881
0.14471929
0.13004243
0.11638694
0.10379336
0.092271327
0.081801271
0.072338089
0.063814783
0.056152254
0.049268986
0.043088478
0.037544361
0.032581568
0.028155159
0.024226053
0.020758919
0.017717127
0.015065764
0.012764977
0.010781469
0.0090724953
0.0076132898
0.0063563423
0.0052960651
0.0043699912
0.0036101877
0.0029132786
0.0023867888
0.0018299662
0.0015052046
0.00099807354
0.00088780375
0.00031570113
0.00049596739
-0.00031703626
0.00032897047
-0.0010223903
0.00042599945
-0.0019705374
0.62911334
0.80182706
0.72162541
0.67595711
0.67310399
0.67681171
0.67782974
0.67755292
0.67723491
0.67702736
0.67684603
0.67665067
0.67643986
0.67621658
0.67597902
0.67572497
0.67545291
0.6751605
0.67484473
0.67450354
0.67413415
0.67373301
0.67329772
0.67282362
0.67230805
0.6717459
0.67113264
0.67046383
0.66973376
0.6689365
0.66806629
0.66711578
0.66607821
0.66494558
0.66370961
0.6623611
0.66089038
0.6592869
0.6575383
0.65563109
0.65354909
0.65127281
0.64877799
0.64603417
0.64300385
0.63964261
0.63590245
0.63173543
0.62709782
0.62195077
0.61626045
0.60999905
0.60314454
0.5956787
0.58758395
0.57883989
0.56942211
0.55930283
0.54845274
0.53684333
0.52444929
0.51125037
0.49723374
0.4823954
0.46674164
0.45029015
0.43307132
0.41512943
0.39652399
0.37733062
0.3576412
0.33756289
0.31721613
0.29673309
0.27625487
0.25592886
0.23590586
0.21633627
0.19736633
0.17913502
0.1617695
0.14538086
0.13005952
0.1158707
0.10285007
0.091001386
0.080298292
0.070687778
0.06209318
0.054424125
0.047586752
0.0414916
0.036059641
0.03122444
0.026931661
0.023135114
0.019794634
0.016870608
0.014326684
0.012122458
0.010224934
0.0085917326
0.0071991656
0.0060001268
0.0049905808
0.00410794
0.0033865351
0.0027215893
0.0022244603
0.0016903779
0.0013890275
0.00089662815
0.00080710254
0.00024148857
0.00044390371
-0.00037320838
0.00030188273
-0.0010691925
0.00042144991
-0.0020162393
0.67978157
0.86740224
0.78113405
0.7317874
0.72865572
0.73263851
0.73372605
0.7334152
0.73305247
0.73281285
0.73259783
0.73236378
0.73211459
0.7318487
0.73156495
0.73126113
0.73093463
0.73058429
0.73020469
0.72979455
0.72934995
0.72886722
0.72834253
0.72777134
0.72714932
0.7264712
0.72573123
0.72492376
0.72404208
0.72307923
0.72202769
0.72087939
0.7196254
0.71825634
0.71676204
0.71513154
0.71335266
0.71141218
0.70929526
0.70698431
0.70445905
0.70169453
0.69865986
0.69531731
0.69162238
0.6875258
0.68297862
0.67793754
0.6723663
0.66623396
0.65951289
0.65217883
0.64421049
0.63558825
0.6262917
0.61629723
0.60557766
0.59410313
0.58184353
0.56877105
0.55486275
0.54010244
0.52448271
0.50800606
0.49068603
0.47254812
0.45363089
0.43398722
0.41368566
0.39281171
0.3714676
0.34977158
0.32785571
0.30586371
0.28394817
0.26226748
0.24098273
0.22025253
0.20022965
0.1810576
0.16286555
0.14576434
0.12984201
0.11515962
0.10174745
0.089602781
0.078692219
0.068954878
0.060304721
0.052640863
0.045857938
0.03985444
0.034539501
0.029835908
0.02568031
0.022019592
0.018808798
0.016005325
0.013571369
0.01146593
0.0096563251
0.008100563
0.0067760463
0.0056361276
0.0046783471
0.003840019
0.0031577539
0.0025254208
0.0020581852
0.0015473337
0.0012698002
0.00079251286
0.00072403414
0.00016521114
0.0003900214
-0.00043094531
0.00027345025
-0.001117071
0.00041606267
-0.0020624956
0.7476128
0.94679004
0.84847918
0.79396624
0.79077836
0.79520406
0.79633964
0.79593205
0.79547688
0.79514553
0.79483649
0.79450518
0.79414497
0.7937592
0.79334764
0.79290592
0.79242936
0.79191525
0.79136108
0.79076151
0.7901116
0.78940886
0.78864623
0.78782005
0.78692346
0.78595169
0.78489799
0.78375579
0.78251902
0.78118006
0.77973194
0.77816743
0.77647861
0.77465778
0.77269648
0.77058632
0.76831743
0.76587864
0.76325716
0.7604361
0.75739386
0.75410208
0.75052241
0.74660631
0.74229569
0.73752673
0.73223725
0.72637204
0.71988438
0.71273422
0.70488889
0.69632467
0.68702645
0.67698522
0.66619371
0.65464213
0.64231616
0.62919678
0.61526266
0.6004929
0.58486999
0.5683824
0.55102677
0.53280956
0.51374847
0.49387373
0.47322915
0.45187358
0.42988239
0.40734869
0.38438309
0.36111293
0.33767965
0.31423651
0.29094539
0.26797378
0.24549127
0.2236632
0.20264808
0.18259315
0.163629
0.1458658
0.12938878
0.11425454
0.10048757
0.088078472
0.07698665
0.067143402
0.058453818
0.050807067
0.044087164
0.038181454
0.032988046
0.028419613
0.024404215
0.020882045
0.017803467
0.015122885
0.012801014
0.01079628
0.0090762881
0.0075994459
0.0063442694
0.0052645813
0.0043595082
0.0035663201
0.0029238984
0.0023248026
0.0018879909
0.0014008518
0.0011475173
0.00068572215
0.00063858115
8.6857216e-05
0.0003342915
-0.00049026264
0.00024364057
-0.0011660438
0.00040978306
-0.002109347
0.87943807
1.0817535
0.95103773
0.88599572
0.88356092
0.88914206
0.89040681
0.88982409
0.8892132
0.88874832
0.88829451
0.88779908
0.88725143
0.88666298
0.88602254
0.88532713
0.88457505
0.88375713
0.88286744
0.88189982
0.88084991
0.87970724
0.87846543
0.87711572
0.87565063
0.87406032
0.87233517
0.87046626
0.86844367
0.86625678
0.8638961
0.86135137
0.8586127
0.85567005
0.8525137
0.84913382
0.84551983
0.84166026
0.83754125
0.83314558
0.82845
0.82342257
0.81802083
0.81219039
0.80586917
0.79899489
0.79151491
0.78339181
0.77460156
0.76512938
0.75496731
0.74411173
0.73256126
0.72031444
0.70736725
0.69371051
0.6793285
0.66419954
0.64829851
0.63160033
0.61408331
0.59573247
0.57654183
0.55651618
0.53567284
0.51404262
0.49167124
0.46862072
0.44497076
0.42082009
0.39628578
0.37150233
0.34661875
0.32179589
0.29720282
0.27301439
0.24940701
0.22655161
0.20461115
0.18373604
0.16405796
0.14568589
0.12870221
0.11315885
0.099074368
0.08643261
0.075185765
0.0652576
0.056544662
0.048926883
0.042278471
0.03647648
0.031408817
0.026978696
0.023106063
0.019724697
0.016780401
0.014224648
0.012016677
0.010114292
0.0084853946
0.0070887935
0.0059041091
0.0048856722
0.0040342014
0.0032869367
0.0026850291
0.0021197746
0.0017138856
0.0012509326
0.0010221838
0.00057626089
0.00055074336
6.4341766e-06
0.00027671466
-0.000551146
0.00021244745
-0.0012160939
0.00040263161
-0.0021567718
0.89949202
1.1355
0.99852366
0.92058927
0.91587764
0.92240769
0.92428451
0.92391174
0.92343846
0.92314212
0.92285845
0.92252507
0.92215358
0.92172687
0.92125588
0.92073564
0.92015776
0.91952086
0.91881875
0.91804835
0.9172
0.91626969
0.91525098
0.91413647
0.91291829
0.91158764
0.9101373
0.90855769
0.90683964
0.9049735
0.90295028
0.90075896
0.89838991
0.89583248
0.89307555
0.89010743
0.8869149
0.88348226
0.87979054
0.87581421
0.87151942
0.86685948
0.86177284
0.85618259
0.85000204
0.84314551
0.83554055
0.82713337
0.81788863
0.80778733
0.79682529
0.78500834
0.77234716
0.75885378
0.74453913
0.72941087
0.71347111
0.69671601
0.67913733
0.66072549
0.64147265
0.62137596
0.6004398
0.57867775
0.55611457
0.53278748
0.50874815
0.4840641
0.45882116
0.43312411
0.40709621
0.38087841
0.35462631
0.32850683
0.30269495
0.2773715
0.25271865
0.22891168
0.206117
0.18448755
0.16415572
0.14522934
0.12778768
0.11187806
0.097513164
0.084670168
0.073294203
0.063301736
0.054581277
0.047004117
0.040435438
0.034742843
0.02980482
0.025515805
0.021788114
0.018549414
0.015741119
0.013311806
0.011219239
0.0094206232
0.007884122
0.0065689416
0.0054558143
0.0044995751
0.0037025288
0.0030019314
0.0024411818
0.0019103549
0.0015358891
0.0010975903
0.00089379241
0.00046412346
0.0004605042
-7.6068599e-05
0.00021726254
-0.0006136096
0.0001798389
-0.0012672384
0.00039455586
-0.0022048102
0.90589128
1.1676392
1.0278647
0.93997587
0.9328101
0.93976088
0.94194239
0.94158669
0.94108026
0.94077668
0.94051025
0.94021603
0.93988116
0.93951702
0.93912015
0.93868518
0.93820802
0.93768747
0.93711716
0.93649207
0.93580845
0.93506073
0.93424163
0.93334593
0.93236655
0.93129613
0.93012777
0.92885323
0.92746391
0.92595218
0.92430875
0.92252432
0.92059005
0.91849609
0.91623156
0.91378536
0.91114439
0.90829222
0.90520829
0.9018639
0.89821963
0.89422033
0.88979229
0.88484447
0.8792761
0.87298955
0.86590102
0.85794264
0.84906119
0.83921909
0.828395
0.81657991
0.80377145
0.78997111
0.77518305
0.75941316
0.74266773
0.72495187
0.70627075
0.68663173
0.66604655
0.64453338
0.62211786
0.59883408
0.57472572
0.54984708
0.52426441
0.49805842
0.47132633
0.44418252
0.41675799
0.38920133
0.36167498
0.33435182
0.30741206
0.28104117
0.25542635
0.23074669
0.20717121
0.18485468
0.1639301
0.14450406
0.12665282
0.1104193
0.095810398
0.082796782
0.07131686
0.061280105
0.05256743
0.045042165
0.038561164
0.032983364
0.028178616
0.024033197
0.020452297
0.0173578
0.014686888
0.012385346
0.010409475
0.00871585
0.0072728907
0.0060401953
0.0049995833
0.0041064207
0.0033645914
0.0027113731
0.0021924012
0.0016965743
0.0013540047
0.00094082343
0.00076234711
0.00034931565
0.00036786406
-0.00016064093
0.00015593612
-0.00067763587
0.00014581224
-0.0013194575
0.00038557629
-0.0022534398
0.89853922
1.1781679
1.0387671
0.94410031
0.93493646
0.94215239
0.94461116
0.94433135
0.94386623
0.94361179
0.9434231
0.9432156
0.94298114
0.94272584
0.94245224
0.94215392
0.94182851
0.9414755
0.94108724
0.94066201
0.94019619
0.93968381
0.93912047
0.93850125
0.93782021
0.93707163
0.93624901
0.93534615
0.93435578
0.93327074
0.93208403
0.93078754
0.92937371
0.92783396
0.92615928
0.92433964
0.92236316
0.92021403
0.9178715
0.91530498
0.91247064
0.909306
0.90572747
0.90163386
0.89691767
0.89147893
0.88523058
0.87809544
0.87000437
0.86090056
0.85074243
0.83950058
0.82715186
0.81367728
0.79906218
0.78329705
0.76637768
0.74830441
0.72908371
0.70873049
0.6872699
0.66473872
0.64118507
0.61666798
0.59125649
0.56502958
0.53807696
0.51049958
0.48241192
0.45394279
0.42523493
0.39644714
0.36775076
0.3393257
0.31135647
0.28403078
0.25753992
0.23206784
0.20778548
0.18484913
0.16339238
0.14352055
0.1253072
0.10879092
0.093973169
0.080818484
0.069258733
0.059196867
0.050506688
0.043044101
0.036658364
0.031200468
0.02653233
0.022532732
0.019100204
0.016151172
0.013618792
0.011446118
0.0095880158
0.0080004392
0.0066520407
0.0055027921
0.0045355971
0.0037063376
0.00302046
0.0024153051
0.0019387107
0.0014784434
0.0011682484
0.00078064484
0.00062784147
0.00023183358
0.00027280829
-0.00024729099
9.2711093e-05
-0.00074323596
0.00011033695
-0.0013727666
0.0003756437
-0.0023026944
0.88185327
1.1723032
1.0356019
0.93713427
0.92648815
0.93381087
0.93652038
0.93636075
0.93598889
0.9358511
0.93579004
0.93572097
0.93564241
0.93556013
0.93547321
0.93537873
0.93527677
0.93516368
0.93503673
0.93489423
0.93473235
0.93454782
0.93433676
0.93409553
0.93381917
0.93350278
0.93314136
0.93272911
0.93225976
0.93172694
0.93112387
0.93044328
0.92967747
0.92881839
0.92785731
0.92678409
0.92558664
0.92424881
0.92274789
0.92105008
0.91910553
0.91684331
0.91417064
0.91098073
0.90716846
0.9026412
0.89731559
0.89110862
0.88393772
0.87572938
0.86642408
0.85597389
0.8443366
0.83147316
0.81734867
0.80193435
0.78520906
0.76716009
0.7477856
0.72709824
0.70512727
0.68192007
0.65754166
0.63207257
0.60560686
0.57825048
0.55011937
0.52133727
0.49204037
0.46237876
0.4325113
0.40260951
0.37285512
0.34343635
0.31454074
0.28635643
0.25907713
0.23289249
0.20797638
0.18448636
0.16255649
0.14229124
0.1237615
0.10700202
0.092009113
0.078741458
0.067124858
0.057056062
0.048402312
0.041012644
0.03472935
0.029396164
0.024867751
0.021015964
0.01773316
0.01493064
0.012537709
0.010494814
0.008755408
0.0072748047
0.0060218736
0.0049569534
0.004063995
0.0032994178
0.0026702106
0.00211378
0.0016801458
0.0012559881
0.00097862212
0.00061705403
0.00049028054
0.00011168525
0.00017533936
-0.00033600582
2.7589808e-05
-0.00081039029
7.3411015e-05
-0.0014271439
0.00036477984
-0.0023525475
0.86232953
1.1518299
1.0219093
0.92505075
0.91448612
0.92192384
0.92473786
0.9246901
0.9244386
0.92443342
0.92451697
0.92461078
0.92470848
0.92481819
0.9249411
0.92507606
0.92522132
0.9253775
0.92554208
0.92571477
0.92589325
0.92607506
0.92625856
0.92644008
0.92661649
0.92678362
0.92693724
0.92707155
0.92718061
0.92725793
0.92729624
0.92728755
0.92722312
0.92709356
0.92688866
0.92659653
0.92620243
0.92568687
0.92502192
0.92416651
0.92306085
0.92162274
0.91975162
0.91734345
0.91430802
0.91056982
0.90605255
0.90066784
0.89432036
0.88692111
0.87839501
0.86867861
0.85771475
0.84544958
0.83183306
0.81682095
0.80037721
0.78247556
0.76310285
0.74226429
0.71998634
0.6963192
0.67133639
0.64513289
0.61782206
0.58953233
0.56040129
0.53057489
0.50021815
0.46950605
0.43861308
0.40772169
0.37702371
0.34671624
0.31699077
0.28804197
0.26006176
0.23324298
0.20776426
0.18378449
0.16143838
0.14082978
0.12202738
0.10506226
0.089926012
0.076571937
0.064920097
0.054861516
0.046257305
0.038950217
0.032776116
0.027572144
0.023186313
0.019484129
0.016352225
0.013697085
0.01144438
0.0095320222
0.0079120883
0.0065392719
0.0053826288
0.0044028461
0.0035849104
0.0028857566
0.0023138941
0.0018068297
0.0014167239
0.0010292177
0.00078514169
0.00045006511
0.00034966022
-1.1129795e-05
7.5445508e-05
-0.00042679008
-3.94502e-05
-0.0008791067
3.5007143e-05
-0.0014826009
0.00035293718
-0.0024030342
0.85538409
1.1443559
1.0190033
0.92464285
0.9143199
0.9216127
0.92441909
0.92442042
0.92423149
0.9242893
0.92444669
0.92461796
0.9248022
0.92500729
0.92523553
0.92548585
0.92575978
0.92605774
0.92637907
0.92672401
0.92709019
0.92747869
0.92788725
0.92831335
0.92875469
0.92920803
0.92966789
0.93012982
0.93058764
0.93103401
0.93146092
0.93185951
0.93221976
0.93253092
0.93278099
0.9329552
0.93303504
0.9329949
0.93279734
0.93238816
0.93169142
0.93061065
0.92904299
0.92690272
0.92413055
0.92067462
0.91646509
0.91140756
0.90539581
0.89832973
0.89012435
0.88070745
0.87001426
0.85798425
0.8445602
0.82968934
0.81332536
0.79543021
0.77597886
0.75496541
0.73240793
0.70835162
0.68286954
0.65606185
0.62805122
0.5989771
0.56899358
0.53827608
0.50701977
0.47540871
0.44362713
0.41186713
0.38033015
0.34922346
0.3187491
0.28911909
0.26052222
0.23314554
0.20717207
0.18276348
0.1600552
0.13915067
0.12011676
0.10298136
0.087731708
0.074316021
0.062649174
0.052616803
0.044074382
0.036858892
0.030800326
0.025729767
0.021489188
0.017938242
0.014958262
0.012451237
0.010339381
0.0085582003
0.0070584298
0.0057941261
0.0047345189
0.0038406293
0.0030984415
0.0024654207
0.0019515692
0.0014944974
0.0011484765
0.00079815692
0.00058781059
0.00027968065
0.00020598911
-0.00013660001
-2.6867239e-05
-0.00051962687
-0.00010840306
-0.00094936282
-4.8738466e-06
-0.0015391141
0.00034013776
-0.0024541232
0.8759001
1.1703995
1.0449902
0.95223221
0.94192162
0.94884202
0.95148763
0.95145784
0.95122732
0.95122131
0.95130287
0.95139201
0.95149031
0.95159758
0.95172595
0.95186867
0.95202877
0.95220586
0.95239855
0.95260822
0.9528351
0.95307825
0.95333336
0.95359996
0.95387409
0.954153
0.95443013
0.95470168
0.95495935
0.95519698
0.9554058
0.95557771
0.95570265
0.95577099
0.95576987
0.95568361
0.95548941
0.95515257
0.95462044
0.95381616
0.95263877
0.95097709
0.94874231
0.94589105
0.94240829
0.93826624
0.93340017
0.92771354
0.92109899
0.91345764
0.90470703
0.8947775
0.88360617
0.87113339
0.85730093
0.84205226
0.82533332
0.8070946
0.78729704
0.76591962
0.74296583
0.71846787
0.69248993
0.66512586
0.63649297
0.60673343
0.57602602
0.54457855
0.51257767
0.48019736
0.44763928
0.4151117
0.38282782
0.35100558
0.31986824
0.28962848
0.26049006
0.23262912
0.20622469
0.18144442
0.15842468
0.13726868
0.11804179
0.10076905
0.085433775
0.071979594
0.060316479
0.050325193
0.041855982
0.034740492
0.028803367
0.023870155
0.01977728
0.016379063
0.013551924
0.011193642
0.0092231862
0.0075737354
0.0061947204
0.005039586
0.0040777077
0.0032704208
0.0026046885
0.002038485
0.001583276
0.0011768103
0.00087542001
0.00056281664
0.00038664766
0.00010591847
5.9267348e-05
-0.00026472088
-0.00013160636
-0.00061451663
-0.00017928772
-0.0010211616
-4.625572e-05
-0.0015966924
0.00032633858
-0.0025058429
0.9135464
1.2118124
1.0896563
1.0024633
0.99342226
0.99993626
1.0022949
1.0021298
1.0017773
1.0016302
1.0015482
1.0014505
1.0013503
1.0012481
1.0011376
1.0010239
1.0009087
1.0007877
1.0006617
1.00053
1.000387
1.0002345
1.000067
0.99988403
0.99967719
0.99944389
0.999178
0.99887306
0.99852305
0.99812089
0.99765963
0.99713294
0.99653452
0.99585623
0.99508762
0.99421165
0.99319827
0.99199641
0.99052407
0.9886644
0.98628083
0.98326006
0.97955678
0.97518728
0.97017321
0.96449607
0.95809051
0.95086376
0.94272056
0.93358042
0.9233816
0.9120739
0.89961032
0.88594325
0.87102187
0.8547921
0.83719674
0.81817684
0.79767895
0.77566427
0.75211754
0.72705239
0.70051543
0.67258124
0.64335204
0.61298578
0.58168464
0.54962877
0.5169759
0.48391998
0.45068112
0.41748234
0.38454816
0.35210595
0.32039128
0.28961697
0.25999877
0.23172288
0.20494791
0.17984879
0.15656479
0.13519852
0.11581433
0.098434748
0.083039573
0.069568211
0.057926178
0.047989682
0.039604223
0.032596539
0.026786345
0.021994145
0.018051295
0.014807188
0.01213372
0.0099247437
0.0080961481
0.0065789143
0.0053212073
0.0042758473
0.0034123459
0.0026923367
0.0021037232
0.0016050009
0.0012090663
0.00085380911
0.0005975865
0.00032322481
0.00018166102
-7.1213212e-05
-9.0491748e-05
-0.00039547588
-0.00023876161
-0.00071143764
-0.00025209357
-0.0010944771
-8.9135844e-05
-0.0016553083
0.00031156193
-0.0025581628
0.95031315
1.2590096
1.1442567
1.0635853
1.0555707
1.0615516
1.0635796
1.0632657
1.0627738
1.0624651
1.0621914
1.0618961
1.0615724
1.061218
1.0608431
1.0604426
1.0600116
1.0595498
1.0590547
1.0585239
1.0579524
1.0573367
1.0566717
1.0559523
1.0551734
1.0543284
1.0534111
1.0524152
1.0513367
1.0501704
1.048913
1.0475633
1.0461197
1.044579
1.0429333
1.0411618
1.0392189
1.0370197
1.0344284
1.0312691
1.0273819
1.0226954
1.017239
1.0110749
1.0042267
0.99665972
0.98829829
0.97905479
0.96885355
0.95764421
0.94540069
0.93210909
0.91775487
0.90231661
0.88576278
0.86805146
0.84913049
0.82893783
0.80740958
0.784491
0.76014798
0.73437306
0.70718681
0.6786374
0.64882906
0.61793835
0.58612039
0.55350398
0.52026682
0.48662386
0.45280046
0.4190276
0.38553852
0.352568
0.32035416
0.28912595
0.25908547
0.23045236
0.20336706
0.1779984
0.15449318
0.13295466
0.11344592
0.095987517
0.080556006
0.067087041
0.055482003
0.045612931
0.037320958
0.030428316
0.024750163
0.020102401
0.016311724
0.013223023
0.010704001
0.0086448438
0.0069585482
0.0055739761
0.0044380699
0.0035030527
0.0027385448
0.0021064621
0.0015956256
0.0011650327
0.00082897596
0.00052552137
0.00031499613
7.9397321e-05
-2.7125463e-05
-0.00025169114
-0.00024328201
-0.00052885466
-0.00034833545
-0.00081038494
-0.00032683589
-0.0011693084
-0.00013353441
-0.001714967
0.00029576758
-0.0026111023
0.9729081
1.3011311
1.1995693
1.1255693
1.1178726
1.1231024
1.1247868
1.1243346
1.1236976
1.1232025
1.1227242
1.1222086
1.1216479
1.121041
1.1203916
1.1196924
1.1189401
1.1181325
1.1172624
1.1163276
1.1153195
1.1142352
1.1130661
1.1118068
1.110452
1.1089941
1.1074294
1.1057543
1.1039679
1.1020724
1.1000724
1.097976
1.0957914
1.0935233
1.0911654
1.0886839
1.0859966
1.0829494
1.0793215
1.0748928
1.0695492
1.0633185
1.0562932
1.0485281
1.0400044
1.0306506
1.0203742
1.0090913
0.99674705
0.98332535
0.96884337
0.95333453
0.9368289
0.91934215
0.90087193
0.88139734
0.86087991
0.83926307
0.81648045
0.79246777
0.76717582
0.74057433
0.71265674
0.68346388
0.65311927
0.62174288
0.5894172
0.5562861
0.52254303
0.48839809
0.45407773
0.41981735
0.38585668
0.35243634
0.31979912
0.2881833
0.25779356
0.22884121
0.2015066
0.17591449
0.15222711
0.13055079
0.11094749
0.093435851
0.077989583
0.064540871
0.05298738
0.043197313
0.035007758
0.028236821
0.022695479
0.018195361
0.014558914
0.011626859
0.0092630231
0.0073541762
0.005810574
0.0045590833
0.0035454653
0.0027213339
0.0020564127
0.0015128877
0.0010804561
0.0007186273
0.00044305629
0.00019199081
2.7686181e-05
-0.00016863187
-0.00023969651
-0.00043549955
-0.00039908368
-0.00066483445
-0.00046031205
-0.00091133228
-0.00040350075
-0.001245625
-0.00017944512
-0.0017756391
0.00027897738
-0.0026646289
0.96904705
1.3292896
1.2493192
1.1814717
1.1729914
1.177287
1.178694
1.1781141
1.17732
1.1766352
1.175956
1.1752279
1.1744373
1.1735903
1.1726791
1.1716998
1.1706468
1.1695147
1.1682949
1.166982
1.1655679
1.1640463
1.1624093
1.1606503
1.1587636
1.1567459
1.1545964
1.1523183
1.1499194
1.1474137
1.1448199
1.1421609
1.1394595
1.1367292
1.1339549
1.1310619
1.1278788
1.1241366
1.1195547
1.113978
1.107434
1.1000422
1.0918845
1.0829498
1.0731568
1.0623943
1.0505528
1.0375488
1.0233423
1.0079443
0.99140995
0.97381887
0.95524835
0.9357556
0.91537195
0.89410334
0.87193219
0.84881697
0.82469848
0.79951098
0.7731952
0.74570416
0.71702506
0.68721889
0.65636039
0.62448147
0.59167158
0.55808558
0.52390363
0.48933059
0.45459054
0.41992044
0.38556341
0.35176488
0.31877152
0.28682575
0.25615141
0.22692614
0.19938803
0.17361684
0.14978295
0.12800006
0.10832937
0.090787662
0.075346192
0.06193401
0.050445349
0.040744851
0.03266596
0.026022908
0.020622797
0.016273344
0.012793049
0.010018838
0.0078109202
0.0060528664
0.0046523716
0.0035343757
0.0026435006
0.0019307859
0.0013660324
0.00091168048
0.00055828478
0.00026584585
5.1346619e-05
-0.00014674865
-0.00026431604
-0.0004208386
-0.00045602065
-0.00062260796
-0.00055788315
-0.00080339784
-0.00057468751
-0.0010142681
-0.00048209724
-0.0013234218
-0.00022688455
-0.0018373254
0.00026115232
-0.0027187611
0.92499591
1.3283736
1.2813972
1.2193243
1.2088209
1.2120367
1.2133421
1.2127914
1.2119464
1.2111732
1.2103958
1.209555
1.2086437
1.207658
1.2065933
1.2054458
1.2042073
1.2028718
1.2014306
1.1998782
1.1982062
1.1964075
1.1944764
1.192409
1.1902047
1.187866
1.1854016
1.1828273
1.1801666
1.177452
1.1747236
1.1720242
1.1693889
1.1668219
1.1642497
1.1614723
1.158166
1.1540017
1.1488114
1.1426382
1.1356293
1.1278845
1.1193927
1.1100538
1.0997271
1.0882663
1.0755434
1.0614688
1.0460075
1.0291865
1.011091
0.99184273
0.97156667
0.95036462
0.92830499
0.90542386
0.88172992
0.85720413
0.83180305
0.80546676
0.77813838
0.74977748
0.7203912
0.69000541
0.65861061
0.62623819
0.59299024
0.55900177
0.52444139
0.48950601
0.45441478
0.41940381
0.38471767
0.35060503
0.31731626
0.28509692
0.25418021
0.22474977
0.19702678
0.17112306
0.14717617
0.1253147
0.10560101
0.088050246
0.07263128
0.059270372
0.047858586
0.038257328
0.030296614
0.023787157
0.018532423
0.014336485
0.011014232
0.0083990305
0.0063477602
0.0047410012
0.0034840154
0.0024999332
0.0017322756
0.0011315049
0.00066749
0.00030292044
2.9168406e-05
-0.00019326254
-0.00034609734
-0.00049064636
-0.00056096574
-0.00067718063
-0.00067607355
-0.00081299252
-0.00071965334
-0.00094451518
-0.00069143967
-0.0011191611
-0.00056260806
-0.001402664
-0.00027584325
-0.0018999913
0.00024231893
-0.0027734568
0.87792083
1.316215
1.3031251
1.248839
1.2366391
1.2385272
1.2395183
1.2388365
1.2377883
1.2367524
1.2356856
1.2345328
1.2332826
1.2319328
1.2304786
1.2289132
1.2272291
1.2254197
1.2234798
1.2214035
1.2191865
1.2168265
1.2143256
1.2116895
1.2089303
1.2060682
1.203134
1.2001696
1.1972292
1.1943785
1.1916879
1.1892191
1.1869873
1.1848973
1.1826849
1.1799618
1.1763853
1.1718248
1.1663674
1.160184
1.1533833
1.1459473
1.1377553
1.1286359
1.1184041
1.1068843
1.0939286
1.0794341
1.063359
1.0457337
1.0266603
1.0062922
0.98479615
0.96231555
0.938954
0.9147767
0.88981914
0.86408667
0.83755596
0.81018918
0.78195474
0.75283401
0.72280991
0.69184284
0.65992555
0.62710554
0.59346561
0.55912624
0.52424316
0.48900436
0.45362261
0.41833177
0.38337587
0.34900612
0.31547564
0.28303308
0.25191484
0.22233112
0.19444166
0.16844997
0.14442125
0.12250605
0.10277127
0.085230222
0.069849682
0.056553388
0.045229419
0.035736186
0.02790061
0.021530023
0.016424536
0.012384832
0.0092224188
0.0067674006
0.0048735275
0.0034185916
0.0023055617
0.0014558279
0.00081185325
0.00032355422
-3.9147713e-05
-0.00031333015
-0.00050682293
-0.00065863078
-0.00074922758
-0.00083965902
-0.00086222483
-0.00093762306
-0.0008998143
-0.001006613
-0.00088437202
-0.001088161
-0.00081055777
-0.0012259932
-0.00064503502
-0.0014833402
-0.00032633358
-0.0019636343
0.00022244083
-0.0028287297
0.85349614
1.3090766
1.324108
1.2795212
1.266529
1.2669124
1.2672338
1.266123
1.2645843
1.2629813
1.2612961
1.2594808
1.2575218
1.2554124
1.2531445
1.2507125
1.2481107
1.2453342
1.2423802
1.2392492
1.2359456
1.2324806
1.2288728
1.2251493
1.2213514
1.2175339
1.2137682
1.2101418
1.2067581
1.2037236
1.2011228
1.1989553
1.1970514
1.1950481
1.1925199
1.1891899
1.1850208
1.1801428
1.1747268
1.1688742
1.1625626
1.1556653
1.1479989
1.1393583
1.1295358
1.1183345
1.1055844
1.0911595
1.0749978
1.0571154
1.037612
1.0166567
0.99444463
0.97115212
0.9469123
0.92181481
0.8959168
0.86924338
0.84180352
0.81360891
0.7846476
0.75488242
0.72426165
0.69275595
0.66037807
0.62716322
0.59318241
0.55854282
0.52338934
0.48790019
0.45228185
0.41676468
0.38159129
0.34701474
0.31328981
0.28066829
0.249389
0.21967843
0.19166872
0.16561345
0.14153152
0.11958454
0.099848003
0.082333593
0.067005783
0.053786083
0.042559837
0.03318267
0.025478566
0.019251777
0.014299183
0.010418303
0.0074175235
0.0051238637
0.0033881762
0.0020856273
0.0011170138
0.0004020905
-0.00011770011
-0.0004929904
-0.00075380545
-0.00093699405
-0.0010496258
-0.0011302002
-0.0011579781
-0.0011937249
-0.0011680362
-0.0012021128
-0.0011272074
-0.0012034351
-0.0010520027
-0.0012342971
-0.00093201245
-0.0013347251
-0.00072935504
-0.0015654106
-0.00037834088
-0.0020282158
0.00020154262
-0.0028845381
0.84983489
1.3041469
1.326388
1.2855315
1.2723742
1.2719438
1.2716581
1.2700241
1.2679284
1.2657203
1.2633871
1.2608847
1.2581981
1.2553225
1.2522524
1.2489872
1.2455243
1.2418686
1.2380285
1.2340188
1.2298622
1.2255957
1.2212645
1.2169332
1.2126839
1.2086151
1.2048463
1.2015088
1.1987263
1.1965599
1.1949267
1.1935374
1.1919779
1.189917
1.1872361
1.1839741
1.1802368
1.176145
1.1717675
1.1670706
1.1619282
1.1561609
1.1495648
1.1419244
1.1330218
1.1226454
1.1106062
1.0967572
1.0810151
1.0633805
1.0439466
1.0228911
1.0004308
0.97676846
0.95206231
0.92642144
0.89991629
0.87258991
0.84451164
0.81572825
0.7862024
0.75588719
0.72475527
0.69280202
0.66003523
0.62648622
0.59221835
0.55732922
0.52195392
0.48626255
0.45045541
0.41475872
0.37941369
0.34467401
0.3107961
0.27803423
0.24662986
0.21681522
0.18873958
0.16262463
0.13851829
0.11655962
0.096838427
0.079365592
0.064103374
0.050971062
0.039851507
0.030597712
0.023030968
0.01695255
0.012156311
0.0084367673
0.0055993589
0.0034682631
0.0018915941
0.00074204752
-8.1624237e-05
-0.00066124324
-0.0010563425
-0.0013180703
-0.0014764154
-0.001568002
-0.0015991603
-0.0016078946
-0.001572288
-0.0015527864
-0.0014783496
-0.0014706018
-0.0013582006
-0.0014034087
-0.0012225136
-0.0013828896
-0.0010557851
-0.0014453328
-0.00081556584
-0.0016488583
-0.00043187361
-0.0020937292
0.00017959071
-0.0029408864
0.84158095
1.2913297
1.3128846
1.2719751
1.2585076
1.2576065
1.2568079
1.2546389
1.2519813
1.2491814
1.2462299
1.243087
1.2397419
1.2361965
1.2324574
1.2285302
1.22443
1.2201778
1.2157991
1.2113345
1.2068343
1.202364
1.198001
1.1938466
1.1900132
1.1866291
1.1838208
1.181676
1.1801708
1.1791057
1.1781446
1.1769846
1.175494
1.1736611
1.1715032
1.169073
1.166456
1.1636968
1.1607524
1.1575029
1.1537819
1.1493966
1.1441387
1.1377871
1.1301132
1.1208909
1.1099126
1.0970071
1.0820644
1.0650647
1.0460893
1.0253204
1.002993
0.97933239
0.9545165
0.92866746
0.9018616
0.8741716
0.84572948
0.81655454
0.78660345
0.75586894
0.7243481
0.69204258
0.65896502
0.62514646
0.59064649
0.55555684
0.52000501
0.48415489
0.44820108
0.41236573
0.37688881
0.34202383
0.30802887
0.27516005
0.24366206
0.21376873
0.18565998
0.15949158
0.13539099
0.11343983
0.093748907
0.076330987
0.061145758
0.048110552
0.037105817
0.027982078
0.020558096
0.014632339
0.0099957446
0.0064399813
0.0037677179
0.0018004239
0.00038365837
-0.00061221492
-0.0012903856
-0.0017341628
-0.00200402
-0.0021516144
-0.0022068967
-0.0022062685
-0.0021553523
-0.0020916413
-0.0019920761
-0.0019167675
-0.001793094
-0.0017430245
-0.0015927459
-0.001606488
-0.0013958583
-0.0015338916
-0.0011818384
-0.0015577706
-0.00090363784
-0.0017336396
-0.00048691391
-0.0021601292
0.00015661299
-0.0029977286
0.82814982
1.2711396
1.2920265
1.251396
1.237793
1.2365419
1.2353689
1.2328292
1.2298016
1.2266258
1.223299
1.2197902
1.2160994
1.2122372
1.2082213
1.2040728
1.1998214
1.1955038
1.1911647
1.1868642
1.1826692
1.1786641
1.1749406
1.1716041
1.1687567
1.1664818
1.1647949
1.1635905
1.1626432
1.1617139
1.1606684
1.1594608
1.1580595
1.1564632
1.1547433
1.1529909
1.1512403
1.1494473
1.1475059
1.1452721
1.1425788
1.1392384
1.1350448
1.1297754
1.1231923
1.115054
1.1051373
1.0932492
1.0792437
1.0630663
1.044768
1.0245249
1.0025853
0.97919425
0.95454256
0.92875537
0.90190808
0.87412009
0.84553392
0.81612739
0.78590884
0.75489963
0.7231076
0.69054655
0.65723705
0.62321342
0.58853528
0.55329163
0.51760529
0.48163529
0.44557156
0.409633
0.37405826
0.33910068
0.30501935
0.2720724
0.24050769
0.21055947
0.18243135
0.15622808
0.13215861
0.11023267
0.090585156
0.073233838
0.058135817
0.045206421
0.034323844
0.025336298
0.018060118
0.012291076
0.0078172765
0.0044276873
0.0019223225
0.00012012091
-0.0011357931
-0.0019772542
-0.002509293
-0.002816648
-0.0029606957
-0.0029935601
-0.0029451735
-0.0028517115
-0.0027181072
-0.0025813457
-0.0024172658
-0.002285596
-0.002112203
-0.0020193189
-0.0018307784
-0.0018126117
-0.0015719944
-0.0016872594
-0.0013101452
-0.0016720063
-0.0009935607
-0.0018197298
-0.00054346479
-0.0022274052
0.00013257847
-0.0030550632
0.81353947
1.2498328
1.2703723
1.2303904
1.2170303
1.2158267
1.2147051
1.2122594
1.2093477
1.2063154
1.2031636
1.1998656
1.1964277
1.1928683
1.1892109
1.1854847
1.1817266
1.1779794
1.1742956
1.1707364
1.1673689
1.1642686
1.1615102
1.1591606
1.1572535
1.1557561
1.1545452
1.1534418
1.1522918
1.1510015
1.1495143
1.1478195
1.1459875
1.1441366
1.1423594
1.1406854
1.1390865
1.1374967
1.1358103
1.1338899
1.1315895
1.1287399
1.1251436
1.1205723
1.1147485
1.1073666
1.0981917
1.0870598
1.0738243
1.0584105
1.0408169
1.0211818
0.99975171
0.97678691
0.9524839
0.92695954
0.90028251
0.87259949
0.84402949
0.81455277
0.78421851
0.7530646
0.72111249
0.68838754
0.65492146
0.62075433
0.58594919
0.55059489
0.51481189
0.47875634
0.44261481
0.40660352
0.37095979
0.33593737
0.30179596
0.26879552
0.23718671
0.20720476
0.17906668
0.15285858
0.12882967
0.10694486
0.08735215
0.070077698
0.055075975
0.042260215
0.031506483
0.02266075
0.015537064
0.0099285501
0.0056206033
0.0023995499
6.2895303e-05
-0.0015728689
-0.0026669139
-0.0033531564
-0.0037383884
-0.0039086923
-0.003926308
-0.0038438276
-0.00369115
-0.0035042297
-0.0032873316
-0.0030769175
-0.0028477587
-0.0026591778
-0.0024355905
-0.002299404
-0.0020722365
-0.0020217213
-0.0017508648
-0.0018429365
-0.0014406601
-0.0017879866
-0.0010852992
-0.0019070802
-0.00060150586
-0.0022955085
0.00010751506
-0.0031128399
0.80049949
1.2312273
1.2517546
1.2126494
1.1998234
1.199001
1.1982833
1.1962883
1.1938669
1.1913599
1.188768
1.1860656
1.1832607
1.1803735
1.1774261
1.1744492
1.1714765
1.1685496
1.165715
1.1630262
1.1605373
1.1583026
1.1563616
1.1547205
1.153324
1.152046
1.1507219
1.1492074
1.1474115
1.1453135
1.1429767
1.1405268
1.1380894
1.1357449
1.1335156
1.1313875
1.1293698
1.1275051
1.1257191
1.1238147
1.1216222
1.1189869
1.1157297
1.1116013
1.1062562
1.0992994
1.0904972
1.0797149
1.0668692
1.0519544
1.0349429
1.0158921
0.99500244
0.97253623
0.94869383
0.92357157
0.89722485
0.86978962
0.84136613
0.81196606
0.78164562
0.75046094
0.71844716
0.68564167
0.65208773
0.61783409
0.58294843
0.54752265
0.51167704
0.47556573
0.43937399
0.40331566
0.36762762
0.3325635
0.29838402
0.26535085
0.23371731
0.20371993
0.17558227
0.14940413
0.12541079
0.10358207
0.084054247
0.066865596
0.051968231
0.039273158
0.028654345
0.019955626
0.012988844
0.0075445381
0.0034054031
0.00035524401
-0.001810889
-0.0032788022
-0.0042098796
-0.0047400264
-0.0049776956
-0.0050102657
-0.0049008053
-0.0047023365
-0.0044447328
-0.0041637192
-0.0038629106
-0.003578243
-0.0032834576
-0.0030374214
-0.0027631729
-0.0025832025
-0.0023170418
-0.0022337432
-0.0019324155
-0.0020008697
-0.0015733468
-0.0019056724
-0.0011788364
-0.0019956609
-0.00066103267
-0.0023644214
8.1393335e-05
-0.003171052
0.79140731
1.2182909
1.23882
1.2003887
1.1879975
1.1874817
1.187084
1.185445
1.1834071
1.1813017
1.1791306
1.1768684
1.1745209
1.172108
1.1696515
1.1671808
1.1647298
1.1623389
1.1600526
1.1579203
1.1559858
1.1542795
1.1527925
1.1514519
1.1501152
1.1486123
1.1468044
1.1446253
1.1420954
1.139316
1.136422
1.1335242
1.130682
1.1279203
1.1253175
1.1230453
1.1211397
1.1193298
1.1173207
1.1150209
1.1124189
1.1094423
1.1059508
1.1017349
1.0965316
1.0900483
1.0818509
1.0714653
1.0588484
1.0441871
1.0275939
1.009078
0.98873795
0.96680783
0.94349377
0.9188684
0.8929639
0.86588448
0.83771883
0.80850906
0.77830917
0.74718983
0.71519851
0.6823846
0.64880374
0.61451359
0.57958931
0.54412667
0.50824744
0.47210666
0.43588757
0.39980398
0.36409204
0.32900563
0.29480638
0.26175769
0.23011541
0.20011824
0.17199214
0.14586576
0.12190699
0.1001489
0.08069516
0.063600086
0.04881429
0.036246229
0.025767877
0.017220998
0.010415264
0.0051386814
0.0011712888
-0.0017056151
-0.0036993314
-0.0049979161
-0.0057648538
-0.0061379457
-0.0062272413
-0.0061213442
-0.0058841137
-0.0055689864
-0.0052058053
-0.0048300558
-0.0044447295
-0.004085209
-0.0037242435
-0.0034202149
-0.003094846
-0.0028706176
-0.0025651169
-0.0024486058
-0.0021165775
-0.0021609921
-0.0017081501
-0.002025002
-0.0012741297
-0.0020854153
-0.00072201845
-0.0024340903
5.4244284e-05
-0.0032296427
0.78426169
1.2078452
1.2281163
1.1900087
1.177737
1.1772122
1.1767998
1.1751625
1.1731348
1.1710443
1.168896
1.1666656
1.1643645
1.1620155
1.1596489
1.1572996
1.1550114
1.1528315
1.1508105
1.1489957
1.1474122
1.1460359
1.1447699
1.1434524
1.1419149
1.1400405
1.1377866
1.1351912
1.1323587
1.1294133
1.1264454
1.123494
1.1206129
1.1180824
1.1161453
1.1145205
1.1127326
1.1105388
1.1079669
1.1051139
1.1019832
1.0985118
1.0945986
1.0901065
1.0848726
1.0786905
1.071101
1.0615271
1.0495585
1.0352461
1.0190032
1.0009994
0.98124343
0.95989315
0.93715993
0.91310026
0.88771871
0.86107748
0.83325554
0.80432301
0.77432807
0.74335082
0.71145186
0.67869022
0.64513374
0.61085044
0.57592326
0.54045342
0.50456601
0.46841713
0.43219029
0.39609914
0.36038012
0.32528699
0.29108306
0.25803316
0.22639544
0.19641102
0.16830692
0.14223891
0.11832289
0.096649115
0.077278051
0.060283299
0.045615441
0.033180149
0.022847357
0.014456815
0.0078160953
0.0027106518
-0.0010821292
-0.0037833945
-0.0056027684
-0.0067304671
-0.0073320031
-0.0075470028
-0.0074870333
-0.0072418815
-0.0068761559
-0.0064436741
-0.0059742458
-0.0055031114
-0.0050326478
-0.0045976789
-0.0041699957
-0.0038074456
-0.0034305067
-0.0031615537
-0.0028163679
-0.0026662217
-0.0023032841
-0.002323239
-0.0018450243
-0.0021459273
-0.0013711543
-0.0021763072
-0.00078445705
-0.0025044925
2.604406e-05
-0.0032885989
0.77600578
1.1953998
1.215094
1.1771242
1.1647419
1.1639414
1.1632312
1.1613081
1.1590015
1.1566388
1.1542289
1.1517576
1.1492491
1.1467379
1.1442687
1.1418914
1.1396636
1.1376446
1.1358822
1.1343927
1.1331233
1.1319419
1.1306762
1.1291794
1.1273669
1.1252169
1.1227714
1.1201235
1.1173746
1.1145959
1.111833
1.1092403
1.1072064
1.1058159
1.1044715
1.1026791
1.10044
1.0979227
1.0951819
1.0921914
1.0889126
1.0852988
1.0812771
1.0767367
1.071525
1.0654377
1.0582045
1.0494455
1.0385289
1.0250314
1.0092903
0.9918364
0.97273043
0.95202528
0.9299266
0.9064875
0.8816882
0.85554702
0.82813253
0.79954123
0.76981506
0.73903975
0.70728823
0.67462763
0.64113821
0.6068977
0.57199726
0.53654539
0.50067041
0.46453146
0.42831263
0.39222834
0.35651546
0.32142852
0.28723182
0.25419219
0.22256974
0.19260859
0.16453531
0.1385279
0.11466188
0.093085862
0.073805575
0.056917008
0.042372764
0.030075438
0.0198929
0.011662938
0.005191012
0.00026002958
-0.0033552754
-0.0058784873
-0.0075215047
-0.0084766728
-0.0089114662
-0.008967257
-0.0087570781
-0.0083718231
-0.0078768287
-0.0073262676
-0.0067499106
-0.0061827345
-0.0056265221
-0.005115514
-0.0046205735
-0.0041989802
-0.0037700321
-0.0034558982
-0.0030707023
-0.0028865054
-0.0024924547
-0.0024875338
-0.0019839046
-0.0022683787
-0.0014698608
-0.0022682751
-0.00084831664
-0.0025755688
-3.1792267e-06
-0.0033478622
0.76528497
1.1789998
1.1978303
1.1599595
1.1473418
1.1460846
1.1448932
1.1425134
1.1397665
1.1369851
1.1341876
1.1313823
1.1286056
1.1259148
1.1233759
1.1210577
1.1190266
1.1173254
1.1159391
1.114764
1.1136337
1.1123858
1.1109216
1.1091914
1.1071854
1.1049472
1.1025569
1.1000898
1.097596
1.0951535
1.0930646
1.0916673
1.0907468
1.0896513
1.088053
1.0860989
1.0839206
1.081532
1.078909
1.0760296
1.0728694
1.0693909
1.0655332
1.0612047
1.0562736
1.0505499
1.0437761
1.0356455
1.0257451
1.0134055
0.99853512
0.98175856
0.96338461
0.94340354
0.9219961
0.8992234
0.87504977
0.84945324
0.82249086
0.7942858
0.76487438
0.73434522
0.70278286
0.67026141
0.6368723
0.60270321
0.56785413
0.53244006
0.49659474
0.46047976
0.4242815
0.38821533
0.35251907
0.3174482
0.28326827
0.25024789
0.21864936
0.1887195
0.16068497
0.13473966
0.11092997
0.089462067
0.070280049
0.053502634
0.039087018
0.026932415
0.016904491
0.008839117
0.0025396595
-0.0022135948
-0.0056485628
-0.0079912564
-0.0094558538
-0.01023676
-0.010503381
-0.010398763
-0.010037343
-0.0095110892
-0.0088860218
-0.0082166319
-0.0075326476
-0.0068687667
-0.0062261863
-0.0056385526
-0.0050758333
-0.0045946836
-0.0041133001
-0.0037535379
-0.003328011
-0.0031093567
-0.0026840102
-0.0026538015
-0.0021247358
-0.0023923018
-0.0015702174
-0.0023612762
-0.00091358404
-0.0026472912
-3.3447821e-05
-0.0034074113
0.75174438
1.1580872
1.1757237
1.1379239
1.1249587
1.1230796
1.1212463
1.1182741
1.1149846
1.1117159
1.1085084
1.105397
1.1024483
1.0997438
1.0973681
1.0953859
1.0938037
1.0925377
1.0914204
1.0902736
1.0889956
1.0875429
1.0858866
1.0840208
1.0819869
1.0798492
1.0776577
1.0754615
1.0734137
1.0719048
1.0711219
1.070576
1.0697217
1.0684659
1.0669605
1.065284
1.0634362
1.0613976
1.059147
1.0566605
1.0539107
1.0508617
1.0474582
1.0436165
1.0392162
1.0340879
1.0279939
1.0206292
1.0116454
1.0005415
0.98685999
0.97094457
0.95338948
0.93420971
0.91354808
0.89147816
0.86796043
0.84293711
0.81645643
0.78866549
0.75959976
0.72934739
0.69800385
0.6656497
0.63238603
0.59831083
0.56353161
0.52817127
0.4923684
0.4562886
0.42012042
0.38408112
0.3484093
0.31336181
0.27920584
0.24621167
0.21464378
0.18475162
0.15676222
0.13087992
0.10714147
0.085780405
0.066703221
0.050041281
0.035758778
0.02375123
0.013882019
0.0059850579
-0.00013838611
-0.0047106561
-0.0079624053
-0.010122069
-0.011406084
-0.012010922
-0.012107843
-0.011841537
-0.011327794
-0.01065959
-0.0099035927
-0.0091146003
-0.0083222768
-0.0075610246
-0.006831469
-0.0061666275
-0.0055356087
-0.0049944018
-0.0044601672
-0.0040543417
-0.0035881847
-0.0033346754
-0.002877857
-0.0028219539
-0.0022674437
-0.0025176179
-0.0016721666
-0.0024552424
-0.00098022262
-0.0027195948
-6.4728328e-05
-0.0034671814
0.73504442
1.1319741
1.1479403
1.110155
1.0967083
1.094003
1.0913532
1.087676
1.0837958
1.0800744
1.0765847
1.0734016
1.0706193
1.0683194
1.0665227
1.0651385
1.063972
1.0628304
1.0616139
1.0603064
1.0588883
1.0573231
1.0556063
1.0537706
1.0518521
1.0498881
1.0479842
1.0464603
1.0456458
1.0453865
1.0451343
1.0445579
1.0437282
1.0427706
1.0417206
1.040564
1.0392768
1.0378349
1.0362107
1.0343759
1.0323031
1.0299592
1.0272917
1.024216
1.0206139
1.0163224
1.0111177
1.0046966
0.99671988
0.98684157
0.97441857
0.95957338
0.94293332
0.92461768
0.90474583
0.88340254
0.86055695
0.83612214
0.81013865
0.7827764
0.75407403
0.72411738
0.69301183
0.66084436
0.62772425
0.59375864
0.55906341
0.52376839
0.48801789
0.45198126
0.41584997
0.37984353
0.34420186
0.30918313
0.27505642
0.24209339
0.2105611
0.18071142
0.15277245
0.12695447
0.10330781
0.082042451
0.063076534
0.046533795
0.032388372
0.020531931
0.010825268
0.0031004083
-0.0028435328
-0.0072316014
-0.010297206
-0.012271261
-0.013372467
-0.013799326
-0.013724941
-0.013295589
-0.012628358
-0.0118172
-0.010929395
-0.01002
-0.0091186121
-0.0082593174
-0.0074421718
-0.0066995499
-0.0059997305
-0.005397977
-0.0048104897
-0.0043581783
-0.003851098
-0.0035623471
-0.0030739027
-0.0029919053
-0.0024119614
-0.0026442625
-0.0017756681
-0.0025501238
-0.0010482151
-0.0027924472
-9.7040853e-05
-0.0035271472
0.71392126
1.0984027
1.1119255
1.0740387
1.0598856
1.0560695
1.0524123
1.0479827
1.043638
1.0397543
1.0364543
1.0337991
1.0317819
1.0302519
1.0289572
1.027682
1.0263637
1.0250376
1.0237109
1.0223255
1.0208442
1.0192744
1.0176275
1.0159447
1.0144354
1.013424
1.0131066
1.0133542
1.0137433
1.0139435
1.0139048
1.013731
1.0134823
1.0131638
1.0127676
1.0122925
1.0117377
1.0110934
1.010336
1.0094298
1.0083348
1.0070069
1.0053824
1.0033666
1.0008305
0.99761068
0.99349132
0.98817987
0.9813405
0.97263801
0.96148852
0.94786079
0.93221034
0.91479457
0.89573668
0.87512966
0.85295832
0.82911407
0.80363191
0.77670133
0.74836904
0.71871705
0.68786027
0.655891
0.62292591
0.58908081
0.55447883
0.5192574
0.48356576
0.44757772
0.41148802
0.37551832
0.33991047
0.30492405
0.27082984
0.23790168
0.20640827
0.17660465
0.14872014
0.12296818
0.099424804
0.078248885
0.05940076
0.042980813
0.028976034
0.017274429
0.0077339654
0.00018478695
-0.0055762112
-0.0097768535
-0.012653365
-0.014439164
-0.015355225
-0.015602104
-0.015354722
-0.014760886
-0.01393895
-0.012983786
-0.011963244
-0.010932626
-0.0099214367
-0.0089634275
-0.008058092
-0.0072371248
-0.0064680061
-0.0058052315
-0.0051641043
-0.0046648981
-0.004116625
-0.0037922568
-0.0032720414
-0.0031635568
-0.0025582057
-0.0027721502
-0.0018806584
-0.0026458471
-0.0011175201
-0.0028657775
-0.00013035237
-0.00358724
0.68821126
1.0564776
1.0662512
1.0280869
1.0131515
1.0082699
1.004012
0.99966951
0.99607358
0.99348021
0.9917234
0.99043592
0.98925921
0.98804258
0.98685173
0.98580967
0.98491555
0.98406247
0.98314418
0.98210761
0.98094828
0.97976747
0.978801
0.97827369
0.97817411
0.97825853
0.9783549
0.97835479
0.97819934
0.97799119
0.97785225
0.97785353
0.97802104
0.97836208
0.97886405
0.97949455
0.98020476
0.9809315
0.98159965
0.98212926
0.98245295
0.9825175
0.98225821
0.98157916
0.98034615
0.97839732
0.97552035
0.97143439
0.96580302
0.95827655
0.94841921
0.93603128
0.92140263
0.90489447
0.88665163
0.86677428
0.84526555
0.82200285
0.79701602
0.77051032
0.74254608
0.71319968
0.68259529
0.65082916
0.61802511
0.58430675
0.54980357
0.51466063
0.47903169
0.44309526
0.40704991
0.37111912
0.33554682
0.30059466
0.26653486
0.23364353
0.20219135
0.1724359
0.14460876
0.1189246
0.095484755
0.074400973
0.05567647
0.039382707
0.025521755
0.013978523
0.0046077672
-0.0027622619
-0.0083368797
-0.012346833
-0.015031235
-0.016626048
-0.017354572
-0.017419384
-0.016997214
-0.016237377
-0.015259443
-0.014159164
-0.013004941
-0.01185226
-0.010730528
-0.0096731278
-0.0086789997
-0.0077791344
-0.0069402391
-0.0062159824
-0.0055208462
-0.004974351
-0.0043846239
-0.0040242766
-0.0034721671
-0.0033368112
-0.0027060993
-0.0029012083
-0.0019870883
-0.0027423552
-0.0011881126
-0.0029395457
-0.00016467702
-0.003647425
0.66258848
1.005957
1.0035547
0.96051173
0.94211275
0.93479602
0.92960656
0.92522062
0.92136379
0.91760756
0.91380234
0.91013305
0.90684372
0.90401955
0.90158184
0.89945191
0.89764232
0.89621473
0.89525235
0.89487833
0.89520745
0.8962574
0.89797908
0.90035705
0.90329528
0.90659445
0.91014446
0.91391821
0.91786824
0.9219164
0.92597211
0.92993715
0.93372576
0.9372817
0.9405798
0.94362209
0.94642653
0.94902995
0.95145686
0.95367632
0.95564489
0.9573233
0.95864406
0.95949529
0.95972904
0.9591809
0.95764083
0.95483754
0.95044212
0.94409858
0.93547365
0.92426726
0.91066714
0.8950511
0.87760393
0.85843396
0.83756382
0.81486319
0.79035725
0.76426194
0.73665691
0.70761056
0.67725555
0.64569278
0.61305108
0.57946156
0.54506005
0.50999693
0.47443269
0.43854919
0.40254862
0.36665719
0.33112095
0.29620364
0.26217881
0.22932515
0.19791541
0.16820935
0.14044123
0.11482617
0.091487652
0.070499961
0.051904107
0.035739705
0.022025506
0.010643927
0.0014463061
-0.0057411214
-0.011125968
-0.014941951
-0.01743117
-0.018832183
-0.01937066
-0.019251222
-0.018652392
-0.017724966
-0.016589694
-0.015343155
-0.01405426
-0.012778656
-0.011545627
-0.010388166
-0.0093046566
-0.0083253533
-0.0074162134
-0.0066300293
-0.0058805309
-0.0052863701
-0.0046549518
-0.004258277
-0.003674161
-0.0035115593
-0.0028555489
-0.0030313436
-0.002094887
-0.0028395682
-0.001259946
-0.0030136783
-0.00019998396
-0.0037076325
0.63390797
0.96068806
0.9631218
0.9343979
0.92517268
0.92189849
0.91865424
0.91583128
0.91440062
0.91477677
0.91682233
0.91991789
0.9232673
0.92598498
0.92725934
0.92729766
0.92698802
0.92669408
0.92628077
0.92563403
0.92471558
0.92347097
0.92181685
0.91975189
0.91737676
0.9148176
0.91218535
0.90956477
0.90705775
0.90491302
0.90344746
0.90285796
0.90322959
0.90456558
0.90678605
0.90973342
0.91319873
0.91702262
0.92104908
0.92503789
0.92880298
0.93226083
0.93531851
0.93782435
0.93960091
0.94048905
0.94029199
0.93875282
0.93555561
0.93035667
0.92285538
0.91274332
0.90013858
0.88537743
0.8686876
0.85018864
0.8299228
0.80775624
0.7837101
0.75800509
0.73074382
0.70198693
0.6718743
0.64051054
0.60802884
0.57456701
0.54026642
0.50528333
0.4697831
0.43395181
0.39799526
0.3621425
0.32664156
0.29175797
0.25776804
0.22495175
0.19358437
0.16392831
0.1362201
0.1106749
0.087435585
0.066546749
0.048083825
0.032051925
0.018487081
0.007270338
-0.0017508658
-0.0087522691
-0.013943884
-0.017562566
-0.01985346
-0.021057786
-0.02140362
-0.021097661
-0.020320217
-0.019223539
-0.017929519
-0.016535531
-0.01511095
-0.013711549
-0.012366469
-0.011108278
-0.0099348036
-0.0088755344
-0.0078957062
-0.0070471682
-0.0062429735
-0.0056007869
-0.0049274527
-0.0044941171
-0.0038779058
-0.0036876944
-0.0030064687
-0.003162476
-0.0022039986
-0.0029374255
-0.0013329943
-0.0030881323
-0.00023628565
-0.0037678235
0.10365738
0.1207167
0.11628322
0.11640315
0.12245994
0.13311941
0.14753426
0.16488482
0.18453848
0.20608048
0.22902846
0.25263084
0.27665351
0.30181574
0.32852911
0.35662514
0.38596894
0.41638602
0.44765709
0.4795883
0.51204371
0.54483886
0.57765923
0.61011676
0.64184222
0.67244717
0.70154849
0.7287006
0.75340842
0.7754764
0.79517997
0.81277137
0.82833715
0.84203376
0.85408416
0.86473884
0.87423557
0.88275203
0.89038811
0.89717801
0.90317708
0.90851551
0.91327797
0.91738037
0.92061535
0.9228403
0.92388062
0.92349862
0.9213934
0.91723606
0.91073672
0.90161552
0.88993029
0.87596407
0.85997756
0.84210225
0.82239755
0.80073042
0.77711823
0.75177892
0.72484196
0.69636001
0.66647842
0.63530629
0.6029791
0.5696415
0.53543864
0.50053362
0.4650948
0.42931404
0.39339938
0.35758309
0.32211549
0.28726419
0.25330738
0.22052756
0.18920199
0.15959532
0.13194738
0.10647241
0.083330138
0.062540754
0.044215601
0.028319307
0.014906219
0.0038573735
-0.0049841298
-0.011796138
-0.016791074
-0.020209048
-0.022298381
-0.023303034
-0.023453536
-0.022958693
-0.022000601
-0.020732937
-0.019278708
-0.01773604
-0.016174732
-0.014650647
-0.013192757
-0.011833175
-0.01056917
-0.0094294228
-0.0083784727
-0.0074671748
-0.0066079684
-0.0059174161
-0.0052019656
-0.0047316525
-0.0040832694
-0.0038650964
-0.0031587544
-0.0032945032
-0.0023143444
-0.0030358405
-0.0014072049
-0.0031628259
-0.00027354507
-0.0038279196
0.66931826
0.66856981
0.66792011
0.66740759
0.66712242
0.66706079
0.66718152
0.66739912
0.66764443
0.66788678
0.66811139
0.6683702
0.66874189
0.66933972
0.6702276
0.6714764
0.67330534
0.67584642
0.67892245
0.68233473
0.68619435
0.69074974
0.6962094
0.70256716
0.70978322
0.71786466
0.72685427
0.73674885
0.74750964
0.75900258
0.7710596
0.78348963
0.79608007
0.80860291
0.82084884
0.83265135
0.84389311
0.8544199
0.86410773
0.87293009
0.88077076
0.88756943
0.89358121
0.89891852
0.90333046
0.90665575
0.90872626
0.90931861
0.90814438
0.90488332
0.89924681
0.890991
0.88012775
0.86687872
0.85153056
0.83422361
0.81503041
0.79382277
0.7706154
0.74561406
0.71897908
0.69075495
0.66109064
0.63009929
0.59791955
0.56469972
0.53059029
0.49575901
0.46037856
0.42464454
0.38876875
0.35298592
0.31754876
0.28272722
0.24880146
0.21605603
0.18477079
0.15521283
0.12762447
0.10221994
0.07917233
0.058481006
0.040299288
0.024541687
0.011282624
0.00040462151
-0.0082539676
-0.014873137
-0.019667887
-0.022881702
-0.024766162
-0.025568058
-0.025520453
-0.024834277
-0.023693416
-0.022252967
-0.020637016
-0.018944397
-0.017245306
-0.015595637
-0.014024179
-0.012562552
-0.011207458
-0.0099867399
-0.0088642617
-0.0078898175
-0.0069753068
-0.0062360681
-0.0054783153
-0.0049707263
-0.0042901189
-0.004043645
-0.0033123076
-0.003427336
-0.0024258576
-0.0031347421
-0.0014825414
-0.003237709
-0.00031177182
-0.0038878753
0.6796413
0.67901862
0.67833563
0.67771024
0.67715334
0.67666809
0.67625956
0.67591627
0.67560596
0.67528697
0.67491863
0.67447733
0.67398049
0.67348566
0.67307762
0.6728646
0.67297532
0.67357283
0.6748102
0.6767653
0.6794587
0.68293307
0.68729173
0.69261024
0.69890439
0.70613753
0.71426112
0.7231952
0.7328452
0.74310087
0.75386075
0.76500999
0.77643336
0.78800221
0.79958553
0.81104704
0.8222561
0.83307584
0.84339459
0.85314412
0.86210912
0.8699287
0.87674819
0.88286462
0.88807515
0.89218616
0.89502308
0.89636337
0.89592398
0.89338928
0.88846466
0.88094018
0.87078753
0.85816857
0.84338646
0.82658781
0.80785244
0.78706021
0.76422744
0.73953458
0.71317709
0.68519119
0.65572864
0.62490627
0.59286367
0.55975443
0.52573238
0.49096942
0.45564249
0.41995101
0.38411006
0.34835654
0.3129464
0.27815116
0.24425362
0.21154016
0.18029344
0.15078224
0.1232527
0.097918361
0.074962811
0.054370764
0.036334775
0.020718949
0.0076159228
-0.0030883417
-0.011560779
-0.017983685
-0.022574679
-0.025580798
-0.02725699
-0.027852954
-0.027604358
-0.02672431
-0.025398487
-0.023783392
-0.022004166
-0.020160292
-0.018322333
-0.016546179
-0.014860397
-0.01329608
-0.011849363
-0.010547201
-0.0093528029
-0.0083148485
-0.0073447631
-0.00655654
-0.0057563258
-0.0052111804
-0.0044983096
-0.0042232101
-0.0034670146
-0.0035608643
-0.0025384528
-0.00323404
-0.0015589467
-0.0033126972
-0.00035093183
-0.0039476132
0.76383407
0.76336112
0.76284016
0.76230495
0.76173635
0.76112994
0.76048485
0.75980453
0.75908109
0.75829817
0.75742657
0.75642709
0.75526939
0.75394179
0.7524508
0.75082321
0.74910092
0.74733696
0.74559207
0.74393881
0.74245992
0.74124789
0.74040545
0.74003713
0.74025883
0.741177
0.74289783
0.74551165
0.74908805
0.75366593
0.75925008
0.76580621
0.77326256
0.7815054
0.79039271
0.7997553
0.80940982
0.81916434
0.82883222
0.83826051
0.84728343
0.85551916
0.86281564
0.86931059
0.87493697
0.87951051
0.88283754
0.88468811
0.88477867
0.88279458
0.87842761
0.87149887
0.86194225
0.84986156
0.83557132
0.8192179
0.80088479
0.7804643
0.75797392
0.7335589
0.70745279
0.67968426
0.65040694
0.61973949
0.58782332
0.55481584
0.52087355
0.48617269
0.45089361
0.41523964
0.3794282
0.34370001
0.3083123
0.27353968
0.23966662
0.20698231
0.17577139
0.14630531
0.11883291
0.093568485
0.07070213
0.050220689
0.03232207
0.016850788
0.0039057543
-0.0066219753
-0.014904997
-0.02112816
-0.025511763
-0.028306552
-0.029770975
-0.030157745
-0.029705207
-0.02862866
-0.02711561
-0.025323949
-0.023379835
-0.021383382
-0.019405459
-0.017501911
-0.015701055
-0.014033419
-0.012494556
-0.011110497
-0.0098438179
-0.0087420154
-0.0077161083
-0.0068786261
-0.0060358083
-0.0054528459
-0.0047076988
-0.004403664
-0.0036227696
-0.0036949932
-0.0026520586
-0.003333659
-0.0016363821
-0.0033877369
-0.00039102925
-0.0040070813
0.77241224
0.77219948
0.7719584
0.77171417
0.77146112
0.77119475
0.77091439
0.77061621
0.77028988
0.769915
0.76946484
0.76890684
0.76821059
0.76736151
0.766361
0.76522859
0.76399745
0.76271066
0.76141685
0.76017033
0.75902969
0.75805225
0.75730001
0.75683382
0.75671675
0.75701009
0.75777777
0.75908376
0.76099594
0.76357797
0.76688879
0.77097489
0.77586414
0.78155203
0.78800291
0.79513981
0.80284958
0.81098568
0.81937583
0.82783828
0.83618609
0.84418287
0.8515488
0.85810195
0.86382423
0.86857186
0.87213298
0.87427087
0.87469993
0.87309858
0.86913856
0.86267405
0.85360315
0.84197116
0.82809745
0.81212825
0.79414202
0.77405477
0.75186784
0.72770075
0.70181801
0.67424659
0.64513563
0.61460925
0.58280776
0.54989183
0.51602131
0.48137512
0.44613786
0.41051504
0.37472797
0.33901955
0.30364991
0.26889528
0.23504293
0.20238422
0.17120602
0.14178281
0.11436574
0.089170651
0.066391591
0.046034251
0.028260246
0.012936825
0.00015167903
-0.010196691
-0.018287054
-0.024306901
-0.028479415
-0.031059157
-0.032308223
-0.032482436
-0.031822884
-0.030547133
-0.028844531
-0.026874325
-0.024763684
-0.022613291
-0.020494295
-0.018462442
-0.016545773
-0.014774205
-0.013142696
-0.011676312
-0.010337011
-0.0091710485
-0.0080890977
-0.0072021071
-0.00631657
-0.0056955525
-0.0049181297
-0.0045848669
-0.0037794499
-0.003829607
-0.0027665821
-0.0034335041
-0.001714788
-0.0034627406
-0.0004320297
-0.004066199
0.79752656
0.79732752
0.79710627
0.79687731
0.79663291
0.79636826
0.79608042
0.79576714
0.79541977
0.79502219
0.79455126
0.79397785
0.79327188
0.79241031
0.79138242
0.79019146
0.78884988
0.78737979
0.78580962
0.78417417
0.7825142
0.78087445
0.77930635
0.7778664
0.77661519
0.77561729
0.77494171
0.77466062
0.77484977
0.77558151
0.77692825
0.77895699
0.78172323
0.78526141
0.78958349
0.79466882
0.80045983
0.80686243
0.81374553
0.82094399
0.82826746
0.83558072
0.84260725
0.84896402
0.8545389
0.85922224
0.86280362
0.86503887
0.86563561
0.8642636
0.86057495
0.85445277
0.84576619
0.83449814
0.8209684
0.80532412
0.78763375
0.76784245
0.74591629
0.72196799
0.69628245
0.66888591
0.63992378
0.60952291
0.5778238
0.54498899
0.51118108
0.47658201
0.44137912
0.40578163
0.37001283
0.33431859
0.29896146
0.26422028
0.23038425
0.19774719
0.16659866
0.13721543
0.10985169
0.084724793
0.062031668
0.04180117
0.024148558
0.008976487
-0.0036467013
-0.013812935
-0.021707301
-0.027520252
-0.03147785
-0.033838743
-0.034868769
-0.034826962
-0.033957247
-0.032479512
-0.030584951
-0.028434179
-0.02615532
-0.023849615
-0.021588427
-0.019427366
-0.017394153
-0.015518055
-0.013793422
-0.012244314
-0.01083208
-0.0096016716
-0.0084634836
-0.0075267588
-0.0065984079
-0.0059391187
-0.0051294475
-0.004766681
-0.003936939
-0.0039646026
-0.002881943
-0.0035334955
-0.0017941192
-0.0035376489
-0.00047393555
-0.0041249099
0.80648665
0.80635382
0.80620428
0.80605099
0.80588904
0.8057156
0.80552852
0.8053245
0.80509544
0.80482666
0.80449488
0.80407194
0.80352957
0.80284622
0.80201114
0.80102732
0.7999075
0.79867046
0.79734035
0.79594406
0.79451044
0.79307059
0.7916566
0.790302
0.78904213
0.78791593
0.78696763
0.78624706
0.78581352
0.78572842
0.78605444
0.78686736
0.78824729
0.79026355
0.79296865
0.7963933
0.80053192
0.80534468
0.81075227
0.81662391
0.82278832
0.8292115
0.83565996
0.84159491
0.84683204
0.85127058
0.85470553
0.85688507
0.85750224
0.85622831
0.85269662
0.84681411
0.83841658
0.82743341
0.814181
0.79880396
0.78136312
0.76182521
0.74012197
0.71636541
0.69085172
0.66360852
0.63477743
0.60448675
0.5728766
0.54011249
0.50635761
0.47179725
0.43662145
0.40104194
0.3652851
0.32959951
0.29424928
0.25951626
0.225692
0.19307228
0.16194996
0.13260363
0.1052909
0.080231046
0.057622261
0.037515232
0.019986676
0.0049691564
-0.0074898163
-0.017471117
-0.025166085
-0.030768447
-0.03450727
-0.03664539
-0.03745258
-0.037191194
-0.036108082
-0.034425505
-0.032336522
-0.030003109
-0.027554333
-0.025091913
-0.022687409
-0.020396241
-0.01824577
-0.016264567
-0.014446361
-0.012814155
-0.011328704
-0.010033594
-0.0088390014
-0.0078523455
-0.006881114
-0.0061833604
-0.0053414841
-0.0049489578
-0.0040951066
-0.0040998576
-0.0029980428
-0.0036335334
-0.00187431
-0.0036123706
-0.0005167105
-0.004183129
0.81735875
0.81724101
0.81710865
0.81697192
0.81682668
0.81666906
0.81649711
0.81630776
0.81609357
0.81584071
0.81552794
0.81512834
0.81461392
0.81396224
0.81316129
0.81221049
0.81111904
0.80990208
0.80857862
0.80717081
0.80570261
0.8041994
0.80268756
0.80119402
0.7997475
0.79837819
0.79711974
0.79601803
0.79513945
0.79452782
0.79419537
0.79419629
0.79461961
0.79554137
0.79702894
0.79914819
0.80193361
0.80538479
0.80946402
0.81407246
0.81908339
0.82460074
0.83035498
0.83568672
0.84044702
0.84451353
0.84767968
0.84968022
0.85020384
0.84892693
0.84546431
0.83973386
0.8315328
0.82076175
0.80772525
0.79256287
0.77532718
0.75599932
0.73448671
0.71089553
0.68552868
0.65841833
0.62969983
0.59950465
0.56797067
0.53526541
0.50155424
0.46702403
0.43186728
0.39629885
0.3605474
0.3248635
0.28951494
0.2547845
0.22096694
0.18836051
0.15726017
0.12794786
0.10068337
0.075689089
0.053163313
0.033176989
0.015774183
0.00091435181
-0.011378072
-0.021171645
-0.028663755
-0.034051734
-0.037567778
-0.039479116
-0.040059575
-0.03957496
-0.038275139
-0.036384787
-0.03409886
-0.031580691
-0.02896025
-0.026339713
-0.023790774
-0.021368605
-0.019100183
-0.017013325
-0.015101122
-0.013385472
-0.011826555
-0.010466518
-0.0092153837
-0.0081786286
-0.0071644717
-0.0064280855
-0.0055540737
-0.005131551
-0.0042538267
-0.004235263
-0.003114794
-0.0037335309
-0.0019553097
-0.0036868445
-0.00056035452
-0.004240797
0.82378789
0.82369479
0.82358941
0.82348089
0.82336585
0.82324209
0.82310722
0.82295829
0.82278799
0.82258266
0.82232146
0.82197733
0.82152295
0.82093626
0.82020656
0.8193344
0.81832879
0.81720489
0.81598064
0.81467518
0.81330817
0.81189841
0.81046434
0.80902305
0.80758981
0.80617864
0.80481637
0.80358441
0.80254633
0.80167232
0.80096725
0.80050334
0.8003383
0.80051677
0.80111705
0.80224101
0.80395387
0.80627918
0.80921185
0.8126974
0.81669868
0.82134981
0.8262989
0.83093938
0.83514023
0.838752
0.84156525
0.84330196
0.84365358
0.84229846
0.83883373
0.83317056
0.82508886
0.8144645
0.80158746
0.78659181
0.76951965
0.75036318
0.72900956
0.7055588
0.6803153
0.65331737
0.62469423
0.59457887
0.56310816
0.53045076
0.49677324
0.46226416
0.42711869
0.39155384
0.35580092
0.32011283
0.28475907
0.25002613
0.21620986
0.18361207
0.15252981
0.12324802
0.096029205
0.071098637
0.048654545
0.028786473
0.011510538
-0.0031884731
-0.015311859
-0.024914823
-0.03220056
-0.037370275
-0.040659448
-0.042339892
-0.042689636
-0.041978039
-0.040458098
-0.038356969
-0.035871527
-0.033166453
-0.030372587
-0.027592515
-0.024898025
-0.022343979
-0.019956927
-0.017763894
-0.015757298
-0.013957896
-0.01232529
-0.010900135
-0.0095923518
-0.0085053581
-0.0074482605
-0.0066731002
-0.0057670398
-0.0053143049
-0.0044129623
-0.0043706915
-0.0032320927
-0.0038333859
-0.00203705
-0.0037609757
-0.0006048316
-0.0042978297
0.8296382
0.82955687
0.82946491
0.8293699
0.82926903
0.8291598
0.82904059
0.82890802
0.82875475
0.82856762
0.82832582
0.82800274
0.82757088
0.82700872
0.8263056
0.82546228
0.82448818
0.82339784
0.82220883
0.8209389
0.81960545
0.81822448
0.81681026
0.81537377
0.81392019
0.81245768
0.81104186
0.80976513
0.8086097
0.80750975
0.8065155
0.80569722
0.8050954
0.80476653
0.8047888
0.80522631
0.80613206
0.80756126
0.8095492
0.8121082
0.81528131
0.81907846
0.82315167
0.82708152
0.83069007
0.83380812
0.83621615
0.83764227
0.83777355
0.83627739
0.83273553
0.82706993
0.81905275
0.80851916
0.7957525
0.78088001
0.76393285
0.74491178
0.72368809
0.70035374
0.67521106
0.64830665
0.61976165
0.58971133
0.55829112
0.52567038
0.49201625
0.4575194
0.42237724
0.38680839
0.35104684
0.31534768
0.27998309
0.24524121
0.21142148
0.17882717
0.14775897
0.11850412
0.09132817
0.066459388
0.04409571
0.024343492
0.0071953507
-0.0073398244
-0.01929152
-0.028701017
-0.03577672
-0.040724204
-0.043782303
-0.045227622
-0.045342548
-0.044400134
-0.042656592
-0.040341623
-0.037654059
-0.034759887
-0.03179082
-0.028849792
-0.026008635
-0.023321856
-0.020815523
-0.018515817
-0.01641447
-0.01453104
-0.012824558
-0.011334128
-0.0099696194
-0.0088322813
-0.0077322516
-0.0069182018
-0.0059802064
-0.0054970661
-0.0045723802
-0.0045060291
-0.003349846
-0.0039330093
-0.0021194761
-0.0038347007
-0.00065013781
-0.0043541598
0.83378977
0.8337209
0.83364292
0.8335624
0.83347717
0.8333852
0.8332849
0.83317284
0.83304197
0.83287843
0.83266144
0.83236407
0.831959
0.83142536
0.83075378
0.82994611
0.82901318
0.82797046
0.82683528
0.82562482
0.82435459
0.8230378
0.82168463
0.82029956
0.81888181
0.81744716
0.81607731
0.81481365
0.81356988
0.81230521
0.81107803
0.80995974
0.80901352
0.808306
0.80789727
0.80782391
0.80813748
0.80890662
0.81018352
0.81200971
0.81443333
0.8173985
0.82064968
0.8238918
0.82691438
0.82952787
0.8315118
0.83259777
0.83246815
0.83078028
0.82710931
0.82139277
0.81339284
0.80290284
0.79020265
0.77541456
0.75855841
0.73963917
0.71851868
0.69527755
0.67021481
0.64338534
0.61490207
0.58490277
0.55352037
0.52092492
0.48728412
0.45279095
0.41764373
0.38206317
0.3462858
0.31056904
0.27518704
0.24043069
0.20660168
0.17400608
0.14294756
0.11371593
0.086579906
0.06177098
0.039486424
0.019847752
0.0028283814
-0.011540216
-0.023317433
-0.032530503
-0.039392425
-0.044113579
-0.04693631
-0.048142158
-0.048018056
-0.046840896
-0.044870202
-0.042338273
-0.039445914
-0.036360436
-0.03321438
-0.030110975
-0.02712205
-0.0243017
-0.021675464
-0.019268625
-0.017072203
-0.0151045
-0.013323996
-0.011768168
-0.010346892
-0.009159133
-0.0080162107
-0.0071631846
-0.0061933862
-0.0056796706
-0.0047319344
-0.0046411447
-0.0034679439
-0.0040322947
-0.0022025154
-0.0039079213
-0.00069623722
-0.004409703
0.83714811
0.83708825
0.83701999
0.83694978
0.83687554
0.83679539
0.83670761
0.83660913
0.83649236
0.83634391
0.83614213
0.83586013
0.83547044
0.83495264
0.83429859
0.83351194
0.83260458
0.83159285
0.83049464
0.82932705
0.8281045
0.82683815
0.82553512
0.82419604
0.82281811
0.82143012
0.82011526
0.81886065
0.81755919
0.81620108
0.81483811
0.81352793
0.81232986
0.81130653
0.81052141
0.81002976
0.80988666
0.81014988
0.81087018
0.81208438
0.81382486
0.81605312
0.81859457
0.82120452
0.82366718
0.82578553
0.82734271
0.82806856
0.82765283
0.82574122
0.82191171
0.81610884
0.80807865
0.79759275
0.78492119
0.77018163
0.75338558
0.73453884
0.71349628
0.69032726
0.66532452
0.6385521
0.6101153
0.58015295
0.54879576
0.51621491
0.48257823
0.44807914
0.41291814
0.37731897
0.34151831
0.30577683
0.27037121
0.23559438
0.20175061
0.1691489
0.13809533
0.10888339
0.081784257
0.057032971
0.034826262
0.015299124
-0.0015911385
-0.015790066
-0.027389828
-0.036403507
-0.043047806
-0.047538423
-0.05012135
-0.051083277
-0.050715853
-0.049299928
-0.047098452
-0.044346387
-0.041246528
-0.037967513
-0.03464266
-0.03137547
-0.028237697
-0.025282958
-0.022536231
-0.020021833
-0.017730043
-0.015677872
-0.013823233
-0.012201921
-0.01072387
-0.0094856485
-0.0082998997
-0.0074078391
-0.0064063972
-0.0058619606
-0.0048914876
-0.0047759192
-0.0035862875
-0.0041311508
-0.0022861127
-0.0039805744
-0.00074312891
-0.0044643923
0.83959157
0.83953992
0.83948066
0.8394198
0.83935581
0.83928706
0.83921195
0.839127
0.83902479
0.83889118
0.83870447
0.83843697
0.83806152
0.83755855
0.83692131
0.83615519
0.83527416
0.83429571
0.83323819
0.83211822
0.83094895
0.82973987
0.82849531
0.82721151
0.82588595
0.82456125
0.82330085
0.82205135
0.82071656
0.81930328
0.81785465
0.81641861
0.81504804
0.81380058
0.81273555
0.81191318
0.81139047
0.8112252
0.81146751
0.81215826
0.81332197
0.81493197
0.8168586
0.81889323
0.82083493
0.82248423
0.82361689
0.8239783
0.8232585
0.82110891
0.817101
0.81118311
0.80308181
0.79256625
0.77989014
0.76516857
0.74840373
0.72960321
0.70861537
0.68549813
0.66053726
0.63380524
0.60540018
0.57546127
0.54411745
0.51154022
0.47789767
0.44338405
0.40820175
0.37257512
0.33674456
0.30097174
0.26553565
0.2307324
0.19686808
0.16425508
0.13320224
0.10400604
0.076940827
0.052244855
0.03011502
0.010697329
-0.0060645821
-0.020089831
-0.031508979
-0.040320169
-0.046742928
-0.050998674
-0.053337258
-0.054050712
-0.053435568
-0.051776773
-0.049340801
-0.046365375
-0.04305528
-0.039580478
-0.036075032
-0.032642653
-0.029354969
-0.026265064
-0.023397283
-0.020774938
-0.018387536
-0.016250735
-0.014321888
-0.012635047
-0.011100247
-0.0098115565
-0.0085830788
-0.0076519558
-0.0066190478
-0.0060437698
-0.0050508906
-0.0049102201
-0.0037047662
-0.0042294735
-0.0023701933
-0.0040525632
-0.00079077693
-0.0045181398
0.841379
0.84133417
0.84128235
0.84122924
0.84117363
0.84111425
0.84104942
0.84097558
0.84088499
0.84076322
0.84058806
0.84033161
0.83996664
0.8394745
0.83885001
0.83810069
0.83724221
0.83629367
0.8352737
0.83419835
0.83308005
0.831926
0.83073698
0.82950647
0.8282367
0.82698434
0.82577836
0.82453027
0.82317538
0.82173016
0.82022876
0.81870988
0.81721873
0.81580802
0.81453399
0.81345459
0.8126287
0.81211171
0.81195536
0.81220264
0.81287714
0.81396127
0.81534944
0.81686796
0.81832971
0.8195358
0.82026333
0.82026473
0.81923024
0.81683225
0.81263431
0.8065728
0.7983765
0.7878012
0.77509159
0.76036127
0.74360343
0.72482383
0.70386973
0.68078602
0.65584951
0.62914262
0.60075428
0.5708266
0.5394847
0.50690052
0.47324255
0.43870585
0.40349344
0.36783221
0.33196433
0.2961532
0.26068046
0.22584437
0.19195419
0.15932448
0.12826784
0.099083621
0.072049075
0.047406393
0.0253521
0.0060420242
-0.010592533
-0.024439865
-0.035675025
-0.044280682
-0.050477809
-0.054494242
-0.056583808
-0.057044109
-0.056176738
-0.054270891
-0.051596677
-0.048394602
-0.044871517
-0.041198661
-0.037510828
-0.033911871
-0.030473242
-0.027247413
-0.024258064
-0.021527426
-0.019044204
-0.016822658
-0.014819572
-0.013067196
-0.011475709
-0.010136578
-0.0088654957
-0.0078953135
-0.0068311441
-0.0062249305
-0.0052099947
-0.0050439228
-0.0038232726
-0.0043271641
-0.0024546902
-0.0041238192
-0.0008391719
-0.0045708738
0.84255508
0.84251629
0.842471
0.84242502
0.84237723
0.84232643
0.84227115
0.84220766
0.84212803
0.8420175
0.84185321
0.84160688
0.8412516
0.84076971
0.84015796
0.8394261
0.8385917
0.83767523
0.83669547
0.83566829
0.83460413
0.83350806
0.83237763
0.83120485
0.82999754
0.82881331
0.82764766
0.82640261
0.82504196
0.82358317
0.82205199
0.82048063
0.81890791
0.81738025
0.81595087
0.81467317
0.8136064
0.81280404
0.8123195
0.81219438
0.81245369
0.81308507
0.81400229
0.81506093
0.8160806
0.81687172
0.81721581
0.81686622
0.81552583
0.8128676
0.80846895
0.80224634
0.79393562
0.78327686
0.7705097
0.75574705
0.73897284
0.72019328
0.69925276
0.6761857
0.6512575
0.62456083
0.59617676
0.56624716
0.53489611
0.50229526
0.46861219
0.4340436
0.3987934
0.3630902
0.3271772
0.2913211
0.25580533
0.22093027
0.18700826
0.15435703
0.12329181
0.094115567
0.067108777
0.042516919
0.02053736
0.0013328136
-0.015171008
-0.028840422
-0.039888118
-0.048285062
-0.054252395
-0.058024926
-0.059860716
-0.060063071
-0.058938876
-0.056781709
-0.053865433
-0.050433391
-0.046694531
-0.042821352
-0.038949338
-0.035182436
-0.031591856
-0.028229395
-0.025117995
-0.022278764
-0.019699563
-0.017393196
-0.015315882
-0.013498007
-0.011849934
-0.010460429
-0.0091468983
-0.0081376914
-0.0070424858
-0.0064052698
-0.0053686441
-0.0051768896
-0.0039416889
-0.0044241129
-0.0025395256
-0.004194245
-0.00088827954
-0.0046225121
0.84322406
0.84319062
0.84315104
0.8431111
0.84307016
0.84302701
0.84298013
0.84292584
0.84285597
0.84275534
0.84260075
0.84236366
0.84201741
0.84154566
0.84094709
0.84023379
0.83942542
0.83854346
0.83760708
0.83663107
0.83562411
0.8345889
0.83352045
0.83240982
0.83126711
0.83013891
0.82900084
0.82776553
0.82641094
0.8249517
0.82340851
0.82180745
0.82018177
0.81857294
0.81702826
0.81560017
0.81434251
0.81331092
0.81255528
0.81211665
0.81202385
0.81226442
0.81277225
0.81341718
0.81403558
0.81444363
0.81442451
0.81373893
0.81209636
0.80917976
0.80457505
0.79818232
0.78973506
0.77897407
0.76612902
0.75131244
0.73450271
0.71570292
0.69475841
0.67169217
0.64675723
0.62005725
0.59166442
0.5617215
0.53035068
0.497723
0.46400598
0.42939691
0.39410124
0.358348
0.32238334
0.28647515
0.25090965
0.21598972
0.1820302
0.14935218
0.11827385
0.08910164
0.062119339
0.037576012
0.015670404
-0.0034302922
-0.019793038
-0.033291814
-0.04414835
-0.052333356
-0.058066596
-0.061590512
-0.063167609
-0.063107129
-0.061721415
-0.059308578
-0.056146351
-0.052481012
-0.04852356
-0.044447802
-0.040389833
-0.036453649
-0.032710139
-0.029210372
-0.02597649
-0.023028409
-0.020353115
-0.017961903
-0.015810418
-0.013927123
-0.012222603
-0.010782826
-0.0094270334
-0.0083788697
-0.0072528794
-0.0065846223
-0.0055266923
-0.0053089995
-0.0040599091
-0.0045202265
-0.0026246385
-0.004263776
-0.00093809384
-0.004672981
0.84344626
0.84341757
0.84338317
0.84334871
0.84331389
0.84327769
0.84323851
0.84319265
0.8431318
0.84304049
0.84289514
0.84266715
0.84233035
0.8418698
0.84128646
0.84059485
0.83981629
0.83897339
0.83808481
0.83716389
0.83621778
0.83524648
0.83424312
0.83319687
0.83211958
0.831042
0.82992803
0.8287062
0.82736499
0.82591514
0.82437299
0.82275913
0.82110228
0.8194387
0.81781067
0.816269
0.81486181
0.81364556
0.81266582
0.81196535
0.81157048
0.8114774
0.81162511
0.81190169
0.81215614
0.81221003
0.81185002
0.81084549
0.80891178
0.80573982
0.80092103
0.79434931
0.78575382
0.77487539
0.76193483
0.7470459
0.73018169
0.71134476
0.6903802
0.66730048
0.64234502
0.61562819
0.58721486
0.55724783
0.52584686
0.49318243
0.45942274
0.42476547
0.38941557
0.35360554
0.31758182
0.28161521
0.24599321
0.21102225
0.1770196
0.14430934
0.11321338
0.084041353
0.057080454
0.032583447
0.010750734
-0.0082470829
-0.024459256
-0.037794549
-0.048455834
-0.056425487
-0.061920242
-0.065190687
-0.066504068
-0.066175744
-0.064523715
-0.061850801
-0.058438698
-0.054536677
-0.050357826
-0.04607722
-0.041831546
-0.037724758
-0.033827394
-0.03018969
-0.026832943
-0.023775808
-0.021004356
-0.018528324
-0.016302768
-0.014354175
-0.012593386
-0.011103478
-0.009705645
-0.0086186248
-0.0074621216
-0.0067628134
-0.0056839805
-0.0054401138
-0.0041778142
-0.0046153987
-0.0027099479
-0.0043323145
-0.00098858341
-0.0047221963
0.84328623
0.84326164
0.84323167
0.84320206
0.84317271
0.84314265
0.84311039
0.8430722
0.84301961
0.84293694
0.84280052
0.84258185
0.84225552
0.84180819
0.84124314
0.84057691
0.83983279
0.83903363
0.8381974
0.83733648
0.83645485
0.83555033
0.83461411
0.83363445
0.83262224
0.83159121
0.83050025
0.82929664
0.8279751
0.82654273
0.82501058
0.82339591
0.8217245
0.82002674
0.81834107
0.81671309
0.8151916
0.81382423
0.81266104
0.81174142
0.81108987
0.81070573
0.81053896
0.81048838
0.81041132
0.81013624
0.80945583
0.80815263
0.80594397
0.80251548
0.79747765
0.79071986
0.78197344
0.77096541
0.75791305
0.74293545
0.72600206
0.70711088
0.68611202
0.66300518
0.6380165
0.61127127
0.58282562
0.55282349
0.52138264
0.48867279
0.45486213
0.42014733
0.38473692
0.34886177
0.31277254
0.27673985
0.24105583
0.20602742
0.17197602
0.13922849
0.10810995
0.078934224
0.051991648
0.027538624
0.0057781149
-0.013117614
-0.029177237
-0.042348993
-0.052810706
-0.060561361
-0.06581308
-0.068825067
-0.069869585
-0.069268297
-0.067345088
-0.064407615
-0.060741659
-0.056599541
-0.052196487
-0.047708772
-0.043273661
-0.03899501
-0.034942897
-0.031166677
-0.027686733
-0.024520393
-0.021652771
-0.019091993
-0.016792514
-0.014778795
-0.012961953
-0.011422096
-0.0099824719
-0.0088567293
-0.0076700115
-0.0069396727
-0.0058403557
-0.0055701085
-0.0042952925
-0.0047095341
-0.002795387
-0.0043997995
-0.0010397382
-0.0047700867
0.84279875
0.8427778
0.84275176
0.8427264
0.84270187
0.84267733
0.8426513
0.84262002
0.84257504
0.84250063
0.84237321
0.84216466
0.84185045
0.84141914
0.84087604
0.84024
0.83953581
0.83878602
0.83800793
0.83721101
0.83639699
0.83556187
0.83469424
0.83378218
0.83283309
0.83184604
0.83077877
0.82959877
0.8283023
0.82689259
0.82537856
0.82377339
0.82209899
0.82038226
0.81865835
0.81696715
0.81535608
0.81386807
0.81255376
0.81144813
0.81057862
0.80994104
0.80950063
0.80915555
0.80877637
0.80819822
0.80721652
0.80563089
0.80315269
0.79948277
0.79423115
0.78727905
0.77837651
0.76722788
0.75405152
0.73897074
0.72195341
0.70299449
0.68194738
0.65880159
0.63376777
0.60698217
0.57849431
0.54844699
0.51695689
0.48419243
0.45032197
0.41554287
0.38006343
0.34411691
0.30795417
0.27184985
0.23609637
0.20100494
0.16689892
0.13410898
0.10296344
0.073779903
0.046852511
0.022441347
0.00075195744
-0.018042111
-0.033950428
-0.046955172
-0.057213011
-0.064740796
-0.069744835
-0.07249322
-0.073263604
-0.072384135
-0.070184771
-0.066978192
-0.063054369
-0.058668739
-0.054038658
-0.04934161
-0.044715366
-0.040263611
-0.036055912
-0.032140653
-0.028537231
-0.025261588
-0.022297842
-0.019652442
-0.017279239
-0.015200606
-0.013327972
-0.011738388
-0.010257254
-0.0090929594
-0.0078763458
-0.0071150265
-0.0059956592
-0.0056988475
-0.0044122227
-0.0048025283
-0.0028808729
-0.0044661407
-0.0010915256
-0.0048165784
0.84203735
0.84201961
0.84199703
0.84197537
0.84195502
0.84193522
0.84191459
0.84188942
0.84185138
0.84178482
0.84166645
0.8414689
0.84116892
0.84075684
0.84024035
0.83963995
0.83898143
0.83828664
0.83757147
0.83684225
0.83609878
0.83533355
0.83453493
0.83369053
0.83280342
0.83185927
0.83081918
0.82966746
0.82839968
0.82701774
0.82552655
0.82393861
0.82226971
0.82054545
0.81879736
0.81706082
0.8153793
0.81379737
0.81235556
0.81109445
0.81003529
0.80918209
0.80849354
0.80788796
0.80723342
0.8063752
0.80511511
0.80325358
0.80051401
0.7966217
0.79116416
0.78401772
0.77494692
0.76365041
0.7503378
0.73514155
0.71802791
0.69898748
0.67788006
0.65468499
0.62959442
0.60275845
0.5742177
0.54411622
0.51256751
0.47974009
0.44580142
0.41095015
0.37539464
0.33936947
0.3031268
0.26694376
0.23111488
0.19595423
0.161788
0.12895011
0.097773191
0.068578055
0.041662681
0.017291061
-0.0043279051
-0.023020682
-0.038778409
-0.051613202
-0.061662695
-0.068963582
-0.073715165
-0.076194683
-0.076685533
-0.075522545
-0.073041986
-0.069561706
-0.065375954
-0.060743375
-0.055883459
-0.050974874
-0.046155829
-0.041529785
-0.03716571
-0.033110942
-0.029383819
-0.025998838
-0.022939059
-0.020209222
-0.017762539
-0.015619255
-0.013691126
-0.012052074
-0.010529746
-0.0093271024
-0.0080809357
-0.007288717
-0.0061497466
-0.0058262154
-0.0045284992
-0.0048942917
-0.0029663401
-0.0045312784
-0.0011439365
-0.0048615963
0.84105259
0.84103775
0.84101816
0.84099977
0.84098307
0.84096743
0.84095135
0.8409314
0.84089959
0.84084053
0.84073153
0.84054638
0.84026316
0.83987418
0.83938885
0.83882969
0.83822243
0.83758807
0.83693961
0.83628087
0.83560861
0.83491333
0.83418249
0.83340426
0.83257813
0.83167752
0.83066799
0.82954808
0.82831291
0.82696202
0.82549753
0.82393087
0.82227534
0.82055227
0.81878868
0.81702194
0.81528594
0.81362749
0.81208152
0.81068654
0.80946595
0.80842271
0.80751366
0.80667463
0.80577174
0.80465513
0.80313042
0.80100503
0.7980154
0.79390749
0.78825664
0.78091835
0.7716704
0.76022191
0.74676179
0.7314383
0.71421728
0.69508379
0.67390457
0.65064975
0.62549318
0.59859634
0.56999356
0.53982864
0.50821253
0.47531439
0.44129998
0.40636852
0.3707297
0.33461863
0.29828958
0.26202117
0.22611074
0.19087458
0.15664268
0.12375201
0.092538787
0.063328005
0.036421895
0.012087658
-0.0094619602
-0.028053568
-0.04366104
-0.056323027
-0.066159768
-0.073229403
-0.077723637
-0.079928877
-0.08013468
-0.078682718
-0.07591584
-0.072157186
-0.067705431
-0.062822456
-0.057729908
-0.05260761
-0.047594145
-0.042792685
-0.038271501
-0.034076807
-0.030225829
-0.026731532
-0.023575875
-0.020761836
-0.018241971
-0.016034345
-0.014051064
-0.012362848
-0.010799672
-0.0095589178
-0.0082835638
-0.0074605577
-0.0063024492
-0.0059520682
-0.0046439976
-0.0049847114
-0.0030517096
-0.0045951121
-0.0011969578
-0.0049050404
0.83989407
0.83988163
0.83986472
0.83984907
0.83983544
0.83982317
0.839811
0.83979543
0.83976892
0.83971687
0.83961768
0.8394463
0.83918251
0.83882034
0.83837136
0.8378591
0.83730863
0.83673905
0.83616045
0.83557352
0.834972
0.83434494
0.83367882
0.83296322
0.83219447
0.83134124
0.83036778
0.82928267
0.82808263
0.82676386
0.82532949
0.82378608
0.8221472
0.82043088
0.81866271
0.81687274
0.81509754
0.81337334
0.81174282
0.81023459
0.8088744
0.80765959
0.80656317
0.80550677
0.80437668
0.80302011
0.80124855
0.79887361
0.79564342
0.79132099
0.78548682
0.77795875
0.76853382
0.7569283
0.74331344
0.72785281
0.7105134
0.69127656
0.67001653
0.64669288
0.62145952
0.59449284
0.56581905
0.5355818
0.50389077
0.47091298
0.43681561
0.40179715
0.36606765
0.32986401
0.29344177
0.25708169
0.22108321
0.185766
0.15146254
0.1185139
0.087259948
0.058029747
0.03112978
0.0068308418
-0.014650356
-0.033140766
-0.048598314
-0.061084626
-0.070703975
-0.077537874
-0.081769707
-0.083695114
-0.083610229
-0.081863767
-0.078805343
-0.074763615
-0.070041749
-0.064904936
-0.059576987
-0.054238826
-0.04902938
-0.044051417
-0.039372458
-0.035037504
-0.031062575
-0.027459044
-0.024207734
-0.021309784
-0.01871709
-0.016445484
-0.014407437
-0.012670402
-0.01106676
-0.0097881713
-0.0084840224
-0.0076303736
-0.0064536095
-0.0060762765
-0.0047586031
-0.005073689
-0.0031369192
-0.004657573
-0.0012506008
-0.0049468128
0.83861053
0.83860049
0.83858607
0.83857288
0.83856175
0.83855207
0.83854267
0.83853056
0.83850845
0.83846295
0.83837351
0.83821688
0.83797522
0.8376441
0.83723633
0.83677576
0.83628635
0.83578495
0.83527789
0.83476197
0.83422861
0.83366543
0.83305972
0.83240002
0.83168144
0.83088235
0.82995875
0.828907
0.82774018
0.82645431
0.82505031
0.82353232
0.82191346
0.82020832
0.81843988
0.81663312
0.81482781
0.81305364
0.81134886
0.80974492
0.80826132
0.80689623
0.80562955
0.80437776
0.80303753
0.8014584
0.79945482
0.79684269
0.79338201
0.78884636
0.78283657
0.77512389
0.76552326
0.75375886
0.73998233
0.72437609
0.70691008
0.68755968
0.66621229
0.64280838
0.61749034
0.59044471
0.56169151
0.53137406
0.49959978
0.46653532
0.43234705
0.39723431
0.36140765
0.32510446
0.2885827
0.25212453
0.21603191
0.18062751
0.14624728
0.11323552
0.081936113
0.052682816
0.025785904
0.0015203046
-0.019893345
-0.038282431
-0.053589954
-0.06589792
-0.075295128
-0.081888564
-0.085852843
-0.087492712
-0.087111394
-0.085064789
-0.081709542
-0.077379982
-0.072383883
-0.0669898
-0.061423697
-0.055867575
-0.050460637
-0.045305154
-0.040467825
-0.035992331
-0.031893428
-0.028180817
-0.024834129
-0.021852621
-0.019187502
-0.016852326
-0.014759941
-0.012974472
-0.011330777
-0.010014663
-0.0086821302
-0.0077980142
-0.0066030841
-0.0061987279
-0.004872203
-0.0051611443
-0.0032218808
-0.0047186016
-0.0013048156
-0.0049868826
0.83724884
0.83724099
0.83722911
0.83721814
0.83720906
0.83720145
0.83719408
0.83718432
0.83716568
0.83712576
0.83704592
0.83690528
0.83668796
0.83639117
0.83602887
0.83562429
0.83519929
0.83476725
0.83433027
0.83388236
0.83341293
0.8329087
0.83235746
0.83174816
0.83107383
0.83032843
0.82946169
0.82844544
0.8273123
0.82606025
0.82468557
0.82319395
0.82159626
0.81990428
0.8181372
0.81632513
0.81449346
0.81267824
0.81091042
0.8092219
0.80762989
0.80613683
0.80470895
0.80328373
0.80175109
0.79996437
0.79773639
0.7948978
0.79121825
0.78648148
0.78029852
0.77240538
0.76263216
0.75070681
0.73676373
0.72100117
0.70339991
0.68392836
0.6624879
0.63899195
0.61358196
0.58644892
0.55760911
0.52720304
0.49533822
0.46217941
0.4278939
0.39267932
0.35674861
0.32033964
0.28371201
0.24714907
0.21095659
0.17545899
0.14099643
0.10791633
0.076567301
0.047287035
0.02039009
-0.0038441713
-0.025190989
-0.043478577
-0.058635897
-0.070762687
-0.079932968
-0.086281001
-0.08997246
-0.091320945
-0.0906373
-0.088284815
-0.084627394
-0.08000521
-0.074730738
-0.069075963
-0.06326899
-0.057492867
-0.051886973
-0.046553033
-0.041556793
-0.036940557
-0.032717721
-0.028896253
-0.025454524
-0.022389874
-0.019652782
-0.017254496
-0.015108242
-0.013274767
-0.011591463
-0.010238174
-0.0088776846
-0.0079633191
-0.0067507121
-0.0063193145
-0.0049846639
-0.0052470131
-0.0033064797
-0.0047782101
-0.0013594965
-0.0050253184
0.83585522
0.83584962
0.83584017
0.83583139
0.83582412
0.83581793
0.8358117
0.8358031
0.83578666
0.83575133
0.83568051
0.83555596
0.83536416
0.83510415
0.83478997
0.83444335
0.83408335
0.83371907
0.83334885
0.83296452
0.83255369
0.83210321
0.83160138
0.83103738
0.83040467
0.8297005
0.82889172
0.82792706
0.82682488
0.82560496
0.8242591
0.82279544
0.82121714
0.81954067
0.81778123
0.81596341
0.81411226
0.81226238
0.81044306
0.80868098
0.80699249
0.8053853
0.80381376
0.80223051
0.80051747
0.79853833
0.79610546
0.79305053
0.78915958
0.78423311
0.7778833
0.76980738
0.75986275
0.74777241
0.73365093
0.7177235
0.69997842
0.68037947
0.65883664
0.63524135
0.60973206
0.58250372
0.55356971
0.52306876
0.49110531
0.45784545
0.42345467
0.38813286
0.35209074
0.31556963
0.27882916
0.24215589
0.20585698
0.17026092
0.13570994
0.10255673
0.071153504
0.041842236
0.014942699
-0.0092623946
-0.03054331
-0.048728852
-0.063735711
-0.075678634
-0.084617022
-0.090714537
-0.094127781
-0.095178905
-0.094186938
-0.091522764
-0.087557752
-0.082638111
-0.077081146
-0.071162262
-0.065111748
-0.059113623
-0.053307386
-0.047794118
-0.042638519
-0.037881413
-0.033534759
-0.029604722
-0.026068364
-0.02292104
-0.020112488
-0.017651605
-0.015451996
-0.013570989
-0.01184855
-0.010458472
-0.0090704761
-0.0081261123
-0.0068963293
-0.0064379011
-0.0050958589
-0.0053311976
-0.0033906254
-0.0048363215
-0.001414612
-0.0050620488
0.83447118
0.83446827
0.83446164
0.83445501
0.83444923
0.83444389
0.8344379
0.83442943
0.83441379
0.83438165
0.83431892
0.83420982
0.83404361
0.83382113
0.83355618
0.83326843
0.832973
0.83267411
0.83236699
0.83204119
0.83168322
0.83128089
0.83082305
0.8302996
0.82970523
0.82903493
0.82827827
0.82737166
0.82630188
0.82511341
0.8237976
0.8223583
0.82080174
0.81914028
0.81738962
0.81556554
0.81370341
0.811825
0.8099622
0.80813587
0.80636407
0.80464666
0.80295481
0.80122107
0.79934406
0.79718183
0.79456337
0.79129691
0.78719815
0.78209434
0.77558729
0.76732424
0.75720228
0.74494535
0.73063586
0.71453617
0.69663989
0.6769067
0.65525414
0.63155329
0.60593758
0.57860778
0.54957212
0.51896801
0.48690002
0.45353198
0.4190298
0.38359274
0.34743378
0.31079356
0.27393432
0.23714415
0.20073344
0.16503222
0.130388
0.097156526
0.065694375
0.036348587
0.0094432367
-0.01473423
-0.035950161
-0.054033149
-0.068888956
-0.080645242
-0.089346813
-0.095188465
-0.098317989
-0.099065626
-0.097759242
-0.094777466
-0.090499397
-0.08527745
-0.079433848
-0.073247491
-0.066950814
-0.060728763
-0.054720878
-0.04902748
-0.043712151
-0.038814128
-0.034343859
-0.030305614
-0.026675101
-0.023445642
-0.020566199
-0.018043282
-0.015790878
-0.013862848
-0.012101793
-0.010675336
-0.0092603241
-0.0082862178
-0.0070398151
-0.0065543348
-0.0052057438
-0.0054135133
-0.003474405
-0.0048926614
-0.0014704961
-0.0050964873
0.83313774
0.83313775
0.83313448
0.83313041
0.83312613
0.83312122
0.83311484
0.83310511
0.83308851
0.83305764
0.83300105
0.83290675
0.83276725
0.83258449
0.83237112
0.83214272
0.83190909
0.83167026
0.83141796
0.83114044
0.83082562
0.83046221
0.83004002
0.82955171
0.82898877
0.8283467
0.82762458
0.82677176
0.82574563
0.82458578
0.82329647
0.82187781
0.8203433
0.81869356
0.81694719
0.81512554
0.81324944
0.8113466
0.80944171
0.80755885
0.80571091
0.80388982
0.80208254
0.80021186
0.79817413
0.79583985
0.79302486
0.78955463
0.78525
0.77998053
0.77331861
0.76487815
0.75459948
0.74218796
0.72769869
0.71142401
0.69337266
0.67350033
0.65173177
0.6279181
0.6021913
0.57475306
0.54560916
0.51489593
0.48271633
0.44923343
0.41461371
0.37905534
0.3427731
0.30600795
0.26902368
0.23211105
0.19558193
0.15977128
0.12502819
0.091713388
0.060188431
0.030804428
0.0038908061
-0.020260984
-0.041412208
-0.059391865
-0.074095757
-0.08566274
-0.094122125
-0.099702304
-0.10254245
-0.10298031
-0.10135324
-0.098047837
-0.093451176
-0.087922023
-0.081787641
-0.07533048
-0.068785062
-0.062337229
-0.056126453
-0.05025222
-0.044776868
-0.03973797
-0.035144357
-0.030998345
-0.027274222
-0.023963225
-0.021013519
-0.018429176
-0.016124588
-0.01415008
-0.012350967
-0.010888562
-0.0094470683
-0.008443471
-0.0071810711
-0.0066684555
-0.0053143033
-0.0054937578
-0.0035579571
-0.0049468698
-0.001527616
-0.0051279627
0.83188246
0.83188589
0.83188642
0.83188523
0.8318827
0.83187808
0.83187074
0.83185922
0.831841
0.83181084
0.83176008
0.8316798
0.83156464
0.83141683
0.83124624
0.83106392
0.83087571
0.83067836
0.83046361
0.83021974
0.82993605
0.82960141
0.82920705
0.82874546
0.82820847
0.82759107
0.82688986
0.82607995
0.82510494
0.8239695
0.82270217
0.821304
0.81978031
0.81814157
0.81639948
0.81457474
0.81268411
0.81075588
0.8088106
0.80686807
0.80494868
0.80303516
0.80110749
0.7991004
0.79690866
0.79439756
0.79137652
0.78771478
0.78319995
0.77777264
0.77097498
0.76239398
0.75200631
0.73947261
0.72482117
0.7083737
0.69016523
0.6701501
0.64825964
0.62432659
0.59848283
0.57093036
0.54167275
0.51084424
0.47854769
0.44494391
0.41020045
0.37451583
0.33810396
0.30120824
0.26409367
0.2270526
0.19040052
0.15447434
0.11962796
0.086225631
0.054633435
0.025208178
-0.0017163204
-0.025843629
-0.046930767
-0.064805855
-0.079356769
-0.090732223
-0.09894294
-0.10425576
-0.1068007
-0.10692231
-0.10496814
-0.10133297
-0.096412053
-0.09057077
-0.084141452
-0.077410145
-0.070613449
-0.063938022
-0.057523193
-0.051467482
-0.045831907
-0.040652238
-0.035935631
-0.031682365
-0.027865242
-0.024473363
-0.021454071
-0.018808968
-0.01645284
-0.014432449
-0.012595851
-0.011097988
-0.0096305271
-0.0085977845
-0.0073199215
-0.0067802735
-0.0054213135
-0.005572087
-0.0036409091
-0.0049994147
-0.0015852857
-0.0051575242
0.83074418
0.83075269
0.83075893
0.83076214
0.83076211
0.83075803
0.83074883
0.83073287
0.83070768
0.83066888
0.83060933
0.83052248
0.83040642
0.83026669
0.83011416
0.82995846
0.82980198
0.82963911
0.82945949
0.82925028
0.82899956
0.82869722
0.82833443
0.82790209
0.82739446
0.82680553
0.82612778
0.82535532
0.82443334
0.82332932
0.82208069
0.8207015
0.81919298
0.81756637
0.81583166
0.81400407
0.81210334
0.81015184
0.80817468
0.80618463
0.80419541
0.80220301
0.80017211
0.7980401
0.79571196
0.79303287
0.7898399
0.78598906
0.78129059
0.77570976
0.76878926
0.76006595
0.74956168
0.73688827
0.72204792
0.70540976
0.68703433
0.66687056
0.64485179
0.62079165
0.59482595
0.56715296
0.53777585
0.50682611
0.47440548
0.44067527
0.40580167
0.36998378
0.33343674
0.29640406
0.25915277
0.22197743
0.18519587
0.14914856
0.11419301
0.080697926
0.049034121
0.019563361
-0.0073748891
-0.031479825
-0.052503513
-0.070273398
-0.084670502
-0.095852562
-0.10380799
-0.10884751
-0.11109146
-0.11089034
-0.10860265
-0.10463151
-0.099380716
-0.093222364
-0.086493992
-0.079485248
-0.07243481
-0.065530056
-0.058910086
-0.052672352
-0.046876417
-0.04155618
-0.036717006
-0.032357064
-0.02844761
-0.024975579
-0.021887419
-0.019182287
-0.016775279
-0.014709682
-0.01283614
-0.011303437
-0.0098104005
-0.0087491081
-0.0074559878
-0.0068899625
-0.005526142
-0.0056491499
-0.0037219895
-0.0050519529
-0.001640901
-0.0051887196
0.82972763
0.8297432
0.82975527
0.82975881
0.82975388
0.82974073
0.82971949
0.82969016
0.82965257
0.82960528
0.82954569
0.82947253
0.82938836
0.82929969
0.82921281
0.82912906
0.82904324
0.82894502
0.82882183
0.82866201
0.82845509
0.82819337
0.82786803
0.82747249
0.82700195
0.82644877
0.82580776
0.82508699
0.82422498
0.82316321
0.82194415
0.82059429
0.81911793
0.81751696
0.81580415
0.81399374
0.81210348
0.81015278
0.80816118
0.80614929
0.80411736
0.80206932
0.7999689
0.79775418
0.79532369
0.7925332
0.78920692
0.78519056
0.78031309
0.77454496
0.76739198
0.7583778
0.74759194
0.73462587
0.71948349
0.70259792
0.68403111
0.6637081
0.64155142
0.61735983
0.59126554
0.5634644
0.53395922
0.50287968
0.47032687
0.43646131
0.40144943
0.36549006
0.32879902
0.29162096
0.25422453
0.21690646
0.17998737
0.14381098
0.10873877
0.075143956
0.043402233
0.013880643
-0.013075838
-0.037161461
-0.058123594
-0.075788249
-0.090031497
-0.10101525
-0.10871335
-0.11347402
-0.11541149
-0.11488137
-0.1122539
-0.10794082
-0.1023547
-0.095874545
-0.088843177
-0.081553906
-0.074247429
-0.067111789
-0.060285746
-0.053865583
-0.047909294
-0.042448803
-0.037487593
-0.033021656
-0.029020626
-0.025469245
-0.022313003
-0.019548635
-0.017091453
-0.014981379
-0.013071467
-0.011504595
-0.0099863743
-0.0088972031
-0.0075889804
-0.0069973678
-0.005628476
-0.0057249184
-0.0038007856
-0.0051047538
-0.0016937446
-0.0052217876
0.82886692
0.82889159
0.82891764
0.82894073
0.8289603
0.82897554
0.82898512
0.82898813
0.8289847
0.82897712
0.82896732
0.82895711
0.82894951
0.82894733
0.82894889
0.82894605
0.82892743
0.82888144
0.82879905
0.82867286
0.8284964
0.82826396
0.82796934
0.82760709
0.82717161
0.82665587
0.82605585
0.82538034
0.82458194
0.82358091
0.8224043
0.82109224
0.81965508
0.81809357
0.81641652
0.81463633
0.8127707
0.81083382
0.80884444
0.80681898
0.80476357
0.80266988
0.80050957
0.79821942
0.79569741
0.79280089
0.7893349
0.78514187
0.78003661
0.77402194
0.76652411
0.7570813
0.74589072
0.73253878
0.71704007
0.69988124
0.68111378
0.66062736
0.63832917
0.61400349
0.58777431
0.55983834
0.53019799
0.4989812
0.46628887
0.43228069
0.39712313
0.36101505
0.3241728
0.28684222
0.24929356
0.21182584
0.17476249
0.13845068
0.10325586
0.069555847
0.037731445
0.0081551186
-0.018822638
-0.042890803
-0.06379205
-0.081350364
-0.095438754
-0.10621258
-0.11365753
-0.11813321
-0.11975843
-0.11889274
-0.11591913
-0.11125815
-0.10533133
-0.098524781
-0.091186674
-0.083613981
-0.076049387
-0.068681508
-0.061648669
-0.05504586
-0.048929401
-0.043329124
-0.038246551
-0.033675411
-0.029583677
-0.025953816
-0.02273039
-0.019907587
-0.017401081
-0.015247172
-0.013301704
-0.011701051
-0.010158555
-0.0090414456
-0.0077194578
-0.0071012678
-0.0057298946
-0.0057967039
-0.0038811768
-0.0051518458
-0.0017524725
-0.0052441228
0.82849308
0.82844813
0.82839329
0.82832918
0.82825362
0.82816605
0.82806723
0.8279588
0.82784247
0.82771797
0.82758555
0.82744876
0.82731486
0.82719304
0.82708929
0.8270012
0.82691875
0.82682812
0.82671551
0.82656895
0.82637783
0.82613317
0.82582806
0.82545561
0.82500947
0.82448472
0.82387636
0.82318524
0.8223952
0.8214242
0.82025303
0.81893844
0.81750257
0.815942
0.81426415
0.81248004
0.81060356
0.80865181
0.80664159
0.80458414
0.80248529
0.80033568
0.79810347
0.7957245
0.79309549
0.79007327
0.78647025
0.7821327
0.77690745
0.77084561
0.76336318
0.75396497
0.74282946
0.7294996
0.71392116
0.69660701
0.67766513
0.65700754
0.63455155
0.61007473
0.58369316
0.55560612
0.52581548
0.4944461
0.46159826
0.42743057
0.39211002
0.35583544
0.31882415
0.28132297
0.243604
0.20596875
0.16874383
0.13228024
0.096948055
0.063130388
0.031213934
0.0015774516
-0.025422175
-0.04946772
-0.070296489
-0.087729198
-0.10163771
-0.11215902
-0.11931875
-0.12346193
-0.12472515
-0.12347029
-0.12009602
-0.11503304
-0.10871316
-0.10153078
-0.093840176
-0.08594249
-0.078082593
-0.070449641
-0.06318133
-0.056371033
-0.05007305
-0.044314696
-0.039095199
-0.034405566
-0.030211924
-0.026493948
-0.023195349
-0.020307041
-0.017745645
-0.015542495
-0.0135579
-0.011918853
-0.010350557
-0.0092005257
-0.0078661791
-0.0072139638
-0.0058469486
-0.0058700462
-0.0039807882
-0.0051899548
-0.0018399025
-0.0052400193
0.82701403
0.82696932
0.82692222
0.82687671
0.82683089
0.8267835
0.82673392
0.82668129
0.82662456
0.82656303
0.82649687
0.82642739
0.82635724
0.82628906
0.82622324
0.82615589
0.82607908
0.82598265
0.82585651
0.82569164
0.82548031
0.82521582
0.8248922
0.82450386
0.82404513
0.82351055
0.82289463
0.82219356
0.8213988
0.82045207
0.8193005
0.81798006
0.81653109
0.81495511
0.81325405
0.81143598
0.80951286
0.80749802
0.80540405
0.80324039
0.80100915
0.79869799
0.79627356
0.79367216
0.7907933
0.78749683
0.78361125
0.77898644
0.77348427
0.76715128
0.75947899
0.74994484
0.7386677
0.72527833
0.70963854
0.69219116
0.67308021
0.6522486
0.62963075
0.6049996
0.57846654
0.55022991
0.52029236
0.48877401
0.45577448
0.42145073
0.38596988
0.34953082
0.31235156
0.27468024
0.23679098
0.19898799
0.16160145
0.12498675
0.089519319
0.055588214
0.023587008
-0.00609828
-0.033103459
-0.057104079
-0.077831474
-0.095101892
-0.10878752
-0.11900256
-0.12582104
-0.12956735
-0.13040317
-0.12869086
-0.12484796
-0.1193169
-0.11254112
-0.10492453
-0.096828228
-0.088557881
-0.080360608
-0.072425905
-0.064890475
-0.057845606
-0.051343069
-0.045407139
-0.040034272
-0.035212284
-0.030905089
-0.027089171
-0.023707171
-0.020746357
-0.018124262
-0.015866818
-0.013839043
-0.012157834
-0.010561062
-0.0093750552
-0.0080269698
-0.0073377421
-0.0059752952
-0.0059509333
-0.004090205
-0.0052330377
-0.0019363163
-0.0052409295
0.82364211
0.82360203
0.82355838
0.82351282
0.82346318
0.8234084
0.82334802
0.82328175
0.82320918
0.82313026
0.82304536
0.82295552
0.82286234
0.82276736
0.82267134
0.82257333
0.82247041
0.82235813
0.82223091
0.82208249
0.82190597
0.82169396
0.82143844
0.82113093
0.82076241
0.82032354
0.81980478
0.81919643
0.81848763
0.8176604
0.8166669
0.81547495
0.8141148
0.81261661
0.81098404
0.80922004
0.80733292
0.80533209
0.80322551
0.80101767
0.79870537
0.79627325
0.79368569
0.79088043
0.7877608
0.78419667
0.78003512
0.77512849
0.76933601
0.76265125
0.75465426
0.74482116
0.73319604
0.71958711
0.70383804
0.68626728
0.66701409
0.64604034
0.62329361
0.5985472
0.571906
0.54356334
0.51352468
0.48190409
0.44880066
0.41436861
0.37877501
0.34221822
0.30491717
0.26712092
0.22910573
0.19117856
0.15367325
0.11694975
0.081388802
0.047385834
0.015341292
-0.014351242
-0.041320089
-0.065233536
-0.085816955
-0.10288169
-0.11630175
-0.12616988
-0.13260336
-0.13591073
-0.13628096
-0.13407513
-0.1297311
-0.12370333
-0.11644685
-0.10837522
-0.099856102
-0.091199428
-0.082654146
-0.074409659
-0.066601237
-0.05931766
-0.052607799
-0.046492573
-0.040965393
-0.036010682
-0.031589945
-0.027676387
-0.024211415
-0.021178685
-0.018496432
-0.016185388
-0.014114904
-0.0123923
-0.010767307
-0.0095462552
-0.0081843037
-0.0074593785
-0.0061007419
-0.0060310305
-0.0041969887
-0.0052775468
-0.0020298725
-0.0052498141
0.81951044
0.8194688
0.81942368
0.8193767
0.81932582
0.8192699
0.81920856
0.81914127
0.81906765
0.81898739
0.81890064
0.81880821
0.81871143
0.8186117
0.81850971
0.81840438
0.81829286
0.81817063
0.81803232
0.81787206
0.81768367
0.81746074
0.81719671
0.81688465
0.81651746
0.81608765
0.81558735
0.81500819
0.81434208
0.81357946
0.81269129
0.8116216
0.81035703
0.80893616
0.80737665
0.80567746
0.80383917
0.8018649
0.7997565
0.79751232
0.79512398
0.79257189
0.78981885
0.78680349
0.78343529
0.77959579
0.7751511
0.7699623
0.76387507
0.75682119
0.7484429
0.73826837
0.72625623
0.71236084
0.69647434
0.67879527
0.65943022
0.63834827
0.61550534
0.59068383
0.56397666
0.53557076
0.50547633
0.4737998
0.44063986
0.40614728
0.3704886
0.33386149
0.29648545
0.25861055
0.22051499
0.18250861
0.14492891
0.10814049
0.072529644
0.038498184
0.006453767
-0.023202372
-0.050090803
-0.073872565
-0.094267089
-0.11108052
-0.12418991
-0.13366795
-0.13967118
-0.14249558
-0.14236022
-0.13962346
-0.13474467
-0.12819075
-0.12042825
-0.11188041
-0.10292126
-0.093864618
-0.084960828
-0.076398721
-0.068311653
-0.060785476
-0.053865763
-0.047569748
-0.041887512
-0.036799886
-0.032265769
-0.028255002
-0.0247076
-0.021603632
-0.018861839
-0.016497954
-0.014385277
-0.012622089
-0.010969161
-0.0097140263
-0.0083380949
-0.0075788137
-0.0062232347
-0.0061103108
-0.0043011119
-0.0053234843
-0.002120326
-0.0052670895
0.81321436
0.81316806
0.81311747
0.81306495
0.81300814
0.81294591
0.81287777
0.81280329
0.81272203
0.81263368
0.81253837
0.81243673
0.81233007
0.81221986
0.81210701
0.81199138
0.81187117
0.81174343
0.81160443
0.81144983
0.81127499
0.81107479
0.81084364
0.81057533
0.81026293
0.80989874
0.8094742
0.80897982
0.8084056
0.80774177
0.8069758
0.80606931
0.80496669
0.80366756
0.80220815
0.80059724
0.79883075
0.79690489
0.7948157
0.79255536
0.79010991
0.78745517
0.78455218
0.78134105
0.77773691
0.77363112
0.76890181
0.76342147
0.75703364
0.74962128
0.74082691
0.73025633
0.71784464
0.70362152
0.68756111
0.66977453
0.65031963
0.62915997
0.60625192
0.58139191
0.55465789
0.52622931
0.49612217
0.46443406
0.4312635
0.39675694
0.36108024
0.32442988
0.28702572
0.24911878
0.21098914
0.17294935
0.13534075
0.098532582
0.062916856
0.028901942
-0.0030971409
-0.032671315
-0.059433232
-0.083036597
-0.10319505
-0.11970937
-0.13246061
-0.14150317
-0.14702899
-0.14932448
-0.14864177
-0.14533535
-0.13988714
-0.1327769
-0.12448258
-0.11543716
-0.10602073
-0.096550604
-0.087278018
-0.078390714
-0.070019646
-0.062247261
-0.055115433
-0.048637375
-0.042799558
-0.037579013
-0.032931842
-0.028824431
-0.025195249
-0.022020811
-0.019220171
-0.016804256
-0.014649966
-0.01284703
-0.011166503
-0.009878244
-0.0084882833
-0.0076959409
-0.006342783
-0.0061886237
-0.0044027223
-0.0053705664
-0.0022078941
-0.0052920963
0.80578626
0.80573795
0.80568528
0.80563046
0.80557113
0.80550608
0.80543473
0.80535664
0.80527128
0.80517835
0.80507777
0.80497022
0.80485681
0.80473886
0.80461744
0.8044924
0.80436248
0.80422515
0.80407725
0.80391508
0.80373457
0.80353123
0.80330015
0.80303581
0.80273216
0.8023824
0.80197899
0.80151351
0.80097663
0.80035852
0.79964919
0.79883311
0.79786258
0.79668944
0.79532668
0.79380047
0.79210943
0.79024228
0.78818711
0.78592924
0.78344812
0.78071448
0.77768638
0.77430477
0.7704897
0.76613944
0.76113903
0.75536139
0.74865912
0.74088765
0.73169
0.72071484
0.70790212
0.6933457
0.67709365
0.65920055
0.63967216
0.61846025
0.59551587
0.57065019
0.54392557
0.51551291
0.48543416
0.45377728
0.42064061
0.38616586
0.35051773
0.31389103
0.27650595
0.23861401
0.20049735
0.16247106
0.12488027
0.088099001
0.052525043
0.01857349
-0.01333314
-0.042777698
-0.069364841
-0.092740817
-0.11261362
-0.12877875
-0.14112192
-0.14968125
-0.1546806
-0.1563994
-0.1551258
-0.15120969
-0.14515634
-0.13745896
-0.12860663
-0.11904213
-0.10915121
-0.099254242
-0.089602826
-0.080383066
-0.07172296
-0.063701078
-0.056355169
-0.049694087
-0.043700396
-0.038347127
-0.033587395
-0.029384046
-0.025673857
-0.022429812
-0.019571101
-0.017104028
-0.014908755
-0.013066942
-0.0113592
-0.010038781
-0.0086347961
-0.0078106508
-0.0064593829
-0.0062658321
-0.004501945
-0.0054184779
-0.0022926872
-0.0053243626
0.79649403
0.79644234
0.79638566
0.79632675
0.79626308
0.79619325
0.79611671
0.79603304
0.79594164
0.7958421
0.79573442
0.79561898
0.79549673
0.79536903
0.79523686
0.79510047
0.79495895
0.79481066
0.79465308
0.79448334
0.7942982
0.79409399
0.79386653
0.79361121
0.79332264
0.79299481
0.79262076
0.79219256
0.79170118
0.79113645
0.79048767
0.78974246
0.78887513
0.78782909
0.78657591
0.78513871
0.78352402
0.78171911
0.77970573
0.77746269
0.77496345
0.7721736
0.76904765
0.76552539
0.76152972
0.75696552
0.75171968
0.74566204
0.73864788
0.73051337
0.72092494
0.70956747
0.69637579
0.68150347
0.66505827
0.64706226
0.62747415
0.60623193
0.58327824
0.55843695
0.53175544
0.50339553
0.47338426
0.44179999
0.40874049
0.37434244
0.33876893
0.30221285
0.26489427
0.22706509
0.1890092
0.1510443
0.1135193
0.076813043
0.041329118
0.0074895495
-0.024275523
-0.053540731
-0.079902595
-0.10299984
-0.12253497
-0.13829845
-0.1501811
-0.15820711
-0.16262895
-0.16372145
-0.16181167
-0.15724459
-0.15054943
-0.14223349
-0.13279665
-0.12269148
-0.11230899
-0.10197207
-0.091932132
-0.082373013
-0.073419204
-0.06514489
-0.057583255
-0.050738453
-0.044588851
-0.039103267
-0.034231651
-0.029933216
-0.026142915
-0.022830216
-0.019914303
-0.017396989
-0.015161453
-0.013281623
-0.011547163
-0.010195447
-0.0087776688
-0.0079226753
-0.0065732898
-0.0063413887
-0.0045995123
-0.0054660678
-0.002375693
-0.0053632724
0.7857198
0.78566526
0.78560571
0.78554362
0.78547659
0.78540297
0.78532238
0.78523412
0.78513779
0.78503282
0.78491907
0.78479693
0.78466731
0.78453132
0.78438998
0.78424357
0.78409156
0.78393234
0.78376392
0.78358379
0.78338905
0.78317638
0.78294209
0.78268189
0.78239097
0.78206369
0.78169369
0.78127362
0.78079501
0.78024814
0.77962231
0.77890601
0.77808265
0.77711006
0.77594
0.77456883
0.77300859
0.77124968
0.76926952
0.76704041
0.7645298
0.76169806
0.75849546
0.75485917
0.7507114
0.74596063
0.74049886
0.73418884
0.72687981
0.71840508
0.70844504
0.6967276
0.68320012
0.66804914
0.65142667
0.6333385
0.61370585
0.59245404
0.56951721
0.54472854
0.51812197
0.48985024
0.45994396
0.42847245
0.39553239
0.36125518
0.32580195
0.28936332
0.25215889
0.21444078
0.17649439
0.13863992
0.10122999
0.064648271
0.02930441
-0.0043727405
-0.035945113
-0.064979058
-0.091062839
-0.11382764
-0.13297054
-0.14827747
-0.1596445
-0.1670848
-0.17087612
-0.1712908
-0.16869776
-0.16343739
-0.15606284
-0.1470964
-0.13704834
-0.12638094
-0.11548998
-0.10470035
-0.094262578
-0.08435762
-0.07510586
-0.066576567
-0.058797924
-0.051769017
-0.045463729
-0.039846464
-0.034863828
-0.030471303
-0.026601927
-0.023221612
-0.020249475
-0.017682857
-0.015407896
-0.013490841
-0.011730367
-0.010347973
-0.0089170738
-0.0080315342
-0.0066850859
-0.0064142474
-0.0046968681
-0.0055111927
-0.0024591661
-0.0054077894
0.77316303
0.77310539
0.77304221
0.77297661
0.77290547
0.77282756
0.77274221
0.77264884
0.77254679
0.77243565
0.77231517
0.77218562
0.7720477
0.77190259
0.77175117
0.77159376
0.7714299
0.77125833
0.77107729
0.77088452
0.7706775
0.77045321
0.77020832
0.7699389
0.76964051
0.76930794
0.76893529
0.76851557
0.7680408
0.76750157
0.76688718
0.76618585
0.76538333
0.7644519
0.76334027
0.76201965
0.7604982
0.75876993
0.75681059
0.75458789
0.75206449
0.74919615
0.74592893
0.74219675
0.73791991
0.73300556
0.72734948
0.72081984
0.71324983
0.70445883
0.69416375
0.68212593
0.66830989
0.65292948
0.63615996
0.61799906
0.59834098
0.57710151
0.55420803
0.52949947
0.50299863
0.47484958
0.44508473
0.41376525
0.38098596
0.34687317
0.31158558
0.2753112
0.23826888
0.20071065
0.16292331
0.12522935
0.087985111
0.051579016
0.016426835
-0.017035504
-0.048362035
-0.0771106
-0.10286112
-0.12523734
-0.14393091
-0.15872387
-0.16951755
-0.17631733
-0.17942383
-0.17910665
-0.17578134
-0.16978451
-0.16169229
-0.1520429
-0.14135681
-0.13010573
-0.11868975
-0.10743504
-0.096590594
-0.086333797
-0.076780297
-0.067993902
-0.059997342
-0.05278427
-0.046323803
-0.040575716
-0.035483125
-0.030997662
-0.027050377
-0.023603575
-0.020576295
-0.017961348
-0.015647898
-0.013694389
-0.01190873
-0.010496165
-0.0090530495
-0.0081369598
-0.006795012
-0.0064838876
-0.0047946773
-0.005552812
-0.0025446202
-0.0054562517
0.75889771
0.75883714
0.75877047
0.75870121
0.75862634
0.75854426
0.75845419
0.75835578
0.75824823
0.75813104
0.75800393
0.75786705
0.75772123
0.75756731
0.7574061
0.75723806
0.75706258
0.75687861
0.7566844
0.75647793
0.75625665
0.75601786
0.75575825
0.75547414
0.7551612
0.75481449
0.75442821
0.75399574
0.75350926
0.75295969
0.75233649
0.75162791
0.75082033
0.74989082
0.74879377
0.7474924
0.745984
0.7442619
0.7423015
0.74006799
0.73752044
0.7346107
0.73128083
0.72746122
0.72306975
0.71801167
0.71218108
0.7054535
0.69765899
0.68858869
0.67800118
0.66569184
0.65164014
0.63608741
0.61921223
0.60100671
0.58134761
0.56014541
0.53732307
0.5127226
0.48635807
0.45836581
0.42877822
0.39764944
0.36507175
0.33116653
0.29608965
0.26002637
0.22319436
0.18584541
0.14826742
0.11078511
0.073758393
0.037580525
0.0026733404
-0.030519991
-0.061545457
-0.089952305
-0.11531206
-0.13724101
-0.15542556
-0.16964462
-0.17980453
-0.18590672
-0.1882736
-0.18716722
-0.18305876
-0.17628145
-0.16743262
-0.15706749
-0.14571654
-0.13386058
-0.1219034
-0.11017175
-0.098912337
-0.088298235
-0.078439714
-0.069394561
-0.061179587
-0.053782639
-0.047167798
-0.041289998
-0.036088714
-0.031511628
-0.027487739
-0.023975688
-0.020894424
-0.018232203
-0.015881235
-0.013892113
-0.012082089
-0.010639954
-0.0091854367
-0.0082389914
-0.006902833
-0.0065505232
-0.0048925367
-0.0055913025
-0.0026318688
-0.005507719
0.74277374
0.74270971
0.74263954
0.74256648
0.74248749
0.74240084
0.74230593
0.74220207
0.74208864
0.74196497
0.74183083
0.74168633
0.74153203
0.74136881
0.74119748
0.74101816
0.74083049
0.74063322
0.74042479
0.74020312
0.73996586
0.73971023
0.73943307
0.73913072
0.73879901
0.73843301
0.73802712
0.73757476
0.73706832
0.73649881
0.73585583
0.73512759
0.73430055
0.73335433
0.73224856
0.73094326
0.72942692
0.72769091
0.72571036
0.72344908
0.72086369
0.71790303
0.71450614
0.71060031
0.7061009
0.70091157
0.69492477
0.68801521
0.68002723
0.67072388
0.65989221
0.64736532
0.63313256
0.61746748
0.60053517
0.58232028
0.56269003
0.54155381
0.51883271
0.49436974
0.4681727
0.4403715
0.41099688
0.38009717
0.34776157
0.31410681
0.27928561
0.24348029
0.20690707
0.16981726
0.13249964
0.09528109
0.058524965
0.022629306
-0.011977932
-0.044846227
-0.075513381
-0.10351995
-0.12842901
-0.14984953
-0.16746279
-0.18104542
-0.19050843
-0.1958538
-0.19742406
-0.19546954
-0.19052531
-0.18292272
-0.17327773
-0.16216388
-0.15012139
-0.1376397
-0.12512565
-0.11290578
-0.10122372
-0.09024746
-0.080081201
-0.070776133
-0.062342673
-0.054762515
-0.047994415
-0.041988267
-0.036679766
-0.032012544
-0.027913482
-0.024337535
-0.021203525
-0.018495164
-0.016107686
-0.014083867
-0.012250282
-0.010779285
-0.0093140737
-0.0083376847
-0.0070083048
-0.0066143822
-0.0049900323
-0.0056270672
-0.0027206646
-0.0055614522
0.72475545
0.72468806
0.72461426
0.72453726
0.72445411
0.72436283
0.72426289
0.72415352
0.7240341
0.72390384
0.72376253
0.72361016
0.72344735
0.72327477
0.72309313
0.72290251
0.72270235
0.72249151
0.72226828
0.72203066
0.7217762
0.72150217
0.7212053
0.720882
0.72052798
0.72013839
0.71970752
0.71922884
0.71869471
0.71809617
0.71742279
0.71666266
0.71580233
0.71482314
0.7136886
0.71235689
0.71081052
0.70903941
0.70701855
0.70471094
0.70207147
0.69904681
0.69557389
0.69157771
0.68697148
0.6816576
0.67552711
0.66845477
0.66029519
0.65079735
0.63978397
0.62710057
0.61273898
0.59701853
0.58008099
0.56189761
0.54233111
0.52129362
0.4987065
0.47441256
0.44841542
0.4208401
0.39171454
0.3610823
0.32902921
0.29566767
0.26114702
0.22564655
0.18938078
0.15260038
0.11559486
0.078692981
0.042261575
0.0067034945
-0.027547293
-0.060032758
-0.090282354
-0.11782791
-0.142224
-0.1630724
-0.18004947
-0.19293051
-0.20163075
-0.20615766
-0.20686659
-0.2040093
-0.19817506
-0.18970174
-0.17922061
-0.16732504
-0.15456457
-0.14143676
-0.12835081
-0.11563213
-0.10352044
-0.092177826
-0.081701717
-0.072136114
-0.063484572
-0.055722258
-0.048802336
-0.042669474
-0.037255438
-0.032499743
-0.028327078
-0.024688704
-0.021503265
-0.01874998
-0.016327033
-0.014269502
-0.012413148
-0.010914097
-0.0094388024
-0.0084330825
-0.0071111907
-0.0066756843
-0.0050867512
-0.0056604836
-0.0028107206
-0.0056168106
0.70474509
0.7046741
0.70459639
0.70451544
0.70442776
0.70433189
0.70422663
0.70411156
0.70398575
0.70384869
0.70369987
0.70353941
0.70336769
0.70318545
0.70299312
0.70279076
0.70257771
0.70235265
0.70211394
0.70185937
0.70158659
0.70129266
0.70097436
0.70062793
0.70024902
0.69983271
0.6993732
0.69886389
0.69829705
0.69766359
0.69695308
0.69615342
0.69525101
0.69422846
0.69305275
0.69168071
0.6900893
0.68826775
0.68619148
0.68382301
0.68111604
0.67801575
0.67445769
0.67036603
0.66565247
0.66021818
0.65395435
0.64673609
0.63841786
0.62876068
0.61763254
0.60485533
0.59041852
0.57469553
0.55780529
0.53969849
0.52023497
0.49933258
0.47691484
0.45282389
0.42706064
0.39974684
0.37090704
0.34058087
0.30885087
0.27582526
0.24164996
0.20650125
0.17059179
0.1341714
0.097530163
0.060998667
0.024947082
-0.010216919
-0.044053282
-0.076096386
-0.10586728
-0.13288893
-0.15670742
-0.17691753
-0.19319093
-0.20530257
-0.21317148
-0.21681534
-0.21658899
-0.21278073
-0.20600092
-0.19661079
-0.18525328
-0.17254307
-0.15903862
-0.14524492
-0.13157277
-0.11834548
-0.10579795
-0.094085527
-0.083298117
-0.073471937
-0.064603197
-0.056660192
-0.049590222
-0.043332551
-0.03781489
-0.032972563
-0.028728001
-0.025028781
-0.021793311
-0.018996398
-0.016539064
-0.014448876
-0.012570538
-0.011044327
-0.0095594806
-0.0085252177
-0.007211278
-0.0067346112
-0.0051823329
-0.0056918754
-0.0029017552
-0.0056732202
0.68267833
0.68260394
0.68252202
0.68243694
0.68234505
0.68224405
0.68213348
0.6820124
0.68188026
0.68173611
0.68157968
0.6814109
0.68123008
0.68103795
0.68083479
0.68062045
0.68039413
0.68015457
0.67989985
0.67962778
0.67933586
0.67902111
0.67868011
0.67830905
0.67790349
0.67745825
0.67696751
0.67642445
0.6758212
0.67514857
0.67439596
0.67355107
0.67260011
0.67152586
0.67029806
0.66887408
0.66722659
0.66534308
0.66319951
0.66075851
0.65797314
0.65478771
0.65113707
0.64694537
0.642124
0.63657382
0.63018684
0.62283929
0.61438924
0.60461108
0.59339728
0.58057274
0.56613066
0.55046213
0.53367148
0.51568797
0.49636954
0.4756415
0.45343087
0.4295791
0.40408537
0.37706968
0.34855315
0.318572
0.28720577
0.25455881
0.22077362
0.18602359
0.15051931
0.11450975
0.078285354
0.042178514
0.0065626919
-0.028149641
-0.061512308
-0.093051963
-0.12228115
-0.14871391
-0.17188789
-0.19139104
-0.20689072
-0.21816249
-0.22512911
-0.2278223
-0.22658721
-0.22177664
-0.21399472
-0.20364098
-0.19136676
-0.17780924
-0.16353536
-0.14905679
-0.13478501
-0.12104021
-0.10805151
-0.095966601
-0.084867146
-0.074780957
-0.065696425
-0.05757462
-0.050356724
-0.043976436
-0.038357276
-0.033430338
-0.029115727
-0.02535736
-0.022073341
-0.019234169
-0.016743569
-0.014621839
-0.012722305
-0.011169904
-0.0096759747
-0.0086141042
-0.0073083805
-0.0067913153
-0.0052764521
-0.0057215063
-0.0029935139
-0.0057301715
0.65848356
0.65840544
0.65831954
0.65823034
0.65813368
0.65802765
0.65791166
0.65778459
0.65764574
0.65749455
0.65733021
0.6571529
0.65696298
0.65676068
0.65654643
0.65631986
0.65608009
0.65582556
0.6555544
0.65526433
0.65495266
0.65461625
0.65425172
0.65385493
0.65342135
0.65294567
0.65242189
0.65184303
0.65120095
0.6504864
0.6496885
0.64879483
0.64779132
0.64666074
0.64537398
0.64388973
0.64217887
0.64022644
0.63800844
0.63548776
0.63261736
0.62934129
0.62559421
0.62130068
0.6163732
0.61071377
0.60421604
0.59676001
0.58821063
0.57834609
0.56706329
0.55422599
0.53984783
0.52429412
0.50765402
0.48983933
0.47070898
0.45019635
0.42823221
0.40465771
0.37947058
0.35279043
0.32463532
0.29503852
0.26407693
0.23185128
0.1985009
0.16419629
0.12914596
0.093598051
0.05784329
0.022215795
-0.012907693
-0.047109907
-0.079938393
-0.11091206
-0.13953479
-0.16531169
-0.187772
-0.20649708
-0.22115047
-0.23150928
-0.23750045
-0.23917269
-0.23686237
-0.23098821
-0.222147
-0.21078217
-0.19755099
-0.18311394
-0.16804596
-0.15286443
-0.13798058
-0.12371039
-0.11027614
-0.09781695
-0.086405462
-0.076060475
-0.066762092
-0.058463822
-0.051100482
-0.044600053
-0.038881756
-0.033872413
-0.029489737
-0.025674036
-0.022343031
-0.019463048
-0.016940348
-0.014788247
-0.012868312
-0.011290757
-0.0097881664
-0.0086997488
-0.007402332
-0.0068459172
-0.0053688215
-0.005749599
-0.0030857379
-0.0057872137
0.63210587
0.63202392
0.63193414
0.6318404
0.63173921
0.63162819
0.63150638
0.63137331
0.63122791
0.63106922
0.63089708
0.63071126
0.63051184
0.63029946
0.63007393
0.62983497
0.62958147
0.62931184
0.62902393
0.62871551
0.62838362
0.62802514
0.62763638
0.62721316
0.62675074
0.62624365
0.62568569
0.62506961
0.62438722
0.62362895
0.62278375
0.62183899
0.62078038
0.61959058
0.61824162
0.61669327
0.6149147
0.61288905
0.61059242
0.60798817
0.60502946
0.60166044
0.59781601
0.59342188
0.58839334
0.58263391
0.57603878
0.56849376
0.55986998
0.54994996
0.5386343
0.52582587
0.51156524
0.49618004
0.47973806
0.4621358
0.44323595
0.42298019
0.40130277
0.37804476
0.35320238
0.32689574
0.29914071
0.26996777
0.23945166
0.2076899
0.17481874
0.14100595
0.10645815
0.071422526
0.036190163
0.0010968833
-0.033477201
-0.067110129
-0.099342936
-0.12968675
-0.15763668
-0.18268881
-0.20436412
-0.22223765
-0.23596967
-0.24533986
-0.25028021
-0.25085899
-0.24740848
-0.24040491
-0.23044676
-0.21802288
-0.20379483
-0.18844666
-0.17256085
-0.15665938
-0.14115219
-0.12634982
-0.11246668
-0.099632341
-0.087909635
-0.077307738
-0.067798009
-0.059326069
-0.051820135
-0.045202336
-0.039387491
-0.03429813
-0.02984952
-0.025978412
-0.022602069
-0.019682794
-0.017129204
-0.014947957
-0.013008428
-0.011406807
-0.0098959444
-0.0087821404
-0.0074929874
-0.0068985118
-0.0054591863
-0.0057763301
-0.0031781991
-0.0058439464
0.60349932
0.60341355
0.60331951
0.6032217
0.60311568
0.60299957
0.60287232
0.60273305
0.60258087
0.60241497
0.60223491
0.60204039
0.6018317
0.601609
0.60137224
0.60112083
0.60085359
0.60056858
0.60026394
0.59993694
0.59958465
0.59920384
0.59879057
0.59834062
0.59784895
0.59731001
0.59671731
0.59606351
0.59534015
0.5945374
0.59364412
0.59264739
0.5915327
0.59028273
0.58887049
0.58725675
0.58540906
0.5833089
0.58093272
0.5782444
0.57519757
0.57173682
0.56779774
0.56330755
0.55818509
0.55233644
0.54565916
0.53804554
0.52937202
0.51942869
0.50811833
0.49538102
0.4812872
0.46611928
0.44991933
0.43257092
0.41394274
0.39398464
0.37263404
0.34973224
0.32527311
0.29937806
0.27206189
0.24335225
0.2133223
0.18206658
0.14971858
0.1164436
0.082446382
0.047973339
0.013315916
-0.021188269
-0.055155692
-0.08815967
-0.11973448
-0.14938341
-0.17659267
-0.20084934
-0.22166621
-0.23861236
-0.25134553
-0.25964895
-0.26346096
-0.26287167
-0.25821354
-0.25001443
-0.23888142
-0.22535033
-0.21008603
-0.19379603
-0.17706978
-0.16043264
-0.14429214
-0.12895205
-0.11461779
-0.10140842
-0.089376159
-0.078519959
-0.068801967
-0.060159621
-0.052514317
-0.045782221
-0.039873655
-0.034706849
-0.030194573
-0.026270097
-0.022850149
-0.019893169
-0.017309948
-0.015100826
-0.013142528
-0.011517978
-0.0099992106
-0.0088612604
-0.0075802171
-0.0069491686
-0.0055473233
-0.0058018448
-0.0032706586
-0.0059000072
0.57263857
0.57254933
0.572451
0.5723489
0.57223831
0.57211709
0.57198426
0.57183879
0.57168003
0.57150687
0.57131886
0.57111582
0.57089782
0.57066487
0.57041689
0.57015306
0.56987193
0.5695718
0.5692503
0.56890468
0.56853204
0.5681288
0.56769107
0.56721426
0.56669334
0.56612252
0.56549508
0.56480353
0.56403915
0.56319202
0.56225073
0.56120217
0.56003168
0.55872184
0.55724679
0.55556818
0.55365207
0.55147849
0.54902427
0.54625405
0.54312212
0.5395739
0.53554606
0.53096771
0.52576093
0.51983566
0.51309359
0.50543315
0.49673428
0.48680072
0.47553568
0.46291148
0.44903036
0.43412385
0.41820572
0.4011494
0.3828319
0.36321081
0.34222615
0.31971989
0.29568229
0.27023654
0.24339767
0.21519035
0.18568667
0.15497853
0.1231969
0.090504932
0.057105656
0.023244838
-0.010785594
-0.04464605
-0.077949579
-0.11026461
-0.14111847
-0.17000648
-0.19640587
-0.21979466
-0.23967762
-0.25561832
-0.26727275
-0.27442882
-0.27703289
-0.27519892
-0.26926384
-0.25980263
-0.24743674
-0.23275031
-0.2164112
-0.19914974
-0.18156181
-0.16417471
-0.14739234
-0.13151034
-0.11672396
-0.10314074
-0.090801485
-0.079694321
-0.069771756
-0.060962747
-0.053181684
-0.046338662
-0.040339432
-0.035097935
-0.030524408
-0.026548712
-0.023086975
-0.020093947
-0.017482397
-0.015246717
-0.013270496
-0.011624189
-0.010097874
-0.0089370795
-0.0076639126
-0.0069979361
-0.0056330348
-0.0058262528
-0.003362909
-0.0059550741
0.53951148
0.53941822
0.53931628
0.53920961
0.53909457
0.53896854
0.53882995
0.53867879
0.53851318
0.53833315
0.53813737
0.5379259
0.53769865
0.53745579
0.53719677
0.53692063
0.53662597
0.53631084
0.53597266
0.53560877
0.53521604
0.53479079
0.53432882
0.53382563
0.53327596
0.53267367
0.53201214
0.53128346
0.53047887
0.52958822
0.52859995
0.52750078
0.52627586
0.52490778
0.52337182
0.52163058
0.51964867
0.51740476
0.51487625
0.51202859
0.50881697
0.50518783
0.50107929
0.49642252
0.4911435
0.48515892
0.47837359
0.47068917
0.46198883
0.45209948
0.44092073
0.42844952
0.4148231
0.40021768
0.38461694
0.36788732
0.34991665
0.33066972
0.31008854
0.28801608
0.26443739
0.23947771
0.21315367
0.18548678
0.15654853
0.12642852
0.0952555
0.063190664
0.030435659
-0.0027641749
-0.036116255
-0.069278881
-0.10186156
-0.13342752
-0.16349705
-0.19155728
-0.21707635
-0.23952323
-0.25839492
-0.27324989
-0.28374338
-0.28966921
-0.2909837
-0.2878266
-0.28054353
-0.26975348
-0.2560968
-0.2402072
-0.2227558
-0.20449458
-0.18602531
-0.16787559
-0.15044439
-0.13401775
-0.11877956
-0.10482477
-0.09218201
-0.080827987
-0.070705153
-0.061733719
-0.05382089
-0.046870618
-0.04078402
-0.03547077
-0.030838542
-0.026813884
-0.023312258
-0.020284901
-0.017646377
-0.015385494
-0.013392222
-0.011725361
-0.010191856
-0.0090095643
-0.0077439789
-0.0070448422
-0.0057161484
-0.0058496387
-0.0034547297
-0.0060088616
0.5041309
0.50403408
0.50392797
0.50381773
0.50369805
0.50356676
0.50342333
0.50326609
0.50309431
0.50290714
0.50270391
0.50248429
0.50224827
0.50199552
0.50172571
0.50143764
0.50112977
0.50079981
0.50044546
0.50006374
0.4996513
0.49920444
0.49871896
0.49819003
0.49761224
0.49697947
0.49628466
0.49552004
0.49467646
0.49374379
0.49271016
0.49156235
0.49028517
0.48886145
0.48726752
0.48546702
0.48342319
0.48111355
0.47851602
0.47559704
0.47231282
0.46861117
0.46443203
0.45970887
0.45437149
0.44834426
0.4415369
0.43385296
0.42517608
0.41537144
0.40432534
0.39204352
0.37870628
0.36443558
0.34918343
0.33281167
0.31522091
0.29638264
0.27624034
0.25463818
0.23155424
0.20711583
0.18134277
0.15425306
0.12591802
0.096425283
0.06590164
0.034506716
0.0024410144
-0.030050296
-0.062673712
-0.095085141
-0.12689054
-0.15764742
-0.18686893
-0.21403384
-0.23860106
-0.26003052
-0.27781168
-0.29149854
-0.30074665
-0.30535707
-0.30529839
-0.30073803
-0.29203452
-0.27984888
-0.26484392
-0.2477039
-0.22910413
-0.20981646
-0.190448
-0.17152483
-0.15343956
-0.13646714
-0.1207788
-0.10645591
-0.093514112
-0.081918123
-0.071599957
-0.062470833
-0.054430624
-0.047377074
-0.041206636
-0.03582475
-0.031136514
-0.02706526
-0.023525723
-0.02046582
-0.01780172
-0.015517027
-0.0135076
-0.011821412
-0.01028108
-0.0090786703
-0.0078203344
-0.0070898979
-0.0057965122
-0.0058720627
-0.0035459338
-0.006061117
0.46652849
0.46642843
0.46631839
0.46620389
0.46608034
0.46594442
0.46579562
0.46563278
0.46545504
0.4652611
0.46505074
0.46482318
0.46457861
0.46431655
0.46403624
0.46373667
0.46341592
0.4630718
0.46270176
0.46230275
0.46187134
0.46140374
0.4608955
0.46034184
0.45973702
0.45907488
0.45834835
0.45754926
0.45666854
0.45569581
0.45461926
0.45342533
0.452099
0.45062299
0.44897491
0.44711948
0.44501884
0.4426493
0.43998936
0.43700651
0.43365828
0.4298941
0.42565589
0.4208799
0.41550002
0.40944638
0.40263505
0.39497423
0.3863465
0.37666936
0.3658089
0.35375279
0.34073039
0.32682083
0.3119446
0.2959595
0.27877915
0.26038112
0.2407105
0.21961284
0.1970573
0.17317326
0.14798529
0.12150762
0.093811713
0.064983562
0.035148294
0.0044643219
-0.026868676
-0.058605402
-0.09045108
-0.12205906
-0.15303141
-0.18291953
-0.21122931
-0.23743084
-0.26097368
-0.28130879
-0.2979184
-0.31035269
-0.3182688
-0.3214765
-0.31995924
-0.31391397
-0.3037163
-0.29006854
-0.27365859
-0.25522185
-0.23543929
-0.21510039
-0.19481694
-0.17511151
-0.15636885
-0.13885118
-0.12271583
-0.10802953
-0.094794157
-0.082961907
-0.072453978
-0.063172403
-0.055009588
-0.04785704
-0.041606522
-0.036159295
-0.031417874
-0.02730249
-0.023727103
-0.020636497
-0.017948269
-0.015641192
-0.013616534
-0.011912265
-0.010365483
-0.0091443516
-0.0078929104
-0.0071330982
-0.0058739943
-0.0058935642
-0.0036363181
-0.006111615
0.42675575
0.42665271
0.42653905
0.42642075
0.42629307
0.42615282
0.42599913
0.42583099
0.42564738
0.42544743
0.42522987
0.42499522
0.42474238
0.42447138
0.42418126
0.42387068
0.42353767
0.42318012
0.42279516
0.42237968
0.42193029
0.42144284
0.42091314
0.42033591
0.41970557
0.41901576
0.4182592
0.41742772
0.41651217
0.41550202
0.41438536
0.4131487
0.41177678
0.41025269
0.40855506
0.40665002
0.4044988
0.40207626
0.39936155
0.39632351
0.39292125
0.38910594
0.38482172
0.38000795
0.37460276
0.36854243
0.36174964
0.35413934
0.34559206
0.33605772
0.3254137
0.31363207
0.30095315
0.28742736
0.27295027
0.25737826
0.24063641
0.22270704
0.20353777
0.18297588
0.16097961
0.13768036
0.11310906
0.087275883
0.060252691
0.032124196
0.0030141061
-0.026919951
-0.057478815
-0.088416648
-0.11943706
-0.15019066
-0.18027505
-0.20923528
-0.23656967
-0.26173938
-0.28418446
-0.30334695
-0.31870226
-0.32979755
-0.33629291
-0.33800853
-0.33494556
-0.32733239
-0.31556596
-0.30039013
-0.28251952
-0.26274105
-0.2417433
-0.22033055
-0.19911861
-0.17862434
-0.15922298
-0.14116241
-0.12458472
-0.10954098
-0.096018521
-0.083956535
-0.073265072
-0.063836785
-0.055556527
-0.048309555
-0.041982942
-0.036473841
-0.031682196
-0.027525249
-0.023916147
-0.020796736
-0.018085872
-0.015757867
-0.013718933
-0.011997841
-0.010445005
-0.0092065536
-0.0079616502
-0.0071744288
-0.0059484793
-0.0059141651
-0.0037257128
-0.006160155
0.38488846
0.3847818
0.38466519
0.38454356
0.38441169
0.38426737
0.38410927
0.38393615
0.38374711
0.3835409
0.38331753
0.38307547
0.38281527
0.38253579
0.3822364
0.38191541
0.38157105
0.38120067
0.38080164
0.3803707
0.37990428
0.3793984
0.37884837
0.37824908
0.37759493
0.37687923
0.37609476
0.37523327
0.37428543
0.3732408
0.37208734
0.37081156
0.36939831
0.3678307
0.36608849
0.36414015
0.36194593
0.3594781
0.35671692
0.35363317
0.35018774
0.34633366
0.34201761
0.33718233
0.3317705
0.32572475
0.31897498
0.31144383
0.3030117
0.2936297
0.28321204
0.27174741
0.2594435
0.24632264
0.23226359
0.21712687
0.20084813
0.18341224
0.16477032
0.14477192
0.12336251
0.10067529
0.076749154
0.051589995
0.025270332
-0.0021260827
-0.030476682
-0.059624271
-0.08936981
-0.11946652
-0.14961599
-0.1794658
-0.20860837
-0.23658228
-0.26287784
-0.28694698
-0.30822012
-0.32613048
-0.34014708
-0.34981498
-0.35479876
-0.35493102
-0.35023366
-0.34096848
-0.32755819
-0.31079001
-0.29140359
-0.27024
-0.24799704
-0.22549035
-0.20333897
-0.18205167
-0.16199249
-0.14339327
-0.12637951
-0.11098561
-0.097183623
-0.084899258
-0.074031126
-0.06446237
-0.056070214
-0.048733688
-0.042335193
-0.036767853
-0.031929069
-0.02773322
-0.024092615
-0.02094635
-0.018214389
-0.015866939
-0.013814713
-0.012078065
-0.010519595
-0.009265225
-0.008026505
-0.0072138582
-0.0060198695
-0.0059338717
-0.0038139284
-0.0062065569
0.34101727
0.34090788
0.34078809
0.34066297
0.34052796
0.34037977
0.34021721
0.3400395
0.33984557
0.33963414
0.33940439
0.33915632
0.33888881
0.33860172
0.33829364
0.33796316
0.33760802
0.33722583
0.33681373
0.33636847
0.33588639
0.33536324
0.33479454
0.33417502
0.33349883
0.33275944
0.33194945
0.33106054
0.33008347
0.32900755
0.327821
0.3265103
0.32506033
0.32345429
0.32167257
0.31968607
0.31745575
0.31495127
0.31215277
0.30903333
0.30555588
0.30167556
0.29734173
0.29250074
0.28709989
0.28108853
0.27440718
0.26698113
0.25868883
0.24948254
0.23931178
0.22819139
0.21628496
0.20358502
0.18995858
0.17527479
0.15947929
0.14255748
0.12446483
0.10505363
0.084254862
0.062203321
0.038947413
0.014488608
-0.01109988
-0.037734821
-0.065294493
-0.093621809
-0.12251734
-0.15173291
-0.18096784
-0.20986603
-0.23801429
-0.26494429
-0.29013791
-0.31303754
-0.33306383
-0.34964128
-0.3622331
-0.37038329
-0.3737627
-0.37221849
-0.36579664
-0.35479439
-0.33966529
-0.32124287
-0.300286
-0.27769569
-0.25418031
-0.23056242
-0.20746343
-0.18538154
-0.16466776
-0.14553614
-0.12809425
-0.11235879
-0.098285907
-0.085787362
-0.074750093
-0.065047607
-0.056549481
-0.049128553
-0.042662601
-0.037040817
-0.032158107
-0.027926111
-0.024256284
-0.021085167
-0.018333687
-0.0159683
-0.013903796
-0.012152865
-0.010589205
-0.0093203085
-0.0080874358
-0.0072513524
-0.006088079
-0.0059526786
-0.003900811
-0.0062506631
0.2952499
0.29513864
0.29501517
0.29488775
0.29474923
0.29459752
0.29443125
0.29424949
0.29405074
0.29383447
0.29359956
0.29334546
0.29307171
0.29277754
0.29246159
0.29212229
0.29175741
0.29136448
0.29094054
0.29048217
0.28998565
0.28944703
0.2888613
0.28822339
0.28752734
0.2867666
0.28593363
0.28502029
0.28401707
0.28291354
0.28169783
0.28035654
0.27887473
0.27723579
0.27542051
0.2734014
0.271141
0.26860776
0.26578131
0.26263643
0.25913824
0.2552442
0.25090657
0.2460755
0.24070318
0.23474514
0.2281518
0.22085054
0.21272273
0.20371858
0.19381671
0.18306111
0.17156823
0.15930032
0.14611689
0.13189936
0.11660268
0.10021113
0.082685303
0.063880716
0.043712366
0.022316335
-0.00024804812
-0.023983831
-0.048816946
-0.074664303
-0.10140478
-0.12888093
-0.15689253
-0.18518953
-0.21346859
-0.24136906
-0.26847187
-0.29430129
-0.31833027
-0.33999129
-0.35869507
-0.37385761
-0.38493692
-0.3914772
-0.39315751
-0.38984201
-0.38160431
-0.3687792
-0.35185663
-0.33171836
-0.30914018
-0.28508364
-0.26027189
-0.23552869
-0.21147697
-0.18860175
-0.16723905
-0.14758336
-0.12972298
-0.11365598
-0.099321908
-0.08661823
-0.075419983
-0.065590997
-0.056993199
-0.049493302
-0.04296453
-0.037292259
-0.032368946
-0.028103641
-0.024406941
-0.021213023
-0.018443646
-0.016061851
-0.013986112
-0.012222172
-0.010653796
-0.0093717477
-0.0081444121
-0.007286864
-0.0061530352
-0.0059705659
-0.0039861869
-0.0062923331
0.24770957
0.24759515
0.24747009
0.24733948
0.24719804
0.24704335
0.24687369
0.24668794
0.24648537
0.2462645
0.2460249
0.24576551
0.24548606
0.24518544
0.24486239
0.24451522
0.24414157
0.24373885
0.24330405
0.24283386
0.24232459
0.24177175
0.24117078
0.24051643
0.23980264
0.2390228
0.23816958
0.23723459
0.23620849
0.23508087
0.23383993
0.23247247
0.23096365
0.22929715
0.22745414
0.22540891
0.22312535
0.22057122
0.21772564
0.21456519
0.2110572
0.20716156
0.20283351
0.19802716
0.19270003
0.18681391
0.18032491
0.17316156
0.16522358
0.1564504
0.1468364
0.13645959
0.12539021
0.11356058
0.10082616
0.087083743
0.072296933
0.056447484
0.03950173
0.021318762
0.0017964438
-0.01892831
-0.040783888
-0.06377774
-0.087834942
-0.11287213
-0.13876852
-0.16536579
-0.19246237
-0.21980606
-0.24709011
-0.27394873
-0.29995648
-0.32462964
-0.34743165
-0.36778477
-0.38508964
-0.39875401
-0.40823141
-0.41306769
-0.41295224
-0.40776907
-0.39762308
-0.3828889
-0.36409841
-0.34217795
-0.31793745
-0.2923781
-0.26624959
-0.2403705
-0.21536425
-0.19169994
-0.16969658
-0.14952731
-0.13125984
-0.1148727
-0.10028825
-0.087389309
-0.076038895
-0.066091123
-0.057400306
-0.04982714
-0.043240382
-0.037521724
-0.032561251
-0.028265559
-0.024544398
-0.021329768
-0.018544152
-0.016147499
-0.014061595
-0.012285919
-0.010713332
-0.0094194827
-0.0081974099
-0.0073203442
-0.0062146754
-0.0059875089
-0.0040699169
-0.006331448
0.19852383
0.19840775
0.19828018
0.19814711
0.19800344
0.19784578
0.19767304
0.19748408
0.19727783
0.19705319
0.19680916
0.19654539
0.19626075
0.19595447
0.19562527
0.19527099
0.19488953
0.19447817
0.19403377
0.19355322
0.19303238
0.19246714
0.19185284
0.19118392
0.1904546
0.18965824
0.18878735
0.18783368
0.18678802
0.1856399
0.1843777
0.18298839
0.18145738
0.17976856
0.17790366
0.17583846
0.1735384
0.17097074
0.16811433
0.16494747
0.1614397
0.1575534
0.15324686
0.1484782
0.14320999
0.13741039
0.13104093
0.12402908
0.11630694
0.10779688
0.098486437
0.088492678
0.077848808
0.066459305
0.054176931
0.040914853
0.026644835
0.011345335
-0.0050112627
-0.022562088
-0.041426927
-0.061468687
-0.082602243
-0.10483915
-0.12810375
-0.15231187
-0.17734269
-0.20303656
-0.22919019
-0.25554861
-0.28180076
-0.30757535
-0.33243992
-0.35590204
-0.37741517
-0.39639088
-0.41221964
-0.42430121
-0.43208557
-0.43512183
-0.43311215
-0.42596351
-0.41381593
-0.39708653
-0.37635465
-0.35258345
-0.32664654
-0.29955222
-0.27209038
-0.24506865
-0.2191096
-0.19466363
-0.17203054
-0.15136042
-0.13269908
-0.11600461
-0.10118167
-0.088098177
-0.07660502
-0.066546628
-0.057769799
-0.050129321
-0.043489603
-0.037728801
-0.032734708
-0.028411624
-0.024668474
-0.021435264
-0.018635106
-0.016225159
-0.014130188
-0.012344048
-0.010767781
-0.009463459
-0.0082464071
-0.0073517337
-0.0062729477
-0.0060034704
-0.0041518403
-0.0063678982
0.14783194
0.14771361
0.14758421
0.1474492
0.14730313
0.14714335
0.14696752
0.14677598
0.14656651
0.1463385
0.14609085
0.14582287
0.14553396
0.1452229
0.14488797
0.14452762
0.14413927
0.14372032
0.14326766
0.14277779
0.14224702
0.14167099
0.14104492
0.14036348
0.13962079
0.1388101
0.13792424
0.1369548
0.13589262
0.13472748
0.13344783
0.13204088
0.13049228
0.1287862
0.12690497
0.12482576
0.12251551
0.11994128
0.11708193
0.11391732
0.11041923
0.10655256
0.10227882
0.097560031
0.092363687
0.086664372
0.080429839
0.073583297
0.066084965
0.057857181
0.048871413
0.039262898
0.029040995
0.018089672
0.0062610516
-0.0065176877
-0.020267698
-0.035013177
-0.050775698
-0.067688442
-0.085888447
-0.10523947
-0.12564184
-0.14711068
-0.1695698
-0.19293361
-0.21708089
-0.24185023
-0.26703599
-0.29237977
-0.31756558
-0.34221594
-0.36589064
-0.38808786
-0.40825044
-0.42577888
-0.44005337
-0.45046607
-0.45646444
-0.45760273
-0.45359855
-0.44438533
-0.43014232
-0.41133229
-0.38858742
-0.36290495
-0.33523453
-0.30657826
-0.27777043
-0.24960353
-0.22269717
-0.1974803
-0.17423125
-0.15307531
-0.13403509
-0.11704751
-0.10199904
-0.088742512
-0.077116642
-0.066956261
-0.058100748
-0.050399158
-0.043711684
-0.037913107
-0.032889037
-0.028541628
-0.024779015
-0.02152939
-0.018716416
-0.016294753
-0.014191839
-0.012396501
-0.010817119
-0.0095036202
-0.0082913939
-0.0073809763
-0.0063278075
-0.0060184106
-0.0042318327
-0.0064015917
0.095771722
0.09565228
0.095521183
0.095384263
0.095236501
0.095074002
0.094896731
0.094702393
0.094490193
0.094259375
0.094008605
0.093737372
0.093444712
0.093129165
0.09278981
0.092424105
0.092030038
0.091604418
0.09114464
0.090647031
0.090107726
0.089522484
0.088886545
0.08819456
0.08744059
0.086618109
0.085719774
0.084737398
0.083661918
0.082483162
0.08118989
0.079769416
0.078207713
0.076489336
0.074597156
0.072509608
0.070195227
0.067621162
0.064766313
0.061612235
0.058132832
0.054295667
0.050065526
0.04540843
0.04029661
0.034711292
0.028627369
0.021962282
0.014680726
0.0067310582
-0.0019110023
-0.011128349
-0.020932741
-0.031451762
-0.042827752
-0.055122554
-0.068352861
-0.082544005
-0.09771177
-0.11398492
-0.13151639
-0.15017282
-0.1698389
-0.19053234
-0.21217697
-0.23468492
-0.25793421
-0.28176113
-0.30595714
-0.33025947
-0.35434673
-0.37783452
-0.40027396
-0.42115316
-0.43990368
-0.45591447
-0.4685554
-0.47721154
-0.48132904
-0.48046941
-0.47436872
-0.4629907
-0.44655817
-0.42558334
-0.40075605
-0.3731112
-0.34366765
-0.31342745
-0.28326535
-0.25395521
-0.22611106
-0.20013751
-0.17628912
-0.15466469
-0.13526244
-0.11799737
-0.10273739
-0.089320135
-0.077572168
-0.067318846
-0.058392296
-0.05063602
-0.043906162
-0.038074303
-0.033023982
-0.028655381
-0.024875875
-0.021612035
-0.018788002
-0.016356218
-0.014246505
-0.012443226
-0.010861322
-0.0095399128
-0.0083323593
-0.0074080068
-0.0063792191
-0.0060322804
-0.0043097441
-0.006432446
0.042486835
0.042366193
0.042232865
0.04209521
0.041945515
0.041781758
0.041602125
0.041405697
0.041191532
0.040958073
0.040705034
0.040430682
0.040134779
0.039816031
0.039472567
0.039102481
0.038703267
0.038272349
0.037806437
0.037302194
0.03675576
0.036162799
0.035518584
0.034817836
0.034054563
0.033222415
0.032314004
0.031321307
0.03023539
0.029046162
0.027742651
0.0263124
0.024741725
0.023015548
0.021117256
0.019026588
0.016713575
0.01414564
0.011302046
0.0081658964
0.0047132069
0.00091416291
-0.0032630608
-0.0078483102
-0.012864792
-0.018325522
-0.024249159
-0.030721442
-0.037784139
-0.045459299
-0.053751483
-0.062576528
-0.071969319
-0.082064504
-0.092993584
-0.10480807
-0.11752258
-0.13116274
-0.14573942
-0.16137555
-0.17823773
-0.19619927
-0.21512827
-0.23504271
-0.25586749
-0.27751158
-0.29985175
-0.3227215
-0.34590857
-0.36914526
-0.39210392
-0.41439241
-0.43555237
-0.45506095
-0.47233775
-0.48675977
-0.49768652
-0.5044966
-0.50663625
-0.50367668
-0.49537576
-0.48173181
-0.4630158
-0.43979361
-0.4128171
-0.38316322
-0.35191084
-0.32007004
-0.28855017
-0.2581036
-0.22933533
-0.20262295
-0.17819481
-0.15612159
-0.13637594
-0.11885037
-0.10339393
-0.089829014
-0.07797013
-0.067633321
-0.058643671
-0.050839346
-0.044072627
-0.038212086
-0.033139327
-0.028752715
-0.024958937
-0.021683107
-0.018849798
-0.016409489
-0.014294147
-0.012484179
-0.010900375
-0.0095722855
-0.0083692998
-0.0074327642
-0.0064271538
-0.0060450317
-0.0043854646
-0.0064603934
-0.011887793
-0.012009435
-0.012143074
-0.012283012
-0.012433646
-0.012599013
-0.012780107
-0.012978261
-0.013194163
-0.013429564
-0.013685117
-0.013961438
-0.014259819
-0.014581782
-0.014928374
-0.015302151
-0.01570554
-0.016140958
-0.0166119
-0.017121559
-0.01767393
-0.01827321
-0.018924103
-0.019632063
-0.020402638
-0.021242447
-0.022158724
-0.023159246
-0.024253062
-0.025449733
-0.026760362
-0.028196891
-0.029772748
-0.031502684
-0.033402636
-0.035491769
-0.037798589
-0.04035505
-0.043181499
-0.046293333
-0.049712488
-0.05346613
-0.05758274
-0.062087976
-0.067000598
-0.072329379
-0.078089087
-0.084362806
-0.091198623
-0.098596844
-0.10653982
-0.11497793
-0.12396907
-0.13365138
-0.14414222
-0.15548368
-0.16768972
-0.18078559
-0.19477919
-0.20978508
-0.2259799
-0.24324891
-0.2614444
-0.28057998
-0.3005829
-0.32135847
-0.3427815
-0.36468217
-0.38684369
-0.40899278
-0.4307947
-0.45184857
-0.47168567
-0.48977128
-0.50551233
-0.5182734
-0.52740371
-0.53227615
-0.53233872
-0.52717503
-0.51656856
-0.50055684
-0.47946391
-0.45391387
-0.42472461
-0.39301872
-0.35992775
-0.32647548
-0.29359966
-0.26202851
-0.23235422
-0.20492456
-0.17993923
-0.15743926
-0.13737065
-0.11960295
-0.10396609
-0.0902673
-0.078309186
-0.067898722
-0.058854185
-0.051008639
-0.04421072
-0.038326198
-0.033234881
-0.028833492
-0.025028096
-0.021742524
-0.018901746
-0.016454521
-0.014334734
-0.012519318
-0.010934262
-0.0096006902
-0.0084022119
-0.0074551817
-0.0064715868
-0.0060566065
-0.0044588576
-0.0064853751
-0.0672215
-0.067344468
-0.067479451
-0.067619683
-0.067771587
-0.067938115
-0.068120565
-0.068319988
-0.068537628
-0.068774244
-0.069031535
-0.069309808
-0.069610482
-0.06993429
-0.070283903
-0.070660538
-0.071067136
-0.071506414
-0.071981291
-0.07249536
-0.073052452
-0.073656727
-0.074313088
-0.075026415
-0.075802774
-0.076648447
-0.077570438
-0.07857678
-0.079675878
-0.080877642
-0.082192461
-0.083632247
-0.085210099
-0.086940174
-0.088838015
-0.090921677
-0.093218074
-0.095758535
-0.098562981
-0.10164534
-0.10502541
-0.10872791
-0.11277804
-0.11719716
-0.12199935
-0.12719072
-0.13278529
-0.13885305
-0.14545297
-0.15257515
-0.16017458
-0.16823498
-0.17683728
-0.18612037
-0.19618454
-0.20706299
-0.21877027
-0.23133092
-0.24475277
-0.2591407
-0.27467377
-0.29125381
-0.30872273
-0.32708294
-0.34626496
-0.36617023
-0.38667088
-0.40759302
-0.42871473
-0.44975628
-0.47037486
-0.49015992
-0.50863129
-0.52524148
-0.53938394
-0.55041047
-0.55766011
-0.56050095
-0.55838472
-0.55091055
-0.53789165
-0.51940986
-0.49584753
-0.46789176
-0.43643021
-0.40263398
-0.36768092
-0.33261257
-0.29838833
-0.26570984
-0.2351522
-0.20703062
-0.18151371
-0.15861133
-0.13824199
-0.12025177
-0.10445151
-0.090633317
-0.078588158
-0.068114214
-0.05902324
-0.051143479
-0.044320139
-0.038416421
-0.033310486
-0.028897598
-0.025083271
-0.021790226
-0.018943801
-0.016491271
-0.014368243
-0.012548609
-0.010962975
-0.0096250819
-0.0084310997
-0.0074751967
-0.0065125012
-0.0060669511
-0.0045298255
-0.0065073416
-0.12339526
-0.12351918
-0.12365453
-0.12379581
-0.12394855
-0.12411602
-0.12429949
-0.12449996
-0.12471863
-0.12495689
-0.1252152
-0.12549503
-0.12579717
-0.12612316
-0.12647458
-0.12685374
-0.12726291
-0.12770512
-0.12818327
-0.12870075
-0.12926162
-0.12986991
-0.13053024
-0.13124789
-0.13202847
-0.13287842
-0.13380456
-0.13481459
-0.13591727
-0.13712169
-0.13843847
-0.13987901
-0.14145606
-0.14318342
-0.14507606
-0.14715114
-0.14943406
-0.15195508
-0.15473382
-0.15778286
-0.16111995
-0.16476738
-0.16874736
-0.17307701
-0.17776573
-0.18281757
-0.18824781
-0.19409727
-0.20044384
-0.20729254
-0.21456251
-0.22226056
-0.23048922
-0.23938777
-0.2490383
-0.25946568
-0.270686
-0.28272327
-0.29558595
-0.30937035
-0.32425214
-0.34015003
-0.35690075
-0.37449165
-0.39285629
-0.41189191
-0.43146725
-0.45140371
-0.47147333
-0.49138901
-0.51079886
-0.52928154
-0.54634442
-0.56142619
-0.57390604
-0.58312259
-0.58840495
-0.58911754
-0.58471811
-0.57482477
-0.55928514
-0.53823086
-0.51210811
-0.48167196
-0.44788321
-0.4119636
-0.37513202
-0.33844971
-0.30289072
-0.26912779
-0.23771415
-0.20892989
-0.18290997
-0.15963188
-0.13898568
-0.12079386
-0.10484806
-0.090925579
-0.078806004
-0.068279075
-0.059150334
-0.051243509
-0.044400644
-0.03848258
-0.033366022
-0.028944944
-0.0251244
-0.021826162
-0.018975932
-0.01651971
-0.014394656
-0.012572024
-0.010986507
-0.0096454186
-0.0084559648
-0.0074927429
-0.0065498827
-0.0060760037
-0.0045982432
-0.0065262514
-0.1802975
-0.18042145
-0.18055766
-0.18069962
-0.18085289
-0.1810213
-0.18120545
-0.18140662
-0.18162633
-0.18186527
-0.18212484
-0.18240572
-0.18270903
-0.18303638
-0.18338938
-0.18377039
-0.18418164
-0.18462599
-0.18510662
-0.18562683
-0.18619043
-0.18680157
-0.18746496
-0.18818564
-0.18896918
-0.18982187
-0.19075059
-0.19176286
-0.19286703
-0.19407235
-0.19538893
-0.19682799
-0.19840181
-0.20012389
-0.20200854
-0.20407235
-0.20633934
-0.20883829
-0.21158814
-0.2146004
-0.21789091
-0.22147967
-0.22538593
-0.22962289
-0.23419459
-0.23910212
-0.24436804
-0.25001254
-0.25610707
-0.26267532
-0.26962726
-0.2769802
-0.28485076
-0.29337779
-0.3026275
-0.31261711
-0.32336421
-0.33489228
-0.34721015
-0.36040586
-0.37464926
-0.38987567
-0.40591809
-0.42274793
-0.44030086
-0.45846965
-0.47711877
-0.49606415
-0.5150709
-0.53384353
-0.55202
-0.56916701
-0.58477825
-0.59827755
-0.60902907
-0.61635783
-0.61958345
-0.61806809
-0.61127811
-0.59885458
-0.58068463
-0.55695566
-0.52818348
-0.49519621
-0.45903084
-0.42096093
-0.38224202
-0.34395509
-0.30708162
-0.2722629
-0.2400255
-0.2106116
-0.18412028
-0.16049535
-0.13959787
-0.12122649
-0.10515389
-0.091142809
-0.078961864
-0.068392712
-0.059235064
-0.05130846
-0.044452039
-0.038524551
-0.033401403
-0.028975471
-0.025151441
-0.021850304
-0.018998117
-0.016539815
-0.014413963
-0.012589539
-0.011004857
-0.0096616634
-0.0084768167
-0.0075077613
-0.0065837234
-0.0060837081
-0.004664026
-0.0065420764
-0.23782341
-0.23794728
-0.23808415
-0.23822675
-0.23838057
-0.23854917
-0.23873412
-0.23893605
-0.23915626
-0.23939593
-0.23965634
-0.2399377
-0.24024221
-0.24057052
-0.24092481
-0.24130693
-0.2417199
-0.24216603
-0.24264828
-0.24317056
-0.24373612
-0.24434944
-0.24501489
-0.24573754
-0.24652304
-0.24737735
-0.24830729
-0.24932036
-0.25042457
-0.25162914
-0.25294374
-0.25437941
-0.25594807
-0.25766262
-0.25953708
-0.26158723
-0.26383604
-0.26631077
-0.26902919
-0.27200179
-0.27524266
-0.27876948
-0.28259878
-0.28673997
-0.29119166
-0.29595069
-0.30104812
-0.30650589
-0.31236964
-0.31865718
-0.32529758
-0.33232134
-0.33985079
-0.34801929
-0.35688114
-0.36644784
-0.37673715
-0.38777187
-0.39956068
-0.41218325
-0.42580318
-0.44037147
-0.45571726
-0.47179605
-0.48854476
-0.50585122
-0.52357473
-0.54152497
-0.55945913
-0.57707222
-0.59399087
-0.60976854
-0.62388406
-0.63574523
-0.64470035
-0.65006062
-0.65113673
-0.64729027
-0.63799924
-0.62293208
-0.60202112
-0.57551593
-0.54400803
-0.50840356
-0.46981838
-0.4295783
-0.3889715
-0.34909697
-0.31093619
-0.27509639
-0.24207229
-0.2120657
-0.18513746
-0.16119676
-0.14007509
-0.12154735
-0.10536743
-0.091283962
-0.079055025
-0.068454661
-0.05927713
-0.05133813
-0.044474204
-0.038542251
-0.033416576
-0.028989143
-0.025164374
-0.021862631
-0.019010349
-0.016551577
-0.014426161
-0.012601138
-0.011018026
-0.0096737817
-0.0084936632
-0.0075201881
-0.0066140169
-0.0060899989
-0.0047270593
-0.0065547872
-0.29588402
-0.29600886
-0.29614633
-0.2962884
-0.29644297
-0.29661243
-0.2967973
-0.2969997
-0.29722063
-0.29746079
-0.29772131
-0.29800385
-0.29830851
-0.29863773
-0.29899279
-0.29937614
-0.29979002
-0.30023726
-0.300721
-0.30124454
-0.30181158
-0.30242624
-0.30309306
-0.30381688
-0.30460333
-0.30545827
-0.30638845
-0.30740112
-0.30850427
-0.30970663
-0.31101798
-0.31244879
-0.31401067
-0.31571618
-0.31757866
-0.31961337
-0.32184231
-0.32429124
-0.32697658
-0.32990773
-0.33309719
-0.33656045
-0.34031117
-0.34435555
-0.3486874
-0.35329974
-0.35823081
-0.36350572
-0.369147
-0.37516194
-0.38150211
-0.38821359
-0.39542087
-0.40324656
-0.41173517
-0.42089489
-0.430743
-0.44130128
-0.45257773
-0.46464372
-0.47765692
-0.49158212
-0.50624425
-0.5215834
-0.53753665
-0.55398641
-0.57078597
-0.58773781
-0.60459013
-0.62102733
-0.63666338
-0.65103716
-0.66361128
-0.67377639
-0.6808641
-0.68417166
-0.68300163
-0.67671705
-0.66481104
-0.64698447
-0.62322099
-0.59383925
-0.55951272
-0.52123052
-0.48018948
-0.43776734
-0.39528089
-0.35384395
-0.31443021
-0.27761017
-0.24384142
-0.21328286
-0.18595506
-0.1617317
-0.14041441
-0.12175444
-0.10548738
-0.09134821
-0.07908498
-0.068464604
-0.059276335
-0.051332413
-0.044467073
-0.038535644
-0.033411524
-0.028985956
-0.025163199
-0.021863149
-0.019012629
-0.016554991
-0.014431255
-0.012606811
-0.01102602
-0.0096817449
-0.0085065156
-0.0075299672
-0.0066407636
-0.0060948211
-0.0047872713
-0.0065643705
-0.35440327
-0.35452842
-0.35466535
-0.35480871
-0.3549635
-0.35513247
-0.35531849
-0.35552116
-0.35574204
-0.35598271
-0.35624396
-0.35652633
-0.35683188
-0.35716145
-0.35751723
-0.35790121
-0.35831586
-0.35876404
-0.35924868
-0.35977311
-0.36034116
-0.36095668
-0.36162417
-0.36234862
-0.36313531
-0.36399025
-0.36491982
-0.36593126
-0.36703236
-0.36823169
-0.36953868
-0.37096358
-0.37251759
-0.37421282
-0.37606217
-0.37808025
-0.38028824
-0.38271041
-0.38536169
-0.38825047
-0.39138781
-0.39478684
-0.39845853
-0.40240608
-0.40661987
-0.41108953
-0.41585704
-0.4209515
-0.42637732
-0.43212985
-0.43818333
-0.44459918
-0.45150227
-0.45900166
-0.46713272
-0.47590206
-0.48532627
-0.49542577
-0.50620727
-0.51773417
-0.53015863
-0.54345675
-0.55744894
-0.57206074
-0.58722806
-0.60282745
-0.61870523
-0.63465567
-0.6504169
-0.66566137
-0.67998905
-0.69292277
-0.70390754
-0.71231565
-0.71746127
-0.71862772
-0.71511048
-0.70627649
-0.69163803
-0.67093391
-0.64420596
-0.61184913
-0.57462534
-0.53361134
-0.49008649
-0.44547925
-0.40113081
-0.35816526
-0.31754044
-0.27978725
-0.2453207
-0.21425464
-0.18656732
-0.16209636
-0.14061331
-0.12184621
-0.10551277
-0.091334958
-0.079051376
-0.068422349
-0.059232588
-0.051291264
-0.044430644
-0.038504747
-0.033386269
-0.028965928
-0.025147938
-0.02185187
-0.019004978
-0.016550068
-0.014429253
-0.012606554
-0.011028847
-0.0096855274
-0.0085153847
-0.0075370398
-0.0066639628
-0.0060981087
-0.0048445581
-0.0065708116
-0.41331587
-0.41344108
-0.41357883
-0.41372181
-0.4138768
-0.41404674
-0.41423227
-0.41443533
-0.41465671
-0.41489773
-0.41515885
-0.41544172
-0.41574761
-0.41607757
-0.41643361
-0.41681824
-0.41723343
-0.41768211
-0.41816742
-0.41869244
-0.41926098
-0.41987696
-0.42054476
-0.42126931
-0.42205578
-0.42290997
-0.42383845
-0.42484803
-0.42594641
-0.42714203
-0.42844393
-0.42986214
-0.43140752
-0.43309174
-0.43492721
-0.43692796
-0.43911441
-0.44150937
-0.44412627
-0.44697243
-0.45005756
-0.45339259
-0.45698558
-0.4608369
-0.46493482
-0.46926727
-0.47387465
-0.4787912
-0.48400923
-0.48951025
-0.49529107
-0.50142803
-0.50804462
-0.51523432
-0.52302418
-0.53142037
-0.54043849
-0.55009725
-0.56040155
-0.57140737
-0.58326162
-0.59594906
-0.60928542
-0.62318254
-0.63757379
-0.65232927
-0.66728738
-0.68223312
-0.69689332
-0.71092711
-0.72391895
-0.73537414
-0.74471856
-0.75130495
-0.75442939
-0.75336144
-0.74739091
-0.73589157
-0.71839941
-0.69469745
-0.66489302
-0.62946514
-0.58927064
-0.54547832
-0.49945085
-0.4526652
-0.40648244
-0.36203103
-0.32024475
-0.28161167
-0.2464991
-0.21497356
-0.18696933
-0.16228757
-0.14066987
-0.12182149
-0.10544295
-0.09124386
-0.078954064
-0.068327859
-0.059145906
-0.051214733
-0.044364974
-0.038449612
-0.033340869
-0.028929113
-0.025118632
-0.021828832
-0.01898742
-0.016536824
-0.014420176
-0.012600367
-0.01102652
-0.0096851094
-0.0085202895
-0.0075413563
-0.0066836199
-0.0060998079
-0.0048988593
-0.0065741078
-0.47256883
-0.47269405
-0.47283219
-0.47297535
-0.47313041
-0.47330047
-0.47348654
-0.47368977
-0.47391147
-0.47415231
-0.47441389
-0.47469718
-0.47500299
-0.47533329
-0.47568986
-0.47607465
-0.47649038
-0.47693957
-0.47742513
-0.47795058
-0.4785194
-0.4791356
-0.4798035
-0.48052775
-0.48131368
-0.48216696
-0.48309387
-0.48410121
-0.48519658
-0.486388
-0.48768447
-0.48909564
-0.49063204
-0.49230494
-0.49412627
-0.49610952
-0.49827391
-0.50064135
-0.50322408
-0.50602813
-0.50906177
-0.51233384
-0.51584941
-0.51960585
-0.52359051
-0.52779191
-0.5322405
-0.53697897
-0.54199775
-0.54726049
-0.55278378
-0.55865864
-0.56500639
-0.57190329
-0.5793685
-0.58740875
-0.59603849
-0.60527439
-0.61511903
-0.62562172
-0.6369243
-0.64901757
-0.6617122
-0.67490711
-0.68853188
-0.70244955
-0.71648952
-0.73042635
-0.74397429
-0.75677766
-0.76840381
-0.77833885
-0.78598803
-0.79068334
-0.79170226
-0.788301
-0.77976551
-0.76547983
-0.7450089
-0.71818684
-0.68519453
-0.64660306
-0.60337069
-0.55676218
-0.50822343
-0.45927676
-0.41129785
-0.36541269
-0.32252232
-0.28306889
-0.24736671
-0.21543314
-0.18715699
-0.16230287
-0.14058266
-0.12167954
-0.10527757
-0.091074829
-0.078793073
-0.068181225
-0.059016411
-0.051102951
-0.044270181
-0.038370354
-0.033275414
-0.028875581
-0.025075345
-0.02179408
-0.018959998
-0.016515288
-0.014404046
-0.012588261
-0.011019056
-0.0096804737
-0.0085212422
-0.0075428633
-0.0066997405
-0.0060998544
-0.0049500817
-0.0065742535
-0.53212126
-0.53224671
-0.53238467
-0.53252861
-0.5326837
-0.53285382
-0.53304021
-0.53324374
-0.53346542
-0.53370672
-0.5339685
-0.53425181
-0.53455801
-0.53488859
-0.53524545
-0.53563058
-0.53604652
-0.53649614
-0.53698204
-0.53750782
-0.53807681
-0.53869313
-0.53936087
-0.54008486
-0.54087002
-0.54172217
-0.54264741
-0.54365242
-0.54474448
-0.54593169
-0.54722258
-0.54862666
-0.550154
-0.55181562
-0.55362294
-0.55558908
-0.55773212
-0.5600724
-0.56262153
-0.56538436
-0.5683678
-0.57157877
-0.57501933
-0.57868348
-0.58255801
-0.58663463
-0.59092483
-0.59548099
-0.60030713
-0.60534794
-0.61063145
-0.61626096
-0.62235608
-0.62897607
-0.63613258
-0.6438334
-0.65209172
-0.66092201
-0.67032406
-0.68034108
-0.69111025
-0.70262548
-0.71469188
-0.7271965
-0.74006375
-0.75314881
-0.76627102
-0.77919327
-0.79161574
-0.8031664
-0.81339378
-0.82176306
-0.82765732
-0.8303867
-0.8292096
-0.82336975
-0.81215147
-0.7949531
-0.77137452
-0.74130855
-0.70501822
-0.66317507
-0.61684517
-0.56739244
-0.51634506
-0.4652663
-0.41554045
-0.36828319
-0.32435404
-0.2841459
-0.24791503
-0.21562807
-0.1871272
-0.16214055
-0.14035086
-0.12142005
-0.10501663
-0.090828012
-0.078568634
-0.067982691
-0.058844338
-0.050956127
-0.04414645
-0.038267121
-0.033190031
-0.028805441
-0.025018162
-0.021747682
-0.018922764
-0.016485495
-0.014380896
-0.012570249
-0.011006472
-0.0096716103
-0.0085182641
-0.0075415178
-0.0067123365
-0.0060981975
-0.0049981759
-0.0065712578
-0.59193904
-0.59206489
-0.59220304
-0.59234673
-0.59250245
-0.59267277
-0.59285936
-0.59306303
-0.59328505
-0.59352657
-0.59378845
-0.59407215
-0.59437847
-0.59470937
-0.59506633
-0.59545184
-0.59586825
-0.59631796
-0.59680421
-0.59733011
-0.59789928
-0.59851561
-0.5991832
-0.59990661
-0.60069102
-0.60154194
-0.60246535
-0.60346788
-0.60455663
-0.60573946
-0.60702477
-0.60842167
-0.60994006
-0.61159041
-0.6133839
-0.61533326
-0.61745574
-0.61976995
-0.62228611
-0.62500837
-0.62794248
-0.63109365
-0.63446102
-0.63803442
-0.6417993
-0.64575555
-0.64990453
-0.65428848
-0.65892265
-0.66375371
-0.66881482
-0.67421469
-0.68007004
-0.68642658
-0.6932893
-0.70066629
-0.70856932
-0.7170105
-0.72598636
-0.73553456
-0.74578799
-0.75674058
-0.76819138
-0.78001668
-0.79213419
-0.80439045
-0.81659356
-0.82849334
-0.83977447
-0.8500468
-0.85883824
-0.86559127
-0.86966518
-0.87034721
-0.86687663
-0.85848579
-0.84446021
-0.82421724
-0.79739839
-0.76396361
-0.7242673
-0.67909004
-0.62961174
-0.57729798
-0.52375699
-0.47058744
-0.41917537
-0.37061743
-0.32572268
-0.28483135
-0.24813711
-0.21555428
-0.18687778
-0.16179965
-0.13997419
-0.12104315
-0.10466047
-0.090503817
-0.078281156
-0.067732644
-0.058630026
-0.050774545
-0.043994026
-0.038140117
-0.033084882
-0.028718819
-0.024947185
-0.021689717
-0.018875783
-0.016447495
-0.014350765
-0.012546351
-0.010988794
-0.0096585105
-0.008511371
-0.007537274
-0.006721417
-0.0060947739
-0.0050430593
-0.0065651264
-0.65199478
-0.65212068
-0.65225901
-0.65240327
-0.65255884
-0.65272975
-0.65291662
-0.65312029
-0.6533429
-0.65358446
-0.65384692
-0.65413066
-0.65443735
-0.65476846
-0.65512594
-0.65551177
-0.65592841
-0.65637855
-0.65686507
-0.65739128
-0.6579607
-0.65857703
-0.65924443
-0.65996749
-0.66075113
-0.66160085
-0.66252258
-0.66352271
-0.66460829
-0.66578688
-0.66706669
-0.66845668
-0.66996633
-0.67160574
-0.67338572
-0.67531887
-0.67742149
-0.67971034
-0.68219437
-0.68487696
-0.68776274
-0.69085527
-0.69415114
-0.69763594
-0.70129273
-0.70513005
-0.70915268
-0.71338296
-0.71783107
-0.72246089
-0.7273148
-0.73250101
-0.73812841
-0.74423348
-0.75081663
-0.75788479
-0.765448
-0.77351586
-0.78208099
-0.79117627
-0.80093083
-0.81133514
-0.82218177
-0.83333727
-0.84471121
-0.85614056
-0.8674209
-0.87828755
-0.88840801
-0.89737221
-0.90468555
-0.90976588
-0.91194723
-0.91049302
-0.90462358
-0.89356149
-0.87659691
-0.85317171
-0.82297653
-0.78604768
-0.74284069
-0.69425387
-0.6415866
-0.58640753
-0.53040147
-0.47519561
-0.42216992
-0.37239256
-0.32661314
-0.28511585
-0.24802743
-0.21520894
-0.18640756
-0.16127995
-0.13945301
-0.12054943
-0.10420975
-0.090102891
-0.077931233
-0.067431604
-0.05837392
-0.050558582
-0.043813207
-0.037989583
-0.032960168
-0.028615875
-0.024862542
-0.021620284
-0.018819131
-0.016401341
-0.014313697
-0.012516594
-0.010966047
-0.0096411733
-0.008500588
-0.007530094
-0.0067269971
-0.0060895385
-0.0050846936
-0.0065558761
-0.71227404
-0.71240029
-0.71253906
-0.7126833
-0.71283964
-0.71301048
-0.7131975
-0.71340226
-0.71362453
-0.71386694
-0.71412943
-0.71441369
-0.71472073
-0.7150523
-0.71541016
-0.71579652
-0.71621347
-0.7166641
-0.71715115
-0.71767764
-0.71824732
-0.71886382
-0.71953125
-0.72025397
-0.72103711
-0.72188581
-0.72280598
-0.72380398
-0.7248866
-0.72606128
-0.72733601
-0.72871947
-0.73022081
-0.73184988
-0.73361705
-0.73553482
-0.73761865
-0.73988338
-0.74233664
-0.74498108
-0.74782027
-0.75085604
-0.75408295
-0.75748324
-0.76103722
-0.76476013
-0.76866021
-0.77274401
-0.77701525
-0.7814546
-0.78611492
-0.79110269
-0.79651549
-0.80238156
-0.80869854
-0.815472
-0.82270999
-0.83041936
-0.83858807
-0.84724523
-0.85651668
-0.86638583
-0.87663799
-0.8871314
-0.89776585
-0.90836769
-0.91871866
-0.92853798
-0.93747424
-0.94509548
-0.95088251
-0.95422671
-0.95443538
-0.95074748
-0.94236498
-0.92850286
-0.90846008
-0.8817093
-0.84799875
-0.80745106
-0.76063321
-0.70856992
-0.65268499
-0.59465035
-0.5362224
-0.4790485
-0.42449399
-0.37358831
-0.32701269
-0.28499203
-0.24758227
-0.21459057
-0.1857164
-0.16058206
-0.13878825
-0.11993992
-0.10366547
-0.08962615
-0.077519651
-0.067080232
-0.058076565
-0.050308682
-0.043604359
-0.037815812
-0.032816116
-0.028496789
-0.024764371
-0.021539493
-0.018752896
-0.016347099
-0.014269746
-0.01248101
-0.010938261
-0.0096195994
-0.0084859333
-0.0075199405
-0.0067290906
-0.0060824311
-0.0051230061
-0.0065435193
-0.77276956
-0.77289638
-0.77303503
-0.77318019
-0.77333641
-0.7735079
-0.7736956
-0.77390035
-0.77412358
-0.77436613
-0.77462928
-0.77491394
-0.77522166
-0.77555381
-0.77591221
-0.77629902
-0.77671687
-0.77716807
-0.77765553
-0.77818277
-0.77875293
-0.77936984
-0.78003747
-0.78076028
-0.78154302
-0.78239107
-0.7833101
-0.78430632
-0.78538645
-0.78655765
-0.78782785
-0.78920536
-0.79069914
-0.79231858
-0.79407385
-0.79597734
-0.79804362
-0.80028559
-0.80270961
-0.80531765
-0.80811208
-0.81109312
-0.81425337
-0.81757279
-0.82102944
-0.82464213
-0.82842329
-0.83236747
-0.83647061
-0.84073024
-0.8452093
-0.8500117
-0.85522212
-0.86086098
-0.86692436
-0.87341635
-0.88034283
-0.88770737
-0.89549264
-0.90372508
-0.91252782
-0.92187329
-0.93153874
-0.94137552
-0.95127195
-0.96104266
-0.97045407
-0.97920763
-0.98693103
-0.99316838
-0.99737379
-0.99891032
-0.99705717
-0.99102855
-0.98000908
-0.96320904
-0.93994106
-0.90971579
-0.87234849
-0.82805883
-0.77753599
-0.72193961
-0.66282194
-0.6019569
-0.54116595
-0.48210683
-0.42612056
-0.37418731
-0.32691119
-0.28445465
-0.2467996
-0.21369907
-0.18480525
-0.15970739
-0.13798143
-0.1192161
-0.10302895
-0.089074735
-0.077047381
-0.06667933
-0.057738611
-0.050025369
-0.043367895
-0.037619134
-0.03265299
-0.028361769
-0.024652842
-0.021447471
-0.018677177
-0.016284843
-0.014218968
-0.012439637
-0.010905472
-0.0095937963
-0.0084674344
-0.007506785
-0.0067277172
-0.0060734089
-0.0051579693
-0.006528079
-0.83348309
-0.83360984
-0.83374929
-0.83389451
-0.83405175
-0.83422357
-0.83441183
-0.8346169
-0.83484091
-0.83508411
-0.83534783
-0.83563324
-0.83594162
-0.8362744
-0.83663365
-0.83702128
-0.83743983
-0.83789178
-0.83838022
-0.83890808
-0.83947904
-0.84009655
-0.84076475
-0.84148776
-0.84227056
-0.84311824
-0.84403654
-0.84503135
-0.84610943
-0.84727774
-0.84854395
-0.84991619
-0.85140314
-0.85301383
-0.85475813
-0.85664844
-0.85869855
-0.86091922
-0.8633155
-0.86588895
-0.86864077
-0.87156918
-0.8746648
-0.87790637
-0.8812712
-0.884777
-0.88844173
-0.89225297
-0.89619662
-0.90028647
-0.90459558
-0.90922474
-0.9142442
-0.91966703
-0.92548867
-0.93171162
-0.93833913
-0.94537111
-0.95278436
-0.96060389
-0.96895067
-0.9777818
-0.98686596
-0.99604888
-1.0052058
-1.0141382
-1.0225956
-1.0302598
-1.0367356
-1.041541
-1.0441013
-1.0437492
-1.0397349
-1.0312478
-1.017457
-0.99757152
-0.97092349
-0.93706974
-0.89590276
-0.84775101
-0.7934369
-0.73426301
-0.67191293
-0.60825962
-0.54518126
-0.4843347
-0.42702606
-0.37417542
-0.32630129
-0.28350076
-0.24567921
-0.21253572
-0.18367611
-0.1586581
-0.13703467
-0.11837988
-0.10230184
-0.088450028
-0.076515557
-0.06622981
-0.057360804
-0.049709234
-0.043104295
-0.037399925
-0.032471087
-0.028211044
-0.024528133
-0.021344355
-0.018592085
-0.016214656
-0.014161429
-0.012392519
-0.010867714
-0.0095637736
-0.0084451134
-0.0074905951
-0.0067228926
-0.0060624175
-0.0051895192
-0.0065095757
-0.89441914
-0.89454636
-0.8946866
-0.89483251
-0.89498973
-0.89516259
-0.89535126
-0.89555751
-0.89578199
-0.89602597
-0.89629059
-0.89657684
-0.89688616
-0.8972199
-0.89758004
-0.89796882
-0.89838836
-0.89884146
-0.89933086
-0.89985999
-0.9004319
-0.90105057
-0.90171957
-0.90244336
-0.9032266
-0.90407451
-0.90499246
-0.90598661
-0.90706327
-0.90822937
-0.90949239
-0.91086027
-0.91234131
-0.91394431
-0.91567881
-0.91755735
-0.91959282
-0.92179371
-0.92416401
-0.92670497
-0.92941655
-0.93229473
-0.93532783
-0.93849454
-0.94177317
-0.94517219
-0.94871838
-0.95240266
-0.95619686
-0.96012733
-0.96427724
-0.96874452
-0.97358371
-0.97880083
-0.98439159
-0.99035666
-0.99669621
-1.0034061
-1.0104569
-1.0178737
-1.0257751
-1.034099
-1.0426046
-1.0511334
-1.0595457
-1.0676283
-1.0751123
-1.0816577
-1.0868441
-1.0901612
-1.091003
-1.0886708
-1.0823845
-1.0713097
-1.0546019
-1.0314736
-1.0012829
-0.9636421
-0.91853227
-0.866403
-0.80822113
-0.74543965
-0.67987482
-0.61349382
-0.54822121
-0.48570029
-0.42719087
-0.373542
-0.32517857
-0.28212988
-0.24422281
-0.21110325
-0.18233198
-0.15743719
-0.13595065
-0.11743356
-0.1014861
-0.087753637
-0.075925482
-0.065732738
-0.056943979
-0.049360946
-0.042814078
-0.037158596
-0.032270729
-0.028044873
-0.024390442
-0.021230306
-0.018497737
-0.016136628
-0.014097201
-0.012339704
-0.01082503
-0.0095295472
-0.0084190004
-0.0074713501
-0.0067146418
-0.00604942
-0.0052176382
-0.0064880405
-0.95559228
-0.95572001
-0.9558612
-0.95600713
-0.95616568
-0.95633899
-0.9565286
-0.9567357
-0.95696095
-0.95720607
-0.95747157
-0.95775898
-0.95806923
-0.9584043
-0.95876565
-0.9591555
-0.95957645
-0.96003082
-0.96052172
-0.96105202
-0.96162556
-0.96224549
-0.96291572
-0.96364064
-0.96442484
-0.96527332
-0.96619157
-0.96718554
-0.96826138
-0.96942597
-0.97068658
-0.97205086
-0.97352696
-0.97512326
-0.97684912
-0.9787172
-0.98073933
-0.98292186
-0.98526778
-0.98777807
-0.99045161
-0.99328191
-0.9962543
-0.99934768
-1.0025448
-1.0058411
-1.0092676
-1.0128272
-1.0164822
-1.0202648
-1.0242655
-1.02858
-1.0332479
-1.0382684
-1.0436376
-1.0493542
-1.055415
-1.0618115
-1.0685076
-1.0755295
-1.0829941
-1.0908153
-1.0987421
-1.1066132
-1.1142717
-1.1214882
-1.1279733
-1.1333633
-1.1372104
-1.138973
-1.1380124
-1.1335963
-1.1249147
-1.1111102
-1.0913282
-1.0647895
-1.0308863
-0.98929624
-0.94010154
-0.88388594
-0.82177196
-0.75536939
-0.6866268
-0.61759847
-0.55024317
-0.48617642
-0.42659966
-0.37228013
-0.32354175
-0.28034383
-0.24243393
-0.20940574
-0.18077699
-0.15604836
-0.13473263
-0.11637989
-0.10058397
-0.086987392
-0.075278623
-0.06518927
-0.056489064
-0.048981233
-0.042497819
-0.0368956
-0.032052272
-0.027863527
-0.024239986
-0.021105485
-0.018394268
-0.01605086
-0.014026359
-0.012281247
-0.010777463
-0.009491135
-0.0083891197
-0.0074490269
-0.0067029824
-0.0060343641
-0.0052422724
-0.0064634976
-1.0170129
-1.0171422
-1.0172832
-1.0174305
-1.0175896
-1.0177638
-1.0179545
-1.0181624
-1.018389
-1.018635
-1.018902
-1.0191904
-1.0195023
-1.0198384
-1.0202014
-1.0205927
-1.0210152
-1.0214712
-1.0219638
-1.0224959
-1.0230712
-1.0236928
-1.0243648
-1.0250913
-1.0258769
-1.0267265
-1.0276456
-1.02864
-1.0297157
-1.0308795
-1.0321384
-1.0335
-1.034972
-1.0365627
-1.0382809
-1.0401386
-1.0421475
-1.0443128
-1.0466358
-1.0491168
-1.0517538
-1.054538
-1.0574511
-1.0604711
-1.0635889
-1.0667957
-1.0701119
-1.0735472
-1.0770699
-1.0807156
-1.0845763
-1.088744
-1.093247
-1.0980785
-1.1032341
-1.1087101
-1.1144995
-1.1205897
-1.1269369
-1.13357
-1.1406038
-1.1479241
-1.1552686
-1.1624743
-1.1693649
-1.1756933
-1.1811473
-1.1853373
-1.1877851
-1.1879161
-1.1850564
-1.1784395
-1.1672256
-1.1505362
-1.1275106
-1.0973841
-1.0595917
-1.0138878
-0.96046918
-0.90006742
-0.8339716
-0.76395351
-0.69209141
-0.62051727
-0.55120975
-0.48574109
-0.42524182
-0.37038688
-0.32139271
-0.27814705
-0.24031797
-0.20744872
-0.1790162
-0.15449609
-0.13338436
-0.11522199
-0.099597997
-0.08615331
-0.074576598
-0.064600692
-0.055997061
-0.048570887
-0.042156143
-0.036611422
-0.031816094
-0.02766731
-0.024076998
-0.020970077
-0.018281814
-0.015957456
-0.013948988
-0.012217207
-0.010725061
-0.0094485612
-0.0083555053
-0.0074236114
-0.0066879434
-0.0060172185
-0.0052634143
-0.0064359834
-1.0786979
-1.0788275
-1.0789695
-1.0791177
-1.0792778
-1.0794531
-1.0796445
-1.079854
-1.0800818
-1.0803291
-1.0805973
-1.0808876
-1.0812005
-1.0815386
-1.0819031
-1.0822964
-1.0827206
-1.0831786
-1.0836731
-1.0842074
-1.0847848
-1.0854086
-1.0860827
-1.0868111
-1.0875986
-1.0884499
-1.0893704
-1.0903658
-1.0914421
-1.0926058
-1.0938638
-1.0952234
-1.0966923
-1.0982784
-1.0999906
-1.1018393
-1.1038353
-1.105984
-1.1082854
-1.1107386
-1.1133404
-1.1160802
-1.1189364
-1.121885
-1.1249243
-1.1280492
-1.1312659
-1.1345804
-1.1379755
-1.1414938
-1.1452242
-1.1492504
-1.1535932
-1.1582424
-1.1631913
-1.1684329
-1.1739572
-1.1797462
-1.1857483
-1.1919964
-1.198603
-1.2054209
-1.2121758
-1.2187037
-1.224807
-1.2302185
-1.2346012
-1.2375368
-1.2385145
-1.236924
-1.2320547
-1.2231054
-1.2092072
-1.1894639
-1.1630131
-1.129112
-1.0872478
-1.0372648
-0.97948838
-0.91481221
-0.84470232
-0.77109583
-0.69619573
-0.62219957
-0.55108953
-0.48437805
-0.42311171
-0.36786344
-0.31873659
-0.27554641
-0.23788216
-0.20523899
-0.17705569
-0.15278553
-0.13191012
-0.1139633
-0.098530942
-0.085253622
-0.073821163
-0.063968376
-0.055469057
-0.048130759
-0.04178971
-0.036306585
-0.031562603
-0.02745653
-0.023901724
-0.02082427
-0.018160528
-0.015856532
-0.013865175
-0.012147648
-0.010667872
-0.0094018511
-0.0083181841
-0.0073950877
-0.006669545
-0.0059979371
-0.0052810184
-0.0064055252
-1.1406659
-1.140796
-1.1409396
-1.1410886
-1.1412496
-1.1414261
-1.1416192
-1.1418297
-1.1420589
-1.1423079
-1.1425779
-1.1428695
-1.1431846
-1.1435245
-1.1438911
-1.1442865
-1.1447129
-1.1451731
-1.1456701
-1.1462069
-1.1467869
-1.1474134
-1.14809
-1.1488212
-1.1496111
-1.1504647
-1.1513873
-1.1523845
-1.1534621
-1.1546265
-1.1558846
-1.1572434
-1.1587101
-1.1602927
-1.1620004
-1.1638427
-1.1658284
-1.167962
-1.170243
-1.1726699
-1.175238
-1.1779351
-1.1807371
-1.1836179
-1.1865812
-1.1896258
-1.1927466
-1.1959451
-1.1992182
-1.2026159
-1.2062237
-1.2101148
-1.214303
-1.2187752
-1.2235225
-1.2285348
-1.2337986
-1.2392898
-1.2449482
-1.2508136
-1.2569932
-1.2633035
-1.2694571
-1.2752893
-1.2805792
-1.2850372
-1.2882991
-1.289915
-1.2893388
-1.2859225
-1.2789175
-1.2674881
-1.2507385
-1.227758
-1.1976885
-1.1598172
-1.1136945
-1.0592679
-0.99700763
-0.92798334
-0.85384762
-0.7767041
-0.69887256
-0.62260134
-0.5498579
-0.4820772
-0.42020901
-0.36471524
-0.31558183
-0.27255117
-0.2351356
-0.20278471
-0.17490243
-0.15092247
-0.13031466
-0.11260765
-0.097385842
-0.084290712
-0.073014189
-0.063293805
-0.054906212
-0.047661748
-0.04139923
-0.035981635
-0.031292232
-0.027231531
-0.023714427
-0.02066827
-0.018030565
-0.015748208
-0.013775014
-0.012072639
-0.010605952
-0.0093510373
-0.0082771929
-0.0073634499
-0.0066478182
-0.0059764927
-0.0052950863
-0.006372164
-1.2029468
-1.2030779
-1.2032223
-1.2033727
-1.2035352
-1.2037127
-1.2039075
-1.2041195
-1.2043503
-1.2046014
-1.2048728
-1.2051667
-1.205484
-1.205826
-1.2061949
-1.2065927
-1.2070217
-1.2074847
-1.2079844
-1.2085242
-1.2091072
-1.2097369
-1.2104167
-1.2111509
-1.2119439
-1.2128005
-1.213726
-1.2147256
-1.2158054
-1.2169715
-1.2182306
-1.2195894
-1.2210551
-1.2226354
-1.22434
-1.2261776
-1.2281546
-1.2302746
-1.2325368
-1.2349389
-1.2374747
-1.2401302
-1.2428798
-1.245696
-1.2485852
-1.2515505
-1.254579
-1.2576656
-1.2608217
-1.2641046
-1.267596
-1.2713571
-1.275395
-1.2796947
-1.2842446
-1.2890314
-1.2940378
-1.2992319
-1.3045462
-1.3100292
-1.3157782
-1.3215707
-1.3271062
-1.3322184
-1.3366615
-1.3401204
-1.342201
-1.3424189
-1.3401902
-1.3348273
-1.3255435
-1.3114696
-1.2916855
-1.2652706
-1.2313777
-1.1893328
-1.1387621
-1.0797312
-1.0128715
-0.93944335
-0.86129371
-0.78069136
-0.70006173
-0.62168631
-0.54749761
-0.47883503
-0.41653884
-0.36095202
-0.3119401
-0.26917305
-0.232089
-0.20009523
-0.17256427
-0.14891336
-0.12860311
-0.11115915
-0.096165945
-0.083267134
-0.072157675
-0.062578533
-0.054309739
-0.047164809
-0.040985446
-0.035637158
-0.031005427
-0.02699266
-0.02351538
-0.020502288
-0.017892094
-0.015632613
-0.013678604
-0.011992252
-0.010539356
-0.0092961516
-0.0082325615
-0.0073286894
-0.0066227872
-0.0059528443
-0.0053055811
-0.0063359339
-1.2655693
-1.2657019
-1.2658475
-1.2659992
-1.266163
-1.2663424
-1.2665385
-1.2667523
-1.2669855
-1.2672381
-1.2675122
-1.2678083
-1.2681279
-1.2684726
-1.2688443
-1.2692449
-1.2696769
-1.270143
-1.270646
-1.2711893
-1.271776
-1.2724092
-1.2730929
-1.273831
-1.2746278
-1.2754883
-1.2764173
-1.2774205
-1.2785034
-1.2796723
-1.2809335
-1.2822936
-1.2837597
-1.2853391
-1.2870416
-1.2888756
-1.2908454
-1.2929533
-1.2951985
-1.2975775
-1.3000824
-1.3026972
-1.3053957
-1.308151
-1.3109653
-1.3138491
-1.3167881
-1.3197675
-1.322811
-1.3259839
-1.3293643
-1.333
-1.3368913
-1.3410219
-1.3453774
-1.3499409
-1.3546908
-1.3595856
-1.364554
-1.3696535
-1.3749624
-1.3802204
-1.3851162
-1.3894772
-1.3930314
-1.395435
-1.3962609
-1.3949873
-1.3909905
-1.3835424
-1.3718184
-1.3549179
-1.3319002
-1.3018403
-1.2639088
-1.2174811
-1.162272
-1.0984824
-1.0269219
-0.9490557
-0.86693113
-0.78297756
-0.69971139
-0.61942681
-0.54399955
-0.47465499
-0.41211192
-0.35658782
-0.30782627
-0.26542603
-0.22875474
-0.19718096
-0.17004983
-0.14676514
-0.12678105
-0.10962218
-0.09487469
-0.082185569
-0.071253728
-0.061824205
-0.053680917
-0.04664094
-0.040549129
-0.035273753
-0.030702666
-0.026740286
-0.023304873
-0.020326551
-0.017745287
-0.015509879
-0.01357605
-0.011906565
-0.010468145
-0.0092372339
-0.0081843295
-0.0072908078
-0.006594485
-0.0059269707
-0.0053125129
-0.0062968769
-1.3285782
-1.3287123
-1.3288592
-1.3290123
-1.3291777
-1.329359
-1.329557
-1.329773
-1.330008
-1.3302633
-1.3305397
-1.3308385
-1.331161
-1.3315086
-1.3318832
-1.3322871
-1.3327225
-1.3331921
-1.3336988
-1.334246
-1.3348366
-1.3354743
-1.3361623
-1.3369048
-1.3377062
-1.3385712
-1.3395047
-1.3405121
-1.3415991
-1.3427716
-1.3440359
-1.3453985
-1.346866
-1.3484457
-1.350146
-1.3519757
-1.3539391
-1.3560365
-1.3582662
-1.3606238
-1.363099
-1.3656734
-1.3683214
-1.3710185
-1.3737547
-1.3765496
-1.3794
-1.3822784
-1.3852151
-1.3882827
-1.3915566
-1.3950706
-1.3988178
-1.402781
-1.4069431
-1.4112832
-1.4157744
-1.4203642
-1.4249851
-1.4297
-1.4345517
-1.4392501
-1.4434796
-1.4470503
-1.4496631
-1.4509421
-1.4504242
-1.447548
-1.4416483
-1.4319566
-1.417612
-1.3976853
-1.3712198
-1.3372915
-1.2950974
-1.2440731
-1.1840374
-1.1153442
-1.0389995
-0.95668647
-0.87065657
-0.78349119
-0.69777938
-0.61580476
-0.53936317
-0.46954773
-0.40694461
-0.35164088
-0.30325825
-0.26132625
-0.22514666
-0.19405346
-0.16736842
-0.14448526
-0.12485435
-0.10800135
-0.093515677
-0.081048839
-0.070304539
-0.061032519
-0.053021069
-0.046091168
-0.04009109
-0.03489205
-0.030384435
-0.026474794
-0.023083201
-0.020141287
-0.017590327
-0.015380148
-0.013467458
-0.01181566
-0.01039238
-0.0091743227
-0.0081325302
-0.0072498021
-0.0065629392
-0.005898835
-0.0053158537
-0.00625503
-1.3920001
-1.3921353
-1.3922841
-1.392439
-1.3926059
-1.3927891
-1.3929891
-1.3932077
-1.3934449
-1.3937027
-1.3939821
-1.3942837
-1.394609
-1.39496
-1.3953381
-1.3957455
-1.3961847
-1.3966582
-1.3971691
-1.3977204
-1.3983159
-1.398958
-1.3996511
-1.4003987
-1.4012051
-1.4020752
-1.4030139
-1.4040263
-1.4051181
-1.4062949
-1.4075631
-1.4089289
-1.4103988
-1.4119803
-1.4136804
-1.4155064
-1.4174633
-1.4195505
-1.4217654
-1.4241023
-1.4265487
-1.4290828
-1.4316786
-1.4343187
-1.4369863
-1.4396956
-1.4424538
-1.4452351
-1.4480709
-1.4510369
-1.4542061
-1.4575994
-1.4612032
-1.4649991
-1.4689667
-1.473081
-1.4773086
-1.4815862
-1.4858563
-1.4901824
-1.4945544
-1.4986599
-1.5021884
-1.5049195
-1.5065247
-1.5065937
-1.5046245
-1.5000143
-1.492056
-1.4799417
-1.4627767
-1.4396073
-1.4094652
-1.3714342
-1.3247463
-1.2689098
-1.2038639
-1.1301354
-1.0489453
-0.96220648
-0.87237477
-0.78217103
-0.69423452
-0.61081252
-0.533597
-0.46353118
-0.4010589
-0.34613354
-0.29825684
-0.25689182
-0.22128003
-0.19072511
-0.16452998
-0.14208158
-0.12282918
-0.10630147
-0.09209267
-0.079859859
-0.069312366
-0.060205243
-0.052331572
-0.045516564
-0.039612155
-0.0344927
-0.030051243
-0.026196578
-0.022850676
-0.019946741
-0.017427399
-0.015243563
-0.013352943
-0.011719621
-0.010312128
-0.0091074642
-0.0080772058
-0.0072056821
-0.0065281847
-0.0058684217
-0.0053156222
-0.0062104393
-1.4558611
-1.455998
-1.4561485
-1.4563047
-1.4564744
-1.4566591
-1.4568619
-1.4570824
-1.4573227
-1.4575834
-1.4578655
-1.4581704
-1.4584993
-1.4588537
-1.4592356
-1.459647
-1.4600904
-1.4605683
-1.4610838
-1.4616401
-1.4622405
-1.4628883
-1.4635867
-1.46434
-1.4651523
-1.4660283
-1.4669727
-1.467991
-1.4690883
-1.4702705
-1.4715435
-1.4729133
-1.4743865
-1.4759711
-1.4776734
-1.4794983
-1.4814498
-1.4835275
-1.4857281
-1.4880448
-1.4904629
-1.4929574
-1.4955004
-1.4980818
-1.5006888
-1.5033226
-1.5059887
-1.5086741
-1.5114145
-1.5142828
-1.5173469
-1.5206188
-1.524079
-1.5277066
-1.5314777
-1.5353627
-1.5393212
-1.5432781
-1.5471868
-1.5511105
-1.5549776
-1.5584531
-1.5612324
-1.56306
-1.5635747
-1.5623288
-1.5587793
-1.5522812
-1.5420862
-1.5273493
-1.5071458
-1.4805013
-1.4464413
-1.404064
-1.3526459
-1.2917819
-1.2215506
-1.1426726
-1.0566028
-0.9654934
-0.87200079
-0.77896785
-0.6890578
-0.60445358
-0.5267189
-0.4566306
-0.39448216
-0.34009201
-0.29284551
-0.25214268
-0.2171712
-0.18720909
-0.161545
-0.13956231
-0.12071195
-0.10452754
-0.090609541
-0.07862163
-0.068279543
-0.059344181
-0.051613828
-0.04491822
-0.039113182
-0.034076367
-0.029703609
-0.025906042
-0.022607612
-0.019743158
-0.017256698
-0.015100276
-0.01323262
-0.011618537
-0.010227454
-0.0090367033
-0.0080183925
-0.0071584514
-0.0064902515
-0.0058356996
-0.0053117976
-0.0061631428
-1.5202072
-1.5203457
-1.520498
-1.520657
-1.5208278
-1.5210157
-1.5212207
-1.521444
-1.5216873
-1.5219512
-1.5222366
-1.5225453
-1.5228779
-1.5232363
-1.5236225
-1.5240383
-1.5244864
-1.5249693
-1.5254901
-1.5260519
-1.5266581
-1.5273119
-1.5280167
-1.5287765
-1.5295955
-1.5304783
-1.5314296
-1.5324546
-1.5335587
-1.5347473
-1.5360263
-1.5374016
-1.5388793
-1.5404667
-1.5421707
-1.5439954
-1.5459433
-1.5480131
-1.5502008
-1.552498
-1.5548883
-1.5573443
-1.5598364
-1.5623599
-1.5649058
-1.5674655
-1.5700408
-1.5726325
-1.5752815
-1.5780566
-1.5810164
-1.584166
-1.5874817
-1.5909393
-1.5945108
-1.5981617
-1.6018435
-1.6054674
-1.6089998
-1.6125006
-1.6158286
-1.6186258
-1.6205931
-1.6214357
-1.6207566
-1.6180682
-1.6127852
-1.604221
-1.5915883
-1.574009
-1.5505319
-1.5201666
-1.4819367
-1.4349621
-1.3785744
-1.3124713
-1.2368915
-1.1527723
-1.0618204
-0.96643425
-0.86946205
-0.77384618
-0.68224359
-0.59674318
-0.51875618
-0.44887844
-0.38724704
-0.33354612
-0.28705011
-0.24710034
-0.21283759
-0.18351931
-0.15842435
-0.13693595
-0.11850927
-0.10268467
-0.089070228
-0.077337224
-0.06720845
-0.058451183
-0.050869276
-0.044297258
-0.038595043
-0.03364373
-0.029342064
-0.025603606
-0.02235434
-0.019530793
-0.017078424
-0.01495044
-0.01310661
-0.0115125
-0.010138431
-0.0089620919
-0.0079561352
-0.0071081257
-0.006449178
-0.0058006588
-0.0053044066
-0.0061131893
-1.5850851
-1.5852257
-1.5853802
-1.5855409
-1.5857148
-1.5859049
-1.5861127
-1.5863394
-1.5865856
-1.5868531
-1.5871426
-1.5874549
-1.5877918
-1.5881548
-1.5885454
-1.5889664
-1.5894195
-1.5899081
-1.5904346
-1.5910027
-1.5916154
-1.592276
-1.5929878
-1.5937549
-1.5945814
-1.5954719
-1.5964311
-1.597464
-1.5985757
-1.5997719
-1.6010581
-1.6024401
-1.6039242
-1.6055161
-1.6072217
-1.6090467
-1.6109922
-1.6130558
-1.615232
-1.6175106
-1.6198735
-1.6222919
-1.6247353
-1.6272007
-1.6296844
-1.6321716
-1.6346582
-1.6371578
-1.6397178
-1.6424024
-1.6452591
-1.6482859
-1.6514557
-1.6547408
-1.6581088
-1.6615195
-1.6649129
-1.668186
-1.6713209
-1.6743674
-1.6771096
-1.6791653
-1.6802393
-1.6799942
-1.6779938
-1.6737089
-1.6665126
-1.6556791
-1.6403865
-1.6197272
-1.5927275
-1.5583842
-1.5157243
-1.4638962
-1.4022994
-1.3307523
-1.2496775
-1.1602529
-1.064454
-0.96492806
-0.86470077
-0.76678593
-0.67380053
-0.58770863
-0.50974566
-0.44031413
-0.37939101
-0.32652895
-0.28089867
-0.24178762
-0.20829752
-0.17967011
-0.15517926
-0.13421123
-0.11622785
-0.10077806
-0.087478771
-0.076009741
-0.066101498
-0.057528121
-0.050099369
-0.04365481
-0.038058621
-0.033195486
-0.028967151
-0.025289691
-0.022091187
-0.019309906
-0.01689278
-0.014794215
-0.012975036
-0.011401603
-0.010045129
-0.0088836799
-0.0078904731
-0.007054715
-0.0064049957
-0.0057632713
-0.005293436
-0.0060606189
-1.6505442
-1.6506873
-1.6508439
-1.6510074
-1.6511835
-1.6513769
-1.6515874
-1.6518178
-1.6520679
-1.652339
-1.6526326
-1.6529496
-1.6532911
-1.653659
-1.6540551
-1.6544814
-1.6549406
-1.6554352
-1.6559684
-1.6565434
-1.6571634
-1.6578316
-1.6585515
-1.6593269
-1.6601621
-1.6610613
-1.6620296
-1.6630715
-1.6641924
-1.6653975
-1.6666923
-1.6680825
-1.6695751
-1.6711746
-1.6728849
-1.6747117
-1.6766561
-1.678715
-1.6808814
-1.6831428
-1.6854787
-1.6878601
-1.6902574
-1.6926615
-1.6950773
-1.697493
-1.6998941
-1.7023044
-1.7047777
-1.7073746
-1.7101297
-1.7130334
-1.7160561
-1.7191658
-1.7223244
-1.7254843
-1.7285695
-1.7314657
-1.7341734
-1.7367195
-1.7388117
-1.7400447
-1.7401214
-1.7386597
-1.7351814
-1.7291165
-1.7197996
-1.7064704
-1.6882773
-1.6642867
-1.6335049
-1.5949184
-1.547562
-1.4906213
-1.4235781
-1.3463928
-1.2596983
-1.1649377
-1.0643701
-0.96088875
-0.85767617
-0.75778393
-0.66375235
-0.5773895
-0.49973337
-0.43098362
-0.370956
-0.31907644
-0.27442093
-0.23622848
-0.20356986
-0.17567625
-0.15182119
-0.13139695
-0.11387454
-0.098812981
-0.085839231
-0.074642334
-0.064961118
-0.056576887
-0.049305584
-0.042992027
-0.037504813
-0.03273233
-0.028579421
-0.024964729
-0.021818493
-0.019080764
-0.016699972
-0.014631762
-0.012838025
-0.011285946
-0.0099476259
-0.0088015249
-0.0078214537
-0.0069982417
-0.0063577448
-0.0057235342
-0.00527892
-0.0060054829
-1.7166549
-1.7168
-1.7169598
-1.7171253
-1.7173051
-1.717501
-1.7177159
-1.7179493
-1.7182036
-1.7184792
-1.7187774
-1.7190991
-1.7194461
-1.7198194
-1.7202213
-1.7206538
-1.7211195
-1.721621
-1.7221615
-1.7227443
-1.7233724
-1.7240492
-1.724778
-1.7255628
-1.7264076
-1.727317
-1.7282954
-1.7293477
-1.730479
-1.7316946
-1.7329995
-1.7343993
-1.7358998
-1.7375065
-1.7392235
-1.7410542
-1.7429995
-1.7450555
-1.7472137
-1.7494591
-1.7517684
-1.7541125
-1.7564657
-1.7588096
-1.7611535
-1.7634962
-1.7658161
-1.7681415
-1.7705316
-1.773044
-1.7756993
-1.7784793
-1.7813514
-1.7842783
-1.7872145
-1.790102
-1.7928462
-1.7953316
-1.7975739
-1.799554
-1.8009085
-1.8012164
-1.8001636
-1.7973232
-1.7921764
-1.7841169
-1.7724471
-1.756378
-1.7350314
-1.7074494
-1.6726189
-1.6295183
-1.5771946
-1.5148811
-1.4421591
-1.3591566
-1.2667451
-1.1666581
-1.061449
-0.95424813
-0.84836673
-0.74685526
-0.65213835
-0.5658376
-0.48877418
-0.4209389
-0.36198784
-0.31122698
-0.26764809
-0.23044765
-0.19867396
-0.17155277
-0.14836167
-0.12850205
-0.11145617
-0.096794704
-0.084155676
-0.073238154
-0.063789761
-0.055599377
-0.048489393
-0.042310061
-0.036934524
-0.032254975
-0.028179426
-0.024629157
-0.021536601
-0.018843634
-0.016500215
-0.014463247
-0.012695706
-0.011165626
-0.0098459955
-0.0087156816
-0.0077491187
-0.0069387213
-0.0063074599
-0.0056814238
-0.0052608525
-0.0059478208
-1.7834766
-1.7836245
-1.7837869
-1.7839559
-1.7841385
-1.7843384
-1.7845566
-1.7847946
-1.7850533
-1.7853337
-1.7856369
-1.7859644
-1.786317
-1.7866964
-1.7871048
-1.7875442
-1.7880172
-1.7885266
-1.7890752
-1.7896666
-1.790304
-1.7909904
-1.7917293
-1.7925246
-1.7933804
-1.7943011
-1.7952911
-1.7963553
-1.7974986
-1.798726
-1.800043
-1.8014552
-1.8029664
-1.8045812
-1.8063056
-1.8081423
-1.8100908
-1.812146
-1.8142976
-1.8165288
-1.8188129
-1.8211195
-1.8234298
-1.8257237
-1.828003
-1.8302723
-1.8325157
-1.8347624
-1.8370731
-1.8395019
-1.8420552
-1.8447052
-1.8474151
-1.8501408
-1.8528286
-1.8554086
-1.8577676
-1.8598058
-1.8615385
-1.8628596
-1.863354
-1.8626018
-1.8602478
-1.855826
-1.848785
-1.8384901
-1.8242182
-1.8051551
-1.7803964
-1.7489589
-1.7098093
-1.6619192
-1.6043544
-1.5364086
-1.4577841
-1.3688054
-1.2706141
-1.1652576
-1.0555889
-0.94495902
-0.83677234
-0.73403438
-0.6390137
-0.55311662
-0.47693125
-0.4102374
-0.35253578
-0.30302091
-0.26061245
-0.22447044
-0.19362949
-0.16731475
-0.14481236
-0.12553543
-0.10897961
-0.094728495
-0.082432178
-0.071800346
-0.062589863
-0.054597491
-0.047652284
-0.041610069
-0.036348661
-0.031764132
-0.027767728
-0.024283414
-0.021245859
-0.01859879
-0.01629372
-0.014288838
-0.012548213
-0.011040749
-0.0097403187
-0.0086262117
-0.0076735189
-0.0068761816
-0.0062541837
-0.0056369421
-0.0052392746
-0.0058876865
-1.8510949
-1.8512456
-1.8514115
-1.8515837
-1.8517699
-1.851974
-1.8521965
-1.8524392
-1.8527028
-1.8529888
-1.8532978
-1.8536314
-1.8539904
-1.854377
-1.8547927
-1.8552399
-1.8557212
-1.8562391
-1.8567973
-1.8573986
-1.8580463
-1.8587438
-1.8594943
-1.8603017
-1.8611701
-1.8621038
-1.8631073
-1.8641853
-1.8653427
-1.8665843
-1.8679154
-1.8693411
-1.8708658
-1.8724936
-1.8742291
-1.8760749
-1.8780298
-1.8800872
-1.8822353
-1.884455
-1.8867171
-1.8889893
-1.8912592
-1.8935108
-1.8957348
-1.8979338
-1.9001041
-1.9022769
-1.9045089
-1.9068465
-1.9092845
-1.911787
-1.9143119
-1.9168087
-1.9192161
-1.9214498
-1.923377
-1.9249132
-1.926058
-1.9265972
-1.9260696
-1.9240653
-1.9201873
-1.9139415
-1.9047545
-1.8919703
-1.8748429
-1.8525318
-1.8241031
-1.7885451
-1.7448031
-1.6918445
-1.6287624
-1.5549276
-1.4701893
-1.375102
-1.27111
-1.1605952
-1.0467094
-0.9329981
-0.82291606
-0.71937574
-0.62444931
-0.5393016
-0.46427522
-0.39894119
-0.34265177
-0.29450006
-0.25334697
-0.21832247
-0.18845611
-0.16297733
-0.14118481
-0.12250595
-0.10645164
-0.092619602
-0.080672782
-0.070332035
-0.061363858
-0.053573124
-0.046795732
-0.040893213
-0.035748132
-0.031260516
-0.027344889
-0.023927945
-0.020946614
-0.018346506
-0.016080708
-0.014108707
-0.012395677
-0.010911416
-0.0096306751
-0.0085331745
-0.0075946985
-0.0068106439
-0.0061979514
-0.0055900717
-0.0052141867
-0.0058251228
-1.9196265
-1.9197808
-1.9199499
-1.9201266
-1.9203167
-1.9205251
-1.9207528
-1.9210006
-1.9212702
-1.9215622
-1.921878
-1.9222184
-1.9225852
-1.9229796
-1.9234037
-1.9238601
-1.9243506
-1.924879
-1.9254477
-1.9260605
-1.9267205
-1.9274306
-1.9281945
-1.9290161
-1.9298993
-1.9308483
-1.9318678
-1.9329622
-1.9341364
-1.9353953
-1.9367443
-1.9381869
-1.9397272
-1.9413709
-1.9431219
-1.9449817
-1.946948
-1.9490125
-1.9511614
-1.9533737
-1.9556182
-1.9578618
-1.9600942
-1.9623039
-1.964474
-1.9666009
-1.9686928
-1.9707852
-1.9729283
-1.975158
-1.9774607
-1.9797951
-1.9821141
-1.9843597
-1.9864581
-1.9883014
-1.989731
-1.9906718
-1.9910878
-1.9906529
-1.9888752
-1.985366
-1.9797008
-1.9713685
-1.9597796
-1.9442577
-1.92403
-1.898224
-1.8658711
-1.8259272
-1.7773158
-1.7190053
-1.6501278
-1.5701525
-1.4791069
-1.3778123
-1.2680491
-1.1525498
-1.0347546
-0.91836817
-0.806845
-0.70295368
-0.6085309
-0.5244777
-0.45088306
-0.38711597
-0.33238971
-0.28570711
-0.2458849
-0.21202928
-0.1831734
-0.1585554
-0.13749039
-0.11942233
-0.10387895
-0.090473156
-0.078881446
-0.068836302
-0.060114132
-0.05252815
-0.045921205
-0.040160639
-0.035133841
-0.030744835
-0.026911472
-0.02356319
-0.020639219
-0.018087061
-0.015861395
-0.013923024
-0.012238236
-0.010777735
-0.0095171481
-0.0084366357
-0.0075127102
-0.0067421411
-0.006138809
-0.0055408178
-0.0051856367
-0.0057601808
-1.9892169
-1.9893746
-1.9895484
-1.9897289
-1.9899242
-1.9901377
-1.9903708
-1.9906249
-1.9909008
-1.9912
-1.9915232
-1.9918719
-1.9922471
-1.9926506
-1.9930846
-1.9935509
-1.9940528
-1.9945925
-1.9951738
-1.9957999
-1.9964738
-1.9971987
-1.9979782
-1.9988161
-1.9997164
-2.0006834
-2.0017216
-2.0028353
-2.0040295
-2.005309
-2.0066783
-2.0081414
-2.0097028
-2.0113676
-2.0131389
-2.0150179
-2.0170007
-2.0190771
-2.0212308
-2.0234379
-2.0256664
-2.0278828
-2.0300702
-2.0322246
-2.0343313
-2.0363766
-2.0383794
-2.0403815
-2.0424296
-2.044548
-2.046714
-2.0488791
-2.0509845
-2.0529543
-2.0546889
-2.0560431
-2.0568351
-2.0569961
-2.0564384
-2.0547479
-2.0514357
-2.0461401
-2.0384211
-2.0277533
-2.0135274
-1.9950393
-1.9714819
-1.9419429
-1.9054139
-1.8608158
-1.8070527
-1.7431013
-1.6681493
-1.5817905
-1.4842677
-1.3767097
-1.2612649
-1.1410248
-1.0196973
-0.90110034
-0.7886311
-0.68486199
-0.59135805
-0.5087389
-0.43683671
-0.37483
-0.32180461
-0.27668492
-0.23825919
-0.20561606
-0.17780048
-0.15406354
-0.1337402
-0.11629301
-0.10126801
-0.088294152
-0.07706204
-0.067316151
-0.058843032
-0.051464384
-0.045030129
-0.039413471
-0.034506673
-0.030217792
-0.026468024
-0.023189589
-0.020324017
-0.017820728
-0.015635998
-0.013731963
-0.012076024
-0.010639811
-0.0093998192
-0.0083366571
-0.0074276002
-0.0066706991
-0.0060767931
-0.0054891681
-0.0051536314
-0.0056929041
-2.0600213
-2.0601837
-2.0603624
-2.0605477
-2.0607485
-2.0609677
-2.0612074
-2.0614685
-2.0617519
-2.0620592
-2.0623913
-2.0627491
-2.0631343
-2.0635485
-2.0639936
-2.0644722
-2.0649867
-2.0655401
-2.0661361
-2.0667776
-2.0674678
-2.0682101
-2.0690078
-2.0698649
-2.0707854
-2.0717735
-2.0728335
-2.0739702
-2.0751883
-2.0764928
-2.0778869
-2.0793748
-2.0809623
-2.082653
-2.0844495
-2.0863519
-2.0883545
-2.0904451
-2.0926043
-2.0948046
-2.0970127
-2.0991985
-2.1013368
-2.1034284
-2.1054711
-2.1074473
-2.109382
-2.111321
-2.1133046
-2.1153365
-2.1173742
-2.1193492
-2.1211769
-2.1227516
-2.1239413
-2.1245672
-2.1244524
-2.1235386
-2.121672
-2.1184006
-2.1132766
-2.1059441
-2.0959459
-2.0827341
-2.0656693
-2.0440103
-2.016907
-1.9834021
-1.942443
-1.8929163
-1.8337107
-1.7638232
-1.6825177
-1.5895457
-1.4854077
-1.371583
-1.2506155
-1.1259553
-1.0015444
-0.88125778
-0.76837297
-0.66521443
-0.57304378
-0.49218737
-0.4222225
-0.36215345
-0.3109521
-0.26747632
-0.2305025
-0.19910757
-0.17235608
-0.14951595
-0.12994503
-0.11312627
-0.098625181
-0.086087482
-0.075218342
-0.06577451
-0.057552852
-0.050383634
-0.044123921
-0.038652826
-0.033867507
-0.029680082
-0.026015104
-0.022807581
-0.020001359
-0.017547784
-0.015404738
-0.013535695
-0.011909181
-0.010497754
-0.0092787746
-0.0082333076
-0.0073394239
-0.0065963555
-0.0060119517
-0.0054351335
-0.005118224
-0.0056233469
-2.1322594
-2.1324273
-2.1326109
-2.1328029
-2.1330095
-2.1332359
-2.1334831
-2.1337522
-2.1340449
-2.1343615
-2.1347038
-2.1350729
-2.1354698
-2.1358967
-2.1363553
-2.1368482
-2.1373778
-2.1379477
-2.1385607
-2.1392206
-2.1399301
-2.1406927
-2.141512
-2.1423917
-2.143336
-2.144349
-2.1454354
-2.1465997
-2.1478466
-2.1491805
-2.1506057
-2.152127
-2.1537484
-2.1554725
-2.1573023
-2.1592373
-2.1612704
-2.1633873
-2.165567
-2.1677796
-2.1699916
-2.1721812
-2.1743233
-2.1764116
-2.1784474
-2.1804147
-2.182331
-2.1842312
-2.1861352
-2.1880121
-2.1897881
-2.1913698
-2.1926491
-2.1935022
-2.1937835
-2.1933076
-2.1919343
-2.1896194
-2.1861382
-2.1810296
-2.1738917
-2.164344
-2.1519001
-2.1359789
-2.1159018
-2.0908827
-2.0600237
-2.0223178
-1.9766677
-1.9219273
-1.8569783
-1.7808533
-1.6929191
-1.5931247
-1.4822757
-1.3622452
-1.235994
-1.107317
-0.98034385
-0.85894013
-0.74619832
-0.64414573
-0.55371496
-0.47493366
-0.40713127
-0.3491587
-0.29988871
-0.25812446
-0.22264744
-0.19252846
-0.16685883
-0.14492676
-0.12611566
-0.10993034
-0.09595681
-0.083858058
-0.073354186
-0.064214379
-0.056245931
-0.049287736
-0.04320403
-0.037879851
-0.033217258
-0.029132428
-0.025553282
-0.022417619
-0.019671606
-0.017268516
-0.015167846
-0.013334406
-0.011737849
-0.010351676
-0.009154102
-0.008126655
-0.0072482314
-0.0065191422
-0.0059443244
-0.0053787062
-0.005079428
-0.0055515505
-2.2062231
-2.2063977
-2.20659
-2.2067894
-2.2070052
-2.2072411
-2.2074992
-2.2077796
-2.2080847
-2.2084151
-2.2087722
-2.209157
-2.2095712
-2.2100163
-2.2104944
-2.2110082
-2.2115602
-2.2121535
-2.2127918
-2.2134786
-2.2142177
-2.2150121
-2.2158655
-2.2167821
-2.2177662
-2.2188225
-2.2199557
-2.2211709
-2.2224734
-2.2238679
-2.2253596
-2.2269539
-2.2286536
-2.2304615
-2.2323815
-2.2344139
-2.2365498
-2.2387725
-2.2410581
-2.2433729
-2.2456788
-2.2479519
-2.2501614
-2.2522775
-2.2542814
-2.2561532
-2.2578951
-2.2595226
-2.2610338
-2.2623753
-2.2634605
-2.2641934
-2.2644693
-2.2641725
-2.2631647
-2.2612691
-2.2583818
-2.2544585
-2.2491983
-2.2421252
-2.2328589
-2.2209809
-2.2059669
-2.1871963
-2.1639458
-2.1353807
-2.1005514
-2.0584
-2.0077847
-1.9475315
-1.8765262
-1.7938573
-1.6990283
-1.5922319
-1.4746312
-1.3485339
-1.2173282
-1.0851257
-0.95618221
-0.83427998
-0.72225973
-0.62180743
-0.53350854
-0.45709349
-0.3916559
-0.33591885
-0.28867098
-0.24867194
-0.21472602
-0.18590287
-0.16132696
-0.1403098
-0.12226263
-0.10671335
-0.093269148
-0.08161074
-0.071473362
-0.062638731
-0.05492461
-0.048178547
-0.042271926
-0.037095707
-0.032556843
-0.028575562
-0.025083143
-0.022020171
-0.019335131
-0.016983222
-0.014925553
-0.01312828
-0.011562178
-0.010201696
-0.0090258949
-0.0080167741
-0.0071540825
-0.0064391023
-0.0058739608
-0.0053199022
-0.0050373021
-0.0054775703
-2.2831588
-2.2833502
-2.2835602
-2.2837795
-2.2840156
-2.2842745
-2.2845569
-2.284865
-2.2851991
-2.285562
-2.2859537
-2.286376
-2.2868308
-2.2873195
-2.287845
-2.2884096
-2.2890164
-2.2896688
-2.2903701
-2.2911259
-2.29194
-2.2928156
-2.2937568
-2.294768
-2.2958539
-2.2970194
-2.2982694
-2.2996093
-2.3010443
-2.3025797
-2.3042197
-2.3059661
-2.3078191
-2.3097786
-2.3118464
-2.3140183
-2.3162763
-2.3185915
-2.3209264
-2.3232332
-2.3254586
-2.3275572
-2.3294906
-2.3312177
-2.3327048
-2.3339443
-2.3349478
-2.3357323
-2.3362947
-2.3365863
-2.3365308
-2.3360441
-2.3350305
-2.3333785
-2.3309439
-2.3275449
-2.3230952
-2.317517
-2.3104278
-2.3013393
-2.2898757
-2.2755782
-2.2578823
-2.2361254
-2.2095367
-2.1772299
-2.1382016
-2.091342
-2.0354673
-1.9693831
-1.8919938
-1.8024707
-1.7004949
-1.586557
-1.4622327
-1.3302988
-1.194568
-1.0594223
-0.92916921
-0.80742657
-0.69671881
-0.59835345
-0.51255908
-0.43877725
-0.37588241
-0.32250105
-0.27735067
-0.23915651
-0.20676621
-0.17925168
-0.15577609
-0.13567689
-0.1183949
-0.10348212
-0.090567459
-0.079349605
-0.069579038
-0.061050043
-0.053590843
-0.047057593
-0.041328821
-0.03630136
-0.031887033
-0.0280101
-0.024605177
-0.021615627
-0.018992244
-0.016692151
-0.014678064
-0.01291748
-0.011382297
-0.010047915
-0.0088942334
-0.007903728
-0.0070570239
-0.006356269
-0.0058008996
-0.0052587163
-0.0049918641
-0.005401448
-2.3699825
-2.3701799
-2.3703974
-2.3706228
-2.3708669
-2.3711334
-2.3714241
-2.3717403
-2.3720832
-2.3724535
-2.3728521
-2.3732799
-2.3737381
-2.3742281
-2.3747518
-2.3753116
-2.3759103
-2.3765504
-2.3772352
-2.3779683
-2.3787536
-2.3795939
-2.3804916
-2.3814497
-2.3824713
-2.3835594
-2.3847169
-2.3859472
-2.3872528
-2.3886351
-2.3900941
-2.3916264
-2.3932265
-2.394889
-2.3966107
-2.3983813
-2.400173
-2.4019467
-2.4036552
-2.4052459
-2.4066697
-2.407876
-2.4088389
-2.4095446
-2.4099726
-2.4101369
-2.4100642
-2.4097719
-2.4092461
-2.40843
-2.4072427
-2.4055919
-2.4033702
-2.4004497
-2.3966638
-2.3918264
-2.3858577
-2.3786201
-2.3696674
-2.3585203
-2.3447903
-2.3279785
-2.3074796
-2.2825855
-2.2524753
-2.2162082
-2.172725
-2.1208643
-2.0594043
-1.9871407
-1.9030163
-1.8063189
-1.6969581
-1.575784
-1.4448401
-1.3073979
-1.1676737
-1.0302559
-0.89941552
-0.77852177
-0.66972235
-0.57391793
-0.49097919
-0.42007331
-0.35987651
-0.30895411
-0.26596489
-0.22960384
-0.19878623
-0.17258806
-0.15021569
-0.13103492
-0.11451755
-0.10024044
-0.087854594
-0.07707683
-0.06767289
-0.059449625
-0.052245647
-0.045925698
-0.040375366
-0.035497332
-0.031208252
-0.027436381
-0.024119665
-0.02120422
-0.01864314
-0.016395462
-0.014425506
-0.012702111
-0.011198295
-0.009890409
-0.0087591801
-0.0077875709
-0.0069571014
-0.0062706782
-0.0057251863
-0.0051951652
-0.0049431769
-0.0053232394
-2.4512932
-2.4514806
-2.4516864
-2.4519009
-2.4521313
-2.4523839
-2.4526588
-2.4529575
-2.4532804
-2.4536283
-2.4540018
-2.4544011
-2.454827
-2.4552808
-2.4557636
-2.4562773
-2.4568247
-2.4574079
-2.458029
-2.4586906
-2.4593961
-2.460148
-2.4609476
-2.461797
-2.4626981
-2.4636527
-2.4646625
-2.4657289
-2.466853
-2.468035
-2.4692724
-2.4705601
-2.471891
-2.4732579
-2.4746565
-2.4760746
-2.4774808
-2.4788323
-2.4800788
-2.4811678
-2.482059
-2.4827041
-2.4830718
-2.4831556
-2.4829436
-2.4824488
-2.4816941
-2.4806869
-2.479393
-2.4777415
-2.4756441
-2.4730002
-2.4696928
-2.4655828
-2.4604891
-2.4542408
-2.4467558
-2.4378159
-2.426941
-2.4136748
-2.3975922
-2.378152
-2.3547057
-2.326497
-2.2926512
-2.2521701
-2.2039371
-2.1467405
-2.0793267
-2.0004956
-1.9092545
-1.8050511
-1.6880847
-1.5596335
-1.4222606
-1.279744
-1.136662
-0.99772582
-0.86707134
-0.74773457
-0.6414332
-0.54864263
-0.46888363
-0.40106977
-0.34370469
-0.2953239
-0.25454595
-0.22003825
-0.19080317
-0.16592445
-0.1446548
-0.12639055
-0.11063558
-0.096992096
-0.085133472
-0.074794687
-0.065756711
-0.057838897
-0.05089018
-0.044783783
-0.039412316
-0.034684239
-0.030521001
-0.026854826
-0.023626948
-0.020786229
-0.018288047
-0.016093346
-0.014168042
-0.012482308
-0.01101028
-0.0097292658
-0.0086208073
-0.0076683613
-0.0068543603
-0.0061823639
-0.0056468601
-0.0051292488
-0.0048912638
-0.0052429855
-2.5284468
-2.528628
-2.5288262
-2.5290326
-2.5292552
-2.5294981
-2.5297629
-2.5300501
-2.5303603
-2.5306942
-2.5310518
-2.5314336
-2.53184
-2.5322718
-2.5327302
-2.5332172
-2.5337345
-2.5342843
-2.5348682
-2.5354881
-2.5361468
-2.5368468
-2.5375894
-2.5383752
-2.5392057
-2.5400818
-2.5410045
-2.5419732
-2.5429876
-2.5440466
-2.5451465
-2.5462806
-2.54744
-2.5486154
-2.5497996
-2.5509773
-2.552113
-2.553158
-2.5540587
-2.5547604
-2.5552213
-2.5554008
-2.5552646
-2.5547993
-2.5540046
-2.5528937
-2.5514831
-2.5497696
-2.5477042
-2.5452074
-2.5421865
-2.5385347
-2.5341276
-2.5288139
-2.5223973
-2.5147184
-2.5056822
-2.4949897
-2.4821335
-2.4666693
-2.4481291
-2.4259269
-2.3993684
-2.3676451
-2.329825
-2.2848495
-2.2315434
-2.1686476
-2.0948862
-2.0090816
-1.91034
-1.7983228
-1.6735898
-1.5379179
-1.3944328
-1.247408
-1.1017181
-0.9620951
-0.83243487
-0.71536045
-0.61211843
-0.52275346
-0.4464545
-0.38190923
-0.32748138
-0.28169325
-0.24314988
-0.21050639
-0.18285202
-0.15928761
-0.1391139
-0.12175963
-0.10676125
-0.09374672
-0.082411656
-0.072509135
-0.063835233
-0.056221611
-0.049527417
-0.043634227
-0.038441565
-0.033863598
-0.029826494
-0.026266397
-0.023127798
-0.020362272
-0.017927459
-0.015786194
-0.013905978
-0.012258314
-0.010818447
-0.0095646395
-0.0084792359
-0.0075461961
-0.0067488761
-0.0060913857
-0.0055659793
-0.0050609945
-0.0048361949
-0.0051607402
-2.6026824
-2.6028583
-2.6030523
-2.6032533
-2.6034703
-2.6037073
-2.6039649
-2.6042444
-2.6045461
-2.6048701
-2.6052168
-2.6055862
-2.6059785
-2.6063944
-2.6068352
-2.607302
-2.6077966
-2.6083211
-2.6088765
-2.6094642
-2.6100861
-2.6107447
-2.6114413
-2.6121758
-2.6129484
-2.6137597
-2.6146087
-2.6154946
-2.6164159
-2.6173694
-2.6183497
-2.619348
-2.6203538
-2.6213567
-2.622346
-2.6233019
-2.6241842
-2.6249387
-2.6255092
-2.625842
-2.6258853
-2.6256069
-2.6249836
-2.6239946
-2.622647
-2.6209555
-2.6189272
-2.6165432
-2.6137426
-2.6104379
-2.6065289
-2.6019
-2.5964161
-2.589909
-2.5821676
-2.5730466
-2.5624252
-2.5499226
-2.5350135
-2.5172573
-2.4961395
-2.4710273
-2.441176
-2.4057208
-2.3636682
-2.3138964
-2.2551718
-2.1861931
-2.1056745
-2.0124861
-1.9058763
-1.7857859
-1.6532143
-1.5105046
-1.3613699
-1.2105434
-1.0631037
-0.92368715
-0.79584417
-0.68171578
-0.58205121
-0.49647281
-0.42386524
-0.36272333
-0.3113073
-0.26813703
-0.23182702
-0.20104759
-0.17496195
-0.15269954
-0.13360967
-0.11715492
-0.10290447
-0.09051197
-0.079695138
-0.070224903
-0.061912177
-0.054600739
-0.048159716
-0.042478907
-0.037464614
-0.033036604
-0.029125688
-0.025671862
-0.02262283
-0.01993284
-0.017561768
-0.01547432
-0.013639569
-0.012030332
-0.010622957
-0.0093966566
-0.0083345657
-0.0074211541
-0.0066407075
-0.0059977879
-0.0054825887
-0.0049904079
-0.0047779973
-0.0050765469
-2.6744896
-2.6746628
-2.6748523
-2.6750495
-2.675262
-2.6754938
-2.6757463
-2.6760192
-2.6763139
-2.67663
-2.6769675
-2.6773263
-2.6777067
-2.6781092
-2.6785343
-2.6789837
-2.6794587
-2.6799609
-2.6804912
-2.6810502
-2.6816393
-2.6822604
-2.682915
-2.6836028
-2.6843227
-2.6850739
-2.685855
-2.6866642
-2.6874989
-2.6883542
-2.6892222
-2.6900925
-2.6909531
-2.6917928
-2.6925982
-2.6933436
-2.6939833
-2.6944581
-2.6947099
-2.6946898
-2.6943406
-2.6936259
-2.6925334
-2.6910462
-2.6891712
-2.6869216
-2.6842946
-2.6812534
-2.6777244
-2.6736132
-2.6688116
-2.6631941
-2.6566133
-2.6488821
-2.6397824
-2.629184
-2.6169152
-2.6025163
-2.585461
-2.5652961
-2.5414574
-2.5132611
-2.4799075
-2.4404707
-2.3938918
-2.3389837
-2.2744563
-2.1989738
-2.1112582
-2.0102608
-1.895428
-1.767059
-1.6266772
-1.4772517
-1.3230845
-1.1693014
-1.0210692
-0.88280113
-0.75760123
-0.64707341
-0.5514592
-0.4699799
-0.40125126
-0.34361159
-0.29525305
-0.25470781
-0.22061635
-0.19168932
-0.16715306
-0.14617527
-0.12815344
-0.11258511
-0.099071933
-0.087293105
-0.076988072
-0.067945279
-0.059990177
-0.052978375
-0.046788776
-0.041319196
-0.036482573
-0.032204156
-0.02841931
-0.025071814
-0.022112525
-0.019498324
-0.017191294
-0.015157986
-0.013369024
-0.011798531
-0.010423949
-0.0092254309
-0.0081868895
-0.0072933126
-0.0065299176
-0.0059016237
-0.0053967424
-0.0049175171
-0.0047167433
-0.0049904573
-2.7441623
-2.7443318
-2.7445186
-2.744712
-2.7449212
-2.7451486
-2.7453961
-2.7456643
-2.7459525
-2.7462618
-2.7465911
-2.7469407
-2.7473105
-2.7477005
-2.7481117
-2.7485452
-2.7490021
-2.7494838
-2.7499909
-2.7505235
-2.7510822
-2.7516682
-2.7522825
-2.7529251
-2.7535942
-2.7542878
-2.7550037
-2.7557396
-2.7564911
-2.7572511
-2.7580098
-2.7587546
-2.7594724
-2.7601516
-2.760776
-2.761313
-2.7617107
-2.7619066
-2.7618403
-2.7614642
-2.7607269
-2.7595871
-2.7580303
-2.7560504
-2.7536538
-2.7508482
-2.7476203
-2.7439159
-2.7396494
-2.734719
-2.7290076
-2.7223789
-2.7146705
-2.7056761
-2.6951839
-2.6830621
-2.6690564
-2.6526533
-2.633343
-2.6106324
-2.5839041
-2.5524204
-2.5153221
-2.4716176
-2.4201789
-2.3597527
-2.2889961
-2.2065508
-2.1111709
-2.0019334
-1.8785538
-1.7417805
-1.5937473
-1.4380913
-1.2796745
-1.1239155
-0.97593129
-0.8397811
-0.71803258
-0.61171481
-0.52056858
-0.44344736
-0.3787396
-0.32466524
-0.27938264
-0.24145113
-0.20955186
-0.18245556
-0.15944293
-0.13972791
-0.12275514
-0.10805783
-0.095269582
-0.084094794
-0.074294157
-0.065673236
-0.058071614
-0.051356447
-0.045416151
-0.040156355
-0.035496467
-0.031367093
-0.027708046
-0.024466812
-0.021597338
-0.019059098
-0.016816339
-0.014837436
-0.013094547
-0.011563079
-0.010221557
-0.0090510708
-0.0080362954
-0.0071627426
-0.0064165611
-0.0058029369
-0.0053084845
-0.0048423311
-0.0046524661
-0.004902515
-2.8118889
-2.8120562
-2.8122399
-2.8124308
-2.8126361
-2.81286
-2.8131036
-2.8133665
-2.8136497
-2.8139524
-2.8142746
-2.8146154
-2.8149752
-2.8153537
-2.8157517
-2.8161699
-2.8166095
-2.8170716
-2.817556
-2.8180631
-2.8185927
-2.8191451
-2.8197203
-2.820318
-2.8209365
-2.8215731
-2.8222253
-2.8228887
-2.8235571
-2.8242218
-2.8248706
-2.8254889
-2.8260624
-2.8265798
-2.8270216
-2.8273469
-2.827498
-2.8274104
-2.8270231
-2.8262793
-2.8251378
-2.8235678
-2.8215466
-2.8190749
-2.8161583
-2.812794
-2.8089544
-2.8045713
-2.799549
-2.7937771
-2.7871281
-2.7794538
-2.7705748
-2.7602649
-2.7483205
-2.7345932
-2.7187429
-2.7002194
-2.6785192
-2.6530971
-2.6232797
-2.5882718
-2.5471495
-2.4988505
-2.4421745
-2.3758024
-2.2983459
-2.2084408
-2.1049072
-1.9870068
-1.8548117
-1.7096208
-1.554257
-1.3930416
-1.2313297
-1.0747001
-0.92806686
-0.79500767
-0.67748067
-0.57592336
-0.48959952
-0.41703878
-0.35644808
-0.30596717
-0.26375354
-0.22840795
-0.19866386
-0.1733676
-0.15184723
-0.13336917
-0.11742367
-0.10357997
-0.091502812
-0.080921305
-0.071616809
-0.063411508
-0.056158711
-0.049736767
-0.044043315
-0.03899159
-0.034507284
-0.030526222
-0.026992556
-0.023857395
-0.021077715
-0.018615525
-0.016437204
-0.014512919
-0.012816337
-0.011324138
-0.010015918
-0.008873688
-0.0078828748
-0.0070295214
-0.0063007011
-0.0057017823
-0.0052178697
-0.0047648814
-0.0045852413
-0.0048127718
-2.8777759
-2.877941
-2.878122
-2.8783098
-2.8785123
-2.8787332
-2.8789725
-2.8792312
-2.8795091
-2.8798059
-2.8801208
-2.8804536
-2.8808036
-2.8811709
-2.8815557
-2.881959
-2.8823816
-2.8828239
-2.8832861
-2.8837674
-2.8842677
-2.8847866
-2.8853234
-2.8858767
-2.8864446
-2.8870243
-2.8876117
-2.8882011
-2.8887847
-2.8893519
-2.8898882
-2.8903767
-2.8908016
-2.8911525
-2.8914062
-2.8915127
-2.8914076
-2.8910256
-2.8903098
-2.8891959
-2.8876411
-2.885628
-2.8831359
-2.8801657
-2.8767199
-2.8727844
-2.8683142
-2.863228
-2.8574214
-2.8507745
-2.8431484
-2.834381
-2.8242729
-2.8125794
-2.7991091
-2.7836786
-2.7658596
-2.7450787
-2.7208248
-2.6924949
-2.6593567
-2.6205516
-2.5750851
-2.5218196
-2.4594803
-2.3866853
-2.3020119
-2.2041146
-2.0919257
-1.9649685
-1.8237766
-1.6703045
-1.5081258
-1.3422249
-1.1783413
-1.0220523
-0.8779081
-0.74889018
-0.63629648
-0.53997823
-0.4587621
-0.39090605
-0.33448378
-0.28759126
-0.2484163
-0.21561424
-0.18797868
-0.16444389
-0.14437962
-0.1271093
-0.1121669
-0.099157638
-0.087776446
-0.077776521
-0.068959151
-0.061162627
-0.054253528
-0.048121014
-0.042671652
-0.03782603
-0.033515958
-0.02968231
-0.026273474
-0.023244088
-0.020554083
-0.018167957
-0.016054178
-0.014184672
-0.012534592
-0.011081871
-0.0098071615
-0.00869339
-0.0077267159
-0.0068937211
-0.0061823933
-0.0055982075
-0.0051249433
-0.0046851811
-0.004515106
-0.0047212698
-2.9418878
-2.9420508
-2.9422293
-2.9424149
-2.9426145
-2.9428317
-2.9430678
-2.9433224
-2.9435954
-2.9438863
-2.9441947
-2.9445193
-2.9448598
-2.945216
-2.9455882
-2.9459764
-2.946382
-2.9468049
-2.9472444
-2.9476999
-2.9481706
-2.9486556
-2.9491535
-2.9496624
-2.9501797
-2.9507013
-2.9512221
-2.9517352
-2.9522314
-2.9526979
-2.9531183
-2.9534728
-2.9537438
-2.953921
-2.9539781
-2.9538554
-2.9534828
-2.9527933
-2.9517307
-2.9502368
-2.9482656
-2.9457983
-2.9428239
-2.9393424
-2.93535
-2.9308213
-2.9256931
-2.9198711
-2.9132422
-2.9056758
-2.8970206
-2.8870982
-2.8756855
-2.8625287
-2.8474508
-2.830203
-2.8102657
-2.7870662
-2.7600666
-2.728602
-2.6918759
-2.64896
-2.5987835
-2.540129
-2.4716469
-2.3918993
-2.2994459
-2.1929947
-2.071653
-1.935304
-1.7850613
-1.6236357
-1.4553823
-1.2858813
-1.1211054
-0.96644649
-0.82593287
-0.70185629
-0.59483048
-0.50414805
-0.42825222
-0.36518732
-0.31294187
-0.2696017
-0.23341417
-0.20310115
-0.17751888
-0.1557002
-0.13705186
-0.12095712
-0.10699166
-0.094796232
-0.084094801
-0.074663892
-0.066324002
-0.058928909
-0.052357968
-0.046510754
-0.041302451
-0.036660754
-0.032523369
-0.02883609
-0.025551406
-0.022627388
-0.020026859
-0.01771674
-0.015667546
-0.01385293
-0.012249505
-0.010836437
-0.0095954218
-0.0085102868
-0.0075679102
-0.0067554194
-0.0060617037
-0.0054922695
-0.0050297607
-0.0046032657
-0.0044421391
-0.00462806
-3.0043012
-3.0044618
-3.0046385
-3.0048213
-3.0050185
-3.0052329
-3.0054654
-3.0057158
-3.0059843
-3.0062697
-3.0065712
-3.006888
-3.0072193
-3.0075643
-3.0079234
-3.0082968
-3.0086853
-3.0090881
-3.0095049
-3.0099339
-3.0103743
-3.0108244
-3.0112825
-3.0117457
-3.0122104
-3.0126719
-3.0131236
-3.0135574
-3.013962
-3.0143234
-3.0146227
-3.0148381
-3.0149489
-3.0149404
-3.0147855
-3.01442
-3.0137664
-3.0127562
-3.0113248
-3.0094234
-3.0070174
-3.004082
-3.0006117
-2.9966034
-2.9920435
-2.986892
-2.9810702
-2.9744719
-2.9669741
-2.9584344
-2.9486872
-2.937535
-2.9247314
-2.9100293
-2.8932406
-2.8740192
-2.8517887
-2.8259889
-2.7960243
-2.7611635
-2.7205418
-2.6731553
-2.6178508
-2.5533284
-2.4781663
-2.3908815
-2.2900414
-2.1744563
-2.0434937
-1.897516
-1.7383441
-1.5695261
-1.3961861
-1.2243795
-1.0601221
-0.90842515
-0.77265233
-0.65434041
-0.55342379
-0.468685
-0.39824828
-0.34000505
-0.2919047
-0.25205217
-0.2187835
-0.1908957
-0.16730327
-0.14714967
-0.12987383
-0.11492015
-0.10190383
-0.090500407
-0.080461645
-0.071586502
-0.063713882
-0.056712444
-0.050473761
-0.044907432
-0.039936919
-0.035496759
-0.031530355
-0.027988258
-0.024826929
-0.022007781
-0.019496443
-0.017262205
-0.015277583
-0.013517921
-0.011961267
-0.010587995
-0.0093808282
-0.0083244847
-0.0074065456
-0.0066146888
-0.0059386878
-0.0053840182
-0.0049323677
-0.0045191515
-0.0043663809
-0.0045331831
-3.0650433
-3.0652026
-3.0653763
-3.0655573
-3.0657518
-3.0659633
-3.0661924
-3.0664391
-3.0667027
-3.0669826
-3.0672775
-3.0675864
-3.0679078
-3.0682419
-3.0685875
-3.0689457
-3.0693163
-3.0696987
-3.0700917
-3.0704933
-3.070902
-3.0713159
-3.0717322
-3.0721475
-3.0725572
-3.0729555
-3.0733346
-3.0736847
-3.0739926
-3.0742419
-3.0744118
-3.0744792
-3.0744226
-3.0742206
-3.073839
-3.0732117
-3.0722576
-3.0709091
-3.0690958
-3.0667683
-3.0639046
-3.0604826
-3.056497
-3.0519403
-3.0467854
-3.0409752
-3.0344168
-3.026994
-3.0185723
-3.0089961
-2.9980843
-2.9856171
-2.9713255
-2.95497
-2.9363258
-2.9149563
-2.8902505
-2.8616345
-2.828447
-2.7898867
-2.7450146
-2.6927443
-2.6318353
-2.5609041
-2.4784628
-2.383001
-2.2731305
-2.1478331
-2.0068468
-1.8511526
-1.6834015
-1.5080256
-1.3308467
-1.1582211
-0.9959882
-0.84858573
-0.71859647
-0.60677155
-0.51239979
-0.43381987
-0.36890861
-0.31546503
-0.2714414
-0.23498654
-0.20455527
-0.17902065
-0.15734711
-0.1388029
-0.12285364
-0.10900461
-0.096908364
-0.086274165
-0.076880238
-0.068547057
-0.061131059
-0.054515116
-0.048602493
-0.043312381
-0.038576169
-0.03433498
-0.030537704
-0.027139472
-0.024100595
-0.021385725
-0.018963218
-0.016804674
-0.014884558
-0.01317987
-0.011670061
-0.010336697
-0.0091635104
-0.008136092
-0.0072427128
-0.0064716071
-0.0058134122
-0.0052735118
-0.0048328218
-0.0044328777
-0.0042879132
-0.0044366898
-3.1241322
-3.1242889
-3.1244613
-3.1246398
-3.1248317
-3.1250405
-3.1252664
-3.1255089
-3.1257681
-3.1260424
-3.1263307
-3.1266312
-3.1269432
-3.1272654
-3.1275976
-3.1279397
-3.128292
-3.1286532
-3.1290212
-3.1293942
-3.1297699
-3.1301457
-3.1305181
-3.1308829
-3.1312346
-3.1315661
-3.1318683
-3.1321297
-3.1323352
-3.1324656
-3.1324972
-3.1324055
-3.1321696
-3.1317644
-3.1311448
-3.1302383
-3.1289621
-3.1272456
-3.1250267
-3.1222588
-3.118917
-3.1149873
-3.1104623
-3.1053268
-3.0995409
-3.0930286
-3.0856835
-3.0773785
-3.067967
-3.0572788
-3.0451142
-3.0312271
-3.015333
-2.9972036
-2.9765498
-2.9528346
-2.9254369
-2.8937501
-2.8570404
-2.8144309
-2.7649007
-2.7072737
-2.6402182
-2.5622692
-2.4718847
-2.3675537
-2.247986
-2.1124302
-1.9611327
-1.7958439
-1.6201473
-1.4393505
-1.2598367
-1.0880387
-0.92938375
-0.7875628
-0.66429796
-0.55956124
-0.4720564
-0.39975783
-0.34036959
-0.29165574
-0.25160868
-0.21844258
-0.1907565
-0.16749179
-0.14766232
-0.13066809
-0.11599774
-0.1032155
-0.092009317
-0.082120836
-0.07335338
-0.065547907
-0.058577514
-0.052338612
-0.046745594
-0.041726811
-0.037221232
-0.033176293
-0.02954615
-0.026290353
-0.02337293
-0.020761662
-0.018427557
-0.016344456
-0.014488729
-0.012838992
-0.011376072
-0.010082697
-0.0089435937
-0.0079452135
-0.0070764995
-0.0063262469
-0.0056859337
-0.005160803
-0.004731169
-0.0043444643
-0.0042067799
-0.0043386204
-3.1815978
-3.1817531
-3.181923
-3.1820996
-3.182289
-3.1824951
-3.1827175
-3.1829566
-3.1832109
-3.1834797
-3.183761
-3.1840532
-3.1843553
-3.1846655
-3.1849834
-3.1853091
-3.185642
-3.1859808
-3.186323
-3.1866658
-3.1870067
-3.1873421
-3.1876682
-3.1879795
-3.1882695
-3.1885299
-3.18875
-3.1889164
-3.1890125
-3.1890161
-3.1889011
-3.1886395
-3.1882085
-3.1875804
-3.1867025
-3.1854955
-3.1838763
-3.1817664
-3.1791093
-3.1758721
-3.1720282
-3.1675666
-3.1624751
-3.1567264
-3.150265
-3.1429986
-3.1348077
-3.1255536
-3.1150757
-3.1031872
-3.0896665
-3.0742398
-3.0566212
-3.036574
-3.0137127
-2.987424
-2.9570891
-2.9220398
-2.8814633
-2.8344016
-2.779744
-2.7162187
-2.6424016
-2.556753
-2.4576959
-2.3437592
-2.2138287
-2.0675462
-1.9058298
-1.7313467
-1.5486717
-1.3639088
-1.1837973
-1.0145836
-0.86105244
-0.72600771
-0.61027563
-0.51309256
-0.43265988
-0.36667565
-0.31274471
-0.26864847
-0.23245173
-0.20245506
-0.17740733
-0.15631516
-0.13825774
-0.12275133
-0.10931103
-0.097556732
-0.087209941
-0.078043166
-0.069883401
-0.062591062
-0.056054987
-0.05018442
-0.044904353
-0.040151823
-0.035873053
-0.032021501
-0.028556383
-0.025441487
-0.022644428
-0.020136011
-0.017889812
-0.015881851
-0.01409035
-0.012495501
-0.011079475
-0.0098261423
-0.0087212047
-0.0077519551
-0.0069079956
-0.0061786861
-0.0055563198
-0.0050459518
-0.0046274672
-0.004253954
-0.0041230648
-0.0042390246
-3.2374479
-3.2376008
-3.2377693
-3.2379433
-3.2381306
-3.2383336
-3.238553
-3.2387879
-3.2390378
-3.2393005
-3.2395747
-3.2398586
-3.2401497
-3.2404475
-3.2407505
-3.2410586
-3.2413713
-3.2416862
-3.2420009
-3.2423116
-3.2426152
-3.2429078
-3.2431841
-3.2434381
-3.2436619
-3.2438457
-3.2439773
-3.2440414
-3.2440187
-3.2438853
-3.2436128
-3.2431704
-3.242527
-3.241652
-3.2404911
-3.2389575
-3.2369654
-3.234437
-3.2313186
-3.2275833
-3.2232097
-3.2181864
-3.212494
-3.2060908
-3.1989026
-3.190822
-3.1817176
-3.1714376
-3.1598056
-3.1466165
-3.131622
-3.1145222
-3.0950354
-3.0728835
-3.0475825
-3.0184734
-2.984915
-2.946162
-2.9013188
-2.8493384
-2.7890127
-2.7189701
-2.6376961
-2.5435896
-2.4350688
-2.3107636
-2.1698449
-2.0125094
-1.8405242
-1.657595
-1.4692792
-1.2823158
-1.1035316
-0.93870696
-0.79177679
-0.66456651
-0.55701854
-0.46771051
-0.39444014
-0.33471988
-0.28612448
-0.24649776
-0.21400347
-0.18704802
-0.16451912
-0.14549493
-0.12913911
-0.11505678
-0.10279699
-0.092031145
-0.082512705
-0.074043305
-0.066472224
-0.059678204
-0.053564954
-0.048053856
-0.043079909
-0.038588415
-0.034532492
-0.030871351
-0.027569039
-0.024593422
-0.021915556
-0.019509171
-0.017350322
-0.015417145
-0.013689661
-0.0121496
-0.010780444
-0.0095671806
-0.0084964652
-0.0075564191
-0.0067372874
-0.0060289968
-0.0054246286
-0.0049290128
-0.0045217642
-0.0041613703
-0.004036815
-0.0041379413
-3.2916793
-3.291831
-3.2919966
-3.2921692
-3.2923535
-3.292554
-3.2927699
-3.293001
-3.2932456
-3.2935026
-3.2937694
-3.2940439
-3.2943242
-3.2946086
-3.2948958
-3.2951853
-3.2954762
-3.2957661
-3.2960511
-3.2963275
-3.2965912
-3.2968376
-3.2970605
-3.2972526
-3.2974048
-3.297506
-3.2975419
-3.2974951
-3.2973435
-3.2970605
-3.2966161
-3.2959791
-3.29511
-3.2939682
-3.292498
-3.2906091
-3.2882073
-3.2852235
-3.2816149
-3.2773526
-3.2724197
-3.2668002
-3.2604645
-3.2533558
-3.2453809
-3.2364173
-3.2263211
-3.2149256
-3.202037
-3.1874277
-3.1708187
-3.151892
-3.1303751
-3.1059117
-3.077907
-3.0456886
-3.0085677
-2.9657131
-2.9161391
-2.8587006
-2.792085
-2.7148193
-2.625307
-2.5219078
-2.4030817
-2.2676502
-2.1152185
-1.9467287
-1.7649699
-1.5747529
-1.3825202
-1.1953978
-1.0199876
-0.86132997
-0.72234944
-0.60385754
-0.50497171
-0.42371458
-0.35758782
-0.30400646
-0.26057695
-0.22524253
-0.19628556
-0.17223213
-0.15209717
-0.13503705
-0.12030966
-0.10758691
-0.096457758
-0.08664065
-0.077919374
-0.070122893
-0.063121341
-0.05681072
-0.051108676
-0.04594804
-0.041273267
-0.037037477
-0.033200334
-0.029726525
-0.026584714
-0.02374667
-0.021186758
-0.01888152
-0.016809413
-0.014950616
-0.0132869
-0.01180149
-0.010479148
-0.0093059527
-0.0082694975
-0.0073587095
-0.006564464
-0.0058772571
-0.0052909273
-0.0048100476
-0.004414118
-0.0040667587
-0.003948116
-0.0040354194
-3.3442958
-3.3444458
-3.3446097
-3.3447794
-3.3449619
-3.3451591
-3.3453717
-3.3455986
-3.3458384
-3.3460888
-3.3463479
-3.3466129
-3.3468815
-3.3471516
-3.3474218
-3.3476916
-3.3479594
-3.3482221
-3.3484753
-3.3487148
-3.3489355
-3.3491318
-3.3492969
-3.349422
-3.3494966
-3.3495077
-3.3494394
-3.3492717
-3.3489804
-3.3485362
-3.3479047
-3.3470491
-3.3459298
-3.3444994
-3.3426908
-3.3404118
-3.3375669
-3.3340936
-3.3299583
-3.3251355
-3.3196087
-3.3133541
-3.3063268
-3.2984519
-3.2896197
-3.2796937
-3.2685154
-3.2559013
-3.2416377
-3.2254697
-3.2070873
-3.1861699
-3.1624227
-3.1353811
-3.1043711
-3.0687115
-3.0276348
-2.9802164
-2.9253723
-2.8618513
-2.7882317
-2.7029422
-2.6043205
-2.4907229
-2.360724
-2.2134666
-2.0491805
-1.869761
-1.6791563
-1.4832629
-1.2892074
-1.1041804
-0.93422676
-0.78340918
-0.653543
-0.54445087
-0.45452462
-0.38135376
-0.32225303
-0.27462135
-0.23614899
-0.2049071
-0.17930962
-0.1580109
-0.14014356
-0.12494453
-0.11177031
-0.1003426
-0.090294305
-0.081386271
-0.073431068
-0.066283065
-0.059831892
-0.053989697
-0.048687182
-0.04386794
-0.039485301
-0.035499798
-0.031877284
-0.028587648
-0.025603956
-0.02290171
-0.020458447
-0.018253418
-0.016267391
-0.014482526
-0.01288229
-0.011451362
-0.010175752
-0.0090426006
-0.0080404193
-0.0071589262
-0.0063896103
-0.0057235387
-0.005155275
-0.0046891105
-0.0043045763
-0.003970146
-0.0038570173
-0.0039314968
-3.3952998
-3.3954474
-3.3956095
-3.3957772
-3.3959568
-3.3961513
-3.3963607
-3.3965827
-3.3968175
-3.3970615
-3.3973123
-3.397567
-3.397823
-3.398078
-3.3983303
-3.3985784
-3.3988214
-3.3990547
-3.3992737
-3.3994729
-3.3996471
-3.3997893
-3.3998913
-3.3999434
-3.3999332
-3.399846
-3.3996634
-3.3993628
-3.3989176
-3.3982967
-3.3974644
-3.396373
-3.3949749
-3.3932203
-3.3910352
-3.3883232
-3.3849967
-3.3810015
-3.376305
-3.370886
-3.3647241
-3.3577853
-3.3500083
-3.3412983
-3.3315288
-3.3205494
-3.3081854
-3.2942342
-3.2784586
-3.260572
-3.2402365
-3.2171327
-3.1909
-3.1609663
-3.1266179
-3.0871263
-3.0416307
-2.9891072
-2.9283645
-2.8580378
-2.7765964
-2.6823816
-2.5736913
-2.4489361
-2.306915
-2.1472702
-1.9710813
-1.7813929
-1.5833765
-1.3838821
-1.1904154
-1.0098581
-0.84738242
-0.70589674
-0.58608086
-0.4868507
-0.4060029
-0.34082415
-0.28854605
-0.24662206
-0.21286802
-0.18550274
-0.16307811
-0.14438176
-0.1286569
-0.11521729
-0.10351993
-0.0933233
-0.084306515
-0.076268257
-0.069048292
-0.062524504
-0.056604664
-0.051215964
-0.046301304
-0.041814342
-0.03771677
-0.033976076
-0.030563971
-0.027455285
-0.024627268
-0.022058985
-0.019731012
-0.017625202
-0.01572455
-0.014013129
-0.01247605
-0.011099405
-0.0098704134
-0.0087772591
-0.0078093488
-0.0069571702
-0.0062128143
-0.0055679184
-0.005017739
-0.0045662663
-0.0041931978
-0.0038715813
-0.0037636061
-0.0038262216
-3.4446926
-3.4448384
-3.4449983
-3.4451635
-3.445341
-3.4455324
-3.4457377
-3.4459561
-3.4461847
-3.4464218
-3.4466641
-3.4469077
-3.4471503
-3.447389
-3.4476215
-3.4478467
-3.4480625
-3.448264
-3.4484456
-3.4486012
-3.4487243
-3.4488071
-3.4488403
-3.4488122
-3.448709
-3.4485136
-3.4482051
-3.4477586
-3.4471442
-3.4463271
-3.4452669
-3.4439147
-3.4422145
-3.440101
-3.4374958
-3.4343086
-3.4304601
-3.4259022
-3.420606
-3.4145504
-3.4077067
-3.400026
-3.3914293
-3.3818024
-3.3710025
-3.3588633
-3.3451918
-3.3297635
-3.3123127
-3.2925167
-3.2700205
-3.2444967
-3.2154848
-3.1823035
-3.1442204
-3.1004311
-3.0499716
-2.991709
-2.9243357
-2.8463695
-2.7561763
-2.6520305
-2.5322355
-2.3953456
-2.2405444
-2.0682011
-1.8804834
-1.6817297
-1.4782866
-1.2776976
-1.087456
-0.91374825
-0.76061
-0.62970003
-0.5206111
-0.43148208
-0.35966382
-0.30226908
-0.25653923
-0.22004013
-0.19074399
-0.16702893
-0.14758498
-0.13133675
-0.11763306
-0.10585254
-0.095555614
-0.086527232
-0.078493318
-0.071286143
-0.064771027
-0.058847488
-0.053440131
-0.04849011
-0.043951682
-0.039787909
-0.035968303
-0.03246691
-0.029260956
-0.026329945
-0.023655109
-0.021218903
-0.019004816
-0.016997189
-0.015181166
-0.013542666
-0.012068389
-0.010745797
-0.0095632898
-0.0085100635
-0.0075763992
-0.0067535386
-0.0060341596
-0.0054104674
-0.004878379
-0.0044415703
-0.0040800318
-0.0037710942
-0.0036679341
-0.0037196313
-3.4924661
-3.4926104
-3.4927683
-3.4929311
-3.4931058
-3.4932942
-3.4934958
-3.4937094
-3.4939325
-3.494162
-3.4943947
-3.4946268
-3.4948548
-3.4950757
-3.4952871
-3.4954869
-3.4956727
-3.4958394
-3.4959801
-3.4960877
-3.4961548
-3.4961724
-3.4961294
-3.4960129
-3.4958068
-3.4954915
-3.4950433
-3.4944342
-3.4936321
-3.4926004
-3.4912883
-3.4896419
-3.4876032
-3.4850948
-3.4820309
-3.4783268
-3.4739143
-3.4687514
-3.4628117
-3.4560703
-3.4484873
-3.4399958
-3.4304961
-3.4198558
-3.4079161
-3.3944925
-3.379371
-3.3623014
-3.3429835
-3.3210593
-3.2961686
-3.2679315
-3.2357716
-3.198937
-3.1566542
-3.1080185
-3.0519542
-2.9872103
-2.9123559
-2.8257937
-2.7258007
-2.6106198
-2.4786344
-2.3286801
-2.1605431
-1.9755839
-1.7772715
-1.5712813
-1.3649438
-1.1661135
-0.98182984
-0.81723004
-0.67503303
-0.55564443
-0.45768598
-0.37868289
-0.31569539
-0.26578142
-0.22627014
-0.19488393
-0.16977163
-0.14947489
-0.1328171
-0.11886518
-0.10706568
-0.096845144
-0.087872863
-0.079951476
-0.072852819
-0.066438846
-0.060598771
-0.055251919
-0.050338464
-0.045812486
-0.041638771
-0.037789144
-0.034240431
-0.030972815
-0.027968728
-0.025212087
-0.022687897
-0.020381846
-0.018280195
-0.01636968
-0.014637504
-0.013071368
-0.011659508
-0.010390713
-0.0092545301
-0.0082411416
-0.0073416841
-0.00654813
-0.0058537321
-0.0052512627
-0.0047372628
-0.004315087
-0.0039651369
-0.003668736
-0.0035700896
-0.0036117719
-3.5386308
-3.5387729
-3.5389285
-3.5390896
-3.5392612
-3.5394465
-3.5396444
-3.5398529
-3.5400701
-3.5402917
-3.5405142
-3.5407338
-3.5409461
-3.5411478
-3.5413361
-3.5415081
-3.5416613
-3.5417896
-3.5418852
-3.5419402
-3.5419454
-3.5418907
-3.5417636
-3.5415488
-3.5412282
-3.5407796
-3.5401766
-3.5393874
-3.5383753
-3.5370969
-3.5355019
-3.5335307
-3.5311125
-3.528164
-3.5245967
-3.5203297
-3.5153058
-3.5094902
-3.5028566
-3.4953705
-3.486977
-3.4775904
-3.4670894
-3.4553232
-3.4421151
-3.4272603
-3.4105201
-3.3916131
-3.3701986
-3.3458925
-3.3183297
-3.2870288
-3.2512881
-3.2103259
-3.1632876
-3.1091542
-3.0467295
-2.9746354
-2.8913164
-2.7950705
-2.6841132
-2.5567154
-2.4114593
-2.2476639
-2.0659897
-1.8690565
-1.6617674
-1.4510293
-1.2448113
-1.0508048
-0.8751555
-0.72167493
-0.59169101
-0.48444226
-0.39774834
-0.32870103
-0.27421882
-0.23140773
-0.19774564
-0.1711419
-0.14993269
-0.13282154
-0.11875776
-0.10695734
-0.096944977
-0.08818799
-0.080465849
-0.073592172
-0.067382386
-0.06172472
-0.056530576
-0.051737357
-0.047299575
-0.043183232
-0.039362859
-0.035818424
-0.032533566
-0.029494226
-0.026687715
-0.024102116
-0.02172601
-0.019548157
-0.017557464
-0.015742954
-0.014093813
-0.012599453
-0.011249596
-0.01003432
-0.0089442818
-0.0079706224
-0.0071053124
-0.0063410384
-0.0056716139
-0.0050903744
-0.0045944507
-0.0041868733
-0.0038485622
-0.0035645405
-0.0034701266
-0.0035026804
-3.5831993
-3.5833402
-3.5834934
-3.583652
-3.5838211
-3.5840031
-3.584197
-3.5844005
-3.5846107
-3.5848245
-3.5850361
-3.5852417
-3.5854368
-3.5856177
-3.5857803
-3.5859224
-3.5860396
-3.5861256
-3.5861714
-3.5861675
-3.5861042
-3.585969
-3.5857478
-3.5854233
-3.5849745
-3.5843762
-3.5835987
-3.5826077
-3.5813627
-3.5798106
-3.5778955
-3.5755557
-3.5727096
-3.5692676
-3.5651409
-3.5602573
-3.5545699
-3.5480475
-3.5406598
-3.5323594
-3.5230716
-3.5126886
-3.5010694
-3.4880445
-3.4734168
-3.4569574
-3.438399
-3.4174212
-3.3936431
-3.3666681
-3.3360805
-3.3012746
-3.2614574
-3.2158024
-3.1633453
-3.1029426
-3.0332682
-2.9528117
-2.8599002
-2.7527488
-2.6295597
-2.4887324
-2.3292306
-2.1511258
-1.9562563
-1.7487156
-1.5348315
-1.3224584
-1.1197224
-0.93363916
-0.76908273
-0.62837602
-0.51149404
-0.41667079
-0.34112539
-0.28169665
-0.23529378
-0.19915366
-0.17094632
-0.14878579
-0.13119831
-0.11704375
-0.10539028
-0.095602048
-0.087255226
-0.079872311
-0.073327627
-0.06744464
-0.062078769
-0.057141643
-0.05256513
-0.04830306
-0.044323137
-0.040602301
-0.037124086
-0.033876005
-0.030848037
-0.028031495
-0.025418275
-0.023000388
-0.020769789
-0.018718152
-0.016836909
-0.015117272
-0.013550325
-0.012127129
-0.01083884
-0.0096767798
-0.0086326842
-0.0076986273
-0.0068673929
-0.0061323591
-0.0054878895
-0.0049278779
-0.0044500103
-0.0040569952
-0.0037303675
-0.0034585611
-0.0033681335
-0.0033924025
-3.6261826
-3.6263207
-3.6264724
-3.6266285
-3.6267952
-3.6269735
-3.6271631
-3.6273618
-3.6275651
-3.6277691
-3.6279693
-3.6281599
-3.6283363
-3.6284936
-3.6286285
-3.6287368
-3.6288146
-3.6288536
-3.6288435
-3.6287743
-3.6286339
-3.6284086
-3.6280818
-3.6276338
-3.6270407
-3.626274
-3.6253003
-3.6240809
-3.6225677
-3.6207065
-3.6184352
-3.6156778
-3.6123469
-3.6083499
-3.6036024
-3.5980435
-3.591634
-3.5843425
-3.5761273
-3.5669246
-3.556639
-3.5451393
-3.5322635
-3.5178218
-3.5015936
-3.4833221
-3.4627039
-3.439374
-3.4129191
-3.382932
-3.3488863
-3.3100432
-3.2655693
-3.2145447
-3.1558776
-3.0882918
-3.0103237
-2.9203348
-2.8165526
-2.6971493
-2.5603975
-2.4049881
-2.230526
-2.0381588
-1.8311845
-1.6152583
-1.3979289
-1.1875364
-0.99179723
-0.81657223
-0.66519906
-0.53848342
-0.43518877
-0.35276065
-0.28802995
-0.23774855
-0.19892576
-0.16899017
-0.14583105
-0.12777399
-0.11353122
-0.10211109
-0.09269518
-0.084779361
-0.077977624
-0.071887822
-0.066450443
-0.061503525
-0.056938183
-0.052687067
-0.048700771
-0.044948031
-0.041408606
-0.03806947
-0.034922446
-0.031962024
-0.029184069
-0.026584903
-0.024160717
-0.021907212
-0.019819532
-0.017892115
-0.016118797
-0.014492878
-0.01300726
-0.011654593
-0.010427414
-0.009318247
-0.0083198753
-0.0074252783
-0.0066280295
-0.0059221835
-0.0053026388
-0.0047638434
-0.0043040012
-0.0039255094
-0.0036106018
-0.0033508344
-0.0032641664
-0.0032809736
-3.6676037
-3.6677406
-3.6678899
-3.6680435
-3.6682072
-3.6683828
-3.6685677
-3.6687602
-3.6689563
-3.6691507
-3.6693377
-3.6695118
-3.6696672
-3.6697989
-3.669902
-3.6699733
-3.6700063
-3.6699922
-3.6699199
-3.6697766
-3.6695493
-3.6692219
-3.6687755
-3.6681872
-3.6674299
-3.6664716
-3.665275
-3.6637954
-3.6619778
-3.6597625
-3.6570804
-3.6538454
-3.6499635
-3.6453424
-3.639907
-3.6336071
-3.6264072
-3.61827
-3.6091388
-3.5989278
-3.5875177
-3.574755
-3.5604565
-3.5444086
-3.526363
-3.5060293
-3.48306
-3.4570448
-3.4275518
-3.394113
-3.3560681
-3.3125765
-3.2627471
-3.2055369
-3.1397167
-3.0638683
-2.9763911
-2.8755331
-2.7594575
-2.6263631
-2.474736
-2.3038066
-2.1141514
-1.9083259
-1.6912706
-1.4700897
-1.2531353
-1.0486339
-0.86332062
-0.70152693
-0.56494056
-0.45295332
-0.36333828
-0.29299477
-0.23856797
-0.19686376
-0.16507437
-0.14085991
-0.12234153
-0.10805443
-0.096887918
-0.087988544
-0.080645596
-0.074463391
-0.069096161
-0.064223059
-0.05982591
-0.055762896
-0.051956411
-0.048358086
-0.04493555
-0.041671016
-0.038555232
-0.035584348
-0.032757802
-0.030076513
-0.027541806
-0.025154662
-0.02291529
-0.020822851
-0.018875505
-0.017070306
-0.015403371
-0.013869996
-0.012464825
-0.011182032
-0.010015485
-0.0089588715
-0.0080059863
-0.0071506904
-0.0063873268
-0.0057106034
-0.0051159445
-0.0045983442
-0.0041564919
-0.0037924818
-0.0034893249
-0.0032414165
-0.0031583142
-0.0031684382
-3.7074667
-3.7076018
-3.7077487
-3.7079003
-3.708061
-3.7082325
-3.7084134
-3.7085995
-3.7087874
-3.7089709
-3.7091435
-3.7092991
-3.7094309
-3.7095334
-3.7096016
-3.7096303
-3.7096127
-3.709539
-3.7093952
-3.709168
-3.7088415
-3.7083977
-3.7078143
-3.7070654
-3.7061196
-3.7049415
-3.7034902
-3.7017113
-3.6995447
-3.696925
-3.6937698
-3.6899859
-3.6854762
-3.6801541
-3.6739564
-3.6668408
-3.6587697
-3.6496923
-3.6395324
-3.6281812
-3.6154937
-3.601293
-3.5853719
-3.5674891
-3.5473639
-3.5246638
-3.4989905
-3.4698971
-3.4369265
-3.3994871
-3.3567823
-3.3079191
-3.2518934
-3.187521
-3.1134275
-3.0280511
-2.9296663
-2.8164393
-2.6865297
-2.5382867
-2.3706401
-2.183698
-1.9793745
-1.7618916
-1.5378235
-1.315365
-1.103065
-0.90838557
-0.73659204
-0.59027398
-0.4695179
-0.37251533
-0.29631692
-0.23751668
-0.19275096
-0.15898902
-0.13366233
-0.11468353
-0.10040652
-0.089567454
-0.081220393
-0.074638127
-0.069210212
-0.064630204
-0.060596504
-0.056865912
-0.053445162
-0.050216369
-0.04712886
-0.044151495
-0.041267272
-0.038470558
-0.035762102
-0.033146413
-0.030629902
-0.028219412
-0.025921311
-0.023740917
-0.021682185
-0.019747528
-0.017937941
-0.016252954
-0.014690854
-0.013248834
-0.011923211
-0.01070962
-0.0096032116
-0.0085987946
-0.0076911456
-0.0068749783
-0.006145384
-0.005497707
-0.004927885
-0.0044314496
-0.0040075423
-0.0036579711
-0.003366587
-0.0031303465
-0.0030506339
-0.0030548319
-3.7457897
-3.7459224
-3.7460675
-3.7462162
-3.746374
-3.7465417
-3.7467174
-3.7468969
-3.7470757
-3.7472469
-3.7474036
-3.747538
-3.747643
-3.7477125
-3.7477403
-3.7477207
-3.7476456
-3.7475028
-3.7472774
-3.7469534
-3.7465127
-3.7459345
-3.7451932
-3.7442591
-3.7430965
-3.7416638
-3.7399121
-3.7377844
-3.7352142
-3.7321226
-3.7284179
-3.724001
-3.7187765
-3.7126683
-3.7056243
-3.6976042
-3.6885619
-3.6784279
-3.6671015
-3.6544474
-3.6402954
-3.6244437
-3.6066568
-3.5866612
-3.5641354
-3.5386959
-3.5098935
-3.4772579
-3.4402503
-3.3981303
-3.3500002
-3.2948858
-3.2316445
-3.1589415
-3.0752532
-2.9788836
-2.8680109
-2.740776
-2.5954431
-2.4307225
-2.2463237
-2.043628
-1.8262083
-1.6000403
-1.373052
-1.1539351
-0.95072019
-0.76950669
-0.61376756
-0.48432769
-0.37986595
-0.29766053
-0.23431879
-0.18634622
-0.15051113
-0.12402296
-0.10458426
-0.090365512
-0.079945543
-0.072248171
-0.066477673
-0.062019754
-0.058356515
-0.055257787
-0.052463233
-0.049803701
-0.047298947
-0.044857192
-0.042450653
-0.040063837
-0.037693528
-0.035345024
-0.033028147
-0.030755003
-0.028538383
-0.026390564
-0.024322573
-0.022343754
-0.02046155
-0.018681425
-0.017007037
-0.015440263
-0.013981444
-0.012629585
-0.0113826
-0.010237526
-0.0091907459
-0.0082381544
-0.007375475
-0.0065982506
-0.0059023003
-0.0052835833
-0.0047385403
-0.0042632328
-0.0038572203
-0.0035220428
-0.0032424472
-0.0030176829
-0.0029412145
-0.0029401977
-3.7825656
-3.7826963
-3.7828388
-3.7829849
-3.7831393
-3.783303
-3.7834725
-3.783645
-3.783813
-3.7839704
-3.7841083
-3.7842185
-3.784293
-3.784324
-3.784305
-3.7842294
-3.7840875
-3.7838648
-3.7835443
-3.7831075
-3.7825339
-3.7817985
-3.7808723
-3.7797211
-3.778305
-3.7765762
-3.7744753
-3.7719387
-3.7688939
-3.765249
-3.7609035
-3.7557561
-3.7497192
-3.7427297
-3.7347418
-3.7257104
-3.7155721
-3.7042338
-3.6915686
-3.6774127
-3.661569
-3.6438071
-3.6238587
-3.6014105
-3.5760908
-3.5474587
-3.5150234
-3.4782662
-3.4365121
-3.3888821
-3.3344071
-3.2719784
-3.2002989
-3.1178812
-3.0230602
-2.9140322
-2.7889327
-2.6459759
-2.483723
-2.3015723
-2.100439
-1.8833456
-1.6556895
-1.4250168
-1.2000388
-0.98918668
-0.79927087
-0.63459017
-0.49671734
-0.38487143
-0.29662165
-0.22864915
-0.17737717
-0.13939967
-0.11171819
-0.091828101
-0.077714567
-0.067799415
-0.060872227
-0.056028494
-0.052606864
-0.050091601
-0.048050944
-0.046324066
-0.044680225
-0.043023402
-0.041377735
-0.039678348
-0.037916674
-0.036091435
-0.034211707
-0.032292609
-0.030352158
-0.02840935
-0.026482786
-0.024589734
-0.022745516
-0.020963199
-0.019253484
-0.017624682
-0.016082962
-0.01463241
-0.013275321
-0.012012425
-0.010843158
-0.0097659021
-0.0087782305
-0.0078770806
-0.0070590938
-0.0063206157
-0.0056581706
-0.0050683172
-0.004547987
-0.0040937611
-0.0037055857
-0.0033847553
-0.0031169563
-0.0029034679
-0.0028301144
-0.0028245706
-3.8177666
-3.8178952
-3.8180351
-3.8181781
-3.818329
-3.8184873
-3.8186512
-3.8188142
-3.8189708
-3.8191117
-3.8192281
-3.81931
-3.8193485
-3.8193346
-3.8192613
-3.81912
-3.8188994
-3.818583
-3.818151
-3.8175818
-3.8168514
-3.8159308
-3.8147864
-3.813379
-3.811664
-3.8095832
-3.8070715
-3.8040568
-3.8004505
-3.7961523
-3.7910569
-3.7850673
-3.7781086
-3.7701278
-3.7610784
-3.7509009
-3.739509
-3.726782
-3.7125628
-3.6966584
-3.6788422
-3.6588498
-3.6363735
-3.61105
-3.5824473
-3.5500723
-3.5134039
-3.4718004
-3.4244219
-3.3703022
-3.3083587
-3.2373272
-3.1557532
-3.0620022
-2.9542919
-2.8307627
-2.6896015
-2.5292744
-2.3489528
-2.1491631
-1.932457
-1.7037252
-1.4700847
-1.2401361
-1.0225756
-0.82478467
-0.6517998
-0.50591628
-0.38691868
-0.29271985
-0.22012901
-0.16553402
-0.12539097
-0.096512246
-0.076195588
-0.062241892
-0.052914678
-0.046872247
-0.043097033
-0.040838768
-0.039554091
-0.038811147
-0.038261611
-0.037807416
-0.037230876
-0.03651175
-0.035671806
-0.034672613
-0.033521639
-0.032230461
-0.03081907
-0.029311389
-0.027732811
-0.026108571
-0.02446256
-0.022816612
-0.021189996
-0.019599231
-0.018058041
-0.016577407
-0.015165853
-0.013829551
-0.012572647
-0.011397512
-0.010305039
-0.0092948977
-0.0083658023
-0.0075156995
-0.0067421151
-0.0060421752
-0.0054130894
-0.004851994
-0.0043563031
-0.003923106
-0.0035527062
-0.0032461748
-0.0029901738
-0.0027877615
-0.0027174221
-0.0027079929
-3.8513684
-3.8514946
-3.8516311
-3.8517708
-3.8519172
-3.8520703
-3.8522262
-3.8523794
-3.8525216
-3.8526434
-3.8527341
-3.8527827
-3.8527784
-3.8527115
-3.8525731
-3.852354
-3.8520404
-3.8516125
-3.8510476
-3.8503207
-3.8494037
-3.8482629
-3.8468591
-3.8451462
-3.8430698
-3.8405669
-3.8375638
-3.8339738
-3.8296966
-3.824624
-3.8186516
-3.8116935
-3.8036877
-3.7945845
-3.7843271
-3.7728334
-3.759988
-3.7456394
-3.7295989
-3.7116421
-3.6915073
-3.66889
-3.6434329
-3.6147116
-3.5822321
-3.5454596
-3.5037851
-3.4564035
-3.402344
-3.3405462
-3.2697756
-3.1886057
-3.0954303
-2.9884909
-2.8659395
-2.7259531
-2.5669421
-2.3879271
-2.1891388
-1.9727157
-1.7431245
-1.5070776
-1.2729631
-1.0496217
-0.84486473
-0.66435513
-0.51105274
-0.38530403
-0.28539783
-0.20831962
-0.1504671
-0.10819492
-0.078154516
-0.057460102
-0.043735449
-0.035086187
-0.030038896
-0.027468163
-0.026529495
-0.026609123
-0.027265662
-0.028137777
-0.028962604
-0.029685449
-0.030098341
-0.030255371
-0.030171347
-0.02983265
-0.029260117
-0.028476941
-0.027512742
-0.026399315
-0.025168685
-0.023851705
-0.022477081
-0.021070818
-0.019655811
-0.018251774
-0.016875238
-0.015539674
-0.01425582
-0.013031818
-0.011873565
-0.010784994
-0.0097683849
-0.0088246471
-0.0079535892
-0.0071541287
-0.00642465
-0.0057630312
-0.0051671465
-0.0046346958
-0.0041635629
-0.0037513345
-0.0033986419
-0.00310636
-0.0028621503
-0.0026706084
-0.002603197
-0.0025904988
-3.8832941
-3.8834168
-3.8835499
-3.8836854
-3.8838264
-3.8839727
-3.8841196
-3.8842603
-3.8843854
-3.8844841
-3.8845437
-3.8845518
-3.8844962
-3.8843651
-3.8841487
-3.8838358
-3.8834097
-3.8828475
-3.8821224
-3.8812051
-3.8800623
-3.8786552
-3.8769381
-3.8748569
-3.8723456
-3.8693326
-3.8657346
-3.8614498
-3.8563671
-3.8503761
-3.8433814
-3.8353115
-3.8261117
-3.8157252
-3.8040736
-3.791046
-3.7764947
-3.7602338
-3.7420405
-3.7216542
-3.6987717
-3.6730386
-3.6440361
-3.6112705
-3.5741932
-3.5322009
-3.4845268
-3.4302197
-3.3682165
-3.2973029
-3.2160783
-3.1229625
-3.0162214
-2.8940245
-2.7545526
-2.5961907
-2.4178695
-2.2196144
-2.0032328
-1.7728343
-1.5347913
-1.2972332
-1.0690169
-0.85826178
-0.67113104
-0.51116482
-0.37923772
-0.27402512
-0.19272335
-0.13178255
-0.087494091
-0.056377881
-0.035387273
-0.021980574
-0.014111535
-0.0101753
-0.008939204
-0.0094713178
-0.011079936
-0.013270553
-0.015689271
-0.018034992
-0.020130188
-0.021932771
-0.023265661
-0.024240907
-0.024866503
-0.025151041
-0.025126618
-0.02482682
-0.024289759
-0.023554255
-0.02265826
-0.021637702
-0.02052565
-0.019351908
-0.018142711
-0.016920708
-0.015705047
-0.014511522
-0.013352948
-0.01223932
-0.011178199
-0.010174999
-0.0092333289
-0.0083552791
-0.0075417127
-0.0067924839
-0.0061068023
-0.0054832789
-0.0049204319
-0.0044165047
-0.0039698425
-0.0035785171
-0.0032434597
-0.0029653766
-0.0027329452
-0.0025520706
-0.0024875268
-0.0024721302
-3.9134188
-3.9135378
-3.9136662
-3.9137962
-3.9139308
-3.9140686
-3.9142041
-3.9143293
-3.9144334
-3.9145034
-3.9145251
-3.9144836
-3.914365
-3.9141558
-3.913844
-3.9134166
-3.9128535
-3.9121273
-3.9112064
-3.9100564
-3.9086379
-3.9069053
-3.9048054
-3.9022723
-3.8992319
-3.8956001
-3.8912756
-3.8861454
-3.8800941
-3.8730175
-3.864835
-3.8554861
-3.8449124
-3.8330375
-3.8197531
-3.8049139
-3.7883358
-3.7697963
-3.7490342
-3.7257459
-3.6995771
-3.6701107
-3.6368548
-3.5992496
-3.5566874
-3.5084285
-3.4535361
-3.3909463
-3.3194582
-3.2376919
-3.1440897
-3.0369412
-2.914438
-2.7747772
-2.6163445
-2.438032
-2.2397452
-2.0230593
-1.7917818
-1.552011
-1.3116323
-1.0794189
-0.86367667
-0.67093767
-0.50521627
-0.36785586
-0.25790384
-0.17278743
-0.10904464
-0.062941351
-0.030898798
-0.0097346794
0.0032392225
0.010210639
0.012910316
0.012677835
0.010531033
0.0072319223
0.0033391254
-0.00075586758
-0.0047740537
-0.0084673851
-0.011732572
-0.014523059
-0.01671576
-0.018455173
-0.019747468
-0.020620361
-0.021115582
-0.021275958
-0.021147075
-0.020773987
-0.020199945
-0.019465446
-0.018607504
-0.017659388
-0.016650389
-0.015605872
-0.014547408
-0.013492961
-0.012457292
-0.011452148
-0.010486657
-0.0095676465
-0.0086999897
-0.0078869115
-0.007130287
-0.0064308717
-0.0057886746
-0.0052030135
-0.0046730311
-0.0041974992
-0.0037752139
-0.0034047188
-0.0030872193
-0.0028232831
-0.0026026095
-0.0024321956
-0.0023704716
-0.0023529205
-3.9415731
-3.9416869
-3.9418091
-3.9419322
-3.9420584
-3.9421853
-3.9423064
-3.9424121
-3.9424895
-3.9425236
-3.9424977
-3.9423947
-3.942198
-3.9418919
-3.9414622
-3.9408929
-3.9401603
-3.9392312
-3.9380683
-3.9366304
-3.9348711
-3.9327364
-3.9301605
-3.9270676
-3.9233719
-3.9189714
-3.9137506
-3.9075895
-3.9003763
-3.892022
-3.8824593
-3.8716275
-3.8594508
-3.8458217
-3.8305953
-3.813588
-3.7945763
-3.773297
-3.7494439
-3.7226604
-3.6925277
-3.6585533
-3.6201739
-3.5767724
-3.5276111
-3.4717664
-3.4081765
-3.3356492
-3.2528184
-3.158145
-3.0499419
-2.9264269
-2.7858257
-2.6265497
-2.4474986
-2.2485333
-2.0310955
-1.7987726
-1.5574458
-1.3147963
-1.0794531
-0.85977604
-0.66254041
-0.49211705
-0.35023608
-0.23628089
-0.14791117
-0.081779617
-0.034162313
-0.0014162708
0.01974764
0.032141579
0.038078556
0.039405583
0.037563953
0.033656892
0.028514376
0.022751392
0.016812048
0.010999708
0.0055296307
0.00060302362
-0.003733566
-0.0074337617
-0.010431656
-0.012885239
-0.014804502
-0.016233203
-0.017221439
-0.01782019
-0.018081592
-0.018056228
-0.017792089
-0.01733376
-0.016721825
-0.015992709
-0.0151785
-0.014307068
-0.01340223
-0.012483974
-0.01156889
-0.010670369
-0.0097990291
-0.0089630386
-0.008168477
-0.007419655
-0.0067194202
-0.0060693961
-0.0054703629
-0.0049223245
-0.0044250291
-0.0039777583
-0.0035797509
-0.0032300084
-0.0029299875
-0.0026801453
-0.0024712029
-0.0023110466
-0.002252118
-0.0022329109
-3.9674823
-3.9675888
-3.967703
-3.9678169
-3.9679316
-3.9680442
-3.9681463
-3.9682264
-3.9682698
-3.9682581
-3.9681718
-3.967991
-3.967696
-3.9672682
-3.9666902
-3.9659432
-3.9649978
-3.9638144
-3.9623481
-3.9605498
-3.9583632
-3.9557216
-3.9525478
-3.9487535
-3.9442357
-3.9388751
-3.9325468
-3.9251328
-3.9165362
-3.9066834
-3.8955102
-3.8829397
-3.8688644
-3.8531382
-3.8355758
-3.8159509
-3.7939966
-3.769402
-3.7418058
-3.7107849
-3.6758421
-3.636407
-3.5918489
-3.5414323
-3.4842368
-3.4191932
-3.3451157
-3.2606488
-3.164268
-3.0543089
-2.9290216
-2.7866739
-2.6257304
-2.4451436
-2.2448009
-2.0261053
-1.7925214
-1.5497644
-1.305348
-1.0677278
-0.84520899
-0.64468357
-0.47074776
-0.32542031
-0.20836463
-0.1174585
-0.049484316
-0.00076021323
0.032385513
0.053317012
0.064944791
0.069686486
0.069491418
0.065893655
0.060077037
0.052938815
0.045147337
0.037192036
0.029419413
0.022058094
0.01526958
0.0092143967
0.0038972393
-0.00064510918
-0.0043968254
-0.0075184982
-0.010028002
-0.011982232
-0.013438622
-0.014455308
-0.015090156
-0.01539865
-0.015432985
-0.015241414
-0.014867748
-0.014351279
-0.013726656
-0.013024058
-0.012269388
-0.011484519
-0.010687754
-0.0098940364
-0.009115393
-0.0083612666
-0.0076388894
-0.0069536107
-0.0063092125
-0.0057081541
-0.0051519613
-0.0046413007
-0.0041765068
-0.0037573573
-0.0033835231
-0.0030544499
-0.0027718235
-0.0025360211
-0.0023387763
-0.0021886736
-0.0021325266
-0.0021121353
-3.9907464
-3.9908434
-3.9909463
-3.9910477
-3.9911475
-3.9912408
-3.9913181
-3.9913653
-3.9913642
-3.9912938
-3.9911306
-3.9908509
-3.9904315
-3.9898498
-3.9890844
-3.988112
-3.9868972
-3.9853918
-3.9835416
-3.981287
-3.9785583
-3.9752743
-3.9713447
-3.9666641
-3.9611092
-3.9545499
-3.9468622
-3.9379429
-3.9277126
-3.9161032
-3.9030354
-3.8883995
-3.8720469
-3.8537879
-3.8333916
-3.8105847
-3.7850495
-3.7564169
-3.7242557
-3.6880605
-3.6472502
-3.6011786
-3.5490977
-3.4900877
-3.4230796
-3.3468807
-3.2601403
-3.1613475
-3.0488623
-2.9209759
-2.7760164
-2.6125314
-2.4295753
-2.227131
-2.0066533
-1.7715785
-1.527516
-1.2818381
-1.0428212
-0.8186226
-0.61611386
-0.43998787
-0.29244115
-0.17334742
-0.080773821
-0.011637329
0.0376763
0.070832674
0.091236359
0.10186704
0.10522434
0.10334119
0.097832313
0.089954112
0.0806669
0.070691566
0.060559239
0.050653254
0.041237622
0.032478083
0.024491422
0.017403021
0.011185634
0.005862304
0.0014048127
-0.0023426457
-0.0054085148
-0.007860187
-0.0097616083
-0.011177123
-0.012169615
-0.012798891
-0.013120882
-0.013187136
-0.013044362
-0.012734462
-0.012294431
-0.011756576
-0.011148728
-0.010494525
-0.0098138738
-0.0091231829
-0.0084358098
-0.0077624103
-0.0071113166
-0.0064888733
-0.0058997594
-0.0053472392
-0.004833558
-0.0043600257
-0.0039275448
-0.003536372
-0.0031866024
-0.0028781107
-0.0026127928
-0.0023909761
-0.0022053896
-0.0020651414
-0.0020117826
-0.0019906338
-4.0108963
-4.0109807
-4.0110694
-4.0111547
-4.011235
-4.011304
-4.0113493
-4.0113542
-4.0112969
-4.0111518
-4.0108911
-4.0104866
-4.0099101
-4.0091338
-4.0081306
-4.0068717
-4.0053142
-4.003399
-4.0010594
-3.9982207
-3.9947975
-3.9906948
-3.9858024
-3.9799931
-3.9731313
-3.965088
-3.9557543
-3.9450462
-3.9328912
-3.9192063
-3.9038775
-3.886751
-3.8676303
-3.8462767
-3.8224081
-3.7956966
-3.7657613
-3.7321596
-3.6943736
-3.6518079
-3.6037982
-3.5495786
-3.4882223
-3.4186556
-3.3396773
-3.2499378
-3.147941
-3.0320766
-2.9006888
-2.7521924
-2.585254
-2.3990801
-2.1938213
-1.971068
-1.7343162
-1.4891338
-1.2427718
-1.0033123
-0.77868653
-0.57561339
-0.39874858
-0.25035356
-0.13043264
-0.037203626
0.032286029
0.081563039
0.1142545
0.13376998
0.14312571
0.14487711
0.14112073
0.13353565
0.12344038
0.11185118
0.099537986
0.087072776
0.074871462
0.063228486
0.052338643
0.042315203
0.033238704
0.025203997
0.018156374
0.012107454
0.0069888279
0.0026542735
-0.0009367833
-0.0038599287
-0.0061849117
-0.0079814388
-0.0093167808
-0.010254552
-0.010854003
-0.011169614
-0.01125072
-0.011141591
-0.010881369
-0.010504322
-0.010040074
-0.0095139026
-0.008947223
-0.0083578244
-0.0077603261
-0.0071665367
-0.0065858384
-0.0060255284
-0.0054911484
-0.0049867381
-0.0045152392
-0.0040785823
-0.0036782197
-0.0033148744
-0.0029890562
-0.0027010541
-0.0024529554
-0.0022450683
-0.0020710937
-0.0019405017
-0.0018899468
-0.0018684404
-4.0274936
-4.0275625
-4.0276334
-4.0276986
-4.0277548
-4.0277929
-4.0277983
-4.0277501
-4.027622
-4.027383
-4.0269995
-4.0264373
-4.0256617
-4.024638
-4.0233306
-4.021703
-4.0197039
-4.0172595
-4.0142838
-4.0106849
-4.0063619
-4.0011986
-3.9950622
-3.9878113
-3.9793117
-3.9694503
-3.9581391
-3.9453012
-3.9308478
-3.9146585
-3.8965709
-3.8763789
-3.8538328
-3.8286385
-3.8004542
-3.7688841
-3.7334688
-3.6936764
-3.6488933
-3.5984314
-3.5415042
-3.4771712
-3.4043501
-3.321829
-3.2282597
-3.1221641
-3.0019747
-2.8661101
-2.713102
-2.5417851
-2.3515729
-2.1428505
-1.9174274
-1.6789345
-1.432953
-1.1866258
-0.947808
-0.72412842
-0.52203357
-0.3460099
-0.19826945
-0.078865265
0.01387891
0.082795216
0.13130784
0.16297575
0.18117813
0.18893396
0.18882492
0.18298843
0.17315043
0.16067771
0.14663366
0.13183121
0.11688044
0.10222909
0.088197148
0.075005133
0.062790054
0.051621864
0.041553061
0.032651074
0.02483278
0.018108773
0.012370287
0.0074838796
0.0033962524
2.5561516e-05
-0.0027031186
-0.0048640999
-0.0065284834
-0.0077632308
-0.008630535
-0.0091875059
-0.009485841
-0.0095719644
-0.0094869847
-0.0092669736
-0.0089432204
-0.0085425381
-0.0080877555
-0.0075979629
-0.0070889767
-0.0065737025
-0.006062525
-0.0055636554
-0.0050834625
-0.0046267354
-0.004197086
-0.0037970482
-0.0034286074
-0.0030929374
-0.002790954
-0.0025233458
-0.0022923759
-0.002098362
-0.0019359481
-0.0018148209
-0.0017671031
-0.0017455948
-4.0400816
-4.0401299
-4.0401771
-4.0402158
-4.04024
-4.0402378
-4.0401909
-4.0400736
-4.0398534
-4.0394925
-4.0389495
-4.0381821
-4.037147
-4.0357997
-4.0340919
-4.0319714
-4.029374
-4.0262132
-4.0223848
-4.0177744
-4.0122572
-4.0056931
-3.9979344
-3.9888418
-3.9782991
-3.9662151
-3.9525084
-3.937083
-3.9198088
-3.9005122
-3.878974
-3.8549301
-3.828071
-3.7980379
-3.7644157
-3.7267243
-3.6844118
-3.6368516
-3.5833286
-3.5230132
-3.4549511
-3.3780552
-3.2911035
-3.192752
-3.0815532
-2.9560036
-2.8146305
-2.6561243
-2.479538
-2.2845593
-2.0718682
-1.8435619
-1.6034766
-1.3572393
-1.1118781
-0.87497656
-0.65377729
-0.45434078
-0.28086234
-0.13539616
-0.017964687
0.073047217
0.14036422
0.18729623
0.21730711
0.23371188
0.23949751
0.23724131
0.22909596
0.21681514
0.2017988
0.18514627
0.16770602
0.1501213
0.13286965
0.11629601
0.10064119
0.086064543
0.072655076
0.060447522
0.049473873
0.039774144
0.031236758
0.023884114
0.01756373
0.012157431
0.0075994152
0.0038031522
0.00068911093
-0.001820976
-0.0038015461
-0.005322505
-0.0064486529
-0.0072394485
-0.0077487228
-0.008024857
-0.0081107618
-0.0080441786
-0.0078579433
-0.0075803
-0.0072354072
-0.0068435853
-0.0064217844
-0.0059839549
-0.0055414392
-0.0051033252
-0.0046767784
-0.0042673085
-0.0038791772
-0.0035155008
-0.0031787805
-0.0028706296
-0.0025923608
-0.0023450468
-0.0021311132
-0.0019509151
-0.0018000046
-0.0016881527
-0.0016433117
-0.0016221311
-4.0475608
-4.0475793
-4.0475925
-4.0475934
-4.0475725
-4.0475142
-4.0473951
-4.0471834
-4.0468386
-4.0463131
-4.0455553
-4.0445114
-4.0431262
-4.0413418
-4.0390948
-4.0363116
-4.0329059
-4.0287723
-4.0237874
-4.0178123
-4.0106948
-4.0022792
-3.9924224
-3.9810064
-3.9679381
-3.9531309
-3.9364795
-3.9178416
-3.8970285
-3.8738042
-3.8478865
-3.8189461
-3.7866025
-3.7504181
-3.7098875
-3.6644326
-3.6134038
-3.5560568
-3.4915341
-3.4188574
-3.3369196
-3.244505
-3.1402928
-3.0228884
-2.8908866
-2.7429669
-2.578034
-2.3954141
-2.1951264
-1.9782139
-1.7471028
-1.5058811
-1.2602485
-1.0170748
-0.78360851
-0.56661858
-0.37166759
-0.20255269
-0.061075401
0.052842313
0.14079472
0.20541107
0.24987677
0.27753581
0.29160706
0.29501195
0.29029195
0.27958854
0.2646617
0.24692904
0.22751289
0.20728845
0.18692604
0.16692912
0.1476663
0.12939814
0.11230044
0.096482218
0.0819928
0.06883858
0.057036632
0.046595244
0.037390081
0.029450699
0.022583193
0.016685834
0.011681302
0.0074795768
0.0039970175
0.0011520035
-0.0011328274
-0.0029299627
-0.0043065156
-0.0053240539
-0.0060383306
-0.0064995126
-0.0067521645
-0.0068355676
-0.0067839968
-0.0066270375
-0.0063900994
-0.0060946636
-0.0057587582
-0.005397329
-0.005022635
-0.0046446036
-0.004271168
-0.0039085326
-0.0035615865
-0.0032340122
-0.002928811
-0.0026480211
-0.0023933439
-0.0021662219
-0.0019692313
-0.0018027911
-0.0016633223
-0.0015605643
-0.0015186548
-0.0014980892
-4.0482981
-4.0482738
-4.0482385
-4.0481857
-4.0481012
-4.0479643
-4.0477455
-4.0474042
-4.0468889
-4.0461389
-4.0450877
-4.0436656
-4.0418002
-4.0394153
-4.0364264
-4.0327359
-4.0282291
-4.0227721
-4.0162127
-4.008387
-3.9991315
-3.9883001
-3.9757743
-3.961459
-3.9452616
-3.9270653
-3.9067112
-3.8839914
-3.8586487
-3.8303779
-3.7988247
-3.7635822
-3.7241842
-3.680101
-3.630723
-3.5753646
-3.5132548
-3.4435144
-3.3651499
-3.2770488
-3.1780131
-3.0667721
-2.9420231
-2.8025038
-2.647099
-2.4749817
-2.2858109
-2.0799878
-1.8589683
-1.6255568
-1.3840861
-1.140319
-0.90092219
-0.6727031
-0.46186303
-0.27336966
-0.1105306
0.025178807
0.13399121
0.21751073
0.27827937
0.31934771
0.34391683
0.35507966
0.35566047
0.34813461
0.33460556
0.31681763
0.29618875
0.27385186
0.25069827
0.22741856
0.20453717
0.18244339
0.16141699
0.14164966
0.12326408
0.10632804
0.090858228
0.076838057
0.064272557
0.053135712
0.043316248
0.034825164
0.027442172
0.021079624
0.01565026
0.01106139
0.0072257595
0.0040588698
0.0014808064
-0.0005831839
-0.0022022787
-0.0034399241
-0.0043536204
-0.004995163
-0.005410635
-0.0056407489
-0.0057211176
-0.0056825848
-0.005551738
-0.0053511585
-0.0050998983
-0.0048138528
-0.0045061581
-0.0041875491
-0.0038666965
-0.0035504766
-0.003244386
-0.0029526543
-0.002678767
-0.0024251776
-0.0021939667
-0.0019869311
-0.0018067881
-0.0016540471
-0.001525953
-0.0014321112
-0.0013931923
-0.0013735036
-4.040301
-4.0402124
-4.0401039
-4.0399707
-4.039792
-4.0395399
-4.0391764
-4.0386489
-4.0378903
-4.0368209
-4.0353526
-4.0333924
-4.0308432
-4.0276016
-4.0235539
-4.01857
-4.0125004
-4.0051776
-3.9964254
-3.9860732
-3.9739731
-3.9600078
-3.9440806
-3.9260907
-3.9059062
-3.883348
-3.8581845
-3.8301324
-3.7988587
-3.7639807
-3.7250614
-3.6816048
-3.6330499
-3.5787745
-3.5180601
-3.4500733
-3.3739383
-3.2886833
-3.193207
-3.0863547
-2.9669446
-2.8338128
-2.6858926
-2.5223238
-2.3426021
-2.1467672
-1.9356506
-1.7111471
-1.4764571
-1.2361561
-0.99602224
-0.76240882
-0.54156787
-0.33903003
-0.1590833
-0.0044909179
0.12364835
0.22575552
0.30346213
0.3592247
0.39594728
0.4166666
0.42432262
0.42161348
0.41092033
0.39428302
0.37340848
0.3496973
0.32427955
0.29805275
0.27171922
0.24581922
0.22075886
0.19683489
0.174255
0.15315492
0.13361409
0.11566661
0.099302475
0.084486164
0.071212037
0.059425511
0.049037968
0.040023717
0.03215361
0.025348993
0.019514396
0.014554998
0.010380378
0.0069035778
0.0040424472
0.0017202276
-0.00013408794
-0.0015856455
-0.0026935276
-0.0035110157
-0.0040855988
-0.004459313
-0.0046690248
-0.0047467595
-0.004720216
-0.0046130186
-0.0044451939
-0.0042335443
-0.0039920476
-0.0037322141
-0.0034634257
-0.0031932073
-0.0029276429
-0.0026714941
-0.0024287167
-0.0022021658
-0.0019942942
-0.0018072376
-0.0016438476
-0.0015047463
-0.0013879561
-0.0013028617
-0.0012670044
-0.0012484143
-4.0196487
-4.0194525
-4.0192224
-4.0189566
-4.0186238
-4.0181866
-4.0175937
-4.016776
-4.0156435
-4.0140893
-4.0119939
-4.0092292
-4.0056613
-4.0011478
-3.9955338
-3.9886491
-3.9803088
-3.970324
-3.9585185
-3.9447461
-3.9288924
-3.9108597
-3.8905383
-3.8677793
-3.842379
-3.8140783
-3.7825647
-3.7474757
-3.7083983
-3.6648653
-3.6163553
-3.5622836
-3.5019918
-3.4347328
-3.3597001
-3.2760178
-3.1827013
-3.0787152
-2.9629993
-2.8345049
-2.692253
-2.5354222
-2.3634588
-2.1762223
-1.9741806
-1.7586297
-1.5319355
-1.297677
-1.0606241
-0.82643864
-0.60103639
-0.38997454
-0.19802101
-0.028775988
0.1155954
0.23439122
0.32823353
0.39878418
0.4484083
0.47984978
0.49596122
0.49950582
0.49303023
0.47879646
0.45875756
0.43456244
0.40757737
0.37891569
0.34947098
0.31994936
0.29090038
0.26274308
0.23578818
0.21025778
0.18630131
0.16400921
0.14342575
0.12455761
0.10737299
0.091820634
0.077885847
0.065495454
0.054574425
0.045061951
0.036729884
0.029503765
0.023281557
0.017966638
0.013465823
0.0096900341
0.0065551551
0.0039826582
0.0018998969
0.00024019316
-0.0010569779
-0.0020462676
-0.002776463
-0.0032908355
-0.0036274246
-0.0038193668
-0.0038954139
-0.0038801812
-0.0037946242
-0.0036564142
-0.0034803354
-0.0032786452
-0.0030614116
-0.0028367861
-0.0026114229
-0.0023905985
-0.0021787246
-0.0019790488
-0.0017943871
-0.0016272004
-0.0014804673
-0.0013549453
-0.0012493836
-0.0011728726
-0.0011401502
-0.0011228564
-3.9786998
-3.9783248
-3.9778918
-3.9774053
-3.9768183
-3.9760768
-3.9751117
-3.9738289
-3.9721064
-3.9697986
-3.9667405
-3.9627541
-3.9576508
-3.9512347
-3.9433022
-3.9336469
-3.9220688
-3.9083924
-3.8924779
-3.8742182
-3.8535179
-3.8302576
-3.8042694
-3.7753239
-3.7431312
-3.7073487
-3.6675839
-3.6233952
-3.5742947
-3.5197345
-3.4591121
-3.391749
-3.3168814
-3.2337387
-3.1414744
-3.0391495
-2.9258171
-2.8005482
-2.6624745
-2.5108531
-2.3451512
-2.1651679
-1.9711737
-1.7640983
-1.5457453
-1.318935
-1.0875744
-0.85655347
-0.6311943
-0.41678899
-0.21813179
-0.039162548
0.1172343
0.24947103
0.35723923
0.44135025
0.50348399
0.5459009
0.57116949
0.58194053
0.58078069
0.57006407
0.55191256
0.52817259
0.50041685
0.46996123
0.43788945
0.40508048
0.37223685
0.33991094
0.30852983
0.27841534
0.2498017
0.22285097
0.19766561
0.17429943
0.15276818
0.1330562
0.11511389
0.098876811
0.084322972
0.071369493
0.059942861
0.049954716
0.041182846
0.033553432
0.026959357
0.021302379
0.016486918
0.012422057
0.0090219447
0.0062064742
0.0039015213
0.0020390153
0.00055711256
-0.0006001035
-0.0014826256
-0.0021348795
-0.0025960078
-0.0029001981
-0.0030772002
-0.0031525732
-0.0031481604
-0.003082465
-0.0029710473
-0.0028268842
-0.0026607064
-0.002481272
-0.0022957872
-0.00211003
-0.0019288547
-0.0017558905
-0.0015943086
-0.0014468807
-0.001316709
-0.0012047056
-0.0011102945
-0.0010422129
-0.0010127072
-0.00099687047
-3.9065239
-3.9058751
-3.9051339
-3.9043096
-3.9033317
-3.9021204
-3.9005793
-3.898577
-3.8959476
-3.892489
-3.8879743
-3.8821565
-3.8747778
-3.8655817
-3.8543283
-3.8408078
-3.824852
-3.8063364
-3.7851699
-3.7612611
-3.7344827
-3.7046464
-3.6714937
-3.6347049
-3.5939069
-3.5486784
-3.4985597
-3.4430382
-3.381565
-3.3135133
-3.2381583
-3.1548319
-3.0628191
-2.9612762
-2.849363
-2.7262761
-2.5912664
-2.4436876
-2.2830759
-2.1092342
-1.9223513
-1.7231733
-1.5131381
-1.2945315
-1.0706201
-0.84557982
-0.62405688
-0.41085039
-0.21047224
-0.026862042
0.1367696
0.27827224
0.39660683
0.49181873
0.56487842
0.61745947
0.65169891
0.66997424
0.67471975
0.6682904
0.65287192
0.63042969
0.60268747
0.57112677
0.53699939
0.5013472
0.46502497
0.42872354
0.39299279
0.35826262
0.32486243
0.29303641
0.26295755
0.23473968
0.20844743
0.18410497
0.16170491
0.14121338
0.12256622
0.10568783
0.090550605
0.077068172
0.065159878
0.054716197
0.045523838
0.037507139
0.030555157
0.024568124
0.01944839
0.015103413
0.011445799
0.0083940181
0.0058726123
0.0038122383
0.0021498304
0.00082830059
-0.00020347014
-0.00099099432
-0.001574455
-0.0019890349
-0.0022654345
-0.0024301132
-0.0025057651
-0.0025116926
-0.0024642028
-0.0023769671
-0.0022613573
-0.0021267192
-0.0019807959
-0.0018298507
-0.0016791683
-0.0015327513
-0.0013941177
-0.001266336
-0.00115263
-0.0010540833
-0.00097074133
-0.00091094076
-0.00088473404
-0.00087049279
-3.7913115
-3.7902857
-3.7891122
-3.787812
-3.7862742
-3.7843806
-3.7819884
-3.7789139
-3.7749219
-3.7697333
-3.763037
-3.7545096
-3.7438285
-3.7307028
-3.7149014
-3.6962687
-3.6747096
-3.6501563
-3.6225264
-3.5916849
-3.5574201
-3.519446
-3.4774118
-3.4309154
-3.3795196
-3.3227422
-3.2600766
-3.1909451
-3.1146751
-3.0306945
-2.9384057
-2.837067
-2.7259468
-2.6043589
-2.4716776
-2.3273735
-2.1710685
-2.0026225
-1.8222411
-1.6305675
-1.4288278
-1.2190024
-1.0039021
-0.78707696
-0.57252303
-0.36443897
-0.1668524
0.016530444
0.18248519
0.32860053
0.45337219
0.55625809
0.63760058
0.69848162
0.74053542
0.76575396
0.77630953
0.77440931
0.76218678
0.74162888
0.71453343
0.68248988
0.64687699
0.60887146
0.56946314
0.52947349
0.4895746
0.45030792
0.41210217
0.37529016
0.34012353
0.3067846
0.27539731
0.24603678
0.21873707
0.19349835
0.17029436
0.14907635
0.12976819
0.11228483
0.096594433
0.082611111
0.070241426
0.059359917
0.049763753
0.04137372
0.034076093
0.027769619
0.022354845
0.017737781
0.013829637
0.010547602
0.0078149889
0.0055612754
0.0037222672
0.0022397775
0.0010616257
0.00014127793
-0.00056243642
-0.0010856487
-0.0014599663
-0.0017127112
-0.0018673939
-0.0019440859
-0.0019598156
-0.0019289256
-0.0018634084
-0.0017731801
-0.0016665045
-0.0015501186
-0.001429726
-0.0013096924
-0.0011938749
-0.0010856268
-0.00098829125
-0.00090313947
-0.00083078322
-0.00077912532
-0.00075630543
-0.00074376456
-3.620511
-3.6189784
-3.6172261
-3.6152749
-3.6129549
-3.6100814
-3.6064447
-3.6017764
-3.5957433
-3.5879643
-3.5780335
-3.5655603
-3.5502133
-3.531745
-3.510007
-3.4849333
-3.4564904
-3.4246115
-3.3891549
-3.3498868
-3.3064927
-3.2585937
-3.2057735
-3.1475757
-3.0835332
-3.0131076
-2.9356801
-2.850789
-2.7579609
-2.656553
-2.5459372
-2.425547
-2.2948805
-2.1535306
-2.0012401
-1.837956
-1.6639068
-1.4797352
-1.2866232
-1.0863876
-0.88152046
-0.6750136
-0.47023912
-0.27074589
-0.079996284
0.098648461
0.2621721
0.40814581
0.53484871
0.64136149
0.72754817
0.79397409
0.84177716
0.87251566
0.88801556
0.89023331
0.8811434
0.86265389
0.83654851
0.80445172
0.76781167
0.72789655
0.6857999
0.64245171
0.59863258
0.5549891
0.51204903
0.47023577
0.42988236
0.39124467
0.35451251
0.31981878
0.28724808
0.2568443
0.22861673
0.20254599
0.17859035
0.15668884
0.13675542
0.11869699
0.10247854
0.088016987
0.075202839
0.063898797
0.05391302
0.045161676
0.037529061
0.030912437
0.025210776
0.020328763
0.016176341
0.012669512
0.0097304479
0.0072875349
0.0052755121
0.0036351584
0.0023132928
0.0012624056
0.00044038589
-0.00018980307
-0.00066063792
-0.0010002696
-0.0012329952
-0.0013796287
-0.0014578948
-0.0014827867
-0.0014668994
-0.0014207025
-0.0013529676
-0.0012708915
-0.0011805853
-0.0010867717
-0.0009936378
-0.000904809
-0.00082374931
-0.00075192927
-0.000690473
-0.00064682617
-0.00062747865
-0.00061672365
-3.3777419
-3.375547
-3.3730218
-3.3701824
-3.3667625
-3.3624779
-3.3570086
-3.3499646
-3.3408926
-3.3293034
-3.3147288
-3.2967828
-3.2752183
-3.2499206
-3.2208699
-3.1880669
-3.1514635
-3.110916
-3.0661711
-3.0168905
-2.9626796
-2.9031076
-2.8377431
-2.7660712
-2.6875325
-2.6018092
-2.508562
-2.4072417
-2.2973223
-2.1783583
-2.049972
-1.9118737
-1.7639138
-1.6061561
-1.4389616
-1.2630799
-1.0797205
-0.8905958
-0.69782588
-0.50391224
-0.31164058
-0.12388381
0.056365782
0.22615079
0.38279229
0.52401463
0.64808202
0.75389571
0.84100864
0.90959041
0.96034803
0.99441842
1.0132497
1.0184852
1.01186
0.99511626
0.96993852
0.93790868
0.9004773
0.85894885
0.8144769
0.76806683
0.72058321
0.67276017
0.62521324
0.57845147
0.53288902
0.48885631
0.44661077
0.40634722
0.36820615
0.33228081
0.29862411
0.26725457
0.2381613
0.21130882
0.18664262
0.16409151
0.1435612
0.1249517
0.10822546
0.093303562
0.080058808
0.068345172
0.057981675
0.048879218
0.040920744
0.034002004
0.02802057
0.022879894
0.018488741
0.014761999
0.011620776
0.0089924168
0.0068106536
0.0050152828
0.0035521646
0.0023728605
0.0014343573
0.00069874702
0.00013271642
-0.00029268457
-0.00060251201
-0.00081829839
-0.00095844431
-0.0010385738
-0.0010718671
-0.0010693328
-0.0010402363
-0.00099222377
-0.00093180413
-0.0008640479
-0.00079346529
-0.00072394196
-0.0006590642
-0.00060051253
-0.00054986963
-0.00051411217
-0.00049832538
-0.00048941243
-3.0406339
-3.0375891
-3.0340631
-3.0300305
-3.0250822
-3.0187842
-3.0106621
-3.0001772
-2.9867585
-2.9698676
-2.9490809
-2.9241519
-2.8950102
-2.8617058
-2.8243008
-2.7827791
-2.7369973
-2.6866889
-2.6314982
-2.5710184
-2.5048319
-2.4324412
-2.3533808
-2.2674942
-2.1745654
-2.074137
-1.965781
-1.8491641
-1.7240398
-1.5902766
-1.4479081
-1.2971862
-1.1386373
-0.97310743
-0.80174114
-0.62601297
-0.4477127
-0.26886914
-0.091728936
0.081261633
0.24755613
0.40467898
0.55031735
0.68244986
0.79946846
0.90025092
0.98419109
1.0511925
1.1016264
1.1362626
1.1561864
1.1627081
1.1572784
1.1414121
1.1166251
1.0843865
1.0460828
1.002995
0.95628576
0.9069937
0.85603391
0.80420236
0.75218294
0.70055602
0.64980775
0.60033931
0.55247554
0.50647344
0.46253056
0.42079302
0.38136168
0.34429783
0.30962854
0.27735157
0.24743933
0.21984294
0.19449717
0.1713222
0.15021669
0.13107469
0.11385642
0.098487755
0.084823423
0.072710843
0.061979345
0.052534256
0.044257598
0.03704358
0.030788496
0.025394617
0.020769602
0.016827278
0.013487728
0.010677304
0.0083287724
0.0063809838
0.0047788789
0.0034731215
0.0024198273
0.0015802501
0.00092026703
0.000410154
2.4118471e-05
-0.00026006871
-0.00046146415
-0.00059630615
-0.00067834451
-0.00071911334
-0.00072836041
-0.0007141694
-0.00068343719
-0.00064157661
-0.0005934126
-0.00054308044
-0.00049429123
-0.00044894385
-0.0004090265
-0.00038104368
-0.00036890158
-0.00036187075
-2.5812753
-2.5772334
-2.5724876
-2.5669368
-2.5599656
-2.5509352
-2.5391986
-2.5240899
-2.5050031
-2.4814926
-2.4533371
-2.4205433
-2.3832535
-2.3416166
-2.2956619
-2.245261
-2.1901369
-2.1299117
-2.0641533
-1.9923561
-1.9141629
-1.8296006
-1.7385917
-1.6407913
-1.5359019
-1.4237426
-1.3042383
-1.1774372
-1.0435323
-0.90289018
-0.75608429
-0.60390328
-0.44736677
-0.28773507
-0.1264868
0.034665568
0.19381233
0.34893665
0.49796699
0.63885148
0.76965899
0.88868422
0.99452461
1.0861362
1.1628684
1.2244716
1.271079
1.3031681
1.3215054
1.3270844
1.3210605
1.30469
1.2792749
1.2461174
1.2064834
1.1615753
1.1125132
1.0603233
1.0059324
0.95016574
0.89374991
0.83731647
0.78140802
0.72648473
0.67293151
0.62106479
0.57113893
0.5233527
0.4778558
0.43475521
0.39411966
0.35598428
0.32035485
0.28721187
0.25651372
0.22820017
0.20219677
0.17841623
0.15675112
0.13709021
0.11939139
0.10358568
0.089510182
0.077007102
0.065915298
0.05613443
0.047545883
0.040042277
0.03351871
0.027876309
0.02302165
0.018867529
0.015333041
0.012343571
0.0098309446
0.0077330962
0.0059940722
0.0045636669
0.0033971516
0.0024549621
0.0017021901
0.0011083599
0.00064696292
0.00029509135
3.3049244e-05
-0.00015600024
-0.00028636278
-0.00037008554
-0.00041738691
-0.00043677925
-0.00043553915
-0.00041941417
-0.00039353712
-0.00036228229
-0.00032948936
-0.00029728197
-0.00026800271
-0.00024768933
-0.00023927561
-0.00023414265
-1.9711239
-1.9660773
-1.9600373
-1.9527585
-1.9433638
-1.9310143
-1.914927
-1.8944302
-1.8690589
-1.8386417
-1.803288
-1.7632705
-1.7188496
-1.6701248
-1.6169941
-1.55915
-1.4961339
-1.4273975
-1.3526665
-1.272181
-1.1860502
-1.0940619
-0.99604336
-0.89194424
-0.78180819
-0.66577709
-0.54411423
-0.41722392
-0.28566569
-0.1501672
-0.011645265
0.12880155
0.26990676
0.41025269
0.54829499
0.68240053
0.81089896
0.93214888
1.0446016
1.1468663
1.237771
1.3164046
1.3821444
1.4346706
1.4739619
1.500277
1.5141223
1.5162117
1.5074221
1.4887476
1.4612563
1.4260516
1.3842387
1.3368971
1.28506
1.2296982
1.1717105
1.111917
1.0510567
0.98978755
0.92868858
0.86826325
0.8089439
0.75109673
0.69502707
0.64098444
0.58916717
0.53972732
0.49277599
0.44838823
0.40660635
0.36744369
0.3308882
0.29690568
0.2654425
0.23642854
0.20978124
0.1854067
0.163192
0.14302112
0.12484929
0.10861276
0.094132033
0.081244771
0.069798441
0.0596871
0.050791645
0.043003049
0.036215262
0.030328254
0.025247537
0.020884891
0.017158422
0.013992568
0.011318232
0.0090724462
0.0071983814
0.0056449792
0.0043666852
0.0033231392
0.002478665
0.0018020518
0.0012660924
0.00084721637
0.00052510324
0.00028233094
0.00010405047
-2.228713e-05
-0.00010736162
-0.00016010397
-0.00018816228
-0.00019761438
-0.00019389275
-0.00018160146
-0.00016471314
-0.00014558081
-0.00012685208
-0.00011411001
-0.00010950137
-0.0001062702
-1.1888581
-1.1831105
-1.1760422
-1.167191
-1.155456
-1.1398649
-1.1196638
-1.0943637
-1.0638391
-1.02831
-0.98819751
-0.94389994
-0.89562248
-0.84328509
-0.78649805
-0.72458869
-0.65716943
-0.58467899
-0.50748753
-0.42550691
-0.33865663
-0.24696952
-0.15056345
-0.04963929
0.055504486
0.1644588
0.27669387
0.39155145
0.50824399
0.62585427
0.74334353
0.85956647
0.97329495
1.0832471
1.1881245
1.2866511
1.3776164
1.4599184
1.5326058
1.5949133
1.6462829
1.6863767
1.7150808
1.7324982
1.7389331
1.7348669
1.7209306
1.6978739
1.6665336
1.6278039
1.5826082
1.5318752
1.4765179
1.4174174
1.35541
1.2912775
1.2257416
1.1594601
1.0930255
1.0269653
0.96174387
0.89776473
0.835374
0.77486392
0.71647682
0.66040876
0.60681301
0.55580364
0.50746005
0.46183076
0.4189359
0.37877033
0.34130658
0.30649768
0.27427938
0.24457272
0.21728782
0.19232465
0.16956526
0.14888905
0.13024804
0.11358371
0.098701382
0.085434223
0.073637357
0.063199376
0.054000741
0.045930709
0.038882086
0.032753661
0.027449868
0.022881456
0.018965549
0.015625632
0.012791688
0.010399855
0.008392437
0.0067175373
0.0053287872
0.0041850424
0.0032498739
0.0024913508
0.0018815807
0.0013963437
0.0010147074
0.00071867634
0.00049286912
0.00032424482
0.00020167199
0.00011580833
5.8641075e-05
2.3768497e-05
5.4651034e-06
-1.0941644e-06
-2.0486109e-08
6.1018102e-06
1.4366221e-05
1.9626248e-05
2.0356205e-05
2.1700259e-05
-0.23231106
-0.22663719
-0.21938669
-0.20987208
-0.19690534
-0.17957354
-0.15733798
-0.13007185
-0.098058399
-0.061836689
-0.021956824
0.021239297
0.067818482
0.11844364
0.17379693
0.23358074
0.29718915
0.36446953
0.43541192
0.50993189
0.58787275
0.6690161
0.753073
0.83967361
0.92835919
1.0185793
1.1096909
1.200962
1.2915783
1.380655
1.4672523
1.5503956
1.6290995
1.7023955
1.7693588
1.8291354
1.8809684
1.9242273
1.9584281
1.9832435
1.9985079
2.0042177
2.0005255
1.987728
1.9662511
1.9366305
1.8994912
1.8555259
1.8054739
1.7501015
1.690184
1.6264898
1.5597672
1.4907336
1.4200673
1.3484013
1.2763191
1.2043522
1.1329796
1.0626276
0.99367109
0.92643541
0.86119861
0.79819418
0.73761385
0.67961042
0.62430016
0.57176563
0.52205966
0.47520818
0.43121222
0.39005047
0.35168181
0.31604777
0.28307438
0.25267454
0.22475144
0.19919929
0.17589534
0.1547145
0.13560483
0.11851266
0.10323014
0.089585417
0.077440297
0.066678108
0.057178827
0.04882992
0.041523007
0.035155652
0.029631177
0.024859277
0.020756068
0.017244074
0.014252348
0.011716133
0.0095768675
0.0077818191
0.0062838132
0.0050409312
0.0040160002
0.0031763801
0.0024935038
0.0019425128
0.0015018736
0.0011530273
0.0008800694
0.00066947598
0.00050967122
0.00039090975
0.00030482088
0.00024468249
0.00020448384
0.00017918626
0.00016453501
0.00015771266
0.00015559754
0.00015345851
0.00015024534
0.00014972389
0.86063487
0.86503234
0.87101017
0.87939225
0.89121984
0.90715946
0.9274289
0.95181007
0.97974924
1.0105793
1.0437911
1.079364
1.118111
1.1607684
1.2067218
1.2552601
1.3062821
1.3597076
1.4153708
1.4730626
1.5325327
1.5934797
1.6555435
1.7183013
1.7812674
1.8438941
1.905578
1.9656663
2.0234678
2.0782659
2.1293335
2.1759504
2.2174222
2.2530992
2.2823923
2.3047885
2.3198701
2.3273304
2.326979
2.3187424
2.3026641
2.2789012
2.2477172
2.2094715
2.1646075
2.1136384
2.0571325
1.9956985
1.929971
1.860597
1.7882235
1.713487
1.6370041
1.559364
1.4811223
1.4027972
1.3248657
1.2477624
1.1718782
1.0975607
1.0251147
0.9548038
0.8868516
0.82144413
0.75873183
0.69883162
0.64182879
0.58777912
0.53671249
0.48863502
0.44353078
0.40136384
0.36208057
0.32561178
0.29187433
0.26077327
0.23220509
0.20605828
0.18220541
0.160517
0.14093619
0.12341306
0.10772973
0.09370792
0.081215225
0.07012992
0.060331385
0.051705201
0.044141736
0.037537262
0.031793939
0.026820355
0.022531591
0.018849181
0.015701232
0.013022078
0.01075229
0.0088382967
0.0072321186
0.0058910658
0.0047772286
0.0038572642
0.0031019392
0.0024857654
0.0019866157
0.0015853766
0.0012656288
0.0010133726
0.00081659539
0.00066515449
0.00055032683
0.00046507512
0.00040310931
0.00035918478
0.00032889677
0.00030919505
0.00029678282
0.00028731991
0.00028010509
0.00027775172
1.9993843
2.0013921
2.0046094
2.0098379
2.0177838
2.0288043
2.0428669
2.0595741
2.0782919
2.0983912
2.1196328
2.1427317
2.1686177
2.1968261
2.2265699
2.2576587
2.2899785
2.3233464
2.3575514
2.3923603
2.4275106
2.4627031
2.4975983
2.5318156
2.564935
2.5965008
2.6260275
2.6530079
2.6769221
2.697248
2.7134735
2.7251092
2.7317019
2.7328448
2.728186
2.717441
2.7004075
2.6769703
2.6471016
2.6108601
2.5683897
2.519915
2.4657355
2.406217
2.3417825
2.2729022
2.2000819
2.1238531
2.0447621
1.9633602
1.8801949
1.7958018
1.7106979
1.6253755
1.5402984
1.4558976
1.3725696
1.2906743
1.2105349
1.1324373
1.056631
0.98333002
0.91271386
0.84492947
0.78009273
0.71829017
0.65958027
0.60399535
0.55154486
0.50221698
0.45598013
0.41278474
0.37256529
0.33524224
0.30072346
0.26890618
0.23968012
0.21292797
0.18851759
0.16631513
0.1462574
0.12829781
0.11221117
0.097810956
0.084969822
0.073561207
0.063463717
0.054560942
0.046741895
0.039901462
0.033940572
0.028766652
0.024293697
0.020442215
0.017139341
0.01431848
0.011919317
0.0098874394
0.008174055
0.0067357043
0.0055337424
0.0045341278
0.0037069657
0.0030261437
0.0024689488
0.0020157189
0.0016495267
0.0013559031
0.0011224041
0.00093849674
0.00079511064
0.00068489579
0.00060129025
0.00053884903
0.00049301183
0.00046049612
0.00043786658
0.00042114952
0.00040988611
0.00040573548
3.0454472
3.0448857
3.0449289
3.0462216
3.049095
3.053659
3.0597701
3.067022
3.0748475
3.0827905
3.0910299
3.100486
3.1115625
3.1235985
3.1360409
3.1487509
3.1615766
3.1743194
3.1867712
3.1987145
3.2099146
3.2201146
3.2290329
3.2363628
3.2417745
3.2449191
3.2454332
3.2429456
3.2370843
3.227485
3.2137998
3.1957069
3.1729207
3.1451977
3.1123407
3.0742085
3.0307304
2.9819066
2.9278041
2.8685567
2.8043631
2.7354823
2.6622286
2.584965
2.5040952
2.4200563
2.3333095
2.2443323
2.15361
2.061628
1.968865
1.8757864
1.7828389
1.6904463
1.5990057
1.5088846
1.4204195
1.333914
1.2496391
1.1678326
1.0886999
1.0124146
0.93911988
0.86892971
0.80193037
0.73818182
0.6777187
0.62055206
0.56667249
0.51605139
0.46864225
0.42438228
0.38319424
0.3449883
0.30966325
0.27710831
0.24720614
0.21983337
0.19485292
0.17212608
0.15158124
0.13317942
0.11668496
0.10190334
0.088711453
0.076978116
0.06658093
0.057401366
0.049326958
0.042251107
0.036073412
0.030700065
0.02604392
0.022024407
0.018567652
0.015606106
0.013078548
0.010929705
0.0091099684
0.0075751019
0.0062857236
0.0052070945
0.0043086612
0.0035636908
0.0029488882
0.0024440489
0.0020317425
0.0016970354
0.0014270584
0.0012108923
0.0010391234
0.00090409333
0.00079897359
0.00071812478
0.00065682465
0.00061156012
0.00057878958
0.00055488181
0.00053953152
0.00053362325
3.8548692
3.8527957
3.8508101
3.849349
3.8484726
3.8481486
3.8482187
3.8483512
3.8480923
3.8471024
3.8456889
3.844802
3.844709
3.8447376
3.8444125
3.843595
3.8421185
3.8397775
3.8363654
3.8316735
3.8254852
3.8175709
3.8076869
3.7955737
3.7809592
3.7635614
3.7430931
3.7192676
3.6918048
3.6604381
3.6249224
3.5850415
3.5406158
3.4915072
3.4376194
3.378907
3.3153879
3.2471433
3.1743119
3.097089
3.0157227
2.9305105
2.8417938
2.7499517
2.6553938
2.5585532
2.4598787
2.3598278
2.2588592
2.1574266
2.0559726
1.9549235
1.8546847
1.7556374
1.6581358
1.5625045
1.469038
1.3779995
1.2896208
1.2041027
1.1216156
1.0423005
0.96627004
0.89361005
0.8243809
0.75861874
0.69633653
0.63752549
0.58215829
0.53019019
0.48156006
0.43619196
0.39399686
0.35487441
0.31871403
0.28539657
0.25479727
0.22678628
0.20122117
0.17795727
0.1569137
0.13806422
0.12115585
0.10598897
0.092443333
0.080383295
0.069685194
0.060228252
0.051898379
0.044587363
0.038193389
0.032621333
0.027782833
0.023596198
0.019986499
0.0168852
0.014230151
0.011965207
0.010039925
0.0084092875
0.0070331731
0.0058761437
0.0049069887
0.0040983577
0.0034263775
0.0028703052
0.0024122118
0.002036704
0.0017304921
0.0014822757
0.0012823017
0.0011226059
0.00099609964
0.00089695333
0.00082027792
0.00076233103
0.00071949323
0.00068845487
0.00066899355
0.00066136307
4.3533679
4.3513869
4.3492653
4.3472416
4.3452587
4.3432315
4.3410207
4.3383775
4.334952
4.3304334
4.3249492
4.3193487
4.3142119
4.3089795
4.3030467
4.296254
4.288441
4.2793891
4.2688743
4.256674
4.242561
4.2262994
4.2076419
4.1863295
4.1620932
4.1346581
4.103748
4.0690919
4.0304303
3.9875217
3.9401493
3.8881294
3.8313197
3.7696243
3.7029955
3.6314407
3.5550339
3.4739167
3.3882909
3.2984151
3.2046009
3.1072079
3.0066357
2.9033168
2.7977077
2.690281
2.5815176
2.4718984
2.3618982
2.2519784
2.1425829
2.0341324
1.9270214
1.8216157
1.7182496
1.6172257
1.5188136
1.4232505
1.3307414
1.2414598
1.1555495
1.0731249
0.9942735
0.9190567
0.84751186
0.77965347
0.71547423
0.65494653
0.59802563
0.54465084
0.49474642
0.44822309
0.40497974
0.36490511
0.32787883
0.29377292
0.26245468
0.23378739
0.20762266
0.18380888
0.16225699
0.14295232
0.12562354
0.11006743
0.096165029
0.083776316
0.072776093
0.063041195
0.054455762
0.046909869
0.040300167
0.034530138
0.029510144
0.025157314
0.021395624
0.01815552
0.015373903
0.012993733
0.010963728
0.0092380783
0.0077759203
0.0065411167
0.0055018011
0.0046300081
0.0039012905
0.0032943708
0.0027908263
0.0023748088
0.0020326133
0.0017525615
0.0015245653
0.0013403588
0.0011925979
0.0010752671
0.00098330682
0.00091274661
0.00085991303
0.00082180142
0.00079821758
0.00078889936
4.5266915
4.52613
4.525487
4.5248454
4.5241749
4.5234162
4.52247
4.5211632
4.5192353
4.5163809
4.5124488
4.5079119
4.5036396
4.4996153
4.4951787
4.4899769
4.4838497
4.4765875
4.4679437
4.4576664
4.4454974
4.4311656
4.4143837
4.3948469
4.3722337
4.3462094
4.3164322
4.2825604
4.2442583
4.2012019
4.1531024
4.0997136
4.0408428
3.9763611
3.9062075
3.8303908
3.7489981
3.6622014
3.5702544
3.4734845
3.372287
3.2671136
3.1584611
3.0468607
2.9328677
2.8170493
2.6999734
2.5821992
2.4642685
2.3466994
2.2299801
2.1145653
2.0008729
1.8892827
1.7801353
1.6737321
1.570336
1.4701728
1.3734324
1.2802707
1.1908117
1.1051496
1.0233502
0.94545408
0.87147749
0.80141475
0.73523912
0.6729045
0.61434874
0.55949497
0.50825249
0.46051814
0.41617811
0.37510964
0.33718189
0.30225743
0.27019502
0.24085051
0.21406892
0.18969098
0.16762071
0.14784992
0.13009348
0.11414311
0.09988017
0.087160157
0.075856064
0.065842188
0.057000732
0.049219921
0.042394781
0.036427302
0.031226493
0.026708245
0.022795398
0.019417343
0.016509999
0.014015418
0.011881458
0.010061515
0.0085139757
0.0072020008
0.006093068
0.0051585988
0.0043735748
0.0037161876
0.0031675243
0.0027112868
0.0023333577
0.0020216858
0.0017658521
0.0015572916
0.0013884092
0.0012530078
0.0011458548
0.0010627515
0.00099999
0.00095486041
0.00092715856
0.00091617682
4.4280766
4.4293774
4.430792
4.4322918
4.4339474
4.4357743
4.4377384
4.4397559
4.4416788
4.4432944
4.4443645
4.4447697
4.4448489
4.4453273
4.4463278
4.4472836
4.4478015
4.4477224
4.4468448
4.4449074
4.4416228
4.4366827
4.4297541
4.4204756
4.4084548
4.3932681
4.3744631
4.3515655
4.3240964
4.2915961
4.2536161
4.2097348
4.1595815
4.102856
4.0393384
3.968892
3.8915064
3.8073084
3.7165557
3.619621
3.5169749
3.4091739
3.2968445
3.1806672
3.0613553
2.9396339
2.8162251
2.6918335
2.5671347
2.4427644
2.3193117
2.1973152
2.07726
1.959577
1.844644
1.7327873
1.6242837
1.5193644
1.4182173
1.3209907
1.2277967
1.1387143
1.0537922
0.97305206
0.89649115
0.82408437
0.75578573
0.69153059
0.63123886
0.57481683
0.52215801
0.47314454
0.42764897
0.3855361
0.3466638
0.31088434
0.27804715
0.24799994
0.22058042
0.19562094
0.17301916
0.1527688
0.13457585
0.11822449
0.10359583
0.090540702
0.078929987
0.068635269
0.059536611
0.051520254
0.044479462
0.038314635
0.032933344
0.02825017
0.024186759
0.020671405
0.017639014
0.015030702
0.012793453
0.010879847
0.009247518
0.0078589188
0.0066808681
0.0056841744
0.0048432487
0.0041357532
0.0035422888
0.0030461094
0.0026326892
0.0022896067
0.0020061162
0.0017733563
0.0015834828
0.0014301229
0.0013078688
0.0012122917
0.0011396652
0.00108757
0.0010557674
0.0010431377
4.1394713
4.1422908
4.1454101
4.148733
4.1524307
4.1566016
4.1612786
4.166458
4.1720909
4.1780682
4.1842326
4.1904082
4.1964756
4.2025445
4.209214
4.2169987
4.2254568
4.2340377
4.2425972
4.2509776
4.2589387
4.2661973
4.2724346
4.27729
4.2803562
4.2811738
4.2792283
4.2739502
4.2647176
4.2508663
4.2316987
4.2065228
4.1746703
4.1355283
4.0885844
4.0334649
3.9699168
3.8978276
3.8172584
3.7284432
3.6317976
3.5279393
3.4176222
3.3016976
3.1810813
3.0567223
2.9295776
2.8005828
2.6706296
2.5405524
2.4111176
2.2830156
2.1568584
2.0331792
1.9124356
1.7950131
1.6812305
1.5713461
1.4655625
1.3640331
1.2668673
1.1741353
1.0858732
1.0020867
0.92275546
0.8478355
0.77726176
0.71095044
0.64880263
0.59070677
0.53653949
0.48616699
0.43944696
0.39623063
0.35636349
0.31968647
0.2860387
0.25525891
0.22717669
0.20161548
0.17846618
0.15772029
0.13908042
0.12231969
0.10731878
0.093923585
0.082002538
0.071424296
0.062066587
0.05381349
0.046556358
0.040193885
0.034632106
0.02978422
0.025570609
0.02191842
0.018761504
0.016040016
0.013700034
0.011693314
0.0099767186
0.008511988
0.0072652767
0.0062067769
0.005310328
0.0045530644
0.0039151018
0.0033792481
0.0029305709
0.0025562823
0.0022453132
0.0019885051
0.0017777696
0.0016065621
0.0014692983
0.0013613161
0.0012788826
0.0012198722
0.0011840008
0.0011697244
3.7454614
3.749117
3.7531745
3.7574914
3.7622986
3.7677462
3.7739211
3.7808898
3.788693
3.797329
3.8067391
3.8168251
3.8274732
3.8385989
3.8502218
3.8626239
3.8763535
3.8915975
3.9079085
3.9249207
3.9425177
3.9605429
3.9787645
3.9968969
4.0146002
4.0314677
4.0470191
4.0606904
4.0718291
4.0796923
4.0834561
4.0822269
4.0750596
4.0609854
4.0390503
4.0083651
3.9681502
3.9178202
3.8570347
3.7857333
3.7041158
3.6126217
3.5119184
3.4028701
3.2865682
3.1642276
3.0371078
2.9064644
2.7735092
2.6393841
2.5051359
2.3717002
2.2399002
2.1104452
1.9839338
1.8608613
1.7416283
1.6265515
1.5158723
1.4097669
1.3083547
1.2117062
1.1198508
1.0327821
0.95046399
0.87283454
0.79980956
0.73128545
0.66714329
0.60725236
0.55147104
0.49964811
0.45162494
0.4072378
0.36631848
0.32869539
0.29419621
0.2626497
0.23387648
0.20769074
0.18397508
0.16271516
0.14361648
0.12643647
0.1110555
0.097314196
0.085078188
0.074212974
0.064593699
0.05610211
0.048627492
0.042066696
0.03632411
0.031311458
0.026947793
0.023159052
0.019877986
0.017043754
0.014601498
0.012502128
0.010701727
0.0091613076
0.007846353
0.0067264345
0.0057748175
0.0049681081
0.0042859371
0.0037106668
0.0032269604
0.0028216662
0.002483393
0.002202686
0.0019712159
0.0017822708
0.0016300879
0.0015097698
0.0014175831
0.0013517052
0.0013118088
0.0012958786
3.3129659
3.3168407
3.3211433
3.3257057
3.3307704
3.3364976
3.3429983
3.3503823
3.3587447
3.3681678
3.3786905
3.3903083
3.402978
3.416642
3.4312611
3.4468461
3.4634994
3.4815309
3.5014383
3.5233454
3.5468648
3.57172
3.5978396
3.6251039
3.6533171
3.6822198
3.7114764
3.7406613
3.769242
3.7965654
3.8218473
3.8441663
3.8624688
3.8755822
3.8822397
3.8811206
3.870914
3.850387
3.8184667
3.7743348
3.7175087
3.6479175
3.5659321
3.4722793
3.3679982
3.2543737
3.1328555
3.0050579
2.8726205
2.7371114
2.5999903
2.462569
2.3260042
2.191286
2.0592436
1.9305573
1.80577
1.6853036
1.5694744
1.4585081
1.3525536
1.2516954
1.1559651
1.0653501
0.97980163
0.89924157
0.82356681
0.75265334
0.68636109
0.62453867
0.56702463
0.51364872
0.46423423
0.41860084
0.37656517
0.33794171
0.30254538
0.27019382
0.24069784
0.21386186
0.18955719
0.16776371
0.14819287
0.13058223
0.11481212
0.10071762
0.088161144
0.077004752
0.067120782
0.058388432
0.050694742
0.04393458
0.038010562
0.032832844
0.028319063
0.024393885
0.020988907
0.01804225
0.015498092
0.013306474
0.011422674
0.0098069644
0.0084241491
0.0072431722
0.0062367218
0.0053808736
0.0046547721
0.0040403339
0.0035218198
0.0030857162
0.0027203105
0.0024158521
0.0021637746
0.0019571998
0.0017901875
0.0016576034
0.0015557126
0.0014830114
0.0014391468
0.0014215496
2.8844212
2.8881181
2.8922239
2.8965574
2.9013481
2.9067419
2.9128495
2.9197774
2.9276543
2.9365946
2.9467075
2.9580682
2.9707154
2.984653
2.9998686
3.0163605
3.0341626
3.053363
3.0741087
3.0966828
3.1215538
3.1489274
3.1785009
3.2100349
3.2435142
3.2788813
3.3160011
3.3546625
3.3945618
3.43528
3.4762587
3.5167785
3.5559368
3.5926356
3.6255783
3.6532801
3.6741011
3.6863048
3.6881414
3.6779514
3.6542959
3.61611
3.5628277
3.4944438
3.4115255
3.3151966
3.2069574
3.0886113
2.9621249
2.8294783
2.692691
2.5536159
2.4139001
2.2749662
2.138007
2.0040006
1.8737216
1.7477688
1.6265895
1.5105004
1.3997102
1.2943388
1.1944344
1.0999877
1.0109433
0.9272097
0.84866609
0.77516806
0.7065534
0.64264847
0.5832704
0.52822808
0.47732481
0.43036185
0.38713894
0.34745516
0.31111112
0.27791209
0.24765807
0.22014265
0.19522242
0.1728762
0.15281793
0.1347639
0.1185944
0.10413862
0.091255331
0.079802908
0.069650567
0.060674733
0.052760005
0.04579911
0.039692768
0.034349452
0.029685299
0.025623637
0.02209485
0.019035971
0.016390186
0.014106634
0.012139771
0.010449113
0.0089987746
0.0077570632
0.006696085
0.005791382
0.0050216101
0.0043682395
0.0038151296
0.0033484055
0.0029560323
0.0026279667
0.002355405
0.0021313043
0.0019495512
0.001804772
0.0016932193
0.0016137342
0.001565969
0.0015466876
2.4830021
2.4863262
2.4900073
2.4938878
2.4981541
2.5029384
2.5083286
2.514424
2.5213396
2.5292039
2.5381437
2.5482777
2.5597062
2.5725012
2.5867048
2.6023418
2.6194422
2.6380583
2.6582834
2.6802543
2.7041465
2.7302126
2.7589077
2.7905776
2.8250083
2.86198
2.9015386
2.9437072
2.9884258
3.0355504
3.0848295
3.1358727
3.1881187
3.2407986
3.2929021
3.3431505
3.3899828
3.4315663
3.4658352
3.4905661
3.5034963
3.5024893
3.4857294
3.4519165
3.4004569
3.3315485
3.246138
3.1458394
3.032782
2.9093042
2.7779224
2.6410649
2.5009992
2.3597907
2.2191802
2.0806055
1.9452105
1.8138807
1.6872801
1.5658812
1.4499998
1.3398252
1.235446
1.1368717
1.0440503
0.95688277
0.87523373
0.79893921
0.72781447
0.6616623
0.60027676
0.54344409
0.49094548
0.44256178
0.39807409
0.35726439
0.31991733
0.2858244
0.25477367
0.22654636
0.20098239
0.17806292
0.15749984
0.13898838
0.12240814
0.1075821
0.094364853
0.082610862
0.07218587
0.062963315
0.05482515
0.047661797
0.041371939
0.035862246
0.031047262
0.026848897
0.023196268
0.020025255
0.017278027
0.014902782
0.012853133
0.011087824
0.0095702633
0.0082681145
0.0071528935
0.0061996042
0.0053864113
0.0046943369
0.0041068372
0.0036096779
0.003190502
0.0028389733
0.0025460506
0.002304527
0.002108123
0.0019512214
0.0018300424
0.0017438099
0.0016922288
0.0016712286
2.1190913
2.1219727
2.1251587
2.1285116
2.1321841
2.1362868
2.1408851
2.1460641
2.151917
2.1585591
2.1661114
2.1747029
2.1844572
2.1954854
2.2078801
2.2217096
2.2370264
2.2538825
2.2723474
2.2925239
2.3145559
2.3386171
2.3649066
2.3936557
2.4253059
2.4603098
2.4985785
2.5399304
2.5844608
2.632279
2.6834105
2.7377882
2.795225
2.8553744
2.9176841
2.9813442
3.0452342
3.1078782
3.1674169
3.2216126
3.2678981
3.3034864
3.3255451
3.3314332
3.3189888
3.286806
3.2344172
3.1624007
3.0723163
2.9664356
2.8475632
2.7186981
2.582785
2.4426346
2.3006872
2.1590532
2.0194539
1.8832234
1.7513718
1.6246284
1.5034912
1.3882729
1.2791406
1.1761484
1.0792643
0.98839223
0.90338793
0.82407109
0.75023506
0.68165809
0.61810998
0.55935268
0.50514309
0.45523972
0.40940318
0.36739656
0.32898681
0.2939501
0.26206106
0.23308705
0.20685032
0.18333382
0.16224665
0.14326228
0.12625876
0.11105252
0.097493348
0.085431574
0.074729072
0.065256089
0.056891704
0.049523848
0.043049013
0.037371947
0.032405496
0.02807007
0.024293446
0.021010302
0.018161745
0.015695001
0.013562805
0.011723113
0.01013861
0.008776303
0.0076071115
0.0066054961
0.0057491255
0.0050185717
0.0043968867
0.0038694761
0.0034236612
0.0030488142
0.0027356536
0.0024768098
0.002265846
0.0020968967
0.0019661211
0.0018731733
0.0018178793
0.0017951095
1.7955165
1.7979572
1.8006606
1.8034962
1.8065965
1.810045
1.8138986
1.8182168
1.8230792
1.8285767
1.8348144
1.8419081
1.8499808
1.8591551
1.8695459
1.8812548
1.8943659
1.9089501
1.9250745
1.9428205
1.9622953
1.9836456
2.0070505
2.032713
2.0608602
2.0917478
2.1257865
2.1634465
2.2047953
2.2497485
2.2984338
2.3510386
2.4076789
2.4683692
2.5329911
2.6012457
2.6725902
2.7461655
2.8207191
2.8945357
2.9653933
3.0305641
3.0868846
3.1309176
3.1592179
3.1686838
3.1569409
3.1226854
3.0658833
2.9877592
2.8906747
2.7777528
2.6524809
2.5184416
2.3789323
2.2369164
2.0948957
1.9548497
1.818328
1.6864764
1.5600918
1.4396949
1.3255909
1.2179202
1.1166988
1.021851
0.93323474
0.85065949
0.7738994
0.70270835
0.63683183
0.57600605
0.51996193
0.46843351
0.42115859
0.37787905
0.33834265
0.30230839
0.26953613
0.23977795
0.21283765
0.18869776
0.16706557
0.14759149
0.13015102
0.11455371
0.10064395
0.088267592
0.077282301
0.067554808
0.058961109
0.051386447
0.044724963
0.038879352
0.033760652
0.029287682
0.025386808
0.02199145
0.019041602
0.016483484
0.01426893
0.012355078
0.010703876
0.0092816646
0.0080587546
0.0070090562
0.0061097385
0.0053409205
0.0046852474
0.0041277642
0.0036554712
0.0032574485
0.0029241719
0.0026481085
0.0024226756
0.0022417532
0.0021014052
0.002001768
0.0019428808
0.0019182824
1.5112104
1.5132532
1.5155135
1.5178834
1.5204669
1.5233363
1.526531
1.5300989
1.5341008
1.5386072
1.5437072
1.5494949
1.5560803
1.5635768
1.5721004
1.5817648
1.5926721
1.6049146
1.6185742
1.6337298
1.6504681
1.6689
1.6891691
1.7114541
1.7359647
1.7629279
1.7925939
1.8252414
1.8612907
1.9012359
1.9452362
1.9932973
2.0456176
2.102464
2.1640361
2.2304279
2.3015879
2.3772573
2.4568878
2.5395411
2.6237805
2.7075727
2.7882251
2.8623927
2.9261962
2.97548
3.0062091
3.014968
2.9994508
2.9588155
2.8938234
2.806695
2.7007545
2.5800013
2.4485525
2.3103423
2.1688653
2.0269944
1.8870463
1.7507809
1.6194593
1.4939398
1.3747615
1.262218
1.1564189
1.0573392
0.96485715
0.87878363
0.79888021
0.72487912
0.65650137
0.59345597
0.53544663
0.4821809
0.43337175
0.38873792
0.34800629
0.31091688
0.27721328
0.24663085
0.21895409
0.19416285
0.1719633
0.15198161
0.1340896
0.11808963
0.10381995
0.091121638
0.079847765
0.069861287
0.061034841
0.053250788
0.046400749
0.040385226
0.035113333
0.030502202
0.026476714
0.022968969
0.019917798
0.017268376
0.014971603
0.012983778
0.011266095
0.0097842086
0.0085078142
0.0074102632
0.0064682195
0.0056613455
0.0049718776
0.0043844973
0.003885884
0.0034648269
0.0031115551
0.0028183717
0.0025785599
0.00238574
0.0022358397
0.0021295317
0.0020671845
0.002040703
1.2633832
1.2650802
1.2669542
1.2689153
1.2710569
1.2734254
1.2760581
1.2789898
1.2822674
1.28595
1.290102
1.2948053
1.3001483
1.3062303
1.3131562
1.3210302
1.3299593
1.3400448
1.3513805
1.3640543
1.3781537
1.3937699
1.411014
1.4300236
1.4509721
1.4740667
1.499541
1.5276436
1.5586476
1.5928606
1.630738
1.6728016
1.7192489
1.7701766
1.8258853
1.8867204
1.9529588
2.0247647
2.1021436
2.1848582
2.2723187
2.3634466
2.4565269
2.5490753
2.6377655
2.7184706
2.7864762
2.8368972
2.8652668
2.8681871
2.8438746
2.7924447
2.7158617
2.6175794
2.5019538
2.3736874
2.2373309
2.0968833
1.9556859
1.8163671
1.6808793
1.5506011
1.4264449
1.3089589
1.1984167
1.094891
0.9983116
0.90850906
0.82524378
0.74823266
0.67717408
0.6117505
0.55163798
0.49651602
0.44607093
0.39999658
0.35799716
0.31979186
0.28510621
0.25365728
0.22520928
0.19973717
0.1769464
0.15643811
0.13807894
0.12166391
0.10702433
0.093996156
0.082427471
0.072177148
0.063114214
0.055117928
0.048077215
0.041890238
0.036464061
0.031714032
0.027563471
0.023943088
0.020790498
0.01804979
0.015670898
0.013609257
0.011825282
0.010283932
0.0089542727
0.0078090886
0.0068245323
0.0059798053
0.0052567311
0.0046396271
0.004114851
0.0036709005
0.0032977545
0.0029875497
0.0027334489
0.0025288085
0.0023693731
0.0022564049
0.0021907417
0.0021623302
1.048614
1.0500123
1.0515583
1.053177
1.0549364
1.0568867
1.0590471
1.0614493
1.0641297
1.067132
1.0705111
1.0743311
1.0786646
1.0835937
1.0892055
1.0955927
1.1028503
1.1110755
1.120365
1.1308144
1.1425137
1.1555543
1.1700312
1.1860553
1.203757
1.2233006
1.2448874
1.2687495
1.2951396
1.324327
1.3566107
1.3923322
1.4320036
1.4761824
1.5250658
1.5788391
1.6379272
1.7027561
1.7736701
1.850894
1.9344696
2.0241449
2.1192234
2.2183806
2.3194677
2.4193475
2.513837
2.5978432
2.6657619
2.7121327
2.7324424
2.723874
2.6857869
2.6197785
2.5293204
2.4191263
2.2944312
2.1603309
2.0213751
1.881337
1.7431455
1.6089469
1.4802235
1.3579262
1.2425992
1.1344866
1.0336185
0.93987618
0.85303793
0.772817
0.69889443
0.63092926
0.56857064
0.51146909
0.45928237
0.41167756
0.36833423
0.32894909
0.29322796
0.26086808
0.23161222
0.20542815
0.18202087
0.16096594
0.14212308
0.12527986
0.1102598
0.096893361
0.085023209
0.074503839
0.065200399
0.05698881
0.049755115
0.043394978
0.037813298
0.032923535
0.02864735
0.024914006
0.021659845
0.018827824
0.016366876
0.014231545
0.012381447
0.010780827
0.0093981092
0.0082055018
0.0071786391
0.0062962568
0.0055397629
0.0048931063
0.0043423228
0.0038756191
0.0034827192
0.0031555918
0.0028872918
0.0026709086
0.0025019528
0.0023823267
0.0023134996
0.0022831247
0.86328405
0.86443422
0.86570533
0.86703544
0.8684831
0.87008115
0.87185361
0.87382083
0.87601175
0.87846189
0.88121568
0.88432448
0.88784665
0.89184967
0.89640387
0.90158626
0.90747687
0.91416092
0.92172871
0.93027199
0.93988489
0.95065896
0.962688
0.97606845
0.99090614
1.007325
1.0254827
1.045574
1.0678226
1.0924772
1.1198093
1.1501104
1.1837192
1.2210483
1.2626463
1.3090298
1.3604519
1.4172419
1.4799181
1.548976
1.62482
1.7077209
1.7977237
1.8944961
1.9971243
2.1038646
2.211892
2.3171305
2.4142853
2.4971855
2.5594756
2.5955594
2.6015634
2.5760262
2.5201009
2.4372297
2.3324271
2.2114098
2.0798306
1.942743
1.8043115
1.6677397
1.5353408
1.4086785
1.2887246
1.1760065
1.0707304
0.97287838
0.8822783
0.79865918
0.72169469
0.65102536
0.58627557
0.52706755
0.47302976
0.42380102
0.3790345
0.3384028
0.30159034
0.2682731
0.23817116
0.21124259
0.1871921
0.16556963
0.14622567
0.12894048
0.11352879
0.099815228
0.087636596
0.076842674
0.067294449
0.058864275
0.051435113
0.044899977
0.039161458
0.034131023
0.029728588
0.025881898
0.022525961
0.019602558
0.017059585
0.014850664
0.012934592
0.01127488
0.0098392978
0.0085994684
0.0075304995
0.0066106559
0.0058209253
0.0051448861
0.0045682506
0.0040789338
0.0036664013
0.0033224497
0.0030400393
0.0028119923
0.0026335301
0.0025072393
0.0024354071
0.0024030502
0.70358944
0.70453763
0.70558396
0.70667891
0.70786913
0.70918458
0.71064057
0.71225526
0.71405171
0.71605936
0.71831328
0.72085349
0.72373083
0.72699689
0.73070929
0.7349302
0.73972511
0.74516491
0.75132777
0.75829739
0.7661617
0.77501233
0.78494183
0.7960428
0.80841116
0.82214715
0.83736829
0.8542244
0.8729027
0.89361777
0.9166108
0.94214896
0.97052482
1.0020591
1.0371339
1.076259
1.1200224
1.1688488
1.2230857
1.2832469
1.3499185
1.4236518
1.5049033
1.5939618
1.6908162
1.7949432
1.9050242
2.018617
2.1318721
2.23944
2.3347297
2.4106093
2.4604749
2.4794247
2.4651736
2.4184125
2.3425215
2.2427761
2.1253513
1.9964129
1.8614702
1.7250358
1.5905444
1.4604375
1.3363286
1.219188
1.1095106
1.0074549
0.91294784
0.82576506
0.74559187
0.67206052
0.60477558
0.5433331
0.48733268
0.43638407
0.3901127
0.34816544
0.31020383
0.27588116
0.24489354
0.21718663
0.19246486
0.17025318
0.15038996
0.13264843
0.11683348
0.10276352
0.090269053
0.079194802
0.069397282
0.06074505
0.05311779
0.046405686
0.04050889
0.035336757
0.030807381
0.026846902
0.023388939
0.02037405
0.017749053
0.015466621
0.013484705
0.011766066
0.010277806
0.0089909484
0.0078800687
0.0069229547
0.0061001693
0.0053949168
0.0047925834
0.0042807938
0.0038487501
0.0034880724
0.00319164
0.0029520097
0.0027640542
0.0026310829
0.0025564099
0.0025220719
0.56565981
0.56644246
0.56730979
0.56821487
0.56919937
0.5702864
0.57148906
0.57282232
0.57430471
0.57596031
0.57781603
0.57990793
0.5822738
0.58495699
0.58800466
0.59146485
0.59539184
0.59984391
0.6048863
0.61059021
0.61703519
0.62430585
0.63249014
0.64167844
0.65196166
0.66343289
0.67618915
0.69034116
0.7060285
0.72342967
0.74275172
0.76422642
0.78811327
0.81470066
0.84430576
0.87729139
0.91409571
0.95531927
1.0015764
1.0532455
1.1107829
1.1748513
1.246116
1.3251757
1.4125151
1.5083898
1.6126242
1.7243079
1.841406
1.9603653
2.0758864
2.1810796
2.2681538
2.3295965
2.3595532
2.3549681
2.3161013
2.2462786
2.1510275
2.0369478
1.9106635
1.7780791
1.6439943
1.512018
1.3846726
1.2635859
1.149701
1.0434643
0.94497577
0.85410545
0.77058011
0.69404114
0.6240829
0.56028015
0.50220561
0.44944023
0.40158084
0.35824744
0.31907728
0.2836998
0.25178584
0.22326565
0.19784326
0.1750201
0.15461878
0.13640601
0.12017572
0.10573974
0.092921798
0.081561192
0.071509677
0.062631757
0.05480363
0.047912478
0.041855873
0.036540953
0.031883879
0.027809122
0.024248847
0.021142335
0.018435294
0.01607941
0.014031767
0.012254355
0.010713593
0.0093798976
0.0082272992
0.0072331034
0.0063774436
0.0056431464
0.0050152708
0.004481149
0.004029717
0.003652412
0.003342045
0.0030909135
0.0028934785
0.0027538011
0.0026764548
0.0026401578
0.44601285
0.44666643
0.44738608
0.44813955
0.44895836
0.44986195
0.4508623
0.45196957
0.45320088
0.45457457
0.45611479
0.45784888
0.45980893
0.46202995
0.4645501
0.46740874
0.47064974
0.47432062
0.47847539
0.48317438
0.48848526
0.49448234
0.50124647
0.50886281
0.51741802
0.52700053
0.53770016
0.54960997
0.56283426
0.57750521
0.59379269
0.61189459
0.63203335
0.65445893
0.67945282
0.70732691
0.73842862
0.77318376
0.81215866
0.85598197
0.90514788
0.96014316
1.0216317
1.0903463
1.1669991
1.2522286
1.3465053
1.4499485
1.5620172
1.6810721
1.80388
1.9252504
2.0380802
2.1340206
2.2047591
2.2435984
2.2468139
2.2143162
2.1494274
2.0579363
1.946835
1.8231449
1.6930902
1.5616813
1.4326339
1.3084971
1.1908739
1.0806543
0.9782191
0.88360405
0.7966226
0.71695314
0.644196
0.57791366
0.51765643
0.46297823
0.41344748
0.36865664
0.32821764
0.29173507
0.25885344
0.22948419
0.2033306
0.17987328
0.15891445
0.14021511
0.12355706
0.10874513
0.095595829
0.083942644
0.073632266
0.064524892
0.056493015
0.049420645
0.043202631
0.037743768
0.032958194
0.02876863
0.025105722
0.021907429
0.019118302
0.01668901
0.014575745
0.012739707
0.011146616
0.0097662661
0.0085721388
0.0075410485
0.0066526952
0.0058895226
0.0052362597
0.0046799474
0.0042092506
0.0038154175
0.0034912035
0.0032286538
0.0030217537
0.0028753352
0.0027954859
0.0027572765
0.34187336
0.34241832
0.34302027
0.34364958
0.34433388
0.34508847
0.3459234
0.34684832
0.34787567
0.34902197
0.35030649
0.35175242
0.35338552
0.35523574
0.35733272
0.35971039
0.36240318
0.36545148
0.36889926
0.37279686
0.37720097
0.38217591
0.38779207
0.39412656
0.40126123
0.40927944
0.4182667
0.42830922
0.43949605
0.45192582
0.46572482
0.48105578
0.49810819
0.51709479
0.53825655
0.56186627
0.58822931
0.61768757
0.65064969
0.68763773
0.72928597
0.7761818
0.82884204
0.88791946
0.95419357
1.0284609
1.111476
1.2038783
1.3060285
1.4177043
1.5376255
1.6628648
1.788356
1.9068283
2.0094529
2.0872259
2.1327416
2.1417505
2.1139412
2.0527158
1.9641495
1.8555963
1.7344047
1.6070307
1.4786079
1.3528836
1.2323763
1.1186241
1.012438
0.91412124
0.82364111
0.74075507
0.66509509
0.59622614
0.5336844
0.47700076
0.42571688
0.37939774
0.33762943
0.2999912
0.26610038
0.23584583
0.2089293
0.1848149
0.16327878
0.1440772
0.1269787
0.11178066
0.098291912
0.08633976
0.075765528
0.066424824
0.058186225
0.050930396
0.044549313
0.038945307
0.034030392
0.02972546
0.025959577
0.022669324
0.019798053
0.017295387
0.015116597
0.013222074
0.01157682
0.01015
0.0089145318
0.0078467346
0.0069258687
0.0061339908
0.0054554982
0.0048771381
0.0043873016
0.0039770409
0.0036390665
0.0033651839
0.0031488351
0.0029956307
0.0029134488
0.002873399
0.25110347
0.25156019
0.25206443
0.2525915
0.25316366
0.25379609
0.25449502
0.25526931
0.25612917
0.25708844
0.2581634
0.25937312
0.26073975
0.26228656
0.26404026
0.26602677
0.26827645
0.2708213
0.27369833
0.27694966
0.2806226
0.2847711
0.28945621
0.29474542
0.30071216
0.30743493
0.31499442
0.32347268
0.33295232
0.34351819
0.35526484
0.36831422
0.38282273
0.39897278
0.41696899
0.43704374
0.45946175
0.48452191
0.51256075
0.54396961
0.57923876
0.61900767
0.66391938
0.71450923
0.77142622
0.8354837
0.90753865
0.98843149
1.0789297
1.1795854
1.29044
1.410519
1.5371588
1.6653941
1.7877938
1.8950997
1.9777223
2.027703
2.0404468
2.015583
1.9567015
1.8701984
1.7637554
1.6449686
1.5204272
1.3952931
1.273267
1.1567792
1.0472646
0.9454335
0.85150241
0.76536938
0.68673632
0.61519399
0.55027777
0.49150292
0.43838786
0.39047152
0.34731439
0.30847032
0.27352911
0.24235308
0.21464075
0.18984638
0.16771296
0.14799325
0.13044143
0.11484696
0.10101056
0.088752944
0.077909772
0.068331785
0.059883436
0.052441854
0.045895999
0.040145613
0.03510049
0.030679608
0.02681039
0.023427984
0.020474504
0.017898491
0.015654268
0.013701397
0.012004147
0.010531038
0.0092544183
0.0081501029
0.0071969068
0.0063764959
0.005672931
0.0050726678
0.0045638189
0.0041372321
0.0037855838
0.0035004543
0.0032746753
0.0031146309
0.0030302869
0.0029884967
0.17200844
0.17239083
0.17281357
0.17325512
0.1737353
0.17426533
0.17485074
0.17549963
0.17622063
0.17702489
0.17792596
0.17894021
0.18008619
0.18138366
0.18285399
0.18452019
0.18640614
0.18853949
0.19095068
0.1936747
0.19675157
0.20022673
0.20415168
0.2085847
0.21359026
0.21923917
0.22560672
0.23277054
0.24080929
0.24980203
0.25982968
0.27098377
0.28338285
0.29717903
0.31254849
0.32968901
0.34882569
0.37021622
0.39415392
0.42096981
0.45104275
0.48484448
0.52301394
0.56622591
0.6150263
0.67006395
0.73218302
0.8022832
0.88126645
0.96999449
1.0691663
1.1790316
1.2988592
1.4261846
1.5560871
1.6809479
1.7911084
1.876498
1.9287802
1.943223
1.9195835
1.8617599
1.7765023
1.6717769
1.5553366
1.4337983
1.312254
1.1942805
1.0821661
0.97720846
0.88000194
0.79067158
0.70904494
0.63477293
0.56741081
0.50647015
0.45145254
0.40187402
0.35727072
0.31717195
0.28114022
0.24900723
0.22046519
0.19496826
0.17221754
0.15196371
0.13394564
0.11794434
0.10375201
0.091182388
0.080065128
0.070245867
0.061584702
0.053955049
0.047242692
0.041344671
0.036168455
0.031631033
0.027658109
0.024183352
0.021147593
0.018498256
0.016188692
0.014177607
0.012428529
0.010909315
0.0095917345
0.0084510913
0.0074657495
0.0066169798
0.0058885044
0.0052664844
0.0047387525
0.0042959429
0.0039307068
0.0036344185
0.0033992309
0.003232283
0.0031459447
0.0031025431
0.10316131
0.1034824
0.10383638
0.10420684
0.10460938
0.1050532
0.10554492
0.10608876
0.10669348
0.10736815
0.10812451
0.10897616
0.10993848
0.11102882
0.11226478
0.11366534
0.11525126
0.11704523
0.11907288
0.12136334
0.12395056
0.12687256
0.13017339
0.13390217
0.13811497
0.14287392
0.148247
0.15430682
0.16112777
0.16878502
0.17735406
0.1869123
0.19754916
0.20938119
0.22255697
0.23724767
0.25364539
0.2719693
0.29247136
0.31544014
0.34120198
0.37012985
0.40269584
0.43952762
0.48128695
0.52855164
0.58199562
0.64247447
0.71091609
0.78826714
0.87545754
0.97329464
1.0821845
1.2015714
1.329107
1.4598319
1.585885
1.6972224
1.783403
1.8359074
1.850097
1.8260569
1.7681118
1.6833868
1.5800751
1.465985
1.3476501
1.2299969
1.1164062
1.0089765
0.90884416
0.81647738
0.7319067
0.65489242
0.58504019
0.5218759
0.46489474
0.41359541
0.3674925
0.32609254
0.28893212
0.25580853
0.22640152
0.20018002
0.17679231
0.15598843
0.13749126
0.12107275
0.10651623
0.093628035
0.082231539
0.072167008
0.063289957
0.055469901
0.048589316
0.042542401
0.037234208
0.032579651
0.028502652
0.024935344
0.021817235
0.0190946
0.016719787
0.01465063
0.012849891
0.011284759
0.0099264119
0.0087496341
0.0077323355
0.0068553844
0.0061021614
0.0054585334
0.00491205
0.0044531227
0.0040743848
0.0037670272
0.0035224562
0.0033485327
0.0032603655
0.0032155123
0.043328429
0.043597119
0.043894218
0.04420463
0.04454174
0.044914342
0.045326026
0.045782492
0.046289622
0.046855968
0.047491035
0.048206628
0.049015867
0.049933358
0.050973789
0.052153824
0.053490465
0.055002765
0.056712544
0.058644476
0.060826815
0.063292082
0.066077212
0.069224414
0.072781357
0.076802153
0.081346744
0.086480798
0.092274157
0.098797995
0.10612377
0.11432334
0.12347134
0.13365605
0.14499321
0.15762843
0.17172865
0.18748136
0.20510113
0.2248357
0.24696992
0.27182689
0.29977858
0.33129484
0.36699634
0.40754246
0.45352836
0.50565127
0.56478096
0.6318684
0.70789207
0.79382919
0.89056388
0.9986105
1.1175162
1.2449516
1.3758123
1.5019239
1.6128706
1.6979656
1.7487234
1.760844
1.7349391
1.6758615
1.5911104
1.4890289
1.3773698
1.262473
1.1490092
1.0401008
0.93762068
0.84252752
0.75515778
0.67544919
0.60310066
0.53767882
0.47868812
0.42561881
0.37796869
0.33522478
0.2969009
0.26275539
0.23244706
0.20547996
0.18143625
0.16006661
0.14107769
0.12423171
0.10930282
0.096089576
0.084408758
0.07409499
0.064999004
0.056986245
0.049935714
0.04373866
0.038297615
0.033525336
0.029343899
0.02568385
0.022483329
0.019687425
0.017247461
0.015120377
0.013268152
0.011657293
0.010258377
0.0090456639
0.0079965994
0.0070916486
0.0063138456
0.0056487618
0.0050836617
0.0046087241
0.004216571
0.003898235
0.0036443095
0.0034633294
0.0033734931
0.0033273794
-0.0085641148
-0.0083392067
-0.0080906718
-0.0078307481
-0.0075481503
-0.0072362826
-0.0068913346
-0.0065089108
-0.0060833774
-0.0056085112
-0.0050750364
-0.0044738129
-0.0037927564
-0.0030204754
-0.0021432133
-0.0011478271
-1.9475958e-05
0.0012581564
0.0027030717
0.0043365944
0.0061822866
0.008268037
0.010625105
0.013289379
0.016301812
0.019708624
0.023562345
0.027921106
0.032848499
0.038411417
0.044677868
0.051715466
0.059592507
0.068381462
0.078170792
0.089076499
0.1012415
0.11482892
0.13002272
0.1470342
0.16610807
0.18752666
0.21161162
0.23873587
0.26937098
0.3041354
0.34368986
0.38863638
0.43969121
0.49774904
0.56378086
0.63878701
0.72377668
0.81968523
0.92708973
1.0455628
1.1726821
1.3030778
1.4281855
1.5372421
1.6194652
1.6666425
1.6750626
1.6460445
1.5850408
1.4998924
1.3989958
1.2899305
1.1787367
1.0697509
0.96578791
0.86847129
0.77857349
0.69629943
0.62149998
0.55381944
0.49279404
0.4379188
0.38868223
0.34455708
0.30503845
0.26983571
0.23859713
0.21086503
0.18614737
0.16419673
0.14470379
0.12742034
0.11211109
0.098566441
0.086596314
0.076029425
0.066711522
0.058503798
0.051281646
0.044933238
0.039358488
0.034467922
0.0301817
0.026428733
0.023145746
0.020276616
0.017771609
0.01558675
0.013683221
0.012026833
0.010587554
0.0093391077
0.0082584753
0.0073257109
0.006523498
0.0058371133
0.0052535343
0.0047626964
0.004357215
0.0040279926
0.003764746
0.0035766207
0.0034852705
0.0034381202
-0.053437008
-0.053248924
-0.053041091
-0.052824211
-0.052587939
-0.052327038
-0.052038571
-0.05171849
-0.051362389
-0.050964193
-0.050516826
-0.050011472
-0.049439116
-0.048788334
-0.048048872
-0.047208396
-0.046254863
-0.045174338
-0.043951056
-0.042567663
-0.041003342
-0.03923485
-0.037235317
-0.034974121
-0.032416373
-0.029522179
-0.026246317
-0.022537645
-0.018339598
-0.013590637
-0.008226697
-0.0021832996
0.0046033844
0.012198269
0.020672433
0.03011597
0.040646046
0.052403072
0.065546616
0.080257921
0.09674626
0.11525486
0.1360652
0.15949883
0.18593246
0.2158505
0.24986504
0.28861909
0.33273606
0.38296316
0.44021592
0.50548079
0.57977441
0.66412724
0.75950428
0.86649997
0.98462752
1.1112473
1.2405948
1.3636471
1.4693472
1.5470002
1.5889257
1.592242
1.5591237
1.4956512
1.40994
1.3103244
1.2040915
1.0968864
0.99264756
0.89384997
0.80185591
0.71725044
0.64011329
0.57021638
0.50715901
0.45045984
0.39960917
0.35407255
0.31332906
0.27703096
0.24484812
0.21633076
0.19092269
0.16837647
0.14836781
0.13063727
0.11493998
0.10105778
0.088793518
0.077969746
0.068427044
0.060022171
0.052626776
0.046125848
0.040416583
0.035407194
0.031015869
0.027169825
0.023804341
0.020862041
0.018292111
0.016049641
0.014095001
0.01239329
0.010913859
0.0096298909
0.0085178936
0.0075575065
0.0067310602
0.0060235338
0.0054216174
0.0049149927
0.0044962698
0.0041562548
0.0038837256
0.0036883586
0.0035956413
0.0035477116
-0.092093599
-0.091937357
-0.091764183
-0.091582966
-0.091386227
-0.091168741
-0.090927983
-0.090660749
-0.090363243
-0.090030047
-0.089655342
-0.089231583
-0.088750331
-0.088202841
-0.0875792
-0.086869784
-0.08606357
-0.085148783
-0.084112506
-0.082939202
-0.081611578
-0.080109505
-0.078410138
-0.076487198
-0.074310843
-0.071846695
-0.069055733
-0.065893515
-0.062310194
-0.058250394
-0.05365483
-0.048462343
-0.042612155
-0.036044058
-0.028696211
-0.02049773
-0.011355926
-0.001152024
0.010252239
0.023013348
0.037311067
0.053354012
0.071385168
0.091685861
0.11457901
0.14044998
0.16979743
0.20322372
0.24135614
0.2848469
0.33447739
0.39118078
0.45595697
0.52983464
0.61385703
0.70899897
0.81582334
0.93368816
1.0596002
1.1872725
1.3071804
1.4080679
1.4795505
1.5147492
1.5118288
1.4739179
1.4077025
1.3214694
1.223362
1.120261
1.0173355
0.9180829
0.82462194
0.73805152
0.65877674
0.58676215
0.52171193
0.46319447
0.41071745
0.36374872
0.32175468
0.28433477
0.25119579
0.22187143
0.19575801
0.17260263
0.15206731
0.13388061
0.11778799
0.10356243
0.090999424
0.079915195
0.070144939
0.061540847
0.053970681
0.047316132
0.041471594
0.036342893
0.03184618
0.027906934
0.024458944
0.021443549
0.018808833
0.016508932
0.014503383
0.012756567
0.011237206
0.0099179346
0.0087747823
0.0077869706
0.0069364709
0.0062079659
0.0055878573
0.0050655621
0.0046336859
0.0042829733
0.0040012054
0.0037984938
0.0037045489
0.0036561303
-0.12523636
-0.12510602
-0.12496273
-0.1248123
-0.12464884
-0.12446835
-0.12426805
-0.12404585
-0.12379796
-0.12352024
-0.12320713
-0.1228524
-0.12244878
-0.12198863
-0.12146346
-0.12086483
-0.12018349
-0.11940928
-0.11853091
-0.11753537
-0.11640769
-0.11513063
-0.11368455
-0.1120469
-0.11019199
-0.1080903
-0.10570807
-0.10300684
-0.099942852
-0.096467195
-0.092525824
-0.088061682
-0.083016909
-0.077334486
-0.070957418
-0.063826224
-0.055868452
-0.046988197
-0.037066212
-0.025965693
-0.013531555
0.00041531097
0.01608369
0.03371756
0.053599529
0.07605599
0.10148341
0.13039335
0.16337922
0.20106167
0.24412452
0.29338119
0.34978165
0.41433773
0.48808621
0.57207548
0.66726863
0.77413949
0.89178062
1.0167002
1.1419749
1.2575769
1.3522024
1.4160371
1.4432705
1.433287
1.3902064
1.3212425
1.2347201
1.138457
1.0388252
0.94045963
0.84639335
0.75838557
0.67728123
0.60331863
0.53636106
0.47606119
0.42196556
0.37355735
0.33029748
0.29174353
0.25763061
0.22747982
0.20064787
0.17687105
0.15579914
0.13714793
0.12065324
0.10607887
0.093212841
0.081864809
0.071864435
0.063059194
0.055312837
0.048503657
0.042523159
0.03727471
0.032672372
0.028639836
0.025109357
0.022020971
0.019321629
0.016964491
0.014908253
0.013116563
0.011557504
0.010203157
0.0090290675
0.0080140347
0.0071396695
0.006390354
0.0057522028
0.0052143571
0.0047694178
0.0044081035
0.0041171463
0.0039069806
0.0038119369
0.0037633548
-0.15347004
-0.15336293
-0.15324425
-0.15312039
-0.15298532
-0.15283606
-0.15267067
-0.15248664
-0.15228117
-0.15205053
-0.15179001
-0.15149407
-0.15115674
-0.15077083
-0.15032948
-0.14982527
-0.14925009
-0.14859546
-0.14785142
-0.14700691
-0.14604912
-0.1449631
-0.14373188
-0.14233626
-0.1407538
-0.13895925
-0.13692335
-0.13461275
-0.13198934
-0.12900996
-0.12562641
-0.1217862
-0.11743473
-0.11251773
-0.106982
-0.10077358
-0.093833267
-0.086085371
-0.077430812
-0.067750704
-0.056909658
-0.044752888
-0.031100464
-0.015741976
0.0015686556
0.021116774
0.043234321
0.068330229
0.0969275
0.12961374
0.16701173
0.20983966
0.25893812
0.31527468
0.37987086
0.45376675
0.53800761
0.63351769
0.74061
0.85798405
0.98150236
1.1035213
1.2135693
1.3005076
1.3553807
1.3736899
1.3561513
1.3078424
1.2363761
1.1499597
1.0559544
0.96014327
0.86659156
0.77786208
0.69536625
0.61971258
0.55099077
0.48898225
0.43330079
0.38346236
0.33893324
0.29924161
0.26413953
0.23314672
0.20558537
0.1811765
0.15955932
0.14043618
0.12353333
0.10860526
0.095432312
0.083817427
0.073584594
0.064576446
0.056652618
0.049687907
0.04357085
0.038202291
0.033494146
0.029368271
0.025755367
0.022594122
0.019830336
0.017416178
0.015309488
0.013473168
0.011874656
0.010485471
0.0092806721
0.0082386308
0.0073405922
0.0065706395
0.0059145996
0.0053613283
0.0049034161
0.0045315975
0.0042315063
0.004013772
0.0039177492
0.0038693628
-0.1773245
-0.17723715
-0.17713999
-0.17703826
-0.17692771
-0.17680541
-0.17666937
-0.17651826
-0.17634907
-0.17615864
-0.17594306
-0.17569755
-0.17541649
-0.17509424
-0.17472459
-0.17430095
-0.17381656
-0.1732639
-0.17263459
-0.17191909
-0.17110614
-0.17018301
-0.16913511
-0.1679456
-0.16659536
-0.16506231
-0.1633213
-0.16134325
-0.15909502
-0.15653878
-0.15363182
-0.15032669
-0.14657265
-0.14231812
-0.13751264
-0.13210622
-0.12604721
-0.11927513
-0.11171007
-0.10325013
-0.093776948
-0.083156016
-0.071231697
-0.057822237
-0.042714416
-0.025658679
-0.0063654062
0.015505155
0.040374922
0.068776462
0.10130674
0.13858954
0.18136633
0.23051433
0.28701942
0.35190744
0.4262162
0.51097688
0.60703703
0.71445671
0.83139797
0.95294036
1.0706862
1.1738545
1.2517444
1.2965577
1.305305
1.2800681
1.2267772
1.1532729
1.0674799
0.97618997
0.88454035
0.79601373
0.71271528
0.63573143
0.56545835
0.50186141
0.44465759
0.3934185
0.34763028
0.30680541
0.27070672
0.23886052
0.21056202
0.18551261
0.16334301
0.14374165
0.12642543
0.11113937
0.097656062
0.08577164
0.075304297
0.066091707
0.057989296
0.050868284
0.044614174
0.039125228
0.034311159
0.030091959
0.026396729
0.023162793
0.020334777
0.017863841
0.015706954
0.013826267
0.01218856
0.010764788
0.0095295165
0.0084606871
0.0075391764
0.0067487656
0.006074996
0.0055064276
0.0050356352
0.0046534114
0.0043442478
0.0041188251
0.0040219293
0.0039741335
-0.19726577
-0.19719473
-0.19711605
-0.19703376
-0.19694408
-0.19684461
-0.19673427
-0.19661103
-0.19647294
-0.19631711
-0.19614003
-0.19593765
-0.19570507
-0.19543733
-0.19512906
-0.19477459
-0.19436804
-0.1939029
-0.19337193
-0.19276689
-0.1920781
-0.19129454
-0.19040352
-0.18939049
-0.18823888
-0.1869296
-0.18544071
-0.18374709
-0.18181979
-0.1796257
-0.17712711
-0.17428174
-0.17104305
-0.16736243
-0.16319183
-0.15848442
-0.15319303
-0.14726719
-0.14064294
-0.13323554
-0.12494219
-0.11564501
-0.10520871
-0.093475784
-0.08026165
-0.06534933
-0.048484766
-0.029372803
-0.0076620827
0.017093454
0.04542639
0.077931133
0.11525373
0.15815942
0.20756341
0.2644644
0.32988719
0.4048617
0.49038827
0.58718269
0.69493533
0.81111503
0.92990871
1.042202
1.1371216
1.2047261
1.2386554
1.237556
1.2048231
1.1470689
1.0721625
0.98758869
0.89948004
0.81229855
0.72895352
0.65112016
0.57959133
0.51458174
0.45595626
0.40337074
0.35635029
0.3144073
0.27731316
0.24460712
0.21556756
0.18987171
0.16714443
0.14705995
0.12932614
0.11367855
0.099882046
0.087725828
0.077022245
0.067603931
0.059322028
0.052044108
0.045652576
0.040043057
0.035123033
0.03081058
0.027033178
0.023726759
0.02083476
0.018307317
0.016100512
0.014175736
0.012499111
0.011041015
0.0097755192
0.0086801313
0.0077353558
0.006924672
0.006233337
0.0056496051
0.0051660274
0.0047734977
0.0044553304
0.004222096
0.004124422
0.0040776457
-0.21369736
-0.21364076
-0.21357798
-0.21351215
-0.21344031
-0.21336071
-0.21327212
-0.21317299
-0.21306166
-0.21293549
-0.21279159
-0.21262613
-0.21243529
-0.21221443
-0.21195898
-0.21166407
-0.21132447
-0.21093468
-0.21048842
-0.20997849
-0.20939662
-0.20873321
-0.20797718
-0.20711595
-0.20613512
-0.20501815
-0.20374595
-0.20229668
-0.20064515
-0.19876235
-0.19661513
-0.19416585
-0.19137274
-0.18819135
-0.18457503
-0.18047854
-0.17585927
-0.17067228
-0.16486539
-0.15837002
-0.15109809
-0.14294627
-0.13379638
-0.12351134
-0.11193074
-0.098866128
-0.084095647
-0.067360005
-0.048356457
-0.026715419
-0.0019669993
0.026413246
0.059009689
0.096519713
0.13974205
0.18961057
0.24713122
0.31332372
0.3892025
0.47571001
0.57335153
0.68130543
0.79619288
0.91124958
1.0167712
1.1020908
1.1583698
1.1809195
1.1700575
1.1303529
1.0688778
0.99332286
0.91059596
0.82611008
0.74364967
0.66558004
0.59318529
0.52700388
0.46710137
0.41325333
0.36504773
0.32201506
0.2839362
0.25036972
0.2205898
0.19424477
0.17095678
0.15038592
0.1322315
0.11621977
0.10210786
0.089678111
0.078736949
0.069111934
0.060649862
0.053214608
0.046685428
0.040955271
0.035929342
0.031523784
0.027664421
0.024285777
0.021330081
0.018746427
0.016490011
0.014521449
0.012806197
0.011314055
0.010018595
0.0088968882
0.0079290655
0.0070983009
0.0063895706
0.0057908134
0.0052945481
0.0048918134
0.0045647177
0.0043235447
0.0042251716
0.0041798789
-0.22699301
-0.22694843
-0.22689908
-0.22684728
-0.22679073
-0.22672787
-0.2266578
-0.22657925
-0.22649051
-0.22638962
-0.22627381
-0.22614002
-0.22598457
-0.22580371
-0.22559335
-0.22534926
-0.22506698
-0.22474165
-0.22436785
-0.22393947
-0.22344979
-0.22289124
-0.22225408
-0.22152575
-0.2206926
-0.21974089
-0.21865496
-0.21741583
-0.21600149
-0.21438661
-0.21254197
-0.21043441
-0.20802748
-0.20528229
-0.20215123
-0.19858909
-0.19455911
-0.19002038
-0.18492856
-0.17922778
-0.17284419
-0.16568811
-0.15765572
-0.14862718
-0.13846253
-0.12699752
-0.1140387
-0.099358375
-0.082690384
-0.063720672
-0.042060363
-0.017233985
0.011292643
0.044123462
0.081986314
0.12570915
0.17624668
0.23460579
0.30179334
0.37879585
0.46645373
0.56495339
0.67279826
0.78562937
0.8957498
0.99309245
1.0675599
1.1117485
1.1227931
1.102615
1.0567407
0.99245126
0.91706239
0.83679753
0.75632318
0.67876991
0.60600324
0.53896468
0.47798073
0.42298868
0.37366871
0.32959068
0.29054937
0.25612855
0.22561443
0.19862125
0.17477214
0.15371359
0.13513695
0.11875948
0.10433077
0.091626346
0.080446727
0.070614379
0.061971727
0.054378924
0.047712032
0.041861301
0.036729626
0.032231189
0.028290142
0.024839583
0.021820515
0.019180988
0.016875293
0.01486327
0.013109701
0.011583807
0.010258656
0.0091108827
0.0081202371
0.007269591
0.006543641
0.0059300036
0.00542115
0.0050083118
0.0046723698
0.0044231298
0.0043241236
0.0042808128
-0.23754492
-0.23751068
-0.23747249
-0.23743235
-0.23738855
-0.23733978
-0.23728515
-0.23722372
-0.23715404
-0.23707425
-0.23698206
-0.23687471
-0.23674905
-0.23660176
-0.23642928
-0.23622801
-0.23599399
-0.23572303
-0.23541047
-0.23505121
-0.23464053
-0.23417244
-0.23363753
-0.2330241
-0.23231943
-0.2315103
-0.23058353
-0.22952388
-0.22831232
-0.22692661
-0.22534112
-0.22352678
-0.22145262
-0.21908448
-0.21637712
-0.21328382
-0.20976894
-0.205798
-0.20133155
-0.19632341
-0.19071331
-0.18442395
-0.1773642
-0.16942906
-0.16049602
-0.15042143
-0.13903628
-0.12614109
-0.11150127
-0.094841992
-0.075833705
-0.054066278
-0.029065137
-0.00027414252
0.03293774
0.071309455
0.11571484
0.16712285
0.22653123
0.29492553
0.37324279
0.46215201
0.56137998
0.6685853
0.77834649
0.88215327
0.96990135
1.032459
1.0641368
1.0639394
1.0352236
0.98419985
0.91810063
0.84369673
0.76645833
0.69031137
0.61777671
0.55027687
0.4884645
0.4324867
0.38215034
0.3370898
0.2971222
0.26186073
0.23062485
0.20298903
0.17858147
0.15703615
0.1380373
0.12129373
0.10654772
0.093568131
0.082149683
0.072109764
0.063286438
0.055536099
0.048731623
0.042760522
0.037523373
0.032932375
0.028909997
0.02538789
0.022305827
0.019610799
0.017256189
0.015201056
0.013409503
0.011850168
0.010495614
0.0093220354
0.0083088035
0.007438483
0.006695496
0.0060671279
0.0055457895
0.0051229507
0.0047782519
0.0045208141
0.0044212226
0.0043804272
-0.24572791
-0.24570216
-0.24567347
-0.24564329
-0.24561017
-0.24557325
-0.24553175
-0.24548478
-0.24543118
-0.24536926
-0.24529707
-0.24521211
-0.2451117
-0.24499284
-0.24485253
-0.2446875
-0.24449444
-0.24426965
-0.2440092
-0.24370938
-0.24336629
-0.24297355
-0.2425227
-0.24200493
-0.24140974
-0.2407242
-0.23993482
-0.23902861
-0.23799029
-0.23680057
-0.23543682
-0.23387363
-0.23208463
-0.23003986
-0.22769833
-0.22501063
-0.22194196
-0.21846548
-0.21454455
-0.21013979
-0.20520145
-0.19966398
-0.19344848
-0.18646279
-0.17859948
-0.16973264
-0.1597142
-0.14836946
-0.13549205
-0.12083943
-0.10412567
-0.085000618
-0.063030808
-0.037747185
-0.0085933638
0.025127914
0.064179548
0.10945745
0.16193552
0.22259538
0.29239024
0.37217018
0.46233105
0.56197151
0.66775225
0.77318875
0.86919166
0.94602305
0.99590321
1.0150439
1.0042487
0.96805284
0.91304593
0.84617109
0.77352576
0.69979873
0.62820939
0.56073001
0.49840519
0.44164431
0.39042025
0.34446145
0.30362003
0.26754003
0.23560205
0.20733431
0.18237444
0.16034588
0.14092669
0.12381802
0.10875522
0.095500785
0.083843718
0.073596438
0.064592672
0.056685086
0.049743353
0.043652254
0.038310033
0.033626897
0.029523616
0.025930394
0.022785764
0.02003565
0.017632524
0.015534658
0.013705477
0.012113029
0.010729375
0.0095302675
0.0084946942
0.0076049145
0.0068450792
0.0062021361
0.0056684202
0.0052356847
0.0048823255
0.0046165594
0.0045164157
0.0044787019
-0.25179118
-0.25177285
-0.25175237
-0.25173075
-0.25170697
-0.25168033
-0.25165015
-0.25161577
-0.25157607
-0.25152969
-0.25147484
-0.25140937
-0.25133087
-0.25123679
-0.25112444
-0.25099104
-0.25083363
-0.25064904
-0.25043413
-0.2501863
-0.24990152
-0.24957314
-0.24919394
-0.24875682
-0.24825381
-0.24767463
-0.24700588
-0.24623395
-0.24534591
-0.24432604
-0.24315457
-0.24180919
-0.24026692
-0.23850108
-0.23647319
-0.23413907
-0.23146437
-0.2284215
-0.2249791
-0.22110219
-0.21674921
-0.21186614
-0.2063848
-0.2002243
-0.19329042
-0.1854727
-0.17664121
-0.16664276
-0.15529612
-0.14238714
-0.12766377
-0.11082476
-0.091499885
-0.069260291
-0.04360293
-0.013938432
0.020442279
0.060342443
0.10667993
0.16042197
0.22252311
0.29388523
0.37520909
0.4664791
0.56598424
0.6692838
0.76894036
0.85563197
0.92043149
0.95723869
0.96423313
0.94382772
0.90141596
0.84365974
0.77701112
0.70681362
0.63698406
0.57009316
0.50763837
0.45034552
0.39839661
0.3516476
0.30999886
0.27313656
0.24052437
0.21164148
0.18613947
0.16363411
0.14379858
0.12632736
0.11094946
0.097421324
0.085526508
0.075072574
0.065888989
0.057824737
0.050746307
0.044535763
0.039089013
0.034314268
0.030130605
0.026466772
0.023260056
0.020455318
0.018004113
0.015863921
0.013997491
0.012372281
0.010959846
0.0097354969
0.0086778398
0.0077688253
0.0069923381
0.006334983
0.0057889992
0.0053464723
0.0049845573
0.0047103314
0.0046096483
0.0045756176
-0.25592913
-0.2559173
-0.25590391
-0.25588969
-0.25587402
-0.25585624
-0.25583594
-0.25581244
-0.25578486
-0.25575197
-0.25571221
-0.2556637
-0.25560435
-0.25553191
-0.25544406
-0.25533836
-0.25521226
-0.25506301
-0.25488803
-0.25468526
-0.25445086
-0.25417859
-0.25386224
-0.25349565
-0.25307216
-0.25258378
-0.25201983
-0.25136652
-0.25061066
-0.24973943
-0.24873621
-0.24758146
-0.24625546
-0.24473403
-0.24298204
-0.24096184
-0.23863581
-0.23597531
-0.23295658
-0.22954689
-0.22571098
-0.221404
-0.21656697
-0.2111294
-0.20500862
-0.19810749
-0.19031174
-0.18148678
-0.17147346
-0.16008329
-0.14709373
-0.13224133
-0.11520505
-0.095590667
-0.072976449
-0.046844791
-0.016542184
0.018653556
0.059578558
0.10716194
0.16235294
0.22606667
0.29911989
0.38196776
0.47401227
0.57256459
0.67206607
0.76436345
0.84033832
0.89230913
0.91607808
0.91172089
0.88297055
0.83572805
0.77644913
0.71094501
0.64377261
0.57811953
0.51598466
0.45846216
0.40598823
0.35858096
0.31620198
0.27861807
0.24536753
0.21589313
0.18986363
0.1668912
0.1466457
0.12881623
0.11312618
0.099326479
0.08719551
0.076536177
0.067173823
0.058953809
0.0517395
0.045410256
0.039859667
0.034993972
0.030730544
0.026996679
0.023728424
0.020869571
0.01837076
0.016188684
0.014285409
0.012627808
0.011186928
0.0099376409
0.0088581676
0.0079301518
0.0071372158
0.0064656182
0.0059074822
0.0054552685
0.0050849091
0.0048020948
0.0047008689
0.0046711542
-0.2583508
-0.25834442
-0.25833708
-0.25832923
-0.25832039
-0.25831023
-0.25829833
-0.25828412
-0.25826688
-0.25824552
-0.2582187
-0.25818477
-0.25814188
-0.25808811
-0.25802143
-0.25793977
-0.25784087
-0.25772237
-0.25758212
-0.25741832
-0.25722744
-0.25700395
-0.25674243
-0.2564375
-0.25608335
-0.25567336
-0.25519925
-0.25464952
-0.25401013
-0.2532688
-0.25241264
-0.25142484
-0.25028867
-0.24898232
-0.24747334
-0.24572674
-0.24370586
-0.2413851
-0.23874377
-0.23575117
-0.23237588
-0.22857952
-0.22431217
-0.21951308
-0.21410948
-0.20801545
-0.20113002
-0.19333442
-0.18448835
-0.17442564
-0.1629495
-0.14982739
-0.13478036
-0.11746554
-0.097490622
-0.074417567
-0.047688313
-0.016605427
0.01956989
0.061699564
0.11071135
0.16752369
0.23299341
0.30779387
0.39199926
0.48424135
0.58073627
0.67491021
0.75825618
0.82234217
0.86109924
0.87231391
0.85775313
0.82211379
0.77146014
0.71181286
0.64824982
0.58455354
0.52325297
0.46585539
0.41309512
0.36518653
0.32217459
0.28395099
0.25010482
0.22006988
0.19353261
0.17010652
0.14946005
0.13127857
0.11528077
0.10121268
0.088847954
0.077985095
0.068445473
0.060070962
0.052721859
0.046274876
0.040621318
0.035665459
0.031322984
0.027519752
0.024190567
0.021278163
0.018732263
0.016508778
0.014569092
0.012879493
0.011410522
0.010136614
0.0090356068
0.0080888328
0.0072796596
0.0065939958
0.0060238263
0.0055620337
0.0051833489
0.0048918183
0.0047900238
0.0047652923
-0.25926725
-0.25926542
-0.25926312
-0.2592605
-0.25925739
-0.25925354
-0.25924861
-0.25924217
-0.25923355
-0.25922184
-0.25920585
-0.25918415
-0.25915513
-0.25911714
-0.25906843
-0.25900719
-0.25893147
-0.25883931
-0.2587292
-0.2585993
-0.25844591
-0.25826433
-0.25805
-0.25779828
-0.25750406
-0.25716154
-0.25676399
-0.2563027
-0.25576544
-0.25513879
-0.25441068
-0.25356796
-0.2525966
-0.25147714
-0.25017969
-0.24867184
-0.24692302
-0.24490691
-0.24260042
-0.23997844
-0.23701232
-0.23366923
-0.22990757
-0.22567444
-0.22090577
-0.21552571
-0.20944484
-0.20255787
-0.1947406
-0.18584603
-0.1756999
-0.16409606
-0.15078932
-0.13548068
-0.11781191
-0.097403584
-0.073767348
-0.046291178
-0.014283536
0.023036482
0.066548296
0.11716096
0.1757466
0.2430705
0.31956951
0.40476613
0.49634687
0.58940787
0.67660163
0.74952841
0.80091081
0.82653759
0.82610605
0.80276244
0.76178488
0.70909425
0.65010963
0.58914008
0.52924533
0.47237796
0.41961003
0.37138701
0.32787061
0.28909709
0.25470735
0.2241505
0.19713072
0.1732684
0.15223287
0.13370775
0.11740816
0.10307606
0.090480842
0.079416982
0.069702111
0.06117475
0.053692245
0.04712872
0.041373239
0.036328139
0.031907455
0.028035604
0.024646174
0.021680836
0.019088412
0.016824027
0.014848393
0.013127213
0.011630527
0.010332332
0.0092100825
0.0082448041
0.0074196127
0.0067200662
0.0061379883
0.0056667239
0.0052798401
0.0049794695
0.0048770629
0.0048580123
-0.25890854
-0.2589104
-0.25891219
-0.25891385
-0.25891539
-0.25891668
-0.25891745
-0.25891733
-0.25891576
-0.25891196
-0.25890488
-0.25889327
-0.25887573
-0.25885084
-0.25881711
-0.25877297
-0.25871671
-0.2586468
-0.25856224
-0.25846107
-0.25833948
-0.25819353
-0.25801943
-0.25781318
-0.25757024
-0.25728551
-0.25695325
-0.25656669
-0.25611661
-0.25558946
-0.25497234
-0.25425485
-0.25342556
-0.25246703
-0.25135237
-0.25005325
-0.24854419
-0.24679525
-0.24478268
-0.24248816
-0.23988458
-0.23694364
-0.23362999
-0.22989727
-0.22568976
-0.22094081
-0.21557105
-0.20948697
-0.20257824
-0.19471441
-0.18574072
-0.17547382
-0.16369646
-0.1501469
-0.13450484
-0.11640573
-0.095466653
-0.071164344
-0.042811361
-0.0097190572
0.028920214
0.07398791
0.12635922
0.18683878
0.2560427
0.33403797
0.41960689
0.50936976
0.59740658
0.67597281
0.73728216
0.77559898
0.78865645
0.77784601
0.74731328
0.70254888
0.64908347
0.59163566
0.53376309
0.47787727
0.42541979
0.37710151
0.33323726
0.29401249
0.25914388
0.2281119
0.20064093
0.17636416
0.15495467
0.13609661
0.1195029
0.10491242
0.092090949
0.080829335
0.070941776
0.062263638
0.054649443
0.047970817
0.042114654
0.036981402
0.032483455
0.028543837
0.025094916
0.022077326
0.019438988
0.017134253
0.015123164
0.013370845
0.011846838
0.010524705
0.0093815223
0.0083980038
0.007557022
0.0068437843
0.0062499278
0.0057693007
0.0053743519
0.0050650206
0.0049619342
0.0049492948
-0.257472
-0.25747685
-0.25748194
-0.25748708
-0.2574924
-0.25749787
-0.25750328
-0.25750832
-0.25751252
-0.2575152
-0.25751545
-0.25751217
-0.25750415
-0.25749017
-0.25746896
-0.25743918
-0.25739937
-0.25734823
-0.25728491
-0.25720763
-0.25711293
-0.2569974
-0.25685777
-0.25669054
-0.25649175
-0.25625693
-0.25598105
-0.25565832
-0.25528133
-0.25483943
-0.25431916
-0.25370979
-0.25300305
-0.25218379
-0.25122845
-0.25011175
-0.24880876
-0.24728988
-0.24553533
-0.24352985
-0.24124737
-0.2386624
-0.23574394
-0.23245225
-0.22873962
-0.22454743
-0.21980512
-0.21442949
-0.20832245
-0.20136798
-0.19342844
-0.18434047
-0.17391044
-0.16190708
-0.14804768
-0.1319983
-0.11341735
-0.091850684
-0.066717873
-0.03735036
-0.0030158746
0.037113281
0.083898757
0.13816242
0.2006059
0.27160326
0.35068282
0.43571306
0.52222708
0.60354117
0.67198992
0.72088231
0.74627371
0.74776152
0.72810285
0.69204158
0.64495871
0.59182119
0.53661464
0.48219962
0.43040697
0.38224283
0.33820969
0.29865004
0.26338066
0.23192914
0.20404483
0.17938013
0.15761523
0.13843743
0.12155914
0.10671729
0.093674816
0.082219481
0.07216238
0.06333599
0.055592161
0.048800152
0.042844754
0.037624588
0.033050466
0.029044027
0.025536452
0.022467354
0.019783762
0.017439268
0.01539325
0.013610261
0.012059349
0.010713646
0.0095498497
0.0085483663
0.0076918308
0.0069651009
0.0063596013
0.0058697214
0.0054668487
0.0051484421
0.0050445892
0.0050391198
-0.25512665
-0.25513386
-0.25514155
-0.25514941
-0.2551577
-0.25516645
-0.25517552
-0.25518464
-0.25519341
-0.25520126
-0.25520737
-0.2552108
-0.2552105
-0.25520543
-0.25519451
-0.2551766
-0.25515046
-0.25511496
-0.25506939
-0.25501207
-0.25493997
-0.25485015
-0.25473976
-0.25460576
-0.25444466
-0.25425254
-0.25402491
-0.25375675
-0.25344209
-0.25307275
-0.25263661
-0.25212195
-0.25152122
-0.25082248
-0.25000549
-0.24904698
-0.24792276
-0.24660806
-0.2450839
-0.24333332
-0.24133425
-0.23906337
-0.2364935
-0.2335912
-0.23031515
-0.22661371
-0.22242439
-0.21767318
-0.21227279
-0.20611993
-0.19909207
-0.19104362
-0.18180178
-0.17116133
-0.15887369
-0.14463404
-0.12809873
-0.1089266
-0.086633261
-0.060547186
-0.030009028
0.0057374403
0.047522195
0.096169123
0.15242179
0.21681861
0.28935887
0.36884747
0.45212661
0.53375908
0.60668721
0.66383887
0.70000454
0.71310916
0.70438402
0.67755862
0.6375956
0.58951496
0.53762403
0.48519546
0.43445298
0.38672039
0.34271871
0.30296014
0.26738158
0.23557562
0.20732276
0.18230169
0.16020359
0.14072197
0.12357061
0.10848589
0.095228774
0.083584569
0.073361719
0.064390079
0.056519041
0.049615641
0.043562682
0.038257025
0.033607939
0.029535733
0.02597043
0.022850629
0.020122502
0.01773888
0.015658495
0.013845332
0.012267951
0.010899064
0.0097149904
0.00869583
0.0078239862
0.0070839714
0.0064669708
0.0059679485
0.0055573009
0.0052297091
0.0051249771
0.0051274684
-0.25206361
-0.25207252
-0.25208214
-0.25209199
-0.25210245
-0.25211365
-0.25212541
-0.25213755
-0.25214975
-0.25216148
-0.25217206
-0.25218063
-0.25218631
-0.2521882
-0.25218541
-0.25217697
-0.25216183
-0.252139
-0.25210785
-0.25206684
-0.2520133
-0.2519447
-0.25185858
-0.25175226
-0.25162271
-0.25146645
-0.25127953
-0.25105748
-0.25079525
-0.25048648
-0.25012179
-0.24968842
-0.24917806
-0.24858249
-0.24788402
-0.24706099
-0.24609202
-0.24495805
-0.24363674
-0.24210906
-0.24035919
-0.23836513
-0.23610338
-0.23354538
-0.23065434
-0.22738515
-0.22368285
-0.21948157
-0.21470343
-0.20925632
-0.20303099
-0.19589752
-0.18770139
-0.17825926
-0.16735122
-0.15470628
-0.14000428
-0.1229349
-0.10308781
-0.079901568
-0.052718962
-0.020853664
0.016470602
0.0600629
0.11068611
0.16896577
0.23518197
0.30879279
0.38771703
0.46776707
0.54280464
0.60588148
0.65099506
0.67465231
0.67655098
0.65921566
0.62694069
0.58458514
0.53664016
0.4867254
0.43744201
0.39044338
0.3466944
0.30689103
0.27110866
0.2390232
0.21045389
0.18511331
0.16270815
0.14294146
0.12553069
0.11021315
0.096748927
0.084921612
0.074537456
0.065424073
0.057428646
0.050416163
0.044267547
0.038877993
0.034155309
0.030018502
0.026396476
0.023226857
0.020454963
0.018032892
0.015918735
0.014075923
0.012472536
0.011080868
0.0098768671
0.0088403288
0.0079534316
0.0072003472
0.0065719933
0.0060639414
0.0056456738
0.0053087952
0.0052030518
0.0052143207
-0.24846317
-0.24847326
-0.24848414
-0.24849532
-0.24850729
-0.2485201
-0.24853372
-0.24854797
-0.24856254
-0.24857701
-0.24859078
-0.2486031
-0.24861318
-0.24862029
-0.24862369
-0.24862257
-0.24861598
-0.24860315
-0.24858344
-0.24855547
-0.24851688
-0.24846549
-0.24839916
-0.24831557
-0.24821203
-0.24808548
-0.24793244
-0.24774898
-0.24753066
-0.24727217
-0.24696611
-0.24660173
-0.24616974
-0.2456618
-0.24506381
-0.24435683
-0.24352194
-0.242542
-0.24139366
-0.24005974
-0.23852812
-0.23677757
-0.2347873
-0.23253208
-0.22997928
-0.22709
-0.223816
-0.22009847
-0.21586781
-0.21104176
-0.20552273
-0.19919471
-0.19191949
-0.18353291
-0.17383966
-0.16260136
-0.14952381
-0.13428594
-0.11657927
-0.095942704
-0.071726707
-0.043294878
-0.0099372532
0.029123257
0.074652267
0.12732194
0.18757467
0.25529855
0.32923521
0.40632505
0.48149107
0.54829623
0.60041007
0.63326514
0.64513922
0.63725611
0.6130352
0.57696027
0.53354574
0.48666652
0.43926493
0.39332284
0.35006684
0.3103896
0.27452247
0.24224249
0.21341635
0.18779866
0.16511665
0.14508669
0.12743238
0.11189373
0.098231199
0.086227434
0.07568714
0.066436066
0.05831949
0.051200534
0.044958415
0.03948676
0.034691978
0.030491858
0.026814215
0.02359573
0.020780898
0.018321101
0.016173807
0.0143019
0.012672991
0.011258965
0.010035405
0.0089818004
0.0080801145
0.0073141847
0.0066746325
0.0061576639
0.0057319396
0.0053856786
0.0052787639
0.0052996574
-0.24449955
-0.24451021
-0.24452178
-0.24453374
-0.2445465
-0.24456022
-0.24457489
-0.24459033
-0.24460631
-0.24462245
-0.24463823
-0.24465295
-0.24466599
-0.24467671
-0.24468448
-0.24468863
-0.24468839
-0.24468304
-0.24467201
-0.24465403
-0.24462703
-0.24458913
-0.24453847
-0.24447299
-0.24439034
-0.24428782
-0.24416235
-0.2440104
-0.24382799
-0.24361058
-0.24335257
-0.24304612
-0.2426805
-0.24224606
-0.24173254
-0.24112421
-0.24040395
-0.23955445
-0.23855315
-0.23738636
-0.23604396
-0.23450563
-0.2327522
-0.23076077
-0.22850299
-0.22594563
-0.22304617
-0.21975204
-0.21600098
-0.21171938
-0.20681994
-0.20119886
-0.19473233
-0.18727298
-0.17864583
-0.16864014
-0.15699359
-0.14339882
-0.12756903
-0.10913006
-0.087539441
-0.062148916
-0.03231128
0.0027002166
0.043638047
0.091197397
0.14591418
0.20794808
0.27663365
0.34985273
0.42359308
0.4921795
0.54935977
0.58987417
0.61079208
0.6120397
0.59601704
0.56663678
0.52826519
0.48491866
0.43982349
0.39527403
0.35276705
0.31340241
0.27758274
0.24520314
0.21618745
0.1903407
0.1674163
0.14714799
0.12926834
0.11352207
0.099671294
0.087498745
0.076808216
0.067424068
0.059190008
0.051967534
0.045634316
0.040082549
0.035217343
0.030955314
0.027223251
0.023956931
0.02110005
0.018603301
0.01642354
0.014523125
0.012869205
0.011433264
0.010190525
0.0091201789
0.0082039786
0.0074254359
0.0067748474
0.0062490777
0.0058160647
0.0054603367
0.0053520693
0.0053834589
-0.24035008
-0.24036083
-0.24037255
-0.24038462
-0.24039751
-0.24041147
-0.24042639
-0.24044215
-0.2404586
-0.24047536
-0.24049196
-0.24050784
-0.24052242
-0.24053514
-0.24054553
-0.24055301
-0.24055695
-0.24055668
-0.24055168
-0.24054076
-0.24052214
-0.24049414
-0.24045516
-0.2404034
-0.24033675
-0.24025281
-0.24014883
-0.24002167
-0.23986777
-0.23968309
-0.239463
-0.23920161
-0.2388905
-0.23851898
-0.23807612
-0.23754953
-0.23692418
-0.23618349
-0.23530846
-0.23428629
-0.2331058
-0.23174961
-0.23019993
-0.22843598
-0.22643352
-0.22416367
-0.22158888
-0.2186623
-0.21532824
-0.21152081
-0.20716182
-0.20215828
-0.1963993
-0.1897525
-0.18206057
-0.17313608
-0.16274838
-0.15061188
-0.13642415
-0.11990378
-0.1006095
-0.077912725
-0.051195644
-0.019791045
0.017024375
0.059951619
0.10958038
0.16623844
0.2296685
0.2984909
0.36966667
0.43840314
0.49884068
0.54540091
0.57422072
0.5840228
0.57611628
0.55368251
0.52077082
0.48141024
0.43903475
0.3962194
0.35472894
0.31587679
0.28024902
0.24787429
0.21874391
0.19272188
0.16959387
0.14911536
0.13103099
0.11509235
0.10106477
0.088732122
0.077898026
0.068386017
0.060038583
0.052715888
0.046294255
0.040664576
0.035730769
0.031408367
0.027623185
0.024310136
0.021412161
0.01887928
0.016667765
0.014739459
0.013061061
0.011603668
0.010342152
0.0092554023
0.0083249723
0.0075340583
0.0068726032
0.0063381478
0.0058980227
0.0055327504
0.0054229208
0.0054657056
-0.23620441
-0.23621477
-0.23622598
-0.23623758
-0.23625001
-0.23626343
-0.23627782
-0.23629307
-0.23630899
-0.23632533
-0.23634162
-0.23635736
-0.23637206
-0.23638524
-0.23639651
-0.23640541
-0.23641137
-0.23641383
-0.23641223
-0.23640551
-0.23639207
-0.23637049
-0.23633931
-0.23629694
-0.23624149
-0.2361708
-0.23608241
-0.23597346
-0.23584075
-0.23568064
-0.23548921
-0.23526221
-0.23499363
-0.234672
-0.23428554
-0.23382416
-0.23327455
-0.23262264
-0.23185457
-0.23095466
-0.22990936
-0.22870638
-0.22732893
-0.22575867
-0.22397463
-0.22195071
-0.21965375
-0.21704241
-0.2140669
-0.21066817
-0.20677614
-0.20230744
-0.19716266
-0.19122294
-0.18434654
-0.17636517
-0.16707523
-0.15622105
-0.14350563
-0.12866053
-0.11134223
-0.091027382
-0.067076271
-0.03887628
-0.0057490192
0.032997462
0.077981955
0.12963585
0.18797423
0.25216911
0.32001163
0.38760609
0.4496957
0.50071153
0.5361617
0.5537322
0.55364435
0.53823593
0.51108665
0.47610309
0.43683528
0.39609173
0.35589146
0.31776216
0.28248145
0.25022502
0.22106213
0.19492427
0.17163576
0.15097847
0.13271247
0.11659858
0.10240703
0.089924007
0.078953834
0.069319774
0.060863547
0.053444294
0.046937196
0.041232022
0.036231612
0.031850501
0.028013602
0.024655017
0.021716964
0.019148824
0.016906307
0.014950759
0.013248447
0.011770086
0.010490206
0.0093874047
0.0084430398
0.0076400047
0.0069678603
0.0064248373
0.0059777808
0.0056029
0.0054912765
0.0055463776
-0.23225969
-0.23226909
-0.23227928
-0.23228981
-0.2323011
-0.23231328
-0.23232636
-0.23234022
-0.23235472
-0.23236956
-0.23238441
-0.23239876
-0.23241219
-0.23242431
-0.23243476
-0.2324432
-0.23244912
-0.232452
-0.23245128
-0.23244596
-0.23243464
-0.23241605
-0.2323889
-0.23235173
-0.23230282
-0.23224022
-0.23216166
-0.23206459
-0.23194611
-0.23180307
-0.23163211
-0.2314295
-0.23118981
-0.23090319
-0.23055913
-0.23014758
-0.2296566
-0.22907476
-0.22839089
-0.2275875
-0.22665133
-0.22557372
-0.22433842
-0.22292936
-0.22132777
-0.21950961
-0.21744584
-0.2151001
-0.21242782
-0.20937603
-0.2058819
-0.20187067
-0.19725321
-0.19192286
-0.18575206
-0.17858907
-0.17025285
-0.16051873
-0.14910772
-0.13573145
-0.12013141
-0.10188497
-0.080383706
-0.055026713
-0.025187981
0.0098002865
0.050568097
0.097610451
0.15112128
0.21066971
0.27471789
0.34020664
0.40259324
0.45657764
0.49733698
0.52173561
0.52897796
0.5205009
0.49928936
0.46899583
0.43318472
0.39483711
0.35620065
0.31901136
0.28424169
0.25222487
0.22311856
0.19692979
0.17352817
0.1527268
0.13430475
0.11803461
0.10369335
0.091070776
0.07997281
0.07022315
0.061663193
0.05415141
0.047562086
0.041784053
0.036719208
0.03228119
0.028394084
0.024991237
0.022014189
0.019411716
0.017138991
0.015156884
0.013431245
0.011932421
0.010634612
0.0095161246
0.0085581306
0.0077432339
0.007060585
0.0065091136
0.0060553145
0.0056707705
0.0055570913
0.0056254553
-0.2287243
-0.22873215
-0.2287407
-0.22874951
-0.22875894
-0.22876914
-0.22878005
-0.22879159
-0.22880362
-0.22881589
-0.22882803
-0.22883964
-0.22885031
-0.22885971
-0.22886753
-0.22887347
-0.22887716
-0.22887816
-0.22887583
-0.228869
-0.22885651
-0.22883729
-0.22881015
-0.22877374
-0.22872647
-0.22866653
-0.22859183
-0.22850003
-0.22838851
-0.2282544
-0.22809456
-0.22790552
-0.22768293
-0.22741991
-0.22710561
-0.22672832
-0.22627871
-0.22574772
-0.22512468
-0.22439222
-0.22353922
-0.22255879
-0.22143536
-0.22015442
-0.21869867
-0.21704624
-0.2151718
-0.21304321
-0.21062046
-0.20785606
-0.20469365
-0.20106614
-0.19689358
-0.1920803
-0.18651163
-0.18005063
-0.17253468
-0.16376609
-0.15349451
-0.14143078
-0.12732079
-0.1108469
-0.091505166
-0.068665654
-0.041748902
-0.010125322
0.026832035
0.069655703
0.11865657
0.17368238
0.23371549
0.29642937
0.35802416
0.41365035
0.45841958
0.48861163
0.50253954
0.50073745
0.48550629
0.46012552
0.42806863
0.39241753
0.35561167
0.3195821
0.28549382
0.25384453
0.22489007
0.19872044
0.17525726
0.15434973
0.13579967
0.11939418
0.10491892
0.092168697
0.080952086
0.071093893
0.062435776
0.054835858
0.048167848
0.042319818
0.037192885
0.032699899
0.028764204
0.025318454
0.02230356
0.019667734
0.017365638
0.015357691
0.013609339
0.01209058
0.010775291
0.0096414966
0.0086701897
0.0078437001
0.0071507407
0.0065909417
0.0061305923
0.0057363448
0.0056203255
0.0057029193
-0.22584951
-0.2258552
-0.22586136
-0.22586772
-0.22587451
-0.2258818
-0.22588958
-0.22589775
-0.22590613
-0.22591453
-0.22592258
-0.22592991
-0.22593613
-0.22594094
-0.22594409
-0.22594528
-0.22594421
-0.2259406
-0.22593362
-0.22592198
-0.22590468
-0.22588078
-0.22584917
-0.22580857
-0.22575746
-0.22569412
-0.22561658
-0.22552264
-0.22540981
-0.22527536
-0.2251163
-0.2249295
-0.22471182
-0.22445839
-0.22415772
-0.22379738
-0.22337039
-0.22286928
-0.22228335
-0.221596
-0.22079833
-0.21988468
-0.21884036
-0.21765185
-0.21630299
-0.21477422
-0.21304335
-0.21108177
-0.20885364
-0.20631642
-0.20341964
-0.2001032
-0.1962954
-0.19191048
-0.18684553
-0.18097712
-0.17415838
-0.16621382
-0.15692388
-0.14601483
-0.1332089
-0.11826704
-0.10078337
-0.080169042
-0.055842318
-0.027218855
0.0063107381
0.045297948
0.090129661
0.14084651
0.19682149
0.25633963
0.31631239
0.37244752
0.4200073
0.45492204
0.47477609
0.47924951
0.46991059
0.44956736
0.42150015
0.38881304
0.35409072
0.31943841
0.28620531
0.25505639
0.22635436
0.2002786
0.17680929
0.15583662
0.13718905
0.12067098
0.10607885
0.093214008
0.081888727
0.071929749
0.063179508
0.055496253
0.04875338
0.042838454
0.037651956
0.033106086
0.029123527
0.025636321
0.022584803
0.019916657
0.017586071
0.015553033
0.013782612
0.012244467
0.010912168
0.0097634606
0.0087791682
0.0079413634
0.0072382953
0.0066702922
0.0062035907
0.0057996116
0.0056809364
0.0057787499
-0.2239328
-0.22393553
-0.22393846
-0.22394145
-0.22394461
-0.22394795
-0.22395141
-0.2239549
-0.22395825
-0.22396122
-0.22396348
-0.22396467
-0.22396442
-0.22396244
-0.22395845
-0.22395222
-0.22394342
-0.22393175
-0.22391633
-0.22389587
-0.22386943
-0.22383609
-0.22379474
-0.22374412
-0.22368272
-0.22360884
-0.22352055
-0.2234157
-0.22329188
-0.22314645
-0.22297663
-0.22277961
-0.22255251
-0.22229073
-0.22198382
-0.22162085
-0.22119539
-0.22070034
-0.22012519
-0.21945491
-0.21868231
-0.21780222
-0.21680128
-0.2156668
-0.21438371
-0.21293456
-0.21129954
-0.20945291
-0.20736252
-0.20499026
-0.20229098
-0.19921092
-0.19568595
-0.19163936
-0.18697916
-0.18159462
-0.17535323
-0.16809755
-0.15963519
-0.14972041
-0.13807041
-0.12444298
-0.1085402
-0.089877377
-0.067838079
-0.041877578
-0.011417008
0.024099802
0.065108212
0.11178153
0.1637798
0.21987986
0.27763505
0.33335291
0.38260568
0.42118837
0.44613805
0.45637061
0.45271388
0.43743233
0.4135204
0.38402327
0.35161667
0.31855187
0.28634797
0.25583524
0.22749039
0.20158728
0.17817084
0.15717699
0.13846473
0.12185869
0.10716826
0.094202913
0.082779783
0.072728401
0.063892597
0.05613118
0.049317582
0.043339087
0.038095732
0.033499198
0.029471619
0.025944493
0.022857638
0.020158261
0.017800108
0.015742769
0.013950949
0.012393989
0.011045164
0.0098819522
0.0088850125
0.0080361795
0.0073232133
0.0067471307
0.0062742802
0.0058605571
0.0057388872
0.0058529271
-0.22336362
-0.22336227
-0.22336073
-0.22335908
-0.22335722
-0.22335509
-0.22335259
-0.22334958
-0.2233459
-0.22334128
-0.2233354
-0.22332789
-0.22331838
-0.22330655
-0.22329214
-0.22327486
-0.22325436
-0.22323024
-0.22320153
-0.22316695
-0.22312555
-0.22307637
-0.22301824
-0.22294983
-0.22286958
-0.22277574
-0.2226663
-0.22253907
-0.22239161
-0.2222213
-0.22202542
-0.22180122
-0.22154576
-0.22125438
-0.22091782
-0.22052647
-0.22007378
-0.21955233
-0.21895278
-0.21826397
-0.21747713
-0.21658516
-0.21557857
-0.21444605
-0.21317428
-0.21174808
-0.21014946
-0.20835541
-0.20633759
-0.20406224
-0.20148917
-0.19857033
-0.1952482
-0.19145394
-0.18710495
-0.18210184
-0.17632515
-0.16963271
-0.16185436
-0.15277544
-0.142127
-0.12964019
-0.11509234
-0.098091078
-0.078065136
-0.054459456
-0.026733244
0.0056604883
0.0431859
0.086107203
0.13429266
0.18690359
0.24204716
0.29662417
0.34661998
0.38787444
0.41706057
0.43244928
0.43415756
0.42386361
0.40419813
0.37806849
0.34818248
0.316903
0.28589902
0.25615906
0.22827893
0.20263051
0.17932903
0.15836064
0.13961873
0.12295108
0.1081823
0.095131633
0.08362233
0.073487558
0.064573251
0.056739237
0.049859344
0.04382084
0.038523523
0.03387869
0.029808043
0.02624262
0.023121789
0.020392325
0.018007573
0.015926753
0.014114232
0.012539052
0.011174207
0.0099969129
0.0089876755
0.0081281101
0.0074054657
0.0068214303
0.0063426388
0.0059191734
0.005794138
0.0059254307
-0.22474225
-0.22473456
-0.22472605
-0.22471715
-0.22470749
-0.22469679
-0.22468492
-0.22467172
-0.22465695
-0.2246403
-0.22462143
-0.22459994
-0.22457544
-0.22454755
-0.22451596
-0.2244803
-0.22444014
-0.22439488
-0.22434341
-0.22428442
-0.22421688
-0.22413973
-0.22405166
-0.22395121
-0.22383669
-0.22370623
-0.22355773
-0.2233889
-0.22319727
-0.2229802
-0.22273498
-0.22245893
-0.22214903
-0.22180067
-0.22140539
-0.22095466
-0.22044215
-0.21986055
-0.21920203
-0.21845869
-0.2176189
-0.2166735
-0.21561621
-0.21443602
-0.21312099
-0.21165723
-0.21002719
-0.20820999
-0.20618108
-0.20391139
-0.20136632
-0.19850455
-0.19527633
-0.19162156
-0.1874675
-0.1827259
-0.17728967
-0.17103004
-0.16379389
-0.1553933
-0.14558647
-0.13409664
-0.1206939
-0.10509071
-0.086819666
-0.065285456
-0.039981926
-0.010383759
0.023987449
0.06345764
0.10804506
0.1572057
0.20950843
0.26240722
0.31235411
0.3553736
0.3879458
0.40783236
0.41450036
0.40902873
0.39362532
0.37098753
0.34379436
0.31448118
0.28484112
0.25600905
0.22870259
0.20339334
0.18027154
0.15937766
0.14064318
0.12394197
0.10911613
0.095996397
0.084413392
0.07420492
0.065219658
0.057318998
0.050377546
0.044282835
0.038934629
0.03424401
0.03013236
0.026530352
0.023376975
0.020618624
0.018208287
0.016104842
0.014272349
0.012679564
0.011299219
0.01010828
0.0090871055
0.0082171133
0.0074850193
0.0068931604
0.0064086379
0.0059754501
0.0058466546
0.0059962411
-0.22945408
-0.2294366
-0.22941742
-0.22939734
-0.22937554
-0.2293515
-0.22932493
-0.22929553
-0.22926287
-0.22922649
-0.2291858
-0.22914016
-0.22908898
-0.22903159
-0.2289674
-0.22889581
-0.22881607
-0.2287273
-0.22862814
-0.22851695
-0.22839228
-0.22825262
-0.22809621
-0.22792111
-0.22772515
-0.22750599
-0.22726107
-0.22698769
-0.22668296
-0.22634397
-0.2259678
-0.22555162
-0.22509245
-0.22458605
-0.22402531
-0.22340285
-0.22271337
-0.2219519
-0.22111352
-0.22019331
-0.219182
-0.21807287
-0.21686193
-0.21553978
-0.21409701
-0.21252137
-0.21079526
-0.20889834
-0.20680736
-0.20449459
-0.20192727
-0.19906682
-0.19586777
-0.19227632
-0.18822829
-0.18364646
-0.17843706
-0.1724861
-0.16565677
-0.157784
-0.14865717
-0.13801146
-0.12558677
-0.11117273
-0.094385869
-0.074668677
-0.0515055
-0.0244012
0.0071238828
0.043436728
0.08466367
0.13048429
0.17984331
0.23068954
0.27995591
0.32395019
0.35910786
0.38282021
0.39398708
0.39310164
0.38191022
0.36283817
0.33847653
0.31129087
0.28316888
0.25537591
0.22875147
0.20386674
0.18099077
0.16022191
0.14153325
0.12482762
0.10996687
0.096794981
0.085151285
0.074879165
0.065830804
0.057869688
0.050871579
0.044724592
0.039328674
0.034594856
0.03044433
0.026807499
0.02362304
0.020837033
0.018402145
0.016276952
0.014425226
0.012815464
0.011420154
0.010216016
0.0091832706
0.0083031621
0.0075618535
0.0069623007
0.0064722606
0.0060293839
0.0058963996
0.0060653403
-0.23900528
-0.23899067
-0.23897444
-0.23895739
-0.23893876
-0.23891806
-0.23889492
-0.2388689
-0.23883947
-0.23880587
-0.23876724
-0.23872264
-0.23867106
-0.23861156
-0.23854318
-0.23846493
-0.23837579
-0.23827473
-0.23816013
-0.23802987
-0.23788185
-0.2377139
-0.2375235
-0.23730783
-0.23706369
-0.23678754
-0.23647547
-0.23612319
-0.23572608
-0.23527919
-0.23477728
-0.23421485
-0.23358611
-0.2328844
-0.2321011
-0.2312255
-0.23024805
-0.22916207
-0.22796248
-0.22664552
-0.22520556
-0.2236426
-0.22196159
-0.22016323
-0.21824876
-0.21621532
-0.2140533
-0.21174999
-0.20928978
-0.20665233
-0.20381108
-0.20073215
-0.19737329
-0.19368291
-0.18959904
-0.18504788
-0.17994154
-0.17417493
-0.1676228
-0.16013671
-0.15153341
-0.14157492
-0.12999142
-0.11656794
-0.10101486
-0.082878587
-0.061596485
-0.036705231
-0.0077357996
0.025704696
0.063820377
0.10645952
0.15286747
0.20142178
0.24952178
0.29381979
0.33082776
0.35770001
0.37286594
0.37626941
0.36917723
0.35369327
0.33226536
0.30734514
0.28088307
0.25425469
0.22841874
0.20404397
0.18148085
0.16088862
0.14228522
0.12560518
0.1107324
0.097525825
0.085834848
0.075509458
0.066406076
0.058390844
0.051341102
0.045145857
0.03970546
0.034931078
0.030743834
0.027073963
0.023859907
0.021047486
0.018589093
0.016443034
0.014572824
0.01294672
0.011536978
0.010320089
0.0092761435
0.0083862317
0.0076359476
0.0070288289
0.0065334842
0.0060809701
0.0059433423
0.0061327056
-0.24134224
-0.24133892
-0.2413351
-0.241331
-0.24132641
-0.24132111
-0.24131489
-0.24130747
-0.24129843
-0.24128719
-0.24127307
-0.24125529
-0.24123306
-0.24120565
-0.24117236
-0.24113248
-0.24108532
-0.24103027
-0.24096621
-0.24089143
-0.24080436
-0.24070332
-0.24058633
-0.24045108
-0.24029484
-0.24011448
-0.23990645
-0.23966672
-0.2393908
-0.23907367
-0.23870975
-0.23829287
-0.23781616
-0.23727186
-0.2366503
-0.2359377
-0.2351192
-0.23418228
-0.23311501
-0.2319051
-0.23053691
-0.22900169
-0.22729767
-0.2254206
-0.22337001
-0.22114455
-0.21873925
-0.21614841
-0.21336585
-0.21038364
-0.20719051
-0.20376975
-0.20009692
-0.19613733
-0.19184387
-0.18715496
-0.18199276
-0.17626107
-0.16984327
-0.16260118
-0.15436996
-0.14493981
-0.13404881
-0.12144742
-0.10693304
-0.090127229
-0.07048169
-0.047536755
-0.020842675
0.01000709
0.045272016
0.084926909
0.12845381
0.17459158
0.22117124
0.26521838
0.30341359
0.3327957
0.35142829
0.35876223
0.35558795
0.34365366
0.32521563
0.30266709
0.27798799
0.25263978
0.22769439
0.20391384
0.18173102
0.16136822
0.14289092
0.12626786
0.11140713
0.098184394
0.08646043
0.076092863
0.066943117
0.05888058
0.051784617
0.045545424
0.040064037
0.035251913
0.031030266
0.02732926
0.024087192
0.021249676
0.018768887
0.016602897
0.01471499
0.013073208
0.011649598
0.01042043
0.0093656692
0.0084662796
0.0077072714
0.0070927206
0.0065922873
0.0061302073
0.0059874482
0.0061983194
-0.24139681
-0.24139749
-0.24139812
-0.24139866
-0.2413991
-0.24139935
-0.24139926
-0.2413986
-0.24139703
-0.24139407
-0.24138911
-0.24138149
-0.24137051
-0.24135555
-0.24133599
-0.24131125
-0.24128079
-0.24124409
-0.24120017
-0.24114767
-0.24108534
-0.24101191
-0.24092588
-0.24082542
-0.24070836
-0.24057215
-0.24041383
-0.24023003
-0.24001695
-0.23977035
-0.23948547
-0.23915709
-0.23877941
-0.23834596
-0.23784862
-0.23727558
-0.23661342
-0.23585012
-0.23497382
-0.23397085
-0.2328223
-0.23151522
-0.23004135
-0.22838735
-0.22654269
-0.22449621
-0.2222344
-0.2197436
-0.21701017
-0.21402093
-0.21076347
-0.20722531
-0.20339221
-0.19924559
-0.19475909
-0.18989462
-0.18459832
-0.17879667
-0.17239296
-0.16526567
-0.15726738
-0.14821407
-0.13786642
-0.12596034
-0.1123001
-0.09657927
-0.078350803
-0.057106499
-0.032423724
-0.0038944481
0.028779162
0.06566627
0.10643331
0.15011747
0.19493568
0.23829018
0.27709397
0.30837427
0.32993306
0.34079784
0.34130428
0.3328266
0.31739047
0.29728727
0.27449325
0.25052911
0.22657046
0.20346621
0.18173095
0.16165115
0.14334197
0.12680854
0.11198513
0.098765826
0.087024073
0.076626159
0.067439336
0.059336817
0.05220044
0.045921957
0.04040332
0.035556501
0.031302934
0.027572842
0.024304455
0.021443257
0.018941251
0.016756321
0.014851553
0.013194796
0.011757906
0.010516952
0.0094517805
0.0085432531
0.0077757865
0.0071539424
0.0066486418
0.0061770891
0.0060286887
0.0062621605
-0.24033553
-0.24033853
-0.2403417
-0.24034491
-0.24034824
-0.24035169
-0.24035512
-0.24035836
-0.24036109
-0.24036293
-0.24036332
-0.24036169
-0.24035741
-0.24034994
-0.24033874
-0.2403233
-0.24030316
-0.24027781
-0.24024632
-0.24020747
-0.24016021
-0.24010347
-0.240036
-0.23995629
-0.23986249
-0.23975243
-0.23962353
-0.23947282
-0.23929687
-0.23909181
-0.23885332
-0.23857663
-0.23825648
-0.23788698
-0.23746088
-0.23696791
-0.23639629
-0.23573518
-0.23497382
-0.23409973
-0.23309584
-0.23195178
-0.23066074
-0.22920896
-0.22758404
-0.22577158
-0.2237543
-0.2215131
-0.2190259
-0.21626876
-0.21321742
-0.20984803
-0.20613737
-0.20206256
-0.19759966
-0.19272083
-0.1873902
-0.18155843
-0.17515657
-0.16809087
-0.16024013
-0.1514503
-0.1415164
-0.13018189
-0.1172134
-0.10239976
-0.085374032
-0.065605911
-0.042691419
-0.01623011
0.014101218
0.048441573
0.086600248
0.12785721
0.17076572
0.21309003
0.25201411
0.28463696
0.30859623
0.32257245
0.32648255
0.32132344
0.30886213
0.29124632
0.2704178
0.24792873
0.22504578
0.20269648
0.1814748
0.16173152
0.14363297
0.12722255
0.11246251
0.099266882
0.087523128
0.077107223
0.067893024
0.059758177
0.052587475
0.046274573
0.040722612
0.035844278
0.031561393
0.02780435
0.02451141
0.021627998
0.019106003
0.016903161
0.014982394
0.013311387
0.011861831
0.0106096
0.0095344339
0.0086171186
0.0078414692
0.0072124754
0.0067025292
0.0062216189
0.0060670329
0.0063242097
-0.23838388
-0.23838867
-0.23839382
-0.23839911
-0.2384047
-0.23841062
-0.23841681
-0.23842307
-0.23842919
-0.23843478
-0.23843938
-0.23844246
-0.2384435
-0.23844202
-0.23843754
-0.23842966
-0.23841796
-0.23840201
-0.23838093
-0.23835362
-0.23831914
-0.23827657
-0.23822483
-0.23816265
-0.23808847
-0.23800044
-0.23789636
-0.23777362
-0.23762919
-0.23745958
-0.23726087
-0.23702865
-0.23675806
-0.23644363
-0.23607867
-0.23565405
-0.23515916
-0.23458358
-0.23391651
-0.23314542
-0.23225403
-0.2312338
-0.230079
-0.22877683
-0.22731599
-0.22568341
-0.22386396
-0.22184027
-0.21959016
-0.21708738
-0.21430291
-0.21120542
-0.2077617
-0.20393742
-0.19969768
-0.1950069
-0.18982753
-0.18411692
-0.17782198
-0.17087237
-0.16317461
-0.15460688
-0.14500437
-0.13414095
-0.12177085
-0.10772356
-0.091684669
-0.073199883
-0.051835833
-0.027210124
0.0010136599
0.033025426
0.068744559
0.10764665
0.14857233
0.1896215
0.22826665
0.26174132
0.28760487
0.30426883
0.31127778
0.30926139
0.29971247
0.28459471
0.26578901
0.24485166
0.2231245
0.20160412
0.18095978
0.16160575
0.14376031
0.12750657
0.11283637
0.099685158
0.087955637
0.077534455
0.068302881
0.060143631
0.052944901
0.046602611
0.041021384
0.036114824
0.031805306
0.028023515
0.024707842
0.021803727
0.019263003
0.017043304
0.015107425
0.013422912
0.011961312
0.010698326
0.0096135904
0.0086878436
0.0079042955
0.007268298
0.0067539272
0.0062637966
0.0061024555
0.006384446
-0.23571535
-0.2357215
-0.23572819
-0.23573505
-0.23574237
-0.2357502
-0.23575848
-0.23576708
-0.2357758
-0.23578429
-0.23579215
-0.23579892
-0.23580414
-0.23580737
-0.23580825
-0.23580641
-0.2358015
-0.23579316
-0.2357806
-0.23576281
-0.23573895
-0.23570822
-0.23566967
-0.23562219
-0.23556445
-0.23549487
-0.23541157
-0.23531231
-0.23519444
-0.23505489
-0.23489013
-0.2346962
-0.23446864
-0.23420245
-0.23389159
-0.23352808
-0.23310252
-0.23260497
-0.23202468
-0.23134966
-0.2305663
-0.22966506
-0.2286379
-0.22747361
-0.22616098
-0.22468758
-0.22303998
-0.2212027
-0.21915559
-0.21687412
-0.21433036
-0.21149294
-0.20832684
-0.2047934
-0.20085066
-0.1964539
-0.1915561
-0.18610761
-0.18005424
-0.17333287
-0.16586567
-0.15755464
-0.14827077
-0.13783044
-0.12600189
-0.11259775
-0.097389317
-0.080021686
-0.060016374
-0.037016237
-0.010682407
0.019210845
0.052667013
0.089317935
0.12824594
0.1678537
0.20590351
0.23980695
0.26711768
0.28605347
0.29583939
0.29675897
0.2900293
0.27738971
0.26064005
0.24131562
0.22081429
0.20019102
0.18018474
0.16127129
0.143721
0.12765769
0.1131041
0.10001838
0.088319676
0.077906277
0.068667633
0.060492137
0.053271874
0.046905406
0.0412991
0.036367711
0.032034327
0.028230061
0.024893531
0.021970268
0.019412111
0.017176639
0.015226554
0.013529297
0.012056294
0.010783086
0.0096892171
0.0087554027
0.0079642487
0.0073213967
0.0068028216
0.0063036303
0.0061349298
0.0064428521
-0.23250283
-0.23250996
-0.23251771
-0.23252569
-0.23253423
-0.23254343
-0.23255321
-0.23256348
-0.23257407
-0.23258468
-0.23259493
-0.23260441
-0.23261274
-0.23261953
-0.23262447
-0.23262724
-0.23262767
-0.23262535
-0.23261948
-0.23260921
-0.23259383
-0.23257259
-0.23254467
-0.23250909
-0.23246469
-0.23241009
-0.23234366
-0.23226348
-0.23216724
-0.23205223
-0.23191534
-0.23175297
-0.23156109
-0.23133514
-0.2310697
-0.23075778
-0.230391
-0.22995995
-0.22945424
-0.22886346
-0.2281778
-0.22738518
-0.22647506
-0.22543941
-0.22426682
-0.2229453
-0.22146219
-0.21980254
-0.21794737
-0.21587338
-0.21355369
-0.2109581
-0.20805267
-0.20479931
-0.20115544
-0.19707378
-0.19250239
-0.18738497
-0.18166078
-0.1752632
-0.16811658
-0.16013249
-0.15120334
-0.14118208
-0.12986411
-0.11704531
-0.10258036
-0.086170186
-0.067359929
-0.045799771
-0.021157789
0.0068148522
0.038184761
0.07270758
0.10966634
0.14773096
0.18494308
0.21891893
0.24726484
0.26807403
0.28030796
0.28393311
0.27990299
0.26969405
0.25500911
0.23734272
0.21812618
0.1984615
0.17915017
0.1607267
0.14351276
0.12767339
0.11326328
0.10026441
0.088613404
0.078221151
0.068986004
0.06080265
0.05356755
0.047182263
0.041555205
0.036602491
0.032248098
0.028423702
0.025068246
0.022127436
0.019553177
0.017303046
0.01533969
0.01363047
0.012146716
0.010863832
0.0097612743
0.0088197639
0.0080213059
0.0073717522
0.0068491913
0.0063411231
0.0061644349
0.0064994059
-0.22890939
-0.22891717
-0.22892561
-0.22893436
-0.2289437
-0.22895377
-0.22896457
-0.22897597
-0.22898782
-0.22899986
-0.22901177
-0.22902318
-0.22903371
-0.22904308
-0.22905099
-0.22905722
-0.22906173
-0.22906407
-0.22906337
-0.2290589
-0.2290501
-0.22903632
-0.2290168
-0.22899068
-0.22895692
-0.22891431
-0.22886144
-0.2287966
-0.22871778
-0.22862261
-0.2285083
-0.22837164
-0.22820896
-0.2280161
-0.2277882
-0.22751916
-0.22720135
-0.2268258
-0.22638288
-0.22586355
-0.22525988
-0.2245588
-0.22374987
-0.2228271
-0.22177905
-0.22059463
-0.21926202
-0.21776687
-0.21609157
-0.21421401
-0.21210802
-0.20974397
-0.20708859
-0.20410452
-0.20074991
-0.19697794
-0.19273628
-0.18796674
-0.18260515
-0.17658088
-0.16981544
-0.16222077
-0.15369695
-0.14411982
-0.13331505
-0.12108018
-0.10728801
-0.091698959
-0.073960219
-0.05368354
-0.030557457
-0.0043232066
0.02513152
0.057659285
0.092707933
0.12917917
0.16537561
0.19913096
0.22814842
0.25045779
0.26481269
0.2708967
0.26941561
0.2615743
0.24893884
0.23295936
0.21507476
0.19642259
0.17785855
0.15997195
0.1431343
0.1275519
0.113312
0.10042144
0.088835228
0.078477678
0.069256823
0.061074209
0.053831133
0.04743254
0.041789175
0.036818738
0.032446278
0.028604159
0.025231763
0.022275053
0.019686061
0.017422411
0.015446738
0.013726356
0.012232523
0.010940522
0.0098297308
0.0088809032
0.0080754519
0.0074193539
0.0068930243
0.0063762864
0.0061909472
0.0065540899
-0.22505913
-0.22506728
-0.22507618
-0.22508537
-0.22509522
-0.22510586
-0.22511729
-0.22512941
-0.22514207
-0.22515507
-0.22516809
-0.2251808
-0.22519289
-0.22520411
-0.22521417
-0.22522294
-0.22523044
-0.22523625
-0.22523948
-0.22523951
-0.22523586
-0.22522794
-0.22521511
-0.22519654
-0.22517134
-0.22513842
-0.22509651
-0.22504414
-0.22497952
-0.22490055
-0.22480475
-0.22468923
-0.22455067
-0.22438526
-0.22418868
-0.22395563
-0.22367903
-0.22335032
-0.22296085
-0.22250265
-0.22196827
-0.22134474
-0.22062271
-0.21979728
-0.21885721
-0.21779237
-0.21659175
-0.21524192
-0.21372716
-0.2120271
-0.21011681
-0.20796775
-0.20554754
-0.20281954
-0.19974249
-0.19627013
-0.19235061
-0.18792599
-0.18293161
-0.17729557
-0.1709377
-0.1637684
-0.15568854
-0.14658476
-0.13630757
-0.12466422
-0.11149777
-0.096661187
-0.07988729
-0.060765092
-0.039002772
-0.014342956
0.013357731
0.044026285
0.077244412
0.11211186
0.14716926
0.18046954
0.20984416
0.23331102
0.24946954
0.25776055
0.25864706
0.25309649
0.24247547
0.2281958
0.21167811
0.19408414
0.1763145
0.15900856
0.14258545
0.12729219
0.11324896
0.10048808
0.088983827
0.078674699
0.069479086
0.061305954
0.054061916
0.047655651
0.042000527
0.037016064
0.032628549
0.028771177
0.025383878
0.022412951
0.019810627
0.017534628
0.015547617
0.013816888
0.012313658
0.011013111
0.0098945509
0.0089387917
0.0081266672
0.0074641858
0.0069343005
0.0064091282
0.0062144493
0.0066068846
-0.22104369
-0.22105207
-0.22106118
-0.22107062
-0.22108076
-0.22109171
-0.22110348
-0.22111602
-0.22112917
-0.22114274
-0.22115647
-0.22117003
-0.2211832
-0.22119568
-0.22120729
-0.22121791
-0.22122756
-0.22123587
-0.22124206
-0.22124557
-0.22124593
-0.22124266
-0.22123513
-0.22122264
-0.22120434
-0.22117928
-0.22114634
-0.22110418
-0.22105124
-0.22098564
-0.22090518
-0.22080724
-0.22068881
-0.22054644
-0.22037626
-0.2201736
-0.21993191
-0.21964322
-0.21929979
-0.21889444
-0.21841979
-0.21786325
-0.2172168
-0.21647626
-0.21563066
-0.21467061
-0.21358558
-0.21236319
-0.21098965
-0.20944644
-0.20771023
-0.20575414
-0.20354737
-0.20105478
-0.19823633
-0.19504672
-0.19143487
-0.18734343
-0.18270818
-0.17745741
-0.17151095
-0.16477885
-0.15716137
-0.14854869
-0.13880732
-0.12775885
-0.11522452
-0.10110715
-0.08518743
-0.067119654
-0.046593712
-0.023363912
0.002730933
0.03167356
0.063152944
0.096435908
0.13027582
0.16293863
0.19240401
0.21671949
0.23438054
0.24463199
0.24769272
0.24432596
0.23566881
0.2230854
0.20795733
0.19145851
0.17452462
0.15783955
0.14186713
0.12689405
0.11307334
0.10046333
0.089058159
0.078811243
0.069651915
0.061497144
0.054259266
0.047851067
0.042188831
0.037194113
0.03279462
0.028924522
0.025524398
0.022540977
0.019926753
0.017639598
0.015642243
0.013902002
0.012390075
0.011081563
0.0099557082
0.0089934102
0.0081749399
0.0075062421
0.0069730098
0.0064396636
0.0062349219
0.0066577717
-0.21693946
-0.21694788
-0.21695706
-0.21696659
-0.21697678
-0.21698783
-0.21699975
-0.21701242
-0.21702579
-0.21703964
-0.21705371
-0.21706776
-0.21708155
-0.21709485
-0.2171075
-0.21711937
-0.21713052
-0.21714063
-0.21714896
-0.21715505
-0.21715847
-0.21715875
-0.21715535
-0.21714761
-0.21713481
-0.21711616
-0.21709058
-0.21705677
-0.21701335
-0.21695868
-0.21689083
-0.21680743
-0.21670576
-0.21658271
-0.21643473
-0.21625758
-0.21604533
-0.21579079
-0.21548697
-0.21512723
-0.21470416
-0.2142057
-0.21362517
-0.21295902
-0.2121966
-0.21132897
-0.21034593
-0.2092361
-0.20798743
-0.20658308
-0.20500127
-0.20321685
-0.20120091
-0.19892023
-0.1963367
-0.19340682
-0.19008105
-0.18630332
-0.18201041
-0.1771314
-0.17158693
-0.16528784
-0.15813453
-0.15001817
-0.14081498
-0.13036399
-0.11847851
-0.10504236
-0.089904864
-0.072806962
-0.053412144
-0.031487253
-0.0068646665
0.020478833
0.05031702
0.082055907
0.11463594
0.14652417
0.17585908
0.20074961
0.21963164
0.23160739
0.23665036
0.23532988
0.22857077
0.21766401
0.20393616
0.18856038
0.1724974
0.15646938
0.14098135
0.12635802
0.11278494
0.10034657
0.089057481
0.078886541
0.069774612
0.061647136
0.054422623
0.048018323
0.04235369
0.037352557
0.032944224
0.029063974
0.025653147
0.022658987
0.020034321
0.017737225
0.015730545
0.013981641
0.012461722
0.011145839
0.010013172
0.0090447335
0.0082202537
0.0075455099
0.0070091347
0.0064679044
0.0062523515
0.0067067306
-0.21281296
-0.21282131
-0.21283042
-0.21283984
-0.21284997
-0.21286094
-0.21287276
-0.2128854
-0.21289872
-0.21291256
-0.21292672
-0.21294092
-0.21295498
-0.2129687
-0.21298192
-0.21299456
-0.21300665
-0.21301792
-0.21302772
-0.21303562
-0.21304122
-0.21304411
-0.21304376
-0.21303959
-0.21303106
-0.21301757
-0.21299807
-0.21297108
-0.21293527
-0.21288936
-0.21283167
-0.21276012
-0.21267222
-0.21256513
-0.2124356
-0.21227972
-0.21209218
-0.21186655
-0.21159649
-0.21127576
-0.21089693
-0.2104485
-0.20992514
-0.20932386
-0.20863434
-0.20784795
-0.20695474
-0.20594429
-0.20480611
-0.20352486
-0.2020802
-0.20044861
-0.19860297
-0.19651202
-0.1941398
-0.191445
-0.18838032
-0.18489175
-0.18091791
-0.17638946
-0.17122842
-0.16534717
-0.15864727
-0.15102045
-0.14234813
-0.1324851
-0.12124805
-0.10848322
-0.09409245
-0.07787259
-0.059524659
-0.038798468
-0.015529655
0.010332638
0.038628088
0.068877413
0.1001832
0.13119817
0.16022268
0.18544996
0.20529215
0.21876524
0.22560253
0.22617494
0.22123384
0.21196939
0.1996405
0.18540649
0.17024308
0.15490391
0.13993114
0.12568547
0.1123841
0.10013764
0.088981357
0.078900044
0.069846606
0.061755402
0.054551527
0.048157004
0.042494759
0.037491106
0.033077118
0.02918933
0.02576996
0.022766847
0.020133223
0.017827424
0.015812449
0.014055747
0.012528561
0.011205908
0.01006692
0.0090927457
0.0082626005
0.0075819879
0.0070426674
0.0064938699
0.006266723
0.0067537453
-0.20872294
-0.20873107
-0.20873999
-0.20874922
-0.20875912
-0.20876988
-0.20878146
-0.20879384
-0.20880693
-0.20882058
-0.20883453
-0.20884864
-0.20886265
-0.20887644
-0.20888986
-0.20890282
-0.20891539
-0.2089273
-0.20893797
-0.208947
-0.20895405
-0.2089587
-0.20896048
-0.20895895
-0.20895372
-0.20894421
-0.20892931
-0.20890758
-0.20887773
-0.20883871
-0.20878909
-0.208727
-0.20865021
-0.2085561
-0.20844166
-0.20830332
-0.20813629
-0.20793485
-0.20769324
-0.20740555
-0.20706431
-0.20665863
-0.20618444
-0.20563925
-0.20501305
-0.20429748
-0.2034828
-0.2025595
-0.20151847
-0.20034573
-0.19902233
-0.19752626
-0.1958321
-0.1939105
-0.19172755
-0.1892442
-0.18641557
-0.18319015
-0.17950907
-0.1753053
-0.17050302
-0.16501675
-0.15875014
-0.15159604
-0.14343835
-0.13414369
-0.12354188
-0.11145681
-0.097779986
-0.082368853
-0.064989043
-0.045370769
-0.02335138
0.0011375331
0.027986286
0.056809115
0.086847452
0.11692239
0.14549337
0.17085302
0.19142078
0.20616708
0.21461697
0.21692422
0.21370984
0.20604045
0.19509797
0.18201541
0.1677735
0.15315034
0.13872061
0.12487853
0.11187178
0.099836788
0.088829643
0.078851438
0.0698675
0.061821542
0.054645595
0.048266771
0.042611738
0.037609502
0.033193087
0.029300415
0.025874688
0.022864437
0.020223361
0.017910115
0.015887896
0.014124271
0.012590548
0.011261737
0.010116926
0.0091374258
0.0083019666
0.0076156675
0.0070735915
0.0065175749
0.0062780271
0.0067987963
-0.20471661
-0.20472451
-0.20473312
-0.20474203
-0.20475162
-0.20476201
-0.20477324
-0.20478522
-0.20479792
-0.20481116
-0.20482475
-0.2048385
-0.20485224
-0.20486583
-0.20487913
-0.20489209
-0.20490473
-0.20491683
-0.20492788
-0.2049375
-0.20494538
-0.20495112
-0.20495432
-0.20495461
-0.20495174
-0.204945
-0.2049333
-0.20491553
-0.20489041
-0.20485678
-0.20481343
-0.20475877
-0.20469077
-0.20460704
-0.2045048
-0.20438075
-0.20423062
-0.20404933
-0.20383159
-0.20357168
-0.20326213
-0.2028927
-0.20246053
-0.20196354
-0.20139196
-0.20073768
-0.1999912
-0.19914381
-0.19818761
-0.19710983
-0.19589285
-0.19451609
-0.19295579
-0.19118438
-0.18916997
-0.18687572
-0.18425916
-0.18127138
-0.17785627
-0.17394959
-0.16947826
-0.16435959
-0.15850003
-0.15179462
-0.14412884
-0.13537688
-0.12538496
-0.11397362
-0.10099796
-0.086352358
-0.069853434
-0.051266928
-0.030406175
-0.0071930498
0.018300471
0.045764293
0.074557404
0.10365145
0.13165791
0.15697775
0.17807265
0.19387224
0.20374805
0.20763675
0.20604901
0.19991651
0.19033744
0.17840716
0.16510198
0.1512171
0.13735488
0.1239401
0.11124949
0.099444683
0.088602535
0.078740636
0.06983708
0.061845283
0.05470453
0.048347353
0.04270438
0.037707531
0.033291945
0.02939707
0.025967203
0.022951648
0.020304647
0.017985225
0.015956825
0.014187164
0.012647649
0.011313301
0.010163174
0.0091787627
0.0083383478
0.0076465512
0.0071019021
0.0065390447
0.006286253
0.0068418668
-0.20083616
-0.20084369
-0.20085192
-0.20086045
-0.20086958
-0.20087953
-0.20089024
-0.20090172
-0.20091385
-0.20092652
-0.20093954
-0.20095273
-0.20096595
-0.20097906
-0.20099206
-0.20100493
-0.20101752
-0.20102947
-0.20104042
-0.20105009
-0.20105821
-0.20106441
-0.20106835
-0.20106977
-0.2010683
-0.2010632
-0.20105359
-0.20103856
-0.20101683
-0.20098711
-0.20094837
-0.20089923
-0.20083787
-0.20076209
-0.20066932
-0.20055654
-0.20041994
-0.20025501
-0.20005672
-0.19981936
-0.19953595
-0.19919829
-0.19880307
-0.19834695
-0.19782182
-0.19721996
-0.19653213
-0.19575035
-0.19486764
-0.19387232
-0.192748
-0.19147548
-0.19003253
-0.18839333
-0.18652789
-0.18440154
-0.18197417
-0.17919948
-0.17602414
-0.17238694
-0.16821785
-0.16343734
-0.15795524
-0.15166972
-0.14446823
-0.13622909
-0.12681211
-0.11604836
-0.10377126
-0.089858241
-0.074175911
-0.056542858
-0.03676115
-0.014736131
0.0094878784
0.035661588
0.063242477
0.091335434
0.11869375
0.14382869
0.16528812
0.18194416
0.19304536
0.19836783
0.19829938
0.19363663
0.18538847
0.17460296
0.16224302
0.14911371
0.13583995
0.12287385
0.11051935
0.098962444
0.088300547
0.0785678
0.069755308
0.061826471
0.054728152
0.048398547
0.04277249
0.037785017
0.033373538
0.029479163
0.02604739
0.023028384
0.020377001
0.018052692
0.016019185
0.01424439
0.012699829
0.011360572
0.010205642
0.0092167391
0.0083717335
0.0076746349
0.0071275848
0.0065582978
0.006291396
0.0068829391
-0.19712233
-0.19712944
-0.1971372
-0.19714526
-0.19715391
-0.19716329
-0.19717342
-0.19718426
-0.19719574
-0.1972077
-0.19722001
-0.19723247
-0.19724496
-0.19725739
-0.19726988
-0.19728245
-0.19729469
-0.19730616
-0.19731664
-0.19732594
-0.19733379
-0.19733988
-0.19734393
-0.19734578
-0.19734493
-0.19734057
-0.19733199
-0.1973184
-0.19729857
-0.19727129
-0.19723559
-0.1971902
-0.19713344
-0.1970633
-0.1969774
-0.19687298
-0.19674665
-0.1965943
-0.19641103
-0.19619115
-0.19592865
-0.19561834
-0.19525465
-0.19483221
-0.19434586
-0.19378813
-0.19315006
-0.19242436
-0.19160464
-0.19068016
-0.18963575
-0.18845348
-0.18711255
-0.18558875
-0.18385394
-0.18187549
-0.17961561
-0.17703055
-0.17406979
-0.17067512
-0.16677978
-0.16230755
-0.15717195
-0.15127491
-0.14450678
-0.13674847
-0.12786858
-0.11771274
-0.1061121
-0.092918564
-0.078014545
-0.061256183
-0.042476757
-0.021560713
0.0014734306
0.026425378
0.052834214
0.079921919
0.106571
0.13140803
0.15308892
0.17042558
0.18255714
0.18916799
0.19050642
0.18723903
0.18028087
0.17062482
0.15921214
0.14685072
0.13418272
0.12168413
0.10968399
0.098391616
0.087924505
0.078333324
0.069622317
0.061765105
0.054716373
0.048420227
0.042815937
0.037841825
0.033437741
0.029546583
0.026115153
0.023094568
0.020440358
0.018112459
0.01607493
0.014295908
0.012747064
0.011403533
0.010244318
0.0092513484
0.008402123
0.0076999259
0.0071506369
0.0065753625
0.0062934502
0.0069219985
-0.19359866
-0.19360534
-0.19361264
-0.19362018
-0.19362831
-0.19363711
-0.1936466
-0.19365679
-0.19366753
-0.19367876
-0.19369028
-0.19370195
-0.19371363
-0.19372528
-0.193737
-0.19374882
-0.1937603
-0.19377103
-0.19378084
-0.19378953
-0.19379685
-0.1938025
-0.19380624
-0.19380793
-0.19380705
-0.19380282
-0.1937946
-0.19378165
-0.19376291
-0.19373715
-0.19370336
-0.19366038
-0.19360672
-0.19354049
-0.19345951
-0.19336124
-0.1932426
-0.19309976
-0.19292798
-0.19272174
-0.19247592
-0.19218702
-0.19184804
-0.191453
-0.19099876
-0.1904777
-0.1898814
-0.18920316
-0.1884368
-0.18757249
-0.18659624
-0.18549131
-0.18423821
-0.18281424
-0.18119299
-0.17934378
-0.17723101
-0.1748134
-0.17204318
-0.16886518
-0.16521587
-0.16102254
-0.15620239
-0.15066149
-0.14429397
-0.13698342
-0.12860355
-0.119012
-0.10804908
-0.095556708
-0.081403294
-0.065465158
-0.047609121
-0.02772916
-0.0058118977
0.017985345
0.043266997
0.069356502
0.09525215
0.11972182
0.14149219
0.15933255
0.1723262
0.18008212
0.18271265
0.18076058
0.17504431
0.16649525
0.15602566
0.14443947
0.13239085
0.12037594
0.1087466
0.097734154
0.08747557
0.078037849
0.069438424
0.061661303
0.054669202
0.048412344
0.042834637
0.037877867
0.033484465
0.029599246
0.02617042
0.023150131
0.020494661
0.018164479
0.016124024
0.014341691
0.012789325
0.011442162
0.010279188
0.009282578
0.0084295091
0.0077224246
0.0071710456
0.0065902625
0.0062924145
0.0069590272
-0.19027479
-0.19028101
-0.19028779
-0.19029484
-0.1903024
-0.19031059
-0.19031945
-0.19032891
-0.19033892
-0.19034935
-0.19036005
-0.19037087
-0.19038171
-0.19039253
-0.19040343
-0.19041434
-0.19042489
-0.19043472
-0.19044368
-0.19045157
-0.19045815
-0.19046313
-0.19046627
-0.19046742
-0.19046609
-0.19046156
-0.19045321
-0.19044038
-0.19042217
-0.19039732
-0.19036464
-0.19032315
-0.1902715
-0.19020798
-0.19013053
-0.1900368
-0.18992394
-0.18978835
-0.18962547
-0.18943016
-0.18919795
-0.18892578
-0.18860621
-0.18823367
-0.18780591
-0.18731517
-0.18675376
-0.18611541
-0.18539393
-0.1845803
-0.18366169
-0.18262245
-0.18144428
-0.18010591
-0.17858252
-0.17684529
-0.17486068
-0.1725898
-0.16998751
-0.16700161
-0.16357183
-0.15962894
-0.15509393
-0.149877
-0.14387664
-0.13697993
-0.12906414
-0.11999478
-0.10962296
-0.097793226
-0.084363511
-0.069209589
-0.052216949
-0.033297606
-0.012424112
0.010277061
0.034475798
0.059583664
0.084716694
0.10877046
0.13049711
0.14867751
0.16238728
0.1711493
0.17495718
0.17423634
0.16970784
0.16223693
0.15270042
0.14189201
0.13047266
0.11895488
0.10771085
0.096992395
0.086955196
0.077682252
0.069204132
0.06151533
0.054586753
0.048374933
0.042828573
0.037893097
0.033513655
0.029637095
0.026213132
0.023195026
0.020539865
0.018208717
0.016166435
0.014381711
0.012826597
0.011476447
0.010310244
0.0093104262
0.0084538947
0.0077421432
0.0071888106
0.0066030314
0.0062882883
0.0069940114
-0.18716827
-0.18717401
-0.18718029
-0.18718678
-0.18719374
-0.18720133
-0.18720947
-0.18721819
-0.18722741
-0.18723699
-0.1872468
-0.1872567
-0.1872666
-0.18727652
-0.18728649
-0.18729637
-0.18730584
-0.1873146
-0.18732249
-0.18732933
-0.18733488
-0.18733889
-0.18734119
-0.18734153
-0.18733934
-0.18733402
-0.187325
-0.18731165
-0.18729318
-0.18726833
-0.18723587
-0.18719488
-0.18714413
-0.18708202
-0.18700665
-0.18691579
-0.18680677
-0.18667617
-0.18651971
-0.1863327
-0.18611112
-0.18585192
-0.18554755
-0.18519307
-0.18478673
-0.18432074
-0.18378816
-0.18318296
-0.18249883
-0.1817275
-0.18085721
-0.17987326
-0.17875848
-0.17749285
-0.17605307
-0.17441203
-0.17253817
-0.17039483
-0.16793942
-0.16512258
-0.16188726
-0.1581677
-0.15388864
-0.14896442
-0.14329803
-0.1367808
-0.12929362
-0.12070716
-0.11088084
-0.09966616
-0.086919797
-0.0725141
-0.056340448
-0.038316024
-0.018420356
0.0032472532
0.026418814
0.050581253
0.074956254
0.098522182
0.12008316
0.13847583
0.15276719
0.16240313
0.16727542
0.1676992
0.16429959
0.15787239
0.1492536
0.13922091
0.12843704
0.11742709
0.10658087
0.096169068
0.086365137
0.077267633
0.068920119
0.061327588
0.054469247
0.048308096
0.042797785
0.037887516
0.03352529
0.029660099
0.026243256
0.023229214
0.020575939
0.018245142
0.016202138
0.014415952
0.01285886
0.011506376
0.010337478
0.0093348851
0.0084752759
0.0077590864
0.0072039208
0.0066136966
0.0062810754
0.0070269367
-0.18429363
-0.18429888
-0.18430461
-0.18431054
-0.18431692
-0.18432382
-0.18433126
-0.18433922
-0.1843476
-0.1843563
-0.18436518
-0.18437411
-0.184383
-0.18439189
-0.18440077
-0.18440949
-0.18441777
-0.18442531
-0.18443197
-0.18443756
-0.18444185
-0.18444464
-0.18444581
-0.18444499
-0.18444156
-0.18443503
-0.18442484
-0.18441042
-0.18439097
-0.18436529
-0.18433221
-0.1842908
-0.18423991
-0.18417802
-0.18410331
-0.1840137
-0.18390667
-0.18377899
-0.18362662
-0.18344528
-0.18323131
-0.18298154
-0.18268842
-0.18234769
-0.18195796
-0.18151154
-0.18100208
-0.18042368
-0.17976992
-0.17903324
-0.17820278
-0.17726469
-0.17620279
-0.17499826
-0.17362914
-0.17206992
-0.17029088
-0.16825744
-0.16592945
-0.16326028
-0.16019594
-0.15667413
-0.1526233
-0.14796185
-0.14259726
-0.1364255
-0.12933164
-0.12119073
-0.11186821
-0.10122217
-0.08911229
-0.075410116
-0.060007724
-0.042826483
-0.023845872
-0.0031396771
0.019064315
0.042315247
0.065916218
0.088926501
0.11023725
0.12873758
0.14348618
0.15387211
0.15969886
0.16117965
0.15884643
0.15342376
0.14570246
0.13643909
0.12629337
0.11579916
0.1053612
0.095267237
0.085707433
0.076795324
0.068587232
0.061098603
0.054317013
0.048212019
0.042742373
0.037861169
0.033519382
0.029668248
0.026260776
0.023252679
0.020602863
0.018273736
0.016231117
0.014444396
0.012886108
0.011531943
0.010360888
0.0093559579
0.008493659
0.0077732716
0.0072163786
0.0066222958
0.0062707801
0.0070577905
-0.18165862
-0.18166336
-0.18166855
-0.18167391
-0.18167968
-0.18168591
-0.18169264
-0.1816998
-0.18170734
-0.18171515
-0.18172307
-0.18173101
-0.18173884
-0.18174663
-0.18175434
-0.18176183
-0.18176882
-0.18177505
-0.18178035
-0.18178456
-0.18178745
-0.18178882
-0.18178851
-0.18178615
-0.18178117
-0.18177308
-0.18176135
-0.18174539
-0.18172444
-0.18169734
-0.18166294
-0.18162036
-0.18156845
-0.18150577
-0.18143056
-0.18134083
-0.18123422
-0.18110768
-0.18095738
-0.18077938
-0.18057031
-0.18032684
-0.18004145
-0.1797105
-0.17933297
-0.1789013
-0.17840962
-0.17785206
-0.17722217
-0.176513
-0.17571449
-0.17481353
-0.17379485
-0.1726407
-0.17133037
-0.16983979
-0.16814094
-0.16620121
-0.16398271
-0.16144139
-0.15852622
-0.15517822
-0.1513295
-0.14690246
-0.14180897
-0.13594973
-0.12921444
-0.12148266
-0.11262489
-0.10250474
-0.090985735
-0.077940614
-0.06326147
-0.046870573
-0.028743433
-0.0089397178
0.012342019
0.034705315
0.057525565
0.079947954
0.1009488
0.11946503
0.13455897
0.14557977
0.15225515
0.15470555
0.15337374
0.1489125
0.14206418
0.13355967
0.12405134
0.11407806
0.10405674
0.094290293
0.084984384
0.076266871
0.068206486
0.060829039
0.054130466
0.048086971
0.042662494
0.037814145
0.033495978
0.029661569
0.026265698
0.023265415
0.020620629
0.01829449
0.016253363
0.01446704
0.012908331
0.011553142
0.010380469
0.0093736415
0.0085090433
0.0077847085
0.007226175
0.0066288606
0.0062574106
0.0070865567
-0.17926864
-0.17927289
-0.17927752
-0.17928233
-0.17928746
-0.17929305
-0.17929904
-0.17930542
-0.17931211
-0.179319
-0.17932597
-0.17933288
-0.17933965
-0.17934628
-0.17935278
-0.17935898
-0.17936461
-0.17936944
-0.17937329
-0.179376
-0.17937734
-0.17937709
-0.17937508
-0.17937096
-0.17936416
-0.1793542
-0.17934057
-0.17932267
-0.17929976
-0.17927077
-0.17923452
-0.17919007
-0.17913633
-0.17907193
-0.17899516
-0.17890411
-0.1787965
-0.17866945
-0.17851937
-0.1783426
-0.17813596
-0.17789595
-0.17761509
-0.17729037
-0.17692105
-0.17649974
-0.17602092
-0.17547872
-0.17486673
-0.17417851
-0.17340467
-0.17253278
-0.17154838
-0.17043471
-0.16917219
-0.1677381
-0.16610597
-0.16424501
-0.16211945
-0.15968768
-0.15690146
-0.15370499
-0.15003395
-0.14581464
-0.14096322
-0.13538508
-0.12897471
-0.12161644
-0.11318569
-0.1035511
-0.092580185
-0.080147741
-0.066146249
-0.050497437
-0.033172997
-0.014222806
0.0061800426
0.027686588
0.049738191
0.071559548
0.092202447
0.11065509
0.12599532
0.13754492
0.14496809
0.14830204
0.14790521
0.14435922
0.1383556
0.13059585
0.12172087
0.11227107
0.1026727
0.093241898
0.084198535
0.07568401
0.06777907
0.060519683
0.05391013
0.047933289
0.04255837
0.037746588
0.033455164
0.029640108
0.026258048
0.023267439
0.020629242
0.018307405
0.016268873
0.014483877
0.01292553
0.011569975
0.010396229
0.0093879447
0.0085214389
0.0077934196
0.0072333136
0.0066334347
0.0062409767
0.0071132288
-0.17712643
-0.17713018
-0.17713428
-0.17713851
-0.17714305
-0.17714796
-0.17715323
-0.17715882
-0.17716466
-0.17717065
-0.17717663
-0.1771825
-0.17718818
-0.17719365
-0.1771989
-0.17720376
-0.177208
-0.17721135
-0.17721366
-0.17721477
-0.17721442
-0.1772124
-0.17720853
-0.17720244
-0.17719359
-0.1771815
-0.17716565
-0.17714544
-0.17712018
-0.17708892
-0.17705041
-0.17700348
-0.17694716
-0.17688019
-0.17680091
-0.17670744
-0.17659757
-0.17646855
-0.176317
-0.17613953
-0.17593304
-0.1756939
-0.17541468
-0.17509291
-0.17472812
-0.17431312
-0.17384262
-0.17331074
-0.17271115
-0.17203784
-0.17128197
-0.17043172
-0.16947339
-0.16839106
-0.16716625
-0.16577743
-0.16419958
-0.16240361
-0.16035571
-0.15801656
-0.15534057
-0.15227496
-0.14875882
-0.14472227
-0.14008565
-0.13475892
-0.12864139
-0.12162228
-0.11358195
-0.10439402
-0.093930173
-0.082067781
-0.068700187
-0.053748456
-0.037180613
-0.019036944
0.00053194656
0.021217627
0.042519496
0.063732556
0.083978778
0.10230108
0.11780053
0.12978195
0.13785778
0.14199147
0.14246268
0.13978345
0.13459313
0.1275607
0.11931205
0.1103857
0.10121457
0.092125973
0.083352643
0.075048668
0.067306306
0.060171451
0.053656622
0.047751388
0.042430275
0.037658676
0.033397061
0.029603944
0.026237874
0.023258778
0.020628719
0.01831249
0.016277655
0.014494915
0.012937705
0.011582443
0.010408167
0.009398869
0.0085308478
0.0077994205
0.0072377872
0.0066360535
0.0062214918
0.0071377934
-0.17523256
-0.17523583
-0.17523939
-0.17524307
-0.175247
-0.17525125
-0.17525581
-0.17526062
-0.17526563
-0.1752707
-0.17527572
-0.17528056
-0.17528513
-0.17528943
-0.17529341
-0.17529693
-0.17529972
-0.17530156
-0.17530228
-0.1753017
-0.17529958
-0.17529567
-0.1752898
-0.17528158
-0.1752705
-0.17525606
-0.17523773
-0.17521491
-0.17518692
-0.17515291
-0.17511157
-0.17506162
-0.17500211
-0.17493183
-0.17484918
-0.17475231
-0.17463903
-0.17450671
-0.17435217
-0.17417219
-0.17396378
-0.1737231
-0.17344285
-0.17312101
-0.17275734
-0.17234485
-0.17187845
-0.17135221
-0.17075992
-0.17009593
-0.16935184
-0.16851638
-0.1675765
-0.16651712
-0.16532068
-0.16396678
-0.16243175
-0.16068804
-0.15870369
-0.15644153
-0.15385846
-0.15090454
-0.14752216
-0.1436451
-0.13919777
-0.13409459
-0.12823962
-0.12152699
-0.11384201
-0.10506327
-0.095066807
-0.083733012
-0.070956487
-0.05665778
-0.040801221
-0.023417882
-0.0046389459
0.015261739
0.035834112
0.056436222
0.076256641
0.094393489
0.10997601
0.12230133
0.13094084
0.13579343
0.13706604
0.13520355
0.13079254
0.12446712
0.11683495
0.10842961
0.099688012
0.090946641
0.082449673
0.074362936
0.066789669
0.059785363
0.053370656
0.04754176
0.042278544
0.037550637
0.033321818
0.029553177
0.026205247
0.023239477
0.020619091
0.018309766
0.016279721
0.014500161
0.012944868
0.011590558
0.010416296
0.009406429
0.0085372834
0.0078027387
0.0072396022
0.0066367653
0.0061989708
0.0071602448
-0.17358402
-0.17358682
-0.17358985
-0.17359299
-0.17359633
-0.17359995
-0.1736038
-0.17360785
-0.17361203
-0.17361621
-0.17362027
-0.17362409
-0.17362757
-0.17363069
-0.17363341
-0.17363556
-0.1736369
-0.1736372
-0.17363629
-0.17363397
-0.17363
-0.17362415
-0.17361617
-0.17360571
-0.17359224
-0.17357527
-0.17355427
-0.17352861
-0.1734976
-0.1734604
-0.17341572
-0.17336228
-0.17329907
-0.17322488
-0.17313813
-0.17303699
-0.17291932
-0.17278255
-0.17262365
-0.17243958
-0.17222737
-0.17198303
-0.17169932
-0.17137467
-0.17100902
-0.17059556
-0.17012934
-0.16960443
-0.16901474
-0.16835488
-0.16761684
-0.16678982
-0.16586139
-0.16481717
-0.16364048
-0.16231197
-0.16080915
-0.15910598
-0.15717216
-0.15497255
-0.15246639
-0.14960645
-0.14633823
-0.14259905
-0.13831725
-0.13341157
-0.12779075
-0.1213538
-0.11399096
-0.10558573
-0.096018621
-0.08517339
-0.072946275
-0.059257531
-0.044068067
-0.027400643
-0.0093696155
0.0097811151
0.029645948
0.049639943
0.069013991
0.086920257
0.1025198
0.11510997
0.12423057
0.12972481
0.13173322
0.13063656
0.12696888
0.12132761
0.11429958
0.10641052
0.098098848
0.089708206
0.081492744
0.07362907
0.066230754
0.059362553
0.053053023
0.047304959
0.042103568
0.037422743
0.033229626
0.02948794
0.026160255
0.023209599
0.0206004
0.018299262
0.016275094
0.014499634
0.012947027
0.011594325
0.010420622
0.0094106315
0.0085407505
0.0078033949
0.0072387522
0.0066356108
0.0061734315
0.0071805724
-0.17217648
-0.17217882
-0.17218134
-0.17218395
-0.17218674
-0.17218972
-0.1721929
-0.17219621
-0.17219958
-0.17220289
-0.17220602
-0.17220883
-0.17221122
-0.17221318
-0.17221464
-0.17221543
-0.17221531
-0.17221405
-0.17221146
-0.17220735
-0.1722015
-0.17219367
-0.17218357
-0.17217076
-0.17215478
-0.17213513
-0.17211126
-0.17208254
-0.17204825
-0.17200755
-0.17195916
-0.17190178
-0.17183438
-0.17175572
-0.17166421
-0.17155803
-0.17143505
-0.17129277
-0.17112829
-0.17093866
-0.17072094
-0.17047096
-0.17018159
-0.16985159
-0.16948108
-0.16906342
-0.16859376
-0.16806619
-0.16747474
-0.16681422
-0.16607692
-0.16525248
-0.16432899
-0.16329275
-0.16212786
-0.1608159
-0.15933555
-0.15766206
-0.15576677
-0.15361639
-0.15117237
-0.14839006
-0.1452179
-0.14159658
-0.13745824
-0.13272581
-0.12731262
-0.12112245
-0.11405048
-0.10598508
-0.096811272
-0.086416413
-0.074698763
-0.061578598
-0.04701386
-0.03101993
-0.013696342
0.004739241
0.023920543
0.043314018
0.062228118
0.07986737
0.095427227
0.10821163
0.11773723
0.12379989
0.12648013
0.12609816
0.12313633
0.11815429
0.11171579
0.10433618
0.096452991
0.088415095
0.080485125
0.072849446
0.065631285
0.05890425
0.052704604
0.047041611
0.041905789
0.037275305
0.033120705
0.029408385
0.026103008
0.023169222
0.020572702
0.01828102
0.0162638
0.014493354
0.012944202
0.011593764
0.010421163
0.0094114961
0.0085412662
0.0078014217
0.0072352462
0.0066326434
0.0061448947
0.0071987729
-0.17100332
-0.1710052
-0.17100725
-0.17100936
-0.17101159
-0.17101398
-0.17101649
-0.17101909
-0.17102168
-0.17102415
-0.17102636
-0.17102818
-0.17102952
-0.17103033
-0.17103054
-0.17102998
-0.1710284
-0.17102557
-0.17102131
-0.1710154
-0.17100762
-0.17099776
-0.17098547
-0.17097025
-0.17095166
-0.17092921
-0.17090233
-0.17087037
-0.1708326
-0.17078814
-0.17073572
-0.17067403
-0.17060201
-0.17051838
-0.17042154
-0.17030963
-0.17018054
-0.17003181
-0.16986062
-0.16966412
-0.16943931
-0.16918192
-0.16888486
-0.16854721
-0.16816921
-0.16774436
-0.16726792
-0.166734
-0.16613675
-0.16547114
-0.16472968
-0.16390238
-0.16297785
-0.16194294
-0.16078249
-0.15947895
-0.15801203
-0.15635825
-0.1544904
-0.15237698
-0.1499815
-0.14726172
-0.14416891
-0.14064697
-0.13663168
-0.13205002
-0.12681977
-0.12084943
-0.11403903
-0.1062818
-0.097467307
-0.087486655
-0.076240461
-0.063649395
-0.049668929
-0.034307855
-0.017652544
0.00010241613
0.0186256
0.037429629
0.055875952
0.073219391
0.088691325
0.10160735
0.11146832
0.1180305
0.12132074
0.1216026
0.11930816
0.11495873
0.10909317
0.10221425
0.094756411
0.087071833
0.079430199
0.072026554
0.064993081
0.05841178
0.052326354
0.046752403
0.041685697
0.037108676
0.032995308
0.029314698
0.026033636
0.023118439
0.020536063
0.018255087
0.016245878
0.014481349
0.012936413
0.01158889
0.01041793
0.0094090351
0.0085388376
0.0077968458
0.0072290786
0.0066279075
0.0061133835
0.00721484
-0.17005621
-0.17005767
-0.17005925
-0.17006087
-0.17006259
-0.1700644
-0.17006629
-0.17006821
-0.17007005
-0.1700717
-0.17007303
-0.1700739
-0.1700742
-0.17007389
-0.17007287
-0.17007098
-0.17006796
-0.17006359
-0.17005766
-0.17004995
-0.17004023
-0.17002827
-0.17001368
-0.16999598
-0.16997472
-0.16994938
-0.16991937
-0.16988403
-0.16984259
-0.16979416
-0.16973745
-0.16967114
-0.16959412
-0.16950508
-0.16940239
-0.16928416
-0.16914825
-0.16899223
-0.16881335
-0.16860878
-0.16837549
-0.16810906
-0.16780249
-0.16745508
-0.16706715
-0.16663237
-0.16614605
-0.16560238
-0.1649956
-0.16432078
-0.16357062
-0.16273546
-0.16180432
-0.16076461
-0.15960181
-0.15829918
-0.15683738
-0.15519408
-0.15334347
-0.1512557
-0.14889622
-0.1462251
-0.14319625
-0.13975666
-0.13584559
-0.13139395
-0.12632378
-0.12054821
-0.11397208
-0.1064934
-0.098006293
-0.08840575
-0.077594994
-0.065495457
-0.052060639
-0.037293491
-0.02126871
-0.0041604863
0.013730681
0.031958937
0.04993444
0.066959919
0.082303302
0.095295812
0.10542883
0.11242615
0.11626707
0.11716269
0.11549665
0.11175187
0.10644099
0.10005229
0.093015052
0.085683005
0.078331436
0.071162989
0.064318054
0.057886545
0.051919296
0.046438079
0.041443837
0.036923251
0.032853716
0.029207079
0.025952288
0.023057359
0.020490566
0.018221523
0.016221371
0.014463653
0.012923689
0.011579728
0.010410947
0.0094032742
0.0085334838
0.0077897064
0.0072202601
0.0066214618
0.0060789243
0.0072287755
-0.16932447
-0.16932554
-0.16932668
-0.16932785
-0.16932907
-0.16933034
-0.16933164
-0.1693329
-0.16933403
-0.16933491
-0.16933539
-0.16933534
-0.16933465
-0.16933324
-0.16933104
-0.16932785
-0.16932342
-0.16931753
-0.16930995
-0.16930045
-0.16928878
-0.16927469
-0.1692578
-0.1692376
-0.16921362
-0.16918532
-0.16915211
-0.16911327
-0.16906804
-0.16901547
-0.16895426
-0.16888308
-0.16880077
-0.16870596
-0.16859699
-0.16847192
-0.16832861
-0.1681646
-0.16797718
-0.16776352
-0.16752053
-0.16724366
-0.16692593
-0.16656687
-0.16616684
-0.16571961
-0.1652206
-0.16466404
-0.16404429
-0.16335647
-0.16259341
-0.16174575
-0.16080288
-0.1597527
-0.15858128
-0.15727262
-0.15580826
-0.15416697
-0.15232421
-0.15025168
-0.14791668
-0.14528144
-0.14230243
-0.13892954
-0.13510539
-0.13076464
-0.12583349
-0.12022955
-0.11386234
-0.10663464
-0.098445097
-0.089192653
-0.078783356
-0.06713974
-0.054213815
-0.040003446
-0.024572951
-0.0080784562
0.0092071
0.026875255
0.04438085
0.061071921
0.076252922
0.089273696
0.099621546
0.10699421
0.11132935
0.11278981
0.11171309
0.10854402
0.10376818
0.097857643
0.091234804
0.084253215
0.077192356
0.07026141
0.063608196
0.057330019
0.051484518
0.046099438
0.041180789
0.036719455
0.032696248
0.029085762
0.025859132
0.022986106
0.020436298
0.018180396
0.016190331
0.014440308
0.012906057
0.011566301
0.010400232
0.0093942306
0.0085252154
0.0077800348
0.0072087869
0.0066133564
0.0060415447
0.0072405768
-0.16879698
-0.16879767
-0.16879841
-0.16879915
-0.1687999
-0.16880067
-0.16880141
-0.16880205
-0.16880251
-0.16880265
-0.16880232
-0.1688014
-0.16879974
-0.16879728
-0.16879392
-0.16878947
-0.16878366
-0.16877627
-0.16876706
-0.16875579
-0.16874219
-0.16872598
-0.16870676
-0.16868403
-0.1686573
-0.16862601
-0.16858951
-0.16854709
-0.16849794
-0.16844109
-0.16837521
-0.16829892
-0.16821103
-0.16811013
-0.16799448
-0.16786211
-0.16771082
-0.16753816
-0.16734141
-0.16711768
-0.16686372
-0.16657502
-0.16624522
-0.16587336
-0.16545914
-0.16499706
-0.16448268
-0.1639103
-0.16327438
-0.16257003
-0.16179018
-0.1609257
-0.15996636
-0.15890047
-0.15771465
-0.15639356
-0.15491957
-0.15327245
-0.1514289
-0.14936205
-0.14704095
-0.1444299
-0.14148776
-0.13816724
-0.13441416
-0.13016677
-0.12535529
-0.11990168
-0.11372004
-0.10671778
-0.098798078
-0.089863855
-0.079824145
-0.068602877
-0.05615104
-0.042462118
-0.027591233
-0.011678445
0.0050279241
0.022153131
0.039192958
0.055538053
0.070528851
0.083536021
0.094047312
0.10174012
0.10651604
0.10849396
0.10796769
0.10534479
0.10108317
0.095637448
0.089421464
0.082787052
0.076016523
0.069324537
0.06286556
0.056743739
0.051023164
0.045737327
0.040897182
0.036497751
0.032523239
0.028950998
0.025754356
0.022904818
0.020373367
0.018131783
0.016152816
0.014411355
0.012883556
0.011548643
0.010385813
0.0093819355
0.0085140542
0.007767876
0.0071946706
0.0066036545
0.0060012764
0.0072502498
-0.16846168
-0.16846203
-0.16846238
-0.16846272
-0.16846304
-0.16846332
-0.16846354
-0.16846361
-0.16846343
-0.16846287
-0.16846177
-0.16846001
-0.16845743
-0.16845396
-0.16844949
-0.1684438
-0.16843666
-0.1684278
-0.16841699
-0.16840396
-0.16838844
-0.16837011
-0.16834858
-0.16832332
-0.16829382
-0.16825948
-0.16821966
-0.16817358
-0.16812041
-0.16805916
-0.16798851
-0.16790699
-0.16781328
-0.16770597
-0.16758328
-0.16744319
-0.16728342
-0.16710151
-0.16689472
-0.16665998
-0.16639376
-0.16609184
-0.16574952
-0.16536412
-0.16493366
-0.16445447
-0.16392225
-0.16333132
-0.16267623
-0.16195206
-0.16115177
-0.16026649
-0.15928626
-0.15819979
-0.1569942
-0.15565477
-0.15416463
-0.15250448
-0.15065217
-0.14858222
-0.14626533
-0.14366775
-0.14075064
-0.1374694
-0.1337729
-0.12960288
-0.1248934
-0.11957061
-0.11355308
-0.10675277
-0.099077287
-0.09043355
-0.080733699
-0.069903292
-0.057892736
-0.044691782
-0.030347429
-0.014985422
0.0011679668
0.017768423
0.034349212
0.050340887
0.065118969
0.078076459
0.088705269
0.096667552
0.10183399
0.10428376
0.10426965
0.10216305
0.098393967
0.093398551
0.087580692
0.081289052
0.074807501
0.068355123
0.062092246
0.056129294
0.050536425
0.045352639
0.04059368
0.036258633
0.032335061
0.02880306
0.025638162
0.022813647
0.020301882
0.018075772
0.016108891
0.014376849
0.012856222
0.011526782
0.010367712
0.0093664124
0.0085000105
0.0077532669
0.0071779083
0.0065924109
0.0059581524
0.0072577952
-0.16830634
-0.16830636
-0.16830635
-0.16830631
-0.16830623
-0.16830607
-0.16830579
-0.16830531
-0.16830454
-0.16830331
-0.1683015
-0.16829893
-0.16829548
-0.16829103
-0.16828548
-0.16827861
-0.16827016
-0.16825988
-0.1682475
-0.16823275
-0.16821533
-0.16819491
-0.16817109
-0.1681433
-0.16811103
-0.16807365
-0.16803046
-0.16798068
-0.16792343
-0.1678577
-0.16778223
-0.16769543
-0.16759574
-0.16748176
-0.16735174
-0.16720358
-0.16703494
-0.1668433
-0.16662586
-0.16637932
-0.16609988
-0.16578362
-0.16542732
-0.16502657
-0.1645781
-0.16407998
-0.16352778
-0.16291587
-0.16223894
-0.16149194
-0.16066788
-0.15975809
-0.15875289
-0.15764135
-0.15641102
-0.15504777
-0.15353544
-0.15185563
-0.14998725
-0.14790614
-0.14558457
-0.14299066
-0.1400878
-0.13683391
-0.13318083
-0.12907362
-0.12445006
-0.11924035
-0.11336736
-0.10674748
-0.099292663
-0.090913808
-0.081526219
-0.071057298
-0.059457232
-0.046712653
-0.032863397
-0.018022427
-0.0023962641
0.013698305
0.029828829
0.045463123
0.060010612
0.072887579
0.083593126
0.091778598
0.097288547
0.10016654
0.10062716
0.099006909
0.095708057
0.091147494
0.085717971
0.079763683
0.073568836
0.067355939
0.061290387
0.055488313
0.050025537
0.044946302
0.040270983
0.036002625
0.032132103
0.02864224
0.025510771
0.02271276
0.020221972
0.018012457
0.016058628
0.014336844
0.012824103
0.01150076
0.010345964
0.0093476973
0.0084831101
0.0077362596
0.0071585131
0.0065796949
0.0059122104
0.0072632264
-0.16831873
-0.16831845
-0.16831811
-0.16831772
-0.16831726
-0.16831668
-0.16831594
-0.16831496
-0.16831362
-0.16831177
-0.16830926
-0.16830594
-0.16830167
-0.16829632
-0.16828974
-0.16828172
-0.16827201
-0.16826033
-0.16824641
-0.16822997
-0.16821067
-0.16818818
-0.16816206
-0.16813176
-0.1680967
-0.16805625
-0.16800967
-0.16795615
-0.16789475
-0.16782444
-0.16774399
-0.16765171
-0.16754587
-0.16742503
-0.16728741
-0.16713086
-0.16695298
-0.16675115
-0.16652246
-0.16626341
-0.16597005
-0.16563861
-0.16526639
-0.16484811
-0.16438015
-0.1638614
-0.16328718
-0.16265205
-0.16195079
-0.1611782
-0.16032729
-0.15938958
-0.15835563
-0.15721484
-0.15595517
-0.15456303
-0.15302294
-0.15131733
-0.14942614
-0.14732648
-0.14499211
-0.14239296
-0.13949451
-0.13625717
-0.1326356
-0.12857804
-0.12402586
-0.11891316
-0.11316695
-0.10670793
-0.099452261
-0.091314776
-0.08221398
-0.072079265
-0.060860931
-0.048543031
-0.035159094
-0.020810703
-0.0056866108
0.0099212823
0.025611891
0.040887745
0.055190807
0.067961109
0.078707368
0.087073963
0.092883687
0.096148415
0.09704737
0.09588375
0.093032404
0.08889047
0.083838587
0.078215301
0.07230404
0.066329753
0.060462142
0.054822455
0.049491765
0.044519277
0.039929815
0.035730276
0.031914782
0.028468853
0.025372418
0.022602333
0.02013377
0.01794194
0.016002107
0.014291405
0.012787242
0.011470613
0.010320595
0.0093258191
0.0084633656
0.0077168957
0.0071364827
0.006565565
0.0058634878
0.0072665515
-0.16848685
-0.16848628
-0.16848563
-0.16848492
-0.16848411
-0.16848314
-0.16848198
-0.16848052
-0.16847865
-0.16847621
-0.16847304
-0.168469
-0.16846397
-0.16845779
-0.16845023
-0.1684411
-0.16843015
-0.1684171
-0.16840168
-0.16838355
-0.16836239
-0.16833784
-0.16830943
-0.1682766
-0.16823873
-0.16819518
-0.16814516
-0.16808783
-0.16802221
-0.16794722
-0.16786158
-0.16776355
-0.16765135
-0.16752343
-0.16737793
-0.16721265
-0.1670251
-0.16681256
-0.16657196
-0.16629966
-0.1659916
-0.16564414
-0.16525459
-0.16481719
-0.16432828
-0.16378706
-0.16318874
-0.16252811
-0.16180008
-0.1609992
-0.16011846
-0.15914956
-0.15808329
-0.15690931
-0.155616
-0.15419023
-0.1526172
-0.15088011
-0.14895991
-0.1468349
-0.14448031
-0.14186779
-0.13896487
-0.13573432
-0.13213352
-0.12811381
-0.12361996
-0.11858981
-0.11295439
-0.10663851
-0.099562463
-0.091644895
-0.082807504
-0.0729818
-0.062118451
-0.050199428
-0.037252727
-0.023369784
-0.0087233718
0.0064171554
0.021679403
0.036598159
0.050646433
0.063288131
0.074043465
0.082553137
0.08862213
0.09223434
0.093536502
0.092800192
0.090373421
0.086633316
0.081947593
0.076648142
0.071016559
0.065279321
0.059609671
0.054133399
0.048936404
0.044072558
0.039570934
0.035442161
0.031683531
0.028283227
0.025223354
0.022482559
0.020037421
0.017864334
0.015939412
0.014240594
0.012745697
0.011436388
0.010291644
0.0093008207
0.0084408012
0.0076952342
0.0071118311
0.0065500958
0.0058120275
0.007267789
-0.16879797
-0.16879715
-0.16879622
-0.16879522
-0.16879408
-0.16879276
-0.1687912
-0.1687893
-0.16878694
-0.16878395
-0.16878017
-0.16877544
-0.16876968
-0.16876267
-0.16875417
-0.16874397
-0.16873183
-0.16871746
-0.16870055
-0.16868078
-0.16865777
-0.16863117
-0.16860049
-0.16856513
-0.16852445
-0.16847777
-0.16842428
-0.16836308
-0.16829317
-0.1682134
-0.16812245
-0.16801852
-0.16789976
-0.16776452
-0.16761087
-0.16743652
-0.16723889
-0.16701515
-0.16676205
-0.16647578
-0.16615225
-0.16578786
-0.16537976
-0.16492185
-0.16441048
-0.16384501
-0.16322057
-0.16253225
-0.16177503
-0.1609432
-0.16002971
-0.15902645
-0.15792439
-0.15671345
-0.15538237
-0.15391851
-0.15230766
-0.15053381
-0.14857885
-0.14642225
-0.14404065
-0.14140739
-0.13849197
-0.13525945
-0.13166984
-0.12767742
-0.12323026
-0.1182698
-0.11273087
-0.10654226
-0.09962821
-0.091911097
-0.083315773
-0.073775915
-0.063242802
-0.051696725
-0.039160872
-0.025717614
-0.011525355
0.0031669944
0.018013298
0.032578256
0.046364388
0.058859285
0.069596061
0.078214561
0.084505475
0.088428221
0.09009985
0.089762117
0.087736981
0.084381479
0.080049798
0.075066281
0.069709761
0.064207362
0.058735135
0.053422836
0.048360768
0.043607154
0.039195115
0.03513887
0.031438802
0.02808571
0.025063842
0.022353637
0.019933078
0.017779756
0.015870635
0.014184488
0.012699517
0.01139813
0.010259142
0.0092727349
0.0084154332
0.0076713219
0.0070845558
0.0065333519
0.0057578713
0.0072669523
-0.16923838
-0.16923733
-0.16923615
-0.16923488
-0.16923346
-0.16923181
-0.16922989
-0.16922759
-0.16922477
-0.16922128
-0.16921692
-0.16921156
-0.16920507
-0.16919725
-0.16918783
-0.16917661
-0.16916333
-0.16914766
-0.16912932
-0.16910794
-0.16908313
-0.16905452
-0.16902159
-0.16898372
-0.16894025
-0.16889045
-0.16883348
-0.16876841
-0.16869416
-0.16860957
-0.16851323
-0.16840329
-0.16827784
-0.16813512
-0.16797311
-0.16778943
-0.1675814
-0.16734601
-0.16707988
-0.16677905
-0.16643935
-0.16605714
-0.16562938
-0.16514968
-0.16461439
-0.16402298
-0.1633705
-0.16265236
-0.16186361
-0.16099822
-0.16004915
-0.15900843
-0.15786721
-0.15661566
-0.15524286
-0.15373662
-0.15208334
-0.15026774
-0.14827266
-0.14607872
-0.14366392
-0.14100324
-0.13806811
-0.13482581
-0.13123887
-0.12726443
-0.1228537
-0.11795155
-0.11249646
-0.106421
-0.099653207
-0.092119027
-0.083746402
-0.074471217
-0.06424553
-0.053048326
-0.04089861
-0.027870675
-0.014109982
0.00015310744
0.01459646
0.028812517
0.042331711
0.054664901
0.065359146
0.074055775
0.080534324
0.084732979
0.086741838
0.086774709
0.085128411
0.082140019
0.078149746
0.073473636
0.068386918
0.063116544
0.057840674
0.052692464
0.04776618
0.043124098
0.038803154
0.03482102
0.031181068
0.027876659
0.024894158
0.02221578
0.019820905
0.017688333
0.015795871
0.014123159
0.012648767
0.011355891
0.010223132
0.009241611
0.0083872867
0.0076452228
0.0070546723
0.0065154125
0.0057010683
0.0072640703
-0.16979501
-0.16979375
-0.16979233
-0.16979082
-0.16978913
-0.16978719
-0.16978494
-0.16978227
-0.16977904
-0.16977507
-0.16977018
-0.16976421
-0.16975703
-0.16974844
-0.16973815
-0.16972594
-0.16971154
-0.16969464
-0.1696749
-0.16965195
-0.16962538
-0.16959478
-0.16955963
-0.16951928
-0.16947304
-0.16942014
-0.1693597
-0.16929074
-0.16921215
-0.16912269
-0.16902091
-0.16890488
-0.16877261
-0.16862227
-0.16845171
-0.16825847
-0.16803972
-0.16779232
-0.1675127
-0.16719675
-0.1668402
-0.16643935
-0.1659909
-0.16548819
-0.16492761
-0.16430864
-0.16362629
-0.16287626
-0.16205367
-0.1611522
-0.16016476
-0.15908356
-0.15789988
-0.15660416
-0.15518579
-0.15363305
-0.15193292
-0.15007087
-0.14803066
-0.14579403
-0.14334036
-0.14064624
-0.13768496
-0.13442597
-0.13083424
-0.12686966
-0.12248643
-0.11763268
-0.11225036
-0.10627563
-0.099640124
-0.092273217
-0.084105842
-0.075076075
-0.06513689
-0.054266294
-0.042479649
-0.029844072
-0.016493352
-0.0026410372
0.011412722
0.025286037
0.038535663
0.05069515
0.061326198
0.070073564
0.076708402
0.081150648
0.083466082
0.083842455
0.082552496
0.07991359
0.076251696
0.071873943
0.067051188
0.062009478
0.0569284
0.051943967
0.047153973
0.042624428
0.038395861
0.034489233
0.030910811
0.027656449
0.024714589
0.022069209
0.019701072
0.017590195
0.015715225
0.014056693
0.012593505
0.011309722
0.010183648
0.0092074874
0.0083563776
0.0076169914
0.0070221782
0.0064963454
0.0056416647
0.007259165
-0.17045812
-0.17045667
-0.17045505
-0.17045331
-0.17045138
-0.17044917
-0.17044661
-0.17044359
-0.17043997
-0.17043556
-0.17043016
-0.17042361
-0.17041577
-0.17040642
-0.17039528
-0.17038211
-0.17036662
-0.17034849
-0.17032737
-0.17030286
-0.17027453
-0.17024196
-0.17020459
-0.17016175
-0.17011271
-0.17005666
-0.1699927
-0.16991979
-0.16983677
-0.16974235
-0.16963499
-0.16951272
-0.16937345
-0.16921524
-0.16903588
-0.16883274
-0.16860289
-0.168343
-0.16804933
-0.16771761
-0.16734346
-0.16692304
-0.16645279
-0.16592582
-0.16533849
-0.16469028
-0.16397619
-0.16319217
-0.1623334
-0.16139327
-0.16036468
-0.15923995
-0.15801055
-0.15666711
-0.1551994
-0.15359615
-0.1518449
-0.1499319
-0.14784183
-0.14555758
-0.14305986
-0.14032687
-0.13733375
-0.13405203
-0.13044907
-0.12648736
-0.12212397
-0.11731013
-0.11199105
-0.10610626
-0.099590806
-0.092377298
-0.084399543
-0.07559778
-0.065925999
-0.055361481
-0.043916463
-0.03165166
-0.018690367
-0.0052308433
0.0084468471
0.021984558
0.034963818
0.046940151
0.057490312
0.066264083
0.073026662
0.077682459
0.080275443
0.080969199
0.080013499
0.077706454
0.074359625
0.070270736
0.065705613
0.0608887
0.056000392
0.051179013
0.046525477
0.042109194
0.037974054
0.034144151
0.030628526
0.027425462
0.024525432
0.021914153
0.019573756
0.017485484
0.015628801
0.01398517
0.012533802
0.011259684
0.010140737
0.0091704186
0.0083227324
0.0075866975
0.0069870885
0.0064762369
0.0055797137
0.0072522726
-0.17121747
-0.17121584
-0.17121402
-0.17121208
-0.17120992
-0.17120746
-0.17120462
-0.17120128
-0.17119729
-0.17119246
-0.17118658
-0.17117947
-0.171171
-0.17116093
-0.17114896
-0.17113485
-0.17111829
-0.17109895
-0.17107646
-0.17105041
-0.17102033
-0.17098579
-0.17094619
-0.17090085
-0.170849
-0.17078979
-0.17072227
-0.17064536
-0.17055784
-0.17045836
-0.17034532
-0.17021665
-0.17007019
-0.16990389
-0.16971543
-0.16950207
-0.16926069
-0.16898782
-0.16867952
-0.16833134
-0.16793876
-0.16749777
-0.16700453
-0.16645192
-0.16583629
-0.16515708
-0.16440924
-0.163589
-0.16269157
-0.1617101
-0.16063744
-0.15946606
-0.15818756
-0.15679284
-0.155272
-0.15361422
-0.15180769
-0.1498394
-0.147695
-0.14535851
-0.14281203
-0.14003534
-0.13700538
-0.13369576
-0.13007611
-0.12611142
-0.12176148
-0.11698042
-0.11171651
-0.10591245
-0.09950644
-0.092434162
-0.084632144
-0.076042727
-0.06662098
-0.05634369
-0.0452204
-0.033306151
-0.020714779
-0.0076306724
0.005684483
0.018894489
0.031604124
0.043390056
0.053844319
0.062622988
0.0694874
0.074328926
0.077172083
0.078158161
0.077515172
0.075522475
0.07247722
0.068667349
0.064353091
0.059756663
0.055058677
0.050399253
0.045882009
0.041579442
0.037538562
0.03378642
0.03033472
0.027184095
0.024326992
0.021750851
0.019439142
0.017374341
0.015536714
0.013908686
0.012469722
0.011205831
0.010094435
0.0091304484
0.0082863662
0.0075543996
0.0069494014
0.0064551588
0.005515266
0.0072434261
-0.17206534
-0.17206355
-0.17206154
-0.17205941
-0.17205704
-0.17205435
-0.17205123
-0.17204759
-0.17204325
-0.17203801
-0.17203167
-0.17202402
-0.17201493
-0.17200414
-0.17199136
-0.17197632
-0.1719587
-0.17193814
-0.17191428
-0.17188668
-0.17185488
-0.17181837
-0.17177653
-0.17172865
-0.17167393
-0.1716115
-0.17154034
-0.17145933
-0.17136719
-0.1712625
-0.17114359
-0.17100832
-0.17085441
-0.17067972
-0.17048181
-0.17025779
-0.1700044
-0.16971796
-0.16939434
-0.1690289
-0.16861694
-0.16815425
-0.16763669
-0.16705694
-0.16641129
-0.16569911
-0.16491534
-0.16405646
-0.16311767
-0.16209196
-0.16097213
-0.15975076
-0.15841963
-0.15696989
-0.15539201
-0.15367567
-0.1518097
-0.14978189
-0.14757887
-0.14518587
-0.14258635
-0.13976168
-0.13669061
-0.13334876
-0.12970793
-0.12573552
-0.12139387
-0.11663979
-0.11142441
-0.10569335
-0.099387757
-0.092446151
-0.084807625
-0.076416552
-0.067229107
-0.057221787
-0.046401821
-0.034819221
-0.022579312
-0.0098538997
0.0031121577
0.01600291
0.028444921
0.040035139
0.050380879
0.059145517
0.066088346
0.071089927
0.074157533
0.075411985
0.075060774
0.073365126
0.070607877
0.067066912
0.062996385
0.058615731
0.054105223
0.049606306
0.045224882
0.041036221
0.037090213
0.033416696
0.030029904
0.026932746
0.024119584
0.021579548
0.019297421
0.017256918
0.015439078
0.013827327
0.012401341
0.01114823
0.010044794
0.0090876364
0.0082473063
0.0075201737
0.0069091319
0.0064332015
0.0054483806
0.0072326747
-0.1729948
-0.17299285
-0.17299067
-0.17298836
-0.17298579
-0.17298287
-0.1729795
-0.17297556
-0.17297088
-0.17296526
-0.17295846
-0.17295029
-0.17294059
-0.17292911
-0.17291552
-0.17289955
-0.17288087
-0.1728591
-0.17283386
-0.17280471
-0.17277118
-0.1727327
-0.17268859
-0.17263812
-0.17258049
-0.17251476
-0.17243987
-0.17235465
-0.17225775
-0.17214769
-0.17202272
-0.1718806
-0.17171894
-0.17153551
-0.17132772
-0.17109255
-0.17082655
-0.17052586
-0.17018611
-0.16980246
-0.16937002
-0.16888433
-0.16834093
-0.16773232
-0.16705471
-0.16630736
-0.16548524
-0.16458501
-0.16360191
-0.16252875
-0.16135835
-0.16008338
-0.15869582
-0.1571871
-0.1555481
-0.15376904
-0.15183942
-0.14974791
-0.14748218
-0.14502865
-0.14237224
-0.13949589
-0.13638016
-0.13300259
-0.12933709
-0.12535332
-0.12101598
-0.11628439
-0.11111227
-0.10544792
-0.099235178
-0.092415197
-0.084929462
-0.076724277
-0.067756944
-0.058003828
-0.047470197
-0.036201605
-0.024295737
-0.011912967
0.00071721561
0.013297557
0.025474997
0.036865846
0.047092569
0.055826609
0.062826758
0.067964775
0.071232745
0.072732785
0.072653109
0.071237508
0.068754696
0.065472334
0.061638106
0.057468165
0.053141946
0.048801751
0.044555382
0.040480568
0.036629836
0.033035633
0.0297146
0.026671825
0.023903525
0.021400493
0.019148788
0.017133368
0.015336015
0.013741197
0.012328728
0.011086942
0.0099918518
0.009042032
0.0082055668
0.0074840841
0.0068662776
0.006410441
0.005379111
0.0072200623
-0.17400102
-0.17399892
-0.17399658
-0.17399409
-0.17399132
-0.17398818
-0.17398456
-0.17398033
-0.17397532
-0.17396931
-0.17396207
-0.17395338
-0.17394307
-0.17393088
-0.17391649
-0.17389959
-0.17387983
-0.17385685
-0.17383021
-0.17379947
-0.17376415
-0.17372363
-0.17367718
-0.17362406
-0.17356342
-0.17349428
-0.17341554
-0.17332596
-0.17322413
-0.17310848
-0.17297719
-0.17282791
-0.17265815
-0.17246555
-0.17224738
-0.17200047
-0.17172117
-0.17140541
-0.17104859
-0.17064564
-0.17019143
-0.16968122
-0.16911024
-0.16847078
-0.16775897
-0.16697392
-0.16611066
-0.165166
-0.16413522
-0.16301104
-0.16178627
-0.1604537
-0.15900555
-0.15743358
-0.15572911
-0.15388297
-0.15188542
-0.14972606
-0.14739364
-0.1448759
-0.14215918
-0.13922805
-0.13606482
-0.13264892
-0.12895626
-0.12495858
-0.12062278
-0.11591044
-0.11077761
-0.10517503
-0.099048974
-0.09234298
-0.085000759
-0.076970441
-0.068210461
-0.058697176
-0.048434214
-0.037463199
-0.025874945
-0.013819469
-0.0015122112
0.010766825
0.022683597
0.033872849
0.043971944
0.05266096
0.0596995
0.064952299
0.068398158
0.070122169
0.070294533
0.06914235
0.066920493
0.063886312
0.060280708
0.056316121
0.052170684
0.047987125
0.043874775
0.039913511
0.036158257
0.032643894
0.029389327
0.026401744
0.023679144
0.021213945
0.018993444
0.017003851
0.015227646
0.01365039
0.012251967
0.011022039
0.0099356616
0.0089936995
0.0081611756
0.0074462117
0.0068208539
0.0063869728
0.0053075209
0.007205652
-0.17508112
-0.17507887
-0.17507636
-0.1750737
-0.17507074
-0.17506738
-0.17506351
-0.175059
-0.17505366
-0.17504726
-0.17503956
-0.17503035
-0.17501943
-0.17500654
-0.17499132
-0.17497347
-0.17495263
-0.1749284
-0.17490033
-0.17486796
-0.17483078
-0.17478813
-0.17473926
-0.1746834
-0.17461963
-0.17454695
-0.17446418
-0.17437003
-0.17426301
-0.1741415
-0.17400355
-0.17384673
-0.1736684
-0.17346608
-0.17323689
-0.17297749
-0.17268404
-0.17235221
-0.17197716
-0.17155357
-0.17107602
-0.17053948
-0.16993883
-0.16926619
-0.16851754
-0.16769186
-0.16678422
-0.16579158
-0.16470929
-0.16353
-0.16224655
-0.16085191
-0.15933855
-0.15769864
-0.15592404
-0.15400623
-0.15193634
-0.14970497
-0.14730208
-0.14471673
-0.14193676
-0.13894838
-0.13573561
-0.13227969
-0.12855839
-0.12454537
-0.1202095
-0.11551438
-0.11041814
-0.10487366
-0.098829391
-0.092231044
-0.085024371
-0.077159217
-0.068595136
-0.059308605
-0.049301883
-0.03861314
-0.027327037
-0.015584204
-0.0035872449
0.0083997289
0.020060427
0.03104708
0.041011606
0.049643116
0.056703121
0.062050909
0.065653746
0.067581299
0.067986996
0.067082036
0.065107801
0.062311329
0.058926491
0.055161644
0.051193204
0.047163922
0.043184297
0.03933606
0.035676295
0.032242133
0.029054611
0.02612292
0.023446766
0.02102016
0.018831594
0.016868527
0.015114102
0.013555013
0.01217113
0.010953587
0.0098762645
0.0089426935
0.008114145
0.0074066255
0.0067728578
0.0063628752
0.0052336672
0.0071895012
-0.17623381
-0.1762314
-0.17622872
-0.17622589
-0.17622273
-0.17621915
-0.17621502
-0.17621022
-0.17620453
-0.17619774
-0.17618959
-0.17617984
-0.1761683
-0.17615467
-0.17613862
-0.1761198
-0.17609784
-0.17607232
-0.17604278
-0.17600872
-0.17596959
-0.17592473
-0.17587334
-0.1758146
-0.17574756
-0.17567115
-0.17558415
-0.17548519
-0.17537271
-0.17524498
-0.17509999
-0.17493515
-0.1747477
-0.174535
-0.17429404
-0.17402126
-0.17371261
-0.1733635
-0.17296883
-0.17252297
-0.1720202
-0.17145516
-0.17082235
-0.17011372
-0.1693251
-0.16845531
-0.16749946
-0.16645469
-0.16531643
-0.16407731
-0.16273026
-0.16126846
-0.15968474
-0.15797174
-0.15612192
-0.1541276
-0.15198082
-0.14967333
-0.14719636
-0.14454038
-0.14169479
-0.1386474
-0.13538389
-0.13188722
-0.12813686
-0.12410819
-0.1197718
-0.11509304
-0.11003186
-0.10454298
-0.098576789
-0.092080926
-0.085003013
-0.077294508
-0.068916061
-0.059844381
-0.050080609
-0.039659887
-0.028661388
-0.017217235
-0.0055183155
0.0061859025
0.017595665
0.028379764
0.038204247
0.046767523
0.053833912
0.059258657
0.062999069
0.065110913
0.065732062
0.065058621
0.063318886
0.060749654
0.057577594
0.054006666
0.050211195
0.046333581
0.042485151
0.038749208
0.035184758
0.031831004
0.028710974
0.025835769
0.023206726
0.020819407
0.018663447
0.016727565
0.01499551
0.013455169
0.012086303
0.010881662
0.0098137144
0.0088890831
0.0080645024
0.0073654111
0.006722305
0.0063382476
0.0051576173
0.0071716898
-0.17745985
-0.17745729
-0.17745444
-0.17745141
-0.17744805
-0.17744423
-0.17743984
-0.17743473
-0.1774287
-0.17742149
-0.17741286
-0.17740257
-0.17739037
-0.177376
-0.17735907
-0.17733924
-0.17731612
-0.17728926
-0.17725818
-0.17722234
-0.17718119
-0.177134
-0.17707996
-0.17701819
-0.17694769
-0.17686734
-0.17677584
-0.17667176
-0.17655346
-0.1764191
-0.17626656
-0.17609312
-0.17589586
-0.17567199
-0.17541832
-0.17513107
-0.17480596
-0.17443811
-0.17402211
-0.17355202
-0.17302178
-0.17242561
-0.17175762
-0.17100964
-0.17017734
-0.16925928
-0.1682507
-0.16714892
-0.16594945
-0.16464503
-0.16322871
-0.16169397
-0.16003408
-0.15824227
-0.15631177
-0.15423579
-0.15200749
-0.14961984
-0.14706547
-0.14433633
-0.14142338
-0.13831601
-0.13500151
-0.13146438
-0.12768564
-0.12364212
-0.11930589
-0.11464377
-0.10961721
-0.10418251
-0.098291733
-0.091894243
-0.084939352
-0.077380034
-0.069178025
-0.060310353
-0.050777272
-0.040611303
-0.029886715
-0.018727944
-0.0073151902
0.0041155614
0.015279956
0.025862424
0.035542691
0.044028582
0.051087978
0.056573289
0.060433332
0.062711384
0.063530936
0.063073837
0.061555749
0.059203351
0.056236001
0.052853003
0.049226262
0.045497484
0.041778505
0.038153924
0.03468444
0.031411153
0.02835894
0.025540713
0.022959356
0.020611947
0.018489211
0.01658113
0.014872003
0.013350971
0.011997565
0.010806335
0.0097480541
0.0088329265
0.0080122594
0.0073226409
0.0066691925
0.0063131716
0.0050794308
0.0071522906
-0.17876302
-0.17876028
-0.17875724
-0.17875401
-0.17875043
-0.17874636
-0.17874169
-0.17873624
-0.17872983
-0.17872219
-0.17871306
-0.17870217
-0.17868929
-0.17867412
-0.17865628
-0.17863538
-0.17861103
-0.17858275
-0.17855004
-0.17851233
-0.17846902
-0.17841936
-0.17836248
-0.17829747
-0.17822328
-0.1781387
-0.17804238
-0.17793279
-0.1778082
-0.17766668
-0.17750597
-0.1773232
-0.17711526
-0.1768792
-0.17661163
-0.17630855
-0.17596538
-0.17557695
-0.1751375
-0.17464074
-0.17408021
-0.17344969
-0.17274287
-0.17195146
-0.17107094
-0.17009963
-0.16903291
-0.16786829
-0.16660147
-0.16522534
-0.16373321
-0.16211893
-0.16037636
-0.15849946
-0.15648236
-0.15431937
-0.15200488
-0.14953323
-0.14689853
-0.1440943
-0.14111303
-0.13794567
-0.13458096
-0.13100478
-0.12719945
-0.12314302
-0.11880871
-0.11416454
-0.10917315
-0.10379218
-0.097975089
-0.09167277
-0.084836075
-0.077419403
-0.069385567
-0.060712006
-0.051398294
-0.041474705
-0.03101113
-0.02012509
-0.0089870218
0.0021794856
0.013104403
0.023486917
0.033019918
0.041420691
0.048461278
0.053992315
0.057955433
0.060382743
0.061384502
0.061129127
0.059820139
0.057674278
0.054903537
0.051702355
0.048239927
0.044656955
0.041065489
0.037551153
0.034176124
0.030983219
0.027999022
0.025238165
0.022704991
0.020398051
0.018309102
0.016429397
0.014743715
0.013242524
0.011905003
0.010727688
0.0096793387
0.0087742982
0.0079574425
0.0072784056
0.0066135358
0.0062877482
0.0049991792
0.0071314016
-0.18014851
-0.18014558
-0.18014233
-0.18013888
-0.18013505
-0.18013071
-0.18012572
-0.18011992
-0.1801131
-0.18010498
-0.18009531
-0.1800838
-0.18007019
-0.18005418
-0.18003536
-0.18001334
-0.17998767
-0.17995789
-0.17992343
-0.17988371
-0.17983808
-0.17978577
-0.17972585
-0.17965735
-0.17957916
-0.17949
-0.17938844
-0.17927285
-0.17914142
-0.17899207
-0.17882241
-0.1786294
-0.17840973
-0.17816024
-0.17787733
-0.17755673
-0.17719356
-0.1767823
-0.17631682
-0.17579039
-0.17519614
-0.17452734
-0.17377721
-0.17293741
-0.17200321
-0.17097264
-0.1698413
-0.16860696
-0.16726556
-0.16581028
-0.16423478
-0.16253348
-0.16070095
-0.1587321
-0.15662214
-0.15436663
-0.15196138
-0.14940225
-0.14668491
-0.14380444
-0.14075486
-0.13752855
-0.13411555
-0.1305029
-0.12667393
-0.1226076
-0.11827803
-0.11365406
-0.1086993
-0.10337242
-0.097628075
-0.091418499
-0.084695945
-0.077416166
-0.069543051
-0.06105453
-0.051949701
-0.042256919
-0.03204221
-0.021416847
-0.010542389
0.00036898694
0.011060561
0.021245423
0.030629103
0.038938296
0.045949679
0.051513033
0.055563988
0.058124722
0.059293341
0.059225658
0.058113565
0.056164096
0.05358187
0.0505563
0.047253624
0.043813259
0.040347186
0.036941813
0.03366057
0.030547828
0.027631737
0.024928543
0.022443965
0.020177987
0.018123332
0.016272536
0.014610784
0.013129945
0.011808698
0.010645793
0.0096076116
0.0087132602
0.0079000628
0.0072327788
0.0065553325
0.0062620595
0.0049169244
0.007109119
-0.18162439
-0.18162125
-0.18161777
-0.18161408
-0.18160997
-0.18160531
-0.18159997
-0.18159378
-0.1815865
-0.18157787
-0.18156761
-0.18155542
-0.18154103
-0.18152411
-0.18150423
-0.18148099
-0.18145391
-0.1814225
-0.18138615
-0.18134425
-0.18129612
-0.18124093
-0.1811777
-0.18110539
-0.18102283
-0.18092866
-0.18082135
-0.18069918
-0.1805602
-0.18040221
-0.18022266
-0.18001829
-0.17978555
-0.17952108
-0.17922101
-0.1788808
-0.17849519
-0.17805828
-0.17756352
-0.17700371
-0.17637147
-0.17565953
-0.17486061
-0.17396636
-0.17297185
-0.17187479
-0.17067108
-0.16935882
-0.16793435
-0.16639127
-0.16472377
-0.16292701
-0.16099653
-0.15892835
-0.15671901
-0.15436554
-0.1518653
-0.14921578
-0.14641429
-0.14345746
-0.14034074
-0.13705777
-0.13359965
-0.12995431
-0.12610579
-0.12203366
-0.11771256
-0.11311191
-0.10819597
-0.10292422
-0.097252324
-0.09113368
-0.084521843
-0.077373856
-0.06965469
-0.061342857
-0.052437161
-0.042964341
-0.032987022
-0.022610858
-0.011989329
-0.0013241184
0.0091404231
0.01913046
0.02836362
0.036575904
0.043548989
0.049132592
0.053257398
0.05593679
0.057257766
0.057364342
0.056437316
0.054674279
0.052272518
0.049416303
0.0462687
0.042967593
0.039624638
0.036326789
0.033138523
0.030105597
0.027257586
0.024612256
0.022176611
0.019952024
0.017932119
0.016110723
0.014473345
0.013013345
0.011708743
0.010560735
0.0095329288
0.0086498912
0.0078401454
0.0071858539
0.0064946001
0.0062362083
0.0048327413
0.0070855631
-0.18320079
-0.1831974
-0.18319365
-0.18318967
-0.18318526
-0.18318026
-0.18317451
-0.18316787
-0.18316009
-0.18315089
-0.18313998
-0.18312704
-0.18311179
-0.18309387
-0.18307284
-0.18304827
-0.18301966
-0.18298646
-0.18294806
-0.18290377
-0.18285289
-0.18279453
-0.18272764
-0.18265113
-0.18256373
-0.182464
-0.1823503
-0.18222079
-0.18207337
-0.18190571
-0.18171506
-0.18149795
-0.18125052
-0.18096911
-0.18064962
-0.18028717
-0.17987609
-0.17941005
-0.17888199
-0.17828421
-0.17760873
-0.1768477
-0.17599326
-0.17503717
-0.17397434
-0.17280209
-0.17151676
-0.17011695
-0.1685995
-0.16695866
-0.1651894
-0.16328785
-0.16125077
-0.15907555
-0.15676031
-0.15430372
-0.15170488
-0.14896298
-0.14607696
-0.14304492
-0.13986359
-0.13652761
-0.13302888
-0.12935588
-0.12549302
-0.12142012
-0.11711205
-0.11253852
-0.1076642
-0.10244916
-0.096849893
-0.090820845
-0.084316785
-0.077296008
-0.069724583
-0.061581691
-0.052866017
-0.043602965
-0.033852178
-0.02371427
-0.013335372
-0.0029075271
0.0073364056
0.017134872
0.026217068
0.034328124
0.041254997
0.046848012
0.05103386
0.053818181
0.05527784
0.055545851
0.054792465
0.053206119
0.050976849
0.048283708
0.045286415
0.042121095
0.03889884
0.035706934
0.032610704
0.029657127
0.026877068
0.024289714
0.021903257
0.019720429
0.017735675
0.015944131
0.014331539
0.012892842
0.011605217
0.010472592
0.0094553339
0.0085842548
0.0077777004
0.0071377064
0.0064313362
0.0062102755
0.0047466936
0.0070608538
-0.1848906
-0.18488695
-0.18488288
-0.18487859
-0.18487382
-0.18486841
-0.18486223
-0.18485508
-0.18484672
-0.18483688
-0.18482524
-0.18481148
-0.18479527
-0.18477626
-0.18475396
-0.18472792
-0.18469761
-0.18466244
-0.18462174
-0.1845748
-0.18452084
-0.18445894
-0.18438797
-0.18430674
-0.1842139
-0.1841079
-0.18398698
-0.18384915
-0.18369216
-0.18351347
-0.1833102
-0.1830787
-0.18281464
-0.1825138
-0.18217196
-0.18178391
-0.18134353
-0.18084395
-0.18027753
-0.179636
-0.17891075
-0.17809322
-0.177175
-0.17614809
-0.17500728
-0.17374943
-0.17237157
-0.17087291
-0.16925106
-0.16750119
-0.16561933
-0.16360289
-0.16145013
-0.15916013
-0.15673278
-0.15416862
-0.15146857
-0.14863356
-0.14566407
-0.14255952
-0.13931765
-0.13593382
-0.13240036
-0.12870593
-0.12483494
-0.12076716
-0.11647737
-0.11193531
-0.10710581
-0.1019494
-0.096423267
-0.090482803
-0.084083928
-0.077186175
-0.069756734
-0.061775543
-0.053241329
-0.044178427
-0.034643873
-0.024733773
-0.01458758
-0.0043884812
0.0056413299
0.015251847
0.024183275
0.032189679
0.039063497
0.04465623
0.048891422
0.051767931
0.053353409
0.053770647
0.053179888
0.051760738
0.049696094
0.047159752
0.044307941
0.041274832
0.038170742
0.035083072
0.032077811
0.029203007
0.026490667
0.023961314
0.021624234
0.019483471
0.017534217
0.015772937
0.014185501
0.012768549
0.011498215
0.010381452
0.0093748834
0.0085164324
0.0077127534
0.0070884293
0.0063655614
0.0061843612
0.0046588572
0.007035136
-0.18670699
-0.186703
-0.1866986
-0.18669393
-0.18668875
-0.18668289
-0.18667619
-0.18666847
-0.18665947
-0.18664892
-0.18663648
-0.18662179
-0.18660454
-0.18658431
-0.18656062
-0.18653295
-0.18650076
-0.18646339
-0.18642015
-0.18637024
-0.18631285
-0.18624698
-0.18617141
-0.18608486
-0.18598586
-0.18587275
-0.18574362
-0.18559631
-0.18542837
-0.18523706
-0.18501926
-0.18477119
-0.18448792
-0.1841646
-0.18379681
-0.18337901
-0.18290457
-0.18236598
-0.18175498
-0.18106262
-0.18027957
-0.17939653
-0.17840447
-0.17729588
-0.17606549
-0.17470973
-0.17322655
-0.17161603
-0.16987685
-0.16800543
-0.16599923
-0.1638573
-0.16157974
-0.15916759
-0.15662276
-0.15394775
-0.15114537
-0.1482182
-0.1451681
-0.14199553
-0.13869889
-0.13527392
-0.13171294
-0.12800441
-0.12413242
-0.1200763
-0.11581051
-0.11130457
-0.10652336
-0.10142769
-0.095975347
-0.090122627
-0.083826562
-0.077047918
-0.069755052
-0.061928736
-0.053567891
-0.044696018
-0.035367904
-0.02567562
-0.015752568
-0.0057737922
0.0040484185
0.013474886
0.022256303
0.030155433
0.036970319
0.042554129
0.046828007
0.049784898
0.051484127
0.052038988
0.051600273
0.05033909
0.048431342
0.046045556
0.043334364
0.04042981
0.03744124
0.034455987
0.031540518
0.028743802
0.02609886
0.023627453
0.021339862
0.019241412
0.017327957
0.015597315
0.014035375
0.012640589
0.01138782
0.010287394
0.0092916209
0.0084464922
0.007645314
0.0070380967
0.006297276
0.0061585427
0.004569298
0.0070085561
-0.18866642
-0.18866208
-0.18865727
-0.18865218
-0.18864654
-0.18864015
-0.18863286
-0.18862449
-0.18861476
-0.1886034
-0.18859006
-0.18857435
-0.18855592
-0.18853433
-0.18850906
-0.18847958
-0.18844526
-0.18840543
-0.1883593
-0.18830602
-0.18824472
-0.18817432
-0.18809349
-0.18800083
-0.18789475
-0.18777343
-0.18763479
-0.18747647
-0.18729581
-0.1870898
-0.18685503
-0.18658739
-0.18628141
-0.18593166
-0.18553339
-0.18508061
-0.18456607
-0.18398159
-0.18331818
-0.18256614
-0.18171539
-0.18075579
-0.1796777
-0.17847443
-0.1771408
-0.17567278
-0.17406959
-0.17233253
-0.17046171
-0.16845524
-0.16631247
-0.16403447
-0.16162352
-0.15908287
-0.15641659
-0.15362924
-0.15072539
-0.14770911
-0.14458334
-0.1413492
-0.13800537
-0.13454746
-0.13096741
-0.12725308
-0.12338785
-0.11935039
-0.11511457
-0.11064955
-0.10592011
-0.10088728
-0.095509398
-0.089743618
-0.083548088
-0.076884813
-0.069723357
-0.062045417
-0.053850239
-0.045160722
-0.036029703
-0.026545672
-0.016836533
-0.0070698591
0.0025512643
0.011797815
0.020430454
0.028220392
0.034971344
0.040538554
0.044841421
0.047867792
0.049669466
0.050350955
0.050054142
0.048941983
0.047183552
0.044942137
0.042366681
0.039586965
0.036711185
0.033826429
0.030999475
0.028280067
0.025702109
0.023288514
0.021050461
0.018994516
0.01711711
0.015417442
0.013881296
0.012509073
0.011274125
0.010190507
0.0092056033
0.0083745151
0.0075754074
0.0069867998
0.006226504
0.0061329158
0.0044780962
0.0069812931
-0.19078459
-0.19077982
-0.19077455
-0.19076898
-0.19076281
-0.19075582
-0.19074786
-0.19073874
-0.1907282
-0.19071592
-0.19070157
-0.19068472
-0.19066496
-0.19064185
-0.19061482
-0.19058327
-0.19054655
-0.19050391
-0.19045448
-0.19039734
-0.19033153
-0.1902559
-0.19016897
-0.19006921
-0.18995488
-0.18982396
-0.18967418
-0.18950295
-0.18930732
-0.18908398
-0.18882918
-0.18853838
-0.18820543
-0.18782428
-0.18738975
-0.18689536
-0.18633317
-0.1856942
-0.18496867
-0.18414607
-0.18321546
-0.18216588
-0.18098712
-0.17967374
-0.17822093
-0.17662418
-0.17488448
-0.17300478
-0.17098704
-0.16883159
-0.16654015
-0.16411624
-0.16156459
-0.15889086
-0.15610133
-0.15320252
-0.15020058
-0.14710071
-0.14390651
-0.14061932
-0.13723758
-0.13375632
-0.13016667
-0.12645551
-0.12260523
-0.11859358
-0.11439371
-0.1099743
-0.10529996
-0.10033191
-0.095029004
-0.089349273
-0.083251983
-0.076700411
-0.06966537
-0.062129557
-0.054092688
-0.045577226
-0.03663437
-0.027349413
-0.017845286
-0.008282695
0.0011438209
0.010214769
0.018700276
0.02637972
0.033062526
0.038606342
0.04292941
0.046015206
0.047908753
0.04870647
0.048541854
0.047570073
0.04595356
0.043850404
0.041405811
0.038747171
0.035981376
0.033195111
0.030455299
0.027812334
0.025300867
0.022944876
0.02075634
0.018743039
0.016901885
0.015233489
0.013723406
0.012374126
0.011157214
0.010090871
0.0091168747
0.0083005693
0.007503046
0.0069346094
0.0061532521
0.006107549
0.0043853179
0.0069535295
-0.1930787
-0.19307346
-0.19306768
-0.19306155
-0.19305477
-0.1930471
-0.19303839
-0.19302842
-0.19301695
-0.19300365
-0.19298815
-0.19297001
-0.19294876
-0.19292392
-0.19289488
-0.19286098
-0.19282149
-0.19277559
-0.19272233
-0.19266067
-0.1925896
-0.19250782
-0.19241371
-0.19230556
-0.19218144
-0.19203912
-0.19187606
-0.1916894
-0.19147584
-0.19123171
-0.19095286
-0.19063424
-0.19026883
-0.18984982
-0.18937162
-0.18882716
-0.1882077
-0.18750343
-0.18670369
-0.1857971
-0.18477189
-0.18361625
-0.18231949
-0.18087814
-0.17928804
-0.17754425
-0.17565015
-0.17361081
-0.17143061
-0.16911267
-0.16666155
-0.1640836
-0.16138621
-0.15857747
-0.15566581
-0.15265942
-0.14956567
-0.14639042
-0.14313741
-0.13980763
-0.1363988
-0.13290488
-0.12931578
-0.12561711
-0.12179004
-0.11781125
-0.11365305
-0.1092836
-0.10466734
-0.09976566
-0.094537984
-0.088943213
-0.08294177
-0.076498226
-0.069584698
-0.062184963
-0.054299305
-0.045949943
-0.037186674
-0.028091976
-0.018784268
-0.0094179431
-0.00017961023
0.0087201858
0.017060548
0.024628747
0.031239903
0.036754341
0.041089659
0.044225621
0.046201184
0.047105307
0.047063628
0.046223887
0.04474208
0.04277117
0.040452586
0.037911234
0.035252564
0.032562709
0.029908589
0.027341116
0.024895568
0.022596906
0.020457809
0.018487238
0.016682491
0.015045632
0.013561841
0.012235859
0.01103718
0.0099885794
0.0090254922
0.0082247378
0.0074282577
0.0068816102
0.0060775513
0.0060825285
0.0042910447
0.006925484
-0.19556339
-0.19555762
-0.19555125
-0.19554452
-0.19553705
-0.19552861
-0.19551903
-0.19550812
-0.1954956
-0.19548114
-0.19546437
-0.19544477
-0.19542184
-0.19539504
-0.19536368
-0.19532707
-0.19528438
-0.19523469
-0.19517693
-0.19510994
-0.19503261
-0.19494353
-0.19484084
-0.19472265
-0.19458676
-0.19443069
-0.1942516
-0.19404625
-0.19381098
-0.19354164
-0.19323359
-0.19288117
-0.19247627
-0.19201112
-0.19147979
-0.19087456
-0.19018583
-0.18940285
-0.18851405
-0.18750719
-0.18636973
-0.18508913
-0.18365439
-0.18206491
-0.18031763
-0.17840719
-0.1763402
-0.17412437
-0.17176706
-0.1692747
-0.16665522
-0.163918
-0.16107313
-0.15813103
-0.15510193
-0.1519953
-0.14881916
-0.14557944
-0.14227944
-0.13891922
-0.13549524
-0.13200003
-0.12842193
-0.12474505
-0.12094917
-0.11700984
-0.11289851
-0.10858283
-0.10402709
-0.099192922
-0.094040328
-0.088529141
-0.082620958
-0.076281702
-0.069484829
-0.062215255
-0.054473939
-0.046283004
-0.037691089
-0.028778164
-0.019658573
-0.010480912
-0.0014244016
0.0073087926
0.015506293
0.022962976
0.029499612
0.034979426
0.039319819
0.042497445
0.044545836
0.045547111
0.04561955
0.044903826
0.043549717
0.041705148
0.039507762
0.0370799
0.034525449
0.031929859
0.029359908
0.026866905
0.024486636
0.022244962
0.020155164
0.018227359
0.016459131
0.014854038
0.013396739
0.012094395
0.010914106
0.0098837104
0.0089315006
0.0081470864
0.0073510569
0.0068278653
0.005999416
0.0060579085
0.0041953442
0.0068973763
-0.19825371
-0.19824733
-0.19824031
-0.19823287
-0.19822463
-0.19821534
-0.19820479
-0.1981928
-0.1981791
-0.19816336
-0.19814513
-0.19812388
-0.19809901
-0.19806992
-0.19803586
-0.19799605
-0.19794954
-0.19789529
-0.19783211
-0.19775866
-0.19767373
-0.19757572
-0.19746255
-0.19733202
-0.19718166
-0.19700866
-0.19680978
-0.19658135
-0.19631923
-0.19601872
-0.19567462
-0.19528056
-0.19482699
-0.19430495
-0.1937083
-0.19302869
-0.1922556
-0.19137731
-0.19038142
-0.18925493
-0.18798463
-0.18655747
-0.18496247
-0.18320302
-0.1812778
-0.17918102
-0.17692339
-0.17451584
-0.17196918
-0.16929366
-0.16650089
-0.16360333
-0.1606136
-0.15754406
-0.15440626
-0.15121032
-0.14796425
-0.14467342
-0.14134002
-0.13796268
-0.13453615
-0.13105117
-0.12749431
-0.12384802
-0.12009067
-0.11619666
-0.11213664
-0.1078778
-0.10338436
-0.098618238
-0.093540103
-0.088110756
-0.082293022
-0.076054189
-0.069369104
-0.062223872
-0.05462022
-0.046580297
-0.038151796
-0.029412468
-0.020472972
-0.011476566
-0.0025956122
0.0059756018
0.014032765
0.021378075
0.027837892
0.03327851
0.037617527
0.040829016
0.042941694
0.044031414
0.044209585
0.043610176
0.042376971
0.040652965
0.038572017
0.036253851
0.033800684
0.031297163
0.028809793
0.026390174
0.024074473
0.021889389
0.019848698
0.01796365
0.016232009
0.01465888
0.013228235
0.011949847
0.010788088
0.0097763564
0.008834958
0.0080676962
0.0072714752
0.0067734494
0.005918889
0.0060337589
0.0040983002
0.0068694663
-0.20115873
-0.20115169
-0.20114394
-0.20113575
-0.20112665
-0.20111637
-0.20110474
-0.20109154
-0.2010765
-0.20105929
-0.20103942
-0.20101626
-0.20098913
-0.20095734
-0.20092006
-0.20087638
-0.20082524
-0.20076543
-0.20069555
-0.20061409
-0.2005197
-0.20041059
-0.20028431
-0.20013833
-0.19996983
-0.19977556
-0.19955183
-0.19929445
-0.19899864
-0.19865912
-0.19827001
-0.19782413
-0.19730999
-0.1967173
-0.19603995
-0.19526901
-0.19439305
-0.19339949
-0.19227522
-0.19100673
-0.1895805
-0.1879833
-0.18620459
-0.18425315
-0.18212995
-0.17982879
-0.17736547
-0.17475452
-0.17201059
-0.16914801
-0.1661822
-0.16312849
-0.16000158
-0.15681518
-0.1535815
-0.15031055
-0.14700963
-0.14368287
-0.14033079
-0.13695012
-0.13353358
-0.13006991
-0.12654379
-0.122936
-0.11922352
-0.11537968
-0.11137442
-0.10717459
-0.10274442
-0.098046213
-0.093041376
-0.08769172
-0.081961333
-0.07581891
-0.069240707
-0.062214071
-0.054741552
-0.046845463
-0.038572699
-0.029999084
-0.021231926
-0.012409576
-0.0036980064
0.0047158865
0.012635443
0.019869892
0.026251097
0.031648558
0.035980402
0.039218618
0.041387658
0.042557647
0.042833591
0.042343116
0.041224242
0.039615155
0.037645957
0.03543371
0.03307887
0.030665181
0.028258753
0.025911369
0.023659475
0.021530524
0.019538693
0.017696347
0.016001321
0.014460321
0.013056466
0.011802335
0.010659206
0.0096665958
0.0087359103
0.0079866284
0.0071895334
0.0067184123
0.0058359982
0.0060101126
0.0039999819
0.0068420277
-0.20428364
-0.20427586
-0.20426735
-0.20425831
-0.20424827
-0.20423693
-0.20422408
-0.20420954
-0.20419301
-0.20417414
-0.2041524
-0.20412702
-0.20409722
-0.20406218
-0.20402097
-0.2039725
-0.20391555
-0.20384866
-0.20377029
-0.20367889
-0.20357269
-0.20344937
-0.20330625
-0.20314041
-0.20294855
-0.20272691
-0.20247121
-0.20217661
-0.20183765
-0.20144822
-0.20100171
-0.20049035
-0.19990168
-0.19922225
-0.1984444
-0.19756065
-0.19655929
-0.19542703
-0.19415027
-0.19271539
-0.1911089
-0.18931791
-0.18733283
-0.18516933
-0.18283122
-0.18031172
-0.17763268
-0.17481241
-0.17186949
-0.16882235
-0.16569002
-0.16249026
-0.15923911
-0.15595093
-0.15263775
-0.14930874
-0.14596981
-0.14262321
-0.13926739
-0.13589683
-0.13250206
-0.1290697
-0.12558258
-0.12201988
-0.11835729
-0.11456721
-0.11061903
-0.10647934
-0.10211255
-0.097481413
-0.092548126
-0.087275576
-0.081629139
-0.075578932
-0.06910265
-0.06218891
-0.054841138
-0.047081895
-0.038957454
-0.030541932
-0.021939609
-0.013284314
-0.0047360629
0.0035251881
0.011310029
0.018434447
0.024735697
0.030086595
0.034406088
0.037664511
0.039882564
0.041125152
0.041491331
0.041102728
0.040091841
0.038592176
0.036730118
0.034620039
0.032360565
0.03003444
0.027707268
0.025430923
0.023242012
0.021168688
0.019225427
0.017425685
0.015767264
0.014258527
0.012881562
0.011651969
0.010527555
0.009554519
0.0086344179
0.0079039598
0.0071052716
0.0066628132
0.0057508029
0.005987014
0.0039004777
0.0068153783
-0.20762073
-0.20761218
-0.20760281
-0.20759285
-0.20758178
-0.20756924
-0.20755504
-0.20753895
-0.20752072
-0.20749991
-0.20747593
-0.20744787
-0.20741475
-0.20737561
-0.20732936
-0.2072747
-0.20721015
-0.20713396
-0.2070444
-0.20693993
-0.20681823
-0.20667619
-0.20651087
-0.20631887
-0.20609633
-0.20583882
-0.20554139
-0.20519844
-0.20480369
-0.20435016
-0.20383033
-0.20323604
-0.20255545
-0.20176997
-0.20086818
-0.19984686
-0.19869508
-0.19739891
-0.19594469
-0.19431919
-0.19250957
-0.19050383
-0.18829376
-0.18590332
-0.18333942
-0.18059445
-0.17769713
-0.17466935
-0.17153342
-0.16831154
-0.16502591
-0.16169593
-0.15833822
-0.15496694
-0.15159316
-0.14822453
-0.14486495
-0.14151442
-0.13816899
-0.13482076
-0.13145801
-0.12806532
-0.12462375
-0.12111105
-0.11750182
-0.1137677
-0.10987763
-0.10579816
-0.10149393
-0.096928255
-0.092064186
-0.086865709
-0.081299515
-0.075337158
-0.068957767
-0.062151248
-0.054921957
-0.047292763
-0.039309463
-0.031044667
-0.022599922
-0.014104876
-0.0057139943
0.0023992903
0.01005244
0.017067926
0.023288286
0.028589715
0.032892239
0.036164929
0.038425193
0.0397332
0.040182478
0.039889003
0.03897999
0.037584405
0.035824966
0.033813346
0.031646277
0.029405426
0.027155787
0.024949237
0.022822444
0.020804194
0.018909161
0.017151889
0.015530023
0.014053656
0.012703656
0.011498866
0.010393217
0.0094402018
0.0085305293
0.0078197464
0.0070187195
0.0066066826
0.0056633507
0.0059644644
0.0037998595
0.0067898464
-0.21116623
-0.21115688
-0.21114666
-0.21113577
-0.2111236
-0.21110978
-0.2110941
-0.21107633
-0.21105616
-0.21103311
-0.21100646
-0.2109751
-0.21093777
-0.2108933
-0.21084038
-0.21077743
-0.21070259
-0.21061373
-0.21050877
-0.21038604
-0.21024279
-0.21007509
-0.20987944
-0.2096518
-0.20938759
-0.20908164
-0.2087282
-0.20832087
-0.20785257
-0.20731546
-0.20670124
-0.20600144
-0.20520492
-0.20428781
-0.20323557
-0.20205022
-0.20072223
-0.19923768
-0.19758338
-0.195747
-0.19371676
-0.19148198
-0.18903613
-0.18641252
-0.18362093
-0.18065247
-0.17754352
-0.1743189
-0.17100413
-0.16762456
-0.16420482
-0.16076514
-0.15732189
-0.15388826
-0.15047373
-0.14708386
-0.14372019
-0.1403802
-0.13705746
-0.1337417
-0.13041905
-0.12707222
-0.12368072
-0.12022106
-0.11666693
-0.11298942
-0.10915721
-0.10513692
-0.1008935
-0.096390943
-0.091593168
-0.086465304
-0.080975351
-0.075096289
-0.068808694
-0.062103755
-0.054986779
-0.047481019
-0.039631893
-0.031510701
-0.023216506
-0.0148751
-0.0066357589
0.0013342125
0.0088588004
0.015766688
0.021905577
0.027155088
0.031436538
0.034718088
0.037014281
0.038380992
0.038906632
0.038701855
0.037888836
0.036592148
0.034930904
0.033014082
0.030936471
0.028778592
0.026604734
0.024466696
0.022401109
0.020437336
0.018590155
0.016875179
0.015289787
0.013845868
0.012522875
0.011343134
0.010256283
0.0093237314
0.0084243079
0.0077340553
0.0069299295
0.0065500574
0.0055737265
0.0059424709
0.0036982197
0.0067658129
-0.21485863
-0.21484841
-0.21483724
-0.21482531
-0.21481191
-0.21479661
-0.21477917
-0.21475934
-0.21473675
-0.21471081
-0.21468059
-0.21464467
-0.21460147
-0.21454947
-0.21448706
-0.21441229
-0.21432284
-0.21421602
-0.21408927
-0.21394082
-0.21376747
-0.21356433
-0.21332709
-0.21305101
-0.21273074
-0.21236031
-0.21193318
-0.21144215
-0.21087941
-0.21023649
-0.20950447
-0.20867467
-0.20773712
-0.20666725
-0.20544462
-0.20407148
-0.20254551
-0.20085429
-0.19898512
-0.19692666
-0.19466841
-0.19220132
-0.18952057
-0.1866693
-0.18365915
-0.1804796
-0.17717544
-0.17377327
-0.17030118
-0.16678677
-0.16325635
-0.15973017
-0.15622367
-0.15274854
-0.14931218
-0.14591778
-0.14256433
-0.13924678
-0.13595629
-0.13268038
-0.12940325
-0.12610598
-0.12276677
-0.11936114
-0.11586208
-0.11224031
-0.10846439
-0.10450112
-0.1003159
-0.095873388
-0.091138439
-0.086077312
-0.080659316
-0.074858835
-0.068657874
-0.062048905
-0.05503818
-0.047649394
-0.039927686
-0.031943211
-0.023792767
-0.01559858
-0.0075050792
0.00032620215
0.007725433
0.014527259
0.020584407
0.025779961
0.030036709
0.033322209
0.035648533
0.037067678
0.037663321
0.037541123
0.036818451
0.035615641
0.034048275
0.032222648
0.030231568
0.028154351
0.026054499
0.023983661
0.021978333
0.020068403
0.018268654
0.016595767
0.015046733
0.013635312
0.012339349
0.011184885
0.010116837
0.0092051792
0.0083158067
0.0076469322
0.0068389449
0.0064929412
0.0054820066
0.0059209875
0.0035956342
0.0067436823
-0.21870453
-0.2186937
-0.21868192
-0.2186692
-0.21865475
-0.21863809
-0.21861889
-0.21859686
-0.21857152
-0.21854208
-0.21850727
-0.21846519
-0.21841363
-0.2183506
-0.21827403
-0.21818139
-0.21806964
-0.21793523
-0.21777488
-0.2175873
-0.21736886
-0.21711299
-0.2168145
-0.21646796
-0.21606737
-0.21560622
-0.21507745
-0.21447358
-0.21378661
-0.21300806
-0.21212902
-0.21114093
-0.21003588
-0.20879561
-0.20738883
-0.20581069
-0.20407439
-0.20216974
-0.20008353
-0.19780513
-0.19532485
-0.19263528
-0.18973372
-0.18667295
-0.18346404
-0.18009505
-0.1766202
-0.17306625
-0.16946329
-0.16584005
-0.1622239
-0.15863449
-0.15508594
-0.15158807
-0.14814606
-0.14476061
-0.14142825
-0.13814156
-0.13488946
-0.13165755
-0.1284284
-0.1251817
-0.12189464
-0.11854194
-0.11509614
-0.11152772
-0.10780527
-0.10389586
-0.099765365
-0.095379176
-0.090703072
-0.085704433
-0.080353849
-0.074627093
-0.068507553
-0.061988966
-0.055078541
-0.04780043
-0.040199585
-0.032345153
-0.024331878
-0.016278678
-0.0083254505
-0.00062828212
0.0066488505
0.013346319
0.019321741
0.024461668
0.028690517
0.031975516
0.03432663
0.035792362
0.03645202
0.036406581
0.035768843
0.03465506
0.033177365
0.031439393
0.029531947
0.027533085
0.02550545
0.023500471
0.021554419
0.019697663
0.017944896
0.016313858
0.014801038
0.013422141
0.012153198
0.011024221
0.0099749707
0.0090846273
0.0082050944
0.0075584329
0.0067458357
0.0064353393
0.005388309
0.0058999686
0.0034922032
0.0067239177
-0.222454
-0.22244213
-0.22242918
-0.22241514
-0.22239905
-0.2223803
-0.22235847
-0.222333
-0.22230314
-0.22226775
-0.22222509
-0.22217262
-0.22210744
-0.22202692
-0.2219284
-0.22180858
-0.22166351
-0.22148917
-0.22128312
-0.22104339
-0.22076443
-0.22043928
-0.22006224
-0.21962741
-0.21912839
-0.21855832
-0.21791007
-0.21717622
-0.21634906
-0.21542058
-0.21438247
-0.21322656
-0.21194664
-0.21053201
-0.20894185
-0.20716422
-0.20522702
-0.20312141
-0.20083386
-0.19835425
-0.19567288
-0.19278412
-0.18968919
-0.18644982
-0.18307066
-0.17954177
-0.17592708
-0.17225114
-0.16854574
-0.16483982
-0.16116149
-0.15752955
-0.15395674
-0.15045098
-0.14701523
-0.14364788
-0.1403432
-0.13709165
-0.1338803
-0.1306931
-0.12751129
-0.12431349
-0.12107608
-0.11777326
-0.11437722
-0.11085836
-0.1071854
-0.10332571
-0.099245713
-0.094911521
-0.090289824
-0.085349097
-0.080061169
-0.074403152
-0.068359783
-0.061926032
-0.055110047
-0.047936465
-0.04045012
-0.032719277
-0.024836804
-0.016918545
-0.0091001481
-0.0015325797
0.005625757
0.012220708
0.018114662
0.023197622
0.027395768
0.03067625
0.033047242
0.034554111
0.035272147
0.035297942
0.034739954
0.033710519
0.032318405
0.03066462
0.028837942
0.026915141
0.024957921
0.023017439
0.021129659
0.019325377
0.017619107
0.016029648
0.014552868
0.013206495
0.011964549
0.01086125
0.0098307654
0.0089621407
0.0080922302
0.0074685874
0.0066506647
0.006377219
0.0052927515
0.005879302
0.0033880161
0.006707008
-0.226324
-0.22631326
-0.22630159
-0.22628821
-0.22627195
-0.22625202
-0.22622775
-0.22619831
-0.2261624
-0.22611803
-0.22606248
-0.22599195
-0.22590164
-0.22578765
-0.22564678
-0.22547465
-0.22526599
-0.22501685
-0.22472894
-0.22439936
-0.2240182
-0.22357997
-0.22308
-0.22251321
-0.22187411
-0.22115701
-0.22035595
-0.21946461
-0.21847635
-0.21738407
-0.21618015
-0.21485652
-0.21340728
-0.2118274
-0.21007212
-0.20812073
-0.20600644
-0.20372601
-0.20126556
-0.1986151
-0.19576294
-0.1927027
-0.18944943
-0.18606981
-0.18254925
-0.17889182
-0.17516804
-0.17139845
-0.16761654
-0.16385045
-0.16012922
-0.1564706
-0.1528862
-0.1493821
-0.14595931
-0.14261418
-0.13933906
-0.13612268
-0.13295054
-0.12980535
-0.12666726
-0.12351412
-0.1203217
-0.11706382
-0.1137125
-0.11023814
-0.10660963
-0.10279471
-0.098760309
-0.094473263
-0.089901141
-0.085013463
-0.079783248
-0.074188891
-0.068216424
-0.061862004
-0.055134707
-0.048059662
-0.040681645
-0.033068142
-0.025310303
-0.017521119
-0.0098322529
-0.0023898353
0.0046530219
0.011147421
0.016960373
0.021985329
0.026150327
0.029422666
0.031809024
0.033351963
0.034123081
0.03421487
0.033731678
0.03278208
0.031471574
0.029898583
0.028149855
0.026300831
0.024412226
0.022534865
0.020704321
0.018951787
0.017291504
0.015743329
0.014302389
0.012988519
0.011773518
0.010696068
0.0096843144
0.0088377941
0.0079772905
0.0073774359
0.0065535251
0.0063185459
0.005195499
0.0058588705
0.0032831759
0.0066935214
-0.22928022
-0.22926665
-0.22925173
-0.22923515
-0.22921529
-0.22919075
-0.22916012
-0.2291217
-0.22907341
-0.22901253
-0.22893571
-0.22883841
-0.22871478
-0.22856003
-0.22837075
-0.22814218
-0.22786882
-0.22754785
-0.2271842
-0.22677402
-0.22630481
-0.22577182
-0.22517102
-0.22449788
-0.22374757
-0.22291518
-0.22199551
-0.22098302
-0.21987168
-0.21865499
-0.21732573
-0.21587541
-0.21429647
-0.21258804
-0.21071403
-0.208638
-0.20638422
-0.20396842
-0.20137319
-0.19859054
-0.19560867
-0.19241464
-0.18904937
-0.18557577
-0.18195079
-0.17820739
-0.17441133
-0.1705786
-0.16674439
-0.16293672
-0.1591867
-0.15551163
-0.15192248
-0.14842386
-0.14501524
-0.14169133
-0.13844302
-0.13525763
-0.13211954
-0.12901045
-0.12590975
-0.12279469
-0.11964064
-0.11642115
-0.11310817
-0.10967213
-0.10608214
-0.10230629
-0.098312023
-0.094066833
-0.08953913
-0.084699412
-0.079521828
-0.07398598
-0.068079144
-0.061798616
-0.055154361
-0.048172015
-0.040896331
-0.033394125
-0.025754961
-0.018089162
-0.010524657
-0.003203018
0.0037276851
0.010123589
0.015856197
0.020822373
0.024952115
0.028213049
0.030610633
0.032184932
0.033004156
0.033156976
0.03274385
0.03186975
0.030637006
0.029141498
0.027467943
0.025690435
0.023868644
0.022053015
0.020278662
0.018577126
0.016962293
0.015455078
0.014049758
0.012768342
0.011580226
0.010528777
0.0095357004
0.008711643
0.0078603452
0.0072849872
0.0064545119
0.0062592334
0.005096736
0.0058384508
0.0031778232
0.0066840011
-0.23270279
-0.23269924
-0.23269403
-0.23268068
-0.23265682
-0.23262076
-0.23257007
-0.23250142
-0.23241098
-0.23229475
-0.23214853
-0.2319672
-0.23174157
-0.23146676
-0.2311443
-0.23077122
-0.2303445
-0.22987447
-0.22936793
-0.22881212
-0.22819936
-0.22752851
-0.2267965
-0.22599921
-0.22513215
-0.22418966
-0.22316601
-0.22205466
-0.22084823
-0.21953932
-0.21811932
-0.21657912
-0.21490768
-0.21310404
-0.21115193
-0.20898773
-0.20662492
-0.20410957
-0.20141057
-0.19852456
-0.19544177
-0.19213608
-0.18868241
-0.18513305
-0.18142171
-0.17761352
-0.17376121
-0.16987966
-0.16600439
-0.16216383
-0.15839094
-0.15470248
-0.15110895
-0.14761372
-0.14421512
-0.14090666
-0.13767815
-0.1345159
-0.13140348
-0.12832185
-0.12524989
-0.1221644
-0.11904045
-0.11585146
-0.11256931
-0.10916452
-0.10560638
-0.10186332
-0.097903246
-0.093694267
-0.089205554
-0.084408527
-0.07927837
-0.07379584
-0.067949383
-0.061737369
-0.055170626
-0.048275287
-0.041096137
-0.033699382
-0.02617313
-0.018625211
-0.011180045
-0.0039748899
0.0028469689
0.0091465085
0.014799589
0.019706453
0.023799121
0.027045723
0.029450742
0.031052029
0.031914695
0.032123849
0.031776274
0.030973503
0.029814791
0.028393537
0.026792433
0.025084206
0.023327434
0.021572144
0.019852912
0.018201604
0.016631666
0.015165067
0.013795125
0.012546097
0.011384781
0.01035946
0.009385014
0.0085837514
0.0077414772
0.0071912603
0.006353741
0.0061991987
0.0049966748
0.0058178344
0.0030720421
0.0066791671
-0.23337619
-0.23337049
-0.23335065
-0.23331774
-0.23326858
-0.23319906
-0.23310762
-0.23299554
-0.23286488
-0.23271434
-0.23254203
-0.23234241
-0.23209757
-0.23180026
-0.23145761
-0.2310654
-0.2306147
-0.23012882
-0.22961038
-0.22902988
-0.22839032
-0.22769226
-0.22692981
-0.22610085
-0.22520229
-0.22422657
-0.22316922
-0.22202449
-0.22078113
-0.21943526
-0.2179768
-0.21639524
-0.21467898
-0.21282205
-0.21082263
-0.20860381
-0.20617722
-0.20360315
-0.20084063
-0.19789774
-0.1947783
-0.19145399
-0.18800387
-0.18446631
-0.18077599
-0.17700282
-0.17317338
-0.1692978
-0.16541388
-0.16155883
-0.1577725
-0.15407408
-0.15047512
-0.14697895
-0.14358358
-0.14028206
-0.13706367
-0.13391422
-0.13081683
-0.12775205
-0.12469843
-0.12163251
-0.11852917
-0.11536173
-0.11210205
-0.1087207
-0.10518715
-0.1014701
-0.097537862
-0.093359086
-0.088903634
-0.084143766
-0.079055643
-0.073621098
-0.067829665
-0.061680744
-0.055185968
-0.048371961
-0.041283567
-0.03398648
-0.026567462
-0.019132004
-0.011801227
-0.0047083072
0.0020080385
0.0082134357
0.013787968
0.018635213
0.022689279
0.025918947
0.028327945
0.029952175
0.030853915
0.031114972
0.030828655
0.030093216
0.029004947
0.027654811
0.026123492
0.024482344
0.022788814
0.021092466
0.019427288
0.017825421
0.016299802
0.01487345
0.01353863
0.012321895
0.011187299
0.010188202
0.0092323451
0.008454143
0.0076207913
0.0070961892
0.0062514183
0.006138158
0.0048958215
0.0057962572
0.0029667215
0.0066785492
-0.2356313
-0.23554464
-0.23545852
-0.23537529
-0.23528339
-0.23517619
-0.23504905
-0.23489822
-0.23471858
-0.23450517
-0.23425293
-0.23395973
-0.23361506
-0.233219
-0.23278326
-0.23230414
-0.23177343
-0.23121545
-0.23062919
-0.22998963
-0.22929938
-0.22855439
-0.22775168
-0.22688537
-0.22595008
-0.22494317
-0.22385594
-0.22267847
-0.22140908
-0.22003523
-0.21854521
-0.21693585
-0.2151898
-0.21329893
-0.21126583
-0.20901395
-0.20654585
-0.20392602
-0.201111
-0.198104
-0.1949137
-0.19151777
-0.18798758
-0.184361
-0.18059718
-0.17675992
-0.17287132
-0.16894548
-0.16501997
-0.16113277
-0.15732259
-0.15360684
-0.14999609
-0.14649276
-0.14309436
-0.13979333
-0.13657848
-0.13343519
-0.13034617
-0.12729162
-0.12424984
-0.12119712
-0.11810821
-0.11495632
-0.11171328
-0.10834973
-0.10483528
-0.10113884
-0.097229053
-0.093075042
-0.088647229
-0.083918568
-0.07886604
-0.073472361
-0.067727992
-0.061633202
-0.055200316
-0.048456404
-0.041446353
-0.034235369
-0.026909022
-0.019570804
-0.012339035
-0.0053434369
0.0012811707
0.0074043945
0.012909954
0.017704328
0.021723471
0.024936812
0.027347522
0.028989922
0.02992394
0.030228598
0.029994263
0.029316379
0.028288668
0.026999982
0.02552923
0.023946538
0.022308324
0.020663718
0.019046134
0.017487946
0.016001585
0.014610992
0.013307433
0.012119543
0.011008817
0.010033267
0.0090940677
0.00833668
0.0075113341
0.0070098786
0.0061587674
0.006082311
0.0048055506
0.0057749823
0.0028742522
0.0066800453
-0.23528114
-0.23524234
-0.23519767
-0.23516012
-0.23512231
-0.23507289
-0.2350023
-0.23490307
-0.23477121
-0.23460174
-0.23439024
-0.2341343
-0.23382776
-0.23346903
-0.23306119
-0.23260017
-0.2320878
-0.23153619
-0.23094754
-0.23030628
-0.22961431
-0.22886444
-0.22805722
-0.22718665
-0.22624566
-0.22523138
-0.22413488
-0.22294923
-0.2216708
-0.22028329
-0.21878299
-0.21716042
-0.2153979
-0.21349011
-0.2114372
-0.20916584
-0.20667857
-0.20403231
-0.2011864
-0.19814065
-0.19491134
-0.19147237
-0.18789107
-0.18420604
-0.18039191
-0.17650699
-0.17257053
-0.16860351
-0.16464285
-0.16072882
-0.15689868
-0.15316902
-0.14954912
-0.146041
-0.14264148
-0.13934256
-0.13613252
-0.13299633
-0.12991631
-0.12687243
-0.12384263
-0.12080304
-0.11772826
-0.1145914
-0.11136428
-0.10801759
-0.10452103
-0.10084374
-0.096954655
-0.092823277
-0.088420536
-0.083719991
-0.078699314
-0.073341983
-0.067639257
-0.061592124
-0.055213522
-0.048530871
-0.041589107
-0.034452977
-0.027207021
-0.019953006
-0.012806885
-0.0058954408
0.00064983036
0.006701915
0.012147635
0.016895935
0.020884361
0.024082918
0.026494331
0.02815161
0.029112712
0.029454314
0.029264283
0.028635668
0.027659997
0.026424288
0.025005913
0.023473918
0.021883816
0.020284322
0.018708357
0.017188427
0.015736562
0.014377405
0.013101473
0.011938977
0.010849534
0.0098946275
0.0089706125
0.008231095
0.0074140031
0.0069312796
0.006077988
0.0060282335
0.0047320701
0.0057433109
0.0028121642
0.0066531906
-0.23530114
-0.23527056
-0.23523171
-0.23518679
-0.23513135
-0.23505941
-0.23496515
-0.23484379
-0.23469435
-0.23451639
-0.2343079
-0.23406451
-0.23378137
-0.23345257
-0.23307592
-0.23264915
-0.232171
-0.23164371
-0.23106623
-0.23043348
-0.22974719
-0.22900275
-0.22819708
-0.22732807
-0.22638654
-0.225366
-0.22426463
-0.22307608
-0.22178556
-0.22039117
-0.21888138
-0.21724051
-0.21546634
-0.21353858
-0.2114622
-0.20917003
-0.20666039
-0.20398588
-0.20110653
-0.19803196
-0.19476626
-0.19129724
-0.1876826
-0.18396079
-0.18011242
-0.17619633
-0.17222778
-0.1682294
-0.16424088
-0.16030341
-0.15645571
-0.15271342
-0.14908576
-0.14557399
-0.14217451
-0.13887875
-0.13567471
-0.13254677
-0.12947694
-0.12644469
-0.12342791
-0.1204024
-0.11734264
-0.11422164
-0.11101119
-0.10768203
-0.10420398
-0.10054637
-0.096678441
-0.092570068
-0.088192689
-0.083520434
-0.078531676
-0.073210627
-0.067549313
-0.061549458
-0.055224576
-0.048602484
-0.04172814
-0.034665871
-0.027499159
-0.020328092
-0.01326633
-0.0064378116
2.9174297e-05
0.0060109121
0.01139723
0.016099498
0.020056836
0.023239847
0.025650875
0.027321702
0.028308409
0.028685416
0.02853818
0.027957421
0.027032517
0.025848691
0.024481791
0.022999771
0.021457236
0.019902461
0.01836786
0.016886045
0.015468638
0.014140932
0.012892719
0.011755714
0.010687731
0.009753573
0.0088450242
0.0081233831
0.0073150458
0.0068506581
0.0059964804
0.005971524
0.0046601113
0.005706377
0.002756397
0.0066157797
-0.23531432
-0.23529265
-0.23526635
-0.23523865
-0.23520581
-0.23516054
-0.23509297
-0.23499568
-0.23486188
-0.23469151
-0.23448431
-0.23423971
-0.23395727
-0.23363461
-0.23326548
-0.23284674
-0.23237664
-0.23185575
-0.2312809
-0.23065264
-0.22996632
-0.22922189
-0.22841382
-0.22753596
-0.22658801
-0.22556303
-0.22445274
-0.22325103
-0.22195061
-0.22054267
-0.21901406
-0.21735679
-0.21556213
-0.21361137
-0.21151055
-0.20918925
-0.20665022
-0.20393966
-0.20102691
-0.19791459
-0.19460572
-0.19110425
-0.18745052
-0.18368608
-0.17980519
-0.17585513
-0.17185666
-0.1678293
-0.1638139
-0.15985448
-0.15599012
-0.15223654
-0.14860237
-0.14508837
-0.1416905
-0.1383995
-0.13520285
-0.13208457
-0.12902623
-0.12600707
-0.12300454
-0.11999428
-0.11695058
-0.11384643
-0.11065361
-0.10734276
-0.10388398
-0.10024673
-0.096400498
-0.092315613
-0.087963968
-0.083320262
-0.078363574
-0.073078809
-0.067458757
-0.061505831
-0.05523415
-0.048671919
-0.041864088
-0.034874629
-0.02778592
-0.020696503
-0.013717721
-0.0069708415
-0.00058099664
0.0053312741
0.01065871
0.015315066
0.019241033
0.022407807
0.024817428
0.02650052
0.027511384
0.027922282
0.027816345
0.02728203
0.026406624
0.025273573
0.023957219
0.022524431
0.021028893
0.019518427
0.018024911
0.016581052
0.01519802
0.01390178
0.012681326
0.011569941
0.01052351
0.0096103122
0.0087172925
0.0080138337
0.0072142232
0.0067686281
0.0059133559
0.0059138963
0.0045867079
0.0056694454
0.0026981868
0.006581182
-0.23520634
-0.23518875
-0.23516798
-0.23514745
-0.23512524
-0.23509599
-0.23505299
-0.23498606
-0.23488715
-0.23475163
-0.23457667
-0.23436028
-0.23410402
-0.23380332
-0.23345008
-0.23304466
-0.23258737
-0.23207671
-0.23151112
-0.2308879
-0.23020502
-0.22946084
-0.22865163
-0.22777123
-0.22681948
-0.22578748
-0.22466889
-0.22345758
-0.22214603
-0.22072096
-0.21917727
-0.21750558
-0.21568507
-0.2137122
-0.21158349
-0.20923532
-0.20666381
-0.20391785
-0.20096609
-0.19780884
-0.19445885
-0.19091516
-0.18721296
-0.18340235
-0.17948262
-0.17549519
-0.17146068
-0.16740262
-0.16336028
-0.15937935
-0.15549931
-0.15173574
-0.14809665
-0.14458212
-0.14118741
-0.13790294
-0.13471544
-0.13160854
-0.12856332
-0.12555865
-0.12257177
-0.11957807
-0.11655165
-0.11346548
-0.11029119
-0.10699971
-0.103561
-0.099944784
-0.096120978
-0.092060142
-0.087734665
-0.083119904
-0.078195439
-0.072947057
-0.067368178
-0.061461943
-0.055243017
-0.048739926
-0.041997785
-0.035079989
-0.028068087
-0.02105887
-0.014161699
-0.0074950285
-0.001181084
0.0046626879
0.0099319242
0.014542647
0.018437068
0.021587066
0.023994369
0.025688542
0.026722191
0.027165519
0.027099412
0.026610144
0.025782951
0.024699555
0.023432797
0.022048469
0.020599317
0.019132711
0.017679959
0.016273859
0.014925092
0.013660297
0.012467614
0.011381943
0.010357128
0.0094650666
0.008587644
0.0079026263
0.0071117399
0.0066853021
0.0058288351
0.0058553326
0.0045121913
0.0056321772
0.0026383092
0.0065486824
-0.23502832
-0.23501492
-0.23499845
-0.2349805
-0.23495929
-0.23493219
-0.23489339
-0.23483487
-0.23474999
-0.23463315
-0.23448261
-0.23429561
-0.23406976
-0.23380036
-0.23347989
-0.23310585
-0.2326783
-0.23219335
-0.23164656
-0.23103971
-0.23037214
-0.22963884
-0.22883689
-0.22796447
-0.22701244
-0.22597965
-0.22485986
-0.22364294
-0.22232128
-0.22088653
-0.21932959
-0.21763771
-0.21580146
-0.21380204
-0.21164273
-0.20927063
-0.20666506
-0.2038832
-0.20089038
-0.19769149
-0.19429715
-0.19070289
-0.18695585
-0.18309763
-0.17913376
-0.17510639
-0.17103448
-0.16694534
-0.16287639
-0.15887508
-0.1549809
-0.15120897
-0.1475666
-0.14405343
-0.14066399
-0.1373879
-0.13421142
-0.13111768
-0.12808727
-0.12509879
-0.12212898
-0.11915325
-0.11614547
-0.11307841
-0.10992385
-0.10665255
-0.10323479
-0.099640542
-0.095839736
-0.091803534
-0.087504752
-0.08291923
-0.078027338
-0.072815385
-0.067277595
-0.061417794
-0.055251159
-0.048806631
-0.042129267
-0.035282134
-0.028345754
-0.021415433
-0.01459841
-0.0080106164
-0.0017713397
0.0040049644
0.0092166654
0.013782057
0.017644863
0.020777571
0.023181712
0.024885845
0.025940973
0.026415322
0.026387624
0.025942037
0.025161805
0.024126951
0.022908841
0.021572197
0.020168817
0.018745607
0.017333286
0.015964729
0.014650094
0.013416699
0.01225179
0.011191894
0.010188773
0.009317971
0.0084562476
0.0077898154
0.0070078007
0.0066005952
0.0057432887
0.0057953866
0.0044374943
0.0055930625
0.0025793583
0.0065143373
-0.23478525
-0.23477427
-0.23476011
-0.23474532
-0.23472846
-0.23470586
-0.23467237
-0.23462135
-0.23454499
-0.23443934
-0.23430123
-0.23412909
-0.23392524
-0.23368444
-0.23339507
-0.23305342
-0.23265861
-0.23220359
-0.23168428
-0.23110289
-0.2304574
-0.22974368
-0.22895803
-0.22809781
-0.22715638
-0.22612957
-0.22501039
-0.22379279
-0.22246579
-0.22102349
-0.21945544
-0.21774612
-0.21589191
-0.21386839
-0.21168287
-0.20927588
-0.20663982
-0.20381956
-0.2007869
-0.19754295
-0.19410121
-0.1904564
-0.18666501
-0.18275618
-0.17874811
-0.17468027
-0.17057252
-0.16645284
-0.1623587
-0.15833851
-0.15443198
-0.15065359
-0.14701022
-0.14350058
-0.14011843
-0.13685289
-0.13368953
-0.13061096
-0.12759721
-0.1246266
-0.12167563
-0.11871928
-0.11573149
-0.11268484
-0.10955108
-0.10630111
-0.10290523
-0.099333611
-0.095556643
-0.091545651
-0.087274046
-0.082718179
-0.077859047
-0.072683614
-0.067186902
-0.061373237
-0.055258491
-0.048871884
-0.042258464
-0.035480949
-0.028618896
-0.021766183
-0.015027933
-0.0085177056
-0.0023518884
0.003357919
0.0085127571
0.013033118
0.016864199
0.019979154
0.022379325
0.024092339
0.025167689
0.025671702
0.025681037
0.025277804
0.024543305
0.023555908
0.022385518
0.021095788
0.019737571
0.018357292
0.016985063
0.015653824
0.014373188
0.013171134
0.012033992
0.010999917
0.010018556
0.0091691122
0.0083232117
0.0076754675
0.0069025184
0.0065145236
0.005656874
0.0057339689
0.0043629108
0.0055517624
0.0025219907
0.0064770806
-0.23449295
-0.23448347
-0.23447189
-0.23445962
-0.23444518
-0.2344265
-0.23439899
-0.23435534
-0.23428872
-0.23419362
-0.23406858
-0.23391303
-0.23372839
-0.23350946
-0.2332451
-0.23293155
-0.23256673
-0.23214112
-0.23165094
-0.23109896
-0.23048046
-0.22979172
-0.22902798
-0.22818396
-0.22725789
-0.22624207
-0.22512854
-0.22391257
-0.22258477
-0.22113712
-0.21955775
-0.21783568
-0.21595851
-0.21391242
-0.2117003
-0.20926075
-0.20658885
-0.20372697
-0.20065136
-0.19735982
-0.1938671
-0.19017632
-0.18633194
-0.18237487
-0.17832122
-0.17421239
-0.17006976
-0.1659207
-0.1618032
-0.15776618
-0.1538493
-0.15006692
-0.14642475
-0.14292112
-0.13954884
-0.13629625
-0.1331484
-0.13008703
-0.12709212
-0.12414128
-0.12121086
-0.1182756
-0.11530919
-0.11228433
-0.10917255
-0.10594499
-0.102572
-0.099023915
-0.095271485
-0.091286383
-0.087042439
-0.082516623
-0.077690449
-0.07255174
-0.067095959
-0.061328274
-0.055264983
-0.048935637
-0.04238536
-0.035676469
-0.02888757
-0.022111152
-0.01545038
-0.0090163996
-0.0029228805
0.0027213763
0.0078200094
0.012295631
0.016094916
0.019191681
0.021587113
0.023307983
0.024402331
0.024934695
0.024979725
0.024617556
0.0239276
0.022986592
0.021863006
0.020619431
0.019305766
0.017967952
0.016635474
0.015341319
0.014094533
0.01292375
0.011814357
0.010806137
0.0098465976
0.0090186029
0.008188622
0.0075596645
0.0067959517
0.00642716
0.0055696045
0.0056711916
0.0042883147
0.005508593
0.0024656834
0.0064376658
-0.23415152
-0.2341442
-0.23413482
-0.23412427
-0.23411165
-0.23409467
-0.23406928
-0.23403062
-0.23397214
-0.23388788
-0.23377556
-0.23363487
-0.23346838
-0.23327167
-0.23303238
-0.23274501
-0.23240813
-0.23201285
-0.23155398
-0.23103279
-0.23044337
-0.22978124
-0.22904208
-0.22822126
-0.22731388
-0.22631252
-0.22521083
-0.2240007
-0.222676
-0.22122469
-0.21963492
-0.21789978
-0.21600495
-0.21393573
-0.21169154
-0.20922258
-0.20650983
-0.20360516
-0.20048195
-0.1971411
-0.19359521
-0.18985561
-0.1859565
-0.18194733
-0.17784925
-0.17369829
-0.16952115
-0.16534446
-0.16120558
-0.15715382
-0.15322928
-0.14944545
-0.14580753
-0.14231258
-0.13895299
-0.13571609
-0.13258615
-0.12954466
-0.12657074
-0.12364182
-0.12073384
-0.11782139
-0.11487809
-0.11187634
-0.10878794
-0.1055839
-0.10223483
-0.098711242
-0.094984072
-0.091025538
-0.086809841
-0.082314462
-0.07752161
-0.072419644
-0.067004824
-0.061282887
-0.055270609
-0.048997912
-0.042510024
-0.035868711
-0.029151887
-0.022450455
-0.015865894
-0.0095068752
-0.0034845032
0.0020951534
0.0071382291
0.011569441
0.015336883
0.018415052
0.020805021
0.022532758
0.023644945
0.02420439
0.024283822
0.023961458
0.023314872
0.02241921
0.021341523
0.020143351
0.01887363
0.017577808
0.016284728
0.015027413
0.01381432
0.012674728
0.011593051
0.010610708
0.0096730283
0.0088665617
0.0080525946
0.0074425156
0.0066881935
0.0063386034
0.0054815377
0.0056071789
0.0042136543
0.0054638337
0.0024100925
0.0063966937
-0.23375511
-0.23374842
-0.23373995
-0.23373072
-0.23371986
-0.23370558
-0.233685
-0.23365246
-0.23360076
-0.23352543
-0.23342436
-0.23329914
-0.23315081
-0.23297276
-0.23275519
-0.2324936
-0.23218534
-0.23182003
-0.23139176
-0.23090109
-0.23034247
-0.22971033
-0.22900102
-0.22820722
-0.22732129
-0.22633797
-0.22525239
-0.22405292
-0.22273146
-0.22127958
-0.21968458
-0.21793664
-0.21602401
-0.21393025
-0.2116553
-0.20915034
-0.20639669
-0.20344697
-0.20027464
-0.19688014
-0.19328014
-0.18948528
-0.1855313
-0.1814696
-0.17732493
-0.17313296
-0.16892098
-0.16471845
-0.16056071
-0.15649703
-0.15256773
-0.14878573
-0.14515515
-0.14167236
-0.13832851
-0.13511027
-0.13200134
-0.1289822
-0.12603185
-0.12312709
-0.12024369
-0.11735601
-0.11443742
-0.11146041
-0.10839675
-0.10521753
-0.10189342
-0.098395289
-0.094694282
-0.090763009
-0.086576111
-0.082111623
-0.077352387
-0.072287339
-0.066913458
-0.061236996
-0.055275362
-0.049058775
-0.042632434
-0.03605782
-0.029411865
-0.022784283
-0.016274593
-0.0099892983
-0.0040369382
0.0014790373
0.0064672365
0.010854372
0.01458995
0.017649151
0.020032978
0.021766652
0.02289556
0.023480864
0.023593444
0.023309665
0.02270531
0.021853967
0.020821285
0.019667767
0.018441383
0.017187079
0.01593304
0.014712315
0.01353274
0.012424243
0.011370238
0.010413779
0.0094979948
0.0087131193
0.0079152416
0.0073241122
0.0065793362
0.0062489158
0.005392748
0.0055419705
0.0041389684
0.0054175239
0.0023552043
0.0063541861
-0.23332913
-0.23332377
-0.23331695
-0.23330928
-0.23330011
-0.23328768
-0.23326877
-0.23323874
-0.23319243
-0.23312472
-0.23303267
-0.23291879
-0.23278402
-0.23262141
-0.2324237
-0.23218612
-0.23190376
-0.23156616
-0.23116788
-0.23070821
-0.23018142
-0.22958187
-0.22890217
-0.2281355
-0.2272765
-0.22631709
-0.22524777
-0.22406206
-0.2227489
-0.22129773
-0.21969964
-0.21794007
-0.21600826
-0.21388834
-0.21158286
-0.2090386
-0.20624396
-0.20324322
-0.20001818
-0.19656901
-0.1929118
-0.18905719
-0.18504682
-0.18093322
-0.17674041
-0.17250729
-0.16826273
-0.16403666
-0.15986281
-0.15579072
-0.15186016
-0.14808366
-0.14446426
-0.14099725
-0.1376728
-0.13447676
-0.13139181
-0.12839821
-0.12547404
-0.12259599
-0.11973945
-0.11687854
-0.11398653
-0.11103601
-0.10799855
-0.10484539
-0.10154753
-0.098075814
-0.094401902
-0.090498608
-0.086341157
-0.08190803
-0.077182682
-0.072154715
-0.066821743
-0.061190608
-0.055279269
-0.049118218
-0.042752658
-0.036243781
-0.029667637
-0.023112682
-0.016676622
-0.010463827
-0.0045803866
0.00087285279
0.0058068383
0.010150227
0.013853952
0.016893849
0.019270899
0.021009618
0.02215418
0.02276417
0.022908688
0.022662307
0.022099068
0.021291042
0.020302494
0.01919289
0.018009238
0.016795976
0.015580612
0.014396213
0.013249983
0.012172473
0.011146085
0.010215501
0.0093216308
0.0085583924
0.0077766871
0.0072045565
0.0064694901
0.0061581732
0.0053033392
0.0054756146
0.0040643512
0.0053696891
0.0023011205
0.006310047
-0.23287227
-0.23286772
-0.23286175
-0.23285489
-0.2328463
-0.23283465
-0.23281765
-0.23279144
-0.23275043
-0.2326896
-0.23260626
-0.23250259
-0.23237986
-0.23223223
-0.23205305
-0.23183678
-0.23157762
-0.2312661
-0.23089588
-0.2304671
-0.22997169
-0.22940246
-0.22875247
-0.22801595
-0.22718439
-0.22624804
-0.22519884
-0.22402781
-0.22272442
-0.22127683
-0.21967384
-0.217903
-0.21595234
-0.21380653
-0.21146562
-0.20888167
-0.20604164
-0.2029865
-0.19970315
-0.1961976
-0.19247761
-0.18856224
-0.18449579
-0.18032689
-0.17608654
-0.17181263
-0.16753833
-0.16329181
-0.15910562
-0.15502901
-0.15110154
-0.14733486
-0.14373095
-0.14028401
-0.13698299
-0.13381294
-0.13075564
-0.12779075
-0.1248959
-0.1220473
-0.11922001
-0.11638812
-0.11352481
-0.1106024
-0.10759281
-0.1044672
-0.10119675
-0.097752565
-0.094106657
-0.090232157
-0.086104765
-0.081703539
-0.077012412
-0.072021758
-0.06672964
-0.061143741
-0.055282281
-0.049176177
-0.04287073
-0.036426654
-0.029919289
-0.023435745
-0.017072127
-0.010930645
-0.005115004
0.00027640438
0.0051568072
0.0094568221
0.013128711
0.016149007
0.018518674
0.020261602
0.021420793
0.02205434
0.022229627
0.022019497
0.021496294
0.020730603
0.019785327
0.01871891
0.01757739
0.016404693
0.015227642
0.014079301
0.012966222
0.011919583
0.010920745
0.010016016
0.0091440768
0.0084025062
0.0076370395
0.0070839357
0.0063587447
0.0060664344
0.0052133841
0.0054081496
0.0039898461
0.0053203587
0.0022478428
0.0062642696
-0.23239273
-0.23238871
-0.23238373
-0.23237784
-0.23237058
-0.23236098
-0.23234662
-0.23232366
-0.23228764
-0.23223399
-0.23215947
-0.23206596
-0.23195421
-0.23181895
-0.2316548
-0.23145641
-0.23121795
-0.23093054
-0.23058738
-0.23018548
-0.22971853
-0.22917896
-0.22855974
-0.22785154
-0.22704571
-0.22613377
-0.22510615
-0.22395041
-0.22265632
-0.2212125
-0.21960565
-0.21782305
-0.21585253
-0.21367765
-0.21129826
-0.20867003
-0.20577765
-0.20266582
-0.19932268
-0.19575232
-0.19196804
-0.18798896
-0.18386397
-0.17963973
-0.17535243
-0.17103971
-0.16673862
-0.16247542
-0.1582817
-0.15420544
-0.15028601
-0.14653441
-0.14295098
-0.13952889
-0.13625603
-0.13311614
-0.13009059
-0.12715803
-0.12429572
-0.12147959
-0.11868431
-0.11588388
-0.11305135
-0.11015907
-0.10717896
-0.10408244
-0.10084073
-0.097425304
-0.093808303
-0.089963497
-0.085866802
-0.081497991
-0.07684153
-0.071888279
-0.066637179
-0.061096237
-0.055284367
-0.049232743
-0.042986647
-0.0366065
-0.030166855
-0.023753602
-0.017461238
-0.011389912
-0.0056409732
-0.000310528
0.0045169543
0.0087739587
0.012414049
0.015414469
0.017776195
0.01952253
0.02069538
0.021351398
0.021556327
0.021381336
0.020897119
0.020172807
0.019269963
0.018246015
0.017146033
0.016013428
0.014874316
0.013761759
0.01268164
0.011665742
0.01069438
0.0098154713
0.0089654627
0.0082455753
0.007496419
0.006962353
0.0062472047
0.0059737824
0.0051229728
0.0053396463
0.0039155083
0.0052696253
0.002195365
0.0062169461
-0.23191272
-0.23190942
-0.23190502
-0.23189995
-0.23189364
-0.23188479
-0.23187157
-0.23185114
-0.23181925
-0.23177087
-0.23170335
-0.23161775
-0.23151429
-0.23138993
-0.23123958
-0.23105738
-0.23083758
-0.23057271
-0.23025446
-0.22987733
-0.22943645
-0.22892395
-0.22833145
-0.22765063
-0.22687086
-0.22598265
-0.22497365
-0.22383279
-0.22254762
-0.22110512
-0.21949246
-0.21769442
-0.21569915
-0.2134921
-0.21107114
-0.20839448
-0.20544475
-0.20226822
-0.19885866
-0.19522026
-0.19136757
-0.18732361
-0.1831374
-0.17885917
-0.17452578
-0.17017787
-0.16585317
-0.16157823
-0.15738258
-0.15331251
-0.1494073
-0.14567652
-0.14211962
-0.13872796
-0.13548831
-0.13238364
-0.12939409
-0.12649796
-0.12367187
-0.12089141
-0.11813115
-0.11536476
-0.11256528
-0.10970525
-0.10675652
-0.10369063
-0.10047909
-0.097093578
-0.093506661
-0.089692353
-0.085627167
-0.08129127
-0.076669836
-0.071754298
-0.066544197
-0.061048131
-0.055285532
-0.04928784
-0.043100433
-0.03678335
-0.030410423
-0.024066379
-0.017844078
-0.011841747
-0.0061585296
-0.00088813499
0.0038870804
0.0081014249
0.011709785
0.014690078
0.017043345
0.018792329
0.019977901
0.020655352
0.020888839
0.020747912
0.020301664
0.0196178
0.018756565
0.017774381
0.016715352
0.015622364
0.014520825
0.013443773
0.012396407
0.011411113
0.010467141
0.0096140071
0.0087859278
0.0080877255
0.0073549334
0.0068398976
0.0061349587
0.0058802802
0.0050321724
0.0052701534
0.0038413657
0.0052175444
0.0021436503
0.0061681414
-0.23144077
-0.2314383
-0.23143509
-0.23143086
-0.23142529
-0.23141752
-0.23140602
-0.23138818
-0.23135993
-0.23131725
-0.23125715
-0.23117899
-0.23108364
-0.23096863
-0.23082913
-0.23066039
-0.230457
-0.23021097
-0.22991336
-0.22955776
-0.22913993
-0.22865226
-0.2280847
-0.22742733
-0.22666967
-0.22580033
-0.22480746
-0.22367819
-0.22239826
-0.22095392
-0.21933049
-0.21751383
-0.21548948
-0.21324338
-0.21077278
-0.20804101
-0.20502877
-0.20177949
-0.19829564
-0.194584
-0.19066049
-0.1865498
-0.18230137
-0.17796934
-0.17359229
-0.16921373
-0.16487037
-0.1605895
-0.15639848
-0.15234196
-0.148458
-0.14475541
-0.14123152
-0.13787668
-0.13467629
-0.13161209
-0.1286636
-0.12580826
-0.12302244
-0.12028124
-0.11755915
-0.11482963
-0.11206584
-0.10924022
-0.10632478
-0.10329129
-0.10011143
-0.096757164
-0.093201393
-0.089418487
-0.085385597
-0.081083267
-0.076497233
-0.071619694
-0.066450636
-0.060999372
-0.055285683
-0.049341494
-0.043212102
-0.036957278
-0.030650079
-0.024374135
-0.018220799
-0.012286381
-0.0066678092
-0.0014566351
0.0032669633
0.0074390145
0.011015717
0.013975674
0.016319983
0.0180709
0.019268315
0.019966204
0.020227207
0.020119309
0.019710039
0.01906572
0.018245291
0.01730418
0.016285528
0.015231688
0.014167348
0.013125516
0.0121107
0.011155862
0.010239187
0.00941177
0.0086056016
0.0079290706
0.0072127037
0.0067166725
0.0060221119
0.0057860121
0.0049410732
0.0051997428
0.0037674784
0.0051641998
0.002092712
0.0061179228
-0.23099304
-0.23099097
-0.23098818
-0.23098485
-0.23098031
-0.23097376
-0.23096401
-0.23094859
-0.23092411
-0.23088678
-0.23083325
-0.23076284
-0.23067575
-0.23056959
-0.23044083
-0.23028488
-0.23009504
-0.22986471
-0.22958452
-0.22924773
-0.2288498
-0.22838156
-0.22783342
-0.2271948
-0.22645482
-0.22560021
-0.22461847
-0.22349464
-0.22221434
-0.22076182
-0.21912085
-0.21727682
-0.21521542
-0.21291994
-0.21039047
-0.20759555
-0.20451352
-0.20118099
-0.19761444
-0.19382393
-0.18982493
-0.18564669
-0.18133603
-0.1769512
-0.17253628
-0.16813102
-0.1637763
-0.15949727
-0.15531894
-0.15128435
-0.14743047
-0.14376406
-0.14028117
-0.13697036
-0.13381579
-0.13079823
-0.12789615
-0.12508668
-0.12234541
-0.11964745
-0.1169669
-0.11427741
-0.11155196
-0.10876313
-0.10588312
-0.10288389
-0.099737255
-0.096415655
-0.092892169
-0.08914177
-0.085141878
-0.080873758
-0.07632364
-0.071484353
-0.066356434
-0.060949853
-0.055284869
-0.049393676
-0.04332167
-0.037128284
-0.030885884
-0.024677013
-0.018591528
-0.012723926
-0.0071690527
-0.0020162115
0.0026563698
0.0067865164
0.010331646
0.013271073
0.015605973
0.017358148
0.018566559
0.019283938
0.019571456
0.019495588
0.019122345
0.018516693
0.017736285
0.016835573
0.015856728
0.014841571
0.013814063
0.012807166
0.011824681
0.010900145
0.010010665
0.0092088947
0.0084246208
0.0077697342
0.0070698363
0.006592766
0.0059087525
0.0056910414
0.0048497427
0.005128463
0.0036938782
0.0051096379
0.0020425349
0.0060663298
-0.2306054
-0.2306042
-0.23060283
-0.23060069
-0.23059723
-0.23059212
-0.23058405
-0.23057093
-0.23054992
-0.23051726
-0.23046947
-0.23040507
-0.23032374
-0.23022389
-0.23010266
-0.22995515
-0.22977574
-0.22955776
-0.22929084
-0.22896826
-0.22858529
-0.22813204
-0.22759869
-0.22697329
-0.22624397
-0.22539732
-0.22441826
-0.22329163
-0.22200149
-0.22053031
-0.21886165
-0.21697953
-0.21486803
-0.21251135
-0.20990707
-0.20703925
-0.20387799
-0.2004486
-0.19679188
-0.19291523
-0.188835
-0.18458945
-0.18021738
-0.17578327
-0.17133672
-0.16691251
-0.16255532
-0.15828767
-0.15413218
-0.15012972
-0.14631574
-0.14269536
-0.13926221
-0.13600378
-0.13290253
-0.12993827
-0.12708883
-0.12433049
-0.12163873
-0.11898816
-0.11635302
-0.11370681
-0.1110226
-0.1082732
-0.10543087
-0.10246776
-0.099356167
-0.096068585
-0.092578742
-0.088861853
-0.084895872
-0.08066258
-0.0761489
-0.071348109
-0.066261486
-0.060899545
-0.055282998
-0.049444377
-0.043429137
-0.037296421
-0.031117914
-0.02497508
-0.018956421
-0.013154592
-0.0076624074
-0.00256711
0.0020550975
0.0061436973
0.0096573715
0.012576092
0.014901164
0.01665396
0.01787257
0.018608529
0.018921602
0.018876804
0.018538667
0.017970829
0.017229688
0.016368714
0.015429119
0.014452186
0.013461137
0.012488885
0.011538518
0.01064412
0.0097817281
0.009005525
0.0082431108
0.0076098279
0.0069264494
0.00646828
0.0057949837
0.0055954527
0.0047582693
0.0050563872
0.003620623
0.0050539431
0.0019931384
0.0060134296
-0.23029243
-0.2302925
-0.23029207
-0.23029075
-0.23028856
-0.23028475
-0.23027831
-0.23026771
-0.2302501
-0.23022196
-0.23018036
-0.23012293
-0.2300482
-0.22995495
-0.22984063
-0.22970107
-0.22953082
-0.22932211
-0.2290651
-0.22875245
-0.22837861
-0.22793403
-0.22740748
-0.2267872
-0.22605984
-0.22521046
-0.22422338
-0.22308207
-0.22176865
-0.22026489
-0.2185532
-0.21661581
-0.21443735
-0.21200421
-0.20930849
-0.2063502
-0.20309115
-0.19955196
-0.19579398
-0.19182452
-0.18766252
-0.18334655
-0.1789167
-0.17444064
-0.16997018
-0.16553823
-0.16118924
-0.15694474
-0.15282473
-0.14886673
-0.14510448
-0.14154101
-0.13816808
-0.13497121
-0.1319318
-0.12902842
-0.12623828
-0.12353707
-0.12090002
-0.11830156
-0.11571591
-0.11311653
-0.11047677
-0.10776948
-0.10496723
-0.1020424
-0.098967598
-0.095715672
-0.09226073
-0.088578418
-0.084647296
-0.080449593
-0.075972827
-0.071210887
-0.066165745
-0.060848336
-0.055280021
-0.049493578
-0.043534517
-0.037461734
-0.03134621
-0.025268477
-0.019315593
-0.013578519
-0.0081480986
-0.0031095362
0.0014629097
0.0055103523
0.0089926719
0.011890544
0.014205394
0.015958212
0.017186259
0.017939932
0.018277644
0.018262993
0.017959079
0.017428235
0.01672562
0.015903742
0.015002851
0.014063689
0.013108738
0.012170841
0.011252366
0.010387938
0.0095525175
0.0088017906
0.0080612049
0.0074494723
0.0067826475
0.0063433012
0.0056808908
0.005499309
0.0046667165
0.0049835654
0.0035477424
0.0049971658
0.0019445025
0.0059592691
-0.23010767
-0.23010862
-0.23010962
-0.2301101
-0.23010957
-0.23010761
-0.23010338
-0.23009525
-0.23008092
-0.23005742
-0.23002104
-0.22996851
-0.22989853
-0.22980998
-0.22970015
-0.22956522
-0.2293996
-0.2291955
-0.22894274
-0.228634
-0.22826332
-0.22781994
-0.2272917
-0.22666595
-0.22592794
-0.22506249
-0.22405265
-0.22287978
-0.22152477
-0.21996882
-0.21819296
-0.21617838
-0.21391036
-0.21137593
-0.20856821
-0.20549459
-0.20211658
-0.19845361
-0.19458409
-0.19051497
-0.18626705
-0.18188371
-0.17740258
-0.17289278
-0.16840953
-0.16398312
-0.15965717
-0.15545129
-0.15138171
-0.14748281
-0.1437861
-0.14029248
-0.13699139
-0.13386678
-0.13089856
-0.12806454
-0.12534107
-0.12270358
-0.12012697
-0.11758567
-0.11505383
-0.11250524
-0.1099133
-0.10725109
-0.10449143
-0.10160716
-0.098571004
-0.095356427
-0.09193776
-0.088291271
-0.084395908
-0.08023455
-0.07579523
-0.071072591
-0.066069046
-0.06079618
-0.055275872
-0.049541216
-0.043637816
-0.037624241
-0.03157088
-0.025557278
-0.019669183
-0.013995883
-0.0086263212
-0.003643695
0.00087957526
0.0048862293
0.0083373259
0.01121422
0.013518485
0.015270764
0.016507532
0.0172781
0.017639575
0.01765419
0.017383641
0.016889001
0.016224201
0.015440794
0.014578074
0.013676238
0.01275702
0.011853186
0.010966385
0.01013175
0.0093231808
0.0085978293
0.0078790251
0.0072887748
0.0066385458
0.0062179298
0.0055665746
0.0054026946
0.0045751703
0.0049100732
0.003475293
0.0049393892
0.0018966466
0.0059039236
-0.23008886
-0.23009155
-0.23009441
-0.23009667
-0.23009794
-0.23009776
-0.23009548
-0.23008994
-0.23007921
-0.23006013
-0.23002885
-0.22998199
-0.22991719
-0.22983268
-0.229726
-0.22959327
-0.2294289
-0.22922515
-0.22897165
-0.22866019
-0.22828362
-0.22783078
-0.22728934
-0.22664476
-0.22588149
-0.22498235
-0.22392886
-0.22270127
-0.22127971
-0.21964345
-0.21777283
-0.21565039
-0.21326174
-0.21059556
-0.20764768
-0.20443068
-0.2009083
-0.19710435
-0.19311092
-0.18893492
-0.18460142
-0.18015706
-0.17563464
-0.17110271
-0.16662275
-0.16221963
-0.1579359
-0.15378753
-0.14978669
-0.14596426
-0.14234937
-0.13894036
-0.13572443
-0.13268399
-0.12979759
-0.12704221
-0.12439363
-0.12182698
-0.11931705
-0.11683836
-0.11436521
-0.11187147
-0.10933096
-0.10671696
-0.1040027
-0.10116129
-0.09816589
-0.094990386
-0.091609506
-0.088000029
-0.084141495
-0.08001724
-0.075616046
-0.070932983
-0.065971266
-0.060742996
-0.055270504
-0.049587294
-0.043739027
-0.037783961
-0.031791971
-0.025841572
-0.020017324
-0.01440686
-0.0090972752
-0.0041698248
0.00030486096
0.0042711025
0.0076911016
0.010546913
0.012840262
0.014591475
0.015836285
0.016622965
0.017007368
0.017050403
0.016812408
0.016353209
0.015725534
0.014979991
0.014154924
0.013289977
0.012406138
0.011536078
0.01068072
0.0098756967
0.0090938524
0.0083937666
0.0076966995
0.0071278532
0.0064942447
0.0060922505
0.0054521182
0.0053056726
0.0044836911
0.0048359604
0.0034033011
0.0048806625
0.0018495557
0.00584744
-0.23030078
-0.23030548
-0.23031059
-0.23031496
-0.2303186
-0.23032125
-0.23032225
-0.23032043
-0.23031371
-0.23029903
-0.230273
-0.23023118
-0.23017028
-0.23008849
-0.22998293
-0.22984953
-0.2296825
-0.22947334
-0.2292115
-0.2288884
-0.2284959
-0.22802139
-0.22745047
-0.22676792
-0.22595699
-0.22499878
-0.22387326
-0.22255948
-0.22103601
-0.21928204
-0.21727781
-0.21500642
-0.21245508
-0.20961664
-0.20648988
-0.20309517
-0.19940076
-0.19543746
-0.19130905
-0.18702391
-0.18260792
-0.17811103
-0.17356359
-0.16902949
-0.16457424
-0.16021695
-0.15599922
-0.15193162
-0.14802172
-0.14429644
-0.14078207
-0.13747466
-0.1343591
-0.13141618
-0.12862329
-0.12595689
-0.12339215
-0.12090413
-0.1184677
-0.11605753
-0.11364812
-0.11121382
-0.10872851
-0.10616614
-0.10350019
-0.10070412
-0.097751688
-0.094617031
-0.091275565
-0.087704411
-0.083883708
-0.079797486
-0.075434957
-0.070792015
-0.065872301
-0.060688654
-0.05526385
-0.049631746
-0.043838109
-0.037940943
-0.032009514
-0.026121482
-0.020360159
-0.014811616
-0.0095611468
-0.0046881461
-0.00026147097
0.0036647162
0.007053767
0.0098884001
0.012170531
0.013920183
0.015172398
0.015974452
0.016380991
0.016451642
0.016245416
0.015820925
0.015229715
0.014521451
0.013733532
0.012905048
0.012056234
0.011219657
0.010395519
0.0096199232
0.0088646723
0.0081897341
0.007514344
0.0069668111
0.0063498563
0.0059663604
0.0053376192
0.0052083259
0.0043923613
0.0047613031
0.003331822
0.0048210699
0.0018032508
0.0057898907
-0.23084464
-0.23085208
-0.23086032
-0.23086812
-0.23087515
-0.23088111
-0.23088544
-0.23088699
-0.23088408
-0.23087399
-0.23085269
-0.23081514
-0.23075709
-0.2306757
-0.23056762
-0.23042842
-0.23025152
-0.23002799
-0.22974749
-0.22940016
-0.22897529
-0.228459
-0.22783599
-0.22708914
-0.22619917
-0.2251459
-0.22390797
-0.22246289
-0.22078866
-0.21886419
-0.21667079
-0.21419461
-0.21142656
-0.20836415
-0.2050127
-0.20139986
-0.19750363
-0.19336393
-0.18909361
-0.18470067
-0.18021128
-0.17567856
-0.17113277
-0.16662687
-0.16222194
-0.15794002
-0.1538183
-0.14985983
-0.14606751
-0.14246357
-0.1390716
-0.13588503
-0.13288686
-0.13005637
-0.12737007
-0.12480383
-0.12233275
-0.11993184
-0.11757625
-0.11524096
-0.11290084
-0.11053063
-0.10810479
-0.10559758
-0.10298296
-0.10023499
-0.09732777
-0.09423594
-0.090935477
-0.087404062
-0.083622353
-0.079574978
-0.075251853
-0.070649426
-0.065772051
-0.060633053
-0.055255832
-0.049674521
-0.043935049
-0.038095186
-0.032223576
-0.026397087
-0.020697811
-0.015210322
-0.010018143
-0.0051989003
-0.00081966706
0.0030668229
0.0064250751
0.0092384592
0.011509088
0.013256722
0.01451574
0.01533247
0.015760393
0.015857894
0.015682694
0.015292212
0.014736826
0.014065277
0.013314019
0.01252158
0.011707448
0.010904069
0.010110921
0.0093645612
0.0086357683
0.0079858504
0.0073320823
0.0068057611
0.0062054766
0.0058403418
0.0052231561
0.0051107166
0.0043012384
0.0046861515
0.0032608812
0.0047606585
0.0017577146
0.0057313217
-0.23182885
-0.23184004
-0.23185244
-0.23186431
-0.23187555
-0.23188603
-0.23189509
-0.23190185
-0.23190452
-0.23189993
-0.2318836
-0.23184955
-0.23179274
-0.23170935
-0.23159496
-0.23144375
-0.2312481
-0.23099811
-0.23068317
-0.23029223
-0.22981185
-0.22922613
-0.22851726
-0.22766579
-0.22665101
-0.22545051
-0.22404104
-0.2223997
-0.22050483
-0.21833674
-0.21588046
-0.21312622
-0.21007083
-0.20672035
-0.20308973
-0.19921401
-0.19508682
-0.19076114
-0.18634989
-0.18186168
-0.17732185
-0.17277941
-0.16827552
-0.163838
-0.15951762
-0.15535054
-0.15136172
-0.14754714
-0.14390389
-0.14044936
-0.13720469
-0.13416099
-0.1312992
-0.12859762
-0.12603213
-0.12357832
-0.1212115
-0.11890687
-0.11664003
-0.11438639
-0.11212145
-0.10982047
-0.10745843
-0.10501017
-0.10245023
-0.099753105
-0.096893488
-0.093846606
-0.090588856
-0.087098601
-0.08335708
-0.079349509
-0.075066501
-0.07050508
-0.065670334
-0.060576124
-0.055246319
-0.04971558
-0.044029828
-0.038246694
-0.032434203
-0.026668483
-0.021030408
-0.015603151
-0.010468483
-0.0057022879
-0.0013699837
0.002477172
0.0058047697
0.0085968507
0.010855722
0.01260091
0.013866172
0.014696918
0.015145513
0.015269139
0.015124254
0.014767113
0.014246945
0.013611566
0.012896497
0.012139701
0.011359909
0.010589444
0.0098270624
0.0091097464
0.0084072723
0.0077822408
0.0071500245
0.0066448019
0.0060612131
0.0057142887
0.0051088233
0.0050129262
0.0042104013
0.0046105806
0.0031905305
0.0046995107
0.0017129703
0.0056718082
-0.23348383
-0.23350014
-0.23351833
-0.23353605
-0.2335532
-0.23356957
-0.23358474
-0.23359737
-0.23360551
-0.23360571
-0.23359282
-0.23355971
-0.23349942
-0.23340671
-0.23327585
-0.23309906
-0.23286654
-0.23256656
-0.2321892
-0.23172134
-0.23114469
-0.23044061
-0.22958895
-0.22856779
-0.22735371
-0.22592271
-0.2242514
-0.22231719
-0.22010027
-0.217586
-0.21476534
-0.21163644
-0.20820693
-0.20449462
-0.20052566
-0.1963451
-0.19196971
-0.18746485
-0.18293273
-0.17837978
-0.17382914
-0.16932105
-0.16491155
-0.16059602
-0.15640926
-0.15240709
-0.14859664
-0.14496741
-0.14151032
-0.13823768
-0.13516843
-0.13229195
-0.12958763
-0.12703306
-0.12460385
-0.12227583
-0.1200246
-0.11782607
-0.11565636
-0.11349165
-0.11130812
-0.10908173
-0.10678815
-0.10440288
-0.10190102
-0.099257754
-0.096448283
-0.09344847
-0.090235283
-0.086787698
-0.083087564
-0.07912082
-0.074878638
-0.070358832
-0.065566975
-0.060517653
-0.05523529
-0.049754837
-0.044122419
-0.038395442
-0.032641469
-0.026935734
-0.021358085
-0.015990261
-0.010912364
-0.0061985621
-0.0019126694
0.0018955023
0.0051925966
0.007963326
0.010210209
0.011952557
0.013223531
0.01406768
0.014536278
0.014685341
0.014570101
0.014245666
0.013760133
0.013160404
0.012481069
0.011759521
0.011013746
0.010275912
0.0095440697
0.0088556009
0.0081793036
0.0075790169
0.0069682878
0.0064840413
0.005917157
0.0055882794
0.0049946949
0.0049150146
0.0041199025
0.0045346401
0.0031207927
0.0046376739
0.0016690049
0.0056113987
-0.23599766
-0.23602183
-0.23604892
-0.23607551
-0.23610149
-0.23612696
-0.23615129
-0.23617282
-0.23618914
-0.23619624
-0.23618728
-0.23615301
-0.23608423
-0.23597323
-0.23581151
-0.23558857
-0.23529108
-0.23490426
-0.23441878
-0.23381942
-0.23308087
-0.23218062
-0.23109517
-0.22979999
-0.22827023
-0.22648185
-0.22441261
-0.22204393
-0.2193629
-0.21636353
-0.21304788
-0.20942862
-0.20552861
-0.20138034
-0.19702393
-0.19251445
-0.18789968
-0.18325379
-0.17865208
-0.17409481
-0.16960131
-0.16520059
-0.16095546
-0.1568293
-0.15284197
-0.14906688
-0.14549024
-0.14209523
-0.13886682
-0.13581291
-0.13295056
-0.13026817
-0.12774416
-0.12535615
-0.12307995
-0.12089188
-0.11876842
-0.11668635
-0.11462272
-0.11255457
-0.11045908
-0.10831292
-0.10609271
-0.10377462
-0.1013345
-0.098748191
-0.095991519
-0.093040992
-0.089874315
-0.086470974
-0.08281355
-0.078888617
-0.074688085
-0.07021039
-0.065461838
-0.060457559
-0.055222587
-0.049792209
-0.044212775
-0.038541441
-0.032845377
-0.027198937
-0.021680984
-0.016371816
-0.011349987
-0.0066879739
-0.0024479694
0.0013215329
0.0045882826
0.0073376302
0.0095723147
0.011311457
0.01258766
0.013444633
0.013932605
0.014106458
0.014020225
0.013727893
0.013276444
0.012711869
0.012067833
0.011381154
0.010669071
0.0099635928
0.0092620695
0.008602251
0.0079519858
0.0073762966
0.0067869757
0.0063235729
0.0057734099
0.0054624046
0.0048808602
0.0048170613
0.0040298174
0.0044584044
0.0030517173
0.0045752288
0.0016258418
0.0055501667
-0.24013914
-0.24017466
-0.24021406
-0.24025293
-0.24029148
-0.24032906
-0.24036439
-0.24039537
-0.24041779
-0.24042553
-0.24040961
-0.24035687
-0.24025422
-0.24008998
-0.23985065
-0.23952012
-0.23908034
-0.23851842
-0.23782149
-0.23696382
-0.23591563
-0.23465168
-0.2331465
-0.23137505
-0.22931385
-0.2269433
-0.22424891
-0.22122374
-0.21786856
-0.21419462
-0.21022322
-0.20598693
-0.20152755
-0.19689403
-0.19213987
-0.18732523
-0.18253698
-0.17784689
-0.17327563
-0.16881724
-0.16448743
-0.16030034
-0.15631642
-0.15246739
-0.14876325
-0.14529093
-0.14201278
-0.13890796
-0.13595594
-0.13316124
-0.13054019
-0.12808096
-0.1257619
-0.12356118
-0.12145557
-0.11942251
-0.1174396
-0.11548486
-0.11353665
-0.11157315
-0.10957254
-0.10751267
-0.1053709
-0.1031244
-0.1007498
-0.09822366
-0.095522585
-0.092623749
-0.089505467
-0.086148048
-0.082534673
-0.078652651
-0.074494558
-0.070059597
-0.065354704
-0.060395705
-0.055208066
-0.049827625
-0.044300801
-0.038684716
-0.033045935
-0.027458178
-0.021999209
-0.016747993
-0.011781571
-0.0071707271
-0.0029761747
0.0007550001
0.0039915594
0.0067195007
0.0089418
0.010677404
0.011958377
0.012827633
0.01333439
0.013532426
0.013474607
0.013213811
0.01279592
0.012266025
0.011656872
0.011004697
0.010325998
0.0096526057
0.0089811761
0.0083498087
0.0077254293
0.0071741835
0.0066061981
0.006163498
0.0056300582
0.0053367384
0.0047673895
0.0047191238
0.003940195
0.004381921
0.0029833243
0.0045122188
0.0015834618
0.0054881554
-0.24613206
-0.24618952
-0.24625305
-0.24631478
-0.246375
-0.24643257
-0.24648492
-0.24652798
-0.2465546
-0.24655442
-0.24651231
-0.24640868
-0.24621974
-0.24592619
-0.2455073
-0.24493996
-0.24420787
-0.24329963
-0.24218817
-0.24083758
-0.23922008
-0.23731091
-0.23508696
-0.23252916
-0.22962451
-0.22636725
-0.22276055
-0.21881922
-0.21456824
-0.21004474
-0.20529631
-0.20037968
-0.19535582
-0.19028732
-0.18523292
-0.18024864
-0.17545641
-0.1709065
-0.16653731
-0.16234295
-0.15833259
-0.15450392
-0.15090912
-0.14744965
-0.14412986
-0.14104748
-0.13814058
-0.13538785
-0.13276436
-0.13027258
-0.1279293
-0.12572384
-0.1236354
-0.12164366
-0.11972695
-0.11786441
-0.11603528
-0.11421926
-0.11239612
-0.11054558
-0.10864704
-0.10667955
-0.10462162
-0.10245126
-0.10014609
-0.097683514
-0.095040879
-0.09219616
-0.089128381
-0.085818542
-0.082250625
-0.078412611
-0.074297834
-0.069906219
-0.065245384
-0.060331855
-0.055191643
-0.049860951
-0.04438648
-0.038825193
-0.033243209
-0.027713526
-0.022312874
-0.017118966
-0.012207295
-0.0076470957
-0.0034975305
0.00019562266
0.0034021348
0.0061086647
0.0083184085
0.010050163
0.011335494
0.012216533
0.012741527
0.012963181
0.012933213
0.012703417
0.012318595
0.011822932
0.011248265
0.010630244
0.0099846261
0.0093430549
0.0087015064
0.0080983899
0.0074997484
0.006972788
0.0064260511
0.006003904
0.0054871975
0.0052113672
0.0046543669
0.0046212793
0.0038511053
0.0043052628
0.0029156603
0.0044487231
0.0015418909
0.0054254399
-0.25653441
-0.25663506
-0.25674734
-0.256858
-0.25696761
-0.25707484
-0.25717137
-0.25724446
-0.25727575
-0.25724134
-0.25711131
-0.25685204
-0.25642126
-0.25578252
-0.25490987
-0.25377785
-0.25236363
-0.25063983
-0.24857274
-0.24613487
-0.24330945
-0.24008758
-0.23646893
-0.23246289
-0.22809144
-0.22338688
-0.21839341
-0.2131656
-0.2077651
-0.20225966
-0.19672014
-0.19121513
-0.18580738
-0.18054878
-0.17547708
-0.1706625
-0.16621223
-0.16208799
-0.15817822
-0.15448462
-0.15100488
-0.14771935
-0.14467077
-0.14173654
-0.13891746
-0.13631975
-0.13386227
-0.13152683
-0.12928594
-0.12714204
-0.12511401
-0.12319335
-0.12136168
-0.11960083
-0.1178916
-0.11621534
-0.11455343
-0.11288759
-0.11119952
-0.1094704
-0.10768127
-0.10581253
-0.10384383
-0.10175436
-0.099522676
-0.097127102
-0.094545889
-0.091757771
-0.088742609
-0.08548213
-0.08196105
-0.078168199
-0.074097646
-0.069750004
-0.065133704
-0.06026586
-0.055173105
-0.049892109
-0.044469716
-0.038962837
-0.033437183
-0.027965021
-0.022622103
-0.017484895
-0.012627386
-0.0081173115
-0.004012317
-0.00035689418
0.0028197226
0.0055048341
0.0077018764
0.0094295039
0.010718801
0.011611163
0.012153888
0.012398634
0.012395999
0.012196707
0.011844487
0.011382635
0.010842079
0.010257877
0.0096450554
0.0090350474
0.0084231623
0.0078480967
0.0072750442
0.0067722052
0.0062466377
0.0058448867
0.0053449074
0.0050863607
0.0045418566
0.0045235822
0.0037625925
0.0042284758
0.0028487435
0.0043847857
0.0015011139
0.0053620648
-0.27750475
-0.27769536
-0.27791998
-0.27812321
-0.27823217
-0.27818386
-0.27793435
-0.27745412
-0.27671471
-0.27568401
-0.27433292
-0.27262871
-0.27054588
-0.26806569
-0.26518449
-0.26191087
-0.25825194
-0.25421102
-0.24979973
-0.24503943
-0.23995626
-0.23458468
-0.22896275
-0.22313692
-0.2171597
-0.21108758
-0.20498155
-0.19890538
-0.19291979
-0.18708429
-0.18146499
-0.17612018
-0.17108489
-0.16637991
-0.162017
-0.15803175
-0.15443343
-0.15112588
-0.14802943
-0.14514528
-0.14245356
-0.13992312
-0.1375928
-0.13533131
-0.13313429
-0.13111636
-0.1291849
-0.12733033
-0.12552494
-0.12377259
-0.12209601
-0.12049051
-0.1189409
-0.11743242
-0.11594886
-0.11447437
-0.11299306
-0.11148888
-0.10994568
-0.10834662
-0.1066743
-0.10491066
-0.10303678
-0.10103297
-0.098878917
-0.096553898
-0.094037125
-0.091308177
-0.088347747
-0.085138409
-0.081665685
-0.07791915
-0.07389368
-0.069590737
-0.06501942
-0.060197511
-0.055152313
-0.049920912
-0.044550417
-0.039097608
-0.033627878
-0.028212728
-0.022927003
-0.017845937
-0.013042066
-0.0085816132
-0.0045208026
-0.00090284652
0.0022440227
0.0049077163
0.0070919231
0.0088151704
0.010108088
0.011011353
0.011571341
0.011838693
0.011862907
0.011693656
0.01137361
0.010945174
0.010438377
0.0098876761
0.0093073697
0.0087286743
0.0081462477
0.0075990346
0.007051422
0.006572537
0.0060680464
0.0056865268
0.0052032778
0.0049618003
0.0044299379
0.004426106
0.0036747223
0.004151631
0.0027826176
0.004320481
0.0014611538
0.0052981017
-0.32023468
-0.31911333
-0.31785266
-0.31658756
-0.31516757
-0.31346211
-0.31135445
-0.3087332
-0.3054989
-0.30160461
-0.29705385
-0.29185923
-0.28605735
-0.27968664
-0.2728227
-0.26555181
-0.25791513
-0.24995918
-0.24175622
-0.23339781
-0.22498127
-0.21661662
-0.20840697
-0.20045957
-0.19287018
-0.18571713
-0.17906324
-0.17295019
-0.16739326
-0.162391
-0.15793005
-0.15397551
-0.1504762
-0.14738256
-0.14465219
-0.14223014
-0.14005046
-0.13804724
-0.13617736
-0.1344307
-0.13278434
-0.13121035
-0.12974696
-0.12829965
-0.12684327
-0.12548038
-0.12414054
-0.12282268
-0.12149923
-0.12017741
-0.11888479
-0.11762189
-0.11637761
-0.11514129
-0.11390045
-0.11264248
-0.11135445
-0.11002305
-0.10863438
-0.10717375
-0.10562559
-0.1039735
-0.10219993
-0.1002866
-0.098214303
-0.095963457
-0.093514164
-0.090846978
-0.087943498
-0.084787085
-0.081364183
-0.077665162
-0.073685728
-0.069428148
-0.064902245
-0.0601266
-0.055129081
-0.049947233
-0.044628442
-0.039229469
-0.033815254
-0.028456685
-0.023227686
-0.018202228
-0.01345152
-0.0090402674
-0.0050232771
-0.0014425266
0.0016747243
0.004317009
0.0064882639
0.0082069073
0.0095031255
0.010416908
0.010993733
0.011283246
0.01133387
0.011194235
0.010905963
0.010510574
0.010037204
0.009519704
0.0089716542
0.008424029
0.0078708525
0.0073512937
0.0068289719
0.00637387
0.0058903718
0.0055289131
0.0050623818
0.0048377508
0.0043186692
0.0043289026
0.0035875346
0.0040747718
0.0027172962
0.0042558487
0.0014219932
0.0052335906
-0.038224317
-0.058365412
-0.058648386
-0.057156479
-0.057432552
-0.05848545
-0.059703531
-0.061003187
-0.062414833
-0.063973394
-0.065713613
-0.067670728
-0.069870766
-0.072337493
-0.075087694
-0.078119062
-0.081392605
-0.08486707
-0.08850329
-0.092276174
-0.096141581
-0.10000272
-0.103757
-0.10731669
-0.11060675
-0.11356916
-0.116161
-0.11835533
-0.12014713
-0.12155205
-0.12259707
-0.12331521
-0.12375615
-0.1239736
-0.1240228
-0.12394562
-0.12376731
-0.12350697
-0.12317568
-0.12278843
-0.12235031
-0.1218555
-0.12134612
-0.12079528
-0.12015458
-0.11949329
-0.11879278
-0.1180515
-0.11724387
-0.11638222
-0.11549932
-0.11460113
-0.11368153
-0.11273431
-0.11175107
-0.1107228
-0.1096397
-0.10849133
-0.10726632
-0.10595215
-0.10453525
-0.10300086
-0.10133313
-0.099515005
-0.097528611
-0.095355463
-0.092976715
-0.090373893
-0.087529517
-0.084427879
-0.081056282
-0.077405956
-0.073473497
-0.06926193
-0.064781986
-0.060052911
-0.055103173
-0.049970906
-0.044703686
-0.039358284
-0.033999298
-0.028696953
-0.023524218
-0.018553954
-0.013855956
-0.0094935159
-0.0055200231
-0.0019762451
0.0011115079
0.0037323973
0.0058905997
0.0076044365
0.008903675
0.0098276259
0.010420906
0.010732177
0.010808806
0.010698397
0.010441537
0.010078858
0.0096386068
0.0091540242
0.0086379778
0.008121189
0.0075970696
0.0071049691
0.0066077898
0.0061762973
0.0057136937
0.0053721193
0.004922302
0.0047142885
0.0042081243
0.0042320416
0.00350109
0.0039979661
0.0026528203
0.0041909636
0.0013836561
0.0051686028
-0.029280785
-0.044056823
-0.044976673
-0.044943449
-0.046105805
-0.047476567
-0.04871852
-0.049958547
-0.05128236
-0.052651303
-0.054003996
-0.055329194
-0.056649487
-0.05798579
-0.059330938
-0.060689432
-0.062107793
-0.063631248
-0.065288172
-0.067098537
-0.069067528
-0.071185376
-0.073448203
-0.075880512
-0.078497048
-0.081261775
-0.084124786
-0.087037603
-0.089952785
-0.092821061
-0.095588269
-0.09820123
-0.10061632
-0.10280269
-0.10474577
-0.10644723
-0.10791748
-0.10917098
-0.11021997
-0.11108496
-0.11178523
-0.11232765
-0.11275046
-0.11306845
-0.11323209
-0.11328397
-0.1132396
-0.11308917
-0.11281267
-0.11242705
-0.11196908
-0.11145006
-0.11086856
-0.11022302
-0.10950904
-0.10872119
-0.10785292
-0.10689661
-0.10584343
-0.10468307
-0.10340403
-0.10199332
-0.10043657
-0.098718287
-0.096821807
-0.09472983
-0.092424622
-0.089888736
-0.087105623
-0.084060541
-0.080741708
-0.077141253
-0.073256676
-0.069091872
-0.064658352
-0.059976136
-0.055074395
-0.049991691
-0.044776003
-0.039483997
-0.03417996
-0.028933516
-0.023816688
-0.018901242
-0.014255595
-0.0099416089
-0.0060113336
-0.0025043188
0.000554053
0.0031535562
0.0052986236
0.0070074749
0.0083094747
0.0092432885
0.0098526788
0.010185348
0.010287626
0.010206092
0.0099803097
0.0096500291
0.0092426143
0.0087906856
0.0083064095
0.0078202344
0.007324976
0.0068601402
0.0063879559
0.0059798964
0.0055380991
0.0052162274
0.0047831047
0.0045914733
0.0040983554
0.0041355715
0.003415423
0.0039212545
0.0025892009
0.0041258615
0.0013461242
0.0051031776
-0.030750021
-0.043819296
-0.044396973
-0.044333306
-0.045459779
-0.046811658
-0.047928889
-0.048821297
-0.04962841
-0.050492852
-0.051482156
-0.052572357
-0.053707819
-0.054856073
-0.056011513
-0.05718339
-0.058389687
-0.059650846
-0.06097823
-0.062352425
-0.063759077
-0.065220323
-0.066756183
-0.068375106
-0.070070121
-0.071823459
-0.073642653
-0.075554984
-0.077565176
-0.079653192
-0.081800461
-0.08399265
-0.086213426
-0.088440205
-0.09064425
-0.092796505
-0.094867346
-0.09682672
-0.098647594
-0.10031778
-0.10183145
-0.10317757
-0.10437054
-0.10542841
-0.1063064
-0.1070273
-0.10761016
-0.1080319
-0.10827808
-0.10836646
-0.1083349
-0.10819904
-0.10796133
-0.10762417
-0.1071867
-0.10664674
-0.10600073
-0.10524366
-0.10436911
-0.10336898
-0.10223366
-0.10095195
-0.099511081
-0.097896922
-0.096094171
-0.094086711
-0.091857944
-0.089391434
-0.086671672
-0.083684895
-0.080420259
-0.076870834
-0.073035028
-0.06891767
-0.064531046
-0.059896033
-0.055042466
-0.050009422
-0.044845183
-0.03960645
-0.034357193
-0.029166371
-0.0241052
-0.019244234
-0.014650616
-0.010384797
-0.0064974955
-0.0030270717
2.0214857e-06
0.0025801515
0.0047120035
0.0064157171
0.007720265
0.0086636705
0.0092888678
0.0096426181
0.009770221
0.0097172497
0.0095222522
0.0092240901
0.0088492527
0.0084297338
0.0079770049
0.0075212295
0.0070546518
0.0066168906
0.0061695553
0.0057847514
0.0053636595
0.0050613038
0.0046448656
0.0044693758
0.0039894298
0.004039558
0.0033305897
0.0038447027
0.002526476
0.0040606126
0.0013094211
0.0050373831
-0.031073982
-0.042338227
-0.041825155
-0.04103422
-0.041551682
-0.042434919
-0.043264265
-0.043995548
-0.044630628
-0.045186779
-0.045729469
-0.046343614
-0.047071965
-0.047894038
-0.048765653
-0.049655663
-0.050555768
-0.05147726
-0.052440818
-0.053468843
-0.054584475
-0.055811921
-0.05716514
-0.058624805
-0.060167758
-0.061803371
-0.063544246
-0.065386897
-0.067308566
-0.069296865
-0.071366088
-0.073512889
-0.075707618
-0.077926369
-0.080156848
-0.082390231
-0.084613045
-0.086804097
-0.08893956
-0.091001092
-0.092970461
-0.094823725
-0.096552827
-0.098163395
-0.099615786
-0.10091221
-0.10205081
-0.10299311
-0.10372744
-0.10426757
-0.10464823
-0.10488717
-0.10498948
-0.10496012
-0.10480084
-0.10451202
-0.10409246
-0.10353943
-0.10284852
-0.10201364
-0.10102691
-0.099878798
-0.098558042
-0.097051924
-0.095346391
-0.09342655
-0.091276889
-0.088882115
-0.086227664
-0.083300858
-0.080091755
-0.076594461
-0.072808306
-0.06873899
-0.064399806
-0.059812309
-0.055007093
-0.050023828
-0.044911029
-0.039725502
-0.034530881
-0.029395542
-0.02438978
-0.019583057
-0.015041222
-0.010823349
-0.006978815
-0.0035448237
-0.00054493197
0.0020118357
0.0041304134
0.0058288581
0.0071357603
0.0080885227
0.0087292678
0.0091038225
0.0092564763
0.0092317949
0.0090673198
0.0088010265
0.0084585349
0.0080712013
0.0076498182
0.0072242397
0.0067861616
0.0063752884
0.005952658
0.0055909307
0.0051904527
0.0049074235
0.004507644
0.0043480499
0.0038813948
0.0039440444
0.0032466182
0.0037683485
0.0024646535
0.003995251
0.0012735275
0.004971254
-0.031350457
-0.041796369
-0.040908237
-0.039878366
-0.040133659
-0.040743454
-0.041339402
-0.041915769
-0.04248165
-0.043014374
-0.043500051
-0.043961101
-0.044452778
-0.045028657
-0.045703459
-0.046449612
-0.04722795
-0.048012949
-0.048798961
-0.049596102
-0.050423267
-0.051302734
-0.052256807
-0.053304273
-0.054462142
-0.055746803
-0.057151803
-0.05865206
-0.060241128
-0.061933578
-0.063735069
-0.065629441
-0.067610811
-0.069695225
-0.071871422
-0.074104771
-0.07636582
-0.078633407
-0.08089051
-0.083123499
-0.085316137
-0.087446458
-0.089501622
-0.091478894
-0.093354826
-0.095110622
-0.096706606
-0.098092289
-0.099256787
-0.10020662
-0.100969
-0.1015611
-0.10198908
-0.10225865
-0.10237278
-0.10233328
-0.1021405
-0.10179327
-0.10128874
-0.10062236
-0.099787779
-0.098776832
-0.097579682
-0.096184885
-0.094579611
-0.092750128
-0.090682013
-0.088361067
-0.085773758
-0.082908418
-0.079756109
-0.076311937
-0.072576213
-0.068555599
-0.064264254
-0.05972464
-0.054967992
-0.050034589
-0.044973328
-0.039840982
-0.034700955
-0.029620964
-0.024670471
-0.019917841
-0.015427614
-0.011257506
-0.0074555891
-0.0040579168
-0.0010871562
0.0014482529
0.0035534992
0.0052465648
0.006555667
0.0075175945
0.0081736677
0.0085687934
0.0087462603
0.0087496374
0.0086154619
0.0083808198
0.0080704679
0.0077151182
0.0073248885
0.0069293158
0.0065195726
0.0061354055
0.0057373385
0.0053985089
0.0050185412
0.0047546451
0.0043715079
0.0042275609
0.0037743108
0.003849094
0.0031635607
0.0036922535
0.0024037661
0.0039298429
0.0012384667
0.0049048564
-0.032019237
-0.041951027
-0.040820589
-0.039686408
-0.039829937
-0.040297555
-0.040740525
-0.041174587
-0.041628182
-0.042091247
-0.042543176
-0.042972072
-0.043385736
-0.043816647
-0.044308673
-0.044888103
-0.045547654
-0.046255783
-0.046981653
-0.047709653
-0.048441366
-0.049188925
-0.049969441
-0.050802114
-0.051705764
-0.052697615
-0.053790619
-0.054994401
-0.056318131
-0.057755201
-0.059274595
-0.060861079
-0.062531549
-0.064299206
-0.066150322
-0.068088618
-0.070133148
-0.07226423
-0.074447465
-0.076660319
-0.078887883
-0.081112675
-0.083321123
-0.085505211
-0.087667804
-0.089764974
-0.091707703
-0.093443773
-0.094962853
-0.096263291
-0.09736179
-0.098272675
-0.099001419
-0.099552367
-0.099928128
-0.10013051
-0.10016038
-0.10001719
-0.09969899
-0.099202218
-0.098521629
-0.097650159
-0.096579089
-0.095298115
-0.093795539
-0.092058655
-0.090074166
-0.087828843
-0.085310261
-0.082507695
-0.079413297
-0.076023123
-0.072338548
-0.06836717
-0.064124092
-0.05963264
-0.054924803
-0.050041438
-0.045031766
-0.03995268
-0.034867235
-0.029842585
-0.024947323
-0.020248694
-0.015809969
-0.011687527
-0.00792812
-0.0045666985
-0.0016250201
0.00088903315
0.0029809052
0.0046685015
0.0059796756
0.0069506092
0.0076218329
0.0080373425
0.0082394348
0.0082706789
0.0081666134
0.0079634374
0.0076850458
0.0073614984
0.007002255
0.0066365102
0.0062549372
0.0058972986
0.0055236565
0.0052075449
0.0048479949
0.004603036
0.0042365092
0.0041079575
0.0036682182
0.0037547457
0.0030814409
0.0036164522
0.00234382
0.0038644204
0.0012042169
0.0048382217
-0.033028666
-0.04255526
-0.041189351
-0.039980616
-0.040065806
-0.040451544
-0.040796816
-0.041127953
-0.041482596
-0.041859678
-0.042246378
-0.042630734
-0.043005182
-0.043373326
-0.043755791
-0.044185577
-0.04468953
-0.045269534
-0.045903947
-0.046564143
-0.047231336
-0.047901422
-0.048581866
-0.049286972
-0.050033715
-0.050839441
-0.051720338
-0.052691086
-0.053764347
-0.054948518
-0.056247267
-0.057664002
-0.059183677
-0.060771041
-0.062413789
-0.064125646
-0.065905067
-0.067728186
-0.069626375
-0.071635171
-0.073727818
-0.07588066
-0.078086636
-0.080343915
-0.082674082
-0.084994984
-0.087166052
-0.089149301
-0.090935437
-0.09251469
-0.093891811
-0.095076328
-0.096071303
-0.09687775
-0.097496233
-0.097927222
-0.098170738
-0.098225887
-0.098090788
-0.097762205
-0.097235423
-0.096504114
-0.095560352
-0.09439474
-0.092996496
-0.091353878
-0.089454567
-0.087286301
-0.084837679
-0.082098975
-0.079063362
-0.075727951
-0.072095071
-0.068173408
-0.063978977
-0.05953594
-0.054877141
-0.050043976
-0.045086054
-0.040060335
-0.035029572
-0.03006034
-0.025220329
-0.02057571
-0.016188479
-0.012113649
-0.0083967244
-0.0050715054
-0.0021588956
0.00033379585
0.0024122571
0.00409431
0.0054074615
0.0063872841
0.0070735246
0.0075092753
0.0077358423
0.0077948033
0.0077207033
0.0075488413
0.0073022598
0.007010357
0.0066819423
0.0063458593
0.0059923104
0.0056610279
0.005311676
0.005018104
0.0046788673
0.0044526477
0.0041027089
0.0039892984
0.0035631722
0.0036610572
0.0030003043
0.0035410034
0.0022848446
0.0037990444
0.001170801
0.0047714135
-0.034332394
-0.043503299
-0.041891375
-0.040619817
-0.040673915
-0.041010091
-0.041292463
-0.041554862
-0.041838688
-0.042146771
-0.042471135
-0.04280417
-0.04313902
-0.043471221
-0.043803125
-0.044149539
-0.044535919
-0.044985784
-0.045504776
-0.046077398
-0.04667888
-0.047290128
-0.047904495
-0.048526328
-0.04916686
-0.049840891
-0.050564667
-0.051353895
-0.052222748
-0.053183267
-0.054246184
-0.055420704
-0.056711059
-0.058116981
-0.059642721
-0.06126342
-0.062926263
-0.064602277
-0.066297971
-0.068018337
-0.069814857
-0.07175371
-0.073825292
-0.076076597
-0.07849171
-0.080896903
-0.083167068
-0.085289979
-0.087250459
-0.089029436
-0.090620076
-0.092025434
-0.093244542
-0.094273448
-0.095109266
-0.095749784
-0.096193009
-0.096436643
-0.096477934
-0.096313252
-0.095937787
-0.095345444
-0.094528711
-0.093478763
-0.092185544
-0.090638063
-0.088824863
-0.086734602
-0.084356766
-0.081682686
-0.078706502
-0.075426359
-0.071845635
-0.067974007
-0.063828476
-0.05943414
-0.054824581
-0.050041794
-0.045135837
-0.040163664
-0.035187755
-0.030274093
-0.025489481
-0.020898978
-0.0165633
-0.01253614
-0.0088617096
-0.0055726989
-0.0026891639
-0.00021784807
0.0018471639
0.0035236276
0.0048386833
0.0058273152
0.0065284823
0.0069843756
0.0072353192
0.0073218906
0.0072776442
0.0071369786
0.0069220854
0.0066616927
0.006363975
0.0060574019
0.0057317313
0.00542664
0.0051014456
0.0048302359
0.0045112189
0.0043035398
0.0039701514
0.0038716264
0.0034592068
0.0035680635
0.0029201696
0.003465938
0.0022268424
0.0037337441
0.0011381966
0.0047044588
-0.035895223
-0.044718223
-0.042838397
-0.041507426
-0.041545896
-0.041850498
-0.042088819
-0.042301816
-0.042533648
-0.042788866
-0.043061806
-0.043347635
-0.0436419
-0.043940049
-0.044239205
-0.044542066
-0.044860383
-0.045214754
-0.045625081
-0.04609776
-0.046620865
-0.047173085
-0.047736696
-0.04830413
-0.04887783
-0.049466781
-0.050083951
-0.05074375
-0.051460823
-0.05224872
-0.053119319
-0.05408226
-0.055145373
-0.056315644
-0.057600969
-0.05900241
-0.060515069
-0.062123987
-0.063756701
-0.065348515
-0.066959044
-0.068695689
-0.070623873
-0.072815307
-0.075171984
-0.077500642
-0.079751468
-0.081915513
-0.08396132
-0.085861452
-0.087598867
-0.08916901
-0.09056548
-0.09177851
-0.092800925
-0.093626766
-0.094251038
-0.0946691
-0.094876454
-0.09486829
-0.094639067
-0.094182358
-0.09349063
-0.092555238
-0.091366547
-0.089914142
-0.088187224
-0.086175251
-0.083868589
-0.081259451
-0.078343002
-0.075118399
-0.071590056
-0.067768647
-0.063672239
-0.059326757
-0.054766609
-0.050034464
-0.045180692
-0.040262314
-0.035341544
-0.030483715
-0.025754738
-0.021218558
-0.016934609
-0.012955241
-0.0093233802
-0.0060706459
-0.0032162216
-0.00076631069
0.0012852282
0.0029560676
0.0042729922
0.0052703888
0.005986438
0.006462422
0.0067376832
0.0068518033
0.0068373432
0.0067277922
0.0065444962
0.0063155032
0.0060483627
0.005771161
0.0054732422
0.0051941832
0.0048930194
0.0046439965
0.0043450946
0.004155756
0.0038388899
0.0037549945
0.0033563704
0.0034758186
0.0028410782
0.0033913107
0.0021698395
0.0036685779
0.001106425
0.0046374175
-0.037688122
-0.046142076
-0.04396578
-0.042575654
-0.042608373
-0.042891308
-0.043096163
-0.043271746
-0.043463948
-0.043677785
-0.043908707
-0.044153528
-0.044409737
-0.044674211
-0.044943665
-0.045216519
-0.045495554
-0.045791137
-0.046120459
-0.046500305
-0.046936305
-0.047418554
-0.047928451
-0.048450051
-0.048976078
-0.049507815
-0.050052887
-0.050622469
-0.051229614
-0.051887824
-0.052609588
-0.053405976
-0.054285951
-0.05525643
-0.056322658
-0.057488734
-0.058759775
-0.060141703
-0.061622135
-0.063182971
-0.064794286
-0.066477609
-0.068337875
-0.070401484
-0.072565057
-0.074734507
-0.076900262
-0.079033868
-0.081092423
-0.083045575
-0.084868485
-0.086548852
-0.088074583
-0.089430565
-0.090605082
-0.091587938
-0.092370419
-0.092944884
-0.093304359
-0.093442149
-0.093351346
-0.093024596
-0.092453842
-0.091630253
-0.090544252
-0.089185726
-0.087544367
-0.085610225
-0.083374464
-0.080830126
-0.077973304
-0.074804184
-0.071328187
-0.067557047
-0.063509767
-0.059213271
-0.054702737
-0.05002145
-0.045220137
-0.040355901
-0.035490634
-0.030689011
-0.026016041
-0.021534506
-0.01730255
-0.013371181
-0.0097820686
-0.0065657109
-0.0037404665
-0.0013120064
0.00072603434
0.002391237
0.0037100167
0.0047161709
0.0054471009
0.0059431715
0.0062427463
0.0063843976
0.0063996933
0.0063212102
0.0061694495
0.0059717708
0.0057351152
0.0054871621
0.0052168701
0.0049636915
0.0046864352
0.0044594257
0.0041805462
0.0040093483
0.0037089615
0.0036394397
0.0032546908
0.0033843522
0.0027630431
0.0033171485
0.0021138339
0.00360357
0.0010754625
0.0045703131
-0.039709465
-0.047757555
-0.045251868
-0.043801362
-0.04383617
-0.044105353
-0.044284308
-0.044430375
-0.044591381
-0.044772315
-0.044969109
-0.045179511
-0.045402231
-0.045635303
-0.045876299
-0.046122864
-0.046374296
-0.04663386
-0.046910953
-0.047220302
-0.047576104
-0.047982702
-0.048431041
-0.048904871
-0.049390017
-0.049879832
-0.050375342
-0.050883152
-0.05141331
-0.051977652
-0.052588618
-0.053258124
-0.053996629
-0.054812901
-0.055713747
-0.056704216
-0.057788649
-0.058972962
-0.060264537
-0.061674448
-0.063195136
-0.064821078
-0.066586658
-0.068486221
-0.070465383
-0.072491854
-0.074557349
-0.076622027
-0.078644963
-0.080599394
-0.082456967
-0.084198345
-0.08580704
-0.087264404
-0.08855458
-0.089663214
-0.090577733
-0.091287103
-0.091781364
-0.092051389
-0.092088325
-0.091883356
-0.091427416
-0.09071103
-0.089724335
-0.088457206
-0.086899572
-0.085041942
-0.08287606
-0.080395757
-0.077598007
-0.07448392
-0.071059946
-0.067338846
-0.063340613
-0.059093121
-0.054632325
-0.050002143
-0.045253645
-0.040443968
-0.035634687
-0.030889771
-0.026273281
-0.021846835
-0.017667266
-0.013784215
-0.010238079
-0.0070582688
-0.0042623178
-0.0018553686
0.00016915016
0.0018287156
0.0031493769
0.0041643214
0.0049101728
0.0054263755
0.0057503004
0.0059195114
0.0059645806
0.0059171566
0.0057969013
0.0056304774
0.005424227
0.0052054149
0.0049626453
0.0047352028
0.0044817363
0.00427657
0.0040176097
0.003864353
0.0035804121
0.0035250088
0.0031542103
0.0032937138
0.0026861001
0.0032435038
0.0020588497
0.0035387759
0.0010453301
0.0045032022
-0.04197076
-0.049563501
-0.046690133
-0.045176829
-0.045220752
-0.04548189
-0.045640382
-0.045762963
-0.045899234
-0.046053883
-0.046222931
-0.04640485
-0.046599078
-0.04680456
-0.047019528
-0.047242084
-0.047470651
-0.047705264
-0.047949504
-0.048212112
-0.048506188
-0.048843539
-0.049226997
-0.049648029
-0.050092074
-0.050546825
-0.051006752
-0.051472918
-0.051951277
-0.052451026
-0.052983213
-0.053559419
-0.054190985
-0.054888179
-0.055659865
-0.056513275
-0.057454424
-0.058488824
-0.059622848
-0.06086639
-0.062225438
-0.063702162
-0.065305768
-0.067028227
-0.068845197
-0.070738874
-0.072690923
-0.074661663
-0.076616311
-0.078533005
-0.080383706
-0.082143224
-0.083792284
-0.085310929
-0.086680037
-0.087881695
-0.088899725
-0.08971967
-0.09032841
-0.090713979
-0.090865168
-0.090771241
-0.090421664
-0.089805906
-0.088913407
-0.087733732
-0.086256773
-0.084473269
-0.082375397
-0.079957685
-0.077217825
-0.074157872
-0.070785253
-0.067113703
-0.063164254
-0.058965666
-0.0545547
-0.049975869
-0.04528059
-0.040526002
-0.035773283
-0.031085709
-0.026526322
-0.02215556
-0.018028884
-0.014194569
-0.010691727
-0.0075487034
-0.0047821952
-0.0023968383
-0.00038586826
0.0012680789
0.0025906697
0.0036144778
0.0043753353
0.0049117644
0.0052601317
0.0054569793
0.0055318768
0.0055155396
0.0054267929
0.0052915902
0.0051156935
0.0049259304
0.0047105823
0.0045087401
0.0042789501
0.0040954602
0.0038563281
0.0037208145
0.0034532716
0.0034117327
0.0030549505
0.0032039292
0.002610258
0.003170399
0.0020048811
0.0034742159
0.0010160016
0.004436104
-0.044492156
-0.051569742
-0.048284893
-0.046704489
-0.046763711
-0.047021844
-0.047163698
-0.047266978
-0.047383151
-0.047516521
-0.047662882
-0.047821006
-0.047990817
-0.048171971
-0.048363493
-0.048563885
-0.048771644
-0.048985794
-0.049206948
-0.049438957
-0.04969023
-0.04997236
-0.05029513
-0.050659939
-0.051058382
-0.051477405
-0.051906482
-0.052341112
-0.052782728
-0.053236973
-0.053712463
-0.05421944
-0.054768879
-0.055371464
-0.056036945
-0.056773991
-0.057590225
-0.058492574
-0.059487702
-0.06058303
-0.061785593
-0.063100857
-0.064534169
-0.06608357
-0.0677384
-0.069483819
-0.071299184
-0.073151197
-0.07500987
-0.076855912
-0.078663355
-0.080403172
-0.082054322
-0.083596771
-0.085009109
-0.086270723
-0.087362414
-0.088266597
-0.08896706
-0.089448874
-0.089698225
-0.089702098
-0.089448096
-0.088924269
-0.088119014
-0.08702123
-0.085620503
-0.083907569
-0.081874883
-0.079517441
-0.076833648
-0.073826403
-0.070504021
-0.066881249
-0.062980088
-0.058830167
-0.054469074
-0.049941859
-0.045300274
-0.040601389
-0.035905955
-0.031276499
-0.026775014
-0.022460645
-0.018387499
-0.014602459
-0.011143343
-0.0080374023
-0.005300537
-0.002936877
-0.00093948385
0.00070887865
0.0020334813
0.0030662649
0.0038422614
0.0043990605
0.0047720089
0.0049966171
0.0051014469
0.0051162654
0.0050590634
0.0049550761
0.0048094953
0.0046487066
0.0044606985
0.00428433
0.0040781099
0.0039161338
0.0036967286
0.0035787611
0.0033275783
0.0032996525
0.0029569476
0.0031150423
0.0025355474
0.0030978823
0.001951948
0.0034099415
0.00098749716
0.0043690717
-0.04729699
-0.053786415
-0.050039927
-0.048387161
-0.048467376
-0.048726272
-0.048854454
-0.048941434
-0.049040976
-0.049156551
-0.049283838
-0.04942178
-0.049570678
-0.049730517
-0.049900775
-0.050080554
-0.050268704
-0.050464083
-0.05066617
-0.050876063
-0.051097952
-0.05133986
-0.051612137
-0.051922653
-0.052271464
-0.052650143
-0.053047061
-0.053453374
-0.053865657
-0.054285621
-0.054718775
-0.055173207
-0.055658514
-0.056184965
-0.056762734
-0.057401222
-0.058108926
-0.058893676
-0.059763111
-0.06072483
-0.061786258
-0.062953549
-0.064230978
-0.065619308
-0.067113264
-0.068701261
-0.070366113
-0.072082194
-0.073823311
-0.075571924
-0.077304889
-0.078992147
-0.080611745
-0.08214391
-0.083565804
-0.084855059
-0.085990292
-0.086951253
-0.087718928
-0.088275563
-0.088604635
-0.088690693
-0.088519212
-0.088076484
-0.087349564
-0.086326371
-0.084995922
-0.083348685
-0.081377215
-0.079076829
-0.076446515
-0.073489896
-0.07021618
-0.06664105
-0.062787416
-0.05868581
-0.054374556
-0.049899256
-0.045311878
-0.040669416
-0.036032163
-0.03146177
-0.027019107
-0.022762039
-0.018743217
-0.015008117
-0.011593236
-0.0085247632
-0.0058177811
-0.0034759512
-0.0014921701
0.00015065516
0.0014773737
0.0025192865
0.0033106044
0.0038879658
0.0042856939
0.0045382362
0.0046731423
0.0047192244
0.0046936366
0.0046208864
0.0045056138
0.0043737414
0.0042129971
0.0040619847
0.0038792333
0.003738612
0.0035388456
0.0034382304
0.0032033546
0.0031887931
0.0028602175
0.0030270742
0.0024619716
0.0030259737
0.0019000429
0.0033459713
0.00095979005
0.0043021203
-0.050406103
-0.056218453
-0.051951644
-0.050220431
-0.050327615
-0.050591135
-0.050707597
-0.050780492
-0.050865901
-0.050966569
-0.051077666
-0.051198303
-0.051328955
-0.051469941
-0.0516211
-0.051781953
-0.051951726
-0.052129506
-0.052314402
-0.052506273
-0.052706719
-0.052920137
-0.053154206
-0.053418125
-0.05371807
-0.05405274
-0.054413853
-0.054791021
-0.05517692
-0.055569149
-0.055969739
-0.05638415
-0.056820019
-0.057286483
-0.057793198
-0.058349746
-0.058965226
-0.059648156
-0.060406532
-0.061248097
-0.06218037
-0.063209908
-0.06434142
-0.065577113
-0.066914745
-0.068346246
-0.069858325
-0.071431055
-0.073041609
-0.074674312
-0.07630909
-0.077917433
-0.079477304
-0.080969163
-0.082369834
-0.083656237
-0.084805572
-0.085795608
-0.086604986
-0.087213439
-0.087601882
-0.087752403
-0.087648218
-0.087273658
-0.086614178
-0.085656472
-0.084388701
-0.082800885
-0.080885422
-0.078637826
-0.076057543
-0.073148803
-0.069921626
-0.066392588
-0.062585449
-0.058531636
-0.054270131
-0.04984702
-0.045314471
-0.040729318
-0.036151262
-0.031641048
-0.027258363
-0.023059651
-0.019096108
-0.015411735
-0.01204173
-0.0090111815
-0.0063343893
-0.0040145504
-0.0020444195
-0.00040707409
0.00092190074
0.0019731399
0.0027800096
0.0033781775
0.0038009286
0.0040816307
0.0042468101
0.004324305
0.0043304354
0.004288973
0.0042040165
0.0041010194
0.0039674843
0.0038417201
0.0036823433
0.0035629233
0.0033826979
0.0032992428
0.0030806322
0.0030791893
0.0027647902
0.0029400656
0.0023895581
0.0029547166
0.0018491813
0.0032823522
0.00093289829
0.0042352991
-0.053845892
-0.058882913
-0.054031998
-0.052214874
-0.052354864
-0.052626157
-0.052732679
-0.052793132
-0.05286639
-0.052954231
-0.053051435
-0.053157027
-0.053271737
-0.053396005
-0.053529945
-0.053673391
-0.053825912
-0.053986802
-0.054155328
-0.054330881
-0.054513708
-0.054705797
-0.054911747
-0.055138905
-0.055395324
-0.055685493
-0.056007017
-0.05635173
-0.056710561
-0.057077523
-0.057451094
-0.057833711
-0.058230688
-0.058649361
-0.059098302
-0.059586783
-0.060123988
-0.060718683
-0.061379047
-0.062112981
-0.06292794
-0.063830589
-0.064826074
-0.065917709
-0.067105682
-0.06838517
-0.069746227
-0.071172984
-0.072645907
-0.074150739
-0.075670657
-0.077180376
-0.078657958
-0.080084042
-0.081436369
-0.082692018
-0.083827556
-0.084819527
-0.085644846
-0.086281207
-0.086707255
-0.086902758
-0.086848706
-0.086527391
-0.085922505
-0.085019326
-0.083804958
-0.082268743
-0.080402769
-0.078202576
-0.075667894
-0.072803527
-0.069620165
-0.066135208
-0.06237327
-0.058366523
-0.054154602
-0.04978399
-0.045307006
-0.04078016
-0.036262532
-0.031813836
-0.027492446
-0.023353356
-0.019446218
-0.015813526
-0.012489142
-0.0094970657
-0.0068508282
-0.004553173
-0.0025967381
-0.00096480107
0.00036659815
0.0014273956
0.0022500979
0.002869373
0.0033174499
0.00362659
0.0038222818
0.0039313803
0.0039693692
0.0039592731
0.0039046709
0.0038305272
0.0037241514
0.003623538
0.0034874471
0.0033890802
0.0032283115
0.0031618285
0.0029594266
0.0029708607
0.0026706755
0.0028540319
0.0023183047
0.0028841271
0.0017993519
0.0032190978
0.000906793
0.0041686193
-0.057639867
-0.061790635
-0.05628597
-0.0543748
-0.054553459
-0.054835719
-0.05493344
-0.054982692
-0.055045221
-0.055121914
-0.055206923
-0.055299279
-0.055399828
-0.055509162
-0.055627442
-0.055754767
-0.055890953
-0.056035674
-0.05618831
-0.056348297
-0.056515307
-0.056689861
-0.056874292
-0.057073339
-0.057293955
-0.057543083
-0.057823677
-0.058132358
-0.058461254
-0.05880244
-0.059151217
-0.059506867
-0.059872086
-0.06025207
-0.060653895
-0.061085754
-0.061556384
-0.062074551
-0.062648713
-0.063286843
-0.063996319
-0.064783687
-0.065654391
-0.066612351
-0.067659234
-0.068792951
-0.070006552
-0.071287421
-0.072619145
-0.073988209
-0.075381429
-0.076778152
-0.078155963
-0.079495351
-0.080776066
-0.081976104
-0.083072148
-0.084040203
-0.084856167
-0.085496243
-0.085937239
-0.086156927
-0.086134222
-0.085849425
-0.085284435
-0.084423003
-0.083251031
-0.081757033
-0.079932629
-0.07777322
-0.075278725
-0.072454363
-0.069311463
-0.065868119
-0.062149729
-0.058189154
-0.054026586
-0.049708862
-0.045288237
-0.040820911
-0.036365145
-0.031979515
-0.027720994
-0.023643004
-0.019793576
-0.016213668
-0.01293579
-0.0099828352
-0.0073675781
-0.0050923323
-0.0031496536
-0.0015230381
-0.00018901906
0.0008816165
0.0017204855
0.0023612241
0.0028349777
0.0031728878
0.0033993861
0.0035403212
0.0036103447
0.003631725
0.0036075316
0.0035622379
0.0034829933
0.0034074435
0.0032945584
0.0032171025
0.0030756972
0.0030260012
0.002839762
0.002863836
0.0025778981
0.0027690087
0.0022482331
0.0028142455
0.0017505681
0.003156253
0.00088149365
0.0041021272
-0.06181423
-0.064953971
-0.058718975
-0.056704512
-0.056928086
-0.057224528
-0.057314517
-0.057353301
-0.057406308
-0.057473129
-0.057547372
-0.057628034
-0.057715913
-0.057811672
-0.05791571
-0.058028173
-0.058149106
-0.058278381
-0.058415623
-0.058560357
-0.05871216
-0.058870954
-0.059037551
-0.059214606
-0.0594069
-0.059620977
-0.059862572
-0.060133214
-0.060428773
-0.060741775
-0.061065442
-0.061396148
-0.061733867
-0.062081544
-0.062444296
-0.062828877
-0.06324314
-0.063695378
-0.064193913
-0.064746747
-0.065361259
-0.066044012
-0.066800483
-0.067634832
-0.068549774
-0.069545208
-0.070616609
-0.071754081
-0.072944066
-0.074173421
-0.075432161
-0.076705024
-0.077969422
-0.079205447
-0.080395165
-0.081518068
-0.082551505
-0.083471648
-0.084254023
-0.084873941
-0.08530692
-0.085529129
-0.08551772
-0.085251189
-0.084709714
-0.083875519
-0.082733259
-0.081270508
-0.079478312
-0.077351822
-0.07489102
-0.072101442
-0.068994942
-0.065590255
-0.061913429
-0.057997965
-0.053884492
-0.049620055
-0.0452568
-0.040850386
-0.036458151
-0.032137408
-0.027943568
-0.023928382
-0.020138194
-0.016612357
-0.013381992
-0.01046891
-0.0078851257
-0.0056325576
-0.0037037052
-0.002082314
-0.00074545077
0.00033534621
0.0011907655
0.0018533803
0.0023532262
0.002720295
0.0029779368
0.0031509866
0.0032532568
0.0033062533
0.0033125544
0.0032961258
0.0032439911
0.0031934288
0.0031036753
0.0030469941
0.002924873
0.0028917835
0.0027216474
0.0027581291
0.0024864617
0.0026850081
0.0021793376
0.0027450846
0.0017028161
0.003093829
0.00085696967
0.0040358289
-0.066383043
-0.068372615
-0.061323766
-0.059196552
-0.059471958
-0.059785537
-0.05986869
-0.059897911
-0.059942462
-0.06000065
-0.060065371
-0.060135602
-0.060212226
-0.060295943
-0.060387136
-0.06048604
-0.060592879
-0.060707627
-0.060830213
-0.060960319
-0.0610975
-0.061241469
-0.061392399
-0.061551406
-0.061721339
-0.061907035
-0.062114471
-0.062348213
-0.062608522
-0.062890647
-0.063187644
-0.063493802
-0.063806484
-0.064126199
-0.06445602
-0.064800972
-0.065167542
-0.065563153
-0.06599569
-0.066472924
-0.067002222
-0.067590111
-0.068242044
-0.068962376
-0.069754274
-0.070619048
-0.071554278
-0.072552351
-0.073602053
-0.074691306
-0.075811822
-0.076952492
-0.078092728
-0.079212657
-0.080295787
-0.081323328
-0.082273859
-0.083124303
-0.083850388
-0.084427127
-0.084829313
-0.085032006
-0.085010989
-0.084743257
-0.084207474
-0.083384445
-0.082257611
-0.080813606
-0.079042836
-0.076940132
-0.074505443
-0.071744545
-0.068669707
-0.065300203
-0.061662663
-0.057791076
-0.053726427
-0.049515798
-0.045211083
-0.040867229
-0.0365405
-0.032286739
-0.028159677
-0.024209263
-0.020480059
-0.017009754
-0.013828068
-0.010955716
-0.0084039767
-0.0061743985
-0.0042594473
-0.0026431777
-0.0013032089
-0.00021188286
0.00066052418
0.0013454889
0.0018718962
0.0022685665
0.0025577459
0.0027632321
0.0028980006
0.0029827836
0.0030196825
0.0030321529
0.0030071288
0.0029814897
0.0029148027
0.0028787667
0.0027758415
0.0027591824
0.0026051005
0.0026537633
0.002396386
0.002602061
0.0021116363
0.0026766811
0.001656105
0.0030318659
0.00083323674
0.0039697672
-0.071377243
-0.072065927
-0.064113973
-0.061863875
-0.062198047
-0.062532152
-0.062608984
-0.062629116
-0.062665868
-0.062716307
-0.062772522
-0.062833359
-0.062899783
-0.062972437
-0.063051762
-0.063138086
-0.063231701
-0.063332727
-0.063441145
-0.063556881
-0.063679647
-0.063809082
-0.063945031
-0.064087876
-0.064239045
-0.064401556
-0.064580151
-0.06478017
-0.06500501
-0.065253728
-0.065521241
-0.065801241
-0.066088994
-0.066382682
-0.066683209
-0.06699371
-0.067319084
-0.067665513
-0.068040025
-0.068449929
-0.068902348
-0.069403751
-0.069959612
-0.070574336
-0.071251377
-0.071992977
-0.072798419
-0.073661989
-0.074574357
-0.075524959
-0.076506169
-0.077509393
-0.078517614
-0.079511871
-0.080476095
-0.081393158
-0.082243327
-0.083004681
-0.083653632
-0.084165445
-0.084514726
-0.08467594
-0.084623982
-0.08433474
-0.083785671
-0.082956388
-0.081829271
-0.080390073
-0.078628596
-0.076539317
-0.074122118
-0.071382931
-0.068334352
-0.064996102
-0.061395276
-0.057566239
-0.053550161
-0.04939403
-0.045149274
-0.040869926
-0.036610986
-0.032426635
-0.028368762
-0.024485371
-0.020819134
-0.017406035
-0.014274346
-0.0114437
-0.00892465
-0.0067184067
-0.0048174568
-0.0032061862
-0.0018628259
-0.00076055769
0.00012933284
0.00083718028
0.0013906844
0.0018174547
0.0021386131
0.0023769035
0.0025444583
0.0026612289
0.0027288599
0.0027702842
0.0027723783
0.0027716087
0.0027279294
0.0027124157
0.0026286131
0.002628214
0.0024901239
0.0025507466
0.0023076695
0.002520175
0.0020451192
0.0026090432
0.0016104175
0.0029703727
0.00081026466
0.0039039447
-0.076814175
-0.076039271
-0.067090285
-0.064706541
-0.065106696
-0.065464422
-0.065535531
-0.065546842
-0.065576482
-0.065619826
-0.065668294
-0.065720542
-0.065777558
-0.065840114
-0.065908551
-0.065983183
-0.066064349
-0.066152277
-0.066247094
-0.06634879
-0.066457297
-0.066572298
-0.066693562
-0.066821058
-0.066955343
-0.067098077
-0.067252432
-0.067423012
-0.067614366
-0.067828742
-0.068064185
-0.068315498
-0.068576994
-0.068844838
-0.069117883
-0.069397311
-0.069686273
-0.069989465
-0.070312694
-0.070662478
-0.071045465
-0.07146796
-0.071935391
-0.072452165
-0.073021877
-0.073647381
-0.074329319
-0.075063631
-0.075842367
-0.076656485
-0.077498809
-0.078362085
-0.079233042
-0.080094477
-0.0809303
-0.081724696
-0.082459771
-0.083115083
-0.083668105
-0.084094804
-0.084370077
-0.084468336
-0.084364081
-0.084032553
-0.083450409
-0.082596395
-0.081452076
-0.080002509
-0.078236969
-0.076149648
-0.073740344
-0.071015099
-0.067986793
-0.064675467
-0.061108583
-0.057320721
-0.053353086
-0.04925236
-0.045069276
-0.040856756
-0.036668271
-0.032556138
-0.028570214
-0.024756397
-0.021155375
-0.017801356
-0.014721159
-0.01193331
-0.0094476742
-0.0072651671
-0.005378325
-0.0037719233
-0.0024248451
-0.0013111731
-0.00040324566
0.00032807964
0.00090927326
0.0013667
0.0017203388
0.0019918458
0.0021925133
0.002341505
0.0024400205
0.0025104718
0.002539714
0.0025637728
0.0025430515
0.002547945
0.0024831832
0.0024988781
0.0023767291
0.0024490971
0.0022203263
0.002439376
0.0019797992
0.0025422039
0.0015657607
0.0029093859
0.00078806619
0.0038383984
-0.082695371
-0.080283025
-0.070237436
-0.06770902
-0.06818328
-0.068567978
-0.068633888
-0.068636645
-0.068659587
-0.068696639
-0.068738008
-0.068782482
-0.068831008
-0.068884255
-0.068942642
-0.069006471
-0.06907607
-0.069151729
-0.069233654
-0.069321931
-0.069416518
-0.069517336
-0.069624135
-0.069736733
-0.069855246
-0.069980428
-0.070114094
-0.070259562
-0.070421049
-0.070602366
-0.070804569
-0.071024928
-0.071258269
-0.071499599
-0.071745862
-0.071996355
-0.072252442
-0.07251719
-0.072795017
-0.073091307
-0.073411941
-0.073762765
-0.074149067
-0.074575272
-0.075045016
-0.075561443
-0.076126193
-0.076736673
-0.077386129
-0.078066731
-0.078771732
-0.079494623
-0.080225169
-0.080948489
-0.081648728
-0.082310838
-0.082918613
-0.083453278
-0.083893664
-0.084216766
-0.084398221
-0.084412853
-0.084235283
-0.083840607
-0.083205146
-0.082307206
-0.081127863
-0.079651747
-0.077867809
-0.075770043
-0.073358236
-0.070638529
-0.067624016
-0.064335014
-0.06079919
-0.057051219
-0.053132103
-0.049088028
-0.044968734
-0.040825804
-0.036710873
-0.032674199
-0.028763349
-0.025021998
-0.021488727
-0.018195896
-0.015168841
-0.01242501
-0.0099736056
-0.0078152705
-0.0059426598
-0.0043409773
-0.0029898293
-0.0018642394
-0.00093766408
-0.0001822025
0.00042734319
0.00091604543
0.0013027114
0.0016078939
0.0018420397
0.0020235156
0.0021530999
0.0022526717
0.002309099
0.0023579564
0.0023601508
0.0023853433
0.0023395556
0.0023711847
0.0022649126
0.0023488178
0.0021343505
0.0023596675
0.0019156619
0.0024761687
0.0015221144
0.0028489099
0.00076661005
0.0037731303
-0.089017873
-0.084787182
-0.073543306
-0.070860039
-0.071416564
-0.071831511
-0.071892505
-0.071886912
-0.07190384
-0.071935125
-0.071970148
-0.072007504
-0.072048292
-0.07209309
-0.072142303
-0.07219621
-0.072255123
-0.072319348
-0.072389105
-0.072464585
-0.072545884
-0.072632904
-0.072725538
-0.072823582
-0.072926935
-0.073035844
-0.073151206
-0.073275012
-0.073410532
-0.073561634
-0.073731229
-0.073919294
-0.074122507
-0.074335883
-0.074555068
-0.074777596
-0.075003105
-0.075233005
-0.07547014
-0.075718539
-0.075983057
-0.07626885
-0.076580828
-0.076923288
-0.07729982
-0.077713722
-0.078167397
-0.078659556
-0.079184426
-0.079735001
-0.080304954
-0.080888382
-0.081477167
-0.082058619
-0.082617777
-0.083140083
-0.083610574
-0.084012138
-0.084325153
-0.084527916
-0.084597154
-0.084508537
-0.084237285
-0.083758871
-0.083049793
-0.082088384
-0.080855665
-0.079336179
-0.077518806
-0.075397555
-0.072972276
-0.070249261
-0.067241815
-0.063970439
-0.060462879
-0.056753718
-0.052883583
-0.048897832
-0.044844981
-0.040774918
-0.036737178
-0.032779662
-0.02894746
-0.02528183
-0.021819124
-0.018589827
-0.015617751
-0.012919291
-0.01050301
-0.0083693371
-0.0065110852
-0.0049139621
-0.0035583458
-0.0024202736
-0.0014743756
-0.00069405241
-5.5433584e-05
0.00046522172
0.00088552278
0.0012248866
0.0014929137
0.0017071694
0.001868024
0.0019968289
0.0020805003
0.0021541391
0.0021792155
0.0022246071
0.0021977184
0.0022451276
0.0021546799
0.0022499212
0.0020497508
0.0022810719
0.0018527178
0.0024109679
0.0014794829
0.0027889806
0.0007459118
0.0037081761
-0.09578101
-0.089547049
-0.077003585
-0.074154606
-0.074801284
-0.075249749
-0.075306205
-0.075292442
-0.075303562
-0.075329574
-0.075358767
-0.0753897
-0.075423268
-0.075460277
-0.075500942
-0.075545639
-0.075594519
-0.075647988
-0.075706243
-0.075769519
-0.075837886
-0.075911428
-0.075990067
-0.076073666
-0.076162044
-0.076255156
-0.076353384
-0.07645776
-0.076570386
-0.076694418
-0.076833228
-0.076988786
-0.077160118
-0.077343512
-0.077534206
-0.077728452
-0.077924225
-0.078121332
-0.078321049
-0.078525977
-0.078739648
-0.078966199
-0.07920994
-0.079474855
-0.079764427
-0.080081983
-0.080430379
-0.080809445
-0.081214373
-0.081638693
-0.082076415
-0.082522141
-0.082968981
-0.083406038
-0.083819796
-0.084196292
-0.084521287
-0.084779104
-0.08495176
-0.08501907
-0.084959123
-0.084748814
-0.08436442
-0.083782296
-0.082979638
-0.081935324
-0.080630787
-0.079050895
-0.077184794
-0.075026733
-0.072576808
-0.06984154
-0.066834446
-0.063576143
-0.060094367
-0.056423412
-0.052603236
-0.048678122
-0.044695018
-0.040701736
-0.03674543
-0.032871319
-0.029121798
-0.025535521
-0.02214653
-0.018983344
-0.016068275
-0.013416661
-0.011036476
-0.0089279921
-0.0070842413
-0.0054914989
-0.0041309829
-0.0029798074
-0.0020138462
-0.0012078691
-0.00053938388
1.396578e-05
0.00046855705
0.00084265393
0.0011450041
0.0013923653
0.0015847226
0.0017428922
0.0018538737
0.0019522881
0.0020002201
0.0020657177
0.0020576689
0.0021207108
0.0020460221
0.0021524055
0.0019665169
0.0022035888
0.0017909497
0.0023466028
0.0014378434
0.0027296004
0.00072593522
0.0036435283
-0.10295241
-0.094528834
-0.080587819
-0.07756328
-0.078308074
-0.078793103
-0.078845463
-0.078823536
-0.078829343
-0.078850688
-0.078874617
-0.078899558
-0.07892667
-0.078956566
-0.078989535
-0.079025717
-0.079065477
-0.079108978
-0.07915654
-0.079208328
-0.079264557
-0.079325261
-0.079390463
-0.079460046
-0.07953388
-0.079611805
-0.079693845
-0.079780453
-0.079872792
-0.07997301
-0.080084066
-0.080208718
-0.080348015
-0.080500156
-0.080661171
-0.080826618
-0.080993169
-0.081159108
-0.081324199
-0.081489495
-0.081657148
-0.081830075
-0.082011681
-0.082205344
-0.082414222
-0.082641484
-0.082890253
-0.083161369
-0.083450946
-0.083752852
-0.084061456
-0.084371599
-0.084676892
-0.084967883
-0.085232681
-0.085458169
-0.085630598
-0.085735368
-0.085756076
-0.085674206
-0.085469459
-0.085120272
-0.084604399
-0.083899544
-0.082984124
-0.081838075
-0.080443736
-0.078786743
-0.076856875
-0.074648929
-0.072163433
-0.069407284
-0.066394228
-0.063144992
-0.059687139
-0.056054493
-0.052286078
-0.048424749
-0.044515488
-0.040603705
-0.03673376
-0.032947911
-0.029285609
-0.025782742
-0.022470918
-0.019376683
-0.016520817
-0.013917652
-0.011574622
-0.0094918931
-0.0076627936
-0.0060742276
-0.0047083293
-0.0035433714
-0.0025565407
-0.0017240464
-0.0010248376
-0.00043799171
5.1604721e-05
0.00046103307
0.00079818468
0.0010790073
0.0013031169
0.0014908012
0.0016291808
0.0017523765
0.0018231469
0.0019086663
0.0019193896
0.0019979224
0.0019389395
0.0020562784
0.0018846536
0.0021272356
0.0017303635
0.0022831004
0.0013971978
0.0026708
0.0007066924
0.0035792217
-0.11052408
-0.099724083
-0.084287468
-0.081077588
-0.081928345
-0.082453274
-0.082501489
-0.082471738
-0.082472392
-0.082489392
-0.082508526
-0.082528084
-0.08254919
-0.082572534
-0.082598282
-0.082626686
-0.082657866
-0.082692122
-0.082729622
-0.082770654
-0.08281528
-0.08286364
-0.082915785
-0.08297169
-0.083031187
-0.083094143
-0.083160399
-0.083230026
-0.083303551
-0.08338225
-0.083468241
-0.083564164
-0.083672122
-0.083792228
-0.083922002
-0.084057319
-0.084194058
-0.084329181
-0.084461034
-0.084589208
-0.084714389
-0.084838156
-0.084962709
-0.08509058
-0.08522436
-0.085366846
-0.085521207
-0.085689041
-0.085867362
-0.086050268
-0.086232335
-0.086408559
-0.086572726
-0.086716334
-0.086828859
-0.086898243
-0.086911385
-0.086854511
-0.086712625
-0.086468947
-0.086105008
-0.085601081
-0.084936747
-0.084091494
-0.083045425
-0.081780022
-0.080279016
-0.078529239
-0.076521516
-0.074251482
-0.07172036
-0.068935574
-0.065911173
-0.062667959
-0.059233228
-0.055640085
-0.05192633
-0.048133012
-0.04430274
-0.040478069
-0.036700219
-0.033008168
-0.029438168
-0.026023187
-0.022792334
-0.01977012
-0.016975841
-0.014422848
-0.012118094
-0.010061721
-0.0082474145
-0.0066627929
-0.0052909868
-0.0041115029
-0.0031029273
-0.0022429796
-0.001512117
-0.00089090913
-0.00036554411
7.9858174e-05
0.00045232572
0.00076699454
0.0010231345
0.0012405018
0.0014063726
0.0015543663
0.0016479645
0.0017534283
0.0017828717
0.0018767611
0.0018334182
0.0019615337
0.0018041459
0.002052008
0.0016709378
0.0022204589
0.0013575207
0.00261258
0.00068814873
0.0035152476
-0.11844951
-0.10509049
-0.088064488
-0.084661219
-0.085626262
-0.086193969
-0.086238522
-0.086200597
-0.086196765
-0.086209914
-0.086224749
-0.086239404
-0.086255145
-0.086272607
-0.086291934
-0.086313191
-0.086336691
-0.086362491
-0.086390864
-0.086421928
-0.086455879
-0.08649279
-0.086532713
-0.086575666
-0.086621533
-0.086670149
-0.086721315
-0.086774916
-0.086831065
-0.086890328
-0.086954048
-0.087024221
-0.087103102
-0.087192045
-0.087290277
-0.087394767
-0.087501329
-0.087606035
-0.087705942
-0.087799255
-0.087885239
-0.087964024
-0.088036448
-0.088103892
-0.088168034
-0.088230981
-0.088295587
-0.088364002
-0.088434182
-0.088500466
-0.088557404
-0.088600055
-0.088622392
-0.088616553
-0.088572929
-0.088480536
-0.088327246
-0.088100156
-0.087785514
-0.087368277
-0.086831965
-0.086158933
-0.085330891
-0.08432946
-0.083136822
-0.08173643
-0.080113818
-0.078257445
-0.076159525
-0.073816888
-0.071231703
-0.068412096
-0.065372536
-0.06213387
-0.058723013
-0.05517211
-0.051517405
-0.047797705
-0.044052798
-0.040321963
-0.036642857
-0.033050867
-0.029578825
-0.026256661
-0.023110893
-0.020164011
-0.017433857
-0.014932867
-0.012667578
-0.010638179
-0.0088388016
-0.0072578556
-0.0058795541
-0.0046847361
-0.0036534626
-0.0027650516
-0.0020015405
-0.0013450435
-0.00078308943
-0.00030102686
0.00010730632
0.00045623357
0.00074469639
0.00099193125
0.0011854068
0.0013582265
0.0014746503
0.0015999893
0.0016480926
0.00175721
0.0017294533
0.0018681744
0.0017249944
0.0019779203
0.0016126761
0.0021587016
0.0013188103
0.0025549685
0.00067031475
0.003451635
-0.12669353
-0.11060153
-0.091905917
-0.088303059
-0.089388945
-0.090001946
-0.090043143
-0.089997647
-0.089989423
-0.0899994
-0.090010479
-0.090020911
-0.090031976
-0.0900443
-0.090057942
-0.09007307
-0.090089684
-0.090108094
-0.090128316
-0.090150536
-0.090174882
-0.090201415
-0.090230198
-0.09026122
-0.090294426
-0.090329624
-0.090366635
-0.090405182
-0.09044518
-0.090486738
-0.090530482
-0.090577707
-0.090630233
-0.090689814
-0.090756975
-0.090830142
-0.090905783
-0.090979605
-0.091047689
-0.091106986
-0.091155339
-0.091191407
-0.091214567
-0.091224794
-0.091222563
-0.091208981
-0.091186214
-0.091156572
-0.091118977
-0.091068154
-0.090998503
-0.090905122
-0.090782277
-0.090622633
-0.090417252
-0.090156132
-0.089828336
-0.089422068
-0.088924823
-0.088323248
-0.08760292
-0.086748448
-0.085743873
-0.084573193
-0.083220954
-0.081672894
-0.079916697
-0.077942772
-0.075745085
-0.073321969
-0.070676802
-0.067818629
-0.064762438
-0.061529128
-0.058145085
-0.05464125
-0.051051899
-0.04741317
-0.043761515
-0.040132486
-0.036559781
-0.033074908
-0.029707087
-0.026483085
-0.023426832
-0.020558815
-0.017895472
-0.015448396
-0.013223799
-0.011221999
-0.0094376602
-0.0078600766
-0.0064746384
-0.0052636002
-0.0042085997
-0.0032906402
-0.0024934099
-0.0018006356
-0.0012012247
-0.00068177449
-0.00023699434
0.00014662796
0.00046773205
0.000745035
0.00096623265
0.0011639157
0.0013031686
0.0014483205
0.0015150391
0.0016392631
0.0016270269
0.0017761899
0.0016471806
0.0019049646
0.0015555546
0.0020978246
0.0012810406
0.0024979637
0.00065315341
0.0033883746
-0.13533871
-0.11630573
-0.095832883
-0.092020637
-0.093236413
-0.093898194
-0.093936301
-0.093883113
-0.093871125
-0.093878231
-0.09388615
-0.093892822
-0.093899714
-0.09390738
-0.093915912
-0.093925352
-0.093935792
-0.093947231
-0.093959896
-0.09397383
-0.093989065
-0.094005699
-0.094023758
-0.094043191
-0.09406394
-0.094085854
-0.094108673
-0.094132151
-0.094155975
-0.094180038
-0.094204418
-0.094229769
-0.09425728
-0.094288452
-0.09432442
-0.094364832
-0.094407247
-0.094447638
-0.09448148
-0.094504611
-0.094513522
-0.094505431
-0.094478187
-0.094430217
-0.094360534
-0.0942689
-0.094156438
-0.094025317
-0.093875399
-0.093702128
-0.093499876
-0.093263899
-0.092988894
-0.092668054
-0.09229316
-0.09185515
-0.091344299
-0.090750112
-0.090061461
-0.089266643
-0.08835325
-0.087308172
-0.08611787
-0.084768821
-0.083248094
-0.081543899
-0.079646303
-0.077547953
-0.075244851
-0.072737125
-0.070029652
-0.067132592
-0.064061584
-0.060837562
-0.057486214
-0.054036977
-0.050521736
-0.046973425
-0.043424688
-0.039906855
-0.036449313
-0.033079428
-0.029822672
-0.026702606
-0.023740565
-0.020955123
-0.018361378
-0.015970194
-0.013787537
-0.011813949
-0.010044721
-0.0084701283
-0.007076832
-0.0058486096
-0.0047687724
-0.0038200991
-0.002988015
-0.0022579143
-0.0016201252
-0.0010625214
-0.00058068258
-0.0001619053
0.00019216905
0.00049975301
0.00074880767
0.0009714008
0.0011334938
0.0012984038
0.0013836843
0.0015228995
0.00152613
0.0016855795
0.0015707018
0.0018331511
0.0014995736
0.0020378477
0.0012442069
0.0024415913
0.00063667443
0.0033254929
-0.1449994
-0.12256138
-0.10007186
-0.096028688
-0.097391959
-0.098107685
-0.098141286
-0.098078661
-0.098061336
-0.098064256
-0.098067453
-0.098068681
-0.098069507
-0.098070482
-0.098071636
-0.098072933
-0.098074387
-0.098076001
-0.098077779
-0.098079815
-0.098082043
-0.098084513
-0.098087077
-0.098089793
-0.098092439
-0.098094843
-0.098096775
-0.098097855
-0.098097749
-0.098096085
-0.098092675
-0.098087561
-0.098081316
-0.098074935
-0.098069479
-0.09806529
-0.098061065
-0.098053514
-0.098038079
-0.098009868
-0.097964287
-0.097897249
-0.097805236
-0.097685259
-0.097534906
-0.097352616
-0.097138319
-0.096893693
-0.096619475
-0.096312173
-0.095966374
-0.095577522
-0.09514081
-0.094650005
-0.094097624
-0.093475484
-0.092774935
-0.091986778
-0.091101305
-0.090108404
-0.088997563
-0.087757847
-0.086378076
-0.084847199
-0.083154823
-0.081291722
-0.079250501
-0.077026255
-0.074617294
-0.072025826
-0.0692585
-0.06632682
-0.063247159
-0.060040451
-0.056731483
-0.053347781
-0.049918369
-0.046472441
-0.043038303
-0.03964262
-0.036310152
-0.033063947
-0.02992565
-0.026915634
-0.024052739
-0.021353701
-0.018832417
-0.016499115
-0.014359627
-0.012414829
-0.010660726
-0.0090886777
-0.0076867217
-0.0064402632
-0.0053343912
-0.0043537624
-0.0034856133
-0.0027170807
-0.0020399512
-0.0014433931
-0.00092385921
-0.00046944793
-8.2054193e-05
0.00025603575
0.00053308348
0.0007806404
0.00096558853
0.0011502074
0.0012540113
0.0014081092
0.0014267407
0.0015963292
0.0014955362
0.0017624688
0.0014447067
0.0019787638
0.0012082815
0.0023858475
0.00062083876
0.0032629748
-0.15482329
-0.12874517
-0.10415785
-0.099882809
-0.10140122
-0.10217217
-0.1022004
-0.10212779
-0.10210485
-0.10210304
-0.10210088
-0.10209625
-0.10209044
-0.10208415
-0.10207734
-0.10206989
-0.10206169
-0.10205276
-0.10204301
-0.10203235
-0.10202076
-0.10200811
-0.10199431
-0.10197915
-0.10196249
-0.10194408
-0.10192355
-0.10190055
-0.1018746
-0.10184521
-0.10181191
-0.10177442
-0.10173272
-0.10168718
-0.1016385
-0.10158715
-0.10153258
-0.10147252
-0.10140286
-0.10131846
-0.10121393
-0.1010841
-0.10092419
-0.10072985
-0.10049725
-0.10022333
-0.099906568
-0.099547657
-0.099147792
-0.098704734
-0.098213562
-0.097670025
-0.09707
-0.096408074
-0.095677654
-0.094871514
-0.093982069
-0.093001401
-0.091921224
-0.090732988
-0.089427964
-0.087997265
-0.086431955
-0.08472338
-0.082863635
-0.080846107
-0.078666052
-0.076321215
-0.073812489
-0.07114446
-0.068325835
-0.065369643
-0.062293049
-0.05911687
-0.05586466
-0.0525616
-0.04923326
-0.045904548
-0.0425989
-0.039337959
-0.036141627
-0.033028541
-0.030016568
-0.027122992
-0.024364298
-0.021755545
-0.019309582
-0.017036119
-0.014940988
-0.013025483
-0.011286435
-0.0097163909
-0.0083048729
-0.007039027
-0.0059058323
-0.0048919214
-0.0039864362
-0.0031783109
-0.0024608328
-0.0018244907
-0.0012666033
-0.00077606361
-0.00035499704
1.3831377e-05
0.0003190212
0.00059160246
0.00079942621
0.0010037111
0.0011259905
0.001294868
0.0013288467
0.0015084342
0.0014216776
0.0016929247
0.0013909517
0.0019205907
0.0011732584
0.0023307559
0.00060565466
0.0032008462
-0.16419721
-0.13440585
-0.10774599
-0.10325107
-0.10492443
-0.10574963
-0.10577264
-0.10568976
-0.10566085
-0.10565456
-0.10564719
-0.10563634
-0.10562388
-0.10561029
-0.10559543
-0.1055791
-0.10556126
-0.1055417
-0.10552031
-0.105497
-0.10547155
-0.10544381
-0.10541358
-0.1053806
-0.10534462
-0.10530526
-0.10526219
-0.10521487
-0.10516281
-0.10510536
-0.1050419
-0.10497179
-0.1048946
-0.10481017
-0.10471861
-0.10462018
-0.10451464
-0.10440053
-0.10427454
-0.10413181
-0.10396659
-0.10377296
-0.10354509
-0.10327751
-0.10296515
-0.10260364
-0.10218992
-0.10172337
-0.10120506
-0.10063387
-0.10000554
-0.099316061
-0.098561982
-0.097738823
-0.096840934
-0.095862036
-0.094795578
-0.093634827
-0.09237283
-0.091002486
-0.089516716
-0.087908512
-0.086171078
-0.084298066
-0.082284051
-0.080125076
-0.077819206
-0.0753671
-0.072772532
-0.070042785
-0.067188882
-0.064225499
-0.061170544
-0.058044432
-0.054869041
-0.051666593
-0.048458588
-0.045265039
-0.042104096
-0.038992096
-0.035943996
-0.032974091
-0.030096616
-0.027325991
-0.024676574
-0.022161944
-0.019794072
-0.017582317
-0.015532608
-0.013646786
-0.01192261
-0.010353915
-0.0089318236
-0.0076453333
-0.0064834301
-0.0054348319
-0.0044906653
-0.0036417374
-0.0028828734
-0.002205893
-0.0016089791
-0.0010818082
-0.00062670303
-0.00022689829
0.00010657914
0.0004042486
0.00063497007
0.00085888203
0.0009996033
0.0011831635
0.0012324236
0.0014218776
0.0013491016
0.0016245047
0.0013382798
0.0018633179
0.0011391066
0.0022763101
0.00059108313
0.0031390924
-0.17242934
-0.13905398
-0.11048309
-0.10580179
-0.10761974
-0.10849321
-0.10851029
-0.1084181
-0.10838401
-0.10837293
-0.10836032
-0.10834364
-0.10832459
-0.10830389
-0.10828116
-0.10825627
-0.10822895
-0.10819909
-0.10816646
-0.10813088
-0.10809203
-0.10804972
-0.10800363
-0.10795347
-0.10789885
-0.10783937
-0.10777455
-0.10770384
-0.10762661
-0.10754212
-0.10744959
-0.1073482
-0.10723718
-0.10711589
-0.10698394
-0.10684112
-0.10668715
-0.10652099
-0.10634019
-0.10614055
-0.10591645
-0.10566162
-0.10536958
-0.10503398
-0.10464879
-0.10420853
-0.10370885
-0.10314766
-0.10252538
-0.10184172
-0.10109325
-0.10027613
-0.099387427
-0.098423569
-0.097379803
-0.096250697
-0.09503059
-0.093713715
-0.092294206
-0.090766176
-0.089123929
-0.087362114
-0.085475923
-0.083461306
-0.08131538
-0.079037008
-0.076627321
-0.074090224
-0.071432729
-0.068665123
-0.065800899
-0.062856335
-0.059849793
-0.05680078
-0.053728813
-0.050652405
-0.047588298
-0.044551078
-0.041553273
-0.038605815
-0.035718845
-0.032902538
-0.030167827
-0.027526603
-0.024991373
-0.02257452
-0.020287326
-0.018138957
-0.016135577
-0.014279671
-0.01257003
-0.011001886
-0.0095680687
-0.0082595577
-0.0070674593
-0.0059826831
-0.0049984348
-0.0041074517
-0.0033061309
-0.0025876428
-0.0019510221
-0.0013867127
-0.00089720867
-0.00046618961
-0.00010427165
0.00021855212
0.00047219584
0.00071570012
0.00087481853
0.0010729692
0.0011374565
0.001336652
0.0012777996
0.0015572125
0.0012866866
0.0018069602
0.0011058186
0.002222532
0.00057713068
0.0030777353
-0.17853114
-0.14200875
-0.11190071
-0.10709302
-0.10903126
-0.10994072
-0.10995218
-0.10985264
-0.10981394
-0.10979902
-0.10978189
-0.10976026
-0.10973591
-0.10970911
-0.10967984
-0.10964781
-0.10961267
-0.1095743
-0.10953236
-0.10948658
-0.10943668
-0.10938233
-0.10932316
-0.10925878
-0.10918874
-0.10911256
-0.1090297
-0.10893953
-0.10884133
-0.10873432
-0.10861761
-0.10849022
-0.10835115
-0.10819944
-0.10803428
-0.107855
-0.10766102
-0.10745145
-0.10722446
-0.10697668
-0.10670312
-0.10639763
-0.10605347
-0.10566379
-0.1052219
-0.10472151
-0.10415721
-0.10352553
-0.10282572
-0.10205777
-0.10121897
-0.10030548
-0.099314549
-0.098243298
-0.097087716
-0.095843033
-0.094504245
-0.09306628
-0.091524087
-0.089872752
-0.08810775
-0.086225234
-0.084222338
-0.082097436
-0.079850489
-0.077483555
-0.07500126
-0.072411156
-0.069723821
-0.066952691
-0.064113633
-0.061224126
-0.058302337
-0.055365965
-0.052431214
-0.049512019
-0.046619653
-0.043762867
-0.040948451
-0.038182121
-0.035469529
-0.03281722
-0.0302333
-0.027727573
-0.025311093
-0.022995312
-0.020791072
-0.018707489
-0.016751091
-0.01492511
-0.013229468
-0.011660897
-0.010214052
-0.008882011
-0.0076581222
-0.0065355982
-0.0055098071
-0.0045754807
-0.0037306204
-0.002969749
-0.0022927417
-0.0016907915
-0.001166528
-0.00070406046
-0.00031356032
3.4482541e-05
0.00031107076
0.00057413397
0.0007516172
0.00096427148
0.0010439189
0.0012527378
0.0012077451
0.0014910319
0.0012361424
0.0017515052
0.0010733633
0.0021694145
0.00056375507
0.003016756
-0.18147148
-0.14261651
-0.11157524
-0.10672993
-0.10874421
-0.1096721
-0.10967989
-0.10957568
-0.10953418
-0.10951698
-0.10949739
-0.10947283
-0.10944515
-0.10941504
-0.10938209
-0.10934599
-0.1093065
-0.10926335
-0.10921618
-0.10916477
-0.10910869
-0.10904757
-0.108981
-0.10890852
-0.10882965
-0.10874382
-0.10865044
-0.1085488
-0.10843818
-0.1083177
-0.1081864
-0.10804325
-0.1078871
-0.10771678
-0.10753119
-0.1073293
-0.10711021
-0.10687295
-0.10661604
-0.10633691
-0.10603141
-0.10569399
-0.10531808
-0.10489671
-0.10442282
-0.10388963
-0.10329094
-0.10262203
-0.10188072
-0.10106653
-0.10017711
-0.099208389
-0.098157236
-0.097020975
-0.095796028
-0.094478018
-0.093062317
-0.091544329
-0.089919644
-0.088184272
-0.086334921
-0.084369401
-0.08228705
-0.080089087
-0.077778909
-0.075362381
-0.072848164
-0.070247794
-0.067575473
-0.064847523
-0.062081517
-0.059295157
-0.056505164
-0.053726124
-0.050969711
-0.048244323
-0.045555209
-0.04290513
-0.040295379
-0.037726953
-0.035201689
-0.032723197
-0.030297412
-0.027932605
-0.025638796
-0.023426843
-0.021307353
-0.01928956
-0.01738046
-0.015584123
-0.013901691
-0.012331499
-0.01087014
-0.0095129113
-0.0082555268
-0.0070936064
-0.0060247671
-0.0050457863
-0.0041562911
-0.0033521675
-0.0026341057
-0.0019940259
-0.001434661
-0.00094052258
-0.00052129896
-0.00014797638
0.0001515765
0.00043416652
0.00062996934
0.0008570429
0.00095179467
0.0011701257
0.0011389275
0.0014259642
0.0011866406
0.0016969651
0.0010417311
0.0021169757
0.00055096068
0.0029561744
-0.18063985
-0.14056722
-0.10932435
-0.10453673
-0.1065787
-0.10750572
-0.10751043
-0.10740575
-0.10736463
-0.10734728
-0.10732765
-0.10730331
-0.10727581
-0.10724594
-0.10721329
-0.10717766
-0.1071387
-0.10709615
-0.10704965
-0.10699894
-0.10694358
-0.10688316
-0.10681725
-0.10674536
-0.10666693
-0.10658139
-0.10648804
-0.10638618
-0.10627501
-0.10615361
-0.10602099
-0.10587605
-0.10571758
-0.10554433
-0.10535498
-0.1051483
-0.10492311
-0.10467829
-0.1044125
-0.10412372
-0.1038087
-0.10346268
-0.10307962
-0.10265266
-0.10217461
-0.10163829
-0.10103687
-0.10036451
-0.099617448
-0.098794027
-0.097891806
-0.096906242
-0.095833352
-0.09467017
-0.093413298
-0.092058627
-0.090601878
-0.089039021
-0.087366524
-0.085581692
-0.083683033
-0.08167068
-0.079546901
-0.077316497
-0.074986988
-0.072568671
-0.070074529
-0.067519951
-0.064922125
-0.062299119
-0.059668633
-0.057046779
-0.054446915
-0.05187882
-0.049348314
-0.046857459
-0.044405271
-0.041988848
-0.039604684
-0.037249983
-0.034923748
-0.032627583
-0.030366044
-0.02814647
-0.025978324
-0.02387217
-0.02183858
-0.019887045
-0.018025109
-0.016257762
-0.01458744
-0.013014175
-0.011536606
-0.010152373
-0.0088596697
-0.0076566298
-0.0065431943
-0.0055182365
-0.004583028
-0.0037348016
-0.0029750433
-0.0022963701
-0.0017015787
-0.0011755628
-0.00072749517
-0.00032884157
-6.3111878e-06
0.00029577071
0.00050985789
0.00075127002
0.00086105682
0.0010887945
0.0010713189
0.0013619904
0.0011381494
0.0016433246
0.0010108889
0.0020652063
0.00053870575
0.002895974
-0.17661021
-0.13637035
-0.10556273
-0.10090718
-0.10293413
-0.10384607
-0.10384977
-0.10374781
-0.10370896
-0.10369365
-0.10367631
-0.10365452
-0.10363026
-0.10360376
-0.10357494
-0.1035436
-0.10350923
-0.10347178
-0.1034309
-0.10338618
-0.10333726
-0.10328376
-0.10322512
-0.10316089
-0.10309037
-0.10301301
-0.10292802
-0.1028346
-0.10273184
-0.1026188
-0.10249437
-0.10235737
-0.10220649
-0.10204038
-0.10185758
-0.1016567
-0.10143632
-0.10119517
-0.10093189
-0.10064474
-0.10033112
-0.099987078
-0.09960717
-0.099184807
-0.098712712
-0.098183368
-0.097589368
-0.096923891
-0.096181663
-0.095359604
-0.094454845
-0.093462591
-0.092378071
-0.091198005
-0.089919378
-0.088538802
-0.08705296
-0.085459142
-0.083755613
-0.081941995
-0.080019666
-0.077992169
-0.075865658
-0.073649174
-0.071354661
-0.068996684
-0.066591883
-0.064158182
-0.061713804
-0.059276084
-0.056860164
-0.054477855
-0.052136811
-0.049840216
-0.047587024
-0.045372733
-0.043190597
-0.041033029
-0.038893006
-0.036765297
-0.034647343
-0.032539816
-0.030446735
-0.028375147
-0.026334364
-0.024334929
-0.022387549
-0.020502048
-0.018686584
-0.016947108
-0.015287413
-0.013709314
-0.012213597
-0.010800363
-0.0094703997
-0.0082244506
-0.0070648519
-0.0059926039
-0.0050106232
-0.004117483
-0.0033154266
-0.0025977337
-0.0019672286
-0.0014091552
-0.00093213615
-0.00050811228
-0.00016260013
0.00015893579
0.00039125596
0.0006469269
0.00077168894
0.0010087336
0.0010049075
0.0012991097
0.0010906615
0.0015905938
0.00098082634
0.0020141245
0.000526994
0.0028361734
-0.17081229
-0.13101201
-0.10095819
-0.096466568
-0.098461111
-0.099353636
-0.099357041
-0.099257895
-0.09922141
-0.099208816
-0.09919412
-0.099175378
-0.099154324
-0.099131793
-0.099107331
-0.099080696
-0.09905165
-0.099020018
-0.098985362
-0.098947369
-0.098905596
-0.098859629
-0.098808888
-0.098752697
-0.098690436
-0.098621242
-0.098544245
-0.098458498
-0.09836285
-0.098256146
-0.098137101
-0.098004241
-0.097856131
-0.097691137
-0.097507643
-0.097304007
-0.09707866
-0.096830082
-0.096556894
-0.096257521
-0.095929806
-0.095570491
-0.095174789
-0.094736473
-0.094248246
-0.093702292
-0.09309072
-0.092406001
-0.091641767
-0.090793781
-0.08985901
-0.088833237
-0.087711979
-0.086492506
-0.08517322
-0.083752675
-0.082229883
-0.080604865
-0.078879104
-0.077055906
-0.075140702
-0.073141365
-0.071068396
-0.068934911
-0.066756355
-0.064549841
-0.062333199
-0.060123774
-0.057937239
-0.055786459
-0.053680477
-0.051623841
-0.049616419
-0.04765374
-0.045727859
-0.043828569
-0.04194482
-0.040066132
-0.038183801
-0.036291844
-0.034387559
-0.032471775
-0.030548778
-0.028625844
-0.026712474
-0.024819369
-0.022957452
-0.021136911
-0.019366528
-0.017653238
-0.01600223
-0.014417173
-0.0129011
-0.011456678
-0.010087396
-0.0087966947
-0.0075893543
-0.0064685308
-0.0054387762
-0.0044999692
-0.0036550714
-0.0028979855
-0.0022315189
-0.0016412428
-0.0011351986
-0.00068578476
-0.00031730091
2.3642969e-05
0.00027415137
0.00054400209
0.00068366491
0.00092992133
0.00093966464
0.0012373017
0.0010441443
0.0015387561
0.00095150998
0.0019637197
0.00051578047
0.0027767492
-0.16488444
-0.12536211
-0.095915434
-0.091566088
-0.093552939
-0.094435092
-0.094436285
-0.094337725
-0.094301489
-0.094289402
-0.094275975
-0.094258407
-0.09423901
-0.094218238
-0.094196119
-0.094171928
-0.094145852
-0.094117206
-0.094085911
-0.094051424
-0.094013211
-0.09397064
-0.093922953
-0.093869461
-0.09380911
-0.093740774
-0.093663382
-0.093575474
-0.09347554
-0.09336195
-0.093232826
-0.093086288
-0.092920144
-0.092732246
-0.092520384
-0.092282329
-0.092016004
-0.091719584
-0.091391429
-0.091030157
-0.090634161
-0.090201146
-0.089727471
-0.089207927
-0.088636002
-0.088004412
-0.087305753
-0.086533024
-0.085680294
-0.084743611
-0.083720926
-0.082610003
-0.081408267
-0.080115028
-0.078731646
-0.077260425
-0.075704502
-0.074068299
-0.0723578
-0.070580814
-0.068747042
-0.066868118
-0.064957417
-0.063029746
-0.061100684
-0.059185717
-0.057299123
-0.05545278
-0.05365515
-0.051910601
-0.050219023
-0.048575914
-0.046972891
-0.045398595
-0.043839898
-0.042283212
-0.040715733
-0.039126544
-0.037507424
-0.03585337
-0.034162832
-0.032437717
-0.030683149
-0.028906986
-0.027119072
-0.025330322
-0.023551854
-0.021794178
-0.020066661
-0.018377197
-0.016732399
-0.015137841
-0.013598894
-0.012120892
-0.010710121
-0.0093727835
-0.0081161493
-0.006945522
-0.0058670634
-0.0048819201
-0.0039937177
-0.0031969356
-0.0024943244
-0.0018717475
-0.001336633
-0.00086183317
-0.00047040465
-0.00011010786
0.00015852359
0.00044247279
0.00059696981
0.00085234704
0.00087557784
0.0011765638
0.00099858926
0.0014878181
0.0009229272
0.0019140064
0.00050506705
0.0027177224
-0.14826692
-0.1179041
-0.087089865
-0.081383318
-0.083232107
-0.08422762
-0.084272319
-0.084174769
-0.08414028
-0.084133925
-0.084127949
-0.084119821
-0.084110824
-0.084101856
-0.084093016
-0.084083935
-0.084074512
-0.084064545
-0.084053508
-0.084040944
-0.08402643
-0.084009047
-0.083988111
-0.083962526
-0.083931144
-0.083892723
-0.08384569
-0.083788501
-0.083719244
-0.08363594
-0.08353635
-0.08341801
-0.083278301
-0.083114351
-0.082923144
-0.082701769
-0.082447279
-0.082157159
-0.081829492
-0.081462917
-0.081056777
-0.080610442
-0.080122468
-0.079589733
-0.079007294
-0.078368891
-0.077667804
-0.076897664
-0.076053128
-0.075130766
-0.074129453
-0.07304917
-0.071890132
-0.070654735
-0.069348378
-0.067978239
-0.066552562
-0.065080627
-0.063572785
-0.062040455
-0.060495912
-0.058951924
-0.057421293
-0.05591624
-0.054447676
-0.053024371
-0.051652162
-0.050333269
-0.049065933
-0.047844413
-0.046659434
-0.045498871
-0.044348702
-0.043194068
-0.042020356
-0.040814159
-0.039564078
-0.038261318
-0.036900051
-0.03547759
-0.033994382
-0.032453878
-0.030862275
-0.029228051
-0.027561338
-0.025873145
-0.024174652
-0.022476559
-0.020788717
-0.019119934
-0.017478244
-0.015871168
-0.014306496
-0.012792314
-0.01133778
-0.0099519135
-0.0086444762
-0.0074229071
-0.0062949297
-0.0052628933
-0.0043310278
-0.0034943388
-0.0027554696
-0.0021005508
-0.0015363726
-0.0010362234
-0.00062190179
-0.0002423223
4.4368548e-05
0.00034233236
0.00051158001
0.0007759897
0.00081261883
0.0011168747
0.00095396311
0.0014377617
0.00089504459
0.0018649721
0.00049480891
0.0026590719
-0.13318848
-0.11499758
-0.079394348
-0.070665257
-0.072311002
-0.07356509
-0.073684512
-0.073572693
-0.073520347
-0.073506409
-0.073495643
-0.073482309
-0.073468796
-0.073455815
-0.073443132
-0.073430951
-0.07341873
-0.073406206
-0.073392463
-0.073377108
-0.073359164
-0.07333754
-0.073311133
-0.073278124
-0.073237048
-0.073186022
-0.07312287
-0.073045191
-0.072950853
-0.072836851
-0.072700813
-0.072539557
-0.072349899
-0.072128446
-0.07187158
-0.071575275
-0.071235586
-0.070848606
-0.070411005
-0.06992039
-0.069375816
-0.068778059
-0.068129447
-0.067432586
-0.066689038
-0.065898825
-0.065061206
-0.064176051
-0.063244753
-0.062270853
-0.06125997
-0.060218556
-0.059152156
-0.058066712
-0.056970261
-0.055872287
-0.054782478
-0.05371021
-0.052664238
-0.051652487
-0.050681675
-0.049756977
-0.048881739
-0.048057162
-0.047282095
-0.046552871
-0.045863231
-0.045204418
-0.044565398
-0.043933339
-0.043294252
-0.042633718
-0.041937599
-0.041192698
-0.040387334
-0.039511762
-0.038558481
-0.037522429
-0.03640108
-0.035194458
-0.033905071
-0.032537776
-0.031099583
-0.029599301
-0.028047035
-0.026453601
-0.024829972
-0.023186834
-0.021534375
-0.019882232
-0.018239838
-0.016616703
-0.015023089
-0.013469915
-0.011969265
-0.010532993
-0.0091733416
-0.0078998257
-0.0067216575
-0.0056423179
-0.0046665667
-0.003789873
-0.0030147309
-0.0023275037
-0.0017343172
-0.0012088946
-0.00077175961
-0.00037298493
-6.8324002e-05
0.00024356404
0.00042748399
0.00070083985
0.00075077569
0.0010582307
0.00091025719
0.0013885925
0.00086784939
0.0018166305
0.00048500596
0.0026008122
-0.065774111
-0.065438994
-0.045402954
-0.037971429
-0.038353981
-0.039165803
-0.039310727
-0.039271867
-0.039267338
-0.039292664
-0.039325644
-0.039361825
-0.039403028
-0.039449466
-0.03950233
-0.039561063
-0.039626627
-0.039698657
-0.039777274
-0.039862416
-0.039953964
-0.040051746
-0.040154799
-0.040262604
-0.04037405
-0.040488055
-0.04060322
-0.040718205
-0.040830808
-0.040939641
-0.041042618
-0.04113786
-0.041223547
-0.041297796
-0.041358562
-0.041403978
-0.041431848
-0.04144009
-0.041426698
-0.041390637
-0.041331795
-0.041251824
-0.04115405
-0.041044119
-0.040929055
-0.040815713
-0.040708854
-0.040611065
-0.040523771
-0.040448152
-0.040385352
-0.040335638
-0.040297159
-0.04026713
-0.040244859
-0.04023204
-0.040231224
-0.040244559
-0.040273213
-0.040317164
-0.040375044
-0.040444094
-0.040520167
-0.040597742
-0.040670001
-0.040728963
-0.040765631
-0.040770226
-0.040732444
-0.04064179
-0.040487965
-0.040261223
-0.039952681
-0.039554578
-0.039060474
-0.038465396
-0.03776596
-0.036960478
-0.036049042
-0.035033568
-0.033917784
-0.032707175
-0.031408864
-0.030031367
-0.028584243
-0.027077655
-0.02552202
-0.023927735
-0.022305132
-0.020664583
-0.019016892
-0.017373577
-0.015747436
-0.014152263
-0.012603096
-0.011114611
-0.0097014705
-0.0083751838
-0.0071463548
-0.0060194907
-0.0049997958
-0.0040831413
-0.0032718215
-0.0025524071
-0.0019303425
-0.0013797724
-0.00091994047
-0.00050208231
-0.00017954587
0.00014616872
0.00034466285
0.00062687874
0.0006900214
0.0010006102
0.00086743855
0.0013402896
0.00084130691
0.0017689692
0.00047561191
0.0025429227
-0.0140278
-0.019306784
-0.018495469
-0.017179114
-0.016809702
-0.016737208
-0.016417559
-0.01586374
-0.01538643
-0.01522541
-0.015280661
-0.015373766
-0.015458228
-0.015542594
-0.015635132
-0.015736762
-0.01584723
-0.015967514
-0.016098608
-0.016240428
-0.016393907
-0.016559788
-0.016738442
-0.01692993
-0.017135033
-0.017353981
-0.017586349
-0.017832092
-0.018090873
-0.018361915
-0.018644394
-0.018936988
-0.019238337
-0.019546761
-0.019860478
-0.02017763
-0.020496348
-0.02081492
-0.021131995
-0.021447088
-0.021761413
-0.022078734
-0.022405164
-0.022748017
-0.023114592
-0.02351184
-0.023945996
-0.024421485
-0.024940427
-0.025503499
-0.026110837
-0.026761584
-0.027452103
-0.028175673
-0.02892503
-0.029693892
-0.030476375
-0.031266164
-0.032056291
-0.032839134
-0.033606505
-0.034349794
-0.035060164
-0.035728736
-0.036346785
-0.036905913
-0.037398146
-0.037815995
-0.038152459
-0.038401014
-0.038555606
-0.038610666
-0.038561141
-0.038402579
-0.038131243
-0.037744253
-0.037239748
-0.036617057
-0.035876834
-0.035021157
-0.034053535
-0.032978896
-0.031803492
-0.030534745
-0.029180993
-0.027751222
-0.026254872
-0.024701748
-0.023102142
-0.021467048
-0.019808614
-0.0181404
-0.016477768
-0.014837423
-0.013237342
-0.011694964
-0.010227272
-0.0088476372
-0.007567921
-0.0063935421
-0.0053300518
-0.0043736513
-0.0035263919
-0.0027750198
-0.0021242822
-0.0015487489
-0.0010663789
-0.00062957668
-0.00028929251
5.0138912e-05
0.00026311067
0.00055409969
0.00063034548
0.00094400924
0.00082549789
0.0012928569
0.0008154038
0.0017219992
0.00046662612
0.0024854203
-0.016484097
-0.022567442
-0.021793701
-0.020653542
-0.020433329
-0.020562137
-0.020625659
-0.020567068
-0.020450841
-0.020344858
-0.020304855
-0.020324503
-0.02035951
-0.02039503
-0.020432522
-0.020473539
-0.020519928
-0.020570812
-0.020626391
-0.020687713
-0.020755181
-0.020829325
-0.020910125
-0.020998865
-0.021095794
-0.021201348
-0.021316368
-0.021441423
-0.021576858
-0.021723344
-0.021881171
-0.022050336
-0.022230836
-0.022422069
-0.02262301
-0.022832056
-0.023046983
-0.023264983
-0.023482828
-0.023697296
-0.023905917
-0.024108341
-0.024307839
-0.024511944
-0.024730562
-0.02497263
-0.025244207
-0.025548921
-0.025888705
-0.026264315
-0.026676344
-0.027125929
-0.027613574
-0.028137466
-0.02869414
-0.029279884
-0.029890784
-0.030522329
-0.03116939
-0.031826291
-0.032486845
-0.033144318
-0.033791414
-0.034420275
-0.035022542
-0.035589447
-0.036111933
-0.036580815
-0.036986939
-0.03732134
-0.037575403
-0.037741005
-0.037810646
-0.037777595
-0.037636027
-0.037381176
-0.037009466
-0.036518639
-0.035907828
-0.035177575
-0.034329788
-0.033367673
-0.032295648
-0.031119221
-0.029844855
-0.028479824
-0.027032187
-0.025510883
-0.023925984
-0.022289038
-0.020613531
-0.018915081
-0.017211658
-0.01552286
-0.01386955
-0.01227181
-0.010748786
-0.0093155418
-0.0079850303
-0.0067634339
-0.0056565427
-0.0046608152
-0.0037780125
-0.0029950381
-0.0023159363
-0.0017156954
-0.0012109993
-0.00075542874
-0.00039753835
-4.4513282e-05
0.00018281574
0.00048248782
0.00057172336
0.00088840644
0.00078440275
0.0012462728
0.00079010642
0.0016757059
0.000458
0.0024282815
-0.019528655
-0.026385716
-0.025248533
-0.023924336
-0.023719566
-0.023891995
-0.024029646
-0.024131474
-0.024292529
-0.024532612
-0.024767197
-0.024891249
-0.024915721
-0.024914831
-0.024921283
-0.024933642
-0.024947766
-0.024963316
-0.024980941
-0.02500108
-0.025023526
-0.025048366
-0.025076147
-0.025106938
-0.025141354
-0.025179674
-0.025222331
-0.025269941
-0.02532319
-0.025382565
-0.025448854
-0.025522842
-0.025605233
-0.025696648
-0.025797637
-0.025908448
-0.026028896
-0.026158295
-0.026295221
-0.026437473
-0.026582234
-0.026726562
-0.026868651
-0.027009784
-0.027156062
-0.02731762
-0.027504819
-0.027724427
-0.027978921
-0.028267827
-0.028589204
-0.028940992
-0.029321429
-0.029728108
-0.030157886
-0.030607907
-0.031075778
-0.031559023
-0.032054809
-0.032559934
-0.03307082
-0.033583462
-0.03409337
-0.034595505
-0.035084216
-0.035553197
-0.035995447
-0.036403278
-0.036768361
-0.037081841
-0.037334514
-0.037517068
-0.03762036
-0.037635713
-0.037555204
-0.037371909
-0.037080096
-0.036675343
-0.036154589
-0.035516108
-0.034759442
-0.033885326
-0.032895632
-0.03179333
-0.030582465
-0.029268178
-0.027856842
-0.026356318
-0.024776365
-0.023129057
-0.021429247
-0.019694655
-0.017945859
-0.016205311
-0.014496638
-0.012842383
-0.011263641
-0.0097769329
-0.0083960992
-0.0071279256
-0.0059783216
-0.0049439275
-0.0040261756
-0.0032121046
-0.0025050533
-0.0018804434
-0.0013536935
-0.00087957109
-0.00050425855
-0.00013778202
0.00010378071
0.00041204145
0.00051414758
0.00083379842
0.00074414502
0.0012005404
0.00076540087
0.0016300981
0.00044973108
0.0023715231
-0.022851367
-0.03029421
-0.028678808
-0.026999179
-0.026783968
-0.027042836
-0.027251914
-0.027432085
-0.027702014
-0.028094463
-0.028525324
-0.028831399
-0.028932398
-0.028923464
-0.028906735
-0.028900725
-0.028898659
-0.028897565
-0.028896615
-0.028895829
-0.028895931
-0.028896683
-0.028898018
-0.028900227
-0.028903214
-0.02890716
-0.02891239
-0.02891911
-0.028927593
-0.028938377
-0.028951955
-0.028968821
-0.028989653
-0.029015188
-0.029046113
-0.029083154
-0.029126913
-0.029177758
-0.029235767
-0.029300463
-0.029370723
-0.0294447
-0.029519977
-0.029594434
-0.029667954
-0.029744615
-0.02983318
-0.029944153
-0.030085293
-0.030259734
-0.030467203
-0.030706019
-0.03097438
-0.031270288
-0.031591237
-0.031934831
-0.032299122
-0.032682168
-0.033081663
-0.03349486
-0.033918563
-0.034349069
-0.034782102
-0.035212756
-0.035635481
-0.036044097
-0.036431833
-0.036791406
-0.037115104
-0.037394901
-0.037622569
-0.037789805
-0.037888361
-0.037910195
-0.037847621
-0.037693475
-0.037441255
-0.037085252
-0.036620625
-0.036043447
-0.035350715
-0.034540376
-0.03361139
-0.032563828
-0.031399015
-0.030119715
-0.028730463
-0.027237981
-0.025651721
-0.023984348
-0.022252158
-0.020475022
-0.01867612
-0.01688065
-0.015114808
-0.013403345
-0.011768999
-0.010229477
-0.0087992693
-0.0074855696
-0.0062942867
-0.005222167
-0.0042702773
-0.0034257859
-0.0026913391
-0.0020427959
-0.0014943372
-0.0010019304
-0.00060940445
-0.0002296396
2.6004196e-05
0.00034275183
0.00045759751
0.00078016567
0.00070469334
0.0011556364
0.00074125231
0.0015851591
0.00044177059
0.0023151216
-0.028345818
-0.036246233
-0.033310533
-0.030882093
-0.030710069
-0.031167282
-0.031488002
-0.031730057
-0.032033786
-0.032411322
-0.032806566
-0.033139773
-0.033329873
-0.033366225
-0.033332682
-0.033298386
-0.033273391
-0.033251771
-0.033231403
-0.033212201
-0.033193689
-0.033175708
-0.03315841
-0.033141314
-0.033124417
-0.033107673
-0.033090972
-0.033074304
-0.03305783
-0.0330416
-0.033025779
-0.033010708
-0.032996667
-0.032984136
-0.032973567
-0.032965557
-0.032960708
-0.032959612
-0.032962787
-0.032970592
-0.032983081
-0.032999891
-0.033020101
-0.033042264
-0.033064828
-0.033087405
-0.033112775
-0.033147992
-0.033202466
-0.033283702
-0.033394801
-0.033535294
-0.033703089
-0.033895525
-0.034109619
-0.034342664
-0.034592695
-0.034858127
-0.035137234
-0.035427986
-0.03572804
-0.036034717
-0.036344925
-0.036655073
-0.036961001
-0.037257942
-0.037540502
-0.037802695
-0.038037998
-0.038239455
-0.038399789
-0.03851152
-0.03856707
-0.038558847
-0.038479318
-0.038321074
-0.038076896
-0.037739836
-0.037303295
-0.036761116
-0.036107683
-0.035338066
-0.034448219
-0.033435242
-0.032297693
-0.03103597
-0.029652833
-0.02815398
-0.026548714
-0.024850456
-0.023077082
-0.021250681
-0.019396971
-0.017543728
-0.015719435
-0.013950689
-0.012261512
-0.010670456
-0.0091923765
-0.0078346822
-0.0066031548
-0.005494573
-0.0045096188
-0.0036355825
-0.0028744368
-0.0022025078
-0.0016327672
-0.0011224005
-0.00071292389
-0.00032006211
-5.0499326e-05
0.00027462436
0.00040207006
0.00072750637
0.00066604064
0.001111562
0.00071764747
0.0015408976
0.0004341154
0.0022590937
-0.035267416
-0.044408624
-0.039005111
-0.034851936
-0.03504697
-0.036426983
-0.037269041
-0.037603184
-0.037699811
-0.037683475
-0.037627266
-0.037584876
-0.037573688
-0.037578174
-0.037573131
-0.037552217
-0.037527557
-0.037506939
-0.037489254
-0.037472492
-0.037455852
-0.037439176
-0.037422137
-0.037404598
-0.037386339
-0.037367184
-0.037347019
-0.037325805
-0.037303399
-0.037279808
-0.037255025
-0.03722907
-0.03720204
-0.037174076
-0.037145389
-0.037116224
-0.03708689
-0.037057765
-0.037029236
-0.037001681
-0.036975414
-0.036950631
-0.036927297
-0.036905073
-0.03688331
-0.03686129
-0.036839117
-0.036819329
-0.036808088
-0.036813824
-0.036843397
-0.036899401
-0.03698072
-0.03708419
-0.0372057
-0.037341288
-0.037488088
-0.037644215
-0.037808079
-0.037978009
-0.038152204
-0.03832874
-0.038505526
-0.038680248
-0.038850299
-0.039012731
-0.039164181
-0.039300831
-0.039418346
-0.039511845
-0.03957587
-0.039604388
-0.039590788
-0.039527926
-0.039408169
-0.039223482
-0.038965533
-0.038625807
-0.038195745
-0.037666891
-0.037031058
-0.036280565
-0.035408544
-0.034409341
-0.033278999
-0.032015832
-0.030621124
-0.029099882
-0.027461583
-0.025720683
-0.023896832
-0.022014382
-0.020101488
-0.018188225
-0.016304964
-0.014479702
-0.012737285
-0.011096726
-0.0095729425
-0.0081733439
-0.0069034634
-0.0057600512
-0.0047433888
-0.0038409056
-0.0030539373
-0.0023592977
-0.0017687979
-0.0012408644
-0.00081473799
-0.00040900122
-0.00012571736
0.00020765908
0.00034755029
0.00067580372
0.00062815738
0.0010682949
0.00069455334
0.0014972965
0.00042671597
0.0022034166
-0.044935417
-0.055635439
-0.046435415
-0.040646764
-0.041058941
-0.0418999
-0.042063613
-0.042019643
-0.041993346
-0.041990599
-0.041990691
-0.041990118
-0.041988247
-0.041984668
-0.041979904
-0.041975111
-0.041969356
-0.041962346
-0.041954522
-0.041945531
-0.041935296
-0.04192364
-0.041910576
-0.041896002
-0.041879629
-0.041861414
-0.041841269
-0.041819002
-0.041794436
-0.041767476
-0.04173798
-0.041705813
-0.041670826
-0.041632937
-0.041592035
-0.04154804
-0.0415009
-0.041450582
-0.041397043
-0.041340286
-0.041280282
-0.041216967
-0.041150226
-0.041079838
-0.041005459
-0.040926647
-0.040843075
-0.040755244
-0.040665803
-0.040580687
-0.04050806
-0.040454791
-0.040423589
-0.040413192
-0.040419876
-0.040439093
-0.040467175
-0.040501953
-0.040542162
-0.040586787
-0.040634829
-0.040685261
-0.040736975
-0.040788699
-0.040838897
-0.040885691
-0.040926771
-0.040959319
-0.040979939
-0.040984602
-0.040968598
-0.040926504
-0.040852145
-0.040738582
-0.04057811
-0.040362294
-0.04008204
-0.039727708
-0.039289261
-0.038756448
-0.038119039
-0.037367124
-0.036491544
-0.035484421
-0.034339821
-0.033054522
-0.031628891
-0.03006778
-0.028381331
-0.026585423
-0.024701694
-0.022756775
-0.020781044
-0.018806479
-0.016864819
-0.014984887
-0.013191841
-0.011504712
-0.0099381549
-0.0084993765
-0.0071935514
-0.0060173513
-0.0049706686
-0.0040410892
-0.003229359
-0.0025128281
-0.0019021991
-0.0013571675
-0.00091476025
-0.0004964094
-0.00019961966
0.00014187135
0.00029404146
0.00062505846
0.00059103831
0.0010258356
0.00067195622
0.0014543612
0.00041956744
0.0021481061
-0.050914695
-0.062124601
-0.050409245
-0.043081734
-0.042966196
-0.043809511
-0.044024737
-0.043996571
-0.043971173
-0.043970832
-0.043975948
-0.043977534
-0.043977804
-0.043978279
-0.043977346
-0.043975396
-0.043972997
-0.043969738
-0.04396528
-0.043960062
-0.043953743
-0.043946395
-0.043937947
-0.043928179
-0.043917104
-0.043904612
-0.043890631
-0.04387499
-0.043857598
-0.043838352
-0.043817095
-0.043793666
-0.043767965
-0.043739841
-0.043709112
-0.043675655
-0.043639292
-0.043599868
-0.043557214
-0.043511143
-0.043461447
-0.043407896
-0.043350201
-0.043288024
-0.043220944
-0.043148478
-0.043070132
-0.042985606
-0.042895402
-0.042802001
-0.042711003
-0.042630446
-0.042567523
-0.042525298
-0.042502167
-0.042493537
-0.042494396
-0.042501211
-0.04251198
-0.042525428
-0.042540486
-0.042556144
-0.042571386
-0.042585105
-0.042596001
-0.042602502
-0.042602671
-0.042594116
-0.042573913
-0.042538525
-0.042483735
-0.042404591
-0.042295347
-0.042149418
-0.041959345
-0.041716775
-0.04141248
-0.041036424
-0.040577868
-0.040025565
-0.039368011
-0.038593831
-0.037692316
-0.036654111
-0.035472065
-0.034142197
-0.032664731
-0.031045102
-0.029294738
-0.027431386
-0.025478874
-0.02346602
-0.02142508
-0.019389372
-0.017391339
-0.015459963
-0.01362012
-0.011890398
-0.010284874
-0.0088103547
-0.007471567
-0.0062650796
-0.0051904156
-0.0042353676
-0.0034001582
-0.002662717
-0.0020327106
-0.0014711388
-0.0010128738
-0.00058221192
-0.0002721753
7.7273129e-05
0.00024153637
0.00057525811
0.00055465736
0.00098416104
0.00064982276
0.0014120717
0.00041261863
0.0020931374
-0.055934726
-0.067338518
-0.053521902
-0.045370263
-0.04471845
-0.045412856
-0.045649874
-0.045645257
-0.045627103
-0.045629044
-0.045636347
-0.045642656
-0.045647468
-0.045649898
-0.045653086
-0.045655646
-0.045656452
-0.045656901
-0.045656709
-0.045655487
-0.045653726
-0.045651118
-0.045647659
-0.045643317
-0.045637999
-0.045631801
-0.045624565
-0.045616149
-0.04560661
-0.045595819
-0.045583617
-0.045569947
-0.045554727
-0.045537746
-0.045518903
-0.045498051
-0.045475004
-0.045449585
-0.04542157
-0.045390735
-0.045356808
-0.045319484
-0.045278405
-0.045233145
-0.045183206
-0.045128011
-0.045066916
-0.04499928
-0.04492466
-0.044843336
-0.044757373
-0.044671796
-0.044594321
-0.04453242
-0.044489611
-0.044464188
-0.044451239
-0.044445923
-0.044445087
-0.044446839
-0.044449754
-0.044452538
-0.044453936
-0.044452649
-0.044447237
-0.044436024
-0.044417007
-0.04438777
-0.044345403
-0.044286427
-0.044206709
-0.044101404
-0.043964876
-0.043790634
-0.043571261
-0.043298371
-0.042962583
-0.042553552
-0.042060056
-0.041470184
-0.040771619
-0.039952087
-0.03900001
-0.037905346
-0.036660607
-0.035261993
-0.03371054
-0.032013134
-0.03018319
-0.028240749
-0.026211917
-0.024127448
-0.022020919
-0.019926244
-0.017875763
-0.015897855
-0.014016495
-0.012249356
-0.01060964
-0.0091036026
-0.0077354602
-0.0065016804
-0.0054014722
-0.0044228893
-0.003565711
-0.0028085189
-0.0021600218
-0.0015825651
-0.0011089493
-0.00066633106
-0.00034333375
1.3893033e-05
0.00019004681
0.00052640859
0.00051901172
0.00094327189
0.00062813998
0.0013704326
0.00040586461
0.0020385289
-0.061403379
-0.071618116
-0.055765775
-0.047116358
-0.046608788
-0.047395296
-0.047641105
-0.047633674
-0.047620165
-0.047627777
-0.047640068
-0.047650581
-0.047658468
-0.047666404
-0.047672671
-0.04767788
-0.047682737
-0.047686578
-0.047689885
-0.047692241
-0.047693887
-0.047694821
-0.047695009
-0.04769442
-0.047693163
-0.047691167
-0.047688339
-0.047684737
-0.047680257
-0.047674833
-0.047668485
-0.047661094
-0.047652535
-0.047642777
-0.047631709
-0.047619178
-0.047605057
-0.047589177
-0.047571358
-0.047551392
-0.047529029
-0.047503976
-0.047475906
-0.047444423
-0.047409067
-0.047369295
-0.047324495
-0.047273987
-0.047217098
-0.047153337
-0.04708282
-0.047007179
-0.046930661
-0.046860169
-0.046802756
-0.046761768
-0.04673522
-0.046718154
-0.046706098
-0.046696224
-0.046686654
-0.046675786
-0.046662091
-0.046644046
-0.046620032
-0.046588249
-0.046546603
-0.046492619
-0.046423349
-0.046335286
-0.046224275
-0.046085427
-0.045913027
-0.045700459
-0.045440109
-0.045123305
-0.04474028
-0.044280203
-0.043731283
-0.043080987
-0.042316406
-0.041424786
-0.040394312
-0.039215086
-0.037880283
-0.036387373
-0.034739277
-0.032945262
-0.031021395
-0.028990295
-0.026880213
-0.024723316
-0.0225537
-0.020404929
-0.018308299
-0.016290785
-0.014374832
-0.012576776
-0.01090871
-0.0093762223
-0.0079830034
-0.0067254583
-0.0056025553
-0.0046026977
-0.0037253246
-0.0029497369
-0.0022837854
-0.0016912106
-0.0012028233
-0.00074865909
-0.00041304087
-4.8241561e-05
0.00013957595
0.00047850232
0.00048407838
0.0009031459
0.00060687664
0.0013294236
0.00039925387
0.0019842552
-0.06761202
-0.076526032
-0.058458971
-0.049304343
-0.048949348
-0.049818649
-0.050073539
-0.050061345
-0.050044848
-0.050052699
-0.050065284
-0.050076259
-0.050085621
-0.050093728
-0.050101137
-0.050107033
-0.050112414
-0.050117527
-0.050121266
-0.050124656
-0.050127503
-0.050129457
-0.050130894
-0.050131827
-0.050132137
-0.050131823
-0.050130871
-0.050129223
-0.050127018
-0.050124142
-0.050120462
-0.050116053
-0.050110828
-0.050104669
-0.050097543
-0.050089356
-0.050079963
-0.050069258
-0.050057092
-0.050043281
-0.050027619
-0.050009863
-0.049989733
-0.049966888
-0.049940939
-0.049911416
-0.049877783
-0.049839433
-0.049795697
-0.049745925
-0.049689632
-0.049626862
-0.049558924
-0.049489365
-0.04942412
-0.049369382
-0.049327902
-0.049297441
-0.049273292
-0.049251451
-0.049229311
-0.049204904
-0.049176387
-0.049141904
-0.049099524
-0.049047142
-0.048982372
-0.048902446
-0.048804119
-0.048683576
-0.048536338
-0.048357177
-0.048140022
-0.047877869
-0.047562691
-0.047185371
-0.046735669
-0.046202271
-0.045572931
-0.044834767
-0.043974713
-0.042980192
-0.041840024
-0.040545531
-0.039091766
-0.037478714
-0.03571231
-0.033805069
-0.031776157
-0.029650744
-0.027458726
-0.025232812
-0.023006516
-0.020811931
-0.018678306
-0.016630414
-0.014688612
-0.012867566
-0.011178108
-0.0096251186
-0.0082118001
-0.0069345705
-0.0057922709
-0.0047737497
-0.0038782216
-0.0030858053
-0.0024035983
-0.0017967924
-0.0012943151
-0.00082908145
-0.00048122057
-0.00010908499
9.014658e-05
0.00043155098
0.00044985914
0.00086378445
0.00058602042
0.0012890457
0.00039277968
0.001930334
-0.074836027
-0.082273544
-0.061691451
-0.05196908
-0.051782597
-0.052751238
-0.053006195
-0.052978615
-0.052955154
-0.052959837
-0.052970881
-0.052978583
-0.052984587
-0.052989914
-0.05299442
-0.052999268
-0.053003364
-0.053006202
-0.053009067
-0.053011467
-0.053013156
-0.0530145
-0.05301531
-0.053015869
-0.053015971
-0.053015487
-0.053014535
-0.053013331
-0.053011503
-0.053009129
-0.053006319
-0.053002838
-0.052998747
-0.052993994
-0.052988475
-0.052982092
-0.052974801
-0.052966472
-0.052956976
-0.052946155
-0.052933842
-0.052919833
-0.052903878
-0.052885703
-0.052864953
-0.052841249
-0.052814118
-0.052783031
-0.052747392
-0.052706548
-0.052659878
-0.052606909
-0.052547637
-0.052483124
-0.052416287
-0.052352045
-0.052295444
-0.052248376
-0.05220838
-0.052171103
-0.052132922
-0.05209127
-0.05204395
-0.051988742
-0.051923312
-0.051845135
-0.051751396
-0.051638875
-0.051503838
-0.051341937
-0.051148113
-0.050916513
-0.050640396
-0.050312063
-0.04992279
-0.049462796
-0.048921255
-0.04828641
-0.047545806
-0.046686681
-0.045696557
-0.044564032
-0.043279795
-0.041837782
-0.040236353
-0.038479319
-0.03657664
-0.034544628
-0.03240555
-0.030186569
-0.027918216
-0.025632452
-0.023360865
-0.021132848
-0.01897463
-0.016908095
-0.014951099
-0.013116461
-0.011413709
-0.0098470586
-0.0084193258
-0.0071270628
-0.0059691131
-0.0049349009
-0.0040235551
-0.0032161034
-0.0025190165
-0.0018990013
-0.0013832061
-0.00090745037
-0.00054779012
-0.0001685902
4.1774916e-05
0.00038555604
0.00041633614
0.00082516641
0.00056554034
0.0012492765
0.00038639063
0.001876741
-0.08327707
-0.088986603
-0.065510947
-0.055160017
-0.055181174
-0.056247427
-0.056500277
-0.056461012
-0.056428951
-0.056429051
-0.056435031
-0.056439669
-0.056442005
-0.05644452
-0.056446566
-0.056448277
-0.056449281
-0.056450443
-0.05645126
-0.056451782
-0.05645186
-0.056451758
-0.05645155
-0.05645066
-0.056449683
-0.056448311
-0.056446653
-0.056444669
-0.056442237
-0.056439431
-0.056436113
-0.0564324
-0.056428095
-0.056423208
-0.056417636
-0.056411355
-0.056404242
-0.05639618
-0.056387083
-0.056376795
-0.05636515
-0.056351968
-0.056337016
-0.056320034
-0.056300726
-0.056278733
-0.056253639
-0.056224959
-0.056192149
-0.056154596
-0.056111639
-0.056062655
-0.056007151
-0.055945051
-0.055877174
-0.055805837
-0.055734901
-0.055668107
-0.055606322
-0.05554681
-0.055485456
-0.055418765
-0.05534394
-0.055258317
-0.055159061
-0.055043091
-0.054906997
-0.054746931
-0.054558491
-0.054336611
-0.054075472
-0.053768409
-0.053407851
-0.052985268
-0.052491152
-0.051915058
-0.051245707
-0.05047121
-0.049579448
-0.048558607
-0.047397907
-0.046088496
-0.04462448
-0.043003985
-0.041230103
-0.039311524
-0.037262751
-0.035103761
-0.032859152
-0.030556798
-0.028226268
-0.025897124
-0.023597549
-0.021353075
-0.019186121
-0.017115232
-0.015155599
-0.013318195
-0.011611342
-0.010038732
-0.0086029635
-0.0073008762
-0.0061314874
-0.0050849306
-0.0041603961
-0.0033399401
-0.0026295361
-0.0019974754
-0.0014692562
-0.00098360721
-0.00061264223
-0.00022669033
-5.5023629e-06
0.00034053782
0.00038351551
0.00078729381
0.00054542534
0.0012101152
0.00038007982
0.0018234914
-0.093145249
-0.09675829
-0.069935495
-0.058909981
-0.059169858
-0.060361989
-0.060617429
-0.060558709
-0.060521728
-0.060519637
-0.060522537
-0.060523003
-0.060524141
-0.060523691
-0.060523524
-0.06052296
-0.060522509
-0.060521839
-0.060520836
-0.060519682
-0.06051831
-0.060516702
-0.060515022
-0.060513114
-0.060510633
-0.060508091
-0.0605052
-0.060501889
-0.060498251
-0.060494166
-0.060489633
-0.060484542
-0.060478872
-0.060472576
-0.060465573
-0.060457738
-0.060448992
-0.060439231
-0.060428328
-0.060416118
-0.060402442
-0.060387096
-0.06036986
-0.060350457
-0.06032859
-0.060303897
-0.060275969
-0.060244338
-0.060208447
-0.060167683
-0.060121371
-0.060068779
-0.060009192
-0.059942031
-0.059867056
-0.059784775
-0.05969685
-0.059606025
-0.059514625
-0.059422382
-0.059326135
-0.059221728
-0.059105437
-0.058973905
-0.058823665
-0.058650927
-0.058451491
-0.058220661
-0.057953137
-0.057642918
-0.057283216
-0.056866402
-0.056383979
-0.055826608
-0.055184172
-0.054445934
-0.053600782
-0.052637611
-0.051545849
-0.050316133
-0.048941104
-0.047416286
-0.045740947
-0.043918863
-0.04195879
-0.039874554
-0.037684677
-0.035411559
-0.033080331
-0.030717488
-0.028349577
-0.026001977
-0.023698128
-0.021458856
-0.01930236
-0.01724378
-0.01529578
-0.013467707
-0.011766928
-0.010196848
-0.0087600642
-0.0074538999
-0.0062777224
-0.005222535
-0.0042877532
-0.003456571
-0.0027346113
-0.0020918243
-0.001552183
-0.0010573571
-0.00067566001
-0.00028331436
-5.1652295e-05
0.00029650637
0.00035138559
0.00075014875
0.00052564638
0.0011715386
0.0003737943
0.0017705606
-0.10461214
-0.10561993
-0.074962646
-0.063202715
-0.063778953
-0.065119459
-0.06537677
-0.065305436
-0.065262809
-0.065259205
-0.065263236
-0.065264508
-0.0652639
-0.06526351
-0.065261857
-0.065261039
-0.065260578
-0.065258673
-0.06525675
-0.065255258
-0.065252862
-0.065250483
-0.065247542
-0.065244221
-0.065240825
-0.065236911
-0.065232532
-0.065227609
-0.065222236
-0.065216284
-0.065209582
-0.065202254
-0.065194134
-0.065185104
-0.065175076
-0.065163988
-0.065151702
-0.065138062
-0.065122903
-0.065106053
-0.06508731
-0.065066429
-0.065043148
-0.065017165
-0.064988112
-0.064955603
-0.064919165
-0.064878274
-0.064832317
-0.064780611
-0.064722386
-0.06465678
-0.064582884
-0.064499772
-0.064406613
-0.06430285
-0.064188498
-0.06406441
-0.063932053
-0.063792184
-0.063643217
-0.063481262
-0.063301684
-0.063100051
-0.062871978
-0.06261276
-0.0623172
-0.061979542
-0.0615934
-0.061151701
-0.060646648
-0.060069732
-0.059411794
-0.058663169
-0.057813899
-0.056854042
-0.055774089
-0.054565488
-0.053221257
-0.051736675
-0.050109952
-0.048342844
-0.046441101
-0.044414684
-0.042277643
-0.040047631
-0.037745086
-0.035392207
-0.03301187
-0.030626606
-0.028257837
-0.025925314
-0.023646945
-0.021438634
-0.019314545
-0.017286814
-0.015366044
-0.013560391
-0.011876645
-0.010318233
-0.0088880131
-0.0075839979
-0.0064061051
-0.005346361
-0.0044045677
-0.0035651866
-0.0028336357
-0.0021816017
-0.0016316814
-0.0011284917
-0.00073669935
-0.00033836947
-9.6620832e-05
0.00025349281
0.00031995894
0.00071373524
0.00050619366
0.0011335444
0.00036752683
0.0017179653
-0.11787754
-0.11552637
-0.080477379
-0.068034875
-0.069000022
-0.070493508
-0.070754289
-0.070673192
-0.070627165
-0.070626552
-0.070634449
-0.070636758
-0.070636138
-0.070636792
-0.070639746
-0.070638356
-0.070636107
-0.070635212
-0.070634123
-0.070631454
-0.070629172
-0.070625993
-0.070621904
-0.070617883
-0.070612742
-0.070606997
-0.070600818
-0.070593697
-0.070585581
-0.07057665
-0.070566753
-0.070555732
-0.070543486
-0.070529856
-0.070514795
-0.07049812
-0.070479607
-0.070459121
-0.070436424
-0.070411254
-0.070383348
-0.070352407
-0.070318048
-0.070279884
-0.070237457
-0.070190249
-0.070137667
-0.070079051
-0.070013642
-0.069940573
-0.069858877
-0.069767476
-0.069665157
-0.069550619
-0.069422496
-0.069279448
-0.069120295
-0.068944218
-0.068750897
-0.06854016
-0.068310847
-0.068059675
-0.067781544
-0.067470784
-0.067121724
-0.066728513
-0.06628485
-0.065783894
-0.065218271
-0.06458011
-0.063861113
-0.063052699
-0.062146215
-0.061133223
-0.06000587
-0.058757324
-0.057382255
-0.05587735
-0.054241796
-0.052477692
-0.050590326
-0.048588249
-0.046483144
-0.044289456
-0.042023806
-0.039704225
-0.037349307
-0.034977427
-0.032606134
-0.030251751
-0.027929255
-0.025652311
-0.023433538
-0.021284595
-0.019216472
-0.017239156
-0.015361928
-0.013592352
-0.011937099
-0.010399958
-0.0089843128
-0.0076890787
-0.0065149078
-0.0054550083
-0.0045097365
-0.0036649328
-0.0029259647
-0.0022663343
-0.0017074002
-0.0011967624
-0.00079560343
-0.00039175581
-0.00014035585
0.00021152049
0.00028923175
0.00067803777
0.00048703943
0.0010961059
0.00036122489
0.0016656787
-0.1331481
-0.12629328
-0.08632761
-0.073325276
-0.074759088
-0.076445322
-0.076714917
-0.076616794
-0.076582717
-0.076597061
-0.076610366
-0.076619092
-0.076626276
-0.076632325
-0.076634476
-0.076639931
-0.076642026
-0.076644467
-0.076644557
-0.076643261
-0.076641413
-0.076638416
-0.076634771
-0.076629408
-0.076623199
-0.07661579
-0.076606691
-0.076596219
-0.076584577
-0.076571218
-0.076556017
-0.076538945
-0.076519866
-0.076498632
-0.076474888
-0.076448492
-0.076419161
-0.076386614
-0.076350512
-0.076310464
-0.076266074
-0.076216825
-0.076162219
-0.076101659
-0.076034445
-0.075959814
-0.075876923
-0.075784783
-0.075682302
-0.075568248
-0.075441231
-0.075299692
-0.075141895
-0.074965932
-0.074769689
-0.074550933
-0.074307328
-0.074036551
-0.073736396
-0.073404783
-0.073039349
-0.072636546
-0.072191013
-0.071696148
-0.071145107
-0.070531162
-0.069847551
-0.069087369
-0.068243635
-0.067309458
-0.066278248
-0.065143982
-0.063901509
-0.06254688
-0.061077698
-0.059493446
-0.057795751
-0.055988578
-0.054078282
-0.05207352
-0.049984987
-0.047825004
-0.045607011
-0.043344997
-0.041052951
-0.038744348
-0.036431769
-0.034126721
-0.03183963
-0.029580024
-0.027356878
-0.025178928
-0.023055016
-0.020994102
-0.019005408
-0.017097918
-0.015280473
-0.013560671
-0.011945511
-0.010439461
-0.0090466715
-0.0077671413
-0.006602434
-0.0055470733
-0.0046021178
-0.0037549054
-0.0030108995
-0.0023454919
-0.0017789646
-0.0012619058
-0.00085218544
-0.00044334995
-0.00018278178
0.0001706339
0.00025922464
0.00064306329
0.00046817574
0.0010592184
0.0003548803
0.0016137175
-0.1499946
-0.13632938
-0.091350755
-0.07834037
-0.08053474
-0.082441209
-0.082744678
-0.082683836
-0.082694424
-0.082754734
-0.082804148
-0.082854846
-0.082898675
-0.082931556
-0.082961199
-0.082988184
-0.083013157
-0.083029122
-0.083043966
-0.083057608
-0.083064745
-0.083068223
-0.083069604
-0.08306774
-0.083062053
-0.08305269
-0.083039942
-0.083023811
-0.083003767
-0.082979787
-0.082951852
-0.082919375
-0.082882177
-0.08284006
-0.082792611
-0.082739357
-0.082679787
-0.082613529
-0.082539891
-0.082458179
-0.082367718
-0.082267724
-0.082157268
-0.082035323
-0.081900816
-0.081752521
-0.081589063
-0.081408947
-0.081210527
-0.080991952
-0.080751205
-0.08048605
-0.080194038
-0.079872476
-0.079518438
-0.07912876
-0.078700067
-0.078228815
-0.077711364
-0.077144052
-0.076523211
-0.075844907
-0.075104484
-0.074296538
-0.073415624
-0.072456898
-0.071416164
-0.070289711
-0.069074333
-0.067767533
-0.066367783
-0.06487477
-0.063289602
-0.061614958
-0.059855141
-0.058016036
-0.05610495
-0.054130345
-0.052101484
-0.05002802
-0.047919566
-0.045785313
-0.04363374
-0.041472445
-0.03930811
-0.037146573
-0.034992979
-0.032852051
-0.030728447
-0.028627133
-0.026553741
-0.024514743
-0.022517594
-0.020570558
-0.018682625
-0.016862889
-0.015120507
-0.013463618
-0.011899885
-0.010434682
-0.0090730983
-0.0078163576
-0.0066670612
-0.0056211626
-0.0046805594
-0.0038341749
-0.0030877124
-0.0024185227
-0.0018459539
-0.0013236153
-0.00090624482
-0.00049301979
-0.00022382325
0.00013087183
0.0002299428
0.00060880078
0.0004495769
0.0010228537
0.00034844013
0.0015620519
-0.16468939
-0.13830472
-0.091850789
-0.080966744
-0.083532787
-0.085316059
-0.085595492
-0.085575131
-0.085615272
-0.085700662
-0.085789445
-0.085855677
-0.085911303
-0.085961261
-0.086006225
-0.086040188
-0.086069438
-0.086095308
-0.086111023
-0.086120563
-0.086125961
-0.086126364
-0.086120094
-0.086106873
-0.086088689
-0.086064072
-0.086033057
-0.085995885
-0.08595162
-0.085899968
-0.085840705
-0.085773407
-0.085697326
-0.085612037
-0.085516678
-0.085410571
-0.085292971
-0.085162797
-0.08501908
-0.084860739
-0.084686567
-0.084495212
-0.084285224
-0.084055069
-0.083803085
-0.083527451
-0.083226198
-0.082897288
-0.082538452
-0.082147336
-0.081721412
-0.081258014
-0.080754336
-0.080207425
-0.079614224
-0.078971569
-0.078276261
-0.077525063
-0.076714844
-0.075842626
-0.074905776
-0.073902118
-0.072830004
-0.07168832
-0.070476701
-0.069195954
-0.067848101
-0.066436071
-0.06496346
-0.063434462
-0.061853871
-0.060227001
-0.058559512
-0.056857153
-0.055125465
-0.053369473
-0.051593444
-0.049800743
-0.047993804
-0.046174212
-0.044342873
-0.042500238
-0.040646544
-0.03878206
-0.036907311
-0.035023273
-0.033131565
-0.031234656
-0.029336045
-0.027440386
-0.025553592
-0.023682798
-0.021836297
-0.020023224
-0.018253378
-0.016536613
-0.014882789
-0.013300811
-0.01179915
-0.010384174
-0.0090619973
-0.0078351287
-0.0067072953
-0.0056759456
-0.0047439135
-0.0039017881
-0.0031556359
-0.0024848234
-0.0019079258
-0.0013815712
-0.00095754764
-0.0005406063
-0.00026338032
9.2293986e-05
0.00020141644
0.0005752618
0.00043123624
0.00098700423
0.00034189518
0.0015106958
-0.11458294
-0.093640215
-0.062785746
-0.055898791
-0.057469772
-0.058536818
-0.058644414
-0.058578028
-0.05856636
-0.058578011
-0.058588236
-0.058595962
-0.058602783
-0.058607357
-0.058610526
-0.058612147
-0.058612491
-0.058611045
-0.058608592
-0.05860485
-0.058599127
-0.058592142
-0.058583431
-0.058573335
-0.05856127
-0.058547541
-0.0585318
-0.058514018
-0.058493928
-0.05847154
-0.058446649
-0.058418966
-0.05838834
-0.058354508
-0.058317245
-0.058276298
-0.058231256
-0.058181951
-0.058127889
-0.058068753
-0.058004191
-0.05793367
-0.05785681
-0.057773145
-0.057682104
-0.057583163
-0.05747582
-0.057359428
-0.057233445
-0.057097189
-0.056950054
-0.056791347
-0.056620355
-0.056436378
-0.056238587
-0.056026133
-0.055798035
-0.05555316
-0.055290157
-0.055007346
-0.054702678
-0.054373741
-0.054017851
-0.053632127
-0.053213631
-0.052759563
-0.052267477
-0.051735092
-0.051159989
-0.050539399
-0.049870196
-0.049149005
-0.048372371
-0.047536953
-0.046639758
-0.045678382
-0.044651215
-0.043557601
-0.042397912
-0.041173495
-0.039886527
-0.038539827
-0.037136663
-0.035680637
-0.034175681
-0.032626115
-0.031036772
-0.029413138
-0.027761505
-0.026089059
-0.024403922
-0.02271508
-0.021032288
-0.019365801
-0.01772625
-0.016124161
-0.014569984
-0.013073284
-0.011643256
-0.010287211
-0.0090122546
-0.0078221704
-0.0067218227
-0.0057101774
-0.0047910719
-0.0039567974
-0.0032138912
-0.0025437794
-0.001964396
-0.0014354088
-0.001005847
-0.00058594134
-0.00030135053
5.4957333e-05
0.00017366215
0.0005424399
0.00041313076
0.00095164045
0.00033519247
0.0014596202
-0.095200173
-0.075965429
-0.051539843
-0.046424252
-0.047747835
-0.048568625
-0.048638244
-0.048578669
-0.048561991
-0.04856777
-0.048574402
-0.048578346
-0.048580865
-0.0485829
-0.048584365
-0.048585562
-0.048586039
-0.048585813
-0.048585384
-0.048584114
-0.048582377
-0.048580178
-0.048577244
-0.048573724
-0.048569556
-0.048564638
-0.048559109
-0.048552672
-0.04854544
-0.048537305
-0.048528137
-0.048517928
-0.048506546
-0.048493902
-0.048479851
-0.04846429
-0.048447054
-0.048427979
-0.048406899
-0.048383602
-0.04835785
-0.048329425
-0.048298017
-0.048263304
-0.048224984
-0.048182628
-0.048135813
-0.048084061
-0.04802681
-0.047963463
-0.047893328
-0.047815628
-0.047729497
-0.047633939
-0.04752786
-0.047409994
-0.047278948
-0.047133177
-0.04697099
-0.046790618
-0.046590292
-0.046368348
-0.046123329
-0.045853952
-0.045558931
-0.045236867
-0.044886359
-0.04450609
-0.044094729
-0.043650811
-0.043172685
-0.042658515
-0.042106284
-0.041513759
-0.040878437
-0.040197494
-0.039467783
-0.038685901
-0.037848348
-0.036951787
-0.035993343
-0.034970927
-0.033883509
-0.032731329
-0.031516003
-0.030240524
-0.028909205
-0.027527576
-0.026102263
-0.024640872
-0.023151882
-0.021644492
-0.020128525
-0.018614202
-0.017112079
-0.015632666
-0.014186508
-0.012783475
-0.011433235
-0.010143858
-0.0089233161
-0.0077765675
-0.0067095666
-0.0057227565
-0.0048209891
-0.0039982702
-0.0032616847
-0.0025947368
-0.0020148643
-0.0014847539
-0.0010508605
-0.00062882643
-0.00033760558
1.8941366e-05
0.00014672145
0.00051035185
0.00039525601
0.00091675204
0.00032832364
0.0014088358
-0.083625056
-0.064921215
-0.044670102
-0.040768513
-0.041945069
-0.042610885
-0.042657946
-0.042607661
-0.042594813
-0.042600036
-0.04260579
-0.042609545
-0.042611776
-0.042613729
-0.042615225
-0.042616197
-0.042616972
-0.04261729
-0.04261697
-0.042616248
-0.042615228
-0.042613616
-0.042611584
-0.042609052
-0.042606031
-0.042602481
-0.042598294
-0.042593593
-0.042588194
-0.042582099
-0.042575295
-0.042567649
-0.042559148
-0.042549667
-0.04253919
-0.042527545
-0.042514691
-0.042500481
-0.04248479
-0.042467493
-0.042448397
-0.042427375
-0.042404205
-0.042378695
-0.042350597
-0.04231967
-0.04228563
-0.04224816
-0.042206935
-0.042161568
-0.042111658
-0.042056749
-0.041996345
-0.041929903
-0.041856807
-0.041776386
-0.04168788
-0.041590424
-0.041483034
-0.04136456
-0.041233659
-0.04108877
-0.040928135
-0.040749843
-0.040551843
-0.040331947
-0.040087881
-0.039817409
-0.039518331
-0.039188381
-0.038825154
-0.038426127
-0.037988749
-0.037510538
-0.036989179
-0.036422584
-0.035808925
-0.035146632
-0.034434354
-0.033670896
-0.032855175
-0.031986212
-0.031063194
-0.030085621
-0.029053517
-0.027967646
-0.02682972
-0.025642544
-0.024410089
-0.023137486
-0.021830976
-0.020497796
-0.019146079
-0.017784657
-0.016422996
-0.015070852
-0.013738316
-0.012435153
-0.011171196
-0.0099550129
-0.0087952402
-0.0076978422
-0.0066697379
-0.0057127514
-0.0048327201
-0.0040253219
-0.0032982377
-0.0026370478
-0.0020587978
-0.0015291897
-0.0010922934
-0.00066905569
-0.00037201441
-1.5677005e-05
0.00012062373
0.00047899684
0.00037759064
0.0008823054
0.00032123428
0.0013583099
-0.073311692
-0.055191136
-0.038606189
-0.035735492
-0.036776447
-0.037308541
-0.037336953
-0.037294839
-0.037285835
-0.037291756
-0.037296507
-0.037299722
-0.037302129
-0.037304127
-0.037305679
-0.037307061
-0.037307756
-0.037308179
-0.037308189
-0.037307926
-0.037307119
-0.037305984
-0.037304442
-0.037302455
-0.037300084
-0.037297209
-0.037293881
-0.037290011
-0.037285631
-0.037280652
-0.037275041
-0.037268755
-0.037261749
-0.037253949
-0.037245275
-0.037235687
-0.037225064
-0.037213328
-0.037200372
-0.037186091
-0.037170359
-0.037153012
-0.037133926
-0.03711292
-0.037089807
-0.037064386
-0.037036423
-0.03700568
-0.036971877
-0.03693472
-0.036893872
-0.036848976
-0.036799636
-0.036745414
-0.03668583
-0.036620364
-0.036548429
-0.036469394
-0.036382544
-0.036287094
-0.036182153
-0.036066722
-0.03593968
-0.035799795
-0.035645727
-0.035476017
-0.035289098
-0.035083355
-0.034857192
-0.034608958
-0.03433683
-0.034038741
-0.033712362
-0.033355126
-0.032964262
-0.032536842
-0.032069872
-0.031560398
-0.031005654
-0.030403197
-0.029751046
-0.029047761
-0.028292476
-0.027484901
-0.026625293
-0.025714442
-0.024753687
-0.023744969
-0.022690923
-0.021594985
-0.020461489
-0.019295719
-0.018103953
-0.016893375
-0.015672066
-0.014448721
-0.013232678
-0.012033297
-0.010860277
-0.0097224084
-0.0086287335
-0.007585989
-0.0066018807
-0.0056794575
-0.0048254494
-0.0040371328
-0.0033227916
-0.0026700457
-0.0020956581
-0.0015682958
-0.0011298185
-0.00070639139
-0.00040441684
-4.8796707e-05
9.5423791e-05
0.00044839861
0.00036013264
0.00084828821
0.00031391541
0.0013080499
-0.064231568
-0.046753513
-0.03332993
-0.031311304
-0.032223529
-0.032642026
-0.032654781
-0.032620505
-0.032614948
-0.032620035
-0.032624709
-0.03262754
-0.032629996
-0.032631843
-0.032633604
-0.032634847
-0.032635794
-0.032636284
-0.032636635
-0.032636574
-0.032636146
-0.032635427
-0.032634328
-0.03263296
-0.032631109
-0.032628963
-0.032626403
-0.032623422
-0.032619982
-0.032616086
-0.032611669
-0.03260672
-0.032601157
-0.032594975
-0.032588091
-0.032580456
-0.032571987
-0.032562647
-0.03255232
-0.032540915
-0.03252836
-0.032514516
-0.032499276
-0.032482495
-0.032464036
-0.032443727
-0.032421395
-0.032396836
-0.032369828
-0.032340144
-0.032307509
-0.032271636
-0.032232206
-0.032188868
-0.032141237
-0.032088888
-0.03203136
-0.031968137
-0.031898659
-0.031822301
-0.03173837
-0.031646088
-0.031544587
-0.031432902
-0.031309986
-0.031174707
-0.031025842
-0.030862115
-0.030682258
-0.030485021
-0.030269093
-0.030033031
-0.02977523
-0.02949392
-0.029187178
-0.028852926
-0.028488929
-0.028092795
-0.02766199
-0.027193885
-0.026685838
-0.02613531
-0.025540004
-0.02489801
-0.024207939
-0.023469031
-0.022681223
-0.021845197
-0.020962413
-0.02003514
-0.019066513
-0.018060562
-0.017022282
-0.015957597
-0.014873406
-0.013777365
-0.012677952
-0.011583911
-0.010504546
-0.0094485724
-0.0084251497
-0.0074415103
-0.0065059115
-0.0056224198
-0.0047985281
-0.004032981
-0.0033346365
-0.0026930936
-0.0021248905
-0.0016016171
-0.0011630979
-0.00074058921
-0.00043465133
-8.0318698e-05
7.1165173e-05
0.00041856319
0.00034286358
0.00081466464
0.00030631216
0.0012580156
-0.056362729
-0.039948863
-0.028917379
-0.027458682
-0.02825243
-0.028583734
-0.028585366
-0.02855374
-0.028547099
-0.028549576
-0.028551506
-0.02855222
-0.028552457
-0.028552876
-0.028552924
-0.028552806
-0.028552541
-0.028552227
-0.028551532
-0.02855077
-0.028549838
-0.028548642
-0.028547308
-0.028545686
-0.028543889
-0.028541818
-0.028539491
-0.028536864
-0.028533944
-0.028530671
-0.028527049
-0.028523025
-0.02851858
-0.02851366
-0.028508227
-0.028502238
-0.028495639
-0.028488364
-0.028480363
-0.028471561
-0.028461861
-0.028451214
-0.028439501
-0.028426622
-0.028412468
-0.028396911
-0.028379815
-0.028361028
-0.028340383
-0.028317698
-0.028292772
-0.02826538
-0.028235282
-0.028202211
-0.028165872
-0.028125946
-0.028082077
-0.028033877
-0.027980925
-0.027922747
-0.027858828
-0.027788591
-0.027711381
-0.027626471
-0.027533041
-0.027430191
-0.027316936
-0.027192211
-0.027054918
-0.026903964
-0.026738226
-0.026556474
-0.02635733
-0.026139254
-0.025900559
-0.025639434
-0.02535396
-0.025042128
-0.024701854
-0.024330997
-0.023927369
-0.023488768
-0.023013004
-0.022497959
-0.021941677
-0.021342472
-0.020699064
-0.020010724
-0.01927741
-0.018499885
-0.017679815
-0.016819828
-0.015923571
-0.014995681
-0.014041822
-0.013068511
-0.01208319
-0.011093753
-0.010108827
-0.0091367423
-0.0081864641
-0.0072654152
-0.0063821402
-0.0055414778
-0.0047515017
-0.0040122628
-0.0033331253
-0.0027055641
-0.0021459494
-0.0016287046
-0.0011917676
-0.000771374
-0.00046252569
-0.00011011777
4.7918078e-05
0.00038952205
0.00032578411
0.00078141862
0.00029841564
0.0012082114
-0.049276121
-0.034923589
-0.02527749
-0.024001723
-0.024695597
-0.024985524
-0.02498654
-0.02495886
-0.024952927
-0.024954928
-0.024956605
-0.024957216
-0.024957569
-0.024957705
-0.02495785
-0.024957844
-0.024957748
-0.024957434
-0.024957101
-0.024956553
-0.024955893
-0.024955093
-0.024954144
-0.024953039
-0.024951757
-0.024950305
-0.024948648
-0.024946803
-0.024944715
-0.024942412
-0.02493983
-0.024936963
-0.024933801
-0.024930294
-0.024926423
-0.024922143
-0.024917438
-0.024912245
-0.024906523
-0.024900228
-0.024893305
-0.024885679
-0.024877293
-0.024868072
-0.024857932
-0.024846782
-0.024834518
-0.024821034
-0.024806211
-0.024789906
-0.024771979
-0.024752265
-0.024730584
-0.024706737
-0.024680509
-0.02465166
-0.024619924
-0.024585016
-0.024546611
-0.024504362
-0.024457877
-0.024406724
-0.024350416
-0.024288399
-0.024220051
-0.024144668
-0.024061469
-0.023969597
-0.023868132
-0.02375614
-0.023632669
-0.023496698
-0.02334708
-0.023182507
-0.023001502
-0.022802433
-0.022583516
-0.022342836
-0.022078364
-0.021787989
-0.021469555
-0.021120906
-0.020739933
-0.020324612
-0.019873053
-0.019383548
-0.018854637
-0.018285188
-0.017674508
-0.017022459
-0.016329598
-0.015597283
-0.014827793
-0.014024353
-0.013191221
-0.012333564
-0.011457551
-0.010569967
-0.0096784808
-0.0087907388
-0.0079152124
-0.0070592109
-0.0062312842
-0.0054367762
-0.0046841382
-0.0039745231
-0.0033176992
-0.0027068888
-0.0021582966
-0.0016490864
-0.001215458
-0.00079846669
-0.00048784758
-0.00013807183
2.5741101e-05
0.00036128873
0.00030887769
0.00074851011
0.00029016987
0.0011585913
-0.04349926
-0.030829868
-0.022313355
-0.02118717
-0.02179974
-0.022055479
-0.022056283
-0.022031949
-0.02202679
-0.02202866
-0.022030026
-0.022030674
-0.022030946
-0.022031142
-0.022031319
-0.022031378
-0.022031317
-0.022031174
-0.022030899
-0.022030516
-0.022030031
-0.022029466
-0.022028703
-0.02202787
-0.022026904
-0.022025765
-0.022024492
-0.022023052
-0.022021439
-0.022019632
-0.022017616
-0.022015381
-0.022012901
-0.022010151
-0.022007118
-0.022003769
-0.022000066
-0.02199599
-0.0219915
-0.021986551
-0.021981104
-0.021975113
-0.021968513
-0.021961262
-0.021953275
-0.021944495
-0.021934839
-0.021924215
-0.021912526
-0.021899671
-0.021885528
-0.021869969
-0.021852847
-0.021834009
-0.021813277
-0.02179046
-0.021765347
-0.021737706
-0.021707279
-0.021673785
-0.021636916
-0.021596324
-0.021551629
-0.021502398
-0.02144814
-0.021388304
-0.021322272
-0.021249355
-0.021168807
-0.021079848
-0.020981691
-0.020873518
-0.020754431
-0.020623411
-0.020479298
-0.020320789
-0.020146445
-0.019954691
-0.019743814
-0.019511978
-0.019257235
-0.018977556
-0.018670865
-0.018335089
-0.017968219
-0.017568368
-0.017133841
-0.016663207
-0.01615538
-0.015609701
-0.015026043
-0.014404898
-0.013747498
-0.013055877
-0.012332991
-0.011582662
-0.010809722
-0.010019713
-0.0092191668
-0.0084148237
-0.0076144138
-0.0068248609
-0.0060544586
-0.0053087882
-0.0045964484
-0.0039194755
-0.0032879065
-0.0026965438
-0.0021614227
-0.0016623118
-0.0012337805
-0.00082156195
-0.00051039465
-0.0001640311
4.7205396e-06
0.00033390263
0.00029214702
0.0007159179
0.00028156565
0.0011091521
-0.038441138
-0.027245413
-0.019718109
-0.018722497
-0.019264007
-0.019490148
-0.019490937
-0.019469295
-0.01946478
-0.01946638
-0.019467745
-0.019468179
-0.019468484
-0.019468778
-0.019468901
-0.019468982
-0.019468981
-0.019468865
-0.019468691
-0.019468433
-0.019468057
-0.019467592
-0.019467048
-0.019466375
-0.019465597
-0.019464716
-0.019463708
-0.019462552
-0.019461272
-0.01945982
-0.01945822
-0.019456428
-0.019454432
-0.01945224
-0.019449805
-0.019447113
-0.019444147
-0.019440876
-0.019437268
-0.0194333
-0.019428928
-0.019424113
-0.019418825
-0.019412997
-0.019406595
-0.019399551
-0.019391803
-0.019383285
-0.019373916
-0.019363614
-0.019352283
-0.019339821
-0.019326116
-0.01931104
-0.019294458
-0.019276216
-0.019256149
-0.019234071
-0.019209784
-0.019183064
-0.019153668
-0.019121327
-0.019085741
-0.019046573
-0.019003441
-0.018955911
-0.018903486
-0.018845612
-0.018781677
-0.018711026
-0.018632987
-0.018546875
-0.018451956
-0.018347403
-0.018232271
-0.018105489
-0.017965862
-0.017812073
-0.017642691
-0.017456169
-0.01725086
-0.017025021
-0.016776839
-0.016504447
-0.016205959
-0.015879518
-0.015523339
-0.015135783
-0.014715434
-0.014261185
-0.013772335
-0.013248677
-0.012690611
-0.012099209
-0.011476339
-0.010824656
-0.010147758
-0.0094499773
-0.0087366696
-0.0080135588
-0.0072874717
-0.0065647364
-0.0058531602
-0.0051583069
-0.0044887009
-0.0038470229
-0.0032434211
-0.002674094
-0.0021548532
-0.001667923
-0.0012463524
-0.00084035462
-0.00052994639
-0.00018785144
-1.5068784e-05
0.00030738474
0.00027557738
0.000683597
0.00027254628
0.0010598379
-0.033985061
-0.024088145
-0.017431891
-0.016551518
-0.017030279
-0.017230311
-0.017230994
-0.017211859
-0.017207877
-0.017209305
-0.017210422
-0.017210943
-0.017211229
-0.017211415
-0.017211604
-0.017211715
-0.017211708
-0.017211696
-0.017211565
-0.017211361
-0.017211081
-0.017210729
-0.017210305
-0.017209793
-0.017209174
-0.017208477
-0.017207666
-0.017206766
-0.017205725
-0.01720458
-0.017203286
-0.017201858
-0.017200263
-0.017198493
-0.017196539
-0.017194379
-0.017191996
-0.017189363
-0.017186464
-0.017183269
-0.017179752
-0.017175885
-0.017171623
-0.017166939
-0.017161785
-0.017156117
-0.017149885
-0.01714303
-0.017135494
-0.017127204
-0.017118091
-0.017108066
-0.017097042
-0.017084918
-0.017071581
-0.017056912
-0.017040775
-0.017023024
-0.017003497
-0.016982016
-0.016958386
-0.016932392
-0.016903796
-0.016872333
-0.016837702
-0.016799559
-0.016757516
-0.016711129
-0.016659905
-0.016603305
-0.016540771
-0.016471731
-0.016395589
-0.016311686
-0.01621927
-0.016117479
-0.016005335
-0.015881749
-0.01574552
-0.01559534
-0.015429796
-0.015247381
-0.015046507
-0.014825517
-0.014582714
-0.014316378
-0.014024806
-0.013706348
-0.013359472
-0.012982826
-0.012575328
-0.01213625
-0.011665332
-0.011162856
-0.010629778
-0.010067742
-0.0094792554
-0.0088675279
-0.0082367772
-0.0075916822
-0.0069380779
-0.0062815459
-0.0056292261
-0.0049864407
-0.0043614257
-0.0037572693
-0.0031840621
-0.0026391848
-0.002138165
-0.0016655017
-0.0012527839
-0.00085452085
-0.0005462563
-0.00020936028
-3.3523818e-05
0.00028178178
0.00025917455
0.00065152214
0.00026310261
0.0010106349
-0.030045588
-0.021295433
-0.015410867
-0.014632467
-0.015055819
-0.01523253
-0.015233125
-0.015216338
-0.01521273
-0.015214061
-0.015215072
-0.015215486
-0.015215752
-0.015215988
-0.015216138
-0.015216264
-0.015216306
-0.015216264
-0.015216199
-0.015216061
-0.015215877
-0.015215603
-0.015215262
-0.015214858
-0.015214387
-0.015213827
-0.015213195
-0.015212461
-0.015211651
-0.01521072
-0.015209696
-0.015208537
-0.015207265
-0.015205847
-0.015204271
-0.015202537
-0.015200616
-0.015198501
-0.015196168
-0.015193595
-0.015190765
-0.015187647
-0.015184217
-0.015180443
-0.015176293
-0.015171728
-0.015166708
-0.015161188
-0.015155117
-0.015148443
-0.015141103
-0.015133032
-0.015124157
-0.015114394
-0.015103659
-0.015091851
-0.015078864
-0.015064578
-0.015048865
-0.01503158
-0.01501257
-0.01499166
-0.01496866
-0.01494336
-0.01491552
-0.014884871
-0.014851102
-0.014813859
-0.014772742
-0.014727311
-0.014677097
-0.01462162
-0.014560386
-0.014492863
-0.014418451
-0.014336459
-0.014246097
-0.014146476
-0.014036605
-0.013915397
-0.013781665
-0.013634128
-0.013471416
-0.013292081
-0.013094609
-0.012877438
-0.012638985
-0.012377669
-0.012091959
-0.011780423
-0.011441792
-0.011075034
-0.010679446
-0.010254735
-0.0098011408
-0.009319474
-0.0088112927
-0.0082787999
-0.0077251438
-0.007153973
-0.006570096
-0.0059782556
-0.0053847861
-0.0047945835
-0.0042154084
-0.0036505286
-0.0031098025
-0.0025915773
-0.0021109995
-0.0016546446
-0.001252702
-0.00086374382
-0.00055908158
-0.00022839308
-5.0556119e-05
0.00025712201
0.00024292472
0.00061964142
0.00025317671
0.00096147401
-0.026549189
-0.018816884
-0.013616967
-0.012929357
-0.013303317
-0.013459717
-0.01346028
-0.013445299
-0.013442146
-0.013443287
-0.013444235
-0.013444629
-0.01344483
-0.013445045
-0.013445243
-0.013445308
-0.013445406
-0.013445413
-0.013445363
-0.01344527
-0.013445112
-0.013444929
-0.01344467
-0.013444351
-0.013443974
-0.013443542
-0.01344303
-0.013442462
-0.013441797
-0.013441064
-0.013440235
-0.013439319
-0.013438286
-0.013437142
-0.013435883
-0.013434482
-0.013432936
-0.013431233
-0.013429348
-0.013427278
-0.013424991
-0.01342248
-0.013419713
-0.01341667
-0.013413321
-0.013409639
-0.01340559
-0.013401138
-0.013396242
-0.013390858
-0.013384939
-0.013378431
-0.013371273
-0.013363403
-0.013354748
-0.01334523
-0.013334761
-0.013323247
-0.013310584
-0.013296656
-0.013281339
-0.013264493
-0.013245968
-0.013225592
-0.013203179
-0.013178513
-0.013151348
-0.013121402
-0.013088355
-0.013051846
-0.013011488
-0.012966876
-0.012917597
-0.012863216
-0.012803253
-0.012737155
-0.012664285
-0.012583917
-0.012495236
-0.012397342
-0.012289243
-0.01216986
-0.012038029
-0.011892505
-0.011731969
-0.011555034
-0.011360268
-0.011146206
-0.010911384
-0.010654375
-0.010373842
-0.010068594
-0.0097376632
-0.0093803727
-0.008996448
-0.0085860611
-0.0081500009
-0.0076896097
-0.0072070774
-0.0067050869
-0.0061874379
-0.0056579919
-0.005122196
-0.0045843814
-0.0040516744
-0.0035273223
-0.0030207822
-0.0025311425
-0.002073072
-0.0016350045
-0.0012457434
-0.00086769763
-0.00056816016
-0.00024475836
-6.6047362e-05
0.00023346109
0.00022683566
0.00058792117
0.00024276081
0.00091233062
-0.023433771
-0.016609235
-0.012019072
-0.011411833
-0.011742182
-0.011879994
-0.011880434
-0.011867314
-0.011864579
-0.011865521
-0.011866379
-0.011866724
-0.011866951
-0.011867166
-0.011867289
-0.011867421
-0.011867477
-0.011867518
-0.011867489
-0.011867444
-0.011867337
-0.011867175
-0.011866987
-0.011866749
-0.011866454
-0.011866106
-0.01186571
-0.011865245
-0.011864726
-0.011864141
-0.011863474
-0.011862731
-0.011861907
-0.011860991
-0.011859974
-0.011858846
-0.0118576
-0.011856224
-0.011854711
-0.011853036
-0.011851195
-0.011849166
-0.011846934
-0.011844478
-0.011841776
-0.011838805
-0.011835536
-0.011831944
-0.011827993
-0.011823648
-0.011818872
-0.01181362
-0.011807845
-0.011801496
-0.011794513
-0.011786834
-0.011778391
-0.011769105
-0.011758893
-0.011747662
-0.011735312
-0.011721731
-0.011706797
-0.011690374
-0.011672314
-0.011652444
-0.011630571
-0.011606469
-0.011579883
-0.011550519
-0.01151806
-0.011482167
-0.011442493
-0.011398679
-0.011350338
-0.011297028
-0.011238239
-0.011173384
-0.011101796
-0.011022734
-0.010935373
-0.010838813
-0.010732072
-0.010614091
-0.010483735
-0.010339798
-0.010181011
-0.010006056
-0.0098135791
-0.0096022226
-0.0093706606
-0.009117642
-0.0088420543
-0.0085429783
-0.0082197852
-0.0078721805
-0.0075003578
-0.0071049634
-0.0066873725
-0.00624941
-0.0057939356
-0.0053239434
-0.0048439667
-0.0043576786
-0.0038714636
-0.0033883681
-0.002917302
-0.0024578842
-0.0020241852
-0.0016062703
-0.0012315746
-0.00086607235
-0.000573238
-0.00025827812
-7.9896699e-05
0.00021082932
0.00021089202
0.00055629877
0.00023179663
0.00086311625
-0.020649428
-0.014636116
-0.010590806
-0.010055765
-0.010346739
-0.010468311
-0.01046862
-0.010457093
-0.010454654
-0.010455603
-0.010456242
-0.010456649
-0.010456801
-0.010456971
-0.010457141
-0.010457269
-0.010457324
-0.01045737
-0.010457366
-0.010457334
-0.010457258
-0.010457158
-0.01045701
-0.010456818
-0.010456594
-0.010456326
-0.010456002
-0.010455644
-0.010455224
-0.010454753
-0.010454226
-0.010453632
-0.010452967
-0.010452232
-0.01045141
-0.010450506
-0.010449501
-0.010448396
-0.010447169
-0.010445824
-0.010444337
-0.010442703
-0.0104409
-0.01043892
-0.01043674
-0.010434342
-0.010431706
-0.010428807
-0.010425619
-0.010422115
-0.010418262
-0.010414025
-0.010409368
-0.010404246
-0.010398615
-0.010392423
-0.010385614
-0.010378128
-0.010369894
-0.010360841
-0.010350885
-0.010339939
-0.010327903
-0.01031467
-0.010300119
-0.010284115
-0.010266504
-0.010247107
-0.010225719
-0.010202107
-0.010176008
-0.010147142
-0.010115218
-0.010079938
-0.010040986
-0.0099980081
-0.0099505986
-0.0098982839
-0.0098405247
-0.0097767115
-0.0097061668
-0.0096281418
-0.0095418168
-0.0094462993
-0.0093406251
-0.0092237585
-0.0090945967
-0.0089519738
-0.0087946737
-0.0086214448
-0.008431029
-0.0082221894
-0.0079937616
-0.0077446944
-0.0074741332
-0.0071814578
-0.0068664203
-0.0065291235
-0.006170278
-0.0057909787
-0.0053932472
-0.0049792701
-0.0045526827
-0.004116467
-0.0036761879
-0.003234563
-0.0027998266
-0.0023719277
-0.0019642311
-0.0015682047
-0.0012098883
-0.00085856165
-0.00057404911
-0.00026875077
-9.1973639e-05
0.00018928809
0.00019510392
0.00052473294
0.00022027913
0.00081378661
-0.018154307
-0.012867775
-0.0093111167
-0.0088404929
-0.0090963517
-0.0092031581
-0.0092036291
-0.0091934454
-0.0091912941
-0.0091920408
-0.0091927515
-0.0091929854
-0.0091931933
-0.009193361
-0.0091934962
-0.0091936113
-0.0091936847
-0.0091937321
-0.0091937526
-0.0091937346
-0.0091936852
-0.0091936063
-0.0091935016
-0.0091933599
-0.0091931801
-0.0091929743
-0.0091927229
-0.0091924355
-0.0091921082
-0.0091917283
-0.0091913065
-0.0091908332
-0.0091903026
-0.0091897112
-0.0091890532
-0.0091883258
-0.0091875206
-0.009186627
-0.009185646
-0.0091845606
-0.009183366
-0.0091820476
-0.0091805992
-0.0091790029
-0.0091772482
-0.0091753185
-0.0091731948
-0.0091708602
-0.0091682942
-0.0091654717
-0.0091623695
-0.0091589586
-0.0091552087
-0.0091510858
-0.0091465529
-0.0091415689
-0.0091360886
-0.0091300629
-0.0091234373
-0.0091161518
-0.0091081416
-0.0090993345
-0.009089652
-0.0090790073
-0.0090673046
-0.0090544358
-0.0090402793
-0.009024694
-0.0090075171
-0.0089885606
-0.0089676128
-0.0089444422
-0.008918806
-0.0088904552
-0.008859131
-0.0088245499
-0.0087863875
-0.0087442662
-0.00869775
-0.0086463431
-0.0085894897
-0.0085265717
-0.008456909
-0.0083797553
-0.0082942991
-0.0081996606
-0.0080948936
-0.0079789839
-0.0078508589
-0.0077093932
-0.0075534295
-0.0073817953
-0.0071933424
-0.0069869761
-0.0067617198
-0.0065167488
-0.0062515082
-0.0059656992
-0.0056595093
-0.0053334372
-0.0049887856
-0.0046270183
-0.0042509327
-0.0038628164
-0.0034673926
-0.003066952
-0.0026689631
-0.0022735285
-0.0018932021
-0.0015206222
-0.0011804185
-0.0008448834
-0.00057034411
-0.00027599242
-0.0001021713
0.00016886667
0.00017945277
0.00049314458
0.00020815161
0.00076423092
-0.015913524
-0.011281337
-0.0081623443
-0.0077489991
-0.0079735555
-0.0080670197
-0.0080675509
-0.0080586734
-0.0080565448
-0.0080573801
-0.0080580513
-0.0080581594
-0.0080583933
-0.008058611
-0.0080586206
-0.0080588138
-0.0080588214
-0.0080589189
-0.0080589489
-0.0080589237
-0.0080588701
-0.0080588718
-0.0080587682
-0.0080586675
-0.0080585387
-0.0080583448
-0.0080581884
-0.0080579349
-0.0080576917
-0.0080573955
-0.0080570386
-0.0080566757
-0.0080562654
-0.0080557659
-0.0080552602
-0.0080546729
-0.0080540254
-0.0080533112
-0.008052527
-0.0080516548
-0.0080506975
-0.008049639
-0.0080484767
-0.0080471985
-0.0080457883
-0.0080442412
-0.0080425355
-0.0080406611
-0.0080386039
-0.0080363382
-0.008033847
-0.0080311107
-0.0080281014
-0.0080247925
-0.008021156
-0.0080171565
-0.0080127589
-0.0080079244
-0.0080026089
-0.007996765
-0.0079903386
-0.0079832747
-0.0079755089
-0.0079669713
-0.0079575863
-0.0079472692
-0.0079359218
-0.0079234329
-0.0079096754
-0.0078944987
-0.0078777326
-0.0078591875
-0.0078386626
-0.0078159501
-0.0077908367
-0.0077630933
-0.0077324624
-0.0076986431
-0.0076612866
-0.0076199907
-0.0075743032
-0.0075237172
-0.007467671
-0.0074055448
-0.0073366609
-0.0072602791
-0.0071755957
-0.0070817402
-0.0069777809
-0.0068627248
-0.0067355321
-0.0065951246
-0.0064404147
-0.0062703252
-0.0060838392
-0.0058800239
-0.0056581308
-0.0054175851
-0.0051581865
-0.0048799672
-0.0045836375
-0.004270042
-0.0039412227
-0.0035988107
-0.0032466976
-0.0028866955
-0.0025254449
-0.0021630543
-0.0018111804
-0.001463417
-0.0011429394
-0.00082477156
-0.00056186942
-0.0002798018
-0.00011035322
0.00014962699
0.00016395031
0.0004614788
0.00019541566
0.0007143799
-0.013897276
-0.0098505291
-0.0071287789
-0.0067674944
-0.006962607
-0.0070452045
-0.0070453035
-0.0070372929
-0.0070360958
-0.0070364501
-0.0070368577
-0.0070372985
-0.0070373758
-0.0070373847
-0.0070376793
-0.0070376908
-0.0070378456
-0.0070378067
-0.0070378694
-0.007037847
-0.0070379055
-0.0070378326
-0.0070377622
-0.0070377062
-0.0070375888
-0.0070374757
-0.0070373103
-0.0070371602
-0.0070369334
-0.0070367017
-0.0070364536
-0.0070361343
-0.0070357987
-0.0070354417
-0.0070350063
-0.0070345474
-0.0070340345
-0.0070334649
-0.0070328292
-0.0070321442
-0.0070313684
-0.0070305302
-0.0070296035
-0.0070285741
-0.0070274493
-0.0070262109
-0.0070248491
-0.0070233508
-0.0070217011
-0.007019892
-0.0070179018
-0.0070157118
-0.0070133034
-0.0070106599
-0.0070077501
-0.0070045545
-0.0070010375
-0.006997172
-0.0069929232
-0.0069882494
-0.0069831145
-0.0069774677
-0.0069712592
-0.0069644373
-0.0069569365
-0.0069486923
-0.0069396273
-0.0069296548
-0.0069186713
-0.0069065612
-0.0068931877
-0.0068783963
-0.0068620226
-0.0068438936
-0.0068238335
-0.0068016557
-0.0067771556
-0.0067500956
-0.0067201969
-0.0066871373
-0.0066505499
-0.0066100216
-0.0065650923
-0.0065152508
-0.0064599348
-0.0063985275
-0.0063303532
-0.006254673
-0.0061706894
-0.0060775401
-0.0059743084
-0.0058600269
-0.0057336959
-0.0055942962
-0.005440827
-0.0052723217
-0.0050879279
-0.0048868976
-0.0046687611
-0.0044332071
-0.004180479
-0.0039109133
-0.0036258979
-0.0033264718
-0.003015741
-0.0026950187
-0.0023700952
-0.0020409705
-0.0017183381
-0.0013965388
-0.0010972716
-0.00079799156
-0.00054839548
-0.00028000145
-0.0001164136
0.00013159212
0.00014857066
0.00042963079
0.00018202163
0.00066409117
-0.012079117
-0.0085594196
-0.0061951579
-0.0058823454
-0.0060526157
-0.00612315
-0.0061235938
-0.0061168829
-0.0061153325
-0.0061160259
-0.0061164014
-0.0061165831
-0.006116736
-0.0061169029
-0.0061169583
-0.006117054
-0.0061171252
-0.0061172075
-0.0061172216
-0.0061172545
-0.0061172271
-0.0061172017
-0.0061171854
-0.0061171133
-0.0061170668
-0.0061169486
-0.0061168361
-0.0061166895
-0.0061165484
-0.0061163505
-0.0061161515
-0.0061159235
-0.0061156295
-0.0061153545
-0.0061150225
-0.0061146467
-0.0061142372
-0.006113791
-0.0061132913
-0.0061127295
-0.0061121266
-0.0061114532
-0.0061107106
-0.0061098968
-0.0061090017
-0.0061080113
-0.0061069284
-0.0061057351
-0.0061044197
-0.0061029772
-0.006101392
-0.0060996475
-0.0060977316
-0.006095622
-0.0060933067
-0.0060907584
-0.0060879591
-0.0060848808
-0.0060814955
-0.0060777748
-0.0060736839
-0.0060691882
-0.0060642452
-0.0060588127
-0.0060528418
-0.0060462792
-0.0060390657
-0.0060311305
-0.0060223964
-0.0060127697
-0.0060021422
-0.0059903916
-0.0059773817
-0.0059629711
-0.0059470141
-0.0059293597
-0.0059098436
-0.0058882787
-0.0058644457
-0.0058380866
-0.0058089075
-0.0057765729
-0.0057407084
-0.0057008959
-0.0056566734
-0.0056075297
-0.0055529029
-0.0054921731
-0.005424666
-0.0053496438
-0.005266312
-0.00517382
-0.0050712719
-0.004957732
-0.0048322545
-0.0046938919
-0.0045417563
-0.0043750107
-0.0041930129
-0.0039952167
-0.003781515
-0.0035518492
-0.0033070624
-0.0030476848
-0.0027761057
-0.00249316
-0.0022037905
-0.0019078119
-0.0016149133
-0.0013200105
-0.0010432797
-0.00076433555
-0.00052969727
-0.00027640271
-0.00012021938
0.00011481608
0.00013332576
0.0003975271
0.00016798641
0.00061326452
-0.010434855
-0.0073920868
-0.0053518491
-0.0050817087
-0.0052285394
-0.0052897623
-0.0052901188
-0.00528429
-0.0052828689
-0.0052833769
-0.0052839853
-0.0052839584
-0.005284225
-0.005284248
-0.0052843221
-0.0052844472
-0.0052845449
-0.0052845523
-0.0052845686
-0.0052846203
-0.0052846155
-0.0052846297
-0.0052845944
-0.0052845385
-0.005284472
-0.005284447
-0.0052843211
-0.0052842398
-0.0052840877
-0.0052839784
-0.0052837884
-0.0052836133
-0.0052834164
-0.0052831752
-0.0052828966
-0.005282633
-0.0052822929
-0.0052819467
-0.0052815395
-0.0052811098
-0.0052806269
-0.0052800954
-0.0052795044
-0.0052788616
-0.005278154
-0.0052773687
-0.0052765115
-0.0052755627
-0.0052745279
-0.0052733815
-0.005272124
-0.0052707443
-0.005269227
-0.0052675559
-0.0052657204
-0.0052637037
-0.0052614871
-0.0052590474
-0.0052563681
-0.0052534217
-0.005250182
-0.005246621
-0.0052427085
-0.005238406
-0.0052336804
-0.0052284849
-0.0052227753
-0.0052164971
-0.0052095886
-0.0052019768
-0.0051935779
-0.0051842934
-0.005174014
-0.005162624
-0.005150003
-0.0051360282
-0.0051205693
-0.005103478
-0.0050845829
-0.0050636809
-0.0050405372
-0.0050148821
-0.004986413
-0.0049547908
-0.0049196383
-0.0048805364
-0.0048370217
-0.00478858
-0.0047346475
-0.0046746012
-0.0046077636
-0.004533399
-0.004450722
-0.0043588958
-0.0042570549
-0.0041443063
-0.0040197798
-0.0038826124
-0.0037320712
-0.0035674651
-0.0033884417
-0.0031946525
-0.0029865074
-0.0027641198
-0.0025292547
-0.002282304
-0.0020274066
-0.0017641483
-0.0015012006
-0.0012338923
-0.0009808694
-0.00072362455
-0.00050557422
-0.00026884594
-0.00012167193
9.9306228e-05
0.00011818356
0.00036502865
0.00015327902
0.00056172023
-0.0089427156
-0.0063370346
-0.0045862145
-0.0043549097
-0.0044802225
-0.0045334264
-0.0045336441
-0.0045285594
-0.0045276097
-0.0045279412
-0.0045281988
-0.0045284925
-0.0045284234
-0.0045285628
-0.0045287942
-0.004528795
-0.0045288007
-0.0045288765
-0.0045289039
-0.0045289769
-0.0045289729
-0.0045289394
-0.0045289097
-0.0045289218
-0.0045288747
-0.0045288063
-0.0045287498
-0.0045286809
-0.0045285769
-0.0045284589
-0.0045283473
-0.0045281979
-0.004528034
-0.0045278538
-0.004527653
-0.0045274112
-0.0045271791
-0.0045268838
-0.0045265799
-0.0045262358
-0.0045258533
-0.0045254376
-0.0045249774
-0.0045244753
-0.0045239091
-0.0045232999
-0.0045226174
-0.0045218816
-0.0045210595
-0.0045201624
-0.0045191745
-0.0045180896
-0.0045168927
-0.0045155826
-0.0045141402
-0.0045125532
-0.0045108107
-0.0045088937
-0.0045067866
-0.0045044713
-0.0045019258
-0.0044991261
-0.0044960516
-0.0044926709
-0.0044889559
-0.0044848749
-0.0044803891
-0.0044754576
-0.0044700333
-0.0044640589
-0.0044574698
-0.0044501872
-0.0044421259
-0.0044331901
-0.0044232829
-0.0044123038
-0.0044001487
-0.0043867018
-0.0043718296
-0.0043553735
-0.0043371486
-0.0043169401
-0.0042945055
-0.0042695715
-0.0042418337
-0.0042109513
-0.0041765464
-0.0041381969
-0.0040954373
-0.0040477483
-0.0039945607
-0.0039352496
-0.0038691385
-0.0037954958
-0.0037135505
-0.0036224883
-0.0035214914
-0.0034097203
-0.0032864141
-0.0031508119
-0.0030024062
-0.0028406546
-0.0026656412
-0.0024771582
-0.0022764447
-0.002063513
-0.0018417635
-0.001610535
-0.0013775008
-0.0011382794
-0.0009099753
-0.00067570357
-0.00047583839
-0.00025716704
-0.00012065288
8.5096304e-05
0.00010315856
0.00033202636
0.00013795204
0.00050931954
-0.0075825005
-0.0053741145
-0.0038889711
-0.003692264
-0.0037993052
-0.0038438813
-0.0038438782
-0.0038397026
-0.0038388874
-0.0038391808
-0.0038394681
-0.0038396725
-0.0038397416
-0.0038398359
-0.0038398413
-0.0038399364
-0.0038399796
-0.0038400931
-0.0038401266
-0.003840075
-0.0038401029
-0.0038401352
-0.0038401205
-0.0038401133
-0.0038400634
-0.0038400382
-0.003839993
-0.0038399278
-0.0038398558
-0.0038397748
-0.0038396818
-0.0038395661
-0.0038394408
-0.0038393021
-0.0038391529
-0.0038389688
-0.0038387656
-0.0038385593
-0.0038383132
-0.0038380448
-0.0038377577
-0.0038374273
-0.003837071
-0.0038366746
-0.0038362401
-0.0038357604
-0.0038352415
-0.0038346542
-0.003834024
-0.003833323
-0.0038325528
-0.0038317081
-0.0038307799
-0.0038297581
-0.0038286346
-0.0038274013
-0.0038260442
-0.0038245535
-0.0038229137
-0.0038211114
-0.0038191306
-0.0038169537
-0.0038145603
-0.0038119303
-0.0038090419
-0.0038058661
-0.0038023772
-0.0037985431
-0.0037943265
-0.0037896846
-0.0037845665
-0.0037789121
-0.0037726533
-0.0037657138
-0.0037580156
-0.0037494762
-0.0037400141
-0.0037295381
-0.0037179463
-0.0037051153
-0.0036909014
-0.0036751358
-0.0036576267
-0.0036381555
-0.0036164793
-0.0035923235
-0.0035653839
-0.0035353183
-0.0035017469
-0.0034642438
-0.0034223384
-0.0033755071
-0.0033231798
-0.0032647293
-0.0031994862
-0.0031267286
-0.0030457156
-0.0029556647
-0.0028558349
-0.0027454549
-0.0026239383
-0.0024906324
-0.0023453933
-0.0021877873
-0.0020186308
-0.0018376319
-0.0016475337
-0.0014474485
-0.0012440845
-0.0010332543
-0.00083053984
-0.00062043021
-0.00044031906
-0.00024122865
-0.00011707971
7.2163936e-05
8.8218346e-05
0.00029832381
0.00012201291
0.00045584828
-0.0063363313
-0.0044888238
-0.0032495772
-0.003085719
-0.0031749952
-0.0032120928
-0.0032120905
-0.0032088226
-0.0032081374
-0.003208354
-0.0032085181
-0.0032086062
-0.0032086795
-0.003208872
-0.0032089244
-0.0032089258
-0.0032090148
-0.0032090155
-0.0032090454
-0.0032091159
-0.0032091012
-0.0032091028
-0.0032091166
-0.0032090876
-0.0032090899
-0.0032090502
-0.00320902
-0.0032089712
-0.0032089366
-0.0032088608
-0.0032087818
-0.003208701
-0.0032086191
-0.0032084979
-0.0032083807
-0.0032082461
-0.003208105
-0.0032079211
-0.0032077505
-0.0032075385
-0.0032073126
-0.0032070626
-0.0032067869
-0.0032064825
-0.0032061484
-0.0032057808
-0.0032053732
-0.0032049293
-0.003204435
-0.0032039007
-0.0032033044
-0.0032026541
-0.0032019377
-0.0032011499
-0.003200285
-0.0031993318
-0.0031982875
-0.0031971383
-0.0031958731
-0.0031944841
-0.0031929582
-0.0031912802
-0.0031894354
-0.0031874097
-0.0031851822
-0.003182737
-0.003180051
-0.0031770975
-0.0031738525
-0.0031702816
-0.0031663461
-0.0031620003
-0.003157191
-0.0031518587
-0.0031459405
-0.0031393711
-0.0031320859
-0.0031240142
-0.0031150794
-0.0031051876
-0.0030942293
-0.003082074
-0.0030685721
-0.0030535519
-0.0030368224
-0.0030181656
-0.0029973401
-0.0029740721
-0.002948057
-0.0029189506
-0.0028863699
-0.0028498846
-0.002809022
-0.0027632563
-0.002712019
-0.0026546871
-0.0025906101
-0.0025190857
-0.0024394285
-0.0023509034
-0.0022529075
-0.0021447486
-0.0020261447
-0.001896523
-0.0017563828
-0.0016052083
-0.0014451862
-0.0012752272
-0.00110114
-0.0009188725
-0.00074249758
-0.00055767502
-0.00039885604
-0.00022089697
-0.0001108556
6.050464e-05
7.3394623e-05
0.00026374796
0.00010558594
0.00040113394
-0.0051835879
-0.0036745307
-0.0026584399
-0.0025242088
-0.0025972387
-0.0026277794
-0.0026280498
-0.002624955
-0.0026242152
-0.0026247031
-0.0026248162
-0.0026249146
-0.0026250188
-0.0026250468
-0.0026250771
-0.002625188
-0.0026252173
-0.0026252477
-0.0026252741
-0.002625284
-0.0026253132
-0.0026253308
-0.0026253044
-0.0026253221
-0.002625319
-0.0026252863
-0.0026252689
-0.0026252373
-0.0026251884
-0.0026251625
-0.0026250993
-0.0026250539
-0.0026249656
-0.0026248943
-0.0026248029
-0.0026247111
-0.0026245896
-0.0026244719
-0.0026243295
-0.0026241851
-0.0026240081
-0.0026238292
-0.0026236171
-0.0026233941
-0.0026231448
-0.0026228714
-0.0026225638
-0.0026222357
-0.00262187
-0.0026214629
-0.0026210261
-0.0026205371
-0.0026200028
-0.0026194156
-0.0026187671
-0.0026180603
-0.0026172763
-0.0026164185
-0.0026154756
-0.0026144374
-0.0026132964
-0.0026120429
-0.0026106644
-0.0026091503
-0.0026074862
-0.0026056575
-0.0026036491
-0.0026014429
-0.0025990167
-0.002596348
-0.0025934077
-0.0025901608
-0.0025865667
-0.00258258
-0.0025781503
-0.0025732272
-0.0025677588
-0.0025616923
-0.0025549695
-0.0025475209
-0.0025392641
-0.0025300998
-0.0025199139
-0.0025085729
-0.0024959286
-0.0024818105
-0.0024660302
-0.0024483718
-0.0024285956
-0.0024064279
-0.0023815635
-0.0023536557
-0.0023223224
-0.0022871327
-0.0022476184
-0.0022032579
-0.0021535012
-0.0020977424
-0.0020353787
-0.0019657472
-0.0018882794
-0.0018023036
-0.0017074768
-0.0016031674
-0.0014896568
-0.0013662859
-0.0012347857
-0.0010939101
-0.00094865492
-0.00079504234
-0.00064570388
-0.00048725409
-0.00035127539
-0.00019605327
-0.00010191342
5.0032137e-05
5.8687847e-05
0.00022799056
8.8777201e-05
0.00034496101
-0.0040936243
-0.0027567455
-0.0021068326
-0.0020053946
-0.0020558529
-0.0020775639
-0.0020776171
-0.0020756998
-0.0020753268
-0.0020753706
-0.0020757019
-0.0020757424
-0.002075818
-0.0020758336
-0.0020758996
-0.0020759698
-0.0020759648
-0.0020760253
-0.0020760591
-0.0020761027
-0.0020760872
-0.0020760885
-0.0020761564
-0.0020761107
-0.0020761117
-0.002076123
-0.0020761066
-0.0020760813
-0.0020760806
-0.002076039
-0.0020760064
-0.0020759637
-0.002075929
-0.0020758799
-0.0020758178
-0.0020757446
-0.0020756867
-0.0020755943
-0.0020755067
-0.002075401
-0.0020752943
-0.0020751644
-0.0020750316
-0.0020748756
-0.0020747083
-0.0020745246
-0.0020743209
-0.0020740948
-0.0020738488
-0.002073579
-0.0020732766
-0.0020729495
-0.0020725869
-0.0020721889
-0.0020717532
-0.0020712685
-0.0020707407
-0.0020701567
-0.002069516
-0.0020688107
-0.0020680349
-0.0020671811
-0.0020662442
-0.0020652107
-0.0020640764
-0.002062829
-0.0020614576
-0.0020599505
-0.0020582925
-0.0020564669
-0.0020544542
-0.0020522283
-0.0020497615
-0.0020470171
-0.0020439594
-0.0020405472
-0.0020367427
-0.0020325046
-0.0020277904
-0.002022549
-0.0020167196
-0.0020102266
-0.0020029825
-0.001994884
-0.001985815
-0.0019756416
-0.0019642151
-0.0019513659
-0.0019369047
-0.0019206162
-0.0019022598
-0.0018815635
-0.0018582255
-0.001831906
-0.0018022338
-0.0017687937
-0.0017311437
-0.0016887913
-0.0016412409
-0.0015879339
-0.0015283806
-0.001461981
-0.0013883993
-0.0013070139
-0.0012179769
-0.0011205622
-0.0010161425
-0.00090336924
-0.0007865057
-0.00066163977
-0.00054000345
-0.00040901405
-0.00029742772
-0.00016658905
-9.0155935e-05
4.0668303e-05
4.4237419e-05
0.00019074606
7.1839864e-05
0.00028709579
-0.003132172
-0.0022279786
-0.0016165249
-0.0015250763
-0.0015684536
-0.001587381
-0.0015881442
-0.0015862386
-0.0015858557
-0.0015861149
-0.0015859852
-0.0015862258
-0.0015861486
-0.001586334
-0.001586308
-0.0015862875
-0.0015864166
-0.0015863662
-0.0015863939
-0.0015864125
-0.0015864294
-0.0015864462
-0.0015864142
-0.0015864382
-0.0015864329
-0.0015864115
-0.0015863965
-0.0015863861
-0.0015863535
-0.0015863337
-0.001586301
-0.0015862601
-0.00158622
-0.0015861601
-0.0015861165
-0.0015860621
-0.0015859752
-0.0015859073
-0.0015858224
-0.0015857288
-0.0015856199
-0.0015855061
-0.0015853821
-0.0015852391
-0.0015850851
-0.0015849148
-0.0015847283
-0.0015845237
-0.0015842953
-0.0015840468
-0.0015837759
-0.0015834736
-0.0015831441
-0.0015827817
-0.0015823831
-0.0015819452
-0.0015814646
-0.0015809359
-0.0015803548
-0.0015797168
-0.0015790163
-0.0015782464
-0.0015773999
-0.0015764725
-0.0015754534
-0.0015743345
-0.0015731075
-0.0015717608
-0.0015702834
-0.0015686617
-0.0015668789
-0.0015649161
-0.0015627499
-0.001560353
-0.0015576954
-0.0015547463
-0.0015514759
-0.0015478534
-0.0015438495
-0.0015394294
-0.001534553
-0.0015291692
-0.0015232203
-0.0015166351
-0.0015093365
-0.0015012336
-0.0014922275
-0.001482203
-0.0014710336
-0.0014585704
-0.0014446483
-0.0014290742
-0.0014116341
-0.0013920788
-0.001370136
-0.0013454924
-0.0013178137
-0.0012867177
-0.0012518187
-0.0012126705
-0.001168879
-0.0011199424
-0.0010655741
-0.0010052111
-0.00093894784
-0.0008660521
-0.00078763265
-0.00070228252
-0.0006136353
-0.00051781327
-0.00042474081
-0.00032246146
-0.00023698148
-0.00013239893
-7.5481719e-05
3.2044378e-05
3.0175367e-05
0.00015138809
5.509979e-05
0.00022763713
-0.0021436086
-0.0015206011
-0.0010995213
-0.0010439357
-0.0010740402
-0.0010868264
-0.0010864421
-0.0010856984
-0.0010854223
-0.00108538
-0.0010855458
-0.0010855497
-0.001085708
-0.001085631
-0.0010856464
-0.0010857098
-0.0010857138
-0.0010857555
-0.0010857645
-0.0010857522
-0.0010857846
-0.0010857995
-0.0010857916
-0.0010857924
-0.0010857918
-0.0010857995
-0.00108578
-0.0010857853
-0.0010857634
-0.0010857479
-0.0010857407
-0.0010857218
-0.0010856887
-0.001085678
-0.0010856312
-0.0010856049
-0.0010855714
-0.001085522
-0.0010854802
-0.0010854264
-0.0010853683
-0.0010853042
-0.0010852343
-0.0010851553
-0.0010850688
-0.0010849757
-0.0010848701
-0.0010847547
-0.0010846284
-0.0010844898
-0.0010843351
-0.001084167
-0.0010839837
-0.001083778
-0.0010835541
-0.0010833076
-0.0010830367
-0.0010827389
-0.0010824107
-0.0010820504
-0.0010816525
-0.0010812177
-0.0010807381
-0.0010802104
-0.0010796308
-0.0010789949
-0.001078295
-0.0010775265
-0.0010766826
-0.0010757534
-0.0010747306
-0.0010736006
-0.0010723484
-0.0010709548
-0.0010693996
-0.0010676582
-0.0010657098
-0.0010635313
-0.0010611018
-0.001058395
-0.0010553827
-0.0010520273
-0.0010482857
-0.0010441036
-0.0010394223
-0.0010341728
-0.001028281
-0.0010216615
-0.0010142231
-0.0010058603
-0.00099645972
-0.00098589093
-0.00097401415
-0.00096066746
-0.00094567871
-0.0009288467
-0.00090996243
-0.00088877714
-0.00086504769
-0.00083847124
-0.00080879453
-0.00077565214
-0.00073886147
-0.00069796443
-0.00065306395
-0.00060347314
-0.00055012003
-0.0004915784
-0.00043095285
-0.00036437376
-0.00030057747
-0.00022806603
-0.0001701689
-9.3615274e-05
-5.7528018e-05
2.4036221e-05
1.7330905e-05
0.00010953962
3.8920331e-05
0.0001655232
-0.0011430602
-0.000810352
-0.00058651893
-0.00055656088
-0.00057281006
-0.00057937678
-0.00057980084
-0.00057903329
-0.00057881067
-0.00057887544
-0.00057901847
-0.00057900373
-0.00057898711
-0.00057906072
-0.00057904387
-0.00057908985
-0.00057907058
-0.00057909844
-0.00057911118
-0.00057913658
-0.00057912638
-0.00057910751
-0.00057914031
-0.00057915251
-0.00057912236
-0.00057913238
-0.00057914205
-0.00057913413
-0.00057912687
-0.00057911559
-0.00057910981
-0.00057910094
-0.00057909468
-0.00057906628
-0.00057906705
-0.0005790392
-0.00057901688
-0.0005790064
-0.00057896698
-0.00057894691
-0.00057891284
-0.00057887854
-0.00057883809
-0.00057879587
-0.00057875043
-0.00057869319
-0.00057863944
-0.00057857282
-0.00057850116
-0.00057842312
-0.00057833828
-0.00057824076
-0.00057813393
-0.00057801816
-0.00057788817
-0.00057774507
-0.00057758503
-0.00057741007
-0.00057721462
-0.00057699799
-0.00057675855
-0.00057649101
-0.00057619519
-0.00057586617
-0.00057550146
-0.000575094
-0.00057464296
-0.00057414152
-0.00057358389
-0.00057296443
-0.0005722763
-0.00057150994
-0.0005706567
-0.00056970452
-0.00056864373
-0.00056746302
-0.00056615738
-0.00056472246
-0.00056316045
-0.00056146962
-0.00055964969
-0.00055768791
-0.00055556862
-0.0005532605
-0.00055072983
-0.00054793011
-0.00054481806
-0.00054134195
-0.00053745596
-0.00053310238
-0.00052822597
-0.00052275258
-0.000516609
-0.00050970023
-0.00050193501
-0.00049319746
-0.00048337993
-0.00047234464
-0.00045997195
-0.0004460965
-0.00043060419
-0.00041328503
-0.00039408622
-0.0003726953
-0.00034927972
-0.00032325403
-0.00029544358
-0.00026446196
-0.0002329391
-0.00019709435
-0.00016433745
-0.00012401212
-9.5596675e-05
-5.0773182e-05
-3.5892437e-05
1.4296944e-05
5.8875595e-06
6.340773e-05
2.4126956e-05
0.000103994
-0.00032926166
-0.00023341187
-0.00016910829
-0.00016092509
-0.00016493377
-0.00016707705
-0.00016701633
-0.00016681854
-0.00016687854
-0.00016690335
-0.0001668775
-0.000166883
-0.00016689363
-0.0001669137
-0.00016694054
-0.0001669507
-0.00016693974
-0.00016695841
-0.00016695644
-0.00016695855
-0.00016697253
-0.00016699254
-0.00016698271
-0.00016698103
-0.0001669907
-0.00016700556
-0.00016700554
-0.00016700192
-0.00016700708
-0.00016702209
-0.00016701616
-0.00016702345
-0.00016702395
-0.00016703787
-0.00016703308
-0.00016703829
-0.00016704609
-0.00016704916
-0.0001670553
-0.00016705849
-0.00016706667
-0.00016707191
-0.00016707759
-0.00016708484
-0.00016709236
-0.00016710093
-0.00016710836
-0.00016711846
-0.00016712903
-0.00016713872
-0.00016714922
-0.00016716354
-0.00016717664
-0.00016719019
-0.00016720652
-0.0001672226
-0.00016724174
-0.0001672607
-0.0001672832
-0.00016730576
-0.00016733212
-0.00016736023
-0.00016739239
-0.00016742707
-0.00016746676
-0.00016751152
-0.00016756298
-0.00016761998
-0.00016768591
-0.00016775891
-0.00016783897
-0.00016792275
-0.00016800545
-0.00016807611
-0.00016812301
-0.00016812653
-0.000168068
-0.00016792182
-0.00016766761
-0.00016727652
-0.00016672703
-0.00016598886
-0.000165044
-0.00016386797
-0.00016245445
-0.00016078995
-0.00015887924
-0.00015671207
-0.00015429471
-0.00015161559
-0.00014868635
-0.00014550336
-0.0001420919
-0.00013845783
-0.00013463367
-0.00013062258
-0.00012645413
-0.00012211559
-0.00011762604
-0.00011294264
-0.00010807891
-0.00010293986
-9.7572429e-05
-9.1770777e-05
-8.5732886e-05
-7.8980717e-05
-7.2192556e-05
-6.4162925e-05
-5.6861443e-05
-4.7184045e-05
-4.0267303e-05
-2.8478391e-05
-2.3770311e-05
-9.5168274e-06
-9.1865712e-06
6.9008025e-06
2.0018208e-06
1.8299659e-05
9.033405e-06
2.8888776e-05
)
;

boundaryField
{
    airfoil
    {
        type            zeroGradient;
    }
    farfield
    {
        type            freestreamPressure;
        freestreamValue uniform 0;
        supersonic      0;
        value           nonuniform List<scalar> 
896
(
4.1799873e-07
0.00010984699
6.4084536e-07
6.5256682e-07
6.3302509e-07
6.2738061e-07
6.2785702e-07
6.2868113e-07
6.2866798e-07
6.2860306e-07
6.2879416e-07
6.2861843e-07
6.2864302e-07
6.2865198e-07
6.2864484e-07
6.2863713e-07
6.2878502e-07
6.2865189e-07
6.2863325e-07
6.2873573e-07
6.2866435e-07
6.2864864e-07
6.2868088e-07
6.2870138e-07
6.2869447e-07
6.2862758e-07
6.2863858e-07
6.2867546e-07
6.2860266e-07
6.2860787e-07
6.2857549e-07
6.2855869e-07
6.2852421e-07
6.2848815e-07
6.2845607e-07
6.2840746e-07
6.2836253e-07
6.282879e-07
6.2823867e-07
6.2817043e-07
6.2808388e-07
6.2798758e-07
6.2790736e-07
6.2778562e-07
6.2766948e-07
6.2752742e-07
6.2739214e-07
6.2721227e-07
6.2704022e-07
6.2684199e-07
6.2661852e-07
6.2636993e-07
6.2611078e-07
6.2581093e-07
6.2548964e-07
6.2512913e-07
6.2474449e-07
6.2430326e-07
6.238389e-07
6.2331144e-07
6.2274588e-07
6.2211406e-07
6.2143043e-07
6.2066968e-07
6.1984601e-07
6.1893409e-07
6.1794198e-07
6.1684718e-07
6.156542e-07
6.1433883e-07
6.1290427e-07
6.1131829e-07
6.0958156e-07
6.0765255e-07
6.0552084e-07
6.0312954e-07
6.0045171e-07
5.974121e-07
5.939673e-07
5.9002528e-07
5.8553376e-07
5.8038596e-07
5.7452493e-07
5.6783377e-07
5.6025798e-07
5.5169124e-07
5.4211263e-07
5.3146013e-07
5.1977843e-07
5.0706972e-07
4.9344327e-07
4.7893641e-07
4.6367654e-07
4.4768829e-07
4.3109587e-07
4.1393019e-07
3.9635159e-07
3.7841975e-07
3.6030853e-07
3.4207021e-07
3.2383458e-07
3.0562737e-07
2.8742556e-07
2.6936966e-07
2.5098758e-07
2.3310045e-07
2.1385152e-07
1.9645333e-07
1.7501107e-07
1.5952869e-07
1.3357213e-07
1.2352864e-07
8.9680391e-08
9.0036426e-08
4.6759124e-08
5.9082304e-08
1.2446152e-08
3.064231e-08
-9.303868e-09
1.9267659e-08
-2.6216389e-08
-6.370463e-06
0.00030389874
-1.8678363e-05
0.00055797505
-3.2917859e-05
0.00079215711
-4.6979535e-05
0.00092658869
-6.1302542e-05
0.0011817829
-7.5770842e-05
0.0015899334
-9.0366935e-05
0.0018996244
-0.00010508906
0.0022397833
-0.00011988163
0.002615138
-0.00013475788
0.0030319596
-0.00014967391
0.0034954667
-0.00016465099
0.0040136339
-0.0001796578
0.0045939783
-0.00019472026
0.0052433488
-0.00020981491
0.0059730309
-0.00022496945
0.0067927386
-0.0002401635
0.0077144945
-0.00025542539
0.008753336
-0.00027073679
0.0099240046
-0.00028612486
0.011245432
-0.00030157204
0.012739894
-0.00031710496
0.01443338
-0.00033270563
0.016355209
-0.00034840009
0.018540956
-0.0003641709
0.021043165
-0.00038004221
0.023946076
-0.00039599805
0.027344763
-0.00041206211
0.031264276
-0.00042821857
0.035674124
-0.00044448991
0.040943408
-0.00046086052
0.06928588
-0.00047735388
0.1066487
-0.0004939563
0.095725932
-0.00051068886
0.086688576
-0.00052753835
0.080163254
-0.00054452815
0.075153305
-0.00056164411
0.072943739
-0.00057891024
0.088794907
-0.00059631378
0.10015212
-0.00061387845
0.10243971
-0.00063159206
0.10706564
-0.00064947792
0.11350678
-0.00066752544
0.12101182
-0.00068575823
0.13774842
-0.00070416533
0.15834887
-0.00072277132
0.14148188
-0.00074156595
0.17344559
-0.00076057195
0.1872883
-0.00077978026
0.20345686
-0.00079921405
0.22317337
-0.00081886416
0.23856768
-0.00083875231
0.25457093
-0.00085887038
0.27222624
-0.00087923919
0.2910649
-0.00089985018
0.31265872
-0.00092072363
0.33771027
-0.00094185035
0.37115945
-0.00096324895
0.43584936
-0.00098490954
0.44380079
-0.0010068504
0.44519302
-0.0010290614
0.44017885
-0.0010515579
0.43112211
-0.0010743278
0.42145093
-0.0010973871
0.41881398
-0.0011207215
0.43035695
-0.001144344
0.45060207
-0.0011682406
0.47029015
-0.0011924203
0.48265587
-0.0012168681
0.48154042
-0.0012415925
0.46018788
-0.0012665742
0.43735032
-0.0012918194
0.4257054
-0.0013173093
0.42391365
-0.0013430456
0.41951884
-0.0013690074
0.41235797
-0.001395194
0.40439027
-0.0014215824
0.39713094
-0.0014481695
0.39197683
-0.0014749294
0.38791882
-0.001501856
0.38330836
-0.0015289227
0.37739753
-0.0015561197
0.36996338
-0.0015834174
0.36078727
-0.0016108042
0.34916689
-0.0016382487
0.33481098
-0.0016657351
0.31905955
-0.0016932313
0.29364156
-0.0017207197
0.041650728
-0.0017481643
-0.0017755444
-0.0018028245
-0.001829981
-0.001856977
-0.0018837866
-0.001910371
-0.0019367033
-0.0019627447
-0.0019884646
-0.0020138246
-0.0020387938
-0.0020633322
-0.0020874071
-0.0021109808
-0.0021340197
-0.0021564853
-0.002178345
-0.0021995652
-0.0022201115
-0.0022399382
-0.0022590006
-0.0022772847
-0.0022948217
-0.0023115791
-0.0023272889
-0.0023416448
-0.0023551258
-0.0023693521
-0.0023844326
-0.0023946113
-0.0024097908
-0.0024443818
-0.0024827852
-0.0025253468
-0.002571911
-0.002622397
-0.0026766199
-0.0027341966
-0.0027943659
-0.002856717
-0.00292091
-0.0029866583
-0.003053663
-0.0031216551
-0.0031903951
-0.0032596707
-0.0033292374
-0.0033988959
-0.0034684599
-0.003537744
-0.0036065935
-0.0036748194
-0.0037422835
-0.0038088344
-0.0038743168
-0.0039386399
-0.0040016393
-0.0040632128
-0.0041232539
-0.004181627
-0.0042382715
-0.0042930498
-0.004345889
-0.0043967188
-0.0044454291
-0.0044919512
-0.0045362256
-0.0045781701
-0.0046177126
-0.0046548105
-0.0046894013
-0.0047214295
-0.0047508509
-0.0047776081
-0.0048016788
-0.0048230126
-0.0048415868
-0.0048573539
-0.0048702992
-0.004880383
-0.0048876107
-0.0048919451
-0.0048933633
-0.0048918806
-0.0048874577
-0.0048801072
-0.0048698115
-0.0048565933
-0.0048404145
-0.0048213154
-0.0047992964
-0.0047743497
-0.0047464816
-0.0047157375
-0.0046820971
-0.0046455996
-0.0046062506
-0.0045640886
-0.0045191114
-0.0044713659
-0.0044208703
-0.004367643
-0.0043117282
-0.0042531499
-0.0041919462
-0.0041281446
-0.0040617838
-0.0039928983
-0.0039215281
-0.0038477181
-0.0037715001
-0.0036929219
-0.0036120195
-0.0035288472
-0.003443444
-0.003355855
-0.0032661285
-0.0031743182
-0.0030804619
-0.0029846176
-0.002886837
-0.0027871661
-0.0026856629
-0.0025823785
-0.002477365
-0.002370684
-0.0022623815
-0.002152524
-0.0020411632
-0.00192836
-0.0018141728
-0.0016986614
-0.0015818858
-0.0014639102
-0.0013447954
-0.0012246077
-0.0011034078
-0.00098126498
-0.00085824413
-0.00073441499
-0.00060984455
-0.00048460568
-0.00035876855
-0.00023240815
-0.00010559775
2.1584554e-05
0.00014906194
0.00027675313
0.00040457741
0.0005324501
0.00066028626
0.00078799758
0.00091549565
0.0010426897
0.0011694892
0.0012958031
0.0014215479
0.0015466416
0.001670988
0.0017944922
0.0019170752
0.0020386615
0.0021591797
0.002278561
0.0023967395
0.0025136512
0.0026292369
0.0027434379
0.002856198
0.0029674631
0.00307718
0.0031853004
0.0032917745
0.0033965555
0.0034996004
0.0036008598
0.0037002968
0.0037978677
0.0038935316
0.0039872552
0.0040789935
0.0041687188
0.0042563923
0.0043419768
0.0044254465
0.0045067685
0.0045859085
0.0046628418
0.0047375425
0.0048099786
0.004880127
0.0049479617
0.0050134634
0.0050766091
0.0051373722
0.0051957391
0.0052516839
0.0053051994
0.0053562602
0.0054048618
0.0054509732
0.005494594
0.0055357183
0.0055743172
0.0056104013
0.0056439511
0.0056749682
0.005703431
0.0057293654
0.0057527414
0.00577356
0.0057918397
0.0058075849
0.0058207688
0.00583143
0.0058395561
0.0058451653
0.0058482525
0.005848856
0.0058469645
0.0058425996
0.005835799
0.0058265547
0.0058149035
0.0058008557
0.0057844536
0.0057657123
0.0057446749
0.0057213542
0.005695797
0.005668035
0.005638111
0.0056060732
0.0055719476
0.0055357896
0.0054976624
0.0054576061
0.0054156669
0.0053719341
0.0053264525
0.0052792705
0.0052304972
0.0051801666
0.0051283828
0.0050752237
0.0050207534
0.0049651077
0.0049083338
0.0048505534
0.0047918733
0.00473239
0.0046722454
0.0046115465
0.0045504219
0.0044890053
0.0044274281
0.0043658773
0.004304485
0.004243415
0.0041828455
0.0041229866
0.0040640088
0.0040061298
0.0039495592
0.0038945548
0.0038413388
0.0037902035
0.003741387
0.0036952105
0.0036513381
0.0036303637
0.0036157505
0.0035954011
0.0035765814
0.0035589029
0.0035402223
0.0035199601
0.003498526
0.0034762465
0.0034531332
0.0034291342
0.0034042456
0.0033785176
0.0033519854
0.0033246855
0.0032966395
0.0032678838
0.0032384438
0.0032083606
0.0031776596
0.00314638
0.0031145469
0.0030822011
0.0030493689
0.0030160903
0.0029823888
0.002948305
0.0029138633
0.0028791024
0.0028440442
-0.01930576
0.0028087273
-0.014784716
0.0027731731
-0.015527029
0.0027374186
-0.015684678
0.0027014826
-0.015819374
0.002665401
-0.016154516
0.0026291909
-0.01666303
0.0025928866
-0.017320985
0.0025565031
-0.0181104
0.0025200727
-0.019016344
0.0024836082
-0.02003799
0.0024471404
-0.021181013
0.0024106796
-0.022455668
0.0023742548
-0.023873675
0.0023378742
-0.025445567
0.0023015643
-0.027184712
0.0022653315
-0.029102799
0.0022292006
-0.031213169
0.0021931753
-0.033522695
0.0021572785
-0.036046945
0.0021215117
-0.038794466
0.0020858951
-0.04176586
0.0020504297
-0.044959291
0.0020151349
-0.048374069
0.0019800065
-0.051993499
0.0019450636
-0.055812937
0.0019103014
-0.059808406
0.0018757355
-0.063961664
0.001841361
-0.068313713
0.0018071923
-0.07317196
0.0017732211
-0.078104004
0.0017394615
-0.082798857
0.0017059055
-0.086906814
0.001672565
-0.089930665
0.0016394297
-0.091355303
0.0016065105
-0.090880347
0.0015737983
-0.088801409
0.0015413034
-0.08583805
0.0015090128
-0.082805224
0.0014769381
-0.074417802
0.0014450678
-0.066786504
0.0014134098
-0.032986351
0.0013819529
-0.0070403151
0.0013507062
-0.0082792288
0.0013196569
-0.0098142364
0.0012888143
-0.01148971
0.0012581655
-0.014258384
0.0012277196
-0.017744383
0.0011974642
-0.022608444
0.001167408
-0.025612557
0.0011375374
-0.028132626
0.0011078623
-0.030877138
0.0010783691
-0.033992669
0.0010490674
-0.037617053
0.0010199438
-0.04185065
0.00099100675
-0.046797434
0.00096224285
-0.052541107
0.00093366115
-0.059177798
0.00090524708
-0.066804408
0.00087700968
-0.0751858
0.00084893282
-0.082412467
0.00082102406
-0.057314499
0.00079326758
-0.047614994
0.00076566928
-0.04182317
0.00073821127
-0.036663281
0.00071089771
-0.03212086
0.0006837066
-0.028184888
0.00065664051
-0.02464076
0.00062967426
-0.021751741
0.00060280627
-0.019222224
0.00057600605
-0.01699383
0.0005492661
-0.015023814
0.00052254899
-0.013275396
0.00049584122
-0.011717515
0.00046909477
-0.010325205
0.00044228554
-0.0090775366
0.00041535333
-0.0079570592
0.00038826049
-0.0069488666
0.00036092964
-0.0060397332
0.00033330631
-0.0052175595
0.00030529282
-0.0044714553
0.00027681377
-0.0037913217
0.00024775273
-0.0031682157
0.00021801596
-0.0025918282
0.00018748633
-0.0020468357
0.00015603682
-0.0015660987
0.00012372116
-0.0010718103
8.996225e-05
-0.00057153176
5.6521029e-05
-6.2644604e-07
-0.00016463097
-4.4408746e-07
-3.2174427e-07
-3.0617492e-07
-3.1380177e-07
-3.1787955e-07
-3.1776404e-07
-3.1738772e-07
-3.1750187e-07
-3.1754907e-07
-3.1749991e-07
-3.1751036e-07
-3.1753058e-07
-3.1756877e-07
-3.1761985e-07
-3.1763918e-07
-3.1761834e-07
-3.1765384e-07
-3.1765012e-07
-3.1765411e-07
-3.1768073e-07
-3.1771879e-07
-3.1770011e-07
-3.1769691e-07
-3.1771531e-07
-3.1774359e-07
-3.1774356e-07
-3.1773668e-07
-3.177465e-07
-3.1777508e-07
-3.177638e-07
-3.1777768e-07
-3.1777865e-07
-3.1780514e-07
-3.1779604e-07
-3.1780598e-07
-3.1782083e-07
-3.178267e-07
-3.1783841e-07
-3.1784451e-07
-3.178601e-07
-3.1787011e-07
-3.1788097e-07
-3.1789481e-07
-3.1790918e-07
-3.1792554e-07
-3.1793977e-07
-3.1795906e-07
-3.1797927e-07
-3.1799783e-07
-3.1801794e-07
-3.1804534e-07
-3.1807045e-07
-3.1809645e-07
-3.1812774e-07
-3.1815861e-07
-3.1819535e-07
-3.1823178e-07
-3.1827499e-07
-3.183184e-07
-3.1836908e-07
-3.1842314e-07
-3.1848497e-07
-3.1855164e-07
-3.1862788e-07
-3.187138e-07
-3.1881242e-07
-3.1892148e-07
-3.1904735e-07
-3.1918637e-07
-3.1933834e-07
-3.1949667e-07
-3.1965204e-07
-3.1978333e-07
-3.1986805e-07
-3.1986872e-07
-3.1974979e-07
-3.1946259e-07
-3.1896844e-07
-3.1821264e-07
-3.1715449e-07
-3.1573659e-07
-3.1392486e-07
-3.1167282e-07
-3.0896836e-07
-3.0578562e-07
-3.021333e-07
-2.979916e-07
-2.9337226e-07
-2.8825325e-07
-2.8265681e-07
-2.7657621e-07
-2.7005971e-07
-2.6311864e-07
-2.5581503e-07
-2.4815516e-07
-2.4019553e-07
-2.319122e-07
-2.2334193e-07
-2.144036e-07
-2.0512381e-07
-1.9532224e-07
-1.8509002e-07
-1.740356e-07
-1.6253906e-07
-1.4969021e-07
-1.3678427e-07
-1.2152723e-07
-1.0766814e-07
-8.9308271e-08
-7.6201794e-08
-5.386768e-08
-4.4962688e-08
-1.79911e-08
-1.7374182e-08
1.304022e-08
3.787366e-09
3.4571943e-08
1.7112975e-08
5.4556396e-08
1.5701158e-05
)
;
    }
    frontAndBack
    {
        type            empty;
    }
}


// ************************************************************************* //
