# Force coefficients
# liftDir       : (-8.71556741e-02 9.96194704e-01 0.00000000e+00)
# dragDir       : (9.96194704e-01 8.71556741e-02 0.00000000e+00)
# pitchAxis     : (0.00000000e+00 0.00000000e+00 1.00000000e+00)
# magUInf       : 3.00000000e+00
# lRef          : 1.00000000e+00
# Aref          : 1.00000000e+00
# CofR          : (2.50000000e-01 0.00000000e+00 0.00000000e+00)
# Time          	Cm              	Cd              	Cl              	Cl(f)           	Cl(r)           
0               	1.59749157e-03	1.24081861e-01	3.33666966e-03	3.26582640e-03	7.08432595e-05
1               	2.61732788e+00	3.80709628e+00	8.34582649e+00	6.79024112e+00	1.55558537e+00
2               	2.56347282e-01	2.61598712e-01	4.36239835e-01	4.74467199e-01	-3.82273640e-02
3               	1.08252153e-01	2.26718599e-01	2.75568630e-01	2.46036469e-01	2.95321619e-02
4               	7.48945404e-03	1.05293299e-01	6.31830844e-02	3.90809962e-02	2.41020882e-02
5               	-5.25866351e-03	4.40921536e-02	6.73967065e-02	2.84396897e-02	3.89570168e-02
6               	-2.04895459e-03	1.03522429e-02	6.00973211e-02	2.79997060e-02	3.20976151e-02
7               	1.17980060e-04	-4.24342953e-03	6.26088917e-02	3.14224259e-02	3.11864658e-02
8               	-2.95219053e-04	-1.39156423e-02	6.03516811e-02	2.98806215e-02	3.04710596e-02
9               	-2.23153083e-03	-4.60024367e-03	5.90278444e-02	2.72823914e-02	3.17454530e-02
10              	-3.76653736e-03	-3.19205366e-03	5.50244435e-02	2.37456844e-02	3.12787591e-02
11              	-3.58952360e-03	7.29614616e-04	5.04125498e-02	2.16167513e-02	2.87957985e-02
12              	-3.57830304e-03	1.92064749e-03	4.48529136e-02	1.88481537e-02	2.60047598e-02
13              	-2.65358898e-03	3.69205775e-03	4.16487060e-02	1.81707640e-02	2.34779420e-02
14              	-1.90711528e-03	4.09783093e-03	3.93611711e-02	1.77734703e-02	2.15877008e-02
15              	-1.39866973e-03	4.99382224e-03	3.95412036e-02	1.83719321e-02	2.11692715e-02
16              	-1.16203495e-03	4.68448144e-03	3.96198357e-02	1.86478829e-02	2.09719528e-02
17              	-1.11621487e-03	4.94438871e-03	3.90285680e-02	1.83980691e-02	2.06304989e-02
18              	-1.21487274e-03	4.58713886e-03	3.79817956e-02	1.77760251e-02	2.02057705e-02
19              	-1.16381304e-03	4.72007169e-03	3.73750861e-02	1.75237300e-02	1.98513561e-02
20              	-9.67583284e-04	4.57450173e-03	3.69783075e-02	1.75215705e-02	1.94567371e-02
21              	-5.47435862e-04	4.77201098e-03	3.72299700e-02	1.80675491e-02	1.91624208e-02
22              	-9.87461544e-05	4.79676328e-03	3.74071089e-02	1.86048083e-02	1.88023006e-02
23              	3.66666342e-04	4.99595700e-03	3.78602850e-02	1.92968088e-02	1.85634762e-02
24              	8.00414078e-04	5.04834034e-03	3.83280215e-02	1.99644249e-02	1.83635967e-02
25              	1.24636107e-03	5.23963736e-03	3.89506654e-02	2.07216938e-02	1.82289716e-02
26              	1.69798770e-03	5.35804951e-03	3.95425010e-02	2.14692382e-02	1.80732628e-02
27              	2.25131000e-03	5.60414132e-03	4.02981470e-02	2.24003835e-02	1.78977635e-02
28              	2.89281229e-03	5.82627026e-03	4.11236227e-02	2.34546236e-02	1.76689991e-02
29              	3.64903657e-03	6.12779798e-03	4.21089234e-02	2.47034982e-02	1.74054251e-02
30              	4.44890944e-03	6.39870160e-03	4.31313714e-02	2.60145952e-02	1.71167763e-02
31              	5.24967492e-03	6.69803256e-03	4.41523798e-02	2.73258648e-02	1.68265150e-02
32              	5.87153183e-03	6.87452258e-03	4.49066856e-02	2.83248747e-02	1.65818110e-02
33              	6.35534387e-03	7.00286443e-03	4.55251656e-02	2.91179267e-02	1.64072389e-02
34              	6.73036631e-03	7.08826109e-03	4.59929162e-02	2.97268244e-02	1.62660918e-02
35              	7.04071725e-03	7.15126524e-03	4.63694944e-02	3.02254645e-02	1.61440299e-02
36              	7.29372516e-03	7.18593259e-03	4.66587677e-02	3.06231090e-02	1.60356587e-02
37              	7.52252327e-03	7.20336947e-03	4.69078944e-02	3.09764705e-02	1.59314239e-02
38              	7.76425616e-03	7.22150851e-03	4.71773155e-02	3.13529139e-02	1.58244016e-02
39              	8.04636816e-03	7.25070949e-03	4.75171703e-02	3.18049533e-02	1.57122170e-02
40              	8.29531570e-03	7.26134676e-03	4.77974588e-02	3.21940451e-02	1.56034137e-02
41              	8.55271133e-03	7.27401029e-03	4.80976114e-02	3.26015170e-02	1.54960944e-02
42              	8.78744130e-03	7.27644382e-03	4.83519338e-02	3.29634082e-02	1.53885256e-02
43              	8.95384053e-03	7.25387504e-03	4.85002331e-02	3.32039571e-02	1.52962760e-02
44              	9.04142946e-03	7.20375128e-03	4.85308168e-02	3.33068379e-02	1.52239789e-02
45              	9.02904420e-03	7.11796968e-03	4.83964729e-02	3.32272806e-02	1.51691923e-02
46              	8.90434822e-03	6.99074012e-03	4.80889107e-02	3.29488036e-02	1.51401071e-02
47              	8.66264073e-03	6.82017518e-03	4.75985539e-02	3.24619177e-02	1.51366362e-02
48              	8.34151328e-03	6.62074998e-03	4.70152910e-02	3.18491588e-02	1.51661322e-02
49              	7.93930273e-03	6.39340844e-03	4.63303187e-02	3.11044621e-02	1.52258566e-02
50              	7.46093670e-03	6.13925209e-03	4.55567600e-02	3.02393167e-02	1.53174433e-02
51              	6.95043282e-03	5.87776797e-03	4.47701795e-02	2.93355225e-02	1.54346569e-02
52              	6.40348140e-03	5.60754960e-03	4.39910945e-02	2.83990286e-02	1.55920658e-02
53              	5.81893787e-03	5.32723717e-03	4.31679564e-02	2.74029161e-02	1.57650404e-02
54              	5.18737311e-03	5.03279474e-03	4.23138986e-02	2.63443224e-02	1.59695762e-02
55              	4.55999364e-03	4.74393062e-03	4.14916212e-02	2.53058042e-02	1.61858170e-02
56              	3.93890382e-03	4.46230304e-03	4.06850079e-02	2.42814078e-02	1.64036001e-02
57              	3.34851860e-03	4.19793807e-03	3.99454779e-02	2.33212575e-02	1.66242203e-02
58              	2.79688312e-03	3.95406372e-03	3.92667465e-02	2.24302564e-02	1.68364901e-02
59              	2.28133156e-03	3.73039316e-03	3.86502231e-02	2.16064431e-02	1.70437800e-02
60              	1.82672715e-03	3.53676151e-03	3.81255648e-02	2.08895095e-02	1.72360552e-02
61              	1.44536802e-03	3.37795586e-03	3.77200212e-02	2.03053786e-02	1.74146426e-02
62              	1.14617065e-03	3.25601314e-03	3.74379600e-02	1.98651507e-02	1.75728094e-02
63              	9.09461693e-04	3.16555226e-03	3.72585425e-02	1.95387329e-02	1.77198095e-02
64              	7.70555314e-04	3.11466983e-03	3.72153380e-02	1.93782243e-02	1.78371137e-02
65              	6.89047740e-04	3.08950406e-03	3.72708194e-02	1.93244575e-02	1.79463620e-02
66              	6.79490746e-04	3.09078389e-03	3.74248310e-02	1.93919063e-02	1.80329248e-02
67              	7.07891353e-04	3.10632652e-03	3.76256620e-02	1.95207224e-02	1.81049397e-02
68              	7.57127125e-04	3.13067997e-03	3.78605918e-02	1.96874230e-02	1.81731688e-02
69              	7.95122670e-04	3.15198117e-03	3.80602200e-02	1.98252327e-02	1.82349873e-02
70              	8.12029027e-04	3.16594504e-03	3.82072454e-02	1.99156517e-02	1.82915937e-02
71              	8.05862268e-04	3.17128427e-03	3.82985600e-02	1.99551423e-02	1.83434177e-02
72              	7.68846610e-04	3.16631710e-03	3.83291090e-02	1.99334011e-02	1.83957079e-02
73              	7.32406361e-04	3.16066076e-03	3.83455215e-02	1.99051671e-02	1.84403544e-02
74              	6.84068674e-04	3.15278641e-03	3.83481885e-02	1.98581629e-02	1.84900256e-02
75              	6.51645022e-04	3.14928024e-03	3.83677414e-02	1.98355157e-02	1.85322257e-02
76              	6.24781892e-04	3.14726494e-03	3.83928412e-02	1.98212025e-02	1.85716387e-02
77              	6.00611130e-04	3.14473018e-03	3.84141099e-02	1.98076661e-02	1.86064438e-02
78              	5.89189802e-04	3.14472899e-03	3.84547475e-02	1.98165636e-02	1.86381840e-02
79              	5.86984391e-04	3.14636486e-03	3.85066121e-02	1.98402904e-02	1.86663217e-02
80              	5.95886387e-04	3.15043930e-03	3.85729305e-02	1.98823516e-02	1.86905788e-02
81              	6.06430454e-04	3.15427461e-03	3.86382724e-02	1.99255667e-02	1.87127058e-02
82              	6.18121795e-04	3.15738133e-03	3.87008032e-02	1.99685234e-02	1.87322798e-02
83              	6.29554950e-04	3.15957015e-03	3.87565323e-02	2.00078211e-02	1.87487112e-02
84              	6.50827885e-04	3.16524539e-03	3.88303081e-02	2.00659820e-02	1.87643262e-02
85              	6.75111656e-04	3.17220579e-03	3.89076870e-02	2.01289551e-02	1.87787318e-02
86              	7.02779691e-04	3.18054256e-03	3.89899063e-02	2.01977328e-02	1.87921734e-02
87              	7.36330893e-04	3.19113777e-03	3.90846203e-02	2.02786410e-02	1.88059792e-02
88              	7.69878999e-04	3.20209956e-03	3.91777103e-02	2.03587341e-02	1.88189761e-02
89              	7.97493150e-04	3.21136066e-03	3.92587115e-02	2.04268489e-02	1.88318626e-02
90              	8.19737708e-04	3.21865122e-03	3.93303371e-02	2.04849063e-02	1.88454308e-02
91              	8.40501038e-04	3.22551268e-03	3.93998881e-02	2.05404451e-02	1.88594430e-02
92              	8.64065568e-04	3.23383474e-03	3.94766973e-02	2.06024142e-02	1.88742831e-02
93              	8.89930204e-04	3.24301954e-03	3.95564824e-02	2.06681714e-02	1.88883110e-02
94              	9.15219310e-04	3.25268557e-03	3.96372783e-02	2.07338585e-02	1.89034198e-02
95              	9.33603169e-04	3.25992515e-03	3.97041152e-02	2.07856608e-02	1.89184544e-02
96              	9.44867629e-04	3.26477866e-03	3.97588659e-02	2.08243006e-02	1.89345653e-02
97              	9.51623116e-04	3.26792004e-03	3.98046472e-02	2.08539467e-02	1.89507005e-02
98              	9.57804851e-04	3.27102170e-03	3.98477849e-02	2.08816973e-02	1.89660876e-02
99              	9.66973387e-04	3.27551392e-03	3.99002627e-02	2.09171047e-02	1.89831580e-02
100             	9.77891230e-04	3.28087961e-03	3.99558314e-02	2.09558069e-02	1.90000245e-02
101             	9.86331171e-04	3.28535706e-03	4.00057683e-02	2.09892153e-02	1.90165530e-02
102             	9.96099767e-04	3.29050863e-03	4.00600896e-02	2.10261446e-02	1.90339451e-02
103             	1.00287621e-03	3.29437669e-03	4.01059625e-02	2.10558575e-02	1.90501050e-02
104             	1.00635000e-03	3.29705072e-03	4.01456568e-02	2.10791784e-02	1.90664784e-02
105             	1.00799938e-03	3.29878514e-03	4.01776666e-02	2.10968327e-02	1.90808339e-02
106             	1.01099965e-03	3.30111983e-03	4.02191853e-02	2.11205923e-02	1.90985930e-02
107             	1.01239134e-03	3.30283660e-03	4.02538380e-02	2.11393103e-02	1.91145277e-02
108             	1.01258238e-03	3.30413926e-03	4.02819220e-02	2.11535434e-02	1.91283786e-02
109             	1.01084286e-03	3.30464108e-03	4.03129083e-02	2.11672970e-02	1.91456113e-02
110             	1.00771430e-03	3.30451356e-03	4.03347493e-02	2.11750890e-02	1.91596604e-02
111             	1.00584910e-03	3.30494234e-03	4.03560863e-02	2.11838922e-02	1.91721940e-02
112             	1.00466695e-03	3.30557403e-03	4.03837564e-02	2.11965452e-02	1.91872113e-02
113             	1.00317110e-03	3.30618796e-03	4.04076731e-02	2.12070076e-02	1.92006654e-02
114             	1.00098674e-03	3.30650917e-03	4.04284383e-02	2.12152059e-02	1.92132324e-02
115             	9.97654364e-04	3.30627066e-03	4.04538258e-02	2.12245673e-02	1.92292586e-02
116             	9.95290813e-04	3.30659446e-03	4.04736345e-02	2.12321081e-02	1.92415264e-02
117             	9.92206430e-04	3.30656131e-03	4.04955456e-02	2.12399792e-02	1.92555664e-02
118             	9.89710677e-04	3.30696202e-03	4.05146792e-02	2.12470503e-02	1.92676289e-02
119             	9.86060686e-04	3.30677738e-03	4.05365147e-02	2.12543180e-02	1.92821967e-02
120             	9.82392594e-04	3.30673098e-03	4.05533511e-02	2.12590681e-02	1.92942829e-02
121             	9.78088000e-04	3.30639819e-03	4.05709292e-02	2.12635526e-02	1.93073766e-02
122             	9.73631454e-04	3.30601431e-03	4.05892101e-02	2.12682365e-02	1.93209736e-02
123             	9.68453212e-04	3.30534336e-03	4.06039466e-02	2.12704265e-02	1.93335201e-02
124             	9.61965205e-04	3.30400369e-03	4.06190360e-02	2.12714832e-02	1.93475528e-02
125             	9.55753783e-04	3.30298561e-03	4.06306695e-02	2.12710885e-02	1.93595810e-02
126             	9.49564322e-04	3.30202746e-03	4.06402028e-02	2.12696657e-02	1.93705371e-02
127             	9.41544967e-04	3.30015005e-03	4.06530466e-02	2.12680683e-02	1.93849784e-02
128             	9.33520861e-04	3.29843625e-03	4.06578067e-02	2.12624242e-02	1.93953825e-02
129             	9.25817743e-04	3.29676530e-03	4.06704945e-02	2.12610650e-02	1.94094295e-02
130             	9.17539587e-04	3.29475080e-03	4.06751517e-02	2.12551154e-02	1.94200362e-02
131             	9.09309442e-04	3.29292527e-03	4.06822800e-02	2.12504494e-02	1.94318305e-02
132             	8.98976971e-04	3.29014924e-03	4.06878100e-02	2.12428820e-02	1.94449280e-02
133             	8.90217553e-04	3.28818015e-03	4.06909505e-02	2.12356928e-02	1.94552577e-02
134             	8.79772079e-04	3.28536953e-03	4.06932766e-02	2.12264104e-02	1.94668662e-02
135             	8.71113795e-04	3.28319891e-03	4.06989196e-02	2.12205736e-02	1.94783460e-02
136             	8.61304048e-04	3.28062665e-03	4.07007491e-02	2.12116786e-02	1.94890705e-02
137             	8.51244652e-04	3.27798169e-03	4.07021888e-02	2.12023390e-02	1.94998497e-02
138             	8.39902636e-04	3.27484259e-03	4.07016061e-02	2.11907057e-02	1.95109004e-02
139             	8.29868782e-04	3.27217134e-03	4.07009784e-02	2.11803580e-02	1.95206204e-02
140             	8.18951295e-04	3.26905058e-03	4.06997022e-02	2.11688024e-02	1.95308998e-02
141             	8.08034117e-04	3.26609179e-03	4.06980388e-02	2.11570535e-02	1.95409853e-02
142             	7.96602576e-04	3.26275588e-03	4.06964581e-02	2.11448316e-02	1.95516265e-02
143             	7.85264529e-04	3.25948524e-03	4.06923900e-02	2.11314595e-02	1.95609305e-02
144             	7.74543958e-04	3.25649860e-03	4.06892617e-02	2.11191748e-02	1.95700869e-02
145             	7.63861630e-04	3.25353595e-03	4.06850441e-02	2.11063837e-02	1.95786604e-02
146             	7.53110252e-04	3.25051479e-03	4.06848744e-02	2.10955474e-02	1.95893269e-02
147             	7.41634442e-04	3.24721132e-03	4.06788971e-02	2.10810830e-02	1.95978141e-02
148             	7.30670581e-04	3.24401702e-03	4.06746846e-02	2.10680129e-02	1.96066717e-02
149             	7.20317432e-04	3.24110652e-03	4.06705913e-02	2.10556131e-02	1.96149782e-02
150             	7.08554899e-04	3.23758144e-03	4.06667159e-02	2.10419128e-02	1.96248030e-02
151             	6.96738374e-04	3.23407249e-03	4.06597632e-02	2.10266200e-02	1.96331432e-02
152             	6.84374828e-04	3.23033129e-03	4.06513268e-02	2.10100382e-02	1.96412886e-02
153             	6.73700301e-04	3.22724190e-03	4.06482665e-02	2.09978336e-02	1.96504330e-02
154             	6.63161332e-04	3.22413639e-03	4.06417079e-02	2.09840153e-02	1.96576926e-02
155             	6.52842898e-04	3.22130620e-03	4.06374270e-02	2.09715564e-02	1.96658706e-02
156             	6.40241323e-04	3.21726748e-03	4.06294240e-02	2.09549533e-02	1.96744707e-02
157             	6.27664300e-04	3.21343869e-03	4.06200312e-02	2.09376799e-02	1.96823513e-02
158             	6.16644732e-04	3.21015829e-03	4.06126396e-02	2.09229645e-02	1.96896751e-02
159             	6.04636568e-04	3.20647794e-03	4.06034365e-02	2.09063548e-02	1.96970817e-02
160             	5.91877039e-04	3.20243882e-03	4.05926001e-02	2.08881771e-02	1.97044230e-02
161             	5.80195818e-04	3.19888816e-03	4.05838374e-02	2.08721145e-02	1.97117229e-02
162             	5.67599943e-04	3.19490387e-03	4.05726253e-02	2.08539126e-02	1.97187127e-02
163             	5.56486547e-04	3.19156519e-03	4.05646167e-02	2.08387949e-02	1.97258218e-02
164             	5.46053692e-04	3.18854393e-03	4.05563860e-02	2.08242467e-02	1.97321393e-02
165             	5.33811949e-04	3.18467111e-03	4.05471686e-02	2.08073962e-02	1.97397723e-02
166             	5.22606662e-04	3.18130531e-03	4.05371601e-02	2.07911867e-02	1.97459734e-02
167             	5.11027006e-04	3.17783562e-03	4.05271500e-02	2.07746020e-02	1.97525480e-02
168             	4.98002683e-04	3.17359746e-03	4.05146011e-02	2.07553032e-02	1.97592979e-02
169             	4.86680324e-04	3.17016448e-03	4.05048545e-02	2.07391076e-02	1.97657469e-02
170             	4.74591171e-04	3.16631267e-03	4.04927531e-02	2.07209677e-02	1.97717854e-02
171             	4.63108535e-04	3.16286417e-03	4.04823467e-02	2.07042819e-02	1.97780648e-02
172             	4.51158128e-04	3.15916245e-03	4.04702656e-02	2.06862909e-02	1.97839747e-02
173             	4.39594538e-04	3.15567712e-03	4.04596961e-02	2.06694426e-02	1.97902535e-02
174             	4.27638760e-04	3.15187561e-03	4.04473662e-02	2.06513218e-02	1.97960443e-02
175             	4.16681933e-04	3.14859559e-03	4.04367667e-02	2.06350653e-02	1.98017014e-02
176             	4.03682033e-04	3.14438694e-03	4.04230600e-02	2.06152120e-02	1.98078480e-02
177             	3.94020024e-04	3.14162826e-03	4.04144416e-02	2.06012408e-02	1.98132008e-02
178             	3.82184525e-04	3.13790560e-03	4.04023793e-02	2.05833742e-02	1.98190051e-02
179             	3.70984225e-04	3.13449655e-03	4.03901477e-02	2.05660581e-02	1.98240896e-02
180             	3.59549818e-04	3.13100172e-03	4.03785109e-02	2.05488052e-02	1.98297056e-02
181             	3.47802928e-04	3.12735532e-03	4.03650735e-02	2.05303397e-02	1.98347338e-02
182             	3.36161207e-04	3.12377741e-03	4.03518862e-02	2.05121043e-02	1.98397819e-02
183             	3.25379344e-04	3.12055245e-03	4.03397808e-02	2.04952697e-02	1.98445110e-02
184             	3.13066484e-04	3.11668691e-03	4.03255996e-02	2.04758663e-02	1.98497333e-02
185             	3.01410044e-04	3.11305873e-03	4.03109728e-02	2.04568964e-02	1.98540764e-02
186             	2.89599851e-04	3.10939110e-03	4.02966727e-02	2.04379362e-02	1.98587365e-02
187             	2.77938916e-04	3.10576393e-03	4.02825093e-02	2.04191936e-02	1.98633157e-02
188             	2.66912435e-04	3.10240422e-03	4.02690557e-02	2.04014403e-02	1.98676154e-02
189             	2.55701874e-04	3.09893551e-03	4.02552336e-02	2.03833187e-02	1.98719150e-02
190             	2.45442504e-04	3.09597502e-03	4.02431370e-02	2.03670110e-02	1.98761260e-02
191             	2.34309612e-04	3.09252746e-03	4.02288589e-02	2.03487391e-02	1.98801199e-02
192             	2.23454628e-04	3.08928376e-03	4.02151006e-02	2.03310049e-02	1.98840957e-02
193             	2.12431321e-04	3.08596860e-03	4.02017355e-02	2.03132991e-02	1.98884364e-02
194             	2.02478042e-04	3.08300139e-03	4.01891404e-02	2.02970482e-02	1.98920921e-02
195             	1.92817802e-04	3.08021282e-03	4.01774206e-02	2.02815281e-02	1.98958925e-02
196             	1.83033660e-04	3.07734586e-03	4.01650743e-02	2.02655708e-02	1.98995035e-02
197             	1.73696831e-04	3.07475914e-03	4.01541235e-02	2.02507586e-02	1.99033649e-02
198             	1.63576667e-04	3.07166123e-03	4.01402990e-02	2.02337262e-02	1.99065728e-02
199             	1.53910664e-04	3.06892434e-03	4.01287450e-02	2.02182832e-02	1.99104618e-02
200             	1.44364023e-04	3.06614903e-03	4.01164027e-02	2.02025654e-02	1.99138373e-02
201             	1.35411411e-04	3.06364991e-03	4.01051747e-02	2.01879988e-02	1.99171760e-02
202             	1.25281960e-04	3.06055158e-03	4.00910112e-02	2.01707876e-02	1.99202237e-02
203             	1.15847580e-04	3.05788883e-03	4.00794683e-02	2.01555817e-02	1.99238866e-02
204             	1.05820604e-04	3.05482807e-03	4.00654827e-02	2.01385619e-02	1.99269207e-02
205             	9.73087991e-05	3.05251368e-03	4.00545707e-02	2.01245941e-02	1.99299765e-02
206             	8.69917192e-05	3.04938617e-03	4.00401581e-02	2.01070708e-02	1.99330874e-02
207             	7.81949518e-05	3.04692960e-03	4.00281111e-02	2.00922505e-02	1.99358606e-02
208             	6.88858831e-05	3.04421298e-03	4.00145850e-02	2.00761784e-02	1.99384066e-02
209             	5.96548987e-05	3.04156851e-03	4.00015690e-02	2.00604394e-02	1.99411296e-02
210             	4.98074841e-05	3.03864769e-03	3.99872672e-02	2.00434411e-02	1.99438261e-02
211             	3.99964232e-05	3.03569142e-03	3.99725156e-02	2.00262542e-02	1.99462614e-02
212             	3.07610202e-05	3.03297764e-03	3.99584312e-02	2.00099766e-02	1.99484546e-02
213             	2.20071283e-05	3.03049716e-03	3.99452929e-02	1.99946536e-02	1.99506393e-02
214             	1.25140157e-05	3.02766378e-03	3.99304559e-02	1.99777420e-02	1.99527139e-02
215             	3.47890638e-06	3.02503077e-03	3.99161637e-02	1.99615608e-02	1.99546030e-02
216             	-5.89318339e-06	3.02222890e-03	3.99010979e-02	1.99446558e-02	1.99564421e-02
217             	-1.49773060e-05	3.01958579e-03	3.98861799e-02	1.99281126e-02	1.99580672e-02
218             	-2.47003939e-05	3.01661772e-03	3.98700935e-02	1.99103464e-02	1.99597472e-02
219             	-3.28943667e-05	3.01438512e-03	3.98565407e-02	1.98953760e-02	1.99611647e-02
220             	-4.18958385e-05	3.01172954e-03	3.98412919e-02	1.98787501e-02	1.99625418e-02
221             	-5.04719060e-05	3.00926718e-03	3.98264237e-02	1.98627399e-02	1.99636837e-02
222             	-5.95180407e-05	3.00660594e-03	3.98107992e-02	1.98458816e-02	1.99649176e-02
223             	-6.79652855e-05	3.00416595e-03	3.97957402e-02	1.98299048e-02	1.99658354e-02
224             	-7.57884341e-05	3.00203668e-03	3.97820246e-02	1.98152239e-02	1.99668007e-02
225             	-8.45350060e-05	2.99941120e-03	3.97660954e-02	1.97985127e-02	1.99675827e-02
226             	-9.22799754e-05	2.99729546e-03	3.97521107e-02	1.97837754e-02	1.99683353e-02
227             	-1.00545758e-04	2.99489742e-03	3.97368032e-02	1.97678558e-02	1.99689473e-02
228             	-1.08070200e-04	2.99288193e-03	3.97229676e-02	1.97534136e-02	1.99695540e-02
229             	-1.16503620e-04	2.99033450e-03	3.97067407e-02	1.97368667e-02	1.99698740e-02
230             	-1.24347001e-04	2.98819119e-03	3.96922097e-02	1.97217579e-02	1.99704519e-02
231             	-1.32509377e-04	2.98580531e-03	3.96764613e-02	1.97057213e-02	1.99707400e-02
232             	-1.39894708e-04	2.98382222e-03	3.96622362e-02	1.96912234e-02	1.99710128e-02
233             	-1.48786577e-04	2.98107094e-03	3.96445087e-02	1.96734678e-02	1.99710410e-02
234             	-1.56574114e-04	2.97890109e-03	3.96292548e-02	1.96580533e-02	1.99712015e-02
235             	-1.64057998e-04	2.97677070e-03	3.96139519e-02	1.96429179e-02	1.99710339e-02
236             	-1.70591400e-04	2.97513034e-03	3.96007460e-02	1.96297816e-02	1.99709644e-02
237             	-1.78940681e-04	2.97257720e-03	3.95833559e-02	1.96127373e-02	1.99706186e-02
238             	-1.84931866e-04	2.97115241e-03	3.95709509e-02	1.96005436e-02	1.99704073e-02
239             	-1.93288707e-04	2.96859163e-03	3.95534623e-02	1.95834425e-02	1.99700199e-02
240             	-2.00602120e-04	2.96652502e-03	3.95380538e-02	1.95684248e-02	1.99696290e-02
241             	-2.08674416e-04	2.96410751e-03	3.95207256e-02	1.95516884e-02	1.99690372e-02
242             	-2.15052135e-04	2.96243483e-03	3.95069502e-02	1.95384230e-02	1.99685273e-02
243             	-2.22483034e-04	2.96028084e-03	3.94905496e-02	1.95227917e-02	1.99677578e-02
244             	-2.28882478e-04	2.95860151e-03	3.94764180e-02	1.95093265e-02	1.99670915e-02
245             	-2.36259277e-04	2.95642004e-03	3.94598241e-02	1.94936528e-02	1.99661713e-02
246             	-2.43051804e-04	2.95461018e-03	3.94446661e-02	1.94792812e-02	1.99653848e-02
247             	-2.50640060e-04	2.95225775e-03	3.94272240e-02	1.94629719e-02	1.99642520e-02
248             	-2.57043078e-04	2.95051806e-03	3.94124064e-02	1.94491601e-02	1.99632463e-02
249             	-2.64528383e-04	2.94825722e-03	3.93949140e-02	1.94329286e-02	1.99619854e-02
250             	-2.70496727e-04	2.94674367e-03	3.93808507e-02	1.94199286e-02	1.99609221e-02
251             	-2.77490182e-04	2.94462214e-03	3.93636991e-02	1.94043594e-02	1.99593398e-02
252             	-2.83588688e-04	2.94309108e-03	3.93492884e-02	1.93910555e-02	1.99582329e-02
253             	-2.90818453e-04	2.94081217e-03	3.93316283e-02	1.93749957e-02	1.99566326e-02
254             	-2.97901348e-04	2.93876333e-03	3.93145601e-02	1.93593787e-02	1.99551814e-02
255             	-3.05018726e-04	2.93655093e-03	3.92968404e-02	1.93434015e-02	1.99534389e-02
256             	-3.11203669e-04	2.93486420e-03	3.92811725e-02	1.93293826e-02	1.99517899e-02
257             	-3.18483852e-04	2.93266773e-03	3.92628327e-02	1.93129325e-02	1.99499002e-02
258             	-3.24543929e-04	2.93102494e-03	3.92471846e-02	1.92990484e-02	1.99481362e-02
259             	-3.31259388e-04	2.92896080e-03	3.92295593e-02	1.92835202e-02	1.99460390e-02
260             	-3.37658401e-04	2.92713146e-03	3.92126215e-02	1.92686523e-02	1.99439691e-02
261             	-3.44908495e-04	2.92491296e-03	3.91937255e-02	1.92519542e-02	1.99417712e-02
262             	-3.50961857e-04	2.92319532e-03	3.91774495e-02	1.92377629e-02	1.99396866e-02
263             	-3.57200842e-04	2.92130474e-03	3.91602329e-02	1.92229156e-02	1.99373173e-02
264             	-3.64015776e-04	2.91928549e-03	3.91416623e-02	1.92068154e-02	1.99348469e-02
265             	-3.70754200e-04	2.91719810e-03	3.91232797e-02	1.91908856e-02	1.99323940e-02
266             	-3.76688030e-04	2.91548513e-03	3.91065119e-02	1.91765679e-02	1.99299440e-02
267             	-3.83447694e-04	2.91343012e-03	3.90876166e-02	1.91603606e-02	1.99272560e-02
268             	-3.89046703e-04	2.91184186e-03	3.90712624e-02	1.91465845e-02	1.99246779e-02
269             	-3.95512540e-04	2.90984439e-03	3.90526664e-02	1.91308207e-02	1.99218457e-02
270             	-4.01775461e-04	2.90795031e-03	3.90343454e-02	1.91153972e-02	1.99189482e-02
271             	-4.07252053e-04	2.90639268e-03	3.90179603e-02	1.91017281e-02	1.99162322e-02
272             	-4.13336539e-04	2.90451953e-03	3.89995678e-02	1.90864474e-02	1.99131204e-02
273             	-4.19210027e-04	2.90275310e-03	3.89818393e-02	1.90717096e-02	1.99101297e-02
274             	-4.24727741e-04	2.90116137e-03	3.89646749e-02	1.90576097e-02	1.99070652e-02
275             	-4.31287548e-04	2.89904459e-03	3.89449679e-02	1.90411964e-02	1.99037715e-02
276             	-4.36408743e-04	2.89757021e-03	3.89288761e-02	1.90280293e-02	1.99008468e-02
277             	-4.41936842e-04	2.89591899e-03	3.89113496e-02	1.90137380e-02	1.98976117e-02
278             	-4.47781667e-04	2.89413150e-03	3.88928145e-02	1.89986256e-02	1.98941889e-02
279             	-4.53406520e-04	2.89241506e-03	3.88750329e-02	1.89841099e-02	1.98909230e-02
280             	-4.58677136e-04	2.89082055e-03	3.88576526e-02	1.89701492e-02	1.98875034e-02
281             	-4.64309538e-04	2.88906929e-03	3.88394748e-02	1.89554279e-02	1.98840469e-02
282             	-4.69598685e-04	2.88749666e-03	3.88219191e-02	1.89413609e-02	1.98805582e-02
283             	-4.74970106e-04	2.88579696e-03	3.88042445e-02	1.89271522e-02	1.98770924e-02
284             	-4.80773949e-04	2.88395784e-03	3.87852413e-02	1.89118467e-02	1.98733946e-02
285             	-4.86768906e-04	2.88203347e-03	3.87657458e-02	1.88961040e-02	1.98696418e-02
286             	-4.91797889e-04	2.88053925e-03	3.87486229e-02	1.88825136e-02	1.98661094e-02
287             	-4.96737814e-04	2.87907749e-03	3.87311033e-02	1.88688139e-02	1.98622895e-02
288             	-5.01943717e-04	2.87745835e-03	3.87130376e-02	1.88545751e-02	1.98584625e-02
289             	-5.07046997e-04	2.87590687e-03	3.86951117e-02	1.88405089e-02	1.98546029e-02
290             	-5.12153205e-04	2.87427177e-03	3.86773828e-02	1.88265382e-02	1.98508446e-02
291             	-5.17337965e-04	2.87263588e-03	3.86590924e-02	1.88122083e-02	1.98468842e-02
292             	-5.22981048e-04	2.87078966e-03	3.86396720e-02	1.87968549e-02	1.98428170e-02
293             	-5.27730660e-04	2.86935932e-03	3.86227607e-02	1.87836497e-02	1.98391110e-02
294             	-5.32820655e-04	2.86771023e-03	3.86044760e-02	1.87694174e-02	1.98350587e-02
295             	-5.37714351e-04	2.86614467e-03	3.85866041e-02	1.87555877e-02	1.98310164e-02
296             	-5.42635385e-04	2.86463306e-03	3.85687519e-02	1.87417406e-02	1.98270114e-02
297             	-5.47560521e-04	2.86303950e-03	3.85507932e-02	1.87278361e-02	1.98229571e-02
298             	-5.52475074e-04	2.86139029e-03	3.85326584e-02	1.87138541e-02	1.98188043e-02
299             	-5.57087127e-04	2.85996155e-03	3.85152176e-02	1.87005217e-02	1.98146959e-02
300             	-5.61436063e-04	2.85859497e-03	3.84981840e-02	1.86876559e-02	1.98105281e-02
301             	-5.65989326e-04	2.85716664e-03	3.84810637e-02	1.86745425e-02	1.98065212e-02
302             	-5.70432804e-04	2.85572621e-03	3.84635360e-02	1.86613352e-02	1.98022008e-02
303             	-5.74818322e-04	2.85435356e-03	3.84469589e-02	1.86486612e-02	1.97982978e-02
304             	-5.79370222e-04	2.85287241e-03	3.84289038e-02	1.86350817e-02	1.97938221e-02
305             	-5.84477741e-04	2.85108121e-03	3.84097299e-02	1.86203872e-02	1.97893427e-02
306             	-5.88995617e-04	2.84962761e-03	3.83924166e-02	1.86072127e-02	1.97852039e-02
307             	-5.92833077e-04	2.84848792e-03	3.83768086e-02	1.85955712e-02	1.97812374e-02
308             	-5.97159553e-04	2.84704838e-03	3.83591703e-02	1.85824256e-02	1.97767447e-02
309             	-6.01327428e-04	2.84570666e-03	3.83422666e-02	1.85698059e-02	1.97724607e-02
310             	-6.05668601e-04	2.84428368e-03	3.83249328e-02	1.85567978e-02	1.97681350e-02
311             	-6.09246034e-04	2.84325836e-03	3.83098660e-02	1.85456870e-02	1.97641790e-02
312             	-6.14039845e-04	2.84145958e-03	3.82907832e-02	1.85313518e-02	1.97594315e-02
313             	-6.17641330e-04	2.84043358e-03	3.82753342e-02	1.85200258e-02	1.97553084e-02
314             	-6.22161901e-04	2.83875130e-03	3.82574742e-02	1.85065752e-02	1.97508990e-02
315             	-6.25218208e-04	2.83796412e-03	3.82434940e-02	1.84965288e-02	1.97469652e-02
316             	-6.29680563e-04	2.83623812e-03	3.82250662e-02	1.84828525e-02	1.97422137e-02
317             	-6.33618909e-04	2.83493121e-03	3.82083179e-02	1.84705400e-02	1.97377779e-02
318             	-6.37136241e-04	2.83386362e-03	3.81928000e-02	1.84592638e-02	1.97335363e-02
319             	-6.40376175e-04	2.83289316e-03	3.81780676e-02	1.84486576e-02	1.97294100e-02
320             	-6.44023093e-04	2.83165332e-03	3.81618570e-02	1.84369054e-02	1.97249516e-02
321             	-6.47362780e-04	2.83061346e-03	3.81465735e-02	1.84259240e-02	1.97206495e-02
322             	-6.51063005e-04	2.82935781e-03	3.81305978e-02	1.84142359e-02	1.97163619e-02
323             	-6.54741118e-04	2.82807207e-03	3.81141939e-02	1.84023558e-02	1.97118381e-02
324             	-6.58472339e-04	2.82679055e-03	3.80982630e-02	1.83906592e-02	1.97076039e-02
325             	-6.61270181e-04	2.82595310e-03	3.80840681e-02	1.83807639e-02	1.97033043e-02
326             	-6.64895839e-04	2.82471615e-03	3.80681787e-02	1.83691935e-02	1.96989852e-02
327             	-6.67812566e-04	2.82377701e-03	3.80538355e-02	1.83591052e-02	1.96947303e-02
328             	-6.71926014e-04	2.82229211e-03	3.80368388e-02	1.83464934e-02	1.96903454e-02
329             	-6.73274812e-04	2.82223925e-03	3.80266749e-02	1.83400626e-02	1.96866123e-02
330             	-6.77919321e-04	2.82023964e-03	3.80073777e-02	1.83257695e-02	1.96816082e-02
331             	-6.81685986e-04	2.81891461e-03	3.79912504e-02	1.83139392e-02	1.96773112e-02
332             	-6.84866244e-04	2.81787376e-03	3.79763914e-02	1.83033295e-02	1.96730619e-02
333             	-6.87136269e-04	2.81727548e-03	3.79638066e-02	1.82947670e-02	1.96690395e-02
334             	-6.90382806e-04	2.81614040e-03	3.79486751e-02	1.82839548e-02	1.96647204e-02
335             	-6.93076852e-04	2.81529118e-03	3.79349603e-02	1.82744033e-02	1.96605570e-02
336             	-6.96341843e-04	2.81412983e-03	3.79199518e-02	1.82636340e-02	1.96563177e-02
337             	-6.99084769e-04	2.81324041e-03	3.79063722e-02	1.82541013e-02	1.96522709e-02
338             	-7.02248522e-04	2.81214291e-03	3.78912359e-02	1.82433694e-02	1.96478665e-02
339             	-7.05361604e-04	2.81107146e-03	3.78765763e-02	1.82329265e-02	1.96436497e-02
340             	-7.08087612e-04	2.81018171e-03	3.78631317e-02	1.82234782e-02	1.96396534e-02
341             	-7.11036322e-04	2.80916209e-03	3.78489414e-02	1.82134344e-02	1.96355070e-02
342             	-7.14222506e-04	2.80799792e-03	3.78338559e-02	1.82027054e-02	1.96311504e-02
343             	-7.16487133e-04	2.80741725e-03	3.78218188e-02	1.81944222e-02	1.96273965e-02
344             	-7.19955808e-04	2.80599689e-03	3.78057958e-02	1.81829421e-02	1.96228537e-02
345             	-7.22664113e-04	2.80511795e-03	3.77922615e-02	1.81734666e-02	1.96187949e-02
346             	-7.25473211e-04	2.80416030e-03	3.77790523e-02	1.81640529e-02	1.96149993e-02
347             	-7.27599592e-04	2.80347534e-03	3.77665252e-02	1.81556630e-02	1.96108622e-02
348             	-7.31112028e-04	2.80212939e-03	3.77504257e-02	1.81441008e-02	1.96063249e-02
349             	-7.33446726e-04	2.80136368e-03	3.77381541e-02	1.81356303e-02	1.96025238e-02
350             	-7.36092875e-04	2.80050400e-03	3.77250435e-02	1.81264289e-02	1.95986146e-02
351             	-7.37637857e-04	2.80018611e-03	3.77146964e-02	1.81197104e-02	1.95949861e-02
352             	-7.41106270e-04	2.79872199e-03	3.76985802e-02	1.81081838e-02	1.95903964e-02
353             	-7.43737946e-04	2.79784053e-03	3.76852893e-02	1.80989067e-02	1.95863826e-02
354             	-7.45765094e-04	2.79725680e-03	3.76741055e-02	1.80912877e-02	1.95828178e-02
355             	-7.48562733e-04	2.79617633e-03	3.76600456e-02	1.80814601e-02	1.95785856e-02
356             	-7.51305733e-04	2.79522373e-03	3.76466804e-02	1.80720345e-02	1.95746459e-02
357             	-7.53555795e-04	2.79449843e-03	3.76343269e-02	1.80636076e-02	1.95707192e-02
358             	-7.56379340e-04	2.79347821e-03	3.76210726e-02	1.80541570e-02	1.95669156e-02
359             	-7.58039319e-04	2.79302212e-03	3.76099784e-02	1.80469499e-02	1.95630285e-02
360             	-7.61181494e-04	2.79181810e-03	3.75954620e-02	1.80365495e-02	1.95589125e-02
361             	-7.62886895e-04	2.79134386e-03	3.75847196e-02	1.80294729e-02	1.95552467e-02
362             	-7.65963862e-04	2.79019229e-03	3.75706613e-02	1.80193668e-02	1.95512945e-02
363             	-7.68032590e-04	2.78951313e-03	3.75587168e-02	1.80113258e-02	1.95473910e-02
364             	-7.71529425e-04	2.78814467e-03	3.75442607e-02	1.80006009e-02	1.95436598e-02
365             	-7.72197068e-04	2.78831469e-03	3.75363159e-02	1.79959609e-02	1.95403550e-02
366             	-7.76026633e-04	2.78653277e-03	3.75198030e-02	1.79838749e-02	1.95359281e-02
367             	-7.79204434e-04	2.78539387e-03	3.75063001e-02	1.79739456e-02	1.95323545e-02
368             	-7.79615539e-04	2.78565362e-03	3.74996058e-02	1.79701874e-02	1.95294185e-02
369             	-7.83618002e-04	2.78378566e-03	3.74816951e-02	1.79572295e-02	1.95244656e-02
370             	-7.86361033e-04	2.78289832e-03	3.74693449e-02	1.79483114e-02	1.95210335e-02
371             	-7.87562723e-04	2.78267228e-03	3.74601834e-02	1.79425290e-02	1.95176544e-02
372             	-7.90097205e-04	2.78165012e-03	3.74469672e-02	1.79333864e-02	1.95135808e-02
373             	-7.92699478e-04	2.78076778e-03	3.74344330e-02	1.79245170e-02	1.95099160e-02
374             	-7.94658750e-04	2.78012681e-03	3.74231946e-02	1.79169385e-02	1.95062560e-02
375             	-7.97325415e-04	2.77917980e-03	3.74103074e-02	1.79078283e-02	1.95024791e-02
376             	-7.99307377e-04	2.77852293e-03	3.73990916e-02	1.79002384e-02	1.94988532e-02
377             	-8.01477083e-04	2.77781523e-03	3.73874207e-02	1.78922333e-02	1.94951875e-02
378             	-8.03833796e-04	2.77694957e-03	3.73753667e-02	1.78838495e-02	1.94915171e-02
379             	-8.06403403e-04	2.77603227e-03	3.73632584e-02	1.78752258e-02	1.94880326e-02
380             	-8.08616319e-04	2.77525562e-03	3.73512424e-02	1.78670049e-02	1.94842375e-02
381             	-8.11086904e-04	2.77440655e-03	3.73391347e-02	1.78584804e-02	1.94806543e-02
382             	-8.13155830e-04	2.77365945e-03	3.73279447e-02	1.78508165e-02	1.94771282e-02
383             	-8.15779507e-04	2.77271131e-03	3.73153435e-02	1.78418922e-02	1.94734513e-02
384             	-8.17810541e-04	2.77202184e-03	3.73044092e-02	1.78343940e-02	1.94700151e-02
385             	-8.20188531e-04	2.77119201e-03	3.72925544e-02	1.78260887e-02	1.94664658e-02
386             	-8.22388649e-04	2.77040982e-03	3.72808704e-02	1.78180465e-02	1.94628238e-02
387             	-8.25068842e-04	2.76942972e-03	3.72688546e-02	1.78093585e-02	1.94594961e-02
388             	-8.26814098e-04	2.76889855e-03	3.72582081e-02	1.78022900e-02	1.94559181e-02
389             	-8.29155835e-04	2.76811722e-03	3.72469823e-02	1.77943353e-02	1.94526470e-02
390             	-8.31492474e-04	2.76725150e-03	3.72354127e-02	1.77862139e-02	1.94491988e-02
391             	-8.33776189e-04	2.76641715e-03	3.72237945e-02	1.77781211e-02	1.94456735e-02
392             	-8.36493318e-04	2.76536820e-03	3.72108892e-02	1.77689513e-02	1.94419379e-02
393             	-8.38772919e-04	2.76455947e-03	3.71989555e-02	1.77607048e-02	1.94382506e-02
394             	-8.41350022e-04	2.76362369e-03	3.71874176e-02	1.77523588e-02	1.94350588e-02
395             	-8.42437651e-04	2.76348530e-03	3.71789469e-02	1.77470358e-02	1.94319111e-02
396             	-8.45361627e-04	2.76227144e-03	3.71657138e-02	1.77374953e-02	1.94282185e-02
397             	-8.47305258e-04	2.76176307e-03	3.71549988e-02	1.77301941e-02	1.94248047e-02
398             	-8.50343477e-04	2.76044149e-03	3.71412037e-02	1.77202583e-02	1.94209453e-02
399             	-8.52898685e-04	2.75957767e-03	3.71295570e-02	1.77118798e-02	1.94176772e-02
400             	-8.54097139e-04	2.75937149e-03	3.71214491e-02	1.77066274e-02	1.94148217e-02
401             	-8.56397272e-04	2.75848651e-03	3.71097595e-02	1.76984825e-02	1.94112770e-02
402             	-8.59686142e-04	2.75718477e-03	3.70958576e-02	1.76882426e-02	1.94076149e-02
403             	-8.61119613e-04	2.75689135e-03	3.70863600e-02	1.76820604e-02	1.94042996e-02
404             	-8.64277368e-04	2.75547028e-03	3.70725860e-02	1.76720156e-02	1.94005704e-02
405             	-8.65700678e-04	2.75522920e-03	3.70634937e-02	1.76660462e-02	1.93974475e-02
406             	-8.68273191e-04	2.75413505e-03	3.70509872e-02	1.76572204e-02	1.93937668e-02
407             	-8.70210326e-04	2.75358545e-03	3.70406255e-02	1.76501024e-02	1.93905231e-02
408             	-8.72091326e-04	2.75296107e-03	3.70303819e-02	1.76430996e-02	1.93872823e-02
409             	-8.74464290e-04	2.75214549e-03	3.70192845e-02	1.76351780e-02	1.93841066e-02
410             	-8.76514636e-04	2.75144869e-03	3.70082271e-02	1.76275989e-02	1.93806282e-02
411             	-8.78766977e-04	2.75066041e-03	3.69969842e-02	1.76197251e-02	1.93772591e-02
412             	-8.81681003e-04	2.74953874e-03	3.69844676e-02	1.76105528e-02	1.93739148e-02
413             	-8.82512236e-04	2.74950924e-03	3.69769794e-02	1.76059775e-02	1.93710019e-02
414             	-8.85055190e-04	2.74841224e-03	3.69645227e-02	1.75972061e-02	1.93673165e-02
415             	-8.87420348e-04	2.74759745e-03	3.69531941e-02	1.75891767e-02	1.93640174e-02
416             	-8.89472411e-04	2.74690873e-03	3.69423929e-02	1.75817241e-02	1.93606689e-02
417             	-8.91203107e-04	2.74640116e-03	3.69326687e-02	1.75751312e-02	1.93575374e-02
418             	-8.93145982e-04	2.74572634e-03	3.69222248e-02	1.75679664e-02	1.93542584e-02
419             	-8.95095288e-04	2.74508817e-03	3.69119658e-02	1.75608876e-02	1.93510782e-02
420             	-8.97338323e-04	2.74427930e-03	3.69006526e-02	1.75529880e-02	1.93476646e-02
421             	-8.99704526e-04	2.74345064e-03	3.68898894e-02	1.75452402e-02	1.93446492e-02
422             	-9.01679191e-04	2.74278123e-03	3.68793450e-02	1.75379933e-02	1.93413517e-02
423             	-9.03907037e-04	2.74200406e-03	3.68683192e-02	1.75302526e-02	1.93380666e-02
424             	-9.06297796e-04	2.74110813e-03	3.68569820e-02	1.75221932e-02	1.93347888e-02
425             	-9.07638763e-04	2.74082930e-03	3.68487104e-02	1.75167165e-02	1.93319940e-02
426             	-9.10326535e-04	2.73972689e-03	3.68367552e-02	1.75080511e-02	1.93287041e-02
427             	-9.12029424e-04	2.73920970e-03	3.68267488e-02	1.75013450e-02	1.93254038e-02
428             	-9.14143814e-04	2.73850415e-03	3.68163846e-02	1.74940485e-02	1.93223361e-02
429             	-9.16147412e-04	2.73781828e-03	3.68061745e-02	1.74869398e-02	1.93192347e-02
430             	-9.18191908e-04	2.73710289e-03	3.67957610e-02	1.74796886e-02	1.93160724e-02
431             	-9.20427327e-04	2.73625991e-03	3.67846098e-02	1.74718776e-02	1.93127322e-02
432             	-9.22490550e-04	2.73561736e-03	3.67743097e-02	1.74646643e-02	1.93096454e-02
433             	-9.24340248e-04	2.73498985e-03	3.67646068e-02	1.74579631e-02	1.93066436e-02
434             	-9.25913226e-04	2.73455404e-03	3.67557118e-02	1.74519427e-02	1.93037692e-02
435             	-9.28547625e-04	2.73347111e-03	3.67432772e-02	1.74430910e-02	1.93001862e-02
436             	-9.30916909e-04	2.73265193e-03	3.67323789e-02	1.74352725e-02	1.92971063e-02
437             	-9.32758713e-04	2.73203843e-03	3.67226208e-02	1.74285517e-02	1.92940691e-02
438             	-9.34501828e-04	2.73150150e-03	3.67129878e-02	1.74219921e-02	1.92909957e-02
439             	-9.36273339e-04	2.73096495e-03	3.67033388e-02	1.74153960e-02	1.92879427e-02
440             	-9.38245457e-04	2.73028368e-03	3.66931230e-02	1.74083160e-02	1.92848070e-02
441             	-9.40099864e-04	2.72969912e-03	3.66833386e-02	1.74015695e-02	1.92817692e-02
442             	-9.42040665e-04	2.72907244e-03	3.66736150e-02	1.73947668e-02	1.92788482e-02
443             	-9.44345416e-04	2.72819174e-03	3.66624807e-02	1.73868949e-02	1.92755858e-02
444             	-9.46395422e-04	2.72749388e-03	3.66522205e-02	1.73797148e-02	1.92725057e-02
445             	-9.48496356e-04	2.72676596e-03	3.66419217e-02	1.73724645e-02	1.92694572e-02
446             	-9.50301316e-04	2.72622192e-03	3.66326259e-02	1.73660116e-02	1.92666143e-02
447             	-9.52120690e-04	2.72558304e-03	3.66226772e-02	1.73592179e-02	1.92634593e-02
448             	-9.54305685e-04	2.72481575e-03	3.66124517e-02	1.73519202e-02	1.92605315e-02
449             	-9.55733192e-04	2.72445039e-03	3.66039330e-02	1.73462333e-02	1.92576997e-02
450             	-9.58265932e-04	2.72345352e-03	3.65920029e-02	1.73377355e-02	1.92542674e-02
451             	-9.60131673e-04	2.72286622e-03	3.65824452e-02	1.73310909e-02	1.92513543e-02
452             	-9.62023226e-04	2.72227284e-03	3.65729861e-02	1.73244698e-02	1.92485163e-02
453             	-9.63150703e-04	2.72200459e-03	3.65658369e-02	1.73197677e-02	1.92460691e-02
454             	-9.65931805e-04	2.72088805e-03	3.65524619e-02	1.73102992e-02	1.92421628e-02
455             	-9.68158440e-04	2.72013919e-03	3.65422483e-02	1.73029657e-02	1.92392826e-02
456             	-9.69967667e-04	2.71953631e-03	3.65327211e-02	1.72963929e-02	1.92363282e-02
457             	-9.71890481e-04	2.71890226e-03	3.65232402e-02	1.72897296e-02	1.92335106e-02
458             	-9.73684000e-04	2.71836843e-03	3.65140652e-02	1.72833486e-02	1.92307166e-02
459             	-9.75165851e-04	2.71792586e-03	3.65055052e-02	1.72775867e-02	1.92279185e-02
460             	-9.77836008e-04	2.71688381e-03	3.64933743e-02	1.72688511e-02	1.92245231e-02
461             	-9.80026713e-04	2.71613413e-03	3.64828372e-02	1.72613919e-02	1.92214453e-02
462             	-9.81413804e-04	2.71580204e-03	3.64749010e-02	1.72560367e-02	1.92188643e-02
463             	-9.83344720e-04	2.71510959e-03	3.64651960e-02	1.72492533e-02	1.92159427e-02
464             	-9.85489898e-04	2.71432691e-03	3.64545659e-02	1.72417931e-02	1.92127729e-02
465             	-9.87738577e-04	2.71355477e-03	3.64437641e-02	1.72341435e-02	1.92096206e-02
466             	-9.89090406e-04	2.71323655e-03	3.64360748e-02	1.72289470e-02	1.92071278e-02
467             	-9.90996411e-04	2.71256440e-03	3.64264120e-02	1.72222096e-02	1.92042024e-02
468             	-9.93333318e-04	2.71169620e-03	3.64155745e-02	1.72144539e-02	1.92011206e-02
469             	-9.95159496e-04	2.71115497e-03	3.64062912e-02	1.72079861e-02	1.91983051e-02
470             	-9.97131725e-04	2.71044251e-03	3.63966164e-02	1.72011765e-02	1.91954399e-02
471             	-9.98631723e-04	2.71000024e-03	3.63881597e-02	1.71954481e-02	1.91927116e-02
472             	-1.00082596e-03	2.70916908e-03	3.63771166e-02	1.71877323e-02	1.91893842e-02
473             	-1.00266727e-03	2.70858712e-03	3.63677358e-02	1.71812006e-02	1.91865352e-02
474             	-1.00431603e-03	2.70808885e-03	3.63588867e-02	1.71751273e-02	1.91837594e-02
475             	-1.00610806e-03	2.70750911e-03	3.63494686e-02	1.71686262e-02	1.91808423e-02
476             	-1.00772922e-03	2.70705000e-03	3.63409378e-02	1.71627397e-02	1.91781981e-02
477             	-1.00953624e-03	2.70644500e-03	3.63315746e-02	1.71562510e-02	1.91753235e-02
478             	-1.01173742e-03	2.70562603e-03	3.63212104e-02	1.71488678e-02	1.91723426e-02
479             	-1.01346158e-03	2.70510844e-03	3.63122762e-02	1.71426765e-02	1.91695997e-02
480             	-1.01544111e-03	2.70442373e-03	3.63027010e-02	1.71359094e-02	1.91667916e-02
481             	-1.01727615e-03	2.70379162e-03	3.62935852e-02	1.71295164e-02	1.91640687e-02
482             	-1.01922878e-03	2.70309672e-03	3.62835435e-02	1.71225430e-02	1.91610005e-02
483             	-1.02128489e-03	2.70241111e-03	3.62734961e-02	1.71154632e-02	1.91580330e-02
484             	-1.02261069e-03	2.70210953e-03	3.62658922e-02	1.71103354e-02	1.91555568e-02
485             	-1.02448406e-03	2.70143433e-03	3.62565782e-02	1.71038050e-02	1.91527731e-02
486             	-1.02613191e-03	2.70093825e-03	3.62479689e-02	1.70978525e-02	1.91501164e-02
487             	-1.02813450e-03	2.70023298e-03	3.62380485e-02	1.70908897e-02	1.91471587e-02
488             	-1.03031251e-03	2.69943920e-03	3.62278994e-02	1.70836372e-02	1.91442622e-02
489             	-1.03189214e-03	2.69899859e-03	3.62194484e-02	1.70778321e-02	1.91416164e-02
490             	-1.03375581e-03	2.69836993e-03	3.62101650e-02	1.70713267e-02	1.91388383e-02
491             	-1.03555577e-03	2.69774366e-03	3.62012662e-02	1.70650773e-02	1.91361889e-02
492             	-1.03746422e-03	2.69707700e-03	3.61914021e-02	1.70582368e-02	1.91331653e-02
493             	-1.03934544e-03	2.69646808e-03	3.61820031e-02	1.70516561e-02	1.91303470e-02
494             	-1.04073666e-03	2.69613118e-03	3.61741489e-02	1.70463378e-02	1.91278111e-02
495             	-1.04208385e-03	2.69572170e-03	3.61665151e-02	1.70411737e-02	1.91253414e-02
496             	-1.04432820e-03	2.69486086e-03	3.61556199e-02	1.70334818e-02	1.91221382e-02
497             	-1.04648784e-03	2.69411617e-03	3.61456427e-02	1.70263335e-02	1.91193092e-02
498             	-1.04769390e-03	2.69383222e-03	3.61386604e-02	1.70216363e-02	1.91170241e-02
499             	-1.04941097e-03	2.69325118e-03	3.61297706e-02	1.70154743e-02	1.91142963e-02
500             	-1.05141740e-03	2.69253041e-03	3.61200429e-02	1.70086040e-02	1.91114388e-02
501             	-1.05296851e-03	2.69208333e-03	3.61119007e-02	1.70029818e-02	1.91089189e-02
502             	-1.05455604e-03	2.69158194e-03	3.61034982e-02	1.69971931e-02	1.91063051e-02
503             	-1.05610033e-03	2.69110679e-03	3.60954119e-02	1.69916056e-02	1.91038063e-02
504             	-1.05818186e-03	2.69029823e-03	3.60850976e-02	1.69843669e-02	1.91007307e-02
505             	-1.05991541e-03	2.68977734e-03	3.60764789e-02	1.69783240e-02	1.90981549e-02
506             	-1.06122572e-03	2.68942836e-03	3.60688712e-02	1.69732099e-02	1.90956613e-02
507             	-1.06275178e-03	2.68892425e-03	3.60607016e-02	1.69675990e-02	1.90931026e-02
508             	-1.06493781e-03	2.68809190e-03	3.60505548e-02	1.69603396e-02	1.90902152e-02
509             	-1.06629613e-03	2.68774433e-03	3.60430151e-02	1.69552114e-02	1.90878037e-02
510             	-1.06818955e-03	2.68706942e-03	3.60338978e-02	1.69487593e-02	1.90851384e-02
511             	-1.06910637e-03	2.68696325e-03	3.60275187e-02	1.69446530e-02	1.90828657e-02
512             	-1.07140630e-03	2.68600898e-03	3.60167582e-02	1.69369728e-02	1.90797854e-02
513             	-1.07310191e-03	2.68549351e-03	3.60084739e-02	1.69311350e-02	1.90773389e-02
514             	-1.07427819e-03	2.68519210e-03	3.60012933e-02	1.69263685e-02	1.90749249e-02
515             	-1.07577137e-03	2.68471586e-03	3.59934355e-02	1.69209464e-02	1.90724891e-02
516             	-1.07777957e-03	2.68394656e-03	3.59834844e-02	1.69139626e-02	1.90695217e-02
517             	-1.07945303e-03	2.68344027e-03	3.59752418e-02	1.69081679e-02	1.90670739e-02
518             	-1.08022035e-03	2.68335238e-03	3.59695214e-02	1.69045404e-02	1.90649811e-02
519             	-1.08232301e-03	2.68250413e-03	3.59592771e-02	1.68973155e-02	1.90619616e-02
520             	-1.08398698e-03	2.68196661e-03	3.59508732e-02	1.68914496e-02	1.90594236e-02
521             	-1.08529624e-03	2.68161765e-03	3.59437389e-02	1.68865732e-02	1.90571657e-02
522             	-1.08663053e-03	2.68123595e-03	3.59362254e-02	1.68814822e-02	1.90547432e-02
523             	-1.08827054e-03	2.68067314e-03	3.59279178e-02	1.68756884e-02	1.90522295e-02
524             	-1.09000544e-03	2.68005642e-03	3.59191223e-02	1.68695557e-02	1.90495666e-02
525             	-1.09142847e-03	2.67964727e-03	3.59118534e-02	1.68644982e-02	1.90473552e-02
526             	-1.09312468e-03	2.67905395e-03	3.59037088e-02	1.68587297e-02	1.90449791e-02
527             	-1.09429416e-03	2.67876941e-03	3.58965573e-02	1.68539845e-02	1.90425728e-02
528             	-1.09621513e-03	2.67801147e-03	3.58873489e-02	1.68474593e-02	1.90398896e-02
529             	-1.09765513e-03	2.67758739e-03	3.58800783e-02	1.68423840e-02	1.90376943e-02
530             	-1.09854803e-03	2.67744563e-03	3.58739539e-02	1.68384289e-02	1.90355250e-02
531             	-1.10035528e-03	2.67673747e-03	3.58649555e-02	1.68321224e-02	1.90328330e-02
532             	-1.10201996e-03	2.67615062e-03	3.58565377e-02	1.68262489e-02	1.90302888e-02
533             	-1.10350051e-03	2.67571559e-03	3.58491802e-02	1.68210896e-02	1.90280906e-02
534             	-1.10424891e-03	2.67561708e-03	3.58437810e-02	1.68176416e-02	1.90261394e-02
535             	-1.10626181e-03	2.67481484e-03	3.58340777e-02	1.68107770e-02	1.90233006e-02
536             	-1.10788948e-03	2.67428517e-03	3.58260402e-02	1.68051306e-02	1.90209096e-02
537             	-1.10916047e-03	2.67393835e-03	3.58191871e-02	1.68004331e-02	1.90187540e-02
538             	-1.11055818e-03	2.67350485e-03	3.58118533e-02	1.67953685e-02	1.90164848e-02
539             	-1.11189953e-03	2.67309416e-03	3.58048218e-02	1.67905113e-02	1.90143104e-02
540             	-1.11380211e-03	2.67237181e-03	3.57958774e-02	1.67841366e-02	1.90117408e-02
541             	-1.11514172e-03	2.67199343e-03	3.57886610e-02	1.67791888e-02	1.90094722e-02
542             	-1.11669585e-03	2.67144203e-03	3.57808935e-02	1.67737509e-02	1.90071426e-02
543             	-1.11779468e-03	2.67116431e-03	3.57745844e-02	1.67694975e-02	1.90050869e-02
544             	-1.11938872e-03	2.67056005e-03	3.57662017e-02	1.67637121e-02	1.90024896e-02
545             	-1.12086884e-03	2.67012585e-03	3.57587043e-02	1.67584833e-02	1.90002210e-02
546             	-1.12159516e-03	2.67001812e-03	3.57534693e-02	1.67551395e-02	1.89983298e-02
547             	-1.12339156e-03	2.66933875e-03	3.57447367e-02	1.67489768e-02	1.89957599e-02
548             	-1.12497164e-03	2.66877645e-03	3.57368041e-02	1.67434304e-02	1.89933737e-02
549             	-1.12615808e-03	2.66846156e-03	3.57304189e-02	1.67390514e-02	1.89913675e-02
550             	-1.12709320e-03	2.66827271e-03	3.57244729e-02	1.67351433e-02	1.89893297e-02
551             	-1.12875595e-03	2.66765822e-03	3.57161128e-02	1.67293004e-02	1.89868123e-02
552             	-1.13019492e-03	2.66719824e-03	3.57087447e-02	1.67241774e-02	1.89845673e-02
553             	-1.13175341e-03	2.66665140e-03	3.57011876e-02	1.67188404e-02	1.89823472e-02
554             	-1.13268768e-03	2.66644971e-03	3.56956486e-02	1.67151366e-02	1.89805120e-02
555             	-1.13432124e-03	2.66585034e-03	3.56875100e-02	1.67094337e-02	1.89780762e-02
556             	-1.13607778e-03	2.66520769e-03	3.56794389e-02	1.67036417e-02	1.89757972e-02
557             	-1.13704606e-03	2.66500778e-03	3.56734497e-02	1.66996788e-02	1.89737709e-02
558             	-1.13837319e-03	2.66457111e-03	3.56664643e-02	1.66948590e-02	1.89716053e-02
559             	-1.13964589e-03	2.66418239e-03	3.56599422e-02	1.66903252e-02	1.89696170e-02
560             	-1.14116798e-03	2.66363207e-03	3.56520038e-02	1.66848339e-02	1.89671699e-02
561             	-1.14255589e-03	2.66321849e-03	3.56448979e-02	1.66798930e-02	1.89650048e-02
562             	-1.14362531e-03	2.66291496e-03	3.56386160e-02	1.66756827e-02	1.89629333e-02
563             	-1.14489678e-03	2.66249311e-03	3.56320168e-02	1.66711116e-02	1.89609052e-02
564             	-1.14610173e-03	2.66214778e-03	3.56252125e-02	1.66665045e-02	1.89587080e-02
565             	-1.14771186e-03	2.66155537e-03	3.56173044e-02	1.66609404e-02	1.89563641e-02
566             	-1.14878361e-03	2.66129695e-03	3.56113091e-02	1.66568709e-02	1.89544382e-02
567             	-1.14981976e-03	2.66098391e-03	3.56055045e-02	1.66529325e-02	1.89525720e-02
568             	-1.15118066e-03	2.66055839e-03	3.55981991e-02	1.66479189e-02	1.89502802e-02
569             	-1.15242338e-03	2.66015243e-03	3.55916594e-02	1.66434063e-02	1.89482531e-02
570             	-1.15384354e-03	2.65967800e-03	3.55843657e-02	1.66383393e-02	1.89460264e-02
571             	-1.15503740e-03	2.65928925e-03	3.55782007e-02	1.66340629e-02	1.89441377e-02
572             	-1.15606463e-03	2.65902922e-03	3.55721545e-02	1.66300126e-02	1.89421419e-02
573             	-1.15763535e-03	2.65842424e-03	3.55642583e-02	1.66244938e-02	1.89397645e-02
574             	-1.15885459e-03	2.65805577e-03	3.55578608e-02	1.66200758e-02	1.89377850e-02
575             	-1.15988924e-03	2.65775103e-03	3.55522956e-02	1.66162586e-02	1.89360370e-02
576             	-1.16096678e-03	2.65746020e-03	3.55462783e-02	1.66121724e-02	1.89341059e-02
577             	-1.16247228e-03	2.65690750e-03	3.55386894e-02	1.66068724e-02	1.89318170e-02
578             	-1.16399436e-03	2.65637828e-03	3.55315497e-02	1.66017805e-02	1.89297692e-02
579             	-1.16493455e-03	2.65613658e-03	3.55259613e-02	1.65980461e-02	1.89279152e-02
580             	-1.16605589e-03	2.65577784e-03	3.55198377e-02	1.65938630e-02	1.89259747e-02
581             	-1.16714748e-03	2.65547173e-03	3.55139982e-02	1.65898516e-02	1.89241466e-02
582             	-1.16842085e-03	2.65504165e-03	3.55071576e-02	1.65851580e-02	1.89219997e-02
583             	-1.16952057e-03	2.65471346e-03	3.55013068e-02	1.65811328e-02	1.89201740e-02
584             	-1.17049492e-03	2.65446270e-03	3.54954649e-02	1.65772375e-02	1.89182274e-02
585             	-1.17213660e-03	2.65380368e-03	3.54873855e-02	1.65715561e-02	1.89158293e-02
586             	-1.17328297e-03	2.65348368e-03	3.54814963e-02	1.65674652e-02	1.89140311e-02
587             	-1.17416029e-03	2.65324296e-03	3.54764115e-02	1.65640455e-02	1.89123660e-02
588             	-1.17552239e-03	2.65278809e-03	3.54696000e-02	1.65592776e-02	1.89103224e-02
589             	-1.17658117e-03	2.65248127e-03	3.54635934e-02	1.65552155e-02	1.89083778e-02
590             	-1.17791403e-03	2.65200754e-03	3.54570034e-02	1.65505877e-02	1.89064157e-02
591             	-1.17895030e-03	2.65171521e-03	3.54515550e-02	1.65468272e-02	1.89047278e-02
592             	-1.18004880e-03	2.65137256e-03	3.54453059e-02	1.65426041e-02	1.89027017e-02
593             	-1.18146618e-03	2.65085291e-03	3.54381627e-02	1.65376152e-02	1.89005475e-02
594             	-1.18232455e-03	2.65066330e-03	3.54330256e-02	1.65341882e-02	1.88988373e-02
595             	-1.18317842e-03	2.65042227e-03	3.54280563e-02	1.65308497e-02	1.88972066e-02
596             	-1.18420374e-03	2.65014036e-03	3.54223276e-02	1.65269601e-02	1.88953676e-02
597             	-1.18570347e-03	2.64955132e-03	3.54147985e-02	1.65216958e-02	1.88931027e-02
598             	-1.18688388e-03	2.64920248e-03	3.54088320e-02	1.65175321e-02	1.88912999e-02
599             	-1.18775409e-03	2.64896363e-03	3.54036671e-02	1.65140795e-02	1.88895876e-02
600             	-1.18879124e-03	2.64862919e-03	3.53980668e-02	1.65102422e-02	1.88878247e-02
601             	-1.19013724e-03	2.64814968e-03	3.53913941e-02	1.65055598e-02	1.88858343e-02
602             	-1.19109427e-03	2.64790443e-03	3.53861999e-02	1.65020057e-02	1.88841942e-02
603             	-1.19184445e-03	2.64772533e-03	3.53815013e-02	1.64989062e-02	1.88825951e-02
604             	-1.19316852e-03	2.64726589e-03	3.53748613e-02	1.64942621e-02	1.88805992e-02
605             	-1.19414520e-03	2.64698275e-03	3.53692194e-02	1.64904645e-02	1.88787549e-02
606             	-1.19538006e-03	2.64653062e-03	3.53631021e-02	1.64861710e-02	1.88769311e-02
607             	-1.19644205e-03	2.64620175e-03	3.53575658e-02	1.64823408e-02	1.88752249e-02
608             	-1.19733040e-03	2.64595618e-03	3.53522696e-02	1.64788044e-02	1.88734652e-02
609             	-1.19856489e-03	2.64552260e-03	3.53459196e-02	1.64743949e-02	1.88715247e-02
610             	-1.19945830e-03	2.64530008e-03	3.53409470e-02	1.64710152e-02	1.88699318e-02
611             	-1.20035588e-03	2.64503053e-03	3.53358128e-02	1.64675505e-02	1.88682623e-02
612             	-1.20145153e-03	2.64469283e-03	3.53299162e-02	1.64635066e-02	1.88664096e-02
613             	-1.20248344e-03	2.64433760e-03	3.53243408e-02	1.64596870e-02	1.88646538e-02
614             	-1.20367068e-03	2.64396962e-03	3.53186100e-02	1.64556343e-02	1.88629757e-02
615             	-1.20446947e-03	2.64376479e-03	3.53137258e-02	1.64523934e-02	1.88613324e-02
616             	-1.20552279e-03	2.64340717e-03	3.53081925e-02	1.64485734e-02	1.88596190e-02
617             	-1.20682842e-03	2.64293810e-03	3.53017803e-02	1.64440617e-02	1.88577186e-02
618             	-1.20773282e-03	2.64270179e-03	3.52968819e-02	1.64407081e-02	1.88561738e-02
619             	-1.20859998e-03	2.64244683e-03	3.52918662e-02	1.64373331e-02	1.88545331e-02
620             	-1.20966456e-03	2.64211411e-03	3.52861637e-02	1.64334173e-02	1.88527464e-02
621             	-1.21072561e-03	2.64175705e-03	3.52804293e-02	1.64294891e-02	1.88509403e-02
622             	-1.21172233e-03	2.64146586e-03	3.52753330e-02	1.64259441e-02	1.88493888e-02
623             	-1.21278734e-03	2.64110773e-03	3.52697019e-02	1.64220636e-02	1.88476383e-02
624             	-1.21374840e-03	2.64082649e-03	3.52647278e-02	1.64186155e-02	1.88461123e-02
625             	-1.21452283e-03	2.64062840e-03	3.52599294e-02	1.64154419e-02	1.88444875e-02
626             	-1.21561713e-03	2.64023696e-03	3.52543884e-02	1.64115771e-02	1.88428114e-02
627             	-1.21684749e-03	2.63981129e-03	3.52482339e-02	1.64072695e-02	1.88409645e-02
628             	-1.21749816e-03	2.63969153e-03	3.52442858e-02	1.64046447e-02	1.88396410e-02
629             	-1.21854034e-03	2.63931856e-03	3.52385239e-02	1.64007216e-02	1.88378023e-02
630             	-1.21956890e-03	2.63900012e-03	3.52333648e-02	1.63971135e-02	1.88362513e-02
631             	-1.22024584e-03	2.63883177e-03	3.52290552e-02	1.63942818e-02	1.88347735e-02
632             	-1.22143112e-03	2.63843792e-03	3.52231150e-02	1.63901264e-02	1.88329886e-02
633             	-1.22263245e-03	2.63800412e-03	3.52171924e-02	1.63859637e-02	1.88312286e-02
634             	-1.22346211e-03	2.63778715e-03	3.52126799e-02	1.63828778e-02	1.88298021e-02
635             	-1.22433869e-03	2.63750659e-03	3.52077147e-02	1.63795187e-02	1.88281960e-02
636             	-1.22525676e-03	2.63723785e-03	3.52027845e-02	1.63761355e-02	1.88266490e-02
637             	-1.22614760e-03	2.63696556e-03	3.51977606e-02	1.63727327e-02	1.88250279e-02
638             	-1.22705636e-03	2.63669146e-03	3.51929810e-02	1.63694342e-02	1.88235469e-02
639             	-1.22807123e-03	2.63634992e-03	3.51876607e-02	1.63657591e-02	1.88219016e-02
640             	-1.22892269e-03	2.63611235e-03	3.51829703e-02	1.63625625e-02	1.88204078e-02
641             	-1.22985129e-03	2.63580924e-03	3.51777456e-02	1.63590215e-02	1.88187241e-02
642             	-1.23084622e-03	2.63549731e-03	3.51727458e-02	1.63555267e-02	1.88172191e-02
643             	-1.23169995e-03	2.63524104e-03	3.51679337e-02	1.63522669e-02	1.88156668e-02
644             	-1.23255007e-03	2.63498762e-03	3.51633612e-02	1.63491305e-02	1.88142307e-02
645             	-1.23361334e-03	2.63462115e-03	3.51578967e-02	1.63453350e-02	1.88125617e-02
646             	-1.23446104e-03	2.63438403e-03	3.51533494e-02	1.63422136e-02	1.88111357e-02
647             	-1.23536927e-03	2.63408847e-03	3.51483532e-02	1.63388074e-02	1.88095459e-02
648             	-1.23630747e-03	2.63380027e-03	3.51434863e-02	1.63354357e-02	1.88080506e-02
649             	-1.23715457e-03	2.63354386e-03	3.51387160e-02	1.63322034e-02	1.88065126e-02
650             	-1.23800972e-03	2.63328637e-03	3.51341929e-02	1.63290868e-02	1.88051062e-02
651             	-1.23899967e-03	2.63295368e-03	3.51290246e-02	1.63255126e-02	1.88035120e-02
652             	-1.23989311e-03	2.63269915e-03	3.51242513e-02	1.63222325e-02	1.88020187e-02
653             	-1.24074599e-03	2.63241714e-03	3.51195525e-02	1.63190303e-02	1.88005222e-02
654             	-1.24169771e-03	2.63212172e-03	3.51147115e-02	1.63156580e-02	1.87990535e-02
655             	-1.24253249e-03	2.63186962e-03	3.51100290e-02	1.63124820e-02	1.87975470e-02
656             	-1.24334396e-03	2.63163123e-03	3.51056712e-02	1.63094917e-02	1.87961796e-02
657             	-1.24433136e-03	2.63129999e-03	3.51005191e-02	1.63059282e-02	1.87945909e-02
658             	-1.24526286e-03	2.63102514e-03	3.50956852e-02	1.63025797e-02	1.87931055e-02
659             	-1.24612750e-03	2.63074814e-03	3.50909292e-02	1.62993371e-02	1.87915921e-02
660             	-1.24689739e-03	2.63052707e-03	3.50867632e-02	1.62964842e-02	1.87902790e-02
661             	-1.24792232e-03	2.63018368e-03	3.50813892e-02	1.62927723e-02	1.87886169e-02
662             	-1.24876055e-03	2.62992503e-03	3.50770931e-02	1.62897860e-02	1.87873071e-02
663             	-1.24954947e-03	2.62969274e-03	3.50725881e-02	1.62867446e-02	1.87858435e-02
664             	-1.25032165e-03	2.62946606e-03	3.50683544e-02	1.62838555e-02	1.87844988e-02
665             	-1.25124572e-03	2.62915927e-03	3.50634031e-02	1.62804558e-02	1.87829473e-02
666             	-1.25210016e-03	2.62891256e-03	3.50587910e-02	1.62772953e-02	1.87814957e-02
667             	-1.25289313e-03	2.62865968e-03	3.50542759e-02	1.62742448e-02	1.87800311e-02
668             	-1.25365698e-03	2.62844345e-03	3.50500618e-02	1.62713739e-02	1.87786879e-02
669             	-1.25446969e-03	2.62818123e-03	3.50455232e-02	1.62682919e-02	1.87772313e-02
670             	-1.25531954e-03	2.62792220e-03	3.50411702e-02	1.62652655e-02	1.87759046e-02
671             	-1.25609365e-03	2.62768213e-03	3.50367434e-02	1.62622781e-02	1.87744654e-02
672             	-1.25686855e-03	2.62745985e-03	3.50324813e-02	1.62593721e-02	1.87731092e-02
673             	-1.25768284e-03	2.62719625e-03	3.50279587e-02	1.62562965e-02	1.87716622e-02
674             	-1.25844480e-03	2.62696595e-03	3.50239050e-02	1.62535077e-02	1.87703973e-02
675             	-1.25918476e-03	2.62674804e-03	3.50196204e-02	1.62506255e-02	1.87689950e-02
676             	-1.25991268e-03	2.62653549e-03	3.50156147e-02	1.62478947e-02	1.87677200e-02
677             	-1.26086746e-03	2.62621554e-03	3.50105739e-02	1.62444195e-02	1.87661544e-02
678             	-1.26153206e-03	2.62603152e-03	3.50068054e-02	1.62418706e-02	1.87649348e-02
679             	-1.26227078e-03	2.62580897e-03	3.50025897e-02	1.62390241e-02	1.87635656e-02
680             	-1.26298136e-03	2.62560116e-03	3.49987098e-02	1.62363735e-02	1.87623362e-02
681             	-1.26391753e-03	2.62528960e-03	3.49937765e-02	1.62329707e-02	1.87608058e-02
682             	-1.26465968e-03	2.62506272e-03	3.49898878e-02	1.62302842e-02	1.87596036e-02
683             	-1.26538029e-03	2.62485110e-03	3.49857814e-02	1.62275104e-02	1.87582710e-02
684             	-1.26624241e-03	2.62456765e-03	3.49813378e-02	1.62244265e-02	1.87569113e-02
685             	-1.26690042e-03	2.62438156e-03	3.49775474e-02	1.62218733e-02	1.87556741e-02
686             	-1.26760866e-03	2.62418155e-03	3.49735328e-02	1.62191577e-02	1.87543750e-02
687             	-1.26838240e-03	2.62394038e-03	3.49692867e-02	1.62162609e-02	1.87530257e-02
688             	-1.26908827e-03	2.62373076e-03	3.49655075e-02	1.62136655e-02	1.87518420e-02
689             	-1.26999421e-03	2.62342837e-03	3.49607517e-02	1.62103817e-02	1.87503701e-02
690             	-1.27072047e-03	2.62320209e-03	3.49569501e-02	1.62077546e-02	1.87491955e-02
691             	-1.27142609e-03	2.62299284e-03	3.49529605e-02	1.62050542e-02	1.87479064e-02
692             	-1.27225198e-03	2.62272318e-03	3.49486921e-02	1.62020941e-02	1.87465980e-02
693             	-1.27288464e-03	2.62254603e-03	3.49450371e-02	1.61996339e-02	1.87454032e-02
694             	-1.27359398e-03	2.62234255e-03	3.49410719e-02	1.61969420e-02	1.87441299e-02
695             	-1.27434916e-03	2.62210920e-03	3.49369492e-02	1.61941254e-02	1.87428237e-02
696             	-1.27520810e-03	2.62182208e-03	3.49326324e-02	1.61911081e-02	1.87415243e-02
697             	-1.27593435e-03	2.62160521e-03	3.49286371e-02	1.61883842e-02	1.87402529e-02
698             	-1.27660066e-03	2.62139760e-03	3.49249540e-02	1.61858764e-02	1.87390777e-02
699             	-1.27727022e-03	2.62121604e-03	3.49211500e-02	1.61833048e-02	1.87378452e-02
700             	-1.27811337e-03	2.62093519e-03	3.49168962e-02	1.61803347e-02	1.87365615e-02
701             	-1.27885569e-03	2.62071197e-03	3.49128655e-02	1.61775771e-02	1.87352884e-02
702             	-1.27953705e-03	2.62049672e-03	3.49091441e-02	1.61750350e-02	1.87341091e-02
703             	-1.28021095e-03	2.62031034e-03	3.49053523e-02	1.61724652e-02	1.87328871e-02
704             	-1.28104249e-03	2.62003245e-03	3.49011555e-02	1.61695353e-02	1.87316202e-02
705             	-1.28172664e-03	2.61983637e-03	3.48972639e-02	1.61669053e-02	1.87303586e-02
706             	-1.28242671e-03	2.61961197e-03	3.48935114e-02	1.61643290e-02	1.87291824e-02
707             	-1.28312195e-03	2.61941415e-03	3.48896990e-02	1.61617275e-02	1.87279714e-02
708             	-1.28396184e-03	2.61913108e-03	3.48855113e-02	1.61587938e-02	1.87267175e-02
709             	-1.28464369e-03	2.61893499e-03	3.48816637e-02	1.61561881e-02	1.87254755e-02
710             	-1.28535797e-03	2.61870517e-03	3.48778987e-02	1.61535914e-02	1.87243073e-02
711             	-1.28600982e-03	2.61851878e-03	3.48742554e-02	1.61511179e-02	1.87231375e-02
712             	-1.28684642e-03	2.61824165e-03	3.48701131e-02	1.61482101e-02	1.87219030e-02
713             	-1.28752222e-03	2.61804751e-03	3.48663003e-02	1.61456279e-02	1.87206723e-02
714             	-1.28822248e-03	2.61782202e-03	3.48625736e-02	1.61430643e-02	1.87195093e-02
715             	-1.28885045e-03	2.61764410e-03	3.48590102e-02	1.61406547e-02	1.87183556e-02
716             	-1.28965471e-03	2.61737978e-03	3.48549686e-02	1.61378296e-02	1.87171390e-02
717             	-1.29030544e-03	2.61719500e-03	3.48512462e-02	1.61353176e-02	1.87159285e-02
718             	-1.29098929e-03	2.61697582e-03	3.48475782e-02	1.61327998e-02	1.87147784e-02
719             	-1.29160390e-03	2.61680226e-03	3.48440818e-02	1.61304370e-02	1.87136448e-02
720             	-1.29240989e-03	2.61653665e-03	3.48400178e-02	1.61275990e-02	1.87124188e-02
721             	-1.29301198e-03	2.61637159e-03	3.48365232e-02	1.61252496e-02	1.87112736e-02
722             	-1.29368754e-03	2.61615530e-03	3.48328851e-02	1.61227550e-02	1.87101301e-02
723             	-1.29429930e-03	2.61598132e-03	3.48294198e-02	1.61204106e-02	1.87090092e-02
724             	-1.29509221e-03	2.61572096e-03	3.48254128e-02	1.61176142e-02	1.87077986e-02
725             	-1.29568517e-03	2.61555814e-03	3.48219699e-02	1.61152998e-02	1.87066701e-02
726             	-1.29635118e-03	2.61534479e-03	3.48183742e-02	1.61128359e-02	1.87055383e-02
727             	-1.29691263e-03	2.61519373e-03	3.48150365e-02	1.61106056e-02	1.87044309e-02
728             	-1.29770258e-03	2.61493388e-03	3.48110666e-02	1.61078307e-02	1.87032359e-02
729             	-1.29830750e-03	2.61476262e-03	3.48076268e-02	1.61055059e-02	1.87021209e-02
730             	-1.29897789e-03	2.61454550e-03	3.48040477e-02	1.61030459e-02	1.87010017e-02
731             	-1.29953769e-03	2.61439289e-03	3.48007553e-02	1.61008400e-02	1.86999153e-02
732             	-1.30030858e-03	2.61414063e-03	3.47968698e-02	1.60981263e-02	1.86987435e-02
733             	-1.30086022e-03	2.61398487e-03	3.47936189e-02	1.60959492e-02	1.86976697e-02
734             	-1.30153199e-03	2.61377117e-03	3.47900693e-02	1.60935027e-02	1.86965666e-02
735             	-1.30210471e-03	2.61361191e-03	3.47867770e-02	1.60912838e-02	1.86954932e-02
736             	-1.30282537e-03	2.61337503e-03	3.47830732e-02	1.60887112e-02	1.86943620e-02
737             	-1.30338864e-03	2.61321707e-03	3.47798326e-02	1.60865276e-02	1.86933049e-02
738             	-1.30407126e-03	2.61299839e-03	3.47762752e-02	1.60840664e-02	1.86922089e-02
739             	-1.30465075e-03	2.61283452e-03	3.47729956e-02	1.60818471e-02	1.86911486e-02
740             	-1.30535905e-03	2.61260262e-03	3.47693517e-02	1.60793168e-02	1.86900349e-02
741             	-1.30591681e-03	2.61244531e-03	3.47661494e-02	1.60771579e-02	1.86889915e-02
742             	-1.30659116e-03	2.61222974e-03	3.47626305e-02	1.60747241e-02	1.86879064e-02
743             	-1.30716823e-03	2.61206516e-03	3.47593845e-02	1.60725240e-02	1.86868605e-02
744             	-1.30786278e-03	2.61183911e-03	3.47558029e-02	1.60700387e-02	1.86857642e-02
745             	-1.30841869e-03	2.61168110e-03	3.47526278e-02	1.60678952e-02	1.86847326e-02
746             	-1.30908801e-03	2.61146735e-03	3.47491390e-02	1.60654815e-02	1.86836575e-02
747             	-1.30966227e-03	2.61129801e-03	3.47459292e-02	1.60633023e-02	1.86826269e-02
748             	-1.31035029e-03	2.61108045e-03	3.47423797e-02	1.60608396e-02	1.86815401e-02
749             	-1.31090165e-03	2.61092296e-03	3.47392433e-02	1.60587200e-02	1.86805233e-02
750             	-1.31156639e-03	2.61071098e-03	3.47357814e-02	1.60563243e-02	1.86794571e-02
751             	-1.31214361e-03	2.61053885e-03	3.47325833e-02	1.60541480e-02	1.86784352e-02
752             	-1.31282195e-03	2.61032465e-03	3.47290799e-02	1.60517180e-02	1.86773619e-02
753             	-1.31337104e-03	2.61016273e-03	3.47259693e-02	1.60496136e-02	1.86763557e-02
754             	-1.31403644e-03	2.60995576e-03	3.47225120e-02	1.60472196e-02	1.86752924e-02
755             	-1.31461160e-03	2.60978344e-03	3.47193448e-02	1.60450608e-02	1.86742840e-02
756             	-1.31528093e-03	2.60957297e-03	3.47158841e-02	1.60426611e-02	1.86732230e-02
757             	-1.31583276e-03	2.60940866e-03	3.47127795e-02	1.60405570e-02	1.86722225e-02
758             	-1.31649447e-03	2.60920278e-03	3.47093455e-02	1.60381783e-02	1.86711672e-02
759             	-1.31707223e-03	2.60902839e-03	3.47061872e-02	1.60360214e-02	1.86701658e-02
760             	-1.31773382e-03	2.60882109e-03	3.47027635e-02	1.60336479e-02	1.86691156e-02
761             	-1.31828668e-03	2.60865565e-03	3.46996691e-02	1.60315479e-02	1.86681212e-02
762             	-1.31895071e-03	2.60844407e-03	3.46962317e-02	1.60291651e-02	1.86670666e-02
763             	-1.31952091e-03	2.60827733e-03	3.46931165e-02	1.60270373e-02	1.86660791e-02
764             	-1.32016956e-03	2.60807118e-03	3.46897366e-02	1.60246988e-02	1.86650379e-02
765             	-1.32070000e-03	2.60791899e-03	3.46867151e-02	1.60226576e-02	1.86640576e-02
766             	-1.32133067e-03	2.60772126e-03	3.46833759e-02	1.60203573e-02	1.86630186e-02
767             	-1.32188526e-03	2.60755946e-03	3.46803030e-02	1.60182662e-02	1.86620367e-02
768             	-1.32251865e-03	2.60735926e-03	3.46769725e-02	1.60159676e-02	1.86610049e-02
769             	-1.32305173e-03	2.60720511e-03	3.46739582e-02	1.60139274e-02	1.86600308e-02
770             	-1.32368243e-03	2.60700729e-03	3.46706402e-02	1.60116377e-02	1.86590025e-02
771             	-1.32424296e-03	2.60684240e-03	3.46675705e-02	1.60095423e-02	1.86580282e-02
772             	-1.32487288e-03	2.60664358e-03	3.46642692e-02	1.60072617e-02	1.86570075e-02
773             	-1.32540610e-03	2.60648866e-03	3.46612684e-02	1.60052281e-02	1.86560403e-02
774             	-1.32602972e-03	2.60629366e-03	3.46579844e-02	1.60029625e-02	1.86550219e-02
775             	-1.32658856e-03	2.60612884e-03	3.46549305e-02	1.60008767e-02	1.86540538e-02
776             	-1.32720994e-03	2.60593335e-03	3.46516660e-02	1.59986230e-02	1.86530429e-02
777             	-1.32773690e-03	2.60578030e-03	3.46486923e-02	1.59966092e-02	1.86520830e-02
778             	-1.32834552e-03	2.60559125e-03	3.46454606e-02	1.59943848e-02	1.86510758e-02
779             	-1.32888980e-03	2.60543172e-03	3.46424549e-02	1.59923376e-02	1.86501173e-02
780             	-1.32949068e-03	2.60524446e-03	3.46392576e-02	1.59901381e-02	1.86491195e-02
781             	-1.33000255e-03	2.60509710e-03	3.46363361e-02	1.59881655e-02	1.86481706e-02
782             	-1.33059485e-03	2.60491462e-03	3.46331648e-02	1.59859875e-02	1.86471772e-02
783             	-1.33112887e-03	2.60475887e-03	3.46302023e-02	1.59839723e-02	1.86462300e-02
784             	-1.33171832e-03	2.60457608e-03	3.46270557e-02	1.59818095e-02	1.86452462e-02
785             	-1.33222270e-03	2.60443129e-03	3.46241721e-02	1.59798634e-02	1.86443087e-02
786             	-1.33280555e-03	2.60425231e-03	3.46210471e-02	1.59777180e-02	1.86433291e-02
787             	-1.33333207e-03	2.60409903e-03	3.46181228e-02	1.59757293e-02	1.86423935e-02
788             	-1.33391251e-03	2.60391950e-03	3.46150213e-02	1.59735982e-02	1.86414232e-02
789             	-1.33444591e-03	2.60376630e-03	3.46120629e-02	1.59715855e-02	1.86404774e-02
790             	-1.33501197e-03	2.60359053e-03	3.46089918e-02	1.59694839e-02	1.86395078e-02
791             	-1.33555189e-03	2.60343467e-03	3.46060330e-02	1.59674646e-02	1.86385684e-02
792             	-1.33610595e-03	2.60326230e-03	3.46030103e-02	1.59653992e-02	1.86376111e-02
793             	-1.33661356e-03	2.60311869e-03	3.46001378e-02	1.59634553e-02	1.86366824e-02
794             	-1.33716396e-03	2.60294904e-03	3.45971300e-02	1.59614010e-02	1.86357289e-02
795             	-1.33769542e-03	2.60279627e-03	3.45942140e-02	1.59594116e-02	1.86348024e-02
796             	-1.33824649e-03	2.60262477e-03	3.45912223e-02	1.59573646e-02	1.86338576e-02
797             	-1.33874940e-03	2.60248254e-03	3.45883828e-02	1.59554420e-02	1.86329408e-02
798             	-1.33929681e-03	2.60231353e-03	3.45854049e-02	1.59534056e-02	1.86319992e-02
799             	-1.33982173e-03	2.60216288e-03	3.45825254e-02	1.59514410e-02	1.86310844e-02
800             	-1.34036876e-03	2.60199246e-03	3.45795650e-02	1.59494137e-02	1.86301513e-02
801             	-1.34086474e-03	2.60185259e-03	3.45767626e-02	1.59475165e-02	1.86292460e-02
802             	-1.34140858e-03	2.60168450e-03	3.45738147e-02	1.59454988e-02	1.86283159e-02
803             	-1.34192642e-03	2.60153629e-03	3.45709729e-02	1.59435600e-02	1.86274129e-02
804             	-1.34247053e-03	2.60136650e-03	3.45680407e-02	1.59415498e-02	1.86264909e-02
805             	-1.34295940e-03	2.60122909e-03	3.45652764e-02	1.59396788e-02	1.86255976e-02
806             	-1.34350092e-03	2.60106131e-03	3.45623550e-02	1.59376766e-02	1.86246784e-02
807             	-1.34401156e-03	2.60091562e-03	3.45595514e-02	1.59357641e-02	1.86237872e-02
808             	-1.34457397e-03	2.60073693e-03	3.45565701e-02	1.59337111e-02	1.86228590e-02
809             	-1.34503101e-03	2.60061219e-03	3.45539332e-02	1.59319356e-02	1.86219976e-02
810             	-1.34558634e-03	2.60043719e-03	3.45509733e-02	1.59299003e-02	1.86210730e-02
811             	-1.34606693e-03	2.60030360e-03	3.45482909e-02	1.59280785e-02	1.86202124e-02
812             	-1.34662896e-03	2.60012462e-03	3.45453246e-02	1.59260333e-02	1.86192913e-02
813             	-1.34708007e-03	2.60000172e-03	3.45427220e-02	1.59242809e-02	1.86184411e-02
814             	-1.34765730e-03	2.59981645e-03	3.45396805e-02	1.59221829e-02	1.86174975e-02
815             	-1.34810724e-03	2.59969625e-03	3.45371464e-02	1.59204660e-02	1.86166805e-02
816             	-1.34868250e-03	2.59950953e-03	3.45341244e-02	1.59183797e-02	1.86157447e-02
817             	-1.34910638e-03	2.59939858e-03	3.45316513e-02	1.59167193e-02	1.86149320e-02
818             	-1.34968214e-03	2.59921231e-03	3.45286272e-02	1.59146314e-02	1.86139957e-02
819             	-1.35012965e-03	2.59909200e-03	3.45261057e-02	1.59129232e-02	1.86131825e-02
820             	-1.35070776e-03	2.59890309e-03	3.45230903e-02	1.59108374e-02	1.86122529e-02
821             	-1.35112583e-03	2.59879360e-03	3.45206451e-02	1.59091967e-02	1.86114484e-02
822             	-1.35170121e-03	2.59860663e-03	3.45176393e-02	1.59071184e-02	1.86105209e-02
823             	-1.35214107e-03	2.59848871e-03	3.45151528e-02	1.59054353e-02	1.86097175e-02
824             	-1.35270668e-03	2.59830536e-03	3.45122153e-02	1.59034010e-02	1.86088143e-02
825             	-1.35313282e-03	2.59818968e-03	3.45097264e-02	1.59017304e-02	1.86079960e-02
826             	-1.35370283e-03	2.59800596e-03	3.45067735e-02	1.58996839e-02	1.86070896e-02
827             	-1.35414469e-03	2.59788441e-03	3.45042713e-02	1.58979910e-02	1.86062803e-02
828             	-1.35471724e-03	2.59769816e-03	3.45013232e-02	1.58959444e-02	1.86053788e-02
829             	-1.35510164e-03	2.59760288e-03	3.44989551e-02	1.58943759e-02	1.86045792e-02
830             	-1.35566396e-03	2.59742121e-03	3.44960400e-02	1.58923560e-02	1.86036840e-02
831             	-1.35610519e-03	2.59730320e-03	3.44935343e-02	1.58906619e-02	1.86028723e-02
832             	-1.35666610e-03	2.59711934e-03	3.44906656e-02	1.58886667e-02	1.86019989e-02
833             	-1.35710175e-03	2.59700111e-03	3.44881449e-02	1.58869707e-02	1.86011742e-02
834             	-1.35768572e-03	2.59680748e-03	3.44851854e-02	1.58849070e-02	1.86002784e-02
835             	-1.35810421e-03	2.59669819e-03	3.44827745e-02	1.58832830e-02	1.85994915e-02
836             	-1.35865394e-03	2.59651955e-03	3.44799851e-02	1.58813386e-02	1.85986465e-02
837             	-1.35908672e-03	2.59639928e-03	3.44774275e-02	1.58796270e-02	1.85978005e-02
838             	-1.35966830e-03	2.59620850e-03	3.44745078e-02	1.58775856e-02	1.85969222e-02
839             	-1.36009895e-03	2.59609138e-03	3.44720423e-02	1.58759222e-02	1.85961201e-02
840             	-1.36064554e-03	2.59591410e-03	3.44692554e-02	1.58739821e-02	1.85952732e-02
841             	-1.36105793e-03	2.59580342e-03	3.44668210e-02	1.58723526e-02	1.85944684e-02
842             	-1.36161305e-03	2.59562447e-03	3.44640035e-02	1.58703887e-02	1.85936148e-02
843             	-1.36205728e-03	2.59550157e-03	3.44614945e-02	1.58686900e-02	1.85928046e-02
844             	-1.36258543e-03	2.59533324e-03	3.44588135e-02	1.58668213e-02	1.85919922e-02
845             	-1.36304621e-03	2.59519986e-03	3.44561683e-02	1.58650380e-02	1.85911304e-02
846             	-1.36356614e-03	2.59503583e-03	3.44535264e-02	1.58631971e-02	1.85903294e-02
847             	-1.36404627e-03	2.59489524e-03	3.44508496e-02	1.58613785e-02	1.85894711e-02
848             	-1.36452717e-03	2.59474903e-03	3.44483082e-02	1.58596269e-02	1.85886813e-02
849             	-1.36499834e-03	2.59461119e-03	3.44456421e-02	1.58578227e-02	1.85878194e-02
850             	-1.36548182e-03	2.59446363e-03	3.44430973e-02	1.58560668e-02	1.85870305e-02
851             	-1.36596831e-03	2.59431901e-03	3.44404011e-02	1.58542322e-02	1.85861688e-02
852             	-1.36643439e-03	2.59417696e-03	3.44379166e-02	1.58525239e-02	1.85853927e-02
853             	-1.36688356e-03	2.59404685e-03	3.44353133e-02	1.58507731e-02	1.85845402e-02
854             	-1.36737401e-03	2.59389938e-03	3.44327533e-02	1.58490026e-02	1.85837507e-02
855             	-1.36783800e-03	2.59376143e-03	3.44301213e-02	1.58472227e-02	1.85828987e-02
856             	-1.36831462e-03	2.59361795e-03	3.44276140e-02	1.58454924e-02	1.85821216e-02
857             	-1.36875626e-03	2.59348858e-03	3.44250440e-02	1.58437657e-02	1.85812783e-02
858             	-1.36923227e-03	2.59334580e-03	3.44225466e-02	1.58420410e-02	1.85805056e-02
859             	-1.36968213e-03	2.59321289e-03	3.44199690e-02	1.58403024e-02	1.85796667e-02
860             	-1.37014100e-03	2.59307594e-03	3.44175252e-02	1.58386216e-02	1.85789036e-02
861             	-1.37057075e-03	2.59295097e-03	3.44149988e-02	1.58369287e-02	1.85780702e-02
862             	-1.37103395e-03	2.59281282e-03	3.44125520e-02	1.58352421e-02	1.85773100e-02
863             	-1.37147689e-03	2.59268224e-03	3.44100092e-02	1.58335277e-02	1.85764815e-02
864             	-1.37192537e-03	2.59254891e-03	3.44076119e-02	1.58318806e-02	1.85757313e-02
865             	-1.37234883e-03	2.59242585e-03	3.44051207e-02	1.58302115e-02	1.85749092e-02
866             	-1.37280142e-03	2.59229135e-03	3.44027212e-02	1.58285592e-02	1.85741620e-02
867             	-1.37323826e-03	2.59216258e-03	3.44002133e-02	1.58268684e-02	1.85733449e-02
868             	-1.37367595e-03	2.59203296e-03	3.43978638e-02	1.58252559e-02	1.85726079e-02
869             	-1.37409409e-03	2.59191136e-03	3.43954060e-02	1.58236089e-02	1.85717971e-02
870             	-1.37453632e-03	2.59178034e-03	3.43930541e-02	1.58219907e-02	1.85710633e-02
871             	-1.37494287e-03	2.59166384e-03	3.43907039e-02	1.58204091e-02	1.85702948e-02
872             	-1.37541263e-03	2.59151927e-03	3.43882029e-02	1.58186888e-02	1.85695141e-02
873             	-1.37579938e-03	2.59141017e-03	3.43859197e-02	1.58171605e-02	1.85687592e-02
874             	-1.37626385e-03	2.59126818e-03	3.43834547e-02	1.58154635e-02	1.85679912e-02
875             	-1.37666072e-03	2.59115487e-03	3.43811642e-02	1.58139214e-02	1.85672428e-02
876             	-1.37710682e-03	2.59101930e-03	3.43787652e-02	1.58122758e-02	1.85664894e-02
877             	-1.37748952e-03	2.59091167e-03	3.43765103e-02	1.58107656e-02	1.85657447e-02
878             	-1.37794212e-03	2.59077413e-03	3.43741015e-02	1.58091086e-02	1.85649929e-02
879             	-1.37833697e-03	2.59066127e-03	3.43718350e-02	1.58075805e-02	1.85642545e-02
880             	-1.37877613e-03	2.59052782e-03	3.43694721e-02	1.58059599e-02	1.85635122e-02
881             	-1.37915471e-03	2.59042122e-03	3.43672502e-02	1.58044704e-02	1.85627798e-02
882             	-1.37959984e-03	2.59028584e-03	3.43648792e-02	1.58028398e-02	1.85620394e-02
883             	-1.37999264e-03	2.59017321e-03	3.43626378e-02	1.58013263e-02	1.85613116e-02
884             	-1.38042448e-03	2.59004195e-03	3.43603130e-02	1.57997320e-02	1.85605810e-02
885             	-1.38076647e-03	2.58995018e-03	3.43582713e-02	1.57983692e-02	1.85599021e-02
886             	-1.38123100e-03	2.58980804e-03	3.43557582e-02	1.57966481e-02	1.85591101e-02
887             	-1.38163607e-03	2.58968922e-03	3.43535085e-02	1.57951182e-02	1.85583903e-02
888             	-1.38204030e-03	2.58956945e-03	3.43512708e-02	1.57935951e-02	1.85576757e-02
889             	-1.38239428e-03	2.58947122e-03	3.43492196e-02	1.57922155e-02	1.85570041e-02
890             	-1.38286067e-03	2.58932625e-03	3.43467348e-02	1.57905067e-02	1.85562280e-02
891             	-1.38326952e-03	2.58920512e-03	3.43445000e-02	1.57889805e-02	1.85555195e-02
892             	-1.38366835e-03	2.58908704e-03	3.43422980e-02	1.57874807e-02	1.85548174e-02
893             	-1.38405579e-03	2.58897425e-03	3.43401137e-02	1.57860011e-02	1.85541127e-02
894             	-1.38446798e-03	2.58885169e-03	3.43378742e-02	1.57844691e-02	1.85534051e-02
895             	-1.38487627e-03	2.58873045e-03	3.43356464e-02	1.57829469e-02	1.85526995e-02
896             	-1.38527709e-03	2.58861119e-03	3.43334452e-02	1.57814455e-02	1.85519997e-02
897             	-1.38567081e-03	2.58849531e-03	3.43312512e-02	1.57799548e-02	1.85512964e-02
898             	-1.38607929e-03	2.58837337e-03	3.43290355e-02	1.57784384e-02	1.85505970e-02
899             	-1.38648763e-03	2.58825125e-03	3.43268182e-02	1.57769215e-02	1.85498967e-02
900             	-1.38688267e-03	2.58813381e-03	3.43246468e-02	1.57754407e-02	1.85492060e-02
901             	-1.38727655e-03	2.58801738e-03	3.43224629e-02	1.57739549e-02	1.85485080e-02
902             	-1.38768058e-03	2.58789699e-03	3.43202732e-02	1.57724560e-02	1.85478172e-02
903             	-1.38808991e-03	2.58777406e-03	3.43180630e-02	1.57709416e-02	1.85471214e-02
904             	-1.38848086e-03	2.58765794e-03	3.43159158e-02	1.57694770e-02	1.85464388e-02
905             	-1.38887582e-03	2.58754063e-03	3.43137377e-02	1.57679930e-02	1.85457447e-02
906             	-1.38927569e-03	2.58742153e-03	3.43115717e-02	1.57665102e-02	1.85450615e-02
907             	-1.38968616e-03	2.58729771e-03	3.43093666e-02	1.57649971e-02	1.85443694e-02
908             	-1.39007340e-03	2.58718270e-03	3.43072407e-02	1.57635470e-02	1.85436938e-02
909             	-1.39046889e-03	2.58706488e-03	3.43050698e-02	1.57620660e-02	1.85430038e-02
910             	-1.39086616e-03	2.58694635e-03	3.43029203e-02	1.57605940e-02	1.85423263e-02
911             	-1.39127584e-03	2.58682274e-03	3.43007267e-02	1.57590875e-02	1.85416392e-02
912             	-1.39166204e-03	2.58670759e-03	3.42986111e-02	1.57576435e-02	1.85409676e-02
913             	-1.39205587e-03	2.58659028e-03	3.42964548e-02	1.57561715e-02	1.85402833e-02
914             	-1.39245337e-03	2.58647130e-03	3.42943108e-02	1.57547020e-02	1.85396088e-02
915             	-1.39286046e-03	2.58634838e-03	3.42921338e-02	1.57532064e-02	1.85389274e-02
916             	-1.39324710e-03	2.58623293e-03	3.42900226e-02	1.57517642e-02	1.85382584e-02
917             	-1.39363901e-03	2.58611604e-03	3.42878802e-02	1.57503011e-02	1.85375791e-02
918             	-1.39403616e-03	2.58599706e-03	3.42857430e-02	1.57488353e-02	1.85369077e-02
919             	-1.39444123e-03	2.58587459e-03	3.42835793e-02	1.57473484e-02	1.85362309e-02
920             	-1.39482718e-03	2.58575924e-03	3.42814761e-02	1.57459109e-02	1.85355652e-02
921             	-1.39521764e-03	2.58564262e-03	3.42793449e-02	1.57444548e-02	1.85348901e-02
922             	-1.39561381e-03	2.58552389e-03	3.42772164e-02	1.57429944e-02	1.85342220e-02
923             	-1.39601754e-03	2.58540170e-03	3.42750624e-02	1.57415137e-02	1.85335488e-02
924             	-1.39640100e-03	2.58528726e-03	3.42729722e-02	1.57400851e-02	1.85328871e-02
925             	-1.39678780e-03	2.58517164e-03	3.42708541e-02	1.57386393e-02	1.85322149e-02
926             	-1.39717762e-03	2.58505521e-03	3.42687454e-02	1.57371951e-02	1.85315503e-02
927             	-1.39757194e-03	2.58493647e-03	3.42666207e-02	1.57357384e-02	1.85308823e-02
928             	-1.39794557e-03	2.58482576e-03	3.42645597e-02	1.57343343e-02	1.85302254e-02
929             	-1.39832106e-03	2.58471480e-03	3.42624814e-02	1.57329196e-02	1.85295618e-02
930             	-1.39869992e-03	2.58460267e-03	3.42604098e-02	1.57315050e-02	1.85289048e-02
931             	-1.39907940e-03	2.58448977e-03	3.42583338e-02	1.57300875e-02	1.85282463e-02
932             	-1.39943502e-03	2.58438598e-03	3.42563262e-02	1.57287281e-02	1.85275981e-02
933             	-1.39979105e-03	2.58428259e-03	3.42543056e-02	1.57273618e-02	1.85269438e-02
934             	-1.40015277e-03	2.58417713e-03	3.42522867e-02	1.57259906e-02	1.85262961e-02
935             	-1.40052248e-03	2.58406803e-03	3.42502477e-02	1.57246014e-02	1.85256463e-02
936             	-1.40087425e-03	2.58396551e-03	3.42482652e-02	1.57232584e-02	1.85250069e-02
937             	-1.40122834e-03	2.58386248e-03	3.42462669e-02	1.57219051e-02	1.85243618e-02
938             	-1.40158656e-03	2.58375794e-03	3.42442737e-02	1.57205503e-02	1.85237234e-02
939             	-1.40195097e-03	2.58365044e-03	3.42422645e-02	1.57191813e-02	1.85230832e-02
940             	-1.40229668e-03	2.58354988e-03	3.42403119e-02	1.57178592e-02	1.85224526e-02
941             	-1.40264429e-03	2.58344897e-03	3.42383453e-02	1.57165283e-02	1.85218169e-02
942             	-1.40299634e-03	2.58334643e-03	3.42363821e-02	1.57151947e-02	1.85211874e-02
943             	-1.40335475e-03	2.58324092e-03	3.42344037e-02	1.57138471e-02	1.85205566e-02
944             	-1.40369550e-03	2.58314181e-03	3.42324785e-02	1.57125438e-02	1.85199348e-02
945             	-1.40403814e-03	2.58304245e-03	3.42305407e-02	1.57112322e-02	1.85193085e-02
946             	-1.40438565e-03	2.58294121e-03	3.42286041e-02	1.57099164e-02	1.85186877e-02
947             	-1.40473937e-03	2.58283711e-03	3.42266538e-02	1.57085875e-02	1.85180663e-02
948             	-1.40507621e-03	2.58273905e-03	3.42247532e-02	1.57073004e-02	1.85174528e-02
949             	-1.40541477e-03	2.58264085e-03	3.42228415e-02	1.57060060e-02	1.85168355e-02
950             	-1.40575860e-03	2.58254058e-03	3.42209287e-02	1.57047057e-02	1.85162229e-02
951             	-1.40610843e-03	2.58243757e-03	3.42190035e-02	1.57033933e-02	1.85156102e-02
952             	-1.40644204e-03	2.58234031e-03	3.42171250e-02	1.57021205e-02	1.85150046e-02
953             	-1.40677719e-03	2.58224304e-03	3.42152369e-02	1.57008413e-02	1.85143956e-02
954             	-1.40711788e-03	2.58214355e-03	3.42133456e-02	1.56995549e-02	1.85137907e-02
955             	-1.40746434e-03	2.58204145e-03	3.42114433e-02	1.56982573e-02	1.85131860e-02
956             	-1.40780889e-03	2.58193991e-03	3.42095533e-02	1.56969677e-02	1.85125855e-02
957             	-1.40815005e-03	2.58183936e-03	3.42076699e-02	1.56956849e-02	1.85119850e-02
958             	-1.40848654e-03	2.58174057e-03	3.42058020e-02	1.56944145e-02	1.85113876e-02
959             	-1.40882201e-03	2.58164208e-03	3.42039360e-02	1.56931460e-02	1.85107900e-02
960             	-1.40915565e-03	2.58154428e-03	3.42020799e-02	1.56918843e-02	1.85101956e-02
961             	-1.40948861e-03	2.58144652e-03	3.42002260e-02	1.56906244e-02	1.85096016e-02
962             	-1.40982000e-03	2.58134936e-03	3.41983816e-02	1.56893708e-02	1.85090108e-02
963             	-1.41015186e-03	2.58125195e-03	3.41965375e-02	1.56881169e-02	1.85084206e-02
964             	-1.41048258e-03	2.58115494e-03	3.41947016e-02	1.56868682e-02	1.85078334e-02
965             	-1.41081245e-03	2.58105807e-03	3.41928688e-02	1.56856220e-02	1.85072468e-02
966             	-1.41114083e-03	2.58096174e-03	3.41910443e-02	1.56843813e-02	1.85066630e-02
967             	-1.41146962e-03	2.58086519e-03	3.41892201e-02	1.56831404e-02	1.85060797e-02
968             	-1.41179751e-03	2.58076894e-03	3.41874025e-02	1.56819037e-02	1.85054988e-02
969             	-1.41212452e-03	2.58067284e-03	3.41855882e-02	1.56806696e-02	1.85049186e-02
970             	-1.41245013e-03	2.58057723e-03	3.41837813e-02	1.56794405e-02	1.85043408e-02
971             	-1.41277590e-03	2.58048153e-03	3.41819757e-02	1.56782120e-02	1.85037638e-02
972             	-1.41310077e-03	2.58038613e-03	3.41801765e-02	1.56769875e-02	1.85031890e-02
973             	-1.41342466e-03	2.58029095e-03	3.41783811e-02	1.56757659e-02	1.85026152e-02
974             	-1.41374732e-03	2.58019619e-03	3.41765923e-02	1.56745488e-02	1.85020434e-02
975             	-1.41407016e-03	2.58010134e-03	3.41748048e-02	1.56733323e-02	1.85014726e-02
976             	-1.41439226e-03	2.58000672e-03	3.41730229e-02	1.56721192e-02	1.85009037e-02
977             	-1.41471342e-03	2.57991230e-03	3.41712447e-02	1.56709089e-02	1.85003358e-02
978             	-1.41503348e-03	2.57981825e-03	3.41694723e-02	1.56697027e-02	1.84997696e-02
979             	-1.41535374e-03	2.57972410e-03	3.41677014e-02	1.56684970e-02	1.84992045e-02
980             	-1.41567339e-03	2.57963014e-03	3.41659353e-02	1.56672943e-02	1.84986410e-02
981             	-1.41599211e-03	2.57953638e-03	3.41641729e-02	1.56660944e-02	1.84980786e-02
982             	-1.41630984e-03	2.57944295e-03	3.41624158e-02	1.56648980e-02	1.84975177e-02
983             	-1.41662779e-03	2.57934943e-03	3.41606601e-02	1.56637023e-02	1.84969578e-02
984             	-1.41694521e-03	2.57925605e-03	3.41589086e-02	1.56625091e-02	1.84963995e-02
985             	-1.41726171e-03	2.57916289e-03	3.41571609e-02	1.56613188e-02	1.84958422e-02
986             	-1.41757729e-03	2.57907003e-03	3.41554179e-02	1.56601317e-02	1.84952863e-02
987             	-1.41789310e-03	2.57897709e-03	3.41536764e-02	1.56589451e-02	1.84947313e-02
988             	-1.41820845e-03	2.57888426e-03	3.41519387e-02	1.56577609e-02	1.84941778e-02
989             	-1.41852288e-03	2.57879165e-03	3.41502047e-02	1.56565795e-02	1.84936252e-02
990             	-1.41883645e-03	2.57869932e-03	3.41484751e-02	1.56554011e-02	1.84930740e-02
991             	-1.41915023e-03	2.57860692e-03	3.41467469e-02	1.56542232e-02	1.84925237e-02
992             	-1.41946360e-03	2.57851462e-03	3.41450222e-02	1.56530475e-02	1.84919747e-02
993             	-1.41977605e-03	2.57842255e-03	3.41433012e-02	1.56518746e-02	1.84914267e-02
994             	-1.42008767e-03	2.57833075e-03	3.41415843e-02	1.56507045e-02	1.84908798e-02
995             	-1.42039949e-03	2.57823889e-03	3.41398688e-02	1.56495349e-02	1.84903339e-02
996             	-1.42071092e-03	2.57814712e-03	3.41381565e-02	1.56483673e-02	1.84897892e-02
997             	-1.42102141e-03	2.57805560e-03	3.41364480e-02	1.56472026e-02	1.84892454e-02
998             	-1.42133108e-03	2.57796434e-03	3.41347434e-02	1.56460406e-02	1.84887028e-02
999             	-1.42164093e-03	2.57787303e-03	3.41330402e-02	1.56448792e-02	1.84881611e-02
1000            	-1.42195039e-03	2.57778182e-03	3.41313402e-02	1.56437197e-02	1.84876205e-02
1001            	-1.42225813e-03	2.57769121e-03	3.41296467e-02	1.56425652e-02	1.84870815e-02
1002            	-1.42256404e-03	2.57760125e-03	3.41279589e-02	1.56414154e-02	1.84865435e-02
1003            	-1.42286905e-03	2.57751159e-03	3.41262736e-02	1.56402678e-02	1.84860059e-02
1004            	-1.42317194e-03	2.57742268e-03	3.41245957e-02	1.56391259e-02	1.84854698e-02
1005            	-1.42347183e-03	2.57733489e-03	3.41229277e-02	1.56379920e-02	1.84849357e-02
1006            	-1.42376915e-03	2.57724811e-03	3.41212692e-02	1.56368654e-02	1.84844037e-02
1007            	-1.42406523e-03	2.57716191e-03	3.41196169e-02	1.56357432e-02	1.84838737e-02
1008            	-1.42435984e-03	2.57707626e-03	3.41179714e-02	1.56346259e-02	1.84833455e-02
1009            	-1.42465248e-03	2.57699125e-03	3.41163333e-02	1.56335141e-02	1.84828191e-02
1010            	-1.42494341e-03	2.57690684e-03	3.41147021e-02	1.56324077e-02	1.84822945e-02
1011            	-1.42523253e-03	2.57682310e-03	3.41130786e-02	1.56313068e-02	1.84817718e-02
1012            	-1.42551672e-03	2.57674116e-03	3.41114702e-02	1.56302184e-02	1.84812518e-02
1013            	-1.42579590e-03	2.57666111e-03	3.41098764e-02	1.56291423e-02	1.84807341e-02
1014            	-1.42607224e-03	2.57658217e-03	3.41082926e-02	1.56280741e-02	1.84802185e-02
1015            	-1.42634832e-03	2.57650336e-03	3.41067138e-02	1.56270086e-02	1.84797052e-02
1016            	-1.42662418e-03	2.57642453e-03	3.41051401e-02	1.56259459e-02	1.84791942e-02
1017            	-1.42689890e-03	2.57634596e-03	3.41035735e-02	1.56248878e-02	1.84786856e-02
1018            	-1.42717223e-03	2.57626780e-03	3.41020143e-02	1.56238349e-02	1.84781794e-02
1019            	-1.42744475e-03	2.57618991e-03	3.41004612e-02	1.56227859e-02	1.84776753e-02
1020            	-1.42771564e-03	2.57611249e-03	3.40989153e-02	1.56217420e-02	1.84771733e-02
1021            	-1.42798437e-03	2.57603574e-03	3.40973781e-02	1.56207047e-02	1.84766734e-02
1022            	-1.42825083e-03	2.57595982e-03	3.40958506e-02	1.56196745e-02	1.84761761e-02
1023            	-1.42851570e-03	2.57588452e-03	3.40943323e-02	1.56186505e-02	1.84756819e-02
1024            	-1.42877863e-03	2.57580988e-03	3.40928235e-02	1.56176331e-02	1.84751904e-02
1025            	-1.42903919e-03	2.57573601e-03	3.40913244e-02	1.56166230e-02	1.84747014e-02
1026            	-1.42929774e-03	2.57566279e-03	3.40898342e-02	1.56156194e-02	1.84742148e-02
1027            	-1.42955530e-03	2.57558992e-03	3.40883510e-02	1.56146202e-02	1.84737308e-02
1028            	-1.42981144e-03	2.57551746e-03	3.40868759e-02	1.56136265e-02	1.84732494e-02
1029            	-1.43006553e-03	2.57544560e-03	3.40854100e-02	1.56126395e-02	1.84727705e-02
1030            	-1.43031787e-03	2.57537430e-03	3.40839528e-02	1.56116585e-02	1.84722943e-02
1031            	-1.43056948e-03	2.57530323e-03	3.40825022e-02	1.56106816e-02	1.84718206e-02
1032            	-1.43081993e-03	2.57523247e-03	3.40810592e-02	1.56097096e-02	1.84713495e-02
1033            	-1.43106861e-03	2.57516221e-03	3.40796248e-02	1.56087438e-02	1.84708810e-02
1034            	-1.43131577e-03	2.57509240e-03	3.40781984e-02	1.56077835e-02	1.84704150e-02
1035            	-1.43156240e-03	2.57502274e-03	3.40767781e-02	1.56068267e-02	1.84699515e-02
1036            	-1.43180805e-03	2.57495332e-03	3.40753648e-02	1.56058744e-02	1.84694905e-02
1037            	-1.43205203e-03	2.57488434e-03	3.40739599e-02	1.56049279e-02	1.84690320e-02
1038            	-1.43229451e-03	2.57481576e-03	3.40725626e-02	1.56039868e-02	1.84685758e-02
1039            	-1.43253648e-03	2.57474729e-03	3.40711713e-02	1.56030491e-02	1.84681221e-02
1040            	-1.43277747e-03	2.57467902e-03	3.40697867e-02	1.56021159e-02	1.84676708e-02
1041            	-1.43301685e-03	2.57461116e-03	3.40684101e-02	1.56011882e-02	1.84672219e-02
1042            	-1.43325487e-03	2.57454366e-03	3.40670409e-02	1.56002656e-02	1.84667753e-02
1043            	-1.43349250e-03	2.57447624e-03	3.40656770e-02	1.55993460e-02	1.84663310e-02
1044            	-1.43372928e-03	2.57440899e-03	3.40643195e-02	1.55984305e-02	1.84658890e-02
1045            	-1.43396456e-03	2.57434212e-03	3.40629696e-02	1.55975202e-02	1.84654493e-02
1046            	-1.43419859e-03	2.57427558e-03	3.40616266e-02	1.55966147e-02	1.84650119e-02
1047            	-1.43443241e-03	2.57420905e-03	3.40602884e-02	1.55957118e-02	1.84645766e-02
1048            	-1.43466556e-03	2.57414265e-03	3.40589556e-02	1.55948122e-02	1.84641434e-02
1049            	-1.43489737e-03	2.57407656e-03	3.40576296e-02	1.55939175e-02	1.84637122e-02
1050            	-1.43512803e-03	2.57401078e-03	3.40563100e-02	1.55930270e-02	1.84632830e-02
1051            	-1.43535848e-03	2.57394501e-03	3.40549949e-02	1.55921390e-02	1.84628559e-02
1052            	-1.43558826e-03	2.57387937e-03	3.40536852e-02	1.55912543e-02	1.84624308e-02
1053            	-1.43581677e-03	2.57381405e-03	3.40523820e-02	1.55903742e-02	1.84620078e-02
1054            	-1.43604423e-03	2.57374900e-03	3.40510847e-02	1.55894981e-02	1.84615866e-02
1055            	-1.43627161e-03	2.57368396e-03	3.40497913e-02	1.55886240e-02	1.84611672e-02
1056            	-1.43649843e-03	2.57361900e-03	3.40485028e-02	1.55877530e-02	1.84607498e-02
1057            	-1.43672407e-03	2.57355433e-03	3.40472203e-02	1.55868861e-02	1.84603342e-02
1058            	-1.43694876e-03	2.57348990e-03	3.40459431e-02	1.55860228e-02	1.84599203e-02
1059            	-1.43717345e-03	2.57342545e-03	3.40446694e-02	1.55851613e-02	1.84595082e-02
1060            	-1.43739765e-03	2.57336107e-03	3.40434002e-02	1.55843025e-02	1.84590977e-02
1061            	-1.43762075e-03	2.57329695e-03	3.40421365e-02	1.55834475e-02	1.84586890e-02
1062            	-1.43784298e-03	2.57323306e-03	3.40408777e-02	1.55825959e-02	1.84582818e-02
1063            	-1.43806527e-03	2.57316913e-03	3.40396220e-02	1.55817457e-02	1.84578763e-02
1064            	-1.43828713e-03	2.57310525e-03	3.40383703e-02	1.55808980e-02	1.84574723e-02
1065            	-1.43850796e-03	2.57304163e-03	3.40371237e-02	1.55800539e-02	1.84570698e-02
1066            	-1.43872797e-03	2.57297821e-03	3.40358817e-02	1.55792129e-02	1.84566688e-02
1067            	-1.43894810e-03	2.57291475e-03	3.40346424e-02	1.55783731e-02	1.84562693e-02
1068            	-1.43916786e-03	2.57285133e-03	3.40334067e-02	1.55775355e-02	1.84558712e-02
1069            	-1.43938664e-03	2.57278814e-03	3.40321758e-02	1.55767012e-02	1.84554745e-02
1070            	-1.43960464e-03	2.57272515e-03	3.40309490e-02	1.55758699e-02	1.84550792e-02
1071            	-1.43982281e-03	2.57266211e-03	3.40297246e-02	1.55750395e-02	1.84546851e-02
1072            	-1.44004065e-03	2.57259909e-03	3.40285035e-02	1.55742111e-02	1.84542924e-02
1073            	-1.44025755e-03	2.57253631e-03	3.40272869e-02	1.55733859e-02	1.84539010e-02
1074            	-1.44047372e-03	2.57247372e-03	3.40260741e-02	1.55725633e-02	1.84535108e-02
1075            	-1.44069009e-03	2.57241106e-03	3.40248634e-02	1.55717416e-02	1.84531218e-02
1076            	-1.44090617e-03	2.57234843e-03	3.40236557e-02	1.55709217e-02	1.84527340e-02
1077            	-1.44112134e-03	2.57228602e-03	3.40224522e-02	1.55701048e-02	1.84523474e-02
1078            	-1.44133588e-03	2.57222377e-03	3.40212520e-02	1.55692901e-02	1.84519619e-02
1079            	-1.44155053e-03	2.57216150e-03	3.40200540e-02	1.55684765e-02	1.84515775e-02
1080            	-1.44176492e-03	2.57209924e-03	3.40188588e-02	1.55676645e-02	1.84511943e-02
1081            	-1.44197845e-03	2.57203719e-03	3.40176674e-02	1.55668552e-02	1.84508121e-02
1082            	-1.44219115e-03	2.57197539e-03	3.40164798e-02	1.55660487e-02	1.84504310e-02
1083            	-1.44240117e-03	2.57191461e-03	3.40153010e-02	1.55652493e-02	1.84500516e-02
1084            	-1.44260831e-03	2.57185494e-03	3.40141304e-02	1.55644569e-02	1.84496735e-02
1085            	-1.44281330e-03	2.57179606e-03	3.40129667e-02	1.55636701e-02	1.84492967e-02
1086            	-1.44301762e-03	2.57173741e-03	3.40118072e-02	1.55628860e-02	1.84489212e-02
1087            	-1.44322244e-03	2.57167854e-03	3.40106502e-02	1.55621026e-02	1.84485475e-02
1088            	-1.44342778e-03	2.57161926e-03	3.40094935e-02	1.55613190e-02	1.84481745e-02
1089            	-1.44363249e-03	2.57155997e-03	3.40083401e-02	1.55605376e-02	1.84478026e-02
1090            	-1.44383620e-03	2.57150089e-03	3.40071911e-02	1.55597594e-02	1.84474318e-02
1091            	-1.44403955e-03	2.57144190e-03	3.40060454e-02	1.55589832e-02	1.84470623e-02
1092            	-1.44424157e-03	2.57138333e-03	3.40049058e-02	1.55582113e-02	1.84466945e-02
1093            	-1.44444186e-03	2.57132520e-03	3.40037704e-02	1.55574434e-02	1.84463271e-02
1094            	-1.44464017e-03	2.57126771e-03	3.40026413e-02	1.55566805e-02	1.84459608e-02
1095            	-1.44483677e-03	2.57121092e-03	3.40015202e-02	1.55559233e-02	1.84455969e-02
1096            	-1.44503121e-03	2.57115492e-03	3.40004084e-02	1.55551730e-02	1.84452354e-02
1097            	-1.44522322e-03	2.57109976e-03	3.39993056e-02	1.55544296e-02	1.84448760e-02
1098            	-1.44541340e-03	2.57104525e-03	3.39982101e-02	1.55536916e-02	1.84445184e-02
1099            	-1.44560287e-03	2.57099099e-03	3.39971193e-02	1.55529568e-02	1.84441625e-02
1100            	-1.44579123e-03	2.57093702e-03	3.39960343e-02	1.55522259e-02	1.84438084e-02
1101            	-1.44597783e-03	2.57088354e-03	3.39949563e-02	1.55515003e-02	1.84434560e-02
1102            	-1.44616292e-03	2.57083051e-03	3.39938849e-02	1.55507795e-02	1.84431054e-02
1103            	-1.44634744e-03	2.57077767e-03	3.39928182e-02	1.55500617e-02	1.84427566e-02
1104            	-1.44653095e-03	2.57072509e-03	3.39917573e-02	1.55493477e-02	1.84424096e-02
1105            	-1.44671282e-03	2.57067297e-03	3.39907035e-02	1.55486389e-02	1.84420646e-02
1106            	-1.44689329e-03	2.57062127e-03	3.39896562e-02	1.55479348e-02	1.84417214e-02
1107            	-1.44707328e-03	2.57056975e-03	3.39886135e-02	1.55472335e-02	1.84413800e-02
1108            	-1.44725235e-03	2.57051847e-03	3.39875766e-02	1.55465359e-02	1.84410406e-02
1109            	-1.44742989e-03	2.57046760e-03	3.39865464e-02	1.55458433e-02	1.84407031e-02
1110            	-1.44760617e-03	2.57041710e-03	3.39855225e-02	1.55451551e-02	1.84403674e-02
1111            	-1.44778210e-03	2.57036670e-03	3.39845031e-02	1.55444694e-02	1.84400336e-02
1112            	-1.44795726e-03	2.57031649e-03	3.39834889e-02	1.55437872e-02	1.84397017e-02
1113            	-1.44813106e-03	2.57026663e-03	3.39824812e-02	1.55431095e-02	1.84393716e-02
1114            	-1.44830269e-03	2.57021748e-03	3.39814834e-02	1.55424390e-02	1.84390444e-02
1115            	-1.44848530e-03	2.57016340e-03	3.39804371e-02	1.55417333e-02	1.84387039e-02
1116            	-1.44864281e-03	2.57012049e-03	3.39795101e-02	1.55411122e-02	1.84383978e-02
1117            	-1.44882307e-03	2.57006706e-03	3.39784730e-02	1.55404134e-02	1.84380596e-02
1118            	-1.44897940e-03	2.57002438e-03	3.39775523e-02	1.55397968e-02	1.84377556e-02
1119            	-1.44914746e-03	2.56997625e-03	3.39765759e-02	1.55391405e-02	1.84374354e-02
1120            	-1.44931801e-03	2.56992689e-03	3.39755930e-02	1.55384785e-02	1.84371145e-02
1121            	-1.44948661e-03	2.56987807e-03	3.39746201e-02	1.55378234e-02	1.84367966e-02
1122            	-1.44965266e-03	2.56983008e-03	3.39736586e-02	1.55371766e-02	1.84364820e-02
1123            	-1.44981779e-03	2.56978245e-03	3.39727039e-02	1.55365342e-02	1.84361698e-02
1124            	-1.44998234e-03	2.56973502e-03	3.39717542e-02	1.55358947e-02	1.84358594e-02
1125            	-1.45014608e-03	2.56968783e-03	3.39708093e-02	1.55352586e-02	1.84355507e-02
1126            	-1.45030919e-03	2.56964080e-03	3.39698686e-02	1.55346251e-02	1.84352435e-02
1127            	-1.45047242e-03	2.56959369e-03	3.39689305e-02	1.55339928e-02	1.84349377e-02
1128            	-1.45063522e-03	2.56954662e-03	3.39679963e-02	1.55333629e-02	1.84346334e-02
1129            	-1.45079697e-03	2.56949978e-03	3.39670672e-02	1.55327366e-02	1.84343306e-02
1130            	-1.45095787e-03	2.56945316e-03	3.39661425e-02	1.55321134e-02	1.84340291e-02
1131            	-1.45111881e-03	2.56940651e-03	3.39652206e-02	1.55314915e-02	1.84337291e-02
1132            	-1.45127937e-03	2.56935991e-03	3.39643023e-02	1.55308718e-02	1.84334305e-02
1133            	-1.45143896e-03	2.56931353e-03	3.39633887e-02	1.55302554e-02	1.84331333e-02
1134            	-1.45159776e-03	2.56926737e-03	3.39624794e-02	1.55296419e-02	1.84328375e-02
1135            	-1.45175663e-03	2.56922118e-03	3.39615726e-02	1.55290297e-02	1.84325429e-02
1136            	-1.45191298e-03	2.56917582e-03	3.39606745e-02	1.55284243e-02	1.84322502e-02
1137            	-1.45206633e-03	2.56913154e-03	3.39597855e-02	1.55278264e-02	1.84319591e-02
1138            	-1.45221779e-03	2.56908797e-03	3.39589032e-02	1.55272338e-02	1.84316694e-02
1139            	-1.45238012e-03	2.56903956e-03	3.39579735e-02	1.55266066e-02	1.84313669e-02
1140            	-1.45251855e-03	2.56900179e-03	3.39571596e-02	1.55260613e-02	1.84310984e-02
1141            	-1.45266776e-03	2.56895900e-03	3.39562926e-02	1.55254785e-02	1.84308140e-02
1142            	-1.45283179e-03	2.56890962e-03	3.39553628e-02	1.55248496e-02	1.84305132e-02
1143            	-1.45297178e-03	2.56887093e-03	3.39545497e-02	1.55243031e-02	1.84302466e-02
1144            	-1.45313208e-03	2.56882286e-03	3.39536382e-02	1.55236870e-02	1.84299512e-02
1145            	-1.45327050e-03	2.56878444e-03	3.39528318e-02	1.55231454e-02	1.84296864e-02
1146            	-1.45342981e-03	2.56873656e-03	3.39519251e-02	1.55225328e-02	1.84293924e-02
1147            	-1.45356824e-03	2.56869805e-03	3.39511223e-02	1.55219929e-02	1.84291294e-02
1148            	-1.45372753e-03	2.56865007e-03	3.39502205e-02	1.55213827e-02	1.84288378e-02
1149            	-1.45386459e-03	2.56861183e-03	3.39494252e-02	1.55208480e-02	1.84285772e-02
1150            	-1.45402189e-03	2.56856440e-03	3.39485326e-02	1.55202444e-02	1.84282882e-02
1151            	-1.45415842e-03	2.56852628e-03	3.39477429e-02	1.55197130e-02	1.84280299e-02
1152            	-1.45431566e-03	2.56847880e-03	3.39468552e-02	1.55191120e-02	1.84277433e-02
1153            	-1.45445107e-03	2.56844092e-03	3.39460720e-02	1.55185849e-02	1.84274871e-02
1154            	-1.45460661e-03	2.56839388e-03	3.39451923e-02	1.55179896e-02	1.84272028e-02
1155            	-1.45474164e-03	2.56835604e-03	3.39444140e-02	1.55174654e-02	1.84269486e-02
1156            	-1.45489714e-03	2.56830893e-03	3.39435391e-02	1.55168724e-02	1.84266667e-02
1157            	-1.45503107e-03	2.56827134e-03	3.39427670e-02	1.55163524e-02	1.84264145e-02
1158            	-1.45518488e-03	2.56822474e-03	3.39418997e-02	1.55157650e-02	1.84261347e-02
1159            	-1.45531847e-03	2.56818719e-03	3.39411320e-02	1.55152475e-02	1.84258845e-02
1160            	-1.45547233e-03	2.56814047e-03	3.39402689e-02	1.55146621e-02	1.84256068e-02
1161            	-1.45560489e-03	2.56810315e-03	3.39395070e-02	1.55141486e-02	1.84253584e-02
1162            	-1.45575713e-03	2.56805690e-03	3.39386510e-02	1.55135684e-02	1.84250827e-02
1163            	-1.45588941e-03	2.56801961e-03	3.39378932e-02	1.55130572e-02	1.84248360e-02
1164            	-1.45604175e-03	2.56797325e-03	3.39370411e-02	1.55124788e-02	1.84245623e-02
1165            	-1.45617301e-03	2.56793618e-03	3.39362888e-02	1.55119714e-02	1.84243174e-02
1166            	-1.45632377e-03	2.56789027e-03	3.39354435e-02	1.55113980e-02	1.84240455e-02
1167            	-1.45645476e-03	2.56785326e-03	3.39346950e-02	1.55108928e-02	1.84238023e-02
1168            	-1.45660559e-03	2.56780728e-03	3.39338534e-02	1.55103211e-02	1.84235323e-02
1169            	-1.45673558e-03	2.56777048e-03	3.39331102e-02	1.55098195e-02	1.84232907e-02
1170            	-1.45688485e-03	2.56772492e-03	3.39322751e-02	1.55092527e-02	1.84230224e-02
1171            	-1.45701462e-03	2.56768814e-03	3.39315355e-02	1.55087531e-02	1.84227824e-02
1172            	-1.45716396e-03	2.56764257e-03	3.39307038e-02	1.55081879e-02	1.84225159e-02
1173            	-1.45729273e-03	2.56760602e-03	3.39299693e-02	1.55076919e-02	1.84222774e-02
1174            	-1.45744051e-03	2.56756088e-03	3.39291440e-02	1.55071315e-02	1.84220125e-02
1175            	-1.45756904e-03	2.56752438e-03	3.39284129e-02	1.55066374e-02	1.84217755e-02
1176            	-1.45771641e-03	2.56747936e-03	3.39275920e-02	1.55060796e-02	1.84215124e-02
1177            	-1.45784188e-03	2.56744388e-03	3.39268710e-02	1.55055936e-02	1.84212774e-02
1178            	-1.45798466e-03	2.56740050e-03	3.39260636e-02	1.55050471e-02	1.84210165e-02
1179            	-1.45810818e-03	2.56736579e-03	3.39253499e-02	1.55045668e-02	1.84207831e-02
1180            	-1.45825052e-03	2.56732267e-03	3.39245474e-02	1.55040232e-02	1.84205242e-02
1181            	-1.45837672e-03	2.56728663e-03	3.39238266e-02	1.55035366e-02	1.84202900e-02
1182            	-1.45851434e-03	2.56724511e-03	3.39230428e-02	1.55030071e-02	1.84200357e-02
1183            	-1.45863992e-03	2.56720937e-03	3.39223284e-02	1.55025243e-02	1.84198041e-02
1184            	-1.45877867e-03	2.56716749e-03	3.39215450e-02	1.55019938e-02	1.84195512e-02
1185            	-1.45890390e-03	2.56713176e-03	3.39208337e-02	1.55015130e-02	1.84193208e-02
1186            	-1.45904121e-03	2.56709024e-03	3.39200560e-02	1.55009868e-02	1.84190692e-02
1187            	-1.45916586e-03	2.56705465e-03	3.39193489e-02	1.55005086e-02	1.84188403e-02
1188            	-1.45930301e-03	2.56701315e-03	3.39185749e-02	1.54999845e-02	1.84185905e-02
1189            	-1.45942651e-03	2.56697784e-03	3.39178734e-02	1.54995102e-02	1.84183632e-02
1190            	-1.45956201e-03	2.56693683e-03	3.39171061e-02	1.54989911e-02	1.84181151e-02
1191            	-1.45968519e-03	2.56690163e-03	3.39164082e-02	1.54985189e-02	1.84178893e-02
1192            	-1.45982106e-03	2.56686043e-03	3.39156424e-02	1.54980001e-02	1.84176423e-02
1193            	-1.45994116e-03	2.56682629e-03	3.39149544e-02	1.54975360e-02	1.84174184e-02
1194            	-1.46006947e-03	2.56678840e-03	3.39142252e-02	1.54970431e-02	1.84171820e-02
1195            	-1.46019852e-03	2.56675020e-03	3.39134960e-02	1.54965495e-02	1.84169465e-02
1196            	-1.46032534e-03	2.56671283e-03	3.39127767e-02	1.54960630e-02	1.84167137e-02
1197            	-1.46044939e-03	2.56667643e-03	3.39120671e-02	1.54955842e-02	1.84164830e-02
1198            	-1.46057177e-03	2.56664067e-03	3.39113636e-02	1.54951100e-02	1.84162536e-02
1199            	-1.46069410e-03	2.56660502e-03	3.39106621e-02	1.54946370e-02	1.84160252e-02
1200            	-1.46081609e-03	2.56656947e-03	3.39099634e-02	1.54941656e-02	1.84157978e-02
1201            	-1.46093697e-03	2.56653425e-03	3.39092688e-02	1.54936974e-02	1.84155714e-02
1202            	-1.46105686e-03	2.56649935e-03	3.39085782e-02	1.54932323e-02	1.84153460e-02
1203            	-1.46117666e-03	2.56646448e-03	3.39078900e-02	1.54927683e-02	1.84151217e-02
1204            	-1.46129596e-03	2.56642974e-03	3.39072051e-02	1.54923066e-02	1.84148985e-02
1205            	-1.46141413e-03	2.56639532e-03	3.39065246e-02	1.54918482e-02	1.84146764e-02
1206            	-1.46153134e-03	2.56636121e-03	3.39058483e-02	1.54913928e-02	1.84144555e-02
1207            	-1.46164857e-03	2.56632712e-03	3.39051742e-02	1.54909385e-02	1.84142357e-02
1208            	-1.46176539e-03	2.56629312e-03	3.39045032e-02	1.54904862e-02	1.84140170e-02
1209            	-1.46188111e-03	2.56625943e-03	3.39038368e-02	1.54900373e-02	1.84137995e-02
1210            	-1.46199592e-03	2.56622601e-03	3.39031743e-02	1.54895912e-02	1.84135831e-02
1211            	-1.46211077e-03	2.56619260e-03	3.39025140e-02	1.54891462e-02	1.84133678e-02
1212            	-1.46222526e-03	2.56615926e-03	3.39018567e-02	1.54887031e-02	1.84131536e-02
1213            	-1.46233871e-03	2.56612619e-03	3.39012038e-02	1.54882632e-02	1.84129406e-02
1214            	-1.46245130e-03	2.56609338e-03	3.39005546e-02	1.54878260e-02	1.84127286e-02
1215            	-1.46256400e-03	2.56606055e-03	3.38999075e-02	1.54873898e-02	1.84125177e-02
1216            	-1.46267637e-03	2.56602777e-03	3.38992632e-02	1.54869552e-02	1.84123080e-02
1217            	-1.46278776e-03	2.56599525e-03	3.38986231e-02	1.54865238e-02	1.84120993e-02
1218            	-1.46289787e-03	2.56596314e-03	3.38979877e-02	1.54860960e-02	1.84118917e-02
1219            	-1.46300688e-03	2.56593149e-03	3.38973573e-02	1.54856718e-02	1.84116855e-02
1220            	-1.46311471e-03	2.56590025e-03	3.38967315e-02	1.54852510e-02	1.84114805e-02
1221            	-1.46322120e-03	2.56586944e-03	3.38961108e-02	1.54848342e-02	1.84112766e-02
1222            	-1.46332682e-03	2.56583891e-03	3.38954944e-02	1.54844204e-02	1.84110740e-02
1223            	-1.46343969e-03	2.56580516e-03	3.38948470e-02	1.54839838e-02	1.84108632e-02
1224            	-1.46353669e-03	2.56577838e-03	3.38942748e-02	1.54836007e-02	1.84106741e-02
1225            	-1.46363926e-03	2.56574892e-03	3.38936723e-02	1.54831969e-02	1.84104754e-02
1226            	-1.46374304e-03	2.56571887e-03	3.38930658e-02	1.54827899e-02	1.84102759e-02
1227            	-1.46384625e-03	2.56568907e-03	3.38924642e-02	1.54823858e-02	1.84100783e-02
1228            	-1.46394762e-03	2.56565987e-03	3.38918707e-02	1.54819877e-02	1.84098830e-02
1229            	-1.46404683e-03	2.56563139e-03	3.38912852e-02	1.54815958e-02	1.84096895e-02
1230            	-1.46414463e-03	2.56560341e-03	3.38907056e-02	1.54812082e-02	1.84094974e-02
1231            	-1.46424230e-03	2.56557554e-03	3.38901289e-02	1.54808222e-02	1.84093068e-02
1232            	-1.46433949e-03	2.56554780e-03	3.38895559e-02	1.54804385e-02	1.84091175e-02
1233            	-1.46443551e-03	2.56552039e-03	3.38889880e-02	1.54800585e-02	1.84089295e-02
1234            	-1.46453049e-03	2.56549330e-03	3.38884248e-02	1.54796819e-02	1.84087429e-02
1235            	-1.46463134e-03	2.56546355e-03	3.38878364e-02	1.54792869e-02	1.84085496e-02
1236            	-1.46471823e-03	2.56543995e-03	3.38873153e-02	1.54789394e-02	1.84083759e-02
1237            	-1.46481610e-03	2.56541123e-03	3.38867393e-02	1.54785536e-02	1.84081858e-02
1238            	-1.46490194e-03	2.56538785e-03	3.38862232e-02	1.54782096e-02	1.84080135e-02
1239            	-1.46500028e-03	2.56535888e-03	3.38856487e-02	1.54778241e-02	1.84078246e-02
1240            	-1.46509202e-03	2.56533275e-03	3.38851091e-02	1.54774625e-02	1.84076466e-02
1241            	-1.46518114e-03	2.56530750e-03	3.38845795e-02	1.54771086e-02	1.84074709e-02
1242            	-1.46526980e-03	2.56528235e-03	3.38840517e-02	1.54767561e-02	1.84072957e-02
1243            	-1.46535933e-03	2.56525688e-03	3.38835233e-02	1.54764023e-02	1.84071210e-02
1244            	-1.46544892e-03	2.56523129e-03	3.38829967e-02	1.54760494e-02	1.84069473e-02
1245            	-1.46553749e-03	2.56520593e-03	3.38824744e-02	1.54756997e-02	1.84067747e-02
1246            	-1.46562511e-03	2.56518082e-03	3.38819563e-02	1.54753531e-02	1.84066033e-02
1247            	-1.46571280e-03	2.56515569e-03	3.38814407e-02	1.54750075e-02	1.84064331e-02
1248            	-1.46580018e-03	2.56513062e-03	3.38809281e-02	1.54746639e-02	1.84062642e-02
1249            	-1.46588657e-03	2.56510581e-03	3.38804199e-02	1.54743234e-02	1.84060965e-02
1250            	-1.46596800e-03	2.56508307e-03	3.38799373e-02	1.54740006e-02	1.84059366e-02
1251            	-1.46605926e-03	2.56505588e-03	3.38794053e-02	1.54736434e-02	1.84057619e-02
1252            	-1.46614521e-03	2.56503111e-03	3.38789056e-02	1.54733076e-02	1.84055980e-02
1253            	-1.46622492e-03	2.56500892e-03	3.38784354e-02	1.54729928e-02	1.84054426e-02
1254            	-1.46631355e-03	2.56498256e-03	3.38779171e-02	1.54726450e-02	1.84052721e-02
1255            	-1.46639367e-03	2.56496013e-03	3.38774491e-02	1.54723309e-02	1.84051182e-02
1256            	-1.46648234e-03	2.56493375e-03	3.38769360e-02	1.54719856e-02	1.84049503e-02
1257            	-1.46656116e-03	2.56491165e-03	3.38764755e-02	1.54716766e-02	1.84047989e-02
1258            	-1.46664809e-03	2.56488578e-03	3.38759702e-02	1.54713370e-02	1.84046332e-02
1259            	-1.46672654e-03	2.56486378e-03	3.38755141e-02	1.54710305e-02	1.84044836e-02
1260            	-1.46681371e-03	2.56483779e-03	3.38750121e-02	1.54706923e-02	1.84043198e-02
1261            	-1.46689127e-03	2.56481595e-03	3.38745614e-02	1.54703894e-02	1.84041720e-02
1262            	-1.46697702e-03	2.56479033e-03	3.38740658e-02	1.54700559e-02	1.84040099e-02
1263            	-1.46705432e-03	2.56476855e-03	3.38736189e-02	1.54697552e-02	1.84038638e-02
1264            	-1.46714032e-03	2.56474281e-03	3.38731263e-02	1.54694229e-02	1.84037035e-02
1265            	-1.46721671e-03	2.56472119e-03	3.38726846e-02	1.54691256e-02	1.84035590e-02
1266            	-1.46730134e-03	2.56469583e-03	3.38721980e-02	1.54687977e-02	1.84034004e-02
1267            	-1.46737751e-03	2.56467427e-03	3.38717598e-02	1.54685024e-02	1.84032574e-02
1268            	-1.46746243e-03	2.56464877e-03	3.38712758e-02	1.54681755e-02	1.84031003e-02
1269            	-1.46753775e-03	2.56462738e-03	3.38708423e-02	1.54678834e-02	1.84029589e-02
1270            	-1.46762133e-03	2.56460225e-03	3.38703639e-02	1.54675606e-02	1.84028033e-02
1271            	-1.46769646e-03	2.56458091e-03	3.38699336e-02	1.54672703e-02	1.84026633e-02
1272            	-1.46778038e-03	2.56455564e-03	3.38694575e-02	1.54669484e-02	1.84025091e-02
1273            	-1.46785470e-03	2.56453446e-03	3.38690316e-02	1.54666611e-02	1.84023705e-02
1274            	-1.46793731e-03	2.56450955e-03	3.38685608e-02	1.54663431e-02	1.84022177e-02
1275            	-1.46801148e-03	2.56448842e-03	3.38681377e-02	1.54660574e-02	1.84020803e-02
1276            	-1.46809445e-03	2.56446336e-03	3.38676690e-02	1.54657400e-02	1.84019289e-02
1277            	-1.46816782e-03	2.56444239e-03	3.38672501e-02	1.54654572e-02	1.84017929e-02
1278            	-1.46824538e-03	2.56441947e-03	3.38668070e-02	1.54651581e-02	1.84016489e-02
1279            	-1.46832791e-03	2.56439440e-03	3.38663429e-02	1.54648435e-02	1.84014993e-02
1280            	-1.46840039e-03	2.56437373e-03	3.38659305e-02	1.54645648e-02	1.84013656e-02
1281            	-1.46847570e-03	2.56435158e-03	3.38654975e-02	1.54642731e-02	1.84012245e-02
1282            	-1.46855462e-03	2.56432778e-03	3.38650452e-02	1.54639680e-02	1.84010772e-02
1283            	-1.46862425e-03	2.56430817e-03	3.38646431e-02	1.54636973e-02	1.84009458e-02
1284            	-1.46869848e-03	2.56428648e-03	3.38642160e-02	1.54634095e-02	1.84008065e-02
1285            	-1.46877702e-03	2.56426277e-03	3.38637688e-02	1.54631074e-02	1.84006614e-02
1286            	-1.46884598e-03	2.56424323e-03	3.38633717e-02	1.54628399e-02	1.84005318e-02
1287            	-1.46891986e-03	2.56422154e-03	3.38629492e-02	1.54625547e-02	1.84003945e-02
1288            	-1.46899450e-03	2.56419945e-03	3.38625256e-02	1.54622683e-02	1.84002573e-02
1289            	-1.46906832e-03	2.56417759e-03	3.38621058e-02	1.54619846e-02	1.84001212e-02
1290            	-1.46914122e-03	2.56415607e-03	3.38616897e-02	1.54617036e-02	1.83999861e-02
1291            	-1.46921419e-03	2.56413457e-03	3.38612750e-02	1.54614233e-02	1.83998517e-02
1292            	-1.46928703e-03	2.56411310e-03	3.38608619e-02	1.54611439e-02	1.83997180e-02
1293            	-1.46935923e-03	2.56409181e-03	3.38604512e-02	1.54608664e-02	1.83995848e-02
1294            	-1.46943098e-03	2.56407065e-03	3.38600424e-02	1.54605902e-02	1.83994522e-02
1295            	-1.46950316e-03	2.56404938e-03	3.38596337e-02	1.54603137e-02	1.83993200e-02
1296            	-1.46957533e-03	2.56402807e-03	3.38592261e-02	1.54600377e-02	1.83991884e-02
1297            	-1.46964685e-03	2.56400693e-03	3.38588208e-02	1.54597636e-02	1.83990573e-02
1298            	-1.46971789e-03	2.56398593e-03	3.38584175e-02	1.54594909e-02	1.83989266e-02
1299            	-1.46978933e-03	2.56396482e-03	3.38580143e-02	1.54592178e-02	1.83987965e-02
1300            	-1.46986077e-03	2.56394367e-03	3.38576120e-02	1.54589452e-02	1.83986668e-02
1301            	-1.46993159e-03	2.56392269e-03	3.38572120e-02	1.54586744e-02	1.83985376e-02
1302            	-1.47000193e-03	2.56390186e-03	3.38568139e-02	1.54584050e-02	1.83984089e-02
1303            	-1.47007270e-03	2.56388091e-03	3.38564156e-02	1.54581351e-02	1.83982805e-02
1304            	-1.47014349e-03	2.56385993e-03	3.38560183e-02	1.54578657e-02	1.83981527e-02
1305            	-1.47021365e-03	2.56383911e-03	3.38556232e-02	1.54575980e-02	1.83980253e-02
1306            	-1.47028335e-03	2.56381844e-03	3.38552298e-02	1.54573316e-02	1.83978983e-02
1307            	-1.47035348e-03	2.56379765e-03	3.38548363e-02	1.54570647e-02	1.83977717e-02
1308            	-1.47042363e-03	2.56377683e-03	3.38544437e-02	1.54567982e-02	1.83976455e-02
1309            	-1.47049316e-03	2.56375617e-03	3.38540532e-02	1.54565334e-02	1.83975197e-02
1310            	-1.47056223e-03	2.56373566e-03	3.38536643e-02	1.54562699e-02	1.83973944e-02
1311            	-1.47063174e-03	2.56371503e-03	3.38532753e-02	1.54560059e-02	1.83972694e-02
1312            	-1.47070127e-03	2.56369438e-03	3.38528870e-02	1.54557422e-02	1.83971448e-02
1313            	-1.47077019e-03	2.56367388e-03	3.38525008e-02	1.54554802e-02	1.83970206e-02
1314            	-1.47083864e-03	2.56365353e-03	3.38521163e-02	1.54552195e-02	1.83968968e-02
1315            	-1.47090754e-03	2.56363307e-03	3.38517315e-02	1.54549582e-02	1.83967733e-02
1316            	-1.47097645e-03	2.56361259e-03	3.38513475e-02	1.54546973e-02	1.83966502e-02
1317            	-1.47104475e-03	2.56359226e-03	3.38509655e-02	1.54544380e-02	1.83965275e-02
1318            	-1.47111259e-03	2.56357208e-03	3.38505851e-02	1.54541799e-02	1.83964051e-02
1319            	-1.47118087e-03	2.56355180e-03	3.38502044e-02	1.54539213e-02	1.83962831e-02
1320            	-1.47124917e-03	2.56353149e-03	3.38498245e-02	1.54536631e-02	1.83961614e-02
1321            	-1.47131686e-03	2.56351134e-03	3.38494465e-02	1.54534064e-02	1.83960401e-02
1322            	-1.47138409e-03	2.56349134e-03	3.38490701e-02	1.54531510e-02	1.83959192e-02
1323            	-1.47145175e-03	2.56347123e-03	3.38486934e-02	1.54528950e-02	1.83957985e-02
1324            	-1.47151944e-03	2.56345109e-03	3.38483175e-02	1.54526393e-02	1.83956782e-02
1325            	-1.47158653e-03	2.56343112e-03	3.38479435e-02	1.54523852e-02	1.83955583e-02
1326            	-1.47165316e-03	2.56341129e-03	3.38475709e-02	1.54521323e-02	1.83954386e-02
1327            	-1.47172025e-03	2.56339136e-03	3.38471980e-02	1.54518788e-02	1.83953193e-02
1328            	-1.47178737e-03	2.56337139e-03	3.38468258e-02	1.54516255e-02	1.83952003e-02
1329            	-1.47185388e-03	2.56335158e-03	3.38464555e-02	1.54513739e-02	1.83950816e-02
1330            	-1.47191994e-03	2.56333192e-03	3.38460867e-02	1.54511234e-02	1.83949633e-02
1331            	-1.47198644e-03	2.56331216e-03	3.38457175e-02	1.54508723e-02	1.83948452e-02
1332            	-1.47205297e-03	2.56329236e-03	3.38453490e-02	1.54506215e-02	1.83947275e-02
1333            	-1.47211890e-03	2.56327273e-03	3.38449824e-02	1.54503723e-02	1.83946101e-02
1334            	-1.47218438e-03	2.56325325e-03	3.38446172e-02	1.54501242e-02	1.83944930e-02
1335            	-1.47225030e-03	2.56323366e-03	3.38442517e-02	1.54498755e-02	1.83943761e-02
1336            	-1.47231625e-03	2.56321404e-03	3.38438868e-02	1.54496271e-02	1.83942596e-02
1337            	-1.47238159e-03	2.56319458e-03	3.38435238e-02	1.54493803e-02	1.83941435e-02
1338            	-1.47244649e-03	2.56317528e-03	3.38431622e-02	1.54491346e-02	1.83940276e-02
1339            	-1.47251183e-03	2.56315587e-03	3.38428002e-02	1.54488883e-02	1.83939119e-02
1340            	-1.47257719e-03	2.56313643e-03	3.38424389e-02	1.54486422e-02	1.83937966e-02
1341            	-1.47264195e-03	2.56311716e-03	3.38420794e-02	1.54483978e-02	1.83936817e-02
1342            	-1.47270626e-03	2.56309804e-03	3.38417214e-02	1.54481544e-02	1.83935670e-02
1343            	-1.47277100e-03	2.56307881e-03	3.38413630e-02	1.54479105e-02	1.83934525e-02
1344            	-1.47283577e-03	2.56305956e-03	3.38410052e-02	1.54476668e-02	1.83933384e-02
1345            	-1.47289993e-03	2.56304047e-03	3.38406493e-02	1.54474247e-02	1.83932246e-02
1346            	-1.47296363e-03	2.56302154e-03	3.38402949e-02	1.54471838e-02	1.83931111e-02
1347            	-1.47302777e-03	2.56300251e-03	3.38399400e-02	1.54469422e-02	1.83929978e-02
1348            	-1.47309193e-03	2.56298345e-03	3.38395858e-02	1.54467010e-02	1.83928848e-02
1349            	-1.47315547e-03	2.56296456e-03	3.38392335e-02	1.54464613e-02	1.83927722e-02
1350            	-1.47321855e-03	2.56294583e-03	3.38388826e-02	1.54462227e-02	1.83926598e-02
1351            	-1.47328204e-03	2.56292700e-03	3.38385314e-02	1.54459836e-02	1.83925477e-02
1352            	-1.47334799e-03	2.56290707e-03	3.38381678e-02	1.54457359e-02	1.83924319e-02
1353            	-1.47340664e-03	2.56289028e-03	3.38378401e-02	1.54455134e-02	1.83923267e-02
1354            	-1.47346844e-03	2.56287205e-03	3.38374935e-02	1.54452783e-02	1.83922152e-02
1355            	-1.47353126e-03	2.56285342e-03	3.38371446e-02	1.54450410e-02	1.83921035e-02
1356            	-1.47359386e-03	2.56283484e-03	3.38367974e-02	1.54448048e-02	1.83919926e-02
1357            	-1.47365548e-03	2.56281656e-03	3.38364527e-02	1.54445709e-02	1.83918818e-02
1358            	-1.47371597e-03	2.56279869e-03	3.38361119e-02	1.54443400e-02	1.83917719e-02
1359            	-1.47377605e-03	2.56278109e-03	3.38357729e-02	1.54441104e-02	1.83916625e-02
1360            	-1.47383537e-03	2.56276395e-03	3.38354388e-02	1.54438840e-02	1.83915548e-02
1361            	-1.47389716e-03	2.56274534e-03	3.38351006e-02	1.54436531e-02	1.83914474e-02
1362            	-1.47395675e-03	2.56272757e-03	3.38347685e-02	1.54434275e-02	1.83913410e-02
1363            	-1.47401479e-03	2.56271062e-03	3.38344413e-02	1.54432058e-02	1.83912354e-02
1364            	-1.47407160e-03	2.56269423e-03	3.38341175e-02	1.54429872e-02	1.83911304e-02
1365            	-1.47412711e-03	2.56267832e-03	3.38337972e-02	1.54427715e-02	1.83910257e-02
1366            	-1.47418184e-03	2.56266267e-03	3.38334792e-02	1.54425578e-02	1.83909214e-02
1367            	-1.47423683e-03	2.56264698e-03	3.38331617e-02	1.54423440e-02	1.83908177e-02
1368            	-1.47429169e-03	2.56263129e-03	3.38328457e-02	1.54421312e-02	1.83907145e-02
1369            	-1.47434564e-03	2.56261586e-03	3.38325329e-02	1.54419208e-02	1.83906121e-02
1370            	-1.47439887e-03	2.56260067e-03	3.38322227e-02	1.54417125e-02	1.83905102e-02
1371            	-1.47445225e-03	2.56258547e-03	3.38319136e-02	1.54415046e-02	1.83904091e-02
1372            	-1.47450542e-03	2.56257032e-03	3.38316063e-02	1.54412977e-02	1.83903086e-02
1373            	-1.47455769e-03	2.56255543e-03	3.38313022e-02	1.54410934e-02	1.83902088e-02
1374            	-1.47460921e-03	2.56254079e-03	3.38310009e-02	1.54408913e-02	1.83901097e-02
1375            	-1.47466090e-03	2.56252614e-03	3.38307007e-02	1.54406895e-02	1.83900113e-02
1376            	-1.47471239e-03	2.56251154e-03	3.38304024e-02	1.54404888e-02	1.83899136e-02
1377            	-1.47476298e-03	2.56249718e-03	3.38301074e-02	1.54402907e-02	1.83898167e-02
1378            	-1.47481290e-03	2.56248302e-03	3.38298146e-02	1.54400944e-02	1.83897202e-02
1379            	-1.47485999e-03	2.56247039e-03	3.38295280e-02	1.54399040e-02	1.83896240e-02
1380            	-1.47490773e-03	2.56245739e-03	3.38292412e-02	1.54397129e-02	1.83895283e-02
1381            	-1.47495824e-03	2.56244269e-03	3.38289512e-02	1.54395173e-02	1.83894338e-02
1382            	-1.47500705e-03	2.56242861e-03	3.38286677e-02	1.54393268e-02	1.83893409e-02
1383            	-1.47505475e-03	2.56241513e-03	3.38283891e-02	1.54391398e-02	1.83892493e-02
1384            	-1.47510141e-03	2.56240213e-03	3.38281144e-02	1.54389558e-02	1.83891586e-02
1385            	-1.47514673e-03	2.56238962e-03	3.38278437e-02	1.54387751e-02	1.83890686e-02
1386            	-1.47519113e-03	2.56237742e-03	3.38275760e-02	1.54385969e-02	1.83889792e-02
1387            	-1.47523571e-03	2.56236518e-03	3.38273096e-02	1.54384191e-02	1.83888905e-02
1388            	-1.47528006e-03	2.56235297e-03	3.38270453e-02	1.54382426e-02	1.83888027e-02
1389            	-1.47532346e-03	2.56234101e-03	3.38267846e-02	1.54380689e-02	1.83887158e-02
1390            	-1.47536610e-03	2.56232929e-03	3.38265271e-02	1.54378974e-02	1.83886296e-02
1391            	-1.47540895e-03	2.56231754e-03	3.38262707e-02	1.54377264e-02	1.83885443e-02
1392            	-1.47545162e-03	2.56230581e-03	3.38260164e-02	1.54375566e-02	1.83884598e-02
1393            	-1.47549089e-03	2.56229537e-03	3.38257787e-02	1.54373985e-02	1.83883802e-02
1394            	-1.47553355e-03	2.56228338e-03	3.38255229e-02	1.54372279e-02	1.83882950e-02
1395            	-1.47557617e-03	2.56227146e-03	3.38252707e-02	1.54370592e-02	1.83882115e-02
1396            	-1.47561788e-03	2.56225988e-03	3.38250236e-02	1.54368939e-02	1.83881297e-02
1397            	-1.47565817e-03	2.56224876e-03	3.38247820e-02	1.54367328e-02	1.83880491e-02
1398            	-1.47569761e-03	2.56223795e-03	3.38245438e-02	1.54365743e-02	1.83879695e-02
1399            	-1.47573740e-03	2.56222708e-03	3.38243063e-02	1.54364158e-02	1.83878906e-02
1400            	-1.47577657e-03	2.56221638e-03	3.38240718e-02	1.54362593e-02	1.83878125e-02
1401            	-1.47581421e-03	2.56220618e-03	3.38238420e-02	1.54361068e-02	1.83877352e-02
1402            	-1.47585061e-03	2.56219644e-03	3.38236164e-02	1.54359576e-02	1.83876588e-02
1403            	-1.47588714e-03	2.56218668e-03	3.38233923e-02	1.54358090e-02	1.83875833e-02
1404            	-1.47592374e-03	2.56217685e-03	3.38231696e-02	1.54356610e-02	1.83875085e-02
1405            	-1.47595986e-03	2.56216710e-03	3.38229494e-02	1.54355148e-02	1.83874345e-02
1406            	-1.47599348e-03	2.56215858e-03	3.38227349e-02	1.54353740e-02	1.83873609e-02
1407            	-1.47602836e-03	2.56214953e-03	3.38225187e-02	1.54352310e-02	1.83872877e-02
1408            	-1.47606411e-03	2.56213997e-03	3.38223019e-02	1.54350868e-02	1.83872151e-02
1409            	-1.47609964e-03	2.56213031e-03	3.38220872e-02	1.54349440e-02	1.83871433e-02
1410            	-1.47613476e-03	2.56212072e-03	3.38218751e-02	1.54348028e-02	1.83870723e-02
1411            	-1.47617017e-03	2.56211106e-03	3.38216640e-02	1.54346618e-02	1.83870022e-02
1412            	-1.47620544e-03	2.56210142e-03	3.38214547e-02	1.54345219e-02	1.83869328e-02
1413            	-1.47623995e-03	2.56209200e-03	3.38212483e-02	1.54343842e-02	1.83868641e-02
1414            	-1.47627392e-03	2.56208275e-03	3.38210443e-02	1.54342482e-02	1.83867961e-02
1415            	-1.47630823e-03	2.56207341e-03	3.38208408e-02	1.54341122e-02	1.83867286e-02
1416            	-1.47634250e-03	2.56206403e-03	3.38206386e-02	1.54339768e-02	1.83866618e-02
1417            	-1.47637612e-03	2.56205481e-03	3.38204390e-02	1.54338434e-02	1.83865956e-02
1418            	-1.47640926e-03	2.56204572e-03	3.38202414e-02	1.54337114e-02	1.83865300e-02
1419            	-1.47644280e-03	2.56203653e-03	3.38200441e-02	1.54335792e-02	1.83864648e-02
1420            	-1.47647635e-03	2.56202729e-03	3.38198479e-02	1.54334476e-02	1.83864003e-02
1421            	-1.47650928e-03	2.56201820e-03	3.38196540e-02	1.54333177e-02	1.83863363e-02
1422            	-1.47654177e-03	2.56200924e-03	3.38194618e-02	1.54331892e-02	1.83862727e-02
1423            	-1.47657467e-03	2.56200017e-03	3.38192698e-02	1.54330602e-02	1.83862096e-02
1424            	-1.47660760e-03	2.56199105e-03	3.38190787e-02	1.54329318e-02	1.83861470e-02
1425            	-1.47664167e-03	2.56198117e-03	3.38188868e-02	1.54328017e-02	1.83860851e-02
1426            	-1.47667282e-03	2.56197266e-03	3.38187017e-02	1.54326780e-02	1.83860237e-02
1427            	-1.47670611e-03	2.56196319e-03	3.38185133e-02	1.54325505e-02	1.83859628e-02
1428            	-1.47673904e-03	2.56195384e-03	3.38183266e-02	1.54324243e-02	1.83859023e-02
1429            	-1.47677090e-03	2.56194488e-03	3.38181431e-02	1.54323007e-02	1.83858425e-02
1430            	-1.47680207e-03	2.56193619e-03	3.38179616e-02	1.54321787e-02	1.83857829e-02
1431            	-1.47683358e-03	2.56192745e-03	3.38177800e-02	1.54320564e-02	1.83857236e-02
1432            	-1.47686514e-03	2.56191865e-03	3.38175989e-02	1.54319343e-02	1.83856646e-02
1433            	-1.47689615e-03	2.56190999e-03	3.38174196e-02	1.54318136e-02	1.83856059e-02
1434            	-1.47692680e-03	2.56190143e-03	3.38172416e-02	1.54316940e-02	1.83855476e-02
1435            	-1.47695790e-03	2.56189274e-03	3.38170634e-02	1.54315738e-02	1.83854896e-02
1436            	-1.47698907e-03	2.56188400e-03	3.38168857e-02	1.54314538e-02	1.83854319e-02
1437            	-1.47701966e-03	2.56187541e-03	3.38167100e-02	1.54313353e-02	1.83853747e-02
1438            	-1.47704986e-03	2.56186695e-03	3.38165356e-02	1.54312180e-02	1.83853177e-02
1439            	-1.47708049e-03	2.56185838e-03	3.38163611e-02	1.54311001e-02	1.83852610e-02
1440            	-1.47711117e-03	2.56184977e-03	3.38161871e-02	1.54309824e-02	1.83852047e-02
1441            	-1.47714125e-03	2.56184131e-03	3.38160150e-02	1.54308662e-02	1.83851487e-02
1442            	-1.47717093e-03	2.56183298e-03	3.38158442e-02	1.54307512e-02	1.83850931e-02
1443            	-1.47720104e-03	2.56182455e-03	3.38156733e-02	1.54306356e-02	1.83850377e-02
1444            	-1.47723120e-03	2.56181607e-03	3.38155029e-02	1.54305202e-02	1.83849826e-02
1445            	-1.47726077e-03	2.56180775e-03	3.38153343e-02	1.54304064e-02	1.83849279e-02
1446            	-1.47728994e-03	2.56179955e-03	3.38151671e-02	1.54302936e-02	1.83848735e-02
1447            	-1.47731955e-03	2.56179126e-03	3.38149996e-02	1.54301803e-02	1.83848193e-02
1448            	-1.47734922e-03	2.56178291e-03	3.38148325e-02	1.54300670e-02	1.83847655e-02
1449            	-1.47737830e-03	2.56177472e-03	3.38146673e-02	1.54299553e-02	1.83847119e-02
1450            	-1.47740699e-03	2.56176666e-03	3.38145032e-02	1.54298446e-02	1.83846586e-02
1451            	-1.47743613e-03	2.56175849e-03	3.38143389e-02	1.54297333e-02	1.83846056e-02
1452            	-1.47746534e-03	2.56175027e-03	3.38141749e-02	1.54296221e-02	1.83845528e-02
1453            	-1.47749399e-03	2.56174219e-03	3.38140126e-02	1.54295123e-02	1.83845003e-02
1454            	-1.47752225e-03	2.56173425e-03	3.38138515e-02	1.54294035e-02	1.83844480e-02
1455            	-1.47755095e-03	2.56172620e-03	3.38136901e-02	1.54292941e-02	1.83843960e-02
1456            	-1.47757975e-03	2.56171809e-03	3.38135288e-02	1.54291847e-02	1.83843442e-02
1457            	-1.47760798e-03	2.56171013e-03	3.38133694e-02	1.54290767e-02	1.83842927e-02
1458            	-1.47763584e-03	2.56170229e-03	3.38132110e-02	1.54289696e-02	1.83842413e-02
1459            	-1.47766416e-03	2.56169435e-03	3.38130522e-02	1.54288619e-02	1.83841902e-02
1460            	-1.47769258e-03	2.56168634e-03	3.38128935e-02	1.54287542e-02	1.83841393e-02
1461            	-1.47772043e-03	2.56167848e-03	3.38127365e-02	1.54286478e-02	1.83840887e-02
1462            	-1.47774834e-03	2.56167056e-03	3.38125780e-02	1.54285407e-02	1.83840373e-02
1463            	-1.47777658e-03	2.56166259e-03	3.38124193e-02	1.54284330e-02	1.83839862e-02
1464            	-1.47780382e-03	2.56165501e-03	3.38122651e-02	1.54283288e-02	1.83839364e-02
1465            	-1.47782933e-03	2.56164804e-03	3.38121167e-02	1.54282290e-02	1.83838877e-02
1466            	-1.47785413e-03	2.56164136e-03	3.38119700e-02	1.54281309e-02	1.83838391e-02
1467            	-1.47787955e-03	2.56163452e-03	3.38118222e-02	1.54280315e-02	1.83837906e-02
1468            	-1.47790505e-03	2.56162764e-03	3.38116746e-02	1.54279322e-02	1.83837424e-02
1469            	-1.47792972e-03	2.56162099e-03	3.38115294e-02	1.54278350e-02	1.83836944e-02
1470            	-1.47795371e-03	2.56161456e-03	3.38113862e-02	1.54277394e-02	1.83836468e-02
1471            	-1.47797802e-03	2.56160807e-03	3.38112431e-02	1.54276435e-02	1.83835996e-02
1472            	-1.47800225e-03	2.56160160e-03	3.38111012e-02	1.54275483e-02	1.83835528e-02
1473            	-1.47802559e-03	2.56159540e-03	3.38109619e-02	1.54274554e-02	1.83835065e-02
1474            	-1.47804828e-03	2.56158942e-03	3.38108247e-02	1.54273641e-02	1.83834606e-02
1475            	-1.47807136e-03	2.56158337e-03	3.38106876e-02	1.54272724e-02	1.83834151e-02
1476            	-1.47809438e-03	2.56157732e-03	3.38105515e-02	1.54271814e-02	1.83833701e-02
1477            	-1.47811655e-03	2.56157152e-03	3.38104181e-02	1.54270925e-02	1.83833256e-02
1478            	-1.47813727e-03	2.56156625e-03	3.38102912e-02	1.54270083e-02	1.83832829e-02
1479            	-1.47815992e-03	2.56156032e-03	3.38101568e-02	1.54269185e-02	1.83832383e-02
1480            	-1.47818247e-03	2.56155438e-03	3.38100239e-02	1.54268295e-02	1.83831944e-02
1481            	-1.47820382e-03	2.56154880e-03	3.38098952e-02	1.54267438e-02	1.83831514e-02
1482            	-1.47822436e-03	2.56154349e-03	3.38097692e-02	1.54266602e-02	1.83831090e-02
1483            	-1.47824531e-03	2.56153810e-03	3.38096434e-02	1.54265764e-02	1.83830670e-02
1484            	-1.47826629e-03	2.56153268e-03	3.38095184e-02	1.54264929e-02	1.83830255e-02
1485            	-1.47828490e-03	2.56152809e-03	3.38094042e-02	1.54264172e-02	1.83829870e-02
1486            	-1.47830515e-03	2.56152280e-03	3.38092807e-02	1.54263352e-02	1.83829455e-02
1487            	-1.47832599e-03	2.56151733e-03	3.38091568e-02	1.54262524e-02	1.83829044e-02
1488            	-1.47834660e-03	2.56151193e-03	3.38090350e-02	1.54261709e-02	1.83828641e-02
1489            	-1.47836625e-03	2.56150682e-03	3.38089166e-02	1.54260920e-02	1.83828245e-02
1490            	-1.47838530e-03	2.56150194e-03	3.38088004e-02	1.54260149e-02	1.83827855e-02
1491            	-1.47840478e-03	2.56149697e-03	3.38086842e-02	1.54259373e-02	1.83827469e-02
1492            	-1.47842435e-03	2.56149194e-03	3.38085687e-02	1.54258600e-02	1.83827087e-02
1493            	-1.47844333e-03	2.56148706e-03	3.38084550e-02	1.54257842e-02	1.83826708e-02
1494            	-1.47846189e-03	2.56148231e-03	3.38083429e-02	1.54257095e-02	1.83826333e-02
1495            	-1.47848093e-03	2.56147743e-03	3.38082304e-02	1.54256343e-02	1.83825961e-02
1496            	-1.47850004e-03	2.56147249e-03	3.38081185e-02	1.54255592e-02	1.83825593e-02
1497            	-1.47851855e-03	2.56146770e-03	3.38080085e-02	1.54254857e-02	1.83825228e-02
1498            	-1.47853666e-03	2.56146304e-03	3.38078999e-02	1.54254133e-02	1.83824866e-02
1499            	-1.47855526e-03	2.56145825e-03	3.38077909e-02	1.54253402e-02	1.83824507e-02
1500            	-1.47857513e-03	2.56145300e-03	3.38076767e-02	1.54252632e-02	1.83824135e-02
1501            	-1.47859206e-03	2.56144868e-03	3.38075760e-02	1.54251960e-02	1.83823801e-02
1502            	-1.47861040e-03	2.56144394e-03	3.38074671e-02	1.54251231e-02	1.83823439e-02
1503            	-1.47862767e-03	2.56143955e-03	3.38073662e-02	1.54250555e-02	1.83823108e-02
1504            	-1.47864699e-03	2.56143448e-03	3.38072558e-02	1.54249809e-02	1.83822749e-02
1505            	-1.47866494e-03	2.56142976e-03	3.38071515e-02	1.54249108e-02	1.83822407e-02
1506            	-1.47868214e-03	2.56142532e-03	3.38070498e-02	1.54248428e-02	1.83822071e-02
1507            	-1.47869990e-03	2.56142073e-03	3.38069473e-02	1.54247738e-02	1.83821736e-02
1508            	-1.47871792e-03	2.56141603e-03	3.38068446e-02	1.54247044e-02	1.83821402e-02
1509            	-1.47873542e-03	2.56141145e-03	3.38067433e-02	1.54246362e-02	1.83821071e-02
1510            	-1.47875255e-03	2.56140699e-03	3.38066431e-02	1.54245690e-02	1.83820741e-02
1511            	-1.47877025e-03	2.56140238e-03	3.38065421e-02	1.54245008e-02	1.83820413e-02
1512            	-1.47878810e-03	2.56139769e-03	3.38064414e-02	1.54244326e-02	1.83820088e-02
1513            	-1.47880534e-03	2.56139315e-03	3.38063424e-02	1.54243659e-02	1.83819765e-02
1514            	-1.47882219e-03	2.56138875e-03	3.38062445e-02	1.54243001e-02	1.83819445e-02
1515            	-1.47883962e-03	2.56138419e-03	3.38061458e-02	1.54242333e-02	1.83819125e-02
1516            	-1.47885722e-03	2.56137955e-03	3.38060473e-02	1.54241664e-02	1.83818809e-02
1517            	-1.47887424e-03	2.56137506e-03	3.38059503e-02	1.54241009e-02	1.83818494e-02
1518            	-1.47889088e-03	2.56137070e-03	3.38058545e-02	1.54240364e-02	1.83818181e-02
1519            	-1.47890810e-03	2.56136618e-03	3.38057577e-02	1.54239708e-02	1.83817870e-02
1520            	-1.47892550e-03	2.56136158e-03	3.38056611e-02	1.54239050e-02	1.83817560e-02
1521            	-1.47894232e-03	2.56135712e-03	3.38055659e-02	1.54238407e-02	1.83817253e-02
1522            	-1.47895877e-03	2.56135280e-03	3.38054718e-02	1.54237772e-02	1.83816947e-02
1523            	-1.47897581e-03	2.56134832e-03	3.38053768e-02	1.54237126e-02	1.83816642e-02
1524            	-1.47899303e-03	2.56134375e-03	3.38052818e-02	1.54236479e-02	1.83816339e-02
1525            	-1.47900969e-03	2.56133932e-03	3.38051883e-02	1.54235844e-02	1.83816038e-02
1526            	-1.47902597e-03	2.56133503e-03	3.38050957e-02	1.54235219e-02	1.83815738e-02
1527            	-1.47904286e-03	2.56133057e-03	3.38050022e-02	1.54234582e-02	1.83815439e-02
1528            	-1.47905993e-03	2.56132603e-03	3.38049086e-02	1.54233944e-02	1.83815142e-02
1529            	-1.47907644e-03	2.56132164e-03	3.38048164e-02	1.54233318e-02	1.83814847e-02
1530            	-1.47909258e-03	2.56131737e-03	3.38047252e-02	1.54232700e-02	1.83814552e-02
1531            	-1.47910933e-03	2.56131294e-03	3.38046330e-02	1.54232072e-02	1.83814258e-02
1532            	-1.47912627e-03	2.56130843e-03	3.38045407e-02	1.54231441e-02	1.83813966e-02
1533            	-1.47914265e-03	2.56130406e-03	3.38044498e-02	1.54230822e-02	1.83813675e-02
1534            	-1.47915867e-03	2.56129981e-03	3.38043597e-02	1.54230212e-02	1.83813385e-02
1535            	-1.47917530e-03	2.56129541e-03	3.38042686e-02	1.54229590e-02	1.83813096e-02
1536            	-1.47919212e-03	2.56129091e-03	3.38041774e-02	1.54228966e-02	1.83812808e-02
1537            	-1.47920840e-03	2.56128656e-03	3.38040876e-02	1.54228354e-02	1.83812522e-02
1538            	-1.47922432e-03	2.56128234e-03	3.38039986e-02	1.54227750e-02	1.83812236e-02
1539            	-1.47924084e-03	2.56127796e-03	3.38039085e-02	1.54227134e-02	1.83811951e-02
1540            	-1.47925756e-03	2.56127348e-03	3.38038182e-02	1.54226515e-02	1.83811667e-02
1541            	-1.47927375e-03	2.56126915e-03	3.38037293e-02	1.54225909e-02	1.83811384e-02
1542            	-1.47928957e-03	2.56126494e-03	3.38036412e-02	1.54225310e-02	1.83811102e-02
1543            	-1.47930600e-03	2.56126058e-03	3.38035520e-02	1.54224700e-02	1.83810820e-02
1544            	-1.47932264e-03	2.56125613e-03	3.38034626e-02	1.54224087e-02	1.83810539e-02
1545            	-1.47933874e-03	2.56125181e-03	3.38033745e-02	1.54223485e-02	1.83810260e-02
1546            	-1.47935449e-03	2.56124762e-03	3.38032872e-02	1.54222891e-02	1.83809981e-02
1547            	-1.47937084e-03	2.56124328e-03	3.38031988e-02	1.54222286e-02	1.83809702e-02
1548            	-1.47938741e-03	2.56123884e-03	3.38031101e-02	1.54221677e-02	1.83809425e-02
1549            	-1.47940343e-03	2.56123454e-03	3.38030228e-02	1.54221080e-02	1.83809148e-02
1550            	-1.47941911e-03	2.56123037e-03	3.38029362e-02	1.54220490e-02	1.83808872e-02
1551            	-1.47943540e-03	2.56122604e-03	3.38028484e-02	1.54219888e-02	1.83808596e-02
1552            	-1.47945189e-03	2.56122162e-03	3.38027604e-02	1.54219283e-02	1.83808321e-02
1553            	-1.47946785e-03	2.56121734e-03	3.38026737e-02	1.54218690e-02	1.83808047e-02
1554            	-1.47948346e-03	2.56121318e-03	3.38025877e-02	1.54218104e-02	1.83807773e-02
1555            	-1.47949968e-03	2.56120886e-03	3.38025005e-02	1.54217506e-02	1.83807499e-02
1556            	-1.47951611e-03	2.56120446e-03	3.38024131e-02	1.54216905e-02	1.83807227e-02
1557            	-1.47953200e-03	2.56120020e-03	3.38023270e-02	1.54216315e-02	1.83806955e-02
1558            	-1.47954755e-03	2.56119605e-03	3.38022416e-02	1.54215733e-02	1.83806683e-02
1559            	-1.47956370e-03	2.56119176e-03	3.38021550e-02	1.54215138e-02	1.83806412e-02
1560            	-1.47958008e-03	2.56118737e-03	3.38020681e-02	1.54214540e-02	1.83806141e-02
1561            	-1.47959591e-03	2.56118312e-03	3.38019825e-02	1.54213953e-02	1.83805872e-02
1562            	-1.47961140e-03	2.56117899e-03	3.38018976e-02	1.54213374e-02	1.83805602e-02
1563            	-1.47962750e-03	2.56117471e-03	3.38018115e-02	1.54212782e-02	1.83805332e-02
1564            	-1.47964382e-03	2.56117033e-03	3.38017251e-02	1.54212187e-02	1.83805064e-02
1565            	-1.47965961e-03	2.56116610e-03	3.38016399e-02	1.54211604e-02	1.83804796e-02
1566            	-1.47967504e-03	2.56116198e-03	3.38015555e-02	1.54211027e-02	1.83804528e-02
1567            	-1.47969109e-03	2.56115771e-03	3.38014698e-02	1.54210438e-02	1.83804260e-02
1568            	-1.47970736e-03	2.56115335e-03	3.38013839e-02	1.54209846e-02	1.83803993e-02
1569            	-1.47972310e-03	2.56114913e-03	3.38012992e-02	1.54209265e-02	1.83803727e-02
1570            	-1.47973849e-03	2.56114503e-03	3.38012151e-02	1.54208691e-02	1.83803460e-02
1571            	-1.47975449e-03	2.56114078e-03	3.38011299e-02	1.54208104e-02	1.83803194e-02
1572            	-1.47977071e-03	2.56113643e-03	3.38010443e-02	1.54207514e-02	1.83802929e-02
1573            	-1.47978640e-03	2.56113223e-03	3.38009600e-02	1.54206936e-02	1.83802664e-02
1574            	-1.47980175e-03	2.56112814e-03	3.38008763e-02	1.54206364e-02	1.83802399e-02
1575            	-1.47981771e-03	2.56112390e-03	3.38007914e-02	1.54205780e-02	1.83802134e-02
1576            	-1.47983389e-03	2.56111957e-03	3.38007062e-02	1.54205192e-02	1.83801870e-02
1577            	-1.47984954e-03	2.56111537e-03	3.38006222e-02	1.54204616e-02	1.83801607e-02
1578            	-1.47986484e-03	2.56111130e-03	3.38005389e-02	1.54204046e-02	1.83801343e-02
1579            	-1.47988076e-03	2.56110707e-03	3.38004544e-02	1.54203464e-02	1.83801079e-02
1580            	-1.47989690e-03	2.56110275e-03	3.38003695e-02	1.54202878e-02	1.83800816e-02
1581            	-1.47991251e-03	2.56109857e-03	3.38002858e-02	1.54202304e-02	1.83800554e-02
1582            	-1.47992777e-03	2.56109452e-03	3.38002029e-02	1.54201737e-02	1.83800292e-02
1583            	-1.47994365e-03	2.56109030e-03	3.38001186e-02	1.54201157e-02	1.83800030e-02
1584            	-1.47995976e-03	2.56108599e-03	3.38000340e-02	1.54200573e-02	1.83799768e-02
1585            	-1.47997533e-03	2.56108183e-03	3.37999507e-02	1.54200000e-02	1.83799507e-02
1586            	-1.47999055e-03	2.56107778e-03	3.37998680e-02	1.54199435e-02	1.83799246e-02
1587            	-1.48000639e-03	2.56107358e-03	3.37997841e-02	1.54198856e-02	1.83798984e-02
1588            	-1.48002229e-03	2.56106935e-03	3.37997002e-02	1.54198278e-02	1.83798724e-02
1589            	-1.48003680e-03	2.56106557e-03	3.37996200e-02	1.54197732e-02	1.83798468e-02
1590            	-1.48005073e-03	2.56106204e-03	3.37995404e-02	1.54197194e-02	1.83798209e-02
1591            	-1.48006496e-03	2.56105850e-03	3.37994604e-02	1.54196652e-02	1.83797952e-02
1592            	-1.48007924e-03	2.56105493e-03	3.37993808e-02	1.54196112e-02	1.83797697e-02
1593            	-1.48009304e-03	2.56105148e-03	3.37993027e-02	1.54195583e-02	1.83797444e-02
1594            	-1.48010662e-03	2.56104809e-03	3.37992251e-02	1.54195059e-02	1.83797192e-02
1595            	-1.48012093e-03	2.56104450e-03	3.37991462e-02	1.54194522e-02	1.83796940e-02
1596            	-1.48013553e-03	2.56104079e-03	3.37990669e-02	1.54193979e-02	1.83796690e-02
1597            	-1.48014961e-03	2.56103720e-03	3.37989888e-02	1.54193448e-02	1.83796440e-02
1598            	-1.48016331e-03	2.56103373e-03	3.37989116e-02	1.54192925e-02	1.83796191e-02
1599            	-1.48017758e-03	2.56103014e-03	3.37988333e-02	1.54192391e-02	1.83795942e-02
1600            	-1.48019202e-03	2.56102646e-03	3.37987549e-02	1.54191854e-02	1.83795695e-02
1601            	-1.48020592e-03	2.56102292e-03	3.37986779e-02	1.54191330e-02	1.83795449e-02
1602            	-1.48021945e-03	2.56101951e-03	3.37986016e-02	1.54190814e-02	1.83795203e-02
1603            	-1.48023356e-03	2.56101596e-03	3.37985243e-02	1.54190286e-02	1.83794957e-02
1604            	-1.48024789e-03	2.56101231e-03	3.37984468e-02	1.54189755e-02	1.83794713e-02
1605            	-1.48026169e-03	2.56100880e-03	3.37983706e-02	1.54189236e-02	1.83794470e-02
1606            	-1.48027514e-03	2.56100540e-03	3.37982951e-02	1.54188724e-02	1.83794227e-02
1607            	-1.48028919e-03	2.56100186e-03	3.37982185e-02	1.54188201e-02	1.83793984e-02
1608            	-1.48030346e-03	2.56099822e-03	3.37981417e-02	1.54187674e-02	1.83793743e-02
1609            	-1.48031720e-03	2.56099471e-03	3.37980661e-02	1.54187158e-02	1.83793502e-02
1610            	-1.48033060e-03	2.56099133e-03	3.37979913e-02	1.54186650e-02	1.83793262e-02
1611            	-1.48034459e-03	2.56098779e-03	3.37979153e-02	1.54186131e-02	1.83793022e-02
1612            	-1.48035881e-03	2.56098416e-03	3.37978390e-02	1.54185607e-02	1.83792783e-02
1613            	-1.48037250e-03	2.56098066e-03	3.37977640e-02	1.54185095e-02	1.83792545e-02
1614            	-1.48038585e-03	2.56097728e-03	3.37976897e-02	1.54184590e-02	1.83792307e-02
1615            	-1.48039979e-03	2.56097375e-03	3.37976143e-02	1.54184074e-02	1.83792069e-02
1616            	-1.48041396e-03	2.56097012e-03	3.37975385e-02	1.54183553e-02	1.83791832e-02
1617            	-1.48042761e-03	2.56096663e-03	3.37974640e-02	1.54183044e-02	1.83791596e-02
1618            	-1.48044091e-03	2.56096326e-03	3.37973902e-02	1.54182542e-02	1.83791360e-02
1619            	-1.48045481e-03	2.56095974e-03	3.37973153e-02	1.54182028e-02	1.83791124e-02
1620            	-1.48046894e-03	2.56095612e-03	3.37972400e-02	1.54181511e-02	1.83790889e-02
1621            	-1.48048254e-03	2.56095263e-03	3.37971659e-02	1.54181004e-02	1.83790655e-02
1622            	-1.48049580e-03	2.56094927e-03	3.37970926e-02	1.54180505e-02	1.83790421e-02
1623            	-1.48050965e-03	2.56094576e-03	3.37970180e-02	1.54179994e-02	1.83790187e-02
1624            	-1.48052373e-03	2.56094215e-03	3.37969432e-02	1.54179478e-02	1.83789953e-02
1625            	-1.48053728e-03	2.56093867e-03	3.37968695e-02	1.54178975e-02	1.83789720e-02
1626            	-1.48055049e-03	2.56093532e-03	3.37967966e-02	1.54178478e-02	1.83789488e-02
1627            	-1.48056430e-03	2.56093182e-03	3.37967224e-02	1.54177969e-02	1.83789255e-02
1628            	-1.48057832e-03	2.56092823e-03	3.37966480e-02	1.54177457e-02	1.83789023e-02
1629            	-1.48059182e-03	2.56092476e-03	3.37965747e-02	1.54176955e-02	1.83788792e-02
1630            	-1.48060498e-03	2.56092143e-03	3.37965022e-02	1.54176461e-02	1.83788561e-02
1631            	-1.48061873e-03	2.56091794e-03	3.37964284e-02	1.54175955e-02	1.83788329e-02
1632            	-1.48063270e-03	2.56091436e-03	3.37963543e-02	1.54175445e-02	1.83788099e-02
1633            	-1.48064615e-03	2.56091091e-03	3.37962815e-02	1.54174946e-02	1.83787869e-02
1634            	-1.48065925e-03	2.56090759e-03	3.37962093e-02	1.54174454e-02	1.83787639e-02
1635            	-1.48067294e-03	2.56090412e-03	3.37961359e-02	1.54173950e-02	1.83787409e-02
1636            	-1.48068686e-03	2.56090055e-03	3.37960622e-02	1.54173442e-02	1.83787180e-02
1637            	-1.48070025e-03	2.56089712e-03	3.37959897e-02	1.54172946e-02	1.83786951e-02
1638            	-1.48071330e-03	2.56089381e-03	3.37959178e-02	1.54172456e-02	1.83786722e-02
1639            	-1.48072694e-03	2.56089036e-03	3.37958448e-02	1.54171955e-02	1.83786493e-02
1640            	-1.48074079e-03	2.56088681e-03	3.37957714e-02	1.54171449e-02	1.83786265e-02
1641            	-1.48075413e-03	2.56088339e-03	3.37956992e-02	1.54170955e-02	1.83786038e-02
1642            	-1.48076713e-03	2.56088010e-03	3.37956277e-02	1.54170467e-02	1.83785810e-02
1643            	-1.48078071e-03	2.56087666e-03	3.37955550e-02	1.54169968e-02	1.83785582e-02
1644            	-1.48079452e-03	2.56087313e-03	3.37954820e-02	1.54169465e-02	1.83785355e-02
1645            	-1.48080780e-03	2.56086973e-03	3.37954101e-02	1.54168972e-02	1.83785129e-02
1646            	-1.48082074e-03	2.56086645e-03	3.37953389e-02	1.54168487e-02	1.83784902e-02
1647            	-1.48083428e-03	2.56086302e-03	3.37952665e-02	1.54167990e-02	1.83784675e-02
1648            	-1.48084803e-03	2.56085950e-03	3.37951938e-02	1.54167488e-02	1.83784449e-02
1649            	-1.48086127e-03	2.56085612e-03	3.37951222e-02	1.54166998e-02	1.83784224e-02
1650            	-1.48087416e-03	2.56085285e-03	3.37950513e-02	1.54166515e-02	1.83783998e-02
1651            	-1.48088764e-03	2.56084944e-03	3.37949792e-02	1.54166019e-02	1.83783772e-02
1652            	-1.48090135e-03	2.56084594e-03	3.37949067e-02	1.54165520e-02	1.83783547e-02
1653            	-1.48091454e-03	2.56084256e-03	3.37948354e-02	1.54165032e-02	1.83783323e-02
1654            	-1.48092738e-03	2.56083931e-03	3.37947648e-02	1.54164550e-02	1.83783098e-02
1655            	-1.48094081e-03	2.56083592e-03	3.37946930e-02	1.54164057e-02	1.83782873e-02
1656            	-1.48095447e-03	2.56083243e-03	3.37946208e-02	1.54163559e-02	1.83782649e-02
1657            	-1.48096761e-03	2.56082907e-03	3.37945498e-02	1.54163073e-02	1.83782425e-02
1658            	-1.48098040e-03	2.56082583e-03	3.37944795e-02	1.54162593e-02	1.83782201e-02
1659            	-1.48099379e-03	2.56082245e-03	3.37944079e-02	1.54162102e-02	1.83781977e-02
1660            	-1.48100740e-03	2.56081897e-03	3.37943360e-02	1.54161606e-02	1.83781754e-02
1661            	-1.48101972e-03	2.56081593e-03	3.37942690e-02	1.54161148e-02	1.83781542e-02
1662            	-1.48103322e-03	2.56081237e-03	3.37941950e-02	1.54160643e-02	1.83781307e-02
1663            	-1.48104681e-03	2.56080892e-03	3.37941228e-02	1.54160146e-02	1.83781082e-02
1664            	-1.48105957e-03	2.56080579e-03	3.37940551e-02	1.54159680e-02	1.83780871e-02
1665            	-1.48107326e-03	2.56080216e-03	3.37939812e-02	1.54159173e-02	1.83780639e-02
1666            	-1.48108536e-03	2.56079921e-03	3.37939146e-02	1.54158720e-02	1.83780427e-02
1667            	-1.48109934e-03	2.56079555e-03	3.37938400e-02	1.54158207e-02	1.83780194e-02
1668            	-1.48111219e-03	2.56079239e-03	3.37937721e-02	1.54157738e-02	1.83779982e-02
1669            	-1.48112585e-03	2.56078879e-03	3.37936985e-02	1.54157234e-02	1.83779751e-02
1670            	-1.48113786e-03	2.56078587e-03	3.37936324e-02	1.54156783e-02	1.83779540e-02
1671            	-1.48115174e-03	2.56078225e-03	3.37935583e-02	1.54156274e-02	1.83779309e-02
1672            	-1.48116451e-03	2.56077911e-03	3.37934906e-02	1.54155808e-02	1.83779098e-02
1673            	-1.48117812e-03	2.56077552e-03	3.37934173e-02	1.54155305e-02	1.83778868e-02
1674            	-1.48119009e-03	2.56077262e-03	3.37933514e-02	1.54154856e-02	1.83778658e-02
1675            	-1.48120317e-03	2.56076931e-03	3.37932813e-02	1.54154375e-02	1.83778438e-02
1676            	-1.48121744e-03	2.56076553e-03	3.37932061e-02	1.54153856e-02	1.83778205e-02
1677            	-1.48122971e-03	2.56076253e-03	3.37931399e-02	1.54153402e-02	1.83777996e-02
1678            	-1.48124213e-03	2.56075939e-03	3.37930714e-02	1.54152936e-02	1.83777778e-02
1679            	-1.48125529e-03	2.56075605e-03	3.37930009e-02	1.54152452e-02	1.83777557e-02
1680            	-1.48126874e-03	2.56075261e-03	3.37929298e-02	1.54151962e-02	1.83777337e-02
1681            	-1.48128168e-03	2.56074929e-03	3.37928601e-02	1.54151484e-02	1.83777117e-02
1682            	-1.48129424e-03	2.56074612e-03	3.37927912e-02	1.54151014e-02	1.83776898e-02
1683            	-1.48130732e-03	2.56074282e-03	3.37927213e-02	1.54150533e-02	1.83776680e-02
1684            	-1.48132060e-03	2.56073944e-03	3.37926510e-02	1.54150049e-02	1.83776461e-02
1685            	-1.48133339e-03	2.56073619e-03	3.37925819e-02	1.54149575e-02	1.83776243e-02
1686            	-1.48134587e-03	2.56073304e-03	3.37925134e-02	1.54149108e-02	1.83776026e-02
1687            	-1.48135890e-03	2.56072977e-03	3.37924437e-02	1.54148629e-02	1.83775807e-02
1688            	-1.48137214e-03	2.56072639e-03	3.37923736e-02	1.54148147e-02	1.83775589e-02
1689            	-1.48138490e-03	2.56072314e-03	3.37923047e-02	1.54147674e-02	1.83775372e-02
1690            	-1.48139733e-03	2.56072001e-03	3.37922364e-02	1.54147209e-02	1.83775155e-02
1691            	-1.48141032e-03	2.56071675e-03	3.37921669e-02	1.54146731e-02	1.83774938e-02
1692            	-1.48142351e-03	2.56071339e-03	3.37920971e-02	1.54146250e-02	1.83774720e-02
1693            	-1.48143621e-03	2.56071015e-03	3.37920284e-02	1.54145780e-02	1.83774504e-02
1694            	-1.48144859e-03	2.56070703e-03	3.37919603e-02	1.54145316e-02	1.83774288e-02
1695            	-1.48146152e-03	2.56070378e-03	3.37918911e-02	1.54144840e-02	1.83774071e-02
1696            	-1.48147466e-03	2.56070044e-03	3.37918215e-02	1.54144361e-02	1.83773854e-02
1697            	-1.48148731e-03	2.56069722e-03	3.37917530e-02	1.54143892e-02	1.83773638e-02
1698            	-1.48149964e-03	2.56069412e-03	3.37916852e-02	1.54143430e-02	1.83773422e-02
1699            	-1.48151251e-03	2.56069088e-03	3.37916162e-02	1.54142956e-02	1.83773206e-02
1700            	-1.48152560e-03	2.56068755e-03	3.37915469e-02	1.54142478e-02	1.83772990e-02
1701            	-1.48153819e-03	2.56068435e-03	3.37914787e-02	1.54142011e-02	1.83772775e-02
1702            	-1.48155047e-03	2.56068126e-03	3.37914111e-02	1.54141551e-02	1.83772560e-02
1703            	-1.48156329e-03	2.56067804e-03	3.37913424e-02	1.54141079e-02	1.83772345e-02
1704            	-1.48157632e-03	2.56067473e-03	3.37912732e-02	1.54140603e-02	1.83772129e-02
1705            	-1.48158886e-03	2.56067154e-03	3.37912053e-02	1.54140138e-02	1.83771915e-02
1706            	-1.48160108e-03	2.56066847e-03	3.37911380e-02	1.54139679e-02	1.83771701e-02
1707            	-1.48161385e-03	2.56066526e-03	3.37910695e-02	1.54139209e-02	1.83771486e-02
1708            	-1.48162682e-03	2.56066196e-03	3.37910006e-02	1.54138735e-02	1.83771271e-02
1709            	-1.48163931e-03	2.56065879e-03	3.37909329e-02	1.54138272e-02	1.83771058e-02
1710            	-1.48165148e-03	2.56065573e-03	3.37908659e-02	1.54137815e-02	1.83770844e-02
1711            	-1.48166418e-03	2.56065254e-03	3.37907977e-02	1.54137347e-02	1.83770630e-02
1712            	-1.48167711e-03	2.56064926e-03	3.37907291e-02	1.54136874e-02	1.83770416e-02
1713            	-1.48168954e-03	2.56064610e-03	3.37906616e-02	1.54136413e-02	1.83770204e-02
1714            	-1.48170165e-03	2.56064306e-03	3.37905949e-02	1.54135958e-02	1.83769991e-02
1715            	-1.48171430e-03	2.56063989e-03	3.37905269e-02	1.54135492e-02	1.83769778e-02
1716            	-1.48172717e-03	2.56063662e-03	3.37904586e-02	1.54135021e-02	1.83769564e-02
1717            	-1.48173954e-03	2.56063347e-03	3.37903914e-02	1.54134562e-02	1.83769352e-02
1718            	-1.48175159e-03	2.56063045e-03	3.37903249e-02	1.54134108e-02	1.83769140e-02
1719            	-1.48176419e-03	2.56062729e-03	3.37902572e-02	1.54133644e-02	1.83768928e-02
1720            	-1.48177700e-03	2.56062404e-03	3.37901891e-02	1.54133175e-02	1.83768716e-02
1721            	-1.48178932e-03	2.56062091e-03	3.37901222e-02	1.54132718e-02	1.83768504e-02
1722            	-1.48180131e-03	2.56061790e-03	3.37900559e-02	1.54132267e-02	1.83768293e-02
1723            	-1.48181386e-03	2.56061475e-03	3.37899885e-02	1.54131804e-02	1.83768081e-02
1724            	-1.48182661e-03	2.56061151e-03	3.37899207e-02	1.54131337e-02	1.83767870e-02
1725            	-1.48183887e-03	2.56060840e-03	3.37898541e-02	1.54130882e-02	1.83767659e-02
1726            	-1.48185081e-03	2.56060540e-03	3.37897881e-02	1.54130432e-02	1.83767449e-02
1727            	-1.48186330e-03	2.56060227e-03	3.37897209e-02	1.54129972e-02	1.83767238e-02
1728            	-1.48187599e-03	2.56059905e-03	3.37896534e-02	1.54129507e-02	1.83767027e-02
1729            	-1.48188819e-03	2.56059595e-03	3.37895870e-02	1.54129053e-02	1.83766817e-02
1730            	-1.48190007e-03	2.56059297e-03	3.37895213e-02	1.54128606e-02	1.83766607e-02
1731            	-1.48191250e-03	2.56058986e-03	3.37894544e-02	1.54128147e-02	1.83766397e-02
1732            	-1.48192514e-03	2.56058665e-03	3.37893872e-02	1.54127684e-02	1.83766187e-02
1733            	-1.48193729e-03	2.56058357e-03	3.37893211e-02	1.54127233e-02	1.83765978e-02
1734            	-1.48194911e-03	2.56058060e-03	3.37892556e-02	1.54126787e-02	1.83765769e-02
1735            	-1.48196148e-03	2.56057750e-03	3.37891890e-02	1.54126330e-02	1.83765560e-02
1736            	-1.48197406e-03	2.56057431e-03	3.37891221e-02	1.54125870e-02	1.83765351e-02
1737            	-1.48198615e-03	2.56057124e-03	3.37890562e-02	1.54125420e-02	1.83765143e-02
1738            	-1.48199791e-03	2.56056829e-03	3.37889911e-02	1.54124976e-02	1.83764935e-02
1739            	-1.48201023e-03	2.56056520e-03	3.37889248e-02	1.54124522e-02	1.83764726e-02
1740            	-1.48202275e-03	2.56056203e-03	3.37888580e-02	1.54124063e-02	1.83764518e-02
1741            	-1.48203478e-03	2.56055897e-03	3.37887925e-02	1.54123615e-02	1.83764310e-02
1742            	-1.48204648e-03	2.56055604e-03	3.37887276e-02	1.54123173e-02	1.83764103e-02
1743            	-1.48205874e-03	2.56055297e-03	3.37886616e-02	1.54122721e-02	1.83763895e-02
1744            	-1.48207120e-03	2.56054981e-03	3.37885952e-02	1.54122264e-02	1.83763688e-02
1745            	-1.48208317e-03	2.56054677e-03	3.37885299e-02	1.54121818e-02	1.83763481e-02
1746            	-1.48209481e-03	2.56054385e-03	3.37884653e-02	1.54121379e-02	1.83763275e-02
1747            	-1.48210701e-03	2.56054079e-03	3.37883996e-02	1.54120928e-02	1.83763068e-02
1748            	-1.48211941e-03	2.56053765e-03	3.37883334e-02	1.54120473e-02	1.83762861e-02
1749            	-1.48213132e-03	2.56053462e-03	3.37882685e-02	1.54120029e-02	1.83762656e-02
1750            	-1.48214291e-03	2.56053172e-03	3.37882042e-02	1.54119592e-02	1.83762450e-02
1751            	-1.48215504e-03	2.56052868e-03	3.37881387e-02	1.54119143e-02	1.83762244e-02
1752            	-1.48216739e-03	2.56052554e-03	3.37880728e-02	1.54118690e-02	1.83762038e-02
1753            	-1.48217924e-03	2.56052254e-03	3.37880082e-02	1.54118248e-02	1.83761833e-02
1754            	-1.48219076e-03	2.56051965e-03	3.37879442e-02	1.54117813e-02	1.83761628e-02
1755            	-1.48220284e-03	2.56051662e-03	3.37878790e-02	1.54117367e-02	1.83761423e-02
1756            	-1.48221512e-03	2.56051350e-03	3.37878134e-02	1.54116916e-02	1.83761218e-02
1757            	-1.48222691e-03	2.56051051e-03	3.37877490e-02	1.54116476e-02	1.83761014e-02
1758            	-1.48223837e-03	2.56050764e-03	3.37876853e-02	1.54116043e-02	1.83760810e-02
1759            	-1.48225039e-03	2.56050463e-03	3.37876204e-02	1.54115598e-02	1.83760606e-02
1760            	-1.48226261e-03	2.56050153e-03	3.37875551e-02	1.54115150e-02	1.83760402e-02
1761            	-1.48227434e-03	2.56049855e-03	3.37874911e-02	1.54114712e-02	1.83760199e-02
1762            	-1.48228574e-03	2.56049569e-03	3.37874276e-02	1.54114281e-02	1.83759996e-02
1763            	-1.48229769e-03	2.56049269e-03	3.37873630e-02	1.54113838e-02	1.83759792e-02
1764            	-1.48230986e-03	2.56048961e-03	3.37872981e-02	1.54113392e-02	1.83759589e-02
1765            	-1.48232152e-03	2.56048664e-03	3.37872343e-02	1.54112956e-02	1.83759387e-02
1766            	-1.48233286e-03	2.56048380e-03	3.37871712e-02	1.54112527e-02	1.83759184e-02
1767            	-1.48234475e-03	2.56048082e-03	3.37871069e-02	1.54112087e-02	1.83758982e-02
1768            	-1.48235686e-03	2.56047775e-03	3.37870422e-02	1.54111642e-02	1.83758779e-02
1769            	-1.48236846e-03	2.56047480e-03	3.37869787e-02	1.54111209e-02	1.83758578e-02
1770            	-1.48237973e-03	2.56047197e-03	3.37869159e-02	1.54110782e-02	1.83758377e-02
1771            	-1.48239157e-03	2.56046901e-03	3.37868519e-02	1.54110344e-02	1.83758175e-02
1772            	-1.48240361e-03	2.56046595e-03	3.37867875e-02	1.54109901e-02	1.83757974e-02
1773            	-1.48241515e-03	2.56046302e-03	3.37867243e-02	1.54109470e-02	1.83757773e-02
1774            	-1.48242636e-03	2.56046021e-03	3.37866618e-02	1.54109045e-02	1.83757573e-02
1775            	-1.48243813e-03	2.56045726e-03	3.37865981e-02	1.54108609e-02	1.83757372e-02
1776            	-1.48245011e-03	2.56045422e-03	3.37865340e-02	1.54108169e-02	1.83757171e-02
1777            	-1.48246159e-03	2.56045130e-03	3.37864711e-02	1.54107740e-02	1.83756972e-02
1778            	-1.48247274e-03	2.56044850e-03	3.37864089e-02	1.54107317e-02	1.83756772e-02
1779            	-1.48248445e-03	2.56044557e-03	3.37863455e-02	1.54106883e-02	1.83756572e-02
1780            	-1.48249636e-03	2.56044254e-03	3.37862818e-02	1.54106445e-02	1.83756372e-02
1781            	-1.48250778e-03	2.56043964e-03	3.37862192e-02	1.54106018e-02	1.83756174e-02
1782            	-1.48251887e-03	2.56043686e-03	3.37861573e-02	1.54105598e-02	1.83755975e-02
1783            	-1.48253051e-03	2.56043394e-03	3.37860942e-02	1.54105166e-02	1.83755776e-02
1784            	-1.48254237e-03	2.56043093e-03	3.37860307e-02	1.54104730e-02	1.83755577e-02
1785            	-1.48255372e-03	2.56042804e-03	3.37859685e-02	1.54104305e-02	1.83755380e-02
1786            	-1.48256474e-03	2.56042527e-03	3.37859069e-02	1.54103887e-02	1.83755182e-02
1787            	-1.48257632e-03	2.56042237e-03	3.37858441e-02	1.54103457e-02	1.83754984e-02
1788            	-1.48258812e-03	2.56041937e-03	3.37857810e-02	1.54103024e-02	1.83754786e-02
1789            	-1.48259940e-03	2.56041650e-03	3.37857190e-02	1.54102601e-02	1.83754589e-02
1790            	-1.48261037e-03	2.56041375e-03	3.37856577e-02	1.54102185e-02	1.83754392e-02
1791            	-1.48262188e-03	2.56041086e-03	3.37855953e-02	1.54101758e-02	1.83754195e-02
1792            	-1.48263361e-03	2.56040788e-03	3.37855324e-02	1.54101326e-02	1.83753998e-02
1793            	-1.48264484e-03	2.56040502e-03	3.37854708e-02	1.54100906e-02	1.83753802e-02
1794            	-1.48265574e-03	2.56040229e-03	3.37854098e-02	1.54100492e-02	1.83753606e-02
1795            	-1.48266719e-03	2.56039941e-03	3.37853477e-02	1.54100067e-02	1.83753410e-02
1796            	-1.48267886e-03	2.56039645e-03	3.37852852e-02	1.54099637e-02	1.83753214e-02
1797            	-1.48269002e-03	2.56039360e-03	3.37852238e-02	1.54099219e-02	1.83753019e-02
1798            	-1.48270085e-03	2.56039088e-03	3.37851632e-02	1.54098807e-02	1.83752824e-02
1799            	-1.48271224e-03	2.56038802e-03	3.37851014e-02	1.54098384e-02	1.83752629e-02
1800            	-1.48272384e-03	2.56038507e-03	3.37850391e-02	1.54097957e-02	1.83752434e-02
1801            	-1.48273494e-03	2.56038225e-03	3.37849781e-02	1.54097541e-02	1.83752240e-02
1802            	-1.48274571e-03	2.56037954e-03	3.37849178e-02	1.54097132e-02	1.83752046e-02
1803            	-1.48275704e-03	2.56037670e-03	3.37848563e-02	1.54096711e-02	1.83751852e-02
1804            	-1.48276858e-03	2.56037376e-03	3.37847944e-02	1.54096286e-02	1.83751658e-02
1805            	-1.48277961e-03	2.56037095e-03	3.37847337e-02	1.54095872e-02	1.83751465e-02
1806            	-1.48279032e-03	2.56036826e-03	3.37846737e-02	1.54095465e-02	1.83751272e-02
1807            	-1.48280158e-03	2.56036543e-03	3.37846125e-02	1.54095047e-02	1.83751078e-02
1808            	-1.48281305e-03	2.56036251e-03	3.37845509e-02	1.54094624e-02	1.83750885e-02
1809            	-1.48282402e-03	2.56035971e-03	3.37844906e-02	1.54094213e-02	1.83750693e-02
1810            	-1.48283466e-03	2.56035704e-03	3.37844309e-02	1.54093808e-02	1.83750501e-02
1811            	-1.48284586e-03	2.56035423e-03	3.37843700e-02	1.54093392e-02	1.83750309e-02
1812            	-1.48285727e-03	2.56035132e-03	3.37843088e-02	1.54092971e-02	1.83750117e-02
1813            	-1.48286817e-03	2.56034854e-03	3.37842487e-02	1.54092562e-02	1.83749925e-02
1814            	-1.48287875e-03	2.56034588e-03	3.37841894e-02	1.54092159e-02	1.83749734e-02
1815            	-1.48288988e-03	2.56034308e-03	3.37841289e-02	1.54091746e-02	1.83749543e-02
1816            	-1.48290122e-03	2.56034019e-03	3.37840679e-02	1.54091327e-02	1.83749352e-02
1817            	-1.48291206e-03	2.56033742e-03	3.37840082e-02	1.54090920e-02	1.83749162e-02
1818            	-1.48292257e-03	2.56033478e-03	3.37839492e-02	1.54090520e-02	1.83748972e-02
1819            	-1.48293364e-03	2.56033200e-03	3.37838890e-02	1.54090109e-02	1.83748781e-02
1820            	-1.48294492e-03	2.56032912e-03	3.37838284e-02	1.54089693e-02	1.83748591e-02
1821            	-1.48295569e-03	2.56032637e-03	3.37837690e-02	1.54089288e-02	1.83748402e-02
1822            	-1.48296614e-03	2.56032374e-03	3.37837103e-02	1.54088890e-02	1.83748213e-02
1823            	-1.48297714e-03	2.56032097e-03	3.37836504e-02	1.54088481e-02	1.83748024e-02
1824            	-1.48298835e-03	2.56031811e-03	3.37835902e-02	1.54088067e-02	1.83747834e-02
1825            	-1.48299906e-03	2.56031537e-03	3.37835311e-02	1.54087665e-02	1.83747646e-02
1826            	-1.48300944e-03	2.56031276e-03	3.37834727e-02	1.54087269e-02	1.83747458e-02
1827            	-1.48302037e-03	2.56031001e-03	3.37834132e-02	1.54086862e-02	1.83747270e-02
1828            	-1.48303152e-03	2.56030716e-03	3.37833533e-02	1.54086451e-02	1.83747082e-02
1829            	-1.48304216e-03	2.56030444e-03	3.37832945e-02	1.54086051e-02	1.83746894e-02
1830            	-1.48305248e-03	2.56030184e-03	3.37832365e-02	1.54085658e-02	1.83746707e-02
1831            	-1.48306335e-03	2.56029911e-03	3.37831773e-02	1.54085253e-02	1.83746520e-02
1832            	-1.48307443e-03	2.56029627e-03	3.37831177e-02	1.54084844e-02	1.83746333e-02
1833            	-1.48308500e-03	2.56029357e-03	3.37830593e-02	1.54084447e-02	1.83746147e-02
1834            	-1.48309525e-03	2.56029098e-03	3.37830016e-02	1.54084056e-02	1.83745961e-02
1835            	-1.48310605e-03	2.56028826e-03	3.37829428e-02	1.54083653e-02	1.83745774e-02
1836            	-1.48311707e-03	2.56028545e-03	3.37828835e-02	1.54083247e-02	1.83745588e-02
1837            	-1.48312758e-03	2.56028276e-03	3.37828254e-02	1.54082851e-02	1.83745403e-02
1838            	-1.48313776e-03	2.56028019e-03	3.37827681e-02	1.54082463e-02	1.83745218e-02
1839            	-1.48314850e-03	2.56027748e-03	3.37827096e-02	1.54082063e-02	1.83745033e-02
1840            	-1.48315945e-03	2.56027468e-03	3.37826506e-02	1.54081659e-02	1.83744848e-02
1841            	-1.48316989e-03	2.56027201e-03	3.37825929e-02	1.54081266e-02	1.83744664e-02
1842            	-1.48318001e-03	2.56026945e-03	3.37825359e-02	1.54080879e-02	1.83744480e-02
1843            	-1.48319068e-03	2.56026676e-03	3.37824777e-02	1.54080482e-02	1.83744295e-02
1844            	-1.48320156e-03	2.56026397e-03	3.37824191e-02	1.54080080e-02	1.83744111e-02
1845            	-1.48321194e-03	2.56026131e-03	3.37823618e-02	1.54079689e-02	1.83743928e-02
1846            	-1.48322199e-03	2.56025878e-03	3.37823051e-02	1.54079306e-02	1.83743745e-02
1847            	-1.48323259e-03	2.56025610e-03	3.37822472e-02	1.54078910e-02	1.83743562e-02
1848            	-1.48324341e-03	2.56025333e-03	3.37821890e-02	1.54078511e-02	1.83743379e-02
1849            	-1.48325372e-03	2.56025068e-03	3.37821320e-02	1.54078123e-02	1.83743197e-02
1850            	-1.48326370e-03	2.56024816e-03	3.37820756e-02	1.54077741e-02	1.83743015e-02
1851            	-1.48327424e-03	2.56024550e-03	3.37820181e-02	1.54077348e-02	1.83742833e-02
1852            	-1.48328500e-03	2.56024274e-03	3.37819602e-02	1.54076951e-02	1.83742651e-02
1853            	-1.48329524e-03	2.56024011e-03	3.37819035e-02	1.54076565e-02	1.83742470e-02
1854            	-1.48330515e-03	2.56023760e-03	3.37818475e-02	1.54076186e-02	1.83742289e-02
1855            	-1.48331563e-03	2.56023496e-03	3.37817904e-02	1.54075796e-02	1.83742108e-02
1856            	-1.48332632e-03	2.56023221e-03	3.37817328e-02	1.54075401e-02	1.83741927e-02
1857            	-1.48333649e-03	2.56022960e-03	3.37816765e-02	1.54075018e-02	1.83741747e-02
1858            	-1.48334634e-03	2.56022711e-03	3.37816208e-02	1.54074641e-02	1.83741568e-02
1859            	-1.48335675e-03	2.56022447e-03	3.37815640e-02	1.54074253e-02	1.83741388e-02
1860            	-1.48336734e-03	2.56022176e-03	3.37815069e-02	1.54073861e-02	1.83741208e-02
1861            	-1.48337595e-03	2.56021966e-03	3.37814571e-02	1.54073526e-02	1.83741045e-02
1862            	-1.48338548e-03	2.56021737e-03	3.37814011e-02	1.54073151e-02	1.83740860e-02
1863            	-1.48339533e-03	2.56021499e-03	3.37813445e-02	1.54072769e-02	1.83740676e-02
1864            	-1.48340471e-03	2.56021274e-03	3.37812902e-02	1.54072404e-02	1.83740498e-02
1865            	-1.48341326e-03	2.56021072e-03	3.37812385e-02	1.54072060e-02	1.83740325e-02
1866            	-1.48342152e-03	2.56020883e-03	3.37811877e-02	1.54071723e-02	1.83740154e-02
1867            	-1.48343045e-03	2.56020676e-03	3.37811356e-02	1.54071373e-02	1.83739982e-02
1868            	-1.48343974e-03	2.56020455e-03	3.37810828e-02	1.54071017e-02	1.83739811e-02
1869            	-1.48344868e-03	2.56020240e-03	3.37810309e-02	1.54070668e-02	1.83739641e-02
1870            	-1.48345731e-03	2.56020036e-03	3.37809797e-02	1.54070325e-02	1.83739472e-02
1871            	-1.48346640e-03	2.56019821e-03	3.37809277e-02	1.54069974e-02	1.83739302e-02
1872            	-1.48347558e-03	2.56019599e-03	3.37808756e-02	1.54069622e-02	1.83739134e-02
1873            	-1.48348428e-03	2.56019390e-03	3.37808248e-02	1.54069281e-02	1.83738967e-02
1874            	-1.48349267e-03	2.56019192e-03	3.37807747e-02	1.54068947e-02	1.83738800e-02
1875            	-1.48350154e-03	2.56018982e-03	3.37807237e-02	1.54068603e-02	1.83738634e-02
1876            	-1.48351056e-03	2.56018765e-03	3.37806726e-02	1.54068257e-02	1.83738469e-02
1877            	-1.48351914e-03	2.56018559e-03	3.37806226e-02	1.54067922e-02	1.83738304e-02
1878            	-1.48352743e-03	2.56018362e-03	3.37805733e-02	1.54067592e-02	1.83738141e-02
1879            	-1.48353622e-03	2.56018154e-03	3.37805231e-02	1.54067253e-02	1.83737978e-02
1880            	-1.48354516e-03	2.56017938e-03	3.37804727e-02	1.54066912e-02	1.83737815e-02
1881            	-1.48355366e-03	2.56017732e-03	3.37804234e-02	1.54066581e-02	1.83737654e-02
1882            	-1.48356186e-03	2.56017536e-03	3.37803749e-02	1.54066256e-02	1.83737493e-02
1883            	-1.48357057e-03	2.56017328e-03	3.37803253e-02	1.54065921e-02	1.83737332e-02
1884            	-1.48357943e-03	2.56017113e-03	3.37802756e-02	1.54065584e-02	1.83737172e-02
1885            	-1.48358785e-03	2.56016908e-03	3.37802270e-02	1.54065256e-02	1.83737013e-02
1886            	-1.48359597e-03	2.56016714e-03	3.37801791e-02	1.54064936e-02	1.83736855e-02
1887            	-1.48360460e-03	2.56016507e-03	3.37801301e-02	1.54064605e-02	1.83736697e-02
1888            	-1.48361338e-03	2.56016293e-03	3.37800811e-02	1.54064271e-02	1.83736539e-02
1889            	-1.48362172e-03	2.56016089e-03	3.37800330e-02	1.54063948e-02	1.83736382e-02
1890            	-1.48362977e-03	2.56015896e-03	3.37799857e-02	1.54063631e-02	1.83736226e-02
1891            	-1.48363832e-03	2.56015690e-03	3.37799374e-02	1.54063304e-02	1.83736070e-02
1892            	-1.48364702e-03	2.56015477e-03	3.37798888e-02	1.54062974e-02	1.83735914e-02
1893            	-1.48365529e-03	2.56015275e-03	3.37798414e-02	1.54062654e-02	1.83735760e-02
1894            	-1.48366326e-03	2.56015082e-03	3.37797946e-02	1.54062340e-02	1.83735606e-02
1895            	-1.48367175e-03	2.56014878e-03	3.37797468e-02	1.54062016e-02	1.83735451e-02
1896            	-1.48368037e-03	2.56014666e-03	3.37796988e-02	1.54061690e-02	1.83735298e-02
1897            	-1.48368857e-03	2.56014464e-03	3.37796519e-02	1.54061374e-02	1.83735145e-02
1898            	-1.48369647e-03	2.56014273e-03	3.37796056e-02	1.54061063e-02	1.83734993e-02
1899            	-1.48370488e-03	2.56014070e-03	3.37795583e-02	1.54060743e-02	1.83734840e-02
1900            	-1.48371343e-03	2.56013859e-03	3.37795108e-02	1.54060420e-02	1.83734689e-02
1901            	-1.48372155e-03	2.56013659e-03	3.37794644e-02	1.54060107e-02	1.83734538e-02
1902            	-1.48372937e-03	2.56013469e-03	3.37794187e-02	1.54059800e-02	1.83734387e-02
1903            	-1.48373770e-03	2.56013267e-03	3.37793719e-02	1.54059482e-02	1.83734236e-02
1904            	-1.48374618e-03	2.56013058e-03	3.37793249e-02	1.54059163e-02	1.83734086e-02
1905            	-1.48375422e-03	2.56012859e-03	3.37792789e-02	1.54058852e-02	1.83733937e-02
1906            	-1.48376197e-03	2.56012671e-03	3.37792337e-02	1.54058549e-02	1.83733788e-02
1907            	-1.48377022e-03	2.56012471e-03	3.37791874e-02	1.54058235e-02	1.83733639e-02
1908            	-1.48377862e-03	2.56012263e-03	3.37791408e-02	1.54057918e-02	1.83733490e-02
1909            	-1.48378659e-03	2.56012065e-03	3.37790954e-02	1.54057611e-02	1.83733343e-02
1910            	-1.48379426e-03	2.56011879e-03	3.37790506e-02	1.54057310e-02	1.83733196e-02
1911            	-1.48380244e-03	2.56011680e-03	3.37790047e-02	1.54056999e-02	1.83733048e-02
1912            	-1.48381076e-03	2.56011474e-03	3.37789587e-02	1.54056686e-02	1.83732901e-02
1913            	-1.48381865e-03	2.56011278e-03	3.37789137e-02	1.54056382e-02	1.83732755e-02
1914            	-1.48382624e-03	2.56011093e-03	3.37788693e-02	1.54056084e-02	1.83732609e-02
1915            	-1.48383434e-03	2.56010896e-03	3.37788239e-02	1.54055776e-02	1.83732463e-02
1916            	-1.48384259e-03	2.56010691e-03	3.37787783e-02	1.54055466e-02	1.83732318e-02
1917            	-1.48385041e-03	2.56010497e-03	3.37787338e-02	1.54055165e-02	1.83732173e-02
1918            	-1.48385793e-03	2.56010313e-03	3.37786899e-02	1.54054870e-02	1.83732029e-02
1919            	-1.48386595e-03	2.56010118e-03	3.37786449e-02	1.54054565e-02	1.83731884e-02
1920            	-1.48387413e-03	2.56009914e-03	3.37785997e-02	1.54054257e-02	1.83731740e-02
1921            	-1.48388187e-03	2.56009722e-03	3.37785556e-02	1.54053959e-02	1.83731597e-02
1922            	-1.48388932e-03	2.56009540e-03	3.37785121e-02	1.54053667e-02	1.83731454e-02
1923            	-1.48389728e-03	2.56009345e-03	3.37784676e-02	1.54053365e-02	1.83731311e-02
1924            	-1.48390538e-03	2.56009144e-03	3.37784228e-02	1.54053060e-02	1.83731168e-02
1925            	-1.48391306e-03	2.56008952e-03	3.37783791e-02	1.54052765e-02	1.83731026e-02
1926            	-1.48392043e-03	2.56008772e-03	3.37783360e-02	1.54052476e-02	1.83730884e-02
1927            	-1.48392832e-03	2.56008579e-03	3.37782919e-02	1.54052176e-02	1.83730743e-02
1928            	-1.48393636e-03	2.56008378e-03	3.37782475e-02	1.54051874e-02	1.83730601e-02
1929            	-1.48394396e-03	2.56008188e-03	3.37782042e-02	1.54051581e-02	1.83730461e-02
1930            	-1.48395127e-03	2.56008009e-03	3.37781615e-02	1.54051295e-02	1.83730320e-02
1931            	-1.48395909e-03	2.56007818e-03	3.37781178e-02	1.54050998e-02	1.83730180e-02
1932            	-1.48396706e-03	2.56007618e-03	3.37780739e-02	1.54050699e-02	1.83730040e-02
1933            	-1.48397460e-03	2.56007430e-03	3.37780309e-02	1.54050409e-02	1.83729901e-02
1934            	-1.48398184e-03	2.56007252e-03	3.37779887e-02	1.54050125e-02	1.83729762e-02
1935            	-1.48398960e-03	2.56007062e-03	3.37779453e-02	1.54049831e-02	1.83729622e-02
1936            	-1.48399750e-03	2.56006864e-03	3.37779017e-02	1.54049534e-02	1.83729484e-02
1937            	-1.48400497e-03	2.56006677e-03	3.37778592e-02	1.54049246e-02	1.83729346e-02
1938            	-1.48401215e-03	2.56006501e-03	3.37778173e-02	1.54048965e-02	1.83729208e-02
1939            	-1.48401984e-03	2.56006312e-03	3.37777743e-02	1.54048673e-02	1.83729070e-02
1940            	-1.48402768e-03	2.56006115e-03	3.37777312e-02	1.54048379e-02	1.83728933e-02
1941            	-1.48403508e-03	2.56005929e-03	3.37776890e-02	1.54048094e-02	1.83728796e-02
1942            	-1.48404219e-03	2.56005754e-03	3.37776475e-02	1.54047816e-02	1.83728659e-02
1943            	-1.48404982e-03	2.56005567e-03	3.37776049e-02	1.54047526e-02	1.83728523e-02
1944            	-1.48405759e-03	2.56005372e-03	3.37775621e-02	1.54047235e-02	1.83728386e-02
1945            	-1.48406494e-03	2.56005187e-03	3.37775203e-02	1.54046952e-02	1.83728251e-02
1946            	-1.48407198e-03	2.56005014e-03	3.37774792e-02	1.54046676e-02	1.83728116e-02
1947            	-1.48407954e-03	2.56004827e-03	3.37774370e-02	1.54046389e-02	1.83727980e-02
1948            	-1.48408725e-03	2.56004634e-03	3.37773945e-02	1.54046100e-02	1.83727845e-02
1949            	-1.48409453e-03	2.56004450e-03	3.37773531e-02	1.54045820e-02	1.83727711e-02
1950            	-1.48410151e-03	2.56004278e-03	3.37773123e-02	1.54045547e-02	1.83727577e-02
1951            	-1.48410901e-03	2.56004093e-03	3.37772705e-02	1.54045262e-02	1.83727443e-02
1952            	-1.48411666e-03	2.56003901e-03	3.37772284e-02	1.54044975e-02	1.83727309e-02
1953            	-1.48412387e-03	2.56003719e-03	3.37771874e-02	1.54044698e-02	1.83727175e-02
1954            	-1.48413079e-03	2.56003548e-03	3.37771470e-02	1.54044427e-02	1.83727043e-02
1955            	-1.48413822e-03	2.56003364e-03	3.37771055e-02	1.54044145e-02	1.83726910e-02
1956            	-1.48414581e-03	2.56003173e-03	3.37770638e-02	1.54043861e-02	1.83726777e-02
1957            	-1.48415296e-03	2.56002993e-03	3.37770231e-02	1.54043586e-02	1.83726645e-02
1958            	-1.48415981e-03	2.56002823e-03	3.37769830e-02	1.54043317e-02	1.83726513e-02
1959            	-1.48416719e-03	2.56002641e-03	3.37769419e-02	1.54043038e-02	1.83726381e-02
1960            	-1.48417471e-03	2.56002451e-03	3.37769005e-02	1.54042756e-02	1.83726250e-02
1961            	-1.48418180e-03	2.56002272e-03	3.37768602e-02	1.54042483e-02	1.83726119e-02
1962            	-1.48418859e-03	2.56002103e-03	3.37768206e-02	1.54042217e-02	1.83725989e-02
1963            	-1.48419590e-03	2.56001922e-03	3.37767798e-02	1.54041940e-02	1.83725858e-02
1964            	-1.48420337e-03	2.56001734e-03	3.37767388e-02	1.54041660e-02	1.83725727e-02
1965            	-1.48421039e-03	2.56001556e-03	3.37766988e-02	1.54041390e-02	1.83725598e-02
1966            	-1.48421712e-03	2.56001389e-03	3.37766595e-02	1.54041126e-02	1.83725469e-02
1967            	-1.48422437e-03	2.56001209e-03	3.37766191e-02	1.54040852e-02	1.83725339e-02
1968            	-1.48423177e-03	2.56001022e-03	3.37765784e-02	1.54040574e-02	1.83725210e-02
1969            	-1.48423874e-03	2.56000845e-03	3.37765388e-02	1.54040307e-02	1.83725081e-02
1970            	-1.48424540e-03	2.56000680e-03	3.37764998e-02	1.54040045e-02	1.83724953e-02
1971            	-1.48425259e-03	2.56000501e-03	3.37764598e-02	1.54039773e-02	1.83724825e-02
1972            	-1.48425993e-03	2.56000315e-03	3.37764195e-02	1.54039498e-02	1.83724697e-02
1973            	-1.48426683e-03	2.56000140e-03	3.37763802e-02	1.54039233e-02	1.83724569e-02
1974            	-1.48427344e-03	2.55999975e-03	3.37763416e-02	1.54038974e-02	1.83724442e-02
1975            	-1.48428056e-03	2.55999798e-03	3.37763019e-02	1.54038704e-02	1.83724315e-02
1976            	-1.48428785e-03	2.55999613e-03	3.37762619e-02	1.54038431e-02	1.83724188e-02
1977            	-1.48429469e-03	2.55999439e-03	3.37762230e-02	1.54038168e-02	1.83724062e-02
1978            	-1.48430123e-03	2.55999276e-03	3.37761847e-02	1.54037911e-02	1.83723936e-02
1979            	-1.48430830e-03	2.55999100e-03	3.37761454e-02	1.54037644e-02	1.83723810e-02
1980            	-1.48431552e-03	2.55998917e-03	3.37761057e-02	1.54037373e-02	1.83723684e-02
1981            	-1.48432230e-03	2.55998744e-03	3.37760672e-02	1.54037113e-02	1.83723559e-02
1982            	-1.48432878e-03	2.55998582e-03	3.37760293e-02	1.54036859e-02	1.83723434e-02
1983            	-1.48433579e-03	2.55998408e-03	3.37759902e-02	1.54036593e-02	1.83723309e-02
1984            	-1.48434296e-03	2.55998225e-03	3.37759510e-02	1.54036325e-02	1.83723184e-02
1985            	-1.48434968e-03	2.55998054e-03	3.37759127e-02	1.54036067e-02	1.83723060e-02
1986            	-1.48435610e-03	2.55997893e-03	3.37758752e-02	1.54035815e-02	1.83722937e-02
1987            	-1.48436305e-03	2.55997720e-03	3.37758365e-02	1.54035552e-02	1.83722813e-02
1988            	-1.48437015e-03	2.55997539e-03	3.37757976e-02	1.54035286e-02	1.83722689e-02
1989            	-1.48437681e-03	2.55997369e-03	3.37757597e-02	1.54035030e-02	1.83722567e-02
1990            	-1.48438317e-03	2.55997209e-03	3.37757225e-02	1.54034781e-02	1.83722444e-02
1991            	-1.48439006e-03	2.55997037e-03	3.37756841e-02	1.54034520e-02	1.83722321e-02
1992            	-1.48439711e-03	2.55996857e-03	3.37756455e-02	1.54034257e-02	1.83722199e-02
1993            	-1.48440371e-03	2.55996688e-03	3.37756080e-02	1.54034003e-02	1.83722077e-02
1994            	-1.48441001e-03	2.55996530e-03	3.37755711e-02	1.54033756e-02	1.83721956e-02
1995            	-1.48441684e-03	2.55996360e-03	3.37755331e-02	1.54033497e-02	1.83721834e-02
1996            	-1.48442383e-03	2.55996181e-03	3.37754949e-02	1.54033236e-02	1.83721713e-02
1997            	-1.48443037e-03	2.55996013e-03	3.37754577e-02	1.54032985e-02	1.83721592e-02
1998            	-1.48443661e-03	2.55995856e-03	3.37754212e-02	1.54032740e-02	1.83721472e-02
1999            	-1.48444338e-03	2.55995687e-03	3.37753835e-02	1.54032484e-02	1.83721351e-02
2000            	-1.48445031e-03	2.55995509e-03	3.37753456e-02	1.54032225e-02	1.83721231e-02
2001            	-1.48445679e-03	2.55995343e-03	3.37753087e-02	1.54031976e-02	1.83721111e-02
2002            	-1.48446297e-03	2.55995187e-03	3.37752725e-02	1.54031733e-02	1.83720992e-02
2003            	-1.48446969e-03	2.55995019e-03	3.37752352e-02	1.54031479e-02	1.83720873e-02
2004            	-1.48447656e-03	2.55994842e-03	3.37751976e-02	1.54031222e-02	1.83720754e-02
2005            	-1.48448298e-03	2.55994677e-03	3.37751611e-02	1.54030976e-02	1.83720635e-02
2006            	-1.48448911e-03	2.55994523e-03	3.37751252e-02	1.54030735e-02	1.83720517e-02
2007            	-1.48449576e-03	2.55994356e-03	3.37750882e-02	1.54030484e-02	1.83720399e-02
2008            	-1.48450258e-03	2.55994181e-03	3.37750510e-02	1.54030229e-02	1.83720281e-02
2009            	-1.48450894e-03	2.55994017e-03	3.37750148e-02	1.54029985e-02	1.83720163e-02
2010            	-1.48451500e-03	2.55993864e-03	3.37749793e-02	1.54029746e-02	1.83720046e-02
2011            	-1.48452160e-03	2.55993698e-03	3.37749426e-02	1.54029497e-02	1.83719929e-02
2012            	-1.48452836e-03	2.55993524e-03	3.37749057e-02	1.54029245e-02	1.83719812e-02
2013            	-1.48453467e-03	2.55993361e-03	3.37748698e-02	1.54029003e-02	1.83719696e-02
2014            	-1.48453929e-03	2.55993258e-03	3.37748413e-02	1.54028814e-02	1.83719600e-02
2015            	-1.48454729e-03	2.55993040e-03	3.37747978e-02	1.54028516e-02	1.83719462e-02
2016            	-1.48455452e-03	2.55992848e-03	3.37747592e-02	1.54028251e-02	1.83719341e-02
2017            	-1.48455918e-03	2.55992740e-03	3.37747311e-02	1.54028064e-02	1.83719247e-02
2018            	-1.48456636e-03	2.55992546e-03	3.37746902e-02	1.54027787e-02	1.83719114e-02
2019            	-1.48457315e-03	2.55992370e-03	3.37746530e-02	1.54027533e-02	1.83718996e-02
2020            	-1.48457810e-03	2.55992258e-03	3.37746245e-02	1.54027342e-02	1.83718904e-02
2021            	-1.48458559e-03	2.55992053e-03	3.37745831e-02	1.54027060e-02	1.83718771e-02
2022            	-1.48459040e-03	2.55991942e-03	3.37745541e-02	1.54026867e-02	1.83718675e-02
2023            	-1.48459823e-03	2.55991729e-03	3.37745118e-02	1.54026577e-02	1.83718541e-02
2024            	-1.48460347e-03	2.55991606e-03	3.37744822e-02	1.54026376e-02	1.83718445e-02
2025            	-1.48461097e-03	2.55991397e-03	3.37744410e-02	1.54026095e-02	1.83718315e-02
2026            	-1.48461558e-03	2.55991292e-03	3.37744129e-02	1.54025909e-02	1.83718220e-02
2027            	-1.48462315e-03	2.55991088e-03	3.37743716e-02	1.54025627e-02	1.83718090e-02
2028            	-1.48462827e-03	2.55990968e-03	3.37743425e-02	1.54025430e-02	1.83717995e-02
2029            	-1.48463570e-03	2.55990763e-03	3.37743017e-02	1.54025151e-02	1.83717866e-02
2030            	-1.48464029e-03	2.55990658e-03	3.37742739e-02	1.54024966e-02	1.83717772e-02
2031            	-1.48464783e-03	2.55990454e-03	3.37742328e-02	1.54024686e-02	1.83717643e-02
2032            	-1.48465292e-03	2.55990335e-03	3.37742040e-02	1.54024491e-02	1.83717549e-02
2033            	-1.48466030e-03	2.55990131e-03	3.37741635e-02	1.54024214e-02	1.83717420e-02
2034            	-1.48466482e-03	2.55990027e-03	3.37741359e-02	1.54024031e-02	1.83717328e-02
2035            	-1.48467231e-03	2.55989824e-03	3.37740953e-02	1.54023753e-02	1.83717199e-02
2036            	-1.48467733e-03	2.55989706e-03	3.37740667e-02	1.54023560e-02	1.83717107e-02
2037            	-1.48468466e-03	2.55989503e-03	3.37740265e-02	1.54023286e-02	1.83716979e-02
2038            	-1.48468913e-03	2.55989401e-03	3.37739993e-02	1.54023105e-02	1.83716888e-02
2039            	-1.48469656e-03	2.55989199e-03	3.37739589e-02	1.54022829e-02	1.83716760e-02
2040            	-1.48470153e-03	2.55989082e-03	3.37739306e-02	1.54022638e-02	1.83716669e-02
2041            	-1.48470880e-03	2.55988880e-03	3.37738908e-02	1.54022366e-02	1.83716542e-02
2042            	-1.48471322e-03	2.55988779e-03	3.37738638e-02	1.54022187e-02	1.83716451e-02
2043            	-1.48472058e-03	2.55988579e-03	3.37738239e-02	1.54021913e-02	1.83716325e-02
2044            	-1.48472551e-03	2.55988463e-03	3.37737959e-02	1.54021724e-02	1.83716234e-02
2045            	-1.48473271e-03	2.55988262e-03	3.37737564e-02	1.54021455e-02	1.83716109e-02
2046            	-1.48473708e-03	2.55988162e-03	3.37737297e-02	1.54021278e-02	1.83716019e-02
2047            	-1.48474286e-03	2.55988017e-03	3.37736971e-02	1.54021057e-02	1.83715914e-02
2048            	-1.48475089e-03	2.55987790e-03	3.37736549e-02	1.54020765e-02	1.83715783e-02
2049            	-1.48475544e-03	2.55987681e-03	3.37736280e-02	1.54020586e-02	1.83715694e-02
2050            	-1.48476067e-03	2.55987550e-03	3.37735970e-02	1.54020379e-02	1.83715592e-02
2051            	-1.48476825e-03	2.55987339e-03	3.37735562e-02	1.54020099e-02	1.83715464e-02
2052            	-1.48477307e-03	2.55987226e-03	3.37735290e-02	1.54019914e-02	1.83715376e-02
2053            	-1.48477847e-03	2.55987087e-03	3.37734978e-02	1.54019704e-02	1.83715274e-02
2054            	-1.48478559e-03	2.55986888e-03	3.37734582e-02	1.54019435e-02	1.83715147e-02
2055            	-1.48479032e-03	2.55986780e-03	3.37734313e-02	1.54019253e-02	1.83715060e-02
2056            	-1.48479603e-03	2.55986634e-03	3.37733995e-02	1.54019037e-02	1.83714958e-02
2057            	-1.48480182e-03	2.55986480e-03	3.37733667e-02	1.54018815e-02	1.83714852e-02
2058            	-1.48480756e-03	2.55986328e-03	3.37733339e-02	1.54018594e-02	1.83714745e-02
2059            	-1.48481366e-03	2.55986169e-03	3.37733005e-02	1.54018366e-02	1.83714639e-02
2060            	-1.48481976e-03	2.55986006e-03	3.37732673e-02	1.54018139e-02	1.83714534e-02
2061            	-1.48482542e-03	2.55985855e-03	3.37732352e-02	1.54017922e-02	1.83714430e-02
2062            	-1.48483082e-03	2.55985715e-03	3.37732039e-02	1.54017712e-02	1.83714328e-02
2063            	-1.48483660e-03	2.55985568e-03	3.37731718e-02	1.54017493e-02	1.83714225e-02
2064            	-1.48484251e-03	2.55985413e-03	3.37731393e-02	1.54017272e-02	1.83714122e-02
2065            	-1.48484811e-03	2.55985265e-03	3.37731077e-02	1.54017057e-02	1.83714019e-02
2066            	-1.48485350e-03	2.55985125e-03	3.37730765e-02	1.54016848e-02	1.83713918e-02
2067            	-1.48485928e-03	2.55984977e-03	3.37730446e-02	1.54016630e-02	1.83713816e-02
2068            	-1.48486517e-03	2.55984822e-03	3.37730123e-02	1.54016410e-02	1.83713713e-02
2069            	-1.48487073e-03	2.55984674e-03	3.37729809e-02	1.54016197e-02	1.83713612e-02
2070            	-1.48487606e-03	2.55984536e-03	3.37729501e-02	1.54015990e-02	1.83713511e-02
2071            	-1.48488178e-03	2.55984389e-03	3.37729184e-02	1.54015774e-02	1.83713410e-02
2072            	-1.48488762e-03	2.55984234e-03	3.37728864e-02	1.54015556e-02	1.83713308e-02
2073            	-1.48489313e-03	2.55984087e-03	3.37728553e-02	1.54015345e-02	1.83713208e-02
2074            	-1.48489841e-03	2.55983950e-03	3.37728248e-02	1.54015140e-02	1.83713108e-02
2075            	-1.48490408e-03	2.55983804e-03	3.37727934e-02	1.54014926e-02	1.83713008e-02
2076            	-1.48490987e-03	2.55983651e-03	3.37727617e-02	1.54014710e-02	1.83712907e-02
2077            	-1.48491532e-03	2.55983505e-03	3.37727309e-02	1.54014501e-02	1.83712808e-02
2078            	-1.48492055e-03	2.55983369e-03	3.37727007e-02	1.54014298e-02	1.83712709e-02
2079            	-1.48492617e-03	2.55983224e-03	3.37726696e-02	1.54014086e-02	1.83712609e-02
2080            	-1.48493190e-03	2.55983072e-03	3.37726382e-02	1.54013872e-02	1.83712510e-02
2081            	-1.48493730e-03	2.55982928e-03	3.37726077e-02	1.54013665e-02	1.83712411e-02
2082            	-1.48494248e-03	2.55982793e-03	3.37725777e-02	1.54013464e-02	1.83712313e-02
2083            	-1.48494804e-03	2.55982649e-03	3.37725469e-02	1.54013254e-02	1.83712215e-02
2084            	-1.48495372e-03	2.55982498e-03	3.37725159e-02	1.54013042e-02	1.83712117e-02
2085            	-1.48495907e-03	2.55982355e-03	3.37724856e-02	1.54012838e-02	1.83712019e-02
2086            	-1.48496420e-03	2.55982221e-03	3.37724560e-02	1.54012638e-02	1.83711922e-02
2087            	-1.48496971e-03	2.55982078e-03	3.37724255e-02	1.54012430e-02	1.83711825e-02
2088            	-1.48497534e-03	2.55981929e-03	3.37723947e-02	1.54012220e-02	1.83711727e-02
2089            	-1.48498064e-03	2.55981786e-03	3.37723648e-02	1.54012018e-02	1.83711630e-02
2090            	-1.48498571e-03	2.55981653e-03	3.37723354e-02	1.54011820e-02	1.83711534e-02
2091            	-1.48499117e-03	2.55981512e-03	3.37723053e-02	1.54011615e-02	1.83711438e-02
2092            	-1.48499675e-03	2.55981363e-03	3.37722748e-02	1.54011406e-02	1.83711341e-02
2093            	-1.48500200e-03	2.55981222e-03	3.37722451e-02	1.54011206e-02	1.83711246e-02
2094            	-1.48500702e-03	2.55981090e-03	3.37722161e-02	1.54011010e-02	1.83711151e-02
2095            	-1.48501242e-03	2.55980950e-03	3.37721862e-02	1.54010807e-02	1.83711055e-02
2096            	-1.48501795e-03	2.55980802e-03	3.37721560e-02	1.54010600e-02	1.83710959e-02
2097            	-1.48502315e-03	2.55980662e-03	3.37721266e-02	1.54010402e-02	1.83710865e-02
2098            	-1.48502812e-03	2.55980532e-03	3.37720979e-02	1.54010208e-02	1.83710771e-02
2099            	-1.48503348e-03	2.55980392e-03	3.37720683e-02	1.54010007e-02	1.83710676e-02
2100            	-1.48503896e-03	2.55980246e-03	3.37720384e-02	1.54009802e-02	1.83710581e-02
2101            	-1.48504410e-03	2.55980107e-03	3.37720093e-02	1.54009606e-02	1.83710488e-02
2102            	-1.48504902e-03	2.55979977e-03	3.37719808e-02	1.54009414e-02	1.83710394e-02
2103            	-1.48505433e-03	2.55979839e-03	3.37719515e-02	1.54009214e-02	1.83710301e-02
2104            	-1.48505976e-03	2.55979693e-03	3.37719219e-02	1.54009012e-02	1.83710207e-02
2105            	-1.48506486e-03	2.55979555e-03	3.37718931e-02	1.54008817e-02	1.83710114e-02
2106            	-1.48506972e-03	2.55979427e-03	3.37718650e-02	1.54008628e-02	1.83710022e-02
2107            	-1.48507498e-03	2.55979290e-03	3.37718359e-02	1.54008430e-02	1.83709929e-02
2108            	-1.48508036e-03	2.55979145e-03	3.37718066e-02	1.54008229e-02	1.83709837e-02
2109            	-1.48508541e-03	2.55979008e-03	3.37717781e-02	1.54008036e-02	1.83709745e-02
2110            	-1.48509023e-03	2.55978881e-03	3.37717502e-02	1.54007849e-02	1.83709653e-02
2111            	-1.48509544e-03	2.55978745e-03	3.37717215e-02	1.54007653e-02	1.83709562e-02
2112            	-1.48510077e-03	2.55978601e-03	3.37716924e-02	1.54007454e-02	1.83709470e-02
2113            	-1.48510577e-03	2.55978465e-03	3.37716642e-02	1.54007263e-02	1.83709379e-02
2114            	-1.48511054e-03	2.55978339e-03	3.37716366e-02	1.54007078e-02	1.83709288e-02
2115            	-1.48511570e-03	2.55978203e-03	3.37716081e-02	1.54006884e-02	1.83709198e-02
2116            	-1.48512098e-03	2.55978061e-03	3.37715794e-02	1.54006687e-02	1.83709107e-02
2117            	-1.48512593e-03	2.55977926e-03	3.37715515e-02	1.54006498e-02	1.83709017e-02
2118            	-1.48513066e-03	2.55977801e-03	3.37715241e-02	1.54006314e-02	1.83708927e-02
2119            	-1.48513576e-03	2.55977667e-03	3.37714960e-02	1.54006122e-02	1.83708837e-02
2120            	-1.48514100e-03	2.55977525e-03	3.37714675e-02	1.54005927e-02	1.83708747e-02
2121            	-1.48514590e-03	2.55977391e-03	3.37714398e-02	1.54005740e-02	1.83708658e-02
2122            	-1.48515058e-03	2.55977267e-03	3.37714128e-02	1.54005558e-02	1.83708570e-02
2123            	-1.48515564e-03	2.55977134e-03	3.37713849e-02	1.54005368e-02	1.83708481e-02
2124            	-1.48516083e-03	2.55976993e-03	3.37713567e-02	1.54005175e-02	1.83708392e-02
2125            	-1.48516568e-03	2.55976860e-03	3.37713293e-02	1.54004990e-02	1.83708303e-02
2126            	-1.48517031e-03	2.55976737e-03	3.37713025e-02	1.54004809e-02	1.83708216e-02
2127            	-1.48517532e-03	2.55976605e-03	3.37712749e-02	1.54004621e-02	1.83708128e-02
2128            	-1.48518046e-03	2.55976465e-03	3.37712470e-02	1.54004430e-02	1.83708039e-02
2129            	-1.48518527e-03	2.55976333e-03	3.37712199e-02	1.54004247e-02	1.83707952e-02
2130            	-1.48518986e-03	2.55976211e-03	3.37711933e-02	1.54004068e-02	1.83707865e-02
2131            	-1.48519482e-03	2.55976080e-03	3.37711660e-02	1.54003882e-02	1.83707778e-02
2132            	-1.48519991e-03	2.55975941e-03	3.37711384e-02	1.54003693e-02	1.83707691e-02
2133            	-1.48520468e-03	2.55975810e-03	3.37711115e-02	1.54003511e-02	1.83707604e-02
2134            	-1.48520921e-03	2.55975689e-03	3.37710853e-02	1.54003334e-02	1.83707519e-02
2135            	-1.48521413e-03	2.55975559e-03	3.37710582e-02	1.54003150e-02	1.83707432e-02
2136            	-1.48521918e-03	2.55975421e-03	3.37710308e-02	1.54002962e-02	1.83707346e-02
2137            	-1.48522390e-03	2.55975291e-03	3.37710043e-02	1.54002782e-02	1.83707260e-02
2138            	-1.48522838e-03	2.55975171e-03	3.37709783e-02	1.54002608e-02	1.83707175e-02
2139            	-1.48523325e-03	2.55975042e-03	3.37709515e-02	1.54002425e-02	1.83707090e-02
2140            	-1.48523825e-03	2.55974905e-03	3.37709244e-02	1.54002239e-02	1.83707005e-02
2141            	-1.48524293e-03	2.55974776e-03	3.37708981e-02	1.54002061e-02	1.83706920e-02
2142            	-1.48524737e-03	2.55974656e-03	3.37708724e-02	1.54001888e-02	1.83706836e-02
2143            	-1.48525219e-03	2.55974529e-03	3.37708459e-02	1.54001707e-02	1.83706751e-02
2144            	-1.48525715e-03	2.55974393e-03	3.37708190e-02	1.54001524e-02	1.83706667e-02
2145            	-1.48526178e-03	2.55974265e-03	3.37707930e-02	1.54001347e-02	1.83706583e-02
2146            	-1.48526617e-03	2.55974146e-03	3.37707675e-02	1.54001176e-02	1.83706499e-02
2147            	-1.48527095e-03	2.55974019e-03	3.37707413e-02	1.54000997e-02	1.83706416e-02
2148            	-1.48527586e-03	2.55973885e-03	3.37707147e-02	1.54000815e-02	1.83706332e-02
2149            	-1.48528045e-03	2.55973757e-03	3.37706889e-02	1.54000640e-02	1.83706249e-02
2150            	-1.48528480e-03	2.55973640e-03	3.37706637e-02	1.54000471e-02	1.83706167e-02
2151            	-1.48528953e-03	2.55973514e-03	3.37706377e-02	1.54000293e-02	1.83706084e-02
2152            	-1.48529440e-03	2.55973380e-03	3.37706114e-02	1.54000113e-02	1.83706001e-02
2153            	-1.48529893e-03	2.55973253e-03	3.37705859e-02	1.53999940e-02	1.83705919e-02
2154            	-1.48530324e-03	2.55973137e-03	3.37705610e-02	1.53999772e-02	1.83705837e-02
2155            	-1.48530792e-03	2.55973012e-03	3.37705353e-02	1.53999597e-02	1.83705755e-02
2156            	-1.48531275e-03	2.55972879e-03	3.37705092e-02	1.53999418e-02	1.83705673e-02
2157            	-1.48531724e-03	2.55972754e-03	3.37704839e-02	1.53999247e-02	1.83705592e-02
2158            	-1.48532151e-03	2.55972638e-03	3.37704593e-02	1.53999081e-02	1.83705511e-02
2159            	-1.48532614e-03	2.55972514e-03	3.37704338e-02	1.53998907e-02	1.83705430e-02
2160            	-1.48533093e-03	2.55972382e-03	3.37704080e-02	1.53998731e-02	1.83705349e-02
2161            	-1.48533538e-03	2.55972257e-03	3.37703830e-02	1.53998561e-02	1.83705269e-02
2162            	-1.48533960e-03	2.55972143e-03	3.37703586e-02	1.53998397e-02	1.83705189e-02
2163            	-1.48534419e-03	2.55972020e-03	3.37703333e-02	1.53998225e-02	1.83705109e-02
2164            	-1.48534893e-03	2.55971889e-03	3.37703078e-02	1.53998050e-02	1.83705028e-02
2165            	-1.48535334e-03	2.55971765e-03	3.37702830e-02	1.53997882e-02	1.83704949e-02
2166            	-1.48535751e-03	2.55971651e-03	3.37702589e-02	1.53997719e-02	1.83704869e-02
2167            	-1.48536207e-03	2.55971529e-03	3.37702339e-02	1.53997549e-02	1.83704790e-02
2168            	-1.48536676e-03	2.55971399e-03	3.37702086e-02	1.53997375e-02	1.83704711e-02
2169            	-1.48537113e-03	2.55971276e-03	3.37701841e-02	1.53997209e-02	1.83704632e-02
2170            	-1.48537526e-03	2.55971163e-03	3.37701602e-02	1.53997048e-02	1.83704553e-02
2171            	-1.48537977e-03	2.55971042e-03	3.37701355e-02	1.53996880e-02	1.83704475e-02
2172            	-1.48538442e-03	2.55970913e-03	3.37701104e-02	1.53996708e-02	1.83704396e-02
2173            	-1.48538875e-03	2.55970791e-03	3.37700861e-02	1.53996543e-02	1.83704318e-02
2174            	-1.48539283e-03	2.55970679e-03	3.37700625e-02	1.53996384e-02	1.83704241e-02
2175            	-1.48539730e-03	2.55970559e-03	3.37700380e-02	1.53996217e-02	1.83704163e-02
2176            	-1.48540191e-03	2.55970430e-03	3.37700132e-02	1.53996047e-02	1.83704085e-02
2177            	-1.48540619e-03	2.55970309e-03	3.37699892e-02	1.53995884e-02	1.83704008e-02
2178            	-1.48541024e-03	2.55970198e-03	3.37699658e-02	1.53995726e-02	1.83703931e-02
2179            	-1.48541466e-03	2.55970079e-03	3.37699416e-02	1.53995561e-02	1.83703854e-02
2180            	-1.48541923e-03	2.55969952e-03	3.37699170e-02	1.53995393e-02	1.83703777e-02
2181            	-1.48542347e-03	2.55969831e-03	3.37698932e-02	1.53995231e-02	1.83703701e-02
2182            	-1.48542748e-03	2.55969721e-03	3.37698700e-02	1.53995075e-02	1.83703625e-02
2183            	-1.48543186e-03	2.55969603e-03	3.37698461e-02	1.53994912e-02	1.83703549e-02
2184            	-1.48543639e-03	2.55969476e-03	3.37698217e-02	1.53994745e-02	1.83703473e-02
2185            	-1.48544059e-03	2.55969357e-03	3.37697982e-02	1.53994585e-02	1.83703397e-02
2186            	-1.48544455e-03	2.55969247e-03	3.37697753e-02	1.53994431e-02	1.83703322e-02
2187            	-1.48544889e-03	2.55969130e-03	3.37697515e-02	1.53994269e-02	1.83703247e-02
2188            	-1.48545338e-03	2.55969004e-03	3.37697274e-02	1.53994103e-02	1.83703171e-02
2189            	-1.48545754e-03	2.55968886e-03	3.37697041e-02	1.53993945e-02	1.83703096e-02
2190            	-1.48546146e-03	2.55968777e-03	3.37696814e-02	1.53993793e-02	1.83703022e-02
2191            	-1.48546576e-03	2.55968661e-03	3.37696580e-02	1.53993632e-02	1.83702947e-02
2192            	-1.48547020e-03	2.55968536e-03	3.37696341e-02	1.53993468e-02	1.83702873e-02
2193            	-1.48547433e-03	2.55968418e-03	3.37696110e-02	1.53993312e-02	1.83702798e-02
2194            	-1.48547821e-03	2.55968311e-03	3.37695886e-02	1.53993161e-02	1.83702725e-02
2195            	-1.48548246e-03	2.55968195e-03	3.37695653e-02	1.53993002e-02	1.83702651e-02
2196            	-1.48548687e-03	2.55968071e-03	3.37695417e-02	1.53992840e-02	1.83702577e-02
2197            	-1.48549088e-03	2.55967957e-03	3.37695191e-02	1.53992687e-02	1.83702504e-02
2198            	-1.48549434e-03	2.55967864e-03	3.37694980e-02	1.53992547e-02	1.83702434e-02
2199            	-1.48549786e-03	2.55967776e-03	3.37694766e-02	1.53992404e-02	1.83702362e-02
2200            	-1.48550076e-03	2.55967705e-03	3.37694579e-02	1.53992282e-02	1.83702297e-02
2201            	-1.48550388e-03	2.55967631e-03	3.37694371e-02	1.53992147e-02	1.83702224e-02
2202            	-1.48550691e-03	2.55967559e-03	3.37694167e-02	1.53992014e-02	1.83702152e-02
2203            	-1.48551024e-03	2.55967479e-03	3.37693960e-02	1.53991878e-02	1.83702083e-02
2204            	-1.48551354e-03	2.55967396e-03	3.37693759e-02	1.53991744e-02	1.83702015e-02
2205            	-1.48551652e-03	2.55967321e-03	3.37693567e-02	1.53991618e-02	1.83701949e-02
2206            	-1.48551938e-03	2.55967253e-03	3.37693379e-02	1.53991496e-02	1.83701884e-02
2207            	-1.48552262e-03	2.55967176e-03	3.37693184e-02	1.53991366e-02	1.83701818e-02
2208            	-1.48552595e-03	2.55967091e-03	3.37692987e-02	1.53991234e-02	1.83701753e-02
2209            	-1.48552899e-03	2.55967012e-03	3.37692798e-02	1.53991109e-02	1.83701689e-02
2210            	-1.48553185e-03	2.55966941e-03	3.37692614e-02	1.53990989e-02	1.83701626e-02
2211            	-1.48553501e-03	2.55966864e-03	3.37692425e-02	1.53990862e-02	1.83701563e-02
2212            	-1.48553822e-03	2.55966782e-03	3.37692234e-02	1.53990735e-02	1.83701499e-02
2213            	-1.48554109e-03	2.55966707e-03	3.37692053e-02	1.53990615e-02	1.83701437e-02
2214            	-1.48554381e-03	2.55966640e-03	3.37691876e-02	1.53990500e-02	1.83701376e-02
2215            	-1.48554687e-03	2.55966566e-03	3.37691693e-02	1.53990378e-02	1.83701315e-02
2216            	-1.48554999e-03	2.55966486e-03	3.37691509e-02	1.53990254e-02	1.83701254e-02
2217            	-1.48555282e-03	2.55966411e-03	3.37691332e-02	1.53990138e-02	1.83701194e-02
2218            	-1.48555551e-03	2.55966344e-03	3.37691161e-02	1.53990025e-02	1.83701135e-02
2219            	-1.48555853e-03	2.55966269e-03	3.37690982e-02	1.53989906e-02	1.83701077e-02
2220            	-1.48556163e-03	2.55966188e-03	3.37690802e-02	1.53989785e-02	1.83701017e-02
2221            	-1.48556442e-03	2.55966114e-03	3.37690630e-02	1.53989671e-02	1.83700959e-02
2222            	-1.48556707e-03	2.55966046e-03	3.37690463e-02	1.53989561e-02	1.83700902e-02
2223            	-1.48557006e-03	2.55965972e-03	3.37690289e-02	1.53989444e-02	1.83700845e-02
2224            	-1.48557311e-03	2.55965891e-03	3.37690113e-02	1.53989326e-02	1.83700788e-02
2225            	-1.48557586e-03	2.55965817e-03	3.37689945e-02	1.53989214e-02	1.83700731e-02
2226            	-1.48557846e-03	2.55965750e-03	3.37689782e-02	1.53989106e-02	1.83700676e-02
2227            	-1.48558140e-03	2.55965676e-03	3.37689612e-02	1.53988992e-02	1.83700620e-02
2228            	-1.48558440e-03	2.55965597e-03	3.37689440e-02	1.53988876e-02	1.83700564e-02
2229            	-1.48558710e-03	2.55965523e-03	3.37689276e-02	1.53988767e-02	1.83700509e-02
2230            	-1.48558966e-03	2.55965457e-03	3.37689117e-02	1.53988662e-02	1.83700455e-02
2231            	-1.48559255e-03	2.55965383e-03	3.37688950e-02	1.53988550e-02	1.83700401e-02
2232            	-1.48559551e-03	2.55965304e-03	3.37688782e-02	1.53988436e-02	1.83700346e-02
2233            	-1.48559817e-03	2.55965231e-03	3.37688622e-02	1.53988329e-02	1.83700293e-02
2234            	-1.48560069e-03	2.55965165e-03	3.37688466e-02	1.53988226e-02	1.83700240e-02
2235            	-1.48560354e-03	2.55965093e-03	3.37688303e-02	1.53988116e-02	1.83700187e-02
2236            	-1.48560645e-03	2.55965014e-03	3.37688138e-02	1.53988004e-02	1.83700133e-02
2237            	-1.48560907e-03	2.55964942e-03	3.37687981e-02	1.53987900e-02	1.83700081e-02
2238            	-1.48561154e-03	2.55964877e-03	3.37687828e-02	1.53987798e-02	1.83700029e-02
2239            	-1.48561435e-03	2.55964804e-03	3.37687668e-02	1.53987691e-02	1.83699978e-02
2240            	-1.48561722e-03	2.55964726e-03	3.37687507e-02	1.53987581e-02	1.83699925e-02
2241            	-1.48561980e-03	2.55964655e-03	3.37687353e-02	1.53987478e-02	1.83699874e-02
2242            	-1.48562223e-03	2.55964590e-03	3.37687203e-02	1.53987379e-02	1.83699824e-02
2243            	-1.48562500e-03	2.55964519e-03	3.37687046e-02	1.53987273e-02	1.83699773e-02
2244            	-1.48562782e-03	2.55964442e-03	3.37686887e-02	1.53987165e-02	1.83699722e-02
2245            	-1.48563035e-03	2.55964371e-03	3.37686736e-02	1.53987065e-02	1.83699672e-02
2246            	-1.48563275e-03	2.55964307e-03	3.37686589e-02	1.53986967e-02	1.83699622e-02
2247            	-1.48563547e-03	2.55964237e-03	3.37686435e-02	1.53986863e-02	1.83699572e-02
2248            	-1.48563825e-03	2.55964161e-03	3.37686280e-02	1.53986757e-02	1.83699522e-02
2249            	-1.48564074e-03	2.55964091e-03	3.37686132e-02	1.53986658e-02	1.83699473e-02
2250            	-1.48564309e-03	2.55964028e-03	3.37685987e-02	1.53986563e-02	1.83699425e-02
2251            	-1.48564577e-03	2.55963958e-03	3.37685836e-02	1.53986460e-02	1.83699376e-02
2252            	-1.48564851e-03	2.55963883e-03	3.37685683e-02	1.53986357e-02	1.83699327e-02
2253            	-1.48565096e-03	2.55963813e-03	3.37685538e-02	1.53986259e-02	1.83699278e-02
2254            	-1.48565327e-03	2.55963751e-03	3.37685396e-02	1.53986165e-02	1.83699231e-02
2255            	-1.48565591e-03	2.55963682e-03	3.37685248e-02	1.53986065e-02	1.83699183e-02
2256            	-1.48565861e-03	2.55963608e-03	3.37685097e-02	1.53985963e-02	1.83699135e-02
2257            	-1.48566102e-03	2.55963539e-03	3.37684954e-02	1.53985867e-02	1.83699087e-02
2258            	-1.48566330e-03	2.55963478e-03	3.37684815e-02	1.53985775e-02	1.83699040e-02
2259            	-1.48566590e-03	2.55963410e-03	3.37684669e-02	1.53985676e-02	1.83698993e-02
2260            	-1.48566855e-03	2.55963336e-03	3.37684521e-02	1.53985575e-02	1.83698946e-02
2261            	-1.48567093e-03	2.55963268e-03	3.37684381e-02	1.53985481e-02	1.83698900e-02
2262            	-1.48567317e-03	2.55963208e-03	3.37684244e-02	1.53985390e-02	1.83698854e-02
2263            	-1.48567573e-03	2.55963140e-03	3.37684100e-02	1.53985293e-02	1.83698807e-02
2264            	-1.48567835e-03	2.55963067e-03	3.37683955e-02	1.53985194e-02	1.83698761e-02
2265            	-1.48568069e-03	2.55963000e-03	3.37683816e-02	1.53985101e-02	1.83698715e-02
2266            	-1.48568290e-03	2.55962940e-03	3.37683682e-02	1.53985012e-02	1.83698670e-02
2267            	-1.48568543e-03	2.55962873e-03	3.37683540e-02	1.53984916e-02	1.83698624e-02
2268            	-1.48568801e-03	2.55962801e-03	3.37683397e-02	1.53984818e-02	1.83698579e-02
2269            	-1.48569032e-03	2.55962735e-03	3.37683261e-02	1.53984727e-02	1.83698534e-02
2270            	-1.48569249e-03	2.55962675e-03	3.37683128e-02	1.53984639e-02	1.83698489e-02
2271            	-1.48569499e-03	2.55962609e-03	3.37682989e-02	1.53984545e-02	1.83698444e-02
2272            	-1.48569754e-03	2.55962538e-03	3.37682848e-02	1.53984449e-02	1.83698399e-02
2273            	-1.48569981e-03	2.55962472e-03	3.37682714e-02	1.53984359e-02	1.83698355e-02
2274            	-1.48570195e-03	2.55962413e-03	3.37682583e-02	1.53984272e-02	1.83698311e-02
2275            	-1.48570442e-03	2.55962348e-03	3.37682446e-02	1.53984179e-02	1.83698267e-02
2276            	-1.48570694e-03	2.55962277e-03	3.37682307e-02	1.53984084e-02	1.83698223e-02
2277            	-1.48570917e-03	2.55962212e-03	3.37682175e-02	1.53983996e-02	1.83698179e-02
2278            	-1.48571129e-03	2.55962154e-03	3.37682047e-02	1.53983910e-02	1.83698136e-02
2279            	-1.48571372e-03	2.55962089e-03	3.37681912e-02	1.53983819e-02	1.83698093e-02
2280            	-1.48571621e-03	2.55962019e-03	3.37681775e-02	1.53983725e-02	1.83698049e-02
2281            	-1.48571841e-03	2.55961955e-03	3.37681645e-02	1.53983638e-02	1.83698006e-02
2282            	-1.48572050e-03	2.55961897e-03	3.37681518e-02	1.53983554e-02	1.83697964e-02
2283            	-1.48572290e-03	2.55961833e-03	3.37681385e-02	1.53983463e-02	1.83697921e-02
2284            	-1.48572535e-03	2.55961764e-03	3.37681250e-02	1.53983371e-02	1.83697878e-02
2285            	-1.48572753e-03	2.55961700e-03	3.37681122e-02	1.53983286e-02	1.83697836e-02
2286            	-1.48572958e-03	2.55961643e-03	3.37680997e-02	1.53983203e-02	1.83697794e-02
2287            	-1.48573195e-03	2.55961579e-03	3.37680866e-02	1.53983113e-02	1.83697752e-02
2288            	-1.48573438e-03	2.55961511e-03	3.37680732e-02	1.53983022e-02	1.83697710e-02
2289            	-1.48573652e-03	2.55961448e-03	3.37680606e-02	1.53982938e-02	1.83697668e-02
2290            	-1.48573855e-03	2.55961391e-03	3.37680483e-02	1.53982856e-02	1.83697627e-02
2291            	-1.48574089e-03	2.55961328e-03	3.37680354e-02	1.53982768e-02	1.83697586e-02
2292            	-1.48574328e-03	2.55961260e-03	3.37680222e-02	1.53982678e-02	1.83697544e-02
2293            	-1.48574540e-03	2.55961198e-03	3.37680098e-02	1.53982595e-02	1.83697503e-02
2294            	-1.48574740e-03	2.55961142e-03	3.37679977e-02	1.53982514e-02	1.83697462e-02
2295            	-1.48574971e-03	2.55961080e-03	3.37679849e-02	1.53982427e-02	1.83697422e-02
2296            	-1.48575208e-03	2.55961012e-03	3.37679720e-02	1.53982339e-02	1.83697381e-02
2297            	-1.48575417e-03	2.55960950e-03	3.37679597e-02	1.53982257e-02	1.83697340e-02
2298            	-1.48575613e-03	2.55960895e-03	3.37679477e-02	1.53982177e-02	1.83697300e-02
2299            	-1.48575842e-03	2.55960834e-03	3.37679351e-02	1.53982091e-02	1.83697260e-02
2300            	-1.48576075e-03	2.55960767e-03	3.37679224e-02	1.53982004e-02	1.83697219e-02
2301            	-1.48576282e-03	2.55960705e-03	3.37679103e-02	1.53981923e-02	1.83697179e-02
2302            	-1.48576476e-03	2.55960651e-03	3.37678985e-02	1.53981845e-02	1.83697140e-02
2303            	-1.48576702e-03	2.55960590e-03	3.37678861e-02	1.53981760e-02	1.83697100e-02
2304            	-1.48576932e-03	2.55960524e-03	3.37678735e-02	1.53981674e-02	1.83697061e-02
2305            	-1.48577136e-03	2.55960463e-03	3.37678615e-02	1.53981594e-02	1.83697021e-02
2306            	-1.48577327e-03	2.55960409e-03	3.37678499e-02	1.53981517e-02	1.83696982e-02
2307            	-1.48577550e-03	2.55960348e-03	3.37678377e-02	1.53981433e-02	1.83696943e-02
2308            	-1.48577778e-03	2.55960283e-03	3.37678252e-02	1.53981348e-02	1.83696904e-02
2309            	-1.48577979e-03	2.55960223e-03	3.37678134e-02	1.53981269e-02	1.83696865e-02
2310            	-1.48578168e-03	2.55960169e-03	3.37678020e-02	1.53981193e-02	1.83696827e-02
2311            	-1.48578388e-03	2.55960109e-03	3.37677899e-02	1.53981111e-02	1.83696788e-02
2312            	-1.48578613e-03	2.55960045e-03	3.37677776e-02	1.53981027e-02	1.83696749e-02
2313            	-1.48578811e-03	2.55959985e-03	3.37677660e-02	1.53980949e-02	1.83696711e-02
2314            	-1.48578998e-03	2.55959932e-03	3.37677547e-02	1.53980874e-02	1.83696673e-02
2315            	-1.48579216e-03	2.55959873e-03	3.37677428e-02	1.53980792e-02	1.83696635e-02
2316            	-1.48579438e-03	2.55959808e-03	3.37677307e-02	1.53980710e-02	1.83696597e-02
2317            	-1.48579633e-03	2.55959750e-03	3.37677192e-02	1.53980633e-02	1.83696559e-02
2318            	-1.48579817e-03	2.55959697e-03	3.37677081e-02	1.53980559e-02	1.83696522e-02
2319            	-1.48580033e-03	2.55959638e-03	3.37676963e-02	1.53980478e-02	1.83696485e-02
2320            	-1.48580252e-03	2.55959575e-03	3.37676844e-02	1.53980397e-02	1.83696447e-02
2321            	-1.48580445e-03	2.55959516e-03	3.37676731e-02	1.53980321e-02	1.83696410e-02
2322            	-1.48580627e-03	2.55959464e-03	3.37676621e-02	1.53980248e-02	1.83696373e-02
2323            	-1.48580839e-03	2.55959406e-03	3.37676504e-02	1.53980168e-02	1.83696336e-02
2324            	-1.48581056e-03	2.55959343e-03	3.37676386e-02	1.53980088e-02	1.83696299e-02
2325            	-1.48581247e-03	2.55959285e-03	3.37676275e-02	1.53980013e-02	1.83696262e-02
2326            	-1.48581426e-03	2.55959234e-03	3.37676167e-02	1.53979941e-02	1.83696226e-02
2327            	-1.48581636e-03	2.55959176e-03	3.37676052e-02	1.53979862e-02	1.83696190e-02
2328            	-1.48581851e-03	2.55959114e-03	3.37675935e-02	1.53979783e-02	1.83696153e-02
2329            	-1.48582039e-03	2.55959057e-03	3.37675825e-02	1.53979709e-02	1.83696117e-02
2330            	-1.48582215e-03	2.55959006e-03	3.37675718e-02	1.53979638e-02	1.83696081e-02
2331            	-1.48582423e-03	2.55958949e-03	3.37675605e-02	1.53979560e-02	1.83696045e-02
2332            	-1.48582635e-03	2.55958887e-03	3.37675490e-02	1.53979482e-02	1.83696009e-02
2333            	-1.48582820e-03	2.55958830e-03	3.37675382e-02	1.53979409e-02	1.83695973e-02
2334            	-1.48582995e-03	2.55958780e-03	3.37675276e-02	1.53979339e-02	1.83695938e-02
2335            	-1.48583200e-03	2.55958723e-03	3.37675164e-02	1.53979262e-02	1.83695902e-02
2336            	-1.48583410e-03	2.55958662e-03	3.37675051e-02	1.53979185e-02	1.83695866e-02
2337            	-1.48583593e-03	2.55958606e-03	3.37674944e-02	1.53979113e-02	1.83695831e-02
2338            	-1.48583765e-03	2.55958556e-03	3.37674840e-02	1.53979043e-02	1.83695796e-02
2339            	-1.48583968e-03	2.55958500e-03	3.37674729e-02	1.53978968e-02	1.83695761e-02
2340            	-1.48584175e-03	2.55958439e-03	3.37674617e-02	1.53978891e-02	1.83695726e-02
2341            	-1.48584355e-03	2.55958383e-03	3.37674512e-02	1.53978820e-02	1.83695691e-02
2342            	-1.48584525e-03	2.55958334e-03	3.37674409e-02	1.53978752e-02	1.83695657e-02
2343            	-1.48584726e-03	2.55958278e-03	3.37674300e-02	1.53978677e-02	1.83695623e-02
2344            	-1.48584930e-03	2.55958218e-03	3.37674190e-02	1.53978602e-02	1.83695588e-02
2345            	-1.48585109e-03	2.55958163e-03	3.37674085e-02	1.53978532e-02	1.83695553e-02
2346            	-1.48585276e-03	2.55958114e-03	3.37673984e-02	1.53978464e-02	1.83695520e-02
2347            	-1.48585474e-03	2.55958059e-03	3.37673876e-02	1.53978391e-02	1.83695486e-02
2348            	-1.48585676e-03	2.55958000e-03	3.37673767e-02	1.53978316e-02	1.83695451e-02
2349            	-1.48585852e-03	2.55957945e-03	3.37673664e-02	1.53978247e-02	1.83695417e-02
2350            	-1.48586018e-03	2.55957897e-03	3.37673564e-02	1.53978180e-02	1.83695384e-02
2351            	-1.48586214e-03	2.55957842e-03	3.37673458e-02	1.53978108e-02	1.83695350e-02
2352            	-1.48586413e-03	2.55957783e-03	3.37673350e-02	1.53978034e-02	1.83695316e-02
2353            	-1.48586587e-03	2.55957729e-03	3.37673249e-02	1.53977966e-02	1.83695283e-02
2354            	-1.48586750e-03	2.55957681e-03	3.37673150e-02	1.53977900e-02	1.83695250e-02
2355            	-1.48586944e-03	2.55957627e-03	3.37673045e-02	1.53977828e-02	1.83695217e-02
2356            	-1.48587141e-03	2.55957569e-03	3.37672939e-02	1.53977755e-02	1.83695184e-02
2357            	-1.48587313e-03	2.55957515e-03	3.37672838e-02	1.53977688e-02	1.83695150e-02
2358            	-1.48587474e-03	2.55957468e-03	3.37672741e-02	1.53977623e-02	1.83695118e-02
2359            	-1.48587665e-03	2.55957414e-03	3.37672637e-02	1.53977552e-02	1.83695085e-02
2360            	-1.48587860e-03	2.55957356e-03	3.37672532e-02	1.53977480e-02	1.83695052e-02
2361            	-1.48588030e-03	2.55957303e-03	3.37672433e-02	1.53977414e-02	1.83695020e-02
2362            	-1.48588189e-03	2.55957257e-03	3.37672337e-02	1.53977350e-02	1.83694988e-02
2363            	-1.48588378e-03	2.55957204e-03	3.37672235e-02	1.53977280e-02	1.83694955e-02
2364            	-1.48588571e-03	2.55957146e-03	3.37672131e-02	1.53977209e-02	1.83694923e-02
2365            	-1.48588738e-03	2.55957094e-03	3.37672034e-02	1.53977143e-02	1.83694891e-02
2366            	-1.48588894e-03	2.55957047e-03	3.37671939e-02	1.53977080e-02	1.83694859e-02
2367            	-1.48589082e-03	2.55956995e-03	3.37671838e-02	1.53977011e-02	1.83694827e-02
2368            	-1.48589272e-03	2.55956938e-03	3.37671735e-02	1.53976940e-02	1.83694795e-02
2369            	-1.48589437e-03	2.55956886e-03	3.37671639e-02	1.53976876e-02	1.83694763e-02
2370            	-1.48589592e-03	2.55956840e-03	3.37671545e-02	1.53976813e-02	1.83694732e-02
2371            	-1.48589777e-03	2.55956788e-03	3.37671446e-02	1.53976745e-02	1.83694700e-02
2372            	-1.48589965e-03	2.55956731e-03	3.37671345e-02	1.53976676e-02	1.83694669e-02
2373            	-1.48590128e-03	2.55956680e-03	3.37671249e-02	1.53976612e-02	1.83694637e-02
2374            	-1.48590280e-03	2.55956635e-03	3.37671157e-02	1.53976550e-02	1.83694606e-02
2375            	-1.48590463e-03	2.55956583e-03	3.37671058e-02	1.53976483e-02	1.83694576e-02
2376            	-1.48590649e-03	2.55956527e-03	3.37670959e-02	1.53976414e-02	1.83694544e-02
2377            	-1.48590810e-03	2.55956476e-03	3.37670865e-02	1.53976351e-02	1.83694513e-02
2378            	-1.48590961e-03	2.55956431e-03	3.37670773e-02	1.53976291e-02	1.83694483e-02
2379            	-1.48591141e-03	2.55956380e-03	3.37670676e-02	1.53976224e-02	1.83694452e-02
2380            	-1.48591325e-03	2.55956325e-03	3.37670577e-02	1.53976156e-02	1.83694421e-02
2381            	-1.48591484e-03	2.55956274e-03	3.37670485e-02	1.53976094e-02	1.83694391e-02
2382            	-1.48591632e-03	2.55956230e-03	3.37670395e-02	1.53976034e-02	1.83694361e-02
2383            	-1.48591811e-03	2.55956179e-03	3.37670299e-02	1.53975968e-02	1.83694330e-02
2384            	-1.48591993e-03	2.55956124e-03	3.37670201e-02	1.53975901e-02	1.83694300e-02
2385            	-1.48592150e-03	2.55956074e-03	3.37670110e-02	1.53975840e-02	1.83694270e-02
2386            	-1.48592296e-03	2.55956030e-03	3.37670021e-02	1.53975781e-02	1.83694240e-02
2387            	-1.48592473e-03	2.55955980e-03	3.37669926e-02	1.53975716e-02	1.83694210e-02
2388            	-1.48592652e-03	2.55955925e-03	3.37669830e-02	1.53975650e-02	1.83694180e-02
2389            	-1.48592807e-03	2.55955876e-03	3.37669739e-02	1.53975589e-02	1.83694150e-02
2390            	-1.48592952e-03	2.55955832e-03	3.37669652e-02	1.53975531e-02	1.83694121e-02
2391            	-1.48593126e-03	2.55955783e-03	3.37669558e-02	1.53975466e-02	1.83694092e-02
2392            	-1.48593304e-03	2.55955729e-03	3.37669463e-02	1.53975401e-02	1.83694062e-02
2393            	-1.48593456e-03	2.55955680e-03	3.37669374e-02	1.53975341e-02	1.83694032e-02
2394            	-1.48593599e-03	2.55955637e-03	3.37669287e-02	1.53975284e-02	1.83694003e-02
2395            	-1.48593772e-03	2.55955588e-03	3.37669194e-02	1.53975220e-02	1.83693974e-02
2396            	-1.48593947e-03	2.55955534e-03	3.37669101e-02	1.53975156e-02	1.83693945e-02
2397            	-1.48594098e-03	2.55955485e-03	3.37669012e-02	1.53975096e-02	1.83693916e-02
2398            	-1.48594239e-03	2.55955443e-03	3.37668927e-02	1.53975040e-02	1.83693887e-02
2399            	-1.48594409e-03	2.55955394e-03	3.37668836e-02	1.53974977e-02	1.83693859e-02
2400            	-1.48594583e-03	2.55955341e-03	3.37668743e-02	1.53974913e-02	1.83693830e-02
2401            	-1.48594731e-03	2.55955293e-03	3.37668656e-02	1.53974855e-02	1.83693801e-02
2402            	-1.48594870e-03	2.55955251e-03	3.37668571e-02	1.53974799e-02	1.83693773e-02
2403            	-1.48595039e-03	2.55955203e-03	3.37668481e-02	1.53974737e-02	1.83693744e-02
2404            	-1.48595211e-03	2.55955150e-03	3.37668389e-02	1.53974674e-02	1.83693716e-02
2405            	-1.48595357e-03	2.55955102e-03	3.37668303e-02	1.53974616e-02	1.83693687e-02
2406            	-1.48595494e-03	2.55955061e-03	3.37668220e-02	1.53974561e-02	1.83693660e-02
2407            	-1.48595661e-03	2.55955013e-03	3.37668131e-02	1.53974499e-02	1.83693632e-02
2408            	-1.48595831e-03	2.55954961e-03	3.37668041e-02	1.53974437e-02	1.83693603e-02
2409            	-1.48595975e-03	2.55954914e-03	3.37667956e-02	1.53974380e-02	1.83693575e-02
2410            	-1.48596111e-03	2.55954872e-03	3.37667873e-02	1.53974326e-02	1.83693548e-02
2411            	-1.48596276e-03	2.55954825e-03	3.37667785e-02	1.53974265e-02	1.83693520e-02
2412            	-1.48596443e-03	2.55954773e-03	3.37667696e-02	1.53974204e-02	1.83693492e-02
2413            	-1.48596586e-03	2.55954727e-03	3.37667612e-02	1.53974147e-02	1.83693465e-02
2414            	-1.48596719e-03	2.55954686e-03	3.37667531e-02	1.53974094e-02	1.83693437e-02
2415            	-1.48596883e-03	2.55954639e-03	3.37667444e-02	1.53974034e-02	1.83693410e-02
2416            	-1.48597048e-03	2.55954588e-03	3.37667355e-02	1.53973973e-02	1.83693383e-02
2417            	-1.48597189e-03	2.55954541e-03	3.37667273e-02	1.53973917e-02	1.83693355e-02
2418            	-1.48597321e-03	2.55954501e-03	3.37667193e-02	1.53973864e-02	1.83693328e-02
2419            	-1.48597482e-03	2.55954454e-03	3.37667107e-02	1.53973805e-02	1.83693301e-02
2420            	-1.48597646e-03	2.55954404e-03	3.37667019e-02	1.53973745e-02	1.83693274e-02
2421            	-1.48597785e-03	2.55954358e-03	3.37666938e-02	1.53973690e-02	1.83693247e-02
2422            	-1.48597915e-03	2.55954318e-03	3.37666858e-02	1.53973638e-02	1.83693221e-02
2423            	-1.48598074e-03	2.55954272e-03	3.37666773e-02	1.53973579e-02	1.83693194e-02
2424            	-1.48598236e-03	2.55954222e-03	3.37666687e-02	1.53973520e-02	1.83693167e-02
2425            	-1.48598374e-03	2.55954176e-03	3.37666606e-02	1.53973466e-02	1.83693141e-02
2426            	-1.48598502e-03	2.55954136e-03	3.37666528e-02	1.53973414e-02	1.83693114e-02
2427            	-1.48598659e-03	2.55954091e-03	3.37666444e-02	1.53973356e-02	1.83693088e-02
2428            	-1.48598819e-03	2.55954041e-03	3.37666359e-02	1.53973298e-02	1.83693061e-02
2429            	-1.48598955e-03	2.55953996e-03	3.37666279e-02	1.53973244e-02	1.83693035e-02
2430            	-1.48599081e-03	2.55953957e-03	3.37666202e-02	1.53973193e-02	1.83693009e-02
2431            	-1.48599237e-03	2.55953912e-03	3.37666119e-02	1.53973136e-02	1.83692983e-02
2432            	-1.48599395e-03	2.55953862e-03	3.37666035e-02	1.53973078e-02	1.83692957e-02
2433            	-1.48599529e-03	2.55953818e-03	3.37665956e-02	1.53973025e-02	1.83692931e-02
2434            	-1.48599654e-03	2.55953779e-03	3.37665880e-02	1.53972975e-02	1.83692905e-02
2435            	-1.48599808e-03	2.55953734e-03	3.37665798e-02	1.53972918e-02	1.83692880e-02
2436            	-1.48599964e-03	2.55953685e-03	3.37665715e-02	1.53972861e-02	1.83692854e-02
2437            	-1.48600097e-03	2.55953641e-03	3.37665637e-02	1.53972809e-02	1.83692828e-02
2438            	-1.48600219e-03	2.55953603e-03	3.37665562e-02	1.53972759e-02	1.83692803e-02
2439            	-1.48600372e-03	2.55953559e-03	3.37665481e-02	1.53972703e-02	1.83692778e-02
2440            	-1.48600527e-03	2.55953510e-03	3.37665399e-02	1.53972647e-02	1.83692752e-02
2441            	-1.48600657e-03	2.55953466e-03	3.37665322e-02	1.53972595e-02	1.83692727e-02
2442            	-1.48600778e-03	2.55953428e-03	3.37665247e-02	1.53972546e-02	1.83692702e-02
2443            	-1.48600929e-03	2.55953384e-03	3.37665167e-02	1.53972491e-02	1.83692677e-02
2444            	-1.48601082e-03	2.55953336e-03	3.37665086e-02	1.53972435e-02	1.83692651e-02
2445            	-1.48601211e-03	2.55953293e-03	3.37665010e-02	1.53972384e-02	1.83692626e-02
2446            	-1.48601330e-03	2.55953256e-03	3.37664937e-02	1.53972335e-02	1.83692601e-02
2447            	-1.48601479e-03	2.55953212e-03	3.37664858e-02	1.53972281e-02	1.83692577e-02
2448            	-1.48601630e-03	2.55953164e-03	3.37664777e-02	1.53972226e-02	1.83692552e-02
2449            	-1.48601757e-03	2.55953122e-03	3.37664702e-02	1.53972175e-02	1.83692527e-02
2450            	-1.48601875e-03	2.55953084e-03	3.37664630e-02	1.53972127e-02	1.83692502e-02
2451            	-1.48602023e-03	2.55953041e-03	3.37664552e-02	1.53972074e-02	1.83692478e-02
2452            	-1.48602172e-03	2.55952994e-03	3.37664472e-02	1.53972019e-02	1.83692453e-02
2453            	-1.48602298e-03	2.55952952e-03	3.37664398e-02	1.53971969e-02	1.83692429e-02
2454            	-1.48602414e-03	2.55952915e-03	3.37664327e-02	1.53971922e-02	1.83692405e-02
2455            	-1.48602560e-03	2.55952872e-03	3.37664249e-02	1.53971869e-02	1.83692381e-02
2456            	-1.48602708e-03	2.55952825e-03	3.37664171e-02	1.53971815e-02	1.83692356e-02
2457            	-1.48602831e-03	2.55952783e-03	3.37664098e-02	1.53971766e-02	1.83692332e-02
2458            	-1.48602946e-03	2.55952747e-03	3.37664027e-02	1.53971719e-02	1.83692308e-02
2459            	-1.48603090e-03	2.55952705e-03	3.37663951e-02	1.53971666e-02	1.83692284e-02
2460            	-1.48603236e-03	2.55952658e-03	3.37663873e-02	1.53971613e-02	1.83692260e-02
2461            	-1.48603359e-03	2.55952617e-03	3.37663801e-02	1.53971564e-02	1.83692236e-02
2462            	-1.48603472e-03	2.55952581e-03	3.37663731e-02	1.53971518e-02	1.83692213e-02
2463            	-1.48603614e-03	2.55952539e-03	3.37663655e-02	1.53971466e-02	1.83692189e-02
2464            	-1.48603759e-03	2.55952493e-03	3.37663579e-02	1.53971413e-02	1.83692165e-02
2465            	-1.48603879e-03	2.55952451e-03	3.37663507e-02	1.53971366e-02	1.83692142e-02
2466            	-1.48603991e-03	2.55952416e-03	3.37663438e-02	1.53971320e-02	1.83692118e-02
2467            	-1.48604132e-03	2.55952374e-03	3.37663364e-02	1.53971269e-02	1.83692095e-02
2468            	-1.48604275e-03	2.55952329e-03	3.37663288e-02	1.53971216e-02	1.83692071e-02
2469            	-1.48604394e-03	2.55952288e-03	3.37663217e-02	1.53971169e-02	1.83692048e-02
2470            	-1.48604504e-03	2.55952253e-03	3.37663149e-02	1.53971124e-02	1.83692025e-02
2471            	-1.48604644e-03	2.55952211e-03	3.37663075e-02	1.53971073e-02	1.83692002e-02
2472            	-1.48604785e-03	2.55952166e-03	3.37663000e-02	1.53971022e-02	1.83691979e-02
2473            	-1.48604902e-03	2.55952126e-03	3.37662931e-02	1.53970975e-02	1.83691955e-02
2474            	-1.48605011e-03	2.55952091e-03	3.37662863e-02	1.53970931e-02	1.83691933e-02
2475            	-1.48605149e-03	2.55952050e-03	3.37662790e-02	1.53970880e-02	1.83691910e-02
2476            	-1.48605289e-03	2.55952005e-03	3.37662716e-02	1.53970829e-02	1.83691887e-02
2477            	-1.48605405e-03	2.55951965e-03	3.37662647e-02	1.53970783e-02	1.83691864e-02
2478            	-1.48605512e-03	2.55951931e-03	3.37662581e-02	1.53970739e-02	1.83691842e-02
2479            	-1.48605648e-03	2.55951890e-03	3.37662508e-02	1.53970689e-02	1.83691819e-02
2480            	-1.48605786e-03	2.55951846e-03	3.37662435e-02	1.53970639e-02	1.83691796e-02
2481            	-1.48605901e-03	2.55951806e-03	3.37662367e-02	1.53970594e-02	1.83691774e-02
2482            	-1.48606006e-03	2.55951772e-03	3.37662301e-02	1.53970550e-02	1.83691751e-02
2483            	-1.48606141e-03	2.55951732e-03	3.37662230e-02	1.53970501e-02	1.83691729e-02
2484            	-1.48606278e-03	2.55951688e-03	3.37662158e-02	1.53970451e-02	1.83691707e-02
2485            	-1.48606391e-03	2.55951649e-03	3.37662090e-02	1.53970406e-02	1.83691684e-02
2486            	-1.48606495e-03	2.55951615e-03	3.37662025e-02	1.53970363e-02	1.83691662e-02
2487            	-1.48606629e-03	2.55951575e-03	3.37661955e-02	1.53970315e-02	1.83691640e-02
2488            	-1.48606764e-03	2.55951532e-03	3.37661883e-02	1.53970265e-02	1.83691618e-02
2489            	-1.48606875e-03	2.55951493e-03	3.37661817e-02	1.53970221e-02	1.83691596e-02
2490            	-1.48606978e-03	2.55951460e-03	3.37661753e-02	1.53970179e-02	1.83691574e-02
2491            	-1.48607110e-03	2.55951420e-03	3.37661683e-02	1.53970130e-02	1.83691552e-02
2492            	-1.48607244e-03	2.55951377e-03	3.37661612e-02	1.53970082e-02	1.83691530e-02
2493            	-1.48607354e-03	2.55951339e-03	3.37661546e-02	1.53970038e-02	1.83691509e-02
2494            	-1.48607455e-03	2.55951305e-03	3.37661483e-02	1.53969996e-02	1.83691487e-02
2495            	-1.48607586e-03	2.55951266e-03	3.37661414e-02	1.53969948e-02	1.83691466e-02
2496            	-1.48607718e-03	2.55951224e-03	3.37661344e-02	1.53969900e-02	1.83691444e-02
2497            	-1.48607826e-03	2.55951186e-03	3.37661279e-02	1.53969857e-02	1.83691422e-02
2498            	-1.48607927e-03	2.55951153e-03	3.37661216e-02	1.53969816e-02	1.83691401e-02
2499            	-1.48608056e-03	2.55951114e-03	3.37661148e-02	1.53969768e-02	1.83691380e-02
2500            	-1.48608186e-03	2.55951072e-03	3.37661079e-02	1.53969721e-02	1.83691358e-02
2501            	-1.48608293e-03	2.55951034e-03	3.37661015e-02	1.53969678e-02	1.83691337e-02
2502            	-1.48608392e-03	2.55951002e-03	3.37660953e-02	1.53969637e-02	1.83691316e-02
2503            	-1.48608520e-03	2.55950963e-03	3.37660885e-02	1.53969591e-02	1.83691295e-02
2504            	-1.48608649e-03	2.55950921e-03	3.37660817e-02	1.53969543e-02	1.83691273e-02
2505            	-1.48608755e-03	2.55950884e-03	3.37660753e-02	1.53969501e-02	1.83691252e-02
2506            	-1.48608852e-03	2.55950852e-03	3.37660692e-02	1.53969461e-02	1.83691231e-02
2507            	-1.48608979e-03	2.55950814e-03	3.37660625e-02	1.53969415e-02	1.83691211e-02
2508            	-1.48609106e-03	2.55950772e-03	3.37660558e-02	1.53969368e-02	1.83691189e-02
2509            	-1.48609211e-03	2.55950735e-03	3.37660495e-02	1.53969326e-02	1.83691169e-02
2510            	-1.48609307e-03	2.55950703e-03	3.37660434e-02	1.53969287e-02	1.83691148e-02
2511            	-1.48609432e-03	2.55950666e-03	3.37660368e-02	1.53969241e-02	1.83691127e-02
2512            	-1.48609558e-03	2.55950625e-03	3.37660301e-02	1.53969195e-02	1.83691107e-02
2513            	-1.48609661e-03	2.55950588e-03	3.37660239e-02	1.53969154e-02	1.83691086e-02
2514            	-1.48609756e-03	2.55950556e-03	3.37660180e-02	1.53969114e-02	1.83691065e-02
2515            	-1.48609880e-03	2.55950519e-03	3.37660114e-02	1.53969069e-02	1.83691045e-02
2516            	-1.48610005e-03	2.55950478e-03	3.37660048e-02	1.53969024e-02	1.83691025e-02
2517            	-1.48610106e-03	2.55950442e-03	3.37659987e-02	1.53968983e-02	1.83691004e-02
2518            	-1.48610200e-03	2.55950411e-03	3.37659928e-02	1.53968944e-02	1.83690984e-02
2519            	-1.48610322e-03	2.55950374e-03	3.37659863e-02	1.53968899e-02	1.83690964e-02
2520            	-1.48610446e-03	2.55950334e-03	3.37659798e-02	1.53968854e-02	1.83690943e-02
2521            	-1.48610546e-03	2.55950297e-03	3.37659737e-02	1.53968814e-02	1.83690923e-02
2522            	-1.48610639e-03	2.55950267e-03	3.37659679e-02	1.53968775e-02	1.83690903e-02
2523            	-1.48610760e-03	2.55950230e-03	3.37659615e-02	1.53968731e-02	1.83690883e-02
2524            	-1.48610882e-03	2.55950190e-03	3.37659550e-02	1.53968687e-02	1.83690863e-02
2525            	-1.48610981e-03	2.55950154e-03	3.37659490e-02	1.53968647e-02	1.83690843e-02
2526            	-1.48611072e-03	2.55950124e-03	3.37659432e-02	1.53968609e-02	1.83690823e-02
2527            	-1.48611192e-03	2.55950088e-03	3.37659369e-02	1.53968565e-02	1.83690804e-02
2528            	-1.48611312e-03	2.55950048e-03	3.37659305e-02	1.53968521e-02	1.83690784e-02
2529            	-1.48611410e-03	2.55950013e-03	3.37659246e-02	1.53968482e-02	1.83690764e-02
2530            	-1.48611500e-03	2.55949982e-03	3.37659189e-02	1.53968444e-02	1.83690744e-02
2531            	-1.48611618e-03	2.55949947e-03	3.37659126e-02	1.53968401e-02	1.83690725e-02
2532            	-1.48611738e-03	2.55949907e-03	3.37659063e-02	1.53968358e-02	1.83690705e-02
2533            	-1.48611834e-03	2.55949872e-03	3.37659004e-02	1.53968319e-02	1.83690686e-02
2534            	-1.48611923e-03	2.55949842e-03	3.37658948e-02	1.53968282e-02	1.83690666e-02
2535            	-1.48612040e-03	2.55949807e-03	3.37658886e-02	1.53968239e-02	1.83690647e-02
2536            	-1.48612158e-03	2.55949768e-03	3.37658823e-02	1.53968196e-02	1.83690627e-02
2537            	-1.48612254e-03	2.55949733e-03	3.37658765e-02	1.53968157e-02	1.83690608e-02
2538            	-1.48612341e-03	2.55949704e-03	3.37658710e-02	1.53968121e-02	1.83690589e-02
2539            	-1.48612457e-03	2.55949668e-03	3.37658648e-02	1.53968078e-02	1.83690570e-02
2540            	-1.48612574e-03	2.55949630e-03	3.37658586e-02	1.53968036e-02	1.83690550e-02
2541            	-1.48612668e-03	2.55949595e-03	3.37658529e-02	1.53967998e-02	1.83690531e-02
2542            	-1.48612754e-03	2.55949566e-03	3.37658474e-02	1.53967962e-02	1.83690512e-02
2543            	-1.48612845e-03	2.55949539e-03	3.37658420e-02	1.53967926e-02	1.83690495e-02
2544            	-1.48612919e-03	2.55949516e-03	3.37658370e-02	1.53967893e-02	1.83690477e-02
2545            	-1.48612961e-03	2.55949504e-03	3.37658325e-02	1.53967867e-02	1.83690459e-02
2546            	-1.48612979e-03	2.55949501e-03	3.37658287e-02	1.53967846e-02	1.83690441e-02
2547            	-1.48613005e-03	2.55949501e-03	3.37658259e-02	1.53967829e-02	1.83690430e-02
2548            	-1.48613038e-03	2.55949497e-03	3.37658211e-02	1.53967802e-02	1.83690409e-02
2549            	-1.48613031e-03	2.55949498e-03	3.37658188e-02	1.53967791e-02	1.83690397e-02
2550            	-1.48613056e-03	2.55949496e-03	3.37658143e-02	1.53967766e-02	1.83690377e-02
2551            	-1.48613099e-03	2.55949488e-03	3.37658104e-02	1.53967742e-02	1.83690362e-02
2552            	-1.48613134e-03	2.55949480e-03	3.37658070e-02	1.53967722e-02	1.83690348e-02
2553            	-1.48613148e-03	2.55949478e-03	3.37658042e-02	1.53967706e-02	1.83690336e-02
2554            	-1.48613152e-03	2.55949480e-03	3.37658020e-02	1.53967695e-02	1.83690325e-02
2555            	-1.48613195e-03	2.55949475e-03	3.37657985e-02	1.53967673e-02	1.83690312e-02
2556            	-1.48613222e-03	2.55949468e-03	3.37657957e-02	1.53967656e-02	1.83690301e-02
2557            	-1.48613249e-03	2.55949460e-03	3.37657923e-02	1.53967637e-02	1.83690287e-02
2558            	-1.48613258e-03	2.55949458e-03	3.37657900e-02	1.53967624e-02	1.83690276e-02
2559            	-1.48613300e-03	2.55949450e-03	3.37657866e-02	1.53967603e-02	1.83690263e-02
2560            	-1.48613309e-03	2.55949447e-03	3.37657848e-02	1.53967593e-02	1.83690255e-02
2561            	-1.48613332e-03	2.55949441e-03	3.37657815e-02	1.53967574e-02	1.83690241e-02
2562            	-1.48613336e-03	2.55949440e-03	3.37657799e-02	1.53967566e-02	1.83690233e-02
2563            	-1.48613375e-03	2.55949431e-03	3.37657764e-02	1.53967545e-02	1.83690220e-02
2564            	-1.48613383e-03	2.55949427e-03	3.37657747e-02	1.53967535e-02	1.83690212e-02
2565            	-1.48613402e-03	2.55949421e-03	3.37657718e-02	1.53967519e-02	1.83690199e-02
2566            	-1.48613404e-03	2.55949421e-03	3.37657704e-02	1.53967512e-02	1.83690193e-02
2567            	-1.48613440e-03	2.55949413e-03	3.37657674e-02	1.53967493e-02	1.83690181e-02
2568            	-1.48613448e-03	2.55949410e-03	3.37657659e-02	1.53967485e-02	1.83690174e-02
2569            	-1.48613467e-03	2.55949404e-03	3.37657633e-02	1.53967470e-02	1.83690163e-02
2570            	-1.48613468e-03	2.55949403e-03	3.37657620e-02	1.53967463e-02	1.83690157e-02
2571            	-1.48613503e-03	2.55949396e-03	3.37657593e-02	1.53967446e-02	1.83690147e-02
2572            	-1.48613510e-03	2.55949392e-03	3.37657579e-02	1.53967438e-02	1.83690141e-02
2573            	-1.48613526e-03	2.55949386e-03	3.37657555e-02	1.53967425e-02	1.83690130e-02
2574            	-1.48613526e-03	2.55949386e-03	3.37657544e-02	1.53967419e-02	1.83690125e-02
2575            	-1.48613558e-03	2.55949378e-03	3.37657519e-02	1.53967403e-02	1.83690115e-02
2576            	-1.48613563e-03	2.55949375e-03	3.37657506e-02	1.53967397e-02	1.83690110e-02
2577            	-1.48613577e-03	2.55949369e-03	3.37657485e-02	1.53967385e-02	1.83690100e-02
2578            	-1.48613575e-03	2.55949368e-03	3.37657475e-02	1.53967380e-02	1.83690095e-02
2579            	-1.48613606e-03	2.55949361e-03	3.37657451e-02	1.53967365e-02	1.83690086e-02
2580            	-1.48613610e-03	2.55949357e-03	3.37657440e-02	1.53967359e-02	1.83690081e-02
2581            	-1.48613622e-03	2.55949352e-03	3.37657421e-02	1.53967348e-02	1.83690073e-02
2582            	-1.48613619e-03	2.55949351e-03	3.37657412e-02	1.53967344e-02	1.83690068e-02
2583            	-1.48613648e-03	2.55949344e-03	3.37657391e-02	1.53967331e-02	1.83690060e-02
2584            	-1.48613651e-03	2.55949341e-03	3.37657381e-02	1.53967325e-02	1.83690055e-02
2585            	-1.48613660e-03	2.55949336e-03	3.37657363e-02	1.53967315e-02	1.83690047e-02
2586            	-1.48613656e-03	2.55949336e-03	3.37657355e-02	1.53967312e-02	1.83690043e-02
2587            	-1.48613682e-03	2.55949329e-03	3.37657335e-02	1.53967299e-02	1.83690036e-02
2588            	-1.48613684e-03	2.55949326e-03	3.37657326e-02	1.53967295e-02	1.83690032e-02
2589            	-1.48613691e-03	2.55949321e-03	3.37657310e-02	1.53967286e-02	1.83690024e-02
2590            	-1.48613686e-03	2.55949321e-03	3.37657303e-02	1.53967283e-02	1.83690020e-02
2591            	-1.48613710e-03	2.55949315e-03	3.37657285e-02	1.53967272e-02	1.83690014e-02
2592            	-1.48613711e-03	2.55949312e-03	3.37657277e-02	1.53967268e-02	1.83690010e-02
2593            	-1.48613715e-03	2.55949308e-03	3.37657263e-02	1.53967260e-02	1.83690003e-02
2594            	-1.48613709e-03	2.55949308e-03	3.37657257e-02	1.53967257e-02	1.83689999e-02
2595            	-1.48613731e-03	2.55949302e-03	3.37657240e-02	1.53967247e-02	1.83689993e-02
2596            	-1.48613731e-03	2.55949299e-03	3.37657233e-02	1.53967243e-02	1.83689989e-02
2597            	-1.48613733e-03	2.55949296e-03	3.37657220e-02	1.53967236e-02	1.83689983e-02
2598            	-1.48613726e-03	2.55949296e-03	3.37657214e-02	1.53967235e-02	1.83689980e-02
2599            	-1.48613746e-03	2.55949290e-03	3.37657199e-02	1.53967225e-02	1.83689974e-02
2600            	-1.48613745e-03	2.55949288e-03	3.37657192e-02	1.53967222e-02	1.83689971e-02
2601            	-1.48613746e-03	2.55949285e-03	3.37657181e-02	1.53967216e-02	1.83689965e-02
2602            	-1.48613737e-03	2.55949285e-03	3.37657176e-02	1.53967214e-02	1.83689962e-02
2603            	-1.48613755e-03	2.55949280e-03	3.37657162e-02	1.53967205e-02	1.83689956e-02
2604            	-1.48613753e-03	2.55949278e-03	3.37657156e-02	1.53967203e-02	1.83689953e-02
2605            	-1.48613752e-03	2.55949275e-03	3.37657145e-02	1.53967197e-02	1.83689948e-02
2606            	-1.48613743e-03	2.55949276e-03	3.37657141e-02	1.53967196e-02	1.83689945e-02
2607            	-1.48613759e-03	2.55949271e-03	3.37657128e-02	1.53967188e-02	1.83689940e-02
2608            	-1.48613756e-03	2.55949269e-03	3.37657123e-02	1.53967186e-02	1.83689937e-02
2609            	-1.48613753e-03	2.55949266e-03	3.37657114e-02	1.53967181e-02	1.83689932e-02
2610            	-1.48613743e-03	2.55949267e-03	3.37657110e-02	1.53967181e-02	1.83689929e-02
2611            	-1.48613757e-03	2.55949264e-03	3.37657102e-02	1.53967175e-02	1.83689927e-02
2612            	-1.48613768e-03	2.55949257e-03	3.37657089e-02	1.53967168e-02	1.83689921e-02
2613            	-1.48613743e-03	2.55949258e-03	3.37657088e-02	1.53967170e-02	1.83689918e-02
2614            	-1.48613737e-03	2.55949259e-03	3.37657080e-02	1.53967166e-02	1.83689914e-02
2615            	-1.48613750e-03	2.55949257e-03	3.37657073e-02	1.53967162e-02	1.83689912e-02
2616            	-1.48613743e-03	2.55949256e-03	3.37657069e-02	1.53967160e-02	1.83689909e-02
2617            	-1.48613740e-03	2.55949253e-03	3.37657059e-02	1.53967156e-02	1.83689904e-02
2618            	-1.48613730e-03	2.55949253e-03	3.37657057e-02	1.53967155e-02	1.83689901e-02
2619            	-1.48613743e-03	2.55949250e-03	3.37657049e-02	1.53967150e-02	1.83689899e-02
2620            	-1.48613750e-03	2.55949244e-03	3.37657039e-02	1.53967144e-02	1.83689894e-02
2621            	-1.48613724e-03	2.55949246e-03	3.37657039e-02	1.53967147e-02	1.83689892e-02
2622            	-1.48613714e-03	2.55949248e-03	3.37657033e-02	1.53967145e-02	1.83689888e-02
2623            	-1.48613726e-03	2.55949246e-03	3.37657027e-02	1.53967141e-02	1.83689886e-02
2624            	-1.48613717e-03	2.55949246e-03	3.37657024e-02	1.53967140e-02	1.83689884e-02
2625            	-1.48613711e-03	2.55949243e-03	3.37657016e-02	1.53967137e-02	1.83689879e-02
2626            	-1.48613699e-03	2.55949244e-03	3.37657015e-02	1.53967137e-02	1.83689877e-02
2627            	-1.48613711e-03	2.55949241e-03	3.37657009e-02	1.53967133e-02	1.83689875e-02
2628            	-1.48613715e-03	2.55949236e-03	3.37656999e-02	1.53967128e-02	1.83689871e-02
2629            	-1.48613687e-03	2.55949238e-03	3.37657001e-02	1.53967132e-02	1.83689869e-02
2630            	-1.48613676e-03	2.55949241e-03	3.37656999e-02	1.53967132e-02	1.83689867e-02
2631            	-1.48613686e-03	2.55949238e-03	3.37656990e-02	1.53967126e-02	1.83689863e-02
2632            	-1.48613677e-03	2.55949237e-03	3.37656987e-02	1.53967126e-02	1.83689861e-02
2633            	-1.48613653e-03	2.55949240e-03	3.37656988e-02	1.53967129e-02	1.83689859e-02
2634            	-1.48613646e-03	2.55949241e-03	3.37656982e-02	1.53967126e-02	1.83689856e-02
2635            	-1.48613659e-03	2.55949238e-03	3.37656977e-02	1.53967122e-02	1.83689854e-02
2636            	-1.48613650e-03	2.55949237e-03	3.37656974e-02	1.53967122e-02	1.83689852e-02
2637            	-1.48613642e-03	2.55949235e-03	3.37656969e-02	1.53967120e-02	1.83689849e-02
2638            	-1.48613628e-03	2.55949236e-03	3.37656969e-02	1.53967122e-02	1.83689847e-02
2639            	-1.48613636e-03	2.55949235e-03	3.37656964e-02	1.53967119e-02	1.83689846e-02
2640            	-1.48613635e-03	2.55949231e-03	3.37656958e-02	1.53967115e-02	1.83689842e-02
2641            	-1.48613605e-03	2.55949234e-03	3.37656960e-02	1.53967120e-02	1.83689840e-02
2642            	-1.48613591e-03	2.55949237e-03	3.37656960e-02	1.53967121e-02	1.83689839e-02
2643            	-1.48613597e-03	2.55949235e-03	3.37656953e-02	1.53967117e-02	1.83689836e-02
2644            	-1.48613587e-03	2.55949235e-03	3.37656952e-02	1.53967117e-02	1.83689834e-02
2645            	-1.48613560e-03	2.55949238e-03	3.37656953e-02	1.53967121e-02	1.83689833e-02
2646            	-1.48613550e-03	2.55949240e-03	3.37656950e-02	1.53967120e-02	1.83689830e-02
2647            	-1.48613561e-03	2.55949238e-03	3.37656946e-02	1.53967117e-02	1.83689829e-02
2648            	-1.48613549e-03	2.55949238e-03	3.37656945e-02	1.53967117e-02	1.83689827e-02
2649            	-1.48613537e-03	2.55949236e-03	3.37656941e-02	1.53967117e-02	1.83689824e-02
2650            	-1.48613522e-03	2.55949238e-03	3.37656942e-02	1.53967119e-02	1.83689823e-02
2651            	-1.48613528e-03	2.55949237e-03	3.37656939e-02	1.53967117e-02	1.83689822e-02
2652            	-1.48613515e-03	2.55949237e-03	3.37656938e-02	1.53967117e-02	1.83689820e-02
2653            	-1.48613499e-03	2.55949237e-03	3.37656935e-02	1.53967118e-02	1.83689817e-02
2654            	-1.48613480e-03	2.55949239e-03	3.37656937e-02	1.53967120e-02	1.83689816e-02
2655            	-1.48613485e-03	2.55949239e-03	3.37656934e-02	1.53967119e-02	1.83689815e-02
2656            	-1.48613470e-03	2.55949240e-03	3.37656934e-02	1.53967120e-02	1.83689814e-02
2657            	-1.48613452e-03	2.55949240e-03	3.37656932e-02	1.53967121e-02	1.83689811e-02
2658            	-1.48613434e-03	2.55949243e-03	3.37656934e-02	1.53967123e-02	1.83689810e-02
2659            	-1.48613438e-03	2.55949243e-03	3.37656931e-02	1.53967122e-02	1.83689809e-02
2660            	-1.48613423e-03	2.55949244e-03	3.37656931e-02	1.53967123e-02	1.83689808e-02
2661            	-1.48613405e-03	2.55949244e-03	3.37656930e-02	1.53967124e-02	1.83689805e-02
2662            	-1.48613386e-03	2.55949248e-03	3.37656932e-02	1.53967127e-02	1.83689805e-02
2663            	-1.48613390e-03	2.55949247e-03	3.37656930e-02	1.53967126e-02	1.83689804e-02
2664            	-1.48613374e-03	2.55949249e-03	3.37656930e-02	1.53967128e-02	1.83689803e-02
2665            	-1.48613355e-03	2.55949250e-03	3.37656930e-02	1.53967129e-02	1.83689800e-02
2666            	-1.48613335e-03	2.55949253e-03	3.37656932e-02	1.53967132e-02	1.83689799e-02
2667            	-1.48613338e-03	2.55949253e-03	3.37656930e-02	1.53967131e-02	1.83689799e-02
2668            	-1.48613321e-03	2.55949254e-03	3.37656931e-02	1.53967133e-02	1.83689798e-02
2669            	-1.48613291e-03	2.55949258e-03	3.37656934e-02	1.53967138e-02	1.83689796e-02
2670            	-1.48613273e-03	2.55949261e-03	3.37656934e-02	1.53967140e-02	1.83689794e-02
2671            	-1.48613280e-03	2.55949260e-03	3.37656932e-02	1.53967138e-02	1.83689794e-02
2672            	-1.48613262e-03	2.55949261e-03	3.37656934e-02	1.53967141e-02	1.83689793e-02
2673            	-1.48613233e-03	2.55949266e-03	3.37656938e-02	1.53967146e-02	1.83689792e-02
2674            	-1.48613217e-03	2.55949269e-03	3.37656938e-02	1.53967147e-02	1.83689791e-02
2675            	-1.48613224e-03	2.55949267e-03	3.37656936e-02	1.53967146e-02	1.83689790e-02
2676            	-1.48613207e-03	2.55949268e-03	3.37656938e-02	1.53967148e-02	1.83689790e-02
2677            	-1.48613177e-03	2.55949273e-03	3.37656942e-02	1.53967153e-02	1.83689789e-02
2678            	-1.48613162e-03	2.55949276e-03	3.37656943e-02	1.53967155e-02	1.83689788e-02
2679            	-1.48613167e-03	2.55949275e-03	3.37656941e-02	1.53967154e-02	1.83689787e-02
2680            	-1.48613157e-03	2.55949272e-03	3.37656940e-02	1.53967154e-02	1.83689786e-02
2681            	-1.48613120e-03	2.55949277e-03	3.37656946e-02	1.53967161e-02	1.83689785e-02
2682            	-1.48613100e-03	2.55949283e-03	3.37656950e-02	1.53967165e-02	1.83689785e-02
2683            	-1.48613101e-03	2.55949284e-03	3.37656949e-02	1.53967164e-02	1.83689785e-02
2684            	-1.48613082e-03	2.55949286e-03	3.37656951e-02	1.53967167e-02	1.83689784e-02
2685            	-1.48613050e-03	2.55949290e-03	3.37656955e-02	1.53967173e-02	1.83689783e-02
2686            	-1.48613028e-03	2.55949293e-03	3.37656958e-02	1.53967176e-02	1.83689782e-02
2687            	-1.48613033e-03	2.55949293e-03	3.37656957e-02	1.53967175e-02	1.83689782e-02
2688            	-1.48613013e-03	2.55949296e-03	3.37656960e-02	1.53967179e-02	1.83689781e-02
2689            	-1.48612981e-03	2.55949301e-03	3.37656965e-02	1.53967184e-02	1.83689781e-02
2690            	-1.48612965e-03	2.55949305e-03	3.37656967e-02	1.53967187e-02	1.83689780e-02
2691            	-1.48612969e-03	2.55949304e-03	3.37656967e-02	1.53967186e-02	1.83689780e-02
2692            	-1.48612950e-03	2.55949304e-03	3.37656969e-02	1.53967189e-02	1.83689780e-02
2693            	-1.48612915e-03	2.55949309e-03	3.37656975e-02	1.53967196e-02	1.83689779e-02
2694            	-1.48612890e-03	2.55949314e-03	3.37656978e-02	1.53967200e-02	1.83689778e-02
2695            	-1.48612892e-03	2.55949314e-03	3.37656978e-02	1.53967200e-02	1.83689778e-02
2696            	-1.48612871e-03	2.55949318e-03	3.37656982e-02	1.53967204e-02	1.83689778e-02
2697            	-1.48612839e-03	2.55949323e-03	3.37656987e-02	1.53967210e-02	1.83689778e-02
2698            	-1.48612822e-03	2.55949327e-03	3.37656991e-02	1.53967213e-02	1.83689778e-02
2699            	-1.48612825e-03	2.55949326e-03	3.37656990e-02	1.53967213e-02	1.83689778e-02
2700            	-1.48612805e-03	2.55949328e-03	3.37656994e-02	1.53967216e-02	1.83689777e-02
2701            	-1.48612768e-03	2.55949333e-03	3.37657000e-02	1.53967223e-02	1.83689777e-02
2702            	-1.48612740e-03	2.55949339e-03	3.37657005e-02	1.53967228e-02	1.83689776e-02
2703            	-1.48612741e-03	2.55949340e-03	3.37657005e-02	1.53967229e-02	1.83689777e-02
2704            	-1.48612719e-03	2.55949343e-03	3.37657010e-02	1.53967233e-02	1.83689777e-02
2705            	-1.48612684e-03	2.55949349e-03	3.37657016e-02	1.53967239e-02	1.83689776e-02
2706            	-1.48612667e-03	2.55949354e-03	3.37657020e-02	1.53967243e-02	1.83689777e-02
2707            	-1.48612668e-03	2.55949353e-03	3.37657020e-02	1.53967243e-02	1.83689777e-02
2708            	-1.48612647e-03	2.55949355e-03	3.37657024e-02	1.53967247e-02	1.83689777e-02
2709            	-1.48612609e-03	2.55949360e-03	3.37657031e-02	1.53967255e-02	1.83689776e-02
2710            	-1.48612586e-03	2.55949366e-03	3.37657036e-02	1.53967259e-02	1.83689777e-02
2711            	-1.48612583e-03	2.55949367e-03	3.37657038e-02	1.53967261e-02	1.83689777e-02
2712            	-1.48612559e-03	2.55949371e-03	3.37657042e-02	1.53967265e-02	1.83689777e-02
2713            	-1.48612521e-03	2.55949377e-03	3.37657050e-02	1.53967273e-02	1.83689777e-02
2714            	-1.48612499e-03	2.55949382e-03	3.37657055e-02	1.53967277e-02	1.83689777e-02
2715            	-1.48612498e-03	2.55949383e-03	3.37657056e-02	1.53967278e-02	1.83689778e-02
2716            	-1.48612475e-03	2.55949386e-03	3.37657061e-02	1.53967283e-02	1.83689778e-02
2717            	-1.48612437e-03	2.55949392e-03	3.37657068e-02	1.53967290e-02	1.83689778e-02
2718            	-1.48612415e-03	2.55949397e-03	3.37657074e-02	1.53967295e-02	1.83689778e-02
2719            	-1.48612412e-03	2.55949399e-03	3.37657075e-02	1.53967297e-02	1.83689779e-02
2720            	-1.48612388e-03	2.55949402e-03	3.37657081e-02	1.53967302e-02	1.83689779e-02
2721            	-1.48612348e-03	2.55949409e-03	3.37657089e-02	1.53967310e-02	1.83689779e-02
2722            	-1.48612324e-03	2.55949415e-03	3.37657095e-02	1.53967315e-02	1.83689780e-02
2723            	-1.48612321e-03	2.55949416e-03	3.37657097e-02	1.53967316e-02	1.83689780e-02
2724            	-1.48612296e-03	2.55949420e-03	3.37657102e-02	1.53967322e-02	1.83689781e-02
2725            	-1.48612256e-03	2.55949426e-03	3.37657111e-02	1.53967330e-02	1.83689781e-02
2726            	-1.48612232e-03	2.55949433e-03	3.37657117e-02	1.53967335e-02	1.83689781e-02
2727            	-1.48612228e-03	2.55949434e-03	3.37657119e-02	1.53967337e-02	1.83689782e-02
2728            	-1.48612203e-03	2.55949438e-03	3.37657125e-02	1.53967342e-02	1.83689783e-02
2729            	-1.48612162e-03	2.55949445e-03	3.37657133e-02	1.53967350e-02	1.83689783e-02
2730            	-1.48612138e-03	2.55949451e-03	3.37657140e-02	1.53967356e-02	1.83689784e-02
2731            	-1.48612133e-03	2.55949453e-03	3.37657143e-02	1.53967358e-02	1.83689785e-02
2732            	-1.48612107e-03	2.55949457e-03	3.37657149e-02	1.53967364e-02	1.83689785e-02
2733            	-1.48612066e-03	2.55949464e-03	3.37657158e-02	1.53967372e-02	1.83689785e-02
2734            	-1.48612041e-03	2.55949470e-03	3.37657164e-02	1.53967378e-02	1.83689786e-02
2735            	-1.48612035e-03	2.55949472e-03	3.37657168e-02	1.53967380e-02	1.83689787e-02
2736            	-1.48612009e-03	2.55949476e-03	3.37657174e-02	1.53967386e-02	1.83689788e-02
2737            	-1.48611967e-03	2.55949484e-03	3.37657183e-02	1.53967395e-02	1.83689788e-02
2738            	-1.48611941e-03	2.55949490e-03	3.37657190e-02	1.53967401e-02	1.83689789e-02
2739            	-1.48611935e-03	2.55949493e-03	3.37657194e-02	1.53967403e-02	1.83689790e-02
2740            	-1.48611908e-03	2.55949497e-03	3.37657201e-02	1.53967410e-02	1.83689791e-02
2741            	-1.48611865e-03	2.55949504e-03	3.37657210e-02	1.53967419e-02	1.83689792e-02
2742            	-1.48611839e-03	2.55949511e-03	3.37657218e-02	1.53967425e-02	1.83689793e-02
2743            	-1.48611832e-03	2.55949514e-03	3.37657221e-02	1.53967427e-02	1.83689794e-02
2744            	-1.48611804e-03	2.55949518e-03	3.37657228e-02	1.53967434e-02	1.83689795e-02
2745            	-1.48611761e-03	2.55949526e-03	3.37657238e-02	1.53967443e-02	1.83689795e-02
2746            	-1.48611734e-03	2.55949533e-03	3.37657246e-02	1.53967450e-02	1.83689796e-02
2747            	-1.48611727e-03	2.55949536e-03	3.37657250e-02	1.53967452e-02	1.83689798e-02
2748            	-1.48611698e-03	2.55949540e-03	3.37657257e-02	1.53967459e-02	1.83689799e-02
2749            	-1.48611655e-03	2.55949548e-03	3.37657268e-02	1.53967468e-02	1.83689799e-02
2750            	-1.48611627e-03	2.55949555e-03	3.37657276e-02	1.53967475e-02	1.83689800e-02
2751            	-1.48611619e-03	2.55949558e-03	3.37657280e-02	1.53967478e-02	1.83689802e-02
2752            	-1.48611590e-03	2.55949563e-03	3.37657288e-02	1.53967485e-02	1.83689803e-02
2753            	-1.48611546e-03	2.55949571e-03	3.37657298e-02	1.53967494e-02	1.83689804e-02
2754            	-1.48611517e-03	2.55949579e-03	3.37657306e-02	1.53967501e-02	1.83689805e-02
2755            	-1.48611509e-03	2.55949582e-03	3.37657311e-02	1.53967505e-02	1.83689806e-02
2756            	-1.48611479e-03	2.55949587e-03	3.37657319e-02	1.53967512e-02	1.83689807e-02
2757            	-1.48611435e-03	2.55949595e-03	3.37657330e-02	1.53967521e-02	1.83689808e-02
2758            	-1.48611405e-03	2.55949603e-03	3.37657338e-02	1.53967529e-02	1.83689810e-02
2759            	-1.48611397e-03	2.55949606e-03	3.37657343e-02	1.53967532e-02	1.83689811e-02
2760            	-1.48611366e-03	2.55949611e-03	3.37657352e-02	1.53967539e-02	1.83689812e-02
2761            	-1.48611321e-03	2.55949619e-03	3.37657363e-02	1.53967549e-02	1.83689813e-02
2762            	-1.48611291e-03	2.55949627e-03	3.37657372e-02	1.53967557e-02	1.83689815e-02
2763            	-1.48611282e-03	2.55949631e-03	3.37657377e-02	1.53967560e-02	1.83689817e-02
2764            	-1.48611250e-03	2.55949636e-03	3.37657386e-02	1.53967568e-02	1.83689818e-02
2765            	-1.48611204e-03	2.55949645e-03	3.37657397e-02	1.53967578e-02	1.83689819e-02
2766            	-1.48611174e-03	2.55949653e-03	3.37657406e-02	1.53967586e-02	1.83689820e-02
2767            	-1.48611164e-03	2.55949657e-03	3.37657412e-02	1.53967589e-02	1.83689822e-02
2768            	-1.48611132e-03	2.55949662e-03	3.37657421e-02	1.53967597e-02	1.83689823e-02
2769            	-1.48611086e-03	2.55949671e-03	3.37657432e-02	1.53967607e-02	1.83689825e-02
2770            	-1.48611055e-03	2.55949679e-03	3.37657442e-02	1.53967615e-02	1.83689826e-02
2771            	-1.48611044e-03	2.55949683e-03	3.37657448e-02	1.53967619e-02	1.83689828e-02
2772            	-1.48611012e-03	2.55949689e-03	3.37657457e-02	1.53967627e-02	1.83689830e-02
2773            	-1.48610965e-03	2.55949698e-03	3.37657469e-02	1.53967638e-02	1.83689831e-02
2774            	-1.48610933e-03	2.55949706e-03	3.37657478e-02	1.53967646e-02	1.83689833e-02
2775            	-1.48610922e-03	2.55949711e-03	3.37657485e-02	1.53967650e-02	1.83689835e-02
2776            	-1.48610889e-03	2.55949717e-03	3.37657494e-02	1.53967658e-02	1.83689836e-02
2777            	-1.48610841e-03	2.55949726e-03	3.37657506e-02	1.53967669e-02	1.83689837e-02
2778            	-1.48610809e-03	2.55949734e-03	3.37657516e-02	1.53967677e-02	1.83689839e-02
2779            	-1.48610797e-03	2.55949739e-03	3.37657523e-02	1.53967682e-02	1.83689841e-02
2780            	-1.48610764e-03	2.55949745e-03	3.37657532e-02	1.53967690e-02	1.83689843e-02
2781            	-1.48610716e-03	2.55949754e-03	3.37657545e-02	1.53967701e-02	1.83689844e-02
2782            	-1.48610683e-03	2.55949763e-03	3.37657555e-02	1.53967709e-02	1.83689846e-02
2783            	-1.48610670e-03	2.55949767e-03	3.37657562e-02	1.53967714e-02	1.83689848e-02
2784            	-1.48610636e-03	2.55949774e-03	3.37657572e-02	1.53967722e-02	1.83689850e-02
2785            	-1.48610587e-03	2.55949783e-03	3.37657585e-02	1.53967734e-02	1.83689851e-02
2786            	-1.48610554e-03	2.55949792e-03	3.37657595e-02	1.53967742e-02	1.83689853e-02
2787            	-1.48610541e-03	2.55949797e-03	3.37657603e-02	1.53967747e-02	1.83689855e-02
2788            	-1.48610506e-03	2.55949804e-03	3.37657613e-02	1.53967756e-02	1.83689857e-02
2789            	-1.48610457e-03	2.55949813e-03	3.37657626e-02	1.53967767e-02	1.83689859e-02
2790            	-1.48610423e-03	2.55949823e-03	3.37657637e-02	1.53967776e-02	1.83689861e-02
2791            	-1.48610410e-03	2.55949827e-03	3.37657644e-02	1.53967781e-02	1.83689863e-02
2792            	-1.48610374e-03	2.55949834e-03	3.37657655e-02	1.53967790e-02	1.83689865e-02
2793            	-1.48610324e-03	2.55949844e-03	3.37657668e-02	1.53967802e-02	1.83689866e-02
2794            	-1.48610290e-03	2.55949853e-03	3.37657679e-02	1.53967811e-02	1.83689869e-02
2795            	-1.48610276e-03	2.55949858e-03	3.37657687e-02	1.53967816e-02	1.83689871e-02
2796            	-1.48610240e-03	2.55949865e-03	3.37657698e-02	1.53967825e-02	1.83689873e-02
2797            	-1.48610189e-03	2.55949875e-03	3.37657711e-02	1.53967837e-02	1.83689874e-02
2798            	-1.48610154e-03	2.55949885e-03	3.37657723e-02	1.53967846e-02	1.83689877e-02
2799            	-1.48610140e-03	2.55949890e-03	3.37657730e-02	1.53967851e-02	1.83689879e-02
2800            	-1.48610103e-03	2.55949897e-03	3.37657742e-02	1.53967860e-02	1.83689881e-02
2801            	-1.48610052e-03	2.55949908e-03	3.37657755e-02	1.53967872e-02	1.83689883e-02
2802            	-1.48610016e-03	2.55949917e-03	3.37657767e-02	1.53967882e-02	1.83689885e-02
2803            	-1.48610001e-03	2.55949923e-03	3.37657775e-02	1.53967888e-02	1.83689888e-02
2804            	-1.48609964e-03	2.55949930e-03	3.37657787e-02	1.53967897e-02	1.83689890e-02
2805            	-1.48609913e-03	2.55949941e-03	3.37657801e-02	1.53967909e-02	1.83689892e-02
2806            	-1.48609876e-03	2.55949951e-03	3.37657813e-02	1.53967919e-02	1.83689894e-02
2807            	-1.48609860e-03	2.55949956e-03	3.37657821e-02	1.53967925e-02	1.83689897e-02
2808            	-1.48609823e-03	2.55949964e-03	3.37657833e-02	1.53967934e-02	1.83689899e-02
2809            	-1.48609771e-03	2.55949974e-03	3.37657847e-02	1.53967946e-02	1.83689901e-02
2810            	-1.48609734e-03	2.55949984e-03	3.37657859e-02	1.53967956e-02	1.83689903e-02
2811            	-1.48609718e-03	2.55949990e-03	3.37657868e-02	1.53967962e-02	1.83689906e-02
2812            	-1.48609680e-03	2.55949998e-03	3.37657880e-02	1.53967972e-02	1.83689908e-02
2813            	-1.48609627e-03	2.55950009e-03	3.37657895e-02	1.53967985e-02	1.83689910e-02
2814            	-1.48609590e-03	2.55950019e-03	3.37657907e-02	1.53967995e-02	1.83689912e-02
2815            	-1.48609573e-03	2.55950025e-03	3.37657916e-02	1.53968001e-02	1.83689915e-02
2816            	-1.48609534e-03	2.55950033e-03	3.37657928e-02	1.53968011e-02	1.83689917e-02
2817            	-1.48609481e-03	2.55950044e-03	3.37657943e-02	1.53968023e-02	1.83689920e-02
2818            	-1.48609443e-03	2.55950054e-03	3.37657956e-02	1.53968034e-02	1.83689922e-02
2819            	-1.48609425e-03	2.55950060e-03	3.37657965e-02	1.53968040e-02	1.83689925e-02
2820            	-1.48609386e-03	2.55950068e-03	3.37657977e-02	1.53968050e-02	1.83689927e-02
2821            	-1.48609332e-03	2.55950080e-03	3.37657993e-02	1.53968063e-02	1.83689929e-02
2822            	-1.48609294e-03	2.55950090e-03	3.37658006e-02	1.53968073e-02	1.83689932e-02
2823            	-1.48609276e-03	2.55950097e-03	3.37658015e-02	1.53968080e-02	1.83689935e-02
2824            	-1.48609236e-03	2.55950105e-03	3.37658028e-02	1.53968090e-02	1.83689937e-02
2825            	-1.48609182e-03	2.55950116e-03	3.37658043e-02	1.53968103e-02	1.83689940e-02
2826            	-1.48609143e-03	2.55950127e-03	3.37658056e-02	1.53968114e-02	1.83689942e-02
2827            	-1.48609124e-03	2.55950133e-03	3.37658066e-02	1.53968121e-02	1.83689945e-02
2828            	-1.48609084e-03	2.55950142e-03	3.37658079e-02	1.53968131e-02	1.83689948e-02
2829            	-1.48609029e-03	2.55950153e-03	3.37658095e-02	1.53968144e-02	1.83689950e-02
2830            	-1.48608990e-03	2.55950164e-03	3.37658108e-02	1.53968155e-02	1.83689953e-02
2831            	-1.48608970e-03	2.55950171e-03	3.37658118e-02	1.53968162e-02	1.83689956e-02
2832            	-1.48608930e-03	2.55950180e-03	3.37658131e-02	1.53968173e-02	1.83689959e-02
2833            	-1.48608874e-03	2.55950191e-03	3.37658147e-02	1.53968186e-02	1.83689961e-02
2834            	-1.48608834e-03	2.55950203e-03	3.37658161e-02	1.53968197e-02	1.83689964e-02
2835            	-1.48608815e-03	2.55950209e-03	3.37658171e-02	1.53968204e-02	1.83689967e-02
2836            	-1.48608773e-03	2.55950218e-03	3.37658185e-02	1.53968215e-02	1.83689970e-02
2837            	-1.48608717e-03	2.55950230e-03	3.37658201e-02	1.53968229e-02	1.83689972e-02
2838            	-1.48608677e-03	2.55950241e-03	3.37658215e-02	1.53968240e-02	1.83689975e-02
2839            	-1.48608657e-03	2.55950248e-03	3.37658225e-02	1.53968247e-02	1.83689978e-02
2840            	-1.48608615e-03	2.55950257e-03	3.37658239e-02	1.53968258e-02	1.83689981e-02
2841            	-1.48608558e-03	2.55950269e-03	3.37658255e-02	1.53968272e-02	1.83689983e-02
2842            	-1.48608517e-03	2.55950281e-03	3.37658269e-02	1.53968283e-02	1.83689986e-02
2843            	-1.48608497e-03	2.55950288e-03	3.37658280e-02	1.53968290e-02	1.83689990e-02
2844            	-1.48608454e-03	2.55950297e-03	3.37658294e-02	1.53968302e-02	1.83689992e-02
2845            	-1.48608397e-03	2.55950309e-03	3.37658311e-02	1.53968316e-02	1.83689995e-02
2846            	-1.48608356e-03	2.55950321e-03	3.37658325e-02	1.53968327e-02	1.83689998e-02
2847            	-1.48608335e-03	2.55950328e-03	3.37658336e-02	1.53968335e-02	1.83690001e-02
2848            	-1.48608292e-03	2.55950338e-03	3.37658350e-02	1.53968346e-02	1.83690004e-02
2849            	-1.48608234e-03	2.55950350e-03	3.37658367e-02	1.53968360e-02	1.83690007e-02
2850            	-1.48608192e-03	2.55950362e-03	3.37658382e-02	1.53968372e-02	1.83690010e-02
2851            	-1.48608171e-03	2.55950370e-03	3.37658393e-02	1.53968379e-02	1.83690014e-02
2852            	-1.48608127e-03	2.55950379e-03	3.37658407e-02	1.53968391e-02	1.83690016e-02
2853            	-1.48608069e-03	2.55950391e-03	3.37658424e-02	1.53968405e-02	1.83690019e-02
2854            	-1.48608027e-03	2.55950404e-03	3.37658439e-02	1.53968417e-02	1.83690022e-02
2855            	-1.48608004e-03	2.55950411e-03	3.37658451e-02	1.53968425e-02	1.83690026e-02
2856            	-1.48607961e-03	2.55950421e-03	3.37658465e-02	1.53968437e-02	1.83690029e-02
2857            	-1.48607902e-03	2.55950434e-03	3.37658483e-02	1.53968451e-02	1.83690032e-02
2858            	-1.48607859e-03	2.55950446e-03	3.37658498e-02	1.53968463e-02	1.83690035e-02
2859            	-1.48607836e-03	2.55950454e-03	3.37658510e-02	1.53968471e-02	1.83690038e-02
2860            	-1.48607792e-03	2.55950463e-03	3.37658524e-02	1.53968483e-02	1.83690041e-02
2861            	-1.48607733e-03	2.55950476e-03	3.37658542e-02	1.53968498e-02	1.83690044e-02
2862            	-1.48607689e-03	2.55950489e-03	3.37658557e-02	1.53968510e-02	1.83690048e-02
2863            	-1.48607666e-03	2.55950497e-03	3.37658569e-02	1.53968518e-02	1.83690051e-02
2864            	-1.48607621e-03	2.55950507e-03	3.37658584e-02	1.53968530e-02	1.83690054e-02
2865            	-1.48607562e-03	2.55950520e-03	3.37658602e-02	1.53968545e-02	1.83690057e-02
2866            	-1.48607518e-03	2.55950532e-03	3.37658618e-02	1.53968557e-02	1.83690061e-02
2867            	-1.48607494e-03	2.55950541e-03	3.37658630e-02	1.53968566e-02	1.83690064e-02
2868            	-1.48607437e-03	2.55950555e-03	3.37658650e-02	1.53968581e-02	1.83690069e-02
2869            	-1.48607358e-03	2.55950575e-03	3.37658673e-02	1.53968601e-02	1.83690072e-02
2870            	-1.48607276e-03	2.55950601e-03	3.37658696e-02	1.53968620e-02	1.83690076e-02
2871            	-1.48607214e-03	2.55950626e-03	3.37658716e-02	1.53968637e-02	1.83690080e-02
2872            	-1.48607125e-03	2.55950655e-03	3.37658743e-02	1.53968659e-02	1.83690084e-02
2873            	-1.48607008e-03	2.55950692e-03	3.37658776e-02	1.53968687e-02	1.83690089e-02
2874            	-1.48606894e-03	2.55950732e-03	3.37658811e-02	1.53968716e-02	1.83690095e-02
2875            	-1.48606797e-03	2.55950768e-03	3.37658844e-02	1.53968742e-02	1.83690102e-02
2876            	-1.48606681e-03	2.55950806e-03	3.37658880e-02	1.53968772e-02	1.83690108e-02
2877            	-1.48606555e-03	2.55950845e-03	3.37658919e-02	1.53968804e-02	1.83690115e-02
2878            	-1.48606447e-03	2.55950883e-03	3.37658955e-02	1.53968833e-02	1.83690122e-02
2879            	-1.48606367e-03	2.55950913e-03	3.37658987e-02	1.53968857e-02	1.83690130e-02
2880            	-1.48606270e-03	2.55950944e-03	3.37659021e-02	1.53968884e-02	1.83690138e-02
2881            	-1.48606161e-03	2.55950976e-03	3.37659058e-02	1.53968913e-02	1.83690145e-02
2882            	-1.48606065e-03	2.55951008e-03	3.37659094e-02	1.53968941e-02	1.83690154e-02
2883            	-1.48605987e-03	2.55951036e-03	3.37659127e-02	1.53968965e-02	1.83690162e-02
2884            	-1.48605886e-03	2.55951067e-03	3.37659164e-02	1.53968994e-02	1.83690171e-02
2885            	-1.48605767e-03	2.55951101e-03	3.37659205e-02	1.53969026e-02	1.83690179e-02
2886            	-1.48605660e-03	2.55951136e-03	3.37659245e-02	1.53969056e-02	1.83690188e-02
2887            	-1.48605572e-03	2.55951168e-03	3.37659282e-02	1.53969084e-02	1.83690198e-02
2888            	-1.48605462e-03	2.55951201e-03	3.37659322e-02	1.53969115e-02	1.83690207e-02
2889            	-1.48605338e-03	2.55951237e-03	3.37659365e-02	1.53969149e-02	1.83690217e-02
2890            	-1.48605229e-03	2.55951273e-03	3.37659408e-02	1.53969181e-02	1.83690227e-02
2891            	-1.48605140e-03	2.55951304e-03	3.37659446e-02	1.53969209e-02	1.83690237e-02
2892            	-1.48605032e-03	2.55951337e-03	3.37659488e-02	1.53969241e-02	1.83690247e-02
2893            	-1.48604911e-03	2.55951372e-03	3.37659532e-02	1.53969275e-02	1.83690257e-02
2894            	-1.48604803e-03	2.55951407e-03	3.37659575e-02	1.53969307e-02	1.83690268e-02
2895            	-1.48604716e-03	2.55951436e-03	3.37659615e-02	1.53969336e-02	1.83690279e-02
2896            	-1.48604609e-03	2.55951468e-03	3.37659658e-02	1.53969368e-02	1.83690290e-02
2897            	-1.48604488e-03	2.55951502e-03	3.37659703e-02	1.53969403e-02	1.83690300e-02
2898            	-1.48604381e-03	2.55951536e-03	3.37659747e-02	1.53969436e-02	1.83690312e-02
2899            	-1.48604293e-03	2.55951566e-03	3.37659788e-02	1.53969465e-02	1.83690323e-02
2900            	-1.48604184e-03	2.55951597e-03	3.37659832e-02	1.53969497e-02	1.83690334e-02
2901            	-1.48604062e-03	2.55951632e-03	3.37659878e-02	1.53969533e-02	1.83690345e-02
2902            	-1.48603953e-03	2.55951666e-03	3.37659924e-02	1.53969567e-02	1.83690357e-02
2903            	-1.48603864e-03	2.55951696e-03	3.37659966e-02	1.53969596e-02	1.83690369e-02
2904            	-1.48603754e-03	2.55951728e-03	3.37660011e-02	1.53969630e-02	1.83690381e-02
2905            	-1.48603631e-03	2.55951762e-03	3.37660058e-02	1.53969666e-02	1.83690392e-02
2906            	-1.48603520e-03	2.55951797e-03	3.37660105e-02	1.53969700e-02	1.83690404e-02
2907            	-1.48603430e-03	2.55951827e-03	3.37660148e-02	1.53969731e-02	1.83690417e-02
2908            	-1.48603320e-03	2.55951859e-03	3.37660194e-02	1.53969765e-02	1.83690429e-02
2909            	-1.48603195e-03	2.55951894e-03	3.37660242e-02	1.53969802e-02	1.83690441e-02
2910            	-1.48603084e-03	2.55951928e-03	3.37660290e-02	1.53969836e-02	1.83690453e-02
2911            	-1.48602993e-03	2.55951959e-03	3.37660333e-02	1.53969867e-02	1.83690466e-02
2912            	-1.48602881e-03	2.55951991e-03	3.37660380e-02	1.53969902e-02	1.83690478e-02
2913            	-1.48602756e-03	2.55952025e-03	3.37660430e-02	1.53969939e-02	1.83690490e-02
2914            	-1.48602644e-03	2.55952060e-03	3.37660478e-02	1.53969975e-02	1.83690503e-02
2915            	-1.48602552e-03	2.55952091e-03	3.37660522e-02	1.53970006e-02	1.83690516e-02
2916            	-1.48602440e-03	2.55952123e-03	3.37660570e-02	1.53970041e-02	1.83690529e-02
2917            	-1.48602314e-03	2.55952158e-03	3.37660620e-02	1.53970079e-02	1.83690541e-02
2918            	-1.48602201e-03	2.55952193e-03	3.37660669e-02	1.53970114e-02	1.83690555e-02
2919            	-1.48602108e-03	2.55952223e-03	3.37660714e-02	1.53970146e-02	1.83690568e-02
2920            	-1.48601995e-03	2.55952255e-03	3.37660762e-02	1.53970182e-02	1.83690581e-02
2921            	-1.48601868e-03	2.55952290e-03	3.37660813e-02	1.53970220e-02	1.83690593e-02
2922            	-1.48601755e-03	2.55952325e-03	3.37660862e-02	1.53970256e-02	1.83690607e-02
2923            	-1.48601661e-03	2.55952356e-03	3.37660908e-02	1.53970288e-02	1.83690620e-02
2924            	-1.48601547e-03	2.55952388e-03	3.37660957e-02	1.53970324e-02	1.83690633e-02
2925            	-1.48601420e-03	2.55952424e-03	3.37661008e-02	1.53970362e-02	1.83690646e-02
2926            	-1.48601305e-03	2.55952459e-03	3.37661058e-02	1.53970399e-02	1.83690660e-02
2927            	-1.48601211e-03	2.55952490e-03	3.37661105e-02	1.53970431e-02	1.83690673e-02
2928            	-1.48601096e-03	2.55952522e-03	3.37661154e-02	1.53970467e-02	1.83690687e-02
2929            	-1.48600968e-03	2.55952558e-03	3.37661206e-02	1.53970506e-02	1.83690700e-02
2930            	-1.48600853e-03	2.55952593e-03	3.37661256e-02	1.53970543e-02	1.83690713e-02
2931            	-1.48600758e-03	2.55952624e-03	3.37661303e-02	1.53970576e-02	1.83690727e-02
2932            	-1.48600643e-03	2.55952657e-03	3.37661353e-02	1.53970612e-02	1.83690741e-02
2933            	-1.48600514e-03	2.55952692e-03	3.37661405e-02	1.53970651e-02	1.83690754e-02
2934            	-1.48600398e-03	2.55952728e-03	3.37661456e-02	1.53970688e-02	1.83690768e-02
2935            	-1.48600302e-03	2.55952759e-03	3.37661503e-02	1.53970721e-02	1.83690782e-02
2936            	-1.48600187e-03	2.55952792e-03	3.37661553e-02	1.53970758e-02	1.83690795e-02
2937            	-1.48600057e-03	2.55952828e-03	3.37661606e-02	1.53970797e-02	1.83690809e-02
2938            	-1.48599941e-03	2.55952864e-03	3.37661657e-02	1.53970835e-02	1.83690823e-02
2939            	-1.48599844e-03	2.55952895e-03	3.37661705e-02	1.53970868e-02	1.83690837e-02
2940            	-1.48599728e-03	2.55952928e-03	3.37661755e-02	1.53970905e-02	1.83690851e-02
2941            	-1.48599598e-03	2.55952964e-03	3.37661808e-02	1.53970944e-02	1.83690864e-02
2942            	-1.48599481e-03	2.55953000e-03	3.37661860e-02	1.53970982e-02	1.83690878e-02
2943            	-1.48599384e-03	2.55953031e-03	3.37661908e-02	1.53971016e-02	1.83690893e-02
2944            	-1.48599268e-03	2.55953064e-03	3.37661959e-02	1.53971053e-02	1.83690906e-02
2945            	-1.48599138e-03	2.55953100e-03	3.37662012e-02	1.53971092e-02	1.83690920e-02
2946            	-1.48599020e-03	2.55953136e-03	3.37662065e-02	1.53971130e-02	1.83690934e-02
2947            	-1.48598923e-03	2.55953168e-03	3.37662113e-02	1.53971164e-02	1.83690949e-02
2948            	-1.48598806e-03	2.55953201e-03	3.37662164e-02	1.53971201e-02	1.83690963e-02
2949            	-1.48598675e-03	2.55953237e-03	3.37662218e-02	1.53971241e-02	1.83690976e-02
2950            	-1.48598557e-03	2.55953273e-03	3.37662270e-02	1.53971279e-02	1.83690991e-02
2951            	-1.48598459e-03	2.55953305e-03	3.37662318e-02	1.53971313e-02	1.83691005e-02
2952            	-1.48598342e-03	2.55953338e-03	3.37662370e-02	1.53971351e-02	1.83691019e-02
2953            	-1.48598211e-03	2.55953374e-03	3.37662424e-02	1.53971391e-02	1.83691033e-02
2954            	-1.48598092e-03	2.55953411e-03	3.37662477e-02	1.53971429e-02	1.83691048e-02
2955            	-1.48597994e-03	2.55953443e-03	3.37662525e-02	1.53971463e-02	1.83691062e-02
2956            	-1.48597877e-03	2.55953476e-03	3.37662577e-02	1.53971501e-02	1.83691076e-02
2957            	-1.48597745e-03	2.55953512e-03	3.37662631e-02	1.53971541e-02	1.83691090e-02
2958            	-1.48597626e-03	2.55953549e-03	3.37662684e-02	1.53971580e-02	1.83691105e-02
2959            	-1.48597528e-03	2.55953581e-03	3.37662733e-02	1.53971614e-02	1.83691119e-02
2960            	-1.48597410e-03	2.55953614e-03	3.37662785e-02	1.53971652e-02	1.83691134e-02
2961            	-1.48597278e-03	2.55953650e-03	3.37662839e-02	1.53971692e-02	1.83691148e-02
2962            	-1.48597158e-03	2.55953687e-03	3.37662893e-02	1.53971731e-02	1.83691162e-02
2963            	-1.48597060e-03	2.55953719e-03	3.37662942e-02	1.53971765e-02	1.83691177e-02
2964            	-1.48596941e-03	2.55953753e-03	3.37662994e-02	1.53971803e-02	1.83691191e-02
2965            	-1.48596809e-03	2.55953789e-03	3.37663049e-02	1.53971843e-02	1.83691205e-02
2966            	-1.48596689e-03	2.55953826e-03	3.37663102e-02	1.53971882e-02	1.83691220e-02
2967            	-1.48596590e-03	2.55953858e-03	3.37663152e-02	1.53971917e-02	1.83691235e-02
2968            	-1.48596472e-03	2.55953892e-03	3.37663204e-02	1.53971955e-02	1.83691249e-02
2969            	-1.48596339e-03	2.55953929e-03	3.37663259e-02	1.53971995e-02	1.83691263e-02
2970            	-1.48596219e-03	2.55953966e-03	3.37663312e-02	1.53972034e-02	1.83691278e-02
2971            	-1.48596119e-03	2.55953998e-03	3.37663362e-02	1.53972069e-02	1.83691293e-02
2972            	-1.48596001e-03	2.55954032e-03	3.37663414e-02	1.53972107e-02	1.83691307e-02
2973            	-1.48595868e-03	2.55954068e-03	3.37663469e-02	1.53972148e-02	1.83691322e-02
2974            	-1.48595747e-03	2.55954106e-03	3.37663523e-02	1.53972187e-02	1.83691336e-02
2975            	-1.48595647e-03	2.55954138e-03	3.37663573e-02	1.53972222e-02	1.83691351e-02
2976            	-1.48595529e-03	2.55954172e-03	3.37663626e-02	1.53972260e-02	1.83691366e-02
2977            	-1.48595396e-03	2.55954209e-03	3.37663681e-02	1.53972301e-02	1.83691380e-02
2978            	-1.48595274e-03	2.55954246e-03	3.37663735e-02	1.53972340e-02	1.83691395e-02
2979            	-1.48595174e-03	2.55954278e-03	3.37663785e-02	1.53972375e-02	1.83691410e-02
2980            	-1.48595055e-03	2.55954312e-03	3.37663838e-02	1.53972413e-02	1.83691424e-02
2981            	-1.48594922e-03	2.55954349e-03	3.37663893e-02	1.53972454e-02	1.83691439e-02
2982            	-1.48594800e-03	2.55954387e-03	3.37663948e-02	1.53972494e-02	1.83691454e-02
2983            	-1.48594700e-03	2.55954419e-03	3.37663998e-02	1.53972529e-02	1.83691469e-02
2984            	-1.48594581e-03	2.55954454e-03	3.37664051e-02	1.53972567e-02	1.83691483e-02
2985            	-1.48594447e-03	2.55954491e-03	3.37664106e-02	1.53972608e-02	1.83691498e-02
2986            	-1.48594325e-03	2.55954528e-03	3.37664161e-02	1.53972648e-02	1.83691513e-02
2987            	-1.48594225e-03	2.55954561e-03	3.37664211e-02	1.53972683e-02	1.83691528e-02
2988            	-1.48594105e-03	2.55954595e-03	3.37664264e-02	1.53972722e-02	1.83691543e-02
2989            	-1.48593971e-03	2.55954632e-03	3.37664320e-02	1.53972763e-02	1.83691557e-02
2990            	-1.48593849e-03	2.55954670e-03	3.37664375e-02	1.53972802e-02	1.83691572e-02
2991            	-1.48593748e-03	2.55954703e-03	3.37664425e-02	1.53972838e-02	1.83691587e-02
2992            	-1.48593628e-03	2.55954737e-03	3.37664478e-02	1.53972876e-02	1.83691602e-02
2993            	-1.48593494e-03	2.55954774e-03	3.37664534e-02	1.53972918e-02	1.83691616e-02
2994            	-1.48593372e-03	2.55954812e-03	3.37664589e-02	1.53972957e-02	1.83691632e-02
2995            	-1.48593271e-03	2.55954845e-03	3.37664639e-02	1.53972993e-02	1.83691647e-02
2996            	-1.48593150e-03	2.55954879e-03	3.37664693e-02	1.53973031e-02	1.83691661e-02
2997            	-1.48593016e-03	2.55954917e-03	3.37664749e-02	1.53973073e-02	1.83691676e-02
2998            	-1.48592893e-03	2.55954954e-03	3.37664804e-02	1.53973113e-02	1.83691691e-02
2999            	-1.48592792e-03	2.55954987e-03	3.37664855e-02	1.53973148e-02	1.83691706e-02
3000            	-1.48592671e-03	2.55955022e-03	3.37664908e-02	1.53973187e-02	1.83691721e-02
