/*--------------------------------*- C++ -*----------------------------------*\
  =========                 |
  \\      /  F ield         | OpenFOAM: The Open Source CFD Toolbox
   \\    /   O peration     | Website:  https://openfoam.org
    \\  /    A nd           | Version:  8
     \\/     M anipulation  |
\*---------------------------------------------------------------------------*/
/*   Windows 32 and 64 bit porting by blueCAPE: http://www.bluecape.com.pt   *\
|  Based on Windows porting (2.0.x v4) by Symscape: http://www.symscape.com   |
\*---------------------------------------------------------------------------*/
FoamFile
{
    version     2.0;
    format      ascii;
    class       volScalarField;
    location    "2400";
    object      omega;
}
// * * * * * * * * * * * * * * * * * * * * * * * * * * * * * * * * * * * * * //

dimensions      [0 0 -1 0 0 0 0];

internalField   nonuniform List<scalar> 
57360
(
1.1422776
1.1425632
1.1430852
1.1438586
1.1449002
1.1462264
1.1478547
1.1498028
1.1520887
1.1547319
1.157751
1.1611642
1.1649907
1.1692553
1.1739764
1.179177
1.1848765
1.191099
1.1978702
1.2052129
1.2131547
1.2217221
1.230945
1.240855
1.2514823
1.2628632
1.2750352
1.2880336
1.301906
1.3166989
1.3324612
1.3492439
1.3671054
1.3861081
1.4063174
1.4278033
1.4506397
1.4749079
1.500691
1.528074
1.5571473
1.588004
1.6207327
1.6554237
1.6921542
1.7310011
1.7720248
1.8152721
1.8607631
1.9084877
1.9583979
2.010396
2.064333
2.1199963
2.1770902
2.235228
2.2939168
2.3525506
2.4103959
2.4665914
2.520139
2.5699085
2.6146424
2.6529674
2.6834538
2.7047238
2.7154652
2.7144908
2.7008242
2.6737998
2.6331158
2.5788697
2.5116899
2.432961
2.3447043
2.2494731
2.150118
2.0495605
1.9504452
1.8549518
1.7644216
1.6786769
1.5961684
1.5135373
1.4254781
1.3249905
1.2053113
1.0649911
0.91247013
0.76298059
0.6341489
0.5424897
0.48864557
0.45729746
0.43550034
0.41860599
0.40513266
0.39466258
0.3875909
0.38220601
0.37833958
0.37564912
0.3738958
0.37277957
0.3721224
0.37178602
0.37168271
0.37178464
0.37203247
0.37240968
0.37298019
0.37375155
0.37477463
0.37610875
0.37785732
0.38013709
0.38316494
0.38726358
0.392995
0.40175233
3.3821044
3.380784
3.3787614
3.3774542
3.3760466
3.3750236
3.3739895
3.3732066
3.3727273
3.3722204
3.3719287
3.3720778
3.3722761
3.3727483
3.3735624
3.3744669
3.3757841
3.3774029
3.3790362
3.3810958
3.3833442
3.3858398
3.388448
3.3914151
3.3945293
3.3979543
3.4014054
3.4052362
3.4091015
3.4131431
3.4173641
3.4217667
3.4262358
3.430828
3.4355283
3.4403199
3.4451962
3.4500834
3.4550093
3.4599732
3.4648912
3.4697762
3.4745971
3.4793184
3.4838883
3.4882675
3.4924089
3.496212
3.4996113
3.502521
3.5047951
3.5062979
3.5069707
3.5068892
3.5050683
3.5016496
3.4963154
3.4886908
3.4783508
3.4647983
3.4474753
3.4257508
3.3989237
3.366227
3.3268502
3.2799614
3.2247487
3.1604872
3.0866226
3.0028819
2.9094051
2.8068656
2.6965415
2.5803353
2.460658
2.3403654
2.2221928
2.1085525
2.0013332
1.9016497
1.8095997
1.7238971
1.6412459
1.5550237
1.4573247
1.3393751
1.1957897
1.0322494
0.8656432
0.71465094
0.59644837
0.52277528
0.48313686
0.45850809
0.43907781
0.42321521
0.4101712
0.3999674
0.39326415
0.38792777
0.38407215
0.38134448
0.37952105
0.37830478
0.37752824
0.37705559
0.37680135
0.37673725
0.37680661
0.37698633
0.37734461
0.37788486
0.37865637
0.37971671
0.38116649
0.38311991
0.38578955
0.38949379
0.39479186
0.40307117
4.0143978
4.01186
4.0099406
4.0075832
4.0054717
4.0034617
4.0015768
3.9999134
3.9982285
3.9967721
3.9955407
3.9943044
3.9933067
3.992638
3.991968
3.9915106
3.9913627
3.991353
3.9915243
3.991933
3.9925309
3.9933565
3.9943475
3.9955563
3.9969584
3.9984953
4.0002723
4.0021613
4.004218
4.0064302
4.0087467
4.0111549
4.0137027
4.0162961
4.018949
4.0216396
4.024328
4.0270105
4.0296211
4.032152
4.0345607
4.0367972
4.0388124
4.0405206
4.0418359
4.0426719
4.0429845
4.0426241
4.0412882
4.0388917
4.0352249
4.0300455
4.0230728
4.0139774
4.0023854
3.9878707
3.9699524
3.9480885
3.9216743
3.890049
3.852488
3.8082236
3.7564541
3.6963779
3.6272339
3.548367
3.4593094
3.3598902
3.2503498
3.1314547
3.004582
2.8717455
2.7355365
2.5989627
2.4651928
2.3372376
2.2175823
2.10786
2.0085894
1.9189451
1.8365306
1.7571751
1.6747966
1.5813108
1.4670935
1.3238395
1.15232
0.96952784
0.7989072
0.65845056
0.56189729
0.50883911
0.48113164
0.46091996
0.44309002
0.42798752
0.41515955
0.40523464
0.39877312
0.39346655
0.3895797
0.38680608
0.38490313
0.38358471
0.38269089
0.38208512
0.38168552
0.38146281
0.38135853
0.38134987
0.38150494
0.38182396
0.38235523
0.38315459
0.38432082
0.38596531
0.38829824
0.39163326
0.39652966
0.40437087
4.6985104
4.6956608
4.6929886
4.6907539
4.6878611
4.6854109
4.6829914
4.6802375
4.6780262
4.6756334
4.6734078
4.6712195
4.6693207
4.6671926
4.6654757
4.6638409
4.6622162
4.6608022
4.6596619
4.6585539
4.6576831
4.6569422
4.6564365
4.6560246
4.6559094
4.6559432
4.6561345
4.6565405
4.6570731
4.6578044
4.6586893
4.6597075
4.6608488
4.6621148
4.6634335
4.6648023
4.6661529
4.6674537
4.6686551
4.669651
4.6703745
4.6707443
4.6708021
4.6700566
4.6685191
4.6659817
4.6622475
4.6570432
4.6501022
4.6410783
4.629621
4.615315
4.5976967
4.5762653
4.5504643
4.5196811
4.4832672
4.4405208
4.3906983
4.3330258
4.2667287
4.1910454
4.1052788
4.0088544
3.9014024
3.7828589
3.6535824
3.514468
3.3670348
3.213461
3.0565386
2.8995275
2.7459204
2.5991441
2.4622205
2.3374521
2.2261338
2.1282274
2.0421728
1.9647482
1.8910177
1.8144036
1.7265877
1.6175118
1.4770497
1.3007668
1.1007053
0.90620341
0.74213599
0.61933501
0.54389829
0.50565595
0.48441927
0.46567914
0.44817976
0.43324126
0.4204096
0.41054694
0.40427224
0.39888585
0.39494278
0.39209157
0.39009138
0.38866104
0.38764525
0.38690532
0.38636156
0.38598252
0.38570909
0.38551824
0.38547677
0.38558304
0.38588409
0.38643451
0.38733126
0.38868365
0.39069979
0.39368972
0.39821367
0.40565354
5.5080231
5.5045473
5.500952
5.4975483
5.4945693
5.4912406
5.4875914
5.4845358
5.4808853
5.4775407
5.4740774
5.4704587
5.4670354
5.4636464
5.4602254
5.4568178
5.4536091
5.4503762
5.4473114
5.4443638
5.4414747
5.4387807
5.4362525
5.4339029
5.4316712
5.4297355
5.4279599
5.4263241
5.4250103
5.4238038
5.4228486
5.4220465
5.4214133
5.4209069
5.420514
5.4202013
5.4198178
5.4192007
5.4182736
5.4169247
5.4149761
5.4122054
5.40842
5.4033331
5.3966498
5.3880343
5.377084
5.3633847
5.3464581
5.3257881
5.3008188
5.2709436
5.2355242
5.1938807
5.1453018
5.0890513
5.0243643
4.9504731
4.8666188
4.7720897
4.6662519
4.5486154
4.4189118
4.277196
4.1239608
3.9602535
3.7877667
3.6088832
3.4266349
3.2445762
3.0665604
2.8964529
2.7377986
2.5935192
2.4656156
2.3548396
2.2604874
2.1801036
2.1094033
2.042493
1.9720749
1.8894438
1.7844584
1.6466777
1.4692703
1.2574578
1.0376447
0.845571
0.69745355
0.59486013
0.53676385
0.50778462
0.48963341
0.47110034
0.4536403
0.43868804
0.42573313
0.4158488
0.4096685
0.40415996
0.40012977
0.39718086
0.39507064
0.39352329
0.39238431
0.39151203
0.39082765
0.39029669
0.38986055
0.38949538
0.38926523
0.38916821
0.38925025
0.38956419
0.39020594
0.39128313
0.39300206
0.39567014
0.39984935
0.40692202
6.5135831
6.5099666
6.5071037
6.5040852
6.5007016
6.497209
6.4937697
6.4899284
6.4862169
6.4820713
6.4782068
6.4741243
6.4699256
6.4655725
6.4613923
6.4572427
6.4528283
6.4486922
6.4442965
6.4401852
6.4360517
6.4319646
6.4280676
6.4242182
6.4205107
6.4169712
6.4134904
6.4102306
6.407009
6.4039529
6.4008963
6.3978915
6.3947753
6.391509
6.3879625
6.3840425
6.3795609
6.3743088
6.3680343
6.3604327
6.3511801
6.339939
6.3262696
6.3097354
6.289849
6.2660532
6.2377991
6.2044669
6.165419
6.1199821
6.0674719
6.0071839
5.9384079
5.8604004
5.7724511
5.6738511
5.5639315
5.4420816
5.3077999
5.1607481
5.0008358
4.8283195
4.6439255
4.4489549
4.245377
4.0358665
3.8237519
3.6128799
3.4073906
3.2114407
3.0289151
2.8631353
2.7167004
2.591016
2.485972
2.3997739
2.3286909
2.2671005
2.2080871
2.1439168
2.0658546
1.9641751
1.8289355
1.6524635
1.4359091
1.1975639
0.97415276
0.79682683
0.66821103
0.58322898
0.53685122
0.5128149
0.49587993
0.47703238
0.4594412
0.44430613
0.43112544
0.42112604
0.4149411
0.40927463
0.40513149
0.40206886
0.39983992
0.39817235
0.39691035
0.39590961
0.39508849
0.39441064
0.39381857
0.39328703
0.39287697
0.39258649
0.39246062
0.39255145
0.39295239
0.39377104
0.39521188
0.39758065
0.40144119
0.40817857
7.714742
7.7127487
7.7100366
7.7070715
7.704174
7.7008237
7.6972718
7.6935263
7.6894745
7.6854531
7.681153
7.6766638
7.6717865
7.6670574
7.6619983
7.6567879
7.6514468
7.6459376
7.6405322
7.6346295
7.6288899
7.6229572
7.6169313
7.6108047
7.6045636
7.5981376
7.5915845
7.5848122
7.5778112
7.5704533
7.5626464
7.5543261
7.5452622
7.535267
7.5240902
7.5113439
7.4966999
7.4797719
7.4601005
7.4371804
7.4105413
7.3795864
7.3437414
7.3023589
7.2547857
7.2003632
7.1383976
7.0681959
6.9890659
6.9003278
6.8013068
6.6913525
6.569849
6.4362654
6.2903258
6.1314982
5.959458
5.774145
5.5757796
5.3649868
5.1429085
4.9113122
4.67265
4.4300505
4.1872247
3.9482874
3.7175103
3.4990563
3.2967382
3.1138249
2.9529098
2.8157166
2.702699
2.6126198
2.5421804
2.4859568
2.4371295
2.388093
2.3305642
2.2557685
2.1547379
2.0190444
1.8422646
1.6240144
1.3772692
1.13019
0.91904325
0.76199418
0.65124715
0.57965356
0.54063653
0.51910434
0.5025174
0.48322357
0.46541492
0.44998041
0.43651125
0.42632781
0.42005475
0.41421451
0.40994141
0.40675043
0.40439533
0.40260574
0.40122236
0.40009679
0.39914479
0.3983268
0.39758675
0.39689764
0.39631698
0.39584349
0.3955213
0.39540199
0.39557691
0.39615345
0.39733493
0.39942597
0.4029928
0.40942489
8.7555602
8.7534878
8.7512855
8.7488264
8.745942
8.7429041
8.7397007
8.7361804
8.7324278
8.7285064
8.7241519
8.719781
8.7151995
8.7103311
8.7053004
8.7000201
8.6946508
8.6890266
8.6831733
8.6771906
8.6709701
8.6644752
8.6576764
8.6505416
8.6429822
8.6348291
8.626024
8.6163106
8.605505
8.593365
8.5796011
8.5638516
8.5457604
8.5248768
8.5007072
8.4727433
8.4403978
8.4030607
8.3600919
8.310825
8.2545765
8.1906821
8.1184971
8.0373887
7.9467126
7.8457664
7.7338444
7.6103907
7.4748543
7.3267229
7.1655214
6.9908407
6.8023946
6.6005424
6.3861818
6.1604593
5.9243086
5.6781651
5.4232334
5.1618808
4.8971969
4.6330605
4.373586
4.1229015
3.8849253
3.6631839
3.4606836
3.279848
3.1224772
2.9897029
2.8817923
2.7977969
2.735155
2.6892941
2.6537708
2.6208332
2.5820635
2.5290443
2.4538505
2.3494077
2.2099879
2.0320078
1.8151431
1.5679356
1.3110417
1.0725714
0.88069305
0.74152053
0.64417648
0.58167534
0.54669469
0.52616111
0.50945687
0.48981817
0.4716087
0.45573567
0.44188815
0.43141981
0.42500022
0.41896055
0.4145375
0.41121086
0.40873132
0.406823
0.40532296
0.40407865
0.4030022
0.40205102
0.40117097
0.40033317
0.39959129
0.39894527
0.3984384
0.39812182
0.3980853
0.39843595
0.39937631
0.40121048
0.40450731
0.4106624
8.9853302
8.9836756
8.9818808
8.979949
8.9778889
8.9757098
8.9734187
8.9710269
8.9685396
8.9659668
8.9633099
8.9605734
8.9577545
8.9548423
8.9518224
8.9486654
8.9453357
8.9417758
8.9379173
8.9336636
8.9288974
8.9234686
8.9171992
8.9098687
8.9012214
8.8909563
8.8787246
8.8641298
8.8467323
8.826038
8.801509
8.7725762
8.7386217
8.6990155
8.6531064
8.6002458
8.5397831
8.4710703
8.3934831
8.3064738
8.2095562
8.1023308
7.9845022
7.855843
7.7160392
7.56482
7.4019231
7.2270914
7.0401131
6.8409489
6.6296524
6.4062798
6.1718084
5.9277579
5.6761691
5.4196898
5.1614874
4.9051658
4.6545425
4.4133641
4.1849832
3.9720051
3.7758208
3.5976859
3.4386818
3.2996693
3.1812539
3.0836367
3.0063422
2.9479767
2.9065383
2.8784819
2.8594161
2.8432562
2.8225194
2.7892589
2.7358614
2.6562715
2.5461498
2.4026102
2.2245847
2.0135422
1.7746651
1.5188993
1.2663935
1.0403801
0.86254672
0.73334768
0.64405638
0.58696097
0.55389334
0.53367841
0.51678172
0.49672839
0.47786086
0.46145571
0.44715272
0.43632422
0.42974585
0.423492
0.41891484
0.41545117
0.41285073
0.41082789
0.40921636
0.40785974
0.40666563
0.40558854
0.40457669
0.40359928
0.40270574
0.40189771
0.40121775
0.40071677
0.40048314
0.40062368
0.40134062
0.40293791
0.40598739
0.41189218
8.5568345
8.5548947
8.5524882
8.5499693
8.5468705
8.5437506
8.5399492
8.5356138
8.5311786
8.5256839
8.5199757
8.5133552
8.5057939
8.4972732
8.4876237
8.4767038
8.4641438
8.4499332
8.4334755
8.4148463
8.3935549
8.3691834
8.3415345
8.3101226
8.2745188
8.2342841
8.18928
8.1388247
8.082593
8.0203697
7.9516907
7.876279
7.7940143
7.7044752
7.6076452
7.5032784
7.3912519
7.2714808
7.1438593
7.0082734
6.8647306
6.713185
6.5537314
6.3865547
6.2120558
6.0307748
5.8436261
5.6518401
5.456995
5.2609958
5.065967
4.8740542
4.6872333
4.5072271
4.3354032
4.17281
4.0202894
3.8784118
3.7475181
3.6281091
3.5210621
3.4266151
3.3442455
3.273745
3.2156346
3.1700062
3.1365363
3.1145156
3.1009246
3.0905097
3.0801699
3.0686436
3.0555805
3.0372009
3.0081784
2.9609916
2.8863314
2.7793978
2.6398632
2.4678679
2.2646947
2.0336601
1.7813803
1.5190193
1.2640099
1.0381335
0.86170426
0.7334573
0.64768298
0.59370407
0.561577
0.54153141
0.5245333
0.50409357
0.48409685
0.46705986
0.45221653
0.44095449
0.43422363
0.42775766
0.42303924
0.41944772
0.41673822
0.414612
0.41289874
0.41143954
0.41013712
0.40894304
0.40780865
0.40670125
0.405666
0.40470666
0.40386519
0.40319268
0.40277584
0.40272155
0.40323203
0.4046118
0.40743551
0.41311524
7.08114
7.0773073
7.0725745
7.0667802
7.0597621
7.0512429
7.0419808
7.0303342
7.0170759
7.002202
6.9842641
6.9644076
6.9414937
6.9160796
6.8871068
6.8546829
6.8185423
6.7784164
6.7342127
6.685584
6.6321377
6.5743175
6.5114125
6.4437343
6.3711441
6.2936669
6.2113103
6.1241966
6.0325076
5.9360498
5.8352546
5.7301083
5.6210395
5.5084512
5.3928814
5.2751105
5.156044
5.0367054
4.9182936
4.8019865
4.6888148
4.5795637
4.4746148
4.3746075
4.2801039
4.1915811
4.1093244
4.0334888
3.9639936
3.9004301
3.8418242
3.7861821
3.7339923
3.685361
3.6402944
3.5990623
3.562291
3.5308975
3.5059752
3.4884365
3.4779989
3.4665295
3.4452645
3.4179322
3.3889846
3.3636442
3.3458029
3.3365122
3.3354983
3.3378527
3.3406547
3.3406719
3.3309196
3.3094485
3.2717366
3.2126626
3.1259925
3.0063563
2.851003
2.6598116
2.4345203
2.1789496
1.9005969
1.6118781
1.3307274
1.0814227
0.88413554
0.74433281
0.65468967
0.60109417
0.56914778
0.54967704
0.53294049
0.51176764
0.49018833
0.47241969
0.45692737
0.44516102
0.43832862
0.43166697
0.42685122
0.42316064
0.42036788
0.41816176
0.41636462
0.41481787
0.4134199
0.41211886
0.41087163
0.40964439
0.40847767
0.40737785
0.40638643
0.40555527
0.40496854
0.4047343
0.40505463
0.40623529
0.40885387
0.4143324
5.1859978
5.1792643
5.1720664
5.1626566
5.152319
5.1401954
5.1257629
5.1097295
5.0916464
5.0714644
5.0492733
5.0245007
4.9978756
4.9685069
4.9369959
4.9031859
4.8671672
4.8292169
4.7890162
4.7470597
4.7035833
4.658492
4.6123148
4.5651522
4.5173476
4.4691038
4.420773
4.372595
4.324835
4.2777524
4.2316083
4.1866439
4.1432476
4.1018045
4.0624279
4.025122
3.9898141
3.9564629
3.9251131
3.8958168
3.8685999
3.843401
3.8200559
3.7980383
3.7767352
3.7557221
3.7346924
3.713572
3.6924105
3.6713649
3.6508159
3.6313021
3.6134959
3.5982827
3.5867529
3.5799767
3.5785263
3.5821672
3.5897397
3.5992565
3.6081972
3.6141984
3.6142696
3.605447
3.5871624
3.5605861
3.5287443
3.4953762
3.4669025
3.4524978
3.4538398
3.4686927
3.4908074
3.5111971
3.5227823
3.5150589
3.4737204
3.3844571
3.2415412
3.0480587
2.8073986
2.5226116
2.2009369
1.8579118
1.515749
1.2066971
0.95818467
0.78120803
0.67103578
0.61086275
0.57683457
0.55806858
0.54168952
0.52020218
0.49645347
0.47766877
0.4613393
0.44893896
0.44210457
0.43521699
0.43034837
0.42659669
0.42374626
0.42148467
0.41962058
0.4179996
0.41651827
0.41512161
0.41377228
0.41243533
0.41114697
0.40991724
0.40878762
0.4078098
0.40706627
0.4066665
0.40681245
0.40781151
0.4102446
0.41554448
3.6899733
3.6896667
3.6888365
3.6883951
3.6875291
3.6866256
3.6856821
3.684739
3.6834826
3.6821392
3.6807442
3.679283
3.6775714
3.6759109
3.6741636
3.6723965
3.6705758
3.6687128
3.6669759
3.6652765
3.6636441
3.6621788
3.6608362
3.6597002
3.6587225
3.6579824
3.6573857
3.6569783
3.6566647
3.6564367
3.6562777
3.656155
3.6560256
3.6558381
3.6555397
3.6550817
3.6543615
3.6532415
3.6516695
3.6496119
3.6470855
3.6441953
3.6411589
3.6383744
3.636451
3.6362656
3.6385307
3.6417761
3.6466296
3.6538807
3.6644139
3.6789925
3.6977262
3.7201644
3.7451559
3.7707273
3.7940302
3.8114038
3.8183943
3.8100203
3.7811248
3.7257204
3.6645262
3.6094343
3.5642212
3.5275429
3.4961899
3.468439
3.4445534
3.4262451
3.4168492
3.4211653
3.4473149
3.5004721
3.5776985
3.6651589
3.7251028
3.7146652
3.62546
3.4631127
3.2388647
2.9517245
2.5996199
2.1987859
1.7804096
1.3971462
1.0783719
0.84332666
0.69226494
0.61737307
0.57976358
0.56456241
0.5470877
0.52723364
0.50117371
0.48159516
0.46475913
0.4518688
0.44541349
0.43833999
0.43349003
0.42974543
0.42687339
0.42458357
0.42267266
0.42099257
0.41944119
0.41795967
0.41651721
0.41508033
0.41368038
0.41233097
0.41107486
0.40996157
0.409074
0.40852256
0.40850924
0.40934337
0.41160961
0.41675215
2.8844921
2.8891263
2.8943875
2.9002961
2.9068702
2.9141245
2.922068
2.9307091
2.9400519
2.9500947
2.9608299
2.9722464
2.9843299
2.9970593
3.0104074
3.0243423
3.0388294
3.0538267
3.0692903
3.0851732
3.1014247
3.117992
3.1348202
3.1518588
3.1690178
3.1861998
3.2033116
3.2202626
3.2369653
3.2533654
3.2694432
3.2851894
3.3006023
3.3156861
3.3304511
3.3449121
3.3590916
3.3730169
3.3867203
3.4002376
3.4136095
3.4268803
3.4400953
3.4533028
3.4665514
3.4798875
3.4933565
3.5069845
3.5208099
3.5348901
3.5492835
3.5640478
3.5792432
3.5949244
3.611143
3.6279369
3.6453278
3.6632988
3.6817751
3.7005614
3.7192374
3.7371277
3.7536089
3.7674834
3.7759201
3.7731409
3.7512705
3.7083307
3.6516985
3.5749311
3.4765858
3.3649453
3.288452
3.259928
3.2873913
3.4530326
3.6982609
3.8332386
3.8708891
3.8074218
3.6418667
3.3782577
3.0125997
2.5709989
2.073515
1.6078413
1.2313294
0.94286091
0.73467232
0.6295115
0.58351632
0.56669638
0.54730934
0.52692918
0.50223598
0.48277738
0.46650184
0.45349583
0.44788637
0.4409311
0.43621733
0.43259026
0.42975427
0.42746983
0.42553418
0.4238087
0.42219745
0.42064075
0.41911432
0.41758642
0.4160842
0.41462529
0.41325387
0.41201591
0.41099653
0.41030675
0.41014864
0.41083371
0.4129508
0.41795611
3.6851705
3.6366272
3.5899091
3.5452819
3.5029425
3.463029
3.4256613
3.3908196
3.3585554
3.3287812
3.3014428
3.2764411
3.2536644
3.2329776
3.2142402
3.1973148
3.1820647
3.1683549
3.1560642
3.1450616
3.1352376
3.1264894
3.1187146
3.1118163
3.1057087
3.1003131
3.0955566
3.0913728
3.0877008
3.0844856
3.0816773
3.0792313
3.0771075
3.0752704
3.0736886
3.0723346
3.0711846
3.0702187
3.0694199
3.0687751
3.0682732
3.0679062
3.0676685
3.0675569
3.0675704
3.0677118
3.0679861
3.0684002
3.0689635
3.0696871
3.0705836
3.0716666
3.0729492
3.0744433
3.0761617
3.0781176
3.080314
3.0827444
3.0853904
3.0882184
3.0911752
3.0941715
3.0970809
3.099742
3.1019523
3.1034622
3.1039977
3.1033233
3.101972
3.1016735
3.105767
3.1207174
3.1548182
3.1961529
3.2279569
3.245962
3.2387394
3.2021598
3.129989
3.0147955
2.850922
2.6361187
2.3727506
2.0712794
1.7488597
1.4272991
1.1417939
0.91071132
0.72658185
0.62884916
0.57871406
0.56639959
0.53963167
0.52801094
0.50115099
0.48261494
0.46729593
0.45534901
0.44919096
0.44288399
0.43848802
0.43509468
0.43238662
0.43015513
0.42821821
0.42645973
0.424797
0.4231736
0.42157137
0.4199606
0.4183651
0.41680716
0.41532971
0.41397809
0.41283859
0.41202319
0.41173414
0.41228521
0.41426992
0.41915693
3.8665422
3.8475187
3.8286401
3.8098161
3.7910963
3.7725414
3.7541563
3.7359524
3.7179748
3.7002695
3.6828911
3.6658327
3.6491493
3.6328612
3.6170053
3.6016067
3.5866776
3.5722491
3.558335
3.5449602
3.5321255
3.5198482
3.5081412
3.4970108
3.4864592
3.4765055
3.4671472
3.458395
3.4502507
3.4427173
3.4358094
3.4295229
3.4238634
3.4188421
3.4144539
3.4107124
3.4076154
3.4051642
3.4033516
3.4028259
3.4032366
3.4042919
3.4059859
3.4083114
3.4112457
3.4147637
3.4188306
3.4233126
3.4281129
3.4331419
3.4382179
3.4431206
3.4475843
3.4514359
3.4546715
3.4570115
3.4579094
3.4569856
3.4538235
3.4479878
3.4390283
3.4265323
3.4101357
3.3895579
3.3646113
3.3352146
3.3013554
3.2628444
3.2188313
3.1668702
3.1061414
3.0350249
2.9520242
2.8564361
2.7459326
2.6174527
2.4702298
2.3108772
2.1423652
1.9657425
1.785408
1.603338
1.4202843
1.2427487
1.0775181
0.93098278
0.80942915
0.71504795
0.64750532
0.601772
0.56861274
0.54906118
0.53518345
0.51792089
0.49629315
0.48004682
0.46656303
0.45550151
0.45030769
0.44453532
0.44048603
0.43731943
0.43479052
0.4326446
0.43073232
0.42895629
0.42725022
0.42556746
0.42389596
0.42220974
0.42052957
0.41888278
0.41730803
0.41585314
0.41460478
0.41367589
0.4132691
0.41370046
0.41556864
0.42035525
5.5233783
5.5206696
5.5179065
5.515161
5.5124974
5.5097973
5.5071514
5.5045076
5.5018717
5.4992321
5.4965671
5.4938907
5.4911591
5.4883782
5.4855289
5.4825634
5.4794833
5.4762463
5.4728105
5.4691392
5.4651655
5.4608052
5.4559725
5.4505666
5.4444688
5.4375413
5.4296227
5.4205271
5.4100409
5.3979217
5.3838975
5.3676633
5.3489119
5.3273925
5.302844
5.274935
5.2432552
5.2073029
5.1663946
5.119507
5.0651928
5.0035136
4.9334043
4.8539911
4.7648624
4.6657218
4.5563599
4.4366827
4.3067735
4.1669687
4.0179585
3.860926
3.6976007
3.53051
3.3631665
3.1991113
3.040024
2.8838971
2.7269575
2.5682622
2.4095357
2.252975
2.1008842
1.9557044
1.8199029
1.6950736
1.5830582
1.4803716
1.3856804
1.2983063
1.2183701
1.1459947
1.0807527
1.021936
0.96865742
0.92010033
0.8753448
0.83387333
0.79540583
0.75970232
0.7265827
0.69606265
0.66789478
0.64163499
0.61873797
0.59927901
0.58295248
0.56901087
0.5571544
0.54655935
0.53108794
0.52343657
0.51477772
0.50324585
0.48648715
0.47466678
0.46479119
0.45699218
0.45064098
0.44599777
0.44236086
0.43944699
0.43705342
0.43497301
0.43309164
0.43130749
0.42956583
0.42783032
0.42609585
0.42434085
0.42258474
0.42085747
0.41919429
0.41764597
0.41629955
0.41526871
0.41475668
0.41508188
0.41684855
0.42155158
5.8281583
5.8257754
5.8227367
5.8189455
5.814292
5.808644
5.8018541
5.7937468
5.7841274
5.7727682
5.7594078
5.7437463
5.7254355
5.7040702
5.679159
5.6501031
5.6161334
5.5761918
5.5289975
5.4732175
5.4072571
5.3292086
5.2367849
5.1282227
5.0028057
4.8610296
4.7048688
4.5336967
4.3471908
4.145479
3.9293436
3.7004808
3.4617673
3.2174808
2.9733378
2.7362464
2.5136383
2.3124303
2.1378083
1.992188
1.874765
1.7818906
1.7081361
1.6474154
1.5943586
1.5450191
1.4972848
1.4500296
1.402821
1.3556885
1.3089742
1.263243
1.2192341
1.1778163
1.1399238
1.1064422
1.0779726
1.0544653
1.0350209
1.0181354
1.0023098
0.98648607
0.9701044
0.95293838
0.93495303
0.91621917
0.89685688
0.87697893
0.85669518
0.8361899
0.81577143
0.79577014
0.77582055
0.75530132
0.73423812
0.71320193
0.69246183
0.67221343
0.65279093
0.63434606
0.61711166
0.60135742
0.58670059
0.57314049
0.56304231
0.55339962
0.5442883
0.53612958
0.52878888
0.52171722
0.50589243
0.50430673
0.496836
0.48728142
0.47558268
0.46872421
0.46171026
0.45584522
0.45121703
0.44735865
0.44418107
0.44150695
0.43922657
0.43719475
0.43532092
0.43352472
0.43175255
0.42997007
0.42817824
0.42636072
0.42453738
0.42273664
0.4209937
0.41936147
0.41792714
0.41680535
0.41619998
0.41643188
0.41811115
0.42274652
5.2601258
5.2605653
5.2613194
5.2624423
5.2639933
5.2660357
5.2686371
5.2718662
5.2757928
5.280482
5.2859951
5.2923858
5.2996911
5.307932
5.317106
5.327184
5.3380973
5.3497401
5.3619585
5.3745431
5.3872285
5.3996652
5.411414
5.4219766
5.4307785
5.4371989
5.4406602
5.4413046
5.4373025
5.4283557
5.4133608
5.3913684
5.3614881
5.3228263
5.2745499
5.2157102
5.1453544
5.0627399
4.9672485
4.8593428
4.739869
4.6094242
4.4682357
4.3154185
4.149732
3.9714666
3.7806412
3.5772745
3.3615935
3.1345268
2.8977153
2.6531908
2.4040378
2.1549883
1.913304
1.6909844
1.5046334
1.3669874
1.2777756
1.2233167
1.1870953
1.15772
1.1298167
1.1012967
1.0714989
1.0403708
1.0082075
0.97520795
0.94150866
0.90741346
0.8733384
0.84279273
0.81557045
0.78770846
0.75799372
0.7286205
0.70025523
0.67303189
0.6477511
0.62442061
0.60332724
0.58493065
0.56841375
0.55430129
0.54488672
0.53507703
0.52600315
0.51829817
0.51164516
0.50535861
0.48829578
0.49056878
0.48247873
0.4753994
0.46918101
0.46402374
0.4596011
0.45547997
0.45189534
0.44870983
0.44592993
0.44348592
0.44131202
0.43931971
0.43744246
0.43562314
0.43381876
0.4319941
0.4301501
0.428276
0.4263936
0.42452573
0.42271141
0.42100425
0.41949164
0.41828944
0.41760189
0.41775268
0.41935787
0.42394046
6.2144906
6.2626317
6.3189951
6.3840801
6.4583541
6.5422161
6.6360525
6.7401803
6.8548036
6.980029
7.1157718
7.2617656
7.4174145
7.582221
7.7557137
7.9369679
8.1248351
8.3180103
8.5151053
8.7147004
8.9152453
9.1159263
9.3158962
9.5140994
9.7093584
9.9002886
10.085387
10.262953
10.431115
10.587832
10.730844
10.857691
10.965725
11.052094
11.113757
11.147507
11.150095
11.119994
11.061441
10.978211
10.872988
10.74732
10.603563
10.444866
10.274778
10.092464
9.8608365
9.5792076
9.2486005
8.869211
8.4380878
7.9436461
7.3632618
6.660718
5.7607073
4.6377668
3.4484044
2.4671429
1.8687291
1.5859305
1.4630467
1.4008093
1.3575598
1.3184875
1.2783701
1.2346989
1.1884224
1.141091
1.0930441
1.044512
0.99587078
0.94758186
0.90126808
0.85904235
0.81875553
0.77849759
0.74033135
0.7029163
0.66905913
0.63805178
0.60980282
0.58645139
0.56523098
0.54595552
0.53606559
0.52501424
0.51483499
0.50649578
0.49955206
0.49345041
0.48702479
0.47915907
0.4740061
0.46919932
0.46509411
0.46162018
0.45838342
0.45547419
0.45273064
0.45010601
0.4476669
0.44539556
0.44330664
0.44134075
0.43945887
0.43761424
0.43577351
0.43390955
0.43201805
0.43009455
0.42815786
0.42623008
0.42435238
0.42257876
0.42099701
0.41972437
0.41896522
0.41904642
0.42059005
0.42513406
5.9687052
6.0325496
6.1079578
6.1953144
6.2949675
6.4072678
6.5325864
6.6709572
6.8221445
6.9857281
7.1611127
7.3475194
7.5439951
7.7494506
7.9627122
8.1825008
8.4074205
8.636091
8.8670413
9.0988205
9.3299441
9.5589216
9.7842419
10.004374
10.217788
10.422896
10.61821
10.802106
10.972805
11.129929
11.270493
11.391291
11.489657
11.562736
11.607502
11.620848
11.599703
11.541127
11.442373
11.301038
11.115273
10.884014
10.607241
10.286257
9.9239484
9.5255856
9.0967445
8.6426709
8.1687269
7.6799662
7.1810152
6.6770522
6.1629214
5.5990561
4.9347141
4.2256096
3.4481357
2.6739397
2.0704108
1.7292647
1.5727574
1.4958105
1.4438909
1.3976853
1.3517368
1.3047311
1.2564233
1.2070246
1.1567846
1.1059848
1.0547305
1.0030669
0.95105572
0.90000422
0.85104698
0.80531476
0.764459
0.72095666
0.68291187
0.64818514
0.61677306
0.58948057
0.56530201
0.54494951
0.53002679
0.51795682
0.50665594
0.49760893
0.49024428
0.48402406
0.4788509
0.47461779
0.47059687
0.46705571
0.4638797
0.46097429
0.45836625
0.45598617
0.45371464
0.45151503
0.44935184
0.44722631
0.44520969
0.44326331
0.44137079
0.4395006
0.43762574
0.43572306
0.4337889
0.43182203
0.42983568
0.42785488
0.42592128
0.42408925
0.42244708
0.42111322
0.4202926
0.42031506
0.42180896
0.42632753
4.5279595
4.5304421
4.5370893
4.5481753
4.5639843
4.5848025
4.6109111
4.6425952
4.6801203
4.7237319
4.773647
4.8300503
4.8930705
4.9627815
5.0391927
5.1222011
5.2116239
5.3071627
5.4083713
5.5146548
5.6252509
5.7392055
5.8553453
5.9722917
6.0884323
6.2019216
6.310674
6.4123724
6.5044616
6.5841814
6.6485758
6.6945334
6.718818
6.7181535
6.6893602
6.6292501
6.5347394
6.4029469
6.2313168
6.0177931
5.7610656
5.4609513
5.1189728
4.7391951
4.329418
3.9026179
3.476617
3.0722289
2.7250076
2.4501866
2.2455893
2.0999975
1.9976366
1.9235015
1.8663969
1.8189282
1.7764729
1.7362295
1.6965163
1.656061
1.6141699
1.5708343
1.5259777
1.4794984
1.431154
1.3812581
1.3297224
1.276973
1.2229503
1.1681495
1.1128077
1.0571543
1.0015173
0.94637176
0.89229364
0.83990165
0.7899455
0.74313511
0.70005682
0.66109302
0.62655556
0.5964455
0.57048794
0.54867774
0.53087636
0.51634722
0.50476103
0.49546464
0.48793647
0.48184897
0.476962
0.47288895
0.46946626
0.46648011
0.46380874
0.4613769
0.45911403
0.45697677
0.45493154
0.45294509
0.45096763
0.44897091
0.44701422
0.44508557
0.44318279
0.44128679
0.43938024
0.43744104
0.43547038
0.43346256
0.4314324
0.42940509
0.42742261
0.42553984
0.42384543
0.42245907
0.42158654
0.42156053
0.42301583
0.4275216
5.256511
5.2626809
5.2720326
5.2847855
5.3010434
5.3210341
5.3448539
5.3726577
5.4045767
5.4406768
5.4810091
5.525634
5.5745681
5.6277547
5.6851736
5.7467182
5.8122241
5.881536
5.9544042
6.030524
6.1094781
6.1907743
6.2738224
6.3579679
6.4424226
6.5263051
6.6086002
6.6881781
6.7637752
6.8340184
6.8974095
6.952336
6.9970434
7.0295468
7.0473277
7.0472504
7.0240876
6.9726984
6.8862714
6.756812
6.5739303
6.3261666
6.0014529
5.5889397
5.0823777
4.5331818
3.9858404
3.4821746
3.0562519
2.7227509
2.4760951
2.2990979
2.1724954
2.0800338
2.0095799
1.9525479
1.9029495
1.8568747
1.8118677
1.7664661
1.7198612
1.671663
1.621742
1.570094
1.5167682
1.4617027
1.4050372
1.3471168
1.2882746
1.2287818
1.16885
1.1087042
1.0486318
0.98909493
0.93067989
0.87395402
0.8196236
0.76842748
0.72113328
0.67839003
0.64052388
0.60738931
0.57890203
0.55501295
0.53538856
0.51952054
0.50677859
0.49665971
0.48865984
0.48231001
0.47722136
0.47313992
0.46979143
0.46695902
0.46447943
0.4622387
0.46016694
0.45820969
0.4563007
0.45441718
0.45253677
0.4506254
0.44872122
0.44680774
0.44489596
0.44297737
0.44104171
0.4390714
0.4370661
0.43502159
0.43295312
0.43088545
0.4288607
0.4269344
0.42519547
0.4237649
0.42284942
0.42278459
0.4242118
0.42871644
5.8052895
5.8127994
5.8225252
5.8344373
5.8487188
5.865511
5.8848873
5.9070011
5.931911
5.9597828
5.9906685
6.0246577
6.0618078
6.102208
6.1458231
6.1926662
6.2427545
6.2959322
6.3521351
6.4111627
6.4727511
6.5366278
6.6023594
6.6694368
6.7372541
6.8050619
6.8719899
6.9370494
6.9991388
7.0570784
7.109674
7.1556883
7.1930071
7.2190229
7.2308771
7.2256539
7.2009201
7.1557068
7.0913496
7.0058483
6.8897353
6.7250851
6.5024551
6.2115611
5.8425519
5.3892519
4.855295
4.2797623
3.7353523
3.2739334
2.9121741
2.6414774
2.4439317
2.3012823
2.1973088
2.1185251
2.0546013
1.9983693
1.9453262
1.8928346
1.839455
1.7845897
1.7281554
1.6702232
1.6107679
1.5496094
1.4867955
1.4226203
1.3575488
1.2921481
1.2266448
1.1612406
1.0960875
1.0315919
0.96837374
0.90695947
0.84811967
0.79260154
0.74125187
0.69487804
0.65386064
0.61810686
0.58744005
0.56172206
0.54059352
0.52354317
0.50988403
0.49905552
0.49052017
0.48380045
0.47848343
0.47424065
0.47081419
0.467975
0.46554221
0.4633844
0.46139926
0.45952392
0.45770276
0.4558916
0.45406721
0.4522005
0.45033342
0.44843381
0.44651519
0.44457704
0.44261515
0.44061713
0.43858038
0.4365043
0.4344027
0.43230042
0.43023969
0.42827663
0.42650043
0.42503348
0.4240835
0.42398894
0.42539797
0.42991264
7.369638
7.3714087
7.3748593
7.3800419
7.3870004
7.3957637
7.4063482
7.4187495
7.4329503
7.4489062
7.4665523
7.4857917
7.5064982
7.5285123
7.5516334
7.5756159
7.6001622
7.6249238
7.6495044
7.6734888
7.6964108
7.7177569
7.7369715
7.7534523
7.7665608
7.7756225
7.7799353
7.7787758
7.7714555
7.7572808
7.7355677
7.7056531
7.6668902
7.6186313
7.5601805
7.4908161
7.4096301
7.3153149
7.2057605
7.0773107
6.9249766
6.7448871
6.5319651
6.2791866
5.9771398
5.6143089
5.1827316
4.7216944
4.2575382
3.8099846
3.3982486
3.0427729
2.7583141
2.5462687
2.3949023
2.2863879
2.2039861
2.1355752
2.0736386
2.0137299
1.9533121
1.8914381
1.8282074
1.7639388
1.6988385
1.6323841
1.5639044
1.4935258
1.4221033
1.3507443
1.2797487
1.2093135
1.1394967
1.0704982
1.0028411
0.93710329
0.87420395
0.81475926
0.7597142
0.71000379
0.66614785
0.62796949
0.5953416
0.56802493
0.54560489
0.52755582
0.51311552
0.5016953
0.49271341
0.4856563
0.48009398
0.47568489
0.47214928
0.46924839
0.46679966
0.46465565
0.46270656
0.46087297
0.45909516
0.45732732
0.4555415
0.45370475
0.45185695
0.449968
0.44804459
0.44609019
0.44410569
0.44208289
0.44001898
0.43791559
0.43578576
0.43365429
0.43156346
0.42956999
0.42776342
0.42626744
0.42529088
0.42517516
0.42657534
0.43111044
7.2421226
7.2357162
7.2297782
7.2242856
7.2192615
7.2146668
7.2104592
7.2065472
7.2028643
7.1992469
7.1955848
7.1916689
7.1873019
7.1823002
7.1763528
7.1692646
7.1606722
7.1503547
7.1379696
7.1232831
7.1061159
7.0863186
7.063876
7.0388815
7.0115862
6.9824109
6.9519566
6.9209721
6.8902375
6.8605728
6.8329315
6.8079592
6.7856951
6.7655893
6.7463859
6.7259478
6.7012995
6.668825
6.6242237
6.5744961
6.5264353
6.4795295
6.4260802
6.3530812
6.2444155
6.0802081
5.8374339
5.4985407
5.0664017
4.5612315
4.0237926
3.5184918
3.1005351
2.7922101
2.5815038
2.439528
2.3385869
2.2593265
2.1900221
2.123794
2.0570653
1.9888897
1.9194483
1.8491336
1.778105
1.706326
1.6330057
1.5578215
1.4811195
1.4041833
1.3279751
1.2527704
1.1786911
1.105666
1.0339786
0.96438006
0.89780713
0.83481174
0.7765384
0.72380906
0.67736923
0.63696587
0.60258924
0.57383333
0.5502671
0.53133651
0.5162169
0.5042897
0.49492899
0.48758559
0.48181194
0.4772446
0.47359615
0.47062131
0.46812952
0.46597181
0.46402882
0.4622127
0.46045667
0.45871304
0.45694808
0.45513507
0.45329999
0.45141552
0.44948887
0.44752128
0.4455179
0.44347364
0.4413867
0.4392601
0.43710667
0.4349511
0.43283574
0.43081784
0.42898735
0.42746925
0.42647359
0.42634477
0.42774487
0.43231026
5.6202689
5.6219023
5.6247211
5.628834
5.6343594
5.6414247
5.6501652
5.6607297
5.6732809
5.6879916
5.7050487
5.7246565
5.7470383
5.7724333
5.8011006
5.8333162
5.8693775
5.9095901
5.9542733
6.0037527
6.0583533
6.1184058
6.1842385
6.2561428
6.3343404
6.4190097
6.5102344
6.6079212
6.7117138
6.8209075
6.93433
7.0501057
7.1655197
7.2763653
7.3796143
7.4734004
7.5568686
7.6313911
7.6988838
7.756496
7.7965073
7.7960999
7.7488397
7.6495102
7.4893027
7.2488451
6.9121164
6.4597352
5.8696125
5.1856497
4.4754489
3.8263148
3.3083581
2.942362
2.7027081
2.5480169
2.4422434
2.3607406
2.2886092
2.2180702
2.1465229
2.0742278
2.0008567
1.9255488
1.8492117
1.7721991
1.6940745
1.6149508
1.5346697
1.4529403
1.3716819
1.2919325
1.2137625
1.1369381
1.0616167
0.98879849
0.91884019
0.85258051
0.79164275
0.73630377
0.6875333
0.64509006
0.60915701
0.57910732
0.55453233
0.53480987
0.51909491
0.50673027
0.49704635
0.48946142
0.483509
0.47880549
0.47505525
0.47200701
0.46946657
0.46728217
0.46532987
0.46351817
0.46177119
0.46004015
0.45828837
0.45649041
0.45466446
0.45278305
0.45085282
0.44887527
0.44685639
0.4447943
0.44268816
0.44054221
0.43836956
0.43619469
0.43406002
0.43202329
0.43017496
0.42864123
0.42763348
0.42749914
0.42890743
0.43351239
6.2446477
6.2451112
6.2465849
6.2492153
6.2529637
6.2579741
6.2642879
6.2720139
6.2813013
6.2922493
6.3050033
6.3197513
6.3366025
6.3557798
6.3774743
6.4018662
6.4291974
6.4597096
6.4936594
6.531351
6.5731331
6.6193962
6.6705587
6.7269585
6.7888918
6.8565455
6.9300218
7.0093476
7.094496
7.1849612
7.2798961
7.3775241
7.4755171
7.569981
7.655738
7.7281935
7.7819674
7.8105236
7.8059314
7.7622618
7.6755059
7.5436421
7.369047
7.1512634
6.86805
6.5111923
6.0770269
5.5730086
5.021814
4.4627368
3.9421539
3.4883284
3.124604
2.866345
2.6964595
2.5844309
2.5021614
2.4298189
2.3574155
2.2820779
2.2054542
2.1302737
2.0551943
1.9787752
1.9004226
1.8203335
1.7390393
1.6571301
1.5745239
1.491267
1.4071731
1.3238288
1.2425576
1.1627188
1.0848245
1.0097898
0.93656229
0.86791404
0.80489976
0.74728401
0.69645983
0.65228163
0.61501579
0.58383696
0.55839947
0.53797652
0.52174843
0.50900034
0.49903161
0.49124006
0.48513423
0.48031513
0.47647631
0.47336226
0.47077452
0.46855912
0.46658998
0.4647738
0.46303055
0.46130459
0.45956124
0.45777362
0.45595287
0.45407509
0.45214172
0.45015663
0.44812584
0.44604918
0.44392749
0.44176608
0.43957835
0.43738868
0.4352396
0.43318932
0.43132882
0.42978556
0.42877234
0.42863965
0.43006387
0.43471718
6.9577135
6.9438968
6.932188
6.9221987
6.9143055
6.9081389
6.903854
6.9014589
6.9010857
6.9024666
6.9058769
6.9113679
6.919057
6.9290818
6.9415171
6.9565545
6.9742883
6.9948838
7.0184904
7.0452497
7.0753068
7.1087919
7.145828
7.186518
7.2308894
7.2788567
7.3301437
7.38426
7.4401489
7.4954529
7.5466814
7.5902436
7.6216637
7.6354473
7.6247011
7.5832458
7.5042582
7.3814315
7.2105801
6.990157
6.7201058
6.4036885
6.0474839
5.6595721
5.2477865
4.8127737
4.3613262
3.9379736
3.5733737
3.288242
3.080799
2.9344404
2.8288085
2.7470994
2.677503
2.613208
2.5498734
2.4838635
2.4131316
2.3371183
2.2570898
2.1770718
2.0985311
2.0193528
1.9385696
1.8568109
1.7732009
1.6885937
1.6036953
1.5186989
1.4330055
1.3474245
1.2634538
1.1818041
1.102648
1.0261729
0.95085877
0.88009513
0.81544599
0.75635497
0.70402256
0.6585089
0.62016077
0.5880369
0.5619035
0.54085914
0.52419288
0.51111448
0.50089129
0.49291676
0.48667444
0.48175487
0.47783823
0.47466595
0.472034
0.46978719
0.46779942
0.46597307
0.46422903
0.46250579
0.46076633
0.45898796
0.45717026
0.45529482
0.45336082
0.45136997
0.44933033
0.44724249
0.44510872
0.44293561
0.4407367
0.43853648
0.43637758
0.4343187
0.43245138
0.43090434
0.42989183
0.42976749
0.43121495
0.43592491
8.9065441
8.8822024
8.8586981
8.8360506
8.8142647
8.7933695
8.7733955
8.7544036
8.7365039
8.7198959
8.7047017
8.6909603
8.6787867
8.6683127
8.6596643
8.6529432
8.6482017
8.6454082
8.6444028
8.6448404
8.6461234
8.6473262
8.6471036
8.6435959
8.6343466
8.6162437
8.5854981
8.5376793
8.467341
8.363792
8.2178193
8.0225264
7.7745646
7.4735666
7.122454
6.709118
6.222694
5.6781613
5.1291731
4.629032
4.2133046
3.8936857
3.6581949
3.4868168
3.3601903
3.2629766
3.1842767
3.116993
3.056649
3.0002237
2.9455039
2.8911289
2.8363249
2.7805856
2.7237247
2.6652645
2.6033185
2.5345554
2.4610606
2.3836417
2.3034511
2.2218187
2.1412941
2.0591847
1.9755357
1.8906449
1.8047056
1.7181735
1.6306458
1.5431304
1.4553992
1.3680952
1.2820668
1.1982984
1.11729
1.039372
0.96237829
0.89022088
0.8242938
0.76394434
0.71037229
0.66383076
0.6245944
0.59169395
0.56499056
0.54347763
0.5264385
0.51307927
0.50263417
0.4944978
0.48813241
0.48312089
0.47913375
0.47590863
0.47323669
0.47096007
0.46895207
0.46711401
0.46536548
0.46364357
0.46190606
0.46013649
0.45832118
0.45644725
0.45451404
0.45251978
0.45047406
0.44837828
0.4462358
0.44405448
0.44184809
0.43964129
0.4374769
0.43541408
0.43354492
0.43199948
0.43099351
0.43088387
0.43236143
0.43713591
8.7147533
8.6853794
8.6570336
8.6299278
8.6042649
8.5802536
8.5581024
8.5379884
8.5201034
8.5046514
8.4918131
8.4817788
8.4746544
8.4704971
8.4692516
8.4707288
8.4745196
8.4799773
8.4860929
8.4914555
8.4940576
8.4911201
8.478896
8.4523702
8.4049557
8.3281228
8.2110808
8.0406351
7.8040358
7.4962627
7.1248435
6.7073111
6.2640129
5.8197
5.3982252
5.0175189
4.6870082
4.4081777
4.1772747
3.9884677
3.8356874
3.7130714
3.6136972
3.5315824
3.4609656
3.3974247
3.3374378
3.2787299
3.219907
3.1603098
3.099639
3.0376551
2.9741118
2.9087953
2.8414868
2.7720478
2.7003965
2.6264586
2.5501216
2.4714475
2.3903095
2.3059231
2.2188663
2.1301659
2.0399189
1.9483713
1.8559119
1.7630474
1.6702048
1.5778257
1.4861677
1.3954305
1.3062873
1.2191919
1.1350295
1.0545972
0.97541246
0.9014024
0.83357795
0.77150854
0.71656494
0.66901892
0.6286715
0.5951474
0.56780417
0.54587042
0.52849912
0.51489445
0.50426278
0.49598183
0.48950805
0.48441273
0.48036124
0.47708727
0.47437871
0.47207402
0.47004612
0.46819604
0.46644128
0.46471891
0.46298482
0.46122121
0.4594094
0.45753716
0.45560507
0.45361041
0.45156108
0.44946043
0.44731236
0.44512614
0.44291577
0.44070616
0.4385403
0.43647789
0.43461161
0.43307283
0.43207885
0.43198985
0.433504
0.43835041
7.2070552
7.1837212
7.1640241
7.1487285
7.138635
7.1345629
7.1373488
7.1478209
7.1667888
7.1950134
7.2331691
7.2818018
7.3412595
7.4116064
7.4925566
7.583359
7.6826866
7.7885374
7.8980841
8.0075791
8.1122671
8.2062967
8.2826898
8.3331895
8.3487999
8.3218161
8.246005
8.1175562
7.9357912
7.7038215
7.428686
7.1206231
6.7906113
6.4487599
6.1037843
5.7626759
5.4309772
5.1132208
4.8130312
4.5441605
4.3161493
4.1303504
3.9815216
3.8617487
3.7630912
3.6787537
3.6035079
3.5332965
3.4652888
3.3976033
3.3290352
3.2588168
3.1864211
3.1115264
3.0339456
2.9535911
2.8703797
2.7843702
2.6956806
2.604555
2.5116154
2.4170819
2.3211668
2.2239199
2.1252227
2.0250314
1.9241425
1.8232537
1.7230529
1.6237054
1.5259185
1.4300462
1.3365713
1.2454125
1.1571761
1.0719419
0.99060753
0.91414457
0.84342782
0.77948495
0.72293158
0.67406505
0.63270834
0.59838587
0.57046266
0.54809644
0.53042595
0.51657395
0.5057741
0.49736579
0.49079749
0.48562807
0.48151915
0.47820038
0.4754586
0.47312848
0.47108192
0.46921968
0.46745834
0.46573448
0.4640052
0.46224608
0.46043807
0.45856864
0.45663873
0.45464551
0.45259522
0.4504926
0.44834186
0.44615386
0.44394281
0.4417339
0.43957039
0.43751247
0.43565345
0.43412608
0.43314923
0.43308644
0.43464332
0.43956873
8.7363219
8.7484056
8.770965
8.8054673
8.852316
8.9131164
8.9883577
9.078969
9.1855964
9.3086691
9.4482461
9.6041882
9.7760427
9.9627551
10.162782
10.374155
10.594208
10.819709
11.046672
11.270444
11.485526
11.685939
11.864828
12.01489
12.128245
12.196865
12.212551
12.167452
12.054482
11.867541
11.601769
11.25371
10.821429
10.304584
9.7051557
9.0283496
8.2842441
7.491095
6.7350171
6.0617416
5.4969337
5.0478177
4.7046283
4.4474356
4.2538156
4.1038592
3.9821608
3.8778137
3.7835132
3.694525
3.6078266
3.5214897
3.4342777
3.345398
3.2543541
3.1608352
3.0646722
2.9657988
2.8641232
2.7597566
2.6536
2.5467049
2.4386576
2.3299379
2.2205398
2.1109181
2.0015539
1.8924891
1.7842795
1.677267
1.5722592
1.4701838
1.3710972
1.2748412
1.1818425
1.092605
1.0075261
0.92789118
0.85435821
0.78801508
0.72953382
0.67916807
0.63667418
0.60151957
0.57297704
0.55017713
0.53219419
0.51812582
0.50717141
0.49864897
0.49199717
0.48676407
0.48260567
0.47924804
0.47647661
0.47412389
0.47206033
0.4701865
0.46841897
0.46669343
0.46497017
0.46321475
0.46141064
0.45954575
0.45761906
0.45562873
0.4535801
0.45147802
0.44932756
0.44714071
0.44493208
0.44272718
0.44056956
0.43851997
0.43667234
0.43516086
0.4342059
0.43417459
0.43577999
0.44079107
11.40875
11.440024
11.483878
11.540551
11.611339
11.696566
11.797073
11.913367
12.045952
12.19494
12.360579
12.542765
12.741082
12.955025
13.183652
13.42574
13.679683
13.94363
14.215201
14.491526
14.769357
15.044724
15.313032
15.569072
15.8067
16.018721
16.19721
16.332863
16.415124
16.432913
16.366148
16.199258
15.910623
15.473885
14.857548
14.027425
12.955259
11.635271
10.156189
8.7173283
7.4585357
6.4578976
5.7198382
5.1988379
4.834841
4.5751918
4.381317
4.2275063
4.0974745
3.9811704
3.8724372
3.7674804
3.6639264
3.560282
3.4556391
3.3494592
3.2414579
3.1313685
3.0189967
2.9045632
2.7857679
2.6679726
2.549856
2.431221
2.3123688
2.1936846
2.0756797
1.9588129
1.84339
1.7297765
1.6187868
1.5106024
1.4057688
1.3044397
1.2070752
1.1137485
1.0249735
0.94219412
0.86572193
0.79687225
0.73635029
0.68437473
0.64065556
0.60458668
0.57538891
0.55213287
0.53383908
0.51955746
0.50845741
0.49983221
0.49310739
0.48782086
0.48362076
0.48023044
0.47743351
0.47506121
0.47298289
0.47109874
0.4693257
0.46760076
0.46588135
0.46413039
0.462331
0.46047172
0.45854969
0.45656392
0.45451898
0.45241998
0.45027255
0.44808959
0.44588628
0.44368848
0.44154011
0.43950243
0.43767005
0.43617855
0.43525011
0.43525523
0.43691461
0.4420177
15.901339
15.935383
15.978906
16.032804
16.096927
16.172275
16.259255
16.358094
16.469122
16.592697
16.729005
16.87785
17.039244
17.21293
17.398535
17.595305
17.802395
18.018777
18.243004
18.473351
18.707645
18.943272
19.176984
19.404854
19.622085
19.822759
19.999573
20.143412
20.242852
20.283232
20.245749
20.105688
19.834154
19.384918
18.699852
17.703154
16.395246
14.766866
12.896413
10.958321
9.1763926
7.7226186
6.6454805
5.8922106
5.3745448
5.0129615
4.7498455
4.5473623
4.3817506
4.238341
4.1080829
3.985339
3.8665028
3.7492399
3.6320505
3.5139685
3.3943687
3.273076
3.1502349
3.0259698
2.9004222
2.7739957
2.647041
2.5199684
2.3931471
2.266863
2.1415383
2.017744
1.8958637
1.7765185
1.6602905
1.5470663
1.4376353
1.3320827
1.2307431
1.1338919
1.041965
0.9559704
0.87680173
0.80554313
0.74303957
0.68948099
0.6445438
0.60756581
0.57770654
0.55398734
0.53537739
0.52088464
0.5096422
0.500922
0.49413162
0.48879972
0.48456556
0.48114855
0.47833065
0.47594214
0.47385156
0.47195877
0.47018173
0.468459
0.46674213
0.4649962
0.4632027
0.46134981
0.45943424
0.45745443
0.45541515
0.45332153
0.45117971
0.44900322
0.44680792
0.44462016
0.44248414
0.44046173
0.43864824
0.43718064
0.43628296
0.43632918
0.43804771
0.44324883
19.522779
19.554567
19.59284
19.638061
19.690889
19.751301
19.81973
19.896434
19.981787
20.075848
20.178842
20.290726
20.411641
20.541253
20.67938
20.825653
20.979333
21.139629
21.305359
21.475111
21.646856
21.818006
21.985116
22.143537
22.287174
22.408324
22.498756
22.548474
22.545194
22.466026
22.289446
21.988122
21.52932
20.84972
19.915503
18.693547
17.16668
15.361607
13.380563
11.403924
9.6311974
8.1919348
7.1073051
6.3231961
5.7624832
5.356229
5.0527301
4.8161643
4.6226492
4.4565562
4.3077395
4.1695786
4.0375867
3.9088136
3.7812799
3.6536496
3.5251083
3.3952198
3.2639558
3.1314654
2.998035
2.8640464
2.7298966
2.5959943
2.4626845
2.3303099
2.1992272
2.0698464
1.9426426
1.8181739
1.696995
1.5795252
1.4660972
1.3568457
1.2520808
1.1521667
1.0574562
0.96878178
0.88716109
0.81374321
0.74940206
0.69434928
0.64825035
0.61039794
0.5798995
0.55573126
0.53681413
0.52211447
0.51073529
0.50192479
0.49507562
0.48970488
0.48544281
0.48200451
0.47917009
0.47676881
0.47466868
0.47276915
0.47099162
0.46926942
0.46755574
0.46581546
0.46402893
0.46218341
0.46027574
0.45830346
0.4562717
0.45418557
0.45205171
0.44988414
0.44769937
0.44552437
0.44340365
0.44139967
0.43960846
0.43816845
0.43730552
0.43739723
0.43917982
0.44448468
21.529216
21.555235
21.586175
21.622354
21.663893
21.711163
21.76429
21.823578
21.889136
21.96114
22.039624
22.124603
22.215906
22.313273
22.416166
22.523992
22.635926
22.750843
22.867645
22.984752
23.099855
23.209868
23.310739
23.397161
23.462089
23.496188
23.486913
23.417131
23.273369
23.040226
22.699112
22.227454
21.598127
20.779988
19.741348
18.458851
16.932644
15.206201
13.378645
11.590537
9.9792673
8.6316519
7.5677995
6.758513
6.1530238
5.6991727
5.3528268
5.0802588
4.8572483
4.6671046
4.4985638
4.34404
4.198327
4.0577773
3.9198103
3.7826739
3.6452647
3.5070078
3.3677014
3.2274499
3.0865469
2.9453629
2.8043335
2.6639562
2.5245308
2.3864739
2.24997
2.1155
1.9835898
1.8547665
1.729534
1.6083077
1.4914837
1.3791004
1.2714314
1.1687509
1.0715307
0.98047635
0.89668259
0.82132674
0.75532112
0.69890958
0.65173161
0.6130583
0.58195652
0.55736026
0.53814916
0.5232521
0.51174356
0.50284853
0.49594591
0.49054143
0.48625666
0.48280165
0.47995452
0.47754371
0.47543674
0.47353465
0.47175602
0.47003496
0.46832522
0.46659131
0.46481269
0.46297569
0.46107709
0.45911403
0.4570914
0.45501477
0.45289107
0.45073466
0.44856284
0.44640318
0.44430049
0.44231789
0.44055217
0.43914317
0.43831875
0.43846011
0.4403114
0.44572542
22.711125
22.72322
22.738567
22.757057
22.779083
22.804868
22.83431
22.867824
22.905264
22.946872
22.992634
23.042604
23.096625
23.154741
23.216794
23.282649
23.352109
23.424875
23.500432
23.577599
23.654773
23.729434
23.797646
23.852602
23.883344
23.883889
23.843635
23.753835
23.603343
23.380046
23.070826
22.658812
22.118477
21.411574
20.488563
19.323073
17.907573
16.270849
14.490411
12.687194
10.995552
9.5215148
8.3155176
7.3734918
6.6571035
6.1160907
5.7029086
5.3791276
5.1164467
4.8951614
4.7018791
4.5274402
4.3654073
4.211132
4.0612472
3.913416
3.7661345
3.6185837
3.4704629
3.3218371
3.1729819
3.0242884
2.8761833
2.7290831
2.5833696
2.439382
2.2974753
2.1580278
2.0214968
1.8884181
1.7592685
1.6344886
1.5144507
1.3991528
1.2888432
1.1837577
1.084304
0.99115292
0.90540579
0.82827911
0.76076995
0.70312548
0.6549627
0.61553307
0.58387126
0.5588748
0.53938735
0.52430439
0.5126734
0.50370022
0.49674884
0.49131463
0.48701134
0.4835437
0.48068728
0.47826976
0.47616029
0.47425643
0.47247726
0.47075846
0.46905353
0.46732675
0.46555689
0.46372957
0.46184115
0.45988884
0.45787699
0.45581162
0.45370013
0.45155696
0.44940041
0.44725847
0.44517641
0.44321796
0.44148069
0.44010595
0.43932362
0.43951852
0.4414429
0.44697129
25.196285
25.205142
25.217151
25.232417
25.251276
25.273372
25.299462
25.329213
25.363104
25.400927
25.442917
25.489092
25.539343
25.593684
25.651923
25.713836
25.779069
25.847155
25.917275
25.988611
26.059844
26.129346
26.19468
26.25217
26.296501
26.320377
26.321021
26.274947
26.176162
26.008072
25.749756
25.374867
24.851278
24.141255
23.203932
22.001751
20.512753
18.748859
16.77398
14.708679
12.707796
10.914546
9.4170574
8.2341915
7.3323018
6.6537329
6.1395147
5.7408088
5.4216371
5.1571459
4.9304856
4.7300026
4.5473128
4.3762184
4.2121479
4.0518737
3.8932993
3.735249
3.5772381
3.419256
3.2615653
3.1045602
2.9486713
2.794319
2.6418847
2.4917093
2.3441083
2.1994275
2.0580922
1.9206103
1.7874988
1.6591888
1.5359076
1.41778
1.3049242
1.1975516
1.0959981
1.0009092
0.91337335
0.83464576
0.76576178
0.70699481
0.6579386
0.61781753
0.58564151
0.56027589
0.54053207
0.52527591
0.5135315
0.50448541
0.4974898
0.49202971
0.48771128
0.48423432
0.4813717
0.47895188
0.47684122
0.47493622
0.47315804
0.47144265
0.46974343
0.46802458
0.46626432
0.46444775
0.46257062
0.46063039
0.45863091
0.45657851
0.45448109
0.45235316
0.450214
0.44809206
0.44603301
0.44410131
0.44239531
0.44105786
0.44032097
0.44057307
0.44257471
0.44822243
28.086268
28.095702
28.1094
28.127579
28.150234
28.177876
28.210571
28.248444
28.291821
28.340882
28.39553
28.456108
28.522544
28.594677
28.672563
28.7558
28.844017
28.936627
29.032725
29.131162
29.230242
29.327834
29.421116
29.506197
29.578239
29.630863
29.656006
29.652156
29.586337
29.450708
29.222685
28.873832
28.368924
27.665898
26.717375
25.475663
23.903712
21.993576
19.78959
17.404637
15.010775
12.794881
10.898198
9.3783209
8.2144569
7.3415413
6.6851018
6.1815082
5.7839223
5.4602751
5.1888448
4.9543671
4.7455745
4.553938
4.3730821
4.198469
4.0271322
3.8573706
3.6884247
3.5201658
3.3528247
3.1867947
3.0225112
2.8603942
2.7008213
2.5441096
2.3905323
2.240386
2.094055
1.9520305
1.8148357
1.6828821
1.5563821
1.4354016
1.3200267
1.2104102
1.1068458
1.0099252
0.92069674
0.84047914
0.77032742
0.71053107
0.66066342
0.61991235
0.58726758
0.5615651
0.54158666
0.52617123
0.5143223
0.50520972
0.49817409
0.49269118
0.48836063
0.48487721
0.4820128
0.47959258
0.47748107
0.47557672
0.47380098
0.47209013
0.47039755
0.46868743
0.46693759
0.46513273
0.46326801
0.46134107
0.45935547
0.45731762
0.45523599
0.45312521
0.45100542
0.44890557
0.44687181
0.4449693
0.44329719
0.44199989
0.4413116
0.44162438
0.44370725
0.44947904
31.24192
31.259757
31.282615
31.310913
31.345162
31.385425
31.432049
31.485335
31.545366
31.612545
31.686935
31.768581
31.857647
31.9541
32.057668
32.168198
32.285111
32.407735
32.535104
32.665811
32.798069
32.92947
33.056844
33.176163
33.282144
33.367928
33.424715
33.443993
33.406495
33.296705
33.091667
32.762528
32.273457
31.580814
30.633646
29.376676
27.758534
25.747962
23.359048
20.678754
17.877936
15.181831
12.799015
10.849476
9.3426682
8.2115727
7.3643203
6.7189707
6.2151228
5.8117315
5.4808304
5.202259
4.9606401
4.7440513
4.5434951
4.3525437
4.1669788
3.984355
3.8035173
3.624159
3.4464521
3.2707791
3.097572
2.9272434
2.7601591
2.5966052
2.4368054
2.2809978
2.1295177
1.9828306
1.8414539
1.7057978
1.576048
1.4522213
1.3343476
1.2225279
1.1170016
1.0183022
0.92746984
0.84584067
0.77450715
0.71375634
0.66314235
0.62182194
0.58875298
0.56274533
0.54255415
0.52699418
0.51505031
0.50587724
0.49880587
0.49330354
0.48896338
0.48547747
0.48261402
0.48019304
0.47808256
0.47618052
0.47440859
0.47270338
0.47101836
0.46931778
0.46757915
0.4657869
0.46393568
0.46202315
0.46005276
0.45803099
0.45596672
0.4538749
0.45177635
0.44970058
0.44769421
0.44582317
0.44418745
0.44293298
0.44229626
0.442673
0.44484086
0.45074126
34.319796
34.339952
34.365764
34.397524
34.435408
34.479837
34.531118
34.589634
34.655611
34.729382
34.811434
34.901876
35.001115
35.109463
35.227262
35.354766
35.492037
35.638714
35.793535
35.954276
36.117258
36.280055
36.439796
36.592739
36.733997
36.857289
36.954344
37.014626
37.030926
36.973193
36.825737
36.559765
36.13912
35.518695
34.643544
33.44979
31.869538
29.843831
27.348086
24.429658
21.242405
18.042207
15.114084
12.660989
10.740025
9.289375
8.2001773
7.3710547
6.7273849
6.2186867
5.8099206
5.4747379
5.1921623
4.9455039
4.7220433
4.5126954
4.311498
4.1149724
3.9214189
3.7302786
3.5416284
3.3558254
3.1732873
2.9944151
2.819554
2.648951
2.4827717
2.3211856
2.1644659
2.013046
1.8674383
1.7280489
1.5950353
1.4683568
1.3479929
1.233995
1.1265478
1.0261289
0.93375728
0.85078599
0.77833769
0.71670006
0.66539575
0.62355234
0.59010134
0.56381996
0.54343774
0.52774817
0.51571919
0.50649216
0.49938936
0.49387044
0.48952403
0.48604015
0.48317579
0.48075604
0.47864832
0.47675011
0.47498328
0.47328478
0.4716082
0.46991795
0.46819131
0.46641251
0.46457578
0.46267874
0.46072481
0.45872051
0.45667513
0.45460393
0.45252836
0.4504785
0.44850155
0.44666411
0.44506709
0.44385799
0.44327565
0.44371946
0.44597592
0.45200929
37.935138
37.951053
37.972694
38.000779
38.035334
38.076778
38.12548
38.181553
38.245538
38.317527
38.397884
38.486927
38.584854
38.691883
38.808465
38.934621
39.070647
39.216353
39.371557
39.535724
39.707704
39.885863
40.068218
40.251956
40.433118
40.606102
40.763472
40.895029
40.98732
41.025694
40.986344
40.827631
40.516986
40.004606
39.228099
38.111847
36.569832
34.516132
31.89047
28.704412
25.09666
21.352872
17.833594
14.826074
12.437299
10.612597
9.2283964
8.1667772
7.3416679
6.6948139
6.1842158
5.7761428
5.4421863
5.1590509
4.9088106
4.6786815
4.4602997
4.2487722
4.0416614
3.8380623
3.6379098
3.4415148
3.2492737
3.0615664
2.8787064
2.7008935
2.528226
2.3607927
2.198792
2.0426143
1.8927617
1.7496363
1.6133681
1.4838581
1.361032
1.2448899
1.1355631
1.0334704
0.93961158
0.85535516
0.78185083
0.71938126
0.66743951
0.62511698
0.59131797
0.56479231
0.54424103
0.52843644
0.51633235
0.50705788
0.49992783
0.4943955
0.49005011
0.48656427
0.48370099
0.48128426
0.47918086
0.47728787
0.47552734
0.47383654
0.47216926
0.4704901
0.4687762
0.46701164
0.46519034
0.4633098
0.4613735
0.45938798
0.4573629
0.45531387
0.4532629
0.45124072
0.44929502
0.4474932
0.44593709
0.44477573
0.44425039
0.44476424
0.4471127
0.45328323
43.530549
43.541568
43.557217
43.57742
43.602548
43.632821
43.668597
43.710142
43.757634
43.811536
43.87204
43.939515
44.014579
44.097392
44.188519
44.288508
44.397829
44.516999
44.646609
44.787056
44.938752
45.101529
45.274981
45.457499
45.646
45.835275
46.017607
46.182134
46.313529
46.391059
46.409127
46.288225
46.005802
45.503957
44.710587
43.538604
41.888164
39.657273
36.768616
33.22055
29.152675
24.876681
20.802599
17.269539
14.415311
12.191835
10.470414
9.1276513
8.0747293
7.2509981
6.609566
6.1087934
5.7109135
5.383806
5.1024638
4.8490612
4.6119846
4.3844546
4.1630604
3.9464445
3.7343454
3.5270064
3.324795
3.1280603
2.9370717
2.7519717
2.5727842
2.399505
2.2322442
2.0713399
1.9172791
1.77046
1.6309857
1.4986935
1.3734554
1.2552209
1.1440675
1.0403572
0.94506756
0.8595811
0.7850733
0.72182102
0.66928679
0.62652616
0.59241141
0.56566659
0.54496717
0.52906209
0.5168928
0.50757764
0.50042469
0.49488772
0.4905389
0.48705272
0.48419232
0.48178022
0.47968255
0.47779604
0.47604291
0.47436075
0.4727036
0.47103626
0.46933581
0.46758625
0.46578123
0.46391819
0.46200057
0.46003505
0.45803161
0.45600618
0.45398136
0.45198846
0.45007578
0.44831148
0.44679831
0.44568695
0.44522109
0.44580781
0.44825155
0.45456328
48.832853
48.848522
48.867597
48.890568
48.917948
48.950315
48.988398
49.032886
49.084756
49.145054
49.21504
49.295958
49.38936
49.496732
49.619753
49.759968
49.918874
50.097756
50.297324
50.51784
50.758491
51.017396
51.29113
51.574631
51.860389
52.138333
52.395345
52.614872
52.776514
52.855342
52.846604
52.656596
52.266852
51.619617
50.6439
49.254148
47.35167
44.834767
41.625863
37.722624
33.264664
28.566729
24.047226
20.059107
16.757557
14.110465
12.000889
10.315196
8.9734153
7.9203035
7.1078458
6.486541
6.0069953
5.6253199
5.306795
5.0266224
4.7687245
4.5237667
4.2870343
4.056583
3.8318932
3.6130932
3.4004959
3.1944093
2.9950459
2.8024859
2.6166694
2.4374852
2.2649398
2.0993054
1.9410487
1.7905614
1.6479186
1.5128898
1.3852888
1.2650135
1.152088
1.0468141
0.95014742
0.86348271
0.78802205
0.72403545
0.67095208
0.62778949
0.59338911
0.56644898
0.54561931
0.52962843
0.5174035
0.50805433
0.50088803
0.49534529
0.49099273
0.48750817
0.48465232
0.48224629
0.48015563
0.47827676
0.47653203
0.47485938
0.47321314
0.47155834
0.46987201
0.46813817
0.46635022
0.46450558
0.46260765
0.46066327
0.45868271
0.45668222
0.45468497
0.45272291
0.45084488
0.44911987
0.4476516
0.44659236
0.4461883
0.44685059
0.44939272
0.45584954
51.324993
51.363422
51.408289
51.460303
51.520152
51.588742
51.666795
51.755594
51.856166
51.969888
52.098164
52.242641
52.404901
52.586866
52.790259
53.016803
53.268103
53.54527
53.849076
54.179283
54.534632
54.912049
55.306169
55.708422
56.105605
56.47802
56.797362
57.047404
57.208809
57.258201
57.167212
56.900799
56.416039
55.659808
54.566741
53.057799
51.042053
48.426278
45.139188
41.176826
36.661418
31.872198
27.188522
22.945275
19.310064
16.282252
13.777621
11.712483
10.032744
8.7015763
7.6778651
6.9071083
6.3273036
5.8801244
5.5183874
5.208258
4.9278394
4.6644561
4.4117164
4.166945
3.9293017
3.6987626
3.4755756
3.2599928
3.0521628
2.8520928
2.6596345
2.4745598
2.29676
2.1264329
1.964022
1.8099128
1.6641532
1.526442
1.396534
1.2742745
1.159634
1.0528537
0.95486735
0.86708042
0.79071775
0.72604168
0.67244737
0.62891679
0.5942588
0.56714507
0.54620184
0.53013861
0.51786729
0.50849439
0.50131987
0.49576799
0.4914142
0.48793314
0.48508334
0.4826847
0.48060219
0.47873201
0.47699662
0.47533429
0.4736997
0.47205808
0.47038654
0.46866908
0.46689895
0.46507357
0.46319627
0.46127407
0.45931755
0.45734326
0.45537494
0.45344513
0.45160331
0.44991927
0.44849771
0.44749259
0.44715257
0.44789298
0.4505365
0.45714218
55.056508
55.092273
55.134622
55.184068
55.241561
55.308166
55.384903
55.473103
55.574143
55.689606
55.820935
55.969917
56.137968
56.326609
56.536841
56.769596
57.024793
57.301705
57.598311
57.911074
58.234637
58.564419
58.894312
59.216564
59.521568
59.797487
60.029989
60.201548
60.29111
60.29148
60.137176
59.809445
59.262791
58.442063
57.280932
55.701901
53.61982
50.952965
47.647039
43.714753
39.280021
34.591956
29.96839
25.683137
21.878514
18.569023
15.710865
13.266323
11.223818
9.5797273
8.311042
7.3644759
6.666801
6.1437579
5.7333625
5.39068
5.0865777
4.804239
4.5352212
4.2759535
4.0252624
3.7829675
3.5492112
3.3241697
3.1079242
2.9004129
2.7013978
2.5105273
2.3275683
2.1526376
1.9861523
1.8284933
1.6796861
1.5393577
1.4072044
1.2830197
1.1667235
1.0584963
0.95924644
0.87039028
0.79317416
0.72785186
0.6737839
0.62991624
0.59502737
0.56776055
0.54671926
0.53059577
0.51828736
0.50890683
0.5017159
0.49615833
0.49180573
0.48832991
0.48548758
0.4830975
0.4810242
0.47916365
0.47743845
0.47578721
0.47416495
0.47253716
0.47088101
0.46918057
0.46742896
0.46562362
0.46376783
0.4618688
0.4599374
0.45799049
0.45605234
0.45415616
0.45235199
0.45071049
0.44933738
0.44838828
0.44811433
0.44893536
0.45168313
0.4584413
58.509223
58.545563
58.588689
58.639367
58.698555
58.767066
58.846236
58.937116
59.041074
59.159318
59.293423
59.444513
59.613871
59.80255
60.011312
60.240504
60.489971
60.75894
61.045724
61.34774
61.661178
61.980893
62.300187
62.610437
62.901112
63.159499
63.369893
63.513338
63.566573
63.5017
63.284786
62.875743
62.226914
61.282021
59.976051
58.237263
55.993534
53.186147
49.793312
45.860809
41.525391
37.005381
32.544005
28.33128
24.459955
20.943909
17.773124
14.958367
12.538418
10.553195
9.0082636
7.8592222
7.0249715
6.4148364
5.9499575
5.5720676
5.243231
4.9415922
4.6562405
4.3825418
4.118905
3.8649743
3.6207805
3.3864138
3.1618922
2.9470864
2.7416657
2.5451529
2.3571817
2.1777808
2.0073392
1.8462345
1.6944747
1.5516145
1.4172928
1.2912516
1.1733647
1.0637522
0.96329767
0.87342631
0.79540496
0.72947771
0.67497098
0.63079681
0.59570125
0.56830046
0.54717596
0.531003
0.51868018
0.50928106
0.50207854
0.4965186
0.49216953
0.48870065
0.48586705
0.48348664
0.48142349
0.47957344
0.47785921
0.47621977
0.47461048
0.4729971
0.47135692
0.46967409
0.46794166
0.46615709
0.46432366
0.4624487
0.46054342
0.458625
0.45671823
0.45485692
0.45309178
0.45149431
0.45017126
0.44927997
0.4490741
0.44997808
0.45283286
0.45974706
61.224894
61.26645
61.316857
61.376804
61.447431
61.529702
61.625038
61.734594
61.859787
62.001931
62.162275
62.342141
62.542543
62.76422
63.007535
63.272352
63.55793
63.862661
64.184074
64.51842
64.860761
65.204521
65.541479
65.861194
66.151019
66.395678
66.576769
66.67232
66.674871
66.519723
66.189457
65.642212
64.829897
63.698578
62.190356
60.247959
57.823557
54.89285
51.472946
47.637679
43.518368
39.279738
35.075969
31.011264
27.131249
23.449399
19.987891
16.805092
13.991794
11.636673
9.7820648
8.4005606
7.4077189
6.6968587
6.170161
5.7535893
5.3985233
5.0769543
4.7750074
4.4867921
4.2102208
3.944719
3.690183
3.4466093
3.2139509
2.9920052
2.780341
2.5783502
2.3855263
2.2018024
2.027537
1.863104
1.7084981
1.5632014
1.4267959
1.2989743
1.1795652
1.0686305
0.96702993
0.87619728
0.79741865
0.73092828
0.67601758
0.63156564
0.59628658
0.56876993
0.54757588
0.53137565
0.5190366
0.5096195
0.5024101
0.49685104
0.49250769
0.4890473
0.48622366
0.4838539
0.48180176
0.479963
0.47826044
0.47663345
0.47503773
0.47343933
0.47181567
0.47015102
0.46843838
0.46667526
0.46486495
0.46301494
0.46113672
0.45924782
0.45737351
0.45554829
0.45382345
0.45227141
0.45099998
0.4501682
0.45003232
0.45102145
0.45398589
0.46105955
64.351355
64.399001
64.457116
64.527064
64.609937
64.70692
64.819263
64.948146
65.095062
65.261093
65.447509
65.655227
65.884776
66.136602
66.410442
66.705375
67.019805
67.351133
67.695644
68.048404
68.402892
68.751071
69.082782
69.385884
69.645552
69.844124
69.960679
69.98183
69.860461
69.574482
69.08693
68.356683
67.339327
65.989132
64.262869
62.126037
59.561635
56.580053
53.226608
49.581106
45.744972
41.817443
37.871508
33.943737
30.04569
26.19223
22.432278
18.865292
15.63051
12.866817
10.65966
9.0068583
7.826303
6.9963136
6.3977528
5.9376164
5.5541042
5.2115488
4.8924372
4.5893689
4.2996706
4.0225042
3.7576097
3.5048738
3.2641617
3.0351878
2.8174143
2.610095
2.4125708
2.2246698
2.0467159
1.879077
1.721738
1.5741064
1.435708
1.3061872
1.1853285
1.0731376
0.97045202
0.87871325
0.79922582
0.7322124
0.67693164
0.63222997
0.59678925
0.56917371
0.54792797
0.53171775
0.51935345
0.5099246
0.50271275
0.49715761
0.49282213
0.48937173
0.48655915
0.48420095
0.4821606
0.48033384
0.47864363
0.47702968
0.4754481
0.47386519
0.47225856
0.47061262
0.46892034
0.46717931
0.46539284
0.46356857
0.46171831
0.45985989
0.45801911
0.45623107
0.45454777
0.45304249
0.45182411
0.45105347
0.45098939
0.4520658
0.45514246
0.46237891
68.1525
68.205873
68.271642
68.350883
68.444829
68.554556
68.68127
68.82646
68.99092
69.175767
69.381869
69.609647
69.8593
70.130356
70.421845
70.731982
71.058069
71.396218
71.741449
72.08725
72.425491
72.746211
73.037333
73.284368
73.470315
73.575154
73.590664
73.464699
73.182485
72.712085
72.019398
71.069391
69.828048
68.265479
66.360191
64.1042
61.507775
58.601867
55.435705
52.067975
48.552876
44.926009
41.197578
37.358355
33.39902
29.337271
25.242971
21.249801
17.541772
14.309428
11.687826
9.7088968
8.2993773
7.3239265
6.6389533
6.128034
5.7126611
5.3473578
5.0100353
4.6914234
4.3881266
4.098986
3.8235567
3.5615836
3.3128052
3.0768329
2.8530203
2.6404759
2.4383714
2.2464172
2.0648961
1.8941655
1.7342015
1.5843349
1.4440342
1.3128959
1.1906609
1.0772808
0.97357136
0.88098203
0.80083403
0.73333822
0.67772088
0.63279581
0.59721474
0.56951623
0.54825362
0.53201513
0.51963336
0.51019866
0.50298856
0.49744028
0.49311462
0.4896756
0.48687513
0.48452933
0.48250148
0.48068738
0.47901011
0.47740977
0.47584283
0.47427592
0.4726868
0.47106007
0.46938869
0.46767035
0.46590839
0.46411062
0.46228912
0.4604621
0.45865581
0.45690604
0.4552654
0.45380813
0.4526442
0.45193622
0.45194568
0.45311141
0.45630274
0.46370526
72.604105
72.659075
72.726852
72.808767
72.905654
73.019086
73.149591
73.298556
73.466817
73.654963
73.863247
74.091932
74.340379
74.607413
74.891241
75.189052
75.496981
75.810037
76.121741
76.424099
76.707386
76.959915
77.167997
77.315763
77.385622
77.379681
77.231088
76.938669
76.476343
75.817069
74.934114
73.802859
72.403191
70.722303
68.75757
66.518651
64.027569
61.315544
58.416339
55.356755
52.146906
48.774374
45.2065
41.403077
37.338421
33.028304
28.554803
24.078697
19.826538
16.043994
12.924514
10.545123
8.8500702
7.6926094
6.9009197
6.3291202
5.8771053
5.4865443
5.1294698
4.7942499
4.4765978
4.1749602
3.8886398
3.6171902
3.3602028
3.1171711
2.8873229
2.669605
2.4630032
2.2670931
2.0821085
1.908389
1.7459016
1.5938957
1.4517824
1.3191071
1.1955695
1.0810683
0.97639702
0.88301273
0.80225211
0.73431323
0.67839253
0.63326937
0.59756777
0.5698207
0.54853758
0.53227081
0.51987894
0.51044391
0.5032395
0.49770078
0.49338685
0.48996052
0.48717312
0.48484049
0.48282578
0.48102493
0.47936112
0.47777493
0.47622312
0.47467266
0.47310152
0.47149446
0.46984448
0.46814939
0.46641257
0.46464199
0.46285004
0.46105526
0.4592844
0.45757387
0.455977
0.45456892
0.45346074
0.45281689
0.45290155
0.45415856
0.45746693
0.46503871
77.816489
77.866621
77.929778
78.005924
78.096641
78.202368
78.324465
78.463073
78.618874
78.792226
78.982929
79.190139
79.412943
79.649303
79.896596
80.151122
80.40812
80.661523
80.904055
81.126733
81.319134
81.468925
81.561622
81.590425
81.519808
81.339012
81.027149
80.562964
79.925663
79.095873
78.056995
76.796961
75.309979
73.597981
71.671073
69.546518
67.245531
64.787907
62.184934
59.432007
56.503213
53.350586
49.910431
46.117717
41.928268
37.347364
32.459085
27.444278
22.570666
18.144127
14.427079
11.555261
9.5026147
8.1155264
7.1904646
6.5446245
6.0498476
5.6308814
5.2521297
4.89896
4.5659668
4.2511084
3.9533795
3.6720963
3.4066674
3.1564411
2.9205014
2.6976173
2.4865663
2.286771
2.0984071
1.9217869
1.7568669
1.6028109
1.4589702
1.324834
1.2000657
1.0845099
0.97893787
0.88481378
0.80348782
0.73514543
0.67895287
0.63365659
0.59785326
0.57010027
0.54877354
0.53248772
0.52009269
0.51066246
0.5034674
0.49794083
0.49364035
0.49022795
0.4874545
0.48513574
0.48313477
0.48134771
0.47969786
0.47812629
0.47659006
0.47505648
0.47350374
0.4719168
0.47028871
0.46861738
0.46690628
0.46516356
0.46340188
0.46164014
0.45990557
0.45823524
0.45668315
0.45532537
0.4542742
0.45369588
0.45385732
0.45520748
0.45863521
0.46637935
83.893262
83.926681
83.969556
84.023398
84.088274
84.165479
84.254746
84.35686
84.471946
84.599434
84.739042
84.889516
85.049274
85.215823
85.385874
85.555344
85.718849
85.87001
86.000784
86.102191
86.163752
86.186557
86.131643
85.993451
85.75739
85.407345
84.927268
84.301753
83.517227
82.563036
81.432672
80.124738
78.643531
76.998689
75.203754
73.273252
71.218426
69.041958
66.732605
64.260672
61.575574
58.606708
55.269033
51.475471
47.158634
42.302965
36.982304
31.387529
25.823584
20.660435
16.240189
12.773259
10.27862
8.6042518
7.5130847
6.7773123
6.2324564
5.7815593
5.3790283
5.0064292
4.6569703
4.3280271
4.0182536
3.7266831
3.4524961
3.1948715
2.9527325
2.7246461
2.5091605
2.3055255
2.1138478
1.9344021
1.7671308
1.6111079
1.4656129
1.3300901
1.2041626
1.0876169
0.98120412
0.88639447
0.80454934
0.73584218
0.67940827
0.6339627
0.59811132
0.57032466
0.54896466
0.53266868
0.52027696
0.51085632
0.503674
0.49816194
0.4938766
0.49047921
0.48772057
0.48541631
0.48342962
0.48165686
0.48002144
0.47846492
0.47694469
0.47542839
0.47389445
0.47232803
0.47072227
0.4690752
0.46739038
0.46567613
0.4639454
0.46221745
0.46051999
0.45889073
0.4573844
0.45607801
0.45508502
0.45457354
0.4548133
0.45625843
0.45980773
0.46772734
91.293242
91.298778
91.307897
91.320804
91.337663
91.359274
91.386277
91.418847
91.456085
91.498323
91.543826
91.591976
91.640496
91.687081
91.728367
91.763768
91.790196
91.803345
91.789116
91.718294
91.600442
91.424751
91.17961
90.852932
90.432157
89.905353
89.261607
88.491902
87.589822
86.552352
85.380319
84.07859
82.655491
81.121454
79.486754
77.758377
75.936119
74.008361
71.94799
69.709011
67.224631
64.407689
61.155074
57.35863
52.925916
47.813526
42.070994
35.882803
29.5826
23.606183
18.385059
14.219936
11.192667
9.1659546
7.8708957
7.0269877
6.4242164
5.9378651
5.5096034
5.1162819
4.7494277
4.4057167
4.0833794
3.7811265
3.4978836
3.2326383
2.9841556
2.7508003
2.5308686
2.3234189
2.1284782
1.9462699
1.7767196
1.6187987
1.4717243
1.3348919
1.2078739
1.0904017
0.98320668
0.8877642
0.80544518
0.73641108
0.67976503
0.63420078
0.59833833
0.57049621
0.54911416
0.5328164
0.520434
0.51102737
0.50386095
0.49836562
0.49409689
0.49071561
0.4879725
0.48568335
0.48371144
0.48195342
0.48033284
0.47879178
0.47728794
0.47578931
0.47427454
0.47272904
0.47114602
0.46952366
0.46786563
0.46618043
0.46448129
0.46278784
0.46112826
0.45954093
0.45808126
0.45682726
0.45589358
0.45545024
0.45576976
0.45731163
0.46098466
0.46908272
100.01411
99.978438
99.942332
99.905854
99.868501
99.830239
99.791088
99.749635
99.705406
99.656553
99.602175
99.540179
99.468127
99.383242
99.281864
99.159663
99.01167
98.831959
98.613756
98.349543
98.031099
97.649618
97.196452
96.662701
96.040034
95.321243
94.500907
93.575889
92.545732
91.413013
90.183345
88.864782
87.466912
85.99909
84.468227
82.875556
81.213278
79.461066
77.582589
75.522277
73.202744
70.523778
67.364504
63.591883
59.080554
53.749477
47.615208
40.847677
33.797052
26.958753
20.859269
15.902934
12.253348
9.8054083
8.2649165
7.2928543
6.6239048
6.0986903
5.6429507
5.2278014
4.8427739
4.4837358
4.1484363
3.8352167
3.5427188
3.2697227
3.0148123
2.7761473
2.5517617
2.3405113
2.1423425
1.9574208
1.7856547
1.6259098
1.4773337
1.3392618
1.2112171
1.0928785
0.98495719
0.88893274
0.80618376
0.73685915
0.68002946
0.63441358
0.5985021
0.57061848
0.54922508
0.53293343
0.52056594
0.51117739
0.50402978
0.4985532
0.49430251
0.49093829
0.48821142
0.48593791
0.48398124
0.48223836
0.48063302
0.4791078
0.4776207
0.47614008
0.47464484
0.47312062
0.47156073
0.46996352
0.46833277
0.46667715
0.46501021
0.46335192
0.46173096
0.46018634
0.45877422
0.45757357
0.45670028
0.45632627
0.45672699
0.45836731
0.46216615
0.47044565
111.50102
111.42335
111.33959
111.24786
111.14788
111.03785
110.91646
110.78245
110.63302
110.46668
110.28103
110.07227
109.83808
109.57445
109.27724
108.94187
108.56327
108.13637
107.65498
107.11341
106.50574
105.82637
105.06992
104.23127
103.30692
102.2951
101.19612
100.01269
98.750076
97.416085
96.020611
94.574854
93.089958
91.575158
90.035762
88.469907
86.865971
85.198911
83.42663
81.486822
79.29396
76.736856
73.678446
69.961051
65.423515
59.938195
53.473289
46.168471
38.38295
30.666057
23.638011
17.815683
13.461825
10.524027
8.6945611
7.5731807
6.8296631
6.2624716
5.7778348
5.3400382
4.9362924
4.5615528
4.2130393
3.8886885
3.5868276
3.3060153
3.044649
2.8006758
2.5718599
2.3568454
2.1554978
1.9679168
1.7939941
1.6324905
1.4824763
1.3432245
1.2142109
1.0950623
0.98646814
0.88991032
0.80677419
0.73719345
0.6802226
0.63458908
0.59860656
0.57069495
0.54930036
0.53302216
0.52067476
0.51130805
0.50418193
0.49872598
0.4944946
0.49114833
0.48843835
0.48618097
0.48423996
0.48251259
0.48092285
0.4794138
0.47794378
0.47648151
0.47500613
0.47350353
0.47196715
0.47039549
0.46879246
0.46716694
0.46553275
0.46391026
0.46232859
0.46082746
0.4594637
0.45831732
0.45750545
0.45720196
0.45768522
0.45942565
0.46335233
0.47181621
126.66273
126.53842
126.39876
126.24221
126.06591
125.8678
125.64459
125.39306
125.11071
124.79251
124.43484
124.03341
123.58329
123.07951
122.51716
121.89135
121.19672
120.42815
119.58059
118.6493
117.63022
116.521
115.31997
114.02764
112.64616
111.18027
109.63719
108.02679
106.36157
104.65616
102.92668
101.18954
99.459873
97.749539
96.06461
94.402723
92.750038
91.07795
89.339681
87.466582
85.364444
82.910645
79.95273
76.31068
71.789943
66.215538
59.49785
51.726493
43.249672
34.664438
26.684331
19.942242
14.814033
11.321166
9.1586351
7.866067
7.0396226
6.4275727
5.9129316
5.451943
5.0291674
4.6385496
4.2767329
3.9412167
3.6299875
3.3413712
3.0735784
2.8243431
2.5911541
2.3724327
2.1679671
1.9777864
1.8017694
1.6385677
1.487174
1.3468002
1.2168732
1.0969681
0.98775201
0.89070743
0.80722539
0.73742145
0.68039065
0.63469261
0.59865569
0.57072902
0.54934273
0.53308487
0.52076235
0.51142093
0.50431875
0.49888515
0.49467426
0.49134675
0.48865423
0.48641344
0.48448847
0.48277694
0.48120314
0.47971058
0.47825795
0.47681433
0.47535912
0.47387846
0.47236593
0.47082021
0.46924533
0.46765039
0.46604949
0.46446338
0.46292167
0.46146471
0.46015012
0.45905889
0.45830943
0.45807757
0.45864468
0.46048682
0.46454335
0.4731945
145.7565
145.58399
145.38378
145.15326
144.88913
144.58719
144.24303
143.85104
143.40604
142.90266
142.33331
141.69314
140.97356
140.16868
139.27137
138.27441
137.1722
135.9586
134.62938
133.18062
131.61119
129.92122
128.11379
126.19458
124.17275
122.06096
119.8752
117.63522
115.36361
113.08518
110.82571
108.61038
106.46154
104.39637
102.42413
100.54318
98.737968
96.975919
95.204178
93.34625
91.298855
88.92731
86.063802
82.508095
78.035588
72.427075
65.53414
57.384678
48.292339
38.880332
29.951026
22.25809
16.300718
12.194055
9.6554473
8.1696455
7.2520475
6.5925189
6.0470586
5.5625789
5.1206608
4.7141508
4.3390741
3.9924676
3.6719559
3.375621
3.1014857
2.8470771
2.6096048
2.3872607
2.1797577
1.9870487
1.8090028
1.6441645
1.4914499
1.3500095
1.2192219
1.0986111
0.98882131
0.89133443
0.80754599
0.73756924
0.68051839
0.63472871
0.59865345
0.57072399
0.54935484
0.53312362
0.52083049
0.51151749
0.5044415
0.49903179
0.49484247
0.49153446
0.48885994
0.48663616
0.48472756
0.4830322
0.48147462
0.47999886
0.47856391
0.47713922
0.47570448
0.47424607
0.47275772
0.47123828
0.46969195
0.46812804
0.46656094
0.46501176
0.46351063
0.46209855
0.46083386
0.45979862
0.45911251
0.45895336
0.45960559
0.46155096
0.46573933
0.47458062
167.92874
167.71298
167.45711
167.15495
166.8033
166.39381
165.92183
165.37882
164.75779
164.04956
163.24681
162.33818
161.31629
160.17039
158.89129
157.47026
155.89892
154.17025
152.27868
150.22127
147.99722
145.60937
143.06461
140.37437
137.5551
134.62856
131.62204
128.56771
125.50203
122.46402
119.49371
116.62927
113.90422
111.34411
108.96322
106.76125
104.72041
102.80263
100.94706
99.067371
97.048595
94.743227
91.968304
88.504338
84.099823
78.495636
71.48725
63.037585
53.4119
43.237388
33.387801
24.734512
17.908809
13.137951
10.182783
8.4821087
7.4654281
6.756098
6.1792674
5.6712017
5.2101873
4.7878903
4.3997006
4.0421658
3.7125291
3.4086203
3.1282752
2.8688166
2.6271749
2.4013089
2.1908618
1.995706
1.815705
1.6492963
1.4953214
1.3528706
1.2212737
1.1000061
0.98968859
0.89180218
0.80774499
0.73769164
0.68056378
0.63470226
0.59860445
0.57068343
0.54933942
0.53314043
0.52088083
0.5115991
0.50455133
0.49916696
0.49500017
0.49171233
0.4890563
0.4868499
0.484958
0.48327906
0.48173801
0.4802793
0.47886231
0.47745683
0.47604282
0.47460694
0.47314308
0.47165026
0.47013287
0.46860041
0.46706757
0.46555587
0.4640959
0.46272933
0.46151528
0.46053682
0.45991496
0.45982958
0.46056817
0.46261826
0.4669404
0.47597469
191.73861
191.48824
191.18247
190.81664
190.38198
189.87182
189.27601
188.58722
187.79315
186.88482
185.84899
184.67511
183.34959
181.86037
180.195
178.34136
176.28845
174.02656
171.54836
168.84921
165.92808
162.78903
159.44137
155.90108
152.19172
148.34459
144.39927
140.40272
136.40821
132.47347
128.65692
125.01429
121.59409
118.43321
115.55258
112.95368
110.61568
108.49347
106.51619
104.58566
102.5741
100.32072
97.627738
94.258075
89.937166
84.371015
77.303101
68.62928
58.553878
47.687964
36.959344
27.35005
19.628087
14.149151
10.739049
8.8021016
7.6784977
6.9172825
6.3087302
5.7771566
5.2972501
4.8594104
4.4583471
4.0901052
3.7515483
3.4402518
3.1538632
2.889506
2.6438325
2.4145638
2.2012807
2.0037692
1.8218917
1.6539813
1.4988072
1.355401
1.2230449
1.1011674
0.99036577
0.89212181
0.80784619
0.73777709
0.68053256
0.63461803
0.59851156
0.5706097
0.54929876
0.53313723
0.52091491
0.51166705
0.50464938
0.49929159
0.49514822
0.49188116
0.48924406
0.48705538
0.48518046
0.48351819
0.48199394
0.48055254
0.47915374
0.47776773
0.47637472
0.47496164
0.47352255
0.47205668
0.47056857
0.46906796
0.46756984
0.46609612
0.46467786
0.46335743
0.46219468
0.46127379
0.46071707
0.46070645
0.46153257
0.46368884
0.46814668
0.47737677
215.80418
215.52996
215.1895
214.77245
214.26955
213.67394
212.97301
212.15582
211.21048
210.12306
208.87906
207.46443
205.86302
204.05894
202.03618
199.77951
197.27371
194.50605
191.46575
188.14509
184.54153
180.65775
176.50398
172.09905
167.47192
162.66281
157.72336
152.71663
147.71515
142.79784
138.04621
133.53778
129.34023
125.50502
122.06191
119.01488
116.33965
113.98283
111.86182
109.86478
107.84968
105.64154
103.02788
99.755447
95.529674
90.026732
82.944145
74.113338
63.669913
52.189228
40.632604
30.082938
21.447293
15.22342
11.322822
9.1287348
7.8904977
7.075432
6.4349128
5.8799896
5.381463
4.9283919
4.5147752
4.1361308
3.7889024
3.4704335
3.1781939
2.9091107
2.6595562
2.4270149
2.2110127
2.0112441
1.8275741
1.6582341
1.5019237
1.3576177
1.2245511
1.102109
0.99086482
0.89230417
0.80792221
0.73776861
0.68043019
0.63447978
0.59837828
0.57050558
0.54923485
0.53311602
0.52093414
0.51172252
0.5047366
0.49940658
0.49528741
0.49204168
0.48942391
0.48725326
0.48539559
0.48375021
0.482243
0.48081915
0.47943879
0.47807247
0.4767007
0.47531067
0.47389663
0.47245801
0.47099953
0.46953114
0.46806816
0.46663289
0.46525689
0.46398317
0.4628724
0.4620098
0.46151905
0.46158418
0.46249901
0.46476285
0.46935828
0.47878699
239.08274
238.80344
238.4431
237.9935
237.44697
236.78836
236.00994
235.09522
234.03037
232.80054
231.3882
229.77553
227.94358
225.87323
223.545
220.93875
218.03592
214.81912
211.27286
207.38598
203.15165
198.57013
193.65003
188.41101
182.88553
177.12073
171.17983
165.14188
159.10011
153.15772
147.42244
141.99838
136.97628
132.42542
128.38627
124.86572
121.83526
119.23165
116.95883
114.88975
112.86702
110.70116
108.16564
104.99268
100.87048
95.450179
88.389368
79.459468
68.723842
56.70594
44.378902
32.91322
23.355025
16.355825
11.93234
9.4611281
8.1008121
7.2300828
6.5574681
5.9794318
5.4626083
4.9946475
4.5688225
4.1801095
3.8245136
3.4991136
3.2012288
2.9276066
2.6743359
2.4386617
2.2200648
2.018143
1.8327675
1.6620713
1.5046878
1.3595368
1.2258079
1.1028438
0.99119879
0.89236036
0.80797446
0.73767365
0.68026123
0.63429179
0.59820794
0.57037367
0.54914976
0.53307816
0.52093986
0.51176667
0.50481399
0.49951276
0.49541849
0.49219459
0.4895965
0.48744416
0.48560397
0.48397572
0.48248576
0.48107965
0.47971795
0.47837156
0.47702126
0.47565451
0.47426578
0.47285468
0.47142614
0.46999035
0.46856292
0.46716655
0.4658333
0.46460687
0.4635487
0.46274511
0.46232115
0.46246297
0.46346762
0.46584041
0.47057529
0.48020541
261.11908
260.84264
260.47641
260.01118
259.43586
258.73832
257.90416
256.91871
255.76589
254.42648
252.88246
251.11235
249.0947
246.80653
244.22427
241.32415
238.08273
234.47795
230.48931
226.10042
221.29963
216.08266
210.45517
204.43513
198.05643
191.3714
184.45315
177.39617
170.31494
163.33913
156.60516
150.24698
144.38203
139.10005
134.45353
130.4526
127.06375
124.2128
121.78909
119.64922
117.61975
115.4965
113.03979
109.96865
105.95628
100.63332
93.62365
84.644566
73.686534
61.207958
48.172166
35.821686
25.339571
17.540885
12.565589
9.7984318
8.3089313
7.3808941
6.676134
6.0752838
5.5405338
5.0580661
4.6204011
4.2219665
3.8583229
3.5262619
3.2229527
2.9449858
2.6881699
2.4495077
2.2284448
2.024478
1.8374864
1.6655091
1.5071162
1.3611747
1.2268297
1.1033845
0.99137786
0.89238914
0.8079222
0.73749913
0.68003178
0.63405806
0.59800371
0.57021647
0.54904546
0.53302517
0.52093343
0.51180046
0.5048824
0.49961087
0.49554215
0.4923405
0.48976243
0.48762864
0.48580615
0.48419521
0.48272271
0.48133456
0.47999172
0.47866545
0.47733684
0.47599361
0.47463043
0.47324713
0.47184883
0.47044596
0.46905446
0.46769743
0.46640742
0.46522881
0.46422385
0.46347995
0.46312356
0.463343
0.46443858
0.4669217
0.47179785
0.48163215
281.75663
281.49003
281.12635
280.65663
280.0661
279.34434
278.47339
277.43825
276.22056
274.79986
273.1551
271.26205
269.09695
266.63279
263.84281
260.6988
257.17303
253.23778
248.86783
244.04042
238.73845
232.95216
226.68203
219.94314
212.76837
205.21316
197.35854
189.31339
181.21313
173.21474
165.4861
158.19383
151.48516
145.47267
140.22227
135.74716
132.008
128.91841
126.35176
124.14748
122.11573
120.0376
117.66062
114.69229
110.79312
105.57714
98.640711
89.653525
78.535163
65.669314
51.988699
38.790066
27.389116
18.772602
13.220247
10.139767
8.5144225
7.5276247
6.7907415
6.1674299
5.6151588
5.1185875
4.6694683
4.2616702
3.8903021
3.5518632
3.2433673
2.9612536
2.7010678
2.4595655
2.2361675
2.0302651
1.8417475
1.6685644
1.5092251
1.3625469
1.2276278
1.103739
0.99141246
0.89239844
0.8077726
0.73725036
0.67974773
0.63378349
0.5977686
0.57003631
0.54892374
0.53295853
0.520916
0.5118249
0.50494263
0.49970163
0.49565901
0.49248002
0.48992223
0.48780724
0.48600263
0.4844092
0.48295433
0.48158433
0.48026053
0.47895459
0.47764786
0.47632837
0.47499097
0.47363572
0.47226795
0.47089833
0.46954312
0.46822583
0.46697952
0.46584926
0.46489809
0.46421454
0.46392649
0.46422445
0.46541202
0.46800681
0.47302603
0.48306729
301.27227
301.01775
300.66116
300.18937
299.59177
298.85085
297.95297
296.8793
295.60965
294.12273
292.39442
290.39938
288.10965
285.4963
282.5283
279.17367
275.39992
271.17458
266.46645
261.24721
255.49307
249.18779
242.32621
234.91846
226.99502
218.61227
209.85769
200.85313
191.75478
182.74763
174.03306
165.8129
158.26667
151.53155
145.68749
140.75012
136.6732
133.35686
130.65724
128.39603
126.36678
124.33608
122.0392
119.17276
115.38719
110.28356
103.43624
94.474401
83.250545
70.06663
55.805923
41.800227
29.49136
20.044322
13.893588
10.48415
8.7168632
7.6700615
6.9011645
6.2557961
5.6864418
5.1761912
4.7160153
4.2992209
3.920455
3.5759259
3.2624835
2.9764246
2.7130447
2.4688514
2.2432495
2.0355222
1.845569
1.6712552
1.5110317
1.3636655
1.228212
1.1039268
0.9914005
0.89231482
0.80753149
0.73693231
0.67941345
0.63347183
0.59750553
0.56983539
0.54878626
0.53287959
0.52088853
0.51184084
0.50499543
0.49978568
0.49576966
0.49261366
0.49007643
0.48798042
0.48619389
0.48461812
0.48318105
0.48182937
0.48052481
0.47923937
0.47795472
0.47665917
0.47534776
0.47402081
0.47268384
0.47134777
0.4700292
0.46875205
0.46754989
0.46646846
0.46557165
0.4649491
0.46473011
0.46510746
0.4663881
0.46909587
0.47425994
0.48451093
320.18516
319.94043
319.58605
319.11074
318.49989
317.73946
316.81115
315.69637
314.37333
312.81912
311.00768
308.91129
306.50027
303.74189
300.60204
297.04559
293.03514
288.53362
283.50447
277.91311
271.72936
264.93032
257.50407
249.45503
240.80993
231.62491
221.99216
212.04557
201.96153
191.95385
182.25895
173.11601
164.73874
157.29028
150.86428
145.47787
141.07659
137.54575
134.72326
132.41237
130.38992
128.40814
126.1904
123.42316
119.74851
114.75816
108.00991
99.099468
87.817221
74.379404
59.602854
44.834596
31.633905
21.348988
14.582577
10.830515
8.9158518
7.8080323
7.0073196
6.3403468
5.7543745
5.2308854
4.7600593
4.3346389
3.9488036
3.5984703
3.2803237
2.9905239
2.7241248
2.4773882
2.2497122
2.0402694
1.8489697
1.673599
1.5125494
1.364542
1.2286017
1.1039624
0.99137003
0.89212241
0.80720567
0.73655054
0.67903203
0.63312642
0.59721795
0.56961579
0.54863462
0.53278961
0.52085201
0.51184911
0.50504148
0.49986364
0.49587464
0.49274194
0.49022548
0.48814865
0.48638035
0.48482239
0.48340329
0.48207008
0.48078492
0.47952017
0.47825778
0.47698635
0.47570116
0.47440272
0.4730968
0.47179459
0.47051299
0.46927635
0.46811875
0.46708665
0.46624472
0.46568379
0.46553459
0.46599219
0.46736691
0.47018898
0.47549968
0.48596315
338.78675
338.54764
338.19192
337.70598
337.07613
336.28554
335.3168
334.149
332.76058
331.12628
329.21873
327.00877
324.46341
321.54878
318.22774
314.46097
310.20816
305.42754
300.0775
294.11793
287.51244
280.23133
272.25601
263.5844
254.23856
244.2729
233.78298
222.91296
211.85847
200.86167
190.19501
180.13649
170.93585
162.78271
155.785
149.96022
145.24483
141.5086
138.57033
136.21461
134.2014
132.26843
130.12729
127.45487
123.8858
119.00607
112.36205
103.52274
92.222314
78.589295
63.359752
47.876024
33.804275
22.679193
15.283883
11.177698
9.1109848
7.9413874
7.1091467
6.4210684
5.818969
5.282697
4.8016344
4.3679596
3.9753833
3.6195301
3.2969192
3.0035803
2.7343349
2.4852006
2.2555791
2.0445291
1.8519699
1.6756142
1.513791
1.3651937
1.2288163
1.1039137
0.99127184
0.89182848
0.80680189
0.73611046
0.67860765
0.63275055
0.59690818
0.56937943
0.5484703
0.53268972
0.52080736
0.51185047
0.50508145
0.49993604
0.49597444
0.49286531
0.49036983
0.48831234
0.48656241
0.4850224
0.48362141
0.48230683
0.48104122
0.47979732
0.47855737
0.47731025
0.47605146
0.47478176
0.47350714
0.47223906
0.47099474
0.46979897
0.46868635
0.46770403
0.46691752
0.46641881
0.4663401
0.46687879
0.46834861
0.47128626
0.47674533
0.48742405
356.77311
356.53826
356.17606
355.67526
355.02082
354.19508
353.18038
351.9551
350.49513
348.77561
346.76745
344.43991
341.75891
338.68779
335.18766
331.21645
326.73059
321.6847
316.03256
309.72909
302.73172
295.00427
286.52068
277.2718
267.27297
256.57454
245.27244
233.51812
221.52395
209.55903
197.93197
186.96176
176.93678
168.07644
160.50456
154.24044
149.21125
145.2707
142.21821
139.81901
137.81528
135.9297
133.86165
131.27841
127.80811
123.03359
116.49497
107.74119
96.456136
82.680785
67.058736
50.908339
35.990256
24.027423
15.99401
11.524475
9.3018708
8.0699927
7.2066118
6.4979703
5.8802587
5.3316719
4.8407899
4.3992323
4.0002416
3.6391498
3.3123105
3.0156309
2.7437084
2.4923185
2.2608758
2.0483238
1.85459
1.6773119
1.5147743
1.3656436
1.2288672
1.1038474
0.99105591
0.89144074
0.80632666
0.73561726
0.67814438
0.63234689
0.59657835
0.56912833
0.54829467
0.53258099
0.52075543
0.51184571
0.5051159
0.50000342
0.49606954
0.4929842
0.49050987
0.48847186
0.48674042
0.48521851
0.48383576
0.48253995
0.48129404
0.48007115
0.47885379
0.47763115
0.47639896
0.47515821
0.47391512
0.47268143
0.4714747
0.47032015
0.46925289
0.4683208
0.46759021
0.46715431
0.46714677
0.46776737
0.46933329
0.47238778
0.47799698
0.48889371
373.66921
373.44081
373.08009
372.57255
371.90228
371.05335
370.00476
368.736
367.22244
365.43704
363.35124
360.93202
358.14455
354.95102
351.30955
347.17713
342.50654
337.24925
331.35492
324.77315
317.45526
309.35724
300.44461
290.69858
280.12495
268.7656
256.71211
244.11842
231.20987
218.28132
205.6793
193.76881
182.88345
173.27934
165.10095
158.37199
153.01155
148.85605
145.6838
143.23858
141.243
139.40284
137.4038
134.90334
131.52396
126.84712
120.4122
111.75388
100.51179
86.641091
70.683977
53.916553
38.180197
25.386257
16.709385
11.869593
9.4881315
8.1937286
7.2996996
6.571078
5.9382885
5.3778642
4.8775838
4.4285129
4.0234327
3.6573761
3.3265397
3.0267144
2.7522798
2.4987726
2.2656299
2.0516782
1.8568443
1.6787137
1.5155234
1.3659074
1.2287844
1.1037509
0.99073008
0.89096691
0.80578627
0.73507588
0.67764601
0.63191792
0.5962307
0.56886438
0.54810902
0.5324644
0.52069701
0.51183541
0.50514538
0.50006623
0.49616036
0.493099
0.49064597
0.48862757
0.48691472
0.48541105
0.48404665
0.48276975
0.48154368
0.48034194
0.47914733
0.47794934
0.47674392
0.47553232
0.47432098
0.47312194
0.47195308
0.47084009
0.46981858
0.46893713
0.46826298
0.46789045
0.46795474
0.46865805
0.47032108
0.47349366
0.47925473
0.49037223
389.69337
389.47861
389.12845
388.62687
387.95966
387.10824
386.05326
384.77179
383.23989
381.42971
379.31102
376.85046
374.01209
370.75569
367.03903
362.81534
358.03541
352.6464
346.59358
339.82036
332.27041
323.89047
314.63451
304.47053
293.39006
281.4213
268.645
255.2124
241.35839
227.40444
213.74064
200.78857
188.94046
178.50002
169.63968
162.39099
156.66358
152.27309
148.97209
146.4784
144.49092
142.69544
140.76207
138.33812
135.04154
130.45398
124.11913
115.56249
104.38549
90.460459
74.221934
56.887099
40.363189
26.748521
17.426461
12.211804
9.6694187
8.3125144
7.3884169
6.6404338
5.9931183
5.4213418
4.9120835
4.4558671
4.0450165
3.6742629
3.339657
3.0368749
2.7600874
2.5045962
2.2698694
2.0546126
1.8587547
1.6798423
1.5160561
1.3659978
1.2286849
1.1035297
0.99030291
0.89041445
0.80518666
0.73449105
0.67711627
0.63146642
0.59586734
0.56858911
0.54791452
0.53234088
0.52063282
0.51182012
0.5051704
0.50012492
0.49624727
0.49321007
0.49077848
0.48877979
0.48708563
0.48560031
0.48425439
0.48299651
0.48179042
0.48060996
0.47943826
0.47826508
0.4770866
0.47590432
0.47472496
0.47356081
0.47243011
0.47135898
0.47038358
0.46955322
0.46893595
0.46862736
0.46876415
0.46955096
0.47131205
0.47460397
0.48051863
0.49185969
406.13206
405.93225
405.59633
405.1127
404.46283
403.63022
402.5939
401.33078
399.81579
398.02025
395.91321
393.45981
390.62227
387.35925
383.62507
379.3706
374.54254
369.08352
362.93265
356.02541
348.29597
339.67873
330.11282
319.54856
307.95795
295.34913
281.78664
267.41389
252.47476
237.32204
222.40235
208.21118
195.21828
183.79069
174.13568
166.29234
160.15573
155.51109
152.07672
149.53715
147.56184
145.8128
143.94293
141.5895
138.36749
133.8617
127.62184
119.17042
108.07572
94.13164
77.661342
59.807999
42.529212
28.107479
18.141803
12.549893
9.8454123
8.4262972
7.4727907
6.7060947
6.0448192
5.4621791
4.9443639
4.4813636
4.0650538
3.689867
3.3517146
3.0461573
2.7671703
2.5098233
2.2736247
2.0571485
1.8603451
1.680721
1.5163901
1.3659267
1.2285735
1.1031919
0.9897831
0.88979049
0.80453363
0.73386725
0.67655851
0.63099496
0.59549018
0.56830385
0.54771229
0.53221125
0.52056355
0.51180039
0.50519141
0.50017989
0.49633065
0.49331774
0.49090769
0.48892883
0.48725346
0.48578658
0.48445924
0.48322051
0.48203451
0.48087548
0.47972682
0.47857859
0.47742721
0.47627446
0.47512727
0.47399824
0.47290597
0.47187701
0.47094808
0.47016919
0.4696093
0.46936518
0.4695751
0.4704462
0.47230631
0.47571881
0.48178879
0.4933562
425.43024
425.23418
424.90679
424.4314
423.7936
422.97388
421.95077
420.702
419.19929
417.41441
415.31388
412.86191
410.01785
406.73766
402.97301
398.67094
393.77304
388.21617
381.93183
374.84641
366.88214
357.95881
347.9975
336.92711
324.69518
311.28494
296.73941
281.19207
264.89786
248.25103
231.77311
216.05944
201.68218
189.08699
178.51697
170.01249
163.44057
158.54009
154.9823
152.40998
150.45757
148.76012
146.95297
144.66468
141.5097
137.07844
130.92818
122.58309
111.58343
97.649906
80.993103
62.668863
44.669214
29.456809
18.852136
12.882701
10.015834
8.5350518
7.5528683
6.768133
6.0934731
5.5004593
4.9745044
4.5050799
4.083614
3.7042494
3.3627664
3.0546094
2.773569
2.514489
2.2769142
2.059313
1.8616464
1.6813675
1.51654
1.3658055
1.2283628
1.1027469
0.98917895
0.8891019
0.80383265
0.73320871
0.67597601
0.63050601
0.5951009
0.56800973
0.54750344
0.5320763
0.5204898
0.51177672
0.50520883
0.50023149
0.49641083
0.49342232
0.49103392
0.48907496
0.48741847
0.48597012
0.48466146
0.48344198
0.4822762
0.48113871
0.48001323
0.47889009
0.47776598
0.47664292
0.4755281
0.47443442
0.47338083
0.47239434
0.47151221
0.4707852
0.47028313
0.47010401
0.47038772
0.47134386
0.47330395
0.47683825
0.48306527
0.49486181
450.0585
449.84327
449.49081
448.98777
448.31681
447.45784
446.38972
445.08691
443.52226
441.66411
439.47868
436.92746
433.96787
430.55322
426.63222
422.14678
417.03495
411.22692
404.64638
397.21028
388.82823
379.40411
368.83916
357.03783
343.91959
329.43799
313.61046
296.55855
278.55216
260.04163
241.64971
224.10262
208.1017
194.1836
182.62134
173.43592
166.44374
161.31932
157.67278
155.09528
153.18257
151.54401
149.79896
147.5703
144.47532
140.11246
134.04645
125.80697
114.911
101.01247
84.210078
65.460782
46.77511
30.79076
19.554404
13.209143
10.180445
8.6387806
7.6287202
6.8266332
6.1391693
5.5362715
5.0025884
4.527094
4.1007632
3.7174709
3.372866
3.062278
2.7793241
2.5186209
2.2797701
2.0611391
1.8626789
1.6818007
1.5165182
1.3656729
1.2280304
1.1022043
0.98849846
0.88835524
0.80308884
0.73251947
0.67537179
0.63000184
0.59470093
0.56770801
0.54728905
0.53193675
0.52041216
0.51174957
0.50522307
0.50028009
0.49648811
0.4935241
0.49115741
0.48921844
0.4875809
0.48615117
0.48486128
0.48366115
0.4825157
0.48139987
0.48029769
0.4791998
0.4781031
0.47700989
0.47592763
0.47486952
0.47385486
0.47291114
0.47207615
0.47140139
0.47095759
0.47084399
0.4712021
0.47224403
0.47430505
0.47796238
0.48434816
0.49637666
480.42981
480.16813
479.75412
479.17113
478.39912
477.42027
476.21133
474.74706
472.99826
470.93292
468.51533
465.70629
462.46214
458.73413
454.46766
449.60399
444.07538
437.80782
430.71849
422.71458
413.69345
403.54252
392.1411
379.36611
365.10368
349.27149
331.85498
312.96112
292.88141
272.14309
251.50451
231.86277
214.07537
198.77049
186.23043
176.42526
169.09059
163.81622
160.13976
157.59677
155.74429
154.17227
152.48729
150.31185
147.2702
142.97066
136.98602
128.8494
118.06225
104.21833
87.306859
68.176276
48.839724
32.10407
20.245784
13.528224
10.339047
8.737511
7.7004313
6.881693
6.1820071
5.5697112
5.0287084
4.5474838
4.1165711
3.7295967
3.382069
3.069211
2.7844726
2.5222514
2.2822266
2.0626549
1.8634622
1.6820385
1.5163853
1.3654908
1.2275862
1.1015731
0.98774927
0.88755662
0.80230713
0.73180329
0.67474876
0.6294846
0.59429185
0.56739997
0.54706997
0.53179326
0.52033113
0.51171938
0.50523445
0.50032598
0.49656278
0.49362332
0.49127842
0.48935949
0.48774097
0.48632995
0.48505891
0.48387824
0.48275321
0.48165917
0.48058041
0.47950789
0.47843875
0.47737555
0.47632603
0.4753037
0.47432821
0.47342752
0.47264
0.47201787
0.47163278
0.47158521
0.47201833
0.47314681
0.47530969
0.47909126
0.48563751
0.49790079
513.79321
513.47936
512.9834
512.28932
511.37965
510.23083
508.82239
507.12764
505.11689
502.75939
500.01887
496.85562
493.22521
489.07893
484.3617
479.01131
472.95854
466.12424
458.41852
449.73885
439.96837
428.9744
416.60978
402.71673
387.13967
369.75054
350.49532
329.46584
306.99126
283.71095
260.57247
238.69117
219.09851
202.4942
189.12382
178.86034
171.32885
166.01894
162.39138
159.93046
158.15515
156.65345
155.02316
152.89368
149.90016
145.66092
139.75521
131.71797
121.04173
107.26766
90.279523
70.809102
50.856825
33.392048
20.923709
13.839049
10.491484
8.8312962
7.7681012
6.9334199
6.2220918
5.6008751
5.0529583
4.5663252
4.1311096
3.7406906
3.39043
3.0754548
2.7890468
2.5254178
2.2843207
2.0638834
1.8640167
1.6820962
1.5162399
1.3651826
1.2270405
1.1008623
0.98693866
0.88671202
0.80149217
0.73106375
0.67410958
0.62895628
0.59387515
0.56708667
0.54684698
0.53164643
0.52024719
0.51168652
0.50524334
0.50036945
0.49663508
0.49372024
0.49139717
0.48949835
0.48789892
0.48650665
0.48525455
0.48409343
0.48298894
0.48191678
0.48086156
0.47981453
0.47877309
0.47774007
0.47672346
0.4757371
0.47480102
0.47394364
0.4732039
0.47263476
0.47230881
0.47232777
0.47283651
0.47405228
0.47631795
0.48022497
0.48693341
0.49943431
546.40202
546.05116
545.49135
544.70669
543.68043
542.39041
540.81281
538.92207
536.69106
534.08484
531.06982
527.6055
523.64694
519.14359
514.03885
508.2675
501.75487
494.41483
486.14693
476.83424
466.3394
454.50272
441.1409
426.05099
409.02428
389.878
368.51721
345.03403
319.83573
293.74415
267.96633
243.87866
222.66955
205.04515
191.14153
180.68321
173.15772
167.9494
164.45183
162.11118
160.43205
158.99522
157.40983
155.31859
152.36958
148.18976
142.36197
134.42029
123.85461
110.16186
93.125546
73.354222
52.820959
34.650515
21.585875
14.140813
10.637647
8.92021
7.8318441
6.9819328
6.259535
5.6298708
5.0754279
4.5836989
4.1444577
3.7508146
3.3980044
3.0810438
2.7930882
2.5281655
2.2860801
2.0648468
1.8643637
1.6819893
1.5160864
1.3647581
1.2264032
1.1000802
0.98607351
0.88582697
0.8006483
0.7303042
0.67345675
0.62841876
0.59345219
0.56676911
0.54662078
0.53149683
0.5201608
0.51165136
0.50525001
0.50041076
0.49670526
0.49381507
0.49151387
0.4896352
0.48805491
0.48668148
0.48544839
0.4843069
0.48322304
0.48217287
0.48114131
0.48011988
0.47910628
0.47810358
0.47712006
0.47616987
0.47527341
0.47445962
0.47376795
0.47325217
0.47298576
0.47307175
0.47365672
0.47496051
0.47732989
0.48136357
0.48823592
0.50097732
577.81827
577.44096
576.84089
576.00108
574.90181
573.52257
571.83989
569.82697
567.45403
564.68862
561.49253
557.82551
553.63891
548.87831
543.48213
537.37768
530.48127
522.6935
513.89768
503.95398
492.69648
479.92792
465.41848
448.90952
430.13128
408.84735
384.94186
358.55991
330.26937
301.17205
272.80981
246.8154
224.44734
206.2848
192.27008
181.94204
174.64168
169.66708
166.36658
164.16912
162.5864
161.20146
159.64843
157.5881
154.68178
150.56229
144.8126
136.96432
126.50651
112.90329
95.843492
75.807703
54.727517
35.875807
22.230269
14.432836
10.777461
9.0043483
7.8917857
7.027356
6.2944516
5.6568101
5.0962042
4.5996878
4.1566869
3.7600324
3.4048304
3.0860264
2.796649
2.5305263
2.2875313
2.0655672
1.8645217
1.6818455
1.5158239
1.3642285
1.2256838
1.0992347
0.98516035
0.88490677
0.79977969
0.72952777
0.67279265
0.62787376
0.59302426
0.56644817
0.54639204
0.53134496
0.52007235
0.51161423
0.50525475
0.50045017
0.49677354
0.493908
0.49162872
0.48977024
0.48820914
0.4868546
0.48564059
0.48451882
0.48345567
0.48242759
0.48141979
0.4804241
0.47943846
0.47846622
0.47751595
0.47660212
0.47574552
0.47497555
0.47433227
0.47387019
0.47366375
0.47381725
0.47447903
0.47587157
0.47834559
0.48250714
0.48954514
0.5025299
610.65629
610.24917
609.60966
608.71824
607.55545
606.10143
604.32844
602.2099
599.71249
596.80193
593.43573
589.56722
585.14427
580.10346
574.37295
567.86895
560.49103
552.1212
542.61766
531.81035
519.49479
505.42736
489.32377
470.86708
449.73541
425.66753
398.58448
368.77721
337.10273
305.04852
274.50181
247.24714
224.4342
206.35962
192.69816
182.80445
175.91062
171.26157
168.19143
166.1367
164.6287
163.27622
161.74043
159.70434
156.84105
152.78455
147.11387
139.35778
129.00348
115.4951
98.433142
78.166625
56.57265
37.06481
22.855106
14.714535
10.910898
9.0838256
7.9480651
7.069818
6.3269649
5.6817931
5.1153778
4.6143839
4.1678691
3.7683901
3.410963
3.0904611
2.799766
2.5325316
2.2887001
2.0660672
1.864506
1.6816936
1.515441
1.3636045
1.2248916
1.0983335
0.98420544
0.88395635
0.79889018
0.72873741
0.67211945
0.62732289
0.59259254
0.56612471
0.54616128
0.53119131
0.51998221
0.51157542
0.50525782
0.50048788
0.49684011
0.49399924
0.49174188
0.4899036
0.48836176
0.48702618
0.4858313
0.48472933
0.48368699
0.4826811
0.48169716
0.48072731
0.47976975
0.47882812
0.47791126
0.47703397
0.47621744
0.47549155
0.47489694
0.47448891
0.47434283
0.47456434
0.47530352
0.47678553
0.47936511
0.48365574
0.4908611
0.50409212
648.06936
647.60583
646.89257
645.91071
644.6367
643.04772
641.11456
638.80532
636.08361
632.90747
629.22883
624.99336
620.13621
614.5844
608.25004
601.03191
592.80838
583.4354
572.74086
560.51842
546.52213
530.46238
512.00768
490.79977
466.49943
438.88482
408.02019
374.47868
339.52604
305.07345
273.2366
245.67651
223.20095
205.75775
192.7921
183.52707
177.12614
172.82629
169.97562
168.03595
166.57081
165.22383
163.68861
161.67111
158.85258
154.86293
149.27332
141.60774
131.35209
117.94135
100.89513
80.42891
58.353278
38.214845
23.45892
14.985442
11.037963
9.1587732
8.0008235
7.1094569
6.3572052
5.7049165
5.1330487
4.6278715
4.1780611
3.7759488
3.4164676
3.094392
2.8024747
2.5342117
2.2896108
2.0663692
1.8643727
1.6815016
1.5149496
1.3628965
1.2240351
1.0973837
0.98321463
0.88298045
0.79798342
0.72793587
0.67143921
0.62676767
0.59215809
0.56579944
0.54592902
0.53103634
0.51989072
0.5115352
0.50525943
0.5005241
0.49690516
0.49408894
0.49185352
0.49003546
0.48851292
0.48719635
0.48602068
0.48493858
0.48391713
0.48293352
0.48197354
0.48102964
0.48010029
0.4791894
0.4783061
0.47746553
0.47668928
0.47600771
0.47546207
0.47510842
0.4750231
0.47531309
0.47613026
0.47770245
0.4803885
0.48480942
0.49218389
0.50566409
691.96805
691.40524
690.55373
689.39189
687.89219
686.02415
683.75646
681.04906
677.85762
674.13082
669.81199
664.83367
659.11869
652.57712
645.10484
636.58002
626.85992
615.77546
603.12785
588.68175
572.16089
553.2471
531.58839
506.82982
478.68396
447.06528
412.29709
375.33999
337.90287
302.14143
270.09257
243.0964
221.51664
205.01789
192.90427
184.31786
178.40668
174.4252
171.75121
169.88223
168.42092
167.05051
165.49924
163.49479
160.72266
156.80366
151.2971
143.72084
133.55943
120.24664
103.23109
82.593509
60.066943
39.323782
24.040502
15.2452
11.158701
9.2293347
8.0502109
7.1464205
6.3852784
5.7262862
5.149321
4.6402183
4.1873287
3.7827791
3.4213959
3.0978596
2.8048089
2.5355953
2.2902883
2.0664925
1.8642292
1.6811867
1.5143612
1.3621146
1.2231226
1.0963921
0.98219341
0.88198346
0.79706281
0.72712573
0.67075382
0.62620947
0.59172189
0.56547303
0.54569585
0.53088051
0.51979818
0.51149385
0.50525982
0.50055901
0.49696886
0.49417727
0.4919638
0.49016597
0.48866278
0.48736525
0.48620885
0.4851467
0.48414622
0.48318497
0.48224906
0.48133121
0.48043018
0.47955015
0.47870057
0.4778969
0.47716112
0.47652412
0.47602772
0.47572879
0.47570462
0.47606357
0.47695929
0.47862239
0.48141583
0.48596825
0.49351356
0.50724589
740.8254
740.09849
739.00258
737.50653
735.58672
733.20728
730.32868
726.90273
722.87498
718.18076
712.75273
706.51078
699.36868
691.22359
681.95927
671.44134
659.51423
645.99705
630.67925
613.31549
593.62561
571.29516
545.99622
517.43159
485.43019
450.1114
412.10287
372.73976
333.9595
297.93442
266.45604
240.46591
219.98862
204.50957
193.2353
185.27463
179.79239
176.07037
173.51941
171.67494
170.18095
168.76183
167.17999
165.18306
162.458
158.61262
153.19039
145.70179
135.63315
122.41611
105.44336
84.659997
61.711906
40.389967
24.598902
15.493559
11.273194
9.2956653
8.0963918
7.1808371
6.4112979
5.7460225
5.1642833
4.6514996
4.1957484
3.7889452
3.4257951
3.1009036
2.8068018
2.5367102
2.2907578
2.0664529
1.8640804
1.6807603
1.5136872
1.361268
1.2221618
1.0953652
0.98114703
0.88096951
0.79613158
0.7263094
0.67006506
0.62564959
0.59128485
0.56514615
0.54546229
0.53072416
0.51970488
0.51145156
0.50525917
0.50059278
0.49703135
0.49426437
0.49207284
0.49029526
0.48881144
0.48753301
0.48639594
0.48535379
0.48437436
0.48343556
0.4825238
0.48163212
0.48075952
0.47991049
0.47909477
0.47832817
0.47763306
0.47704086
0.47659398
0.47635009
0.47638746
0.47681584
0.4777907
0.4795454
0.48244715
0.48713229
0.4948502
0.50883762
787.5102
786.57954
785.16771
783.24398
780.76989
777.70184
773.99419
769.59269
764.43734
758.46244
751.59336
743.74759
734.83088
724.73891
713.35291
700.5385
686.14244
669.98946
651.87901
631.58029
608.83187
583.35042
554.84941
523.10254
488.05222
449.99099
409.79588
369.00074
329.66656
293.8972
263.23825
238.25691
218.80275
204.26534
193.75372
186.35286
181.24264
177.73037
175.25916
173.40328
171.84967
170.36321
168.73904
166.74357
164.06456
160.29496
154.95933
147.55813
137.57946
124.4552
107.5349
86.628793
63.28705
41.412131
25.133438
15.730374
11.381553
9.3579419
8.1395241
7.2128336
6.4353992
5.7642412
5.1780101
4.661794
4.2033998
3.7945003
3.4297093
3.1035615
2.8084846
2.5375836
2.2910418
2.0663424
1.8638618
1.6802352
1.5129385
1.3603658
1.2211602
1.0943089
0.98008035
0.87994251
0.79519269
0.7254891
0.66937455
0.62508922
0.59084785
0.56481941
0.54522879
0.53056762
0.51961108
0.51140857
0.50525766
0.50062558
0.49709278
0.49435038
0.49218077
0.49042345
0.48895904
0.48769975
0.48658205
0.48555998
0.48460167
0.4836854
0.48279789
0.48193246
0.48108841
0.48027049
0.47948878
0.47875941
0.47810518
0.477558
0.47716092
0.47697239
0.47707168
0.47756996
0.47862451
0.48047155
0.48348251
0.48830158
0.49619384
0.51043936
823.52519
822.38369
820.642
818.26482
815.21024
811.43387
806.8844
801.50722
795.2421
788.02187
779.77416
770.41862
759.86727
748.02257
734.77644
720.00808
703.5797
685.33397
665.08669
642.62579
617.70223
590.0395
559.35719
525.43972
488.27422
448.27873
406.49892
364.69416
325.07051
289.69365
259.88477
235.95438
217.5675
203.98468
194.24563
187.40588
182.65985
179.34225
176.93265
175.04942
173.42439
171.8614
170.18576
168.18385
165.54708
161.85411
156.60772
149.29527
139.40464
126.36969
109.50907
88.500808
64.791828
42.389461
25.643672
15.955604
11.483927
9.416338
8.1797443
7.2425564
6.4577169
5.78103
5.1905965
4.6711927
4.2103444
3.7994963
3.4331823
3.1058699
2.8098868
2.5382426
2.2911585
2.0662253
1.8635304
1.6796237
1.5121253
1.3594163
1.2201245
1.0932291
0.97899806
0.87890612
0.79424896
0.72466694
0.66868386
0.62452948
0.59041167
0.56449338
0.54499574
0.53041118
0.51951699
0.51136505
0.50525544
0.50065753
0.49715329
0.49443541
0.49228771
0.49055066
0.48910568
0.48786556
0.48676729
0.48576536
0.48482824
0.48393459
0.48307141
0.48223233
0.48141692
0.48063026
0.47988268
0.4791907
0.47857754
0.47807562
0.4777286
0.47759574
0.47775734
0.47832597
0.4794608
0.48140086
0.48452196
0.48947619
0.49754458
0.51205123
844.92394
843.63796
841.64919
838.92313
835.42192
831.10119
825.91352
819.80834
812.73049
804.62079
795.41483
785.04304
773.43003
760.49165
746.13396
730.24937
712.70948
693.35109
671.98857
648.39163
622.26943
593.27317
561.03917
525.31631
486.15391
444.14849
400.68491
357.90093
318.22481
283.64791
255.0645
232.55337
215.58572
203.20199
194.39276
188.22555
183.90331
180.80873
178.47599
176.57724
174.89013
173.25389
171.52305
169.50765
166.9084
163.29297
158.13947
150.91819
141.11468
128.16551
111.36975
90.277593
66.226159
43.321611
26.129393
16.169315
11.58048
9.4710065
8.2172225
7.2701678
6.4783756
5.7964863
5.20213
4.6797731
4.2166412
3.803982
3.436255
3.1078624
2.8110386
2.5387116
2.2911268
2.0661054
1.8630992
1.6789376
1.5112573
1.3584275
1.2190614
1.0921309
0.97790443
0.87786376
0.79330302
0.72384485
0.66799438
0.62397137
0.58997702
0.56416856
0.5447635
0.53025511
0.51942285
0.51132118
0.50525266
0.50068877
0.49721298
0.49451957
0.49239376
0.49067698
0.48925145
0.48803055
0.48695175
0.48597002
0.48505416
0.4841832
0.48334444
0.48253181
0.48174516
0.48098984
0.48027654
0.47962212
0.47905021
0.47859376
0.47829706
0.47822021
0.47844449
0.47908394
0.4802996
0.4823334
0.48556555
0.49065617
0.49890246
0.51367326
852.12515
850.85012
848.80695
845.97154
842.31108
837.78667
832.35698
825.97766
818.6011
810.17596
800.64592
789.94968
778.01755
764.77076
750.11138
733.92166
716.05618
696.33929
674.5122
650.23892
623.0951
592.57332
558.15567
519.74043
477.647
433.00144
387.83026
344.73795
306.16513
273.66471
247.52854
227.38153
212.44876
201.67538
194.04004
188.68646
184.8721
182.05401
179.84325
177.96522
176.23884
174.53909
172.75224
170.71617
168.14884
164.61141
159.55561
152.4301
142.71465
129.84922
113.12135
91.961344
67.590635
44.20863
26.590649
16.371603
11.67137
9.5221456
8.252147
7.2958116
6.497475
5.8107151
5.2127104
4.6876046
4.2223477
3.8080057
3.438967
3.1095717
2.8119699
2.5390113
2.2910396
2.0659179
1.8625814
1.678188
1.5103437
1.3574069
1.217977
1.0910196
0.97680357
0.87681863
0.79235728
0.72302464
0.66730742
0.62341585
0.58954459
0.56384543
0.54453242
0.53009964
0.51932884
0.51127712
0.50524945
0.5007194
0.49727198
0.49460296
0.49249902
0.49080251
0.48939645
0.4881948
0.48713553
0.48617404
0.48527952
0.48443132
0.48361706
0.48283097
0.48207317
0.48134933
0.48067044
0.48005373
0.47952325
0.4791125
0.47886639
0.47884582
0.47913318
0.4798439
0.48114095
0.4832692
0.48661333
0.49184157
0.50026754
0.51530559
850.08614
848.92369
846.99109
844.2602
840.7024
836.2846
830.96604
824.70519
817.45502
809.16389
799.77118
789.20787
777.39057
764.21482
749.54799
733.21368
714.98197
694.54527
671.50511
645.36702
615.55877
581.47206
542.87587
500.14987
454.38283
407.63963
362.60444
321.87514
287.20772
258.98222
236.89602
220.28665
208.117
199.38558
193.14226
188.67307
185.46013
183.01992
181.00905
179.2003
177.46107
175.70963
173.86996
171.81383
169.27879
165.81669
160.85855
153.83283
144.20735
131.42757
114.76853
93.554571
68.886242
45.050715
27.02758
16.56269
11.756846
9.5699772
8.2846881
7.3196268
6.5151288
5.8238145
5.2224224
4.6947529
4.2275185
3.8116125
3.4413549
3.1110299
2.8127087
2.5391609
2.2909486
2.0656315
1.86199
1.6773856
1.5093931
1.3563615
1.2168769
1.0898997
0.97569928
0.87577372
0.79141401
0.72220798
0.66662421
0.62286378
0.58911499
0.56352441
0.54430279
0.52994502
0.51923512
0.51123301
0.50524592
0.50074955
0.49733036
0.49468567
0.49260358
0.49092734
0.48954077
0.48835839
0.48731869
0.48637751
0.48550439
0.48467902
0.48388935
0.48312988
0.48240103
0.48170878
0.48106443
0.48048558
0.47999672
0.47963188
0.47943661
0.47947265
0.47982344
0.48060588
0.4819849
0.48420831
0.48766533
0.49303245
0.50163989
0.51694828
845.5981
844.46745
842.6017
839.96715
836.53065
832.25521
827.09623
820.99931
813.90341
805.73507
796.40488
785.79998
773.77627
760.15014
744.681
727.05847
706.87171
683.59461
656.58939
625.3448
589.46394
548.93445
504.40358
457.37014
410.12284
365.29249
325.1755
291.16292
263.4665
241.53528
224.74497
212.31587
203.14344
196.44133
191.69416
188.33799
185.85073
183.83562
182.03247
180.2953
178.55098
176.75919
174.87442
172.79737
170.29435
166.91958
162.06599
155.13477
145.59962
132.90533
116.31588
95.059798
70.114045
45.84865
27.440703
16.742926
11.837169
9.6147012
8.3150065
7.3417423
6.531452
5.8358828
5.2313416
4.70128
4.2322055
3.8148455
3.4434538
3.1122698
2.8132781
2.5391795
2.2908571
2.0652599
1.861337
1.6765402
1.5084136
1.355298
1.2157668
1.0887757
0.97459515
0.87473181
0.79047538
0.72139646
0.66594587
0.62231597
0.58868877
0.56320588
0.54407489
0.52979142
0.51914187
0.51118898
0.50524219
0.50077932
0.49738823
0.4947678
0.49270752
0.49105154
0.48968448
0.48852141
0.48750132
0.4865805
0.48572883
0.48492637
0.48416135
0.4834286
0.4827288
0.48206825
0.48145856
0.48091772
0.48047066
0.48015194
0.48000778
0.48010072
0.48051533
0.48136995
0.48283148
0.48515076
0.4887216
0.49422885
0.50301959
0.51860143
845.4598
843.97594
841.78666
838.8539
835.12841
830.55273
825.05491
818.54146
810.89532
801.96894
791.57245
779.4623
765.3344
748.81358
729.45559
706.76052
680.20097
649.30136
613.77098
573.69815
529.73827
483.25968
436.28868
391.14411
349.90288
313.97569
283.93062
259.33379
239.64194
224.48176
213.03589
204.35584
197.95842
193.46628
190.33312
188.0385
186.19445
184.5441
182.92622
181.26411
179.52853
177.70945
175.78716
173.68936
171.2114
167.9231
163.18525
156.35225
146.89962
134.28839
117.76873
96.480549
71.276202
46.603545
27.830647
16.912686
11.912591
9.6565132
8.3432609
7.3622712
6.5465566
5.8470247
5.2395402
4.7072475
4.2364592
3.8177447
3.4452997
3.1133196
2.8136988
2.5391109
2.2907458
2.0648169
1.8606337
1.6756612
1.5074129
1.3542227
1.2146517
1.0876519
0.97349453
0.87369557
0.78954332
0.72059151
0.66527344
0.62177316
0.58826644
0.56289022
0.54384898
0.52963904
0.51904921
0.51114515
0.50523836
0.5008088
0.49744566
0.49484941
0.49281088
0.49117519
0.48982764
0.48868391
0.48768348
0.48678307
0.48595292
0.48517344
0.48443315
0.48372719
0.48305654
0.48242779
0.4818529
0.48135022
0.48094513
0.48067274
0.48057992
0.48073008
0.48120887
0.48213611
0.48368074
0.48609659
0.48978217
0.49543082
0.50440668
0.52026514
855.1566
852.78602
849.65514
845.68503
840.77905
834.81196
827.61836
818.99434
808.68839
796.39462
781.75311
764.34667
743.72165
719.41151
690.99703
658.18473
620.91536
579.54792
535.14064
489.18945
443.49754
399.90999
360.01871
324.97247
295.18723
270.32889
249.74592
233.18379
220.37605
210.68375
203.35302
197.89439
194.02636
191.34645
189.42956
187.92032
186.57564
185.2192
183.75833
182.16491
180.44066
178.5982
176.63922
174.51554
172.05133
168.83744
164.22122
157.4959
148.11508
135.58378
119.13295
97.821011
72.374968
47.316742
28.198171
17.072383
11.983377
9.6956095
8.3696073
7.3813454
6.5605481
5.8573226
5.2470896
4.7127125
4.2403255
3.8203495
3.4469281
3.1142038
2.8139915
2.5390397
2.2905543
2.0643153
1.8598911
1.6747574
1.5063983
1.3531413
1.2135364
1.0865319
0.97240055
0.87266745
0.78861972
0.71979446
0.66460789
0.62123602
0.58784849
0.56257773
0.54362526
0.52948796
0.5189573
0.51110161
0.50523452
0.50083805
0.49750272
0.49493058
0.49291375
0.49129835
0.48997033
0.48884596
0.48786522
0.48698527
0.48617671
0.48542027
0.48470479
0.4840257
0.48338429
0.48278745
0.48224748
0.4817831
0.48142015
0.48119431
0.48115309
0.48136077
0.48190411
0.48290443
0.48453269
0.48704583
0.4908471
0.49663841
0.50580124
0.52193952
871.66404
868.082
863.43868
857.57227
850.28211
841.32881
830.43355
817.28289
801.52863
782.78711
760.66711
734.81621
704.95909
670.97977
633.01303
591.53673
547.44264
502.02852
456.88939
413.66716
373.79357
338.26674
307.56293
281.59444
259.6952
241.68134
227.41944
216.32932
207.8941
201.65052
197.13957
193.94473
191.73826
190.22385
189.09899
188.12818
187.12832
185.96903
184.6099
183.05547
181.32681
179.45202
177.44982
175.29215
172.82951
169.67649
165.17538
158.56449
149.26047
136.79836
120.41421
99.085095
73.41276
47.989741
28.544111
17.222475
12.049798
9.7321818
8.3941965
7.3990899
6.5735281
5.8668591
5.2540547
4.7177292
4.2438491
3.822701
3.4483685
3.1149442
2.8141769
2.5389697
2.2902957
2.0637677
1.8591192
1.6738372
1.5053764
1.3520595
1.2124256
1.0854194
0.97131618
0.8716497
0.78770626
0.71900658
0.66395009
0.62070513
0.58743533
0.56226871
0.54340389
0.52933836
0.51886628
0.51105847
0.50523077
0.50086715
0.49755949
0.49501137
0.4930162
0.49142108
0.4901126
0.48900763
0.48804662
0.48718717
0.48640025
0.48566691
0.48497631
0.48432419
0.48371211
0.48314728
0.48264234
0.48221642
0.48189579
0.48171669
0.4817273
0.48199281
0.48260106
0.4836749
0.48538737
0.48799852
0.4919164
0.49785166
0.50720332
0.52362465
884.67172
879.33107
872.4831
863.91443
853.38019
840.60596
825.29715
807.13491
785.80844
761.02925
732.56275
700.28601
664.24514
624.72927
582.3431
538.04109
493.08078
448.90974
406.96589
368.46707
334.23336
304.63486
279.18768
257.7296
240.29541
226.43859
215.6502
207.45106
201.4003
197.08786
194.1259
192.16849
190.88881
190.02554
189.3716
188.72279
187.90683
186.84325
185.5233
183.96933
182.21238
180.2894
178.23227
176.03015
173.55699
170.45061
166.05509
159.56246
150.34013
137.93721
121.61753
100.27655
74.392201
48.624128
28.869443
17.363459
12.11213
9.7664214
8.4171671
7.415626
6.5856005
5.8757114
5.2604991
4.7223486
4.2470755
3.824835
3.4496452
3.115564
2.8142733
2.5389024
2.289984
2.0631857
1.8583276
1.6729082
1.5043536
1.3509824
1.2113234
1.0843179
0.97024414
0.87064445
0.78680452
0.71822898
0.66330087
0.62018106
0.5870274
0.56196344
0.54318507
0.52919042
0.51877626
0.5110158
0.50522717
0.50089616
0.49761602
0.49509183
0.49311828
0.49154344
0.4902545
0.48916895
0.48822771
0.48738882
0.48662359
0.48591342
0.48524777
0.48462268
0.48404002
0.48350731
0.48303753
0.48265019
0.48237205
0.4822399
0.4823026
0.48262622
0.48329976
0.48444759
0.48624482
0.48895468
0.49299013
0.49907062
0.508613
0.52532065
893.16218
885.91948
876.89738
865.87724
852.62336
836.88308
818.38805
796.87267
772.09352
743.85887
712.05667
676.71691
638.07571
596.61026
553.10982
508.65314
464.5338
422.11033
382.62114
347.01093
315.82154
288.69125
265.5871
246.66894
231.51405
219.63021
210.54217
203.79712
198.96128
195.62188
193.4203
192.03156
191.18779
190.63773
190.17729
189.63623
188.87997
187.83199
186.49804
184.91087
183.1039
181.11775
178.99405
176.73717
174.24208
171.16865
166.86716
160.49348
151.35557
139.00617
122.74801
101.39929
75.316024
49.221813
29.175202
17.495874
12.170656
9.7985155
8.4386524
7.4310679
6.5968634
5.8839527
5.266481
4.7266223
4.2500492
3.8267828
3.4507833
3.1160855
2.8142994
2.5388388
2.2896326
2.0625802
1.8575249
1.6719776
1.5033359
1.3499148
1.2102336
1.0832305
0.96918704
0.86965373
0.78591602
0.71746279
0.662661
0.61966434
0.58662505
0.56166215
0.54296895
0.52904426
0.5186873
0.51097369
0.50522378
0.50092514
0.49767237
0.49517204
0.49322006
0.49166547
0.49039609
0.48932998
0.48840855
0.48759026
0.48684678
0.48615984
0.48551921
0.48492123
0.48436808
0.48386758
0.48343307
0.48308447
0.48284898
0.48276399
0.48287901
0.48326106
0.48400023
0.48522248
0.48710505
0.48991434
0.49406832
0.50029531
0.51003033
0.52702761
904.31653
895.20651
884.20751
871.10943
855.68656
837.70253
816.91788
793.09147
766.0139
735.53742
701.62144
664.38009
624.14546
581.52544
537.41043
492.94655
449.45056
408.21718
370.3505
336.5976
306.77725
281.00325
259.59062
242.18384
228.3193
217.5259
209.34072
203.344
199.12429
196.28747
194.44163
193.26144
192.4633
191.86513
191.33804
190.75046
189.96406
188.88845
187.50957
185.86603
183.99276
181.93315
179.73532
177.41634
174.8894
171.83741
167.61823
161.35846
152.30736
140.0127
123.81057
102.45726
76.187214
49.784671
29.462555
17.620258
12.225656
9.8286469
8.4587931
7.445525
6.6074034
5.891651
5.2720608
4.7306013
4.2528065
3.8285708
3.4518082
3.1165295
2.8142886
2.5387648
2.289254
2.0619618
1.8567198
1.6710523
1.5023286
1.3488613
1.2091601
1.0821603
0.96814723
0.86867941
0.78504214
0.71670897
0.66203116
0.61915544
0.58622857
0.56136503
0.54275568
0.52889998
0.51859949
0.51093222
0.50522065
0.50095414
0.49772858
0.49525201
0.49332157
0.49178722
0.49053741
0.48949076
0.48858917
0.48779152
0.48706985
0.48640619
0.48579065
0.48521987
0.4846963
0.48422812
0.48382901
0.48351927
0.48332661
0.48328896
0.48345657
0.48389732
0.48470251
0.48599962
0.48796809
0.49087754
0.495151
0.5015258
0.51145539
0.52874564
923.56921
912.35359
899.18869
883.85148
866.10695
845.71053
822.41849
796.00221
766.28089
733.14995
696.63684
656.96569
614.61282
570.34418
525.21222
480.47191
437.44523
397.35609
361.09259
328.59367
300.10751
276.08737
256.25232
240.17707
227.4153
217.52263
210.10011
204.70469
200.89587
198.26419
196.45775
195.17641
194.21639
193.43698
192.73541
192.00616
191.11692
189.96711
188.52562
186.81385
184.86582
182.72746
180.45213
178.06695
175.50161
172.4617
168.31426
162.16275
153.19941
140.95963
124.80973
103.45441
77.00876
50.314817
29.732671
17.737186
12.277417
9.8569944
8.4777199
7.459101
6.6173006
5.8988763
5.2772963
4.7343298
4.2553783
3.8302276
3.4527433
3.1169153
2.814279
2.5386606
2.2888597
2.0613402
1.8559199
1.6701387
1.5013372
1.3478261
1.2081063
1.0811101
0.96712695
0.86772321
0.78418411
0.71596841
0.66141199
0.61865478
0.58583826
0.5610723
0.5425454
0.52875768
0.5185129
0.51089144
0.50521782
0.5009832
0.4977847
0.4953318
0.49342286
0.49190874
0.49067849
0.48965133
0.48876962
0.48799266
0.48729283
0.48665253
0.48606214
0.48551862
0.48502473
0.48458897
0.48422536
0.48395463
0.48380495
0.48381485
0.48403527
0.48453503
0.48540659
0.48677903
0.48883395
0.49184429
0.4962382
0.50276212
0.51288822
0.53047485
952.69094
938.78094
922.80309
904.50986
883.64139
859.93893
833.15562
803.08095
769.58108
732.64403
692.44679
649.40092
604.21061
557.86518
511.5894
466.73166
424.55327
386.00162
351.08513
320.16186
293.78326
271.70354
253.52895
238.84583
227.24252
218.30396
211.61122
206.71685
203.18879
200.64458
198.77099
197.32542
196.15262
195.14493
194.22589
193.31191
192.28392
191.03547
189.519
187.7339
185.70946
183.49221
181.13945
178.68723
176.08016
173.04503
168.96032
162.91112
154.03577
141.85017
125.74971
104.39461
77.783855
50.814424
29.986744
17.847244
12.326215
9.8837283
8.4955609
7.4718959
6.6266368
5.9056972
5.2822391
4.7378435
4.2577972
3.8317807
3.4536109
3.117261
2.8142717
2.5385384
2.2884611
2.0607247
1.8551326
1.6692425
1.5003663
1.3468131
1.2070752
1.0800827
0.96612819
0.86678672
0.78334315
0.71524197
0.66080407
0.61816276
0.58545438
0.56078411
0.54233822
0.52861742
0.51842761
0.51085138
0.50521535
0.50101236
0.49784076
0.49541145
0.49352396
0.49203006
0.49081938
0.48981173
0.48894992
0.48819369
0.48751578
0.48689888
0.48633371
0.48581752
0.48535339
0.48495014
0.48462215
0.48439056
0.48428404
0.48434167
0.48461516
0.48517422
0.48611252
0.48756072
0.48970267
0.49281462
0.49732994
0.50400433
0.5143289
0.53221535
990.95671
973.53591
953.81744
931.52691
906.38794
878.13596
846.55294
811.49007
772.92468
731.01674
686.18542
639.13021
590.83215
542.52322
495.55102
451.2011
410.39115
373.18428
340.06037
311.58003
287.48066
267.38929
250.90899
237.65423
227.24065
219.2712
213.29602
208.86363
205.56458
203.05873
201.08486
199.46065
198.07013
196.8348
195.69882
194.59552
193.41936
192.06375
190.46699
188.61032
186.51288
184.22034
181.79321
179.27567
176.6257
173.59026
169.56056
163.60764
154.82038
142.68864
126.63414
105.2817
78.515663
51.285694
30.226058
17.950997
12.372323
9.9090142
8.5124388
7.4840071
6.6354921
5.9121727
5.2869327
4.7411802
4.260095
3.8332558
3.4544322
3.1175837
2.8142671
2.5384113
2.2880681
2.0601237
1.8543648
1.6683695
1.4994205
1.3458261
1.2060701
1.0790805
0.96515294
0.8658715
0.78252036
0.7145304
0.66020794
0.61767975
0.58507716
0.56050063
0.54213424
0.52847928
0.51834367
0.51081208
0.50521327
0.50104167
0.4978968
0.49549099
0.4936249
0.4921512
0.49096011
0.48997198
0.48913012
0.48839465
0.4877387
0.48714526
0.48660537
0.48611659
0.48568231
0.48531166
0.4850194
0.48482709
0.48476388
0.48486945
0.48519624
0.4858149
0.48682029
0.48834471
0.49057426
0.49378856
0.49842626
0.50525244
0.51577749
0.53396721
1035.9143
1014.01
989.45598
961.96292
931.25984
897.12493
859.41893
818.13786
773.47341
725.8772
676.08413
625.10869
574.20563
524.74014
478.01414
434.6976
395.09651
359.90106
329.4449
303.45922
281.56757
263.38413
248.55014
236.71436
227.4807
220.43668
215.10579
211.05112
207.90633
205.38747
203.28918
201.47986
199.87828
198.43007
197.09353
195.81255
194.49352
193.03304
191.35774
189.43346
187.26909
184.90723
182.41082
179.83104
177.13884
174.09988
170.11882
164.25618
155.5568
143.47845
127.46694
106.11959
79.207316
51.730825
30.451869
18.049033
12.416018
9.9330132
8.5284745
7.4955296
6.6439354
5.9183526
5.2914189
4.7443762
4.2623015
3.8346768
3.4552262
3.1178998
2.8142659
2.5382906
2.2876906
2.0595455
1.8536232
1.6675249
1.4985039
1.3448685
1.2050937
1.0781057
0.96420296
0.86497891
0.78171674
0.71383443
0.65962409
0.61720608
0.58470681
0.56022197
0.54193355
0.52834331
0.51826114
0.51077357
0.50521162
0.50107115
0.49795285
0.49557043
0.49372572
0.49227221
0.4911007
0.49013212
0.48931024
0.48859558
0.48796163
0.4873917
0.48687716
0.48641586
0.48601149
0.48567355
0.48541714
0.48526423
0.48524449
0.4853982
0.48577853
0.48645707
0.48752993
0.48913103
0.49144874
0.49476613
0.49952719
0.50650652
0.51723406
0.53573057
1085.1995
1057.7063
1027.1026
993.12597
955.5687
914.31917
869.41054
821.08569
769.84047
716.50268
662.13883
608.05477
555.63638
506.14263
459.94851
417.71947
380.36412
347.90458
320.03084
296.3437
276.46209
260.05109
246.79528
236.31346
228.18102
221.93158
217.09806
213.28994
210.20262
207.61139
205.36115
203.36017
201.5544
199.90825
198.38895
196.9454
195.49447
193.93517
192.18569
190.19905
187.97474
185.55056
182.99061
180.35333
177.62058
174.57613
170.63853
164.86059
156.24671
144.22194
128.25405
106.91208
79.86211
52.152134
30.665424
18.141924
12.457561
9.9558855
8.543782
7.5065471
6.6520273
5.9242891
5.295741
4.747466
4.264445
3.8360667
3.4560116
3.1182238
2.8142688
2.5381873
2.2873375
2.0589974
1.8529137
1.6667135
1.4976207
1.3439435
1.2041485
1.0771605
0.96328004
0.86411023
0.78093321
0.71315472
0.65905295
0.61674201
0.5843435
0.55994825
0.54173621
0.52820959
0.51818003
0.5107359
0.50521042
0.50110082
0.49800894
0.49564978
0.49382644
0.4923931
0.49124118
0.49029218
0.4894903
0.48879649
0.48818458
0.48763823
0.48714909
0.48671534
0.48634098
0.48603582
0.48581537
0.48570201
0.48572589
0.48592793
0.48636204
0.48710077
0.48824144
0.48991966
0.49232613
0.49574735
0.50063275
0.5077666
0.51869865
0.53750553
1136.1575
1101.9765
1064.1678
1022.5492
977.04822
927.76163
875.00801
819.35107
761.71973
703.24348
645.30124
589.29009
536.41439
487.12024
442.17904
402.40587
367.73377
337.81645
312.21805
290.54142
272.47639
257.74027
245.96696
236.70506
229.49014
223.82693
219.30301
215.59691
212.468
209.74547
207.31548
205.1148
203.10934
201.27516
199.58551
197.99359
196.42104
194.76933
192.95059
190.90698
188.62966
186.15004
183.53292
180.843
178.07206
175.02127
171.12292
165.42469
156.89383
144.92283
128.99894
107.66289
80.48318
52.551798
30.868008
18.230251
12.49721
9.9777773
8.5584598
7.517133
6.6598282
5.9300317
5.2999394
4.7504824
4.2665516
3.8374462
3.4568054
3.1185701
2.8142765
2.5381113
2.2870173
2.0584864
1.8522423
1.6659402
1.4967745
1.3430542
1.2032371
1.0762467
0.9623858
0.86326663
0.78017067
0.71249185
0.65849491
0.61628782
0.58398739
0.55967958
0.54154229
0.52807819
0.51810035
0.51069909
0.5052097
0.50113071
0.49806508
0.4957291
0.49392708
0.4925139
0.49138158
0.49045217
0.48967032
0.4889974
0.48840759
0.48788486
0.48742119
0.48701505
0.48667077
0.4863985
0.48621411
0.48614042
0.48620809
0.48645866
0.48694679
0.48774599
0.48895485
0.49071065
0.49320644
0.49673224
0.50174298
0.50903272
0.52017136
0.53929222
1186.4123
1144.4916
1098.4394
1048.235
994.03255
936.23328
875.51539
812.90041
749.64019
687.1887
627.03116
569.96358
516.88694
468.96918
426.54705
389.46585
357.32399
329.65141
306.03588
286.18775
269.86397
256.70809
246.24392
237.98749
231.41719
226.10106
221.70165
217.96583
214.71021
211.80762
209.17281
206.76327
204.5595
202.54527
200.69549
198.96497
197.27865
195.54007
193.65611
191.56033
189.2357
186.70705
184.03892
181.30116
178.49495
175.43743
171.57497
165.9521
157.50165
145.58461
129.70502
108.37575
81.073766
52.932068
31.060811
18.314566
12.535211
9.9988169
8.5726035
7.5273648
6.6673979
5.9356273
5.3040513
4.7534556
4.268646
3.8388356
3.4576238
3.1189516
2.8143138
2.5380505
2.2867386
2.0580189
1.8516141
1.665209
1.495969
1.3422033
1.2023616
1.0753664
0.96152174
0.86244919
0.77942989
0.71184636
0.65795035
0.61584374
0.58363863
0.55941603
0.54135184
0.52794912
0.51802213
0.51066315
0.50520947
0.50116083
0.4981213
0.49580842
0.49402767
0.49263463
0.49152192
0.49061211
0.48985033
0.48919834
0.48863067
0.48813162
0.48769346
0.48731501
0.48700089
0.48676159
0.48661337
0.48657948
0.4866911
0.4869904
0.48753278
0.48839274
0.48967015
0.49150398
0.49408969
0.4977208
0.50285789
0.51030491
0.52165224
0.54109073
1234.2962
1183.6667
1128.4903
1069.0144
1005.7258
939.39122
871.14098
802.37298
734.64431
669.48546
607.78936
550.61496
499.12347
453.57134
413.71693
379.08561
349.11671
323.36522
301.56456
283.5072
268.83773
257.06192
247.65784
240.07684
233.86801
228.6795
224.24652
220.37543
216.92768
213.80406
210.94448
208.32274
205.92482
203.73619
201.73287
199.87052
198.07638
196.25453
194.30821
192.16393
189.79637
187.2239
184.51011
181.72935
178.89093
175.82674
171.9975
166.446
158.07349
146.21032
130.37551
109.05417
81.636904
53.295079
31.245051
18.395376
12.571797
10.019131
8.5863066
7.537317
6.6747926
5.9411214
5.3081132
4.7564145
4.2707511
3.8402531
3.4584818
3.1193804
2.8144031
2.5379933
2.2865088
2.0576011
1.8510342
1.6645242
1.4952073
1.3413935
1.2015243
1.0745211
0.96068922
0.86165892
0.77871162
0.71121877
0.6574196
0.61540996
0.58329734
0.55915767
0.54116493
0.5278224
0.51794539
0.51062811
0.50520977
0.50119122
0.49817761
0.49588773
0.49412823
0.49275531
0.49166221
0.49077203
0.49003034
0.48939931
0.48885383
0.48837851
0.48796593
0.48761522
0.48733134
0.48712511
0.48701317
0.4870192
0.48717493
0.48752315
0.48812003
0.48904104
0.49038737
0.49229969
0.49497589
0.49871307
0.50397751
0.51158323
0.52314136
0.54290121
1279.1384
1218.8875
1153.8919
1084.7078
1012.2597
937.76934
862.78855
789.04182
717.925
650.71405
588.88882
533.33825
484.19112
441.17282
403.70675
371.15431
343.01799
319.04063
299.04864
282.68845
269.45299
258.7624
250.03708
242.81061
236.71636
231.47624
226.88573
222.79942
219.10863
215.73843
212.64524
209.8105
207.22112
204.86262
202.71063
200.72136
198.82325
196.92042
194.91344
192.7233
190.31561
187.70347
184.94876
182.12934
179.26174
176.19128
172.39299
166.90942
158.61246
146.80307
131.01353
109.70168
82.175599
53.642997
31.421914
18.473227
12.60719
10.038851
8.5996594
7.5470569
6.6820651
5.946555
5.3121577
4.7593852
4.2728885
3.8417167
3.4593937
3.1198681
2.8145535
2.5379392
2.2863355
2.0572386
1.8505071
1.6638896
1.4944926
1.3406275
1.2007272
1.0737125
0.95988945
0.86089675
0.77801654
0.71060952
0.65690291
0.61498665
0.58296361
0.55890456
0.54098162
0.52769802
0.51787015
0.51059396
0.50521059
0.50122186
0.49823404
0.49596708
0.49422876
0.49287596
0.49180247
0.49093194
0.49021038
0.48960034
0.48907709
0.48862554
0.48823861
0.48791571
0.48766214
0.48748906
0.48741351
0.4874596
0.48765959
0.48805692
0.48870853
0.48969089
0.4911065
0.49309778
0.49586505
0.49970906
0.50510187
0.5128677
0.52463877
0.54472373
1321.5377
1250.7311
1175.2623
1096.1199
1014.6774
932.67253
851.9461
774.05627
700.59227
633.18612
572.72894
519.33292
472.61242
431.89029
396.41126
365.58058
339.13901
316.94783
298.66759
283.77542
271.6137
261.57529
253.17505
246.03064
239.84987
234.41666
229.57622
225.21476
221.24737
217.61676
214.28677
211.23977
208.46154
205.93639
203.63923
201.52636
199.52694
197.54476
195.47795
193.24345
190.79737
188.14882
185.35714
182.50307
179.60921
176.533
172.76392
167.34528
159.12153
147.36579
131.62218
110.32151
82.692893
53.977894
31.592512
18.548599
12.641619
10.058096
8.6127447
7.556648
6.6892651
5.951968
5.316216
4.7623934
4.2750786
3.843242
3.460372
3.1204252
2.814774
2.5378878
2.2862252
2.0569368
1.8500374
1.6633086
1.4938279
1.3399073
1.199972
1.072942
0.9591236
0.86016359
0.77734523
0.71001903
0.6564006
0.61457398
0.58263753
0.55865672
0.54080194
0.52757601
0.5177964
0.51056074
0.50521196
0.50125279
0.49829058
0.49604646
0.4943293
0.49299659
0.49194272
0.49109185
0.49039044
0.48980145
0.48930046
0.48887274
0.48851149
0.48821648
0.48799329
0.48785346
0.4878144
0.48790067
0.48814509
0.48859172
0.48929829
0.4903423
0.49182755
0.49389825
0.49675718
0.50070879
0.506231
0.51415837
0.52614456
0.54655847
1363.315
1281.0518
1194.5132
1105.2347
1015.1036
926.01105
839.97983
759.17117
685.18647
618.8711
560.34885
509.21562
464.66941
425.78372
391.85449
362.57498
337.82018
317.32528
300.50546
286.62586
275.05192
265.27469
256.89576
249.60641
243.17974
237.44411
232.28429
227.60873
223.34683
219.44594
215.87748
212.61992
209.65564
206.96641
204.52651
202.29234
200.19358
198.13308
196.00652
193.72791
191.24543
188.56304
185.73773
182.85259
179.93511
176.85387
173.11256
167.75609
159.60352
147.90116
132.2044
110.91685
83.191636
54.301765
31.757961
18.622003
12.675286
10.076982
8.6256414
7.5661503
6.6964394
5.9573965
5.3203183
4.7654622
4.2773404
3.8448445
3.4614296
3.1210618
2.8150729
2.5379095
2.2861209
2.0567006
1.8496291
1.6627845
1.4932158
1.3392354
1.1992607
1.0722111
0.9583928
0.85946031
0.7766982
0.70944766
0.65591286
0.61417207
0.58231917
0.55841422
0.54062588
0.52745637
0.51772416
0.51052842
0.50521386
0.501284
0.49834726
0.49612589
0.49442983
0.49311722
0.49208297
0.49125178
0.49057055
0.49000263
0.48952395
0.48912011
0.48878461
0.48851754
0.48832481
0.48821831
0.48821583
0.48834242
0.48863142
0.48912754
0.48988932
0.49099527
0.49255054
0.4947011
0.49765229
0.50171227
0.50736491
0.51545529
0.52765876
0.5484055
1407.7581
1312.9918
1214.71
1114.9344
1015.9629
920.3064
830.34208
747.99028
674.23474
609.29372
552.70817
503.50123
460.56285
422.96892
390.31898
362.56027
339.45885
320.317
304.37357
290.95844
279.52987
269.67034
261.05508
253.43878
246.63823
240.52041
234.99121
229.97587
225.4029
221.22995
217.42405
213.95811
210.81002
207.9589
205.37811
203.02433
200.82771
198.68972
196.50337
194.17963
191.66327
188.94887
186.09288
183.1798
180.24119
177.15566
173.44094
168.14436
160.06109
148.41194
132.76295
111.4907
83.674539
54.616522
31.919308
18.693876
12.7084
10.09562
8.6384256
7.5756199
6.7036314
5.9628762
5.324491
4.7686138
4.2796913
3.846539
3.4625778
3.121787
2.8154575
2.5380144
2.2860195
2.0565344
1.8492861
1.6623205
1.4926589
1.3386135
1.1985949
1.071521
0.95769796
0.85878767
0.77607594
0.70889576
0.65543988
0.61378103
0.58200855
0.55817715
0.54045341
0.52733909
0.5176534
0.51049703
0.5052163
0.5013155
0.49840406
0.49620538
0.4945304
0.49323785
0.49222322
0.49141174
0.49075072
0.4902039
0.48974757
0.48936765
0.48905795
0.48881888
0.48865669
0.4885836
0.48861783
0.48878485
0.48911859
0.4896644
0.49048162
0.4916498
0.49327546
0.49550636
0.49855039
0.50271951
0.50850364
0.51675848
0.52918147
0.550265
1460.4319
1351.9373
1240.8355
1129.7528
1021.8188
920.08688
826.76676
743.19401
669.75204
605.95433
550.73138
502.71825
460.69147
424.04143
392.63442
366.2357
344.18367
325.66842
309.97377
296.51392
284.84309
274.60927
265.54534
257.45296
250.18288
243.62312
237.69008
232.30782
227.41891
222.97386
218.93198
215.2598
211.92994
208.91861
206.19819
203.72612
201.43264
199.21792
196.9718
194.60264
192.05239
189.30902
186.42483
183.4865
180.5291
177.44009
173.75104
168.51227
160.49663
148.90061
133.30049
112.0461
84.1442
54.92401
32.07759
18.764684
12.74114
10.114112
8.6511661
7.5851096
6.7108829
5.9684375
5.3287608
4.7718688
4.2821482
3.8483386
3.4638273
3.12261
2.8159354
2.5382073
2.2859815
2.0563874
1.8490118
1.6619193
1.4921596
1.3380438
1.197976
1.0708731
0.95704015
0.85814635
0.7754789
0.70836363
0.65498181
0.61340099
0.58170573
0.5579455
0.54028454
0.52722416
0.5175841
0.51046656
0.50521929
0.5013473
0.49846097
0.49628493
0.49463098
0.49335849
0.4923635
0.49157173
0.49093095
0.49040526
0.48997133
0.48961537
0.48933154
0.48912053
0.48898894
0.48894935
0.48902037
0.48922797
0.48960661
0.49020229
0.49107518
0.4923059
0.49400231
0.49631401
0.49945149
0.50373054
0.5096472
0.51806797
0.53071274
0.55213705
1530.0204
1406.3904
1281.2454
1158.3664
1041.2684
932.93274
835.47411
749.80292
675.63199
611.7742
556.63502
508.59309
466.56627
430.22581
399.41899
373.52152
351.66852
333.05362
317.02854
303.0842
290.83266
279.97429
270.28945
261.60496
253.79164
246.74061
240.36579
234.60638
229.3993
224.68283
220.40615
216.52898
213.01894
209.84888
206.98996
204.40041
202.01106
199.72015
197.41446
194.99975
192.41517
189.64482
186.73565
183.77447
180.80046
177.70874
174.04465
168.86188
160.91248
149.36949
133.81946
112.58574
84.603134
55.226066
32.233754
18.834833
12.773698
10.132556
8.6639316
7.5946701
6.7182326
5.9741138
5.3331516
4.7752469
4.284727
3.850256
3.4651889
3.1235387
2.8165129
2.5384939
2.2860312
2.0562417
1.8488102
1.6615833
1.4917201
1.3375279
1.1974055
1.0702683
0.95642014
0.85753698
0.77490747
0.70785149
0.65453877
0.61303197
0.58141072
0.55771929
0.54011927
0.52711156
0.5175163
0.51043703
0.50522283
0.5013794
0.49851803
0.49636456
0.49473161
0.49347916
0.49250381
0.49173177
0.49111125
0.49060674
0.49019523
0.48986329
0.48960535
0.48942247
0.48932156
0.48931556
0.48942349
0.48967178
0.49009547
0.49074122
0.49167003
0.49296356
0.4947311
0.49712407
0.5003556
0.50474536
0.51079562
0.51938383
0.53225263
0.55402179
1627.81
1488.5635
1349.1423
1213.8739
1086.6168
970.36319
866.72539
776.00792
697.40828
629.5859
571.17631
521.0584
478.08132
441.35241
410.29632
384.01271
361.56215
342.20102
325.33117
310.50712
297.38099
285.69197
275.24092
265.86594
257.43401
249.84838
243.02256
236.87947
231.34896
226.36025
221.85
217.76908
214.08006
210.75222
207.75563
205.04944
202.56489
200.19835
197.83351
195.37337
192.75465
189.95752
187.02532
184.04355
181.0548
177.96214
174.32334
169.19512
161.31071
149.82085
134.3224
113.11218
85.053759
55.524332
32.388754
18.904738
12.80624
10.151046
8.6767847
7.6043475
6.7257176
5.9799323
5.3376867
4.7787662
4.2874423
3.8523033
3.4666717
3.1245808
2.8171965
2.538879
2.2861729
2.0561759
1.8486106
1.6613142
1.4913418
1.3370668
1.1968847
1.0697077
0.95583873
0.85696006
0.77436153
0.70735924
0.65411058
0.61267381
0.58112344
0.55749845
0.53995756
0.52700127
0.51744996
0.51040842
0.50522691
0.50141179
0.49857524
0.49644426
0.49483227
0.49359986
0.49264415
0.49189187
0.49129162
0.49080832
0.49041927
0.49011139
0.48987942
0.48972472
0.48965456
0.48968222
0.48982715
0.49011627
0.49058516
0.49128117
0.49226614
0.49362279
0.49546182
0.49793653
0.50126272
0.50576399
0.51194892
0.52070607
0.53380122
0.55591935
1765.0776
1608.7925
1453.3683
1303.6735
1163.9249
1036.8657
923.54805
823.55525
735.99663
660.16377
595.54851
541.22824
495.76233
457.54156
425.18968
397.54415
373.70538
352.95907
334.75846
318.68675
304.42106
291.70624
280.34204
270.18011
261.0891
252.95244
245.66557
239.13521
233.27557
228.00982
223.26574
218.98226
215.11525
211.63057
208.49722
205.67482
203.09574
200.65417
198.23056
195.72549
193.07316
190.25028
187.29649
184.29603
181.29429
178.20065
174.58756
169.5137
161.69334
150.25672
134.81135
113.62806
85.498365
55.820436
32.543432
18.974776
12.83893
10.169666
8.6897822
7.614187
6.7333711
5.9859203
5.3423865
4.7824416
4.2903067
3.8544908
3.4682836
3.125743
2.8179912
2.5393666
2.286409
2.0561972
1.8484434
1.661086
1.4910269
1.3366625
1.1964139
1.0691916
0.95529609
0.85641559
0.77384198
0.70688734
0.65369764
0.61232675
0.58084407
0.5572828
0.53979931
0.5268932
0.51738505
0.51038071
0.50523151
0.50144448
0.4986326
0.49652405
0.49493298
0.49372059
0.49278453
0.49205201
0.49147208
0.49101001
0.49064347
0.49035969
0.49015373
0.49002727
0.48998792
0.49004934
0.49023139
0.49056145
0.4910757
0.49182216
0.49286352
0.49428358
0.49619449
0.49875141
0.50217287
0.50678645
0.51310713
0.52203475
0.53535857
0.55782984
1955.3119
1779.0308
1603.6638
1434.646
1276.2683
1130.9659
999.80785
883.65975
783.41499
698.91595
628.42227
569.74226
520.68909
479.37711
444.26348
414.13207
388.04119
365.26225
345.22861
327.52376
311.83232
297.90832
285.54045
274.54586
264.7659
256.0584
248.29928
241.37448
235.18357
229.63689
224.65519
220.16957
216.12589
212.48542
209.21576
206.27805
203.60486
201.08895
198.60714
196.05764
193.37247
190.52513
187.55131
184.53402
181.52093
178.42694
174.83752
169.81866
162.06207
150.67897
135.2885
114.13563
85.939053
56.115963
32.698637
19.045304
12.871925
10.1885
8.7029811
7.6242282
6.7412248
5.9921007
5.3472715
4.7862925
4.2933339
3.8568299
3.4700341
3.1270329
2.8189034
2.5399622
2.2867438
2.0563096
1.8483551
1.6608581
1.490777
1.3363166
1.1959953
1.0687215
0.95479335
0.85590472
0.77334932
0.70643589
0.65329999
0.61199077
0.58057261
0.55707249
0.53964461
0.52678743
0.5173216
0.5103539
0.50523664
0.50147746
0.49869012
0.49660392
0.49503374
0.49384136
0.49292495
0.49221222
0.49165263
0.49121182
0.49086781
0.49060818
0.49042828
0.49033013
0.49032166
0.49041691
0.49063617
0.4910073
0.49156708
0.49236418
0.49346216
0.49494594
0.49692909
0.49956871
0.50308604
0.50781273
0.51427026
0.52336989
0.53692474
0.55975341
2220.6811
2017.9598
1814.6578
1616.4507
1428.0325
1253.4953
1097.0863
961.70113
847.37038
752.09904
673.16128
607.64301
552.90739
506.80765
467.55464
433.78272
404.48145
378.90925
356.51336
336.84809
319.54498
304.29931
290.84961
278.97196
268.46936
259.17113
250.9253
243.59835
237.07284
231.24405
226.0221
221.33215
217.11254
213.31748
209.91263
206.86016
204.09356
201.50364
198.96436
196.37121
193.65409
190.7835
187.79147
184.75897
181.73604
178.64236
175.07606
170.10859
162.41848
151.0893
135.75575
114.63706
86.377893
56.412302
32.855182
19.116677
12.905364
10.207623
8.716431
7.6345091
6.7493067
5.9984991
5.3523597
4.7903317
4.2965367
3.8593309
3.4719316
3.1284568
2.8199383
2.54067
2.2871806
2.0565146
1.8483491
1.6606985
1.4905305
1.3360299
1.1956294
1.0682983
0.95433108
0.85542768
0.77288369
0.70600535
0.6529177
0.61166594
0.580309
0.55686746
0.53949341
0.52668389
0.51725958
0.51032797
0.50524228
0.50151071
0.49874779
0.49668387
0.49513454
0.49396217
0.49306542
0.49237249
0.49183326
0.49141375
0.49109232
0.49085687
0.49070307
0.49063328
0.49065576
0.49078493
0.49104151
0.49145384
0.49205928
0.49290722
0.49406206
0.49560985
0.49766563
0.50038841
0.50400225
0.50884286
0.51543835
0.52471154
0.53849982
0.56169019
2599.8563
2357.3469
2110.2242
1865.9906
1632.8874
1419.3645
1231.1985
1070.32
935.73727
824.52094
732.92228
657.11879
593.85833
540.51583
495.13976
456.26671
422.7685
393.77246
368.59703
346.68754
327.58053
310.8875
296.27585
283.4614
272.20322
262.29091
253.54502
245.80828
238.94289
232.83004
227.3676
222.47184
218.07593
214.12773
210.5887
207.42205
204.56257
201.89935
199.30328
196.66734
193.91923
191.02671
188.01814
184.97209
181.94064
178.84805
175.30467
170.38735
162.75945
151.48827
136.21526
115.1346
86.816864
56.710915
33.013761
19.18921
12.939388
10.227103
8.7301751
7.6450647
6.7576469
6.0051366
5.357668
4.7945742
4.2999257
3.8620023
3.473983
3.1300212
2.821101
2.5414938
2.2877225
2.0568142
1.8484285
1.660614
1.4903167
1.3357726
1.1953173
1.0679224
0.95390937
0.85498482
0.77244532
0.70559561
0.65255109
0.61135221
0.58005293
0.5566674
0.53934544
0.52658247
0.51719895
0.51030291
0.50524843
0.50154419
0.49880561
0.4967639
0.4952354
0.49408302
0.49320594
0.49253283
0.49201398
0.49161579
0.49131697
0.49110575
0.49097811
0.49093673
0.49099022
0.4911534
0.49144739
0.49190105
0.49255232
0.49345128
0.49466322
0.49627533
0.4984041
0.50121054
0.50492149
0.50987685
0.5166114
0.52605974
0.54008386
0.5636403
3168.6799
2861.5809
2544.3592
2230.2078
1932.6509
1662.6029
1426.5813
1226.5581
1060.5542
924.30894
812.68214
720.84838
644.72029
581.06096
527.40746
481.90644
443.13445
409.9747
381.5313
357.06051
335.94713
317.67716
301.81947
288.01649
275.96669
265.41879
256.15844
248.00261
240.7933
234.39463
228.69164
223.58975
219.01708
214.91648
211.24451
207.96473
205.01293
202.27681
199.62476
196.94696
194.16896
191.25591
188.23242
185.17441
182.13587
179.0449
175.52316
170.65554
163.08934
151.87397
136.66559
115.63017
87.257788
57.013023
33.175171
19.263215
12.974122
10.247007
8.7442615
7.6559287
6.7662684
6.0120318
5.363213
4.7990319
4.3035115
3.8648521
3.4761937
3.1317302
2.8223951
2.542437
2.288372
2.0572115
1.8485941
1.6606061
1.4901701
1.3355181
1.1950547
1.0675939
0.95352908
0.854576
0.77203437
0.70520671
0.65219963
0.61104963
0.57980449
0.55647256
0.53920087
0.52648314
0.51713961
0.51027868
0.50525507
0.50157793
0.49886357
0.49684402
0.49533631
0.49420392
0.4933465
0.49269323
0.49219479
0.49181795
0.49154177
0.49135481
0.49125338
0.49124047
0.49132505
0.49152231
0.49185383
0.49234893
0.49304618
0.49399635
0.49526564
0.49694235
0.49914451
0.50203508
0.50584378
0.51091472
0.51778945
0.52741453
0.54167692
0.5656039
4092.619
3672.9217
3236.6143
2805.7201
2400.19
2035.2382
1719.4958
1454.79
1237.7025
1061.6394
919.14489
803.32267
708.48307
630.26033
565.3341
511.16744
465.77984
427.59936
395.34499
367.97603
344.64687
324.66723
307.47978
292.63332
279.75748
268.55115
258.76328
250.18092
242.62329
235.937
229.99306
224.68672
219.93721
215.68423
211.8809
208.48891
205.44514
202.63685
199.92955
197.21092
194.40421
191.47224
188.43532
185.36685
182.32046
179.23202
175.7329
170.9151
163.41086
152.25158
137.10745
116.12175
87.702423
57.319966
33.340051
19.338976
13.009683
10.267398
8.7587235
7.6671143
6.7751815
6.0191927
5.3690001
4.8037133
4.3073006
3.8678866
3.478571
3.1335895
2.8238259
2.5435035
2.2891327
2.057709
1.8488473
1.6606773
1.4900927
1.3353226
1.1947904
1.067314
0.95319056
0.85420186
0.7716503
0.70483775
0.65186309
0.61075802
0.57956379
0.55628291
0.5390597
0.52638595
0.51708153
0.51025529
0.5052622
0.50161194
0.49892168
0.49692422
0.49543728
0.49432486
0.49348712
0.4928537
0.49237568
0.49202023
0.49176673
0.49160407
0.49152889
0.4915445
0.49166023
0.49189167
0.49226079
0.49279747
0.49354085
0.49454242
0.49586929
0.49761092
0.49988684
0.50286203
0.50676911
0.51195646
0.51897252
0.52877592
0.54327909
0.56758111
5840.6659
5192.578
4505.1159
3828.8791
3203.3839
2653.2766
2188.4157
1807.506
1501.6702
1258.5844
1065.8017
912.25631
789.26694
690.17408
609.87278
544.45964
490.87306
446.7044
410.06108
379.44313
353.67934
331.85396
313.25124
297.30532
283.57048
271.68603
261.35714
252.34068
244.43162
237.45626
231.27196
225.76205
220.83683
216.43194
212.49853
208.99492
205.86002
202.97997
200.21833
197.45968
194.62532
191.67541
188.62638
185.5489
182.49697
179.41177
175.93493
171.16724
163.7253
152.62299
137.54545
116.61239
88.149689
57.632952
33.509022
19.416772
13.046185
10.288309
8.7735541
7.678644
6.7844066
6.0266339
5.3750399
4.8086209
4.3112942
3.8711025
3.4811133
3.1355995
2.8253949
2.5446967
2.290007
2.0583088
1.8491888
1.660827
1.4900851
1.3351897
1.1945584
1.0670506
0.95289416
0.85386242
0.77129324
0.70448972
0.65154201
0.61047757
0.57933076
0.55609841
0.53892187
0.52629085
0.51702477
0.51023263
0.50526976
0.50164619
0.49897991
0.49700448
0.49553829
0.49444584
0.49362779
0.49301423
0.49255666
0.49222262
0.49199183
0.49185351
0.49180463
0.49184881
0.49199577
0.49226145
0.4926683
0.49324666
0.49403632
0.4950895
0.49647419
0.49828104
0.5006311
0.50369141
0.50769751
0.5130021
0.52016062
0.53014399
0.54489043
0.56957207
9998.1663
8691.7179
7269.9887
5922.3729
4747.0561
3772.7703
2992.1534
2381.1972
1909.4846
1547.6828
1270.2273
1056.6685
891.40691
762.72246
661.82548
582.09591
518.51838
467.33542
425.68806
391.45487
363.03318
339.22572
319.12153
302.02584
287.39897
274.8156
263.93522
254.47948
246.21596
238.95171
232.5273
226.81502
221.71652
217.16042
213.09722
209.48362
206.25792
203.30692
200.49158
197.69411
194.83326
191.86669
188.80684
185.72064
182.66423
179.58336
176.12997
171.41265
164.03388
152.98946
137.98137
117.10579
88.601869
57.951212
33.682587
19.496856
13.083678
10.309748
8.7888387
7.6905651
6.7939781
6.0343831
5.3813552
4.8137768
4.3155098
3.8745171
3.4838305
3.1377644
2.8271026
2.5460134
2.2909929
2.0590102
1.8496206
1.6610564
1.4901492
1.335119
1.1943806
1.06679
0.9526334
0.8535574
0.77096384
0.70416262
0.6512363
0.61020808
0.57910532
0.55591893
0.53878727
0.52619779
0.51696925
0.51021066
0.50527774
0.50168066
0.49903826
0.49708482
0.49563933
0.49456685
0.49376849
0.49317482
0.49273773
0.49242513
0.49221707
0.49210313
0.49208059
0.49215341
0.49233165
0.49263166
0.49307632
0.4936965
0.4945326
0.49563756
0.49708032
0.49895269
0.50137729
0.5045232
0.50862895
0.51405164
0.52135379
0.53151876
0.54651101
0.57157694
24285.923
19512.886
14778.61
10947.27
8067.9119
5964.7557
4442.6853
3343.7589
2549.3282
1973.2347
1553.6862
1246.1388
1018.945
849.52772
721.79968
624.27912
548.79078
489.48704
442.21085
403.98875
372.6887
346.76265
325.075
306.78023
291.23259
277.93402
266.49284
256.5942
247.97502
240.42113
233.75846
227.8461
222.57586
217.8703
213.67756
209.95498
206.63955
203.61822
200.74996
197.91438
195.02876
192.04692
188.97656
185.88348
182.82405
179.74859
176.31924
171.65277
164.33709
153.35218
138.41627
117.60394
89.062096
58.276716
33.860429
19.579095
13.122205
10.33184
8.8046131
7.7029067
6.8039182
6.0424585
5.3879609
4.8191905
4.3199571
3.8781385
3.4867307
3.1400935
2.8289579
2.547463
2.2920962
2.0598151
1.8501417
1.6613658
1.4902844
1.3351106
1.1942572
1.0665751
0.95236861
0.85328753
0.77066227
0.70385652
0.65094597
0.60994954
0.57888742
0.55574431
0.53865583
0.52610679
0.51691501
0.51018947
0.50528609
0.5017154
0.49909676
0.49716524
0.49574045
0.49468792
0.49390926
0.49333549
0.49291889
0.49262775
0.49244247
0.49235294
0.49235677
0.49245828
0.49266787
0.49300229
0.49348486
0.49414698
0.49502968
0.49618662
0.49768768
0.49962587
0.50212539
0.50535741
0.50956346
0.5151051
0.52255203
0.53290027
0.5481409
0.57359583
120462.53
70533.823
41073.222
24917.356
15786.757
10381.749
7043.2767
4910.2043
3509.807
2570.469
1929.3552
1485.4801
1173.6699
951.29082
790.09328
671.14083
581.70711
513.15069
459.59155
417.00607
382.60617
354.43274
331.08878
311.55077
295.05654
281.03098
269.0233
258.6787
249.70488
241.86325
234.9634
228.85357
223.41488
218.56204
214.24052
210.41045
207.00639
203.91556
200.99506
198.12214
195.21229
192.21629
189.1369
186.0387
182.97733
179.90694
176.50235
171.88731
164.63637
153.71191
138.8517
118.10852
89.532704
58.611595
34.044128
19.664039
13.161985
10.354641
8.8209227
7.7156993
6.8142523
6.0508788
5.3948736
4.8248762
4.3246476
3.8819768
3.4898224
3.1425939
2.8309677
2.5490514
2.2933234
2.060731
1.8507582
1.6617578
1.4904906
1.3351671
1.194191
1.0664092
0.95212635
0.85303056
0.77038943
0.70357216
0.65067149
0.60970202
0.57867717
0.55557496
0.53852781
0.52601791
0.5168621
0.51016911
0.50529496
0.50175043
0.49915542
0.49724576
0.49584163
0.49480905
0.49405009
0.49349623
0.49310013
0.49283048
0.492668
0.49260292
0.49263318
0.49276343
0.49300443
0.49337333
0.49389391
0.4945981
0.49552753
0.49673665
0.49829626
0.50030058
0.50287542
0.50619403
0.51050103
0.51616248
0.52375538
0.53428855
0.54978015
0.57562888
2785116.5
450839.91
138927.91
58987.451
29883.959
16908.182
10324.834
6674.6324
4514.0488
3169.0991
2298.3809
1717.7247
1321.8103
1046.9956
852.96774
713.37803
610.81128
533.73031
474.50451
428.05234
390.95244
360.85462
336.1096
315.53315
298.25686
283.6328
271.15988
260.45236
251.18692
243.10758
236.01107
229.73538
224.15411
219.17553
214.7427
210.81837
207.33672
204.18374
201.21589
198.30887
195.37668
192.36831
189.28235
186.18065
183.11996
180.05708
176.67736
172.11234
164.92366
154.0573
139.27303
118.60527
90.001768
58.948598
34.23041
19.750608
13.202582
10.377979
8.8376754
7.7288881
6.8249418
6.0596168
5.4020675
4.8308153
4.3295665
3.8860191
3.4930942
3.1452556
2.8331235
2.5507713
2.2946679
2.0617511
1.8514653
1.6622303
1.490769
1.3352856
1.1941793
1.0662907
0.95192228
0.85276752
0.77014274
0.70330683
0.65041025
0.60946387
0.57847327
0.55540956
0.53840205
0.52593027
0.51680985
0.51014914
0.50530407
0.50178557
0.49921418
0.4973264
0.49594296
0.49493037
0.49419115
0.49365722
0.49328168
0.49303355
0.49289392
0.49285332
0.49291006
0.4930691
0.49334159
0.49374506
0.49430375
0.49505012
0.49602646
0.49728794
0.49890635
0.50097712
0.50362766
0.50703338
0.511442
0.51722413
0.52496421
0.53568402
0.55142927
0.5776767
2805192
457877.48
142858.5
61659.459
31905.781
18454.884
11487.926
7526.2748
5119.3451
3586.5118
2578.3956
1901.6137
1441.4159
1125.2295
905.136
749.1163
635.99902
551.9617
488.00839
438.25651
398.79798
366.98104
340.96049
319.421
301.40605
286.20887
273.28369
262.2203
252.66595
244.34885
237.05434
230.61182
224.8875
219.78373
215.24104
211.22221
207.66262
204.44578
201.42845
198.48488
195.52768
192.5047
189.41237
186.30884
183.24925
180.19039
176.82253
172.28167
165.12576
154.29118
139.54283
118.88784
90.243199
59.116729
34.326913
19.802002
13.230685
10.395582
8.8508999
7.7396207
6.8338714
6.0670834
5.4083405
4.8360875
4.3340027
3.8897127
3.4961131
3.1477329
2.8351427
2.5523866
2.2959261
2.0626966
1.8520971
1.6626256
1.4909664
1.3353188
1.1940774
1.0660783
0.95162225
0.85240715
0.76980315
0.7029583
0.6500732
0.60915911
0.57821376
0.55519965
0.53824258
0.52581921
0.51674361
0.51012371
0.50531535
0.50182981
0.49928831
0.49742828
0.49607109
0.49508387
0.49436972
0.49386115
0.49351173
0.49329097
0.49318038
0.49317094
0.49326135
0.49345701
0.49376954
0.49421697
0.49482413
0.49562416
0.49666015
0.49798823
0.49968142
0.5018367
0.50458351
0.50809999
0.51263778
0.51857327
0.52650026
0.53745691
0.55352349
0.5802746
2824876.4
461194.4
143973.49
62213.161
32255.21
18711.675
11695.391
7703.0018
5273.5824
3721.5206
2694.9186
1999.4762
1520.8029
1187.4776
952.68454
784.91127
662.84732
572.18649
503.39466
450.11207
408.06236
374.32618
346.86983
324.23003
305.35861
289.51604
276.0801
264.58516
254.67034
246.05188
238.50388
231.84556
225.93486
220.66739
215.98087
211.83636
208.16892
204.85946
201.76419
198.75751
195.75225
192.69786
189.58887
186.47804
183.41195
180.34698
176.96756
172.40811
165.22898
154.37334
139.58946
118.83944
90.13356
59.032914
34.288982
19.801158
13.239993
10.40443
8.8585373
7.7462354
6.8396357
6.0720804
5.4126683
4.8398172
4.3372102
3.8924294
3.4983576
3.1495924
2.8366699
2.5536096
2.2968748
2.0634005
1.8525423
1.6628791
1.4910574
1.3352757
1.1939245
1.0658348
0.95130589
0.85204032
0.7694325
0.70261103
0.64974157
0.60886077
0.57796066
0.55499592
0.53808895
0.52571343
0.5166822
0.51010275
0.50533062
0.50187778
0.49936595
0.49753346
0.49620237
0.49524039
0.49455122
0.4940679
0.49374454
0.49355108
0.49346946
0.49349112
0.49361513
0.49384734
0.49419983
0.49469113
0.49534666
0.4962002
0.49729569
0.49869018
0.5004579
0.50269737
0.50554004
0.50916671
0.51383292
0.51992068
0.52803293
0.5392237
0.55560667
0.58285008
2845367
464571.33
145062.74
62722.69
32558.784
18926.729
11866.446
7849.0519
5402.4504
3835.8464
2794.9575
2084.8382
1591.4853
1244.3273
997.38265
819.5831
689.61585
592.90772
519.5556
462.84906
418.20547
382.50595
353.57601
329.81324
310.0656
293.48758
279.44212
267.44192
257.10769
248.14
240.29826
233.38883
227.25997
221.80026
216.94263
212.64816
208.84886
205.42188
202.22297
199.1287
196.05352
192.94897
189.81126
186.68639
183.60964
180.52975
177.12028
172.5071
165.25983
154.3337
139.45433
118.53255
89.694571
58.625812
34.03782
19.702824
13.214813
10.400136
8.8590024
7.7486663
6.8421769
6.0745572
5.4150122
4.8419714
4.3391627
3.8941476
3.4998094
3.1508185
2.8376933
2.5544352
2.2975099
2.0638606
1.8527991
1.6629879
1.4910412
1.3351553
1.1937192
1.0655583
0.95097152
0.85166424
0.76904197
0.70225241
0.64941374
0.60856824
0.57771405
0.55479832
0.53794089
0.52561263
0.51662538
0.51008584
0.5053496
0.50192916
0.49944676
0.49764166
0.49633651
0.49539964
0.49473533
0.49427719
0.4939798
0.49381357
0.49376087
0.49381355
0.49397109
0.49423977
0.49463213
0.4951672
0.49587096
0.4967779
0.49793269
0.49939338
0.50123537
0.50355869
0.50649677
0.51023305
0.51502685
0.52126571
0.52956146
0.54098348
0.55767755
0.58540118
2866592.4
468046.26
146151.54
63193.945
32803.591
19069.509
11957.221
7911.1532
5448.3247
3872.6483
2826.8897
2114.1739
1619.0739
1270.1032
1020.9488
840.6326
708.07991
608.88258
533.22221
474.54705
428.24478
391.12386
360.94526
336.10824
315.44687
298.09492
283.39683
270.84703
260.04851
250.68478
242.50148
235.29465
228.90441
223.21295
218.14811
213.6699
209.70732
206.13243
202.80199
199.5965
196.43375
193.26777
190.09225
186.94187
183.84985
180.74768
177.29373
172.59891
165.23396
154.18988
139.16866
117.99991
88.960797
57.934087
33.587867
19.504172
13.149779
10.380339
8.8517254
7.7451952
6.840391
6.0737489
5.4149296
4.8425856
4.3398841
3.8948842
3.500478
3.1514208
2.8382189
2.554866
2.2978334
2.0640776
1.8528661
1.6629519
1.4909161
1.3349568
1.19346
1.0652474
0.9506163
0.85127864
0.76864743
0.70187078
0.649084
0.60828054
0.57747294
0.5546063
0.53779794
0.52551663
0.51657288
0.51007292
0.50537225
0.50198391
0.49953071
0.49775283
0.49647347
0.49556159
0.49492204
0.49448898
0.49421748
0.49407841
0.49405455
0.49413818
0.49432918
0.49463425
0.49506638
0.49564511
0.49639699
0.49735715
0.49857108
0.50009774
0.50201372
0.50442052
0.50745354
0.5112988
0.51621934
0.52260807
0.53108547
0.5427357
0.55973534
0.58792638
2888948.2
471698.6
147294.5
63693.268
33068.023
19228.916
12063.184
7987.3527
5506.8013
3919.962
2866.727
2148.5952
1649.2256
1296.6047
1044.1488
860.81601
725.55219
623.99886
546.35716
485.93002
438.10886
399.68665
368.39714
342.61173
321.13775
303.08597
287.78069
274.6997
263.4326
253.65261
245.09789
237.55847
230.86901
224.90753
219.59886
214.90116
210.74035
206.98564
203.49572
200.15583
196.88755
193.64726
190.42567
187.24714
184.12878
180.99647
177.48294
172.67958
165.15753
153.95664
138.74417
117.2496
87.939874
56.967409
32.950646
19.213297
13.048471
10.346332
8.8372707
7.7369209
6.8350011
6.0701467
5.4125421
4.8410429
4.3389151
3.8944766
3.5003824
3.1514117
2.8382557
2.5549081
2.2978491
2.0640538
1.8527447
1.6627703
1.4906824
1.334679
1.1931454
1.0649004
0.95023999
0.85088124
0.7682467
0.7014874
0.64873768
0.60798887
0.57723607
0.55441841
0.5376592
0.52542463
0.51652415
0.51006352
0.5053982
0.50204174
0.49961759
0.4978668
0.49661313
0.49572613
0.49511125
0.4947032
0.49445752
0.49434552
0.49435046
0.49446496
0.49468933
0.49503071
0.49550252
0.49612479
0.49692466
0.49793789
0.49921076
0.50080314
0.50279281
0.50528272
0.50841019
0.51236377
0.51741014
0.52394746
0.53260455
0.54447983
0.56177919
0.59042425
2912108.1
475485.47
148478.28
64205.566
33334.389
19384.515
12161.67
8053.7446
5554.1187
3955.6607
2895.3206
2172.877
1670.8063
1316.2535
1062.1399
877.20303
740.36139
637.29243
558.23965
496.52719
447.55193
408.10137
375.89867
349.30165
327.10519
308.40771
292.52322
278.92028
267.18074
256.97143
248.02465
240.126
233.10753
226.84562
221.26434
216.31837
211.92907
207.96603
204.29244
200.79866
197.41093
194.08647
190.8117
187.60165
184.45739
181.28206
177.69325
172.75136
165.03038
153.6312
138.17569
116.27074
86.633112
55.740112
32.142401
18.841088
12.915555
10.29968
8.8162001
7.7241674
6.8262359
6.0639172
5.408082
4.8378481
4.336624
3.8928219
3.4991716
3.1506787
2.8378095
2.5545629
2.2975574
2.0637884
1.8524356
1.6624457
1.4903404
1.3343215
1.1927746
1.0645161
0.94983982
0.85047026
0.76783889
0.70110158
0.64839103
0.60769099
0.576992
0.55423197
0.53752432
0.52533635
0.51647898
0.51005752
0.50542736
0.50210261
0.49970737
0.49798355
0.49675546
0.49589323
0.49530295
0.49491981
0.49469988
0.49461489
0.49464855
0.49479384
0.49505151
0.4954291
0.49594048
0.49660618
0.49745389
0.49852002
0.49985163
0.50150949
0.50357254
0.50614515
0.50936656
0.51342777
0.51859902
0.52528356
0.53411834
0.54621533
0.56380836
0.59289342
2936053.3
479403.54
149705.62
64737.731
33612.536
19548.097
12266.296
8125.3181
5606.0863
3995.5747
2927.6414
2200.2401
1694.6949
1337.4423
1081.0168
894.00562
755.29158
650.5556
570.03405
507.03691
456.94085
416.51042
383.44664
356.0886
333.21415
313.90829
297.4732
283.36798
271.16684
260.53054
251.18696
242.91878
235.55608
228.97446
223.0989
217.88142
213.2399
209.04672
205.17162
201.51037
197.99121
194.57507
191.24143
187.99625
184.82338
181.60238
177.91666
172.80659
164.84882
153.2149
137.46668
115.0694
85.047995
54.265865
31.180882
18.400113
12.756505
10.242249
8.7891772
7.7072568
6.8142958
6.0552047
5.4016667
4.8330951
4.3330819
3.8901576
3.4971461
3.1491392
2.8366692
2.5538465
2.29697
2.0632899
1.8519445
1.6619807
1.4898903
1.3338839
1.1923465
1.0640916
0.94941481
0.85004316
0.76742234
0.70071158
0.64804245
0.60739223
0.57674856
0.55404304
0.53738771
0.52524845
0.51643544
0.51005412
0.50545945
0.50216626
0.49979983
0.49810292
0.49690032
0.49606281
0.49549703
0.49513876
0.4949445
0.49488645
0.49494876
0.49512477
0.49541565
0.49582934
0.49638019
0.49708919
0.49798459
0.49910345
0.50049359
0.50221668
0.5043528
0.50700771
0.51032247
0.51449059
0.51978574
0.5266161
0.53562643
0.54794169
0.56582204
0.59533267
2961179.2
483493.29
150981.44
65289.839
33899.678
19715.39
12371.942
8196.2946
5656.4939
4033.4392
2957.7864
2225.5956
1716.9439
1357.4355
1099.1307
910.41136
770.11008
663.90859
582.05448
517.8601
466.6951
425.31196
391.39745
363.27654
339.71399
319.78313
302.7763
288.14459
275.45552
264.36478
254.59643
245.93034
238.19519
231.26674
225.07224
219.56094
214.64709
210.20717
206.11826
202.282
198.62807
195.11349
191.718
188.43508
185.23026
181.95707
178.16196
172.84604
164.61144
152.70533
136.60872
113.63171
83.18643
52.563614
30.087912
17.904714
12.57739
10.176095
8.7569426
7.6865584
6.7994173
6.0441842
5.3934214
4.8268805
4.3283555
3.8865332
3.4943413
3.1469709
2.834984
2.5525475
2.2960923
2.0625611
1.8512719
1.6613744
1.4893336
1.3333665
1.1918591
1.0636276
0.94896296
0.84959929
0.76699592
0.7003164
0.6476902
0.60709219
0.57650449
0.55385454
0.53725198
0.52516185
0.51639348
0.51005229
0.50549329
0.50223196
0.4998945
0.49822457
0.49704747
0.49623464
0.49569333
0.49535984
0.49519118
0.49516
0.49525085
0.49545747
0.49578143
0.49623109
0.49682123
0.49757331
0.49851615
0.49968742
0.5011357
0.50292353
0.50513211
0.50786855
0.5112757
0.51554938
0.52096656
0.52794
0.53712154
0.54964741
0.56779796
0.59765873
2987118.3
487743.15
152307.4
65864.132
34198.555
19890.187
12482.904
8271.5398
5710.6366
4074.7521
2991.1805
2253.9578
1741.8636
1379.7055
1119.1224
928.33945
786.15795
678.26326
594.90425
529.38191
477.04827
434.63426
399.80677
370.87153
346.57719
325.98327
308.37096
293.1819
279.97657
268.40503
258.18737
249.10082
240.97277
233.67883
227.14716
221.32491
216.12444
211.42634
207.11522
203.09878
199.30782
195.69367
192.23413
188.91182
185.67095
182.33576
178.41379
172.86568
164.31284
152.10177
135.60201
111.96105
81.057807
50.653271
28.886827
17.369943
12.384418
10.103314
8.720255
7.6624582
6.7818647
6.0310501
5.3834887
4.8193028
4.3225246
3.8820088
3.4908032
3.1442088
2.8328127
2.5508283
2.294786
2.0616074
1.8504237
1.660631
1.4886712
1.3327673
1.1913132
1.0631222
0.94848207
0.8491373
0.76655769
0.69991434
0.64733355
0.60678944
0.57625892
0.5536655
0.53711636
0.52507592
0.51635262
0.51005185
0.50552882
0.50229952
0.49999115
0.49834826
0.4971967
0.49640855
0.49589168
0.49558295
0.49543982
0.49543546
0.49555475
0.49579187
0.49614879
0.49663426
0.4972635
0.49805844
0.49904844
0.50027181
0.50177782
0.50362989
0.50591028
0.50872742
0.51222586
0.51660362
0.52214073
0.52925415
0.53860198
0.55132959
0.56973045
0.59986509
3013878.3
492129.21
153677.84
66456.615
34506.685
20070.226
12596.876
8348.5108
5765.8119
4116.7627
3025.1734
2282.9634
1767.5407
1402.839
1140.0462
947.22916
803.15999
693.53773
608.62035
541.7074
488.13761
444.62568
408.81968
379.00783
353.92284
332.61081
314.3414
298.54715
284.78111
272.68784
261.98331
252.44213
243.89037
236.20362
229.31125
223.15837
217.65607
212.69
208.15184
203.95446
200.02956
196.32188
192.79432
189.43297
186.15125
182.74269
178.67191
172.85856
163.95164
151.40223
134.43757
110.04454
78.667675
48.559056
27.603489
16.811233
12.183693
10.025962
8.6798826
7.6353649
6.7619116
6.0159963
5.3720143
4.8104787
4.3156794
3.8766452
3.4865754
3.1408834
2.830184
2.5487358
2.2930984
2.0603981
1.8494048
1.6597538
1.4879027
1.3320888
1.1907091
1.0625734
0.94797226
0.84865627
0.76610517
0.69950323
0.64697051
0.60648319
0.57601119
0.55347537
0.53698044
0.52499035
0.51631262
0.51005269
0.50556596
0.50236886
0.50008972
0.49847396
0.49734798
0.49658451
0.49609206
0.49580803
0.49569038
0.49571275
0.4958604
0.4961279
0.49651764
0.49703876
0.4977069
0.49854448
0.49958137
0.50085648
0.50241981
0.50433559
0.50668713
0.50958411
0.51317271
0.51765301
0.5233079
0.5305581
0.54006714
0.55298745
0.57161863
0.60195976
3041659.9
496663.23
155096.88
67071.079
34826.591
20257.26
12715.677
8429.219
5824.1997
4161.7373
3061.9952
2314.6708
1795.7222
1428.2138
1162.9262
967.79653
821.59238
710.03034
623.37656
554.92309
499.99172
455.27493
418.39876
387.63068
361.68555
339.59403
320.61337
304.166
289.79707
277.14518
265.92196
255.89921
246.90127
238.80281
231.53276
225.03548
219.22252
213.98386
209.21736
204.84029
200.78499
196.99077
193.40554
189.99232
186.66471
183.17022
178.92646
172.81594
163.52702
150.60482
133.1123
107.88198
76.028397
46.308037
26.264962
16.243763
11.980833
9.9458545
8.6365567
7.6056893
6.7398433
5.9992342
5.359156
4.8005262
4.3079058
3.8705136
3.4817119
3.1370342
2.8271216
2.546286
2.2911212
2.0588905
1.8482203
1.658743
1.4870316
1.3313321
1.1900443
1.0619805
0.94743262
0.8481527
0.76563747
0.69908235
0.64659993
0.60617201
0.57576009
0.55328319
0.53684344
0.52490451
0.5162729
0.51005445
0.5056044
0.50243976
0.50019005
0.49860153
0.49750118
0.49676241
0.49629438
0.49603502
0.49594279
0.49599182
0.49616771
0.49646549
0.4968879
0.49744451
0.49815136
0.49903133
0.50011482
0.50144132
0.50306152
0.50504048
0.50746247
0.51043841
0.51411599
0.51869727
0.52446771
0.53185143
0.54151648
0.55462029
0.5734619
0.60395001
3070670.3
501387.2
156573
67709.63
35158.248
20450.913
12838.614
8512.7844
5884.7873
4208.6107
3100.6073
2348.1344
1825.6296
1455.2519
1187.3703
989.80697
841.33542
727.69993
639.17976
569.06342
512.65679
466.63174
428.59144
396.78261
369.90128
346.96214
327.20919
310.05416
295.03398
281.78108
270.00265
259.46726
249.99707
241.46538
233.80062
226.94612
220.81434
215.29995
210.30615
205.75337
201.57324
197.69858
194.06061
190.5947
187.21795
183.6224
179.1777
172.73353
163.03372
149.70949
131.61587
105.46393
73.152667
43.930738
24.901665
15.681749
11.780794
9.8645896
8.5909554
7.5738469
6.715959
5.9809791
5.3450818
4.7895777
4.2992996
3.8636933
3.4762684
3.1327006
2.8236575
2.5435035
2.2888698
2.0571108
1.8468725
1.6576049
1.4860611
1.3304964
1.1893185
1.0613446
0.94686059
0.84762702
0.76515306
0.69864916
0.64622089
0.60585507
0.57550497
0.55308841
0.53670492
0.52481811
0.5162334
0.51005696
0.50564403
0.50251215
0.50029207
0.49873092
0.49765627
0.49694222
0.49649859
0.49626385
0.496197
0.4962726
0.49647663
0.49680456
0.4972595
0.49785142
0.49859677
0.49951888
0.50064867
0.5020262
0.50370282
0.50574439
0.50823613
0.51129012
0.51505548
0.51973609
0.52561982
0.53313372
0.54294952
0.55622754
0.57526007
0.60584249
3100741.3
506292.82
158101.55
68369.845
35501.335
20651.675
12966.476
8600.1439
5948.5973
4258.4563
3142.0592
2384.3073
1858.0436
1484.5335
1213.7717
1013.4987
862.51111
746.58499
656.01335
584.07576
526.05885
478.60946
439.30542
406.36961
378.47742
354.6262
334.04549
316.13558
300.42427
286.53678
274.1749
263.10345
253.14197
244.16202
236.09053
228.87076
222.41739
216.6289
211.41258
206.6907
202.39311
198.44534
194.76314
191.25538
187.80636
184.09204
179.41853
172.60591
162.47189
148.71664
129.94048
102.78813
70.058273
41.460868
23.542326
15.137736
11.587659
9.7834992
8.5436921
7.5402319
6.6905453
5.9614542
5.3299573
4.7777553
4.28996
3.8562529
3.4703004
3.1279272
2.8198253
2.5404156
2.2863595
2.0550833
1.8453697
1.6563437
1.4849908
1.3295805
1.188533
1.0606624
0.94625663
0.84707731
0.76464827
0.69820266
0.64583174
0.6055309
0.57524463
0.55289002
0.53656385
0.52473036
0.51619349
0.51005988
0.50568458
0.50258584
0.50039562
0.49886199
0.49781313
0.49712385
0.49670461
0.49649446
0.49645292
0.496555
0.49678708
0.49714503
0.49763236
0.4982594
0.49904304
0.50000703
0.5011828
0.50261099
0.50434357
0.50644717
0.50900794
0.51213903
0.51599094
0.52076924
0.52676392
0.53440459
0.54436576
0.55780869
0.57701309
0.6076434
3131492.7
511330.08
159673.64
69049.858
35855.616
20859.02
13098.702
8690.7243
6015.0692
4310.7273
3185.8393
2422.7232
1892.5808
1515.7723
1241.9368
1038.755
885.05807
766.66206
673.87446
599.96769
540.20836
491.21748
450.54596
416.39221
387.40995
362.57798
341.11041
322.39506
305.94975
291.39194
278.41767
266.78738
256.31743
246.87691
238.39051
230.80135
224.02642
217.96779
212.53576
207.65312
203.24652
199.23291
195.51139
191.96184
188.431
184.58044
179.64713
172.43049
161.83903
147.62242
128.07701
99.850422
66.767016
38.935069
22.21366
14.622204
11.404499
9.7036482
8.495345
7.5052335
6.6638944
5.9408819
5.3139517
4.76519
4.2799873
3.8482704
3.4638679
3.1227652
2.8156635
2.5370405
2.2836056
2.052839
1.8437194
1.6549606
1.4838215
1.3285851
1.1876861
1.0599363
0.94562029
0.84650003
0.76412426
0.697741
0.64543156
0.60519864
0.57497836
0.55268702
0.53642003
0.52464109
0.51615304
0.51006304
0.50572595
0.50266074
0.50050064
0.4989947
0.49797172
0.49730724
0.49691239
0.49672679
0.49671052
0.49683899
0.497099
0.49748684
0.49800639
0.49866837
0.49949007
0.50049569
0.50171713
0.50319556
0.50498364
0.50714867
0.50977771
0.51298494
0.51692215
0.52179642
0.52789969
0.53566366
0.54576483
0.55936337
0.57872121
0.60935848
3163135.4
516504.39
161293.3
69751.996
36221.571
21073.525
13235.819
8785.1205
6084.8607
4366.0847
3232.5496
2463.8887
1929.618
1549.2067
1271.9833
1065.5994
908.93719
787.85146
692.66075
616.6268
554.99185
504.34627
462.21174
426.75877
396.61693
370.7447
348.33965
328.77619
311.56144
296.30465
282.69555
270.48971
259.49966
249.59127
240.68593
232.72703
225.63461
219.31331
213.67506
208.64182
204.13574
200.0638
196.30667
192.71496
189.09188
185.085
179.85925
172.2057
161.14032
146.43146
126.01125
96.650052
63.305717
36.392018
20.940055
14.143277
11.233447
9.6258098
8.4463991
7.4692194
6.6362902
5.9194794
5.2972321
4.752011
4.2694828
3.8398243
3.4570321
3.1172554
2.8112012
2.533405
2.2806275
2.0504074
1.8419239
1.6534576
1.4825541
1.327514
1.1867801
1.0591654
0.94495045
0.84589658
0.76357929
0.69726208
0.64501869
0.60485678
0.57470424
0.55247878
0.53627263
0.52454945
0.51611158
0.5100661
0.50576786
0.50273661
0.50060695
0.49912892
0.49813195
0.49749232
0.49712186
0.49696077
0.49696971
0.49712447
0.49741231
0.49782991
0.49838152
0.49907825
0.49993778
0.50098474
0.50225151
0.50377981
0.50562287
0.50784873
0.51054527
0.51382766
0.51784887
0.5228174
0.52902684
0.53691062
0.54714633
0.56089126
0.58038477
0.610993
3196079.2
521873.97
162971.14
70478.48
36599.943
21295.515
13377.936
8883.2811
6157.8496
4424.3495
3282.0085
2507.6362
1969.0037
1584.7197
1303.8286
1093.9781
934.11167
810.1261
712.34934
634.03103
570.38465
517.96822
474.27105
437.43389
406.06067
379.08805
355.69574
335.2436
317.2272
301.24669
286.98455
274.19081
262.67338
252.29402
242.97001
234.64496
227.24201
220.66757
214.83402
209.6612
205.06556
200.94278
197.15408
193.52076
189.80556
185.60369
180.05258
171.93121
160.38223
145.14409
123.72452
93.189346
59.706733
33.871654
19.742651
13.706576
11.075693
9.5505353
8.3972839
7.4325332
6.6080104
5.8974613
5.2799643
4.7383468
4.2585462
3.8309939
3.4498555
3.1114466
2.8064745
2.5295282
2.2774409
2.0478145
1.8399882
1.6518385
1.481195
1.3263692
1.1858161
1.0583472
0.94424381
0.84526518
0.76301433
0.69676477
0.64459212
0.60450332
0.57442211
0.55226465
0.53612085
0.52445533
0.51606888
0.51006889
0.50581021
0.50281341
0.50071453
0.4992646
0.49829376
0.49767903
0.49733297
0.49719634
0.49723044
0.4974114
0.49772695
0.49817416
0.49875766
0.49948894
0.50038606
0.50147408
0.50278585
0.50436359
0.50626114
0.50854721
0.51131046
0.514667
0.5187709
0.52383191
0.5301451
0.53814514
0.54850993
0.56239214
0.58200433
0.61255181
3230083.8
527427.62
164703.37
71228.48
36990.667
21524.947
13525.302
8985.5341
6234.3347
4485.8288
3334.4754
2554.1367
2010.8268
1622.3183
1337.4231
1123.8085
960.48331
833.38154
732.83836
652.0829
586.29609
532.00003
486.64847
448.35043
415.68166
387.55578
363.13331
341.75844
322.91428
306.19089
291.26285
277.87376
265.82611
254.97677
245.23779
236.55322
228.84943
222.03344
216.01678
210.71608
206.04097
201.87444
198.05628
194.37689
190.55616
186.13278
180.22486
171.60754
159.57
143.75352
121.19932
89.475319
56.00792
31.413761
18.638389
13.315244
10.931528
9.4781343
8.3483635
7.3955136
6.5793236
5.8750427
5.2623058
4.7243216
4.2472763
3.8218566
3.4423986
3.1053819
2.8015147
2.5254381
2.2740637
2.0450882
1.8379185
1.6501107
1.4797467
1.3251519
1.1847906
1.0574831
0.9435009
0.84460058
0.76242417
0.6962472
0.64414852
0.60413755
0.57413069
0.55204304
0.5359642
0.52435828
0.5160245
0.51007108
0.5058527
0.50289093
0.50082321
0.49940164
0.49845705
0.49786729
0.49754563
0.49743345
0.49749263
0.49769969
0.49804283
0.49851951
0.49913474
0.49990035
0.50083483
0.50196362
0.50332003
0.5049468
0.50689832
0.50924395
0.51207311
0.51550278
0.51968802
0.52483973
0.53125417
0.53936692
0.54985535
0.56386585
0.58358052
0.61403946
3265144.2
533152.24
166492.11
72002.321
37393.753
21762.104
13677.978
9091.9065
6314.3278
4550.5162
3389.923
2603.3447
2055.0208
1661.9308
1372.696
1155.0204
987.97999
857.54797
754.0583
670.7142
602.66063
546.3798
499.28677
459.4556
425.43259
396.10635
370.6165
348.29057
328.59794
311.11775
295.51576
281.52832
268.95172
257.63706
247.49024
238.45563
230.46258
223.41767
217.23048
211.81356
207.06868
202.86459
199.01764
195.28573
191.3441
186.6708
180.37522
171.23709
158.70429
142.24885
118.42376
85.520799
52.252491
29.057987
17.639507
12.970008
10.800774
9.4087921
8.2999626
7.358472
6.5504781
5.8524102
5.2444097
4.7100531
4.2357635
3.8124834
3.4347153
3.0991061
2.7963567
2.5211676
2.2705146
2.0422597
1.8357258
1.6482795
1.4782126
1.3238596
1.183707
1.0565696
0.94271739
0.84390095
0.76180951
0.69570623
0.64368794
0.60375855
0.57382925
0.55181405
0.53580249
0.52425759
0.5159782
0.51007245
0.5058953
0.50296912
0.50093294
0.49953996
0.49862179
0.49805706
0.49775979
0.49767204
0.49775622
0.49798928
0.49835989
0.49886589
0.49951266
0.50031241
0.50128398
0.50245324
0.50385395
0.5055293
0.50753426
0.5099388
0.51283306
0.5163348
0.52060003
0.52584063
0.53235384
0.5405757
0.55118235
0.56531232
0.58511407
0.61546019
3301426.9
539057.6
168336.21
72800.978
37810.156
22007.221
13836.108
9202.5954
6398.0191
4618.5443
3448.4191
2655.2639
2101.5381
1703.4767
1409.5482
1187.5077
1016.4999
882.52859
775.91869
689.84307
619.40508
561.04263
512.12849
470.6998
435.27102
404.70371
378.11559
354.81587
334.25941
316.01334
299.73378
285.14896
272.0482
260.27594
249.73103
240.3579
232.08847
224.82773
218.48268
212.96108
208.15569
203.91929
200.04253
196.25014
192.17349
187.23475
180.50112
170.82245
157.78306
140.61649
115.3895
81.343851
48.486564
26.848265
16.753125
12.669406
10.682575
9.3425344
8.2523634
7.3216877
6.5216997
5.8297402
5.2264133
4.6956464
4.22409
3.8029385
3.4268596
3.0926633
2.7910359
2.5167396
2.2668136
2.039361
1.833418
1.6463449
1.4765896
1.3224963
1.182561
1.0556082
0.94188972
0.84316827
0.76116411
0.69514137
0.64320846
0.6033647
0.57351564
0.55157642
0.53563432
0.5241529
0.51592945
0.51007277
0.50593774
0.50304777
0.50104358
0.49967948
0.49878788
0.49824824
0.49797538
0.49791202
0.49802113
0.49828011
0.49867806
0.49921323
0.49989135
0.50072501
0.50173342
0.50294285
0.50438747
0.50611098
0.50816884
0.51063162
0.51359014
0.5171629
0.52150673
0.52683437
0.53344383
0.54177123
0.5524907
0.56673154
0.58660577
0.61681787
3338854.1
545159.57
170238.07
73624.339
38240.121
22260.483
13999.928
9317.6734
6485.4866
4689.9512
3509.9488
2709.8369
2150.2987
1746.864
1447.8823
1221.1746
1045.9519
908.23726
798.34128
709.39923
636.46668
575.93286
525.12554
482.04196
445.16246
413.3199
385.60826
361.31756
339.88668
320.87004
303.91308
288.73525
275.11806
262.89862
251.96785
242.26946
233.73687
226.27302
219.78236
214.16729
209.30989
205.04456
201.13526
197.27134
193.03968
187.80465
180.60059
170.36683
156.80843
138.84362
112.08333
76.968903
44.760219
24.812656
15.980397
12.410476
10.575843
9.27932
8.2057849
7.2853918
6.4931829
5.8071882
5.2084407
4.6812
4.2123343
3.79329
3.4188964
3.0860976
2.7855873
2.512181
2.2629858
2.0364197
1.8309984
1.6443146
1.4748805
1.3210586
1.181356
1.0545935
0.94101964
0.84239975
0.76048722
0.69455154
0.64270893
0.60295373
0.57318975
0.55132886
0.53545957
0.52404385
0.51587813
0.51007185
0.50597988
0.50312682
0.50115509
0.49982015
0.49895526
0.49844079
0.49819234
0.49815338
0.49828735
0.49857212
0.49899728
0.49956145
0.50027073
0.50113807
0.50218306
0.50343234
0.50492051
0.50669172
0.50880193
0.51132227
0.51434419
0.51798689
0.52240793
0.52782078
0.53452395
0.54295329
0.55378025
0.56812356
0.5880565
0.61811615
3377255.5
551446.52
172201.41
74472.811
38683.188
22522.023
14169.484
9437.1818
6576.7331
4764.7478
3574.4899
2766.9998
2201.2037
1791.978
1487.5838
1255.9137
1076.2355
934.58466
821.24752
729.31384
653.78602
591.00054
538.23619
493.44814
455.07978
421.93376
393.07913
367.78511
345.47366
325.68542
308.0545
292.29067
278.1671
265.51292
254.21079
244.20125
235.41785
227.7629
221.13873
215.44117
210.53932
206.2472
202.29991
198.35099
193.94217
188.37912
180.6743
169.87453
155.78208
136.91478
108.49346
72.427948
41.125831
22.972888
15.318476
12.189124
10.479506
9.2191359
8.1604708
7.2498372
6.4651322
5.784915
5.1906169
4.6668123
4.2005744
3.7835983
3.4108681
3.0794518
2.7800448
2.507517
2.2590839
2.0334397
1.828475
1.6421883
1.4730892
1.31955
1.180085
1.0535269
0.9401043
0.84159508
0.75977635
0.69393459
0.64218543
0.60252499
0.57284917
0.55107083
0.53527743
0.52392963
0.51582383
0.51006941
0.50602155
0.50320612
0.50126734
0.49996183
0.49912384
0.49863465
0.49841065
0.49839605
0.49855479
0.49886525
0.49931748
0.49991048
0.50065072
0.50155151
0.5026328
0.50392161
0.50545294
0.50727138
0.50943338
0.51201059
0.51509506
0.51880661
0.52330344
0.52879962
0.53559397
0.54412167
0.55505084
0.56948845
0.58946715
0.61935835
3416659.4
557889
174217.31
75346.697
39139.698
22791.766
14344.836
9561.2573
6671.8407
4842.9247
3641.9801
2826.6574
2254.1396
1838.6997
1528.5379
1291.6185
1107.2564
961.48877
844.5667
749.52662
671.31256
606.20343
551.42659
504.8914
465.00279
430.53138
400.51947
374.2144
351.02027
330.46285
312.16399
295.82316
281.20454
268.12921
256.47208
246.16499
237.14144
229.30746
222.56208
216.79218
211.85182
207.53279
203.53997
199.49032
194.88029
188.9578
180.7244
169.35182
154.70695
134.80982
104.61105
67.761469
37.635586
21.342588
14.760838
12.00085
10.392383
9.1619648
8.11665
7.2152559
6.4377227
5.7630671
5.1730603
4.6525768
4.1888932
3.7739199
3.4028228
3.0727642
2.7744402
2.5027719
2.2552118
2.0303543
1.8258561
1.6399734
1.4712138
1.3179645
1.1787523
1.0524067
0.93913594
0.8407537
0.75903031
0.69328651
0.64163822
0.6020759
0.57249385
0.55080164
0.535087
0.52381014
0.5157663
0.51006521
0.50606266
0.5032856
0.50138025
0.50010449
0.49929364
0.49882983
0.49863027
0.49863997
0.49882338
0.49915941
0.49963857
0.50026023
0.50103124
0.50196524
0.50308255
0.50441056
0.50598466
0.50784986
0.51006307
0.51269646
0.5158426
0.51962188
0.52419309
0.52977072
0.5366537
0.5452762
0.55630239
0.57082637
0.59083866
0.62054764
3457537.5
564544.97
176297.72
76248.615
39610.918
23070.514
14526.382
9690.0708
6770.9047
4924.4973
3712.3751
2888.711
2308.9842
1886.904
1570.6277
1328.1838
1138.9244
988.87174
868.23228
769.98215
689.00104
621.50629
564.66956
516.3521
474.91864
439.10558
407.92723
380.60782
356.53238
335.21104
316.25243
299.34498
284.24332
270.75982
258.76101
248.16963
238.91919
230.91902
224.06363
218.22954
213.25445
208.90639
204.85858
200.69051
195.85351
189.54074
180.75444
168.81881
153.59758
132.49048
100.4321
63.018581
34.341448
19.926602
14.29832
11.8413
10.313431
9.1078009
8.0745179
7.181839
6.4111351
5.741785
5.1558804
4.6385759
4.1773451
3.7643085
3.3948043
3.0660715
2.7688028
2.4979693
2.2514051
2.0271912
1.8231541
1.6376691
1.4692562
1.3163058
1.177356
1.0512232
0.93811819
0.83987027
0.75824358
0.69260661
0.64106318
0.60160569
0.57212235
0.5505195
0.53488788
0.52368481
0.51570501
0.51005909
0.50610298
0.50336507
0.50149369
0.50024812
0.49946462
0.49902624
0.49885109
0.49888505
0.49909304
0.49945452
0.49996047
0.50061062
0.50141219
0.50237917
0.50353221
0.50489908
0.50651555
0.50842703
0.51069088
0.51337972
0.51658664
0.52043255
0.52507669
0.53073388
0.53770296
0.54641671
0.55753478
0.5721375
0.59217202
0.62168694
3499504.9
571415.54
178442.81
77178.098
40097.052
23358.464
14714.199
9823.6476
6873.8581
5009.3899
3785.5497
2953.0207
2365.5923
1936.4571
1613.7343
1365.5088
1171.152
1016.6601
892.18484
790.63378
706.81573
636.88227
577.94663
527.81923
484.82217
447.65643
415.30673
386.97298
362.0203
339.94207
320.33311
302.87009
287.29745
273.41838
261.09075
250.22799
240.76336
232.60881
225.65311
219.76129
214.75354
210.37254
206.25881
201.95272
196.86143
190.13184
180.77771
168.27845
152.43929
129.92504
95.962459
58.256436
31.311433
18.722101
13.919485
11.705995
10.24168
9.0566488
8.0342572
7.1497657
6.3855163
5.7211881
5.1391745
4.624887
4.1659911
3.7548119
3.3868518
3.0594054
2.7631586
2.4931838
2.2476491
2.0239523
1.8203694
1.63528
1.4672189
1.3145719
1.1758877
1.0499781
0.93705359
0.83893618
0.75741713
0.69189331
0.64046028
0.60111324
0.57173268
0.55022429
0.53467957
0.52355304
0.51563991
0.51005082
0.50614239
0.50344444
0.50160776
0.50039276
0.49963673
0.49922379
0.49907308
0.49913124
0.49936372
0.49975053
0.50028311
0.50096157
0.50179349
0.5027932
0.50398169
0.50538707
0.5070455
0.50900278
0.51131667
0.51406024
0.51732706
0.52123846
0.52595408
0.53168895
0.53874157
0.54754307
0.558748
0.57342209
0.59346815
0.62277898
3542809.1
578501.17
180654.87
78137.354
40598.516
23655.572
14908.343
9962.0339
6980.6954
5097.4944
3861.3726
3019.4293
2423.811
1987.2198
1657.736
1403.4893
1203.8544
1044.7872
916.37307
811.44251
724.72831
652.31285
591.24686
539.28816
494.71436
456.18924
422.66663
393.32127
367.49718
344.67035
324.42109
306.41371
290.38195
276.11947
263.47517
252.35301
242.68595
234.38751
227.3396
221.39475
216.35442
211.93515
207.74288
203.27795
197.90363
190.72728
180.78711
167.73598
151.21461
127.08281
91.218251
53.538219
28.578392
17.717025
13.612404
11.59089
10.176318
9.0085368
7.9960314
7.1191948
6.3610053
5.7013946
5.123035
4.6115811
4.154886
3.7454741
3.3790009
3.0527948
2.757532
2.4885775
2.2438441
2.0206462
1.8175074
1.6328149
1.4651007
1.3127584
1.1743474
1.0486666
0.93593622
0.83795049
0.75654809
0.69113972
0.63982748
0.60059667
0.57132405
0.54991493
0.53446084
0.52341457
0.51557069
0.51004017
0.50618062
0.5035238
0.50172249
0.50053829
0.49980984
0.49942243
0.49929615
0.49937846
0.49963534
0.50004736
0.50060642
0.50131301
0.50217506
0.50320724
0.50443088
0.50587443
0.50757441
0.50957698
0.51194032
0.5147379
0.51806369
0.52203945
0.5268251
0.53263575
0.53976938
0.54865514
0.55994204
0.57468035
0.59472808
0.62382633
3587504
585792.83
182935.66
79126.169
41115.502
23962.158
15108.993
10105.28
7091.4255
5188.7829
3939.7495
3087.823
2483.5248
2039.0821
1702.5398
1442.051
1236.9738
1073.2089
940.76329
832.38443
742.72463
667.79082
604.56939
550.76322
504.6034
464.71521
430.02067
399.66802
372.97943
349.41279
328.53326
309.99229
293.51259
278.87794
265.92807
254.55755
244.6987
236.26542
229.13176
223.13688
218.06268
213.59809
209.31338
204.66721
198.97943
191.3272
180.78783
167.18077
149.89543
123.94962
86.226873
48.930508
26.163486
16.893744
13.364756
11.492418
10.116714
8.9634991
7.959985
7.0902624
6.3377182
5.6825019
5.107556
4.5987181
4.144079
3.7363349
3.3712823
3.0462634
2.7519432
2.4841849
2.2400019
2.0172821
1.8145732
1.6302696
1.4628973
1.3108653
1.1727324
1.0472891
0.93476469
0.83691209
0.75562959
0.69034681
0.63916368
0.6000522
0.57089556
0.5495908
0.53423161
0.52326916
0.51549691
0.51002683
0.50621783
0.50360335
0.50183777
0.5006846
0.49998393
0.49962211
0.49952028
0.49962666
0.49990783
0.50034494
0.5009303
0.50166484
0.5025568
0.5036212
0.50487969
0.50636106
0.50810216
0.51014952
0.5125617
0.51541254
0.51879641
0.52283537
0.5276896
0.53357412
0.54078625
0.54975285
0.56111688
0.57591261
0.59595275
0.62483131
3633631.9
593314.84
185285.87
80144.502
41648.171
24278.486
15316.149
10253.344
7205.9429
5283.1075
4020.5057
3158.0149
2544.5584
2091.9
1748.0309
1481.1026
1270.4396
1101.8723
965.31905
853.43674
760.79068
683.31054
617.91567
562.25107
514.50011
473.24827
437.38459
406.03016
378.4846
354.18706
332.68695
313.62249
296.70502
281.70834
268.46288
256.85399
246.81277
238.25218
231.0375
224.99396
219.88318
215.36513
210.97268
206.1218
200.08909
191.93149
180.78147
166.61368
148.46209
120.49851
81.022588
44.499958
24.075125
16.231136
13.165871
11.407959
10.062384
8.9215738
7.926233
7.0630824
6.3157591
5.6646008
5.0927961
4.586358
4.1336164
3.7274289
3.3637222
3.0398322
2.7466466
2.4798204
2.2361318
2.0138662
1.8115697
1.6276444
1.4606087
1.3088904
1.1710327
1.045839
0.9335301
0.83581289
0.75466067
0.68951176
0.63846338
0.59947948
0.57044559
0.54924971
0.53399116
0.52311597
0.51541808
0.5100107
0.50625441
0.50368285
0.50195341
0.50083165
0.50015892
0.49982275
0.49974537
0.49987576
0.50018111
0.50064316
0.50125468
0.50201696
0.50293862
0.50403499
0.50532803
0.50684685
0.50862864
0.51072029
0.51318068
0.51608404
0.51952506
0.52362608
0.52854742
0.53450393
0.54179204
0.55083608
0.56227256
0.57711916
0.59714316
0.62579618
3681160.6
601064.09
187708.78
81194.836
42197.816
24604.795
15529.961
10406.306
7324.2271
5380.3797
4103.539
3229.9062
2606.8312
2145.6088
1794.1569
1520.6071
1304.2277
1130.7632
990.03418
874.59912
778.93225
698.88233
631.29873
573.76721
524.42182
481.80691
444.77773
412.42731
384.03199
359.0117
336.89968
317.32063
299.97432
284.62435
271.09203
259.25382
249.03855
240.35646
233.06375
226.97164
221.8204
217.23958
212.72249
207.64243
201.2332
192.54113
180.77038
166.03458
146.8894
116.70384
75.651742
40.335662
22.308812
15.706727
13.006541
11.33499
10.012955
8.8828014
7.8948658
7.0377468
6.295212
5.6477623
5.0788155
4.574551
4.1235374
3.7187875
3.3563435
3.0335184
2.7416979
2.4754705
2.2322419
2.0104042
1.8085002
1.62494
1.4582364
1.3068261
1.1692448
1.0443246
0.93222172
0.83465362
0.75363888
0.68862901
0.63772615
0.59887791
0.56997136
0.54889192
0.53373875
0.52295459
0.51533403
0.50999278
0.5062901
0.50376215
0.50206944
0.50097939
0.5003348
0.50002433
0.49997138
0.50012568
0.5004551
0.50094196
0.50157947
0.5023693
0.50332043
0.50444849
0.50577577
0.50733169
0.50915375
0.51128917
0.51379716
0.51675228
0.52024952
0.52441144
0.52939842
0.53542503
0.54278664
0.5519048
0.56340915
0.57830033
0.59830027
0.62672301
3730011.3
609052
190202.99
82276.5
42764.399
24941.227
15750.629
10564.177
7446.2011
5480.4627
4188.6925
3303.3539
2670.2129
2200.0967
1840.8333
1560.5021
1338.2946
1159.8532
1014.8919
895.8647
797.15011
714.51297
644.73031
585.32678
534.38579
490.40973
452.21924
418.87849
389.64017
363.90445
341.18814
321.10212
303.33434
287.63839
273.82666
261.76749
251.38532
242.58558
235.21638
229.07489
223.87838
219.22379
214.56394
209.22943
202.4125
193.15831
180.7745
165.45929
145.12826
112.54423
70.172769
36.52577
20.847391
15.297318
12.878736
11.271661
9.9681532
8.8471977
7.8659447
7.0143271
6.2761474
5.6320529
5.0656731
4.5633422
4.1138789
3.7104383
3.3491668
3.0276266
2.7368572
2.4711417
2.2283372
2.006899
1.8053645
1.6221541
1.4557735
1.3046653
1.1673654
1.0427348
0.93083729
0.83343031
0.75256054
0.68769723
0.63694872
0.59824353
0.56947245
0.54851641
0.53347356
0.52278441
0.51524604
0.50997278
0.50632454
0.50384116
0.50218575
0.50112778
0.50051149
0.50022676
0.5001982
0.50037635
0.50072975
0.50124127
0.5019046
0.50272179
0.50370214
0.50486163
0.50622284
0.50781548
0.50967738
0.51185604
0.514411
0.51741712
0.52096964
0.5251913
0.53024246
0.53633729
0.54376994
0.55295892
0.5645267
0.57945648
0.59942503
0.62761373
3780246.8
617273.33
192772.24
83390.496
43347.761
25287.996
15978.166
10726.9
7571.8183
5583.2945
4275.8724
3378.2543
2734.62
2255.3072
1888.0208
1600.7634
1372.6245
1189.1362
1039.8941
917.24095
815.45628
730.21794
658.22823
596.94909
544.41204
499.07711
459.72927
425.4034
395.32803
368.8831
345.56873
324.98171
306.79822
290.76184
276.67649
264.40382
253.86029
244.94508
237.50063
231.30878
226.06138
221.3205
216.49768
210.8824
203.62748
193.78467
180.802
164.87611
143.12863
108.00997
64.655371
33.11196
19.66305
14.981192
12.775763
11.216569
9.9277715
8.814767
7.8395121
6.992874
6.2586206
5.6175235
5.05341
4.5527683
4.104671
3.7024056
3.3422206
3.0222197
2.7320852
2.4668385
2.224421
2.0033521
1.8021625
1.6192856
1.4532237
1.3024038
1.1653967
1.0410572
0.92937608
0.83213992
0.75141579
0.68671469
0.63612952
0.59757623
0.56894942
0.54812301
0.53319456
0.5226066
0.51515437
0.50994994
0.50635772
0.50391989
0.50230236
0.50127679
0.50068894
0.50042995
0.5004258
0.50062772
0.50100497
0.50154103
0.50223001
0.50307435
0.50408369
0.50527432
0.50666912
0.50829812
0.5101994
0.51242078
0.51502209
0.51807844
0.52168531
0.52596554
0.53107941
0.53724058
0.54474185
0.55399842
0.56562532
0.58058798
0.60051836
0.62847019
3832131.2
625747.6
195422.79
84539.426
43949.457
25645.59
16212.731
10894.553
7701.0246
5688.7922
4364.9784
3454.5166
2799.98
2311.1873
1935.684
1641.3675
1407.2081
1218.6107
1065.045
938.73727
833.86399
746.01396
671.81134
608.65389
554.52121
507.82967
467.32809
432.02163
401.11406
373.96505
350.05754
328.97418
310.37923
294.00617
279.65066
267.16827
256.46786
247.44091
239.92296
233.679
228.37378
223.53179
218.52376
212.60018
204.87852
194.42311
180.85301
164.26007
140.84373
103.10568
59.177537
30.119733
18.722213
14.738332
12.692216
11.168679
9.8916502
8.7854986
7.8155885
6.9734169
6.2426673
5.6042135
5.042068
4.5428636
4.0959415
3.6947125
3.3359364
3.0169382
2.7273842
2.4625617
2.220493
1.9997618
1.7988906
1.6163291
1.4505713
1.3000307
1.1633382
1.0392806
0.92783436
0.83076909
0.75020481
0.68567873
0.63526555
0.59687574
0.56839811
0.54770767
0.53290141
0.52242234
0.51505755
0.50992424
0.50638961
0.50399828
0.50241924
0.50142637
0.50086705
0.50063385
0.5006541
0.50087972
0.50128072
0.50184116
0.50255561
0.50342688
0.50446497
0.50568646
0.50711453
0.50877949
0.51071972
0.51298329
0.5156303
0.51873611
0.52239638
0.52673403
0.53190914
0.5381348
0.54570226
0.55502327
0.56670509
0.58169521
0.6015812
0.62929405
3886092.5
634526.33
198158.84
85724.997
44570.337
26014.548
16454.616
11067.27
7833.854
5796.9029
4455.9574
3532.0953
2866.2517
2367.7093
1983.8064
1682.3081
1442.0478
1248.286
1090.3584
960.37008
852.39241
761.92214
685.50126
620.4637
564.7357
516.6891
475.03646
438.75265
407.01653
379.16687
354.66958
333.09291
314.08909
297.38158
282.75775
270.06826
259.2149
250.07919
242.48877
236.18992
230.81853
225.85951
220.64256
214.38133
206.16476
195.07642
180.90639
163.57434
138.24898
97.851553
53.822211
27.557637
17.989142
14.553177
12.624765
11.127229
9.8596559
8.7593639
7.794173
6.9559689
6.2283106
5.5921509
5.0316725
4.5336521
4.0877137
3.6875798
3.3301545
3.0117845
2.7227549
2.4583105
2.2165514
1.9961253
1.7955458
1.6132798
1.4478069
1.297545
1.1611804
1.0374035
0.92620024
0.82931793
0.74892551
0.68458815
0.63435015
0.59613679
0.56781874
0.5472704
0.53259787
0.52223002
0.51495569
0.50989576
0.50642024
0.5040764
0.50253638
0.50157643
0.50104576
0.50083845
0.50088306
0.50113229
0.50155691
0.50214158
0.50288132
0.50377931
0.5048459
0.50609796
0.50755898
0.50925951
0.51123822
0.51354345
0.51623552
0.51939001
0.52310275
0.52749663
0.53273154
0.53901984
0.54665112
0.55603348
0.56776617
0.58277856
0.60261446
0.63008696
3941483.2
643551.97
200977.65
86946.741
45210.199
26394.608
16703.603
11244.893
7970.2036
5907.5251
4548.7069
3610.9005
2933.3795
2424.8326
2032.365
1723.5747
1477.139
1278.1642
1115.8417
982.15026
871.05571
777.9601
699.31765
632.39838
575.07497
525.6745
482.87245
445.61349
413.05096
384.50287
359.41773
337.34936
317.93801
300.89734
286.00683
273.11163
262.10682
252.86507
245.2026
238.84525
233.39805
228.30515
222.85423
216.22378
207.48185
195.73903
180.95765
162.7965
135.29896
92.274816
48.739374
25.415304
17.428589
14.413013
12.570025
11.091614
9.8316678
8.7363276
7.775246
6.9405256
6.2155606
5.5813518
5.0222432
4.5251559
4.080008
3.6813598
3.3245877
3.0067595
2.7181944
2.45408
2.2125898
1.9924233
1.7921212
1.6101277
1.4449167
1.2949489
1.1589034
1.0354314
0.92447072
0.82777823
0.7475685
0.68343235
0.63338174
0.59535866
0.56720459
0.54681468
0.53228305
0.52202903
0.51484883
0.50986459
0.50644962
0.50415416
0.50265372
0.50172685
0.50122506
0.50104368
0.5011126
0.50138535
0.50183347
0.50244222
0.50320705
0.50413156
0.50522639
0.50650874
0.50800235
0.50973807
0.5117548
0.51410114
0.51683762
0.52004003
0.52380427
0.52825324
0.53354649
0.53989559
0.54758836
0.55702903
0.56880867
0.58383843
0.603619
0.63085042
3997997.7
652809.09
203877
88204.193
45868.961
26786.007
16959.898
11427.471
8110.0089
6020.5977
4643.1554
3690.8783
3001.3224
2482.5358
2081.3515
1765.172
1512.4949
1308.2607
1141.5122
1004.0955
889.87347
794.15072
713.28329
644.48016
585.56029
534.8057
490.85464
452.6209
419.23256
389.98654
364.31385
341.75387
321.93485
304.5607
289.40346
276.30334
265.14929
255.80366
248.06885
241.64859
236.11488
230.86981
225.15845
218.12551
208.82602
196.40563
181.00225
161.89935
131.94878
86.419229
44.047553
23.66579
17.007735
14.307653
12.525739
11.061394
9.8075702
8.7163323
7.7587706
6.9270636
6.2044087
5.571818
5.0137898
4.5173884
4.0733878
3.675573
3.31924
3.0018637
2.7136991
2.4498647
2.2086023
1.988661
1.7886102
1.606859
1.4418871
1.2922441
1.1564977
1.033332
0.92263457
0.82614573
0.74613413
0.68220605
0.63236322
0.59453475
0.56655766
0.54634294
0.5319539
0.52181971
0.5147367
0.50983067
0.50647771
0.50423156
0.502771
0.50187772
0.50140491
0.50124948
0.50134267
0.50163885
0.50211034
0.502743
0.50353274
0.50448352
0.50560635
0.50691869
0.50844456
0.51021506
0.51226935
0.51465625
0.5174365
0.52068604
0.52450085
0.52900373
0.53435388
0.54076198
0.54851391
0.55800994
0.56983275
0.58487521
0.60459568
0.6315858
4056464.9
662377.5
206866.27
89500.951
46548.327
27189.374
17223.88
11615.237
8253.3884
6136.1419
4739.3217
3772.049
3070.1047
2540.8502
2130.7984
1807.1316
1548.1467
1338.6068
1167.3997
1026.233
908.87313
810.52142
727.42334
656.73231
596.21291
544.10202
499.00056
459.79096
425.57586
395.63087
369.36953
346.31663
326.08846
308.37944
292.95439
279.64941
268.34791
258.90024
251.09232
244.60374
238.97128
233.55451
227.55539
220.08524
210.19488
197.08575
181.04975
160.83559
128.15371
80.342875
39.807739
22.27368
16.696162
14.228637
12.490259
11.036235
9.7872511
8.6993075
7.7446946
6.9155504
6.1948341
5.5635401
5.0063135
4.5106625
4.0676943
3.6701367
3.3141149
2.9970931
2.7092442
2.445655
2.2045779
1.9848286
1.7849999
1.6034552
1.4387201
1.2894002
1.1539512
1.0311019
0.92068386
0.82441459
0.74461089
0.6809087
0.63128638
0.59365961
0.56588575
0.54584974
0.53161101
0.52160135
0.51461953
0.50979392
0.50650463
0.5043084
0.50288826
0.50202897
0.50158522
0.50145579
0.5015732
0.50189271
0.50238744
0.50304384
0.50385829
0.50483513
0.50598568
0.50732772
0.50888551
0.51069039
0.51278177
0.51520868
0.51803204
0.52132793
0.52519235
0.52974798
0.53515361
0.5416189
0.54942774
0.55897624
0.57083856
0.58588933
0.60554535
0.63229445
4117141.5
672273.49
209955.09
90840.581
47249.305
27605.285
17495.739
11808.215
8400.3559
6254.1698
4837.2058
3854.408
3139.7324
2599.7878
2180.7246
1849.4718
1584.1147
1369.2272
1193.5309
1048.5951
928.08237
827.08975
741.75556
669.17213
607.04963
553.57955
507.32506
467.13733
432.09315
401.44697
374.5946
351.04626
330.40644
312.36009
296.66543
283.15523
271.70801
262.16002
254.27743
247.71372
241.96886
236.35954
230.04478
222.10194
211.58573
197.79227
181.09876
159.54086
123.87643
74.126323
36.064149
21.187136
16.467579
14.170066
12.462402
11.015865
9.770591
8.6851802
7.732952
6.9059364
6.1868001
5.5564959
4.9997996
4.5054515
4.0625044
3.6650534
3.3092126
2.9924445
2.7048375
2.4414396
2.200506
1.980916
1.7812743
1.5998987
1.43543
1.2863882
1.1512579
1.0287331
0.91861324
0.82258206
0.74299995
0.67953001
0.63014974
0.5927455
0.56518959
0.5453349
0.5312546
0.52137452
0.51449715
0.50975468
0.50653027
0.50438464
0.50300574
0.50218054
0.50176598
0.50166258
0.50180414
0.50214687
0.5026647
0.50334468
0.50418363
0.5051863
0.50636431
0.50773573
0.50932509
0.51116396
0.51329196
0.51575831
0.51862413
0.52196557
0.52587867
0.5304859
0.53594557
0.54246628
0.5503298
0.55992796
0.57182629
0.58688118
0.60646879
0.63297764
4179573.6
682460.13
213138.86
92221.095
47971.432
28033.662
17775.482
12006.42
8550.914
6374.6678
4936.7813
3937.9597
3210.2148
2659.3606
2231.1471
1892.2155
1620.4217
1400.1408
1219.921
1071.1919
947.51439
843.87515
756.29939
681.81811
618.08772
563.25408
515.8425
474.67288
438.79607
407.4451
379.99807
355.95066
334.89558
316.50868
300.54194
286.82583
275.23455
265.58787
257.62847
250.98129
245.10837
239.2837
232.62458
224.1737
212.9937
198.5196
181.12292
157.9537
119.09412
67.858129
32.835319
20.355308
16.302887
14.128146
12.441316
11.000055
9.7574685
8.6738628
7.7234678
6.8981616
6.1802611
5.5506517
4.9951453
4.5009196
4.0578154
3.6603223
3.3045291
2.9879094
2.700466
2.4372032
2.1963724
1.9769068
1.7774092
1.5961837
1.4319848
1.2831979
1.1483891
1.0262157
0.9164085
0.82062624
0.74129412
0.67806986
0.62893951
0.59179362
0.5644568
0.54479898
0.53088351
0.52113868
0.51437
0.50971287
0.50655418
0.50446056
0.50312324
0.50233243
0.50194713
0.50186978
0.50203543
0.50240127
0.50294204
0.50364541
0.50450867
0.50553693
0.50674215
0.50814265
0.50976322
0.51163566
0.5137998
0.51630504
0.51921265
0.52259887
0.52655969
0.53121738
0.53672967
0.54330407
0.55122007
0.56086514
0.57279609
0.58785119
0.60736685
0.63363651
4243894.7
692968.25
216417.27
93642.629
48715.813
28474.942
18063.374
12210.047
8705.1101
6497.6487
5038.0907
4022.7269
3281.5788
2719.6036
2282.1001
1935.3953
1657.097
1431.3719
1246.5904
1094.0426
967.18976
860.89903
771.07481
694.68884
629.34413
573.14121
524.56719
482.4105
445.69605
413.63532
385.58877
361.0376
339.56279
320.83137
304.58966
290.66682
278.9333
269.1895
261.15033
254.40991
248.39117
242.32586
235.29216
226.29923
214.41778
199.25615
181.08852
156.01553
113.80346
61.699139
30.12281
19.732194
16.186959
14.099187
12.426335
10.988599
9.7477534
8.6652571
7.7161591
6.8921554
6.1751572
5.546651
4.9916928
4.4970458
4.0536188
3.6559359
3.3000559
2.9834766
2.696115
2.4329305
2.1921628
1.9727803
1.773381
1.5923245
1.428345
1.2798242
1.145345
1.0235518
0.91406593
0.81855001
0.73947832
0.67652077
0.6276737
0.59079201
0.56369175
0.54424003
0.53049884
0.52089472
0.51423836
0.50966794
0.50657668
0.50453609
0.50324079
0.50248457
0.50212865
0.50207735
0.50226699
0.50265583
0.50321939
0.50394598
0.50483334
0.50588695
0.50711909
0.50854836
0.51019979
0.51210539
0.51430519
0.51684877
0.51979751
0.52322771
0.52723531
0.5319423
0.53750583
0.54413217
0.55209852
0.56178785
0.57374817
0.58879976
0.60824024
0.63427217
4310175.2
703801.54
219800.29
95108.159
49482.838
28929.689
18359.73
12419.204
8863.0512
6623.2341
5141.2193
4108.7849
3353.8969
2780.5797
2333.6323
1979.0494
1694.1721
1462.9443
1273.5561
1117.161
987.12323
878.17647
786.09689
707.79881
640.83258
583.25335
533.51017
490.36011
452.80191
420.02554
391.37374
366.31321
344.41346
325.33301
308.81324
294.68309
282.80971
272.97029
264.84747
258.00271
251.81813
245.48403
238.04259
228.47282
215.85221
199.97386
180.95281
153.68203
108.03215
55.885278
27.911306
19.276892
16.10853
14.080835
12.416978
10.981312
9.7413148
8.6592623
7.7109364
6.8878414
6.1718013
5.5444696
4.9890544
4.4938076
4.049901
3.6518811
3.2957788
2.9791289
2.6917642
2.4286023
2.1878558
1.9685036
1.7691564
1.5882963
1.4244896
1.2762514
1.1421234
1.0207127
0.91156436
0.81634449
0.73754318
0.67488709
0.62635261
0.58974041
0.56289152
0.54365949
0.53009945
0.52064284
0.51410195
0.50961992
0.50659825
0.50461113
0.50335833
0.50263698
0.50231049
0.50228524
0.50249878
0.50291048
0.50349669
0.50424631
0.50515754
0.50623626
0.50749505
0.50895278
0.5106347
0.51257305
0.51480803
0.51738938
0.52037858
0.52385198
0.52790542
0.53266058
0.53827395
0.54495054
0.55296513
0.56269613
0.57468271
0.58972731
0.60908975
0.63488569
4378560.2
714968.5
223289.83
96620.221
50273.584
29398.109
18664.608
12633.952
9024.8073
6751.4463
5246.1856
4196.1668
3427.2002
2842.3133
2385.7694
2023.2011
1731.6649
1494.8732
1300.8294
1140.5588
1007.3306
895.7236
801.38155
721.16311
652.56721
593.60374
542.68364
498.53256
460.12325
426.62408
397.36013
371.78372
349.45315
330.01881
313.21783
298.88005
286.86943
276.93592
268.72491
261.76258
255.38984
248.75597
240.86979
230.68443
217.28233
200.66266
180.68917
150.88913
101.80636
50.517485
26.154934
18.95124
16.057792
14.071374
12.412854
10.978017
9.7380458
8.6558012
7.7076945
6.885135
6.1709864
5.5432473
4.98718
4.4911712
4.0466388
3.6481383
3.2916786
2.974845
2.6873925
2.4241989
2.1834239
1.9640447
1.7647614
1.5840471
1.4204124
1.2724611
1.138694
1.0176709
0.90889867
0.81400288
0.73548138
0.67317838
0.62495534
0.58864186
0.56205824
0.54305567
0.52968693
0.52038272
0.5139597
0.50956981
0.5066186
0.50468575
0.5034759
0.50278962
0.50249262
0.50249339
0.50273074
0.50316516
0.50377384
0.50454629
0.50548119
0.50658478
0.50786994
0.50935581
0.51106786
0.51303854
0.51530822
0.51792676
0.52095577
0.52447158
0.52856992
0.53337212
0.53903396
0.54575912
0.5538199
0.56359006
0.5755999
0.59063426
0.60991607
0.63547804
4448889.7
726454.75
226881.7
98178.402
51088.958
29880.805
18978.313
12854.545
9190.5185
6882.3948
5353.0856
4284.9516
3501.5616
2904.8744
2438.5733
2067.8994
1769.61
1527.1804
1328.4217
1164.2467
1027.8271
913.55648
816.94468
734.79719
664.56227
604.20524
552.0993
506.93852
467.66955
433.4393
403.55514
377.45536
354.68728
334.89385
317.80888
303.26428
291.11969
281.09234
272.78645
265.69176
259.10737
252.14039
243.76827
232.92543
218.69554
201.31765
180.26341
147.56693
95.178985
45.670888
24.785431
18.722785
16.028328
14.069599
12.413648
10.978546
9.7378009
8.6547394
7.7063589
6.8853644
6.1713369
5.5429109
4.9860192
4.4890977
4.0438035
3.6446827
3.2877294
2.9705971
2.6829734
2.4196924
2.1788249
1.9593779
1.7601722
1.5795236
1.4160951
1.26843
1.135037
1.0144168
0.90605889
0.81150745
0.73329692
0.67137877
0.6234852
0.58748911
0.5611919
0.54243054
0.52926207
0.52011401
0.51381232
0.50951738
0.5066377
0.50475998
0.50359353
0.50294247
0.502675
0.50270175
0.50296281
0.5034198
0.50405078
0.50484587
0.50580421
0.50693242
0.50824367
0.50975735
0.51149917
0.51350176
0.51580564
0.51846083
0.52152897
0.5250864
0.5292287
0.53407682
0.53978578
0.54655786
0.55466282
0.56446971
0.57649996
0.59152098
0.6107199
0.63605014
4521392
738297.77
230583.83
99783.734
51928.694
30377.689
19301.036
13081.052
9360.2527
7016.1434
5461.9705
4375.1943
3577.0308
2968.3048
2492.0731
2113.1625
1808.0209
1559.8723
1356.3321
1188.2254
1048.6207
931.68497
832.7976
748.71278
676.82953
615.06926
561.76786
515.58787
475.44984
440.47919
409.96594
383.33432
360.12117
339.9629
322.59147
307.84281
295.56764
285.44423
277.03464
269.79213
262.97144
255.63558
246.73194
235.18851
220.12124
201.95599
179.587
143.64487
88.22822
41.397617
23.738413
18.567843
16.016219
14.074615
12.419079
10.982731
9.7404445
8.655971
7.7078753
6.8875176
6.1727271
5.5433928
4.9855087
4.4875371
4.0413585
3.6414831
3.2839001
2.9663553
2.6784803
2.4150468
2.1740151
1.9545064
1.7553206
1.5747336
1.4114955
1.2641383
1.1311122
1.0109421
0.90303597
0.80882283
0.73101876
0.66947037
0.62193853
0.58628685
0.56028901
0.54178499
0.52882414
0.51983613
0.51366149
0.50946232
0.50665578
0.50483394
0.50371119
0.50309553
0.50285762
0.50291028
0.50319489
0.50367432
0.50432743
0.50514497
0.50612653
0.50727909
0.50861614
0.51015731
0.51192853
0.5139626
0.51630021
0.51899146
0.52209807
0.52569634
0.52988167
0.5347746
0.54052934
0.54734673
0.5554939
0.56533516
0.57738307
0.59238791
0.61150193
0.63660288
4596384
750528.52
234405.48
101439.84
52794.394
30889.745
19633.332
13313.788
9534.209
7152.8321
5572.9727
4467.0133
3653.7058
3032.6785
2546.3253
2159.0332
1846.9222
1592.9558
1384.5567
1212.4942
1069.7206
950.12041
848.95248
762.9224
689.3813
626.20764
571.7005
524.49111
483.47388
447.7529
416.60076
389.42796
365.76145
345.23186
327.57102
312.62198
300.21938
289.99634
281.47344
274.06582
266.9819
259.23902
249.75359
237.45836
221.54342
202.54901
178.59311
139.07095
81.055427
37.723364
22.955433
18.468717
16.01747
14.085732
12.428911
10.990423
9.745855
8.6598198
7.7123938
6.8909173
6.1750827
5.5446209
4.9855864
4.4864377
4.0392624
3.6385019
3.2801533
2.9620852
2.6738775
2.4102098
2.1689582
1.9493986
1.7501585
1.569652
1.4065988
1.2595421
1.1269266
1.0072449
0.8998228
0.80598365
0.72861057
0.66745101
0.62031754
0.58502892
0.5593529
0.54111948
0.52837066
0.51955144
0.51350613
0.50940517
0.50667293
0.50490758
0.50382894
0.50324878
0.50304043
0.50311893
0.50342696
0.50392865
0.50460371
0.50544349
0.50644803
0.5076247
0.50898726
0.5105556
0.51235584
0.51442097
0.5167918
0.51951856
0.52266297
0.5263013
0.53052874
0.53546537
0.54126457
0.54812567
0.55631315
0.56618649
0.57824945
0.59323543
0.6122628
0.63713708
4673538.2
763124.71
238346.61
103148.25
53687.192
31417.39
19975.164
13552.879
9712.496
7292.5506
5686.1579
4560.4533
3731.6181
3098.0191
2601.3455
2205.5185
1886.3096
1626.4164
1413.0758
1237.0426
1091.1295
968.86843
865.41713
777.43491
702.22728
637.63062
581.90732
533.65777
491.75071
455.26886
423.46758
395.74397
371.61544
350.70785
332.75418
317.60638
305.07958
294.75487
286.1078
278.51415
271.13666
262.94724
252.82763
239.72113
222.94948
203.06662
177.1998
133.81263
73.884526
34.650831
22.385802
18.411895
16.029535
14.102423
12.442914
11.001463
9.753871
8.6676545
7.7184589
6.8954795
6.1783321
5.5465214
4.9861807
4.4857387
4.0374672
3.6356968
3.2764497
2.9577532
2.6691198
2.405126
2.1636502
1.9439664
1.7446725
1.5642455
1.4013775
1.2546325
1.12245
1.0032909
0.89638433
0.80302127
0.72604845
0.66532605
0.61862344
0.58372026
0.55838594
0.54043121
0.5279025
0.51926035
0.51334675
0.50934603
0.5066893
0.50498107
0.5039468
0.50340222
0.50322341
0.5033276
0.50365896
0.50418271
0.50487955
0.50574136
0.50676866
0.50796916
0.50935694
0.51095211
0.51278101
0.51487676
0.51728034
0.52004201
0.52322357
0.52690119
0.53116981
0.53614905
0.54199141
0.54889466
0.55712057
0.56702381
0.57909933
0.59406391
0.61300315
0.63765353
4752918.5
776107.1
242406.59
104907.88
54606.842
31960.662
20326.874
13798.537
9895.3124
7435.4899
5801.6958
4655.6545
3810.8811
3164.416
2657.1983
2252.6543
1926.1969
1660.2496
1441.8726
1261.8622
1112.8522
987.93664
882.20097
792.26094
715.37827
649.34865
592.39834
543.09761
500.2894
463.03542
430.57411
402.28952
377.69012
356.39789
338.14843
322.80443
310.15686
299.72659
290.9411
283.13614
275.43083
266.75402
255.94897
241.96627
224.32813
203.46979
175.31386
127.86581
67.053882
32.186825
21.985322
18.387265
16.050601
14.124258
12.460867
11.015687
9.7660686
8.6778341
7.7259561
6.9011353
6.1823996
5.5490209
4.9872247
4.4853811
4.0359185
3.6330177
3.2727487
2.9533173
2.6641441
2.399724
2.1580408
1.9381542
1.7388268
1.5584727
1.3957972
1.2493798
1.1176597
0.99907029
0.89273802
0.79986705
0.723337
0.663094
0.6168452
0.58236161
0.55738916
0.5397207
0.52742474
0.51896124
0.51318374
0.50928522
0.50670491
0.50505445
0.5040648
0.50355584
0.50340655
0.50353627
0.50389076
0.50443647
0.50515489
0.5060385
0.50708831
0.50831239
0.50972509
0.51134676
0.51320393
0.51532988
0.5177657
0.52056174
0.52377978
0.52749589
0.53180479
0.53682556
0.5427098
0.54965367
0.55791619
0.5678472
0.57993289
0.59487375
0.61372358
0.63815296
4834830.3
789505.06
246589.35
106720.17
55554.303
32520.173
20688.869
14050.918
10082.746
7581.714
5919.6357
4752.6612
3891.5341
3231.8955
2713.8956
2300.4441
1966.5756
1694.4331
1470.9223
1286.9428
1134.8935
1007.3325
899.31434
807.41225
728.84637
661.37315
603.18455
552.8206
509.09904
471.06104
437.92832
409.07226
383.99319
362.31011
343.7626
328.22571
315.46042
304.91831
295.97639
287.93021
279.85807
270.64964
259.10901
244.18201
225.63028
203.69502
172.87866
121.26012
60.695099
30.246011
21.712639
18.386843
16.079317
14.150864
12.48254
11.033472
9.7822633
8.6897758
7.734811
6.907808
6.187209
5.5520432
4.9886455
4.4852959
4.0345532
3.6304106
3.268978
2.9487249
2.6588824
2.3940155
2.1520279
1.9319441
1.7325768
1.552295
1.3898228
1.2437536
1.1125349
0.99458266
0.88886971
0.79651105
0.72047627
0.66074378
0.61499178
0.58095678
0.55635551
0.53898776
0.52693462
0.51865576
0.51301751
0.50922275
0.50672007
0.50512784
0.50418297
0.50370964
0.50358971
0.5037449
0.50412235
0.50468983
0.50542963
0.50633483
0.50740691
0.50865428
0.51009161
0.51173945
0.51362451
0.51578023
0.5182478
0.52107762
0.52433148
0.52808533
0.53243359
0.53749483
0.54341968
0.55040267
0.55870004
0.56865676
0.58075036
0.59566535
0.61442466
0.63863608
4919531
803319.28
250900.4
108588.81
56530.549
33096.447
21061.361
14310.278
10275.022
7731.4058
6040.1245
4851.5904
3973.6645
3300.5222
2771.4811
2348.9101
2007.4489
1728.9549
1500.2081
1312.2827
1157.2641
1027.0681
916.77018
822.9021
742.64437
673.71654
614.27699
562.83645
518.18836
479.35359
445.5376
416.09976
390.5328
368.45378
349.60724
333.88159
321.00055
310.33665
301.21569
292.89393
284.41151
274.62197
262.29063
246.33498
226.8413
203.71328
169.80221
114.04034
54.91262
28.743653
21.535099
18.404745
16.114676
14.181896
12.507681
11.056487
9.800594
8.7033581
7.7449408
6.9154206
6.1926809
5.5555078
4.9903721
4.4854115
4.0333003
3.6278227
3.2651149
2.9439017
2.6532819
2.3879212
2.1455594
1.925289
1.7258683
1.5456636
1.3834083
1.2377127
1.1070481
0.98981005
0.88474164
0.7929615
0.71745475
0.65827976
0.61306448
0.57950243
0.55528145
0.53823928
0.52643268
0.51834421
0.51284851
0.50915915
0.50673491
0.5052013
0.50430133
0.50386361
0.50377294
0.50395336
0.50435367
0.50494273
0.50570369
0.50663026
0.50772435
0.50899476
0.51045641
0.51213008
0.51404265
0.51622771
0.51872653
0.52158958
0.52487859
0.5286694
0.53305614
0.53815678
0.54412099
0.55114165
0.55947214
0.56945259
0.58155195
0.59643905
0.61510698
0.63910352
5006876.5
817544.59
255343.85
110514.09
57535.964
33689.628
21444.561
14576.796
10472.236
7884.6517
6163.2569
4952.5255
4057.3423
3370.3538
2829.9982
2398.0769
2048.8206
1763.8029
1529.7202
1337.8884
1179.981
1047.1612
934.58541
838.74573
756.78593
686.3905
625.68544
573.15359
527.56454
487.91932
453.40791
423.37827
397.31653
374.83872
355.69494
339.78538
326.78762
315.98642
306.65875
298.02346
289.08362
278.65854
265.48323
248.469
227.98214
203.40593
165.98177
106.28679
49.780659
27.60249
21.42886
18.437864
16.155895
14.21702
12.537565
11.083083
9.820871
8.7184494
7.7562572
6.9238857
6.1987238
5.5593334
4.9923237
4.4856445
4.032084
3.6251974
3.2610909
2.9387594
2.647322
2.3813343
2.1386138
1.9181349
1.7186531
1.5385331
1.3765159
1.2312445
1.1012368
0.98467902
0.88035109
0.78918963
0.71427113
0.65570478
0.61106589
0.57798634
0.55418124
0.5374696
0.52592062
0.51802761
0.51267669
0.50909467
0.50674964
0.50527494
0.50441995
0.50401764
0.50395619
0.50416167
0.50458466
0.5051951
0.50597702
0.50692471
0.50804057
0.50933374
0.5108194
0.51251856
0.51445826
0.51667222
0.5192018
0.52209749
0.52542101
0.52924802
0.53367233
0.53881135
0.5448137
0.55187057
0.56023252
0.5702348
0.58233789
0.59719524
0.61577106
0.63955594
5096538.7
832192.48
259919.77
112496.38
58571.365
34300.31
21838.759
14850.639
10674.577
8041.6105
6289.1595
5055.5781
4142.672
3441.4732
2889.51
2447.9876
2090.7141
1798.9855
1559.4682
1363.783
1203.0722
1067.6352
952.77954
854.95974
771.28508
699.40694
637.42053
583.78144
537.23597
496.766
461.54647
430.91484
404.35196
381.47472
362.04057
345.95266
332.83069
321.86925
312.30322
303.31432
293.86607
282.74231
268.65854
250.55487
229.01483
202.69642
161.33637
98.116007
45.340361
26.754901
21.376768
18.482628
16.202303
14.255876
12.573048
11.111985
9.8429247
8.7349256
7.7686543
6.9331031
6.2052408
5.5634324
4.9944137
4.4859018
4.0308269
3.6224666
3.2568075
2.933229
2.6408821
2.3742165
2.1311007
1.9104186
1.7108705
1.5308459
1.3691008
1.2243343
1.0950563
0.97921643
0.87569262
0.78519358
0.71092618
0.65302288
0.60898832
0.57641215
0.55305035
0.53668222
0.52539924
0.51770566
0.51250295
0.50902967
0.50676444
0.50534883
0.50453889
0.50417179
0.50413933
0.50436979
0.50481526
0.50544686
0.5062495
0.50721809
0.50835547
0.50967112
0.51118048
0.51290479
0.51487124
0.51711366
0.5196735
0.52260128
0.52595863
0.52982109
0.5342821
0.53945846
0.54549775
0.55258944
0.56098121
0.5710035
0.58310836
0.59793425
0.61641746
0.63999391
5188572.4
847252.23
264627.33
114536.08
59636.7
34928.758
22244.056
15131.865
10882.13
8202.3525
6417.899
5160.8349
4229.7303
3513.9551
2950.0877
2498.7093
2133.1916
1834.5644
1589.5225
1390.0371
1226.587
1088.52
971.37175
871.55737
786.15225
712.77548
649.492
594.73036
547.21384
505.90532
469.96506
438.72089
411.64995
388.37286
368.65956
352.39465
339.13246
327.98476
318.14836
308.76486
298.75256
286.8559
271.78457
252.56498
229.90474
201.48933
155.80277
89.671819
41.599523
26.14347
21.365312
18.536774
16.253342
14.300188
12.611907
11.142954
9.8665849
8.7526327
7.7820129
6.9429601
6.2121245
5.5677059
4.9965378
4.486085
4.0294495
3.6195293
3.2521406
2.927265
2.6338583
2.3665371
2.1229834
1.9020811
1.7024628
1.5225486
1.3611317
1.2170042
1.0883716
0.97340976
0.87071704
0.7809716
0.70742281
0.65022145
0.60681659
0.5748014
0.55188766
0.53587875
0.52487024
0.51737996
0.51232782
0.50896446
0.50677951
0.50542311
0.50465799
0.50432608
0.50432242
0.50457766
0.50504539
0.50569794
0.50652108
0.50751033
0.50866896
0.5100068
0.51153957
0.51328868
0.51528149
0.51755194
0.52014155
0.52310083
0.52649138
0.53038853
0.53488537
0.54009805
0.5461731
0.55329823
0.56171827
0.57175879
0.58386361
0.59865647
0.61704666
0.64041801
5283463.1
862758.8
269475.67
116636.92
60733.445
35575.462
22660.932
15420.913
11095.153
8367.0759
6549.6595
5268.436
4318.6423
3587.9247
3011.8653
2550.4
2176.4609
1870.847
1620.3693
1416.99
1250.5133
1109.8032
990.35331
888.5352
801.38948
726.50257
661.90964
606.0128
557.51252
515.35321
478.68103
446.81471
419.22856
395.54775
375.55552
359.11314
345.70119
334.34183
324.19849
314.37201
303.7334
290.98161
274.82772
254.47854
230.6164
199.66398
149.35165
81.49779
38.584809
25.721828
21.385223
18.598609
16.308415
14.350309
12.653147
11.175758
9.8916473
8.7714031
7.7961915
6.9533322
6.21926
5.5720327
4.9985371
4.4860979
4.0278126
3.61624
3.2469831
2.9206936
2.6262253
2.358223
2.1141883
1.8930174
1.6933674
1.5136009
1.3526259
1.209134
1.0812299
0.96720948
0.86542764
0.7765249
0.70375332
0.64730173
0.60456654
0.5731392
0.55069689
0.53506093
0.52433252
0.51705122
0.5121519
0.50889941
0.50679502
0.50549795
0.50477735
0.50448031
0.50450545
0.50478523
0.50527499
0.50594827
0.50679167
0.50780133
0.50898096
0.51034072
0.51189657
0.51367014
0.51568892
0.51798696
0.52060583
0.52359607
0.52701916
0.53095025
0.53548205
0.54073005
0.5468397
0.55399695
0.56244371
0.57250079
0.58460381
0.5993622
0.61765916
0.64082877
5381498.4
878748.14
274470.28
118800.53
61862.978
36240.979
23089.676
15717.993
11313.849
8536.0008
6684.5988
5378.4788
4409.4444
3663.3484
3074.7385
2602.8795
2220.2574
1907.4873
1651.5807
1444.3534
1274.8198
1131.4721
1009.7235
905.89979
817.00681
740.59972
674.68537
617.64044
568.14368
525.12165
487.70735
455.21137
427.10565
403.02001
382.74942
366.12582
352.5473
340.9388
330.43977
320.11711
308.79498
295.11207
277.75724
256.27578
231.10234
197.08106
141.9977
73.823845
36.214138
25.4419
21.428416
18.666797
16.368743
14.404311
12.696436
11.210104
9.9179155
8.791091
7.8110332
6.9640874
6.2265173
5.5762848
5.0003246
4.4858478
4.025815
3.612419
3.2412174
2.9134151
2.6179245
2.3491917
2.1046426
1.8831836
1.6834801
1.503926
1.3435397
1.2006382
1.0736357
0.9605954
0.85982478
0.77185065
0.69992452
0.6442594
0.60225249
0.57142898
0.54948042
0.534228
0.52378884
0.51672061
0.51197581
0.50883487
0.5068112
0.50557317
0.50489708
0.50463464
0.50468837
0.50499245
0.50550399
0.50619776
0.50706119
0.508091
0.50929137
0.51067276
0.51225139
0.51404906
0.51609343
0.51841862
0.52106627
0.52408688
0.52754188
0.53150617
0.53607208
0.54135441
0.54749753
0.55468558
0.5631576
0.57322962
0.58532921
0.60005182
0.61825542
0.64122667
5482064.3
895165.48
279600.16
121022.8
63023.785
36925.07
23530.36
16023.067
11538.264
8709.1942
6822.7878
5491.0252
4502.1832
3740.2463
3138.6964
2656.1085
2264.5211
1944.4237
1683.1089
1472.1099
1299.5196
1153.5389
1029.4945
923.66334
833.01661
755.07956
687.83168
629.62549
579.11902
535.22225
497.05631
463.92507
435.2996
410.81397
390.26804
373.45127
359.67469
347.76676
336.85719
325.9823
313.91832
299.23784
280.58451
257.91254
231.23204
193.64639
133.81515
66.800392
34.377911
25.270412
21.490076
18.740248
16.435
14.460702
12.741484
11.245719
9.9451763
8.8115249
7.8263717
6.9750825
6.2337492
5.5803165
5.0017866
4.4852105
4.0232409
3.6079074
3.2346296
2.9053891
2.6088562
2.3393532
2.0942598
1.8725042
1.6727819
1.4935801
1.3337491
1.1915538
1.0655162
0.95354842
0.85392352
0.76694233
0.69591536
0.6411065
0.59986414
0.56967627
0.54824222
0.53338295
0.52324036
0.51638888
0.51180016
0.50877118
0.50682837
0.5056489
0.50501696
0.50478911
0.50487114
0.50519925
0.50573232
0.50644635
0.50732956
0.50837928
0.5096001
0.51100284
0.51260393
0.51442536
0.51649492
0.51884684
0.52152276
0.52457319
0.52805944
0.5320562
0.53665537
0.54197108
0.54814655
0.55536413
0.56385997
0.57394537
0.58604
0.60072564
0.61883591
0.64161223
5585453
912056.56
284876.07
123308.84
64217.045
37628.293
23983.251
16336.46
11768.635
8886.7891
6964.3166
5606.1501
4596.9139
3818.657
3203.754
2710.0737
2309.2232
1981.6408
1714.9662
1500.2839
1324.6343
1176.024
1049.6864
941.84625
849.4397
769.96286
701.3689
641.98742
590.45695
545.67221
506.74411
472.9727
443.83236
418.96859
398.14104
381.09138
367.07246
354.81287
343.43785
331.94927
319.07439
303.32529
283.32267
259.37533
230.87322
189.23023
124.90607
60.533132
32.97861
25.178122
21.56522
18.817972
16.506618
14.519085
12.788014
11.282379
9.9731956
8.8325017
7.8420276
6.9861586
6.2407862
5.5839911
5.0028167
4.483998
4.0198596
3.602485
3.2271221
2.8964663
2.5989195
2.3286185
2.0829605
1.86092
1.6612692
1.482503
1.3231983
1.1818743
1.0568369
0.94606129
0.84767713
0.76181514
0.69172729
0.63785424
0.59740545
0.56788564
0.54698591
0.5325282
0.5226889
0.51605718
0.51162559
0.50870872
0.50684635
0.50572536
0.50513714
0.50494369
0.50505371
0.50540557
0.50595992
0.50669394
0.50759669
0.50866606
0.50990708
0.51133086
0.5129541
0.51479895
0.51689331
0.5192715
0.52197521
0.5250549
0.52857177
0.53260026
0.53723186
0.54257999
0.54878672
0.5560326
0.56455088
0.57464818
0.58673638
0.60138397
0.61940107
0.64198586
5691702
929417.27
290302.41
125659.87
65443.997
38351.225
24448.619
16658.487
12005.23
9069.0047
7109.3905
5724.0086
4693.7257
3898.6213
3269.9149
2764.7482
2354.3278
2019.1208
1747.1658
1528.8988
1350.1861
1198.9476
1070.3189
960.46932
866.29847
785.27344
715.3226
654.75372
602.18712
556.5033
516.80389
482.38516
452.72447
427.47771
406.3553
389.04758
374.74881
362.08112
350.17468
337.99788
324.22979
307.32976
285.92638
260.6094
229.92274
183.72455
115.42591
55.083724
31.932306
25.145166
21.651634
18.901454
16.580881
14.579078
12.835719
11.31979
10.001672
8.8538116
7.8578069
6.9971242
6.247457
5.5871917
5.0032532
4.4819263
4.0154621
3.595947
3.2186073
2.8865463
2.5879861
2.3168622
2.0706203
1.8483208
1.6489015
1.4705491
1.3119037
1.1715196
1.0475681
0.93811567
0.84109395
0.75642732
0.68739693
0.63448751
0.59488239
0.56606199
0.54570534
0.53166651
0.52213591
0.51572636
0.51145265
0.50864803
0.50686519
0.50580229
0.50525777
0.50509836
0.50523603
0.50561136
0.50618671
0.50694048
0.5078625
0.50895126
0.51021221
0.51165675
0.51330181
0.51516972
0.51728849
0.51969253
0.52242353
0.52553192
0.52907877
0.53313828
0.53780149
0.54318109
0.54941801
0.55669099
0.56523037
0.57533815
0.58741857
0.60202713
0.61995131
0.64234803
5800616.8
947217.74
295870.48
128072.58
66703.962
39093.495
24926.463
16989.04
12248.022
9255.9191
7258.082
5844.6583
4792.6773
3980.1773
3337.1916
2820.1219
2399.8193
2056.8733
1779.74
1557.9883
1376.2039
1222.3354
1091.4145
979.55263
883.61164
801.03015
729.71259
667.94572
614.33258
567.74082
527.26391
492.19547
462.01511
436.38224
414.94193
397.33062
382.69274
369.5478
357.04223
344.10236
329.34768
311.19328
288.35153
261.57459
228.25378
177.04472
105.5715
50.470266
31.168751
25.156308
21.746238
18.990009
16.657028
14.640281
12.884264
11.357619
10.030343
8.8752328
7.8734747
7.0077564
6.2536126
5.5897892
5.0028244
4.4787169
4.0097625
3.5882125
3.2089385
2.8754942
2.5759422
2.303984
2.0571705
1.8347379
1.6355481
1.4576854
1.2998408
1.1604291
1.0377025
0.92968422
0.83418481
0.75080049
0.68291965
0.63101506
0.59229519
0.56420366
0.54441406
0.53080066
0.52158336
0.51539758
0.51128149
0.50858881
0.50688539
0.5058799
0.50537889
0.5052531
0.50541805
0.50581654
0.50641262
0.50718587
0.50812691
0.5092348
0.51051539
0.5119804
0.51364697
0.51553758
0.51768038
0.52010982
0.52286762
0.52600416
0.52958037
0.53367018
0.53836417
0.54377433
0.5500404
0.5573393
0.5658985
0.5760154
0.58808675
0.60265544
0.62048704
0.64269913
5912937.9
965542.2
301594.8
130552.59
67998.633
39855.992
25417.438
17328.584
12497.305
9447.7391
7410.5314
5968.1966
4893.8234
4063.3399
3405.5648
2876.1497
2445.659
2094.8968
1812.7193
1587.5902
1402.7255
1246.2254
1113.0127
999.13639
901.41907
817.27102
744.57311
681.59278
626.91799
579.40583
538.14505
502.431
471.75196
445.7184
423.9041
405.92522
390.87827
377.19169
364.02737
350.25153
334.40346
314.85092
290.56692
262.23662
225.69365
169.15074
95.747534
46.671393
30.630631
25.200245
21.846961
19.082635
16.73451
14.70226
12.933246
11.395489
10.058901
8.8964905
7.888745
7.0178442
6.2591306
5.5915557
5.0011594
4.4740807
4.0026263
3.5791555
3.1979617
2.8631718
2.5626041
2.2898686
2.042545
1.8200803
1.6211792
1.4438905
1.2869263
1.1485707
1.027221
0.92080745
0.82692165
0.74498918
0.67827168
0.62744463
0.58965447
0.56232159
0.54310865
0.52993347
0.52103284
0.51507091
0.51111337
0.50853142
0.50690677
0.50595849
0.50550046
0.50540789
0.50559974
0.50602105
0.50663757
0.50743004
0.50838984
0.50951659
0.51081655
0.51230173
0.51398948
0.51590245
0.51806888
0.52052328
0.52330739
0.52647153
0.53007647
0.53419587
0.53891986
0.54435966
0.55065387
0.55797754
0.56655531
0.57668004
0.58874113
0.60326918
0.62100866
0.64303957
6028206.9
984351.08
307466.72
133096.7
69326.941
40638.535
25921.3
17677.096
12753.13
9644.5144
7566.8167
6094.6979
4997.207
4148.1257
3475.0175
2932.8046
2491.8395
2133.2292
1846.168
1617.7693
1429.8131
1270.676
1135.1681
1019.272
919.7697
834.04265
759.94905
695.73802
639.98392
591.53499
549.47684
513.10893
481.9316
455.48072
433.26626
414.85294
399.27742
384.98689
371.10564
356.42708
339.38498
318.27616
292.58476
262.50913
222.01189
160.07523
86.518565
43.663374
30.270368
25.269523
21.952031
19.178242
16.812745
14.764524
12.982245
11.433026
10.086978
8.9172342
7.9033028
7.0271991
6.2637979
5.5920601
4.9979275
4.4677922
3.9939757
3.5686113
3.1855195
2.8494207
2.5478441
2.2743583
2.0266705
1.8042182
1.6057244
1.4291398
1.2730683
1.135929
1.0161049
0.91145236
0.81932222
0.7389581
0.67347692
0.62378501
0.58696307
0.56040687
0.54179662
0.52906765
0.52048468
0.51474813
0.51094847
0.50847642
0.50692949
0.50603818
0.5056225
0.50556271
0.50578103
0.50622483
0.5068615
0.50767291
0.5086512
0.50979655
0.51111559
0.51262064
0.51432925
0.51626422
0.51845389
0.52093283
0.52374276
0.52693394
0.53056699
0.53471529
0.53946848
0.54493704
0.55125838
0.55860573
0.56720088
0.57733221
0.58938191
0.60386864
0.62151653
0.64336969
6146267.6
1003630.3
313486.2
135705.81
70688.995
41441.179
26438.101
18034.68
13015.684
9846.4229
7727.0697
6224.2487
5102.8724
4234.5326
3545.5177
2990.0423
2538.3467
2171.9023
1880.1383
1648.5753
1457.5157
1295.7341
1157.9252
1040.0025
938.70505
851.38468
775.8782
710.41822
653.56711
604.16596
561.29844
524.26577
492.56558
465.64417
442.95769
424.03511
407.85631
392.89756
378.24336
362.60366
344.29696
321.55998
294.33034
262.10577
217.04971
149.95182
78.085251
41.328788
30.043234
25.357388
22.059814
19.275589
16.891052
14.826479
13.030795
11.469714
10.114072
8.9370317
7.9168524
7.0355713
6.2671527
5.5908411
4.9927941
4.459774
3.9836393
3.5563635
3.1714635
2.8340685
2.5314952
2.2573603
2.0094009
1.7871595
1.5891122
1.4133083
1.2582353
1.1224658
1.0043869
0.90157472
0.81143494
0.73267677
0.66853617
0.62004649
0.58423548
0.55847507
0.54047992
0.5282037
0.51994227
0.51443087
0.51078698
0.50842388
0.50695414
0.50611901
0.50574501
0.5057175
0.50596188
0.50642781
0.50708432
0.50791439
0.5089109
0.51007457
0.51141243
0.51293705
0.5146662
0.51662282
0.51883534
0.52133837
0.52417363
0.52739131
0.53105186
0.53522836
0.54000998
0.54550641
0.55185391
0.55922387
0.56783524
0.577972
0.59000927
0.6044541
0.62201103
0.64368989
6267369.2
1023404.7
319660.97
138380.76
72085.859
42264.119
26968.133
18401.458
13285.058
10053.585
7891.422
6356.9656
5210.9255
4322.6475
3617.1209
3047.9119
2585.2623
2211.0414
1914.7644
1680.1341
1485.9512
1321.5083
1181.382
1061.4137
958.29822
869.35773
792.40852
725.66911
667.69317
617.31962
573.63728
535.96147
503.68663
476.17748
452.92629
433.42367
416.57759
400.89596
385.40721
368.72461
349.05356
324.61312
295.71177
260.89201
210.6632
138.96483
70.582719
39.539876
29.915801
25.458662
22.168962
19.373011
16.968645
14.887427
13.078233
11.504842
10.139602
8.9554664
7.9290729
7.0423875
6.2685376
5.5874597
4.9857049
4.4499361
3.9714722
3.5423219
3.1556408
2.8169603
2.5134692
2.2387928
1.9907727
1.7687743
1.5713311
1.3962862
1.2423624
1.10819
0.99200109
0.89126282
0.8032068
0.72617556
0.66346613
0.61624311
0.5814716
0.55653373
0.53916458
0.52734593
0.51940676
0.51411964
0.51062963
0.50837374
0.50698093
0.50620106
0.50586802
0.50587225
0.50614222
0.50662992
0.50730597
0.5081544
0.50916887
0.51035059
0.51170697
0.51325087
0.51500023
0.51697814
0.51921311
0.52173981
0.52459992
0.52784355
0.53153099
0.53573501
0.54054429
0.54606775
0.55244046
0.55983198
0.56845847
0.57859954
0.5906234
0.60502585
0.6224925
0.64400047
6391154.4
1043625.3
325980.79
141118.95
73516.227
43107.301
27511.376
18777.589
13561.449
10266.184
8060.0184
6492.9639
5321.4375
4412.4903
3689.82
3106.4141
2632.6398
2250.7598
1950.1798
1712.571
1515.2431
1348.1175
1205.6508
1083.6103
978.64473
888.04718
809.61515
741.55475
682.41333
631.02875
586.49271
548.12234
515.19924
487.02038
463.13435
442.99399
425.42387
408.96556
392.57255
374.7458
353.5813
327.37565
296.66737
258.6908
202.70675
127.36132
64.083384
38.188158
29.861275
25.568498
22.277426
19.469024
17.044551
14.946474
13.1234
11.537662
10.163201
8.9721302
7.9393859
7.0467462
6.267354
5.5818469
4.9766092
4.4380884
3.9573052
3.5263258
3.1378586
2.7978853
2.4936089
2.2185799
1.9706954
1.7489659
1.5521347
1.3779959
1.2254705
1.093127
0.97891871
0.88050832
0.79462572
0.71947024
0.65828136
0.61238646
0.57868475
0.5545904
0.53785573
0.52649708
0.51887998
0.51381408
0.51047663
0.50832695
0.50700992
0.50628438
0.50599149
0.5060269
0.506322
0.50683109
0.50752635
0.50839287
0.50942502
0.51062451
0.51199913
0.51356199
0.51533124
0.51733009
0.51958713
0.52213706
0.52502154
0.52829059
0.53200432
0.53623518
0.54107135
0.546621
0.55301799
0.56043007
0.5690706
0.57921493
0.5912245
0.60558416
0.62296127
0.64430176
6517679
1064301.6
332446.99
143921.09
74979.463
43970.005
28067.469
19162.898
13844.787
10484.233
8232.9273
6632.331
5434.4976
4504.1538
3763.7068
3165.6762
2680.6731
2291.2959
1986.6156
1746.0978
1545.5832
1375.729
1230.8724
1106.7051
999.8296
907.51226
827.53452
758.09533
697.74183
645.31912
599.93439
560.7916
527.0694
498.10249
473.50605
452.68355
434.3541
417.08241
399.71536
380.61592
357.75729
329.78994
297.15935
255.26512
193.08708
115.44624
58.600665
37.182948
29.856993
25.682648
22.383595
19.561026
17.117609
15.002541
13.16522
11.567315
10.184228
8.986263
7.9465756
7.0478406
6.263478
5.5739657
4.9652958
4.4240086
3.9409751
3.508151
3.1178619
2.7766984
2.4718133
2.1967627
1.9489882
1.7277088
1.5314595
1.3584253
1.2075436
1.0771895
0.96527866
0.86924584
0.78572508
0.71258577
0.65300194
0.60847519
0.57588603
0.55265264
0.53655833
0.52565983
0.51836373
0.5135155
0.51032778
0.50828402
0.50704124
0.50636896
0.50611541
0.50618139
0.50650114
0.50703124
0.5077454
0.50862972
0.50967925
0.51089624
0.51228882
0.51387035
0.51565916
0.51767859
0.5199573
0.52253003
0.5254384
0.52873233
0.53247175
0.53672879
0.54159112
0.54716614
0.55358649
0.56101815
0.56967172
0.57981831
0.59181274
0.60612927
0.62341768
0.64459404
6647213.6
1085469.6
339059.43
146787.56
76476.303
44852.689
28636.959
19557.894
14135.619
10708.268
8410.617
6775.4645
5550.4456
4597.922
3839.0367
3225.9839
2729.7067
2333.0312
2024.4269
1781.0077
1577.2202
1404.5488
1257.2103
1130.8211
1021.9388
927.80478
846.18833
775.28468
713.64335
660.11544
613.81254
573.79223
539.15564
509.32274
483.97917
462.46058
443.35668
425.2433
406.83176
386.32708
361.61116
331.87907
296.98241
250.26014
181.79438
103.61715
54.096597
36.448739
29.88685
25.797016
22.485243
19.645748
17.1863
15.054298
13.202651
11.592988
10.201655
8.9962424
7.9496144
7.045552
6.2568497
5.5635095
4.9516023
4.4075372
3.9222224
3.4875166
3.0954983
2.7532644
2.4481339
2.1732103
1.9256202
1.7047451
1.5092409
1.3375677
1.1885698
1.0603809
0.95099448
0.85748568
0.77652338
0.70554581
0.64763883
0.60453118
0.57308487
0.55072726
0.53527726
0.52483747
0.51785731
0.51322451
0.51018463
0.50824503
0.50707495
0.50645478
0.50623977
0.50633568
0.5066796
0.50723031
0.50796304
0.50886485
0.5099315
0.5111657
0.51257594
0.51417584
0.51598388
0.51802354
0.52032354
0.52291863
0.52585041
0.5291687
0.53293322
0.53721578
0.54210354
0.54770311
0.55414596
0.56159625
0.57026186
0.58040976
0.59238831
0.60666143
0.62386203
0.64487765
6779925.4
1107121.3
345822.14
149717.36
78006.168
45755.126
29219.381
19962.209
14433.636
10938.157
8593.2223
6922.7584
5669.88
4694.5436
3916.7099
3288.4252
2781.0809
2377.6228
2064.895
1817.8296
1610.5675
1434.8863
1284.8794
1156.0886
1045.0294
948.92368
865.53572
793.065
730.07318
675.43004
628.08402
586.99242
551.33453
520.5928
494.49835
472.28955
452.40263
433.41496
413.88324
391.84473
365.14824
333.53696
295.81465
243.33408
168.96905
92.627518
50.482255
35.929258
29.939433
25.907168
22.579571
19.719604
17.247998
15.10031
13.234298
11.613117
10.213372
9.000895
7.9485669
7.039881
6.2472298
5.5503039
4.9352898
4.388436
3.900782
3.4642126
3.0705106
2.7276425
2.4225503
2.1477269
1.9003966
1.6799615
1.4854671
1.3154791
1.1684934
1.0428201
0.93600538
0.84525629
0.76704913
0.69837409
0.64221867
0.60057319
0.5702932
0.54882147
0.53401638
0.52403342
0.51736241
0.51294058
0.51004807
0.50821021
0.50711114
0.50654186
0.50636452
0.5064897
0.50685729
0.50742822
0.50817918
0.50909818
0.51018166
0.5114328
0.51286042
0.51447837
0.51630533
0.51836485
0.52068576
0.52330278
0.5262575
0.52959962
0.53338865
0.53769608
0.54260855
0.54823188
0.55469637
0.56216437
0.5708411
0.58098942
0.59295138
0.60718091
0.62429461
0.64515283
6915288.1
1129209.7
352721.93
152706.8
79568.41
46677.825
29815.862
20377.471
14740.778
11175.903
8782.6156
7075.8001
5794.0289
4794.8805
3997.2827
3353.3617
2835.0347
2425.1659
2108.0332
1856.5709
1645.5651
1466.6111
1313.6833
1182.2543
1068.8048
970.54364
885.23517
811.0866
746.67272
690.81611
642.32922
600.13144
563.46149
531.84198
505.02985
482.14883
461.46556
441.54864
420.78788
397.05834
368.27088
334.56586
293.31347
234.24294
154.85682
82.681943
47.623079
35.560321
30.000685
26.007936
22.66305
19.783321
17.295256
15.137968
13.257695
11.625429
10.218603
9.0005658
7.9434066
7.0304762
6.2343108
5.5340681
4.9160927
4.3663815
3.8763513
3.4380074
3.0430307
2.6998723
2.3947876
2.1201653
1.8730447
1.653256
1.4600768
1.2920219
1.1473998
1.0243463
0.9203602
0.83258012
0.75733326
0.69109285
0.63676196
0.59661715
0.56752106
0.54694187
0.53278041
0.52324664
0.51688039
0.51266612
0.50991821
0.50817965
0.50714982
0.50663018
0.50648962
0.50664339
0.50703414
0.50762489
0.50839375
0.50932964
0.51042966
0.51169745
0.51314216
0.51477787
0.51662341
0.51870245
0.52104386
0.5236824
0.52665958
0.530025
0.53383797
0.53816963
0.54310611
0.54875243
0.55523772
0.56272255
0.57140949
0.58155738
0.59350211
0.60768792
0.62471574
0.64541985
7052906.1
1151687.9
359747.24
155751.58
81159.979
47618.181
30424.495
20802.163
15056.277
11421.583
8979.7163
7236.2482
5924.9801
4901.1016
4082.7384
3422.4407
2892.7408
2476.198
2154.2304
1897.7962
1682.5026
1499.7757
1343.4874
1209.0515
1092.9201
992.28915
904.92042
829.02617
763.19421
706.08613
656.40885
613.1319
575.50932
543.0676
515.56843
492.0212
470.52168
449.59551
427.44462
401.77127
370.84668
334.86174
289.12495
222.69913
139.73974
73.886904
45.375501
35.295075
30.060921
26.093127
22.731107
19.83336
17.330054
15.158495
13.267881
11.630123
10.217782
8.9949778
7.9336706
7.0170177
6.2177869
5.5144685
4.893594
4.3409664
3.8486714
3.4089628
3.013097
2.6698217
2.3647279
2.090223
1.8434476
1.6246114
1.4331392
1.267153
1.1252232
1.0052662
0.90455464
0.81970232
0.74738939
0.68373367
0.6312932
0.59268179
0.56478007
0.54509485
0.53157901
0.52247922
0.5164106
0.51240273
0.50979545
0.50815351
0.50719104
0.50671974
0.50661504
0.50679669
0.50721009
0.50782024
0.50860666
0.50955914
0.51067541
0.51195958
0.51342108
0.51507423
0.51693803
0.51903623
0.52139777
0.52405739
0.52705657
0.53044478
0.53428111
0.53863637
0.54359616
0.54926472
0.55576999
0.5632708
0.57196709
0.58211377
0.5940407
0.60818271
0.62512565
0.64567896
7189478.1
1174014.1
366730.62
158781.77
82747.59
48560.971
31040.792
21238.27
15385.423
11681.501
9190.1365
7407.9647
6064.4991
5013.0569
4171.5486
3493.3361
2951.4679
2527.4009
2199.674
1937.6362
1717.6478
1530.9034
1371.1545
1233.7353
1115.0418
1012.2289
923.02448
845.60884
778.53223
720.37152
669.76433
625.65233
587.26538
554.12314
525.99377
501.79839
479.47849
457.46077
433.74313
405.88521
372.81317
334.11886
282.66466
208.43519
123.94777
66.258656
43.603004
35.093313
30.106903
26.154963
22.77745
19.864094
17.347964
15.164909
13.265721
11.623399
10.208901
8.9835868
7.9189968
6.9991587
6.1972404
5.4909995
4.8672812
4.3118618
3.8178028
3.3771035
2.9806631
2.6371738
2.3321104
2.0576631
1.8115524
1.5941019
1.4045533
1.2410723
1.1024038
0.98619372
0.88879575
0.8068784
0.73726298
0.67633201
0.6258359
0.58878365
0.56208951
0.54329374
0.53040719
0.52173568
0.51595762
0.51215054
0.5096799
0.50813179
0.50723479
0.50681044
0.5067407
0.50694954
0.50738505
0.5080142
0.50881783
0.50978659
0.51091883
0.51221908
0.51369709
0.51536738
0.5172491
0.51936612
0.52174739
0.52442767
0.52744838
0.53085887
0.534718
0.53909624
0.54407865
0.54976871
0.55629318
0.56380915
0.57251397
0.58265867
0.59456728
0.60866549
0.62552466
0.64593042
7302001.6
1192412.1
372484.27
161280.62
84061.978
49347.873
31561.981
21613.439
15673.238
11911.234
9376.5037
7559.0634
6185.6588
5108.6453
4246.2059
3552.4721
3000.5659
2570.5342
2238.0715
1971.2787
1747.4069
1557.4005
1394.9018
1255.1658
1134.5326
1030.116
939.61422
861.18622
793.27167
734.33388
682.97974
638.14179
599.0549
565.25722
536.52968
511.68532
488.48485
465.23868
439.72772
409.4809
374.11876
331.83798
273.15118
191.31032
107.86917
59.791313
42.210196
34.926388
30.128727
26.186836
22.797719
19.874077
17.349848
15.157987
13.252475
11.607534
10.190722
8.9634341
7.8984668
6.9763664
6.1720124
5.4629302
4.8365941
4.2789684
3.7836179
3.3422845
2.9453198
2.6015298
2.2963275
2.0222192
1.7771459
1.5615349
1.3742214
1.2138959
1.0795183
0.96711965
0.8730818
0.79412207
0.72716067
0.66889976
0.62040347
0.58493666
0.55944083
0.54153091
0.52925871
0.52100822
0.51552181
0.51191008
0.50957143
0.50811439
0.50728104
0.50690227
0.50686664
0.50710199
0.50755911
0.50820687
0.50902736
0.5100121
0.51116003
0.51247607
0.51397029
0.51565742
0.51755674
0.51969221
0.52209283
0.52479335
0.52783513
0.53126737
0.53514874
0.53954934
0.54455371
0.55026454
0.55680742
0.56433773
0.57305029
0.58319233
0.59508212
0.60913657
0.62591301
0.64617443
7410857.7
1210170.8
378039.52
163692.24
85330.167
50106.917
32064.232
21974.293
15949.285
12130.608
9553.397
7701.4016
6298.8107
5197.1997
4315.1556
3607.4448
3046.9627
2611.9874
2275.3078
2004.0647
1776.586
1583.5384
1418.4739
1276.5799
1154.147
1048.2548
956.57626
877.25168
808.55026
748.81463
696.6762
651.08289
611.28953
576.85996
547.51961
521.93131
497.7274
473.07278
445.53272
412.7571
374.73502
327.77027
260.67526
172.42174
93.643645
55.027023
41.321167
34.850796
30.163623
26.219367
22.817178
19.883028
17.349867
15.148363
13.236729
11.589347
10.169997
8.9405283
7.8744892
6.9502332
6.1430737
5.431034
4.8025221
4.2429742
3.7465338
3.3046964
2.9070001
2.562579
2.2572374
1.9837511
1.7402258
1.5266195
1.3420541
1.1865057
1.0565487
0.9480428
0.85741111
0.78144078
0.71713061
0.66144553
0.61499194
0.58112459
0.55683486
0.53980057
0.52813507
0.5203006
0.51510145
0.51168055
0.50946985
0.50810125
0.50732975
0.50699534
0.50699298
0.50725417
0.50773241
0.50839838
0.50923541
0.51023583
0.51139915
0.51273071
0.51424085
0.5159445
0.51786109
0.52001465
0.52243423
0.52515457
0.52821694
0.53167043
0.53557347
0.53999581
0.54502147
0.55075234
0.55731287
0.56485675
0.57357626
0.58371495
0.59558549
0.60959622
0.62629106
0.64641128
7519532.6
1227931
383594.26
166105.77
86598.787
50865.151
32565.067
22333.244
16222.958
12347.286
9727.4451
7840.8733
6409.1738
5283.2787
4382.3064
3661.5668
3093.0666
2653.3973
2312.7234
2037.0533
1805.966
1609.9729
1442.4346
1298.4734
1174.3337
1067.0645
974.31982
894.12349
824.58361
763.99902
711.02182
664.62139
624.08632
589.02247
559.00392
532.51776
507.17176
480.87435
450.91205
415.61749
374.63518
321.5826
245.26941
152.91158
82.06607
51.829799
40.832795
34.853362
30.218385
26.260533
22.842052
19.895335
17.351204
15.139543
13.22176
11.57119
10.148583
8.9163305
7.8491209
6.921282
6.1110641
5.396354
4.7658703
4.2046278
3.7072426
3.264614
2.8657702
2.5204392
2.2151718
1.9427311
1.7010422
1.489834
1.3096847
1.1592096
1.0337229
0.92914571
0.84193754
0.76895633
0.70727485
0.65405219
0.60966107
0.57738999
0.55430019
0.53811532
0.52704391
0.51962135
0.51469974
0.5114631
0.50937637
0.50809268
0.50738091
0.50708952
0.50711943
0.50740573
0.50790453
0.50858829
0.5094415
0.51045728
0.51163571
0.51298249
0.51450825
0.51622812
0.51816165
0.52033295
0.5227711
0.52551083
0.52859334
0.53206758
0.53599175
0.54043523
0.54548153
0.55123175
0.55780921
0.5653659
0.57409167
0.58422639
0.59607733
0.61004451
0.62665892
0.64664109
7628358.6
1245717.7
389154.89
168521.1
87867.838
51623.194
33065.125
22691.023
16495.09
12562.096
9899.3895
7978.0718
6517.1934
5367.1873
4447.8207
3714.7984
3138.8062
2694.7028
2350.2012
2070.1861
1835.5534
1636.7068
1466.7859
1320.85
1195.0991
1086.5499
992.83353
911.77584
841.33708
779.8456
725.97463
678.70912
637.37447
601.62799
570.88405
543.42468
516.80195
488.64108
456.05886
418.06606
373.19675
312.50082
226.93025
133.63362
73.075626
49.752594
40.594387
34.903003
30.283297
26.305387
22.869231
19.909313
17.353038
15.130529
13.206575
11.552268
10.125644
8.8905156
7.8204934
6.8889326
6.075965
5.3586693
4.7263953
4.1638815
3.6653198
3.2214959
2.8210718
2.4749102
2.1700551
1.899119
1.6594749
1.4517556
1.2773843
1.1320459
1.011087
0.91047141
0.82670165
0.75670276
0.69761505
0.6467539
0.60442569
0.5737459
0.55183675
0.53647998
0.52599072
0.5189728
0.51431668
0.51125763
0.50929057
0.50808855
0.50743441
0.50718465
0.50724588
0.50755655
0.50807537
0.5087765
0.50964553
0.51067637
0.5118696
0.51323131
0.51477241
0.51650818
0.51845832
0.52064701
0.52310335
0.52586205
0.52896426
0.53245875
0.5364035
0.54086755
0.54593385
0.55170275
0.55829643
0.56586523
0.57459657
0.58472677
0.59655778
0.61048163
0.62701682
0.6468641
7737099.3
1263478.5
394705.27
170931.86
89133.866
52379.421
33563.784
23047.361
16765.711
12775.206
10069.411
8113.1286
6622.9191
5448.9361
4511.6669
3767.012
3184.0742
2735.8663
2387.7377
2103.5415
1865.424
1663.7726
1491.5684
1343.7663
1216.527
1106.8428
1012.1595
930.13792
858.74975
796.33189
741.5404
693.36365
651.17098
614.68836
583.16084
554.62548
526.53717
496.21296
460.78638
419.7863
369.87571
299.98907
206.17839
115.82494
66.488996
48.479046
40.513859
34.982522
30.355401
26.353465
22.89844
19.924288
17.353958
15.120431
13.190363
11.531491
10.100261
8.8616986
7.7881581
6.8531278
6.0373648
5.3178071
4.6841337
4.1203412
3.6201612
3.1746171
2.772576
2.4258315
2.1219019
1.852721
1.6154318
1.4137136
1.2452387
1.1050911
0.98869883
0.8920631
0.81173681
0.74470507
0.68817186
0.63957707
0.59931897
0.57021579
0.54944264
0.5348976
0.52498465
0.51835309
0.51395355
0.51106471
0.5092122
0.50808888
0.50749015
0.50728061
0.5073722
0.50770656
0.50824485
0.50896293
0.50984743
0.510893
0.51210074
0.51347711
0.51503323
0.5167846
0.51875102
0.52095675
0.5234309
0.52620817
0.52932961
0.53284386
0.53680867
0.5412927
0.54637839
0.55216531
0.55877453
0.56635475
0.57509101
0.58521618
0.59702701
0.61090778
0.62736501
0.64708049
7845220.2
1281161
400233.04
173331.75
90394.166
53132.328
34060.19
23401.863
17034.575
12986.458
10237.365
8245.8797
6726.2113
5528.4612
4573.8492
3818.2262
3228.8872
2776.9168
2425.3997
2137.2156
1895.6486
1691.2137
1516.8266
1367.2675
1238.6596
1127.9002
1032.2393
949.24592
876.90213
813.5285
757.76172
708.59811
665.46788
628.18511
595.80473
566.06005
536.25331
503.31991
464.95388
420.53277
363.97986
283.70255
183.89614
100.79416
61.921102
47.752021
40.530165
35.07833
30.429949
26.401666
22.927231
19.938414
17.35258
15.107937
13.171936
11.507741
10.07148
8.8286549
7.7519335
6.8134369
5.9950568
5.2736595
4.6387139
4.0732631
3.5709296
3.1234563
2.7199646
2.3731633
2.070564
1.8033093
1.5706891
1.3758217
1.2133214
1.078401
0.96660602
0.87396749
0.79708283
0.73298204
0.67895865
0.63255551
0.59436648
0.56679752
0.54712055
0.53337915
0.5240229
0.5177622
0.51360903
0.51088357
0.50914132
0.50809358
0.50754803
0.50737729
0.50749829
0.50785566
0.50841288
0.50914748
0.51004711
0.5111071
0.51232906
0.51371978
0.51529064
0.5170573
0.51903968
0.52126209
0.52375367
0.52654909
0.52968932
0.53322286
0.53720719
0.54171064
0.54681511
0.55261941
0.5592435
0.56683449
0.57557507
0.58569471
0.59748515
0.61132313
0.62770367
0.64729045
7952797
1298725.8
405721.9
175713.97
91645.911
53879.863
34552.827
23753.636
17301.112
13195.49
10403.024
8376.1715
6827.0158
5605.8089
4634.4748
3868.5431
3273.307
2817.858
2463.1445
2171.1862
1926.3506
1719.2008
1542.6956
1391.5092
1261.6507
1149.8021
1053.0834
969.0783
895.75275
831.39907
774.61998
724.4152
680.28747
642.15606
608.8552
577.74141
545.92462
510.06875
468.51164
419.63629
354.60756
263.53309
161.24758
88.845314
58.912617
47.386154
40.608515
35.183541
30.505317
26.449323
22.954833
19.950185
17.347975
15.092281
13.150239
11.48017
10.038614
8.7913595
7.7106856
6.7696069
5.9489045
5.2259722
4.5893901
4.0216138
3.5168831
3.0675666
2.6630666
2.3167798
2.0158004
1.750785
1.5260243
1.3381312
1.1817192
1.0520637
0.94488251
0.85623478
0.78276969
0.72155542
0.66999702
0.62572911
0.589579
0.56349135
0.54488593
0.53192603
0.52310522
0.51720221
0.51328413
0.51071461
0.50907751
0.50810241
0.50760807
0.5074746
0.50762401
0.50800372
0.50857939
0.50933008
0.51024447
0.51131857
0.51255445
0.51395924
0.51554455
0.51732619
0.5193242
0.52156294
0.52407158
0.52688474
0.53004332
0.53359566
0.53759901
0.54212132
0.54724398
0.55306504
0.55970336
0.56730447
0.5760488
0.58616248
0.59793236
0.61172789
0.62803302
0.64749414
8059185
1316088.9
411150.96
178072.32
92885.535
54620.475
35041.159
24102.204
17564.992
13402.084
10566.22
8503.8796
6925.2735
5681.0019
4693.5946
3918.0107
3317.3322
2858.6604
2500.952
2205.4743
1957.631
1747.9277
1569.3894
1416.6628
1285.4979
1172.4372
1074.6112
989.59489
915.30923
849.97851
792.15957
740.85928
695.66932
656.62693
622.30391
589.59962
555.38804
516.26988
471.14338
416.40948
340.91299
239.96019
139.56557
79.91236
57.036426
47.253813
40.723956
35.291692
30.578445
26.493981
22.979034
19.956707
17.338068
15.072207
13.123889
11.447812
10.000883
8.7492
7.6642564
6.720841
5.8987725
5.1739321
4.5349584
3.9644388
3.457432
3.006664
2.6017626
2.2563632
1.9569783
1.6982248
1.4815231
1.3007257
1.150499
1.0261625
0.92358494
0.83891633
0.76883
0.71045628
0.66131151
0.61911569
0.58495499
0.56029382
0.54274321
0.53054055
0.52223546
0.51667079
0.51297738
0.510557
0.50902082
0.50811507
0.50767005
0.50757244
0.50774927
0.50815065
0.50874428
0.50951064
0.51043944
0.51152734
0.51277685
0.51419542
0.51579487
0.5175912
0.5196045
0.52185923
0.52438456
0.52721506
0.53039155
0.53396221
0.53798406
0.54252469
0.54766495
0.55350216
0.56015409
0.56776473
0.57651227
0.58661956
0.59836875
0.61212223
0.62835328
0.64769174
8164233.3
1333251.3
416516.38
180402.39
94109.552
55352.18
35523.81
24446.851
17825.859
13606.084
10726.95
8629.1408
7021.2562
5754.4443
4751.692
3967.1234
3361.5015
2899.7222
2538.9607
2240.1268
1989.4921
1777.4662
1596.9855
1442.6244
1310.0735
1195.821
1096.9387
1010.9372
935.67373
869.31891
810.40519
757.96887
711.69039
671.66601
636.12958
601.48447
564.29037
521.71433
472.44372
409.87915
322.42029
214.11423
120.71693
73.651785
55.954216
47.265024
40.859173
35.398794
30.647491
26.534114
22.998307
19.956268
17.321343
15.046617
13.092211
11.409909
9.9576197
8.701759
7.612907
6.6673053
5.8431757
5.1162901
4.4744523
3.9011573
3.3921462
2.9406673
2.5358941
2.1914753
1.8952399
1.6457303
1.4372463
1.2636657
1.11972
1.0007667
0.90278684
0.82206616
0.75530613
0.69971286
0.65291993
0.61272199
0.58048649
0.55721834
0.54069944
0.5292215
0.52140965
0.51616948
0.51268952
0.51041098
0.50897079
0.50813155
0.50773382
0.50767071
0.50787397
0.50829634
0.50890743
0.50968907
0.51063193
0.51173332
0.51299617
0.51442822
0.51604153
0.51785223
0.51988051
0.52215088
0.52469251
0.52753995
0.53073392
0.53432245
0.5383623
0.5429207
0.548078
0.55393076
0.56059571
0.56821529
0.57696551
0.58706607
0.59879447
0.61250631
0.62866461
0.64788339
8267750.8
1350132.5
421795.09
182696.17
95315.055
56072.879
35999.515
24786.86
18083.306
13807.189
10884.982
8751.7968
7114.9633
5826.3255
4809.2121
4016.6377
3407.0425
2941.9696
2577.2783
2275.1803
2021.8495
1807.5942
1625.2637
1469.3572
1335.5023
1220.1228
1120.2078
1033.1963
956.89164
889.42345
829.33719
775.7672
728.52449
687.3942
650.22463
613.24698
572.70432
526.30282
471.51093
398.84813
298.93625
187.5002
105.59905
69.510899
55.390484
47.357603
41.001475
35.500206
30.709079
26.566355
23.009274
19.946222
17.296277
15.014275
13.053934
11.365488
9.9081375
8.6484285
7.5566101
6.6085532
5.7812751
5.0513282
4.4065963
3.8311088
3.3207567
2.8692512
2.4649885
2.1213603
1.8334065
1.5933448
1.3932837
1.2270367
1.089438
0.97591159
0.88255017
0.80572914
0.74222632
0.68934933
0.64484054
0.60654312
0.57617534
0.55428231
0.53876362
0.52797447
0.52062718
0.51569579
0.51241901
0.51027568
0.50892737
0.5081516
0.50779915
0.50776929
0.50799802
0.50844068
0.50906876
0.5098653
0.51082186
0.51193642
0.51321232
0.51465758
0.51628445
0.51810921
0.52015215
0.52243781
0.52499538
0.52785936
0.53107037
0.5346763
0.53873365
0.54330931
0.54848309
0.55435083
0.56102821
0.56865619
0.5774086
0.58750208
0.59920965
0.61288031
0.62896723
0.64806926
8369117.6
1366669.3
426966.13
184942.09
96495.96
56779.353
36466.372
25121.051
18336.583
14004.922
11039.933
8871.5219
7206.0896
5896.3071
4865.6098
4065.6847
3452.5035
2984.3681
2615.9348
2310.7326
2054.8438
1838.4764
1654.3915
1497.0099
1361.8877
1245.3828
1144.4341
1056.4107
979.03269
910.37877
849.01243
794.19235
745.89485
703.55037
664.50705
624.71071
580.40655
529.62386
467.37967
382.19849
271.09464
161.93208
94.266792
66.925391
55.158855
47.500344
41.141771
35.5912
30.75901
26.587686
23.009378
19.925707
17.262618
14.974237
13.008064
11.314042
9.8522696
8.5893015
7.4946611
6.5429393
5.7120675
4.9786613
4.3310413
3.7535126
3.2425488
2.7918785
2.3881367
2.0489165
1.7715772
1.5411801
1.349725
1.1909422
1.0597231
0.95165861
0.86292279
0.78995124
0.72962377
0.67938059
0.63707626
0.60059449
0.57204793
0.55149876
0.53692778
0.52679336
0.51989032
0.51525086
0.51216636
0.51015125
0.50889011
0.50817494
0.50786582
0.50786802
0.50812129
0.50858357
0.50922816
0.51003921
0.51100914
0.51213657
0.51342522
0.5148834
0.51652354
0.51836205
0.52041933
0.52271995
0.52529308
0.52817321
0.53140085
0.53502371
0.53909808
0.54369047
0.54888019
0.55476236
0.56145161
0.56908743
0.57784159
0.5879277
0.59961442
0.61324438
0.62926128
0.6482495
8467853.7
1382816.2
432016
187134.83
97649.39
57469.923
36923.441
25448.778
18585.273
14198.999
11191.605
8988.2205
7294.6367
5964.4676
4921.0254
4114.4162
3498.0558
3027.0713
2655.0622
2346.8939
2088.5549
1870.1637
1684.3955
1525.5966
1389.2521
1271.6478
1169.6498
1080.5577
1002.0296
932.11365
869.40931
813.30235
763.90064
720.18002
678.88181
635.63899
587.12614
530.83185
458.59354
359.26495
240.42342
139.32793
86.323684
65.415766
55.130107
47.662234
41.269386
35.666234
30.794417
26.596259
22.996012
19.892785
17.219278
14.925226
12.953559
11.254952
9.789862
8.5235444
7.4252985
6.4691671
5.6344819
4.8974278
4.24724
3.6685381
3.1571949
2.707011
2.3046602
1.976412
1.7099009
1.4893215
1.3066004
1.1554287
1.0306793
0.92808775
0.84393327
0.77474657
0.71751511
0.66981575
0.62962374
0.59490362
0.56812254
0.54886306
0.53519133
0.52568185
0.51919497
0.51483204
0.51192998
0.5100372
0.50885895
0.5082015
0.50793377
0.5079668
0.50824369
0.50872493
0.50938554
0.51021073
0.5111937
0.51233368
0.5136348
0.5151056
0.51675872
0.51861069
0.52068199
0.52299721
0.52558555
0.52848142
0.53172526
0.53536463
0.53945553
0.54406414
0.54926927
0.55516531
0.56186589
0.56950906
0.57826455
0.58834301
0.6000089
0.61359869
0.62954696
0.64842425
8563578.9
1398478
436914.07
189263.02
98769.422
58141.548
37369.075
25769.141
18828.815
14389.143
11339.957
9101.9754
7380.8516
6031.1223
4975.7819
4163.1226
3543.9324
3070.3066
2694.8794
2383.8716
2123.1851
1902.8482
1715.4557
1555.2779
1417.7276
1298.9962
1195.8734
1105.6087
1025.82
954.56549
890.52968
833.21717
782.64564
737.21902
693.10335
645.84867
592.53162
528.72216
443.44812
329.99926
209.07892
121.3605
81.093659
64.609427
55.212266
47.823464
41.379443
35.723233
30.813367
26.589837
22.966992
19.84632
17.165151
14.866375
12.889965
11.188127
9.7202229
8.4492952
7.3469489
6.3861053
5.5475033
4.8069384
4.1549052
3.575723
3.0639733
2.6137368
2.2196132
1.9039951
1.6485884
1.4379417
1.264038
1.1205673
1.0023764
0.90526984
0.82562807
0.76012812
0.70589931
0.66065722
0.62248433
0.58948608
0.56441273
0.54637317
0.53355747
0.52463361
0.51854269
0.51444022
0.51171014
0.50993271
0.50883357
0.50823097
0.50800288
0.50806549
0.50836511
0.50886469
0.50954081
0.51037976
0.51137545
0.51252767
0.51384097
0.51532411
0.51698992
0.51885505
0.52094003
0.52326953
0.5258727
0.52878394
0.53204357
0.53569898
0.53980595
0.54443029
0.5496503
0.55555969
0.56227108
0.56992111
0.57867751
0.5887481
0.60039322
0.61394337
0.62982441
0.64859362
8655717.7
1413549
441631.57
191312.19
99849.057
58790.489
37801.106
26080.992
19066.686
14575.081
11484.772
9212.652
7464.6677
6096.3053
5029.9213
4211.8597
3590.1896
3114.099
2735.4184
2421.7058
2158.789
1936.6022
1747.6503
1586.1159
1447.3306
1327.4296
1223.1295
1131.5967
1050.4235
977.72975
912.37058
853.99067
802.11626
754.46292
706.73024
654.94104
595.79678
521.54132
420.6591
295.67648
179.5223
108.05112
77.834144
64.237296
55.350899
47.971409
41.46687
35.758464
30.812802
26.565712
22.919965
19.784432
17.098826
14.796777
12.816863
11.11239
9.6410438
8.3646522
7.2581463
6.2925057
5.4500308
4.7066416
4.0534122
3.473823
2.9614731
2.5121127
2.1340765
1.8318817
1.5878279
1.3872377
1.2222377
1.0865305
0.97491899
0.88323681
0.80802266
0.74611588
0.69479007
0.6518981
0.61565692
0.58435495
0.56091914
0.54403075
0.53201875
0.52365119
0.51792931
0.51407268
0.51150534
0.50983767
0.50881343
0.50826327
0.50807294
0.50816392
0.50848544
0.50900272
0.50969388
0.51054621
0.5115543
0.51271847
0.51404365
0.51553886
0.51721706
0.51909504
0.5211934
0.52353683
0.52615448
0.52908069
0.53235569
0.53602671
0.54014929
0.54478886
0.55002326
0.55594548
0.56266717
0.5703236
0.57908054
0.58914304
0.60076747
0.61427859
0.63009379
0.64875775
8744501.8
1427996.3
446150.74
193276.13
100884.7
59414.402
38218.048
26383.233
19298.143
14756.357
11625.821
9320.2532
7546.2899
6160.3541
5083.9498
4261.0148
3637.0582
3158.6487
2776.8462
2460.537
2195.4753
1971.5066
1781.0443
1618.1855
1478.1736
1357.06
1251.4866
1158.5734
1075.9175
1001.7311
935.04348
875.5854
822.15486
771.69609
719.74377
662.62375
595.33306
507.06344
389.62189
258.67722
153.83986
98.863841
75.930372
64.129734
55.511474
48.09647
41.5271
35.768796
30.790054
26.51929
22.853156
19.707479
17.019649
14.716216
12.732967
11.025108
9.5499465
8.2680917
7.1574158
6.1871171
5.3411706
4.59571
3.9415354
3.3614553
2.8490429
2.4098881
2.0484265
1.7603263
1.5279009
1.337475
1.1814188
1.0534554
0.94840733
0.86206548
0.79114898
0.73271674
0.68419663
0.64353324
0.60913062
0.57952595
0.55763309
0.54182839
0.53057707
0.52272802
0.51735591
0.51373006
0.51131572
0.50975127
0.50879843
0.50829815
0.50814381
0.50826199
0.50860455
0.50913894
0.50984467
0.51071001
0.51173018
0.512906
0.51424277
0.51574976
0.51744007
0.5193306
0.52144202
0.52379903
0.52643081
0.52937161
0.53266158
0.53634778
0.54048549
0.54513983
0.55038812
0.55632267
0.56305417
0.57071655
0.57947369
0.58952793
0.60113179
0.61460447
0.63035527
0.64891677
8828455.2
1441708.2
450438.53
195141.69
101869.71
60009.596
38617.434
26674.699
19522.601
14932.654
11763.012
9424.8853
7625.9728
6223.5891
5138.2116
4310.8961
3684.7304
3204.1024
2819.3152
2500.5343
2233.4278
2007.7522
1815.8259
1651.6512
1510.3587
1387.9089
1280.8925
1186.4181
1102.1673
1026.549
958.76939
898.1606
842.62794
788.4584
731.56417
667.80167
588.91729
483.29633
351.28975
222.24004
134.05037
92.94167
74.914776
64.176438
55.666479
48.189996
41.555271
35.750285
30.741862
26.447811
22.764621
19.614348
16.926697
14.622174
12.635141
10.923822
9.4448219
8.1575461
7.0426403
6.0686357
5.2199154
4.4728655
3.8175668
3.2372017
2.7285806
2.3078202
1.963092
1.6894946
1.4689503
1.288906
1.1418601
1.021529
0.9228611
0.84176055
0.77504816
0.71995503
0.67410979
0.63556382
0.602892
0.57499754
0.55454998
0.53976602
0.52922431
0.52186594
0.51682094
0.51341115
0.51114055
0.50967339
0.50878815
0.50833528
0.50821535
0.50835958
0.50872236
0.50927326
0.50999309
0.51087106
0.511903
0.51309017
0.51443826
0.51595673
0.51765887
0.51956165
0.52168581
0.52405608
0.52670162
0.52965664
0.53296117
0.53666211
0.54081452
0.54548315
0.55074484
0.55669124
0.5634321
0.57110001
0.57985702
0.58990285
0.60148628
0.61492116
0.63060899
0.64907081
8906094.2
1454464.6
454442.93
196888.43
102794.17
60570.369
38996.425
26953.625
19739.048
15103.278
11895.683
9525.9138
7703.1282
6285.4324
5192.0286
4360.9509
3732.9545
3250.3505
2862.7976
2541.7299
2272.7305
2045.4516
1852.1069
1686.5966
1543.9699
1420.1012
1311.5091
1215.3171
1129.3469
1052.2752
983.47164
921.48201
863.23738
804.60614
741.69001
668.41548
573.60641
449.17535
308.34547
189.50916
119.93999
89.347311
74.426535
64.286067
55.795292
48.244505
41.546776
35.699441
30.665338
26.34916
22.653719
19.504351
16.81749
14.511261
12.520851
10.806293
9.323191
8.0309873
6.9122401
5.9356506
5.0845486
4.3361658
3.6799305
3.0993425
2.6080232
2.2062446
1.878649
1.6199652
1.4113751
1.2417772
1.1037182
0.99092251
0.89841903
0.82235445
0.75970153
0.70783106
0.66452355
0.62799007
0.59694328
0.57075843
0.5516658
0.53783468
0.52796133
0.52105785
0.51632005
0.51311355
0.51097847
0.50960361
0.5087821
0.50837453
0.50828735
0.5084565
0.50883874
0.50940557
0.51013905
0.51102928
0.51207267
0.51327092
0.51463003
0.51615971
0.51787338
0.51978811
0.5219247
0.52430791
0.52696685
0.52993571
0.5332544
0.53696967
0.54113633
0.54581879
0.55109342
0.5570512
0.56380095
0.571474
0.58023057
0.59026788
0.60183105
0.61522878
0.63085508
0.64921994
8978609.4
1466322.1
458147.4
198505.2
103651.68
61093.053
39353.059
27218.638
19946.38
15267.56
12023.605
9623.4093
7778.0483
6346.2949
5245.883
4411.715
3782.2222
3297.8406
2907.6983
2584.4791
2313.6838
2084.8656
1890.1275
1723.2589
1579.2043
1453.7575
1343.4153
1245.3905
1157.7382
1079.3845
1009.3386
945.27713
883.36444
819.38841
748.35578
661.21552
547.00236
405.7541
264.85835
162.71239
110.58633
87.300174
74.24727
64.414639
55.882927
48.253113
41.4968
35.612506
30.555328
26.222003
22.520643
19.374052
16.688227
14.380415
12.387408
10.669755
9.182422
7.8864628
6.7645938
5.7859492
4.9325476
4.1830275
3.5270813
2.9555653
2.4875639
2.105323
1.7955853
1.5521999
1.3556234
1.196428
1.0671638
0.96166834
0.87514541
0.80394523
0.74514089
0.6963226
0.65542885
0.62081569
0.59123503
0.5667992
0.5489714
0.53603303
0.52677986
0.52030532
0.51585397
0.51283741
0.51082935
0.50954145
0.50878018
0.50841561
0.50835969
0.50855266
0.50895359
0.50953579
0.51028248
0.51118459
0.51223913
0.51344817
0.51481801
0.51635863
0.51808355
0.52000993
0.52215864
0.52455443
0.52722644
0.53020875
0.53354122
0.5372704
0.54145087
0.54614671
0.55143382
0.55740252
0.56416074
0.57183855
0.58059442
0.59062308
0.6021662
0.61552746
0.63109369
0.6493643
9044822.4
1477133.6
461523.02
199974.56
104434.13
61573.856
39684.662
27468.347
20143.782
15424.844
12146.332
9717.0888
7850.5108
6405.9941
5299.6178
4463.045
3832.4274
3346.5247
2954.0231
2628.8318
2356.3731
2126.0932
1929.9806
1761.7105
1616.1235
1488.9505
1376.7104
1276.7801
1187.5187
1108.0223
1036.3344
969.17022
902.45947
831.25483
748.46076
643.20978
508.07828
356.15336
224.98391
143.18953
104.77141
86.21545
74.24167
64.524691
55.917178
48.209663
41.40148
35.487192
30.409967
26.064162
22.362196
19.219913
16.536144
14.226936
12.232075
10.511245
9.0205002
7.7221928
6.5974779
5.6166619
4.7618316
4.0123576
3.3566932
2.8115088
2.3674396
2.0054181
1.7146597
1.4864348
1.3020171
1.1530711
1.0323355
0.933881
0.85307804
0.78652032
0.73138434
0.68542896
0.64682229
0.61405424
0.58587036
0.56311077
0.54646092
0.53435138
0.52568008
0.51960529
0.51542092
0.51258171
0.51069253
0.50948612
0.50878207
0.50845828
0.50843218
0.50864793
0.50906682
0.50966383
0.51042328
0.51133692
0.5124023
0.51362183
0.51500214
0.51655341
0.51828929
0.52022703
0.52238754
0.5247956
0.52748031
0.53047572
0.53382157
0.53756425
0.54175811
0.54646689
0.55176603
0.55774521
0.56451148
0.57219368
0.58094859
0.59096855
0.60249184
0.61581734
0.63132494
0.64950398
9103421
1486657.8
464505.12
201273.52
105129.1
62005.387
39986.763
27699.908
20329.701
15574.24
12263.343
9806.857
7920.7412
6464.8884
5353.6671
4515.3865
3884.0239
3396.8242
3002.1713
2675.1652
2401.1392
2169.4344
1971.913
1802.1313
1654.838
1525.7455
1411.4909
1309.743
1219.1421
1138.2054
1063.9857
992.49199
919.2064
837.8351
738.7529
611.6151
457.79452
305.12689
191.83923
130.03908
101.36555
85.675769
74.290605
64.586675
55.888852
48.10928
41.258038
35.321595
30.225163
25.870773
22.174485
19.03851
16.357576
14.047557
12.051579
10.327833
8.8349752
7.5351192
6.4077904
5.4252068
4.5696981
3.8203648
3.1842962
2.6677113
2.2480093
1.9070235
1.6365897
1.4230136
1.2507719
1.1118402
0.99930672
0.90759411
0.83228675
0.77008578
0.71839185
0.67513975
0.63870225
0.60770406
0.58088303
0.55968058
0.54412664
0.53278763
0.52465803
0.51895158
0.51501686
0.51234404
0.51056731
0.50943747
0.5087874
0.50850225
0.50850469
0.50874218
0.50917831
0.50978959
0.51056138
0.51148619
0.51256209
0.51379185
0.51518234
0.51674398
0.51849054
0.52043934
0.52261135
0.52503135
0.52772842
0.53073656
0.53409539
0.53785117
0.542058
0.54677928
0.55209001
0.55807925
0.56485317
0.57253943
0.58129314
0.59130435
0.60280807
0.61609851
0.63154896
0.64963909
9153009.6
1494742
467035.85
202380.86
105725.14
62381.293
40256.316
27911.426
20502.84
15715.065
12374.26
9892.4462
7988.559
6522.9335
5408.0056
4568.7806
3937.0545
3448.827
3052.2645
2723.616
2448.1295
2215.0267
2016.0476
1844.636
1695.4743
1564.3047
1447.9497
1344.4112
1252.4875
1169.5218
1091.453
1014.0974
931.74797
835.79289
715.48404
565.01506
399.85793
257.9193
166.92644
121.7602
99.490597
85.446604
74.338703
64.581393
55.790283
47.948459
41.063449
35.107061
29.994811
25.639553
21.953945
18.826039
16.148488
13.838505
11.842425
10.116825
8.6229885
7.3223067
6.1924569
5.2086472
4.3536393
3.612939
3.011227
2.5245084
2.1300847
1.8112604
1.5612405
1.3622388
1.2020641
1.0728671
0.96819194
0.88284308
0.81272725
0.7546348
0.70615518
0.66545474
0.63106628
0.6017387
0.57625713
0.55649698
0.54195641
0.53133558
0.52370537
0.51834473
0.51464221
0.51212444
0.51045244
0.5093951
0.50879578
0.50854733
0.508577
0.50883529
0.50928796
0.50991298
0.5106967
0.51163233
0.51271844
0.51395814
0.51535855
0.51693027
0.51868723
0.5206468
0.52282999
0.52526161
0.5279707
0.5309912
0.53436265
0.53813112
0.54235049
0.54708386
0.55240576
0.55840464
0.56518583
0.57287582
0.58162813
0.59163056
0.60311496
0.6163711
0.63176586
0.6497697
9192241.9
1501180
469052.78
203270.78
106211.26
62694.745
40488.903
28100.533
20661.67
15846.309
12478.631
9973.8357
8054.184
6580.3916
5463.019
4623.6205
3991.9696
3502.9767
3104.7326
2774.5908
2497.6983
2263.1543
2062.5684
1889.2958
1738.0196
1604.6559
1486.389
1381.4851
1287.7098
1201.2574
1117.8107
1032.2259
936.63295
820.69845
675.20852
504.88266
340.2822
218.67399
150.10302
116.85779
98.478678
85.355453
74.340129
64.493306
55.614965
47.720857
40.809433
34.833159
29.712415
25.366874
21.695654
18.577713
15.904211
13.595788
11.601626
9.8755416
8.3816804
7.0801748
5.9484939
4.963867
4.1109137
3.4039351
2.8381071
2.3822491
2.0142759
1.7193236
1.4888382
1.3041985
1.1558569
1.0361646
0.93903586
0.85969422
0.79439766
0.74011935
0.69466046
0.65637032
0.62389952
0.59613304
0.57197455
0.55354606
0.53994368
0.52998506
0.52282187
0.5177822
0.51429519
0.5119219
0.51034776
0.50935854
0.50880711
0.50859342
0.50864897
0.50892712
0.50939568
0.51003392
0.51082916
0.51177526
0.51287127
0.51412064
0.51553069
0.51711223
0.5188793
0.52084935
0.52304342
0.52548632
0.52820709
0.5312396
0.53462327
0.53840405
0.54263557
0.54738061
0.55271326
0.55872138
0.56550946
0.57320288
0.5819536
0.59194725
0.60341263
0.61663522
0.63197577
0.64989592
9222013.3
1505965.7
470545.4
203931.22
106579.26
62941.319
40681.211
28265.205
20805.281
15967.487
12576.256
10051.042
8117.8325
6637.6241
5519.047
4680.3029
4049.1179
3559.5942
3159.8898
2828.3899
2550.142
2314.11
2111.7838
1936.4556
1782.8764
1647.2241
1527.0546
1420.5137
1323.9857
1232.5125
1141.3528
1043.7115
929.37306
787.86971
616.73949
436.35201
285.7423
189.30516
139.56767
114.1113
97.933331
85.287663
74.261984
64.309139
55.351763
47.415206
40.48415
34.492099
29.373126
25.047072
21.393995
18.288497
15.620461
13.316248
11.325365
9.6000154
8.1066472
6.8043397
5.6729131
4.689761
3.8597574
3.1953755
2.6666844
2.2423183
1.9011094
1.6319211
1.4198775
1.2493152
1.1122779
1.0016578
0.91177157
0.8381143
0.7772794
0.72653555
0.68390379
0.64787244
0.61717773
0.59085506
0.56801686
0.55081562
0.53808025
0.52873379
0.52200341
0.51726125
0.5139742
0.51173541
0.51025262
0.50932708
0.50882109
0.50864031
0.50872043
0.50901757
0.50950135
0.51015232
0.51095867
0.51191491
0.51302053
0.51427927
0.5156987
0.51728978
0.51906668
0.52104692
0.52325156
0.52570543
0.52843753
0.53148169
0.53487723
0.53866991
0.54291317
0.54766948
0.55301248
0.55902945
0.56582409
0.57352065
0.58226961
0.59225449
0.60370117
0.61689097
0.63217877
0.65001782
9238898.2
1508720.2
471413.93
204322.45
106809.11
63111.154
40828.127
28402.096
20931.431
16077.344
12666.478
10123.913
8179.6892
6695.1759
5577.0444
4740.2117
4109.6909
3619.1166
3218.1229
2885.331
2605.6721
2367.9744
2163.6502
1986.0024
1829.9994
1692.2499
1570.5477
1461.5389
1360.2029
1261.5127
1159.2091
1043.7621
904.11009
733.5058
542.97945
367.2716
241.20008
169.53887
133.3203
112.58504
97.640364
85.173093
74.071767
64.010451
54.985545
47.019618
40.073341
34.075566
28.972774
24.673728
21.042795
17.952812
15.29333
12.994978
11.007775
9.2852085
7.7925029
6.4908072
5.3595932
4.388569
3.6087554
2.9890326
2.4984692
2.1062986
1.7929888
1.5492316
1.3543772
1.1976184
1.071542
0.96945171
0.88632248
0.81801534
0.76131783
0.71386369
0.67387896
0.63993979
0.61088137
0.58587696
0.56436438
0.54829213
0.53635367
0.52757582
0.52124597
0.51677622
0.51367569
0.51156293
0.51016646
0.5093006
0.5088374
0.50868782
0.50879129
0.50910653
0.5096049
0.51026809
0.51108517
0.5120512
0.51316613
0.51443398
0.51586252
0.51746286
0.51924931
0.52123944
0.52345436
0.52591887
0.52866198
0.53171743
0.53512446
0.53892867
0.54318328
0.54795045
0.55330341
0.55932886
0.56612971
0.57382915
0.5825762
0.59255234
0.60398065
0.61713845
0.63237502
0.6501355
9240562.5
1509074
471548.8
204404.74
106883.98
63193.797
40924.315
28508.27
21038.508
16175.068
12749.064
10192.445
8239.8208
6753.0671
5636.8866
4802.9795
4173.4968
3681.9175
3279.8279
2945.7807
2664.5664
2424.8511
2218.4305
2038.3405
1879.9817
1740.3762
1616.455
1503.2545
1394.9192
1285.4597
1166.2597
1025.8569
855.0403
657.64687
461.67875
306.08276
208.73744
157.39619
129.83029
111.68548
97.381912
84.947527
73.738169
63.577992
54.502273
46.520827
39.565395
33.57561
28.504675
24.239835
20.635988
17.563954
14.915846
12.626616
10.643708
8.9255506
7.4336718
6.1323062
5.0076675
4.087133
3.3617184
2.7876338
2.3352711
1.975338
1.6917724
1.4710091
1.292901
1.1492489
1.0335139
0.93957418
0.86271614
0.79931156
0.74646476
0.70208274
0.66455419
0.63254469
0.60499797
0.58114172
0.56099817
0.54596139
0.53475785
0.52650526
0.52054198
0.51632756
0.51339991
0.51140434
0.51008865
0.50927869
0.50885575
0.50873566
0.50886137
0.50919387
0.50970621
0.51038116
0.51120857
0.51218408
0.51330801
0.5145847
0.51602207
0.51763141
0.51942714
0.52142688
0.52365176
0.5261266
0.52888037
0.53194678
0.53536492
0.53918028
0.54344586
0.5482235
0.55358604
0.5596196
0.56642634
0.57412841
0.5828734
0.59284088
0.60425116
0.61737778
0.63256456
0.65024902
9227942
1507057.9
470935.91
204162.26
106790.3
63181.734
40964.803
28581.003
21124.864
16259.642
12823.407
10256.495
8298.3303
6811.3812
5698.5416
4868.4174
4240.5158
3748.3508
3345.4391
3010.2914
2727.5979
2486.0205
2276.9413
2094.079
1933.2797
1791.6435
1664.1262
1543.985
1425.1001
1299.4193
1155.4005
982.32326
778.96132
566.2706
383.15792
257.93668
187.36608
150.27157
127.82716
111.10842
97.056271
84.567561
73.235906
62.995382
53.888619
45.899971
38.950084
32.987999
27.960937
23.737394
20.165866
17.115564
14.482275
12.203118
10.225469
8.513204
7.0230581
5.7257888
4.6435068
3.788656
3.1199151
2.5926115
2.1791271
1.8518743
1.5985294
1.397402
1.2354035
1.1044382
0.99829896
0.91186367
0.8408696
0.78196391
0.73268327
0.69116361
0.65588826
0.6256601
0.59951886
0.57669962
0.5578995
0.54381169
0.5332842
0.52551283
0.51989139
0.51591293
0.51314534
0.51125865
0.51001809
0.50926099
0.50887573
0.50878369
0.50893055
0.50927949
0.5098052
0.51049144
0.51132881
0.51231347
0.51344612
0.51473136
0.51617731
0.51779538
0.5196001
0.52160915
0.5238437
0.52632856
0.52909267
0.53216967
0.53559858
0.53942472
0.54370087
0.5484886
0.55386034
0.55990166
0.56671399
0.57441846
0.58316129
0.59312017
0.60451279
0.61760902
0.63274754
0.65035848
9199695.3
1502425.9
469499.27
203562.28
106512.03
63066.078
40944.174
28616.857
21188.425
16329.777
12888.866
10315.593
8355.0122
6870.2351
5762.3895
4936.94
4311.134
3818.7139
3415.024
3078.4604
2793.5251
2550.0651
2338.5907
2153.4541
1990.8597
1845.8333
1711.4116
1580.706
1445.721
1295.0871
1117.0132
906.80606
679.33334
471.15409
317.17167
224.33037
174.64835
146.3106
126.55798
110.56078
96.575508
83.990732
72.546353
62.247495
53.129242
45.144975
38.219552
32.304385
27.333019
23.159179
19.625517
16.599789
13.983719
11.71484
9.744139
8.0390728
6.5552718
5.2862239
4.2837133
3.4983342
2.8868073
2.406441
2.0317977
1.7388373
1.511949
1.3293297
1.1820545
1.0628872
0.96587936
0.88631748
0.8206479
0.76591134
0.71995127
0.68105682
0.64784262
0.61925527
0.59443335
0.57262365
0.55504938
0.54183076
0.53192534
0.52459675
0.51929065
0.51553012
0.51291064
0.51112509
0.50995465
0.50924719
0.50889729
0.50883172
0.50899867
0.50936328
0.50990178
0.51059886
0.51144581
0.5124393
0.51358038
0.51487391
0.51632817
0.5179547
0.51976813
0.52178622
0.52403013
0.52652469
0.52929881
0.53238606
0.53582538
0.53966192
0.54394828
0.54874573
0.55412631
0.56017505
0.56699267
0.57469932
0.58343989
0.59339026
0.60476561
0.61783229
0.63292401
0.65046392
9152375.9
1494691.8
467106.59
202553.71
106027.54
62835.029
40856.148
28612.183
21227.249
16384.818
12945.654
10370.727
8411.0905
6930.9612
5829.7839
5010.0767
4387.049
3894.9138
3490.8282
3153.2111
2866.7382
2620.1848
2405.7061
2218.0753
2052.2003
1900.7122
1755.4259
1608.1132
1447.6871
1261.3041
1041.8812
799.57728
567.89694
385.50058
268.2849
203.30955
167.33806
143.95272
125.64118
109.90888
95.884776
83.185678
71.649315
61.318682
52.201985
44.243376
37.369283
31.517753
26.614599
22.49833
19.005592
16.006589
13.408753
11.150426
9.1891221
7.4947545
6.0246561
4.8501002
3.9342308
3.2195801
2.6652308
2.231505
1.8949761
1.6369648
1.431883
1.2667836
1.1332914
1.0247087
0.9359888
0.86280826
0.8019991
0.75111401
0.70821535
0.6717105
0.64037933
0.6132972
0.58970888
0.56888755
0.55243024
0.54000651
0.53066946
0.52375177
0.51873646
0.51517704
0.51269448
0.51100278
0.50989772
0.50923665
0.50892032
0.50887962
0.50906562
0.50944517
0.50999587
0.51070334
0.51155952
0.51256152
0.51371074
0.51501228
0.51647459
0.51810931
0.51993119
0.52195802
0.524211
0.52671495
0.52949874
0.53259592
0.53604529
0.53989187
0.54418807
0.54899487
0.55438392
0.56043976
0.56726239
0.57497102
0.58370926
0.59365123
0.6050097
0.61804766
0.6330941
0.65056543
9085201.1
1483712.5
463684.21
201100.06
105316.12
62477.641
40694.428
28563.532
21239.295
16423.488
12992.929
10421.383
8466.4724
6993.6836
5900.9691
5087.9406
4468.1465
3976.436
3571.5217
3231.5833
2943.6262
2694.6609
2477.6513
2287.254
2115.543
1952.6895
1789.8559
1616.0934
1417.5291
1185.3477
926.41112
671.45778
461.31158
318.73555
236.37155
191.16552
163.31451
142.38879
124.71096
109.04184
94.9384
82.12324
70.525901
60.188394
51.094385
43.191049
36.392398
30.620887
25.797372
21.745436
18.294022
15.322568
12.743468
10.497371
8.55162
6.864881
5.4952302
4.4268553
3.5988901
2.9553849
2.4577934
2.0695365
1.7728631
1.543512
1.3588249
1.2096468
1.0887288
0.98990584
0.90859581
0.84117007
0.7848598
0.73753148
0.697408
0.66307763
0.63346275
0.60775496
0.5853112
0.56546605
0.550025
0.53832638
0.52951223
0.52297305
0.51822556
0.51484912
0.51249413
0.51089093
0.50984682
0.50922926
0.50894445
0.50892719
0.50913124
0.50952501
0.51008738
0.51080481
0.51166985
0.51268007
0.51383714
0.51514642
0.51661651
0.51825917
0.52008921
0.52212451
0.52438626
0.52689929
0.52969244
0.53279919
0.53625826
0.54011453
0.5444202
0.54923599
0.55463317
0.56069579
0.56752316
0.57523358
0.58396943
0.59390313
0.60524515
0.61825523
0.63325785
0.65066305
8996129.3
1469132.9
459137.52
199165.14
104358.95
61982.612
40451.954
28466.312
21221.604
16444.269
13030.402
10468.097
8522.4144
7060.4561
5978.219
5172.9752
4557.3505
4067.0295
3662.2885
3321.4128
3029.828
2777.4082
2557.3346
2360.8071
2176.6807
1994.8295
1803.581
1588.264
1338.6578
1059.6393
780.17398
542.55426
374.38306
273.45874
217.69327
184.55111
160.78396
141.06887
123.59049
107.88566
93.688466
80.782356
69.158909
58.83481
49.795829
41.984147
35.277424
29.603141
24.869282
20.885227
17.475568
14.533236
11.972896
9.7454927
7.8123807
6.2214956
4.9823324
4.0227513
3.2817902
2.708495
2.2665178
1.9236156
1.664075
1.4582219
1.2924513
1.1579954
1.048236
0.95814156
0.88357351
0.82136709
0.76918224
0.72507841
0.68746671
0.65511171
0.62706045
0.60260152
0.5812029
0.5623346
0.54781777
0.53678142
0.52844691
0.52225599
0.51775193
0.51454684
0.51230959
0.51078798
0.5098014
0.5092246
0.50896948
0.50897429
0.5091954
0.50960269
0.51017621
0.51090319
0.51177675
0.51279487
0.51395953
0.51527628
0.51675389
0.51840422
0.52024216
0.52228563
0.52455586
0.52707765
0.52987984
0.53299584
0.53646426
0.54032986
0.54464465
0.54946907
0.55487405
0.56094313
0.56777499
0.57548704
0.58422044
0.59414602
0.60547201
0.61845508
0.63341539
0.65075688
8882517.9
1450592.1
453362.08
196702.22
103133.48
61338.013
40122.144
28316.934
21172.383
16446.503
13058.379
10511.941
8580.489
7133.2419
6063.3519
5266.6028
4655.919
4167.9541
3760.704
3417.7927
3123.5374
2868.3068
2642.1048
2432.4559
2227.2544
2013.7142
1776.199
1503.2667
1199.0181
892.23634
626.59108
433.24577
313.61245
246.52075
207.49773
180.73429
158.94751
139.62579
122.15363
106.38241
92.095396
79.135337
67.513522
57.238458
48.29912
40.60736
34.010586
28.449837
23.814817
19.89909
16.531799
13.621347
11.083229
8.8746238
7.0299001
5.5967909
4.4940268
3.6425046
2.9868491
2.4820358
2.092624
1.7971514
1.5658666
1.3812867
1.2323763
1.1112035
1.0116128
0.92928423
0.86077598
0.80333803
0.75488402
0.71367405
0.67832969
0.64776836
0.62114321
0.5978152
0.57734362
0.55947023
0.54579356
0.53536173
0.52746697
0.52159262
0.51731567
0.51426846
0.51213993
0.51069394
0.50976097
0.50922228
0.50899516
0.50902077
0.50925798
0.50967813
0.51026229
0.5109984
0.51188015
0.51290587
0.51407783
0.5154018
0.51688667
0.51854441
0.52038997
0.52244134
0.52471975
0.52725001
0.53006091
0.53318582
0.53666325
0.54053783
0.54486138
0.5496941
0.55510654
0.5611818
0.5680179
0.57573141
0.58446234
0.59437996
0.60569037
0.61864729
0.63356676
0.65084694
8743018
1427823.6
446271.41
193672.77
101618.29
60531.999
39698.205
28111.099
21089.011
16428.777
13076.255
10552.905
8640.9641
7212.1286
6156.9301
5369.6995
4763.7032
4276.3358
3870.2937
3525.5692
3228.4727
2967.0111
2726.6592
2492.6997
2250.7223
1984.0287
1680.2633
1343.8591
1005.3261
710.57675
492.82451
355.39697
277.06894
231.97205
202.04946
178.18748
157.10923
137.83576
120.30857
104.47724
90.118166
77.147345
65.561616
55.38594
46.593334
39.043547
32.575962
27.143303
22.614719
18.765767
15.442642
12.566788
10.053826
7.9232591
6.2695575
5.0047657
4.0357609
3.2900604
2.7171684
2.2768462
1.9421305
1.6838213
1.4777456
1.312436
1.1785371
1.0689775
0.97844173
0.90314887
0.84011678
0.7869729
0.74185163
0.70323814
0.66993782
0.64100511
0.61568441
0.59338397
0.57368486
0.55685089
0.5439372
0.53405816
0.52656766
0.52098271
0.51691431
0.5140124
0.51198412
0.51060811
0.50972476
0.50922196
0.5090212
0.50906642
0.50931887
0.50975124
0.51034554
0.5110904
0.51197999
0.51301301
0.51419201
0.51552292
0.5170148
0.51867968
0.5205326
0.52259159
0.52487789
0.5274163
0.5302356
0.53336909
0.5368552
0.54073841
0.54507038
0.54991105
0.55533064
0.56141177
0.56825189
0.57596672
0.58469516
0.594605
0.60590029
0.61883193
0.63371206
0.65093332
8575732.7
1400503.2
437766.43
190037.43
99794.557
59553.001
39172.3
27843.412
20968.131
16389.978
13085.148
10593.938
8708.4752
7303.285
6266.8092
5492.331
4894.4076
4406.5165
3998.6353
3650.5001
3346.3116
3068.3234
2798.3148
2519.62
2214.2428
1869.5482
1492.2502
1116.3074
790.96138
550.21575
396.93936
308.5619
257.68514
224.51273
198.59524
175.88872
154.9234
135.56619
117.98112
102.10882
87.72635
74.781476
63.287277
53.273151
44.665268
37.272617
30.95161
25.661999
21.243389
17.462306
14.187809
11.350276
8.9013618
6.9990596
5.5546499
4.4549944
3.6145719
2.970335
2.4755051
2.0983762
1.8107018
1.5822731
1.3990521
1.2510264
1.1303782
1.0310536
0.94854945
0.87956
0.82144411
0.77213087
0.72998421
0.69369494
0.66223591
0.63478138
0.61065762
0.58931182
0.57033119
0.55445676
0.54223698
0.53286208
0.52573875
0.52042238
0.51654561
0.51377736
0.51184132
0.51053003
0.50969282
0.5092234
0.50904727
0.50911111
0.50937796
0.50982192
0.51042588
0.5111791
0.51207621
0.51311625
0.51430202
0.51563961
0.51713823
0.51881
0.52067001
0.52273633
0.52503023
0.5275765
0.53040389
0.53354563
0.53704007
0.54093157
0.54527162
0.55011991
0.55554632
0.56163306
0.56847697
0.57619299
0.58491895
0.5948212
0.60610184
0.61900909
0.63385135
0.65101605
8379045.9
1368396.2
427753.79
185749.51
97635.675
58383.533
38531.333
27504.071
20803.036
16326.727
13084.926
10637.641
8787.4594
7411.8048
6397.1749
5635.5623
5041.5548
4557.2067
4148.1783
3792.6791
3468.2537
3152.4264
2825.5886
2468.3993
2069.1932
1639.6817
1220.1668
863.45019
602.23636
436.29465
339.98885
284.2182
248.00309
220.0465
195.77455
173.2793
152.18048
132.72351
115.1205
99.237163
84.874576
72.010124
60.680412
50.882119
42.484048
35.268686
29.113571
23.982302
19.675764
15.964815
12.744863
9.9653712
7.7862698
6.1405021
4.8991009
3.9566474
3.2373649
2.6869046
2.2656148
1.9470283
1.6941415
1.491935
1.3289294
1.1962947
1.0873432
0.99709489
0.92175475
0.85836134
0.80460177
0.75868584
0.71918487
0.68497559
0.65517465
0.62905902
0.60602914
0.58557055
0.56727632
0.552271
0.5406818
0.53176686
0.5249778
0.51990751
0.51620671
0.51356149
0.51171052
0.5104592
0.5096648
0.50922651
0.50907337
0.50915471
0.50943514
0.5098901
0.51050326
0.51126445
0.51216876
0.51321554
0.51440779
0.51575182
0.51725692
0.51893532
0.52080215
0.52287552
0.52517673
0.52773056
0.53056572
0.5337154
0.53721784
0.54111729
0.54546509
0.55032067
0.5557536
0.56184566
0.56869316
0.57641024
0.58513373
0.59502859
0.60629507
0.61917883
0.63398471
0.65109519
8151745.6
1331286.5
416187.04
180788.77
95124.559
57007.57
37760.931
27082.438
20590.195
16244.024
13088.066
10702.005
8899.7381
7561.4337
6572.4938
5824.6717
5235.4268
4749.0731
4328.504
3943.5532
3566.5322
3174.2849
2746.2423
2274.564
1779.6841
1310.7576
923.25648
646.28088
472.1462
370.77898
311.35713
272.47645
242.50634
216.64359
192.71013
170.03876
148.7483
129.23484
111.66379
95.810044
81.521848
68.819551
57.726533
48.18966
40.019053
33.002276
27.035572
22.075731
17.880398
14.243045
11.092524
8.6295894
6.7603631
5.3637472
4.3128313
3.5158605
2.9077395
2.4421741
2.0917039
1.8137182
1.5913113
1.4121753
1.266753
1.1475534
1.0489775
0.9668398
0.89781982
0.83934324
0.78942831
0.74651577
0.70936625
0.67701982
0.64870896
0.62380132
0.6017632
0.58212903
0.56449777
0.55027784
0.5392595
0.53076142
0.52427973
0.5194348
0.51589513
0.51336315
0.51159062
0.51039485
0.50964025
0.5092311
0.50909931
0.50919704
0.50949031
0.5099557
0.5105776
0.5113464
0.51225759
0.51331081
0.51450929
0.51585949
0.51737083
0.51905559
0.52092898
0.52300913
0.52531737
0.52787845
0.53072107
0.53387835
0.53738847
0.54129554
0.54565075
0.55051329
0.55595244
0.56204958
0.56890045
0.57661849
0.58533953
0.59522724
0.60648006
0.61934122
0.6341122
0.65117077
7892329.1
1288924.5
402974.7
175104.35
92224.108
55392.021
36832.756
26559.903
20325.085
16152.488
13117.502
10817.925
9080.2438
7786.985
6823.0161
6083.7562
5489.8484
4982.0571
4513.8826
4051.4435
3567.8955
3042.7563
2475.841
1902.151
1381.2409
967.72913
681.49577
504.42047
401.03068
339.19563
297.9527
265.98342
238.44403
213.04607
188.92643
165.96413
144.52092
125.03357
107.54656
91.774649
77.639752
65.191098
54.395265
45.157633
37.234951
30.44136
24.691414
19.907432
15.827671
12.273454
9.4968757
7.4123889
5.844867
4.6802785
3.8032479
3.1367431
2.6267928
2.2436673
1.9398509
1.6969302
1.5010052
1.3419402
1.2118039
1.1043778
1.0149768
0.93995147
0.8764589
0.82230343
0.7757718
0.73550625
0.70044879
0.66977178
0.64279908
0.61897323
0.59782673
0.57895599
0.56197196
0.54846034
0.53795891
0.52984021
0.52363989
0.51900161
0.51560952
0.51317964
0.51148099
0.51033627
0.50961866
0.50923662
0.50912491
0.50923801
0.50954338
0.51001864
0.51064883
0.51142488
0.51234264
0.51340202
0.51460647
0.51596259
0.5174799
0.51917078
0.52105046
0.52313712
0.52545208
0.52802013
0.5308699
0.53403447
0.53755193
0.5414663
0.54582859
0.55069779
0.55614286
0.56224481
0.56909887
0.57681777
0.5855364
0.59541717
0.60665686
0.61949632
0.6342339
0.65124287
7600565.3
1241296
388104.2
168685.74
88919.934
53521.613
35736.323
25939.33
20029.141
16090.889
13222.516
11038.039
9380.3823
8136.3973
7188.929
6433.9762
5791.0885
5199.5933
4613.4887
4000.7034
3344.5924
2659.6865
1997.767
1427.6223
997.30857
710.02841
534.6028
431.57682
368.25052
324.56594
290.51663
261.16474
234.1901
208.61412
184.14202
160.91592
139.42322
120.06609
102.6863
87.076761
73.20623
61.092462
50.653308
41.742018
34.095827
27.556594
22.057647
17.445686
13.485081
10.384224
8.064074
6.3467974
5.0556875
4.0977242
3.3725563
2.8197818
2.4027723
2.0722319
1.8078956
1.5949789
1.4219478
1.2802846
1.1634695
1.066366
0.98495453
0.91610535
0.85743062
0.80705521
0.76348555
0.72555466
0.69236386
0.6631811
0.63740451
0.61454153
0.59419046
0.57601455
0.55967517
0.54680308
0.53677113
0.52899753
0.52305417
0.51860515
0.51534548
0.51301125
0.51137995
0.51028333
0.5095998
0.50924276
0.50914999
0.5092775
0.50959427
0.51007884
0.5107169
0.51149984
0.51242386
0.51348914
0.5146993
0.51606107
0.51758411
0.51928085
0.52116655
0.52325944
0.52558086
0.52815556
0.53101218
0.53418372
0.5377082
0.54162953
0.54599859
0.55087413
0.55632484
0.56243136
0.56928843
0.57700809
0.58572435
0.59559844
0.6068255
0.6196442
0.63434984
0.65131149
7276945.6
1188439.2
371589.33
161542.43
85224.798
51414.054
34499.946
25264.345
19763.533
16133.418
13479.103
11427.601
9842.9151
8617.8197
7637.7759
6800.6398
6025.2182
5256.3531
4462.6376
3635.5388
2812.196
2063.2641
1456.8501
1019.0978
737.20127
566.5076
463.90297
398.80746
352.506
316.10809
284.73483
256.03945
228.92629
202.97899
178.16702
154.77336
133.35558
114.18311
97.007341
81.688752
68.183283
56.488113
46.470372
37.905833
30.571231
24.324533
19.094195
14.676926
11.271589
8.7163563
6.8371045
5.4471286
4.3957852
3.6136998
3.0210684
2.568982
2.210941
1.9246444
1.693906
1.5064719
1.3530225
1.2264519
1.1212255
1.0330391
0.95849712
0.89499473
0.84050537
0.79341798
0.75243951
0.7165765
0.68504704
0.65719546
0.63248385
0.61047969
0.59083208
0.57326834
0.55758814
0.54529366
0.53568661
0.52822799
0.52251898
0.51823989
0.51510396
0.51285722
0.51128763
0.51023496
0.50958321
0.50924939
0.50917426
0.5093154
0.50964292
0.51013626
0.51078175
0.51157124
0.51250122
0.51357211
0.51478772
0.51615491
0.51768341
0.51938575
0.52127722
0.52337607
0.52570365
0.52828472
0.53114787
0.53432608
0.53785726
0.54178523
0.54616074
0.55104232
0.55649838
0.56260923
0.56946913
0.57718948
0.58590343
0.59577109
0.60698606
0.61978492
0.63446011
0.65137673
6922851.4
1130599.1
353530.02
153751.17
81216.666
49154.822
33210.115
24613.783
19594.064
16331.286
13919.172
11991.441
10436.034
9156.5606
8043.1445
7001.2414
5970.8717
4935.1681
3902.1018
2933.4249
2108.6092
1479.5619
1046.7375
772.20424
603.97358
499.78264
430.87602
381.50942
342.4924
308.93773
278.38941
249.65572
222.18783
195.86779
170.81364
147.39923
126.18911
107.30016
90.483112
75.57734
62.5429
51.35653
41.79947
33.623025
26.642424
20.717032
15.850759
12.10829
9.3615874
7.3213347
5.8247091
4.7099695
3.8575968
3.2309302
2.7427016
2.3561114
2.0469821
1.7979011
1.5957165
1.4301399
1.2934586
1.1797771
1.0844441
1.0038563
0.93521658
0.8763304
0.82546549
0.78123219
0.74252453
0.70849069
0.67842972
0.65175935
0.62800219
0.60677074
0.58774515
0.57067499
0.55569515
0.54392162
0.5346993
0.52752674
0.52203224
0.51790663
0.5148836
0.51271676
0.51120368
0.51019138
0.50956865
0.50925642
0.50919768
0.50935153
0.50968921
0.51019083
0.51084334
0.51163901
0.51257466
0.5136509
0.5148717
0.51624405
0.51777778
0.51948546
0.52138244
0.52348697
0.52582043
0.52840758
0.53127697
0.53446151
0.53799907
0.54193337
0.54631501
0.55120233
0.55666347
0.56277841
0.56964098
0.57736195
0.58607365
0.59593514
0.60713857
0.61991852
0.63456473
0.65143857
6540039.9
1068120.6
334074.18
145427.01
77014.587
46866.16
31973.179
24052.345
19525.11
16625.447
14428.168
12568.761
10950.115
9489.2515
8098.0246
6725.1913
5399.9664
4148.8078
3047.3709
2161.7536
1519.2117
1090.2307
817.52842
646.6335
536.90755
463.67688
410.76467
369.04988
333.33116
300.90217
270.48284
241.47723
213.6439
187.05607
161.92047
138.66537
117.84661
99.426558
83.113463
68.739799
56.288339
45.702814
36.63316
28.884755
22.283987
16.919408
12.922752
9.9515592
7.8063725
6.1988934
5.0137455
4.1195213
3.4491872
2.9241119
2.5080293
2.1754241
1.9074795
1.6899641
1.5118389
1.3647336
1.2422623
1.1394531
1.0524722
0.97835546
0.91476876
0.85985225
0.81211534
0.77035834
0.73363975
0.70120938
0.67244517
0.64682804
0.62393161
0.60340182
0.58494535
0.5683288
0.55398157
0.542677
0.53380232
0.52688869
0.52158662
0.51760351
0.51468307
0.51258903
0.51112757
0.51015172
0.50955582
0.50926363
0.50922017
0.50938585
0.50973303
0.51024248
0.51090162
0.51170313
0.51264414
0.51372546
0.5149512
0.51632847
0.51786717
0.51957995
0.52148217
0.52359212
0.52593118
0.5285241
0.53139942
0.53459001
0.53813363
0.54207393
0.5464614
0.55135416
0.5568201
0.56293892
0.569804
0.57752551
0.58623505
0.59609065
0.60728308
0.62004506
0.63466378
0.65149709
6132324.5
1001585.4
313405.38
136663.57
72709.447
44665.7
30932.134
23713.59
19625.223
16971.595
14844.056
12911.494
11092.854
9321.4203
7557.7179
5917.5097
4443.0152
3209.614
2264.8025
1598.2068
1156.0897
872.7791
691.16684
574.22542
495.73843
439.2675
395.04733
357.4007
323.22611
291.13334
260.55452
231.22331
203.12071
176.47538
151.49266
128.63067
108.38996
90.623167
74.942162
61.215138
49.456582
39.552641
30.972175
23.674329
17.90317
13.632057
10.544687
8.2476862
6.5874066
5.3194613
4.3936552
3.6763485
3.1134924
2.6673471
2.3106776
2.0232362
1.789845
1.5987194
1.4407361
1.3090466
1.1983838
1.1046608
1.0247327
0.95611786
0.89684925
0.84533173
0.80027865
0.76066511
0.72568217
0.69465823
0.66704172
0.64236615
0.62024356
0.60034933
0.58241255
0.56621509
0.55243434
0.54155122
0.53298989
0.52631101
0.52118257
0.51732874
0.51450136
0.51247336
0.51105793
0.51011564
0.50954453
0.50927089
0.50924159
0.50941832
0.50977434
0.51029113
0.51095652
0.51176356
0.51270962
0.51379576
0.5150262
0.51640814
0.51795157
0.51966918
0.52157639
0.52369148
0.52603586
0.52863428
0.53151523
0.53471153
0.5382609
0.54220691
0.54659989
0.55149779
0.55696828
0.56309075
0.56995819
0.5776802
0.58638766
0.59623764
0.60741964
0.62016458
0.63475728
0.65155229
5705042.2
931899.67
291844.29
127663.26
68472.26
42700.058
30186.788
23623.236
19824.239
17197.712
14917.834
12726.871
10578.223
8447.7726
6467.0041
4776.1418
3418.4551
2402.3456
1695.0531
1226.6933
923.23891
730.72219
607.20516
524.69655
465.66472
419.60352
380.47092
344.90705
311.28381
279.11606
248.30186
218.77731
190.64384
164.21346
139.6302
117.41773
97.926654
80.986007
66.044966
53.072349
42.104774
32.897988
24.812338
18.763734
14.305184
11.068231
8.724965
6.9463496
5.6632342
4.6789014
3.9129814
3.3119739
2.8353316
2.4536528
2.1462662
1.8965065
1.6916545
1.5221485
1.3806886
1.2617065
1.1608389
1.0747194
1.0007274
0.93677281
0.88116925
0.83254162
0.78979022
0.75203868
0.71856748
0.68877974
0.66217832
0.63834077
0.61691202
0.5975918
0.58012817
0.56431615
0.55104102
0.54053522
0.53225628
0.5257905
0.5208177
0.51708072
0.51433746
0.51236769
0.51099435
0.51008283
0.50953452
0.50927803
0.50926182
0.50944883
0.50981311
0.51033673
0.511008
0.51182025
0.5127711
0.51386177
0.51509664
0.51648301
0.51803093
0.51975313
0.52166506
0.52378503
0.52613445
0.52873807
0.53162435
0.53482607
0.53838088
0.54233227
0.54673048
0.55163324
0.55710801
0.56323391
0.57010357
0.57782603
0.5865315
0.59637616
0.60754827
0.62027714
0.63484531
0.65160424
5265568.7
860256.14
269736.58
118536.18
64297.857
40875.012
29563.841
23547.536
19862.245
17066.231
14476.163
11931.088
9460.1957
7106.3711
5159.2654
3643.7104
2549.3317
1781.5537
1276.7198
957.50932
758.25364
632.19015
548.68068
489.02018
442.26228
402.19983
365.57723
330.73612
297.07729
264.75308
233.84812
204.35257
176.4579
150.52468
126.56619
105.2024
86.653243
70.680494
56.551216
44.42416
34.302383
25.851301
19.467258
14.960317
11.616499
9.1642492
7.3817864
6.0239658
4.976283
4.1625432
3.5224703
3.0135437
2.6064841
2.2783288
2.0112834
1.7918385
1.6099409
1.4580188
1.3301181
1.2215848
1.1288114
1.0490313
0.98001499
0.91997493
0.86745625
0.82128885
0.78052272
0.74438554
0.71223228
0.68352642
0.65781822
0.63472267
0.61391269
0.59510913
0.57807503
0.56261598
0.54979084
0.53962193
0.5315955
0.52531961
0.52048973
0.51685808
0.5141882
0.51227132
0.51093637
0.51005301
0.5095256
0.50928489
0.50928077
0.5094773
0.50984925
0.51037926
0.51105601
0.51187316
0.51282852
0.51392346
0.51516252
0.51655308
0.51810523
0.51983177
0.52174817
0.52387275
0.52622693
0.52883546
0.53172678
0.53493361
0.53849355
0.54245003
0.54685315
0.55176048
0.55723927
0.56336842
0.57024014
0.57796301
0.58666659
0.59650623
0.60766904
0.62038276
0.63492786
0.65165292
4822831.7
788108.71
247565.89
109511.43
60285.459
39169.153
28916.292
23230.497
19422.798
16271.966
13290.874
10439.233
7843.5876
5637.5384
3908.015
2662.204
1827.9199
1298.2367
972.3691
773.58942
649.92462
568.48099
509.97646
463.44665
422.93041
385.29856
349.36908
314.53815
280.67394
248.3022
217.50822
188.28709
160.90761
135.73324
112.58508
92.248723
74.78917
59.883213
46.622516
35.443751
26.732767
20.304353
15.554372
12.215416
9.7272293
7.8423251
6.4033184
5.2956594
4.4305854
3.7479211
3.2059614
2.7723992
2.422063
2.1361417
1.9008377
1.7055486
1.5422111
1.4045786
1.2876933
1.1876841
1.1015952
1.0270584
0.96217305
0.90540203
0.85549393
0.81143153
0.77237532
0.73763179
0.70662051
0.67885611
0.65392854
0.63148531
0.61122384
0.59288282
0.5762374
0.56110046
0.54867384
0.5388048
0.53100413
0.5248979
0.5201965
0.5166564
0.51405273
0.51218373
0.51088361
0.51002586
0.50951757
0.50929131
0.50929833
0.50950367
0.50988273
0.51041867
0.51110054
0.51192225
0.51288184
0.51398082
0.51522381
0.5166183
0.51817446
0.51990509
0.52182569
0.52395461
0.52631328
0.52892644
0.53182249
0.53503413
0.5385989
0.54256015
0.5469679
0.55187951
0.55736208
0.56349425
0.57036793
0.57809118
0.58679297
0.59662788
0.60778197
0.62048151
0.63500503
0.65169842
4387027.2
717157.15
225878.4
100807.05
56474.27
37474.045
28013.338
22369.071
18201.377
14580.855
11257.436
8294.6948
5836.7318
3968.3531
2661.7691
1809.8605
1282.8015
966.52985
777.49064
661.33296
584.82638
528.94516
483.29746
442.51165
404.16892
366.9522
331.01747
296.10116
262.12091
229.95643
199.55635
170.91084
144.34417
120.17593
98.000044
78.881447
62.645746
48.895833
36.659252
27.605533
21.178815
16.4626
12.959338
10.328692
8.3423742
6.8235962
5.6451861
4.7224704
3.99601
3.4190971
2.9560838
2.5808526
2.2740657
2.0210515
1.8108641
1.6349107
1.4864622
1.3602845
1.2522593
1.1591711
1.0785341
1.0083074
0.94684742
0.89281935
0.84512559
0.80285672
0.76526085
0.73171235
0.70168398
0.67473238
0.65048132
0.62860597
0.60882544
0.59089515
0.57460008
0.55975675
0.54768107
0.53807736
0.53047808
0.52452242
0.51993275
0.51647448
0.51393023
0.51210434
0.5108357
0.51000119
0.50951025
0.50929718
0.50931442
0.50952785
0.50991348
0.51045491
0.51114153
0.51196751
0.51293105
0.5140338
0.51528049
0.51667867
0.51823857
0.51997305
0.52189761
0.52403061
0.52639349
0.52901099
0.53191148
0.53512762
0.53869691
0.54266265
0.54707471
0.55199034
0.55747643
0.56361145
0.57048694
0.57821053
0.58691064
0.59674114
0.60788709
0.62057341
0.6350768
0.65174071
3970590.7
649436.69
205303.63
92641.787
52851.907
35605.54
26574.651
20699.199
16081.815
12114.312
8725.7192
6006.6249
3998.8644
2633.1592
1768.8956
1251.7383
951.68796
777.00571
670.14984
599.2496
546.67658
502.24006
461.24831
421.94928
383.90717
346.41407
310.54364
275.78266
241.92433
210.32797
180.65937
152.92516
127.46751
104.51711
83.449904
65.70361
50.781861
38.363224
29.19399
22.44654
17.478692
13.793609
11.027298
8.9184642
7.294475
6.036522
5.0543618
4.2791161
3.6610617
3.1638604
2.7599097
2.4290505
2.1559523
1.9287186
1.7383283
1.57763
1.4408888
1.3237425
1.2227834
1.1352895
1.0590852
0.99239704
0.93378361
0.88205378
0.83622054
0.79546421
0.75910491
0.72657171
0.69738122
0.67112466
0.6474532
0.62606558
0.60670072
0.58912983
0.57314841
0.55857387
0.54680431
0.53743338
0.53001043
0.5241877
0.51969703
0.51631137
0.51382004
0.51203269
0.51079229
0.50997869
0.50950347
0.50930238
0.50932894
0.50954979
0.50994145
0.51048794
0.51117897
0.5120089
0.51297611
0.51408238
0.51533253
0.51673417
0.51829758
0.52003564
0.5219639
0.52410071
0.52646754
0.52908909
0.53199373
0.53521408
0.53878759
0.5427575
0.5471736
0.55209296
0.55758233
0.56371999
0.57059718
0.57832109
0.58701964
0.59684605
0.60798445
0.6206585
0.63514326
0.65177986
3586937.2
587149.85
186480.94
85151.921
49268.232
33262.729
24321.286
18137.883
13263.561
9316.1871
6252.204
4055.6655
2608.1647
1722.2941
1214.5149
934.42796
776.63575
679.87578
613.31145
563.16261
520.49833
479.34769
438.99763
399.69125
361.51025
324.53179
288.80324
254.45666
221.09544
190.45672
161.85082
135.34549
111.22622
89.59213
70.402437
53.869652
40.712389
31.049109
23.983518
18.745131
14.816241
11.848174
9.5877148
7.85154
6.5036665
5.4473484
4.6119154
3.9438337
3.4047259
2.9665899
2.6072177
2.3102026
2.0630573
1.8557353
1.6805452
1.531526
1.4038295
1.2937905
1.1984595
1.1154567
1.0428522
0.97906313
0.92279114
0.87295902
0.82866838
0.78917139
0.75384482
0.72216286
0.6936775
0.66800726
0.64482518
0.62384895
0.60483531
0.58757132
0.57186589
0.55754159
0.54603738
0.53686779
0.52959808
0.52389134
0.51948737
0.5161657
0.51372126
0.51196819
0.51075302
0.50995818
0.50949709
0.50930681
0.50934183
0.50956941
0.50996659
0.51051773
0.5112128
0.51204639
0.51301701
0.51412655
0.51537991
0.51678477
0.51835145
0.52009285
0.52202455
0.52416492
0.52653541
0.52916074
0.53206924
0.53529348
0.53887092
0.54284472
0.54726456
0.55218737
0.55767979
0.56381992
0.57069868
0.57842288
0.58711999
0.59694263
0.60807407
0.62073681
0.63520439
0.65181586
3250170.9
532518.67
169926.26
78286.885
45455.019
30229.291
21277.965
14995.86
10250.792
6706.2987
4212.2627
2631.798
1702.1294
1187.2042
923.09269
782.14072
695.77966
634.89919
585.77588
541.27559
497.70148
455.64779
415.11316
375.96601
338.19176
301.78111
266.82485
233.5239
202.09614
172.64007
145.17769
119.80721
96.738539
76.116801
57.981
43.890197
33.567721
25.959873
20.311272
16.080593
12.879204
10.434045
8.5497285
7.0837048
5.9305162
5.0151054
4.2835214
3.6927861
3.2114582
2.8169658
2.491015
2.2192968
1.9913598
1.7988232
1.6350099
1.4948002
1.3740808
1.2695979
1.1787112
1.0992786
1.0295511
0.96809063
0.91370775
0.86541193
0.82237452
0.78390586
0.74942624
0.71844469
0.69054091
0.66535495
0.64257734
0.62194125
0.60321745
0.58620564
0.57073166
0.55664833
0.54537154
0.53637515
0.52923749
0.52363096
0.51930232
0.51603666
0.51363336
0.51191049
0.51071763
0.50993947
0.509491
0.50931042
0.50935304
0.5095867
0.50998887
0.51054424
0.51124303
0.51207997
0.51305373
0.51416629
0.51542263
0.51683046
0.51840017
0.52014467
0.52207955
0.52422321
0.5265971
0.52922593
0.53213799
0.53536585
0.53894691
0.54292429
0.54734759
0.55227359
0.55776882
0.56391122
0.57079144
0.57851593
0.58721174
0.59703092
0.60815599
0.62080839
0.63526028
0.65184876
2974298.6
487673.79
156049.67
72006.322
41374.667
26693.445
17885.139
11838.475
7560.2374
4663.82
2837.0015
1781.0024
1207.9492
929.46108
799.17448
715.23672
654.06862
604.2742
558.75634
515.11481
472.79747
431.6986
391.82059
353.29806
316.27884
280.8294
246.98185
214.82117
184.50981
156.17343
129.83484
105.54548
83.420896
63.722806
48.28863
36.95784
28.632722
22.4425
17.788242
14.258413
11.553234
9.4598915
7.8267911
6.5428631
5.5228639
4.7053335
4.0464796
3.5110135
3.071225
2.7075724
2.4051172
2.1514718
1.9373062
1.7553426
1.5998697
1.4662816
1.3508525
1.2506017
1.163119
1.0864372
1.0189393
0.95929017
0.90638217
0.85929231
0.81724711
0.77959801
0.74579618
0.71537686
0.68794083
0.66314493
0.64069435
0.62033441
0.60184387
0.58502953
0.56972254
0.55588664
0.54480085
0.53595148
0.52892641
0.52340564
0.5191416
0.5159241
0.51355629
0.51185956
0.51068609
0.50992248
0.50948512
0.50931314
0.50936251
0.50960161
0.51000827
0.51056749
0.51126964
0.51210965
0.51308628
0.5142016
0.51546066
0.51687124
0.51844373
0.52019109
0.5221289
0.52427559
0.52665262
0.52928465
0.53219999
0.53543116
0.53901555
0.54299623
0.54742269
0.55235163
0.55784943
0.56399393
0.5708755
0.57860025
0.58729487
0.59711095
0.60823025
0.62087326
0.63531089
0.65187855
2772281.5
454578.07
145305.84
66521.404
37366.796
23166.626
14696.018
9147.7097
5493.6182
3280.7215
2021.2377
1353.0182
1009.4362
832.13086
735.30909
673.40073
623.94983
578.17819
533.9851
491.02953
449.2784
408.79764
369.6819
332.01935
295.912
261.46214
228.75145
197.84865
168.81783
141.71213
116.55506
93.35815
72.080986
54.8596
42.050151
32.54682
25.492367
20.19568
16.165911
13.076345
10.6852
8.8165488
7.3457132
6.1807015
5.2495926
4.4978436
3.8867546
3.3869917
2.9745441
2.6316234
2.3446537
2.1029401
1.8981624
1.7236347
1.5740475
1.4451504
1.3335052
1.2363178
1.1513192
1.0766568
1.0108048
0.95250027
0.90069462
0.85451437
0.81322419
0.7762013
0.74292008
0.71293398
0.6858595
0.6613665
0.63917128
0.61902811
0.60072172
0.58406443
0.5688915
0.55525469
0.544324
0.53559539
0.52866359
0.52321436
0.51900453
0.51582747
0.5134896
0.51181509
0.5106582
0.50990711
0.50947933
0.50931485
0.50937017
0.50961408
0.51002475
0.5105874
0.5112926
0.51213538
0.51311463
0.51423247
0.51549402
0.5169071
0.51848213
0.52023209
0.52217258
0.52432205
0.52670194
0.52933691
0.53225524
0.53548944
0.53907687
0.54306055
0.5474899
0.55242149
0.55792166
0.56406806
0.57095088
0.57867589
0.58736946
0.59718274
0.60829687
0.62093147
0.63535631
0.65190529
2654925.8
435002.22
138364.58
62373.057
34020.416
20269.379
12345.051
7432.4392
4408.2062
2638.9218
1669.4474
1167.1454
914.28002
783.04341
704.87214
647.65782
598.58666
553.08219
509.56712
467.56175
426.94499
387.7149
349.9126
313.59301
278.82995
245.70547
214.30167
184.69391
156.93451
131.03763
107.0162
84.908784
64.759128
49.67948
38.435537
30.01234
23.682714
18.891213
15.220088
12.384198
10.177254
8.4423337
7.0670435
5.9698998
5.0883775
4.3740687
3.7909275
3.3115735
2.9145094
2.583519
2.3058756
2.0715297
1.8725552
1.7026406
1.5567526
1.4308505
1.3216461
1.2264578
1.1430991
1.0697829
1.0050386
0.94764767
0.8965992
0.8510488
0.81028302
0.77369705
0.74078148
0.71110229
0.68428627
0.66001161
0.63800155
0.61801593
0.59984468
0.58330438
0.56823283
0.55474833
0.54393757
0.53530386
0.52844676
0.52305533
0.51888967
0.51574585
0.51343272
0.51177665
0.51063367
0.50989318
0.50947358
0.50931552
0.50937597
0.50962407
0.51003826
0.51060395
0.51131186
0.51215714
0.51313874
0.51425888
0.51552269
0.51693803
0.51851537
0.52026769
0.52221061
0.52436259
0.52674508
0.52938271
0.53230375
0.53554067
0.53913086
0.54311726
0.54754921
0.55248321
0.55798551
0.56413367
0.57101761
0.57874286
0.58743553
0.59724636
0.60835591
0.62098304
0.63539654
0.65192895
2629986.2
430392.83
135956.12
60218.485
31976.512
18510.984
11012.92
6542.0309
3875.1708
2345.4432
1514.0939
1081.2114
860.1133
743.21775
672.42632
619.73931
573.57147
529.98147
487.96384
447.38129
408.22178
370.49693
334.23265
299.44979
266.18194
234.47396
204.38324
175.98991
149.36366
124.48384
101.29949
79.816715
61.245098
47.282009
36.804607
28.89914
22.911612
18.350137
14.838449
12.108956
9.9737686
8.2914226
6.9550582
5.8854785
5.0231717
4.322681
3.7499052
3.2784348
2.8876545
2.5615888
2.2877924
2.0564922
1.8599604
1.6920333
1.5477819
1.4232364
1.3151633
1.2209277
1.1383769
1.0657462
1.0015845
0.94468891
0.89405949
0.84886283
0.80839535
0.77206198
0.73936147
0.70986574
0.68320677
0.65906707
0.63717327
0.61728828
0.59920499
0.58274257
0.56774034
0.55436359
0.54363872
0.53507433
0.52827351
0.52292688
0.51879602
0.5156786
0.51338524
0.51174403
0.51061232
0.50988051
0.50946773
0.50931506
0.50937986
0.50963155
0.5100488
0.51061714
0.51132744
0.51217492
0.51315863
0.5142808
0.51554664
0.51696403
0.51854344
0.52029788
0.52224299
0.52439722
0.52678204
0.52942206
0.53234551
0.53558489
0.53917754
0.54316637
0.54760067
0.55253682
0.55804104
0.56419076
0.57107574
0.57880125
0.58749314
0.59730186
0.60840743
0.62102804
0.63543165
0.65194961
2702004.9
441595.83
138556.61
60446.183
31473.793
17926.74
10586.05
6299.6855
3759.2806
2292.2913
1483.6246
1055.5033
834.05905
716.97239
647.2656
596.50559
552.43799
510.78176
470.48065
431.57926
394.14161
358.14452
323.57945
290.44302
258.73547
228.45517
199.59852
172.23416
146.51034
122.46453
99.99395
79.048082
60.940211
47.188837
36.83108
28.994721
23.029404
18.460889
14.937109
12.196607
10.047783
8.3505844
7.0010076
5.9204282
5.0493417
4.3422792
3.7643697
3.2888046
2.8948249
2.5663212
2.2906918
2.0580342
1.8605167
1.6918943
1.5471634
1.4222966
1.314027
1.2196949
1.1371206
1.0645147
1.0004093
0.94358865
0.89304128
0.84792693
0.80753819
0.7712778
0.73864471
0.70921144
0.68261062
0.65852464
0.63668009
0.61683998
0.59879803
0.58237467
0.56740986
0.55409801
0.54342683
0.53490699
0.5281435
0.52282799
0.51872236
0.51562484
0.51334665
0.51171691
0.51059399
0.50986904
0.50946172
0.50931346
0.50938183
0.5096365
0.51005632
0.51062694
0.5113393
0.51218872
0.51317427
0.51429825
0.51556589
0.51698508
0.51856634
0.52032266
0.52226971
0.52442596
0.52681284
0.52945498
0.53238057
0.53562211
0.53921694
0.54320793
0.54764428
0.55258235
0.55808826
0.56423942
0.57112532
0.57885108
0.58754236
0.59734931
0.60845151
0.62106656
0.6354617
0.65196727
2880438.7
470311.06
146885.86
63439.222
32640.924
18456.272
10916.601
6562.4094
3962.1637
2428.6397
1557.7963
1081.45
829.48368
697.45766
623.6224
574.18734
533.09114
494.16284
455.78714
418.60603
382.83605
348.48742
315.56143
284.05205
253.92322
225.15964
197.70948
171.63428
147.01371
123.83713
102.07843
81.710622
63.383423
49.155966
38.378543
30.207205
23.978349
19.199889
15.508889
12.638186
10.389554
8.6156581
7.2065445
6.0794327
5.1718954
4.4364533
3.8365735
3.3440432
2.937014
2.5984833
2.3151517
2.0765774
1.8745163
1.7024152
1.5550207
1.4281171
1.3182984
1.2227995
1.1393548
1.0661022
1.0015202
0.94435081
0.89354626
0.84824202
0.80771199
0.77134478
0.73863152
0.70913873
0.68249493
0.65837934
0.63651577
0.61666476
0.59861804
0.58219528
0.56723577
0.55394683
0.54329858
0.53480041
0.5280568
0.52275889
0.51866861
0.51558407
0.51331639
0.51169496
0.51057849
0.50985862
0.50945545
0.50931068
0.50938196
0.50963893
0.5100608
0.51063329
0.51134739
0.51219845
0.5131856
0.51431115
0.51558035
0.51700112
0.51858398
0.52034195
0.5222907
0.5244487
0.5268374
0.52948138
0.53240883
0.53565226
0.53924901
0.54324186
0.54768002
0.55261974
0.55812718
0.56427955
0.57116632
0.57889235
0.58758317
0.59738869
0.60848813
0.6210986
0.63548671
0.651982
3175737.5
518297.38
161546.27
69455.142
35561.053
20092.83
11971.265
7306.2258
4494.7043
2781.7619
1759.3999
1174.106
853.07454
683.95708
597.7812
549.13718
514.54632
481.87009
445.50607
409.88881
375.43393
342.44227
310.8748
280.77788
252.16341
225.07202
198.93657
173.87368
150.18906
127.87786
106.88447
87.147921
68.647058
53.311545
41.572365
32.650924
25.848009
20.630902
16.60477
13.477573
11.032675
9.1088561
7.5852072
6.3706489
5.3962309
4.6094365
3.9700253
3.4470472
3.0165515
2.6599327
2.3626363
2.1132516
1.9028252
1.7242655
1.5718776
1.4411072
1.3282913
1.2304747
1.1452483
1.0706299
1.0050041
0.94703769
0.8956205
0.84984228
0.80894237
0.77228542
0.7393447
0.70967017
0.68288177
0.65865125
0.63669702
0.61677496
0.59867324
0.58220944
0.56722064
0.55391112
0.54325369
0.53475354
0.52801257
0.52271949
0.51863484
0.51555608
0.51329383
0.5116773
0.51056512
0.50984885
0.50944868
0.50930649
0.50938007
0.5096391
0.51006257
0.51063649
0.51135193
0.51220427
0.51319266
0.51431946
0.51558994
0.51701204
0.51859626
0.52035563
0.52230582
0.52446533
0.52685559
0.52950114
0.53243018
0.53567523
0.5392736
0.54326807
0.54770775
0.55264891
0.55815761
0.56431111
0.57119861
0.57892492
0.58761546
0.59741992
0.6085172
0.62112405
0.63550659
0.6519937
3593768.4
586489.06
182800.47
78603.085
40311.64
22912.153
13830.901
8626.0033
5458.5814
3474.3081
2232.8352
1477.333
1035.6437
786.37509
647.94317
567.97553
515.52208
474.6345
437.907
402.72523
368.83423
336.40035
305.62186
276.19906
248.42037
225.1288
201.6237
177.94011
155.47058
134.29005
114.33694
95.277285
77.103189
60.192454
46.836234
36.633108
28.861336
22.916315
18.34279
14.802409
12.044857
9.8841882
8.1804955
6.8282908
5.7482281
4.8803255
4.178575
3.6076744
3.1403125
2.7553397
2.4362478
2.1701493
1.9469344
1.7585334
1.5985402
1.4618583
1.3444322
1.243031
1.1550286
1.0782584
1.0109631
0.95170911
0.89929795
0.85274794
0.8112454
0.77411538
0.74079804
0.71081876
0.68378369
0.65935255
0.63723493
0.61718046
0.59897487
0.58242833
0.56737388
0.55399648
0.54329466
0.53476723
0.5280108
0.52270974
0.51862143
0.51554171
0.51327985
0.51166446
0.51055386
0.50983936
0.50944099
0.5093005
0.5093757
0.50963633
0.51006128
0.51063649
0.51135303
0.51220643
0.51319585
0.51432366
0.51559515
0.51701826
0.5186035
0.52036392
0.52231522
0.52447589
0.52686736
0.52951417
0.53244452
0.5356909
0.53929066
0.54328644
0.54772742
0.55266979
0.55817962
0.56433401
0.57122221
0.57894884
0.58763924
0.59744298
0.60853876
0.62114296
0.63552138
0.65200243
4134986.1
674844.6
210445.16
90614.464
46613.971
26652.468
16255.991
10302.494
6663.459
4347.0401
2847.5002
1882.7691
1277.1958
907.84665
689.08225
562.36976
488.01057
441.3473
407.23213
377.05612
347.28964
317.62744
289.53131
263.52416
239.64976
217.53846
196.68542
176.41239
156.4612
137.71474
120.72354
103.78821
86.411508
69.739688
54.433556
42.412625
33.226484
26.211229
20.836339
16.695737
13.486502
10.984641
9.0227183
7.4742963
6.245004
5.2633048
4.4743252
3.836385
3.3173888
2.8926041
2.5427656
2.2528429
2.0110025
1.8080436
1.636776
1.4914183
1.3673661
1.2609127
1.1690019
1.0891903
1.0195336
0.95845545
0.90463167
0.85698415
0.81463088
0.77683253
0.74298236
0.7125754
0.68519408
0.66048048
0.63813136
0.61788889
0.59953192
0.58286089
0.56770503
0.55420948
0.54342649
0.53484562
0.52805396
0.52273017
0.51862796
0.51554035
0.51327417
0.51165643
0.51054478
0.50983007
0.50943207
0.50929228
0.50936836
0.50962996
0.51005594
0.51063219
0.51134982
0.51220427
0.51319469
0.51432343
0.51559578
0.51701974
0.51860582
0.52036709
0.52231925
0.52448081
0.52687319
0.5295209
0.53245216
0.53569952
0.53930027
0.54329704
0.54773897
0.5526823
0.55819299
0.5643482
0.57123699
0.578964
0.58765447
0.59745788
0.60855275
0.62115529
0.63553106
0.65200815
4793861.8
782506.82
244255.88
105465.55
54555.344
31488.031
19483.674
12589.547
8333.3491
5568.7197
3720.3113
2476.2994
1651.6481
1123.465
798.35288
604.15883
490.75887
424.54016
383.36661
354.35039
330.8429
310.32147
292.18912
273.05727
249.08604
222.4004
197.90172
178.55988
162.20094
145.17477
127.62269
110.69644
94.370725
78.712714
63.727552
49.76333
38.877347
30.518287
24.109759
19.181247
15.374903
12.421836
10.119973
8.3148196
6.8905028
5.7601117
4.8581551
4.1341989
3.5491731
3.0734023
2.6839891
2.3632238
2.0972222
1.8753662
1.6892788
1.5323352
1.3991975
1.2855633
1.1880333
1.1039318
1.0310553
0.96750082
0.91175972
0.86263337
0.8191339
0.78043728
0.74588172
0.71491604
0.68708755
0.66201403
0.63937279
0.61889261
0.60033842
0.58350439
0.5682149
0.55455524
0.54365652
0.53499413
0.52814486
0.5227821
0.5186557
0.51555258
0.51327654
0.51165289
0.51053763
0.50982075
0.50942163
0.50928139
0.50935748
0.5096194
0.510046
0.51062286
0.5113412
0.51219642
0.51318767
0.51431728
0.51559054
0.51701539
0.51860235
0.52036446
0.52231744
0.52447979
0.52687288
0.52952126
0.53245317
0.53570122
0.53930269
0.54330008
0.54774272
0.55268671
0.55819804
0.56435374
0.57124306
0.57897044
0.5876611
0.59746452
0.60855917
0.62116106
0.63553565
0.65201089
5559153.7
907546.14
283476.41
122666.76
63795.296
37203.831
23406.149
15494.299
10592.622
7364.3154
5145.4447
3578.535
2467.9282
1692.8649
1168.1425
828.16157
617.17029
489.23492
412.49187
365.58392
334.25235
310.11912
288.9784
268.68657
248.623
229.32089
211.07336
194.00457
177.72896
160.83064
141.71589
120.9487
101.64473
86.099748
72.106204
58.386328
45.859837
35.897019
28.234689
22.350435
17.808608
14.281941
11.53845
9.3971347
7.7180315
6.3944387
5.3449774
4.5080131
3.8373407
3.2967247
2.8578026
2.4991304
2.2040459
1.9596907
1.7559359
1.5849592
1.4405889
1.3179642
1.2133402
1.123658
1.0463497
0.97930793
0.92094735
0.8698778
0.82487567
0.78502317
0.74956463
0.7178826
0.68948362
0.66395335
0.64094468
0.62016816
0.60137249
0.58434222
0.56889226
0.55503149
0.54398536
0.53521368
0.52828574
0.52286864
0.51870664
0.51557914
0.51328722
0.51165371
0.51053213
0.50981104
0.50940925
0.50926735
0.50934243
0.50960383
0.51003024
0.5106073
0.51132592
0.51218153
0.51317323
0.51430341
0.51557733
0.51700291
0.51859063
0.52035352
0.5223073
0.52447043
0.52686422
0.5295132
0.53244568
0.53569422
0.53929617
0.54329403
0.54773711
0.55268162
0.55819341
0.56434961
0.57123939
0.57896728
0.58765845
0.59746234
0.60855745
0.62115981
0.63553484
0.6520105
6414168
1047161.6
327141.86
141649.12
73793.444
43200.5
27382.476
18358.28
12793.842
9133.9951
6592.7861
4754.6996
3394.3362
2395.0944
1673.2556
1168.3779
829.76082
613.27818
479.2085
396.80001
345.44612
311.48072
286.24716
264.9634
245.47349
227.01742
209.23117
191.89234
175.01759
158.7079
143.04417
128.43815
115.15867
102.0298
87.393159
71.909636
57.030795
44.011999
33.838629
26.431313
20.928159
16.665702
13.365434
10.798786
8.788233
7.2113105
5.9696381
4.9863822
4.2037051
3.5771622
3.073508
2.6660432
2.3338628
2.0611675
1.835699
1.6479506
1.4905564
1.3577402
1.2449858
1.1486783
1.0659296
0.99458338
0.93282463
0.87905968
0.83201177
0.79068317
0.75408808
0.72152487
0.69242437
0.66633082
0.64286747
0.62172487
0.60263594
0.58536965
0.56972879
0.55562832
0.54440304
0.53550107
0.52847857
0.52299174
0.51878127
0.51562085
0.51330727
0.51165948
0.51052796
0.50980047
0.50939428
0.50924929
0.50932219
0.50958201
0.51000719
0.5105832
0.51130092
0.51215561
0.51314628
0.51427548
0.51554854
0.51697341
0.51856059
0.52032313
0.52227677
0.52444
0.52683413
0.52948373
0.53241707
0.5356667
0.53926975
0.54326871
0.54771297
0.55265868
0.55817176
0.56432926
0.57122047
0.57894989
0.58764274
0.59744848
0.60854565
0.62115032
0.63552805
0.65200682
7336942
1197857.2
374241.34
162072.18
84481.502
49535.719
31515.038
21286.846
15029.632
10946.331
8120.7948
6062.7647
4505.1047
3302.8227
2375.6019
1677.3398
1177.3669
834.60057
610.49709
469.85783
382.08402
326.54593
290.06114
263.9321
242.94274
224.39903
207.07821
190.48865
174.49697
159.14185
144.48173
130.55339
117.37116
104.6388
92.397667
81.466843
70.997847
59.141354
46.280437
34.129361
25.650787
19.836949
15.652357
12.556121
10.135328
8.2455099
6.7632381
5.5946339
4.670189
3.9347361
3.3470838
2.8752022
2.4946013
2.1852745
1.9320478
1.7231978
1.5497354
1.4045739
1.2822154
1.1783635
1.0896519
1.0134838
0.94770116
0.89063169
0.84101734
0.79765194
0.75953091
0.72587332
0.69592511
0.66916248
0.64515701
0.6235744
0.60413104
0.58658191
0.57071617
0.55635132
0.54491132
0.53585528
0.52872118
0.52315181
0.51887811
0.51567748
0.51333643
0.51166965
0.5105252
0.50978896
0.50937633
0.50922665
0.50929578
0.50955254
0.50997536
0.51054966
0.51126632
0.51212065
0.51311169
0.51424148
0.51551516
0.51694065
0.51852842
0.52029153
0.52224567
0.52440932
0.52680382
0.5294537
0.53238726
0.53563704
0.53924029
0.54323957
0.54768414
0.5526303
0.55814396
0.56430224
0.57119435
0.57892497
0.58761938
0.59742706
0.60852666
0.62113448
0.63551623
0.65200015
8302834.5
1355639.2
423518.76
183396.76
95584.396
56050.325
35693.959
24182.696
17188.966
12670.82
9578.3488
7340.4126
5638.2923
4295.5484
3218.5781
2360.3223
1694.7984
1199.7173
848.57871
610.46505
459.47983
367.26663
309.65854
271.58578
244.71845
223.78589
205.8306
189.38269
173.89914
159.25573
145.38637
132.1648
119.51005
107.25657
95.430118
84.40297
73.886583
63.737799
54.82678
45.986327
35.538876
26.169487
19.638414
15.068747
11.854265
9.5117852
7.7382862
6.3447725
5.2482037
4.3795929
3.6891383
3.1377262
2.6954187
2.3391983
2.0506432
1.8148537
1.6208761
1.4601042
1.3258548
1.2129251
1.1172234
1.0355289
0.96533665
0.90471236
0.85211863
0.80625811
0.76621912
0.73106392
0.70003494
0.67246465
0.6478201
0.62571706
0.60584881
0.58795365
0.57180717
0.55721401
0.54551924
0.53627995
0.52901389
0.52334862
0.51900435
0.51575195
0.51337352
0.51168372
0.51052346
0.50977563
0.50935486
0.50919978
0.50926572
0.50952081
0.50994273
0.51051656
0.51123299
0.51208714
0.51307791
0.51420744
0.51548091
0.51690619
0.51849377
0.52025666
0.52221058
0.524374
0.52676827
0.52941794
0.53235128
0.53560086
0.53920395
0.54320314
0.54764776
0.55259405
0.55810804
0.56426683
0.57115976
0.57889157
0.58758764
0.59739758
0.60850023
0.62111215
0.63549936
0.65199054
9285863.7
1516162.8
473611.62
205053.71
106829.58
62605.236
39846.45
27004.93
19242.959
14273.846
10915.052
8515.5681
6704.6313
5270.695
4097.0575
3124.0011
2324.4387
1686.6031
1200.6327
850.7807
611.19211
454.50195
355.88538
294.34841
254.80576
227.36276
206.15557
188.50664
173.39841
159.14761
145.62065
132.77601
120.55292
108.85926
97.664003
87.095054
76.933175
67.127495
58.159368
49.615779
41.924353
34.886662
26.418633
19.589833
14.812431
11.442744
9.009051
7.2510517
5.9483856
4.9199535
4.1059502
3.4591443
2.9427205
2.5289512
2.1958648
1.9266634
1.707283
1.5271135
1.3779767
1.2536634
1.1492672
1.0609341
0.98563565
0.92099856
0.86514066
0.81663755
0.7743624
0.73736894
0.70493681
0.6763094
0.65090771
0.62820182
0.60784652
0.58955218
0.57307927
0.55822039
0.54622981
0.53677867
0.52935945
0.52358172
0.51915422
0.51584115
0.51342408
0.51170322
0.5105242
0.50976404
0.50933527
0.50917479
0.50923707
0.50948956
0.50990965
0.51048214
0.51119754
0.51205086
0.51304092
0.51416982
0.51544271
0.51686746
0.5184545
0.52021687
0.52217024
0.52433309
0.5267268
0.52937592
0.53230872
0.53555777
0.53916039
0.54315924
0.54760355
0.55254972
0.55806379
0.56422295
0.57111656
0.57884956
0.58754744
0.59735998
0.60846629
0.62108327
0.6354774
0.65197791
10260301
1675075.8
523044.25
226402.05
117901.12
69035.044
43884.801
29705.319
21159.84
15724.224
12088.999
9527.0821
7618.623
6119.6664
4891.5859
3858.7718
2983.1075
2248.2691
1648.9658
1182.1565
839.04896
600.71534
442.83021
342.28221
279.65524
239.07179
211.28428
190.6918
174.10622
159.50046
145.96004
133.23365
121.21488
109.80008
98.946259
88.705674
78.963202
69.709231
61.103496
52.817804
45.174275
38.015609
31.404992
25.464899
19.35175
14.488463
11.090565
8.6704136
6.8725163
5.5713249
4.6042667
3.8450339
3.2410184
2.7591458
2.3728694
2.062181
1.8113179
1.607531
1.4403333
1.302174
1.1871496
1.0906381
1.0090615
0.93961593
0.88005784
0.82862676
0.78393137
0.74494379
0.71080428
0.68086373
0.65447415
0.63106778
0.61015083
0.59140195
0.57455905
0.55939937
0.54707088
0.5373782
0.52978501
0.52387428
0.51934209
0.51594931
0.51347924
0.51172852
0.51052773
0.50975449
0.50931656
0.50914966
0.50920738
0.50945661
0.50987432
0.51044498
0.51115893
0.51201108
0.51300012
0.51412812
0.51540016
0.51682408
0.51841032
0.52017187
0.5221244
0.5242864
0.52667926
0.52932754
0.53225951
0.53550775
0.5391096
0.54310775
0.54755152
0.5524973
0.55801124
0.56417056
0.57106478
0.57879897
0.58749881
0.5973143
0.60842487
0.62104788
0.63545036
0.65196233
11201101
1828215
570342.21
246751.78
128437.6
75140.497
47696.993
32221.828
22904.699
16998.454
13076.81
10345.142
8341.095
6791.1416
5534.1045
4477.0091
3569.1609
2786.2641
2119.8183
1568.8685
1132.9858
806.91394
577.32314
423.88931
325.71932
263.75398
223.78937
196.69064
176.6584
160.39531
146.4983
133.71779
121.76286
110.49743
99.848872
89.820313
80.337199
71.396768
63.071222
55.183209
47.886485
40.975173
34.622842
28.765795
23.499914
18.412972
14.01024
10.622447
8.2589768
6.5463176
5.2564956
4.304864
3.5923575
3.0317258
2.5839676
2.2251106
1.9365671
1.7034986
1.5144235
1.3595712
1.2318302
1.1255591
1.0364534
0.96119037
0.89714452
0.84226396
0.79489893
0.7537421
0.71779027
0.68632806
0.65871021
0.63439698
0.61281969
0.59355976
0.57630442
0.5608095
0.5480922
0.538092
0.5302611
0.52418436
0.51953804
0.51606797
0.51354428
0.51175722
0.51053443
0.50974633
0.50929802
0.50912374
0.50917609
0.50942149
0.50983633
0.51040476
0.51111691
0.51196757
0.51295534
0.51408217
0.51535311
0.51677596
0.51836113
0.5201216
0.52207304
0.52423392
0.52662564
0.52927278
0.53220363
0.53545075
0.53905152
0.54304873
0.54749164
0.55243678
0.55795034
0.56410967
0.57100439
0.57873978
0.58744173
0.5972605
0.60837593
0.62100594
0.63541821
0.65194372
12086142
1971980.4
614359.02
265568.39
138147.02
80750.732
51183.106
34499.919
24454.404
18096.041
13893.934
10994.872
8899.8482
7309.129
6040.3752
4982.5889
4070.7211
3270.8216
2569.4452
1965.1063
1461.1734
1059.5763
756.67772
541.73666
397.39953
304.54727
245.8632
207.96185
182.16115
163.14279
147.84362
134.41798
122.29975
110.93217
100.50839
90.628815
81.307854
72.574008
64.451138
56.828348
49.780969
43.188103
37.141047
31.419924
26.241039
21.376171
16.9413
13.216617
10.0775
7.7904917
6.1661179
4.9589038
4.0417557
3.3520419
2.8288508
2.4157629
2.0844447
1.8176346
1.6020707
1.4271728
1.2841758
1.1662984
1.0682972
0.98619819
0.91686804
0.85788621
0.80735337
0.7637594
0.72588831
0.692797
0.66381156
0.63835725
0.61598034
0.59613067
0.57839698
0.56245222
0.54918829
0.53882781
0.5307615
0.52452292
0.51975953
0.51620529
0.51362255
0.51179537
0.51054578
0.50973943
0.50927937
0.50909675
0.50914304
0.50938402
0.50979553
0.51036137
0.51107141
0.5119203
0.51290652
0.51403193
0.51530153
0.51672306
0.51830692
0.52006606
0.52201614
0.52417562
0.52656593
0.52921166
0.53214108
0.5353868
0.53898622
0.54298214
0.54742395
0.55236818
0.55788115
0.56404029
0.57093542
0.57867201
0.5873762
0.5971986
0.60831949
0.62095746
0.63538098
0.65192213
12898924
2103743.4
654391.4
282574.17
146875.5
85773.394
54289.025
36514.043
25806.304
19032.518
14569.505
11513.102
9332.699
7706.0727
6432.8994
5386.8839
4489.6198
3695.8561
2984.0929
2348.895
1793.6538
1332.923
969.29663
693.51734
497.30538
365.04736
280.08128
226.36958
191.55539
167.70614
150.03236
135.63624
123.06445
111.5189
101.04261
91.227444
82.02215
73.419162
65.430884
57.983705
51.115389
44.744043
38.904865
33.428204
28.478632
23.719169
19.363957
15.437462
12.141317
9.426214
7.2739487
5.7456264
4.6285028
3.7838685
3.1330848
2.6354223
2.2523222
1.948915
1.7040222
1.5059639
1.3450579
1.2135826
1.105087
1.014945
0.93945233
0.87571755
0.82150019
0.7750388
0.73494731
0.70013119
0.66972223
0.64307662
0.61967413
0.59897988
0.58055385
0.56411125
0.55034538
0.53963271
0.53131737
0.52490109
0.52000925
0.51636169
0.51371326
0.51184126
0.51056147
0.50973468
0.50926067
0.50906871
0.50910817
0.50934416
0.5097519
0.51031479
0.51102239
0.51186923
0.51285365
0.5139774
0.51524541
0.51666539
0.51824768
0.52000525
0.52195371
0.52411155
0.52650017
0.52914419
0.5320719
0.53531591
0.53891366
0.54290805
0.54734844
0.5522915
0.55780364
0.56396244
0.57085785
0.57859565
0.58730222
0.59712857
0.60825554
0.62090241
0.63533861
0.65189751
13624313
2221473.6
690009.83
297620.17
154563.61
90177.503
57000.517
38262.168
26968.443
19824.688
15126.909
11926.515
9665.8032
8003.9933
6726.5832
5695.5437
4821.8936
4050.3909
3350.6218
2710.2804
2130.9645
1627.722
1207.4021
874.50709
625.81228
448.55125
329.69469
253.89906
206.10142
174.9957
153.46747
137.23773
123.90704
112.1644
101.51278
91.650553
82.511186
74.001984
66.112915
58.788018
52.050338
45.834573
40.151886
34.867376
30.075958
25.497529
21.344057
17.549264
13.94769
11.009446
8.6605446
6.7254675
5.3027159
4.2773254
3.5070494
2.9169222
2.4556385
2.0963755
1.8169134
1.5943895
1.4140598
1.2671122
1.146779
1.0474159
0.96482381
0.89561122
0.83715779
0.7873936
0.74476334
0.70803722
0.67614977
0.64817614
0.62353093
0.60189898
0.58284369
0.56593585
0.5516209
0.54052363
0.53193495
0.52532208
0.520288
0.51653743
0.51381633
0.51189469
0.5105814
0.5097319
0.50924233
0.50903956
0.50907152
0.50930191
0.50970545
0.51026499
0.51096988
0.51181438
0.51279674
0.51391859
0.51518478
0.51660296
0.51818346
0.5199392
0.52188579
0.5240417
0.52642835
0.52907039
0.5319961
0.53523812
0.53883391
0.54282642
0.54726514
0.55220678
0.55771787
0.56387611
0.57077171
0.5785107
0.5872198
0.59705044
0.60818406
0.62084079
0.63529113
0.6518699
14253184
2323826.5
720906.77
310630.81
161185.36
93958.764
59320.74
39751.498
27951.639
20486.759
15582.661
12252.497
9915.945
8217.1945
6931.0687
5911.4097
5062.1027
4320.6588
3648.9665
3026.8125
2452.6284
1932.3743
1474.6201
1089.7113
784.45214
558.41874
400.06043
294.11675
227.63669
185.97911
158.75433
139.62375
124.9408
112.69027
101.8811
91.975733
82.804719
74.356473
66.545252
59.315273
52.67534
46.576124
41.010348
35.865327
31.200758
26.800231
22.815978
19.171836
15.67024
12.521041
9.9085772
7.8353746
6.1518711
4.8563461
3.9211936
3.2226639
2.6905872
2.2760518
1.9484604
1.6898283
1.4862647
1.3233715
1.1907396
1.0817686
0.99157637
0.91648047
0.85352072
0.80036877
0.75504849
0.71607438
0.68238131
0.65315543
0.62760348
0.6051331
0.58537024
0.56794164
0.55303002
0.54150649
0.53261391
0.52578424
0.52059655
0.51673293
0.51393187
0.51195558
0.51060541
0.5097309
0.50922419
0.50900936
0.50903309
0.5092573
0.50965615
0.510212
0.51091388
0.51175577
0.51273582
0.51385553
0.51511965
0.5165358
0.51811426
0.51986792
0.52181239
0.52396612
0.52635053
0.52899029
0.5319137
0.53515342
0.53874695
0.54273733
0.54717406
0.55211401
0.5576238
0.56378132
0.570677
0.57841716
0.58712891
0.59696416
0.60810504
0.62077259
0.63523849
0.65183923
14779781
2409737.3
746950.07
321577.67
166743.28
97123.944
61258.264
40992.301
28767.714
21031.554
15949.855
12503.687
10093.974
8353.4525
7049.9306
6032.7241
5202.2038
4491.9805
3858.94
3276.0781
2730.4741
2221.651
1753.2491
1335.9946
982.47704
701.91023
495.29522
353.01407
260.28369
202.47381
166.67723
143.18512
126.39904
113.23515
102.07684
92.109749
82.940708
74.512394
66.759754
59.608778
53.050691
47.04526
41.573382
36.538616
31.975065
27.714722
23.858375
20.339434
16.979528
13.950528
11.183597
8.8571787
7.0380685
5.5697566
4.4188387
3.5743474
2.9466488
2.4687686
2.0977185
1.8056612
1.5730056
1.3872737
1.238722
1.1185981
1.0202047
0.93877389
0.87083926
0.81370829
0.76543516
0.72432787
0.6890342
0.65851074
0.63195024
0.60868406
0.58820323
0.57015386
0.55458953
0.54258531
0.53336234
0.52629497
0.52093671
0.51694894
0.51406048
0.51202431
0.51063375
0.5097319
0.50920646
0.50897852
0.50899289
0.50921037
0.50960405
0.51015587
0.5108544
0.51169342
0.51267091
0.51378823
0.51505006
0.51646394
0.51804012
0.51979146
0.52173355
0.52388482
0.52626672
0.52890391
0.53182474
0.53506187
0.53865284
0.54264075
0.54707523
0.55201322
0.55752149
0.56367809
0.57057372
0.57831506
0.58702959
0.59686977
0.60801848
0.62069779
0.6351807
0.65180553
15202564
2479304
768079.98
330452.96
171242.15
99683.13
62825.492
41997.393
29429.653
21471.887
16240.867
12691.008
10208.419
8418.2991
7085.3875
6058.2657
5236.8271
4553.178
3960.6861
3426.8394
2930.0509
2461.0046
2014.4027
1594.9597
1214.662
888.51209
628.59708
438.33309
310.80954
229.34375
179.15172
148.64712
128.56588
113.94107
102.19538
92.03366
82.84764
74.466292
66.776618
59.695703
53.211418
47.28799
41.896667
36.95476
32.476597
28.330588
24.576825
21.161886
17.940656
15.037546
12.391927
9.9126997
7.8681511
6.27847
5.004932
3.995019
3.2419003
2.6806629
2.2528374
1.9210775
1.6603633
1.4537827
1.2892702
1.1570306
1.0497107
0.96170224
0.88884609
0.82807193
0.77691262
0.73349213
0.69635378
0.66436549
0.63664705
0.61249025
0.59130911
0.57264272
0.5562789
0.54377858
0.53417955
0.52685457
0.52130951
0.51718648
0.51420259
0.51210103
0.51066641
0.50973472
0.50918876
0.50894695
0.50895098
0.50916115
0.5095492
0.5100966
0.51079148
0.51162736
0.51260203
0.51371673
0.51497603
0.51638741
0.51796106
0.51970984
0.52164929
0.52379784
0.52617695
0.52881129
0.53172924
0.53496347
0.53855158
0.54253675
0.54696867
0.55190442
0.55741092
0.56356642
0.57046188
0.57820436
0.58692179
0.59676721
0.60792435
0.62061636
0.63511772
0.65176875
15523927
2532378.5
784336.42
337290.26
174710.12
101656.02
64035.545
42776.453
29944.711
21813.666
16461.095
12820.555
10267.544
8423.6493
7053.9255
6008.5466
5187.8805
4522.982
3964.5903
3476.8779
3033.9456
2618.9334
2219.3992
1830.5666
1456.593
1109.9438
807.71148
565.27916
389.23473
273.51448
201.03085
157.87847
132.12884
115.06802
102.34192
91.833858
82.54728
74.198242
66.595197
59.601143
53.188384
47.338623
42.020219
37.160984
32.75867
28.708695
25.04199
21.714729
18.613223
15.821277
13.283535
10.916412
8.7268176
6.961145
5.5762393
4.4730774
3.5944681
2.9292403
2.4334258
2.0551617
1.7615253
1.5304611
1.3471231
1.2008917
1.0833586
0.98788107
0.90938646
0.84420532
0.78961446
0.7435149
0.70428709
0.67066829
0.64166158
0.61648168
0.59449719
0.57518573
0.55812896
0.5450487
0.53507543
0.52746473
0.52171603
0.51744661
0.51435869
0.51218616
0.51070372
0.50973978
0.50917175
0.50891464
0.50890756
0.50910969
0.50949163
0.51003423
0.51072514
0.51155763
0.51252923
0.51364106
0.51489759
0.51630623
0.51787713
0.51962309
0.52155965
0.52370521
0.52608125
0.52871246
0.53162722
0.53485827
0.53844321
0.54242532
0.5468544
0.55178765
0.55729214
0.56344632
0.5703415
0.5780851
0.58680553
0.5966565
0.60782264
0.6205283
0.63504955
0.65172892
15747725
2569565.2
795936.59
342192.21
177190.2
103067.64
64903.261
43336.875
30315.892
22058.033
16612.469
12897.743
10283.055
8389.4047
6984.1497
5919.2809
5095.0723
4440.9441
3905.5959
3452.399
3053.7593
2688.5595
2341.8926
2002.2014
1664.4574
1331.7368
1016.004
735.75652
509.18778
345.6022
240.09115
175.84033
138.97224
117.27192
102.74879
91.600443
82.119381
73.766738
66.22254
59.329183
53.010143
47.233924
41.981967
37.197439
32.864439
28.897674
25.308172
22.056469
19.053882
16.356322
13.913406
11.655612
9.574764
7.6607059
6.1382694
4.9377717
3.9811925
3.2207134
2.6416237
2.2079572
1.8762358
1.6178964
1.4140021
1.2518081
1.1219972
1.0173914
0.93219792
0.86195531
0.80348194
0.75439501
0.71285295
0.67743036
0.64700761
0.6207017
0.59781432
0.57778501
0.56014734
0.54642568
0.53603987
0.52812287
0.52215504
0.5177302
0.51452971
0.51228023
0.51074606
0.50974726
0.50915537
0.50888161
0.50886262
0.50905604
0.5094314
0.50996879
0.51065543
0.51148425
0.51245253
0.51356126
0.51481479
0.51622046
0.51778835
0.51953125
0.52146465
0.52360698
0.52597967
0.52860745
0.53151874
0.53474628
0.53832775
0.54230651
0.54673244
0.5516629
0.55716513
0.56331781
0.57021256
0.57795725
0.5866808
0.59653763
0.60771332
0.62043355
0.63497613
0.65168597
15880032
2591728.9
803106.32
345239.49
178737.18
103948.71
65443.849
43685.476
30545.419
22205.566
16696.517
12927.747
10265.727
8332.8134
6899.0342
5817.7123
4988.5403
4339.5014
3818.102
3386.9177
3018.0496
2689.8491
2386.1721
2094.2916
1803.8716
1509.6149
1213.3221
926.06515
666.87035
455.99321
304.8208
209.3672
153.48818
122.30429
103.97605
91.503049
81.648583
73.231496
65.720688
58.900076
52.680073
46.997587
41.815273
37.099323
32.830439
28.937818
25.418373
22.234212
19.315347
16.698588
14.337494
12.172933
10.188062
8.3555212
6.7066866
5.397551
4.3587234
3.5336333
2.8802372
2.3806568
2.0037873
1.7142705
1.4878727
1.3085192
1.165338
1.0502761
0.95728366
0.88134923
0.81858084
0.76619314
0.72210308
0.68470035
0.65273075
0.62520847
0.60135512
0.58055488
0.56231336
0.54796557
0.53707129
0.52884704
0.52263265
0.51803822
0.51471647
0.51238371
0.51079369
0.50975728
0.50913965
0.50884797
0.50881625
0.50900035
0.50936865
0.5099004
0.51058243
0.5114073
0.512372
0.51347737
0.51472767
0.51613012
0.51769477
0.51943436
0.52136436
0.52350316
0.52587223
0.5284963
0.53140381
0.53462755
0.53820525
0.54218033
0.54660282
0.55153022
0.55702994
0.5631809
0.57007509
0.57782082
0.58654758
0.59641056
0.60759637
0.62033211
0.63489746
0.65163991
15926954
2599906.1
806113.84
346565.86
179415.16
104331.25
65677.692
43834.458
30640.34
22260.647
16717.393
12916.224
10223.599
8264.3227
6810.992
5718.0241
4884.7725
4238.2111
3725.0565
3306.9796
2956.0905
2651.7424
2377.9858
2122.0664
1873.2246
1622.2687
1363.7153
1098.4412
836.62789
597.59173
402.93353
265.31842
181.01507
133.28589
107.27261
91.932464
81.252583
72.642627
65.133172
58.371342
52.224364
46.632742
41.539792
36.895578
32.686657
28.860381
25.404823
22.282371
19.436124
16.889466
14.599631
12.514597
10.613707
8.8702115
7.2634637
5.8573344
4.7341163
3.8404118
3.1325004
2.5745225
2.1458241
1.8197786
1.5680641
1.3702335
1.2128688
1.0867788
0.98504017
0.90254319
0.83498761
0.77897336
0.73209229
0.69252751
0.65887414
0.63003402
0.60514364
0.58351997
0.56462279
0.54959292
0.53819338
0.52960066
0.52314954
0.51837264
0.51491978
0.51249712
0.51084681
0.50976986
0.50912462
0.50881379
0.50876853
0.50894261
0.50930333
0.50982904
0.51050614
0.51132678
0.51228765
0.51338943
0.51463625
0.51603526
0.51759643
0.51933245
0.52125879
0.52339381
0.52575898
0.52837904
0.53128248
0.5345021
0.53807571
0.54204683
0.54646556
0.55138961
0.55688655
0.5630356
0.56992908
0.5776758
0.58640588
0.59627529
0.60747179
0.62022395
0.6348135
0.65159071
15898605
2595546.6
805400.29
346343.55
179304.18
104264.73
65632.553
43800.769
30611.411
22230.477
16680.145
12866.93
10159.629
8186.2406
6721.9752
5622.4923
4787.1102
4142.2379
3634.1454
3224.1352
2884.5559
2595.254
2340.8458
2109.2185
1890.4944
1675.4147
1455.6681
1225.8113
986.18694
746.60078
526.78076
349.26442
226.86391
154.69649
114.95252
93.687078
81.163516
72.074832
64.491825
57.769601
51.689593
46.168885
41.157296
36.599638
32.45762
28.692301
25.295011
22.229193
19.447496
16.962911
14.735775
12.719121
10.890425
9.2242874
7.7025443
6.3025075
5.1048425
4.1450187
3.3810297
2.7777885
2.3028514
1.935975
1.6549567
1.4367383
1.2642338
1.1264478
1.0156285
0.9258571
0.85281507
0.79279615
0.74286725
0.70095044
0.66546981
0.63520265
0.60919107
0.58668036
0.56707453
0.55129444
0.53939059
0.53040982
0.52371157
0.51872907
0.51514019
0.51262049
0.51090512
0.5097844
0.5091105
0.50877924
0.50871946
0.50888284
0.50923547
0.50975475
0.51042661
0.51124275
0.51219952
0.51329748
0.51454059
0.51593591
0.51749336
0.51922557
0.52114799
0.52327896
0.52563994
0.52825571
0.53115477
0.53436998
0.5379392
0.54190601
0.5463207
0.5512411
0.55673502
0.56288192
0.56977454
0.57752222
0.58625568
0.5961318
0.60733953
0.62010905
0.63472423
0.65153836
15802984
2580129.7
801285.47
344702.11
178477.77
103789.18
65334.078
43601.268
30470.302
22123.137
16590.395
12783.571
10075.716
8098.6891
6630.817
5529.351
4694.1129
4051.4502
3547.3669
3143.0703
2811.3233
2532.1365
2290.3065
2074.6455
1876.1985
1686.8949
1498.4411
1303.2573
1096.0876
877.19779
656.7061
455.24678
295.94083
190.18613
130.54523
98.658504
81.920493
71.6864
63.856003
57.12774
51.103924
45.651064
40.7072
36.223487
32.157348
28.458003
25.113686
22.099927
19.376334
16.946847
14.775373
12.817681
11.050585
9.4511863
8.0012562
6.6791249
5.4604226
4.4436225
3.6285069
2.9788825
2.4661498
2.0627957
1.749476
1.5080483
1.3192984
1.1690161
1.048646
0.95138675
0.87232352
0.80774398
0.75446924
0.71000011
0.6725451
0.6407398
0.61352471
0.59006771
0.56971532
0.55312759
0.54066998
0.53131115
0.52429438
0.51911686
0.51537804
0.5127544
0.51096947
0.50980233
0.50909743
0.50874436
0.50866911
0.50882109
0.50916513
0.50967758
0.51034388
0.51115523
0.51210767
0.51320155
0.51444071
0.51583212
0.5173856
0.51911376
0.521032
0.52315865
0.52551517
0.52812636
0.53102074
0.53423122
0.53779571
0.54175793
0.54616825
0.55108472
0.55657533
0.56271987
0.56961148
0.57736003
0.58609697
0.59598008
0.60719956
0.61998735
0.63462961
0.65148281
15649807
2555190
794304.27
341842.73
177034.83
102962.68
64819.109
43260.843
30234.066
21950.744
16456.547
12671.32
9974.0961
8001.5886
6535.6769
5435.7647
4602.7385
3963.2839
3463.5146
3064.6312
2739.1984
2467.2025
2233.984
2029.1754
1844.3635
1672.4496
1506.5826
1339.1621
1163.185
973.64082
771.27766
567.33291
383.95296
244.11596
156.11917
108.89401
84.787643
71.78789
63.300885
56.473178
50.484818
45.093637
40.213706
35.794702
31.794403
28.165686
24.880278
21.914975
19.243951
16.864374
14.741756
12.835087
11.121557
9.5794495
8.1907821
6.933679
5.783651
4.7278865
3.8688221
3.1794951
2.6288998
2.1940179
1.8518106
1.5847966
1.377724
1.2144747
1.0837161
0.9787523
0.89354749
0.82401301
0.76695973
0.71970721
0.68012067
0.64666426
0.61815996
0.59369336
0.57254704
0.55509169
0.54202628
0.53224534
0.5249175
0.51953155
0.51563026
0.51289971
0.51104021
0.50982355
0.50908526
0.5087089
0.50861752
0.50875741
0.50909235
0.50959757
0.510258
0.51106428
0.51201212
0.51310169
0.51433668
0.51572393
0.51727321
0.51899706
0.52091086
0.52303292
0.5253847
0.52799101
0.53088041
0.53408585
0.53764532
0.5416026
0.54600826
0.55092049
0.55640753
0.56254947
0.5694399
0.57718927
0.58592974
0.59582009
0.60705187
0.61985883
0.6345296
0.65142405
15444886
2521876.8
784661.17
337882.32
175034.19
101816.71
64106.339
42791.771
29911.43
21719.842
16283.375
12533.593
9857.1315
7896.2701
6437.0782
5341.7118
4512.6563
3877.3584
3382.1926
2988.4396
2668.5016
2402.2707
2175.564
1978.5218
1803.3583
1643.5725
1493.3249
1346.2159
1195.3779
1034.1505
857.96928
668.57734
479.41643
314.50003
195.52952
125.72957
90.620323
73.025276
62.974525
55.834029
49.835163
44.497408
39.680716
35.324798
31.38692
27.820802
24.598587
21.688288
19.06617
16.732263
14.653273
12.79173
11.124781
9.6321905
8.2959495
7.093685
6.0013011
4.9898325
4.0963453
3.3733351
2.7914437
2.325633
1.9566045
1.6668469
1.4397206
1.2620181
1.1209556
1.0075675
0.91613111
0.84159704
0.78048618
0.73011562
0.68822063
0.652988
0.62310646
0.59756108
0.5755667
0.55717767
0.54345947
0.53322354
0.52559845
0.51996144
0.51590351
0.51305355
0.51111606
0.50984804
0.50907421
0.50867336
0.50856475
0.50869185
0.50901716
0.50951477
0.51016901
0.51096994
0.51191293
0.51299795
0.51422852
0.51561138
0.51715622
0.51887552
0.52078462
0.52290182
0.52524858
0.52784972
0.53073383
0.53393392
0.53748803
0.54144008
0.54584073
0.55074842
0.55623162
0.56237073
0.56925981
0.5770099
0.58575397
0.59565181
0.60689642
0.61972344
0.63442416
0.65136203
15195778
2481416.3
772736.7
332969.37
172552.29
100395.64
63224.832
42213.238
29515.903
21439.734
16077.507
12374.978
9727.7172
7784.2674
6335.6076
5247.1287
4423.4138
3792.9966
3302.729
2914.0314
2599.1237
2337.9345
2116.6944
1925.7692
1757.835
1606.7631
1467.4459
1334.7554
1202.637
1064.6155
914.36468
747.89198
568.85829
393.85091
248.7982
152.13052
100.97393
75.76526
63.04527
55.260717
49.172184
43.872597
39.117453
34.823754
30.944609
27.437053
24.273789
21.42253
18.853026
16.562164
14.52386
12.70271
11.076912
9.6275542
8.3366222
7.181487
6.1375445
5.1802998
4.3048017
3.5557781
2.948504
2.456437
2.0620152
1.7508412
1.5057273
1.3121204
1.1597093
1.0380196
0.93979039
0.8601973
0.79502315
0.74132804
0.6968734
0.65972707
0.62837045
0.60167867
0.5787837
0.55939852
0.54498647
0.53426565
0.52630486
0.52042569
0.51619494
0.51322011
0.51119945
0.50987601
0.50906454
0.50863782
0.50851084
0.50862445
0.50893963
0.50942924
0.51007697
0.51087226
0.51181014
0.51289037
0.51411629
0.51549453
0.51703468
0.51874918
0.52065333
0.5227654
0.52510685
0.52770252
0.53058104
0.53377546
0.5373239
0.54127037
0.54566572
0.55056856
0.55604763
0.56218366
0.56907121
0.57682195
0.58556966
0.59547523
0.60673317
0.61958116
0.63431325
0.65129675
14914840
2435448.4
759017.14
327261.06
169663.65
98742.902
62199.374
41541.465
29058.112
21117.963
15844.184
12199.025
9587.9837
7666.9128
6231.9057
5152.1821
4334.8684
3709.9441
3224.8991
2841.4389
2531.6324
2275.14
2058.5226
1872.5883
1710.3234
1566.0232
1434.7614
1312.2348
1193.7512
1073.4305
945.02658
802.39121
642.59577
472.23414
311.99285
189.51371
116.85559
81.30618
64.159499
54.871475
48.510383
43.214543
38.516234
34.28576
30.467795
27.020812
23.915411
21.121837
18.608346
16.362373
14.362216
12.578773
10.99068
9.579406
8.327904
7.213863
6.2116241
5.2998451
4.4719236
3.7222582
3.0951127
2.5834642
2.1670361
1.8350992
1.5731954
1.3651219
1.2001962
1.0697214
0.96470124
0.87960546
0.81032157
0.7533151
0.70614827
0.66690258
0.63396206
0.60604683
0.58219882
0.56175303
0.54660278
0.53536882
0.5270481
0.520926
0.51649685
0.51340033
0.51129015
0.50990763
0.50905632
0.50860222
0.50845588
0.50855526
0.50885978
0.50934101
0.50998193
0.51077128
0.51170381
0.512779
0.51400004
0.51537342
0.51690864
0.51861809
0.52051702
0.5226237
0.52495956
0.52754946
0.53042208
0.53361052
0.53715296
0.54109354
0.54548324
0.55038092
0.55585556
0.56198828
0.5688741
0.57662539
0.58537677
0.59529031
0.60656208
0.61943193
0.63419682
0.65122815
14604984
2384775.7
743668.07
320860.49
166419.91
96886.165
61050.084
40789.931
28547.692
20761.395
15588.277
12009.085
9440.4147
7545.8592
6127.1071
5057.7158
4247.6152
3628.5732
3148.9008
2770.6539
2465.7421
2213.6865
2001.3186
1819.7101
1662.0913
1523.0835
1398.1054
1283.2448
1174.6316
1067.4738
956.14291
834.35277
696.19309
540.4641
378.49156
236.95323
140.79121
90.288633
66.400025
54.825228
47.906821
42.553566
37.90216
33.734894
29.978635
26.59083
23.540313
20.798806
18.340512
16.142096
14.178504
12.429479
10.875535
9.4986532
8.2826035
7.2045185
6.2385771
5.3654911
4.5781952
3.8679492
3.2287315
2.7016761
2.2697147
1.9190579
1.6405751
1.4194625
1.2426874
1.1025037
0.99074652
0.89996874
0.82625756
0.76586334
0.7159967
0.67454153
0.63987136
0.61062013
0.58569775
0.5642444
0.54831205
0.5365338
0.52783175
0.52144226
0.51682311
0.51359272
0.51138849
0.50994312
0.50904962
0.50856656
0.50839976
0.50848441
0.50877764
0.50925017
0.50988394
0.51066706
0.51159397
0.51266389
0.51387981
0.51524809
0.51677815
0.5184823
0.52037576
0.52247676
0.52480675
0.52739059
0.530257
0.53343913
0.53697525
0.5409096
0.54529334
0.55018553
0.55565546
0.56178459
0.5686685
0.57642023
0.58517532
0.59509704
0.60638313
0.61927571
0.63407484
0.65115621
14272231
2330494.8
727135.23
313923.01
162891.54
94865.347
59796.8
39970.56
27992.151
20374.643
15312.759
11807.137
9286.3515
7421.9624
6021.8177
4964.0656
4161.8853
3549.0391
3074.8546
2701.8057
2401.6985
2153.8934
1945.4866
1767.7635
1614.1683
1479.5631
1359.6671
1250.699
1149.3484
1051.9541
953.58055
848.5959
730.53553
594.07378
441.40018
291.12027
173.40528
103.73632
70.858892
55.576122
47.465352
41.921857
37.29059
33.180455
29.483426
26.15232
23.154296
20.462429
18.052218
15.902386
13.979911
12.263229
10.740265
9.3951307
8.2109366
7.1642971
6.2301456
5.3903853
4.6378758
3.9611102
3.346608
2.8090929
2.3654727
2.0022308
1.7080737
1.4735825
1.2866163
1.1367512
1.0173218
0.92128563
0.8428196
0.77891927
0.72627035
0.68259212
0.64609783
0.6153882
0.58929415
0.56686674
0.55011122
0.53775908
0.528658
0.5219873
0.5171746
0.5137911
0.51149435
0.50998225
0.50904395
0.50853085
0.50834264
0.50841188
0.50869329
0.50915677
0.50978304
0.51055963
0.51148068
0.51254509
0.51375566
0.51511861
0.51664326
0.51834186
0.52022959
0.52232465
0.52464848
0.52722596
0.53008585
0.53326135
0.53679081
0.5407186
0.54509603
0.54998242
0.55544732
0.56157262
0.56845439
0.57620644
0.58496525
0.59489537
0.60619626
0.61911244
0.63394724
0.65108088
13921906
2273371.7
709581.03
306512.94
159118.11
92702.117
58455.879
39094.354
27398.503
19962.341
15020.514
11595.097
9126.8767
7295.961
5916.528
4871.6441
4078.0102
3471.6237
3003.0031
2635.1322
2339.7414
2096.0429
1891.3627
1717.1788
1567.1173
1436.2302
1320.4556
1216.2864
1120.5994
1030.3837
941.75044
849.73532
748.43869
631.23272
494.37429
346.26956
213.37317
123.36407
77.854701
57.091435
47.24666
41.331627
36.681479
32.620972
28.981816
25.706685
22.76072
20.11733
17.75283
15.647706
13.767342
12.084614
10.590637
9.2747109
8.1193889
7.101457
6.1954414
5.3845157
4.6620996
4.0149589
3.4305768
2.9035362
2.4522427
2.080725
1.7752045
1.5275971
1.330032
1.1719523
1.044715
0.94279179
0.86004121
0.7923549
0.73688754
0.69093606
0.65260174
0.62036772
0.59303944
0.56962942
0.55200153
0.5390477
0.52952738
0.52255819
0.51753489
0.51400361
0.51160797
0.51002544
0.50903997
0.50849517
0.50828464
0.50833766
0.5086068
0.50906089
0.50967928
0.51044907
0.51136399
0.51242265
0.51362763
0.51498502
0.51650402
0.51819683
0.52007856
0.52216741
0.52448479
0.52705562
0.52990867
0.53307722
0.53659969
0.54052057
0.54489137
0.54977162
0.55523119
0.56135236
0.5682318
0.57598405
0.58474658
0.59468528
0.60600145
0.61894209
0.63381397
0.65100213
13559394
2214216
691309.69
298767.07
155161.2
90429.346
57045.136
38171.332
26772.984
19528.3
14713.981
11374.201
8962.6662
7168.0876
5811.2824
4780.4069
3995.9007
3396.238
2933.275
2570.5872
2279.8758
2040.2048
1839.1028
1668.2284
1521.3721
1393.7475
1281.4702
1181.2517
1090.0923
1005.3662
924.06328
841.95293
753.89989
653.54444
534.47339
396.77104
257.95252
149.65476
87.90479
60.133961
47.577735
40.834173
36.082708
32.057978
28.474928
25.255362
22.361197
19.765868
17.446151
15.381049
13.541089
11.894872
10.430107
9.1418913
8.0136016
7.0217074
6.1408082
5.3558583
4.6596635
4.0386397
3.4812913
2.9809871
2.529069
2.1513419
1.8393344
1.5813171
1.3728321
1.2068664
1.0727558
0.96463066
0.87764764
0.8063289
0.74782463
0.69952197
0.65930634
0.62554221
0.59695462
0.57253885
0.55398238
0.54039493
0.53043337
0.52315621
0.51791113
0.51423429
0.51172415
0.51007237
0.50903771
0.50845971
0.50822581
0.50826174
0.50851828
0.50896255
0.50957271
0.51033541
0.51124395
0.51229662
0.51349578
0.51484737
0.51636049
0.51804725
0.51992273
0.52200509
0.52431574
0.52687961
0.52972551
0.53288677
0.53640192
0.54031556
0.54467937
0.54955315
0.55500708
0.56112385
0.56800072
0.57575302
0.58451926
0.59446672
0.60579863
0.61876459
0.63367499
0.65091992
13189876
2153844.9
672569.29
290780.79
151065.79
88070.272
55578.197
37210.455
26121.096
19075.889
14395.05
11145.605
8794.4218
7038.8816
5706.4735
4690.6222
3915.7778
3323.0315
2865.7555
2508.2109
2222.1199
1986.3954
1788.7449
1620.9967
1477.0966
1352.3951
1243.1567
1146.2568
1058.9117
978.56542
902.76456
828.22523
750.42602
663.84878
561.56518
438.71483
302.80986
181.36366
102.2574
64.839661
48.361944
40.455445
35.503949
31.494545
27.964094
24.799496
21.956888
19.408842
17.132305
15.105815
13.301874
11.692911
10.261321
9.0004079
7.897415
6.9290678
6.0713386
5.3101851
4.6369737
4.038701
3.5049608
3.0276688
2.5950631
2.2139825
1.8973244
1.6332759
1.4155396
1.2413442
1.1011146
0.98721862
0.89524876
0.82064839
0.75904417
0.70834933
0.66619328
0.63086537
0.60101706
0.57558083
0.55606535
0.54180392
0.5313838
0.52378357
0.51830738
0.51446582
0.5118444
0.51012301
0.50903737
0.50842451
0.50816608
0.50818427
0.50842783
0.50886179
0.50946338
0.51021871
0.51112061
0.51216706
0.51336017
0.51470573
0.51621272
0.51789319
0.51976215
0.52183774
0.52414138
0.52669798
0.52953642
0.53269008
0.53619757
0.54010361
0.54446009
0.54932705
0.55477501
0.56088709
0.56776115
0.57551336
0.5842833
0.59423969
0.60558777
0.61857989
0.63353023
0.65083419
12814346
2092617.5
653536.08
282629.81
146873.83
85650.16
54070.25
36220.899
25448.525
18608.557
14065.737
10910.536
8622.8638
6908.7748
5602.4289
4602.6361
3837.9424
3252.2844
2800.6896
2448.2037
2166.6331
1934.7598
1740.4421
1575.61
1434.4384
1312.3907
1205.8469
1111.8089
1027.6559
950.9583
879.53934
810.7747
740.87709
665.15815
577.26944
470.27761
343.81972
216.69252
121.41935
71.456205
49.978672
40.376663
34.967298
30.931494
27.447638
24.337443
21.546429
19.045694
16.812327
14.824551
13.055508
11.482234
10.085788
8.8534105
7.7738893
6.8272158
5.9911907
5.2518206
4.5991211
4.0210022
3.5078062
3.0509428
2.6388173
2.2678299
1.9485349
1.6813108
1.4578849
1.2754948
1.1287234
1.0099872
0.91330074
0.83489902
0.77057237
0.71732176
0.6732423
0.63632785
0.60519408
0.57871221
0.55822987
0.54327692
0.53237579
0.52443572
0.51872075
0.51470798
0.51197796
0.51017524
0.50903856
0.50838908
0.50810549
0.50810546
0.50833546
0.50875865
0.50935134
0.51009903
0.51099404
0.51203402
0.51322085
0.51456014
0.51606076
0.51773469
0.51959688
0.52166544
0.52396176
0.5265108
0.52934145
0.53248717
0.53598665
0.53988476
0.54423355
0.54909335
0.554535
0.56064209
0.56751311
0.57526505
0.58403864
0.59400412
0.6053688
0.61838792
0.63337962
0.65074491
12438117
2031197.3
634397.59
274410.12
142632.42
83195.481
52538.086
35213.263
24762.056
18130.277
13728.142
10669.833
8448.267
6777.797
5499.1065
4516.4041
3762.5194
3184.3819
2738.8751
2391.978
2115.4908
1887.4494
1695.7631
1532.3691
1393.2335
1273.5253
1169.3931
1077.9096
996.56133
923.0739
855.27876
790.99024
727.27403
660.05415
583.91737
491.67683
378.24716
252.67933
145.05597
80.70763
52.649768
40.601155
34.495363
30.377444
26.930193
23.872997
21.13354
18.680241
16.48988
14.540519
12.806626
11.266345
9.9040515
8.7017274
7.6451484
6.719006
5.9034756
5.1840867
4.5501396
3.9901852
3.4951593
3.056435
2.6629139
2.3103177
1.9930221
1.7234093
1.4974102
1.3091697
1.1557964
1.0322546
0.93143224
0.84907412
0.78208508
0.72652474
0.68040918
0.64189863
0.60945632
0.58189383
0.56044721
0.54480398
0.53340454
0.52511692
0.51915559
0.51496546
0.51211508
0.51022895
0.50904158
0.50835386
0.50804428
0.50802538
0.50824118
0.50865319
0.50923665
0.50997641
0.51086428
0.51189755
0.51307787
0.51441066
0.51590468
0.51757181
0.51942697
0.52148821
0.52377694
0.52631811
0.52914066
0.53227811
0.53576923
0.53965904
0.5439998
0.54885208
0.55428709
0.56038888
0.56725658
0.5750081
0.58378529
0.59375999
0.60514169
0.61818863
0.63322311
0.65065201
12063498
1969986.9
615303.37
266186.12
138378.12
80729.552
50995.35
34196.117
24066.723
17643.793
13383.404
10423.608
8270.1437
6645.2717
5395.8353
4431.3769
3689.007
3118.852
2679.7828
2338.8234
2067.18
1842.5875
1653.3578
1491.9624
1354.2413
1236.1523
1134.0802
1044.8009
965.85796
895.08209
830.41184
769.8879
711.05036
650.49185
583.74097
504.23861
404.80197
286.44591
171.86721
93.201885
56.553327
41.135562
34.106093
29.841748
26.417372
23.410471
20.72179
18.315388
16.167592
14.256428
12.557364
11.049048
9.7174241
8.5453242
7.513434
6.6070991
5.8107792
5.1097436
4.4930358
3.9496266
3.4709136
3.0482333
2.6711635
2.3343485
2.0303725
1.7599427
1.5327545
1.3415628
1.1825063
1.0539619
0.9494851
0.86368577
0.7935047
0.73584634
0.68766133
0.6475596
0.61379002
0.58511309
0.56269964
0.54635992
0.53446255
0.52582112
0.51960283
0.51523258
0.51225527
0.51028973
0.50904541
0.50831913
0.50798232
0.50794392
0.50814497
0.50854542
0.50911934
0.5098509
0.51073139
0.51175772
0.5129313
0.51425736
0.51574453
0.51740462
0.51925248
0.52130614
0.52358698
0.52611997
0.5289341
0.53206293
0.53554536
0.53942652
0.54375886
0.54860326
0.55403129
0.56012746
0.56699159
0.57474248
0.58352321
0.59350726
0.60490638
0.61798195
0.63306063
0.65055546
11691891
1909312.8
596360.8
258008.83
134142.41
78270.873
49454.806
33178.396
23368.941
17153.554
13034.302
10173.408
8089.26
6511.4934
5292.6801
4347.4416
3617.248
3055.4449
2622.9893
2287.752
2020.7796
1799.8193
1613.4372
1454.5988
1318.4426
1201.3765
1100.582
1013.0683
936.09573
867.5718
805.5565
748.15545
693.18038
637.8737
578.56356
509.61112
423.43141
315.76906
200.02031
108.92602
61.75658
42.309086
33.954857
29.344359
25.913685
22.952473
20.313619
17.953693
15.848002
13.974407
12.309401
10.83257
9.5294153
8.3854499
7.3792805
6.493327
5.7148212
5.0307975
4.4300739
3.9019976
3.4381799
3.0298427
2.6672275
2.344337
2.0540023
1.7910028
1.5631749
1.3709034
1.2086252
1.0752351
0.96693395
0.87808131
0.80493679
0.7449575
0.6950343
0.65323347
0.61814919
0.58833603
0.5649773
0.54794094
0.53554212
0.52654256
0.5200651
0.51550827
0.51240423
0.51035382
0.5090483
0.50828487
0.50791973
0.50786118
0.50804693
0.50843541
0.50899948
0.50972257
0.51059543
0.51161459
0.51278119
0.51410028
0.51558038
0.51723317
0.51907347
0.52111927
0.52339193
0.52591644
0.52872182
0.5318417
0.53531508
0.53918722
0.54351079
0.54834695
0.55376763
0.55985785
0.56671812
0.57446819
0.58325238
0.59324588
0.60466281
0.6177678
0.6328921
0.6504552
11325636
1849494.7
577679.82
249940.54
129957.15
75838.123
47929.276
32169.064
22675.201
16664.277
12684.228
9921.4825
7906.975
6377.2662
5190.1368
4265.0137
3547.5648
2994.4153
2568.7445
2238.7689
1975.982
1758.6349
1575.2651
1418.9555
1284.7146
1169.1193
1069.2803
982.93007
907.57329
840.90579
781.08189
726.31352
674.51866
623.32817
569.86684
509.4298
434.92869
339.36562
227.55955
127.79078
68.819332
44.190653
34.004603
28.898126
25.425109
22.502541
19.911705
17.597211
15.532628
13.695694
12.063906
10.617796
9.3426145
8.2236456
7.2429229
6.3786482
5.6169368
4.9488624
4.3631565
3.8494921
3.3994325
3.0040223
2.6541137
2.3434979
2.0651926
1.813883
1.58905
1.3964775
1.2330399
1.0960052
0.98384196
0.89208172
0.81644717
0.75391537
0.70232556
0.65896163
0.62250362
0.59153328
0.56725714
0.54953561
0.53663672
0.52727682
0.52053982
0.51579331
0.51255617
0.5104164
0.50905346
0.50825083
0.50785653
0.50777714
0.50794709
0.50832321
0.50887711
0.50959147
0.51045645
0.51146821
0.5126276
0.5139395
0.51541227
0.51705752
0.51889
0.52092767
0.52319186
0.52570758
0.52850388
0.53161447
0.53507844
0.5389412
0.54325563
0.54808316
0.55349613
0.55958007
0.56643619
0.57418521
0.58297276
0.59297581
0.60441091
0.61754612
0.63271744
0.65035116
10966139
1790754
559327.44
242005.54
125837.73
73442.011
46425.185
31172.47
21988.744
16178.412
12334.784
9668.5772
7723.3838
6242.3164
5087.7459
4183.4825
3479.2418
2934.9199
2515.9546
2191.1302
1932.5023
1718.8055
1538.557
1384.9195
1252.9029
1138.9925
1040.3105
954.80373
880.53387
815.3521
757.29925
704.69201
655.56723
607.70286
558.78871
505.12498
440.45997
356.84603
252.69652
148.68942
78.02171
46.844357
34.243045
28.50795
24.954105
22.061595
19.516574
17.24637
15.221915
13.420791
11.821431
10.405263
9.1574095
8.0629491
7.1050127
6.2620946
5.5181582
4.865123
4.2936752
3.793646
3.3563024
2.9726074
2.6340242
2.3342761
2.0666726
1.8259369
1.6105627
1.4181449
1.2546357
1.1159063
1.0002931
0.90566391
0.82768782
0.76296533
0.70943426
0.66471002
0.62680273
0.59466221
0.56951664
0.55113249
0.53774097
0.52802203
0.52102197
0.51608611
0.5127133
0.51048241
0.50906146
0.50821544
0.5077927
0.50769182
0.50784547
0.50820885
0.5087523
0.50945765
0.51031452
0.51131864
0.5124706
0.51377507
0.51524028
0.51687775
0.51870214
0.52073139
0.52298682
0.52549344
0.52828034
0.5313813
0.5348355
0.53868851
0.54299341
0.54781194
0.55321683
0.55929413
0.5661458
0.57389354
0.58268435
0.59269701
0.60415065
0.61731684
0.6325366
0.65024331
10614427
1733301.2
541368.37
234237.54
121804.17
71095.495
44951.797
30195.866
21315.244
15700.491
11989.502
9417.2947
7540.2355
6107.7505
4986.2455
4103.3813
3412.6612
2877.1981
2464.7432
2144.8802
1890.3102
1680.2125
1503.0611
1352.1282
1222.4763
1110.4034
1013.1239
928.56645
855.12425
791.05115
734.43539
683.57747
636.73395
591.65442
546.2437
497.89034
441.25945
368.52287
274.07998
170.0159
89.355455
50.356522
34.772668
28.217363
24.505107
21.62991
19.128044
16.901037
14.915881
13.149896
11.582351
10.195449
8.9742824
7.9036992
6.9666716
6.1446496
5.4190702
4.780616
4.2227602
3.7355814
3.3100362
2.9371465
2.6088045
2.3187632
2.0607418
1.8294515
1.6225806
1.4362826
1.2731221
1.133947
1.0161733
0.91876459
0.8385168
0.77193184
0.71640185
0.67022523
0.63108137
0.59768117
0.57173363
0.5527132
0.53884359
0.52877153
0.52151097
0.51638261
0.51287554
0.51055181
0.50906873
0.50817934
0.50772827
0.50760519
0.5077421
0.50809238
0.50862509
0.50932117
0.51016968
0.51116594
0.51231024
0.51360706
0.51506447
0.5166939
0.51850995
0.5205305
0.52277688
0.52527409
0.52805126
0.53114223
0.5345863
0.53842919
0.54272417
0.54753332
0.55292974
0.55900005
0.56584695
0.57359317
0.5823871
0.59240943
0.60388193
0.61707987
0.63234946
0.65013155
10270663
1677163
523840.78
226658.51
117867.7
68805.381
43513.844
29242.546
20657.2
15232.572
11650.075
9168.8248
7358.1877
5973.8472
4885.6941
4024.6894
3347.8232
2821.2978
2415.2102
2100.1359
1849.5147
1642.9288
1468.7818
1320.466
1193.1063
1083.0034
987.32742
903.9366
831.25304
768.01272
712.56475
663.12528
618.13027
575.48294
533.04548
488.77371
438.50173
375.14403
291.02844
190.5602
102.59958
54.775073
35.797979
28.098478
24.086697
21.207768
18.745513
16.560702
14.614215
12.882885
11.346701
9.9885212
8.7934718
7.7461975
6.8296801
6.0266261
5.3191545
4.6960037
4.1511123
3.6760771
3.2616118
2.8988022
2.5797986
2.2985771
2.0491738
1.8263301
1.6272953
1.4482513
1.2884786
1.1496679
1.0310828
0.93133366
0.8489441
0.78053085
0.7233542
0.67554471
0.63525551
0.60057826
0.57388173
0.55426672
0.53993781
0.52952047
0.52200393
0.5166838
0.51303857
0.51062112
0.50907469
0.50814434
0.5076626
0.50751728
0.50763699
0.50797384
0.50849553
0.5091821
0.51002201
0.51101017
0.5121466
0.51343552
0.5148849
0.51650604
0.51831349
0.52032507
0.5225621
0.52504958
0.52781669
0.53089734
0.53433092
0.53816329
0.54244797
0.54724733
0.5526349
0.55869785
0.56553964
0.57328408
0.58208098
0.59211303
0.6036047
0.61683514
0.63215597
0.65001582
9935634.4
1622484.1
506776.89
219277.14
114033.85
66575.044
42113.447
28314.123
20016.118
14775.91
11317.55
8923.9259
7177.554
5840.5132
4785.7777
3947.0483
3284.3993
2766.9631
2367.1093
2056.636
1809.8649
1606.7262
1435.5121
1289.7453
1164.6332
1056.5161
962.55786
880.56685
808.90331
746.34688
691.71787
643.47186
600.0372
559.55016
519.69314
478.52405
433.15461
377.5927
303.43208
209.25365
117.38099
60.434655
37.232788
28.081468
23.700243
20.796179
18.369052
16.225204
14.316714
12.619569
11.114353
9.7844444
8.6150049
7.5905229
6.694046
5.9086972
5.2190752
4.6117067
4.079441
3.61586
3.2117959
2.8583855
2.5480523
2.2749812
2.0333662
1.8181106
1.6261727
1.453742
1.2997135
1.1629453
1.0443039
0.94326393
0.85889453
0.78878557
0.73012995
0.68072058
0.63909182
0.60340003
0.57592943
0.5557741
0.54101055
0.53026172
0.52249423
0.51698734
0.51320429
0.51069223
0.50908201
0.50810906
0.50759509
0.50742804
0.50753017
0.50785326
0.50836366
0.50904046
0.50987156
0.51085141
0.51197972
0.51326053
0.51470164
0.51631425
0.51811282
0.52011516
0.52234254
0.52481999
0.5275767
0.53064667
0.53406938
0.53789087
0.54216485
0.54695402
0.55233233
0.55838753
0.56522388
0.57296626
0.58176597
0.59180774
0.60331888
0.61658255
0.63195601
0.64989607
9611084.4
1569493.3
490224.02
212116.52
110316.56
64412.503
40755.614
27414.013
19394.452
14332.599
10993.825
8684.2425
6999.6254
5708.6609
4687.1729
3871.0513
3223.0254
2715.0112
2321.0816
2014.7338
1771.6068
1571.7919
1403.4026
1260.0829
1137.131
1030.9442
938.70142
858.18194
787.68017
725.9453
672.02995
624.72545
582.56906
543.84742
506.32304
467.90737
426.31291
376.84193
311.6069
225.27646
132.71489
67.35766
39.124982
28.170137
23.347473
20.396808
17.999725
15.895448
14.024256
12.360786
10.886061
9.5838871
8.4394744
7.4372341
6.5603633
5.7924553
5.1192547
4.5274513
4.0081931
3.555404
3.1611145
2.8165469
2.5144267
2.2489407
2.0144204
1.8060037
1.6205074
1.4541813
1.3055326
1.1733472
1.0556299
0.9542419
0.86835423
0.79663626
0.73649232
0.68571054
0.64240423
0.60598024
0.57789092
0.55721866
0.5420549
0.53099006
0.5229809
0.51728857
0.51337142
0.51076425
0.50908926
0.50807134
0.50752665
0.50733746
0.50742163
0.50773069
0.50822953
0.50889634
0.50971838
0.51068969
0.51180968
0.51308215
0.51451476
0.51611858
0.51790802
0.51990084
0.52211827
0.52458537
0.52733135
0.53039029
0.53380177
0.53761196
0.54187485
0.54665342
0.55202207
0.55806913
0.56489967
0.5726397
0.58144204
0.59149352
0.60302442
0.61632202
0.63174951
0.64977221
9297637.7
1518246.4
474206.72
205188.78
106718.03
62318.649
39441.075
26542.513
18792.424
13902.934
10679.242
8450.0664
6824.5094
5578.0983
4589.4172
3796.0616
3162.9589
2664.5299
2276.5569
1974.2737
1734.6823
1538.0922
1372.4238
1231.4513
1110.5687
1006.24
915.67663
836.65159
767.41182
706.63938
653.39874
606.86012
565.79339
528.57588
493.13276
457.1281
418.51705
373.86153
316.23593
238.20889
147.53733
75.409802
41.513538
28.400572
23.041814
20.01176
17.638511
15.57217
13.737502
12.10714
10.662382
9.3873781
8.2673839
7.2868148
6.4290718
5.6781585
5.0202604
4.4436918
3.9375879
3.4951562
3.1100961
2.7739131
2.4795459
2.2211537
1.9931854
1.7909433
1.611266
1.4504809
1.3067879
1.1788316
1.0650676
0.9638831
0.87718099
0.80398528
0.74251997
0.69036725
0.64539756
0.60820543
0.57977684
0.55858185
0.54305631
0.53169624
0.5234568
0.51758724
0.51353566
0.51083457
0.50909517
0.50803283
0.5074582
0.50724513
0.50731141
0.50760614
0.50809319
0.50874977
0.50956254
0.5105251
0.51163654
0.51290045
0.51432431
0.5159191
0.51769916
0.51968217
0.52188937
0.52434579
0.52708071
0.53012825
0.53352812
0.53732665
0.54157802
0.54634557
0.55170414
0.55774265
0.56456701
0.57230437
0.58110914
0.59117031
0.60272122
0.61605345
0.63153635
0.64964418
8993937
1468652.9
458716.69
198489.48
103238.23
60294.552
38170.952
25700.885
18211.189
13488.01
10374.917
8222.5755
6653.2605
5449.573
4492.9516
3722.3114
3104.3018
2615.5552
2233.568
1935.3028
1699.1567
1505.6992
1342.6515
1203.9221
1085.0058
982.43849
893.47617
815.90566
747.95122
688.24266
635.80738
589.95935
549.76908
513.85781
480.25541
446.31993
410.09628
369.30815
318.03056
248.03446
161.26192
84.36825
44.306161
28.939739
22.854979
19.647049
17.285767
15.255225
13.456278
11.85847
10.443173
9.1948005
8.0986654
7.1392445
6.300195
5.5659108
4.9229974
4.3605006
3.8672697
3.435426
3.0591367
2.7309261
2.4438628
2.1921376
1.9702722
1.7736796
1.5992669
1.4435397
1.3044983
1.1805866
1.0703941
0.97199654
0.8851038
0.81085136
0.74809906
0.69445325
0.64814083
0.61016705
0.58144349
0.55988185
0.54400534
0.53237712
0.52392033
0.51787851
0.51369851
0.51090437
0.50910074
0.50799401
0.50738814
0.50715076
0.5071995
0.50747965
0.50795468
0.50860081
0.5094041
0.5103577
0.51146037
0.51271549
0.51413037
0.51571589
0.51748629
0.51945922
0.52165588
0.52410132
0.52682484
0.52986063
0.53324851
0.53703495
0.5412744
0.54603052
0.55137858
0.55740812
0.56422591
0.57196028
0.58076725
0.59083807
0.60240922
0.61577676
0.63131646
0.64951187
8700163.6
1420733.7
443752.86
192017.37
99877.883
58340.395
36945.079
24888.955
17650.684
13087.796
10080.952
8001.9892
6486.0947
5323.1742
4397.6658
3649.5555
3046.7702
2567.8375
2191.894
1897.6302
1664.8595
1474.4654
1313.9613
1177.395
1060.3651
959.48494
872.06326
795.91449
729.25767
670.67975
619.13996
573.9426
534.47359
499.66883
467.58511
435.5425
401.55951
363.84409
317.61642
254.94184
173.42826
93.984754
47.693786
29.701015
22.732749
19.303931
16.94246
14.945135
13.181005
11.615148
10.228758
9.0064502
7.9336011
6.9948015
6.1739957
5.4559509
4.8276049
4.2781236
3.7975982
3.3764801
3.0085469
2.6879246
2.407768
2.162299
1.9461352
1.7547701
1.5851805
1.4340854
1.2993772
1.1793049
1.0723247
0.97682832
0.8918174
0.81709246
0.75297047
0.69776928
0.65045564
0.61194457
0.58287572
0.56111372
0.54489064
0.53302172
0.5243642
0.51816177
0.51385551
0.51097088
0.50910413
0.50795329
0.50731566
0.50705503
0.50708586
0.50735124
0.50781404
0.50844952
0.50924312
0.51018754
0.51128123
0.51252734
0.51393302
0.51550901
0.5172695
0.51923206
0.52141789
0.52385202
0.5265638
0.52958748
0.53296298
0.53673695
0.54096405
0.54570829
0.5510454
0.55706555
0.56387637
0.5716074
0.58041633
0.59049671
0.60208832
0.61549183
0.6310897
0.64937522
8417569.6
1374583.4
429341.26
185784.63
96641.289
56458.498
35764.91
24107.64
17111.656
12703.039
9798.096
7789.1049
6323.8418
5199.6024
4304.0299
3578.0677
2990.5303
2521.4961
2151.6418
1861.3525
1631.8773
1444.4614
1286.4156
1151.9315
1036.7134
937.44136
851.47773
776.67811
711.26901
653.81045
603.20571
558.72369
519.90672
486.00854
455.22345
424.88522
392.91372
357.73471
315.61599
259.34421
183.77344
103.94575
51.699266
30.664852
22.659392
18.980743
16.608103
14.641281
12.911092
11.376658
10.018704
8.8219827
7.7719459
6.853332
6.0503912
5.3482486
4.7341231
4.1973474
3.7286432
3.3179902
2.9585521
2.6451565
2.3715534
2.1319805
1.9211362
1.734643
1.569537
1.4227064
1.2920322
1.1755741
1.0715915
0.97878021
0.89569348
0.82164665
0.75656207
0.70031011
0.65220102
0.61356899
0.58412708
0.56217154
0.5457278
0.53362415
0.52478528
0.51843207
0.5140078
0.51103496
0.50910589
0.50791113
0.50724175
0.50695815
0.50697025
0.50722097
0.50767132
0.50829595
0.50907966
0.51001469
0.5110992
0.51233608
0.51373231
0.51529854
0.51704884
0.51900077
0.52117546
0.52359797
0.52629766
0.52930886
0.5326716
0.53643269
0.54064702
0.54537894
0.55070466
0.55671497
0.5635184
0.57124573
0.58005635
0.59014621
0.60175845
0.61519857
0.63085598
0.64923415
8146117.2
1330218.5
415479.4
179788.47
93528.191
54648.622
34630.07
23356.715
16593.834
12333.508
9526.2419
7583.9491
6166.6303
5078.956
4212.0161
3507.7038
2935.3885
2476.3439
2112.654
1826.3345
1600.0907
1415.5828
1259.9227
1127.4435
1013.9529
916.21726
831.6561
758.15635
693.96328
637.63156
588.02697
544.36026
506.16701
472.9795
443.26675
414.45469
384.24391
351.16575
312.45146
261.68417
192.19687
113.5956
56.244081
31.842773
22.636747
18.677739
16.283591
14.344348
12.647103
11.14348
9.8134151
8.6417426
7.6139979
6.715094
5.9295961
5.2429739
4.6426976
4.1182536
3.6605292
3.2601653
2.9093277
2.6028343
2.3354501
2.1014288
1.8955742
1.7136693
1.5527814
1.4099374
1.2830185
1.1699436
1.0687826
0.97831362
0.89707375
0.82411715
0.75897413
0.70190577
0.65361303
0.61491947
0.58523441
0.5630688
0.54650878
0.53417739
0.52517752
0.51868616
0.51415095
0.51109393
0.50910471
0.50786765
0.50716638
0.50685928
0.50685258
0.50708882
0.50752655
0.50814014
0.50891377
0.50983923
0.51091433
0.51214176
0.51352833
0.51508454
0.51682441
0.51876541
0.52092867
0.52333923
0.5260265
0.52902485
0.53237444
0.53612223
0.54032336
0.5450425
0.55035636
0.55635638
0.56315199
0.57087523
0.57968726
0.58978648
0.60141951
0.61489687
0.63061516
0.64908856
7885095.3
1287572.1
402153.02
174023.91
90535.751
52909.503
33540.195
22636.176
16097.524
11979.614
9265.8626
7387.0741
6015.076
4961.8303
4122.0548
3438.6902
2881.4305
2432.4163
2074.9492
1792.592
1569.508
1387.8203
1234.4589
1103.9028
992.06602
895.79242
812.55795
740.28959
677.25627
622.01398
573.40038
530.57173
493.03393
460.49756
431.71367
404.27326
375.6113
344.27313
308.40426
262.3437
198.70975
122.44858
61.175447
33.228212
22.66401
18.392682
15.967301
14.053039
12.387925
10.914702
9.6121726
8.4651839
7.4593685
6.5798322
5.8114578
5.140049
4.5533083
4.0408572
3.593637
3.2031223
2.8607841
2.5611013
2.2996427
2.070872
1.8697249
1.6921549
1.5352679
1.396179
1.2727379
1.1627796
1.0642473
0.97590139
0.89644095
0.82474592
0.76010734
0.70281316
0.65467252
0.61589954
0.5862167
0.56384297
0.54716289
0.53469334
0.52553889
0.51892428
0.51428374
0.5111485
0.50910086
0.50782191
0.50708903
0.50675814
0.50673332
0.5069548
0.50737977
0.50798216
0.50874552
0.5096612
0.5107267
0.51194447
0.51332114
0.51486709
0.51659626
0.51852606
0.52067758
0.52307588
0.52575037
0.52873551
0.53207155
0.53580563
0.53999311
0.54469903
0.55000057
0.55598982
0.56277715
0.5704959
0.57930903
0.58941746
0.60107143
0.61458661
0.63036714
0.64893834
7634073.3
1246574
389349.06
168485.88
87661.363
51239.698
32494.406
21945.475
15622.381
11641.18
9016.8694
7198.5044
5869.3202
4848.4223
4034.2901
3371.0456
2828.572
2389.5781
2038.387
1760.0035
1540.0304
1361.0964
1209.9648
1081.2611
971.00894
876.13444
794.17232
723.08833
661.17379
606.99192
559.36977
517.43233
480.64104
448.69576
420.62146
394.26235
367.00714
337.33153
303.81092
261.63737
203.42743
130.34875
66.363084
34.745986
22.818789
18.162592
15.662661
13.768555
12.134407
10.690974
9.4154616
8.2926584
7.3083057
6.4477136
5.696082
5.0395338
4.4659921
3.9652056
3.5282206
3.146899
2.8128559
2.5200529
2.2642582
2.040493
1.8438224
1.670373
1.5172838
1.3817215
1.2615032
1.1543944
1.0582982
0.97194521
0.89419708
0.82378958
0.75997999
0.70311314
0.65517876
0.61662667
0.58702431
0.56450537
0.54770372
0.53516629
0.52586388
0.51914091
0.51440666
0.5111963
0.5090943
0.50777358
0.50700965
0.50665527
0.50661254
0.50681875
0.50723102
0.50782206
0.50857497
0.50948069
0.51053638
0.51174427
0.51311081
0.51464626
0.51636446
0.51828278
0.52042228
0.52280798
0.52546935
0.5284409
0.531763
0.53548294
0.53965633
0.54434856
0.54963729
0.55561529
0.56239388
0.57010772
0.57892161
0.58903909
0.6007141
0.61426768
0.63011179
0.64878339
7393247.4
1207238.3
377063.89
163173.78
84904.807
49639.037
31492.99
21285.188
15169.037
11318.888
8779.9824
7018.9066
5729.9553
4739.235
3949.0624
3304.9071
2776.7902
2347.7069
2002.7893
1728.3514
1511.416
1335.1631
1186.2108
1059.3246
950.61699
857.07656
776.29232
706.28436
645.39346
592.21529
545.58074
504.58061
468.60359
437.2822
409.86287
384.43816
358.44169
330.30109
298.77709
259.81633
206.44374
137.05503
71.583671
36.376407
23.093741
17.979109
15.367955
13.488681
11.884719
10.470906
9.2222727
8.1234721
7.1603563
6.3184654
5.5833181
4.9413568
4.3807265
3.8913102
3.4642663
3.0915783
2.7656823
2.4797606
2.2293974
2.010431
1.8180548
1.6485413
1.4990524
1.3667961
1.2495526
1.145057
1.0512287
0.96678266
0.89064196
0.82152225
0.75875749
0.70273724
0.65520963
0.61715138
0.58757796
0.56506809
0.54816323
0.53555409
0.52615995
0.51933381
0.51451659
0.51123927
0.50908366
0.5077225
0.50692821
0.50655067
0.50648974
0.50668067
0.50708034
0.50765987
0.50840217
0.50929774
0.51034343
0.51154123
0.51289741
0.51442213
0.51612911
0.51803566
0.52016282
0.52253561
0.52518351
0.5281411
0.53144885
0.53515422
0.53931307
0.54399113
0.54926656
0.55523283
0.5620022
0.56971068
0.57852498
0.5886513
0.60034743
0.61393995
0.62984899
0.64862362
7165907.2
1170146.4
365481.68
158167.17
82307.88
48132.549
30552.432
20666.85
14746.3
11019.904
8561.3431
6853.7867
5602.0151
4638.8283
3870.3229
3243.4696
2728.4835
2308.4825
1969.3012
1698.4293
1484.2358
1310.4634
1163.5473
1038.3776
931.1554
838.9314
759.33583
690.41387
630.52641
578.29135
532.55603
492.39907
457.15282
426.38264
399.54992
374.96675
350.09807
323.33426
293.56261
257.38961
208.34111
142.89376
76.936002
38.250732
23.460768
17.82629
15.088051
13.217284
11.641713
10.256648
9.0342274
7.9588341
7.0164268
6.192772
5.473697
4.8459415
4.2978628
3.8194759
3.4020566
3.0377473
2.7194856
2.4402137
2.1952671
1.9808996
1.7926432
1.6268854
1.4808092
1.3516418
1.237118
1.1350183
1.0433135
0.96070209
0.88608328
0.81824985
0.75664297
0.70170585
0.65487871
0.61735027
0.58793312
0.56553968
0.54855157
0.53587196
0.52643428
0.51950964
0.51461818
0.51127603
0.50906904
0.50766861
0.5068445
0.50644395
0.50636461
0.5065406
0.5069274
0.50749528
0.50822678
0.50911201
0.5101475
0.51133498
0.51268059
0.51419432
0.51588982
0.51778434
0.51989886
0.52225842
0.5248925
0.52783576
0.53112876
0.53481915
0.538963
0.54362642
0.54888807
0.55484211
0.56160177
0.56930446
0.5781188
0.58825378
0.59997112
0.61360315
0.62957849
0.64845887
6972237.5
1138555.2
355618.72
153902.85
80095.669
46848.127
29749.103
20137.539
14383.56
10762.913
8373.4712
6712.3883
5493.1919
4554.1745
3804.5958
3192.8019
2689.2983
2277.3461
1943.1162
1674.978
1462.6292
1290.4566
1144.8134
1020.7227
914.46182
823.12411
744.36357
676.24243
617.13511
565.66829
520.68676
481.24587
446.62714
416.34239
389.99313
366.11164
342.27328
316.77015
288.58671
254.9655
209.92571
148.55497
82.808006
40.561207
23.978199
17.726818
14.839924
12.968136
11.416729
10.057566
8.8590142
7.805026
6.8816197
6.0747549
5.3705217
4.7559209
4.2194946
3.7513683
3.3429231
2.9864523
2.6751334
2.4021474
2.1624521
1.9523926
1.768007
1.6057712
1.4628711
1.3365295
1.2244744
1.1245506
1.0348254
0.95396426
0.88078669
0.8142279
0.7538225
0.7000759
0.65420585
0.61720971
0.58818027
0.56585421
0.54886719
0.53613761
0.52665468
0.51966471
0.51470408
0.51130381
0.5090489
0.5076111
0.50675815
0.50633505
0.50623757
0.50639871
0.50677231
0.50732854
0.50804908
0.50892379
0.50994888
0.51112585
0.51246065
0.51396315
0.51564691
0.51752911
0.5196307
0.52197669
0.52459661
0.52752516
0.53080302
0.53447798
0.53860638
0.54325468
0.54850203
0.55444332
0.56119276
0.56888918
0.57770319
0.58784658
0.59958517
0.61325725
0.6293002
0.64828907
6789071.2
1108615.2
346265.16
149856.92
77994.933
45626.861
28983.373
19630.931
14034.229
10513.435
8189.5079
6572.82
5385.1445
4469.8622
3739.1141
3142.549
2650.9562
2247.4831
1918.6397
1653.6988
1443.4923
1273.0212
1128.6234
1005.4773
899.97351
809.28593
731.12394
663.58487
605.06355
554.19532
509.82249
470.98394
436.92856
407.12918
381.18707
357.84107
334.90956
310.51671
283.71174
252.37697
211.00466
153.7659
88.992798
43.277578
24.64417
17.675817
14.619285
12.738131
11.20735
9.8718544
8.6953342
7.6611346
6.7553089
5.963995
5.273525
4.6711334
4.1455266
3.6869365
3.2868424
2.9376668
2.6326802
2.3656386
2.1309863
1.9249613
1.7442061
1.5852614
1.4452999
1.3215465
1.2117577
1.113833
1.0259542
0.94674535
0.87494443
0.8096208
0.75042916
0.69792529
0.65316449
0.61678783
0.58823162
0.56599535
0.54910725
0.53634185
0.52681897
0.51979941
0.51477335
0.51132187
0.5090228
0.50754976
0.50666913
0.50622407
0.50610876
0.50625489
0.50661529
0.5071599
0.50786933
0.50873335
0.50974784
0.51091409
0.51223786
0.5137289
0.51540066
0.51727026
0.51935861
0.52169071
0.52429611
0.52720956
0.53047185
0.53413095
0.53824342
0.54287609
0.54810863
0.55403663
0.56077532
0.56846496
0.57727819
0.58742972
0.59918955
0.61290214
0.62901403
0.64811409
6612263.4
1079713.3
337235.59
145950.8
75966.089
44446.817
28242.892
19139.963
13694.432
10269.298
8007.914
6433.5774
5276.0765
4383.7408
3671.5062
3090.2872
2611.0958
2216.5896
1893.6113
1632.415
1424.7996
1256.3531
1113.4452
991.40517
886.74037
796.71492
719.10759
652.06726
594.02567
543.64163
499.76837
461.44166
427.88978
398.54577
372.97993
350.09418
327.9381
304.51665
278.89832
249.55915
211.48658
158.30551
94.996257
46.326078
25.453235
17.668279
14.421018
12.523138
11.010213
9.6967747
8.5409938
7.5254302
6.6361471
5.8594553
5.1819164
4.5909822
4.0755186
3.6258619
3.2335885
2.8912419
2.5922122
2.3306273
2.1007151
1.8985899
1.721243
1.5653726
1.4281331
1.306772
1.1990766
1.103013
1.0168534
0.93919312
0.86871117
0.80457616
0.74659075
0.69534502
0.65175374
0.61612814
0.58804843
0.56605256
0.54925521
0.53649129
0.52694636
0.51990238
0.5148275
0.51132927
0.5089905
0.50748449
0.50657739
0.50611096
0.50597811
0.50610914
0.50645659
0.5069894
0.5076876
0.50854076
0.50954448
0.51069979
0.51201231
0.51349164
0.51515114
0.51700786
0.51908266
0.52140054
0.52399106
0.52688903
0.53013535
0.53377812
0.53787418
0.54249072
0.54770791
0.55362206
0.56034945
0.56803178
0.57684377
0.58700312
0.59878417
0.61253771
0.6287198
0.6479338
6441146.6
1051795.1
328518.8
142180.25
74008.079
43308.229
27528.303
18666.034
13365.96
10032.594
7830.9415
6296.8976
5168.0408
4297.4934
3602.9298
3036.5407
2569.5704
2184.1728
1867.3794
1610.2819
1405.5865
1239.4633
1098.3287
977.64437
874.01962
784.80081
707.83506
641.32753
583.75615
533.81572
490.38414
452.50795
419.40564
390.47744
365.25752
342.77808
321.26584
298.73206
274.20208
246.55141
211.37873
162.0807
100.70389
49.64422
26.401762
17.701571
14.24188
12.320434
10.822965
9.5303081
8.3942898
7.3965002
6.5229779
5.7602009
5.094947
4.5148775
4.0090138
3.567798
3.1829053
2.8469969
2.5535932
2.2970391
2.0716047
1.8732409
1.6991
1.5461051
1.4113976
1.2922612
1.1865213
1.092206
1.0076446
0.9314234
0.86219637
0.7992144
0.74242323
0.69243092
0.65001796
0.61525072
0.58765427
0.56600666
0.54929037
0.53658587
0.52703435
0.51996616
0.5148677
0.51132532
0.50895137
0.50741486
0.50648268
0.50599566
0.50584562
0.50596172
0.50629627
0.50681702
0.50750395
0.50834609
0.50933885
0.51048303
0.51178408
0.51325146
0.51489844
0.51674199
0.51880294
0.52110627
0.52368155
0.52656364
0.52979356
0.53341956
0.53749873
0.5420986
0.54729989
0.55319963
0.55991514
0.56758961
0.57639988
0.58656671
0.59836888
0.6121638
0.62841737
0.64774807
6276058.7
1024870.3
320112.13
138544.96
72120.684
42210.864
26839.918
18209.843
13050.034
9804.9775
7660.6066
6165.0054
5063.3386
4213.3757
3535.4396
2983.012
2527.6509
2151.0866
1840.441
1587.4898
1385.7944
1222.1097
1082.9068
963.75975
861.35849
773.11393
696.92754
631.05325
574.01262
524.53885
481.54244
444.09047
411.40343
382.85903
357.96027
335.85171
314.90616
293.16973
269.64353
243.43861
210.74625
165.08665
106.0315
53.176866
27.453397
17.807559
14.095774
12.129309
10.644234
9.3711881
8.2540972
7.2733588
6.4149495
5.6655015
5.0120006
4.4423071
3.9455944
3.5124121
3.1345344
2.8047364
2.5166662
2.2647944
2.0436084
1.8488661
1.67775
1.5274532
1.3951127
1.2780566
1.1741585
1.0814983
0.99842874
0.92353329
0.85548917
0.79363018
0.73801711
0.68925938
0.64800548
0.61415083
0.58707089
0.56581001
0.54923861
0.53662246
0.52708025
0.52000211
0.51488936
0.51130996
0.50890479
0.50734064
0.50638489
0.50587811
0.50571128
0.50581264
0.50613416
0.50664283
0.50731845
0.50814941
0.50913103
0.51026388
0.51155323
0.51300843
0.51464263
0.51647273
0.51851953
0.52080797
0.52336764
0.52623348
0.52944656
0.53305533
0.53711711
0.54169979
0.54688462
0.55276937
0.5594724
0.56713844
0.57594648
0.5861204
0.59794359
0.61178026
0.62810656
0.64755677
6117257.3
998927.3
312011.29
135042.5
70302.038
41153.102
26176.156
17769.647
12744.938
9584.9153
7495.6732
6037.0577
4961.5249
4131.3046
3469.2637
2930.183
2486.0188
2118.1116
1813.5822
1564.7723
1366.0503
1204.7814
1067.5262
949.96619
848.8616
761.67395
686.34708
621.17405
564.71358
515.73425
473.17744
436.13353
403.83217
375.63988
351.03738
329.27036
308.83577
287.82105
265.20289
240.24731
209.69229
167.36657
110.90996
56.869967
28.58897
18.016444
13.99352
11.950197
10.473287
9.2186403
8.1196949
7.1553493
6.3114694
5.5748278
4.9326086
4.3728629
3.8849116
3.4594123
3.0882373
2.7642707
2.4812767
2.2337982
2.0166682
1.8254118
1.6571601
1.509405
1.3792912
1.2641949
1.1620441
1.0709481
0.98926796
0.915597
0.84866944
0.78790379
0.73344459
0.68589114
0.64576791
0.61284046
0.58634154
0.56547526
0.54912188
0.53659176
0.52708672
0.52001245
0.51488362
0.51128486
0.50885042
0.50726155
0.50628386
0.50575824
0.50557504
0.50566184
0.50597027
0.50646698
0.50713114
0.50795079
0.50892109
0.51004242
0.51131986
0.51276263
0.51438379
0.51620016
0.5182325
0.52050572
0.52304943
0.5258986
0.52909443
0.5326855
0.53672938
0.54129434
0.54646214
0.55233129
0.55902124
0.56667823
0.5754835
0.58566411
0.59750818
0.61138694
0.62778719
0.64735974
5964576.9
973973.63
304219.1
131671.51
68551.389
40135.483
25537.907
17346.56
12451.773
9373.3999
7336.9647
5913.6603
4863.0238
4051.5711
3404.5991
2878.1542
2444.6425
2085.1163
1786.6339
1541.9532
1346.1808
1187.3058
1052.0125
936.08602
836.34836
750.30145
675.92073
611.52876
555.71463
507.2774
465.18735
428.55876
396.63419
368.7768
344.45308
323.00608
303.04301
282.68985
260.88389
237.00388
208.30153
168.9893
115.29078
60.670816
29.857752
18.290213
13.916729
11.782416
10.309558
9.0721124
7.990588
7.0420202
6.2121233
5.4878007
4.8564268
4.3062358
3.8266914
3.4085603
3.0438098
2.7254291
2.4472893
2.2040079
1.9907026
1.8027778
1.6372935
1.4919446
1.3639382
1.2507015
1.1502119
1.0605874
0.98020205
0.90767085
0.84179821
0.78209402
0.72876449
0.6823853
0.64335885
0.61134534
0.58547896
0.56500694
0.54892033
0.53649132
0.52705209
0.51999205
0.51485695
0.51124917
0.50878807
0.50717743
0.5061795
0.50563598
0.50543692
0.50550938
0.50580482
0.50628957
0.50694205
0.5077503
0.50870911
0.50981872
0.51108404
0.51251415
0.514122
0.51592437
0.51794193
0.5201996
0.52272698
0.52555909
0.52873723
0.53231013
0.53633561
0.5408823
0.54603247
0.55188541
0.55856165
0.56620898
0.57501089
0.58519775
0.59706252
0.61098367
0.62745909
0.64715684
5817451.3
949950.1
296714.23
128425.54
66866.016
39155.778
24923.586
16939.483
12169.774
9169.9567
7184.2735
5794.8692
4768.0807
3974.5488
3341.917
2827.461
2404.084
2052.6338
1760.0739
1519.4588
1326.5508
1169.9762
1036.5828
922.26091
823.89302
739.01655
665.62999
602.07566
546.96276
499.11288
457.51969
421.3191
389.76851
362.23399
338.17639
317.03521
297.51723
277.77934
256.69953
233.74159
206.65258
170.04581
119.16536
64.531102
31.273079
18.613044
13.857127
11.624916
10.152435
8.93103
7.8662952
6.932986
6.116589
5.4041343
4.7831937
4.2421864
3.770719
3.3596664
3.0010881
2.6880714
2.4145872
2.1753422
1.96563
1.7808983
1.6181155
1.4750553
1.3490532
1.2375875
1.1386715
1.0504363
0.97126776
0.89979667
0.83492192
0.77625203
0.72402879
0.67879141
0.64082415
0.60969761
0.58449083
0.56441696
0.54863174
0.53634302
0.5269757
0.51994469
0.51481296
0.51119627
0.50871866
0.5070879
0.50607168
0.50551129
0.5052969
0.50535528
0.50563783
0.50611051
0.50675125
0.50754801
0.50849517
0.50959286
0.51084584
0.51226305
0.51385735
0.51564542
0.51764791
0.51988968
0.52240036
0.52521502
0.52837502
0.53192929
0.53593585
0.54046371
0.54559567
0.55143177
0.55809364
0.56573066
0.57452861
0.58472123
0.59660646
0.61057028
0.62712206
0.64694788
5675741.3
926813.46
289487.68
125301.28
65244.362
38213.054
24332.483
16547.899
11898.494
8974.1505
7037.1679
5680.2713
4676.336
3899.9687
3281.0417
2778.0174
2364.3241
2020.6864
1733.959
1497.3826
1307.2836
1152.9259
1021.3675
908.60456
811.58101
727.86932
655.48898
592.79728
538.41791
491.18812
450.11895
414.36372
383.19464
355.9866
332.20461
311.35269
292.23619
273.07799
252.65177
230.4847
204.80802
170.62394
122.54565
68.40241
32.830061
18.98201
13.812267
11.476983
10.001603
8.7950458
7.7464437
6.8278786
6.0245449
5.3235718
4.7127035
4.1805378
3.7168334
3.3125812
2.9599344
2.652078
2.3830713
2.1477082
1.9413838
1.7597329
1.599592
1.4587181
1.3346305
1.224856
1.1274338
1.0405106
0.96248126
0.89200384
0.82808249
0.77041908
0.71927868
0.67515026
0.63820074
0.60792576
0.58338379
0.5637348
0.54826083
0.53614369
0.5268551
0.51986883
0.51475031
0.51112677
0.50864254
0.50699299
0.50596035
0.5053841
0.50515497
0.50519957
0.50546932
0.50592984
0.50655885
0.50734398
0.50827933
0.50936492
0.51060535
0.51200943
0.51358991
0.51536341
0.5173505
0.51957605
0.52206967
0.52486646
0.5280079
0.53154304
0.53553017
0.54003863
0.54515176
0.55097038
0.55761721
0.56524324
0.5740366
0.58423447
0.5961399
0.6101466
0.6267759
0.6467327
5539511.5
904569.01
282539.43
122296.08
63684.616
37306.664
23764.187
16171.484
11637.722
8785.8418
6895.5567
5569.7719
4587.709
3827.7648
3221.9337
2729.8177
2325.3823
1989.3073
1708.3516
1475.8628
1288.4937
1136.1792
1006.407
895.16608
799.46186
716.90145
645.52488
583.70344
530.07221
483.48045
442.95236
407.65592
376.87856
350.00917
326.52416
305.94559
287.17779
268.5568
248.73579
227.26647
202.82298
170.80295
125.45521
72.239397
34.517815
19.397664
13.781516
11.338042
9.8568188
8.6639286
7.6308066
6.7264759
5.9357623
5.2458794
4.6447415
4.121115
3.6648998
3.267244
2.920248
2.6173621
2.3526606
2.1210295
1.917923
1.7392456
1.5816816
1.442913
1.3206583
1.2125019
1.1164996
1.0308124
0.95384871
0.88431372
0.82131368
0.76463091
0.71454986
0.67149467
0.63551952
0.60605927
0.58217007
0.56297462
0.54780663
0.53588305
0.52669379
0.51976426
0.51466955
0.51104716
0.5085564
0.50689298
0.50584533
0.50525442
0.50501115
0.50504225
0.50529933
0.5057477
0.50636497
0.50713827
0.50806167
0.50913497
0.51036264
0.51175336
0.51331977
0.51507841
0.51704981
0.51925879
0.52173497
0.5245135
0.52763592
0.53115146
0.53511861
0.5396071
0.54470079
0.55050126
0.55713236
0.56474671
0.5735348
0.58373735
0.59566267
0.60971247
0.62642041
0.64651115
5408593
883189.16
275859.64
119407.42
62185.526
36435.522
23218.148
15809.827
11387.192
8604.8825
6759.3576
5463.3593
4502.2251
3757.984
3164.655
2682.9295
2287.316
1958.5226
1683.2299
1454.8141
1270.1299
1119.7732
991.73477
881.97863
787.56754
706.14138
635.75927
574.80569
521.92626
475.98005
436.00256
401.17446
370.79753
344.27468
321.0923
300.78052
282.33173
264.18215
244.94402
224.12831
200.74441
170.65237
127.91649
75.901939
36.31553
19.860494
13.764755
11.20761
9.7178518
8.5374866
7.5192021
6.6286059
5.8500794
5.1709052
4.5791592
4.0637725
3.6147856
3.2234333
2.8819269
2.5838462
2.3232908
2.0952536
1.8952592
1.7193895
1.5643107
1.4276186
1.3071213
1.2005132
1.1058604
1.0213365
0.94537696
0.87674655
0.81464268
0.75892053
0.70987346
0.66784964
0.63280509
0.60412612
0.58087093
0.56214114
0.54728096
0.53557233
0.52650231
0.51962975
0.51457052
0.51095643
0.50845976
0.50678818
0.50572666
0.50512221
0.50486543
0.50488338
0.50512793
0.50556418
0.50616958
0.50693092
0.50784227
0.5089031
0.5101178
0.51149492
0.513047
0.5147905
0.5167459
0.51893798
0.52139635
0.5241562
0.52725917
0.5307546
0.53470125
0.53916919
0.5442428
0.55002445
0.5566391
0.56424103
0.57302317
0.5832298
0.59517465
0.60926766
0.62605537
0.64628302
5282708.9
862632.05
269440.57
116631.54
60744.79
35598.313
22693.445
15462.353
11146.472
8430.9301
6628.319
5360.8811
4419.8228
3690.6676
3109.3713
2637.6735
2250.3983
1928.4258
1658.5803
1434.1697
1252.1331
1103.6849
977.33979
869.03965
775.90145
695.59501
626.19809
566.1073
513.97839
468.68013
429.25803
394.9045
364.93396
338.76196
315.88394
295.83537
277.68754
259.96619
241.27073
221.08158
198.62718
170.21157
129.94207
79.303711
38.199519
20.370226
13.761918
11.085285
9.5844933
8.4155484
7.4114713
6.5341237
5.7673657
5.0985303
4.515847
4.0084076
3.5663891
3.1811147
2.8449368
2.5514674
2.2949109
2.0703361
1.8733455
1.7001285
1.5474609
1.4128135
1.2940027
1.1888754
1.0955055
1.0120803
0.93707678
0.8693211
0.80809252
0.75331312
0.7052706
0.66423489
0.63007835
0.60214817
0.57950413
0.56124392
0.54669215
0.53521399
0.52627426
0.51946828
0.51445266
0.51085373
0.50835548
0.50667858
0.50560416
0.50498748
0.50471784
0.50472298
0.50495515
0.50537929
0.50597271
0.50672206
0.5076212
0.50866938
0.5098709
0.5112342
0.5127717
0.51449978
0.51643886
0.51861369
0.52105389
0.52379465
0.52687771
0.53035255
0.53427815
0.53872493
0.54377782
0.54953995
0.55613742
0.56372618
0.57250163
0.58271171
0.59467569
0.608812
0.62568054
0.64604814
5161993.9
842900.68
263277.4
113966.13
59361.072
34794.408
22189.667
15128.756
10915.323
8263.8218
6502.3296
5262.2665
4340.4639
3625.7916
3056.0615
2594.0089
2214.6405
1899.0873
1634.4628
1413.9613
1234.5196
1087.9251
963.22728
856.35219
764.46571
685.26536
616.84354
557.6083
506.22605
461.5751
422.71055
388.83501
359.27435
333.45522
310.88101
291.09173
273.23077
255.90548
237.7168
218.12121
196.49537
169.54352
131.56354
82.442225
40.149361
20.926072
13.773037
10.970746
9.4565305
8.2979439
7.3074637
6.4428922
5.6874963
5.0286426
4.4547055
3.9549314
3.5196298
3.1402225
2.8091861
2.5201708
2.2674752
2.0462405
1.8521469
1.6814642
1.5311112
1.3984564
1.2812857
1.177575
1.0854268
1.0030455
0.92895749
0.8620515
0.80168389
0.74782849
0.70075589
0.6606654
0.62735716
0.60014317
0.57808522
0.5602891
0.54605353
0.53480728
0.5260045
0.51928555
0.51431498
0.51073961
0.50824449
0.50656189
0.50547854
0.50485007
0.50456833
0.50456109
0.50478101
0.5051931
0.5057745
0.5065118
0.50739852
0.50843389
0.50962203
0.51097126
0.51249393
0.51420631
0.51612877
0.51828602
0.52070766
0.52342892
0.52649161
0.52994536
0.53384936
0.53827439
0.5433059
0.5490478
0.55562734
0.56320215
0.57197013
0.58218298
0.59416564
0.6083453
0.62529572
0.64580627
5046045
823952.9
257357.62
111405.6
58032.048
34022.279
21705.984
14808.508
10693.421
8103.359
6381.2588
5167.3902
4264.0193
3563.212
3004.5428
2551.689
2179.8562
1870.4453
1610.8637
1394.1888
1217.2952
1072.5034
949.40713
843.92507
753.26829
675.1575
607.69899
549.31096
498.66943
454.66235
416.35435
382.95759
353.80774
328.34103
306.06795
286.53294
268.94723
251.99442
234.28383
215.24406
194.36092
168.70054
132.82335
85.316225
42.144522
21.513915
13.80879
10.86881
9.3340069
8.1845412
7.2070363
6.354782
5.6103596
4.9611436
4.3956478
3.9032685
3.4744432
3.1006974
2.7746193
2.4899059
2.2409416
2.0229327
1.8316366
1.6634019
1.5152351
1.384508
1.268955
1.1666003
1.0756177
0.99423387
0.92102706
0.85494988
0.79543066
0.74247871
0.69633982
0.65715358
0.62465624
0.59812652
0.57662983
0.55928484
0.5453757
0.5343588
0.52570481
0.51908335
0.51415964
0.51061386
0.50812575
0.50643914
0.50535002
0.50471018
0.50441702
0.50439773
0.50460561
0.50500568
0.50557503
0.50630013
0.50717429
0.50819671
0.50937126
0.51070621
0.51221378
0.51391018
0.51581571
0.51795503
0.52035774
0.5230591
0.52610096
0.52953311
0.53341495
0.53781762
0.54282708
0.54854802
0.55510885
0.5626689
0.57142861
0.58164351
0.59364433
0.60786731
0.62490064
0.64555724
4934308.2
805724.75
251668.2
108945.89
56755.413
33280.762
21241.566
14501.15
10480.512
7949.3532
6264.9698
5076.1521
4190.4084
3502.8606
2954.7533
2510.6598
2146.0084
1842.4826
1587.7773
1374.8525
1200.4723
1057.4431
935.90691
831.78541
742.33061
665.286
598.77278
541.21949
491.3102
447.9415
410.18681
377.26708
348.52664
323.40967
301.43335
282.14702
264.82683
248.22824
230.97198
212.44998
192.23361
167.72319
133.76733
87.929169
44.164613
22.110245
13.891631
10.788921
9.2173269
8.0752146
7.1100705
6.2696846
5.5358492
4.8959397
4.338595
3.8533511
3.4307723
3.0624896
2.7411927
2.4606316
2.2152724
2.0003817
1.8117889
1.6459168
1.4998178
1.3709603
1.2569946
1.1559419
1.0660738
0.98564705
0.91329305
0.84802698
0.78934162
0.73726988
0.69203014
0.65370949
0.62198668
0.59611094
0.57515241
0.55824341
0.54466143
0.53387411
0.52537753
0.51885813
0.51398746
0.510476
0.50799981
0.50631241
0.50521756
0.50456804
0.5042639
0.50423298
0.50442898
0.50481709
0.50537436
0.50608712
0.50694863
0.50795791
0.50911868
0.51043911
0.51193133
0.51361148
0.51549976
0.51762082
0.52000422
0.52268525
0.52570583
0.52911586
0.53297499
0.53735467
0.5423414
0.54804064
0.55458196
0.56212641
0.57087702
0.58109319
0.59311162
0.60737787
0.62449506
0.64530078
4827141.3
788232.32
246205.45
106585.01
55530.354
32569.201
20795.892
14206.197
10276.195
7801.493
6153.266
4988.497
4119.7384
3445.0476
2906.9952
2471.0468
2113.1144
1815.1692
1565.1544
1355.9003
1184.0074
1042.7144
922.7082
819.92358
731.65095
655.6548
590.07047
533.33738
484.14892
441.41033
404.20343
371.75708
343.42287
318.65184
296.9671
277.92382
260.86071
244.60141
227.77911
209.73842
190.12075
166.64277
134.44068
90.290742
46.194343
22.732994
14.010162
10.725569
9.1065841
7.9698569
7.0164324
6.1874832
5.4638739
4.8329506
4.2834723
3.8051161
3.3885651
3.0255541
2.7088686
2.4323145
2.1904358
1.9785591
1.7925804
1.6289901
1.484887
1.3577956
1.2453612
1.1455923
1.056792
0.97728704
0.90576145
0.84128992
0.78342218
0.73220617
0.6878327
0.65034067
0.61935705
0.59410688
0.57366426
0.55717493
0.54391645
0.53335729
0.52502465
0.51860839
0.51380128
0.51032724
0.50786683
0.50618117
0.50508091
0.50442394
0.50410906
0.50406689
0.5042512
0.50462739
0.50517254
0.50587289
0.50672163
0.50771755
0.50886435
0.51017004
0.51164667
0.51331028
0.51518101
0.51728346
0.51964718
0.52230745
0.52530628
0.5286937
0.53252953
0.53688559
0.5418489
0.54752568
0.55404667
0.56157466
0.57031529
0.58053191
0.59256734
0.60687671
0.62407871
0.64503669
4724251.6
771436.62
240962.41
104317.84
54354.297
31886.181
20368.076
13923.121
10080.068
7659.5068
6045.9599
4904.3115
4051.948
3389.7499
2861.5035
2433.1856
2081.3612
1788.5928
1543.0175
1337.3133
1167.8641
1028.28
909.77898
808.31528
721.21209
646.25239
581.58478
525.65999
477.18157
435.06426
398.39837
366.42021
338.48797
314.05844
292.66038
273.85532
257.04205
241.10891
224.70185
207.10808
188.02767
165.48211
134.88159
92.413086
48.222479
23.397853
14.150879
10.672588
9.0015589
7.8683658
6.9260107
6.1080707
5.394335
4.7720945
4.2302152
3.7585068
3.3477728
2.9898501
2.6776129
2.4049255
2.1664062
1.9574401
1.7739883
1.6126036
1.4704256
1.3450009
1.2340523
1.1355436
1.0477701
0.96915509
0.89843595
0.83474262
0.77767429
0.72728885
0.68375067
0.64705248
0.61677479
0.59212298
0.57217459
0.55608802
0.54314774
0.53281334
0.5246495
0.51833887
0.51360595
0.51016686
0.50772662
0.50604521
0.50494128
0.50427775
0.50395257
0.50389951
0.50407231
0.50443666
0.50496966
0.50565751
0.50649332
0.50747572
0.50860837
0.5098991
0.51135988
0.51300666
0.51485954
0.51694304
0.51928669
0.5219258
0.52490241
0.52826667
0.53207864
0.53641045
0.54134963
0.54700317
0.55350299
0.56101363
0.56974335
0.57995957
0.59201131
0.60636364
0.62365133
0.6447647
4625593.7
755327.05
235930.7
102142.07
53225.73
31230.732
19957.689
13651.66
9891.996
7523.319
5942.9728
4823.4479
3986.7813
3336.54
2817.6757
2396.6461
2050.6306
1762.7663
1521.4113
1319.1255
1152.0607
1014.1487
897.12036
796.95611
711.00634
637.06993
573.30712
518.17952
470.40117
428.89645
392.76444
361.24886
333.7139
309.62144
288.50535
269.9341
253.36403
237.7449
221.73582
204.55763
185.95927
164.25915
135.12254
94.308314
50.237213
24.108282
14.307575
10.626972
8.9019851
7.770657
6.8387034
6.0313532
5.3271499
4.7132951
4.1787579
3.7134709
3.308352
2.9553391
2.6473937
2.3784381
2.1431607
1.9370044
1.755994
1.5967402
1.4564202
1.3326019
1.2230575
1.1257652
1.0390057
0.96125142
0.89131791
0.8283857
0.77209743
0.72251796
0.67978572
0.64384853
0.61424597
0.59016636
0.57069106
0.55499023
0.54235945
0.53224992
0.52425457
0.51805368
0.51339876
0.5099964
0.50757987
0.50590457
0.50479902
0.50412873
0.50379467
0.50373091
0.50389239
0.50424494
0.50476578
0.50544103
0.50626376
0.50723253
0.50835081
0.50962635
0.51107104
0.51270072
0.51453542
0.51659963
0.51892284
0.52154035
0.52449428
0.52783488
0.53162239
0.5359293
0.54084362
0.54647314
0.55295092
0.56044327
0.56916115
0.57937604
0.59144336
0.6058384
0.62321262
0.64448456
4531052.8
739883.59
231103.61
100055.2
52143.021
30602.229
19564.356
13391.471
9711.761
7392.7916
5844.1962
4745.8095
3924.1303
3285.2855
2775.3619
2361.299
2020.8447
1737.6667
1500.3475
1301.3598
1136.6244
1000.3486
884.75679
785.86484
701.04676
628.11475
565.24041
510.89571
463.8051
422.9028
387.29651
356.23704
329.09404
305.33404
284.4959
266.15503
249.82222
234.50538
218.8775
202.08577
183.91975
162.98868
135.19211
95.990144
52.227235
24.861967
14.477803
10.587305
8.8075296
7.6766483
6.7544507
5.9572629
5.262242
4.6564841
4.1290411
3.669957
3.2702611
2.9219878
2.6181818
2.3528273
2.1206787
1.9172341
1.7385803
1.5813839
1.4428581
1.3205886
1.2123753
1.1162548
1.0304888
0.95357524
0.8844072
0.82221871
0.76669108
0.71789345
0.67593881
0.64073194
0.61177541
0.58824275
0.56922021
0.55388876
0.54155618
0.53167174
0.52384205
0.51775449
0.51317675
0.50981774
0.5074264
0.50575976
0.5046538
0.50397736
0.5036355
0.50356113
0.5037115
0.50405232
0.50456097
0.50522355
0.50603308
0.50698803
0.50809173
0.50935188
0.51078022
0.51239253
0.51420876
0.51625333
0.5185557
0.5211512
0.52408197
0.52739837
0.53116085
0.53544219
0.54033093
0.54593561
0.55239047
0.55986359
0.56856862
0.57878122
0.59086334
0.60530076
0.62276228
0.64419602
4440137.7
725046.67
226472.62
98053.151
51104.27
29999.403
19187.165
13142.061
9539.0308
7267.6642
5749.4353
4671.2317
3863.8536
3235.8759
2734.4744
2327.0729
1991.9508
1713.2607
1479.8094
1284.0091
1121.554
986.88562
872.69721
775.05051
691.34071
619.39313
557.38931
503.8113
457.394
417.08157
381.99071
351.37946
324.62265
301.19057
280.62586
262.51002
246.40901
231.38539
216.12026
199.69135
181.9162
161.6847
135.11599
97.473499
54.182035
25.654505
14.660651
10.55291
8.7178595
7.5862087
6.6731536
5.8857293
5.1995632
4.6016112
4.0810099
3.627917
3.2334599
2.8897632
2.5899508
2.3280703
2.0989401
1.8981128
1.7217332
1.5665218
1.4297258
1.3089511
1.2020206
1.1070053
1.0222037
0.94612462
0.87770239
0.81624002
0.76145404
0.71341477
0.67221023
0.6377047
0.60936654
0.58635669
0.56776738
0.55278987
0.54074409
0.53108114
0.52341593
0.51744316
0.51294391
0.50963325
0.50726686
0.50561097
0.5045057
0.50382442
0.50347468
0.50339034
0.50352969
0.50385886
0.50435529
0.50500513
0.50580133
0.50674229
0.50783124
0.50907577
0.51048752
0.51208217
0.51387961
0.5159042
0.51818537
0.52075842
0.52366555
0.52695723
0.53069407
0.53494919
0.5398116
0.54539062
0.55182164
0.55927454
0.56796569
0.57817498
0.59027104
0.60475045
0.62230002
0.64389876
4353076.2
710824.36
222032.81
96133.14
50108.394
29421.312
18825.495
12903.064
9373.5465
7147.7684
5658.557
4599.6242
3805.8879
3188.2699
2694.994
2293.9592
1963.9483
1689.556
1459.8065
1267.0788
1106.8534
973.76732
860.95586
764.53385
681.91309
610.91999
549.75569
496.92392
451.16515
411.43073
376.8451
346.67352
320.29639
297.18828
276.89713
259.01493
243.13141
228.36362
213.43091
197.36843
179.97635
160.36534
134.91875
98.774488
56.09243
26.480928
14.855756
10.523452
8.6326844
7.4992101
6.5947112
5.8166655
5.1390416
4.5486257
4.0346283
3.5873117
3.197909
2.8586329
2.5626755
2.3041458
2.0779266
1.8796239
1.7054389
1.5521415
1.4170129
1.2976786
1.1919856
1.0980307
1.0141473
0.93888345
0.87120073
0.81044714
0.756384
0.70908073
0.66860002
0.63476793
0.60702192
0.58451187
0.566337
0.55169866
0.53992812
0.53048154
0.52297831
0.51712276
0.51270219
0.50944271
0.50710133
0.50545824
0.50435505
0.50366972
0.50331221
0.50321869
0.50334704
0.50366464
0.50414884
0.50478584
0.50556858
0.5064954
0.50756942
0.5087981
0.51019301
0.51176973
0.51354808
0.51555234
0.51781192
0.5203621
0.52324511
0.52651152
0.53022213
0.53445034
0.53928567
0.54483818
0.55124444
0.55867611
0.56735231
0.57755721
0.58966628
0.60418724
0.62182551
0.64359251
4269711.9
697199.9
217775.44
94292.209
49153.156
28867.007
18478.899
12674.088
9215.0205
7032.8543
5571.3783
4530.8452
3750.1303
3142.3872
2656.8578
2261.9137
1936.8019
1666.5281
1440.3228
1250.5529
1092.5056
960.98064
849.52557
754.31644
672.77535
602.71937
542.36045
490.24004
445.11709
405.94539
371.85393
342.11359
316.10982
293.32172
273.3026
255.65348
239.97907
225.4469
210.82275
195.11411
178.09339
159.04378
134.61554
99.906672
57.94998
27.336259
15.06286
10.498737
8.5517523
7.4155322
6.5190307
5.7499896
5.0806068
4.4974686
3.9898489
3.5481098
3.1635813
2.8285653
2.5363286
2.2810334
2.0576211
1.8617529
1.6896839
1.5382321
1.4047095
1.2867632
1.1822623
1.0893289
1.0063246
0.93184695
0.86489152
0.80483718
0.75147843
0.70488972
0.66510793
0.63192261
0.60474336
0.58271122
0.56493266
0.55061913
0.53911259
0.52987613
0.52253202
0.51679375
0.51245187
0.50924459
0.50693066
0.505302
0.50420182
0.50351336
0.50314863
0.50304612
0.50316365
0.50346971
0.50394166
0.50456576
0.50533493
0.50624744
0.50730633
0.50851894
0.50989677
0.51145529
0.51321423
0.51519783
0.51743542
0.5199623
0.52282072
0.52606132
0.52974509
0.53394572
0.5387532
0.54427834
0.55065888
0.55806826
0.56672839
0.57692778
0.58904888
0.60361082
0.62133842
0.64327693
4189688.3
684121.88
213689.71
92525.989
48237.1
28335.609
18146.715
12454.673
9063.1397
6922.7209
5487.758
4464.7958
3696.5166
3098.1946
2620.0552
2230.9347
1910.518
1644.1859
1421.3704
1234.4454
1078.526
948.54859
838.43815
744.42878
663.93406
594.77945
535.19999
483.76488
439.25477
400.62748
367.01637
337.69684
312.05901
289.58605
269.83597
252.41718
236.94547
222.63451
208.29721
192.92548
176.26965
157.73437
134.21962
100.87794
59.713618
28.213712
15.281587
10.478623
8.4748441
7.3350609
6.4460262
5.6856275
5.0241936
4.4480822
3.9466224
3.5102694
3.130446
2.7995389
2.5108863
2.2587102
2.0380067
1.8444852
1.674456
1.5247824
1.3928064
1.2761961
1.1728441
1.0808953
0.99873913
0.92501557
0.85876784
0.7994031
0.74673493
0.70084002
0.66173338
0.62916929
0.60253212
0.58095693
0.56355731
0.54955472
0.5383011
0.529268
0.52207977
0.51645919
0.51219563
0.5090408
0.50675711
0.50514217
0.50404641
0.5033554
0.50298405
0.50287248
0.50297965
0.50327415
0.50373385
0.50434496
0.50510044
0.50599848
0.50704205
0.50823839
0.50959889
0.51113893
0.51287815
0.51484074
0.51705597
0.51955912
0.52239245
0.52560671
0.52926302
0.53343537
0.53821422
0.54371113
0.55006497
0.55745099
0.56609389
0.57628658
0.58841864
0.60302095
0.6208384
0.64295171
4112812.3
671565.73
209769.08
90831.422
47358.723
27826.043
17828.206
12244.333
8917.552
6817.13
5407.5359
4401.398
3645.0466
3055.712
2584.5804
2201.0058
1885.0798
1622.5219
1402.9502
1218.7619
1064.9214
936.47447
827.68755
734.85374
655.37983
587.10267
528.2807
477.50559
433.58188
395.47802
362.33119
333.42067
308.14024
285.9767
266.49189
249.29979
234.02489
219.9231
205.85361
190.80244
174.49986
156.44102
133.75202
101.69815
61.349496
29.105576
15.511342
10.46298
8.4017682
7.2576913
6.3756193
5.6235112
4.9697425
4.4004153
3.9049039
3.4737518
3.0984701
2.771527
2.4863296
2.2371579
2.0190642
1.8278068
1.6597432
1.5117819
1.3812945
1.2659697
1.1637238
1.0727247
0.99138782
0.91839414
0.85282804
0.79413723
0.74214925
0.69692993
0.65847534
0.62650798
0.60038919
0.57925062
0.56221324
0.54850816
0.53749675
0.52865995
0.52162444
0.51611968
0.5119346
0.50883219
0.50658023
0.50497914
0.50388897
0.50319602
0.50281851
0.50269801
0.50279513
0.50307804
0.50352546
0.50412351
0.50486518
0.5057486
0.50677666
0.50795652
0.50929943
0.51082073
0.51253993
0.51448116
0.51667365
0.51915263
0.52196039
0.52514775
0.52877598
0.53291936
0.53766879
0.54313656
0.54946271
0.55682426
0.56544872
0.57563349
0.58777535
0.60241733
0.6203251
0.64261649
4038867.6
659512.78
206008.3
89206.308
46515.984
27337.309
17522.806
12042.717
8777.9848
6715.8513
5330.5537
4340.5513
3595.6678
3014.9162
2550.4277
2172.1324
1860.497
1601.5476
1385.0775
1203.5155
1051.6978
924.75822
817.26922
725.58533
647.10795
579.68657
521.60375
471.465
428.1003
390.49739
357.79736
329.28274
304.35044
282.48999
263.26592
246.29623
231.21236
217.30911
203.4911
188.74556
172.78147
155.16552
133.22874
102.38053
62.866559
30.005753
15.751422
10.451667
8.3323541
7.183322
6.3077357
5.5635777
4.9171993
4.3544201
3.8646516
3.4385201
3.0676214
2.7445019
2.4626355
2.2163591
2.0007792
1.8117023
1.6455332
1.4992207
1.3701652
1.256077
1.1548953
1.0648114
0.98426634
0.91198059
0.84707704
0.78903783
0.73771389
0.69315634
0.65533258
0.62393818
0.59831502
0.57759344
0.56090224
0.54748174
0.53670221
0.52805496
0.52116787
0.5157763
0.51166974
0.50861966
0.50639887
0.50481363
0.50372959
0.50303535
0.50265208
0.50252306
0.5026099
0.50288149
0.50331658
0.5039015
0.50462923
0.50549788
0.50651025
0.50767341
0.5089985
0.51050076
0.51219965
0.51411918
0.51628853
0.51874291
0.52152462
0.52468452
0.52828406
0.53239775
0.53711696
0.54255469
0.54885211
0.55618806
0.56479284
0.57496836
0.58711884
0.60179969
0.61979813
0.64227092
3968109.6
647968.33
202403.78
87648.167
45708.079
26868.873
17230.152
11849.508
8644.2154
6618.7355
5256.6649
4282.0883
3548.1706
2975.6234
2517.4852
2144.2443
1836.7254
1581.238
1367.7389
1188.6987
1038.8492
913.39584
807.18217
716.61991
639.11134
572.52311
515.15835
465.63606
422.80982
385.6872
353.41568
325.2823
300.68731
279.12243
260.15385
243.40197
228.50351
214.78932
201.20847
186.75504
171.11336
153.90926
132.66226
102.93938
64.272229
30.909365
16.001059
10.44454
8.2664502
7.1118604
6.2423063
5.5057687
4.8665128
4.3100523
3.8258267
3.4045407
3.0378704
2.7184376
2.4397814
2.1962945
1.9831358
1.7961589
1.6318141
1.4870886
1.3594105
1.246511
1.1463529
1.0571505
0.97737072
0.90577181
0.84151269
0.78410874
0.73342724
0.6895127
0.65230257
0.62145897
0.59630962
0.5759862
0.5596257
0.54647735
0.5359199
0.52745442
0.52071194
0.51543131
0.51140209
0.50840415
0.5062146
0.50464674
0.50356846
0.50287348
0.50248481
0.50234755
0.50242416
0.50268461
0.50310727
0.50367899
0.50439267
0.5052464
0.50624289
0.50738913
0.50869617
0.51017913
0.51185738
0.51375486
0.5159007
0.51833005
0.52108521
0.52421711
0.52778731
0.5318706
0.53655878
0.54196554
0.54823319
0.55554235
0.56412616
0.57429109
0.58644887
0.60116769
0.61925711
0.64191459
3900440.3
636908.57
198949.9
86154.99
44933.761
26419.949
16949.687
11664.359
8516.0187
6525.6174
5185.7475
4225.9108
3502.487
2937.7942
2485.7375
2117.3435
1813.777
1561.6099
1350.9527
1174.3304
1026.3917
902.40169
797.43963
707.9645
631.39063
565.60973
508.93994
460.01351
417.70667
381.0457
349.1855
321.4187
297.14934
275.87144
257.15217
240.61306
225.89476
212.36121
199.00489
184.83093
169.49499
152.67358
132.06239
103.3887
65.573384
31.812262
16.258829
10.441966
8.2041674
7.0432225
6.1792659
5.4500296
4.8176359
4.267271
3.7883933
3.3717817
3.009189
2.6933095
2.4177458
2.1769454
1.9661181
1.7811631
1.6185748
1.4753762
1.3490221
1.2372654
1.1380913
1.0497374
0.97069707
0.89976449
0.83613264
0.77934741
0.72929134
0.68599766
0.64937967
0.61906812
0.59437269
0.57442936
0.55838468
0.54549646
0.53515173
0.52686078
0.52025878
0.51508538
0.51113249
0.50818634
0.50602815
0.50447807
0.50340572
0.50271062
0.50231681
0.5021716
0.50223817
0.50248732
0.50289763
0.50345606
0.50415558
0.50499422
0.50597466
0.50710377
0.50839251
0.5098559
0.51151321
0.5133883
0.51551023
0.51791412
0.52064224
0.52374557
0.52728581
0.53133798
0.53599429
0.54136915
0.54760597
0.55488713
0.56344863
0.57360153
0.58576525
0.60052105
0.61870165
0.64154712
3835550.4
626305.92
195637.83
84723.177
44191.265
25989.456
16680.794
11486.913
8393.1213
6436.2775
5117.6362
4171.8907
3458.5004
2901.3282
2455.0972
2091.3587
1791.5975
1542.6249
1334.6989
1160.4016
1014.3196
891.76623
788.02715
699.61029
623.94364
558.94442
502.94612
454.59438
412.78759
376.57065
345.10554
317.69087
293.73509
272.73472
254.25777
237.92602
223.38278
210.02234
196.87922
182.9728
167.92599
151.45987
131.43719
103.74169
66.776394
32.710441
16.5181
10.448738
8.1476349
6.9774048
6.1185565
5.3963089
4.7705241
4.2260368
3.7523171
3.340213
2.9815509
2.6690946
2.3965086
2.1582941
1.9497106
1.7667017
1.6058036
1.4640741
1.3389927
1.2283336
1.1301054
1.042568
0.9642418
0.89395565
0.830934
0.77475141
0.72530336
0.68261113
0.64656247
0.61676179
0.5925028
0.57292314
0.55717994
0.54454044
0.53439918
0.52627571
0.51980919
0.51474029
0.51086193
0.50796648
0.50583979
0.50430739
0.50324192
0.5025469
0.50214826
0.50199528
0.50205193
0.5022897
0.50268777
0.50323278
0.50391801
0.50474144
0.50570563
0.5068174
0.5080876
0.50953115
0.51116722
0.51301958
0.51511722
0.5174952
0.52019579
0.52327
0.52677963
0.53079995
0.53542356
0.54076556
0.54697044
0.55422237
0.56276017
0.57289957
0.58506777
0.59985945
0.61813131
0.64116807
3773316.5
616145.05
192462.11
83350.032
43479.329
25576.748
16423.055
11316.815
8275.2694
6350.5415
5052.2059
4119.9489
3416.1686
2866.2015
2425.5621
2066.2969
1770.1961
1524.295
1318.9885
1146.921
1002.6344
881.48561
778.93946
691.55181
616.7658
552.52377
497.17615
449.38268
408.0555
372.25981
341.17209
314.09543
290.44177
269.7097
251.46781
235.33778
220.96484
207.77074
194.83042
181.18022
166.40621
150.26955
130.79337
104.0104
67.887496
33.600085
16.772896
10.470062
8.0990232
6.9144672
6.0601258
5.3445586
4.7251351
4.186313
3.7175657
3.3098059
2.9549307
2.6457706
2.3760502
2.1403235
1.9338984
1.7527615
1.593489
1.4531725
1.3293144
1.21971
1.1223902
1.0356383
0.95800138
0.88834183
0.82591388
0.77031804
0.72146037
0.67935028
0.64384983
0.61453851
0.59069781
0.57146682
0.55601201
0.54361019
0.53366356
0.52570046
0.51936482
0.51439667
0.51059175
0.50774576
0.50565013
0.5041354
0.50307754
0.50238237
0.50197928
0.50181867
0.50186552
0.50209198
0.50247765
0.50300923
0.50368007
0.50448811
0.50543588
0.5065301
0.50778153
0.50920496
0.51081949
0.51264878
0.51472174
0.51707337
0.51974594
0.52279045
0.52626884
0.53025657
0.53484664
0.5401548
0.54632664
0.55354806
0.56206074
0.57218508
0.58435621
0.59918256
0.61754566
0.64077699
3713669.5
606394.27
189415.89
82033.911
42797.013
25181.237
16176.054
11153.74
8162.2452
6268.2413
4989.3231
4069.9728
3375.3965
2832.3406
2397.069
2042.106
1749.5321
1506.5902
1303.8028
1133.8772
991.3289
871.55267
770.16928
683.78214
609.85076
546.34228
491.62394
444.37029
403.50536
368.11285
337.38514
310.63129
287.26721
266.79366
248.77944
232.84549
218.63825
205.60428
192.85714
179.45234
164.93544
149.10399
130.13654
104.20568
68.912641
34.478251
17.024931
10.505229
8.0579271
6.8544421
6.0039274
5.2947322
4.6814288
4.1480642
3.6841076
3.2805328
2.9293039
2.623316
2.3563519
2.1230175
1.9186674
1.7393303
1.5816208
1.4426618
1.3199795
1.2113882
1.114941
1.0289444
0.95197233
0.88291996
0.82106909
0.76604409
0.71775954
0.67621211
0.64123931
0.61239731
0.58895653
0.57005955
0.55488081
0.54270643
0.53294601
0.52513633
0.51892633
0.51405601
0.51032215
0.50752455
0.50545947
0.50396253
0.50291245
0.50221717
0.50180996
0.50164185
0.50167901
0.5018942
0.50226735
0.5027855
0.5034418
0.50423432
0.50516549
0.50624196
0.50747436
0.50887742
0.5104701
0.51227598
0.51432387
0.51664873
0.51929276
0.52230703
0.52575352
0.52970791
0.53426358
0.53953692
0.54567457
0.55286419
0.56135025
0.57145793
0.58363034
0.59849005
0.61694424
0.64037342
3656370.6
597035.06
186493.3
80770.723
42142.516
24801.887
15939.201
10997.393
8053.8425
6189.2344
4928.8856
4021.8852
3336.1253
2799.6956
2369.5792
2018.7562
1729.5816
1489.4922
1289.1287
1121.2639
980.39804
861.96146
761.71123
676.2963
603.19324
540.39445
486.28404
439.55092
399.13105
364.12586
333.74272
307.29732
284.21011
263.98463
246.19014
230.44656
216.40073
203.52123
190.95832
177.78844
163.51356
147.96448
129.47155
104.33726
69.857706
35.342926
17.278988
10.550357
8.0226429
6.7972938
5.9499166
5.2467874
4.6393673
4.111257
3.6519133
3.2523671
2.9046471
2.6017101
2.3373956
2.10636
1.9040037
1.726396
1.5701883
1.4325335
1.3109799
1.2033618
1.1077529
1.0224824
0.94615142
0.87768654
0.8163963
0.76192648
0.71419785
0.67319349
0.63872833
0.6103363
0.58727846
0.5687005
0.55378619
0.54182966
0.53224733
0.5245846
0.51849485
0.51371875
0.51005429
0.50730367
0.50526836
0.50378906
0.5027466
0.5020519
0.50164039
0.50146497
0.50149248
0.50169643
0.50205705
0.50256161
0.50320331
0.50398014
0.50489454
0.50595304
0.50716619
0.50854861
0.51011913
0.51190126
0.5139237
0.51622134
0.51883635
0.52181979
0.52523373
0.52915403
0.53367444
0.53891195
0.54501426
0.55217072
0.56062867
0.57071798
0.58288995
0.59778157
0.61632661
0.63995685
3601323.1
588058.17
183691.75
79559.586
41514.754
24438.049
15712.058
10847.45
7949.8353
6113.3717
4870.7935
3975.6217
3298.319
2768.2513
2343.0906
1996.2522
1710.3522
1473.0086
1274.9741
1109.0868
969.84501
852.71233
753.56322
669.09096
596.7895
534.67607
481.15178
434.92001
394.92846
360.29512
330.24196
304.09149
281.26908
261.28118
243.69796
228.13861
214.24988
201.51954
189.13248
176.18751
162.14039
146.85235
128.80267
104.41382
70.728353
36.192719
17.538463
10.602022
7.9916559
6.7429407
5.8980487
5.200682
4.5989131
4.0758582
3.6209535
3.2252832
2.8809375
2.5809328
2.3191638
2.0903358
1.8898941
1.7139473
1.5591816
1.4227787
1.3023086
1.1956245
1.1008208
1.0162486
0.94053541
0.87263845
0.81189235
0.75796184
0.71077183
0.67029136
0.63631436
0.6083536
0.58566236
0.56738962
0.55272803
0.5409796
0.53156808
0.524046
0.51807162
0.51338633
0.50978864
0.50708341
0.50507739
0.5036153
0.5025804
0.50188661
0.5014706
0.5012881
0.50130601
0.50149873
0.50184679
0.50233764
0.50296463
0.50372565
0.50462309
0.50566342
0.50685709
0.50821859
0.50976666
0.51152469
0.5135213
0.51579129
0.51837678
0.52132882
0.52470955
0.52859501
0.53307927
0.53827994
0.54434573
0.55146767
0.55989592
0.56996511
0.58213481
0.59705678
0.61569225
0.63952675
3548665.1
579459.74
181007.08
78399.429
40913.412
24089.426
15494.329
10703.696
7850.0353
6040.4924
4814.9205
3931.0774
3261.8829
2737.9253
2317.5319
1974.5357
1691.7979
1457.1047
1261.3153
1097.332
959.6606
843.79711
745.71797
662.15887
590.63271
529.18084
476.22153
430.47248
390.89298
356.61666
326.87936
301.01074
278.44144
258.68112
241.30106
225.91967
212.18365
199.59745
187.3783
174.64851
160.81558
145.76871
128.13353
104.44294
71.530027
37.026512
17.804799
10.658002
7.9639389
6.691276
5.8482794
5.1563763
4.5600313
4.0418367
3.5912005
3.199256
2.8581526
2.5609644
2.301639
2.07493
1.8763255
1.7019724
1.5485908
1.4133892
1.2939583
1.1881703
1.0941396
1.0102386
0.93512076
0.86777275
0.80755367
0.75414668
0.7074779
0.66750285
0.63399478
0.60644734
0.584107
0.56612615
0.55170588
0.54015671
0.53090842
0.52352113
0.51765715
0.51305871
0.50952572
0.5068645
0.50488677
0.50344144
0.50241408
0.5017211
0.501301
0.50111131
0.5011197
0.50130119
0.50163666
0.50211372
0.50272583
0.50347091
0.50435123
0.50537319
0.50654714
0.50788746
0.50941278
0.51114637
0.51311676
0.51535866
0.51791412
0.52083419
0.52418106
0.52803091
0.53247815
0.53764094
0.543669
0.55075502
0.55915194
0.56919921
0.58136472
0.59631532
0.61504067
0.63908258
3498142.4
571212.52
178432.26
77286.835
40336.599
23755.174
15285.587
10565.816
7754.2417
5970.4722
4761.1824
3888.1992
3226.7917
2708.7092
2292.9072
1953.6144
1673.9255
1441.7852
1248.1554
1086.0032
949.84813
835.21786
738.17433
655.49628
584.71837
523.90431
471.489
426.20428
387.02083
353.08714
323.6521
298.05264
275.72489
256.18222
238.99727
223.78786
210.2001
197.75299
185.69418
173.17022
159.53884
144.71466
127.46742
104.43137
72.267808
37.843323
18.078097
10.716984
7.9388397
6.6421851
5.800562
5.1138298
4.5226862
4.0091612
3.5626262
3.1742609
2.836271
2.541786
2.2848049
2.0601279
1.8632853
1.6904607
1.5384063
1.4043566
1.2859222
1.1809933
1.0877041
1.0044482
0.92990398
0.86308613
0.8033772
0.75047731
0.70431283
0.6648251
0.63176708
0.60461566
0.58261107
0.56490938
0.55071974
0.5393608
0.53026871
0.52301043
0.517252
0.51273693
0.50926596
0.50664731
0.50469701
0.50326783
0.50224784
0.50155561
0.5011317
0.50093468
0.50093362
0.50110387
0.5014267
0.50188989
0.50248701
0.50321599
0.50407902
0.5050824
0.5062364
0.50755528
0.50905755
0.51076638
0.51271016
0.51492352
0.51744847
0.52033599
0.52364833
0.52746181
0.53187112
0.53699499
0.54298409
0.55003275
0.5583967
0.56842013
0.58057941
0.59555682
0.61437132
0.63862375
3449739.9
563304.02
175964.19
76220.097
39783.597
23434.675
15085.4
10433.508
7662.2654
5903.1684
4709.4574
3846.8826
3192.9536
2680.5226
2269.1437
1933.4263
1656.6855
1427.0146
1235.4706
1075.0852
940.39944
826.97016
730.92728
649.09707
579.04076
518.84106
466.94918
422.11092
383.30813
349.70312
320.55726
295.21469
273.11729
253.78238
236.78438
221.74089
208.29734
195.98474
184.0789
171.75145
158.30967
143.69115
126.80717
104.38523
72.946525
38.642221
18.357712
10.778208
7.9159485
6.5955509
5.7548456
5.0730012
4.4868405
3.9777983
3.5352014
3.1502719
2.8152698
2.5233777
2.2686443
2.0459152
1.8507613
1.6794017
1.5286193
1.3956732
1.2781934
1.1740878
1.0815096
0.99887301
0.92488118
0.8585751
0.79935992
0.74695039
0.70127349
0.66225496
0.62962875
0.60285666
0.58117327
0.56373848
0.54976925
0.53859203
0.52964933
0.52251389
0.5168566
0.5124214
0.50900967
0.50643223
0.5045085
0.50309486
0.50208191
0.50139035
0.50096263
0.50075847
0.50074786
0.50090686
0.50121699
0.50166625
0.50224826
0.50296096
0.50380653
0.50479115
0.50592497
0.50722214
0.50870107
0.51038478
0.51230157
0.51448597
0.51697989
0.5198343
0.52311144
0.52688777
0.53125825
0.53634214
0.54229104
0.54930088
0.55763013
0.56762776
0.57977869
0.5947809
0.61368369
0.63814962
3403354
555728.17
173599.6
75198.126
39253.762
23127.539
14893.497
10306.587
7573.9612
5838.4736
4659.6827
3807.0964
3160.3526
2653.3623
2246.2463
1913.978
1640.0828
1412.7946
1223.2627
1064.5795
931.31162
819.04547
723.97099
642.95874
573.5972
513.98817
462.59918
418.18935
379.75169
346.46169
317.59223
292.49472
270.61675
251.47981
234.66061
219.77677
206.47308
194.2905
182.53078
170.391
157.12786
142.69918
126.15534
104.30991
73.570854
39.422405
18.642685
10.841226
7.8950081
6.5512672
5.7110846
5.0338526
4.4524613
3.9477185
3.5088989
3.1272644
2.7951267
2.5057194
2.2531395
2.0322763
1.83874
1.668784
1.5192202
1.3873313
1.2707655
1.1674481
1.0755511
0.99350902
0.92004875
0.8542364
0.79549823
0.74356304
0.69835631
0.65978936
0.62757751
0.60116852
0.57979225
0.56261259
0.54885393
0.53785019
0.52905011
0.52203237
0.51647121
0.51211247
0.50875748
0.50621947
0.50432149
0.50292272
0.50191647
0.50122547
0.50079387
0.50058277
0.50056249
0.50071023
0.50100762
0.50144285
0.50200963
0.50270591
0.50353383
0.50449948
0.5056129
0.50688811
0.5083434
0.51000167
0.51189109
0.51404608
0.51650848
0.51932918
0.52257046
0.52630886
0.53063961
0.53568245
0.54158987
0.54855939
0.55685217
0.56682198
0.57896231
0.59398719
0.61297718
0.63765957
3358762.5
548456.06
171329.68
74217.493
38745.533
22832.947
14709.41
10184.793
7489.1229
5776.2316
4611.7352
3768.7309
3128.8975
2627.1496
2224.1502
1895.2169
1624.0778
1399.097
1211.5104
1054.4704
922.57261
811.43282
717.29534
637.07308
568.3812
509.34049
458.43475
414.43621
376.34871
343.36014
314.75464
289.89051
268.2213
249.27279
232.62423
217.89364
204.72513
192.66769
181.04578
169.07571
155.9922
141.75069
125.5165
104.21068
74.145189
40.183164
18.931912
10.905758
7.8758493
6.5092358
5.6692336
4.9963485
4.4195167
3.918893
3.4836933
3.1052158
2.7758214
2.4887933
2.2382747
2.0191973
1.8272091
1.6585963
1.5101993
1.3793223
1.2636316
1.1610688
1.069824
0.98835205
0.91540282
0.85006652
0.79178901
0.74031181
0.6955581
0.65742546
0.62561095
0.59954937
0.57846669
0.56153084
0.54797328
0.53713512
0.52847111
0.52156579
0.5160961
0.51181044
0.50850976
0.50600957
0.50413606
0.50275164
0.50175169
0.50106112
0.5006256
0.50040752
0.50037772
0.50051406
0.50079865
0.50121976
0.5017712
0.50245093
0.50326102
0.50420749
0.50530027
0.50655327
0.50798462
0.50961711
0.51147878
0.51360394
0.51603431
0.51882074
0.52202548
0.52572517
0.53001526
0.53501596
0.54088063
0.54780829
0.55606279
0.56600266
0.57813005
0.5931753
0.61225121
0.63715291
3316141.5
541498.89
169156.22
73278.126
38258.595
22550.603
14532.88
10067.937
7407.6331
5716.3602
4565.557
3731.7505
3098.5658
2601.8698
2202.8454
1877.1363
1608.6612
1385.9117
1200.2046
1044.7495
914.1747
804.12553
710.89415
631.43437
563.38754
504.89351
454.45201
410.84844
373.09693
340.39646
312.04195
287.39968
265.9288
247.15946
230.6735
216.08967
203.05148
191.1142
179.62223
167.80956
154.90144
140.84143
124.89317
104.0922
74.673647
40.923821
19.224233
10.971594
7.8583525
6.469365
5.6292474
4.9604535
4.3879753
3.8912943
3.45956
3.084104
2.7573347
2.4725823
2.2240348
2.0066648
1.8161569
1.6488289
1.5015476
1.3716385
1.2567846
1.1549436
1.0643235
0.98339809
0.91093978
0.84606197
0.78822891
0.73719335
0.69287605
0.65516041
0.62372685
0.59799741
0.57719524
0.56049229
0.54712674
0.5364465
0.5279124
0.52111397
0.51573185
0.51151539
0.50826685
0.50580277
0.5039526
0.50258181
0.5015878
0.50089742
0.50045794
0.50023283
0.50019359
0.50031845
0.50059015
0.50099705
0.50153304
0.50219606
0.50298815
0.50391525
0.50498717
0.50621768
0.50762481
0.50923119
0.51106473
0.51315962
0.51555746
0.51830904
0.52147658
0.52513677
0.52938527
0.53434274
0.54016334
0.54704759
0.55526195
0.56516969
0.57728166
0.5923448
0.61150519
0.63662888
3275321.9
534833.91
167075.1
72378.423
37791.937
22279.937
14363.569
9955.768
7329.3338
5658.7533
4521.0679
3696.1004
3069.314
2577.4903
2182.3037
1859.7129
1593.8164
1373.2245
1189.3329
1035.4076
906.10954
797.11453
704.75909
626.03486
558.60951
500.64143
450.64601
407.42164
369.99289
337.56773
309.45158
285.01976
263.73707
245.13776
228.80652
214.36299
201.45016
189.62816
178.25912
166.59417
153.85482
139.96882
124.2867
103.95844
75.160022
41.643755
19.518498
11.038554
7.8424271
6.4315693
5.59108
4.9261317
4.3578063
3.8648947
3.4364743
3.0639071
2.739647
2.4570694
2.210405
1.9946662
1.8055724
1.6394718
1.4932565
1.3642722
1.2502179
1.149067
1.0590443
0.97864264
0.90665598
0.8422194
0.78481468
0.73420463
0.69030702
0.65299154
0.62192278
0.59651084
0.57597659
0.55949604
0.54631371
0.53578405
0.52737376
0.52067722
0.51537832
0.51122796
0.508029
0.50559929
0.50377133
0.50241338
0.50142496
0.50073456
0.50029101
0.50005882
0.50001007
0.50012352
0.5003822
0.5007748
0.50129521
0.50194139
0.50271532
0.50362284
0.50467367
0.50588145
0.50726406
0.50884399
0.51064903
0.51271321
0.51507803
0.51779418
0.52092384
0.52454374
0.52874973
0.53366285
0.53943806
0.54627729
0.55444961
0.56432296
0.57641693
0.59149532
0.61073845
0.63608675
3236136.8
528434.09
165078.29
71515.391
37344.574
22020.422
14201.179
9848.0777
7254.0616
5603.2996
4478.1839
3661.6974
3041.0689
2553.9459
2162.4717
1842.9017
1579.5068
1361.0076
1178.8742
1026.4276
898.36398
790.3894
698.88086
620.86673
554.04009
496.57796
447.01123
404.15081
367.03161
334.8699
306.98074
282.74862
261.6441
243.20589
227.02152
212.7118
199.91933
188.20794
176.95549
165.42991
152.85175
139.13184
123.69828
103.81218
75.607634
42.342341
19.813583
11.106456
7.8279948
6.3957684
5.5546865
4.8933479
4.3289787
3.8396668
3.4144118
3.0446037
2.7227394
2.4422378
2.1973708
1.9831888
1.7954446
1.6305158
1.4853182
1.3572165
1.2439254
1.1434335
1.0539817
0.97408129
0.90254722
0.83853512
0.78154309
0.73134254
0.68784806
0.65091632
0.62019653
0.59508754
0.57480941
0.5585411
0.54553355
0.53514739
0.52685515
0.52025532
0.51503582
0.51094806
0.50779629
0.50539926
0.50359243
0.50224661
0.50126328
0.50057266
0.5001249
0.49988558
0.49982726
0.49992926
0.50017491
0.50055307
0.50105779
0.50168698
0.50244257
0.50333033
0.50435984
0.50554464
0.50690244
0.5084556
0.51023176
0.5122648
0.5145961
0.51727624
0.52036734
0.52394616
0.52810868
0.53297634
0.53870481
0.54549742
0.55362574
0.56346236
0.57553563
0.59062642
0.60995034
0.63552565
3198640.2
522306.26
163165.27
70688.657
36915.891
21771.729
14045.502
9744.7475
7181.7351
5549.9342
4436.87
3628.5315
3013.8324
2531.2419
2143.3524
1826.7037
1565.7299
1349.2556
1168.822
1017.8032
890.93168
783.94349
693.25325
615.92413
549.67387
492.69819
443.54301
401.03154
364.20882
332.29912
304.62653
280.58393
259.64799
241.36207
225.31683
211.13448
198.45734
186.852
175.71029
164.31624
151.89136
138.33264
123.13063
103.65308
76.018537
43.018874
20.108376
11.17511
7.8149834
6.361885
5.5200202
4.8620661
4.3014612
3.8155828
3.3933479
3.0261719
2.7065928
2.4280709
2.1849178
1.9722199
1.7857628
1.6219511
1.4777241
1.3504643
1.2379011
1.1380377
1.0491309
0.96971001
0.89860966
0.8350054
0.77841051
0.72860393
0.68549637
0.64893198
0.6185458
0.59372621
0.57369245
0.55762654
0.54478559
0.53453607
0.52635629
0.51984848
0.51470417
0.51067603
0.50756889
0.50520285
0.5034161
0.50208166
0.50110299
0.50041187
0.49995976
0.49971322
0.49964527
0.49973575
0.49996832
0.50033197
0.50082085
0.5014329
0.50216999
0.50303779
0.50404577
0.50520732
0.50654003
0.50806609
0.50981299
0.51181446
0.51411175
0.51675529
0.51980716
0.5233441
0.52746222
0.53228328
0.53796366
0.54470798
0.5527903
0.56258778
0.57463752
0.58973772
0.60914022
0.63494475
3162751.6
516441.74
161333.69
69897.061
36505.244
21533.408
13896.213
9645.5637
7112.2133
5498.5494
4397.0338
3596.5276
2987.5357
2509.3193
2124.8985
1811.0814
1552.4549
1337.9442
1159.1575
1009.5202
883.80105
777.7667
687.86675
611.19832
545.50347
488.99569
440.23576
398.05904
361.52025
329.85169
302.38564
278.52299
257.74655
239.60446
223.6908
209.62944
197.06258
185.55883
174.52227
163.25222
150.97281
137.56953
122.58444
103.48497
76.395009
43.672633
20.401771
11.244305
7.8033199
6.3298463
5.4870349
4.8322502
4.2752225
3.7926152
3.3732585
3.0085905
2.6911884
2.4145523
2.1730315
1.9617474
1.7765161
1.6137688
1.4704665
1.3440088
1.2321392
1.1328747
1.0444878
0.9655247
0.89483967
0.83162675
0.77541347
0.72598543
0.68324902
0.64703631
0.6169687
0.59242542
0.57262445
0.55675141
0.54406913
0.53394969
0.52587674
0.51945663
0.5143836
0.51041175
0.50734713
0.50501022
0.50324239
0.50191868
0.50094418
0.50025229
0.49979567
0.49954179
0.49946418
0.49954305
0.49976247
0.50011154
0.50058446
0.50117923
0.50189765
0.50274529
0.50373152
0.50486958
0.5061769
0.50767554
0.50939281
0.51136229
0.51362506
0.51623144
0.51924339
0.52273765
0.52681042
0.53158374
0.53721464
0.54390901
0.55194328
0.56169914
0.57372239
0.58882876
0.60830734
0.63434312
3128272.9
510819.35
159578.61
69138.491
36111.91
21305.058
13753.072
9550.3855
7045.4183
5449.1102
4358.6626
3565.6788
2962.1803
2488.1823
2107.113
1796.0344
1539.68
1327.0687
1149.8746
1001.5719
876.96539
771.85232
682.71555
606.68389
541.52354
485.46545
437.0849
395.22896
358.96195
327.52398
300.25495
276.56314
255.93756
237.93121
222.14178
208.19511
195.73352
184.32689
173.39008
162.23683
150.09538
136.84127
122.05985
103.3109
76.739327
44.302881
20.692695
11.3138
7.7929272
6.299579
5.4556843
4.803864
4.250231
3.7707362
3.3541189
2.9918378
2.6765073
2.4016655
2.1616978
1.9517589
1.767694
1.6059597
1.4635374
1.337843
1.2266335
1.1279393
1.0400476
0.96152161
0.89123368
0.82839582
0.77254876
0.72348393
0.68110308
0.64522667
0.61546314
0.5911833
0.57160413
0.55591475
0.54338349
0.5333877
0.52541636
0.51907945
0.51407391
0.51015553
0.50713096
0.50482166
0.50307165
0.50175782
0.50078702
0.50009403
0.49963277
0.49937143
0.49928405
0.49935125
0.49955742
0.49989182
0.5003487
0.50092604
0.50162562
0.50245292
0.50341717
0.50453149
0.50581315
0.50728404
0.50897131
0.51090836
0.51313612
0.51570475
0.51867611
0.5221269
0.52615335
0.53087779
0.53645782
0.54310054
0.55108466
0.56079633
0.57279003
0.58789915
0.60745101
0.63371979
3095284.4
505433.11
157897.65
68411.997
35735.199
21086.312
13615.876
9459.0431
6981.2202
5401.5241
4321.6776
3535.9219
2937.7147
2467.7883
2089.9618
1781.5357
1527.3831
1316.612
1140.9594
993.9466
870.41474
766.19116
677.79099
602.37316
537.72729
482.10143
434.08502
392.53655
356.52968
325.3122
298.23106
274.70153
254.21859
236.34031
220.66807
206.82997
194.46853
183.15462
172.31231
161.269
149.25841
136.14682
121.55675
103.1333
77.053682
44.908854
20.980048
11.383333
7.7837249
6.2710134
5.4259206
4.7768699
4.2264549
3.7499176
3.3359045
2.9758923
2.6625308
2.3893942
2.1509026
1.942242
1.7592858
1.5985145
1.4569289
1.3319602
1.2213782
1.1232264
1.0358062
0.9576967
0.88778817
0.8253093
0.76981324
0.72109644
0.67905582
0.64350064
0.61402713
0.58999822
0.57063031
0.55511565
0.54272799
0.53284962
0.52497486
0.51871698
0.51377529
0.50990728
0.50692061
0.50463717
0.50290383
0.50159919
0.5006316
0.49993721
0.4994711
0.49920219
0.49910497
0.49916042
0.49935325
0.49967288
0.50011359
0.50067339
0.50135397
0.50216073
0.5031028
0.50419312
0.50544884
0.50689166
0.50854856
0.51045276
0.51264501
0.51517532
0.51810542
0.52151192
0.52549111
0.53016551
0.53569327
0.54228259
0.55021444
0.55987925
0.57184019
0.58694843
0.60657044
0.63307375
3063814.8
500291.72
156291.21
67717.49
35374.811
20876.888
13484.45
9371.4531
6919.5518
5355.7404
4286.054
3507.2365
2914.1221
2448.1233
2073.4311
1767.5723
1515.5518
1306.5625
1132.4002
986.63427
864.14039
760.77613
673.08627
598.25986
534.10885
478.89824
431.23114
389.97733
354.21949
323.21278
296.31077
272.93525
252.58725
234.82971
219.26794
205.53242
193.26611
182.04043
171.28757
160.34773
148.46121
135.48528
121.07483
102.95402
77.340007
45.489814
21.262748
11.452612
7.7756228
6.244079
5.3976962
4.75123
4.2038613
3.7301313
3.3185904
2.9607323
2.6492399
2.3777221
2.1406315
1.9331846
1.7512811
1.5914242
1.4506331
1.3263535
1.2163675
1.118731
1.0317589
0.95404605
0.88449956
0.82236394
0.76720384
0.71882009
0.67710463
0.64185592
0.61265871
0.58886885
0.56970168
0.55435317
0.54210192
0.5323351
0.52455208
0.51836894
0.51348763
0.50966725
0.50671598
0.50445698
0.50273912
0.50144293
0.50047806
0.49978197
0.49931081
0.49903419
0.49892703
0.49897062
0.49915004
0.49945478
0.49987922
0.50042132
0.50108275
0.5018688
0.50278846
0.50385455
0.50508405
0.50649848
0.50812463
0.50999556
0.51215182
0.51464323
0.5175314
0.52089281
0.52482377
0.52944697
0.53492103
0.54145521
0.54933259
0.55894787
0.57087269
0.58597619
0.60566492
0.63240388
3033685
495374.8
154754.96
67053.333
35030.098
20676.515
13358.579
9287.4684
6860.343
5311.711
4251.7532
3479.5984
2891.3833
2429.1709
2057.505
1754.1302
1504.1726
1296.9073
1124.1875
979.62572
858.13405
755.59876
668.59415
594.33701
530.66206
475.85043
428.51846
387.54684
352.02726
321.222
294.49081
271.26151
251.04102
233.3973
217.93958
204.30085
192.12463
180.98274
170.31446
159.47199
147.70306
134.85578
120.61373
102.77443
77.599685
46.036572
21.539447
11.521311
7.7685231
6.2187046
5.3709621
4.7269058
4.1824174
3.711348
3.3021515
2.9463357
2.6366155
2.3666325
2.1308705
1.9245744
1.7436691
1.5846794
1.4446419
1.3210161
1.2115955
1.1144478
1.0279013
0.9505658
0.88136427
0.8195564
0.76471753
0.71665202
0.67524694
0.64029027
0.61135608
0.58779351
0.56881703
0.55362638
0.54150465
0.53184367
0.52414746
0.51803511
0.51321082
0.50943538
0.50651738
0.50428108
0.50257762
0.50128913
0.50032648
0.49962838
0.49915196
0.49886747
0.49875029
0.49878193
0.49894784
0.4992376
0.49964563
0.50016991
0.50081202
0.50157717
0.50247422
0.50351584
0.50471884
0.50610457
0.50769962
0.50953686
0.51165663
0.51410859
0.51695413
0.52026966
0.52415143
0.52872226
0.53414118
0.54061844
0.54843914
0.55800207
0.56988732
0.58498199
0.60473359
0.63170903
3004813.7
490662.23
153283.72
66417.441
34700.158
20484.726
13238.07
9206.9614
6803.5009
5269.3762
4218.7333
3452.9747
2869.4749
2410.9124
2042.1703
1741.1958
1493.2343
1287.6365
1116.3104
972.91193
852.38714
750.65162
664.30724
590.59851
527.38113
472.9524
425.94187
385.24062
349.9489
319.33615
292.76775
269.67725
249.57737
232.04092
216.6811
203.13359
191.04252
179.98001
169.39159
158.64074
146.98312
134.25746
120.17295
102.59547
77.833781
46.547237
21.808799
11.589071
7.7623197
6.1948189
5.3456681
4.7038575
4.1620891
3.6935384
3.286562
2.9326804
2.6246385
2.356109
2.1216051
1.916399
1.7364394
1.5782713
1.4389478
1.3159412
1.2070562
1.1103719
1.0242291
0.94725197
0.87837886
0.81688355
0.76235126
0.71458944
0.67348021
0.63880155
0.61011741
0.5867707
0.56797519
0.55293433
0.54093545
0.53137475
0.52376062
0.51771523
0.51294477
0.50921158
0.50632476
0.50410966
0.50241952
0.50113791
0.50017699
0.49947655
0.49899467
0.49870215
0.49857482
0.49859443
0.49874673
0.4990214
0.49941291
0.49991922
0.50054185
0.50128592
0.50216015
0.50317707
0.50435329
0.50571001
0.5072736
0.50907673
0.51115954
0.51357146
0.51637372
0.51964256
0.52347418
0.52799145
0.5333538
0.53977234
0.54753408
0.55704181
0.56888388
0.58396539
0.60377568
0.63098797
2977192.7
486157.06
151877.91
65809.464
34384.679
20301.301
13122.732
9129.8328
6748.9676
5228.7015
4186.9723
3427.3515
2848.3837
2393.3363
2027.4139
1728.7576
1482.7251
1278.7387
1108.759
966.48305
846.891
745.92658
660.21855
587.03727
524.25977
470.19874
423.4963
383.05398
347.98021
317.55143
291.13821
268.1795
248.1937
230.75838
215.49067
202.02898
190.01818
179.03067
168.51763
157.85291
146.30053
133.68949
119.75197
102.41778
78.043332
47.023158
22.069542
11.655506
7.7569006
6.1723484
5.3217633
4.6820447
4.142842
3.6766726
3.271796
2.9197439
2.6132892
2.3461346
2.112821
1.908646
1.7295812
1.5721904
1.4335426
1.3111219
1.2027438
1.106498
1.0207378
0.94410079
0.87553982
0.81434208
0.76010198
0.71262958
0.67180197
0.63738762
0.60894093
0.58579897
0.56717506
0.55227613
0.54039361
0.53092788
0.52339135
0.51740898
0.51268935
0.50899576
0.50613812
0.50394276
0.50226486
0.50098932
0.50002966
0.49932655
0.49883898
0.49853829
0.4984007
0.49840816
0.49854675
0.49880624
0.49918111
0.49966931
0.50027232
0.50099513
0.50184633
0.5028383
0.50398749
0.50531488
0.50684666
0.50861527
0.51066062
0.51303195
0.51579025
0.51901161
0.5227921
0.52725465
0.53255896
0.53891696
0.54661745
0.55606703
0.56786218
0.58292597
0.6027903
0.63023937
2950850.8
481859.27
150536.02
65229.176
34083.533
20126.06
13012.432
9056.008
6696.6982
5189.6613
4156.4512
3402.7116
2828.0924
2376.4264
2013.2222
1716.8039
1472.6331
1270.2035
1101.5233
960.3304
841.6374
741.41611
656.32072
583.64682
521.29191
467.58388
421.17684
380.98239
346.11714
315.86401
289.59877
266.76531
246.88745
229.5476
214.36706
200.98798
189.05166
178.13167
167.69096
157.10737
145.65434
133.151
119.35023
102.24174
78.229191
47.465196
22.320472
11.720212
7.7521402
6.15122
5.2991954
4.6614257
4.1246406
3.6607198
3.2578269
2.907503
2.6025481
2.3366923
2.1045033
1.9013028
1.7230836
1.5664278
1.4284182
1.3065514
1.1986524
1.1028214
1.0174232
0.94110835
0.87284362
0.81192877
0.75796673
0.71076972
0.67020983
0.63604641
0.60782489
0.58487692
0.56641553
0.55165097
0.53987849
0.5305025
0.52303926
0.51711633
0.51244422
0.50878787
0.50595748
0.50378044
0.50211374
0.50084353
0.4998846
0.4991785
0.49868502
0.49837597
0.498228
0.49822321
0.49834799
0.49859218
0.49895029
0.49942026
0.50000348
0.50070484
0.50153282
0.50249961
0.50362149
0.50491925
0.50641887
0.50815254
0.51015997
0.51249014
0.51520382
0.51837689
0.5221053
0.52651194
0.53175675
0.53805236
0.54568926
0.55507769
0.56682206
0.58186331
0.6017766
0.62946186
2925743.3
477756.09
149254.96
64675.632
33796.123
19958.784
12907.093
8985.4238
6646.6487
5152.2307
4127.1612
3379.0484
2808.602
2360.1808
1999.5923
1705.3289
1462.9533
1262.0227
1094.5948
954.44544
836.6187
737.11327
652.60721
580.42103
518.47198
465.10245
418.97859
379.02136
344.35551
314.27021
288.14595
265.43155
245.65595
228.40627
213.30782
200.00597
188.13966
177.28355
166.91045
156.40303
145.04357
132.64105
118.96708
102.06748
78.392025
47.873848
22.560405
11.782759
7.7479085
6.1313577
5.2779112
4.6419576
4.1074485
3.6456488
3.2446276
2.8959346
2.5923949
2.3277649
2.0966374
1.8943568
1.7169359
1.5609736
1.4235669
1.3022228
1.1947761
1.0993368
1.0142807
0.93827066
0.87028671
0.80964042
0.75594259
0.70900717
0.6687014
0.63477591
0.60676763
0.58400321
0.56569551
0.55105796
0.53938942
0.53009813
0.52270395
0.51683696
0.51220945
0.50858782
0.50578282
0.50362271
0.5019662
0.5007006
0.49974186
0.49903244
0.49853282
0.49821526
0.49805678
0.49803963
0.4981505
0.49837929
0.49872052
0.49917211
0.49973539
0.50041514
0.50121969
0.50216107
0.50325539
0.50452321
0.50599031
0.50768865
0.50965768
0.51194613
0.51461452
0.51773851
0.52141386
0.52576342
0.53094725
0.53717863
0.54474957
0.55407376
0.56576334
0.58077696
0.6007337
0.62865395
2901820
473847.6
148034.63
64147.787
33521.952
19799.204
12806.551
8917.9809
6598.7735
5116.3798
4099.0773
3356.3463
2789.8922
2344.5862
1986.5097
1694.3198
1453.6715
1254.1852
1087.9633
948.81808
831.82544
733.00908
649.07044
577.35281
515.7934
462.74863
416.89614
377.16618
342.69126
312.76611
286.77615
264.17507
244.49645
227.33192
212.31072
199.08112
187.28056
176.48473
166.17487
155.73875
144.46713
132.15873
118.60188
101.89493
78.532281
48.249316
22.788178
11.842701
7.7440677
6.1126843
5.2578557
4.6235968
4.0912285
3.6314272
3.2321703
2.8850146
2.582809
2.3193348
2.0892082
1.887795
1.7111268
1.5558186
1.4189803
1.2981293
1.1911091
1.0960392
1.0113058
0.93558379
0.86786559
0.80747385
0.75402665
0.70733937
0.66727442
0.63357416
0.60576752
0.5831765
0.56501396
0.55049629
0.53892578
0.52971423
0.522385
0.51657062
0.51198487
0.50839565
0.50561404
0.50346962
0.50182231
0.50056062
0.49960158
0.49888847
0.49838248
0.49805624
0.4978871
0.49785751
0.49795435
0.49816762
0.49849185
0.49892493
0.49946812
0.50012608
0.500907
0.50182275
0.50288924
0.50412683
0.50556106
0.50722367
0.50915383
0.5114
0.51402245
0.51709657
0.52071791
0.52500919
0.53013058
0.53629585
0.54379841
0.55305523
0.56468587
0.57966653
0.59966067
0.62781407
2879051.1
470127.85
146872.82
63645.047
33260.883
19647.177
12710.698
8853.6364
6553.0495
5082.0963
4072.1923
3334.5972
2771.9603
2329.6317
1973.9645
1683.7655
1444.7781
1246.6804
1081.6183
943.43963
827.24892
729.0961
645.70321
574.43582
513.25036
460.51709
414.92452
375.41229
341.12008
311.34799
285.48599
262.99272
243.40619
226.32215
211.37365
198.21164
186.47276
175.73369
165.4829
155.11336
143.92397
131.70301
118.25382
101.72384
78.650201
48.591522
23.002616
11.899572
7.7404696
6.09512
5.2389724
4.6062977
4.075942
3.6180222
3.2204265
2.8747187
2.5737696
2.3113841
2.0822004
1.8816044
1.7056454
1.5509534
1.4146506
1.2942639
1.1876454
1.0929233
1.0084941
0.93304388
0.86557674
0.80542592
0.75221608
0.70576376
0.66592666
0.63243925
0.60482298
0.58239553
0.56436985
0.54996515
0.53848695
0.52935043
0.52208218
0.51631692
0.51177031
0.50821124
0.50545127
0.5033211
0.5016821
0.50042363
0.49946379
0.49874666
0.49823406
0.49789896
0.49771903
0.49767688
0.49775957
0.49795722
0.49826434
0.49867878
0.49920172
0.49983773
0.50059483
0.50148472
0.50252312
0.50373019
0.50513122
0.50675769
0.50864851
0.51085186
0.51342771
0.51645117
0.52001753
0.52424935
0.52930681
0.53540409
0.54283584
0.55202208
0.56358952
0.57853159
0.59855659
0.62694052
2857351.4
466582.73
145766.34
63166.74
33012.496
19502.48
12619.442
8792.3474
6509.4495
5049.3687
4046.5051
3313.8006
2754.8026
2315.3195
1961.9554
1673.6625
1436.267
1239.5016
1075.5531
938.30221
822.88252
725.36726
642.49868
571.66345
510.83687
458.40229
413.05893
373.75509
339.63776
310.01196
284.2721
261.88145
242.38238
225.37455
210.49449
197.3958
185.71474
175.02907
164.83338
154.52568
143.41275
131.27288
117.92226
101.55378
78.745718
48.900081
23.202531
11.952892
7.7369625
6.078583
5.2212036
4.5900145
4.0615498
3.6053996
3.2093673
2.865022
2.5652556
2.3038947
2.0755986
1.8757718
1.7004805
1.5463686
1.4105695
1.2906196
1.1843789
1.0899841
1.0058412
0.93064698
0.8634168
0.80349356
0.75050809
0.70427787
0.66465596
0.63136937
0.60393248
0.58165907
0.56376219
0.54946374
0.5380723
0.52900623
0.52179512
0.51607581
0.51156556
0.50803452
0.50529448
0.5031773
0.50154559
0.50028971
0.4993286
0.4986071
0.49808763
0.4977435
0.49755264
0.49749782
0.49756626
0.49774817
0.49803805
0.49843372
0.49893627
0.49955015
0.50028323
0.50114705
0.50215711
0.50333336
0.50470085
0.50629079
0.50814182
0.5103018
0.5128304
0.51580242
0.51931284
0.52348402
0.52847607
0.53450345
0.54186194
0.55097432
0.56247416
0.57737177
0.5974205
0.62603149
2836692.7
463210.56
144713.71
62711.989
32776.344
19364.92
12532.662
8734.0308
6467.9414
5018.1796
4022.0029
3293.9452
2738.4084
2301.6354
1950.4693
1663.9988
1428.1265
1232.637
1069.7556
933.39558
818.7165
721.81436
639.44946
569.02917
508.54678
456.39854
411.29421
372.19004
338.23999
308.75407
283.13091
260.8382
241.42232
224.48671
209.67121
196.6318
185.00483
174.36915
164.22462
153.9745
142.93293
130.86735
117.60591
101.38424
78.818758
49.174467
23.386692
12.002167
7.7333893
6.0629915
5.2044902
4.5746991
4.0480115
3.5935251
3.198963
2.8558993
2.5572451
2.2968483
2.0693871
1.8702841
1.6956207
1.5420544
1.406729
1.2871894
1.1813036
1.0872163
1.0033425
0.92838924
0.86138228
0.80167368
0.74889999
0.70287927
0.6634602
0.63036272
0.60309458
0.58096592
0.56319004
0.5489913
0.53768121
0.52868114
0.52152345
0.515847
0.51137063
0.50786529
0.50514354
0.50303819
0.50141286
0.50015885
0.49919603
0.49846983
0.49794325
0.4975899
0.49738797
0.49732037
0.49737444
0.49754051
0.49781304
0.49818981
0.49867182
0.4992634
0.49997228
0.5008098
0.50179127
0.50293642
0.50427003
0.50582306
0.50763383
0.50974992
0.51223062
0.51515041
0.51860395
0.52271331
0.52763845
0.53359404
0.54087677
0.54991198
0.56133968
0.57618666
0.59625142
0.62508507
2817122.1
460015.79
143716.47
62280.808
32552.301
19234.416
12450.321
8678.6725
6428.5022
4988.5218
3998.6728
3275.0212
2722.7671
2288.5679
1939.4945
1654.7616
1420.3442
1226.0754
1064.216
928.70967
814.74304
718.42937
636.54772
566.52572
506.37378
454.50041
409.62512
370.71235
336.92249
307.57042
282.05895
259.85985
240.52334
223.65647
208.90248
195.91843
184.34135
173.75292
163.65595
153.4585
142.48194
130.48512
117.30479
101.21454
78.868789
49.414089
23.553921
12.046909
7.7295857
6.0482569
5.1887719
4.560303
4.0352854
3.5823632
3.1891832
2.8473246
2.5497166
2.2902263
2.0635504
1.8651279
1.6910551
1.5380014
1.4031208
1.2839664
1.1784136
1.0846148
1.0009937
0.92626683
0.85946985
0.79996337
0.7473891
0.70156566
0.6623374
0.62941761
0.60230783
0.58031494
0.56265246
0.5485471
0.53731312
0.52837469
0.52126679
0.51563029
0.51118527
0.50770362
0.50499855
0.50290375
0.50128391
0.50003119
0.49906616
0.49833493
0.49780101
0.49743826
0.49722509
0.49714461
0.49718419
0.49733431
0.49758937
0.4979471
0.49840843
0.49897755
0.49966203
0.50047304
0.50142568
0.50253944
0.50383885
0.50535458
0.50712466
0.5091963
0.51162847
0.51449526
0.51789098
0.52193733
0.52679409
0.53267599
0.53988043
0.5488351
0.56018601
0.57497593
0.59504838
0.62409924
2798602.4
456992.72
142771.97
61872.257
32340.099
19110.787
12372.325
8626.2337
6391.1214
4960.3685
3976.4969
3257.0069
2707.8599
2276.1031
1929.0208
1645.9418
1412.9114
1219.8071
1058.9244
924.23676
810.95486
715.20517
633.78516
564.1458
504.31139
452.70189
408.04638
369.31722
335.68075
306.45692
281.05262
258.94326
239.68264
222.88124
208.18536
195.25313
183.72252
173.17805
163.12543
152.9772
142.06082
130.1253
117.01645
101.04365
78.895427
49.618138
23.703029
12.086608
7.7253866
6.0342937
5.1739867
4.5467759
4.0233296
3.5718782
3.1799977
2.8392723
2.5426481
2.2840103
2.0580729
1.8602903
1.6867723
1.5341998
1.3997367
1.2809437
1.1757031
1.0821747
0.99879039
0.92427605
0.85767626
0.79835966
0.74597287
0.70033476
0.6612856
0.6285324
0.6015709
0.57970502
0.56214859
0.54813045
0.5369675
0.52808653
0.52102497
0.51542548
0.51100931
0.50754939
0.50485945
0.50277403
0.50115881
0.49990673
0.49893904
0.49820246
0.49766094
0.49728859
0.49706405
0.49697057
0.49699555
0.49712961
0.49736707
0.49770565
0.49814615
0.49869265
0.49935255
0.50013685
0.50106041
0.5021425
0.50340739
0.50488544
0.50661437
0.50864105
0.51102406
0.51383709
0.51717403
0.52115622
0.52594311
0.53174939
0.53887303
0.54774371
0.55901308
0.57373922
0.5938104
0.62307177
2781106
454133.79
141879.45
61485.956
32139.457
18993.984
12298.642
8576.6936
6355.7953
4933.739
3955.4793
3239.8942
2693.6658
2264.211
1919.013
1637.5092
1405.8022
1213.8112
1053.8642
919.96297
807.34003
712.13127
631.1538
561.8814
502.35182
450.99598
406.55193
367.99904
334.50959
305.40899
280.10803
258.08506
238.89738
222.15866
207.51802
194.63484
183.14819
172.64478
162.63256
152.52798
141.66548
129.78663
116.7418
100.87088
78.897241
49.785447
23.832874
12.120748
7.7206341
6.0210208
5.1600722
4.5340672
4.0121015
3.5620337
3.1713757
2.8317164
2.5360177
2.2781821
2.0529392
1.855758
1.6827612
1.5306407
1.3965702
1.2781164
1.173167
1.079891
0.99672854
0.92241306
0.85599826
0.7968598
0.74464883
0.69918441
0.66030292
0.6277055
0.60088248
0.57913512
0.56167755
0.54774065
0.53664379
0.52781618
0.52079755
0.51523231
0.51084262
0.50740252
0.50472625
0.5026491
0.50103763
0.49978553
0.49881475
0.49807249
0.49752312
0.49714099
0.49690493
0.49679832
0.49680859
0.49692647
0.49714623
0.49746551
0.49788505
0.49840876
0.49904391
0.49980128
0.50069553
0.50174568
0.50297572
0.50441573
0.50610308
0.50808427
0.51041749
0.513176
0.51645324
0.52037009
0.52508563
0.53081439
0.53785468
0.54663792
0.55782085
0.57247621
0.59253647
0.62200033
2764567.7
451435.09
141036.87
61121.643
31950.217
18883.774
12229.182
8529.9932
6322.4876
4908.5928
3935.5763
3223.6347
2680.1291
2252.832
1909.4131
1629.405
1398.9645
1208.0444
1049.0026
915.8637
803.87847
709.1928
628.64232
559.72358
500.4875
449.37592
405.13515
366.75194
333.40366
304.42146
279.22047
257.28139
238.1642
221.48559
206.89743
194.06065
182.61545
172.15047
162.1758
152.11189
141.29814
129.46802
116.47759
100.69466
78.873756
49.91517
23.942318
12.148812
7.7151741
6.008357
5.1469653
4.5221262
4.0015587
3.5527939
3.163287
2.8246318
2.5298045
2.2727236
2.0481339
1.8515182
1.6790118
1.5273212
1.3936197
1.2754784
1.1707984
1.0777563
0.9948007
0.9206732
0.85443262
0.79546103
0.74341455
0.69811252
0.65938759
0.62693543
0.60024134
0.57860422
0.56123857
0.54737708
0.5363415
0.52756322
0.52058433
0.51505049
0.51068503
0.5072629
0.50459877
0.50252885
0.50092035
0.49966763
0.49869329
0.49794503
0.49738757
0.49699549
0.49674776
0.4966279
0.49662334
0.49672494
0.49692688
0.49722675
0.49762517
0.49812595
0.49873616
0.4994664
0.50033111
0.50134904
0.50254393
0.50394553
0.50559086
0.50752605
0.50980887
0.5125121
0.51572871
0.51957908
0.52422181
0.52987112
0.53682552
0.54551779
0.55660931
0.57118659
0.59122557
0.62088243
2749030.7
448898.51
140243.74
60778.787
31772.245
18780.175
12163.872
8486.1115
6291.157
4884.9006
3916.7717
3208.2101
2667.2298
2241.9428
1900.1986
1621.6143
1392.3844
1202.49
1044.3119
911.90471
800.54114
706.36492
626.22749
557.65189
498.70131
447.8276
403.7854
365.56751
332.35671
303.48855
278.3844
256.52811
237.48031
220.86067
206.3233
193.53076
182.12485
171.69537
161.75427
151.72531
140.95421
129.16852
116.22506
100.51456
78.823445
50.005824
24.030215
12.170318
7.7088431
5.9962171
5.1346037
4.5109027
3.991659
3.5441236
3.1557021
2.8179935
2.5239872
2.2676171
2.0436422
1.8475596
1.6755231
1.5242334
1.3908687
1.2730186
1.1685907
1.0757678
0.99300492
0.91905173
0.85297498
0.79416066
0.74226778
0.69711711
0.65853791
0.62622074
0.5996463
0.57811138
0.56083085
0.54703912
0.53606012
0.52732726
0.52038502
0.5148798
0.51053639
0.50713048
0.50447712
0.50241331
0.50080697
0.49955309
0.49857476
0.49782018
0.49725439
0.49685217
0.49659261
0.49645938
0.49643988
0.49652508
0.49670907
0.49698941
0.49736658
0.49784426
0.49842936
0.49913227
0.49996721
0.50095267
0.5021121
0.50347492
0.50507782
0.5069665
0.5091983
0.51184553
0.5150006
0.51878332
0.52335177
0.52891973
0.53578567
0.54438345
0.55537847
0.56987014
0.58987673
0.61971537
2734464.2
446518.26
139499.46
60456.748
31604.936
18682.827
12102.529
8444.8653
6261.6307
4862.4463
3898.8414
3193.4282
2654.8192
2231.4093
1891.2192
1613.9664
1385.899
1197.0141
1039.7058
908.03726
797.2924
703.61998
623.88993
555.65095
496.98032
446.33982
402.49213
364.43669
331.36099
302.60379
277.59462
255.82076
236.84181
220.28017
205.79231
193.0425
181.67397
171.27784
161.36776
151.37051
140.63616
128.88684
115.98083
100.32834
78.745188
50.056504
24.095536
12.184821
7.7014769
5.9845142
5.1229265
4.5003476
3.9823621
3.5359889
3.1485927
2.8117774
2.5185456
2.2628455
2.0394507
1.8438805
1.6722825
1.5213578
1.3883079
1.2707308
1.1665392
1.0739214
0.99133839
0.91754701
0.85162228
0.79295512
0.7412063
0.69619631
0.65775227
0.6255601
0.59909626
0.57765569
0.56045367
0.54672618
0.53579922
0.52710821
0.52019914
0.51471992
0.51039648
0.50700514
0.50436121
0.50230247
0.50069753
0.49944188
0.49845915
0.49769795
0.4971236
0.49671104
0.49643952
0.49629277
0.49625824
0.49632692
0.49649286
0.49675354
0.49710933
0.49756377
0.49812358
0.49879897
0.49960391
0.50055664
0.5016803
0.503004
0.50456403
0.50640572
0.50858591
0.51117639
0.51426901
0.51798297
0.52247568
0.52796038
0.53473531
0.54323501
0.55412836
0.56852661
0.58848894
0.61849627
2720873.8
444292.24
138804.04
60155.715
31448.395
18591.653
12045.041
8406.0894
6233.6868
4840.9727
3881.4848
3178.9725
2642.5977
2221.0217
1882.3818
1606.4435
1379.4968
1191.5788
1035.1082
904.17046
794.06433
700.90734
621.5839
553.68301
495.29411
444.88897
401.23802
363.34668
330.40726
301.76061
276.84681
255.15728
236.24842
219.74486
205.30564
192.59708
181.2638
170.89783
161.01435
151.04341
140.34005
128.622
115.74546
100.13557
78.63739
50.065291
24.137234
12.191902
7.6929172
5.9731653
5.1118771
4.4904153
3.9736298
3.5283577
3.1419314
2.8059606
2.5134602
2.2583929
2.0355538
1.8404665
1.66927
1.5186854
1.3859309
1.2686095
1.1646388
1.0722126
0.98979755
0.91615691
0.85037222
0.7918421
0.74022783
0.69534834
0.65702917
0.62495225
0.59859015
0.57723631
0.56010634
0.54643772
0.53555848
0.52690558
0.52002663
0.51457092
0.5102653
0.50688679
0.50425101
0.50219635
0.5005921
0.49933411
0.49834656
0.49757841
0.49699526
0.49657219
0.49628855
0.49612816
0.49607849
0.49613052
0.49627831
0.4965192
0.49685348
0.49728452
0.49781889
0.49846656
0.49924128
0.50016102
0.50124862
0.50253285
0.50404961
0.5058438
0.50797179
0.51050481
0.51353409
0.51717815
0.52159369
0.52699324
0.5336746
0.54207265
0.55285906
0.56715583
0.58706126
0.61722202
2708161
442213.96
138154.28
59874.039
31301.599
18505.682
11990.444
8368.9206
6206.5268
4819.7302
3864.009
3164.1968
2629.9765
2210.2211
1873.1636
1598.6037
1372.8448
1185.9488
1030.3719
900.23017
790.78816
698.15662
619.26022
551.71251
493.61768
443.45745
400.01059
362.28917
329.49014
300.95604
276.13924
254.53669
235.69964
219.25401
204.86233
192.19341
180.89343
170.55533
160.6955
150.74624
140.06687
128.37241
115.51602
99.933472
78.498223
50.031428
24.154488
12.191142
7.6830074
5.9620872
5.1013985
4.4810601
3.9654248
3.5211987
3.1356922
2.8005212
2.508713
2.2542465
2.03194
1.8373005
1.6664735
1.5162087
1.3837314
1.2666494
1.1628853
1.0706377
0.98837911
0.91487854
0.84922384
0.79081951
0.73932949
0.69457152
0.65636721
0.62439601
0.59812705
0.57685248
0.55978824
0.54617335
0.53533752
0.52671897
0.51986721
0.5144326
0.51014277
0.50677541
0.50414654
0.50209497
0.50049062
0.49922977
0.498237
0.49746159
0.4968694
0.49643564
0.49613973
0.49596556
0.49590064
0.49593593
0.49606544
0.49628643
0.49659907
0.49700657
0.49751532
0.49813509
0.49887938
0.49976588
0.50081713
0.50206155
0.50353464
0.50528086
0.50735607
0.50983091
0.51279597
0.51636903
0.52070597
0.5260185
0.53260372
0.54089651
0.55157069
0.56575764
0.58559272
0.61588933
2696336.8
440279.7
137549.01
59610.722
31163.787
18424.554
11938.25
8332.5853
6179.1659
4797.6242
3845.3209
3148.1217
2616.1022
2198.3021
1863.01
1590.0134
1365.6108
1179.8844
1025.3367
896.11922
787.40932
695.32991
616.89012
549.722
491.94172
442.04227
398.81112
361.26732
328.61374
300.19745
275.47817
253.96213
235.19839
218.81004
204.464
191.83243
180.56256
170.24824
160.40732
150.47467
139.81335
128.13638
115.29166
99.721143
78.325941
49.953169
24.146315
12.182233
7.671626
5.9512162
5.091441
4.4722428
3.9577142
3.5144847
3.1298519
2.7954396
2.5042876
2.2503995
2.0285924
1.8343638
1.6638849
1.5139212
1.3817036
1.2648454
1.1612741
1.069193
0.98707981
0.91370926
0.84817483
0.78988569
0.73851016
0.69386396
0.65576508
0.6238903
0.59770606
0.57650349
0.55949904
0.54593273
0.53513577
0.52654812
0.51972067
0.51430474
0.51002881
0.50667102
0.50404776
0.50199835
0.5003932
0.49912894
0.49813052
0.49734756
0.49674611
0.49630146
0.49599313
0.49580506
0.49572478
0.49574319
0.49585432
0.49605529
0.49634616
0.49672998
0.49721295
0.49780463
0.49851828
0.49937131
0.50038592
0.50159019
0.50301923
0.504717
0.50673885
0.50915482
0.5120548
0.51555576
0.51981269
0.52503632
0.53152287
0.53970681
0.55026338
0.56433199
0.58408243
0.6144946
2685482.8
438498.9
136986.4
59362.878
31031.137
18343.912
11884.401
8293.5098
6148.5002
4772.038
3823.2976
3129.0561
2599.6565
2184.2744
1851.2227
1580.1992
1357.4928
1173.2353
1020.0042
891.83254
783.89627
692.43819
614.50251
547.74467
490.29852
440.67171
397.66378
360.30241
327.79648
299.4989
274.87764
253.44415
234.74772
218.41285
204.10952
191.51224
180.26961
169.97607
160.1502
150.22864
139.57823
127.91157
115.06946
99.495167
78.117977
49.829463
24.112312
12.164964
7.6586208
5.9404695
5.0819586
4.4639262
3.9504668
3.508189
3.1243876
2.7906963
2.5001688
2.246835
2.0254943
1.8316473
1.6614967
1.511816
1.3798419
1.263193
1.1598015
1.0678752
0.98589696
0.91264665
0.84722312
0.7890398
0.73776828
0.69322396
0.65522169
0.62343419
0.59732674
0.57618927
0.55923815
0.54571507
0.53495282
0.52639263
0.51958665
0.51418707
0.50992312
0.50657336
0.50395459
0.50190636
0.50029976
0.49903156
0.49802714
0.49723633
0.49662538
0.49616966
0.49584876
0.49564666
0.49555091
0.49555235
0.49564499
0.49582582
0.49609479
0.49645479
0.49691183
0.49747525
0.49815805
0.49897736
0.49995506
0.50111886
0.50250345
0.50415232
0.50612025
0.50847667
0.51131071
0.5147385
0.51891402
0.52404692
0.53043228
0.53850376
0.54893729
0.56287883
0.58252954
0.61303401
2675435.6
436837.86
136450.58
59114.924
30888.931
18250.37
11816.954
8241.4651
6106.0663
4736.3865
3793.3647
3104.2204
2579.1387
2167.4676
1837.6259
1569.2659
1348.7664
1166.4117
1014.6697
887.57313
780.46711
689.66221
612.24301
545.89577
488.77707
439.41221
396.61424
359.42236
327.05326
298.86617
274.3362
252.97805
234.34256
218.05702
203.79315
191.22717
180.00839
169.73199
159.91721
150.00175
139.35615
127.69404
114.8462
99.252902
77.871765
49.658603
24.051825
12.139102
7.6438646
5.9297786
5.0729071
4.4560738
3.9436521
3.5022854
3.1192774
2.786273
2.4963457
2.2435369
2.0226294
1.8291425
1.6593018
1.5098873
1.3781416
1.2616882
1.158464
1.0666815
0.98482814
0.91168878
0.84636706
0.78828042
0.73710339
0.69265186
0.65473705
0.62302817
0.59698877
0.57590866
0.55900477
0.54552005
0.53478848
0.52625242
0.51946516
0.51407968
0.5098258
0.50648257
0.50386705
0.50181916
0.50021039
0.49893776
0.49792696
0.49712799
0.4965073
0.49604033
0.49570671
0.49549045
0.49537911
0.49536346
0.4954375
0.49559808
0.49584503
0.49618107
0.49661202
0.497147
0.49779875
0.49858411
0.49952464
0.50064765
0.50198741
0.50358692
0.5055004
0.50779659
0.51056385
0.51391741
0.51801016
0.52305049
0.52933217
0.53728761
0.54759266
0.56139821
0.58093328
0.61150343
2666162.8
435262.95
135907.89
58837.992
30711.422
18122.376
11720.055
8167.0837
6048.5239
4691.3203
3757.8171
3076.45
2557.5534
2150.7809
1824.8498
1559.4469
1341.215
1160.5838
1010.1077
883.95545
777.56289
687.31078
610.32359
544.31759
487.47106
438.32409
395.70142
358.65079
326.39615
298.30428
273.85144
252.556
233.97439
217.734
203.50671
190.96986
179.7732
169.51156
159.70427
149.78956
139.14303
127.47968
114.61768
98.98976
77.583469
49.439037
23.964413
12.104381
7.6272825
5.9190948
5.0642413
4.448649
3.9372402
3.4967498
3.1145015
2.7821537
2.4928042
2.2404914
2.0199886
1.8268437
1.6572974
1.5081346
1.3766033
1.2603327
1.1572641
1.0656147
0.98387641
0.91083876
0.84560983
0.78761063
0.73651729
0.69214723
0.65430936
0.62267003
0.59669053
0.5756609
0.55879841
0.54534718
0.53464231
0.52612714
0.5193559
0.51398228
0.50973668
0.50639853
0.50378508
0.50173666
0.50012505
0.49884751
0.49782994
0.49702254
0.49639188
0.49591347
0.49556698
0.49533644
0.49520939
0.49517656
0.49523188
0.49537211
0.49559691
0.49590886
0.49631358
0.49681995
0.49744046
0.49819164
0.49909472
0.50017663
0.5014712
0.50302092
0.50487941
0.50711471
0.50981438
0.51309266
0.51710129
0.52204728
0.52822278
0.53605862
0.54622973
0.55989022
0.57929294
0.60989838
2656530
430271.08
132861.67
56948.002
29605.853
17525.947
11421.897
8023.5613
5977.0501
4651.5948
3732.6364
3058.8395
2544.5462
2140.8615
1817.2262
1553.5828
1336.6556
1156.9699
1007.2019
881.59417
775.62308
685.69952
608.97547
543.18169
486.50672
437.50146
394.99548
358.04155
325.86853
297.84577
273.45046
252.20365
233.66501
217.46151
203.26471
190.75224
179.5736
169.32309
159.51964
149.60184
138.94977
127.27944
114.39608
98.719649
77.266219
49.179716
23.854334
12.06267
7.6094169
5.9086814
5.0561398
4.4417978
3.9313551
3.4916882
3.1101501
2.7784157
2.4896059
2.2377471
2.0176135
1.8247825
1.6555039
1.5065697
1.3752331
1.259128
1.1562004
1.0646714
0.98303699
0.91009085
0.84494502
0.78702378
0.73600513
0.69170679
0.65393693
0.62235875
0.59643158
0.57544567
0.55861888
0.54519641
0.53451432
0.5260168
0.51925896
0.51389502
0.50965592
0.50632139
0.50370892
0.5016591
0.50004401
0.49876107
0.49773637
0.49692026
0.49627941
0.49578939
0.49542989
0.49518494
0.49504206
0.49499196
0.49502846
0.49514822
0.49535076
0.49563849
0.49601683
0.49649443
0.49708351
0.4978003
0.49866568
0.4997062
0.50095522
0.50245471
0.50425768
0.50643146
0.50906274
0.51226473
0.51618791
0.52103778
0.52710469
0.5348174
0.54484914
0.55835541
0.57760829
0.60821438
129297.43
82558.974
51279.459
32880.174
21774.37
14896.807
10547.243
7740.1625
5886.0318
4620.6356
3719.747
3051.6118
2539.4866
2136.9507
1814.2151
1551.2484
1334.8415
1155.5256
1006.0186
880.61383
774.79605
684.98844
608.36402
542.65244
486.04379
437.09651
394.63936
357.72566
325.5887
297.59644
273.22601
252.00081
233.48257
217.29722
203.11568
190.61556
179.44618
169.20149
159.4001
149.48082
138.82585
127.15232
114.25853
98.557789
77.083171
49.035413
23.795019
12.03972
7.5988341
5.9020397
5.0507919
4.4372147
3.9273921
3.4882646
3.1071974
2.7758753
2.4874335
2.2358803
2.0159939
1.8233764
1.6542794
1.5054996
1.3742947
1.2583015
1.1554689
1.064021
0.98245671
0.90957235
0.8444826
0.78661404
0.73564606
0.6913965
0.65367294
0.62213689
0.59624626
0.57529065
0.55848872
0.54508637
0.53442024
0.52593506
0.5191865
0.51382917
0.50959437
0.50626206
0.50364986
0.50159857
0.49998046
0.49869307
0.4976626
0.4968395
0.49619055
0.49569131
0.49532152
0.4950652
0.49490984
0.49484613
0.4948678
0.49497144
0.49515645
0.49542511
0.49578268
0.49623761
0.49680193
0.49749164
0.49832732
0.49933521
0.50054834
0.50200824
0.50376744
0.50589268
0.50846998
0.51161172
0.51546736
0.52024117
0.52622198
0.53383681
0.54375723
0.55713918
0.5762684
0.60686565
26544.086
25119.266
21952.935
18300.862
14817.806
11768.751
9238.2433
7238.4974
5711.3459
4563.1253
3700.0317
3043.1394
2534.5492
2133.4293
1811.4477
1549.0628
1333.1546
1154.204
1004.9697
879.75119
774.0722
684.37493
607.83376
542.19387
485.64644
436.74681
394.33022
357.45352
325.34577
297.37906
273.0302
251.82262
233.32161
217.15166
202.98298
190.4932
179.33186
169.09225
159.29282
149.37273
138.71577
127.04013
114.13875
98.419795
76.930776
48.91829
23.748107
12.021384
7.5899385
5.8962121
5.0460168
4.4331015
3.9238286
3.4851841
3.1045403
2.7735931
2.4854848
2.2342035
2.0145395
1.8221126
1.6531776
1.5045363
1.3734487
1.2575553
1.1548076
1.0634321
0.98193033
0.90910114
0.84406159
0.78624022
0.73531771
0.69111206
0.65343005
0.62193222
0.59607479
0.57514658
0.55836716
0.54498307
0.53433144
0.52585745
0.51911723
0.51376578
0.50953468
0.50620411
0.50359182
0.50153879
0.49991747
0.49862547
0.49758913
0.49675899
0.49610188
0.49559341
0.49521332
0.49494563
0.49477781
0.49470049
0.49470735
0.49479489
0.49496239
0.49521201
0.49554883
0.49598114
0.49652074
0.4971834
0.49798945
0.49896479
0.50014211
0.50156253
0.50327809
0.50535497
0.50787851
0.51096026
0.5147487
0.51944686
0.52534211
0.53285974
0.54266978
0.55592881
0.57493738
0.60554091
10989.984
11558.353
11521.127
11087.819
10243.331
9124.6264
7867.4874
6605.8578
5451.9514
4468.6282
3667.7055
3031.3814
2529.1204
2130.0585
1808.9233
1547.1472
1331.6366
1153.0328
1004.0424
879.01305
773.45329
683.85559
607.39025
541.80805
485.30965
436.45135
394.06956
357.22149
325.13923
297.19387
272.86022
251.66669
233.18012
217.0228
202.86481
190.38379
179.22909
168.99387
159.19638
149.27627
138.6181
126.94152
114.0354
98.304429
76.80818
48.827749
23.713449
12.007547
7.5826884
5.891161
5.0417828
4.4294266
3.9206369
3.4824218
3.1021565
2.771549
2.4837406
2.2327018
2.0132363
1.8209785
1.6521883
1.50367
1.3726872
1.2568827
1.1542101
1.0628992
0.98145294
0.90867274
0.84367795
0.7858987
0.73501687
0.69085067
0.65320606
0.62174276
0.59591542
0.57501223
0.55825326
0.54488579
0.53424738
0.52578355
0.51905086
0.5137046
0.50947667
0.50614741
0.50353468
0.50147966
0.49985492
0.49855817
0.49751586
0.49667858
0.49601326
0.49549552
0.49510511
0.49482603
0.49464573
0.49455481
0.49454687
0.49461832
0.49476834
0.49499893
0.49531503
0.49572475
0.49623967
0.49687534
0.4976518
0.49859467
0.49973626
0.50111731
0.50278937
0.50481806
0.50728804
0.51031007
0.51403162
0.51865455
0.52446476
0.53188589
0.54158644
0.55472395
0.57361498
0.60423944
6418.0093
6922.6301
7307.5057
7514.125
7470.3076
7184.9405
6656.3358
5942.5598
5134.8538
4335.7018
3618.3831
3013.9263
2522.3411
2126.6764
1806.6579
1545.461
1330.3557
1152.0084
1003.2512
878.38999
772.95473
683.43823
607.03465
541.49642
485.03842
436.21411
393.85874
357.03404
324.97142
297.03921
272.71733
251.53479
233.05823
216.91112
202.76163
190.28729
179.13806
168.90651
159.11107
149.19147
138.5332
126.85678
113.94881
98.211927
76.715752
48.76414
23.691151
11.998289
7.5770978
5.8868957
5.0380911
4.4261916
3.9178177
3.4799775
3.1000465
2.7697445
2.4822043
2.2313751
2.0120829
1.8199745
1.6513115
1.5029014
1.3720106
1.2562836
1.1536772
1.0624222
0.98102465
0.90828753
0.84333179
0.7855896
0.73474367
0.69061238
0.65300108
0.62156846
0.59576816
0.57488759
0.55814702
0.54479456
0.53416806
0.52571336
0.51898736
0.51364562
0.5094203
0.50609191
0.50347841
0.50142113
0.49979278
0.49849115
0.49744274
0.49659826
0.49592468
0.49539763
0.49499686
0.49470639
0.49451362
0.49440911
0.49438637
0.49444175
0.49457429
0.49478588
0.49508129
0.49546844
0.49595872
0.49656744
0.49731438
0.49822484
0.49933081
0.5006726
0.50230129
0.50428196
0.50669859
0.50966115
0.51331615
0.51786426
0.52358994
0.53091524
0.54050723
0.55352459
0.57230128
0.60296079
4487.5907
4873.291
5239.7183
5546.1651
5741.5293
5776.8595
5619.3398
5263.913
4749.2836
4147.9971
3540.231
2985.2416
2511.8883
2122.3473
1804.5079
1544.0668
1329.2949
1151.2069
1002.6234
877.87926
772.55834
683.12351
606.76997
541.27315
484.84294
436.03897
393.70203
356.89366
324.84134
296.91844
272.60331
251.4269
232.95756
216.81728
202.67351
190.20434
179.05886
168.83038
159.03682
149.11859
138.46119
126.78601
113.87911
98.142839
76.653754
48.727921
23.681387
11.993641
7.5731905
5.8834206
5.0349448
4.4233994
3.9153741
3.4778549
3.0982131
2.7681849
2.4808749
2.2302233
2.0110812
1.819101
1.6505482
1.5022312
1.371419
1.2557588
1.1532085
1.0620019
0.9806459
0.90794535
0.84302334
0.785313
0.73449813
0.69039727
0.65281509
0.62140933
0.59563302
0.57477266
0.55804843
0.54470934
0.53409345
0.52564684
0.51892669
0.51358879
0.50936554
0.50603758
0.50342297
0.50136318
0.49973103
0.49842436
0.49736977
0.49651801
0.49583611
0.49529972
0.49488859
0.49458671
0.49438147
0.49426336
0.49422584
0.49426516
0.49438025
0.49457286
0.4948476
0.49521222
0.49567791
0.49625972
0.49697719
0.49785533
0.49892575
0.50022839
0.50181386
0.50374666
0.50611015
0.50901351
0.51260228
0.51707597
0.52271766
0.5299478
0.53943213
0.55233074
0.57099632
0.60170452
3463.9777
3765.38
4074.2207
4365.7347
4613.26
4774.6024
4792.664
4642.0077
4326.6714
3890.6243
3400.7586
2919.4827
2485.3484
2112.6364
1800.9301
1542.5579
1328.3931
1150.4758
1002.0902
877.53555
772.32977
682.92977
606.60395
541.13262
484.72171
435.93307
393.60702
356.805
324.75707
296.83719
272.5236
251.34717
232.87899
216.74232
202.60181
190.13521
178.99204
168.76549
158.9739
149.05772
138.40234
126.7295
113.82681
98.097417
76.622774
48.718697
23.684134
11.993545
7.5709875
5.8807448
5.0323494
4.4210541
3.9133084
3.4760572
3.0966652
2.7668694
2.479753
2.2292477
2.0102316
1.8183597
1.6498985
1.5016597
1.3709132
1.2553083
1.1528049
1.061638
0.98031652
0.90764663
0.84275259
0.78506898
0.7342803
0.6902053
0.65264808
0.62126544
0.59550994
0.57466735
0.55795747
0.54463011
0.53402354
0.52558399
0.51886885
0.51353411
0.50931238
0.50598442
0.50336837
0.50130581
0.49966967
0.49835783
0.49729695
0.49643783
0.49574756
0.4952018
0.49478028
0.49446699
0.49424927
0.49411758
0.49406529
0.49408857
0.49418623
0.49435987
0.49461398
0.4949561
0.49539723
0.49595219
0.49664026
0.49748613
0.4985211
0.4997847
0.50132708
0.5032122
0.50552275
0.50836716
0.51189002
0.5162897
0.5218479
0.52898354
0.53836112
0.55114237
0.56970018
0.6004702
2838.1985
3088.3527
3354.8431
3622.507
3870.57
4065.5234
4163.0532
4124.6392
3937.7832
3623.5989
3232.0153
2819.9061
2430.3025
2084.5921
1787.819
1537.03
1326.1387
1149.4659
1001.8102
877.65285
772.364
682.8942
606.5526
541.08023
484.67636
435.89027
393.56655
356.76488
324.71506
296.79234
272.47482
251.29554
232.82659
216.68988
202.54945
190.08274
178.93903
168.71241
158.92258
149.00921
138.35688
126.6876
113.79197
98.075857
76.621763
48.737538
23.700107
11.998275
7.5704864
5.8788798
5.0303092
4.4191581
3.9116294
3.4745945
3.0953998
2.7657986
2.4788387
2.2284505
2.0095352
1.8177504
1.6493632
1.5011868
1.3704932
1.2549322
1.1524657
1.0613301
0.98003571
0.90738999
0.84251829
0.78485619
0.73408892
0.69003529
0.65249906
0.62113602
0.59539832
0.57457118
0.55787391
0.54455681
0.53395833
0.52552479
0.51881384
0.51348158
0.50926083
0.50593244
0.50331461
0.50124903
0.49960871
0.49829155
0.49722427
0.49635772
0.49565903
0.49510387
0.49467194
0.49434723
0.49411704
0.49397177
0.49390472
0.49391198
0.49399222
0.49414693
0.49438042
0.49470008
0.49511669
0.49564486
0.49630358
0.49711727
0.49811688
0.49934154
0.50084096
0.50267856
0.50493639
0.50772211
0.51117938
0.51550545
0.52098068
0.52802248
0.5372942
0.54995947
0.56841287
0.59925741
2423.2858
2639.8895
2875.4548
3119.4454
3354.6226
3554.3716
3683.4715
3705.1158
3599.765
3373.8282
3061.453
2710.3814
2362.5249
2043.6732
1763.9285
1523.8604
1319.8474
1147.4446
1001.9316
878.21975
772.80177
683.11968
606.65844
541.13764
484.71318
435.91787
393.58494
356.7725
324.71445
296.78381
272.45782
251.27159
232.7979
216.65763
202.51418
190.04492
178.8994
168.67261
158.88408
148.97425
138.32652
126.66127
113.77485
98.077332
76.653048
48.785307
23.729601
12.007974
7.5717454
5.8778377
5.0288295
4.4177279
3.9103398
3.4734602
3.0944185
2.7649727
2.4781339
2.227829
2.0089892
1.8172693
1.6489376
1.5008081
1.3701535
1.2546257
1.1521874
1.0610758
0.97980215
0.90717487
0.84232031
0.78467489
0.73392437
0.68988778
0.65236846
0.62102144
0.5952983
0.57448407
0.55779751
0.54448904
0.53389747
0.52546912
0.51876164
0.5134312
0.50921087
0.50588162
0.50326168
0.50119282
0.49954814
0.49822553
0.49715175
0.49627769
0.49557054
0.49500593
0.49456358
0.49422744
0.49398477
0.49382592
0.49374413
0.49373539
0.49379823
0.49393403
0.49414694
0.49444418
0.49483631
0.49533772
0.49596716
0.49674874
0.49771307
0.49889892
0.50035552
0.50214576
0.50435108
0.50707836
0.51047036
0.51472322
0.52011598
0.5270646
0.53623134
0.54878203
0.56713446
0.59806573
2132.8552
2324.617
2535.4039
2757.2732
2975.8813
3169.4498
3309.0095
3362.9344
3309.8203
3147.9189
2898.9239
2600.6232
2291.3362
1998.2876
1735.3563
1506.8645
1311.1213
1143.929
1001.0993
878.68507
773.59114
683.71168
607.00556
541.34765
484.85783
436.02613
393.67166
356.83967
324.76309
296.81592
272.47437
251.27491
232.79255
216.64586
202.49681
190.02217
178.8726
168.64406
158.85603
148.94986
138.30756
126.64892
113.77432
98.103309
76.719754
48.869815
23.774479
12.023301
7.5749708
5.877647
5.02793
4.4167505
3.9094292
3.4726439
3.093711
2.7643782
2.4776195
2.2273746
2.0085894
1.8169166
1.6486244
1.5005276
1.3699003
1.2543949
1.1519751
1.0608791
0.97961895
0.90700381
0.84216065
0.78452659
0.7337879
0.68976369
0.65225703
0.62092231
0.59521048
0.57440655
0.55772872
0.54442726
0.53384123
0.52541691
0.51871204
0.51338293
0.5091625
0.50583196
0.50320957
0.50113719
0.49948795
0.49815975
0.49707937
0.49619774
0.49548206
0.49490798
0.49445519
0.49410761
0.49385247
0.49368006
0.49358352
0.4935588
0.49360427
0.49372118
0.49391354
0.49418839
0.49455608
0.49503079
0.49563101
0.49638055
0.49730971
0.49845684
0.49987076
0.50161382
0.50376682
0.50643592
0.50976297
0.51394302
0.5192538
0.5261099
0.53517255
0.54761005
0.56586498
0.59689476
1922.7166
2093.689
2282.4722
2482.9629
2683.5462
2866.1892
3006.7215
3078.261
3059.8228
2945.231
2747.3321
2494.6271
2220.5418
1952.1141
1706.0747
1488.7772
1300.4852
1138.4846
999.01014
878.51271
774.38039
684.64136
607.69215
541.78375
485.14506
436.23781
393.83575
356.9712
324.8668
296.89446
272.53055
251.31157
232.81413
216.65559
202.49684
190.01453
178.85913
168.6269
158.83855
148.93615
138.3
126.64896
113.78929
98.149376
76.813131
48.98642
23.848757
12.05033
7.5818669
5.8787331
5.0276642
4.4162122
3.9088889
3.4721497
3.093289
2.7640302
2.4773169
2.2271026
2.0083471
1.8166996
1.6484283
1.5003486
1.3697349
1.2542403
1.1518292
1.0607404
0.97948643
0.90687697
0.84203948
0.78441149
0.73367957
0.68966307
0.65216483
0.62083866
0.595135
0.57433862
0.55766748
0.54437147
0.53378968
0.52536834
0.51866519
0.51333659
0.5091157
0.50578344
0.50315828
0.50108212
0.49942814
0.49809421
0.49700713
0.49611785
0.4953936
0.49481001
0.49434676
0.49398774
0.49372014
0.49353416
0.4934229
0.49338221
0.49341034
0.49350839
0.49368023
0.49393271
0.49427602
0.49472408
0.49529513
0.49601272
0.49690678
0.49801532
0.49938669
0.50108273
0.50318362
0.50579479
0.50905721
0.51316484
0.51839415
0.52515836
0.5341178
0.54644351
0.56460445
0.5957441
1767.986
1920.0214
2087.9784
2267.1749
2448.4782
2617.3121
2753.6968
2834.8109
2840.7779
2762.6469
2606.7182
2393.8101
2151.8257
1906.7644
1676.6568
1470.0009
1288.8436
1131.7143
995.69835
877.55374
774.79255
685.68509
608.74074
542.56564
485.67578
436.61133
394.1182
357.19405
325.04536
297.03597
272.63943
251.39271
232.8727
216.69539
202.52071
190.02488
178.85923
168.62137
158.83171
148.93329
138.30499
126.66342
113.8193
98.213149
76.931435
49.13491
23.950089
12.089394
7.5930889
5.8814046
5.0282131
4.4162976
3.9088521
3.4720753
3.0932263
2.7639854
2.4772528
2.2270229
2.0082695
1.816624
1.6483539
1.5002744
1.3696598
1.2541637
1.1517504
1.0606601
0.97940492
0.90679467
0.841957
0.78432964
0.73359952
0.68958604
0.65209189
0.62077054
0.59507188
0.57428032
0.55761377
0.54432168
0.5337428
0.5253234
0.51862114
0.51329236
0.50907035
0.50573606
0.50310779
0.50102761
0.4993687
0.4980289
0.49693503
0.49603803
0.49530516
0.49471203
0.49423831
0.49386784
0.49358776
0.49338823
0.49326227
0.49320562
0.49321642
0.49329564
0.493447
0.49367716
0.49399612
0.49441758
0.49495954
0.49564523
0.4965043
0.49757435
0.49890331
0.5005525
0.50260149
0.50515498
0.50835307
0.51238868
0.51753703
0.52420999
0.53306708
0.54528241
0.5633529
0.59461348
1653.6651
1787.4624
1935.0295
2092.8355
2253.8873
2406.7826
2535.4859
2620.8626
2644.6043
2595.8773
2475.7175
2298.1626
2085.8122
1862.843
1647.8446
1451.1911
1276.6843
1124.0988
991.28788
875.61977
774.60702
686.45281
609.87447
543.62121
486.4704
437.16974
394.52129
357.50014
325.28584
297.22634
272.78763
251.50544
232.95683
216.75707
202.56346
190.05151
178.87336
168.62758
158.83567
148.94147
138.3218
126.69074
113.86326
98.293934
77.073644
49.315039
24.078683
12.140667
7.6088616
5.8857259
5.0295302
4.4169142
3.9092492
3.4723712
3.093485
2.7642138
2.4774333
2.2271642
2.0083806
1.8167101
1.6484184
1.5003199
1.3696886
1.2541776
1.1517464
1.0606412
0.97937655
0.90675826
0.84191391
0.78428145
0.73354794
0.68953266
0.65203827
0.62071798
0.59502112
0.57423169
0.55756761
0.54427784
0.53370059
0.52528209
0.51857987
0.51325024
0.50902652
0.5056898
0.5030581
0.50097365
0.49930962
0.49796382
0.49686305
0.49595826
0.49521673
0.49461404
0.49412982
0.49374789
0.49345535
0.49324227
0.49310162
0.49302902
0.49302253
0.49308295
0.49321385
0.49342173
0.49371639
0.4941113
0.49462422
0.49527811
0.49610227
0.49713395
0.49842064
0.50002314
0.50202043
0.5045165
0.50765058
0.51161455
0.51668243
0.52326478
0.53202039
0.54412673
0.56211038
0.59350243
1568.3767
1684.6478
1812.4243
1949.1396
2089.5989
2225.1912
2343.456
2428.8461
2465.1776
2440.6388
2351.9033
2206.8104
2022.5258
1820.7724
1620.196
1432.8871
1264.4572
1116.0102
986.2219
872.83443
773.67306
686.80268
610.8639
544.78168
487.49413
437.94885
395.08585
357.91725
325.60602
297.47735
272.98528
251.65918
233.07493
216.84618
202.62841
190.09603
178.90189
168.64583
158.85062
148.96088
138.35111
126.732
113.92245
98.39339
77.241884
49.528426
24.235933
12.204929
7.62944
5.891772
5.0316366
4.418071
3.9100852
3.4730402
3.0940668
2.7647174
2.4778456
2.2275048
2.0086628
1.8169431
1.6486094
1.5004746
1.3698116
1.2542731
1.1518185
1.0606921
0.97940985
0.90677647
0.84191917
0.78427533
0.73352724
0.68950341
0.65200422
0.62068114
0.59498275
0.57419283
0.557529
0.54423992
0.53366306
0.52524439
0.51854136
0.51321019
0.50898423
0.50564455
0.5030092
0.50092022
0.4992509
0.49789897
0.4967912
0.49587855
0.4951283
0.49451601
0.49402128
0.49362789
0.49332289
0.49309628
0.49294094
0.49285243
0.49282866
0.49287031
0.49298078
0.49316642
0.49343682
0.49380525
0.4942892
0.49491135
0.4957007
0.49669412
0.49793867
0.49949465
0.50144045
0.50387935
0.50694973
0.51084245
0.51583033
0.52232271
0.5309777
0.54297648
0.56087688
0.59241055
1501.2074
1601.1868
1710.5028
1827.3201
1947.8744
2065.8686
2172.0002
2254.1427
2298.5836
2293.5279
2232.5543
2117.9177
1961.1144
1780.4075
1594.1368
1415.8611
1253.0822
1108.2946
981.10334
869.73658
772.17732
686.651
611.59899
545.90972
488.66638
438.9535
395.85797
358.48864
326.03516
297.80767
273.24225
251.85954
233.23005
216.9651
202.71706
190.1593
178.94534
168.67629
158.87665
148.99175
138.39323
126.78758
113.99733
98.512059
77.436781
49.776157
24.422911
12.282676
7.6550999
5.8996412
5.0345559
4.4197797
3.9113655
3.4740889
3.0949765
2.7654983
2.4784928
2.2280468
2.009118
1.8173249
1.6489285
1.5007396
1.37003
1.2544511
1.151962
1.0608053
0.9794973
0.906842
0.84196564
0.78430521
0.73354292
0.68950645
0.6519967
0.62066461
0.59495696
0.57416383
0.55749802
0.54420791
0.53363019
0.52521031
0.51850562
0.51317223
0.50894347
0.5056004
0.50296108
0.50086733
0.49919253
0.49783432
0.49671946
0.49579888
0.49503986
0.49441795
0.49391269
0.49350784
0.49319038
0.49295024
0.49278024
0.49267583
0.49263481
0.49265771
0.4927478
0.49291124
0.49315743
0.49349942
0.49395446
0.49454496
0.49529959
0.49625486
0.49745741
0.49896704
0.50086155
0.50324353
0.50625052
0.51007238
0.51498076
0.52138378
0.52993901
0.54183164
0.55965243
0.59133747
1443.6016
1528.8368
1621.4771
1720.2201
1822.4628
1923.7235
2017.2549
2093.9032
2142.559
2152.4147
2115.3775
2029.2745
1899.9632
1741.2081
1570.0009
1400.8897
1243.3335
1101.6433
976.4989
866.72722
770.51426
686.09958
611.99497
546.90328
489.86438
440.10478
396.82859
359.23993
326.60195
298.23729
273.57208
252.1146
233.42748
217.11655
202.83114
190.24223
179.00406
168.71923
158.91396
149.03424
138.44854
126.85791
114.08837
98.650384
77.658894
50.059209
24.640681
12.374544
7.6861808
5.9094501
5.0383177
4.4220503
3.9131001
3.4755259
3.0962186
2.7665601
2.4793789
2.2287937
2.0097489
1.8178576
1.6493772
1.5011164
1.3703448
1.2547125
1.152178
1.0609812
0.97963947
0.90695519
0.84205365
0.78437112
0.73358951
0.68953565
0.65201129
0.62066732
0.59494969
0.574149
0.55747635
0.54418187
0.53360198
0.52517982
0.51847262
0.51313633
0.50890423
0.50555733
0.50291369
0.50081495
0.49913448
0.49776987
0.49664782
0.49571924
0.49495142
0.49431984
0.49380405
0.49338773
0.49305781
0.49280415
0.49261951
0.49249922
0.49244097
0.49244516
0.49251489
0.49265617
0.4928782
0.49319381
0.49362001
0.49417894
0.49489893
0.49581617
0.49697686
0.49844031
0.50028373
0.50260904
0.50555294
0.50930433
0.51413369
0.52044799
0.5289043
0.5406922
0.55843704
0.59028282
1389.896
1461.9442
1539.8301
1622.7002
1708.7388
1794.8486
1876.221
1946.1054
1995.9106
2016.3108
1998.9243
1938.7506
1836.7457
1701.5169
1547.0869
1388.0824
1235.8205
1096.7567
973.0538
864.319
769.04105
685.48859
612.13573
547.68463
491.01649
441.323
397.94127
360.16291
327.32488
298.78811
273.99081
252.43461
233.67302
217.30439
202.97273
190.34598
179.07863
168.77477
158.96264
149.08858
138.51725
126.94334
114.19606
98.808918
77.908812
50.378572
24.890431
12.481179
7.7230715
5.9213392
5.0429543
4.4248983
3.9152964
3.4773614
3.0977991
2.7679052
2.4805079
2.2297485
2.0105581
1.8185433
1.6499576
1.5016065
1.3707574
1.2550584
1.152467
1.0612208
0.97983692
0.9071165
0.84218361
0.78447334
0.73366726
0.68959117
0.65204776
0.62068787
0.59495705
0.57414591
0.55746525
0.54416503
0.5335797
0.52515297
0.51844237
0.51310248
0.50886649
0.50551534
0.50286698
0.50076307
0.49907676
0.49770561
0.49657627
0.49563963
0.49486294
0.49422169
0.49369534
0.49326754
0.49292517
0.49265801
0.49245874
0.49232259
0.49224713
0.49223265
0.49228206
0.49240122
0.49259913
0.49288842
0.49328585
0.49381328
0.49449875
0.49537806
0.49649702
0.49791446
0.499707
0.50197588
0.50485701
0.50853831
0.51328913
0.51951532
0.52787356
0.53955815
0.5572307
0.58924626
1336.7601
1397.0962
1462.0984
1531.2412
1603.293
1676.1125
1746.3369
1809.0637
1857.8573
1885.0602
1882.8987
1845.1113
1769.1633
1658.7328
1523.5166
1376.6849
1230.7177
1094.2434
971.45557
863.11577
768.21219
685.14081
612.29585
548.31937
492.06126
442.56226
399.14508
361.22301
328.19755
299.47226
274.51428
252.83222
233.97475
217.53334
203.14426
190.4718
179.16965
168.84329
159.02286
149.15484
138.59968
127.04422
114.32085
98.988145
78.18707
50.735146
25.173516
12.603435
7.7661933
5.9354622
5.0485084
4.4283378
3.9179658
3.4796041
3.0997252
2.7695384
2.481884
2.2309149
2.0115487
1.8193846
1.6506716
1.5022116
1.3712692
1.2554899
1.1528301
1.0615246
0.9800903
0.90732647
0.84235587
0.78461221
0.73377642
0.68967326
0.65210628
0.6207264
0.59497883
0.57415434
0.5574634
0.54415512
0.53356386
0.52513197
0.51841528
0.51307069
0.50883025
0.50547441
0.502821
0.50071167
0.49901934
0.49764152
0.4965048
0.49556002
0.49477444
0.49412346
0.49358654
0.49314727
0.49279245
0.4925118
0.49229792
0.49214593
0.4920533
0.49202016
0.4920493
0.49214638
0.49232022
0.49258325
0.49295197
0.49344799
0.49409902
0.49494052
0.4960179
0.49738949
0.49913135
0.50134406
0.50416272
0.50777431
0.51244707
0.51858576
0.52684678
0.5384295
0.55603343
0.58822743
1282.3126
1332.3487
1386.171
1443.4919
1503.5545
1564.917
1625.2502
1681.0331
1727.4609
1758.5584
1767.5876
1748.1482
1695.8104
1610.2731
1496.6059
1364.9449
1227.3906
1094.3754
972.32596
863.77122
768.58657
685.45518
612.75021
549.01791
493.04181
443.78465
400.42329
362.39653
329.20135
300.28772
275.15125
253.31793
234.34154
217.8091
203.34943
190.6217
179.27803
168.92507
159.09464
149.23304
138.69592
127.16079
114.46321
99.188689
78.494236
51.130014
25.491351
12.742234
7.8159814
5.9519791
5.0550259
4.4323877
3.921118
3.4822635
3.1020041
2.7714662
2.4835128
2.2322975
2.0127242
1.8203845
1.6515217
1.5029338
1.3718816
1.2560085
1.1532684
1.0618937
0.98040027
0.90758572
0.84257092
0.78478806
0.73391725
0.6897821
0.65218702
0.62078302
0.5950151
0.57417421
0.55747058
0.54415236
0.53355336
0.5251151
0.51839259
0.51304199
0.5087955
0.50543452
0.50277574
0.50066075
0.4989622
0.49757758
0.49643338
0.49548041
0.49468587
0.49402516
0.49347766
0.4930269
0.49265964
0.49236551
0.49213704
0.49196924
0.49185946
0.4918077
0.4918166
0.49189164
0.49204147
0.49227829
0.49261838
0.49308305
0.49369975
0.49450356
0.49553949
0.4968654
0.49855679
0.50071358
0.50347007
0.50701232
0.5116075
0.5176593
0.52582395
0.53730623
0.55484523
0.587226
1225.9037
1266.9052
1311.0197
1358.1732
1407.9536
1459.4455
1511.0613
1560.3232
1603.6984
1636.5959
1653.492
1648.4945
1616.4247
1554.4471
1463.6305
1350.196
1224.198
1096.5694
975.8678
866.7997
770.70705
686.88322
613.84835
550.03869
494.11803
445.00999
401.76578
363.6861
330.32953
301.2279
275.9029
253.89947
234.78163
218.13766
203.59182
190.79741
179.40469
169.02055
159.17821
149.32324
138.80606
127.29328
114.62371
99.411253
78.830933
51.564196
25.845416
12.898682
7.8729368
5.9710659
5.0625626
4.4370682
3.9247677
3.4853493
3.1046441
2.7736956
2.4853999
2.2339008
2.0140885
1.8215463
1.6525107
1.5037751
1.3725968
1.2566154
1.1537832
1.062329
0.98076773
0.90789492
0.84282928
0.78500137
0.7340901
0.68991799
0.65229021
0.62085789
0.59506599
0.57420561
0.55748677
0.5441567
0.53354826
0.52510234
0.51837305
0.51301608
0.50876351
0.50539569
0.50273118
0.50061023
0.49890534
0.49751378
0.49636201
0.49540077
0.49459724
0.49392676
0.49336866
0.49290642
0.49252673
0.49221913
0.49197609
0.4917925
0.4916656
0.49159525
0.49158395
0.491637
0.49176287
0.49197353
0.49228505
0.49271848
0.49330093
0.49406717
0.49506179
0.49634218
0.49798331
0.50008442
0.50277906
0.50625235
0.51077041
0.51673595
0.52480504
0.53618832
0.55366609
0.58624162
1168.16
1201.2948
1237.0022
1275.3565
1316.2053
1359.0422
1402.8473
1445.9396
1485.7949
1518.9495
1541.0002
1546.8702
1531.4105
1490.4895
1422.4323
1329.5083
1218.6016
1099.4769
981.84697
872.61944
775.18113
690.00776
616.03359
551.70779
495.55844
446.36416
403.17205
365.11058
331.60628
302.30137
276.7722
254.58047
235.30016
218.52453
203.87556
191.00205
179.55114
169.13003
159.27311
149.42478
138.92959
127.44151
114.80269
99.656492
79.197607
52.038718
26.237364
13.074055
7.9375669
5.9929099
5.0711822
4.4424038
3.92893
3.4888721
3.1076537
2.7762349
2.4875517
2.2357303
2.0156463
1.8228736
1.6536416
1.5047384
1.3734165
1.2573126
1.1543758
1.0628317
0.98119354
0.9082547
0.84313155
0.78525256
0.73429529
0.69008119
0.65241606
0.62095119
0.5951316
0.57424861
0.55751202
0.54416808
0.53354874
0.52509371
0.51835665
0.51299251
0.50873323
0.50535897
0.50268747
0.50056012
0.49884873
0.4974501
0.49629067
0.49532109
0.49450852
0.49382825
0.49325954
0.49278582
0.4923937
0.49207264
0.49181505
0.4916157
0.4914717
0.4913828
0.49135133
0.49138244
0.4914844
0.49166897
0.491952
0.49235425
0.49290256
0.49363134
0.49458479
0.49581985
0.4974109
0.49945659
0.50208967
0.50549439
0.50993581
0.51581567
0.52379005
0.53507578
0.552496
0.58527399
1110.7671
1137.1551
1165.6332
1196.3722
1229.4049
1264.5186
1301.1403
1338.2101
1374.019
1406.0605
1430.9416
1444.4674
1441.9613
1418.9076
1372.0357
1300.5414
1207.7478
1100.8569
989.20064
881.25304
782.58172
695.51214
619.90582
554.47333
497.67283
448.12998
404.74746
366.65429
333.07137
303.54335
277.77758
255.37122
235.9052
218.97613
204.20512
191.23774
179.71852
169.25363
159.3788
149.5368
139.06563
127.60495
115.0002
99.925019
79.594767
52.554641
26.668973
13.269792
8.0104655
6.0177245
5.0809607
4.4484209
3.9336233
3.4928445
3.1110427
2.7790922
2.4899755
2.2377921
2.0174026
1.8243707
1.6549179
1.5058262
1.3743435
1.258102
1.1550477
1.0634031
0.98167881
0.90866601
0.84347843
0.78554221
0.73453334
0.69027201
0.65256484
0.62106312
0.59521208
0.57430332
0.55754639
0.54418652
0.53355464
0.52508918
0.51834338
0.51297127
0.50870464
0.50532345
0.50264519
0.50051062
0.49879235
0.49738652
0.49621932
0.49524134
0.4944197
0.4937296
0.49315027
0.49266507
0.49226053
0.49192603
0.4916539
0.49143881
0.49127776
0.49117033
0.49111874
0.49112796
0.49120605
0.4913646
0.4916192
0.49199037
0.49250463
0.49319608
0.4941085
0.49529838
0.49683957
0.49883008
0.50140191
0.50473842
0.50910367
0.51489846
0.52277895
0.53396859
0.55133493
0.58432276
1056.0904
1076.8053
1099.1484
1123.3299
1149.4818
1177.6096
1207.4855
1238.5325
1269.6986
1299.2841
1324.8212
1343.0244
1349.9123
1341.1557
1312.7719
1262.1
1189.2283
1098.121
996.11587
892.03172
793.24097
704.15914
626.25201
558.97589
500.93062
450.62362
406.78112
368.42057
334.71077
305.00245
278.96244
256.29672
236.61059
219.50037
204.5854
191.50676
179.90665
169.39058
159.4941
149.65787
139.21298
127.78435
115.21684
100.21613
80.022638
53.112894
27.14214
13.487486
8.0922906
6.0457496
5.0919811
4.4551525
3.9388727
3.4972807
3.1148184
2.7822778
2.4926795
2.2400931
2.0193632
1.8260423
1.6563435
1.507042
1.3753802
1.2589855
1.1558008
1.0640445
0.98222463
0.90912975
0.84387069
0.78587085
0.7348047
0.69049088
0.65273681
0.62119386
0.5953076
0.57436984
0.55758996
0.54421208
0.53356599
0.52508894
0.51833321
0.51295234
0.50867773
0.5052891
0.50260369
0.50046209
0.49873634
0.49732301
0.49614796
0.49516151
0.49433074
0.4936308
0.49304084
0.49254415
0.49212719
0.49177927
0.49149264
0.49126183
0.49108375
0.49095784
0.49088616
0.49087353
0.49092782
0.4910604
0.49128665
0.49162682
0.49210714
0.49276136
0.4936329
0.49477778
0.49626932
0.49820488
0.50071577
0.50398445
0.50827399
0.51398431
0.52177175
0.53286675
0.5501829
0.58338765
1006.7622
1022.8343
1040.0559
1058.6462
1078.8078
1100.6719
1124.2409
1149.2979
1175.2827
1201.1914
1225.3707
1245.4106
1258.1359
1259.9439
1246.5051
1214.454
1161.605
1088.7878
1000.3544
903.74043
807.01785
716.6374
636.06382
566.12734
506.03487
454.33639
409.60155
370.66316
336.61664
306.6947
280.37946
257.3972
237.43718
220.10718
205.02006
191.81036
180.11539
169.53902
159.61648
149.78541
139.36925
127.97983
115.45332
100.5289
80.481251
53.714258
27.658816
13.728849
8.1838127
6.0772683
5.1043454
4.4626351
3.9447071
3.5021981
3.1189897
2.785803
2.4956732
2.2426411
2.0215345
1.8278939
1.6579229
1.5083893
1.3765295
1.2599659
1.1566371
1.0647577
0.98283242
0.90964706
0.84430913
0.7862392
0.7351099
0.69073828
0.65293233
0.62134367
0.59541833
0.5744483
0.55764282
0.54424479
0.53358283
0.52509285
0.51832616
0.51293572
0.50865247
0.5052559
0.50256296
0.50041403
0.49868099
0.49725967
0.49607655
0.49508157
0.49424163
0.49353182
0.49293121
0.49242303
0.49199367
0.49163234
0.49133122
0.49108474
0.49088965
0.4907453
0.49065358
0.49061914
0.49064968
0.49075637
0.49095433
0.49126358
0.49171006
0.49232718
0.49315797
0.49425803
0.49570011
0.497581
0.50003124
0.50323245
0.50744676
0.5130732
0.52076841
0.53177023
0.54903991
0.58246834
965.00332
977.30428
990.282
1004.145
1019.1105
1035.3807
1053.0947
1072.2738
1092.7334
1113.9772
1135.0642
1154.4339
1169.8131
1178.2111
1176.0416
1159.4585
1125.2242
1071.6146
999.89893
914.73188
823.4006
733.41121
650.41816
577.16095
514.0135
460.02129
413.72067
373.74608
339.00354
308.65674
282.0352
258.71167
238.4154
220.81226
205.51572
192.14995
180.34379
169.697
159.74293
149.91541
139.53123
128.19004
115.70972
100.86285
80.970517
54.359464
28.220903
13.99581
8.2858899
6.1126077
5.1181729
4.4709141
3.9511511
3.5076176
3.1235722
2.7896804
2.4989675
2.2454453
2.0239242
1.8299316
1.6596612
1.5098724
1.377795
1.2610459
1.1575589
1.0655445
0.98350361
0.91021911
0.84479481
0.78664805
0.73544956
0.69101469
0.65315177
0.62151286
0.59554449
0.57453887
0.55770506
0.54428473
0.53360519
0.52510092
0.51832222
0.51292139
0.50862884
0.50522383
0.50252296
0.5003664
0.49862581
0.49719676
0.49600511
0.49500148
0.49415233
0.49343262
0.49282136
0.4923017
0.49185995
0.49148522
0.49116964
0.4909075
0.49069544
0.49053268
0.49042096
0.49036477
0.49037162
0.49045247
0.49062223
0.49090065
0.49131339
0.49189352
0.49268372
0.49373911
0.49513196
0.49695841
0.49934831
0.50248244
0.50662196
0.51216512
0.51976893
0.53067904
0.54790594
0.58156452
933.1246
942.39879
951.9008
961.81011
972.32503
983.6468
995.97669
1009.4813
1024.232
1040.1197
1056.7532
1073.3024
1088.3462
1099.7595
1104.6758
1099.6321
1081.0318
1045.7034
992.32465
922.39304
840.76102
754.34122
670.1995
593.41848
526.24392
468.75352
419.87027
378.12489
342.19992
311.05187
283.89843
260.20238
239.55695
221.6262
206.07452
192.52267
180.58617
169.85734
159.86647
150.04195
139.69431
128.41362
115.98612
101.21744
81.489913
55.048926
28.830456
14.290424
8.3995359
6.1521489
5.1335991
4.4800412
3.9582343
3.5135605
3.1285837
2.7939242
2.5025743
2.2485155
2.0265403
1.8321624
1.6615641
1.511496
1.3791806
1.2622286
1.1585687
1.066407
0.98423998
0.91084723
0.84532872
0.78709831
0.73582437
0.69132067
0.6533956
0.62170173
0.59568631
0.5746417
0.5577768
0.54433197
0.5336331
0.52511316
0.51832147
0.51290934
0.50860683
0.50519286
0.50248367
0.50031919
0.49857081
0.49713389
0.49593393
0.49492123
0.49406282
0.49333319
0.49271126
0.49218011
0.49172598
0.49133788
0.49100786
0.49073009
0.4905011
0.49031997
0.4901883
0.4901104
0.49009362
0.4901487
0.49029033
0.490538
0.4909171
0.49146038
0.49221012
0.49322103
0.49456484
0.49633711
0.49866696
0.50173437
0.50579958
0.51126005
0.51877328
0.52959317
0.54678093
0.5806759
911.69916
918.57038
925.28547
931.97541
938.7913
945.90905
953.52536
961.84559
971.05889
981.29153
992.52677
1004.5141
1016.5957
1027.5369
1035.3994
1037.4888
1030.5091
1010.9708
975.74622
923.56054
855.87793
777.50177
695.17964
615.72113
543.91631
481.72076
428.94581
384.36301
346.51878
314.10396
286.11258
261.83476
240.75911
222.48897
206.66802
192.91191
180.82946
170.01006
159.97841
150.15612
139.85638
128.64952
116.27763
101.59122
82.038547
55.782786
29.489549
14.614943
8.5258796
6.1963428
5.1507853
4.4900819
3.9659889
3.5200493
3.134044
2.7985506
2.5065076
2.2518635
2.0293925
1.8345941
1.663638
1.5132654
1.3806907
1.2635175
1.1596695
1.0673476
0.98504336
0.91153304
0.84591213
0.78759099
0.73623518
0.69165685
0.65366427
0.62191067
0.59584407
0.57475698
0.55785817
0.54438659
0.53366661
0.52512959
0.51832385
0.51289956
0.50858642
0.50516296
0.50244506
0.50027236
0.49851598
0.49707103
0.49586268
0.49484103
0.49397306
0.49323348
0.49260088
0.49205825
0.49159173
0.49119029
0.49084585
0.49055248
0.4903066
0.49010713
0.48995555
0.489856
0.48981564
0.48984502
0.4899586
0.49017562
0.49052119
0.49102773
0.49173716
0.49270375
0.49399874
0.49571708
0.4979872
0.50098826
0.50497962
0.51035797
0.51778145
0.52851258
0.54566488
0.57980219
898.7181
903.63213
908.14594
912.34719
916.33677
920.23708
924.19114
928.35877
932.91239
938.02014
943.82052
950.36042
957.50526
964.78747
971.24737
975.24184
975.27693
966.6386
946.64187
912.08269
861.50045
796.28179
721.05087
642.43736
567.07381
499.54374
441.64108
392.98764
352.24298
317.91788
288.70148
263.62754
242.0104
223.34876
207.23225
193.26185
181.03362
170.12577
160.05872
150.24888
140.0143
128.89132
116.57816
101.98231
82.615145
56.560924
30.200012
14.9717
8.6661688
6.2457013
5.1699258
4.5011277
3.9744536
3.5271002
3.1399762
2.803579
2.510783
2.2555022
2.032492
1.8372358
1.6658905
1.5151867
1.3823301
1.264917
1.1608645
1.0683688
0.98591596
0.91227827
0.84654646
0.78812717
0.73668287
0.69202394
0.6539584
0.62214008
0.59601809
0.57488495
0.55794933
0.54444869
0.53370579
0.52515025
0.51832932
0.51289203
0.50856759
0.50513411
0.50240709
0.50022587
0.49846127
0.49700813
0.4957913
0.49476074
0.49388316
0.49313346
0.49249017
0.49193606
0.49145718
0.49104241
0.49068357
0.49037463
0.49011189
0.48989414
0.4897227
0.48960154
0.48953767
0.48954142
0.48962702
0.48981349
0.49012562
0.49059555
0.49126482
0.49218728
0.49343364
0.4950983
0.49730899
0.50024407
0.50416203
0.50945888
0.51679341
0.5274373
0.54455775
0.57894308
888.5382
891.75588
894.49555
896.80472
898.73707
900.35142
901.72139
902.939
904.11806
905.39029
906.90186
908.78548
911.12064
913.85305
916.68186
918.90681
919.68576
916.05719
905.60603
884.95332
850.91957
801.82439
738.82778
666.53107
591.51428
520.29699
457.20438
403.72817
359.26694
322.37528
291.5313
265.44973
243.20033
224.11976
207.70985
193.53413
181.17095
170.18698
160.09448
150.30615
140.14896
129.12482
116.88399
102.38865
83.218278
57.382334
30.963972
15.363346
8.8218644
6.3008392
5.1912492
4.5132829
3.9836756
3.5347355
3.1464057
2.809031
2.5154187
2.259447
2.0358509
1.8400978
1.6683299
1.5172668
1.3841045
1.2664312
1.1621576
1.0694739
0.98686025
0.91308483
0.84723338
0.7887081
0.73716849
0.69242274
0.65427858
0.62239046
0.59620869
0.57502585
0.55805044
0.54451837
0.53375068
0.52517518
0.51833791
0.51288673
0.50855031
0.50510628
0.50236972
0.50017968
0.49840665
0.49694516
0.49571973
0.49468019
0.49379314
0.49303313
0.4923791
0.49181352
0.49132229
0.49089419
0.49052099
0.49019652
0.48991695
0.48968096
0.4894897
0.489347
0.48925967
0.48923785
0.48929556
0.48945156
0.48973038
0.49016382
0.49079308
0.49167157
0.49286953
0.49448076
0.49663233
0.4995018
0.50334683
0.50856274
0.51580916
0.52636728
0.54345949
0.57809831
874.18118
876.18353
877.80674
879.06112
879.95428
880.49447
880.71554
880.73366
880.32028
879.63686
878.7301
877.67153
876.54195
875.38865
874.18258
872.73486
870.55163
866.58575
859.1391
845.71069
823.15878
788.46121
739.99107
678.86753
609.65776
538.88882
472.72796
414.99944
366.71404
326.98267
294.26217
267.05168
244.14104
224.66636
208.00612
193.66852
181.20554
170.16952
160.07065
150.32115
140.255
129.34509
117.19188
102.80812
83.846179
58.246635
31.783314
15.792642
8.9945698
6.3624704
5.2150388
4.52665
3.9937132
3.5429929
3.1533625
2.8149324
2.5204356
2.2637152
2.0394837
1.8431915
1.6709659
1.5195135
1.3860202
1.2680655
1.1635528
1.0706661
0.98787899
0.91395499
0.84797474
0.78933529
0.73769325
0.69285408
0.65462547
0.62266232
0.59641629
0.57517996
0.55816169
0.54459578
0.53380138
0.52520441
0.51834962
0.51288365
0.50853455
0.50507944
0.50233294
0.50013377
0.49835206
0.49688208
0.49564794
0.49459934
0.49370276
0.49293261
0.49226763
0.49169057
0.49118699
0.49074561
0.49035807
0.49001809
0.48972174
0.48946755
0.48925652
0.48909233
0.4889816
0.4889343
0.4889642
0.48908983
0.48933543
0.48973251
0.49032191
0.49115661
0.49230638
0.49386443
0.49595718
0.49876142
0.50253396
0.50766953
0.51482865
0.52530252
0.54237007
0.57726757
856.66253
857.71844
858.42729
858.80366
858.90128
858.64031
858.06524
857.1731
855.95335
854.39327
852.47693
850.18523
847.50149
844.40519
840.85704
836.7622
831.89384
825.77269
817.50769
805.63643
787.99393
761.84038
724.60225
675.13878
615.0537
549.0684
483.54924
423.87786
372.87154
330.76891
296.37085
268.12705
244.64853
224.87784
208.05828
193.62711
181.11247
170.06019
159.97997
150.28831
140.3284
129.54812
117.49941
103.23943
84.497921
59.153279
32.658999
16.262665
9.1861492
6.4314328
5.2416675
4.541351
4.0046093
3.5519169
3.1608816
2.8213121
2.5258581
2.2683264
2.0434066
1.8465306
1.6738092
1.5219356
1.3880846
1.269826
1.165055
1.0719493
0.98897535
0.91489127
0.84877238
0.79001044
0.73825851
0.69331912
0.65499987
0.6229563
0.59664133
0.57534761
0.55828331
0.54468104
0.53385796
0.52523799
0.51836446
0.51288284
0.50852031
0.50505355
0.50229669
0.50008807
0.49829747
0.49681878
0.49557586
0.49451813
0.49361199
0.49283171
0.49215582
0.49156717
0.49105126
0.4905966
0.49019475
0.48983931
0.48952621
0.48925386
0.48902312
0.4888375
0.48870344
0.48863071
0.4886329
0.48872824
0.48894075
0.4893016
0.48985128
0.49064238
0.49174416
0.49324929
0.49528353
0.49802292
0.50172344
0.50677924
0.51385189
0.524243
0.54128946
0.5764506
846.0843
846.23715
845.9587
845.28298
844.2474
842.88666
841.23098
839.3064
837.12835
834.6906
831.96436
828.89857
825.41999
821.42983
816.78926
811.31683
804.77643
796.82658
786.92458
774.18833
757.24949
734.1878
702.77342
661.21801
609.39343
549.8797
487.73032
428.6421
376.63405
333.14013
297.58362
268.57968
244.70179
224.75039
207.86342
193.41364
180.90193
169.86973
159.83159
150.21389
140.37253
129.73459
117.80723
103.68367
85.173691
60.102336
33.590722
16.7769
9.3987391
6.5087459
5.2716044
4.5575396
4.0164085
3.56156
3.1690046
2.8282038
2.5317138
2.2733037
2.0476383
1.85013
1.6768722
1.5245434
1.3903058
1.271719
1.1666697
1.0733279
0.99015267
0.91589667
0.84962869
0.79073538
0.73886572
0.69381904
0.65540269
0.62327307
0.59688429
0.57552914
0.55841554
0.54477432
0.53392052
0.52527595
0.51838246
0.51288426
0.50850754
0.50502857
0.50226092
0.50004254
0.49824281
0.49675526
0.49550345
0.49443651
0.49352076
0.49273034
0.49204366
0.49144327
0.49091503
0.49044713
0.49003099
0.48966012
0.48933032
0.48903986
0.48878945
0.48858246
0.48842514
0.48832706
0.4883016
0.48836677
0.4885463
0.48887105
0.48938116
0.49012884
0.49118285
0.49263532
0.49461135
0.49728625
0.50091521
0.50589183
0.51287883
0.52318871
0.54021764
0.57564715
845.79368
845.39556
844.39983
842.81447
840.6775
838.00513
834.83689
831.22441
827.23114
822.92803
818.38262
813.64959
808.75101
803.65616
798.25695
792.34336
785.59063
777.53313
767.53252
754.73792
738.03413
716.01177
687.02647
649.54553
602.80079
548.06093
489.20001
431.38963
379.13863
334.75691
298.33894
268.7352
244.51462
224.43336
207.52531
193.09786
180.62133
169.6314
159.64941
150.11516
140.39969
129.91255
118.11978
104.14322
85.874735
61.094857
34.581239
17.339414
9.6347953
6.5956517
5.3053423
4.5753994
4.029205
3.5719835
3.17778
2.8356476
2.5380353
2.2786733
2.0522002
1.8540074
1.6801692
1.5273482
1.3926932
1.2737524
1.1684028
1.0748069
0.99141502
0.91697431
0.8505463
0.79151218
0.73951659
0.69435517
0.65583492
0.62361339
0.59714577
0.57572496
0.55855868
0.5448758
0.53398917
0.52531837
0.51840362
0.51288787
0.50849623
0.50500447
0.50222559
0.49999713
0.49818805
0.49669145
0.49543065
0.49435443
0.49342901
0.49262841
0.49193095
0.49131895
0.49077825
0.49029712
0.48986673
0.48948046
0.489134
0.48882548
0.48855547
0.48832716
0.48814664
0.4880233
0.48797029
0.48800538
0.48815203
0.48844081
0.48891152
0.48961596
0.49062242
0.49202248
0.49394061
0.49655142
0.50010926
0.50500728
0.51190946
0.52213962
0.53915453
0.57485695
850.26821
849.80695
848.66802
846.83778
844.30693
841.07079
837.13229
832.50573
827.21867
821.31274
814.84776
807.89861
800.55189
792.89145
784.98214
776.83716
768.36385
759.29889
749.14046
737.09014
722.01279
702.44441
676.69521
643.10925
600.67749
549.93853
493.65489
436.52961
383.37003
337.44051
299.70606
269.21683
244.49692
224.18213
207.20823
192.78746
180.34226
169.3931
159.465
150.0123
140.42169
130.08876
118.44139
104.62176
86.603954
62.133188
35.634411
17.955181
9.8972131
6.6939787
5.3434682
4.5950842
4.0431107
3.5832621
3.1872653
2.8436894
2.5448601
2.2844656
2.0571169
1.8581826
1.6837163
1.5303632
1.3952573
1.2759345
1.1702615
1.0763918
0.99276712
0.91812773
0.85152823
0.79234324
0.74021287
0.69492901
0.65629774
0.62397813
0.59742638
0.57593554
0.55871302
0.5449857
0.53406403
0.52536529
0.51842797
0.51289368
0.50848635
0.50498121
0.50219066
0.49995178
0.4981331
0.4966273
0.49535739
0.49427181
0.49333667
0.49252588
0.49181761
0.49119411
0.49064089
0.49014652
0.48970191
0.48930028
0.4889372
0.48861067
0.48832111
0.48807154
0.4878679
0.48771937
0.48763889
0.48764401
0.4877579
0.48801086
0.48844232
0.4891037
0.49006283
0.49141074
0.49327129
0.49581836
0.49930557
0.50412557
0.51094374
0.52109572
0.53810011
0.57407976
852.42945
852.09334
851.08992
849.38923
846.96596
843.79406
839.84787
835.10667
829.55732
823.1965
816.03439
808.09704
799.4294
790.09421
780.16663
769.71712
758.78362
747.33009
735.17584
721.92639
706.87532
688.87384
666.33296
637.39944
600.41472
554.76842
501.88797
445.65662
391.26156
342.98831
302.87176
270.75013
245.07528
224.26453
207.06548
192.56919
180.11529
169.18621
159.29922
149.92009
140.44959
130.27003
118.77695
105.12401
87.36552
63.221923
36.754466
18.629935
10.187152
6.8068539
5.3876671
4.6169066
4.0582679
3.5954854
3.1975287
2.8523832
2.5522319
2.2907154
2.0624168
1.8626785
1.6875321
1.5336033
1.3980103
1.2782753
1.1722535
1.0780888
0.9942141
0.91936126
0.85257784
0.79323136
0.74095669
0.69554213
0.65679239
0.62436828
0.59772685
0.57616138
0.55887892
0.54510423
0.53414525
0.52541681
0.51845554
0.51290166
0.50847786
0.50495874
0.50215607
0.49990644
0.49807791
0.49656274
0.4952836
0.49418858
0.49324369
0.49242266
0.49170359
0.49106858
0.49050297
0.48999526
0.48953646
0.48911951
0.48873986
0.48839536
0.48808631
0.48781556
0.48758887
0.48741522
0.48730736
0.48728262
0.48736387
0.48758113
0.48797351
0.48859202
0.48950404
0.49080007
0.49260334
0.49508706
0.49850409
0.50324666
0.50998166
0.52005698
0.53705434
0.57331531
845.28422
845.01541
844.14585
842.64592
840.4841
837.62772
834.04435
829.70309
824.5782
818.64393
811.84249
804.15723
795.57376
786.09071
775.72191
764.49719
752.45545
739.62601
725.99586
711.43028
695.58702
677.81864
657.06415
631.79107
600.15894
560.59146
512.85342
459.09718
403.94824
352.70563
309.05657
274.12534
246.6615
224.86855
207.18619
192.47911
179.95243
169.01522
159.15538
149.842
140.48676
130.46061
119.13091
105.6549
88.165276
64.363881
37.948958
19.37125
10.510782
6.9352854
5.4383168
4.6412579
4.0748499
3.6087606
3.2086509
2.8617918
2.5602002
2.297463
2.0681323
1.8675213
1.6916374
1.5370856
1.4009659
1.2807857
1.1743877
1.0799055
0.99576157
0.92067957
0.8536989
0.79417975
0.74175062
0.69619636
0.65732038
0.62478491
0.59804797
0.57640305
0.55905678
0.54523167
0.53423299
0.525473
0.51848636
0.51291183
0.50847076
0.50493703
0.50212175
0.49986103
0.49802241
0.49649769
0.49520921
0.49410468
0.49314997
0.49231869
0.49158879
0.49094228
0.49036438
0.48984331
0.48937031
0.48893808
0.4885419
0.4881795
0.48785101
0.48755914
0.48730947
0.48711079
0.48697565
0.48692114
0.48696989
0.48715159
0.48750505
0.48808088
0.48894601
0.49019042
0.49193673
0.49435747
0.4977048
0.50237052
0.50902318
0.51902337
0.53601716
0.57256337
823.82268
823.52988
822.73035
821.3969
819.50435
817.0212
813.91484
810.15204
805.6947
800.50433
794.54197
787.76679
780.14028
771.6253
762.18824
751.80014
740.44037
728.08582
714.70565
700.23578
684.52552
667.24861
647.78573
625.12654
597.81942
564.12856
522.74143
473.83736
420.1971
366.85948
319.22425
280.29476
249.90049
226.34224
207.73388
192.58986
179.88038
168.88615
159.0336
149.77726
140.53268
130.66107
119.50461
106.21802
89.006584
65.567284
39.225275
20.188217
10.875332
7.0812175
5.4960191
4.6686003
4.0930701
3.6232178
3.2207266
2.871989
2.5688235
2.3047553
2.0743007
1.8727409
1.6960567
1.5408294
1.4041397
1.2834784
1.1766743
1.08185
0.99741623
0.9220881
0.85489561
0.79519178
0.74259751
0.69689382
0.65788331
0.62522926
0.59839066
0.57666118
0.55924704
0.5453683
0.53432742
0.52553396
0.51852047
0.51292417
0.50846499
0.50491601
0.50208766
0.49981549
0.49796652
0.49643208
0.49513412
0.49402
0.49305543
0.49221387
0.49147314
0.49081514
0.49022495
0.48969064
0.48920337
0.4887559
0.48834324
0.48796299
0.48761513
0.48730221
0.48702963
0.48680602
0.48664369
0.48655952
0.48657588
0.48672218
0.48703688
0.48757022
0.48838869
0.48958175
0.49127142
0.49362957
0.49690766
0.50149711
0.50806826
0.51799489
0.53498854
0.5718237
787.70861
787.3687
786.62334
785.44682
783.81692
781.70984
779.09721
775.94612
772.22601
767.90027
762.93104
757.27897
750.90106
743.75279
735.78758
726.95904
717.21565
706.50641
694.76764
681.91802
667.83179
652.29634
634.93332
615.09242
591.74888
563.47147
528.63635
486.23588
436.94982
384.1367
333.48858
290.03893
255.57639
229.21373
208.98701
193.02624
179.94994
168.81454
158.93651
149.72605
140.58733
130.87225
119.90024
106.81793
89.898225
66.840358
40.594258
21.092553
11.289158
7.2477944
5.5618564
4.6994932
4.1131913
3.6390152
3.2338677
2.8830604
2.5781686
2.312646
2.0809654
1.878372
1.7008174
1.544857
1.4075496
1.2863675
1.179125
1.0839314
0.99918575
0.92359281
0.8561729
0.79627098
0.7435004
0.69763693
0.65848303
0.6257027
0.59875591
0.57693653
0.5594502
0.54551444
0.53442874
0.52559979
0.5185579
0.51293869
0.50846054
0.50489564
0.50205371
0.49976973
0.49791016
0.49636581
0.49505824
0.49393447
0.49295999
0.49210811
0.49135654
0.49068705
0.4900846
0.48953717
0.48903558
0.4885729
0.48814381
0.48774576
0.48737859
0.48704469
0.48674929
0.48650082
0.48631141
0.48619768
0.48618179
0.48629283
0.48656894
0.48706
0.48783203
0.48897401
0.49060736
0.4929033
0.49611261
0.5006264
0.50711688
0.51697149
0.53396841
0.57109605
740.93884
740.58038
739.89921
738.88236
737.5062
735.75487
733.60561
731.03479
728.00921
724.4968
720.46628
715.88318
710.71037
704.90931
698.43735
691.24806
683.29113
674.50999
664.83768
654.19175
642.45926
629.46932
614.95016
598.45219
579.25385
556.26493
528.02791
492.99872
450.46794
401.66444
350.66682
303.55855
264.43505
234.19216
211.42415
194.05287
180.28977
168.86255
158.89212
149.70032
140.65664
131.09843
120.32176
107.46
90.847542
68.193683
42.070055
22.099649
11.762116
7.4396902
5.6376656
4.7346361
4.1355326
3.6563408
3.2482054
2.8951051
2.5883134
2.3211975
2.0881757
1.884454
1.7059514
1.5491937
1.4112159
1.2894697
1.1817529
1.0861605
1.0010786
0.92520059
0.85753689
0.79742189
0.74446243
0.69842836
0.65912159
0.62620678
0.59914486
0.57722987
0.5596668
0.54567047
0.53453716
0.52567061
0.51859872
0.51295537
0.50845737
0.50487586
0.50201985
0.49972368
0.49785323
0.49629879
0.49498147
0.49384798
0.49286353
0.49200132
0.4912389
0.49055793
0.48994323
0.4893827
0.48886692
0.48838897
0.48794351
0.48752772
0.48714131
0.4867865
0.48646836
0.48619512
0.48597872
0.48583556
0.48578755
0.48586347
0.48610117
0.48655013
0.48727598
0.48836714
0.4899445
0.49217862
0.49531963
0.49975835
0.506169
0.51595315
0.53295674
0.5703802
692.01479
691.6766
691.07976
690.20876
689.0476
687.57569
685.77648
683.62593
681.10122
678.17754
674.82867
671.02523
666.73804
661.93609
656.5843
650.64767
644.08595
636.85586
628.90549
620.17069
610.56699
599.97157
588.19073
574.91343
559.63622
541.56378
519.52306
491.99856
457.50419
415.62207
368.14154
319.96925
276.8429
242.04862
215.71652
196.10628
181.14074
169.14959
158.95989
149.72999
140.75697
131.34891
120.77551
108.15199
91.8656
69.641999
43.671065
23.228958
12.306491
7.6630908
5.7259899
4.774941
4.1604883
3.6754162
3.2638919
2.9082378
2.5993496
2.3304814
2.0959885
1.8910325
1.7114947
1.5538687
1.4151619
1.2928038
1.1845729
1.0885494
1.0031045
0.92691907
0.85899366
0.79865
0.74548747
0.69927115
0.65980133
0.62674323
0.59955876
0.57754212
0.55989747
0.54583677
0.53465295
0.52574656
0.51864298
0.51297423
0.50845543
0.50485661
0.50198599
0.49967725
0.49779565
0.49623092
0.49490371
0.49376043
0.49276596
0.49189339
0.49112011
0.49042766
0.48980073
0.48922713
0.4886973
0.48820402
0.48774223
0.48730877
0.48690319
0.48652754
0.48618674
0.48588884
0.48564555
0.48547308
0.48539307
0.48543404
0.48563349
0.48604058
0.48672046
0.4877611
0.48928279
0.49145548
0.49452866
0.49889291
0.50522457
0.51493984
0.53195345
0.56967591
648.07629
647.76653
647.22828
646.44644
645.40665
644.09492
642.48966
640.57487
638.33067
635.73419
632.76414
629.39603
625.60552
621.36632
616.65329
611.43906
605.6978
599.39847
592.5107
584.99535
576.80349
567.86349
558.06017
547.20092
534.95879
520.79223
503.85079
482.89664
456.36665
422.8391
382.17583
336.83176
292.15552
253.26437
222.63416
199.81285
182.89662
169.88873
159.24436
149.86561
140.91478
131.63953
121.27334
108.90583
92.966815
71.20262
45.419132
24.50356
12.937872
7.9262234
5.8303419
4.8216297
4.1885377
3.6964921
3.2811039
2.9225953
2.6113833
2.3405808
2.1044695
1.8981595
1.7174894
1.5589154
1.4194145
1.2963909
1.1876026
1.091112
1.0052744
0.92875752
0.86054959
0.79996077
0.74657996
0.70016872
0.66052481
0.62731399
0.59999904
0.57787428
0.56014289
0.54601381
0.53477636
0.52582778
0.51869074
0.51299527
0.50845471
0.50483783
0.50195205
0.49963034
0.4977373
0.49616209
0.49482487
0.4936717
0.49266716
0.49178419
0.49100004
0.49029612
0.48965698
0.48907035
0.48852652
0.488018
0.48753988
0.4870888
0.48666411
0.48626772
0.48590434
0.48558187
0.48531181
0.48511014
0.48499827
0.48500445
0.48516584
0.48553125
0.48616542
0.4871558
0.48862217
0.49073383
0.49373966
0.49803004
0.50428356
0.51393153
0.53095849
0.56898295
610.65364
610.36668
609.86393
609.13382
608.15956
606.92703
605.423
603.62622
601.51933
599.08478
596.30075
593.14858
589.60486
585.64919
581.25859
576.41328
571.09118
565.27136
558.93386
552.06013
544.62855
536.60944
527.94972
518.55412
508.24675
496.70483
483.36869
467.35028
447.36667
421.83352
389.40565
350.42772
308.02373
267.26023
232.62974
205.86007
186.09978
171.41162
159.92051
150.19356
141.17346
131.99455
121.83017
109.73373
94.166177
72.895349
47.339976
25.947777
13.677372
8.2393125
5.955063
4.8763246
4.2202874
3.7198736
3.3000497
2.9383368
2.6245371
2.3515915
2.1136949
1.9058962
1.7239836
1.5643719
1.4240041
1.3002559
1.1908615
1.0938638
1.0076008
0.93072668
0.8622132
0.80135986
0.74774476
0.70112486
0.66129497
0.62792121
0.60046726
0.57822746
0.56040382
0.54620206
0.53490769
0.52591443
0.51874207
0.51301849
0.50845516
0.50481944
0.50191793
0.49958284
0.49767807
0.49609217
0.49474481
0.49358166
0.492567
0.4916736
0.49087858
0.49016319
0.48951186
0.48891222
0.48835445
0.4878308
0.48733632
0.4868677
0.48642398
0.48600691
0.48562106
0.4852741
0.48497738
0.48474665
0.48460306
0.4845746
0.48469812
0.48502207
0.48561076
0.4865512
0.48796256
0.49001359
0.49295256
0.49716969
0.50334592
0.5129282
0.52997179
0.56830111
577.81663
577.55075
577.07937
576.38916
575.46742
574.29896
572.86831
571.16123
569.15762
566.84094
564.19201
561.19159
557.81958
554.05554
549.88029
545.27327
540.21704
534.69455
528.69154
522.19661
515.20021
507.69243
499.65929
491.06535
481.83621
471.82294
460.71711
447.95532
432.6215
413.38929
388.74668
357.67773
320.98581
281.90448
245.20968
214.66558
191.35689
174.18737
161.27026
150.85895
141.60155
132.44595
122.4628
110.64829
95.47839
74.740231
49.461625
27.594725
14.552088
8.6145208
6.1060007
4.9416399
4.2565842
3.7459331
3.3209656
2.9556434
2.6389557
2.3636278
2.1237534
1.9143119
1.7310323
1.5702828
1.4289665
1.3044269
1.194372
1.0968227
1.0100985
0.93283708
0.86399427
0.80285427
0.74898749
0.70214387
0.66211508
0.62856733
0.60096517
0.5786029
0.5606811
0.54640208
0.53504728
0.5260067
0.51879704
0.5130439
0.50845673
0.50480137
0.50188354
0.49953464
0.49761783
0.49602105
0.49466339
0.49349018
0.49246534
0.49156149
0.49075558
0.49002873
0.48936523
0.48875262
0.48818094
0.48764231
0.48713144
0.48664534
0.48618266
0.48574501
0.48533676
0.48496544
0.48464217
0.4843825
0.48420734
0.48414441
0.48423025
0.48451295
0.48505643
0.4859472
0.48730391
0.48929472
0.4921673
0.49631178
0.50241161
0.5119298
0.52899331
0.56763016
546.40277
546.15684
545.72323
545.08685
544.23646
543.15754
541.83746
540.2587
538.40666
536.26198
533.80816
531.02504
527.89323
524.3916
520.50013
516.19925
511.46839
506.2898
500.64892
494.53339
487.93526
480.85187
473.28304
465.22734
456.66944
447.55636
437.75116
426.96019
414.62658
399.83757
381.32481
357.7145
328.27848
294.12935
258.54817
225.84629
199.05521
178.74675
163.69424
152.09711
142.31774
133.04815
123.19496
111.662
96.916211
76.755456
51.812672
29.482582
15.595754
9.0704512
6.2909606
5.0205504
4.2986036
3.7751549
3.344134
2.974727
2.6548059
2.3768215
2.1347487
1.9234875
1.7387005
1.5766992
1.4343421
1.3089362
1.1981595
1.1000089
1.0127846
0.93510221
0.86590184
0.80445216
0.75031439
0.70323054
0.66298877
0.62925504
0.60149471
0.57900197
0.56097566
0.54661446
0.53519548
0.52610476
0.51885573
0.51307149
0.50845936
0.50478354
0.50184877
0.49948562
0.49755646
0.49594857
0.49458048
0.49339711
0.49236204
0.4914477
0.4906309
0.48989259
0.48921694
0.4885914
0.48800585
0.48745231
0.48692515
0.48642157
0.48594002
0.48548187
0.48505133
0.48465575
0.48430605
0.48401757
0.48381099
0.48371377
0.48376212
0.4840038
0.48450232
0.48534372
0.48664613
0.48857713
0.49138383
0.49545629
0.50148058
0.51093629
0.52802295
0.56696988
513.79197
513.56964
513.18177
512.62029
511.87127
510.92489
509.76564
508.38289
506.75892
504.87844
502.72318
500.27468
497.51299
494.41738
490.96562
487.13573
482.90514
478.25184
473.15582
467.59995
461.57026
455.05901
448.06513
440.59295
432.64985
424.2336
415.30815
405.75569
395.30066
383.40493
369.1833
351.44181
328.9807
301.36228
269.92454
237.84994
208.90115
185.44089
167.6506
154.24593
143.51553
133.89489
124.06645
112.79049
98.489604
78.956681
54.422549
31.655432
16.850906
9.631227
6.5210247
5.1175538
4.3479989
3.8081906
3.3698973
2.9958289
2.6722787
2.3913238
2.1468021
1.9335194
1.7470629
1.5836798
1.4401771
1.31382
1.2022532
1.1034465
1.0156769
0.93753713
0.86794684
0.80616251
0.75173245
0.70439029
0.66392019
0.62998733
0.60205799
0.57942621
0.56128852
0.54683986
0.53535269
0.52620885
0.51891824
0.51310129
0.508463
0.50476585
0.5018135
0.49943563
0.4974938
0.49587458
0.4944959
0.49330228
0.49225692
0.49133207
0.49050436
0.48975461
0.48906684
0.48842839
0.48782903
0.48726064
0.48671733
0.48619626
0.48569592
0.48521736
0.48476463
0.48434489
0.4839689
0.48365175
0.48341391
0.48328256
0.48329363
0.48349451
0.48394834
0.48474068
0.48598915
0.48786075
0.49060207
0.49460312
0.50055278
0.50994762
0.52706066
0.56632007
480.42299
480.223
479.88337
479.39736
478.75607
477.94849
476.96502
475.79189
474.41668
472.82466
471.00086
468.92607
466.58262
463.94979
461.00586
457.72764
454.0908
450.07003
445.64148
440.78106
435.46739
429.68369
423.41908
416.67027
409.44278
401.74851
393.59497
384.96001
375.74455
365.69424
354.29508
340.70419
323.82179
302.63624
276.97118
248.29736
219.58922
194.04559
173.45142
157.69725
145.47554
135.14086
125.1473
114.06038
100.2103
81.357278
57.318889
34.161765
18.370207
10.32819
6.811778
5.2395113
4.4072394
3.8459601
3.3986905
3.0192287
2.6915944
2.4073132
2.1600532
1.944517
1.7562048
1.5912917
1.4465245
1.3191206
1.2066867
1.1071635
1.018797
0.94015644
0.87014235
0.80799544
0.75324954
0.70562917
0.66491388
0.63076754
0.60265745
0.57987729
0.56162081
0.547079
0.53551933
0.52631917
0.51898464
0.51313328
0.5084676
0.5047482
0.50177761
0.49938454
0.4974297
0.49579891
0.4944095
0.49320552
0.49214982
0.49121442
0.49037581
0.48961461
0.48891474
0.48826343
0.4876503
0.48706711
0.4865078
0.48596924
0.48545019
0.48495132
0.4844765
0.48403273
0.48363056
0.4832849
0.48301595
0.48285065
0.48282465
0.48298498
0.48339438
0.48413798
0.48533287
0.4871455
0.48982194
0.49375223
0.49962814
0.50896375
0.52610637
0.5656805
450.04703
449.86504
449.56024
449.12731
448.55667
447.84126
446.97128
445.93738
444.72746
443.32974
441.73075
439.91565
437.86737
435.56855
432.99946
430.13891
426.96375
423.45028
419.57263
415.30585
410.62451
405.50501
399.92839
393.88164
387.35974
380.36816
372.9215
365.03508
356.69989
347.83525
338.20917
327.3359
314.42386
298.47657
278.66283
255.0169
229.0511
203.46538
180.92274
162.72149
148.52913
137.01804
126.56028
115.52196
102.09333
83.964549
60.523069
37.051187
20.21147
11.208538
7.1821907
5.3940491
4.4798612
3.8898021
3.4311049
3.0452698
2.7129964
2.4249841
2.1746591
1.9566048
1.7662252
1.5996131
1.4534449
1.3248857
1.2115007
1.1111901
1.0221676
0.94297827
0.87250315
0.80996236
0.75487447
0.70695392
0.66597475
0.63159934
0.6032958
0.58035704
0.56197375
0.54733265
0.53569586
0.52643598
0.51905505
0.51316748
0.50847309
0.50473048
0.50174095
0.49933219
0.49736398
0.49572139
0.49432109
0.49310662
0.49204054
0.49109457
0.49024503
0.48947241
0.48876046
0.48809632
0.48746947
0.48687155
0.48629636
0.48574036
0.48520266
0.48468358
0.48418679
0.4837191
0.4832909
0.48291686
0.48261698
0.48241792
0.48235505
0.48247507
0.48284033
0.4835355
0.48467718
0.48643129
0.48904337
0.49290353
0.4987066
0.50798462
0.52516003
0.56505098
425.42103
425.2575
424.97611
424.56969
424.03198
423.35498
422.53064
421.54923
420.40231
419.07809
417.56584
415.85297
413.92521
411.76763
409.36466
406.69767
403.74774
400.4938
396.9141
392.98487
388.68246
383.98349
378.86509
373.3096
367.30471
360.84718
353.94545
346.61902
338.89142
330.76726
322.18534
312.9375
302.56946
290.34419
275.36809
256.96862
235.33278
211.93641
189.1675
169.19753
152.91711
139.80818
128.49468
117.26725
104.17026
86.785139
64.048491
40.370894
22.443349
12.329943
7.6605406
5.5940156
4.5713916
3.9417007
3.4679471
3.07438
2.7367747
2.4445612
2.1908025
1.9699304
1.7772371
1.6087293
1.4610095
1.3311753
1.2167393
1.1155576
1.0258133
0.94602402
0.87504551
0.81207595
0.75661713
0.7083721
0.66710835
0.63248677
0.60397602
0.58086749
0.56234869
0.54760165
0.53588277
0.52655954
0.51912955
0.51320388
0.5084794
0.50471258
0.50170337
0.49927839
0.49729645
0.49564181
0.49423046
0.4930054
0.49192888
0.4909723
0.49011184
0.4893278
0.4886038
0.48792687
0.48728636
0.48667376
0.48608277
0.48550949
0.48495316
0.48441396
0.48389531
0.48340384
0.48294974
0.48254748
0.48221683
0.48198422
0.4818847
0.48196467
0.48228606
0.48293314
0.48402199
0.48571802
0.48826627
0.49205694
0.49778811
0.50701018
0.5242215
0.5644313
406.13311
405.99286
405.73355
405.34836
404.83121
404.17323
403.36777
402.40578
401.27737
399.97305
398.48234
396.79384
394.89553
392.77406
390.41533
387.80463
384.92562
381.76072
378.29165
374.49858
370.36089
365.85782
360.9692
355.67569
349.96293
343.82257
337.25663
330.27953
322.92028
315.21626
307.19118
298.80591
289.87676
279.98049
268.43449
254.44075
237.45359
217.74923
196.71163
176.40722
158.5653
143.72608
131.18875
119.44854
106.50449
89.830977
67.899959
44.160569
25.142856
13.765721
8.2875401
5.8576371
4.6895222
4.0046611
3.5103956
3.1071411
2.7632932
2.4663012
2.2086789
1.9846472
1.7893707
1.6187496
1.4693033
1.3380526
1.2224471
1.1203024
1.0297646
0.94931735
0.87778781
0.81435056
0.75848855
0.70989219
0.6683208
0.63343424
0.60470132
0.58141083
0.56274708
0.54788691
0.53608061
0.52669011
0.51920826
0.51324247
0.50848645
0.50469436
0.5016647
0.49922296
0.49722691
0.49555996
0.49413739
0.49290164
0.49181462
0.4908474
0.489976
0.48918055
0.48844453
0.48775486
0.48710073
0.48647354
0.48586681
0.48527641
0.48470146
0.48414226
0.48360187
0.48308675
0.48260689
0.48217658
0.48181536
0.48154938
0.48141345
0.48145362
0.48173145
0.48233077
0.48336719
0.48500558
0.48749054
0.4912124
0.49687259
0.50604038
0.52329075
0.56382125
389.7182
389.60456
389.37383
389.01935
388.5339
387.91064
387.14023
386.21523
385.12581
383.86237
382.41446
380.77077
378.91972
376.84887
374.545
371.99419
369.1813
366.09105
362.70635
359.00982
354.98351
350.60837
345.86578
340.73822
335.20997
329.2703
322.91628
316.15682
309.0163
301.53745
293.7757
285.77863
277.53429
268.88752
259.44673
248.57812
235.56287
219.94811
202.0473
183.11602
164.90346
148.73642
134.83206
122.25932
109.20984
93.139354
72.082809
48.452798
28.392287
15.606082
9.1256996
6.2097274
4.8436975
4.083193
3.5602345
3.1443602
2.7930108
2.4905225
2.2285324
2.0009491
1.8027797
1.6297967
1.4784151
1.3455802
1.2286771
1.1254688
1.0340561
0.95288476
0.88075081
0.81680224
0.76050102
0.71152315
0.66961894
0.63444679
0.60547521
0.58198948
0.56317048
0.5481894
0.53628991
0.52682798
0.51929129
0.51328325
0.50849415
0.50467567
0.50162476
0.49916569
0.49715513
0.49547562
0.49404165
0.4927951
0.49169751
0.49071962
0.48983728
0.48903042
0.48828242
0.48758004
0.48691236
0.48627063
0.48564826
0.4850409
0.48444736
0.48386828
0.48330627
0.48276763
0.48226218
0.48180398
0.48141236
0.48111324
0.48094112
0.48094177
0.48117634
0.48172826
0.48271264
0.48429386
0.48671607
0.4903698
0.49595997
0.50507514
0.52236766
0.56322065
373.7161
373.63174
373.43752
373.12676
372.69236
372.12731
371.42413
370.57357
369.56723
368.39497
367.04687
365.51202
363.77845
361.83406
359.66547
357.25892
354.59946
351.67181
348.45968
344.94529
341.11101
336.93844
332.40857
327.50282
322.20409
316.49871
310.37814
303.84399
296.91185
289.6176
282.01989
274.19666
266.2245
258.12319
249.76796
240.79821
230.62238
218.58052
204.27865
188.02338
170.91641
154.40014
139.42574
125.87034
112.44011
96.78341
76.611016
53.271463
32.274189
17.956673
10.255785
6.6892916
5.0510643
4.1846482
3.6202434
3.1871969
2.8265445
2.5176252
2.2506539
2.0190608
1.8176288
1.6419884
1.4884407
1.3538397
1.2354953
1.1311076
1.0387267
0.95675642
0.88395779
0.81944887
0.76266825
0.71327473
0.67100991
0.63553014
0.60630149
0.58260598
0.56362056
0.54851013
0.53651127
0.52697346
0.51937872
0.5133262
0.50850239
0.50465635
0.50158335
0.49910636
0.49708088
0.49538852
0.49394297
0.49268551
0.49157729
0.4905887
0.4896954
0.48887716
0.4881172
0.48740217
0.48672099
0.4860648
0.48542688
0.48480271
0.48419064
0.48359177
0.48300828
0.48244627
0.48191538
0.48142947
0.48100766
0.48067561
0.48046755
0.48042894
0.48062058
0.48112545
0.48205821
0.48358274
0.48594277
0.48952904
0.49505016
0.50411444
0.52145217
0.56262929
356.84016
356.78524
356.63129
356.37091
355.99962
355.50929
354.89355
354.14413
353.25274
352.21067
351.00736
349.63311
348.07651
346.32522
344.36673
342.18745
339.77233
337.10592
334.17177
330.95222
327.42831
323.58099
319.38992
314.8344
309.89411
304.55053
298.78854
292.60005
285.98858
278.97497
271.60519
263.95491
256.12709
248.23062
240.3209
232.30408
223.84756
214.3922
203.31454
190.24725
175.45494
159.86913
144.62878
130.30359
116.34023
100.87306
81.521121
58.636403
36.865041
20.941838
11.786101
7.3591067
5.3363372
4.318141
3.6947025
3.2374468
2.8647755
2.5481251
2.2753755
2.0392153
1.8341024
1.6554771
1.4995032
1.3629286
1.2429759
1.1372751
1.04382
0.96096628
0.88743486
0.82231035
0.76500487
0.71515774
0.67250195
0.63669026
0.60718426
0.58326314
0.56409908
0.54885019
0.5367453
0.52712684
0.51947067
0.51337128
0.50851106
0.50463621
0.50154025
0.49904471
0.49700389
0.49529839
0.49384109
0.4925726
0.49145368
0.49045435
0.4895501
0.48872048
0.4879486
0.48722095
0.48652635
0.48585578
0.48520238
0.48456152
0.48393109
0.4833125
0.48270766
0.48212243
0.48156626
0.48105283
0.48060103
0.48023627
0.47999254
0.47991497
0.480064
0.48052219
0.48140375
0.48287208
0.4851705
0.48869003
0.49414307
0.50315816
0.52054422
0.56204698
338.86769
338.86173
338.74504
338.53643
338.22905
337.81709
337.29426
336.65389
335.88841
334.98893
333.94741
332.75384
331.39827
329.86961
328.15558
326.24364
324.11975
321.76898
319.17521
316.32118
313.18832
309.75638
306.00443
301.91007
297.44999
292.60104
287.34157
281.6531
275.52546
268.96086
261.98301
254.64598
247.04142
239.29746
231.55726
223.91337
216.30129
208.41109
199.70386
189.57035
177.64013
164.1065
149.71378
135.28117
120.93186
105.51254
86.873508
64.572812
42.236107
24.700716
13.853899
8.308594
5.7398104
4.5001453
3.7906632
3.2979364
2.9089683
2.5827365
2.3031734
2.061749
1.8524465
1.6704483
1.5117448
1.3729547
1.2512017
1.1440356
1.0493854
0.96555207
0.89121066
0.82540833
0.76752609
0.71718392
0.6741046
0.63793346
0.60812791
0.58396386
0.56460793
0.5492107
0.53699262
0.52728842
0.51956721
0.51341841
0.50852001
0.50461505
0.5014952
0.49898047
0.49692387
0.49520494
0.49373568
0.49245605
0.49132637
0.49031627
0.48940105
0.48856008
0.4877763
0.4870361
0.48632814
0.48564327
0.4849745
0.48431704
0.48366844
0.48303018
0.48240415
0.48179585
0.48121458
0.48067382
0.48019224
0.47979503
0.47951588
0.47939965
0.47950641
0.47991831
0.48074911
0.48216175
0.48439915
0.48785265
0.49323863
0.50220625
0.51964367
0.56147354
320.28671
320.30549
320.23083
320.07418
319.83058
319.49522
319.06249
318.5264
317.8801
317.11715
316.22953
315.20899
314.04621
312.73199
311.25534
309.60506
307.76865
305.73264
303.48244
301.00205
298.27407
295.27988
291.99858
288.40797
284.48399
280.20097
275.5329
270.4543
264.9428
258.98364
252.57611
245.7438
238.54611
231.08874
223.52371
216.02805
208.73032
201.59228
194.31878
186.37698
177.15046
166.2377
153.73261
140.164
125.97243
110.69906
92.711618
71.101173
48.443689
29.37524
16.630833
9.6650828
6.3292314
4.757273
3.9178263
3.3731319
2.9610555
2.6224354
2.3346455
2.0870701
1.8729509
1.6871134
1.525323
1.3840391
1.2602662
1.1514613
1.0554781
0.97055569
0.89531709
0.82876519
0.77024863
0.71936694
0.67582765
0.63926647
0.60913712
0.58471122
0.56514899
0.54959282
0.53725386
0.52745846
0.51966841
0.51346755
0.50852908
0.50459266
0.50144795
0.49891336
0.4968405
0.49510783
0.49362643
0.49233554
0.49119502
0.49017413
0.48924794
0.48839562
0.48759999
0.48684729
0.48612603
0.48542694
0.4847429
0.48406898
0.48340238
0.48274453
0.48209745
0.48146626
0.48086008
0.48029218
0.47978105
0.47935163
0.47903734
0.47888276
0.47894761
0.47931362
0.48009412
0.48145158
0.48362857
0.48701678
0.49233672
0.50125863
0.51875043
0.56090877
301.39231
301.42996
301.40951
301.30191
301.11866
300.85507
300.50662
300.06793
299.53356
298.89714
298.15195
297.29063
296.3062
295.18939
293.93158
292.52239
290.95182
289.20769
287.27762
285.14763
282.80274
280.22606
277.39919
274.30167
270.9109
267.20193
263.14753
258.71933
253.88851
248.6284
242.91956
236.75704
230.1622
223.19707
215.97894
208.68209
201.51466
194.63859
188.0362
181.41759
174.24172
165.86376
155.82227
144.0783
130.88859
116.20019
98.98125
78.206157
55.515062
35.093963
20.315916
11.59984
7.2064799
5.1354416
4.0941053
3.4702271
3.0241311
2.6686558
2.3705911
2.1156935
1.8959717
1.7057263
1.5404236
1.3963204
1.2702747
1.1596318
1.0621591
0.97602298
0.89978612
0.83240446
0.77319199
0.72172182
0.67768118
0.64069643
0.61021675
0.58550841
0.56572429
0.54999765
0.53752957
0.52763725
0.51977438
0.51351866
0.50853809
0.50456877
0.5013982
0.49884303
0.49675344
0.49500672
0.49351298
0.4922107
0.49105926
0.49002756
0.4890904
0.48822675
0.48741931
0.48665416
0.48591968
0.48520647
0.48450727
0.48381699
0.4831326
0.48245522
0.48178726
0.48113335
0.48050244
0.47990763
0.47936718
0.47890582
0.47855669
0.47836409
0.47838739
0.47870792
0.47943859
0.48074142
0.48285862
0.48618229
0.49143724
0.50031522
0.51786443
0.56035248
281.90023
281.96482
281.98687
281.93421
281.81449
281.62645
281.36451
281.026
280.60459
280.09563
279.49348
278.79178
277.98367
277.06224
276.01941
274.84713
273.53564
272.07566
270.45585
268.6647
266.68905
264.51494
262.12632
259.50558
256.63271
253.48541
250.03849
246.26394
242.13154
237.60962
232.66783
227.2822
221.44299
215.168
208.52028
201.62616
194.67983
187.91733
181.52983
175.51319
169.57257
163.14316
155.53045
146.17915
134.86592
121.48179
105.42148
85.765136
63.413997
41.945545
25.116985
14.334374
8.5241845
5.7127563
4.3506718
3.6007764
3.1033329
2.7236471
2.4121435
2.1483006
1.9219636
1.7266035
1.5572719
1.4099617
1.2813474
1.1686374
1.0694934
0.98199893
0.90465137
0.83635393
0.77637846
0.72426364
0.67967568
0.64223075
0.61137183
0.58635865
0.56633567
0.55042627
0.53782041
0.52782512
0.51988523
0.51357164
0.50854683
0.50454311
0.50134561
0.49876914
0.49666232
0.49490122
0.49339493
0.49208114
0.49091871
0.48987617
0.48892804
0.48805308
0.48723388
0.48645634
0.48570872
0.48498148
0.48426722
0.48356072
0.48285875
0.48216193
0.48147324
0.4807968
0.48014138
0.47951988
0.47895036
0.47845732
0.47807366
0.47784337
0.47782551
0.478101
0.47878232
0.48003108
0.48208913
0.48534905
0.49054007
0.49937591
0.51698555
0.5598045
261.28424
261.38256
261.43325
261.45158
261.40488
261.29428
261.12466
260.89056
260.59036
260.2176
259.76809
259.23657
258.61755
257.9045
257.09081
256.16888
255.13125
253.969
252.67301
251.23268
249.63734
247.87453
245.93064
243.79044
241.43708
238.85095
236.01013
232.88938
229.46018
225.69072
221.54715
216.99597
212.00873
206.57112
200.6969
194.44877
187.96006
181.44177
175.15479
169.31305
163.91908
158.66272
152.93818
145.97627
137.08329
125.77604
111.49787
93.451483
71.9706
49.930113
31.213164
18.13013
10.495225
6.6130405
4.7449002
3.7865488
3.2066116
2.791049
2.4610094
2.1858233
1.9515118
1.7501416
1.5761444
1.4251587
1.2936206
1.1785714
1.0775465
0.98853351
0.90995348
0.84064549
0.77982966
0.72700744
0.68182219
0.64387712
0.61260715
0.58726484
0.56698514
0.55088001
0.5381272
0.52802242
0.52000101
0.51362636
0.50855503
0.50451535
0.50128982
0.49869128
0.49656672
0.4947909
0.49327186
0.49194644
0.49077294
0.48971954
0.48876045
0.4878742
0.48704327
0.48625341
0.48549273
0.48475157
0.48402238
0.48329979
0.48258041
0.4818643
0.48115505
0.48045627
0.47977654
0.47912858
0.47853025
0.47800583
0.47758795
0.47732034
0.47726172
0.47749262
0.4781251
0.47932036
0.48131993
0.48451689
0.48964509
0.49844064
0.51611369
0.55926464
239.26565
239.3897
239.47845
239.5314
239.55908
239.56027
239.48348
239.35914
239.1829
238.95313
238.66457
238.31341
237.89476
237.40351
236.83389
236.17995
235.43411
234.58965
233.63784
232.56997
231.37593
230.0452
228.56577
226.92417
225.10566
223.09342
220.86829
218.40822
215.68788
212.67823
209.3462
205.65612
201.57145
197.05973
192.10186
186.70734
180.93734
174.93023
168.9111
163.16092
157.91028
153.16077
148.57593
143.48926
137.02441
128.28872
116.46039
100.67827
80.792317
58.880741
38.686496
23.247419
13.397994
8.0259085
5.3740434
4.0686397
3.3494369
2.8769679
2.5199337
2.2296167
1.9853983
1.77684
1.597372
1.4421323
1.3072452
1.1895389
1.0863962
0.99568771
0.91573802
0.84531058
0.78356785
0.72996918
0.68413128
0.64564271
0.61392792
0.58823061
0.56767514
0.55136027
0.53845057
0.52822935
0.52012172
0.51368266
0.50856243
0.50448514
0.50123042
0.49860903
0.49646618
0.49467532
0.49314331
0.49180614
0.49062151
0.48955722
0.48858716
0.48768965
0.48684705
0.48604493
0.48527128
0.4845163
0.48377231
0.48303377
0.48229716
0.48156196
0.48083227
0.48011137
0.47940755
0.47873339
0.47810653
0.47755102
0.47709927
0.47679471
0.47669574
0.47688253
0.4774667
0.47860906
0.48055083
0.48368568
0.48875217
0.49750928
0.51524875
0.55873271
215.9928
216.13692
216.25761
216.35144
216.4199
216.46892
216.49985
216.51161
216.48633
216.39849
216.26797
216.09486
215.87602
215.60732
215.28427
214.90128
214.45322
213.93281
213.33367
212.64752
211.86561
210.97836
209.97491
208.8433
207.57002
206.14027
204.53688
202.74074
200.72928
198.47694
195.954
193.1266
189.95727
186.40677
182.43901
178.0303
173.18568
167.96365
162.50534
157.04649
151.88296
147.2547
143.15387
139.20536
134.6585
128.48737
119.53358
106.65862
89.216624
68.37746
47.428148
29.866944
17.544508
10.217725
6.3973228
4.522715
3.5612848
2.9921648
2.5936452
2.2818007
2.0246982
1.8073308
1.6213594
1.4611491
1.3224035
1.2016723
1.0961393
1.0035287
0.92205015
0.8503785
0.7876129
0.73316326
0.68661403
0.64753511
0.61533955
0.58925975
0.56840781
0.55186826
0.53879109
0.52844608
0.52024728
0.51374031
0.50856866
0.50445206
0.50116697
0.4985219
0.49636024
0.49455397
0.49300878
0.49165974
0.49046391
0.48938872
0.48840769
0.48749895
0.48664472
0.48583042
0.4850439
0.48427522
0.48351655
0.48276222
0.48200853
0.48125449
0.48050451
0.47976169
0.47903403
0.47833392
0.47767882
0.47709255
0.47660728
0.47626616
0.47612729
0.47627045
0.47680687
0.47789695
0.47978164
0.48285522
0.48786117
0.49658174
0.51439063
0.55820855
191.91988
192.07158
192.20767
192.33129
192.44079
192.5357
192.6149
192.68269
192.7409
192.78876
192.82538
192.84978
192.86087
192.85081
192.79449
192.68504
192.51549
192.30227
192.03887
191.71902
191.33531
190.87898
190.34034
189.70828
188.97025
188.11242
187.11942
185.97361
184.65527
183.14134
181.40585
179.41836
177.14422
174.54464
171.57806
168.20503
164.39774
160.15646
155.53597
150.67792
145.8247
141.28125
137.28889
133.82032
130.44703
126.30599
120.17332
110.59626
96.374169
77.702875
57.039908
37.970968
23.197146
13.51622
8.0534266
5.2778885
3.9005175
3.1584525
2.6896883
2.3458532
2.0710349
1.8424676
1.6486249
1.482559
1.339336
1.2151298
1.1068771
1.012121
0.92893253
0.8558806
0.79198698
0.73660564
0.68928247
0.64956352
0.61684795
0.59035571
0.56918514
0.55240499
0.5391492
0.52867271
0.52037761
0.51379907
0.50857334
0.50441565
0.50109895
0.49842938
0.49624834
0.49442631
0.49286773
0.4915067
0.49029961
0.48921349
0.4882215
0.48730156
0.48643577
0.48560937
0.48481007
0.48402781
0.48325461
0.48248465
0.48171407
0.48094142
0.4801713
0.47940679
0.47865555
0.47792977
0.47724672
0.47663004
0.47611162
0.47573436
0.47555605
0.47565609
0.47614533
0.47718378
0.47901215
0.48202534
0.48697193
0.49565787
0.51353914
0.55769195
168.09456
168.23757
168.37826
168.51611
168.65039
168.78196
168.91105
169.03717
169.16
169.27885
169.39301
169.50174
169.60586
169.70704
169.80396
169.89498
169.97819
170.0514
170.11212
170.1576
170.18498
170.19139
170.14125
170.0073
169.76731
169.42476
168.98642
168.43673
167.75753
166.9279
165.92374
164.71843
163.2811
161.57653
159.56499
157.20357
154.45003
151.27235
147.66569
143.67978
139.45395
135.23244
131.32283
127.95892
125.08244
122.19357
118.28633
111.90382
101.38764
85.909692
66.795197
47.228704
30.437074
18.235592
10.658651
6.5393322
4.4698787
3.4197088
2.8242908
2.4275693
2.1270679
1.8835381
1.6798661
1.5067717
1.358297
1.2300788
1.1187208
1.0215372
0.936434
0.86185231
0.79671644
0.74031526
0.69214866
0.65173539
0.61845784
0.59152142
0.57000886
0.55297146
0.53952536
0.5289093
0.52051255
0.51385862
0.50857601
0.50437539
0.50102581
0.49833089
0.49612991
0.49429176
0.49271958
0.49134643
0.49012803
0.48903096
0.48802803
0.48709691
0.48621962
0.48538121
0.48456925
0.48377353
0.48298596
0.48220053
0.48141325
0.48062223
0.47983214
0.4790462
0.47827164
0.47752048
0.47680982
0.47616307
0.47561191
0.47519894
0.47498166
0.47503914
0.47548181
0.47646931
0.47824211
0.48119583
0.4860843
0.49473758
0.51269424
0.55718274
145.89615
146.02394
146.15518
146.29156
146.43323
146.58113
146.73568
146.89719
147.06714
147.24557
147.43221
147.6272
147.83119
148.04296
148.26197
148.48707
148.71665
148.94812
149.17865
149.40404
149.61876
149.81853
150.00705
150.17841
150.32594
150.44287
150.52268
150.55947
150.52958
150.34855
149.97164
149.44
148.73228
147.81663
146.65661
145.21224
143.43999
141.29597
138.74451
135.77509
132.43082
128.84535
125.25927
121.97568
119.2111
116.86279
114.34027
110.47083
103.56549
91.994121
75.690666
56.932916
39.012307
24.529116
14.53884
8.590431
5.4384899
3.8565218
3.0301438
2.5386736
2.197212
1.932545
1.7160573
1.5343213
1.3796055
1.2467183
1.1317997
1.0318654
0.94461322
0.86832974
0.80182453
0.74430699
0.6952227
0.65405767
0.62017388
0.59275993
0.57088091
0.55356866
0.53991996
0.52915593
0.52065182
0.51391852
0.50857621
0.5043307
0.50094693
0.49822577
0.49600429
0.49414968
0.49256368
0.49117831
0.48994854
0.48884051
0.48782665
0.4868844
0.48599568
0.48514533
0.48432083
0.4835118
0.48271001
0.4819093
0.48110552
0.4802964
0.47948653
0.4786794
0.4778818
0.47710558
0.47636765
0.47569121
0.47510771
0.4746595
0.47440377
0.47441925
0.47481597
0.47575323
0.47747127
0.48036649
0.48519809
0.49382072
0.51185577
0.55668074
126.76633
126.86508
126.97225
127.08642
127.21052
127.34454
127.48997
127.64763
127.81781
128.00164
128.20066
128.41496
128.64507
128.89209
129.15598
129.43704
129.7348
130.04906
130.3785
130.72148
131.07581
131.43824
131.80457
132.16947
132.52597
132.86544
133.17638
133.44835
133.68706
133.87958
134.01371
134.08037
134.06415
133.8348
133.35484
132.66218
131.71613
130.47221
128.88598
126.9193
124.55622
121.83111
118.86759
115.89656
113.20878
110.99226
109.08686
106.79543
102.765
95.142739
82.632532
66.07764
48.28064
32.236119
19.898582
11.746316
7.0506836
4.6050634
3.3695905
2.7032681
2.289741
1.9927734
1.7586929
1.5659388
1.4036625
1.2652837
1.146256
1.0431929
0.95352422
0.87534672
0.80733257
0.74859479
0.69851392
0.65653675
0.62200045
0.59407408
0.57180287
0.55419744
0.5403333
0.52941289
0.52079521
0.51397815
0.50857329
0.50428092
0.50086163
0.49811335
0.49587078
0.49399936
0.49239934
0.49100164
0.48976047
0.48864146
0.48761669
0.48666336
0.48576327
0.4849011
0.48406416
0.48324198
0.48242614
0.48161035
0.48079028
0.47996334
0.47913387
0.47830584
0.4774855
0.47668454
0.4759197
0.47521398
0.47459859
0.47411562
0.47382197
0.47379605
0.4741475
0.47503526
0.47669938
0.47953708
0.48431313
0.49290714
0.51102359
0.55618578
111.56617
111.63146
111.70281
111.78376
111.87304
111.97257
112.08306
112.20524
112.34035
112.48964
112.65343
112.83359
113.03053
113.24546
113.47975
113.73378
114.00886
114.30509
114.62331
114.96325
115.3247
115.70653
116.1072
116.52401
116.95363
117.39102
117.82993
118.26229
118.67808
119.06466
119.4057
119.69434
119.92939
120.09321
120.17152
120.13921
119.85206
119.29551
118.48077
117.36245
115.90175
114.07872
111.91873
109.53156
107.13218
104.99059
103.25358
101.69192
99.490633
95.124363
86.707076
73.53223
57.258331
40.780912
26.641261
16.220302
9.5827297
5.8625931
3.9467997
2.9676306
2.4217406
2.0696961
1.8100199
1.6026505
1.430957
1.2860315
1.1622343
1.0556032
0.96321611
0.88293338
0.81325952
0.75319112
0.70203141
0.65917914
0.62394201
0.59546684
0.57277666
0.55485879
0.54076568
0.52968016
0.52094248
0.51403694
0.50856661
0.50422533
0.50076915
0.49799284
0.49572862
0.49384004
0.49222582
0.49081571
0.48956306
0.48843307
0.48739743
0.48643307
0.48552169
0.48464779
0.48379857
0.48296338
0.48213368
0.48130301
0.48046689
0.4796224
0.47877356
0.47792491
0.47708216
0.47625681
0.47546545
0.47473086
0.47408404
0.47356683
0.47323583
0.47316915
0.473476
0.47431505
0.47592613
0.47870735
0.48342919
0.49199669
0.51019755
0.55569766
100.04465
100.07419
100.11045
100.15224
100.20119
100.25825
100.32299
100.39712
100.48113
100.57589
100.68267
100.80194
100.9356
101.08437
101.24945
101.43233
101.63414
101.85618
102.09948
102.36496
102.65323
102.96515
103.30074
103.65995
104.04172
104.44447
104.86528
105.30009
105.7432
106.18685
106.62129
107.03409
107.40972
107.7281
107.99303
108.1911
108.30164
108.31384
108.09533
107.5911
106.82952
105.77187
104.3969
102.72302
100.84445
98.955235
97.296205
95.959056
94.629612
92.368609
87.514531
78.340494
64.853347
49.264363
34.277434
21.962261
13.232772
7.8554135
4.9126305
3.407693
2.6260931
2.1749397
1.8733735
1.645841
1.4621561
1.3092816
1.1798981
1.0691858
0.97374079
0.89112091
0.81962509
0.75810914
0.7057839
0.66199112
0.62600316
0.59694126
0.57380406
0.55555361
0.54121744
0.52995764
0.52109333
0.51409428
0.50855538
0.50416312
0.50066865
0.49786342
0.49557697
0.4936709
0.49204231
0.49061967
0.48935554
0.48821456
0.48716808
0.48619274
0.48527017
0.48438466
0.48352328
0.48267526
0.48183191
0.48098658
0.48013464
0.47927291
0.47840493
0.47753598
0.47667114
0.47582179
0.4750043
0.4742413
0.47356355
0.47301265
0.4726449
0.4725381
0.47280112
0.47359226
0.47515122
0.47787703
0.48254609
0.49108921
0.50937752
0.55521622
91.290732
91.292167
91.296745
91.304726
91.316402
91.332075
91.353688
91.381574
91.415957
91.457655
91.507418
91.565939
91.633991
91.712682
91.80317
91.906525
92.023897
92.15653
92.305707
92.473007
92.659845
92.867554
93.097492
93.350617
93.627934
93.929694
94.255838
94.605185
94.975602
95.363566
95.763699
96.168705
96.568747
96.950964
97.299857
97.595064
97.841942
98.02307
98.11688
98.105294
97.852927
97.336496
96.572494
95.541519
94.25966
92.808536
91.357458
90.110943
89.093116
87.880553
85.40281
79.935292
70.100764
56.639454
41.989226
28.564648
17.977362
10.749433
6.4394558
4.1317624
2.9549544
2.330556
1.9563318
1.6973366
1.4979531
1.3354359
1.1994495
1.0840429
0.98515299
0.89994069
0.82644808
0.7633613
0.70978114
0.66497999
0.62818915
0.59850112
0.57488753
0.55628326
0.54169027
0.53024533
0.52124665
0.51414945
0.50853881
0.50409342
0.50055925
0.49772417
0.49541493
0.49349104
0.4918479
0.4904127
0.48913706
0.48798508
0.48692781
0.48594156
0.48500787
0.48411088
0.48323751
0.48237684
0.48152003
0.48066029
0.47979279
0.47891413
0.47802727
0.47713834
0.47625178
0.47537881
0.47453564
0.47374471
0.47303654
0.47245252
0.47204867
0.47190246
0.47212241
0.4728665
0.47437431
0.47704585
0.48166357
0.49018451
0.50856333
0.55474125
83.8635
83.833342
83.806569
83.783157
83.763691
83.747883
83.737863
83.73756
83.741074
83.748603
83.760538
83.777308
83.799395
83.828336
83.865467
83.911678
83.967939
84.035363
84.115087
84.208614
84.317608
84.443908
84.589551
84.755685
84.943095
85.153223
85.387232
85.645804
85.929029
86.235965
86.564514
86.910978
87.269692
87.632663
87.989303
88.326247
88.627099
88.883232
89.089373
89.228001
89.279473
89.182152
88.844943
88.283834
87.503494
86.522517
85.416128
84.331359
83.428655
82.649871
81.441677
78.598524
72.398097
62.026169
48.869145
35.340732
23.498541
14.538441
8.6553949
5.2620599
3.4810065
2.5701315
2.072711
1.761877
1.5392037
1.3646581
1.2211051
1.1003076
0.99752597
0.90943438
0.83375456
0.76896497
0.71403539
0.66815495
0.63050698
0.60015113
0.57603
0.55704949
0.5421849
0.53054359
0.52140198
0.51420168
0.50851597
0.50401524
0.50043992
0.49757409
0.49524151
0.49329951
0.49164168
0.49019383
0.48890667
0.48774372
0.48667569
0.4856786
0.48473391
0.48382556
0.48294036
0.48206725
0.48119722
0.48032331
0.47944053
0.47854526
0.47763979
0.47673125
0.47582335
0.47492718
0.47405879
0.47324043
0.47250241
0.47188588
0.47144659
0.47126171
0.47143941
0.47213737
0.47359503
0.47621347
0.48078138
0.48928242
0.50775482
0.55427257
77.771096
77.725533
77.682485
77.641784
77.603697
77.568124
77.535104
77.504643
77.47709
77.452273
77.430572
77.412044
77.400333
77.397916
77.400643
77.407492
77.41901
77.435838
77.458717
77.488497
77.526132
77.573804
77.634049
77.708712
77.79949
77.908489
78.037631
78.189496
78.36749
78.570991
78.80041
79.055289
79.333632
79.631548
79.942723
80.258127
80.565443
80.848841
81.093675
81.298277
81.44675
81.521716
81.496836
81.273993
80.844277
80.23974
79.483932
78.651635
77.872473
77.251947
76.629428
75.301021
71.914362
64.898817
54.157394
41.524331
29.238969
18.979784
11.556993
6.8855079
4.2821109
2.9378101
2.2421536
1.8472457
1.5887528
1.397362
1.2445749
1.1179089
1.0109121
0.91964834
0.84157795
0.77494532
0.7185651
0.67152971
0.63296635
0.60189819
0.57723595
0.55785728
0.54270266
0.53085104
0.52155873
0.51425012
0.50848587
0.50392753
0.50030961
0.49741211
0.49505566
0.49309525
0.49142259
0.48996207
0.4886634
0.48748949
0.48641075
0.4854029
0.48444731
0.48352775
0.4826309
0.48174556
0.48086255
0.47997475
0.47907699
0.47816545
0.47724169
0.47631389
0.47538506
0.47446613
0.47357301
0.47272776
0.47196049
0.47131211
0.47083809
0.47061533
0.47075165
0.47140442
0.47281301
0.47537959
0.47989926
0.48838272
0.50695183
0.55381001
72.555611
72.506553
72.45963
72.41501
72.37197
72.330964
72.29171
72.254169
72.218166
72.183909
72.151098
72.119871
72.089999
72.061683
72.034792
72.009447
71.98565
71.964491
71.948948
71.939941
71.939012
71.942231
71.949996
71.963434
71.983885
72.012928
72.052371
72.104224
72.170614
72.255381
72.363337
72.496779
72.657406
72.845571
73.059798
73.296094
73.547339
73.802557
74.046522
74.265354
74.453331
74.594582
74.672797
74.675193
74.514162
74.172743
73.691868
73.10995
72.504278
71.982343
71.609936
71.049955
69.435588
65.296437
57.447045
46.53995
34.63372
23.692147
15.004416
9.0213646
5.4237112
3.4844137
2.4916015
1.9650296
1.6509956
1.4352991
1.270476
1.1367799
1.0251083
0.93050311
0.84992563
0.78133365
0.72339636
0.67512379
0.63558074
0.60375147
0.57851513
0.55870966
0.54324278
0.53116781
0.52171641
0.51429391
0.50844747
0.50382914
0.50016712
0.49723705
0.49485622
0.49287715
0.49118957
0.48971633
0.48840615
0.48722134
0.48613193
0.4851134
0.48414702
0.48321642
0.48230812
0.48141078
0.48051506
0.47961365
0.47870123
0.47777378
0.47683204
0.47588539
0.47493607
0.47399486
0.47307754
0.47220597
0.47141006
0.47073052
0.47022255
0.46996273
0.47005858
0.47066717
0.47202781
0.47454383
0.47901692
0.48748521
0.5061542
0.55335337
68.10515
68.057786
68.012212
67.968374
67.926096
67.885472
67.846138
67.808356
67.771786
67.736337
67.702066
67.668675
67.636096
67.604046
67.572479
67.540968
67.509429
67.477431
67.444789
67.411224
67.376469
67.34033
67.302663
67.263573
67.223281
67.182227
67.143379
67.1113
67.09079
67.089256
67.099059
67.122557
67.163186
67.224314
67.309041
67.418941
67.553913
67.713924
67.890363
68.07217
68.249267
68.406703
68.527948
68.597184
68.600657
68.463463
68.184601
67.797489
67.359799
66.944375
66.680147
66.502164
65.870286
63.757186
58.682532
50.077676
39.270542
28.296884
18.776889
11.61895
6.9455483
4.2624381
2.8555225
2.1321456
1.7329686
1.4811072
1.2998052
1.1574185
1.040376
0.94206166
0.85875628
0.78808641
0.72851751
0.67894388
0.63836488
0.60572438
0.57986886
0.55960503
0.54380611
0.5314941
0.52187448
0.51433212
0.50839962
0.50371886
0.50001121
0.49704766
0.49464197
0.492644
0.4909414
0.48945545
0.48813379
0.48693809
0.48583809
0.48480896
0.48383194
0.48289045
0.48197092
0.48106183
0.48015368
0.47923898
0.47831223
0.47736924
0.4764099
0.47544482
0.47447546
0.47351249
0.47257152
0.47167424
0.47085038
0.47014041
0.46959928
0.46930328
0.46935964
0.46992512
0.471239
0.47370581
0.47813405
0.48658963
0.50536167
0.55290244
64.309174
64.266689
64.225619
64.185578
64.14692
64.109291
64.07289
64.037427
64.003147
63.969928
63.937625
63.906299
63.875799
63.845912
63.816466
63.787114
63.75747
63.727039
63.695226
63.661285
63.624459
63.583809
63.538426
63.487355
63.429713
63.364805
63.292192
63.21193
63.124574
63.031391
62.934217
62.835785
62.739631
62.649746
62.570379
62.527572
62.531145
62.560424
62.61697
62.699405
62.802613
62.916865
63.02778
63.117637
63.168281
63.160285
63.033768
62.799458
62.495013
62.188169
61.994601
61.979578
61.896544
61.019425
58.149073
52.032361
42.905691
32.503883
22.643126
14.578018
8.8558266
5.3199159
3.3749577
2.3719418
1.8453938
1.5391064
1.3341926
1.1804422
1.0569843
0.95448841
0.86819452
0.79527931
0.73396275
0.68300128
0.64131946
0.60781573
0.5813006
0.56054729
0.54439439
0.53183039
0.52203256
0.51436385
0.50834114
0.50359535
0.49984051
0.49684262
0.49441159
0.49239452
0.49067684
0.48917817
0.48784505
0.48663854
0.48552799
0.48448837
0.48350083
0.48254865
0.48161812
0.48069755
0.47977729
0.47884963
0.47790892
0.47695078
0.47597421
0.47499116
0.47400226
0.47301806
0.47205403
0.47113169
0.47028059
0.46954098
0.46896756
0.46863633
0.46865422
0.46917772
0.47044608
0.47286512
0.4772503
0.48569573
0.50457408
0.55245705
61.186932
61.147925
61.109256
61.070756
61.032272
60.99393
60.955507
60.917148
60.878804
60.840593
60.802523
60.764651
60.727064
60.689771
60.652733
60.615914
60.57915
60.542205
60.504652
60.465956
60.425374
60.381954
60.334544
60.281698
60.221814
60.153092
60.073618
59.981453
59.874865
59.752392
59.61328
59.457607
59.286743
59.103712
58.913579
58.72373
58.542943
58.379293
58.241117
58.132415
58.084779
58.093759
58.131557
58.185193
58.237504
58.268474
58.249997
58.137821
57.949343
57.738535
57.612023
57.660846
57.800055
57.670902
56.32834
52.485638
45.412516
36.101259
26.381115
17.756428
11.121041
6.6890067
4.093281
2.7139826
2.0033772
1.6158693
1.3762286
1.2068315
1.0753249
0.96796584
0.87834355
0.80297907
0.7397775
0.6873282
0.64446656
0.6100391
0.58281855
0.5615417
0.54501008
0.5321773
0.52219024
0.51438812
0.50827077
0.50345725
0.49965363
0.4966205
0.4941637
0.49212735
0.49039454
0.48888317
0.48753863
0.48632132
0.4852003
0.4841503
0.48315239
0.48218973
0.48124845
0.48031671
0.47938465
0.47844441
0.47749011
0.47651724
0.47552387
0.47452332
0.47351541
0.47251055
0.4715241
0.4705774
0.46969982
0.46893141
0.46832661
0.46796113
0.46794165
0.46842436
0.46964853
0.47202132
0.47636533
0.48480325
0.50379123
0.55201698
58.474666
58.438231
58.400963
58.362744
58.323412
58.282827
58.241008
58.197873
58.153434
58.107596
58.060574
58.012356
57.963117
57.912921
57.861961
57.810306
57.758122
57.705424
57.652234
57.598442
57.543799
57.487885
57.430007
57.369266
57.30439
57.233787
57.155474
57.067102
56.965916
56.848977
56.713172
56.555556
56.373645
56.165869
55.932109
55.67432
55.397018
55.107566
54.816803
54.539127
54.293377
54.091137
53.93238
53.83275
53.79784
53.802413
53.811029
53.793323
53.719083
53.610536
53.561586
53.64473
53.863736
54.084385
53.692356
51.629199
46.703712
38.944038
29.834633
21.028629
13.695178
8.3941476
5.0592094
3.1973358
2.2290282
1.7216658
1.4301685
1.238255
1.0960565
0.98278258
0.88935144
0.81127268
0.74601682
0.6919606
0.64783001
0.61241024
0.58443178
0.56259315
0.54565592
0.53253569
0.52234723
0.51440397
0.5081872
0.5033031
0.49944906
0.49637982
0.49389685
0.49184105
0.49009308
0.48856901
0.48721307
0.48598502
0.48485359
0.48379332
0.48278522
0.4818123
0.48086054
0.47991795
0.47897447
0.47802202
0.47705456
0.47606738
0.47505767
0.47404013
0.47301376
0.47198888
0.47098068
0.47001035
0.46910711
0.46831079
0.46767558
0.46727692
0.46722122
0.46766442
0.46884579
0.47117393
0.47547875
0.48391191
0.50301286
0.55158204
55.021706
54.984826
54.946737
54.907524
54.867015
54.825024
54.781661
54.736676
54.690178
54.64225
54.592821
54.542105
54.490212
54.437422
54.383949
54.330172
54.276384
54.223091
54.170573
54.11925
54.069284
54.020689
53.973318
53.927094
53.881705
53.836442
53.790198
53.741361
53.687679
53.62617
53.553178
53.464233
53.354288
53.217864
53.049511
52.84443
52.599452
52.314183
51.992022
51.640843
51.273737
50.909344
50.570044
50.278499
50.047663
49.87592
49.77574
49.729035
49.70825
49.708908
49.749863
49.880135
50.140843
50.498474
50.664554
49.815474
46.816746
40.911463
32.846045
24.247016
16.492599
10.429925
6.3139111
3.8669001
2.5518512
1.8715143
1.5025612
1.2773121
1.1201739
0.99933331
0.90139504
0.8202526
0.75273502
0.69693266
0.65143227
0.61494414
0.5861503
0.56370726
0.54633459
0.5329067
0.52250319
0.51441042
0.50808911
0.50313142
0.49922529
0.49611907
0.49360951
0.49153411
0.48977094
0.48823418
0.48686686
0.4856281
0.48448629
0.48341589
0.48239779
0.48141485
0.48045294
0.47949985
0.47854533
0.47758109
0.47660091
0.47559987
0.47457432
0.47354034
0.47249611
0.47145186
0.47042261
0.46942946
0.46850142
0.46767814
0.46701356
0.46658286
0.46649217
0.46689719
0.46803726
0.47032242
0.47459013
0.48302137
0.50223872
0.55115201
51.288156
51.248985
51.208916
51.167553
51.125154
51.081456
51.036422
50.99011
50.942449
50.893415
50.843124
50.791491
50.738641
50.68469
50.62972
50.573941
50.517543
50.460767
50.403999
50.347556
50.291928
50.237494
50.184762
50.134036
50.085429
50.0386
49.993617
49.950256
49.908028
49.865912
49.822295
49.77488
49.72049
49.655081
49.573724
49.47064
49.33923
49.172487
48.963926
48.708896
48.406311
48.060769
47.684336
47.297084
46.925318
46.596993
46.33471
46.144223
46.045915
46.05161
46.127322
46.295282
46.589382
47.027642
47.444153
47.38504
45.853397
41.826473
35.196104
27.208715
19.360467
12.729748
7.8651896
4.7600991
3.0047573
2.0846589
1.602481
1.3277511
1.149103
1.0181417
0.91467914
0.83001299
0.75998462
0.70227804
0.65529589
0.61765602
0.58798398
0.56489012
0.54704896
0.53329132
0.52265808
0.51440657
0.50797517
0.50294073
0.49898078
0.4958367
0.49330014
0.49120498
0.48942653
0.48787706
0.48649834
0.48524888
0.48409676
0.48301636
0.48198846
0.48099578
0.48002404
0.47906084
0.4780957
0.47712013
0.47612771
0.47511328
0.47407241
0.47302258
0.47196113
0.4708982
0.46984869
0.46883355
0.46788165
0.46703242
0.46633959
0.46587804
0.46575367
0.46612196
0.46722229
0.46946626
0.47369904
0.48213133
0.50146859
0.55072668
48.81776
48.801764
48.785858
48.770382
48.754806
48.739317
48.723752
48.708139
48.692175
48.675835
48.658953
48.641276
48.622552
48.60248
48.580762
48.556984
48.530767
48.501671
48.469249
48.433023
48.392508
48.3473
48.296939
48.241077
48.179363
48.111482
48.037158
47.956161
47.868262
47.773267
47.670839
47.56047
47.441583
47.31308
47.173053
47.018697
46.846108
46.65064
46.426856
46.168951
45.871606
45.531419
45.148735
44.729555
44.287943
43.847934
43.440973
43.099371
42.850751
42.7282
42.766328
42.927075
43.24034
43.72472
44.295709
44.654507
44.123205
41.712062
36.721356
29.718815
22.120241
15.177024
9.6781621
5.8956414
3.6192267
2.384044
1.7421297
1.3949955
1.1849828
1.0399961
0.92949387
0.84067262
0.76782419
0.70803126
0.65944418
0.62056212
0.58994378
0.56614878
0.5478031
0.53369097
0.52281191
0.51439148
0.50784417
0.50272968
0.4987141
0.4955312
0.49296719
0.49085203
0.48905819
0.48749593
0.48610577
0.48484559
0.48368319
0.48259293
0.48155545
0.48055335
0.47957216
0.47859928
0.47762398
0.47663756
0.4756334
0.47460607
0.47355047
0.4724854
0.47140742
0.47032656
0.46925759
0.46822137
0.4672466
0.46637251
0.4656526
0.4651615
0.46500484
0.46533791
0.46640017
0.46860485
0.47280499
0.48124139
0.50070217
0.55030581
43.521038
43.513315
43.50824
43.508466
43.511324
43.517555
43.528683
43.544692
43.566807
43.595375
43.630981
43.674648
43.727103
43.789161
43.861833
43.945971
44.04255
44.152361
44.276036
44.414042
44.566307
44.732055
44.909619
45.095804
45.285488
45.470725
45.64398
45.800995
45.937718
46.050085
46.133859
46.18469
46.202728
46.17474
46.100809
45.977587
45.802689
45.574645
45.291799
44.953915
44.561121
44.114275
43.615614
43.069936
42.486712
41.883077
41.286021
40.732364
40.265919
39.932605
39.769831
39.833657
40.089058
40.570422
41.219093
41.826379
41.950814
40.770675
37.388473
31.661213
24.642373
17.662604
11.702238
7.2806589
4.427145
2.7982398
1.9385471
1.4872428
1.2312804
1.0662514
0.94635286
0.85243926
0.77635206
0.71424747
0.66391108
0.62368406
0.59204345
0.56749108
0.54860131
0.53410759
0.52296501
0.51436475
0.50769517
0.50249708
0.49842391
0.49520116
0.49260912
0.49047364
0.48866419
0.48708896
0.48568723
0.48441628
0.48324365
0.48214367
0.48109687
0.48008569
0.47909547
0.47811336
0.47712842
0.47613167
0.47511631
0.47407658
0.47300689
0.47192723
0.47083345
0.46973544
0.46864789
0.46759156
0.46659498
0.4656972
0.46495147
0.46443219
0.46424474
0.4645442
0.46557017
0.46773755
0.47190748
0.4803512
0.49993918
0.5498892
37.923151
37.913546
37.908177
37.908391
37.912098
37.92079
37.935179
37.955813
37.983025
38.017559
38.059993
38.110965
38.171286
38.241676
38.322906
38.416001
38.521751
38.641243
38.775569
38.92589
39.093436
39.279754
39.486076
39.713217
39.961408
40.23018
40.51805
40.822232
41.137938
41.457728
41.773172
42.078002
42.365262
42.627089
42.854996
43.039716
43.171499
43.239837
43.251327
43.164218
42.983561
42.703359
42.319089
41.831204
41.246796
40.580331
39.856565
39.113458
38.403821
37.792898
37.352675
37.146733
37.232584
37.598809
38.233758
38.985198
39.511916
39.205597
37.214133
32.919966
26.787986
20.056956
13.850851
8.890936
5.4468226
3.3553921
2.2121077
1.6153748
1.2928686
1.0988454
0.96597612
0.86557634
0.78567126
0.72097414
0.66872385
0.62704026
0.59429558
0.56892588
0.5494487
0.53454378
0.52311807
0.51432638
0.50752778
0.50224222
0.49810925
0.49484534
0.49222449
0.49006815
0.4882427
0.48665421
0.48524071
0.48395889
0.48277602
0.48166648
0.48061065
0.47959079
0.47859201
0.4776012
0.47660714
0.47560062
0.47457466
0.47352306
0.47243994
0.4713464
0.4702376
0.46912328
0.46801809
0.46694268
0.46592542
0.46500518
0.46423498
0.46368899
0.46347232
0.46373991
0.46473147
0.46686368
0.47100595
0.47946032
0.49917932
0.54947659
34.30268
34.286973
34.273842
34.263674
34.256616
34.253285
34.254755
34.260168
34.270717
34.286933
34.309632
34.339362
34.376875
34.423014
34.478688
34.544755
34.622272
34.712354
34.81616
34.934983
35.070229
35.223263
35.395213
35.586554
35.796809
36.02637
36.275332
36.543358
36.82965
37.132717
37.450354
37.779539
38.116267
38.455474
38.790906
39.115054
39.419052
39.692632
39.92413
40.099427
40.204224
40.236759
40.158865
39.96466
39.640505
39.178673
38.580904
37.864665
37.070923
36.267494
35.548493
35.02323
34.790573
34.92071
35.413104
36.174395
36.936223
37.214684
36.308431
33.422281
28.420503
22.217128
16.002022
10.65967
6.6683288
4.073935
2.5832111
1.7923654
1.3761877
1.1405298
0.98941411
0.88046187
0.79592578
0.72827752
0.67392008
0.63065459
0.59671655
0.57046336
0.55035179
0.53500331
0.52327374
0.51427774
0.50734259
0.50196502
0.49776951
0.49446273
0.49181192
0.48963391
0.48779182
0.48618961
0.48476399
0.48347112
0.48227803
0.48115911
0.48009459
0.4790665
0.47805968
0.47706074
0.47605816
0.47504247
0.47400651
0.4729436
0.47184778
0.47074112
0.46961811
0.46848837
0.46736654
0.46627315
0.46523644
0.46429506
0.46350184
0.46293069
0.4626865
0.46292406
0.46388321
0.4659825
0.4700998
0.47856831
0.49842224
0.54906775
31.227703
31.215111
31.204979
31.197996
31.194223
31.194937
31.199014
31.207634
31.221219
31.240366
31.265477
31.297165
31.336041
31.382692
31.437697
31.501731
31.57555
31.659764
31.755141
31.862434
31.982394
32.115825
32.263481
32.426163
32.604579
32.799344
33.011011
33.239963
33.486358
33.750045
34.030478
34.326586
34.636681
34.958265
35.287947
35.621218
35.952362
36.274363
36.578772
36.855441
37.092453
37.275998
37.388933
37.426175
37.349028
37.147981
36.807715
36.319367
35.686126
34.934488
34.128899
33.380766
32.834923
32.630025
32.85745
33.492877
34.337518
34.985635
34.86239
33.186509
29.436355
24.021796
18.039877
12.502673
8.0597323
4.9610552
3.0710954
2.0334372
1.4897015
1.1951977
1.0182838
0.89771121
0.80734485
0.7362506
0.67954631
0.63455768
0.59932893
0.57212113
0.55132246
0.53549331
0.52343686
0.51422223
0.50714164
0.50166636
0.49740473
0.49405267
0.49137019
0.48916922
0.48730953
0.48569285
0.48425467
0.48295052
0.48174719
0.48061912
0.4795463
0.4785105
0.47749624
0.4764898
0.47547933
0.47445513
0.47340983
0.47233616
0.47122844
0.47010946
0.46897309
0.46782889
0.46669148
0.46558131
0.46452644
0.46356535
0.46275064
0.462156
0.46188609
0.46209557
0.46302446
0.46509323
0.46918839
0.4776747
0.49766758
0.54866241
28.079739
28.075816
28.075626
28.078393
28.085267
28.096658
28.112915
28.134669
28.162425
28.196723
28.238218
28.287529
28.345164
28.411918
28.488354
28.575119
28.672782
28.782009
28.903241
29.037
29.183693
29.343618
29.517051
29.704087
29.904754
30.11895
30.346442
30.586891
30.839783
31.104508
31.380264
31.66609
31.960788
32.262931
32.570711
32.881833
33.19333
33.501268
33.800535
34.08468
34.345731
34.57399
34.757776
34.883184
34.935445
34.907527
34.755841
34.473329
34.044917
33.466731
32.758484
31.981875
31.256975
30.754439
30.643867
31.018056
31.787763
32.632508
33.037509
32.33356
29.820227
25.391476
19.870395
14.332144
9.569325
6.0075288
3.6891276
2.3542042
1.6436064
1.268068
1.0548425
0.91824334
0.82029419
0.74505631
0.68569398
0.63880827
0.60217177
0.57392435
0.5523781
0.5360274
0.52361702
0.51416642
0.50692889
0.50134846
0.49701578
0.49361494
0.49089823
0.48867237
0.48679368
0.48516153
0.48371009
0.48239435
0.48118081
0.48004385
0.47896321
0.47792031
0.4768993
0.47588605
0.4748684
0.47383638
0.47278242
0.47169858
0.47057979
0.46944935
0.46830053
0.46714289
0.46599104
0.46486536
0.4637937
0.46281441
0.46197988
0.46136353
0.46106983
0.46125332
0.46215422
0.46419501
0.46827104
0.47677895
0.49691501
0.54826031
25.189435
25.183794
25.180415
25.179491
25.181116
25.185723
25.193874
25.205927
25.222474
25.243955
25.271132
25.304544
25.34513
25.393544
25.450716
25.517708
25.595455
25.685051
25.78774
25.904683
26.037201
26.186646
26.354377
26.541827
26.750423
26.981617
27.236866
27.516369
27.819339
28.143609
28.48518
28.83778
29.198049
29.563161
29.929897
30.29474
30.653822
31.002984
31.33769
31.652942
31.943123
32.201698
32.420935
32.591666
32.702925
32.746329
32.704738
32.553255
32.279487
31.868761
31.316381
30.639157
29.897301
29.219946
28.801852
28.848293
29.393842
30.254927
30.981303
30.997274
29.56034
26.238872
21.414147
16.079345
11.149322
7.2007972
4.4507619
2.7741669
1.8521643
1.3669537
1.1027827
0.94361545
0.83540703
0.75495691
0.69248224
0.64347448
0.60529632
0.57591432
0.55354976
0.53662847
0.52383064
0.51412066
0.50671055
0.50101483
0.49660416
0.49314955
0.49039496
0.48814144
0.48624171
0.48459276
0.4831273
0.48179962
0.48057591
0.47943044
0.47834259
0.47729331
0.4762663
0.47524701
0.47422294
0.47318383
0.47212195
0.47102851
0.46989958
0.46875858
0.46759825
0.46642826
0.46526321
0.46412334
0.4630364
0.46204054
0.46118793
0.4605518
0.46023636
0.46039608
0.46127142
0.46328694
0.46734702
0.47588054
0.49616412
0.54786119
22.701037
22.69172
22.683858
22.677632
22.673237
22.671148
22.671827
22.675097
22.681682
22.692108
22.706824
22.726523
22.7518
22.783415
22.822266
22.86914
22.925185
22.991427
23.069164
23.159721
23.264573
23.385324
23.523702
23.68151
23.860621
24.062951
24.290368
24.544574
24.826831
25.136749
25.470686
25.827297
26.20464
26.600072
27.010222
27.430834
27.856786
28.282141
28.700194
29.103591
29.484387
29.834081
30.143619
30.40338
30.603057
30.731563
30.778955
30.729627
30.567057
30.278861
29.853347
29.288626
28.608299
27.888192
27.282462
27.012046
27.240356
27.947824
28.812612
29.302392
28.759036
26.549348
22.60018
17.669261
12.734478
8.5061035
5.3551384
3.3092076
2.1313266
1.5021231
1.1674633
0.97634879
0.85382675
0.76650375
0.70021926
0.64874767
0.60882458
0.57817222
0.55489377
0.53733337
0.52410073
0.51409981
0.50649598
0.50067084
0.49617228
0.49265677
0.48985914
0.48757438
0.48565099
0.48398343
0.48250292
0.48116298
0.47992926
0.47877582
0.47768149
0.47662669
0.47559455
0.47457008
0.47354039
0.47249497
0.47142593
0.47032348
0.46918542
0.46803476
0.46686395
0.46568275
0.46450582
0.4633532
0.46225256
0.46124187
0.46037308
0.45971919
0.45938422
0.45952255
0.4603749
0.46236802
0.46641553
0.47497886
0.49541447
0.54746476
21.505716
21.482105
21.459052
21.436764
21.415479
21.395267
21.376423
21.359206
21.34386
21.33069
21.32002
21.312203
21.307704
21.307876
21.311505
21.320096
21.334254
21.35484
21.382668
21.418733
21.464214
21.520384
21.588721
21.670914
21.768822
21.884499
22.020133
22.178013
22.360392
22.56944
22.806931
23.074154
23.371615
23.69922
24.056531
24.443496
24.861457
25.306388
25.761742
26.218791
26.668623
27.102084
27.50953
27.880172
28.201905
28.461466
28.644511
28.734881
28.740211
28.605379
28.333691
27.914986
27.352586
26.681685
25.998971
25.489392
25.381632
25.821072
26.657367
27.422311
27.51694
26.290477
23.348316
19.044799
14.287998
9.9077019
6.4134909
3.9866887
2.5074709
1.6910201
1.2582732
1.0209461
0.87759809
0.78063176
0.70935928
0.65488551
0.61292308
0.58081013
0.55648585
0.5381929
0.52446077
0.51412507
0.50629788
0.50032331
0.49572291
0.49213659
0.48928883
0.48696781
0.48501757
0.48332966
0.48183314
0.48048069
0.47923732
0.47807665
0.47697681
0.47591747
0.4748812
0.47385248
0.47281804
0.47176712
0.47069171
0.46958084
0.46843474
0.46727535
0.46609514
0.46490399
0.46371653
0.4625527
0.46144007
0.46041641
0.45953346
0.458864
0.45851183
0.45863131
0.45946343
0.46143722
0.46547573
0.47407327
0.49466562
0.54707069
19.494562
19.466715
19.439898
19.414752
19.391182
19.369716
19.350665
19.334172
19.320683
19.310442
19.303854
19.301243
19.303177
19.309494
19.320745
19.337307
19.359554
19.387781
19.422304
19.463579
19.511895
19.567746
19.631583
19.704
19.785711
19.877561
19.980615
20.096194
20.22597
20.372211
20.53776
20.725765
20.939542
21.182362
21.456894
21.764767
22.107644
22.48553
22.896129
23.334875
23.79455
24.265109
24.734044
25.187253
25.6097
25.985703
26.299238
26.534102
26.674188
26.710851
26.610011
26.364778
25.966809
25.425062
24.788701
24.18254
23.823853
23.920328
24.547221
25.409955
25.956395
25.562452
23.664935
20.187399
15.806805
11.41541
7.6545799
4.8502576
3.0229924
1.9634515
1.3920421
1.0856945
0.91050782
0.79904927
0.72073236
0.66233731
0.61786138
0.58399711
0.55843563
0.53927873
0.5249545
0.51422207
0.50613032
0.49997864
0.49525747
0.4915875
0.48868109
0.48631828
0.48433754
0.48262694
0.48111347
0.47974859
0.47849626
0.47732942
0.47622525
0.47516258
0.47412328
0.4730913
0.47205304
0.47099747
0.46991646
0.46879782
0.46764479
0.46647764
0.46528915
0.46408939
0.46289285
0.46171947
0.46059667
0.45956204
0.45866709
0.45798438
0.45761754
0.45772087
0.45853568
0.4604934
0.46452669
0.4731631
0.49391711
0.54667871
15.873943
15.849424
15.829406
15.814039
15.803992
15.800107
15.802471
15.812418
15.830037
15.856344
15.891634
15.93674
15.991953
16.057815
16.134626
16.222612
16.321902
16.432392
16.554023
16.686316
16.828884
16.9809
17.141647
17.310015
17.484861
17.665195
17.849981
18.038315
18.229225
18.421919
18.615734
18.810268
19.005513
19.202884
19.405023
19.616791
19.844197
20.093591
20.370906
20.680615
21.024718
21.401968
21.807984
22.236812
22.68492
23.148685
23.5894
23.982071
24.30325
24.528985
24.632594
24.615982
24.428579
24.080653
23.589442
23.021943
22.527815
22.337398
22.628708
23.355355
24.136649
24.372199
23.445131
20.976789
17.245851
13.044525
9.1279454
5.9692909
3.7467651
2.3707488
1.5993085
1.1862479
0.95989504
0.82506867
0.73583105
0.67181451
0.6240217
0.58796419
0.56087822
0.54066563
0.52562441
0.51441346
0.50600342
0.49963954
0.49477455
0.49100504
0.48803011
0.48561916
0.48360448
0.48186977
0.48033885
0.47896208
0.47770202
0.47653047
0.47542344
0.47435878
0.47331768
0.47228354
0.4712424
0.47018304
0.46909697
0.46797168
0.46681261
0.46563873
0.46444317
0.46323618
0.46203212
0.46085096
0.45971995
0.45867647
0.45777184
0.45707837
0.45669953
0.4567896
0.45759025
0.45953536
0.46356745
0.47224761
0.49316839
0.54628845
11.387716
11.373986
11.367875
11.37075
11.383095
11.405302
11.438586
11.483123
11.540058
11.609785
11.693306
11.790998
11.903888
12.032505
12.17761
12.339871
12.519917
12.718398
12.93577
13.172457
13.428495
13.70341
13.994947
14.298201
14.610941
14.930364
15.252979
15.574212
15.888242
16.187325
16.471769
16.745186
17.009898
17.268038
17.521638
17.77267
18.023208
18.275527
18.531963
18.794592
19.064778
19.343811
19.635521
19.94783
20.264846
20.583929
20.91687
21.265517
21.61989
21.957773
22.24793
22.454819
22.53837
22.473412
22.237989
21.851405
21.390029
21.021574
20.985806
21.392019
22.109031
22.709314
22.621898
21.258024
18.440409
14.696349
10.807729
7.3795871
4.7498856
2.9839908
1.9301746
1.3506264
1.0393216
0.86468652
0.75722229
0.68442327
0.63188468
0.59292501
0.56392039
0.54241226
0.52650066
0.51471071
0.50591794
0.49930079
0.49426541
0.49038155
0.48732715
0.48486244
0.48281145
0.48105169
0.47950346
0.47811628
0.47685041
0.47567607
0.47456795
0.47350286
0.47246126
0.47142608
0.47038304
0.46932071
0.46823009
0.46709931
0.46593508
0.46475551
0.46355422
0.46234139
0.46113149
0.45994443
0.45880729
0.45775727
0.45684543
0.45614387
0.45575589
0.45583578
0.4566256
0.45856181
0.46259697
0.47132604
0.49241896
0.54589959
8.7359429
8.7439583
8.7617671
8.7891931
8.8269599
8.8755693
8.9353198
9.0066593
9.0898889
9.1853643
9.293292
9.4140014
9.5475803
9.6942522
9.8540204
10.026949
10.212993
10.412052
10.623853
10.848182
11.08454
11.33235
11.590845
11.858918
12.135245
12.418038
12.705006
12.993224
13.2789
13.55727
13.822299
14.075575
14.31949
14.557175
14.792468
15.029707
15.273302
15.526684
15.79114
16.065789
16.35021
16.645562
16.952417
17.270793
17.59931
17.93573
18.277586
18.622558
18.969597
19.315861
19.655778
19.97334
20.241799
20.425098
20.488644
20.399562
20.162623
19.84785
19.623863
19.699169
20.150006
20.79574
21.199348
20.809903
19.127874
16.172105
12.584565
9.0602518
6.0814502
3.882452
2.4548209
1.6239803
1.1722357
0.92838066
0.78909018
0.70170186
0.6420184
0.59909828
0.56764807
0.54454714
0.52758291
0.51509989
0.50585636
0.49894497
0.49371514
0.48969923
0.48655799
0.48403601
0.48194791
0.48016464
0.47860127
0.47720638
0.47593743
0.47476268
0.47365544
0.47259155
0.47155082
0.47051576
0.46947174
0.46840721
0.46731255
0.46617741
0.4650089
0.46382473
0.46261903
0.46140186
0.46018792
0.45899695
0.45785594
0.45680183
0.45588542
0.45517862
0.45478456
0.45485756
0.45564012
0.45757136
0.46161412
0.47039754
0.49166821
0.54551172
7.2378532
7.277197
7.3246
7.3802834
7.4444322
7.5171581
7.5985264
7.6885589
7.7871962
7.8943302
8.0097741
8.1332954
8.2646208
8.4034436
8.549414
8.7021811
8.8613777
9.02653
9.196894
9.3716866
9.5504116
9.7326362
9.9179935
10.106182
10.296959
10.490096
10.685173
10.881888
11.08098
11.283188
11.489004
11.694398
11.898856
12.10594
12.3166
12.531796
12.752548
12.98
13.215412
13.460327
13.717336
13.991596
14.288667
14.595523
14.908762
15.231542
15.569746
15.919852
16.276403
16.640345
17.010734
17.382934
17.747138
18.084695
18.369011
18.56487
18.638897
18.5828
18.428254
18.315708
18.427011
18.815406
19.338712
19.542413
18.924432
17.119609
14.22202
10.866086
7.6909929
5.0920512
3.2316876
2.057105
1.3886254
1.0302085
0.83699946
0.72567303
0.65485284
0.6064399
0.57193522
0.54695839
0.52878564
0.51551365
0.50576665
0.49853361
0.4930922
0.488937
0.48570546
0.48312668
0.48100533
0.47920168
0.47762726
0.47622859
0.47495979
0.47378713
0.47268278
0.47162173
0.47058325
0.46954939
0.46850525
0.46743919
0.46634097
0.46520244
0.46403052
0.46284296
0.4616341
0.46041424
0.45919812
0.45800541
0.45686295
0.45580736
0.45488922
0.45418022
0.45378334
0.45385297
0.45463206
0.45656252
0.46061772
0.46946121
0.4909155
0.54512448
8.7497547
8.7926783
8.8432837
8.9020534
8.9696348
9.0465245
9.1332297
9.2301958
9.3378122
9.4563307
9.5859382
9.726573
9.8781313
10.040304
10.212728
10.394823
10.585498
10.783312
10.987189
11.195897
11.407983
11.621891
11.835841
12.047845
12.256632
12.461359
12.661148
12.855126
13.04251
13.222684
13.395254
13.560075
13.717341
13.867803
14.012963
14.155146
14.297243
14.441478
14.583652
14.693779
14.773321
14.828916
14.866839
14.890692
14.90023
14.887356
14.896293
14.941844
15.02781
15.156291
15.328031
15.538867
15.781418
16.045049
16.317742
16.587505
16.837055
17.042233
17.172466
17.202692
17.171857
17.237724
17.509105
17.858923
17.887568
17.049762
15.065776
12.211925
9.1159945
6.3105243
4.1000306
2.5825682
1.6667529
1.163295
0.89780991
0.75345568
0.6694764
0.61424536
0.57625008
0.54929421
0.52990477
0.51584966
0.50559849
0.49802671
0.4923727
0.48807887
0.48475979
0.48212797
0.47997775
0.47815926
0.47657926
0.47518077
0.47391519
0.4727468
0.47164719
0.47059056
0.4695556
0.46852392
0.46748026
0.46641333
0.4653117
0.46417078
0.46299626
0.46180648
0.46059574
0.45937492
0.45815858
0.4569665
0.45582516
0.4547709
0.45385405
0.4531461
0.45274988
0.45281987
0.45359955
0.45553371
0.45960646
0.4685161
0.49016021
0.54473743
8.9358173
8.9721534
9.015556
9.0667664
9.126642
9.1960566
9.2759133
9.3671317
9.4706273
9.5872859
9.7178862
9.8631183
10.023556
10.199526
10.391165
10.598309
10.820499
11.056893
11.306221
11.566985
11.838595
12.120821
12.412255
12.708432
13.00403
13.294012
13.574361
13.840557
14.087312
14.308711
14.498775
14.656221
14.785796
14.892694
14.981738
15.057018
15.121609
15.177482
15.228045
15.26984
15.298445
15.307183
15.288623
15.236908
15.147788
15.025264
14.883782
14.742062
14.620298
14.537948
14.506806
14.532507
14.614112
14.746589
14.922195
15.140337
15.400893
15.674204
15.908602
16.039263
16.0474
15.989778
16.058744
16.320571
16.578538
16.331146
15.093393
12.7877
9.916802
7.0960222
4.7316366
3.0049193
1.9075058
1.2851606
0.95598786
0.78091806
0.68288102
0.62148191
0.58016116
0.55127112
0.5306998
0.51587811
0.50513441
0.49732557
0.49148724
0.48709666
0.48370556
0.48103644
0.47886477
0.47703858
0.47545789
0.47406258
0.47280208
0.47163968
0.47054647
0.46949563
0.46846524
0.46743642
0.46639353
0.46532589
0.46422141
0.46307856
0.46190237
0.4607112
0.4595001
0.45827995
0.45706565
0.45587668
0.45473922
0.4536893
0.45277696
0.45207352
0.45168169
0.45175604
0.45254062
0.45448324
0.45857901
0.46756118
0.48940158
0.54435016
6.9766907
7.0022625
7.0352009
7.0767786
7.1286664
7.1924662
7.2702733
7.364143
7.4762341
7.6083963
7.7621726
7.9393421
8.1416728
8.3704781
8.6266292
8.9103886
9.2212009
9.5577527
9.917633
10.297478
10.693006
11.099093
11.510074
11.923175
12.336177
12.747074
13.154329
13.557122
13.951048
14.333427
14.697565
15.03389
15.333426
15.589051
15.794279
15.941309
16.020087
16.013767
15.894213
15.748687
15.57865
15.382332
15.157019
14.948489
14.773645
14.654267
14.60696
14.560926
14.483353
14.36418
14.220432
14.074267
13.958405
13.913627
13.9521
14.0678
14.243322
14.447099
14.653445
14.824027
14.866871
14.800735
14.816584
15.049845
15.40803
15.456531
14.654221
12.754885
10.119467
7.3847543
5.0246865
3.2365788
2.0570743
1.3700303
0.99965742
0.80326891
0.6940532
0.62744465
0.58338858
0.55289372
0.53127991
0.51580978
0.5046364
0.49654291
0.49053278
0.48603084
0.48257802
0.47986839
0.47767956
0.47584744
0.47426616
0.47287454
0.47162
0.47046481
0.46937929
0.46833527
0.46731014
0.46628426
0.46524224
0.46417333
0.46306643
0.4619219
0.46074466
0.45955296
0.4583429
0.45712527
0.45591537
0.45473217
0.45360155
0.45255916
0.4516548
0.45095957
0.45057608
0.45065904
0.45145313
0.45340928
0.45753387
0.46659535
0.48863889
0.54396216
6.2454269
6.2475663
6.2511149
6.2565643
6.2641666
6.2745115
6.288147
6.3058065
6.3284986
6.3572992
6.3935625
6.438918
6.4953541
6.5651186
6.6508613
6.7555515
6.8825612
7.0352252
7.2174336
7.4333219
7.6869954
7.9826317
8.3240536
8.7146288
9.1566746
9.6509124
10.19528
10.783226
11.400808
12.034854
12.674828
13.31004
13.930004
14.5246
15.084146
15.599419
16.073468
16.488694
16.831167
17.08674
17.230654
17.221918
16.997005
16.596272
16.108773
15.585376
15.069146
14.59664
14.175628
13.814862
13.523953
13.306193
13.171569
13.149146
13.161237
13.179893
13.232574
13.335741
13.483251
13.618652
13.667374
13.642871
13.672268
13.902733
14.320095
14.5728
14.162975
12.732814
10.414894
7.7958634
5.4170545
3.5440526
2.2589513
1.4848668
1.0592423
0.83274306
0.70856046
0.6347724
0.5871335
0.55469156
0.53209955
0.51578078
0.5041586
0.49573269
0.48954311
0.4849227
0.48139671
0.47863903
0.47643037
0.47458926
0.47300638
0.47161792
0.47036951
0.46922248
0.46814561
0.46710896
0.46608915
0.46506545
0.46402413
0.46295223
0.4618431
0.46069695
0.45951858
0.45832735
0.45711949
0.45590662
0.45470352
0.45352896
0.45240836
0.45137693
0.45048423
0.44980114
0.44943022
0.44952633
0.45033483
0.45230992
0.45646949
0.46561744
0.4878713
0.54357297
5.6199387
5.6205989
5.6223436
5.6252798
5.6295286
5.6352321
5.6425605
5.6517223
5.662975
5.6766434
5.6931416
5.7130045
5.7369273
5.7658093
5.8008291
5.843518
5.8958684
5.9604472
6.0404638
6.1396877
6.2614271
6.4107131
6.593684
6.8175954
7.0908386
7.422792
7.8234248
8.3041849
8.8751059
9.5388066
10.290385
11.10609
11.966274
12.849559
13.733534
14.595339
15.432172
16.261886
17.071284
17.845446
18.566969
19.239328
19.806922
20.241634
20.514498
20.585271
20.384067
19.904236
19.201013
18.314615
17.285625
16.219777
15.204448
14.293908
13.525468
12.977781
12.648231
12.49491
12.462112
12.488211
12.512779
12.528127
12.58769
12.822552
13.290098
13.718578
13.671353
12.754281
10.871946
8.4407701
6.0533665
4.0611869
2.6122581
1.6917693
1.1675923
0.88589118
0.73408818
0.64724445
0.59343612
0.55783719
0.53347716
0.51616629
0.50383693
0.49498324
0.48855141
0.48378624
0.48016774
0.4773509
0.47511491
0.47326039
0.47167581
0.47029227
0.46905218
0.46791507
0.46684766
0.46581837
0.46480239
0.46377945
0.46273673
0.46165999
0.46054805
0.4593993
0.45821981
0.45702943
0.45582535
0.45461924
0.45342562
0.4522628
0.45115562
0.45013881
0.44926168
0.44859493
0.44824108
0.44835516
0.44918329
0.45118306
0.45538418
0.46462618
0.48709792
0.54318205
7.2501749
7.2603543
7.2726084
7.2870661
7.3038803
7.3231977
7.3451576
7.3698984
7.3975563
7.428267
7.4621706
7.4994022
7.5401242
7.5845056
7.6327451
7.6850828
7.7417941
7.8032156
7.8697577
7.9419075
8.0202102
8.1052934
8.1977682
8.2983057
8.4075716
8.5265203
8.6571473
8.8024276
8.9670309
9.1572206
9.3766857
9.6290545
9.9158809
10.233658
10.572562
10.926625
11.291855
11.684216
12.116244
12.589769
13.101704
13.648292
14.226495
14.835215
15.419731
15.933633
16.363776
16.748511
17.105206
17.476242
17.749361
17.733549
17.422222
16.864802
16.118032
15.236722
14.324152
13.50162
12.830755
12.330531
11.984922
11.773808
11.690247
11.774176
12.09249
12.531021
12.773971
12.44986
11.266944
9.2837001
6.9846596
4.8680647
3.2005918
2.0564435
1.3648233
0.98284648
0.77943908
0.66843542
0.60356143
0.56272637
0.53564882
0.51688311
0.50367123
0.49427574
0.48755414
0.48259391
0.47886568
0.47598574
0.47372155
0.4718568
0.47027612
0.46890318
0.46767545
0.46655035
0.46549242
0.46446843
0.46345299
0.46242773
0.4613782
0.46029515
0.459178
0.45802462
0.45684341
0.45565426
0.45445542
0.45325816
0.45207696
0.45092919
0.44983903
0.44884078
0.4479834
0.44733745
0.44700544
0.44714264
0.44799596
0.45002653
0.45427616
0.46362023
0.48631782
0.54278885
7.3699478
7.3720535
7.3761943
7.3826555
7.3917534
7.4038288
7.4192582
7.4384482
7.4618338
7.4898968
7.5231437
7.5621255
7.6074225
7.6596601
7.7194962
7.787643
7.8648344
7.9518578
8.049536
8.1587625
8.2804689
8.4156716
8.5654336
8.730869
8.913167
9.1135629
9.3333578
9.5738323
9.8361757
10.121344
10.430562
10.765136
11.126203
11.514562
11.930419
12.373036
12.840186
13.32734
13.829893
14.34136
14.816926
15.241346
15.59917
15.864143
16.016504
16.078153
16.073405
16.027738
15.982358
15.948492
15.911681
15.847581
15.733383
15.55308
15.298945
14.975737
14.609854
14.250982
13.748455
13.135394
12.489485
11.892626
11.423687
11.157856
11.174597
11.443038
11.768328
11.808286
11.194529
9.7500313
7.7392895
5.6484198
3.8383669
2.4922676
1.6189179
1.1138618
0.84187075
0.69714618
0.61675139
0.5688189
0.53828005
0.51773743
0.50352612
0.49354965
0.48647543
0.48131699
0.47747903
0.47454245
0.47226067
0.47040014
0.46883264
0.46747469
0.46626282
0.46514873
0.46409603
0.46307088
0.4620489
0.4610134
0.45995032
0.45885685
0.45772952
0.45656859
0.4553842
0.45419669
0.45300402
0.45181815
0.45065251
0.44952337
0.44845413
0.44747857
0.44664538
0.446025
0.44571991
0.44588566
0.44677008
0.44883795
0.45314352
0.46259815
0.48553003
0.54239278
5.7993736
5.7942199
5.7901911
5.7875821
5.7864112
5.7870954
5.7897897
5.7948044
5.8025528
5.8133223
5.8276217
5.8458564
5.8686409
5.8965252
5.930244
5.9705464
6.0183255
6.0745571
6.1403442
6.2169057
6.3056248
6.4080483
6.5258702
6.6610747
6.8157598
6.9919781
7.191128
7.4135817
7.6592763
7.9279942
8.2196506
8.5333108
8.866886
9.2197659
9.591863
9.9822874
10.389407
10.810793
11.243024
11.681697
12.121456
12.556882
12.982858
13.394864
13.789213
14.161884
14.500942
14.753336
14.897843
14.942982
14.905984
14.806303
14.662922
14.494843
14.307864
14.108332
13.8951
13.658367
13.362742
12.979387
12.498125
11.937378
11.353981
10.845853
10.550198
10.572537
10.831769
11.035964
10.800554
9.826113
8.1638167
6.2060991
4.3638921
2.8943839
1.8762406
1.2568199
0.91374362
0.73130097
0.63260283
0.57608344
0.54143494
0.5188294
0.50348673
0.49287725
0.48542374
0.48004904
0.47609554
0.47310859
0.47082221
0.46897754
0.46742662
0.46608002
0.46487207
0.46375417
0.46269143
0.46164893
0.46060494
0.45954344
0.4584587
0.45734513
0.45619967
0.45502713
0.45383754
0.45265038
0.45146538
0.45029362
0.44914697
0.44804033
0.44699616
0.4460477
0.44524343
0.44465362
0.44438086
0.44458097
0.44550276
0.44761485
0.45198421
0.4615584
0.48473346
0.54199323
5.2537465
5.2534778
5.256138
5.2621214
5.2719068
5.2858965
5.3047008
5.3288725
5.3590764
5.3960545
5.4406119
5.4936742
5.5562345
5.6294758
5.7147076
5.8135069
5.9278124
6.0601827
6.2141094
6.3923883
6.5983271
6.8330164
7.0940391
7.3790449
7.6872973
8.0172925
8.3663441
8.7334587
9.1254427
9.5479468
10.006455
10.491973
10.995336
11.507667
12.020768
12.530509
13.033351
13.525554
14.002997
14.461002
14.893998
15.295038
15.655255
15.962763
16.200916
16.345179
16.343769
16.20518
15.944494
15.589615
15.201313
14.814229
14.444446
14.099326
13.781777
13.496452
13.243523
12.990618
12.72397
12.423746
12.066616
11.634118
11.124878
10.579068
10.113854
9.9041014
10.00413
10.240045
10.259292
9.6990637
8.4276272
6.6874619
4.887608
3.3392609
2.1895652
1.4453273
1.01457
0.78136934
0.65664521
0.58758219
0.54691259
0.52130014
0.50428126
0.49276461
0.48486967
0.47918232
0.4750729
0.47200618
0.46966556
0.46780904
0.46624964
0.46486311
0.46361238
0.46245375
0.46133965
0.46024207
0.45914455
0.45803791
0.4569119
0.45576066
0.45458801
0.45339704
0.45219685
0.45100896
0.44983314
0.44867865
0.44755482
0.44647481
0.44546012
0.44454343
0.44377309
0.4432192
0.44298448
0.44322508
0.44419091
0.44635457
0.45079608
0.46049933
0.48392698
0.54158955
4.5307394
4.5381406
4.5506613
4.5690055
4.5940035
4.6266317
4.6680565
4.7196626
4.7830921
4.8603101
4.9536493
5.0658715
5.2002059
5.3603485
5.5504449
5.7749412
6.0382933
6.3443943
6.6958114
7.0926991
7.53177
8.0122647
8.5326419
9.089881
9.679687
10.296746
10.935142
11.588774
12.251732
12.918554
13.584383
14.24497
14.896614
15.536062
16.160291
16.766271
17.351343
17.919689
18.475189
19.008924
19.507091
19.973254
20.412304
20.824495
21.204541
21.54071
21.813405
21.994236
22.044809
21.915722
21.615779
21.167353
20.599318
19.940829
19.21027
18.405121
17.530962
16.593409
15.611896
14.689989
13.771611
12.846312
11.913033
11.00098
10.18105
9.6046402
9.4077182
9.5223696
9.6556969
9.4262593
8.5749709
7.1506004
5.481408
3.9070164
2.6371445
1.7454575
1.1911414
0.87605826
0.70489593
0.61196356
0.55949281
0.52813826
0.50796456
0.49473015
0.48588866
0.47969119
0.47519536
0.47188406
0.46942077
0.46739539
0.46564152
0.46409617
0.46270546
0.46138703
0.46012985
0.45891498
0.45771927
0.45652264
0.45532145
0.45411265
0.45289596
0.45167246
0.4504546
0.44926466
0.44810071
0.44696725
0.44587033
0.44482132
0.44384077
0.44296081
0.44222969
0.44171735
0.44152672
0.44181432
0.44283126
0.44505428
0.4495768
0.4594192
0.4831094
0.54118104
5.9112983
5.8533837
5.7968564
5.7422485
5.6902536
5.641645
5.5973571
5.5584246
5.5261279
5.5018801
5.4873579
5.4843793
5.4950405
5.5216664
5.5668388
5.6334086
5.7244833
5.8433999
5.9936621
6.1788521
6.4024692
6.6677413
6.9772627
7.33283
7.7349603
8.1826618
8.67334
9.2026591
9.7648287
10.352896
10.959253
11.576113
12.199337
12.825628
13.451903
14.074349
14.688066
15.28928
15.875808
16.448419
17.007845
17.555214
18.091931
18.625272
19.161351
19.702289
20.230884
20.67622
21.019629
21.262498
21.404233
21.442608
21.373845
21.195821
20.910995
20.52357
20.035944
19.436249
18.7251
17.904544
16.970623
15.922053
14.768397
13.529622
12.247188
11.018552
10.004738
9.411739
9.2325967
9.1507049
8.7283739
7.7415999
6.3339319
4.8183106
3.4458635
2.3595578
1.5986382
1.1185731
0.83839472
0.68331152
0.59732014
0.54840551
0.5190365
0.50226945
0.49140417
0.48404864
0.47862695
0.47452275
0.47122173
0.46858746
0.46631004
0.46427687
0.46243882
0.46077341
0.45924229
0.45778833
0.45638878
0.45503896
0.45371799
0.45241561
0.45112091
0.44984231
0.44860061
0.44741033
0.44626178
0.44515327
0.44408753
0.44307413
0.44213263
0.44129469
0.44060832
0.44014348
0.44000333
0.44034481
0.44142034
0.443711
0.44832393
0.45831609
0.48227935
0.54076693
6.1700688
6.1241874
6.0780445
6.0317437
5.9853961
5.9391055
5.8929801
5.8471248
5.8016543
5.7566973
5.7124087
5.6689271
5.626434
5.5851373
5.5452707
5.507106
5.4709278
5.4371004
5.4060671
5.3783625
5.3545975
5.3354875
5.3218746
5.31475
5.3152825
5.3248462
5.3450542
5.3778083
5.4253622
5.4903742
5.5759791
5.6858465
5.8242509
5.9961037
6.2068578
6.4623278
6.7681942
7.1290929
7.5471478
8.0199457
8.5384053
9.0895094
9.6627077
10.249013
10.839418
11.425074
11.997704
12.547798
13.065819
13.547991
13.989281
14.384202
14.727041
15.011971
15.232877
15.383128
15.462417
15.485334
15.400083
15.218002
14.935791
14.548789
14.044517
13.437242
12.711378
11.891935
11.03749
10.250806
9.59727
9.112199
8.7780914
8.318481
7.4821344
6.2753243
4.9196431
3.646176
2.5901534
1.802212
1.2649157
0.93482087
0.74211444
0.62963436
0.56541819
0.53001655
0.50996258
0.49809995
0.48943775
0.48305668
0.47764534
0.47299742
0.46924141
0.46613552
0.46341833
0.4609881
0.45888732
0.45701815
0.45529068
0.45368701
0.45215051
0.45065995
0.44923985
0.4478945
0.44662689
0.44543987
0.44430996
0.44323038
0.44220022
0.44122727
0.44033002
0.43953961
0.43890383
0.43849277
0.43840985
0.43881247
0.43995449
0.44232156
0.44703483
0.45718801
0.48143541
0.54034642
5.2599924
5.260051
5.2602949
5.2607149
5.2613002
5.262039
5.2629186
5.2639251
5.2650436
5.2662581
5.2675515
5.2689049
5.2702979
5.271708
5.2731093
5.2744719
5.2757724
5.2769962
5.2781316
5.2791715
5.2801128
5.2809577
5.2817146
5.2823994
5.283038
5.2836686
5.2843456
5.2851445
5.286168
5.2875534
5.2894823
5.2921931
5.2959924
5.3012686
5.3085197
5.3183751
5.3316065
5.3491593
5.3721305
5.4017527
5.43939
5.4865291
5.5447209
5.615655
5.7010543
5.8026437
5.9221314
6.0612147
6.2217272
6.4058899
6.6123311
6.835656
7.079998
7.3447342
7.6284666
7.9304335
8.2536244
8.6124273
9.0122612
9.431661
9.8607239
10.288769
10.698393
11.064636
11.364684
11.570523
11.632686
11.4611
11.082221
10.599215
10.079002
9.5257279
8.8797119
8.0796775
7.1077555
6.0059867
4.8715265
3.7809115
2.8137843
2.0385315
1.4632364
1.0506283
0.78469723
0.63309902
0.55661589
0.52127723
0.50432969
0.49501029
0.48842097
0.48246475
0.47562093
0.47064678
0.46627656
0.46266892
0.45962285
0.45700667
0.45464483
0.45248253
0.45055616
0.44881171
0.44723696
0.4458203
0.44452969
0.44334703
0.44223875
0.44119198
0.44020202
0.43927467
0.43842712
0.43768992
0.43711087
0.43676016
0.43674155
0.43721296
0.43842984
0.4408826
0.44570671
0.45603281
0.48057606
0.53991862
5.8300925
5.8319101
5.8335765
5.8351017
5.8364943
5.8377633
5.8389173
5.8399642
5.840912
5.8417678
5.8425391
5.8432329
5.843856
5.8444149
5.8449163
5.845367
5.8457736
5.8461432
5.8464834
5.8468024
5.8471092
5.8474145
5.8477332
5.8480887
5.8485074
5.8490178
5.8496515
5.8504549
5.8514741
5.8527723
5.8544124
5.8565015
5.8591587
5.8625435
5.8668478
5.872298
5.8791651
5.8877437
5.8983353
5.9111866
5.9263734
5.943594
5.962732
5.9842232
6.0085948
6.0364875
6.0685288
6.1053962
6.148354
6.1989947
6.2590258
6.3304752
6.4158837
6.5182664
6.6401673
6.7847887
6.9561028
7.1580379
7.3920624
7.6514641
7.9103477
8.1497398
8.3376943
8.5068091
8.6800731
8.8612928
9.0381021
9.1846856
9.2786472
9.3194639
9.33215
9.3241112
9.231162
8.9624816
8.3898017
7.4978944
6.4155012
5.2295179
4.0310913
2.9426467
2.0427773
1.4257389
0.95642035
0.70275347
0.58195037
0.53381717
0.51541089
0.50560231
0.49864963
0.49233103
0.48542881
0.47989633
0.47322466
0.46702445
0.46183739
0.45766478
0.45426619
0.45134442
0.44888918
0.44684295
0.44511417
0.44362021
0.44230339
0.44112569
0.44004177
0.4390313
0.43808662
0.43721013
0.4364178
0.43573975
0.43522383
0.43494038
0.43499351
0.43554176
0.43684232
0.43939055
0.44433662
0.45484817
0.47969958
0.53948262
5.5267272
5.5306333
5.5351912
5.5405256
5.5466044
5.5535832
5.5615039
5.5704075
5.5803812
5.5914832
5.6037873
5.6173501
5.6322183
5.6484451
5.6660864
5.6851434
5.7056637
5.727638
5.7510562
5.7758815
5.8020245
5.8294369
5.8580364
5.8877193
5.9184168
5.950022
5.9824052
6.0154143
6.0488835
6.0826275
6.1164537
6.1501614
6.1835583
6.2164607
6.2487102
6.2801904
6.3108444
6.3407168
6.3699259
6.3985209
6.4295481
6.4656666
6.5081196
6.5584856
6.6187178
6.6910724
6.7780132
6.8827285
7.0088935
7.1584117
7.3305641
7.519964
7.7066803
7.8663094
7.9984478
8.1007142
8.1658697
8.190663
8.1751832
8.1247258
8.055048
7.9947473
8.0170757
8.1075678
8.2276456
8.3501828
8.4625882
8.5589822
8.638823
8.7148603
8.8140825
8.9401037
8.8216548
8.2656291
7.3926214
6.3432568
5.2655321
4.2200383
3.2408881
2.3891517
1.7101883
1.2253201
0.86526166
0.668431
0.57665665
0.53934032
0.52387794
0.51503337
0.50831185
0.50200562
0.49543392
0.48960614
0.48220189
0.47328549
0.46512724
0.45873553
0.45391075
0.45013556
0.44715292
0.44478022
0.4428745
0.44129363
0.43994426
0.43876834
0.43771148
0.43674228
0.43584778
0.43502724
0.43429573
0.43368306
0.43323692
0.43302792
0.43316056
0.4337941
0.43518762
0.43784164
0.4429214
0.45363157
0.47880422
0.53903739
3.8885523
3.9149771
3.9456811
3.9808545
4.0211209
4.0859215
4.2301098
4.3809027
4.4964625
4.5833526
4.6543323
4.7235782
4.7996982
4.8818561
4.9690652
5.0605672
5.1554588
5.2527916
5.3515381
5.4506611
5.5490927
5.6457927
5.7404119
5.8326908
5.9219627
6.0073594
6.0881313
6.163664
6.2335107
6.2974002
6.3552488
6.4071579
6.4533947
6.4948437
6.5327841
6.5682787
6.602193
6.6352093
6.6678418
6.7004505
6.7332602
6.766382
6.7998427
6.8336212
6.8676789
6.9019667
6.9364354
6.9710217
7.005604
7.039807
7.0729178
7.1041008
7.132374
7.1567168
7.1760677
7.1892664
7.1965435
7.1970717
7.1886164
7.1751428
7.1596807
7.144974
7.1325618
7.1195655
7.0995741
7.0657574
7.0122432
6.9322655
6.8179942
6.6596776
6.4405457
6.1335148
5.7029801
5.1476381
4.5142875
3.8545176
3.2100685
2.6037195
2.05561
1.5874949
1.2059088
0.92268563
0.72714776
0.61871846
0.56640887
0.54326869
0.53209835
0.52480328
0.51870906
0.51276401
0.50656502
0.50029501
0.49165996
0.4787653
0.46792149
0.45958674
0.45354789
0.44896231
0.44538421
0.4426268
0.44050758
0.43882435
0.43743986
0.43626885
0.43524293
0.43431906
0.43347867
0.43271923
0.43205451
0.4315136
0.43114413
0.43101706
0.43123731
0.431965
0.43346121
0.4362319
0.44145767
0.45238035
0.47788793
0.53858188
3.7433701
3.8612819
4.3447016
4.4479451
4.4725116
4.4784563
4.4837206
4.4913339
4.5014375
4.5141609
4.5295732
4.5477584
4.5686938
4.5923522
4.618647
4.6474248
4.6784524
4.7114757
4.7461486
4.7821002
4.8189145
4.8561732
4.8934134
4.930181
4.9660758
5.0007187
5.0338049
5.0651456
5.0946165
5.1223723
5.1488831
5.1745494
5.1997351
5.2247584
5.2498632
5.2752255
5.3008902
5.3267902
5.3527043
5.3783066
5.4031536
5.4267694
5.4486972
5.468595
5.4863198
5.5017743
5.5148441
5.5254162
5.5333865
5.538758
5.5416786
5.5417021
5.5374397
5.5296732
5.5187862
5.5046597
5.4871132
5.4659805
5.4409767
5.4116489
5.3770282
5.3356243
5.2854337
5.2240231
5.1486109
5.0561084
4.9433848
4.8065249
4.6409074
4.4415265
4.2040192
3.9248605
3.6034543
3.247134
2.8710609
2.4894591
2.1114131
1.7503767
1.4254321
1.1517128
0.93331216
0.77219411
0.66359125
0.60141564
0.56959177
0.55393304
0.54516384
0.53870245
0.53279601
0.52647631
0.51819711
0.50714271
0.49584688
0.48469281
0.47061443
0.4602191
0.45308202
0.44763024
0.44346729
0.44032982
0.43799257
0.43620139
0.43478475
0.43362352
0.43262932
0.43175349
0.43097203
0.43027941
0.42968762
0.42922495
0.42893923
0.42890184
0.42921811
0.43004924
0.43165836
0.43455712
0.43994188
0.45109163
0.4769486
0.53811491
2.8800509
2.8753636
2.8705461
2.8656276
2.8606487
2.8556536
2.8506932
2.8458251
2.8411218
2.8366612
2.8325369
2.8288545
2.8257381
2.823329
2.8217877
2.8212967
2.8220645
2.8243269
2.8283497
2.8344298
2.842898
2.8541194
2.8684932
2.8864528
2.9084634
2.9350165
2.9666233
3.0038047
3.0470752
3.0969242
3.1537902
3.2180271
3.2898656
3.3693632
3.4563534
3.5503838
3.650659
3.7558086
3.8639111
3.9719878
4.0764786
4.174507
4.2664579
4.3516132
4.4288312
4.4970822
4.5555195
4.6035701
4.6408743
4.6672283
4.682635
4.6872901
4.6815142
4.6656813
4.6402007
4.6059182
4.5646197
4.519012
4.4713462
4.4221305
4.3710387
4.3186026
4.265757
4.2137121
4.163176
4.0986961
3.9827844
3.8298707
3.6644576
3.4929117
3.3032993
3.0938368
2.8642955
2.6163111
2.3537168
2.0828108
1.8128832
1.5480715
1.2848659
1.0611575
0.88439548
0.75485478
0.66805296
0.61692802
0.58941859
0.57497666
0.56632496
0.55963802
0.55324268
0.54577104
0.53171256
0.51675664
0.50311054
0.4884322
0.47302806
0.46072315
0.45193944
0.44598084
0.44128349
0.43782868
0.43531102
0.43342131
0.43197025
0.43081784
0.42985928
0.42903728
0.42832109
0.42770126
0.42718837
0.42681051
0.42661581
0.42667608
0.42709714
0.42804135
0.42977405
0.43281284
0.43837016
0.44976229
0.47598377
0.53763527
3.6902346
3.690493
3.6908529
3.6914195
3.6916281
3.6920453
3.6923502
3.6925011
3.6928541
3.6930912
3.6931658
3.6932901
3.6933123
3.6932397
3.6931641
3.6929934
3.6928168
3.6925505
3.6922163
3.691825
3.6913832
3.6907584
3.690091
3.6893004
3.6883955
3.6874303
3.6862923
3.6851296
3.6838708
3.6825991
3.6813681
3.6801728
3.6790769
3.6781632
3.6774414
3.6770115
3.676903
3.6772673
3.6782357
3.6799435
3.6825122
3.6860644
3.6907408
3.696718
3.7042338
3.7136339
3.7254784
3.7407445
3.7610784
3.7888106
3.8250589
3.868673
3.9201692
3.9798985
4.0482379
4.1257379
4.2128136
4.307718
4.4101551
4.5201628
4.6375375
4.7605206
4.885442
5.0055173
5.107661
5.1482879
5.0530555
4.8877255
4.6850806
4.4652644
4.2297941
3.9753103
3.7003732
3.4014455
3.0790624
2.7425869
2.4019199
2.0655547
1.7414772
1.4474908
1.1971111
0.99509674
0.83866196
0.72562699
0.65243958
0.61051594
0.58846612
0.57770161
0.56991791
0.56099491
0.5407238
0.52225957
0.50509847
0.49113346
0.47442368
0.45936837
0.45143694
0.44423416
0.43894054
0.43511916
0.43240563
0.43042685
0.42896394
0.42783649
0.4269255
0.42616512
0.42551965
0.42497794
0.42454984
0.42426349
0.42416726
0.42433335
0.4248683
0.42593562
0.42780305
0.43099436
0.43673848
0.44838887
0.47499086
0.53714159
5.1904147
5.1960065
5.2007769
5.2052538
5.2104756
5.2145572
5.2184812
5.2227642
5.2259975
5.2293616
5.2326434
5.2353198
5.2377807
5.2402892
5.242064
5.2438686
5.2450872
5.2462591
5.2469532
5.2474107
5.247333
5.2469992
5.246351
5.2452567
5.2437978
5.2418556
5.2394897
5.2365594
5.233171
5.2291986
5.2245953
5.2194112
5.2135242
5.2068826
5.1995252
5.1913329
5.1823018
5.1724051
5.1616479
5.1500275
5.1376872
5.1247826
5.1117233
5.0992309
5.0886109
5.0823663
5.0811672
5.0813279
5.083541
5.0869104
5.0872703
5.0771695
5.0590906
5.0349695
5.0062349
4.9741623
4.9400213
4.9051192
4.8706687
4.8377954
4.8076977
4.7813482
4.7597423
4.7436179
4.7324838
4.7239286
4.7147579
4.7117584
4.7345348
4.8177918
4.9802205
5.1247475
5.2031739
5.1733073
5.0022708
4.6804385
4.241048
3.7427784
3.2091638
2.6799584
2.1874745
1.7549315
1.3938153
1.1047344
0.89072272
0.7492224
0.66437804
0.61661848
0.58983122
0.57329766
0.55106072
0.52984559
0.51010151
0.49236617
0.4754357
0.458856
0.44955223
0.4417427
0.43607773
0.43205326
0.42923615
0.42721544
0.42576642
0.42467963
0.42382434
0.42313047
0.4225605
0.42210225
0.42176496
0.42157688
0.4215867
0.42186705
0.42252527
0.4237261
0.42573981
0.42909665
0.43504237
0.44696764
0.47396682
0.53663246
7.0832479
7.0863152
7.0890274
7.0919253
7.0936672
7.0959997
7.0978079
7.0991917
7.1006707
7.1015329
7.1022523
7.1026735
7.1026974
7.1023749
7.1018317
7.1008952
7.09961
7.0978689
7.0957972
7.0932658
7.0903843
7.0870854
7.0832874
7.0791157
7.0744105
7.0693564
7.0638261
7.057895
7.0514756
7.0446911
7.0374623
7.0298421
7.021922
7.0135774
7.0049422
6.9960303
6.9868539
6.9774446
6.9678575
6.9581459
6.9483089
6.9384243
6.928531
6.9186784
6.908931
6.8993724
6.8900529
6.8809904
6.8721069
6.8632219
6.8540494
6.8441293
6.8328223
6.819307
6.8025407
6.781269
6.7539963
6.7190171
6.6743116
6.6173795
6.544839
6.4504035
6.3169713
6.1578205
5.9979821
5.8438507
5.6924302
5.5343769
5.3727494
5.2291176
5.1155324
5.0313833
4.967005
4.9067027
4.8373949
4.7488323
4.6394004
4.5028942
4.2889374
3.9000182
3.3702237
2.7780881
2.198752
1.6906545
1.2839564
0.9884136
0.7954081
0.68151273
0.61758925
0.58234953
0.55518326
0.53179741
0.51120929
0.49143056
0.47410899
0.45701284
0.44678255
0.43865414
0.43277849
0.42865598
0.42579938
0.42378444
0.42237361
0.42133915
0.42054676
0.41992515
0.41943593
0.41906657
0.41882629
0.41874342
0.41886701
0.41927032
0.42006149
0.42140657
0.42357853
0.42711444
0.43327713
0.44549446
0.47290835
0.53610631
8.5582911
8.5604909
8.562595
8.5648358
8.5668712
8.5691013
8.5712287
8.5732313
8.5752341
8.5771828
8.5785916
8.5800803
8.580994
8.581663
8.581886
8.5815582
8.5805951
8.5790169
8.5766996
8.5735
8.5694067
8.5642703
8.5580668
8.5506985
8.542076
8.53203
8.5206227
8.5076345
8.4930964
8.4768096
8.4588141
8.4389525
8.4171839
8.3934695
8.3677552
8.3399423
8.3100787
8.2780881
8.2440158
8.2078464
8.1696485
8.1294922
8.0874934
8.0437941
7.9985958
7.9521464
7.9047323
7.8567053
7.8084661
7.7604775
7.7132604
7.6674075
7.6235048
7.5820768
7.5435399
7.508119
7.4757386
7.4458906
7.4174741
7.3885981
7.3562933
7.3159956
7.2604237
7.1810324
7.0732107
6.9369574
6.771958
6.572931
6.3328119
6.0578675
5.7649016
5.473852
5.2126236
4.9930026
4.8301157
4.7349402
4.6909984
4.6522955
4.5554571
4.3342278
3.9602257
3.4469646
2.8419616
2.2242278
1.6722395
1.2383523
0.93698204
0.75262664
0.64559864
0.58999502
0.55571244
0.53031436
0.50951606
0.48893777
0.47126611
0.45408748
0.44334919
0.4350483
0.42908051
0.42493158
0.42209892
0.42013122
0.41877573
0.41780449
0.41708295
0.41654
0.41613751
0.41586301
0.41572607
0.41575557
0.41600091
0.41653611
0.41747012
0.41897047
0.42131307
0.42504201
0.4314376
0.44396466
0.47181165
0.53556148
8.986984
8.9887732
8.9906748
8.9926651
8.9947274
8.9968294
8.9989417
9.0010259
9.00304
9.0049377
9.0066634
9.0081551
9.0093475
9.0101663
9.0105313
9.0103552
9.0095438
9.0079957
9.0056032
9.0022532
8.997828
8.9922048
8.9852557
8.9768493
8.9668575
8.9551512
8.9415987
8.926066
8.9084165
8.8885127
8.8662195
8.8414066
8.8139434
8.7836808
8.7504462
8.7140741
8.6743986
8.6312629
8.5845149
8.5340214
8.4796739
8.4213937
8.3591411
8.2929271
8.2228242
8.1489784
8.0716231
7.9910714
7.9077096
7.8220337
7.7346783
7.6464735
7.5585172
7.4723205
7.3897394
7.3131041
7.2450902
7.1885512
7.1461638
7.1198372
7.1098935
7.1140963
7.1266768
7.1377348
7.1314187
7.0985584
7.0325917
6.9257624
6.7693562
6.556798
6.2868012
5.9618608
5.5874146
5.1927622
4.8503461
4.6242872
4.5421056
4.5328418
4.5001968
4.3703247
4.1032644
3.6885157
3.1413204
2.5145244
1.8995249
1.3835674
1.0140027
0.78676476
0.65644325
0.58886032
0.55115858
0.52525132
0.50503076
0.48452731
0.46689257
0.4500028
0.43920011
0.43090092
0.42500074
0.42092469
0.41815913
0.41625772
0.41496952
0.41406972
0.41342559
0.41296711
0.41265703
0.41248346
0.41245662
0.41260573
0.41298093
0.41365707
0.41474401
0.41641094
0.41893692
0.42287327
0.42951814
0.44237309
0.4706723
0.53499613
8.7577415
8.7596472
8.7617907
8.7637274
8.7657302
8.7676476
8.769361
8.7709002
8.7722245
8.7731925
8.7737513
8.7738737
8.7733917
8.7722734
8.7703263
8.7675539
8.7637822
8.7589928
8.7530202
8.7456852
8.7369859
8.7268066
8.7150072
8.7015191
8.6862067
8.669025
8.6498638
8.6286311
8.6052554
8.5796583
8.5517706
8.5215049
8.4887948
8.4535569
8.4157117
8.3751507
8.3318081
8.2856236
8.2364902
8.1843516
8.1291225
8.0706459
8.0088068
7.9434799
7.8745715
7.8020296
7.7260658
7.6469642
7.5651821
7.4813033
7.3961597
7.3109482
7.2269919
7.145359
7.0674357
6.9948822
6.9294637
6.8729438
6.8268696
6.7922972
6.7694926
6.7576269
6.7544716
6.7566418
6.7583688
6.7517543
6.7296946
6.6835994
6.603837
6.4784879
6.295569
6.0417788
5.7061746
5.2942417
4.8603195
4.5148403
4.3528046
4.3294262
4.3246231
4.244688
4.0483657
3.715801
3.2440988
2.6564968
2.0273824
1.4636879
1.0494378
0.79592242
0.65400095
0.58202764
0.54391514
0.51812421
0.49862321
0.47863804
0.46128797
0.44499803
0.43438537
0.42627335
0.42054599
0.41660487
0.41394843
0.41214119
0.41093824
0.4101221
0.40956426
0.40919737
0.40898606
0.40891978
0.40900985
0.40928603
0.40979931
0.4106255
0.41187564
0.41372072
0.41644309
0.42060157
0.42751252
0.44071384
0.46948524
0.53440831
7.7184979
7.7208252
7.7235913
7.7262836
7.7292321
7.7322492
7.7349553
7.7379478
7.7408738
7.7435966
7.7460358
7.7481887
7.7498939
7.7513629
7.7522905
7.7524799
7.752107
7.7508402
7.7487093
7.745721
7.741598
7.736343
7.7299086
7.7221078
7.7129904
7.7023568
7.6902145
7.6764385
7.6610183
7.643785
7.6247243
7.6037662
7.5808549
7.5558527
7.5287495
7.4994371
7.4678643
7.4339006
7.3975549
7.3586837
7.3172671
7.2732413
7.2265719
7.1772438
7.1252731
7.0707103
7.0136589
6.954292
6.8928435
6.8296718
6.7652095
6.7000581
6.6349451
6.5707611
6.5085586
6.4495265
6.3949619
6.3461725
6.3043705
6.2705121
6.2450965
6.2279586
6.2180654
6.2133317
6.2110724
6.2062799
6.1940678
6.1678197
6.1193971
6.0390664
5.9138239
5.7290525
5.4701016
5.1311527
4.7388427
4.379718
4.1628669
4.0980494
4.0872098
4.034422
3.8890692
3.625607
3.229974
2.7045953
2.0977542
1.5154487
1.0706896
0.79682199
0.64702343
0.57322786
0.53549339
0.51004548
0.49112058
0.47189554
0.45496776
0.43943738
0.429116
0.4212728
0.41577143
0.41199602
0.4094723
0.40777639
0.40667212
0.40595044
0.40548798
0.4052206
0.40511533
0.40516334
0.40537728
0.40578803
0.40644772
0.4074333
0.40885712
0.41089208
0.41382408
0.41821977
0.42541378
0.43898007
0.46824446
0.53379585
6.5165958
6.5204757
6.5237714
6.5278488
6.5322847
6.5368686
6.5420758
6.5474076
6.5525988
6.5585356
6.564385
6.5703816
6.5765314
6.5826095
6.5885583
6.594519
6.6002138
6.6056233
6.6106764
6.6152528
6.6193486
6.6228527
6.6256043
6.6276662
6.628881
6.6291291
6.628407
6.6265983
6.6236215
6.619472
6.6139748
6.6071354
6.5987784
6.5889168
6.5774173
6.5642275
6.5492184
6.5323534
6.513508
6.492631
6.469597
6.4443739
6.4168535
6.3870124
6.3547956
6.3201942
6.2832165
6.2439391
6.2024537
6.1589281
6.1136202
6.0668393
6.0190258
5.9707152
5.9225623
5.8753513
5.8299515
5.7873263
5.7484415
5.7141918
5.685278
5.6620455
5.6443059
5.6311599
5.6208199
5.6104291
5.5959346
5.5720197
5.5321061
5.4682635
5.3707779
5.2280531
5.0282344
4.7654289
4.4551863
4.1543167
3.9443702
3.8546339
3.8277745
3.785452
3.675609
3.4679366
3.1410978
2.683531
2.1193997
1.5412062
1.0795336
0.79102984
0.63649963
0.56277011
0.52593559
0.50109317
0.48271673
0.46439677
0.44803893
0.43338377
0.42344833
0.41594047
0.41070632
0.40712056
0.40474628
0.4031726
0.40217501
0.40155398
0.4011926
0.40103036
0.40103704
0.40120556
0.40155027
0.40210315
0.40291765
0.404072
0.40568002
0.40791672
0.41107177
0.41571989
0.42321398
0.4371639
0.4669429
0.53315641
5.515077
5.5177998
5.5221752
5.5261456
5.5307808
5.5361757
5.5417865
5.5478971
5.5546964
5.5615781
5.5692763
5.5772134
5.5856404
5.594323
5.6033419
5.6126746
5.6221136
5.6317756
5.6415129
5.6513167
5.6610057
5.6705508
5.6800462
5.6891198
5.697897
5.7062746
5.7141311
5.7213866
5.7280252
5.7338605
5.738884
5.7429849
5.7461122
5.7481434
5.7489895
5.7485551
5.7467888
5.7435238
5.7387154
5.7322337
5.7240052
5.7139026
5.701857
5.6877539
5.6715279
5.6531039
5.6324253
5.6094588
5.5842049
5.5566917
5.5269848
5.4952206
5.4615755
5.4263064
5.3897437
5.3522923
5.3144529
5.2767829
5.2399031
5.2044423
5.1709834
5.1399736
5.1116075
5.0856708
5.0613782
5.0371759
5.0105683
4.9779506
4.9344535
4.8738138
4.7885024
4.6703014
4.5118149
4.310832
4.0795676
3.854521
3.686555
3.5997991
3.5644279
3.5259097
3.4390896
3.2731132
3.0034368
2.6101079
2.0989108
1.5435571
1.0774744
0.77991801
0.62334201
0.5509786
0.51536555
0.49136557
0.47358411
0.4562426
0.44059154
0.42687868
0.41740657
0.41028571
0.40534871
0.40197306
0.39976249
0.39832109
0.39743795
0.39692393
0.3966695
0.39661824
0.39674258
0.39703781
0.39752006
0.39822254
0.39920019
0.40053263
0.4023353
0.40478562
0.40817726
0.41309308
0.42090418
0.4352561
0.4655722
0.53248733
4.7024127
4.70601
4.7093103
4.7136455
4.7187788
4.7239012
4.7301075
4.7368048
4.7439861
4.7521843
4.7605218
4.7699008
4.7795702
4.7900904
4.8011029
4.8125179
4.8246437
4.8370407
4.8498903
4.8630588
4.8765035
4.8901792
4.9039153
4.9177715
4.9315961
4.9453032
4.9588422
4.9721385
4.9850765
4.9976143
5.0096445
5.0210803
5.031852
5.0418437
5.0510156
5.0592444
5.0664041
5.0724606
5.0772758
5.080757
5.0827921
5.0832868
5.0821294
5.0792012
5.074405
5.0676314
5.0587832
5.0477683
5.0345038
5.0189317
5.001008
4.9807085
4.9580523
4.9330862
4.9059017
4.8766366
4.8454781
4.8126612
4.7784659
4.7432041
4.7071927
4.6707124
4.6339434
4.5968773
4.5591884
4.5200948
4.4781962
4.431325
4.3764435
4.3096169
4.2261748
4.1213451
3.991851
3.8390492
3.6736345
3.5185792
3.4015103
3.3346521
3.3007306
3.2648905
3.1929014
3.0567488
2.8314043
2.4934
2.0372149
1.5178819
1.0613105
0.76248912
0.60748191
0.5378581
0.50378067
0.48087547
0.46379167
0.44747883
0.43266883
0.41994501
0.41100426
0.40431582
0.39970087
0.39655323
0.39451755
0.39321661
0.39245433
0.39205296
0.39191095
0.39197604
0.39222356
0.39265149
0.39327778
0.39413707
0.39528591
0.39680557
0.39881328
0.40148903
0.4051307
0.41032934
0.41847404
0.43324595
0.46412243
0.53178576
4.0186642
4.0217104
4.0249264
4.0292271
4.0336815
4.03931
4.0449619
4.0517852
4.0593278
4.0674205
4.0764835
4.0861416
4.0968139
4.1080862
4.1201225
4.1329533
4.1464463
4.1606458
4.1754677
4.1908156
4.2067274
4.2230871
4.2398086
4.2568444
4.2741113
4.2915508
4.3090399
4.3265532
4.3439531
4.3611908
4.3781939
4.394855
4.41108
4.4268288
4.4419487
4.4564124
4.470102
4.4829129
4.494772
4.5055561
4.5151699
4.5235003
4.5304332
4.5358464
4.5396185
4.541622
4.5417243
4.5397911
4.5356901
4.5292883
4.5204528
4.5090629
4.4950016
4.4781597
4.4584524
4.435807
4.4101741
4.3815305
4.3498784
4.3152533
4.2777127
4.2373385
4.1942001
4.1483298
4.0996511
4.0478929
3.992475
3.932415
3.866271
3.7922079
3.7082666
3.6129884
3.5065847
3.3926962
3.2800199
3.1816218
3.1097795
3.0668117
3.0401061
3.0071731
2.9437357
2.8268832
2.6335911
2.3403209
1.9364663
1.4623435
1.0294788
0.73893463
0.58941322
0.523575
0.49128702
0.46973774
0.45349268
0.43823653
0.42436417
0.41263807
0.40427316
0.39804546
0.39376549
0.39085729
0.38900355
0.38784947
0.38721359
0.38693015
0.38690603
0.38709274
0.38746908
0.38803579
0.38881269
0.38983603
0.39116414
0.39288004
0.39510305
0.39801594
0.40192098
0.40741737
0.41591174
0.43112096
0.4625818
0.53104836
3.3876359
3.3893314
3.3925644
3.3953751
3.3996545
3.4035728
3.4090826
3.4149254
3.4214729
3.4286704
3.4368965
3.4458489
3.4555043
3.4662081
3.4775928
3.48999
3.5031043
3.5171363
3.5319741
3.5476496
3.5640052
3.5809681
3.5986903
3.6169951
3.6357108
3.6549625
3.6746361
3.6945986
3.7148165
3.7352032
3.7557211
3.7762677
3.7967892
3.8171288
3.8373398
3.85719
3.8766668
3.8956932
3.9140646
3.9317838
3.9486551
3.9645848
3.9794205
3.993028
4.0052496
4.0159016
4.024844
4.0318612
4.0367815
4.0394061
4.0395334
4.0369485
4.0314469
4.0228133
4.0108177
3.9952419
3.9758616
3.9524723
3.9248728
3.8928967
3.8564125
3.8153375
3.7696542
3.7194054
3.6646895
3.6056282
3.5423292
3.4748268
3.4030638
3.3269695
3.2467091
3.1631601
3.0785612
2.9970684
2.9245784
2.8672384
2.8283563
2.8047416
2.7856314
2.7554385
2.6966224
2.5908873
2.4183461
2.1580168
1.7992693
1.3733828
0.9764999
0.70690557
0.56856944
0.50864403
0.47827613
0.45804707
0.44268553
0.42851008
0.41568143
0.40495962
0.39723713
0.39149156
0.38755802
0.38489633
0.38322789
0.38222328
0.38171597
0.3815534
0.38164974
0.38196182
0.38247137
0.38318193
0.38411517
0.38530911
0.38682398
0.38874474
0.39119294
0.39435437
0.39853582
0.40434447
0.41320383
0.42886646
0.46093749
0.53027161
1.1420331
1.1421172
1.1424441
1.1430678
1.143951
1.1451672
1.1467512
1.14874
1.1511742
1.1540993
1.1575636
1.1616176
1.1663172
1.1717188
1.1778849
1.1848832
1.1927803
1.2016522
1.2115752
1.2226279
1.2348957
1.2484676
1.2634309
1.2798791
1.2979105
1.3176198
1.3391005
1.362454
1.3877882
1.4152109
1.4448237
1.4767353
1.5110479
1.5478748
1.5873123
1.6294617
1.6744138
1.7222463
1.7730295
1.8268084
1.8836091
1.9434217
2.0061943
2.0718285
2.1401575
2.2109374
2.2838281
2.3583762
2.434144
2.510602
2.5871272
2.6630034
2.7374154
2.8094615
2.8781601
2.942464
3.001281
3.0534928
3.0979914
3.1337133
3.1596964
3.1751463
3.1795195
3.1726063
3.1545732
3.1259492
3.0875779
3.0405471
2.9861423
2.9258596
2.8615278
2.7959588
2.7327345
2.6748982
2.6258279
2.58903
2.5652549
2.549408
2.533874
2.5077957
2.4579315
2.3683573
2.2214262
1.9974434
1.6836446
1.3017882
0.93537029
0.68059436
0.55004738
0.49340063
0.46482796
0.44610746
0.43171634
0.41858255
0.40675619
0.39697917
0.3898643
0.38461058
0.38101988
0.37861323
0.37713605
0.37629008
0.37591993
0.375887
0.37611208
0.37655758
0.37720825
0.37807054
0.37916805
0.38054079
0.38225122
0.38438618
0.38706998
0.39049152
0.39496246
0.40109761
0.4103364
0.42646714
0.45917455
0.52945271
)
;

boundaryField
{
    airfoil
    {
        beta1           0.075;
        blended         0;
        type            omegaWallFunction;
        value           nonuniform List<scalar> 
240
(
2785116.5
2805192
2824876.4
2845367
2866592.4
2888948.2
2912108.1
2936053.3
2961179.2
2987118.3
3013878.3
3041659.9
3070670.3
3100741.3
3131492.7
3163135.4
3196079.2
3230083.8
3265144.2
3301426.9
3338854.1
3377255.5
3416659.4
3457537.5
3499504.9
3542809.1
3587504
3633631.9
3681160.6
3730011.3
3780246.8
3832131.2
3886092.5
3941483.2
3997997.7
4056464.9
4117141.5
4179573.6
4243894.7
4310175.2
4378560.2
4448889.7
4521392
4596384
4673538.2
4752918.5
4834830.3
4919531
5006876.5
5096538.7
5188572.4
5283463.1
5381498.4
5482064.3
5585453
5691702
5800616.8
5912937.9
6028206.9
6146267.6
6267369.2
6391154.4
6517679
6647213.6
6779925.4
6915288.1
7052906.1
7189478.1
7302001.6
7410857.7
7519532.6
7628358.6
7737099.3
7845220.2
7952797
8059185
8164233.3
8267750.8
8369117.6
8467853.7
8563578.9
8655717.7
8744501.8
8828455.2
8906094.2
8978609.4
9044822.4
9103421
9153009.6
9192241.9
9222013.3
9238898.2
9240562.5
9227942
9199695.3
9152375.9
9085201.1
8996129.3
8882517.9
8743018
8575732.7
8379045.9
8151745.6
7892329.1
7600565.3
7276945.6
6922851.4
6540039.9
6132324.5
5705042.2
5265568.7
4822831.7
4387027.2
3970590.7
3586937.2
3250170.9
2974298.6
2772281.5
2654925.8
2629986.2
2702004.9
2880438.7
3175737.5
3593768.4
4134986.1
4793861.8
5559153.7
6414168
7336942
8302834.5
9285863.7
10260301
11201101
12086142
12898924
13624313
14253184
14779781
15202564
15523927
15747725
15880032
15926954
15898605
15802984
15649807
15444886
15195778
14914840
14604984
14272231
13921906
13559394
13189876
12814346
12438117
12063498
11691891
11325636
10966139
10614427
10270663
9935634.4
9611084.4
9297637.7
8993937
8700163.6
8417569.6
8146117.2
7885095.3
7634073.3
7393247.4
7165907.2
6972237.5
6789071.2
6612263.4
6441146.6
6276058.7
6117257.3
5964576.9
5817451.3
5675741.3
5539511.5
5408593
5282708.9
5161993.9
5046045
4934308.2
4827141.3
4724251.6
4625593.7
4531052.8
4440137.7
4353076.2
4269711.9
4189688.3
4112812.3
4038867.6
3968109.6
3900440.3
3835550.4
3773316.5
3713669.5
3656370.6
3601323.1
3548665.1
3498142.4
3449739.9
3403354
3358762.5
3316141.5
3275321.9
3236136.8
3198640.2
3162751.6
3128272.9
3095284.4
3063814.8
3033685
3004813.7
2977192.7
2950850.8
2925743.3
2901820
2879051.1
2857351.4
2836692.7
2817122.1
2798602.4
2781106
2764567.7
2749030.7
2734464.2
2720873.8
2708161
2696336.8
2685482.8
2675435.6
2666162.8
2656530
)
;
    }
    farfield
    {
        type            freestream;
        freestreamValue uniform 0.671;
        value           nonuniform List<scalar> 
718
(
1.1422776
1.1425632
1.1430852
1.1438586
1.1449002
1.1462264
1.1478547
1.1498028
1.1520887
1.1547319
1.157751
1.1611642
1.1649907
1.1692553
1.1739764
1.179177
1.1848765
1.191099
1.1978702
1.2052129
1.2131547
1.2217221
1.230945
1.240855
1.2514823
1.2628632
1.2750352
1.2880336
1.301906
1.3166989
1.3324612
1.3492439
1.3671054
1.3861081
1.4063174
1.4278033
1.4506397
1.4749079
1.500691
1.528074
1.5571473
1.588004
1.6207327
1.6554237
1.6921542
1.7310011
1.7720248
1.8152721
1.8607631
1.9084877
1.9583979
2.010396
2.064333
2.1199963
2.1770902
2.235228
2.2939168
2.3525506
2.4103959
2.4665914
2.520139
2.5699085
2.6146424
2.6529674
2.6834538
2.7047238
2.7154652
2.7144908
2.7008242
2.6737998
2.6331158
2.5788697
2.5116899
2.432961
2.3447043
2.2494731
2.150118
2.0495605
1.9504452
1.8549518
1.7644216
1.6786769
1.5961684
1.5135373
1.4254781
1.3249905
1.2053113
1.0649911
0.91247013
0.76298059
0.6341489
0.5424897
0.48864557
0.45729746
0.43550034
0.41860599
0.40513266
0.39466258
0.3875909
0.38220601
0.37833958
0.37564912
0.3738958
0.37277957
0.3721224
0.37178602
0.37168271
0.37178464
0.37203247
0.37240968
0.37298019
0.37375155
0.37477463
0.37610875
0.37785732
0.38013709
0.38316494
0.38726358
0.392995
0.40175233
0.40175233
0.40307117
0.40437087
0.40565354
0.40692202
0.40817857
0.40942489
0.4106624
0.41189218
0.41311524
0.4143324
0.41554448
0.41675215
0.41795611
0.41915693
0.42035525
0.42155158
0.42274652
0.42394046
0.42513406
0.42632753
0.4275216
0.42871644
0.42991264
0.43111044
0.43231026
0.43351239
0.43471718
0.43592491
0.43713591
0.43835041
0.43956873
0.44079107
0.4420177
0.44324883
0.44448468
0.44572542
0.44697129
0.44822243
0.44947904
0.45074126
0.45200929
0.45328323
0.45456328
0.45584954
0.45714218
0.4584413
0.45974706
0.46105955
0.46237891
0.46370526
0.46503871
0.46637935
0.46772734
0.46908272
0.47044565
0.47181621
0.4731945
0.47458062
0.47597469
0.47737677
0.47878699
0.48020541
0.48163215
0.48306729
0.48451093
0.48596315
0.48742405
0.48889371
0.49037223
0.49185969
0.4933562
0.49486181
0.49637666
0.49790079
0.49943431
0.50097732
0.5025299
0.50409212
0.50566409
0.50724589
0.50883762
0.51043936
0.51205123
0.51367326
0.51530559
0.51694828
0.51860143
0.52026514
0.52193952
0.52362465
0.52532065
0.52702761
0.52874564
0.53047485
0.53221535
0.53396721
0.53573057
0.53750553
0.53929222
0.54109073
0.54290121
0.54472373
0.54655847
0.5484055
0.550265
0.55213705
0.55402179
0.55591935
0.55782984
0.55975341
0.56169019
0.5636403
0.5656039
0.56758111
0.56957207
0.57157694
0.57359583
0.57562888
0.5776767
0.5802746
0.58285008
0.58540118
0.58792638
0.59042425
0.59289342
0.671
0.671
0.671
0.671
0.671
0.671
0.671
0.671
0.671
0.671
0.671
0.671
0.671
0.671
0.671
0.671
0.671
0.671
0.671
0.671
0.671
0.671
0.671
0.671
0.671
0.671
0.671
0.671
0.671
0.671
0.671
0.671
0.671
0.671
0.671
0.671
0.671
0.671
0.671
0.671
0.671
0.671
0.671
0.671
0.671
0.671
0.671
0.671
0.671
0.671
0.671
0.671
0.671
0.671
0.671
0.671
0.671
0.671
0.671
0.671
0.671
0.671
0.671
0.671
0.671
0.671
0.671
0.671
0.671
0.671
0.671
0.671
0.671
0.671
0.671
0.671
0.671
0.671
0.671
0.671
0.671
0.671
0.671
0.671
0.671
0.671
0.671
0.671
0.671
0.671
0.671
0.671
0.671
0.671
0.671
0.671
0.671
0.671
0.671
0.671
0.671
0.671
0.671
0.671
0.671
0.671
0.671
0.671
0.671
0.671
0.671
0.671
0.671
0.671
0.671
0.671
0.671
0.671
0.671
0.671
0.671
0.671
0.671
0.671
0.671
0.671
0.671
0.671
0.671
0.671
0.671
0.671
0.671
0.671
0.671
0.671
0.671
0.671
0.671
0.671
0.671
0.671
0.671
0.671
0.671
0.671
0.671
0.671
0.671
0.671
0.671
0.671
0.671
0.671
0.671
0.671
0.671
0.671
0.671
0.671
0.671
0.671
0.671
0.671
0.671
0.671
0.671
0.671
0.671
0.671
0.671
0.671
0.671
0.671
0.671
0.671
0.671
0.671
0.671
0.671
0.671
0.671
0.671
0.671
0.671
0.671
0.671
0.671
0.671
0.671
0.671
0.671
0.671
0.671
0.671
0.671
0.671
0.671
0.671
0.671
0.671
0.671
0.671
0.671
0.671
0.671
0.671
0.671
0.671
0.671
0.671
0.671
0.671
0.671
0.671
0.671
0.671
0.671
0.671
0.671
0.671
0.671
0.671
0.671
0.671
0.671
0.671
0.671
0.671
0.671
0.671
0.671
0.671
0.671
0.671
0.671
0.671
0.671
0.671
0.671
0.671
0.671
0.671
0.671
0.671
0.671
0.671
0.671
0.671
0.671
0.671
0.671
0.671
0.671
0.671
0.671
0.671
0.671
0.671
0.671
0.671
0.671
0.671
0.671
0.671
0.671
0.671
0.671
0.671
0.671
0.671
0.671
0.671
0.671
0.671
0.671
0.671
0.671
0.671
0.671
0.671
0.671
0.671
0.671
0.671
0.671
0.671
0.671
0.671
0.671
0.671
0.671
0.671
0.671
0.671
0.671
0.671
0.671
0.671
0.671
0.671
0.671
0.671
0.671
0.671
0.671
0.671
0.671
0.671
0.671
0.671
0.671
0.671
0.671
0.671
0.671
0.671
0.671
0.671
0.671
0.671
0.671
0.671
0.671
0.671
0.671
0.671
0.671
0.671
0.671
0.671
0.671
0.671
0.671
0.671
0.671
0.671
0.671
0.671
0.671
0.671
0.671
0.671
0.671
0.671
0.671
0.671
0.671
0.671
0.671
0.671
1.1420331
1.1421172
1.1424441
1.1430678
1.143951
1.1451672
1.1467512
1.14874
1.1511742
1.1540993
1.1575636
1.1616176
1.1663172
1.1717188
1.1778849
1.1848832
1.1927803
1.2016522
1.2115752
1.2226279
1.2348957
1.2484676
1.2634309
1.2798791
1.2979105
1.3176198
1.3391005
1.362454
1.3877882
1.4152109
1.4448237
1.4767353
1.5110479
1.5478748
1.5873123
1.6294617
1.6744138
1.7222463
1.7730295
1.8268084
1.8836091
1.9434217
2.0061943
2.0718285
2.1401575
2.2109374
2.2838281
2.3583762
2.434144
2.510602
2.5871272
2.6630034
2.7374154
2.8094615
2.8781601
2.942464
3.001281
3.0534928
3.0979914
3.1337133
3.1596964
3.1751463
3.1795195
3.1726063
3.1545732
3.1259492
3.0875779
3.0405471
2.9861423
2.9258596
2.8615278
2.7959588
2.7327345
2.6748982
2.6258279
2.58903
2.5652549
2.549408
2.533874
2.5077957
2.4579315
2.3683573
2.2214262
1.9974434
1.6836446
1.3017882
0.93537029
0.68059436
0.55004738
0.49340063
0.46482796
0.44610746
0.43171634
0.41858255
0.40675619
0.39697917
0.3898643
0.38461058
0.38101988
0.37861323
0.37713605
0.37629008
0.37591993
0.375887
0.37611208
0.37655758
0.37720825
0.37807054
0.37916805
0.38054079
0.38225122
0.38438618
0.38706998
0.39049152
0.39496246
0.40109761
0.4103364
0.42646714
0.45917455
0.52945271
0.671
)
;
    }
    frontAndBack
    {
        type            empty;
    }
}


// ************************************************************************* //
