/*--------------------------------*- C++ -*----------------------------------*\
  =========                 |
  \\      /  F ield         | OpenFOAM: The Open Source CFD Toolbox
   \\    /   O peration     | Website:  https://openfoam.org
    \\  /    A nd           | Version:  8
     \\/     M anipulation  |
\*---------------------------------------------------------------------------*/
/*   Windows 32 and 64 bit porting by blueCAPE: http://www.bluecape.com.pt   *\
|  Based on Windows porting (2.0.x v4) by Symscape: http://www.symscape.com   |
\*---------------------------------------------------------------------------*/
FoamFile
{
    version     2.0;
    format      ascii;
    class       volScalarField;
    location    "2400";
    object      nut;
}
// * * * * * * * * * * * * * * * * * * * * * * * * * * * * * * * * * * * * * //

dimensions      [0 2 -1 0 0 0 0];

internalField   nonuniform List<scalar> 
38788
(
0.0067845571
0.0067844458
0.0067841437
0.0067836322
0.0067828931
0.0067819016
0.0067806346
0.0067790654
0.0067771634
0.0067748962
0.0067722287
0.0067691214
0.0067655306
0.0067614098
0.0067567063
0.0067513631
0.0067453176
0.0067385004
0.0067308364
0.006722242
0.0067126255
0.0067018873
0.006689917
0.0066765935
0.0066617847
0.0066453446
0.0066271141
0.0066069176
0.0065845636
0.006559842
0.0065325229
0.0065023549
0.0064690632
0.0064323487
0.0063918861
0.0063473203
0.0062982686
0.0062443178
0.006185023
0.0061199105
0.0060484777
0.0059701978
0.005884527
0.0057909131
0.005688811
0.0055777059
0.0054571446
0.0053267783
0.0051864235
0.0050361429
0.0048763532
0.0047079632
0.0045325445
0.0043525407
0.004171491
0.0039942479
0.0038271207
0.0036778453
0.0035552476
0.0034684872
0.0034258737
0.0034334599
0.003493788
0.0036050976
0.0037608398
0.0039484492
0.0041446121
0.0042996642
0.0067668838
0.006766758
0.0067664179
0.0067658432
0.0067650106
0.0067638955
0.0067624706
0.0067607052
0.0067585662
0.0067560167
0.0067530155
0.0067495201
0.0067454806
0.0067408439
0.0067355508
0.0067295377
0.0067227325
0.0067150581
0.0067064276
0.0066967486
0.0066859159
0.0066738157
0.0066603254
0.0066453049
0.0066286047
0.0066100594
0.006589487
0.0065666886
0.0065414446
0.0065135165
0.0064826427
0.0064485345
0.00641088
0.0063693374
0.0063235359
0.0062730724
0.006217512
0.0061563869
0.0060891967
0.0060154102
0.0059344697
0.0058457971
0.0057488044
0.0056429109
0.0055275623
0.0054022645
0.0052666298
0.005120436
0.0049637071
0.004796823
0.0046206548
0.0044367385
0.0042474782
0.0040563707
0.0038682236
0.0036893065
0.0035273385
0.0033911907
0.0032901803
0.0032329541
0.0032261572
0.0032732969
0.0033742372
0.003525495
0.0037211368
0.0039538582
0.0042157899
0.0044983377
0.0047972821
0.0050987793
0.0053949258
0.0056802859
0.0059488999
0.0061948262
0.0064126095
0.0065978199
0.0067473204
0.0068545819
0.0067257712
0.0067256176
0.0067252087
0.0067245218
0.0067235228
0.0067221924
0.0067204867
0.0067183745
0.0067158173
0.0067127692
0.0067091834
0.0067050053
0.006700179
0.0066946403
0.0066883187
0.0066811374
0.0066730136
0.0066638532
0.0066535554
0.006642009
0.0066290903
0.0066146671
0.0065985901
0.0065807011
0.0065608194
0.0065387534
0.0065142907
0.0064871987
0.0064572245
0.0064240901
0.0063874951
0.0063471105
0.0063025785
0.0062535133
0.0061994974
0.0061400823
0.0060747879
0.0060031042
0.0059244933
0.0058383959
0.0057442371
0.0056414385
0.0055294351
0.0054077013
0.0052757825
0.0051333404
0.0049802139
0.0048165025
0.0046426706
0.0044596768
0.0042691439
0.004073547
0.0038764248
0.00368258
0.0034982143
0.0033309118
0.0031893521
0.0030826391
0.00301924
0.0030057088
0.0030455872
0.0031389015
0.0032824228
0.0034705069
0.0036961144
0.0039516773
0.0042296573
0.0045227859
0.0048242091
0.0051273079
0.0054254652
0.0057122155
0.0059812747
0.0062266208
0.0064427693
0.0066252218
0.0067710776
0.0068795984
0.0069524099
0.0069899935
0.0070000143
0.0069950259
0.0066723202
0.0066721314
0.0066716401
0.0066708034
0.006669607
0.0066679961
0.0066659432
0.0066634006
0.00666032
0.0066566484
0.0066523309
0.0066473037
0.0066414951
0.0066348306
0.0066272272
0.0066185919
0.0066088261
0.0065978183
0.0065854479
0.0065715819
0.0065560778
0.0065387739
0.0065194985
0.0064980603
0.006474254
0.0064478502
0.0064186031
0.0063862441
0.0063504787
0.006310989
0.0062674303
0.0062194307
0.0061665866
0.0061084687
0.0060446153
0.0059745377
0.0058977201
0.0058136263
0.0057217006
0.0056213824
0.0055121184
0.005393379
0.0052646872
0.0051256508
0.004976013
0.0048157113
0.0046449592
0.0044643453
0.0042749634
0.004078564
0.0038777303
0.0036760686
0.0034783821
0.0032907835
0.0031206656
0.0029764199
0.0028668067
0.0027999622
0.0027822055
0.0028170064
0.0029045106
0.0030417893
0.0032236341
0.0034435249
0.0036944442
0.0039693978
0.0042616587
0.0045648133
0.0048727002
0.0051793023
0.0054786368
0.0057646967
0.0060315
0.0062732784
0.0064848276
0.0066619898
0.0068021747
0.0069047681
0.0069712979
0.0070051087
0.007011238
0.0069960779
0.0069662023
0.0069299835
0.0068956106
0.0065970225
0.0065968025
0.0065962001
0.0065951963
0.0065937368
0.0065917886
0.0065892985
0.0065862154
0.0065824796
0.0065780326
0.0065728009
0.0065667086
0.0065596746
0.0065516051
0.0065424016
0.0065319533
0.0065201415
0.0065068338
0.0064918867
0.0064751448
0.0064564337
0.0064355682
0.0064123458
0.0063865405
0.0063579102
0.0063261973
0.0062911101
0.0062523434
0.0062095629
0.0061624079
0.0061104927
0.006053403
0.0059907005
0.0059219159
0.0058465621
0.0057641267
0.0056740844
0.0055759014
0.0054690513
0.0053530229
0.0052273469
0.0050916237
0.0049455559
0.0047890017
0.0046220321
0.0044450099
0.0042586861
0.0040643174
0.0038638046
0.0036598467
0.0034561034
0.0032573406
0.0030695083
0.0028996975
0.0027558678
0.0026462691
0.0025785384
0.0025586171
0.0025898098
0.0026723467
0.0028036145
0.0029788935
0.0031922517
0.0034372957
0.0037076451
0.0039971514
0.0042999384
0.0046103431
0.0049228102
0.0052317813
0.0055316072
0.0058165264
0.0060807529
0.0063187155
0.0065254596
0.0066971641
0.0068316517
0.0069287322
0.0069902685
0.0070199737
0.007023069
0.0070058879
0.0069752405
0.0069375585
0.0068983332
0.0068614811
0.0068308853
0.0068082148
0.0064701243
0.0064698584
0.0064691451
0.0064679288
0.0064661873
0.0064638497
0.0064608601
0.0064571619
0.006452686
0.0064473521
0.0064410756
0.0064337746
0.0064253452
0.0064156789
0.0064046544
0.0063921464
0.0063780131
0.0063620973
0.0063442322
0.0063242333
0.0063019015
0.0062770178
0.0062493478
0.0062186358
0.0061846024
0.00614695
0.0061053562
0.0060594747
0.0060089318
0.005953336
0.0058922638
0.0058252735
0.0057518997
0.0056716616
0.0055840607
0.0054885991
0.0053847785
0.005272117
0.0051501702
0.0050185499
0.0048769572
0.0047252158
0.0045633252
0.0043915181
0.0042103317
0.0040207033
0.0038240645
0.0036224671
0.0034187085
0.003216462
0.0030203807
0.0028361464
0.0026704126
0.0025305463
0.002424125
0.002358147
0.0023380833
0.0023670391
0.0024453511
0.0025707797
0.0027391645
0.0029452293
0.0031832562
0.0034475102
0.0037324341
0.0040326861
0.0043430954
0.0046585732
0.0049740107
0.0052841779
0.0055836567
0.0058668466
0.0061280959
0.0063619941
0.0065638238
0.0067301013
0.0068590614
0.0069509223
0.0070078515
0.0070337193
0.0070337869
0.0070143505
0.0069822062
0.0069438032
0.0069045151
0.0068680738
0.0068370744
0.0068131901
0.006799527
0.0063007867
0.0063004591
0.0062996038
0.0062981633
0.0062960593
0.006293255
0.0062896742
0.0062852437
0.0062798722
0.00627348
0.0062659619
0.0062572185
0.0062471189
0.00623555
0.0062223653
0.0062074065
0.0061905176
0.0061715124
0.0061501982
0.0061263553
0.0060997605
0.0060701606
0.0060372839
0.0060008466
0.0059605319
0.0059160051
0.0058669166
0.0058128821
0.0057535055
0.0056883626
0.0056170223
0.0055390278
0.0054539179
0.0053612295
0.0052605063
0.0051513052
0.0050332227
0.0049059079
0.0047690874
0.0046225965
0.0044664211
0.0043007415
0.0041259872
0.0039429046
0.0037526328
0.0035567861
0.0033575495
0.0031577716
0.0029610532
0.0027718138
0.0025953136
0.0024375833
0.0023052159
0.0022049522
0.0021430359
0.0021244208
0.0021520348
0.0022263954
0.0023457355
0.0025065531
0.00270431
0.0029340232
0.0031906383
0.003469201
0.0037648957
0.0040730178
0.0043889142
0.0047079043
0.0050251868
0.0053357506
0.0056343204
0.0059153913
0.0061734032
0.0064030863
0.0065999586
0.0067608788
0.0068844889
0.0069713888
0.0070240119
0.0070463437
0.007043651
0.0070221909
0.006988699
0.0069495127
0.0069098827
0.0068733864
0.0068424724
0.0068187261
0.0068046822
0.0068084017
0.0068304688
0.0032335002
0.0060850608
0.00608417
0.0060825508
0.0060801586
0.006076896
0.0060726997
0.0060674616
0.0060610955
0.0060534855
0.0060445214
0.0060340676
0.0060219909
0.0060081278
0.0059923299
0.0059744087
0.0059541626
0.005931397
0.0059058708
0.0058773519
0.0058455683
0.0058102401
0.0057710692
0.0057277301
0.0056798868
0.0056271791
0.005569228
0.0055056455
0.0054360233
0.0053599492
0.0052770024
0.0051867741
0.0050888552
0.0049828725
0.0048684831
0.0047454044
0.0046134241
0.0044724394
0.0043224744
0.0041637271
0.0039965994
0.0038217542
0.0036401562
0.0034531399
0.003262456
0.0030703422
0.0028795722
0.0026935101
0.0025161482
0.0023521065
0.00220659
0.0020852421
0.0019938535
0.0019378758
0.0019217814
0.0019484181
0.0020186141
0.0021312054
0.0022834584
0.0024716552
0.0026916062
0.0029389649
0.0032093847
0.0034985667
0.0038022381
0.0041161371
0.0044359666
0.0047573282
0.0050756321
0.0053860077
0.0056832597
0.0059619305
0.0062165237
0.0064419037
0.0066338315
0.0067895162
0.0069080007
0.0069902347
0.0070388663
0.0070579471
0.0070527214
0.0070294031
0.0069946826
0.0069548098
0.0069149021
0.0068783688
0.0068475028
0.0068238081
0.0068096482
0.0068127709
0.0068366684
0.0012594727
0.0057803465
0.005779386
0.0057775981
0.0057748279
0.0057709636
0.0057659807
0.0057596821
0.0057520294
0.0057428442
0.0057320065
0.0057193475
0.0057047337
0.0056879489
0.0056688218
0.0056471469
0.0056227007
0.0055952554
0.0055645328
0.0055302963
0.0054922402
0.005450076
0.0054034819
0.0053521348
0.0052956929
0.0052338117
0.0051661384
0.0050923138
0.005011999
0.0049248463
0.004830552
0.0047288179
0.0046194155
0.0045021501
0.0043769215
0.0042437114
0.0041026247
0.0039539031
0.0037979597
0.0036354018
0.0034670663
0.0032940495
0.0031177432
0.0029398593
0.0027624779
0.0025880618
0.0024194976
0.0022601153
0.0021137118
0.001984543
0.0018772614
0.0017967451
0.0017477694
0.001734478
0.0017598088
0.0018250605
0.0019298064
0.0020721744
0.0022493245
0.0024578939
0.0026942914
0.0029547731
0.0032355219
0.0035326959
0.0038423566
0.0041605342
0.0044831767
0.0048060879
0.0051248259
0.0054346043
0.0057302576
0.0060063396
0.0062574003
0.0064784415
0.0066654804
0.0068160857
0.0069296904
0.0070075592
0.0070525057
0.0070686062
0.0070610636
0.0070360486
0.0070002132
0.0069597244
0.0069195746
0.0068830209
0.0068522131
0.0068285736
0.0068142999
0.0068175199
0.0068435675
0.0010152671
0.0050884386
0.0050875655
0.0050858073
0.0050830307
0.0050792814
0.005074293
0.0050680819
0.0050604326
0.005051298
0.0050404949
0.0050278769
0.0050133085
0.0049965934
0.0049775572
0.0049559972
0.0049316997
0.004904429
0.004873978
0.004840063
0.0048024377
0.0047608206
0.0047149339
0.0046644752
0.0046091579
0.0045486798
0.0044827436
0.0044110701
0.0043333803
0.0042494396
0.0041590191
0.0040619641
0.003958154
0.0038475498
0.0037301983
0.0036062492
0.0034759775
0.0033398055
0.0031983184
0.0030522852
0.0029026913
0.0027507476
0.0025979175
0.0024459396
0.0022968434
0.0021529804
0.0020170522
0.0018921412
0.0017817395
0.0016897458
0.0016203847
0.0015779848
0.0015665774
0.001589367
0.0016482587
0.0017436503
0.0018745748
0.0020390764
0.002234599
0.0024582487
0.0027069137
0.0029773008
0.0032659611
0.003569329
0.0038835836
0.0042049772
0.0045296392
0.0048535294
0.0051723097
0.0054812315
0.0057751172
0.0060485035
0.0062959809
0.0065126992
0.0066949484
0.0068406649
0.0069496575
0.0070234675
0.0070650262
0.0070783996
0.0070687367
0.0070421695
0.0070053207
0.0069642825
0.0069239258
0.0068873684
0.0068566214
0.0068330426
0.0068186625
0.0068219204
0.0068502141
0.0010615533
0.0043824134
0.0043815908
0.0043799212
0.0043773779
0.0043738129
0.0043691657
0.0043633525
0.0043562329
0.0043476847
0.0043376278
0.0043258699
0.0043122838
0.0042967358
0.0042790161
0.0042589739
0.0042364094
0.0042111145
0.004182884
0.0041514845
0.0041166986
0.0040782786
0.0040359689
0.0039895413
0.0039387287
0.0038832919
0.0038229948
0.0037576101
0.0036869409
0.0036108069
0.0035290826
0.0034416741
0.0033485612
0.003249792
0.003145503
0.0030359385
0.0029214578
0.0028025594
0.0026798939
0.0025542787
0.0024267154
0.0022984042
0.0021707575
0.0020454175
0.0019242788
0.0018095138
0.0017036154
0.0016094456
0.0015302699
0.0014697518
0.0014318278
0.001420414
0.0014389408
0.0014898633
0.0015743491
0.0016922887
0.0018425701
0.002023423
0.0022326602
0.0024677809
0.0027259869
0.0030041928
0.0032990748
0.0036071612
0.0039249313
0.0042487375
0.0045748218
0.0048992755
0.0052178293
0.0055257296
0.0058177474
0.0060883814
0.0063322642
0.0065447115
0.0067223031
0.0068633461
0.006968007
0.0070380625
0.0070765176
0.0070873992
0.0070757959
0.0070478081
0.0070100376
0.0069685082
0.006927974
0.0068914264
0.0068607424
0.0068372306
0.0068227608
0.0068259736
0.0068565516
0.0012227235
0.0037761925
0.0037754063
0.0037738734
0.0037714845
0.0037681997
0.0037639218
0.0037585511
0.0037520148
0.003744172
0.0037349243
0.0037241595
0.0037117247
0.0036974769
0.0036812846
0.0036629634
0.0036423603
0.0036192896
0.0035935582
0.0035649765
0.0035333361
0.0034984308
0.003460055
0.0034179914
0.0033720326
0.003321982
0.0032676471
0.0032088576
0.0031454642
0.0030773564
0.0030044591
0.0029267529
0.0028442771
0.0027571509
0.0026655737
0.002569851
0.002470398
0.0023677575
0.0022626058
0.0021557677
0.0020482231
0.0019411174
0.0018357702
0.0017336924
0.0016366112
0.0015465154
0.0014657095
0.0013968831
0.001343157
0.001308046
0.0012952701
0.0013083766
0.0013502577
0.001422757
0.0015265513
0.0016613222
0.0018260533
0.0020192615
0.0022390851
0.0024832728
0.002749164
0.0030337247
0.0033336543
0.003645525
0.0039658968
0.0042913582
0.0046183974
0.004943112
0.0052612598
0.0055680377
0.0058581301
0.0061259847
0.0063662868
0.0065745405
0.0067476297
0.0068842319
0.0069848471
0.0070514454
0.0070870646
0.0070956709
0.0070822908
0.007053002
0.0070143927
0.0069724247
0.0069317383
0.0068952118
0.0068645919
0.006841154
0.006826613
0.0068296642
0.0068625795
0.0013951764
0.0032865215
0.0032857417
0.0032842428
0.0032819787
0.0032788642
0.0032748233
0.0032697633
0.0032636058
0.0032562511
0.0032475705
0.0032374787
0.0032258421
0.0032125313
0.0031974038
0.0031803189
0.0031611299
0.0031396614
0.003115758
0.0030892474
0.0030599496
0.0030276882
0.0029922863
0.00295357
0.0029113741
0.0028655363
0.0028159255
0.0027624156
0.0027049268
0.0026433989
0.002577828
0.0025082622
0.0024348105
0.0023576558
0.0022770676
0.0021934035
0.0021071225
0.0020187931
0.0019290932
0.0018388175
0.0017488786
0.0016603147
0.0015742976
0.0014921593
0.0014154308
0.0013459097
0.0012857466
0.0012375297
0.0012043202
0.0011895595
0.0011967904
0.0012292125
0.0012892335
0.0013782333
0.0014966258
0.0016441055
0.0018198805
0.0020227569
0.0022510941
0.0025027362
0.0027750081
0.0030648192
0.0033688421
0.003683696
0.0040060582
0.0043326579
0.0046601535
0.004984915
0.0053025481
0.0056081501
0.0058962881
0.0061613543
0.0063981073
0.0066022648
0.0067710251
0.0069034301
0.0070002856
0.0070637125
0.0070967454
0.0071032744
0.0070882664
0.0070577853
0.0070184124
0.0069760528
0.0069352362
0.0068987406
0.0068681858
0.0068448303
0.0068302338
0.006833045
0.0068681008
0.006860131
0.0016462458
0.0028743766
0.0028735995
0.0028721362
0.0028699493
0.0028669624
0.0028630968
0.0028582895
0.0028524343
0.002845456
0.0028372498
0.0028277073
0.0028167236
0.0028041855
0.0027899529
0.002773913
0.0027559138
0.0027358276
0.0027135029
0.0026887894
0.0026615481
0.002631624
0.0025988773
0.0025631731
0.0025243845
0.0024824086
0.0024371491
0.0023885482
0.0023365738
0.0022812388
0.0022225964
0.0021607572
0.0020958927
0.0020282417
0.001958115
0.0018859024
0.0018120714
0.0017371703
0.0016618277
0.001586749
0.0015127213
0.0014406186
0.0013714251
0.0013062755
0.0012465229
0.0011938359
0.001150308
0.0011185436
0.0011016495
0.001103053
0.0011261242
0.0011737084
0.0012477834
0.0013494099
0.0014789267
0.0016361893
0.0018206764
0.0020314222
0.0022668798
0.0025248444
0.0028025131
0.0030966795
0.0034039839
0.0037211228
0.0040449357
0.0043723333
0.0047000929
0.0050246042
0.0053416699
0.0056460801
0.005932256
0.0061945405
0.0064277923
0.0066279701
0.0067925904
0.0069210489
0.0070144268
0.007074954
0.0071056317
0.0071102639
0.0070937628
0.0070621886
0.0070221201
0.0069794112
0.0069384838
0.0069020272
0.0068715392
0.0068482738
0.0068336341
0.0068362772
0.0068700949
0.006864239
0.002082144
0.0025163362
0.0025155208
0.0025140858
0.0025119658
0.0025091007
0.002505417
0.0025008426
0.0024953067
0.0024887163
0.0024809912
0.0024720369
0.0024617398
0.0024500119
0.0024367368
0.0024217968
0.0024050779
0.0023864614
0.0023658228
0.0023430452
0.002318003
0.0022905923
0.0022606972
0.0022282271
0.0021930997
0.0021552476
0.0021146394
0.0020712577
0.0020251265
0.0019763095
0.0019249085
0.0018710798
0.001815029
0.001757016
0.0016973601
0.0016364318
0.0015746555
0.001512506
0.0014505035
0.001389214
0.0013292582
0.0012713287
0.0012162316
0.0011649514
0.0011187494
0.001079283
0.0010487246
0.0010298153
0.001025775
0.0010400105
0.0010756631
0.0011351885
0.0012201858
0.0013315342
0.0014696516
0.001634645
0.0018262558
0.0020436547
0.0022852558
0.0025486845
0.0028309381
0.00312868
0.0034385492
0.0037573692
0.0040821825
0.0044101017
0.0047380251
0.005062323
0.0053786327
0.0056818562
0.005966077
0.0062255982
0.0064554126
0.0066517457
0.0068124279
0.0069371943
0.0070273697
0.0070852535
0.0071137885
0.0071166878
0.0070988163
0.0070662394
0.0070255374
0.0069825171
0.0069414958
0.0069050849
0.0068746656
0.006851496
0.006836826
0.0068394062
0.0068727146
0.0068691253
0.0022016536
0.002201381
0.0022005912
0.00219923
0.0021972436
0.0021945758
0.0021911621
0.0021869452
0.002181852
0.0021758097
0.0021687358
0.002160555
0.0021511746
0.0021405102
0.0021284642
0.0021149442
0.0020998516
0.002083085
0.0020645537
0.0020441579
0.0020218131
0.0019974303
0.0019709399
0.0019422788
0.0019114052
0.0018782913
0.0018429353
0.0018053638
0.0017656301
0.0017238264
0.0016800776
0.001634547
0.0015874431
0.0015390076
0.0014895189
0.0014392879
0.0013886521
0.0013379737
0.0012876399
0.0012380677
0.0011897221
0.0011431537
0.0010990576
0.001058367
0.0010223718
0.00099285141
0.00097217233
0.00096327825
0.00096948898
0.0009940985
0.0010399086
0.0011089425
0.0012024911
0.0013213963
0.0014662873
0.0016375757
0.0018352223
0.0020584238
0.0023054298
0.0025736049
0.0028597149
0.0031603179
0.0034721087
0.0037920949
0.0041175552
0.004445803
0.0047738325
0.0050979663
0.0054136461
0.0057155258
0.0059977998
0.006254586
0.0064810412
0.0066736828
0.0068306386
0.0069519684
0.0070392074
0.0070946878
0.0071212746
0.00712259
0.0071034596
0.0070699626
0.0070286836
0.0069853859
0.0069442857
0.0069079262
0.0068775781
0.0068545084
0.0068398196
0.0068423619
0.0068753429
0.0068740206
0.0019385918
0.0019383401
0.0019376266
0.0019364021
0.0019346224
0.0019322306
0.0019291883
0.0019254217
0.001920881
0.0019154979
0.0019092089
0.0019019391
0.0018936229
0.0018841748
0.001873522
0.0018615869
0.0018482872
0.0018335508
0.0018172946
0.0017994531
0.001779956
0.0017587489
0.0017357839
0.0017110239
0.0016844525
0.001656068
0.0016258913
0.0015939676
0.0015603645
0.0015251806
0.0014885387
0.0014505916
0.0014115128
0.0013715018
0.0013307764
0.001289567
0.0012481144
0.0012066693
0.0011654964
0.0011248925
0.0010852157
0.0010469398
0.0010107364
0.00097758817
0.00094892274
0.0009267384
0.00091365492
0.00091280408
0.00092750093
0.00096076791
0.0010149426
0.0010916096
0.0011918671
0.0013166805
0.0014670058
0.001643579
0.0018465066
0.002074889
0.0023266991
0.0025989812
0.0028882753
0.0031910903
0.0035042464
0.0038249884
0.0041508495
0.0044793272
0.0048074695
0.0051315041
0.0054466552
0.0057472876
0.006027477
0.0062815621
0.0065047522
0.0066938722
0.0068473216
0.0069654687
0.0070500267
0.0071033267
0.0071281429
0.0071280098
0.0071077222
0.007073381
0.0070315764
0.006988032
0.0069468662
0.006910563
0.0068802889
0.0068573226
0.0068426281
0.0068451489
0.0068779635
0.006878764
0.0017324398
0.0017322129
0.0017315613
0.0017304591
0.0017288617
0.0017267222
0.0017239998
0.0017206418
0.0017165968
0.0017118055
0.0017062174
0.0016997633
0.0016923888
0.0016840253
0.0016746162
0.0016640864
0.0016523804
0.0016394325
0.0016251859
0.0016095869
0.0015925895
0.0015741529
0.0015542514
0.0015328679
0.00151
0.0014856655
0.0014598933
0.0014327387
0.0014042715
0.001374583
0.0013437836
0.0013119965
0.0012793622
0.0012460246
0.0012121352
0.0011778465
0.0011433092
0.001108679
0.0010741263
0.001039865
0.0010061976
0.00097358642
0.00094275574
0.00091482288
0.00089143538
0.00087486764
0.00086799198
0.00087403717
0.00089613983
0.00093686757
0.00099800883
0.0010807761
0.001186246
0.0013156747
0.0014704375
0.0016515812
0.0018592524
0.0020923291
0.0023484145
0.002624207
0.0029160627
0.0032205153
0.003534581
0.0038557814
0.004181905
0.0045106019
0.0048389234
0.0051629515
0.005477661
0.0057771453
0.0060552568
0.0063065861
0.006526619
0.0067124049
0.0068625725
0.0069777874
0.0070599076
0.0071112341
0.0071344416
0.0071329829
0.0071116311
0.007076515
0.0070342319
0.0069904683
0.0069492492
0.0069130063
0.0068828097
0.0068599497
0.006845263
0.0068477729
0.0068804966
0.0068833315
0.0015734687
0.0015732474
0.0015726504
0.001571644
0.0015701888
0.0015682542
0.0015657883
0.0015627542
0.001559102
0.0015547895
0.0015497568
0.0015439609
0.0015373463
0.0015298586
0.0015214445
0.0015120524
0.0015016314
0.0014901318
0.0014775118
0.0014637311
0.0014487588
0.0014325713
0.0014151545
0.0013965073
0.0013766405
0.0013555767
0.0013333572
0.0013100327
0.0012856721
0.001260352
0.0012341619
0.0012071945
0.0011795451
0.0011513069
0.0011225658
0.0010934006
0.0010638848
0.0010340963
0.0010041393
0.000974182
0.00094451896
0.00091566064
0.00088845478
0.00086422751
0.00084490889
0.00083307085
0.00083177704
0.00084419242
0.00087305734
0.00092032276
0.00098722239
0.0010747474
0.0011841634
0.0013171795
0.0014756388
0.0016608396
0.0018728506
0.0021101991
0.0023700532
0.002648779
0.0029426168
0.0032482083
0.003562827
0.0038842925
0.0042106328
0.0045396067
0.0048682164
0.0051923491
0.0055066993
0.0058050959
0.0060812422
0.0063297373
0.006546717
0.006729371
0.006876484
0.0069890116
0.0070689246
0.0071184682
0.0071402143
0.0071375419
0.0071152107
0.0070793835
0.0070366651
0.0069927072
0.0069514457
0.0069152668
0.0068851517
0.0068624002
0.0068477358
0.0068502426
0.0068829264
0.0068877409
0.0014494385
0.0014492274
0.0014486663
0.0014477332
0.0014463908
0.0014446098
0.0014423453
0.0014395636
0.0014362208
0.0014322762
0.0014276882
0.0014224085
0.0014163928
0.0014095971
0.0014019776
0.0013934922
0.0013840996
0.0013737644
0.0013624527
0.0013501407
0.0013368075
0.0013224437
0.0013070454
0.001290622
0.0012731918
0.001254785
0.0012354403
0.0012152072
0.0011941416
0.0011723045
0.0011497567
0.0011265565
0.0011027533
0.0010783854
0.0010534779
0.0010280434
0.0010020895
0.00097563672
0.00094874928
0.00092158775
0.00089448721
0.0008680666
0.00084336678
0.00082199158
0.00080619661
0.00079882686
0.00080300797
0.00082161469
0.00085676401
0.00090969582
0.0009811866
0.0010722282
0.0011844979
0.0013202894
0.0014819009
0.001670789
0.0018868177
0.0021280406
0.0023911623
0.0026722646
0.0029675588
0.0032738751
0.0035887895
0.0039104224
0.0042370088
0.0045663679
0.0048954001
0.0052197548
0.0055338227
0.0058311728
0.0061054047
0.0063511816
0.0065651234
0.006744861
0.0068891453
0.0069992238
0.0070771464
0.0071250823
0.0071455008
0.0071417163
0.0071184837
0.0070820041
0.0070388896
0.0069947599
0.0069534662
0.0069173548
0.0068873256
0.0068646848
0.0068500568
0.006852567
0.0068852452
0.0068920023
0.0013501116
0.0013498975
0.0013493727
0.0013485
0.0013472505
0.0013455926
0.0013434931
0.0013409201
0.0013378321
0.001334196
0.0013299706
0.0013251185
0.0013196048
0.0013133885
0.0013064348
0.0012987116
0.0012901873
0.0012808356
0.0012706352
0.0012595696
0.0012476315
0.0012348173
0.001221136
0.0012065998
0.0011912325
0.0011750642
0.0011581298
0.0011404687
0.0011221196
0.0011031203
0.0010834996
0.0010632753
0.0010424494
0.0010210064
0.00099891321
0.00097612514
0.00095259832
0.00092831695
0.00090333585
0.0008778482
0.00085228315
0.0008274343
0.00080460747
0.00078574549
0.00077344161
0.00077072697
0.0007805793
0.00080531138
0.00084622787
0.00090387154
0.00097876236
0.0010721567
0.0011863462
0.0013242852
0.0014886779
0.0016809978
0.0019007535
0.0021454528
0.0024113426
0.0026942958
0.0029905885
0.0032973083
0.0036123585
0.0039341436
0.0042610637
0.0045909474
0.0049205463
0.0052452374
0.005559091
0.0058554277
0.0061277867
0.0063709865
0.0065819278
0.0067589648
0.0069006425
0.0070085016
0.0070846369
0.0071311252
0.0071503375
0.0071455337
0.0071214709
0.0070843926
0.0070409184
0.0069966371
0.0069553209
0.00691928
0.0068893416
0.0068668132
0.0068522362
0.0068547549
0.0068874548
0.006896127
0.00126781
0.0012676068
0.00126711
0.0012662943
0.0012651315
0.0012635951
0.0012616553
0.0012592758
0.0012564308
0.0012530857
0.0012492067
0.0012447631
0.001239722
0.0012340547
0.0012277319
0.0012207282
0.0012130211
0.001204594
0.0011954326
0.0011855298
0.0011748842
0.0011635
0.001151388
0.0011385652
0.0011250511
0.0011108711
0.0010960493
0.0010806085
0.0010645651
0.0010479253
0.0010306824
0.00101281
0.00099426175
0.00097497042
0.00095485167
0.00093381396
0.00091178045
0.00088872453
0.00086472713
0.00084006209
0.00081531425
0.00079152497
0.00077033976
0.00075408333
0.00074564657
0.00074807407
0.00076390616
0.00079461774
0.00084060836
0.00090186881
0.00097894368
0.0010736216
0.0011889657
0.0013286047
0.0014955413
0.001691098
0.0019142984
0.0021620705
0.002430241
0.0027145682
0.0030114833
0.003318381
0.003633495
0.0039554841
0.0042828664
0.0046134306
0.0049437399
0.0052688711
0.0055825663
0.0058779144
0.0061484364
0.0063891598
0.0065972737
0.0067717718
0.006911058
0.0070169181
0.0070914553
0.0071366421
0.0071547583
0.0071490194
0.0071241918
0.0070865641
0.0070427632
0.0069983488
0.006957019
0.0069210518
0.0068912095
0.0068687952
0.0068542834
0.0068568151
0.0068895597
0.0069001246
0.0011987148
0.0011985162
0.0011980522
0.0011972965
0.0011962286
0.0011948167
0.0011930415
0.0011908707
0.0011882771
0.0011852338
0.001181715
0.0011776902
0.0011731354
0.0011680274
0.0011623432
0.0011560643
0.0011491754
0.0011416641
0.0011335235
0.0011247509
0.001115348
0.0011053216
0.0010946806
0.0010834382
0.0010716073
0.001059199
0.0010462221
0.0010326751
0.0010185464
0.0010038082
0.00098841341
0.00097229193
0.00095535137
0.00093747872
0.00091854787
0.00089843751
0.00087705917
0.00085440705
0.00083063088
0.00080614177
0.00078175214
0.00075883236
0.00073943378
0.00072626829
0.00072240113
0.00073061213
0.00075266165
0.00078897484
0.00083910107
0.00090274921
0.00098080753
0.0010758308
0.001191745
0.001332802
0.0015021534
0.0017007735
0.0019271223
0.0021775667
0.0024475571
0.002732846
0.0030300959
0.003337037
0.0036522195
0.0039745153
0.0043025132
0.0046339189
0.0049650729
0.0052907326
0.0056043104
0.0058986873
0.0061674112
0.0064057648
0.0066112478
0.0067833615
0.0069204701
0.0070245425
0.0070976565
0.0071416746
0.0071587946
0.007152197
0.0071266643
0.0070885325
0.0070444352
0.0069999044
0.0069585698
0.0069226792
0.0068929386
0.0068706399
0.0068562074
0.0068587561
0.006891566
0.0069040047
0.0011415106
0.0011413245
0.001140893
0.0011402046
0.0011392322
0.0011379575
0.0011363521
0.0011343976
0.001132068
0.0011293386
0.0011261867
0.001122592
0.001118531
0.0011139862
0.0011089396
0.001103377
0.0010972867
0.001090661
0.0010834941
0.0010757849
0.0010675339
0.0010587439
0.0010494191
0.0010395626
0.0010291743
0.0010182484
0.0010067702
0.00099471308
0.00098203349
0.00096866787
0.00095453023
0.00093951031
0.00092347574
0.00090627704
0.00088776106
0.00086779531
0.00084630815
0.000823351
0.00079919356
0.00077445141
0.00075024661
0.0007283608
0.00071129399
0.00070207712
0.00070370969
0.00071832814
0.00074658405
0.00078778646
0.00084086032
0.00090558747
0.00098350608
0.001078107
0.0011941955
0.0013365283
0.0015082187
0.0017097522
0.0019389604
0.0021916629
0.0024630494
0.0027489625
0.0030463502
0.0033532836
0.0036685998
0.0039913408
0.0043201199
0.004652522
0.0049846393
0.0053108969
0.005624383
0.0059178001
0.006184769
0.0064208681
0.0066239336
0.0067938091
0.0069289541
0.0070314393
0.0071032916
0.0071462616
0.0071624754
0.0071550888
0.0071289056
0.0070903109
0.0070459451
0.0070013132
0.0069599818
0.0069241709
0.0068945377
0.0068723561
0.0068580167
0.0068605859
0.0068934802
0.0069077759
0.0010952477
0.0010950649
0.0010946723
0.001094047
0.0010931742
0.0010920298
0.0010905982
0.0010888559
0.0010867822
0.0010843591
0.0010815647
0.0010783812
0.0010747902
0.0010707762
0.0010663251
0.0010614236
0.001056062
0.0010502315
0.0010439275
0.0010371439
0.0010298778
0.0010221244
0.0010138775
0.0010051266
0.00099585548
0.00098603827
0.0009756356
0.00096459301
0.00095283607
0.00094026769
0.00092676655
0.00091218835
0.00089636886
0.00087913454
0.00086032153
0.00083980956
0.00081757449
0.00079377041
0.00076884707
0.00074370451
0.00071986479
0.00069959269
0.00068582425
0.00068172664
0.00068985584
0.00071127857
0.00074532723
0.00079033691
0.00084497841
0.00090948204
0.0009862834
0.0010798978
0.0011959498
0.0013395302
0.0015135118
0.0017177912
0.0019495542
0.0022041183
0.0024765363
0.0027628213
0.0030602355
0.0033671787
0.0036827397
0.0040060852
0.0043358123
0.0046693533
0.0050025322
0.0053294362
0.0056428402
0.0059353034
0.0062005675
0.0064345369
0.0066353933
0.0068032056
0.0069365825
0.0070376698
0.0071084081
0.007150439
0.0071658281
0.0071577154
0.0071309315
0.0070919117
0.0070473028
0.0070025836
0.0069612634
0.0069255352
0.0068960154
0.0068739522
0.0068597192
0.0068623123
0.0068953087
0.0069114467
0.0010583584
0.0010581857
0.0010578245
0.0010572589
0.0010564736
0.0010554505
0.001054172
0.0010526189
0.001050776
0.0010486215
0.0010461419
0.0010433172
0.0010401335
0.0010365751
0.001032629
0.0010282823
0.0010235233
0.0010183427
0.0010127298
0.001006675
0.0010001668
0.00099319078
0.00098572862
0.00097775433
0.00096923333
0.00096011847
0.00095034677
0.00093983615
0.00092848351
0.00091616158
0.00090271947
0.00088798446
0.00087177053
0.00085389305
0.00083419607
0.00081259709
0.0007891576
0.00076418775
0.00073839218
0.00071304848
0.00069017125
0.00067254477
0.00066342767
0.00066578314
0.00068123405
0.00070941403
0.00074835177
0.00079576306
0.0008505061
0.00091358767
0.00098849886
0.0010807817
0.0011967519
0.0013416254
0.0015178406
0.001724672
0.0019586844
0.002214745
0.002487902
0.0027743912
0.0030717964
0.0033788216
0.0036947683
0.0040188873
0.0043497222
0.0046845258
0.0050188408
0.005346416
0.0056597319
0.0059512451
0.0062148642
0.0064468408
0.0066456865
0.006811638
0.0069434245
0.0070432914
0.0071130505
0.0071542406
0.0071688782
0.0071600965
0.007132757
0.0070933465
0.0070485177
0.007003724
0.0069624227
0.0069267801
0.0068973797
0.0068754362
0.0068613225
0.0068639426
0.0068970578
0.0069150249
0.00102804
0.0010278753
0.0010275433
0.0010270297
0.0010263211
0.0010254017
0.0010242548
0.0010228654
0.0010212154
0.0010192906
0.0010170733
0.0010145482
0.0010117002
0.0010085142
0.001004976
0.0010010716
0.00099678655
0.00099210672
0.00098701703
0.00098149988
0.00097553458
0.0009690958
0.00096215085
0.00095465844
0.00094656432
0.00093780058
0.00092828053
0.00091789655
0.00090651891
0.00089399348
0.00088014345
0.00086477573
0.00084769148
0.00082870941
0.00080770218
0.00078465706
0.00075976805
0.00073356966
0.0007071142
0.00068216215
0.00066129845
0.00064778536
0.00064493076
0.00065498532
0.00067813316
0.00071242254
0.00075487325
0.00080307883
0.00085650215
0.00091715693
0.00098964922
0.0010804698
0.0011964422
0.0013426854
0.0015210408
0.0017302038
0.0019661687
0.002223411
0.0024970942
0.0027836994
0.0030811223
0.0033883412
0.0037048328
0.0040298942
0.0043619826
0.0046981486
0.0050336457
0.0053618931
0.0056751009
0.0059656693
0.0062277164
0.0064578508
0.0066548896
0.0068191724
0.0069495448
0.0070483579
0.0071172603
0.0071576978
0.0071716499
0.0071622502
0.0071343963
0.0070946262
0.0070495989
0.0070047423
0.0069634671
0.0069279133
0.0068986384
0.0068768158
0.0068628336
0.0068654839
0.0068987334
0.0069185182
0.0010009761
0.0010008212
0.0010005174
0.0010000545
0.0009994181
0.00099859558
0.00099757208
0.00099633185
0.00099486155
0.0009931445
0.00099116478
0.00098890868
0.00098635857
0.00098349911
0.00098031409
0.00097678654
0.00097289836
0.00096862897
0.00096395687
0.00095885541
0.00095329309
0.00094723173
0.00094062382
0.00093341046
0.00092551802
0.00091685645
0.00090731615
0.0008967645
0.00088504603
0.00087198231
0.0008573755
0.00084101812
0.00082271034
0.00080229106
0.0007796885
0.0007550011
0.00072861889
0.00070139044
0.00067482854
0.00065128643
0.00063394473
0.00062635646
0.00063139678
0.00064998635
0.00068052052
0.00071963984
0.0007638839
0.00081124188
0.00086209578
0.00091958013
0.00098938247
0.001078796
0.0011949339
0.001342615
0.0015229898
0.0017342177
0.0019718397
0.0022300402
0.0025041217
0.0027908232
0.0030883369
0.003395887
0.0037130906
0.0040392553
0.004372722
0.0047103211
0.0050470154
0.0053759106
0.0056889801
0.0059786157
0.0062391812
0.0064676388
0.0066630796
0.0068258711
0.006955006
0.0070529205
0.0071210762
0.0071608402
0.0071741656
0.0071641941
0.0071358628
0.0070957613
0.0070505549
0.0070056461
0.0069644042
0.0069289423
0.0068997988
0.006878098
0.0068642594
0.0068669425
0.006900341
0.0069219336
0.00097548946
0.00097534262
0.00097506852
0.00097465585
0.0009740944
0.00097337092
0.0009724727
0.0009713859
0.00097009458
0.00096858562
0.00096684237
0.00096484828
0.00096258667
0.00096003915
0.00095718596
0.00095400523
0.00095047344
0.00094656345
0.00094224354
0.00093747676
0.00093221929
0.00092641744
0.00092000735
0.00091291068
0.0009050337
0.00089626342
0.00088646597
0.0008754844
0.00086313926
0.00084923112
0.00083354676
0.00081587389
0.0007960267
0.00077388846
0.00074948118
0.00072307322
0.0006953364
0.00066755081
0.00064182054
0.00062117337
0.00060928946
0.00060959471
0.00062384774
0.00065108188
0.00068790157
0.00073005845
0.0007742368
0.0008192412
0.00086654733
0.00092041343
0.00098749732
0.0010756978
0.0011921885
0.0013413261
0.0015235562
0.0017365814
0.0019756186
0.0022346278
0.0025090466
0.002795876
0.0030935864
0.0034016202
0.0037197019
0.0040471161
0.0043820596
0.0047211277
0.0050589997
0.0053884953
0.0057013921
0.0059901225
0.0062493187
0.0064762788
0.0066703339
0.006831794
0.0069598691
0.0070570272
0.0071245346
0.0071636954
0.0071764465
0.0071659442
0.007137169
0.0070967618
0.0070513938
0.0070064428
0.0069652409
0.0069298741
0.0069008677
0.0068792899
0.0068656059
0.0068683245
0.0069018857
0.006925278
0.00095338817
0.00095324378
0.00095299076
0.00095261905
0.00095211824
0.00095147664
0.00095068119
0.00094971869
0.00094857418
0.00094723145
0.00094567475
0.00094388386
0.00094184042
0.00093952134
0.00093690223
0.0009339559
0.0009306501
0.00092694935
0.00092281114
0.00091818661
0.0009130171
0.00090723405
0.00090075528
0.0008934838
0.00088530459
0.00087608277
0.00086566238
0.00085386462
0.00084049064
0.00082532612
0.00080815269
0.00078876844
0.00076702428
0.00074288358
0.00071651656
0.00068844337
0.00065973276
0.00063223745
0.00060877696
0.0005930386
0.00058887324
0.00059888129
0.00062295704
0.00065801025
0.00069930389
0.00074242856
0.00078476529
0.00082618589
0.00086929573
0.0009193911
0.00098393065
0.0010711916
0.0011881944
0.0013387352
0.0015226146
0.0017372157
0.0019775025
0.0022372251
0.0025119727
0.0027989994
0.0030970338
0.0034057088
0.0037248253
0.0040536125
0.0043900956
0.0047306274
0.0050696228
0.0053996552
0.0057123524
0.006000229
0.0062581937
0.0064838485
0.0066767301
0.0068369998
0.0069641932
0.0070607235
0.0071276697
0.0071662893
0.0071785125
0.0071675158
0.0071383267
0.0070976368
0.0070521235
0.0070071395
0.006965984
0.0069307155
0.0069018519
0.0068803978
0.0068668791
0.0068696357
0.0069033723
0.0069285578
0.0009382077
0.00093805554
0.00093779637
0.00093742142
0.00093691894
0.00093627797
0.00093548359
0.00093452179
0.0009333758
0.00093202835
0.00093045909
0.00092864786
0.00092656955
0.00092419843
0.0009215044
0.00091845348
0.00091500695
0.00091112036
0.00090674232
0.00090181239
0.00089626063
0.00089000459
0.00088294751
0.00087497623
0.00086595927
0.00085574444
0.00084415838
0.00083100787
0.00081608173
0.00079916184
0.00078003868
0.00075854175
0.00073459016
0.00070827636
0.00067999241
0.00065061756
0.00062175977
0.00059599147
0.0005768987
0.00056859819
0.00057444843
0.00059533226
0.0006287789
0.00066988546
0.00071338262
0.00075541078
0.00079440338
0.0008313731
0.00086998311
0.00091641852
0.00097873136
0.0010653443
0.0011829525
0.0013347684
0.0015200839
0.0017360956
0.001977526
0.0022379225
0.0025130326
0.0028003526
0.0030988492
0.0034083203
0.0037286102
0.0040588597
0.0043969013
0.0047388466
0.0050788805
0.0054093826
0.0057218758
0.0060089838
0.0062658811
0.0064904317
0.0066823469
0.0068415467
0.0069680359
0.0070640521
0.0071305134
0.0071686461
0.0071803821
0.0071689233
0.0071393471
0.0070983953
0.0070527514
0.0070077427
0.0069666401
0.006931473
0.0069027575
0.006881428
0.0068680845
0.0068708813
0.0069048051
0.0069317789
0.00092632038
0.00092615344
0.00092586326
0.00092543777
0.00092486598
0.0009241329
0.00092322404
0.00092212095
0.00092080663
0.00091925946
0.00091745843
0.00091537792
0.00091299177
0.00091026916
0.00090717612
0.0009036743
0.0008997195
0.00089526159
0.00089024237
0.00088459405
0.00087823821
0.00087108276
0.00086302075
0.00085392786
0.00084366025
0.00083205394
0.00081892402
0.00080406859
0.00078727401
0.00076832857
0.00074704962
0.00072332375
0.00069718017
0.00066890426
0.00063920759
0.00060946384
0.00058197804
0.00056014406
0.0005481822
0.00055005732
0.00056766728
0.00059941842
0.00064057927
0.00068528019
0.00072860562
0.00076773599
0.00080228062
0.00083432698
0.00086845346
0.00091154629
0.00097202576
0.0010582462
0.0011764657
0.0013293616
0.0015159204
0.0017332509
0.0019757694
0.0022368429
0.0025123795
0.002800105
0.0030992046
0.0034096126
0.003731184
0.0040629404
0.0044025067
0.0047457725
0.0050867449
0.0054176667
0.0057299897
0.0060164534
0.0062724693
0.0064961193
0.006687264
0.0068454928
0.0069714529
0.0070670534
0.0071330955
0.0071707885
0.0071820725
0.0071701801
0.0071402407
0.0070990456
0.0070532845
0.0070082591
0.0069672152
0.0069321527
0.0069035904
0.0068823862
0.0068692273
0.0068720663
0.0069061883
0.0069349471
0.00090759571
0.00090742042
0.00090710033
0.00090662574
0.00090598371
0.00090515539
0.00090412562
0.00090287492
0.00090138191
0.0008996246
0.00089757873
0.00089521602
0.00089250686
0.00088941778
0.00088591128
0.00088194417
0.00087746838
0.00087242816
0.0008667594
0.000860388
0.00085322747
0.00084517792
0.0008361224
0.00082592658
0.00081443668
0.00080147803
0.00078685824
0.00077037119
0.00075180852
0.00073097911
0.00070774698
0.00068209241
0.00065421012
0.00062466539
0.00059461608
0.00056609106
0.00054222968
0.00052720621
0.00052540809
0.00053968217
0.00056949149
0.00061060841
0.0006568517
0.00070243867
0.00074346197
0.00077833377
0.00080777661
0.0008348027
0.00086472678
0.00090492976
0.00096397913
0.0010499892
0.0011687383
0.0013224688
0.0015101231
0.0017287629
0.0019723471
0.0022341309
0.0025101789
0.002798429
0.0030982633
0.003409723
0.0037326398
0.0040658902
0.0044068949
0.0047513607
0.0050931811
0.0054245144
0.0057367509
0.0060227299
0.0062780624
0.0065010093
0.0066915231
0.0068489333
0.0069744976
0.0070697647
0.0071354437
0.0071727372
0.0071835999
0.0071712986
0.0071410172
0.0070995957
0.0070537296
0.0070086948
0.0069677153
0.0069327605
0.0069043562
0.006883278
0.0068703121
0.0068731952
0.0069075257
0.0069380676
0.00087945597
0.00087927221
0.0008789321
0.0008784212
0.00087772129
0.00087682147
0.0008756959
0.00087432896
0.00087269744
0.00087077532
0.00086853725
0.00086595385
0.00086299257
0.0008596171
0.00085578619
0.00085145441
0.00084656825
0.00084106758
0.00083488321
0.00082793337
0.00082012517
0.00081134941
0.00080148028
0.00079037309
0.00077786384
0.00076376994
0.00074789302
0.0007300286
0.00070998203
0.00068760039
0.00066282282
0.00063576969
0.00060687743
0.00057710446
0.00054820875
0.00052303238
0.00050558208
0.00050047475
0.00051137087
0.00053888024
0.00057958181
0.00062729758
0.00067557964
0.0007195703
0.00075665388
0.00078642144
0.00081054222
0.00083276965
0.00085896337
0.00089679019
0.00095476742
0.0010406581
0.0011597849
0.0013140757
0.0015027368
0.0017227526
0.0019673962
0.0022299464
0.0025066017
0.0027954917
0.0030961697
0.0034087534
0.0037330195
0.0040676917
0.0044100107
0.0047555593
0.0050981798
0.0054299755
0.0057422569
0.0060279328
0.0062827778
0.0065052047
0.0066951882
0.0068519395
0.0069772191
0.007072221
0.0071375835
0.0071745117
0.0071849792
0.0071722904
0.0071416858
0.007100053
0.007054093
0.0070090556
0.006968146
0.0069333019
0.0069050601
0.0068841084
0.0068713435
0.0068742722
0.0069088208
0.0069411454
0.00084185852
0.0008416728
0.00084132309
0.00084079454
0.00084007188
0.00083913686
0.00083797127
0.00083655274
0.00083485771
0.0008328631
0.00083053827
0.00082785386
0.0008247743
0.00082126172
0.0008172721
0.00081275542
0.00080765503
0.00080190447
0.00079542864
0.00078813854
0.00077993207
0.00077069143
0.000760279
0.00074854013
0.0007353
0.00072036791
0.0007035431
0.00068462926
0.00066345874
0.00063993831
0.000614123
0.00058633565
0.00055735499
0.00052867657
0.00050282265
0.00048353904
0.00047549226
0.00048297564
0.00050774692
0.00054744323
0.00059621973
0.00064719037
0.00069467007
0.00073513262
0.0007672265
0.00079153781
0.00081048422
0.00082837394
0.00085142032
0.00088737855
0.0009445597
0.0010303321
0.0011496416
0.0013042175
0.0014938535
0.0017153587
0.0019610656
0.0022244558
0.0025018162
0.0027914426
0.003093034
0.0034067537
0.0037323088
0.0040682833
0.0044117904
0.004758348
0.0051017887
0.0054341569
0.0057466469
0.006032204
0.0062867402
0.0065088078
0.0066983254
0.006854576
0.0069796623
0.0070744539
0.0071395386
0.0071761297
0.0071862239
0.0071731663
0.0071422551
0.0071004246
0.0070543808
0.0070093472
0.0069685126
0.0069337824
0.0069057071
0.0068848823
0.0068723257
0.0068753013
0.006910077
0.0069441851
0.00079737629
0.00079718841
0.00079683995
0.00079631366
0.00079560101
0.0007946768
0.00079352827
0.00079213046
0.00079045989
0.00078849151
0.00078619502
0.00078354023
0.00078048791
0.00077699912
0.00077302534
0.000768513
0.00076339943
0.00075761323
0.00075106952
0.00074367233
0.00073530811
0.00072584703
0.00071514088
0.00070302091
0.0006893031
0.00067378898
0.00065628088
0.00063659891
0.000614622
0.00059034892
0.0005640038
0.00053620035
0.00050818748
0.00048216166
0.00046154152
0.00045088577
0.00045491787
0.00047646433
0.00051440096
0.00056354645
0.00061683572
0.00066788011
0.00071231904
0.00074798391
0.00077459466
0.00079351326
0.00080771425
0.0008218831
0.00084240295
0.00087694381
0.00093350716
0.0010190871
0.0011383732
0.0012929989
0.0014836125
0.0017067033
0.0019535088
0.0022178277
0.0024959777
0.0027863989
0.003088913
0.0034037138
0.0037304462
0.0040675988
0.004412212
0.0047597796
0.0051041293
0.0054372205
0.0057500886
0.0060356943
0.0062900731
0.0065119151
0.0067009976
0.0068569019
0.0069818678
0.0070764925
0.0071413302
0.0071776074
0.0071873467
0.0071739362
0.007142733
0.007100717
0.0070545987
0.0070095748
0.0069688202
0.0069342067
0.0069063017
0.0068856043
0.0068732624
0.0068762861
0.0069112974
0.006947191
0.00075011964
0.00074992554
0.00074957922
0.00074907259
0.00074838561
0.00074750848
0.00074641562
0.00074508806
0.00074350269
0.00074163143
0.00073944523
0.00073690916
0.00073398542
0.00073062862
0.000726788
0.00072240416
0.00071740847
0.00071172091
0.00070524858
0.00069788284
0.00068949909
0.00067995397
0.00066908549
0.00065671285
0.00064264118
0.00062666974
0.0006086099
0.00058831591
0.00056573826
0.00054101366
0.00051461037
0.00048754774
0.00046170154
0.00044012449
0.00042714036
0.00042769369
0.00044553081
0.00048086026
0.00052947182
0.0005844126
0.00063873806
0.00068730597
0.00072719612
0.00075741136
0.00077850502
0.00079241122
0.00080248852
0.00081363204
0.00083222477
0.00086571341
0.00092174221
0.0010070002
0.0011260656
0.0012806194
0.0014721527
0.0016968381
0.0019448835
0.0022102236
0.0024892128
0.0027804277
0.0030838047
0.003399578
0.0037273673
0.0040656181
0.0044113366
0.0047599923
0.0051053862
0.0054393596
0.0057527573
0.0060385487
0.0062928903
0.0065146134
0.006703262
0.0068589703
0.0069838714
0.0070783627
0.0071429777
0.0071789594
0.0071883589
0.0071746092
0.007143127
0.0071009365
0.0070547522
0.0070097437
0.0069690735
0.0069345796
0.0069068483
0.0068862786
0.0068741572
0.0068772301
0.0069124849
0.006950167
0.00070372975
0.00070351995
0.00070317744
0.00070268867
0.00070204224
0.00070121816
0.00070020009
0.000698965
0.00069748989
0.00069574583
0.00069370242
0.00069132341
0.00068856559
0.0006853819
0.00068171655
0.00067750194
0.00067266282
0.00066710961
0.00066073829
0.00065342856
0.000645042
0.00063541993
0.00062438636
0.00061174854
0.00059730547
0.00058085998
0.00056224556
0.0005413728
0.00051830281
0.00049337556
0.00046740382
0.0004419587
0.00041971032
0.00040465249
0.00040175349
0.00041547438
0.00044735118
0.00049440129
0.00055010165
0.00060713457
0.00065963292
0.00070395144
0.00073845711
0.00076307272
0.00077896385
0.00078846061
0.00079514918
0.00080397674
0.00082117844
0.00085388384
0.00090938268
0.00099415448
0.001112807
0.0012672372
0.0014596137
0.0016859174
0.0019353696
0.0022017862
0.0024816013
0.002773535
0.003077658
0.0033942854
0.0037230601
0.0040624152
0.0044093197
0.0047591909
0.0051057734
0.0054407694
0.0057548162
0.0060408965
0.0062952909
0.0065169768
0.0067051696
0.0068608271
0.0069857046
0.0070800875
0.0071444984
0.0071801991
0.0071892712
0.0071751938
0.0071434441
0.0071010889
0.0070548464
0.0070098585
0.006969277
0.0069349056
0.006907351
0.0068869092
0.0068750135
0.0068781361
0.0069136424
0.0069531166
0.00066039488
0.00066016735
0.00065982169
0.00065934933
0.00065873564
0.00065796599
0.00065701975
0.00065587673
0.00065450974
0.00065289049
0.00065098587
0.0006487559
0.00064615629
0.00064313164
0.00063962029
0.0006355496
0.0006308326
0.00062536975
0.00061904469
0.0006117227
0.00060325095
0.00059345733
0.00058215078
0.00056913025
0.00055419214
0.00053715601
0.00051789723
0.00049641515
0.0004729383
0.00044809736
0.00042318518
0.00040049431
0.00038362752
0.00037740477
0.00038676206
0.00041445326
0.00045889705
0.00051432086
0.00057326572
0.00062921732
0.00067781934
0.00071683702
0.0007456667
0.00076491144
0.00077616331
0.00078199498
0.00078607507
0.00079325925
0.00080951902
0.00084162009
0.00089653837
0.00098064627
0.0010986983
0.0012529287
0.0014462056
0.0016742457
0.0019251468
0.002192617
0.0024731628
0.0027656762
0.0030704169
0.0033878323
0.0037176097
0.0040581599
0.0044063811
0.0047576038
0.0051054995
0.005441625
0.0057564045
0.0060428458
0.0062973583
0.0065190152
0.0067068158
0.0068625119
0.0069873944
0.0070816869
0.0071459073
0.0071813381
0.0071900928
0.0071756976
0.0071436905
0.0071011798
0.0070548862
0.0070099237
0.006969435
0.0069351888
0.0069078134
0.0068875
0.0068758343
0.0068790073
0.0069147725
0.0069560432
0.00062089693
0.00062064295
0.00062029266
0.00061983155
0.00061924665
0.00061852353
0.00061763991
0.00061657381
0.00061530047
0.00061378583
0.00061199482
0.00060988367
0.00060740168
0.00060448973
0.00060107645
0.0005970805
0.00059240501
0.0005869371
0.00058054777
0.00057308681
0.00056438648
0.00055425987
0.0005425067
0.00052892025
0.00051330666
0.00049551637
0.00047549756
0.00045338724
0.00042966042
0.0004053609
0.00038242853
0.00036404851
0.00035475934
0.00035972535
0.00038271603
0.00042361097
0.00047767811
0.00053759022
0.00059630693
0.0006487767
0.00069217516
0.00072542646
0.0007486999
0.00076307855
0.00077042093
0.00077340404
0.00077564449
0.00078178524
0.00079745755
0.00082905935
0.00088331561
0.00096658664
0.0010838716
0.0012378656
0.0014321472
0.0016620047
0.0019143398
0.0021827566
0.0024638612
0.0027567958
0.0030620807
0.0033803137
0.0037111995
0.0040530835
0.0044027583
0.0047554457
0.0051047443
0.00544207
0.0057576345
0.0060444832
0.0062991614
0.0065207363
0.0067082807
0.0068640577
0.0069889637
0.0070831782
0.007147218
0.0071823872
0.0071908322
0.0071761278
0.0071438723
0.0071012142
0.007054876
0.0070099437
0.0069695514
0.006935433
0.0069082391
0.0068880543
0.0068766223
0.0068798462
0.0069158777
0.0069589497
0.0005849621
0.00058470506
0.00058436147
0.00058392287
0.0005833769
0.00058270353
0.00058188508
0.00058089377
0.00057970174
0.00057827511
0.00057657106
0.00057454303
0.00057213288
0.00056927238
0.0005658841
0.00056187254
0.00055713094
0.000551532
0.00054493188
0.00053716669
0.00052805264
0.00051739203
0.00050497747
0.00049060885
0.00047411625
0.0004554081
0.00043454844
0.00041188346
0.00038824673
0.00036525781
0.00034569221
0.00033371966
0.00033450983
0.0003525821
0.00038920728
0.00044090675
0.00050077715
0.00056142959
0.00061717231
0.00066455497
0.00070204614
0.00072950305
0.00074765682
0.00075787332
0.00076213359
0.00076309602
0.00076420879
0.00076981227
0.0007851623
0.00081631722
0.00086981981
0.00095209591
0.0010684671
0.0012222249
0.0014176383
0.0016493443
0.0019030198
0.0021721859
0.0024536388
0.0027468886
0.003052749
0.0033719227
0.0037040691
0.004047428
0.0043986666
0.0047528959
0.0051036509
0.0054422168
0.0057585938
0.0060458781
0.0063007562
0.0065221737
0.0067096042
0.0068654906
0.0069904319
0.0070845764
0.0071484419
0.0071833555
0.0071914973
0.0071764908
0.0071439949
0.0071011969
0.0070548202
0.0070099225
0.0069696301
0.0069356421
0.0069086315
0.0068885756
0.0068773802
0.0068806554
0.0069169605
0.0069618386
0.00055297626
0.00055271019
0.00055236599
0.00055193654
0.00055140474
0.00055075327
0.00054995817
0.00054899307
0.00054782375
0.00054641216
0.00054471193
0.00054266873
0.00054021696
0.00053728131
0.0005337711
0.00052958276
0.00052459388
0.00051866537
0.00051163796
0.00050333452
0.00049356034
0.00048211046
0.00046878058
0.00045338979
0.00043581781
0.0004160718
0.00039439483
0.0003714469
0.00034857378
0.00032816895
0.00031399505
0.00031105247
0.00032432218
0.000356276
0.00040478254
0.00046363375
0.00052531301
0.00058358143
0.00063438896
0.0006757314
0.00070715032
0.00072915142
0.00074283127
0.00074970777
0.00075174269
0.00075146902
0.00075207531
0.00075754655
0.00077276448
0.00080349389
0.00085615706
0.00093730136
0.0010526306
0.001206185
0.0014028677
0.0016363766
0.0018912008
0.0021608507
0.0024424754
0.0027360473
0.0030426192
0.0033629055
0.003696463
0.0040414065
0.0043942811
0.0047500939
0.0051023299
0.0054421522
0.0057593521
0.0060470854
0.0063021872
0.0065233585
0.0067108173
0.0068668319
0.006991815
0.0070858939
0.0071495893
0.0071842513
0.0071920947
0.0071767924
0.0071440635
0.0071011325
0.0070547229
0.0070098638
0.0069696744
0.0069358193
0.0069089934
0.0068890669
0.0068781103
0.0068814371
0.0069180231
0.0069647123
0.0005236278
0.00052335078
0.00052300168
0.00052256403
0.00052202593
0.0005213636
0.00052055195
0.00051956049
0.00051835161
0.00051688172
0.0005150977
0.00051293855
0.00051033089
0.00050718805
0.00050341063
0.00049888189
0.00049346756
0.0004870151
0.00047935222
0.00047029125
0.00045963053
0.00044716756
0.00043271403
0.00041613133
0.0003973855
0.00037664136
0.00035442005
0.00033184048
0.00031096189
0.00029514276
0.00028909805
0.00029800591
0.0003252659
0.00037004824
0.0004270369
0.00048883356
0.0005487821
0.00060231118
0.00064695946
0.00068193587
0.00070753598
0.00072467951
0.00073466909
0.00073906222
0.00073969847
0.00073888768
0.0007394991
0.00074514685
0.0007603661
0.00079067887
0.00084243354
0.00092233346
0.00103651
0.0011899198
0.0013880032
0.0016231647
0.0018788495
0.0021487102
0.0024304401
0.0027244647
0.0030319419
0.0033535087
0.0036885918
0.0040351896
0.0043897364
0.0047471456
0.0051008654
0.0054419444
0.0057599637
0.00604815
0.0063034909
0.0065243176
0.0067119461
0.0068680991
0.0069931266
0.0070871416
0.0071506687
0.0071850817
0.0071926308
0.007177038
0.0071440826
0.0071010251
0.0070545878
0.0070097712
0.0069696878
0.0069359679
0.0069093278
0.0068895311
0.0068788146
0.0068821935
0.0069190679
0.0069675728
0.00049547912
0.00049519296
0.00049482764
0.00049437187
0.00049380474
0.00049310318
0.00049223831
0.00049117311
0.00048986811
0.00048827155
0.00048632503
0.00048395814
0.00048108979
0.00047762369
0.00047344859
0.00046843563
0.00046243881
0.00045529404
0.00044681923
0.00043681967
0.0004250957
0.00041145842
0.00039575873
0.00037793357
0.00035809232
0.00033664959
0.00031454409
0.00029355494
0.00027667145
0.00026826859
0.00027351187
0.00029642593
0.00033731067
0.00039182745
0.00045291406
0.00051368001
0.00056914551
0.00061643144
0.00065440807
0.000683175
0.00070351329
0.00071657018
0.00072370979
0.00072644251
0.00072643185
0.00072566987
0.00072668256
0.00073273079
0.00074804593
0.00077795187
0.00082875183
0.00090732068
0.0010202514
0.0011735943
0.0013731784
0.0016097204
0.0018659175
0.0021357937
0.0024177043
0.0027123918
0.0030209669
0.0033439426
0.0036806222
0.0040289059
0.0043851338
0.0047441328
0.0050993241
0.0054416471
0.0057604728
0.006049109
0.0063045838
0.0065251872
0.0067130131
0.0068693068
0.0069943778
0.0070883282
0.0071516874
0.0071858531
0.0071931108
0.0071772326
0.0071440568
0.0071008787
0.0070544184
0.0070096481
0.0069696733
0.0069360908
0.0069096373
0.0068899709
0.0068794952
0.0068829267
0.0069200971
0.0069704217
0.00046733807
0.00046704124
0.0004666584
0.0004661715
0.00046555967
0.0004647959
0.00046384591
0.00046267059
0.00046122189
0.00045944427
0.00045727012
0.00045462146
0.00045140723
0.00044752127
0.00044284057
0.0004372267
0.00043052064
0.00042254939
0.00041312606
0.00040205653
0.0003891545
0.00037426645
0.0003573134
0.00033836451
0.00031775859
0.00029629733
0.00027553651
0.00025814811
0.00024816442
0.00025059809
0.00026981672
0.000306994
0.0003587261
0.00041844081
0.00047921773
0.00053581033
0.00058498921
0.00062530789
0.00065667445
0.00067975168
0.00069558875
0.00070541216
0.00071053868
0.00071236224
0.00071233256
0.00071207823
0.00071377788
0.00072038195
0.00073586438
0.00076538362
0.00081520982
0.00089238838
0.001004001
0.0011573621
0.001358484
0.0015960179
0.0018523908
0.002122227
0.0024045085
0.0027000822
0.0030099063
0.0033343707
0.0036726786
0.0040226524
0.0043805512
0.0047411194
0.0050977591
0.005441304
0.0057609161
0.0060499954
0.0063054758
0.0065260016
0.0067140354
0.0068704666
0.0069955776
0.0070894613
0.0071526518
0.0071865709
0.0071935399
0.0071773804
0.00714399
0.0071006969
0.0070542182
0.0070094975
0.0069696337
0.006936191
0.0069099244
0.0068903888
0.0068801539
0.0068836385
0.0069211129
0.0069732604
0.00043849553
0.00043818852
0.00043778057
0.00043725344
0.00043658482
0.00043574094
0.00043468412
0.00043336851
0.00043174085
0.0004297378
0.00042728478
0.00042429423
0.00042066478
0.00041627994
0.00041100737
0.00040469515
0.0003971785
0.00038827801
0.00037780703
0.00036558552
0.00035146082
0.00033534672
0.00031728812
0.00029757176
0.00027690097
0.0002566636
0.00023927588
0.00022845804
0.00022899615
0.00024537071
0.00027933835
0.000328281
0.00038618216
0.00044627434
0.00050321153
0.00055351878
0.00059547699
0.00062880737
0.00065405862
0.0006722088
0.00068441089
0.00069186494
0.00069576082
0.00069730551
0.00069772154
0.00069831933
0.00070089809
0.00070816516
0.00072387786
0.00075304613
0.00080046047
0.00086324515
0.00096700455
0.0011200533
0.0013216005
0.0015623458
0.0018301163
0.002108217
0.0023911067
0.0026877535
0.0029989236
0.0033249137
0.0036648529
0.0040165035
0.0043760494
0.0047381568
0.0050962133
0.0054409513
0.0057613231
0.0060508355
0.0063061859
0.0065267809
0.0067150259
0.0068715879
0.0069967337
0.0070905469
0.007153567
0.0071872398
0.0071939222
0.0071774857
0.0071438858
0.0071004832
0.0070539902
0.0070093226
0.0069695717
0.0069362709
0.0069101911
0.0068907873
0.006880792
0.0068843308
0.0069221174
0.0069760897
0.00040876444
0.00040844318
0.0004080075
0.00040743454
0.00040669502
0.00040575589
0.0004045712
0.00040308972
0.00040125168
0.00039898439
0.00039620472
0.0003928161
0.00038870763
0.00038375137
0.00037780413
0.00037070801
0.00036229128
0.00035237744
0.00034079324
0.00032739112
0.000312084
0.00029490747
0.00027611639
0.00025635007
0.00023687889
0.00021992745
0.00020895437
0.00020849482
0.00022297305
0.00025444645
0.0003008625
0.00035673764
0.00041559373
0.00047216153
0.0005228508
0.00056573857
0.00060038107
0.0006272087
0.00064712957
0.0006612442
0.00067068861
0.00067658301
0.00067993426
0.00068170637
0.00068289393
0.00068346093
0.00067803279
0.00067739611
0.00068547975
0.00070664327
0.00074727307
0.00081640319
0.00092424144
0.0010773321
0.0012757285
0.0015112973
0.0017730719
0.0020547328
0.0023550871
0.0026739485
0.0029881375
0.0033156609
0.0036572161
0.0040105167
0.0043716774
0.0047352863
0.005094722
0.005440618
0.0057617182
0.0060516503
0.0063067319
0.0065275418
0.0067159944
0.0068726783
0.0069978519
0.0070915901
0.0071544376
0.007187864
0.0071942617
0.007177552
0.0071437479
0.0071002407
0.0070537374
0.0070091258
0.0069694899
0.0069363331
0.0069104397
0.0068911685
0.0068814112
0.0068850052
0.0069231128
0.0069789105
0.00037832404
0.00037798401
0.00037751323
0.00037688471
0.00037606343
0.00037500935
0.00037367379
0.00037199736
0.00036990962
0.00036733372
0.00036417413
0.00036032448
0.0003556638
0.00035005574
0.0003433482
0.00033537873
0.0003259793
0.00031498659
0.00030226209
0.00028772462
0.00027140904
0.00025355891
0.00023478005
0.00021626995
0.00020012448
0.00018960061
0.00018898906
0.00020253645
0.00023234859
0.00027669107
0.0003305272
0.00038775335
0.00044333768
0.0004937122
0.00053683401
0.00057213112
0.0005999257
0.00062106024
0.00063661072
0.0006476537
0.00063897979
0.00063312142
0.0006297873
0.00062632172
0.00062224087
0.00061844057
0.00061699899
0.00062076292
0.00063329941
0.00065938247
0.00070514765
0.00077862008
0.00088867421
0.0010411637
0.001236577
0.0014679407
0.0017252199
0.0020021871
0.0022971395
0.0026097189
0.0029405578
0.0032907199
0.0036498223
0.0040047374
0.004367474
0.0047325415
0.0050933133
0.0054403271
0.0057621219
0.0060523513
0.0063072361
0.0065282984
0.0067169489
0.0068737437
0.006998937
0.0070925948
0.0071552672
0.007188447
0.0071945619
0.0071775827
0.0071435793
0.0070999724
0.0070534625
0.0070089099
0.0069693906
0.0069363797
0.0069106721
0.0068915345
0.0068820125
0.0068856635
0.0069241011
0.006981723
0.00034747174
0.00034711087
0.00034659632
0.00034589746
0.00034497643
0.00034378497
0.00034226644
0.0003403543
0.00033797118
0.00033502698
0.00033142038
0.00032703193
0.00032173225
0.00031537861
0.00030781509
0.00029888367
0.00028843161
0.00027633303
0.00026251797
0.00024703273
0.00023012509
0.00021239507
0.00019501252
0.000180001
0.00017047596
0.00017050069
0.00018405372
0.00021306545
0.00025587956
0.0003077958
0.00036313195
0.00041723556
0.00046669006
0.00050941164
0.0005447453
0.00057292128
0.00059468695
0.00059064428
0.00057881022
0.00057506735
0.0005748892
0.00057453088
0.00057322035
0.00057143801
0.00056963665
0.0005685051
0.00056981123
0.00057654131
0.00059245134
0.00062223404
0.00067175107
0.00074825336
0.00085960041
0.0010109779
0.0012035406
0.0014314596
0.0016852286
0.0019585302
0.0022494184
0.0025573447
0.0028824029
0.0032253209
0.0035895572
0.0039805659
0.0043634696
0.0047299477
0.0050920094
0.0054400969
0.0057625517
0.0060529169
0.0063077467
0.006529061
0.0067178948
0.0068747886
0.0069999926
0.0070935644
0.0071560589
0.0071889918
0.0071948259
0.0071775809
0.0071433829
0.007099681
0.0070531681
0.0070086772
0.0069692759
0.0069364129
0.0069108899
0.0068918873
0.0068825971
0.0068863071
0.0069250845
0.0069845273
0.00031648644
0.00031609692
0.00031552682
0.00031474174
0.00031369654
0.00031233396
0.00031059172
0.00030839234
0.00030565038
0.00030226458
0.00029812417
0.0002931036
0.00028706339
0.00027986035
0.00027134562
0.00026137816
0.00024984822
0.00023670472
0.00022201301
0.00020604545
0.00018942415
0.0001733309
0.00015977369
0.0001517794
0.00015319498
0.00016764091
0.0001966709
0.00023849117
0.00028864388
0.00034190398
0.00039412252
0.00044214849
0.00048392098
0.00051874683
0.00054676278
0.0005472117
0.00053057081
0.00052542826
0.00052713043
0.00052921862
0.00053012485
0.00053031623
0.00053018289
0.00052987961
0.00052975175
0.00053056905
0.00053396327
0.00054282268
0.00056110759
0.00059349791
0.00064562747
0.00072411461
0.00083593978
0.00098592285
0.0011759044
0.0014009502
0.001651819
0.0019221877
0.0022099556
0.0025143793
0.0028348451
0.0031721124
0.0035290238
0.0039105272
0.0043225162
0.004727524
0.0050908256
0.0054399402
0.0057630212
0.0060533558
0.0063082778
0.0065298352
0.0067188363
0.0068758158
0.0070010214
0.0070945012
0.0071568151
0.0071895011
0.0071950563
0.0071775494
0.0071431616
0.0070993692
0.0070528565
0.00700843
0.0069691479
0.0069364346
0.006911095
0.0068922287
0.0068831661
0.0068869377
0.006926065
0.0069873228
0.00028559941
0.00028517288
0.00028453302
0.00028363681
0.00028243331
0.00028085719
0.00027883503
0.00027628127
0.00027309912
0.00026917965
0.00026440262
0.00025863678
0.00025174583
0.0002435919
0.00023405165
0.00022303095
0.00021050625
0.00019657705
0.00018155686
0.00016612014
0.00015150672
0.00013975807
0.00013385365
0.00013741066
0.00015357871
0.00018333982
0.00022460184
0.00027309771
0.00032410048
0.00037408149
0.00042023847
0.00046058248
0.0004944373
0.00051703275
0.00049447266
0.00048355
0.00048495736
0.00048944391
0.00049293785
0.00049538534
0.00049715335
0.000498361
0.00049914164
0.00049976503
0.00050069528
0.00050276619
0.00050749069
0.00051766409
0.00053740365
0.00057145683
0.00062528451
0.00070498692
0.00081683707
0.00096542024
0.0011532311
0.0013759999
0.0016244664
0.0018922097
0.0021770744
0.0024783167
0.002795233
0.0031281797
0.0034795387
0.0038532605
0.0042546443
0.0046883286
0.0050897728
0.0054398665
0.005763538
0.0060536795
0.0063088372
0.0065306246
0.0067197758
0.0068768277
0.0070020252
0.0070954072
0.007157538
0.0071899771
0.0071952556
0.0071774907
0.0071429178
0.0070990394
0.00705253
0.0070081704
0.0069690084
0.0069364467
0.0069112887
0.0068925606
0.00688372
0.0068875568
0.0069270448
0.0069901089
0.00025501241
0.00025453754
0.00025380623
0.00025276709
0.0002513594
0.00024951062
0.00024713455
0.00024413696
0.00024041213
0.00023584469
0.00023030957
0.00022367887
0.00021582848
0.00020665273
0.00019608453
0.00018413367
0.00017094722
0.00015690912
0.00014278089
0.00012990548
0.00012040662
0.00011722865
0.00012369877
0.00014233417
0.0001733607
0.00021430973
0.00026113451
0.00030970729
0.00035714093
0.00040102718
0.00043946451
0.00047179435
0.00046688292
0.00045099529
0.00044815225
0.00045310945
0.00045912387
0.00046439626
0.00046884442
0.0004723345
0.00047484681
0.00047659669
0.00047787985
0.00047901913
0.00048049585
0.00048317838
0.00048860378
0.00049945812
0.00051985287
0.00055477694
0.00060957454
0.00068994525
0.00080158409
0.0009489122
0.0011350117
0.0013560677
0.0016026122
0.0018680917
0.0021503049
0.002448487
0.0027618537
0.0030906653
0.0034373686
0.0038057852
0.0041990895
0.0046202472
0.0050738435
0.0054398806
0.0057640124
0.0060539965
0.0063094316
0.0065314307
0.0067207144
0.006877825
0.0070030052
0.0070962836
0.007158229
0.0071904217
0.007195426
0.0071774071
0.0071426539
0.0070986938
0.0070521906
0.0070079002
0.0069688593
0.0069364509
0.0069114725
0.0068928844
0.0068842598
0.0068881658
0.006928026
0.0069928846
0.00022490153
0.00022436206
0.00022350726
0.00022228044
0.00022060603
0.00021840152
0.00021557279
0.00021201701
0.00020762116
0.00020226982
0.00019584417
0.00018823822
0.00017936602
0.00016919587
0.00015778718
0.00014535903
0.0001323939
0.00011978923
0.00010904113
0.0001023822
0.00010269105
0.0001128616
0.00013455539
0.00016709354
0.00020764905
0.00025246025
0.00029867874
0.00034359744
0.00038477867
0.00042088557
0.00044668912
0.00042690521
0.00041649546
0.00041880144
0.00042588061
0.00043337831
0.00044056379
0.00044720879
0.00045289003
0.0004573361
0.00046055458
0.00046278637
0.00046438984
0.00046575854
0.00046740347
0.0004702218
0.0004758089
0.0004867734
0.00050722452
0.00054238582
0.0005976016
0.0006782808
0.00078962497
0.00093592445
0.0011207737
0.0013406195
0.0015856628
0.0018491867
0.0021289851
0.0024242792
0.0027342263
0.0030590144
0.0034010643
0.0037643546
0.0041521862
0.0045646112
0.0050030377
0.0054399781
0.0057644031
0.0060543588
0.0063100639
0.0065322536
0.006721652
0.0068788082
0.0070039618
0.0070971314
0.0071588895
0.0071908365
0.0071955695
0.0071773009
0.007142372
0.0070983346
0.0070518404
0.0070076214
0.006968702
0.0069364487
0.0069116477
0.0068932018
0.006884786
0.0068887664
0.0069290105
0.0069956481
0.00019540593
0.00019477909
0.0001937588
0.00019227378
0.00019024271
0.0001875721
0.00018415848
0.00017989578
0.00017467663
0.00016839698
0.00016096939
0.00015234154
0.00014253081
0.00013166636
0.00012007331
0.00010838404
9.7685249e-05
8.9669608e-05
8.6670594e-05
9.137239e-05
0.00010597998
0.00013104781
0.00016499845
0.00020484367
0.00024728006
0.00029054481
0.00033261349
0.00037102126
0.00040450662
0.00040433685
0.00039071991
0.00038792369
0.00039336796
0.00040133472
0.00040983143
0.00041856274
0.00042723448
0.00043537423
0.00044246955
0.00044812485
0.00045221481
0.00045496509
0.00045682316
0.00045827556
0.00045986141
0.00046249009
0.00046781912
0.00047845864
0.00049853326
0.00053344268
0.00058867531
0.00066943656
0.00078051033
0.00092604591
0.0011100672
0.0013291437
0.0015730509
0.001834885
0.0021124545
0.0024050087
0.002711675
0.003032596
0.003370144
0.0037283558
0.0041107211
0.0045174703
0.0049446279
0.0053988692
0.0057647108
0.0060547743
0.0063107333
0.0065330918
0.0067225876
0.0068797767
0.0070048951
0.007097951
0.0071595204
0.007191223
0.0071956877
0.0071771738
0.0071420742
0.0070979635
0.0070514811
0.0070073355
0.0069685383
0.0069364416
0.0069118154
0.0068935141
0.0068852991
0.0068893599
0.0069300005
0.0069983977
0.00016661902
0.00016586968
0.00016461392
0.0001627719
0.00016025436
0.00015695989
0.00015278878
0.00014764325
0.00014143919
0.00013412291
0.00012568974
0.00011622925
0.00010598401
9.5438153e-05
8.5439841e-05
7.732924e-05
7.3000453e-05
7.4772016e-05
8.4849714e-05
0.00010435269
0.00013257085
0.00016726103
0.00020557465
0.00024550646
0.00028603071
0.00032522581
0.00036062128
0.00037828468
0.00036429893
0.00035772779
0.00036122848
0.0003690437
0.00037783929
0.00038712074
0.00039691592
0.00040704814
0.00041721526
0.00042699416
0.0004357795
0.00044294663
0.00044816368
0.00045158583
0.00045374141
0.00045522961
0.00045663371
0.00045886043
0.00046361634
0.0004736178
0.00049299537
0.00052728172
0.00058225221
0.00066297036
0.00077385344
0.00091889343
0.0011024561
0.001321158
0.0015642446
0.0018246028
0.0021001101
0.0023900463
0.0026935448
0.0030107274
0.0033439582
0.0036972895
0.0040741965
0.0044753457
0.0048962184
0.0053344915
0.0057649237
0.0060552437
0.0063114373
0.0065339432
0.0067235196
0.0068807293
0.0070058047
0.0070987427
0.0071601224
0.0071915824
0.0071957823
0.0071770279
0.0071417623
0.0070975826
0.0070511145
0.0070070443
0.0069683693
0.006936431
0.0069119767
0.0068938229
0.0068857994
0.006889948
0.006930998
0.0070011308
0.0001385674
0.00013763483
0.00013603274
0.00013367729
0.00013047595
0.00012633809
0.00012118677
0.0001149703
0.00010769033
9.9424049e-05
9.0389328e-05
8.1009502e-05
7.202038e-05
6.4565023e-05
6.025265e-05
6.1068174e-05
6.8989108e-05
8.5202087e-05
0.00010936247
0.00013971475
0.00017385738
0.00020954623
0.00024730237
0.00028623059
0.00032225129
0.00033763481
0.00032571794
0.00032087361
0.00032544963
0.00033408088
0.00034331759
0.00035282124
0.00036303869
0.0003740365
0.00038560896
0.00039754681
0.0004096171
0.00042142059
0.00043225789
0.00044125908
0.00044781656
0.00045197925
0.00045437608
0.00045578493
0.00045686455
0.00045850495
0.00046244924
0.00047154723
0.00048995507
0.00052337412
0.00057788464
0.00065849687
0.00076929937
0.00091410073
0.0010975275
0.0013161871
0.0015587234
0.0018178023
0.0020913864
0.0023788114
0.0026792478
0.0029928114
0.0033218917
0.0036705311
0.0040421973
0.0044375651
0.0048528493
0.005281203
0.0057369817
0.0060557656
0.0063121718
0.006534804
0.0067244454
0.0068816646
0.0070066897
0.0070995061
0.007160696
0.0071919156
0.0071958547
0.0071768646
0.0071414381
0.0070971935
0.007050742
0.007006749
0.0069681965
0.006936418
0.0069121327
0.0068941293
0.0068862874
0.0068905322
0.0069320049
0.0070038447
0.00011105563
0.00010982392
0.00010766133
0.00010450273
0.00010028825
9.4984133e-05
8.8617453e-05
8.1300511e-05
7.3284104e-05
6.5022104e-05
5.7250418e-05
5.1060882e-05
4.7911979e-05
4.9528491e-05
5.7554061e-05
7.2857017e-05
9.49429e-05
0.00012217747
0.00015250423
0.0001840206
0.0002191394
0.00025715482
0.00029059693
0.0002770274
0.00026769759
0.00027126093
0.00028219615
0.00029482756
0.0003067576
0.00031811236
0.00032959294
0.0003415784
0.00035419223
0.00036737579
0.00038090613
0.00039453709
0.00040809812
0.00042135352
0.00043369986
0.00044409502
0.00045162416
0.0004561662
0.00045844841
0.00045946441
0.00045997184
0.00046080564
0.00046371174
0.00047167019
0.00048889733
0.00052127144
0.00057517658
0.00065566304
0.0007665111
0.00091129198
0.0010948732
0.0013137857
0.0015560094
0.0018139731
0.0020857559
0.002370771
0.002668259
0.0029783233
0.0033033923
0.0036475158
0.0040141648
0.0044039475
0.004813506
0.0052355601
0.005675426
0.0060563294
0.0063129318
0.0065356703
0.0067253622
0.0068825806
0.0070075489
0.0071002411
0.0071612415
0.0071922235
0.0071959061
0.0071766856
0.0071411032
0.0070967977
0.0070503653
0.0070064512
0.0069680211
0.0069364039
0.0069122843
0.0068944345
0.0068867632
0.0068911141
0.006933023
0.0070065361
8.2929005e-05
8.1019492e-05
7.7714782e-05
7.3114576e-05
6.7363714e-05
6.0703808e-05
5.3537565e-05
4.6502469e-05
4.0513057e-05
3.6762351e-05
3.6648581e-05
4.1602824e-05
5.2618406e-05
6.9622559e-05
9.1477832e-05
0.00011647648
0.00014282747
0.00017126502
0.00020337505
0.0002114384
0.00020322508
0.00020319176
0.00021224193
0.00022583501
0.00024090524
0.00025621523
0.00027166708
0.00028728252
0.00030271914
0.00031735985
0.00033091488
0.00034383159
0.00035694928
0.00037063734
0.00038470682
0.00039882291
0.00041285976
0.00042677038
0.00044007304
0.00045145862
0.00045960976
0.00046412853
0.00046582146
0.00046597553
0.00046554542
0.00046528322
0.00046690053
0.00047349271
0.00048936709
0.0005205738
0.00057376271
0.00065411964
0.00076513405
0.0009101116
0.0010940914
0.0013135163
0.001555645
0.0018126435
0.0020827372
0.0023654523
0.0026600939
0.0029667811
0.0032879816
0.003627769
0.0039895966
0.0043740441
0.0047777769
0.0051944331
0.0056228521
0.0060569198
0.0063137115
0.0065365377
0.0067262664
0.0068834749
0.0070083811
0.0071009471
0.0071617591
0.0071925068
0.0071959377
0.0071764922
0.0071407592
0.0070963968
0.0070499856
0.007006152
0.0069678442
0.0069363898
0.0069124323
0.0068947398
0.0068872271
0.0068916953
0.0069340542
0.0070092011
4.6576701e-05
4.3178176e-05
3.7992272e-05
3.2187609e-05
2.6935131e-05
2.3412922e-05
2.2775856e-05
2.6151001e-05
3.4333286e-05
4.7113241e-05
6.3230079e-05
8.1191872e-05
9.8923737e-05
9.5777495e-05
9.4692936e-05
9.7108853e-05
0.00010133908
0.00010662876
0.00011275576
0.0001199284
0.00012863329
0.00013905309
0.00015103461
0.0001645825
0.00017993715
0.00019741266
0.00021716728
0.00023893386
0.00026190512
0.00028472133
0.00030632022
0.00032699477
0.00034758312
0.00036807434
0.00038790803
0.00040643074
0.00042327564
0.00043885544
0.0004531676
0.0004649564
0.00047289379
0.00047649556
0.00047670839
0.00047519459
0.00047323096
0.00047147202
0.00047152342
0.00047653562
0.00049093693
0.00052088588
0.00057328565
0.00065352276
0.00076482749
0.00091018593
0.0010947919
0.0013149739
0.0015572075
0.0018133776
0.0020818965
0.0023624261
0.0026543235
0.0029577581
0.0032752377
0.0036108668
0.0039680507
0.0043474019
0.0047454317
0.0051567938
0.0055775945
0.0060298372
0.0063145045
0.0065374007
0.0067271543
0.0068843449
0.0070091846
0.0071016233
0.0071622488
0.0071927661
0.0071959504
0.0071762857
0.0071404073
0.0070959922
0.0070496042
0.0070058526
0.0069676667
0.0069363765
0.0069125776
0.0068950461
0.0068876793
0.0068922776
0.0069351001
0.0070118353
5.8797758e-07
1.2727452e-06
2.6615441e-06
5.0168947e-06
8.5080229e-06
1.3325417e-05
1.9723758e-05
2.8047069e-05
3.869505e-05
5.148382e-05
6.5516558e-05
6.8655549e-05
7.0758503e-05
7.441167e-05
7.8795697e-05
8.3784275e-05
8.9770051e-05
9.7045388e-05
0.00010601856
0.00011674242
0.00012915273
0.00014323319
0.0001595045
0.00017893371
0.00020253638
0.00023068362
0.00026318533
0.00029858971
0.00033411213
0.0003634426
0.00037800944
0.00039308183
0.00040862264
0.0004245962
0.00044093953
0.00045688916
0.00046509421
0.00047330689
0.00048184425
0.00048917878
0.00049328573
0.00049352738
0.00049071232
0.00048650905
0.00048236696
0.00047872787
0.00047700049
0.00048031042
0.00049316088
0.00052180256
0.00057339025
0.0006535423
0.00076524708
0.00091116324
0.0010966135
0.001317777
0.0015603064
0.0018157864
0.0020828457
0.0023612959
0.0026505673
0.0029508854
0.0032647908
0.0035964158
0.0039491578
0.0043236044
0.0047161723
0.0051220883
0.0055369946
0.0059752355
0.0063152992
0.0065382545
0.0067280222
0.0068851878
0.0070099579
0.0071022689
0.0071627104
0.0071930019
0.0071959453
0.0071760674
0.007140049
0.0070955849
0.0070492223
0.0070055541
0.0069674898
0.0069363651
0.006912721
0.0068953545
0.0068881198
0.0068928627
0.006936162
0.0070144337
5.1304972e-12
9.8799138e-11
2.0246648e-09
1.7589538e-08
9.0144327e-08
3.3304888e-07
9.84994e-07
2.4631317e-06
5.3488633e-06
1.0239777e-05
1.7544215e-05
2.738179e-05
3.9615144e-05
5.3941783e-05
6.9969367e-05
8.7260243e-05
9.6971353e-05
0.00010463554
0.0001170192
0.00013646763
0.00016444354
0.00020042313
0.00022539371
0.00024306793
0.00026040342
0.00027735679
0.00029397374
0.0003103558
0.00032663199
0.00034293519
0.00035938798
0.0003760869
0.00039308909
0.00041040926
0.0004280246
0.0004458742
0.00046385887
0.00048183814
0.00049961812
0.0005169233
0.00051720061
0.00051234464
0.00050554844
0.00049828426
0.00049180242
0.00048619252
0.00048266959
0.00048429386
0.00049561395
0.00052296523
0.00057376152
0.00065386909
0.00076607821
0.00091272145
0.001099212
0.0013215774
0.0015645914
0.0018195212
0.0020852363
0.0023617145
0.002648499
0.0029458264
0.0032563095
0.0035841005
0.0039325778
0.0043022938
0.0046896885
0.0050900831
0.0055000833
0.0059274933
0.0063160836
0.0065390933
0.0067288655
0.006886001
0.0070106989
0.0071028831
0.0071631439
0.0071932146
0.0071959231
0.0071758383
0.0071396854
0.0070951764
0.0070488411
0.0070052575
0.0069673143
0.0069363563
0.0069128632
0.0068956659
0.0068885487
0.0068934523
0.006937241
0.0070169906
9.6243782e-14
1.8957907e-11
4.863323e-10
4.7027855e-09
2.677458e-08
1.0970003e-07
3.5743009e-07
9.7731524e-07
2.3133924e-06
4.8376038e-06
9.0746724e-06
1.5475265e-05
2.4299588e-05
3.5580861e-05
4.9164621e-05
6.477584e-05
8.2076804e-05
0.00010069795
0.00012026536
0.00014041508
0.0001608059
0.00018113877
0.00020118054
0.00022077538
0.00023984552
0.00025838278
0.00027643937
0.00029411611
0.0003115438
0.00032886531
0.00034621579
0.00036370994
0.00038143054
0.00039942204
0.00041768786
0.00043618838
0.00045483889
0.00047351018
0.00049202216
0.00051013782
0.00052753464
0.00052909682
0.0005186381
0.0005086973
0.00050031373
0.00049303025
0.00048792404
0.00048803089
0.00049793623
0.00052407743
0.00057412856
0.00065424004
0.00076705252
0.00091456267
0.0011023026
0.0013260593
0.0015697522
0.0018242798
0.0020887605
0.0023633865
0.002647824
0.0029422834
0.0032495132
0.0035736353
0.0039180057
0.0042831892
0.0046656362
0.0050606144
0.0054658367
0.0058847608
0.0063168502
0.0065399118
0.0067296803
0.0068867813
0.0070114059
0.0071034647
0.0071635486
0.0071934041
0.0071958844
0.0071755994
0.0071393178
0.0070947677
0.0070484616
0.0070049638
0.0069671411
0.006936351
0.0069130047
0.0068959812
0.0068889663
0.0068940482
0.006938338
0.0070194998
5.1065866e-14
9.7876515e-12
2.5065422e-10
2.421129e-09
1.3855602e-08
5.7554839e-08
1.9217929e-07
5.4497509e-07
1.3523443e-06
2.9847538e-06
5.9198697e-06
1.0650399e-05
1.7564801e-05
2.6864122e-05
3.8550103e-05
5.2466934e-05
6.8353271e-05
8.5883634e-05
0.00010469845
0.00012442709
0.00014470962
0.00016521504
0.00018566166
0.00020583219
0.0002255843
0.00024485432
0.00026365167
0.00028204498
0.00030014447
0.00031808004
0.0003359835
0.00035397383
0.00037214439
0.00039055508
0.00040922635
0.00042813451
0.00044720959
0.00046633252
0.00048533438
0.00050399331
0.00052201943
0.00053901985
0.00052816935
0.00051665539
0.0005070713
0.0004986474
0.00049233745
0.00049119561
0.00049987215
0.00052492162
0.00057429747
0.00065445495
0.00076793872
0.00091645235
0.0011056051
0.0013309686
0.0015755222
0.0018297916
0.0020931451
0.0023660661
0.0026482677
0.0029400277
0.0032441311
0.0035647568
0.0039051995
0.004266028
0.0046437087
0.0050334767
0.0054337812
0.0058455504
0.0063019649
0.0065407039
0.0067304622
0.0068875254
0.0070120766
0.0071040122
0.0071639237
0.0071935701
0.007195829
0.0071753509
0.0071389463
0.0070943594
0.0070480844
0.0070046734
0.0069669707
0.0069363496
0.0069131463
0.0068963011
0.0068893726
0.0068946524
0.0069394533
0.0070219541
4.2179644e-14
8.0634842e-12
2.0601632e-10
1.9864847e-09
1.1359859e-08
4.7226102e-08
1.5813207e-07
4.5072535e-07
1.1270561e-06
2.5126689e-06
5.0431296e-06
9.1902937e-06
1.5354658e-05
2.3779106e-05
3.4519649e-05
4.7471612e-05
6.2415522e-05
7.9058928e-05
9.7067305e-05
0.00011608988
0.00013578042
0.00015581749
0.00017592403
0.00019588245
0.00021554559
0.00023484077
0.00025376489
0.00027237126
0.00029074905
0.0003090045
0.00032724858
0.00034558424
0.00036409574
0.00038284031
0.00040184167
0.00042108176
0.00044049828
0.00045998101
0.00047936924
0.00049844816
0.00051694185
0.0005344826
0.00053331361
0.00052178362
0.0005117473
0.00050276697
0.00049568851
0.0004936137
0.00050127293
0.00052536839
0.00057414525
0.00065437979
0.00076857298
0.0009181755
0.001108924
0.0013360783
0.0015816776
0.001835837
0.0020981785
0.0023695131
0.0026496223
0.0029388355
0.0032399479
0.003557238
0.0038939418
0.004250564
0.0046236663
0.005008445
0.0054037719
0.0058100146
0.0062537983
0.0065414631
0.0067312069
0.0068882306
0.0070127091
0.0071045249
0.0071642692
0.0071937131
0.0071957578
0.0071750937
0.0071385722
0.0070939523
0.0070477102
0.0070043873
0.0069668038
0.0069363529
0.0069132884
0.0068966264
0.0068897678
0.0068952665
0.0069405865
0.0070243455
3.5657596e-14
6.8154721e-12
1.7412989e-10
1.6793127e-09
9.6123927e-09
4.0051772e-08
1.3465735e-07
3.8635568e-07
9.7532943e-07
2.2007096e-06
4.4759057e-06
8.262824e-06
1.3966425e-05
2.1845514e-05
3.1978074e-05
4.4281764e-05
5.8555748e-05
7.4523864e-05
9.1866334e-05
0.00011024525
0.00012932791
0.00014880712
0.00016841896
0.00018796004
0.00020729596
0.00022636589
0.00024517516
0.000263779
0.00028225731
0.00030069433
0.00031917817
0.00033779441
0.00035661067
0.00037567406
0.00039500148
0.00041457212
0.00043432377
0.00045415042
0.0004738961
0.00049335212
0.00051225106
0.00053024252
0.00053419424
0.00052398417
0.00051437496
0.00050536501
0.00049793428
0.00049523774
0.00050209483
0.00052536995
0.00057360789
0.00065393901
0.00076884145
0.00091959996
0.0011121151
0.0013412228
0.0015880498
0.0018422246
0.0021036682
0.0023735239
0.0026517155
0.002938502
0.0032367974
0.0035508983
0.0038840049
0.0042366087
0.004605298
0.0049852968
0.0053755831
0.0057773655
0.006211177
0.0065421793
0.0067319103
0.0068888937
0.0070133019
0.0071050017
0.0071645849
0.0071938335
0.0071956716
0.0071748287
0.0071381963
0.0070935474
0.0070473401
0.007004106
0.0069666412
0.0069363613
0.0069134317
0.0068969576
0.0068901522
0.0068958923
0.0069417368
0.0070266653
3.2906431e-14
6.2859395e-12
1.6050555e-10
1.5475466e-09
8.8602859e-09
3.6949594e-08
1.2444088e-07
3.5806955e-07
9.077107e-07
2.0592069e-06
4.2132848e-06
7.8230279e-06
1.3289356e-05
2.0870291e-05
3.0644462e-05
4.2531106e-05
5.633203e-05
7.1773547e-05
8.8542097e-05
0.00010630991
0.00012475806
0.00014359764
0.00016258712
0.00018154659
0.00020036745
0.00021901316
0.00023751402
0.00025594774
0.00027439282
0.00029290046
0.00031153387
0.00033036769
0.00034945045
0.00036881395
0.00038846539
0.00040837325
0.00042846955
0.0004486472
0.00046874986
0.00048857293
0.00050785329
0.00052625081
0.00053149828
0.00052368138
0.00051516904
0.00050658018
0.00049917861
0.00049611341
0.00050235991
0.0005249375
0.00057269177
0.00065310618
0.00076871461
0.00092063452
0.0011149763
0.0013462306
0.0015944483
0.0018487985
0.0021094575
0.0023779431
0.002654369
0.0029388736
0.0032345016
0.0035455732
0.0038752228
0.0042239725
0.0045884164
0.0049638173
0.0053490949
0.0057466255
0.0061728492
0.0065428472
0.0067325682
0.0068895119
0.0070138528
0.007105442
0.0071648715
0.0071939315
0.007195571
0.007174557
0.0071378195
0.0070931455
0.0070469747
0.0070038303
0.0069664835
0.0069363754
0.0069135766
0.0068972954
0.006890526
0.0068965316
0.0069429026
0.0070289038
3.0791696e-14
5.8807265e-12
1.5010842e-10
1.4472083e-09
8.2890513e-09
3.4596947e-08
1.1671873e-07
3.3683885e-07
8.5755593e-07
1.9561215e-06
4.0264105e-06
7.5176354e-06
1.2827312e-05
2.0208115e-05
2.9732456e-05
4.131189e-05
5.4742354e-05
6.9747458e-05
8.6013802e-05
0.00010322008
0.00012105947
0.00013926032
0.00015760349
0.00017593368
0.00019416765
0.00021229642
0.00023038119
0.00024616284
0.00026447909
0.00028534997
0.0003042004
0.00032321233
0.00034253044
0.00036217257
0.00038214122
0.00040238692
0.00042283358
0.00044336916
0.00046383473
0.00048402494
0.00050367846
0.00052246189
0.00052640213
0.0005213777
0.00051442839
0.00050662403
0.000499535
0.0004963615
0.00050217748
0.00052416969
0.0005714827
0.00065193731
0.00076823649
0.00092029848
0.0011159933
0.0013506704
0.0016006542
0.001855457
0.0021153993
0.0023826433
0.0026574351
0.0029398235
0.0032329096
0.0035410976
0.0038674588
0.0042124854
0.0045728558
0.0049438076
0.0053241992
0.0057174021
0.0061361833
0.0065434617
0.0067331764
0.0068900822
0.0070143601
0.0071058457
0.0071651288
0.0071940078
0.0071954567
0.0071742791
0.0071374428
0.0070927475
0.0070466149
0.0070035608
0.0069663312
0.0069363956
0.0069137239
0.0068976402
0.0068908897
0.0068971859
0.0069440809
0.0070310501
2.9618677e-14
5.6567923e-12
1.4439282e-10
1.392026e-09
7.9734448e-09
3.3295604e-08
1.1244901e-07
3.251028e-07
8.298959e-07
1.8995057e-06
3.9241984e-06
7.350171e-06
1.2569572e-05
1.9825113e-05
2.9176674e-05
4.0523081e-05
5.3648391e-05
6.8270089e-05
8.4074072e-05
0.00010074445
0.00011798771
0.00013555102
0.00015323804
0.00017091794
0.00018852904
0.00020607754
0.00021996674
0.00023429874
0.00025090396
0.00026962598
0.0002902883
0.00031274377
0.00033583904
0.00035573339
0.00037600717
0.00039658346
0.00041737703
0.00043827245
0.0004591028
0.00047966001
0.00049968222
0.00051754485
0.00051987187
0.0005176514
0.00051252318
0.00050576636
0.00049919203
0.0004960751
0.00050158451
0.00052306204
0.00056994735
0.00065043029
0.0007674617
0.00091501745
0.0011102933
0.0013514244
0.0016064558
0.0018620547
0.0021213824
0.0023875034
0.0026607995
0.0029412339
0.0032319122
0.0035373394
0.0038605724
0.0042020285
0.0045584498
0.0049250988
0.0053007669
0.0056896609
0.0061013231
0.0065440165
0.0067337316
0.0068906014
0.0070148214
0.0071062102
0.0071653558
0.0071940649
0.0071953289
0.007173996
0.0071370669
0.0070923541
0.0070462612
0.0070032982
0.006966185
0.0069364223
0.0069138739
0.0068979925
0.0068912439
0.0068978565
0.0069452678
0.0070330921
2.8736137e-14
5.4886732e-12
1.4011099e-10
1.3507043e-09
7.7376018e-09
3.2323728e-08
1.0927449e-07
3.1645161e-07
8.0978379e-07
1.8591787e-06
3.8531901e-06
7.2363586e-06
1.2395106e-05
1.956073e-05
2.8776996e-05
3.9926257e-05
5.2780103e-05
6.7046564e-05
8.2411932e-05
9.8566624e-05
0.00011523183
0.00013217587
0.00014922738
0.00016628034
0.00018329569
0.00019910558
0.00021143624
0.00022514458
0.00024080606
0.00025824376
0.00027737244
0.00029810659
0.00032020514
0.0003434632
0.00036755889
0.00039096172
0.00041209206
0.0004333423
0.0004545338
0.00047545482
0.00049584234
0.00050717785
0.0005126961
0.00051311697
0.00050985227
0.00050427674
0.00049834271
0.00049544333
0.00050067195
0.00052159202
0.00056805955
0.00064855839
0.00076630674
0.00091012063
0.0011049657
0.0013463412
0.001611355
0.0018683562
0.0021273347
0.0023924155
0.0026643713
0.0029429969
0.003231398
0.0035342122
0.0038544438
0.0041924714
0.0045450577
0.0049075742
0.0052786751
0.0056632703
0.0060688108
0.006533075
0.006734229
0.0068910672
0.0070152351
0.0071065347
0.0071655517
0.0071941009
0.0071951921
0.0071737075
0.0071366927
0.007091966
0.0070459143
0.0070030428
0.0069660453
0.006936456
0.0069140272
0.0068983526
0.0068915893
0.0068985444
0.0069464578
0.0070350166
2.8204472e-14
5.3855985e-12
1.374686e-10
1.3251867e-09
7.5914612e-09
3.1720449e-08
1.0730348e-07
3.1110623e-07
7.9754493e-07
1.8351271e-06
3.8117232e-06
7.1701028e-06
1.2289698e-05
1.9387781e-05
2.8490186e-05
3.9460267e-05
5.2055085e-05
6.5975717e-05
8.0907844e-05
9.6552509e-05
0.00011264747
0.0001289857
0.00014542212
0.00016187865
0.00017833632
0.00019184085
0.00020385416
0.00021733256
0.00023243523
0.00024910712
0.0002673058
0.00028698007
0.00030797313
0.0003301066
0.00035314619
0.00037680993
0.00040065095
0.00042409559
0.00044641879
0.00046681868
0.00048430097
0.00049755968
0.0005055968
0.00050827389
0.00050678481
0.00050240205
0.00049715257
0.00049440625
0.00049946604
0.00052001925
0.00056605962
0.0006465105
0.00076484796
0.00090553664
0.0010999508
0.0013415387
0.0016086698
0.0018741972
0.0021332339
0.0023973235
0.0026680691
0.0029450162
0.0032312759
0.003531623
0.0038489627
0.004183684
0.0045326003
0.0048911137
0.0052577649
0.0056380837
0.0060388288
0.0064919302
0.0067346652
0.0068914765
0.0070155994
0.007106818
0.0071657159
0.0071941149
0.0071950442
0.007173419
0.0071363198
0.0070915839
0.007045575
0.0070027951
0.0069659127
0.0069364968
0.0069141844
0.0068987208
0.0068919268
0.0068992501
0.0069476434
0.007036809
2.7814073e-14
5.3105949e-12
1.3554087e-10
1.3066145e-09
7.4851964e-09
3.1283669e-08
1.0587881e-07
3.0728953e-07
7.8892834e-07
1.8187279e-06
3.7842675e-06
7.1265385e-06
1.221699e-05
1.9257299e-05
2.8252753e-05
3.9048166e-05
5.1385072e-05
6.4957669e-05
7.9454956e-05
9.4589777e-05
0.00011012115
0.00012586795
0.00014171521
0.00015761219
0.00017356786
0.0001852214
0.00019713245
0.00021054737
0.00022535865
0.00024154085
0.00025909819
0.00027801523
0.00029823518
0.00031960636
0.00034196322
0.00036503826
0.00038846466
0.00041176093
0.00043436114
0.00045551566
0.00047418631
0.00048911332
0.00049892085
0.00050351166
0.00050358605
0.00050032205
0.00049574828
0.00049331926
0.00049820418
0.00051834196
0.00056395138
0.00064429369
0.0007631103
0.00090123708
0.0010952261
0.0013369915
0.0016043886
0.0018796414
0.0021390436
0.0024021766
0.0026718235
0.002947225
0.0032314871
0.0035294683
0.0038440367
0.00417558
0.0045209755
0.0048755695
0.0052379438
0.0056139314
0.0060107975
0.0064549613
0.0067350339
0.006891827
0.0070159124
0.0071070592
0.0071658481
0.0071941074
0.0071948841
0.0071731286
0.0071359534
0.007091208
0.0070452435
0.0070025557
0.0069657875
0.006936545
0.0069143458
0.0068990972
0.0068922574
0.0068999736
0.0069488153
0.0070384531
2.7556409e-14
5.2609016e-12
1.3425559e-10
1.2939249e-09
7.4120308e-09
3.098338e-08
1.0491288e-07
3.0473175e-07
7.8330417e-07
1.8082257e-06
3.7671011e-06
7.0981033e-06
1.2163779e-05
1.9148503e-05
2.8036319e-05
3.8651217e-05
5.0721903e-05
6.3937351e-05
7.7991636e-05
9.2613944e-05
0.00010758674
0.00012275692
0.00013803782
0.00015340563
0.00016775902
0.00017897376
0.00019102809
0.0002044496
0.00021911147
0.00023502054
0.00025217558
0.00027058558
0.00029024574
0.00031108331
0.00033296174
0.00035565232
0.00037879713
0.00040201815
0.00042476579
0.00044634931
0.00046576024
0.00048165909
0.00049286829
0.00049899511
0.00050040857
0.00049813868
0.0004941766
0.00049195034
0.00049679575
0.00051660455
0.00056182933
0.00064198257
0.00076117171
0.00089719738
0.0010907673
0.0013326725
0.0016003006
0.0018844854
0.0021446482
0.0024069488
0.0026755711
0.002949584
0.0032319403
0.0035276727
0.0038396088
0.0041680887
0.0045100431
0.0048608545
0.0052191379
0.0055907326
0.005983941
0.0064215023
0.0067353319
0.0068921162
0.0070161724
0.0071072575
0.007165948
0.0071940779
0.0071947128
0.0071728358
0.0071355916
0.007090839
0.0070449205
0.0070023249
0.0069656702
0.0069366009
0.006914512
0.0068994819
0.0068925825
0.0069007139
0.0069499611
0.0070399292
2.734003e-14
5.2191337e-12
1.3319111e-10
1.2836684e-09
7.3524435e-09
3.0738064e-08
1.0412415e-07
3.0264934e-07
7.7871987e-07
1.7996904e-06
3.752658e-06
7.0727173e-06
1.2111877e-05
1.9036284e-05
2.7807798e-05
3.8230253e-05
5.0020081e-05
6.2864315e-05
7.6466432e-05
9.0574322e-05
0.0001049971
0.00011961191
0.00013436133
0.00014924284
0.00016187486
0.0001731346
0.00018541069
0.00019889522
0.00021349859
0.00022924781
0.0002461363
0.00026420974
0.00028347014
0.00030389836
0.0003253935
0.0003477734
0.00037073756
0.00039391416
0.00041675779
0.00043859169
0.00045844242
0.00047509597
0.00048740028
0.00049476832
0.00049733628
0.00049599108
0.00049262048
0.00049062577
0.00049533956
0.00051475436
0.00055952798
0.00063958197
0.0007590046
0.00089339675
0.0010865466
0.0013285579
0.0015963786
0.0018842618
0.0021498831
0.0024116109
0.0026792636
0.002952031
0.0032325928
0.0035261796
0.0038356048
0.004161138
0.0044997171
0.0048468972
0.005201203
0.0055684996
0.0059579057
0.006389136
0.0067355556
0.0068923417
0.0070163779
0.0071074118
0.0071660151
0.007194027
0.0071945302
0.0071725403
0.0071352342
0.0070904775
0.0070446064
0.0070021029
0.0069655611
0.0069366645
0.0069146834
0.0068998747
0.0068929034
0.0069014693
0.0069510655
0.0070412158
2.7143369e-14
5.1806646e-12
1.321781e-10
1.2739968e-09
7.2970496e-09
3.0507155e-08
1.0337549e-07
3.0064519e-07
7.7419518e-07
1.7909099e-06
3.7367727e-06
7.0424637e-06
1.2048831e-05
1.8902284e-05
2.7542479e-05
3.7754685e-05
4.9244586e-05
6.1701006e-05
7.4840821e-05
8.8434009e-05
0.00010231974
0.00011640511
0.00013066211
0.00014511276
0.00015635615
0.00016772603
0.00018021905
0.00019379525
0.00020840495
0.00022407253
0.00024079761
0.00025864194
0.00027761927
0.00029773109
0.00031892144
0.00034102504
0.00036380168
0.00038689147
0.00040978177
0.00043179676
0.00045201237
0.00046928275
0.00048246209
0.00049085651
0.00049442698
0.0004939107
0.00049111469
0.00048938341
0.00049390187
0.00051293457
0.0005572407
0.00063703752
0.00075673027
0.00088980752
0.0010825487
0.0013246199
0.0015926072
0.0018807818
0.0021547248
0.0024161424
0.0026828747
0.0029545128
0.0032334104
0.0035249345
0.0038319513
0.0041546516
0.0044899645
0.0048335981
0.0051840505
0.0055471695
0.0059327203
0.0063577565
0.0067357021
0.0068925011
0.0070165274
0.0071075213
0.007166049
0.0071939547
0.0071943369
0.0071722427
0.0071348815
0.0070901239
0.0070443016
0.0070018901
0.0069654606
0.0069367359
0.0069148605
0.0069002756
0.006893222
0.0069022364
0.0069521094
0.0070422953
2.6896166e-14
5.1349894e-12
1.3100289e-10
1.262354e-09
7.23121e-09
3.0234273e-08
1.0247374e-07
2.9818056e-07
7.6840884e-07
1.7789128e-06
3.7137417e-06
6.9980395e-06
1.1960181e-05
1.8727284e-05
2.7216287e-05
3.7195892e-05
4.8364574e-05
6.0416573e-05
7.3085293e-05
8.6168208e-05
9.9533424e-05
0.00011311928
0.00012692119
0.00014026704
0.00015118284
0.00016277827
0.00017543537
0.0001891064
0.00020375903
0.00021939854
0.00023603605
0.00025373261
0.00027251526
0.0002924008
0.00031333937
0.00033521835
0.00035780945
0.00038080268
0.00040369921
0.00042584582
0.00044635632
0.00046412046
0.00047802179
0.00048727652
0.00049171362
0.00049193666
0.00048959276
0.00048804311
0.00049255834
0.00051124562
0.00055509473
0.00063454368
0.00075433774
0.00088640096
0.0010787328
0.0013208356
0.0015889597
0.0018773994
0.0021592783
0.0024205519
0.0026863952
0.0029569908
0.0032343317
0.0035239038
0.0038286062
0.0041485439
0.0044807263
0.0048209022
0.0051676138
0.0055266065
0.0059084089
0.0063273203
0.0067357682
0.0068925925
0.0070166193
0.007107585
0.0071660496
0.0071938608
0.0071941324
0.0071719438
0.0071345338
0.0070897787
0.0070440064
0.0070016868
0.0069653691
0.0069368153
0.0069150438
0.0069006843
0.0068935401
0.0069030101
0.006953072
0.007043156
2.6578016e-14
5.0737316e-12
1.2944031e-10
1.247182e-09
7.1443587e-09
2.9875928e-08
1.0127941e-07
2.9482757e-07
7.602837e-07
1.761318e-06
3.6788151e-06
6.9312997e-06
1.1833689e-05
1.8493915e-05
2.6808097e-05
3.6529665e-05
4.7354595e-05
5.8986388e-05
7.1180376e-05
8.3762346e-05
9.6632597e-05
0.00010975714
0.00012315213
0.00013533741
0.00014638507
0.00015821724
0.00017103527
0.00018480654
0.00019952106
0.00021516302
0.00023176865
0.0002493752
0.00026802769
0.00028774765
0.00030849102
0.00033018788
0.00035261644
0.00037551373
0.0003983889
0.00042062697
0.00044136712
0.00045953307
0.00047402818
0.00048400846
0.00048917917
0.0004900317
0.00048818939
0.00048684653
0.00049113333
0.00050940934
0.00055276673
0.00063190639
0.0007517945
0.00088316766
0.0010751007
0.0013171797
0.0015854216
0.0018740905
0.0021636298
0.0024248477
0.0026898124
0.0029594531
0.003235307
0.0035230354
0.0038255115
0.0041427805
0.004471952
0.0048087328
0.0051518143
0.0055067666
0.0058849028
0.0062976991
0.0067357506
0.0068926137
0.0070166522
0.0071076022
0.0071660163
0.0071937454
0.0071939176
0.0071716439
0.0071341915
0.0070894421
0.0070437212
0.0070014931
0.0069652867
0.0069369025
0.0069152336
0.0069011005
0.0068938597
0.0069037834
0.0069539282
0.007043763
2.6124222e-14
4.9875385e-12
1.2724971e-10
1.2261375e-09
7.0242031e-09
2.9378208e-08
9.9619906e-08
2.9011044e-07
7.4858543e-07
1.7356078e-06
3.6270636e-06
6.8339028e-06
1.1657402e-05
1.8186169e-05
2.629792e-05
3.5735041e-05
4.619319e-05
5.7392232e-05
6.9111877e-05
8.1209071e-05
9.3616436e-05
0.00010632562
0.0001193705
0.00013076678
0.00014197443
0.0001540134
0.00016698697
0.00018086565
0.00019564859
0.0002113257
0.00022792471
0.00024548462
0.00026405735
0.00028365192
0.00030425176
0.00032579216
0.00034808882
0.00037088486
0.00039373284
0.00041603441
0.00043694999
0.00045545029
0.00047043659
0.00048103331
0.0004868546
0.00048828953
0.00048686807
0.00048570595
0.00048984855
0.00050774465
0.00055060334
0.00062936972
0.00074922827
0.00088006862
0.0010715982
0.0013136333
0.0015819647
0.0018708376
0.0021677617
0.0024290228
0.0026931086
0.0029618573
0.0032363358
0.0035222833
0.0038226235
0.0041373475
0.0044635722
0.004797011
0.0051366155
0.0054876351
0.0058620858
0.0062691788
0.0067356467
0.006892563
0.0070166249
0.007107572
0.0071659489
0.0071936084
0.0071936926
0.0071713431
0.007133855
0.0070891144
0.0070434462
0.0070013093
0.0069652137
0.0069369977
0.0069154305
0.0069015236
0.0068941828
0.0069045465
0.0069546349
0.007044011
2.5520906e-14
4.8723147e-12
1.2431923e-10
1.1979898e-09
6.8627622e-09
2.8705489e-08
9.7364108e-08
2.8366943e-07
7.3244484e-07
1.6996468e-06
3.5547198e-06
6.6991401e-06
1.142103e-05
1.7790907e-05
2.5670618e-05
3.4795078e-05
4.4866429e-05
5.5623206e-05
6.6873982e-05
7.8509662e-05
9.0490993e-05
0.00010283418
0.0001155875
0.00012654788
0.00013792106
0.00015014584
0.00016325594
0.00017724991
0.00019211192
0.00020783634
0.00022445268
0.0002419974
0.00026051885
0.000280026
0.00030051713
0.00032192757
0.00034411048
0.00036681101
0.00038963117
0.00041196949
0.00043302828
0.00045179955
0.00046720532
0.00047831701
0.00048469458
0.00048662967
0.00048555646
0.00048451643
0.00048864919
0.0005061666
0.00054850792
0.00062686826
0.00074662881
0.00087708619
0.0010682104
0.001310173
0.0015785783
0.0018676204
0.0021713382
0.0024329943
0.0026962531
0.0029641859
0.0032373866
0.0035216399
0.0038199204
0.0041321884
0.0044555036
0.0047857435
0.0051219063
0.0054691662
0.0058398738
0.0062422839
0.0067108883
0.0068924383
0.007016536
0.0071074937
0.007165847
0.0071934498
0.0071934579
0.0071710417
0.0071335243
0.0070887959
0.0070431817
0.0070011354
0.0069651503
0.0069371007
0.0069156347
0.0069019531
0.0068945119
0.0069052844
0.0069551231
0.007043798
2.4716709e-14
4.720047e-12
1.2044566e-10
1.1608047e-09
6.6507363e-09
2.7823328e-08
9.4397348e-08
2.7517257e-07
7.1106456e-07
1.6517182e-06
3.4581538e-06
6.5214464e-06
1.1116111e-05
1.7297644e-05
2.4914474e-05
3.3699681e-05
4.3366204e-05
5.3676656e-05
6.4471273e-05
7.5672962e-05
8.7270433e-05
9.9298065e-05
0.00011154524
0.00012264617
0.00013421287
0.00014658908
0.00015982833
0.00017393234
0.00018887556
0.00020466158
0.000221308
0.00023886164
0.00025734718
0.00027679443
0.00029720195
0.00031850903
0.00034058851
0.00036321317
0.00038599091
0.00040835762
0.00042952821
0.00044852866
0.00046428264
0.00047585004
0.00048272464
0.00048512591
0.00048439815
0.0004835006
0.00048757052
0.00050479894
0.00054648926
0.00062439413
0.00074399774
0.00087420413
0.0010649219
0.0013067826
0.0015752367
0.0018644253
0.0021708775
0.0024366066
0.0026992451
0.002966416
0.0032384256
0.0035210788
0.0038173573
0.0041272534
0.0044477541
0.0047748865
0.0051076291
0.0054512644
0.0058182415
0.0062169264
0.0066761156
0.0068922373
0.0070163844
0.0071073666
0.0071657102
0.0071932697
0.0071932136
0.0071707403
0.0071332005
0.007088487
0.0070429278
0.0070009715
0.0069650968
0.0069372115
0.0069158467
0.0069023882
0.0068948496
0.0069059778
0.0069553621
0.0070433362
2.3713429e-14
4.5277963e-12
1.1556178e-10
1.1138465e-09
6.3827199e-09
2.6707069e-08
9.0649146e-08
2.6440813e-07
6.8387674e-07
1.5905814e-06
3.3350237e-06
6.2965668e-06
1.073736e-05
1.6699378e-05
2.4023612e-05
3.2444207e-05
4.1692588e-05
5.155792e-05
6.1915249e-05
7.2717639e-05
8.3978699e-05
9.5744587e-05
0.00010774467
0.00011904169
0.00013079837
0.00014331927
0.00015667986
0.000170883
0.00018591174
0.00020176569
0.00021845058
0.00023602046
0.00025449052
0.000273899
0.00029423799
0.00031546333
0.00033745613
0.00036001231
0.00038274549
0.00040513012
0.00042639628
0.00044558436
0.00046163297
0.00047359861
0.00048089878
0.00048369823
0.00048325866
0.00048245255
0.00048637071
0.00050321857
0.00054460905
0.00062207165
0.00074134778
0.00087140867
0.0010617136
0.0013034435
0.0015719273
0.0018612346
0.0021678971
0.0024398591
0.0027020682
0.0029685325
0.0032394413
0.0035205378
0.0038149191
0.0041225012
0.0044403308
0.0047643816
0.0050937965
0.0054338408
0.0057971427
0.0061924832
0.0066447614
0.0068919576
0.007016169
0.0071071899
0.0071655382
0.0071930676
0.0071929594
0.0071704386
0.0071328791
0.0070881879
0.0070426848
0.007000818
0.0069650532
0.0069373299
0.0069160668
0.0069028279
0.0068951979
0.0069066176
0.0069556056
2.2475206e-14
4.2932495e-12
1.0959377e-10
1.0566281e-09
6.0557338e-09
2.5346839e-08
8.606446e-08
2.5123082e-07
6.5054976e-07
1.5154984e-06
3.1838072e-06
6.0222914e-06
1.028117e-05
1.5993651e-05
2.2995639e-05
3.1031289e-05
3.9852451e-05
4.928113e-05
5.92249e-05
6.9666852e-05
8.0639353e-05
9.2197619e-05
0.00010419728
0.00011569026
0.00012764196
0.00014030428
0.00015376745
0.00016807277
0.00018319157
0.00019910792
0.00021584439
0.00023343323
0.00025190348
0.00027128416
0.00029157442
0.00031273227
0.00033465371
0.00035714224
0.00037984271
0.00040223317
0.00042357676
0.00044292219
0.00045923411
0.00047154212
0.00047922766
0.00048238546
0.00048220444
0.00048148656
0.00048526346
0.00050173605
0.00054261173
0.00061960443
0.00073871073
0.00086868554
0.0010585715
0.0013001393
0.0015686335
0.0018580383
0.0021648842
0.0024428443
0.0027047335
0.0029705207
0.0032404158
0.0035200076
0.0038125916
0.0041179055
0.0044331352
0.0047542084
0.0050803627
0.0054168971
0.0057764952
0.0061685357
0.0066150001
0.0068915974
0.0070158886
0.0071069631
0.0071653307
0.0071928441
0.0071926954
0.0071701372
0.0071325664
0.0070878976
0.0070424521
0.0070006741
0.0069650194
0.0069374556
0.006916295
0.006903272
0.0068955572
0.006907222
0.0069560168
2.1029149e-14
4.0169294e-12
1.0256567e-10
9.8908859e-10
5.670357e-09
2.3742938e-08
8.0666656e-08
2.3565362e-07
6.1107821e-07
1.4264136e-06
3.0045848e-06
5.6983413e-06
9.7480516e-06
1.5180929e-05
2.1835531e-05
2.9469212e-05
3.7861562e-05
4.686743e-05
5.6428092e-05
6.6550369e-05
7.728063e-05
8.867823e-05
0.00010079292
0.00011254724
0.00012469606
0.00013749464
0.00015106635
0.00016547313
0.00018067391
0.00019666057
0.00021344929
0.00023106448
0.00024954484
0.00026891114
0.00028916679
0.0003102636
0.00033212932
0.00035455716
0.00037722763
0.00039962418
0.00042102412
0.00044051086
0.00045705358
0.00046965703
0.00047769358
0.00048117807
0.0004812432
0.00048060703
0.00048424527
0.00050035143
0.00054069669
0.00061718734
0.00073599554
0.00086602625
0.0010554905
0.0012968566
0.0015653376
0.001854821
0.0021618255
0.0024456473
0.0027072544
0.0029723758
0.003241343
0.0035194947
0.0038103227
0.0041134549
0.0044261365
0.0047443041
0.0050672913
0.0054004159
0.0057562885
0.0061449779
0.0065858213
0.0068911556
0.0070155423
0.0071066852
0.0071650874
0.0071925988
0.007192423
0.0071698369
0.0071322626
0.0070876205
0.0070422328
0.0070005423
0.0069649973
0.0069375899
0.0069165329
0.0069037194
0.0068959262
0.0069078371
0.0069559736
1.9381784e-14
3.7023549e-12
9.4527901e-11
9.1187261e-10
5.2297581e-09
2.190734e-08
7.4482437e-08
2.1782671e-07
5.65764e-07
1.3240569e-06
2.7982453e-06
5.3264362e-06
9.1408085e-06
1.4266984e-05
2.0551413e-05
2.7772753e-05
3.5740905e-05
4.4346197e-05
5.3558256e-05
6.3402495e-05
7.3933186e-05
8.5207518e-05
9.7269791e-05
0.00010958638
0.00012192246
0.00013486087
0.00014854999
0.0001630442
0.00017833249
0.00019439429
0.00021123325
0.00022888536
0.00024738375
0.0002667434
0.00028696606
0.00030802761
0.00032983704
0.00035221793
0.0003748548
0.00039725369
0.00041870671
0.00043831683
0.00045505366
0.00046793135
0.00047628371
0.00048007
0.00048036067
0.00047980496
0.00048330215
0.00049903561
0.0005388732
0.00061483501
0.00073326963
0.00086341135
0.0010524416
0.0012935809
0.0015620317
0.00185157
0.0021587074
0.0024483067
0.0027096448
0.0029741068
0.0032422231
0.0035190187
0.0038081087
0.0041091619
0.0044193504
0.0047346979
0.0050545634
0.0053843859
0.0057365406
0.0061218282
0.0065572551
0.0068906304
0.0070151292
0.0071063561
0.007164809
0.0071923328
0.007192142
0.007169538
0.0071319667
0.0070873552
0.0070420259
0.0070004217
0.006964986
0.0069377318
0.0069167803
0.0069041691
0.0068963045
0.0069084593
0.0069558699
1.7538419e-14
3.3518809e-12
8.5622941e-11
8.2622971e-10
4.7408603e-09
1.9871664e-08
6.7615503e-08
1.980017e-07
5.153154e-07
1.2097133e-06
2.5674451e-06
4.9105933e-06
8.4647847e-06
1.3259542e-05
1.915684e-05
2.5961396e-05
3.3518146e-05
4.1750549e-05
5.0651984e-05
6.0259875e-05
7.0629635e-05
8.1812781e-05
9.3846669e-05
0.00010674876
0.00011928129
0.00013236975
0.00014617563
0.00016076511
0.00017614766
0.00019228092
0.00020917059
0.00022686749
0.00024538228
0.00026474665
0.0002849547
0.00030598316
0.00032774322
0.00035008131
0.00037268907
0.00039508657
0.00041659213
0.00043630994
0.00045321965
0.00046634813
0.00047498471
0.00047904989
0.00047955144
0.00047906622
0.00048242883
0.00049779677
0.00053710443
0.00061251994
0.00073053132
0.00086082687
0.0010494159
0.0012902981
0.0015586974
0.0018482715
0.0021555232
0.002450838
0.002711895
0.0029757559
0.0032430563
0.0035185432
0.0038059813
0.0041050157
0.0044127633
0.0047253873
0.0050421929
0.0053687758
0.005717239
0.0060991435
0.0065292463
0.0068900204
0.0070146483
0.0071059751
0.0071644948
0.0071920457
0.0071918526
0.0071692406
0.0071316787
0.007087101
0.0070418309
0.0070003119
0.0069649852
0.0069378808
0.0069170364
0.0069046206
0.006896692
0.0069090819
0.0069557225
1.557245e-14
2.9759568e-12
7.6049176e-11
7.3428955e-10
4.2157981e-09
1.7682834e-08
6.0233437e-08
1.7664081e-07
4.6084282e-07
1.0857758e-06
2.3160817e-06
4.4566181e-06
7.7282667e-06
1.2170488e-05
1.7667805e-05
2.4058531e-05
3.1223831e-05
3.9116702e-05
4.7747374e-05
5.7158695e-05
6.740068e-05
7.8516345e-05
9.0534505e-05
0.00010346347
0.00011675963
0.00012999775
0.00014392758
0.00015862258
0.00017409277
0.00019029938
0.00020724814
0.00022498821
0.00024352984
0.00026290866
0.00028310851
0.00030410047
0.00032583253
0.0003481354
0.00037071729
0.00039310793
0.00041465644
0.00043446908
0.00045153755
0.00046489626
0.00047381225
0.00047812221
0.00047882403
0.0004783926
0.000481621
0.00049661914
0.00053537369
0.00061020693
0.00072776062
0.00085826508
0.0010463951
0.0012869972
0.0015553259
0.0018449193
0.0021522562
0.0024530942
0.0027139259
0.0029772145
0.0032437205
0.0035179357
0.0038038132
0.0041008624
0.004406268
0.0047161755
0.0050300555
0.0053534155
0.0056982791
0.0060767851
0.0065015564
0.0068893431
0.0070140991
0.0071055419
0.0071641441
0.0071917373
0.0071915545
0.0071689449
0.0071313988
0.0070868574
0.0070416475
0.0070002126
0.0069649947
0.0069380366
0.0069173024
0.0069050732
0.0068970892
0.0069096973
0.0069555274
1.3524694e-14
2.5849283e-12
6.6074099e-11
6.3826216e-10
3.6675539e-09
1.5399409e-08
5.251258e-08
1.5429413e-07
4.0361857e-07
9.5498812e-07
2.0493005e-06
3.9718411e-06
6.941013e-06
1.1012979e-05
1.6103873e-05
2.2091142e-05
2.8891878e-05
3.648186e-05
4.4881928e-05
5.4132133e-05
6.4273269e-05
7.5339214e-05
8.7349846e-05
0.00010030918
0.00011420705
0.00012772502
0.0001417961
0.00015660244
0.00017216175
0.00018844813
0.00020545759
0.00022324145
0.00024182987
0.00026121986
0.00028141486
0.00030239629
0.00032410303
0.00034637166
0.00036893037
0.00039132305
0.00041289797
0.00043279249
0.00045001449
0.00046355333
0.00047269651
0.00047730447
0.00047823575
0.00047777332
0.00048087065
0.00049552157
0.00053357056
0.00060793165
0.00072493961
0.00085571497
0.0010433718
0.0012836676
0.0015519062
0.0018414966
0.0021488999
0.0024549126
0.0027155879
0.002978264
0.0032440331
0.0035170295
0.0038013942
0.0040964939
0.0043996361
0.0047069001
0.0050178822
0.005338101
0.0056794431
0.0060545283
0.0064739116
0.0068886469
0.0070134808
0.0071050559
0.0071637569
0.0071914073
0.0071912482
0.0071686506
0.0071311268
0.0070866245
0.0070414757
0.0070001233
0.006965016
0.0069382003
0.0069175783
0.0069055265
0.0068974969
0.0069102983
0.0069552754
1.1438797e-14
2.1881001e-12
5.5962215e-11
5.4097629e-10
3.1107731e-09
1.3078324e-08
4.4670727e-08
1.315187e-07
3.4509923e-07
8.2032081e-07
1.7719208e-06
3.4642633e-06
6.1143882e-06
9.8030766e-06
1.4488478e-05
2.009035e-05
2.6557866e-05
3.3883687e-05
4.2088544e-05
5.1206153e-05
6.1267302e-05
7.2295138e-05
8.4301741e-05
9.7288592e-05
0.00011123996
0.00012555
0.00013974463
0.00015466608
0.00017030655
0.00018666318
0.00020373522
0.00022157593
0.00024019585
0.0002596013
0.00027980099
0.00030077329
0.00032244651
0.00034469081
0.00036722311
0.00038961756
0.00041121908
0.00043118247
0.00044853022
0.00046223602
0.00047156341
0.0004763346
0.00047735741
0.00047705301
0.00047982948
0.00049410356
0.00053185587
0.00060552815
0.00072209576
0.00085316582
0.001040337
0.0012802966
0.0015484282
0.0018379974
0.0021454458
0.0024567172
0.002717336
0.002979361
0.0032444816
0.0035163368
0.0037991891
0.0040924332
0.0043933153
0.0046980561
0.0050061426
0.0053233023
0.0056611737
0.0060328614
0.0064468421
0.0068878867
0.0070128466
0.0071045164
0.0071633328
0.0071910557
0.0071909332
0.0071683581
0.0071308627
0.0070864016
0.0070413152
0.0070000465
0.0069650486
0.0069383716
0.0069178641
0.0069059801
0.0068979162
0.0069108771
0.006954953
9.3756942e-15
1.7936949e-12
4.591039e-11
4.441959e-10
2.5573836e-09
1.0765382e-08
3.6849328e-08
1.0875589e-07
2.8635023e-07
6.840018e-07
1.4886604e-06
2.9411565e-06
5.2601726e-06
8.5602314e-06
1.2848891e-05
1.8089805e-05
2.4258707e-05
3.1353931e-05
3.9394511e-05
4.8401749e-05
5.8396931e-05
6.9392982e-05
8.1396888e-05
9.440551e-05
0.00010840471
0.00012330163
0.00013754922
0.0001525816
0.00016829978
0.00018470812
0.00020182902
0.00021970486
0.00023833602
0.00025775015
0.00027793894
0.00029887576
0.00032051457
0.00034272191
0.00036523317
0.00038762297
0.00040926334
0.00042930415
0.00044677529
0.00046067065
0.00047022554
0.00047519435
0.00047640124
0.00047616659
0.00047889342
0.00049290805
0.00053019693
0.00060332517
0.00071934131
0.00085060118
0.0010372695
0.0012768773
0.0015448833
0.0018344123
0.0021418823
0.002459804
0.0027206817
0.00298214
0.0032466963
0.0035174784
0.0037988699
0.0040903464
0.0043890285
0.0046912549
0.0049965418
0.0053106706
0.0056451131
0.0060134311
0.0064221687
0.0068870526
0.0070121732
0.0071039538
0.0071628713
0.0071906819
0.0071906091
0.0071680663
0.0071306059
0.0070861921
0.0070411662
0.0069999813
0.0069650921
0.0069385494
0.0069181594
0.0069064334
0.0068983483
0.0069114256
0.0069545532
7.2884474e-15
1.3966961e-12
3.5804005e-11
3.4716728e-10
2.0032056e-09
8.4547026e-09
2.9016591e-08
8.597345e-08
2.2730069e-07
5.4629167e-07
1.2004046e-06
2.4067684e-06
4.3892068e-06
7.3040537e-06
1.1213791e-05
1.6123434e-05
2.2025614e-05
2.8921566e-05
3.6819709e-05
4.5732023e-05
5.5668443e-05
6.6635766e-05
7.8635413e-05
9.1660708e-05
0.00010569824
0.00012071172
0.00013513863
0.00015027453
0.00016608177
0.00018255302
0.0001997125
0.00021761054
0.00023625918
0.00025566227
0.00027582498
0.00029672948
0.00031832705
0.0003405003
0.00036298957
0.00038538391
0.00040705767
0.00042719353
0.00044480532
0.00045890555
0.00046868662
0.0004738418
0.00047519581
0.00047495849
0.00047772279
0.00049140021
0.0005281508
0.00060049467
0.00071615278
0.0008480193
0.0010341601
0.0012733984
0.0015412611
0.0018307335
0.002138207
0.002462428
0.0027251235
0.0029861634
0.0032502304
0.0035200098
0.0038000388
0.0040897825
0.0043863521
0.0046860948
0.0049886281
0.0052997465
0.0056307865
0.005995703
0.006399764
0.0068775219
0.0070114455
0.0071033694
0.0071623867
0.0071902884
0.0071902789
0.0071677792
0.0071303606
0.0070859959
0.0070410322
0.0069999271
0.0069651463
0.0069387335
0.0069184642
0.0069068867
0.0068987935
0.0069119358
0.0069540904
4.743655e-15
9.1218336e-13
2.3659864e-11
2.3229531e-10
1.3571485e-09
5.8004347e-09
2.0161718e-08
6.0562464e-08
1.629171e-07
3.9968202e-07
9.0085685e-07
1.8626686e-06
3.5172415e-06
6.0642445e-06
9.6198082e-06
1.4226397e-05
1.9889579e-05
2.6606991e-05
3.4377819e-05
4.3202909e-05
5.308413e-05
6.4022174e-05
7.6012912e-05
8.904943e-05
0.00010311878
0.00011819603
0.0001342473
0.00014958322
0.00016559619
0.00018227419
0.00019961102
0.00021765621
0.00023642896
0.00025593218
0.00027617117
0.00029712509
0.00031875389
0.00034092754
0.00036341099
0.00038578782
0.00040745152
0.00042758834
0.00044521732
0.00045933218
0.00046913485
0.00047434291
0.00047564547
0.00047524187
0.00047765227
0.00049076444
0.00052655765
0.0005981155
0.00071256263
0.00084541478
0.0010310059
0.0012698571
0.001537557
0.0018269543
0.0021344058
0.0024587026
0.0027230124
0.0029836186
0.0032472247
0.0035160676
0.0037948218
0.0040828965
0.0043774513
0.0046748505
0.0049747162
0.0052829279
0.0056106871
0.0059721896
0.0063725322
0.0068409013
0.0070106619
0.0071027461
0.0071618935
0.0071898766
0.0071899417
0.0071674953
0.0071301243
0.0070858096
0.0070409086
0.0069998838
0.0069652114
0.0069389249
0.006918779
0.0069073394
0.0068992544
0.0069124019
0.0069535752
3.8622124e-15
7.396014e-13
1.9124778e-11
1.8734948e-10
1.0920814e-09
4.6517477e-09
1.610005e-08
4.8107244e-08
1.2881913e-07
3.1578443e-07
7.1577466e-07
1.501993e-06
2.9050691e-06
5.1584797e-06
8.42914e-06
1.2794716e-05
1.8272389e-05
2.4855533e-05
3.2533458e-05
4.1297792e-05
5.1142115e-05
6.2060889e-05
7.4047402e-05
8.7092212e-05
0.00010118143
0.00011629323
0.00013232624
0.00014771421
0.00016378924
0.00018051982
0.00019788596
0.00021593698
0.00023469995
0.00025418483
0.0002743978
0.00029532194
0.00031691433
0.00033905942
0.00036152999
0.0003839174
0.00040561802
0.00042583429
0.00044359576
0.00045790172
0.00046793052
0.00047338254
0.00047490854
0.00047452808
0.00047690313
0.00048985694
0.00052558008
0.00059663232
0.00071082829
0.00084290611
0.0010279518
0.0012664362
0.0015339761
0.0018232872
0.0021306987
0.0024550428
0.0027196048
0.0029790358
0.0032415847
0.0035089774
0.0037859092
0.0040718133
0.0043638402
0.0046584507
0.0049553052
0.0052603298
0.0055845922
0.0059423302
0.0063392502
0.0067993637
0.0070098052
0.0071020712
0.00716137
0.0071894618
0.0071896024
0.0071672233
0.0071299083
0.0070856469
0.0070408148
0.0069998698
0.0069653074
0.0069391465
0.0069191299
0.0069078202
0.0068997644
0.0069128396
0.0069529343
4.3390553e-15
8.2933344e-13
2.1195001e-11
2.0475053e-10
1.1769576e-09
4.9474777e-09
1.6916531e-08
4.9980919e-08
1.323035e-07
3.2057802e-07
7.1874723e-07
1.4944307e-06
2.8721528e-06
5.0846295e-06
8.3061737e-06
1.2624455e-05
1.8062583e-05
2.4614367e-05
3.2266774e-05
4.1008393e-05
5.0830763e-05
6.1727056e-05
7.3690471e-05
8.6712332e-05
0.00010078054
0.00011587739
0.0001319759
0.00014903246
0.0001655272
0.00018225003
0.00019963377
0.000217671
0.00023637622
0.00025576903
0.00027585485
0.00029662453
0.00031803718
0.00033997841
0.00036221489
0.00038435427
0.00040580963
0.00042579201
0.00044335661
0.00045751986
0.00046744463
0.00047284062
0.00047432993
0.00047404912
0.00047638945
0.00048925076
0.00052467611
0.00059575965
0.00070987611
0.00084128593
0.0010259554
0.0012640474
0.0015313708
0.0018205101
0.0021277833
0.002452086
0.0027222885
0.0029809344
0.0032425431
0.0035085345
0.0037835704
0.0040671855
0.0043564492
0.0046479146
0.0049412982
0.0052425706
0.0055627457
0.0059159484
0.0063088297
0.0067616838
0.0070087796
0.0071012431
0.0071607083
0.0071889204
0.0071891543
0.0071668571
0.0071296119
0.0070854246
0.0070406768
0.0069998295
0.006965402
0.0069393904
0.0069195411
0.0069083724
0.0069003877
0.0069132167
0.0069516985
4.4190945e-15
8.4376952e-13
2.1538982e-11
2.0783101e-10
1.193508e-09
5.0142596e-09
1.7144478e-08
5.0683596e-08
1.3432693e-07
3.2603362e-07
7.3225857e-07
1.524356e-06
2.9300558e-06
5.1816993e-06
8.448911e-06
1.2813105e-05
1.8292289e-05
2.487711e-05
3.2552611e-05
4.1306476e-05
5.1130004e-05
6.2017035e-05
7.3961949e-05
8.6958187e-05
0.00010099657
0.00011606364
0.0001321386
0.00014918689
0.00016651957
0.00018328533
0.00020057804
0.00021850936
0.00023707319
0.00025628812
0.00027616977
0.00029671446
0.00031788147
0.00033955921
0.00036152254
0.00038338742
0.00040457921
0.00042432438
0.00044170104
0.00045574003
0.00046563823
0.00047108124
0.00047269055
0.00047244444
0.00047493124
0.00048808691
0.0005241459
0.00059576933
0.00071045038
0.00084087926
0.0010254593
0.0012631925
0.0015303407
0.0018192945
0.0021263846
0.0024505959
0.0027302872
0.0029882657
0.0032487849
0.0035132376
0.0037861436
0.0040671935
0.0043533553
0.0046412775
0.0049307582
0.0052278389
0.0055435421
0.0058917468
0.0062800568
0.0067256663
0.0070076973
0.0071003494
0.0071599806
0.0071883215
0.0071886601
0.0071664568
0.0071293032
0.0070852009
0.0070405491
0.0069998095
0.0069655286
0.0069396693
0.0069199994
0.0069089592
0.006901083
0.00691343
0.0069504083
4.6201188e-15
8.8230812e-13
2.2526434e-11
2.1738989e-10
1.2486169e-09
5.24663e-09
1.7940703e-08
5.3033363e-08
1.405013e-07
3.4070866e-07
7.6389988e-07
1.5858385e-06
3.0368001e-06
5.347404e-06
8.6821014e-06
1.3116862e-05
1.8665494e-05
2.531517e-05
3.3047906e-05
4.1848632e-05
5.1706567e-05
6.261422e-05
7.4565807e-05
8.7555648e-05
0.0001015769
0.0001166202
0.00013267171
0.00014970972
0.00016769725
0.00018577848
0.00020312515
0.00022092835
0.00023934458
0.00025835806
0.00027798195
0.00029822659
0.00031905687
0.00034036535
0.00036193186
0.00038338099
0.0004041514
0.00042349286
0.00044050771
0.00045424258
0.00046392277
0.00046923602
0.00047080319
0.00047075036
0.00047331837
0.00048686858
0.00052360575
0.00059611519
0.00071192333
0.00084173758
0.0010266892
0.0012641337
0.0015310745
0.0018197638
0.0021265017
0.0024504627
0.0027388143
0.0029957271
0.0032547434
0.0035173366
0.00378773
0.0040658474
0.0043485602
0.0046326297
0.0049179622
0.0052106709
0.0055218005
0.005864879
0.0062484174
0.0066868101
0.0070065507
0.0070993872
0.0071591881
0.0071876691
0.0071881223
0.0071660335
0.007128982
0.0070849765
0.0070404319
0.0069998085
0.0069656829
0.0069399762
0.0069204943
0.0069095719
0.0069018395
0.0069135059
0.0069500713
0.0070031599
4.9280695e-15
9.4107836e-13
2.4025063e-11
2.3183638e-10
1.3315179e-09
5.5945394e-09
1.9127297e-08
5.6522788e-08
1.4964244e-07
3.6236413e-07
8.1037251e-07
1.6754548e-06
3.1906233e-06
5.5825063e-06
9.006909e-06
1.3531874e-05
1.916614e-05
2.5893683e-05
3.3693973e-05
4.2549686e-05
5.2448247e-05
6.3381021e-05
7.5342056e-05
8.8326662e-05
0.00010233016
0.00011734682
0.00013336826
0.000150381
0.00016836208
0.00018726893
0.00020582999
0.00022379909
0.00024213428
0.00026098918
0.00028039182
0.00030036
0.00032086666
0.00034180909
0.00036296902
0.00038397721
0.00040428172
0.00042315171
0.00043971533
0.00045306317
0.00046241586
0.0004675034
0.00046895805
0.00046893628
0.00047190171
0.00048609043
0.00052364449
0.00059735804
0.00071450696
0.00084378297
0.0010296378
0.0012669706
0.0015336821
0.0018220123
0.0021283461
0.0024520098
0.0027486292
0.0030040203
0.0032611821
0.00352166
0.0037892255
0.0040641274
0.0043431171
0.004623078
0.004904051
0.0051922187
0.0054986615
0.0058364896
0.0062150743
0.0066460453
0.0070053341
0.0070983533
0.0071583287
0.007186962
0.0071875471
0.0071655815
0.0071286449
0.0070847488
0.0070403224
0.0069998238
0.0069658613
0.0069403075
0.0069210236
0.006910209
0.0069026503
0.0069136923
0.0069479325
0.007000882
5.197199e-15
9.9242667e-13
2.5334902e-11
2.4445291e-10
1.40381e-09
5.8973399e-09
2.0157062e-08
5.9538012e-08
1.5749616e-07
3.8083379e-07
8.4965113e-07
1.7504613e-06
3.3182493e-06
5.7765778e-06
9.2751143e-06
1.3876382e-05
1.9585448e-05
2.6383596e-05
3.4247725e-05
4.3158117e-05
5.3100224e-05
6.4064034e-05
7.6042986e-05
8.903279e-05
0.00010303019
0.00011803193
0.00013403342
0.00015102671
0.00016899737
0.00018791846
0.00020773742
0.00022667326
0.0002450972
0.0002638349
0.00028305781
0.00030278536
0.00032299631
0.00034359343
0.00036435845
0.00038492105
0.00040473748
0.00042309405
0.00043914504
0.00045201285
0.00046097713
0.00046574962
0.00046703718
0.00046704183
0.0004703213
0.00048529812
0.00052434463
0.00059946197
0.00071822999
0.00084700347
0.0010342855
0.0012716493
0.0015381125
0.0018259924
0.002131825
0.0024551047
0.0027607629
0.0030143274
0.0032693578
0.0035275096
0.0037919547
0.0040633346
0.0043382862
0.0046138301
0.0048901846
0.0051736033
0.0054751659
0.0058075757
0.0061809634
0.0066041128
0.0070040404
0.0070972429
0.0071573987
0.0071861958
0.0071869241
0.0071650981
0.0071282895
0.0070845155
0.0070402185
0.0069998535
0.0069660615
0.0069406643
0.0069215851
0.0069108704
0.0069035064
0.0069141122
0.0069454346
0.0069966718
5.5066968e-15
1.051488e-12
2.6841476e-11
2.5898182e-10
1.4871901e-09
6.2470884e-09
2.1348668e-08
6.303273e-08
1.6660457e-07
4.02229e-07
8.949484e-07
1.8361383e-06
3.461812e-06
5.9904386e-06
9.5634241e-06
1.4236784e-05
2.0012166e-05
2.6869174e-05
3.4783663e-05
4.3735012e-05
5.3707873e-05
6.4691843e-05
7.6680387e-05
8.9669848e-05
0.00010365829
0.00011864449
0.00013462667
0.00015160076
0.00016955778
0.00018847908
0.0002083282
0.00022895544
0.00024782579
0.00026661941
0.00028575284
0.00030530752
0.00032528466
0.00034559086
0.00036600532
0.00038615202
0.00040548997
0.00042332035
0.00043882319
0.00045115315
0.00045963042
0.00046405964
0.00046511646
0.00046515359
0.00046884071
0.00048482478
0.00052550368
0.00060254169
0.00072318474
0.00085138505
0.001040565
0.0012780909
0.0015442808
0.0018316201
0.0021368505
0.0024596544
0.0027749642
0.0030265305
0.0032791678
0.0035348167
0.0037958969
0.0040634804
0.0043341111
0.0046049572
0.0048764333
0.0051548793
0.0054513751
0.0057782485
0.0061462006
0.0065613099
0.0070026613
0.0070960508
0.0071563941
0.0071853685
0.0071862573
0.0071645788
0.0071279124
0.0070842746
0.0070401183
0.0069998956
0.0069662855
0.006941045
0.0069221771
0.0069115561
0.0069044013
0.0069147093
0.0069434743
0.0069935162
5.7992252e-15
1.1072871e-12
2.8263627e-11
2.726867e-10
1.5657607e-09
6.5762528e-09
2.2468437e-08
6.6308572e-08
1.751056e-07
4.2205327e-07
9.3645794e-07
1.9134498e-06
3.5889043e-06
6.1757409e-06
9.807821e-06
1.453586e-05
2.0359257e-05
2.7256985e-05
3.5204833e-05
4.418219e-05
5.4173649e-05
6.5168912e-05
7.7161925e-05
9.0149719e-05
0.00010413156
0.00011910778
0.00013507865
0.00015204269
0.00016999422
0.00018891929
0.00020878874
0.00022954524
0.00025003925
0.00026919065
0.00028829426
0.00030773498
0.00032754965
0.00034763404
0.00036775839
0.00038753924
0.00040643251
0.00042374706
0.00043869024
0.00045045097
0.00045839452
0.00046238514
0.00046326297
0.00046332538
0.00046752951
0.00048475435
0.00052741035
0.00060675606
0.00072941119
0.00085694391
0.0010484154
0.0012861995
0.0015520854
0.0018387953
0.0021433267
0.0024655649
0.0027909942
0.0030404968
0.003290466
0.0035434485
0.0038009725
0.0040645141
0.0043305827
0.0045964822
0.004862854
0.0051361397
0.0054274038
0.0057486496
0.0061109007
0.0065184517
0.007001188
0.0070947715
0.0071553112
0.0071844805
0.0071855447
0.0071640273
0.0071275139
0.0070840215
0.0070400155
0.0069999496
0.0069665281
0.0069414486
0.0069227979
0.0069122655
0.0069053289
0.0069154297
0.0069420589
0.0069918538
6.1034441e-15
1.1654144e-12
2.9748249e-11
2.8700065e-10
1.6478534e-09
6.9204751e-09
2.3639596e-08
6.9732257e-08
1.8397294e-07
4.4264226e-07
9.7922992e-07
1.99214e-06
3.7160949e-06
6.3573636e-06
1.0041677e-05
1.4814584e-05
2.0673733e-05
2.7598349e-05
3.55651e-05
4.4554325e-05
5.4551504e-05
6.5547267e-05
7.7536502e-05
9.0517375e-05
0.0001044904
0.00011945741
0.00013542037
0.00015237974
0.00017033208
0.00018926655
0.00020915889
0.00022996172
0.00025158556
0.0002712288
0.00029049443
0.00030993984
0.00032966424
0.00034959056
0.0003694862
0.00038895224
0.00040743836
0.00042426148
0.00043865035
0.00044983082
0.00045722011
0.00046075206
0.00046137065
0.0004616516
0.00046644688
0.00048516442
0.00053016509
0.00061203278
0.00073441868
0.00086369166
0.0010577638
0.001295869
0.001561412
0.0018474051
0.0021511477
0.0024727338
0.0028084011
0.0030561348
0.0033032118
0.0035533536
0.0038071928
0.0040664667
0.0043277562
0.0045884854
0.004849556
0.0051175195
0.0054034017
0.005718959
0.0060752947
0.0064764182
0.0069488314
0.0070933993
0.0071541466
0.007183527
0.007184784
0.0071634442
0.0071270964
0.0070837605
0.0070399194
0.0070000161
0.0069667881
0.0069418717
0.0069234423
0.0069129963
0.0069062721
0.0069162107
0.0069411177
0.0069905815
6.4122964e-15
1.2243134e-12
3.125104e-11
3.014967e-10
1.7309979e-09
7.2689528e-09
2.4824349e-08
7.3189944e-08
1.9289569e-07
4.6322894e-07
1.0215523e-06
2.0688339e-06
3.8376657e-06
6.5269959e-06
1.0254495e-05
1.5061013e-05
2.0943219e-05
2.7881323e-05
3.5853584e-05
4.4842015e-05
5.4833723e-05
6.5820815e-05
7.7799534e-05
9.0769495e-05
0.00010473264
0.00011969217
0.00013565143
0.0001526123
0.00017057271
0.00018952327
0.00020944183
0.00023028435
0.00025196894
0.00027280545
0.00029242743
0.00031190606
0.00033157081
0.00035138909
0.00037110412
0.00039029439
0.00040840428
0.00042475995
0.0004386073
0.00044921039
0.00045604231
0.00045912202
0.00045950916
0.00045995999
0.00046563453
0.00048613075
0.00053383671
0.00061853624
0.00073833809
0.00087164638
0.0010685151
0.0013069819
0.0015721342
0.0018573257
0.0021601985
0.0024810505
0.0028196252
0.003073292
0.0033174225
0.0035644899
0.003814574
0.0040693693
0.0043256802
0.0045810405
0.0048366317
0.0050991304
0.0053794982
0.005689308
0.0060394599
0.0064349065
0.0068962908
0.007091927
0.0071528953
0.0071825042
0.0071839731
0.0071628279
0.0071266578
0.0070834895
0.0070398242
0.0070000937
0.0069670638
0.0069423135
0.0069241072
0.0069137466
0.0069072247
0.00691702
0.0069405524
0.006989655
6.7389282e-15
1.2865996e-12
3.2839414e-11
3.1682057e-10
1.8188964e-09
7.6370747e-09
2.6074682e-08
7.6833341e-08
2.0226841e-07
4.8473167e-07
1.0653581e-06
2.1471798e-06
3.9597659e-06
6.6940126e-06
1.0459394e-05
1.5292358e-05
2.1189019e-05
2.813113e-05
3.6099195e-05
4.5077453e-05
5.5055196e-05
6.6026477e-05
7.7989314e-05
9.0944996e-05
0.00010489704
0.00011985007
0.00013580869
0.00015277583
0.00017075038
0.0001897237
0.00020967465
0.00023056118
0.00025230632
0.00027402075
0.00029398258
0.00031356861
0.0003332487
0.00035300729
0.00037257028
0.00039150587
0.00040925907
0.00042516311
0.00043848539
0.00044851634
0.00045480132
0.00045744947
0.00045765584
0.00045837939
0.00046518338
0.00048771455
0.0005384708
0.00062628234
0.00074304198
0.00088078936
0.0010805511
0.0013194115
0.0015841161
0.001868425
0.0021703571
0.0024904122
0.0028284754
0.0030919932
0.0033330935
0.0035768523
0.0038231345
0.0040732481
0.0043243966
0.0045742098
0.0048241625
0.0050810694
0.0053558112
0.0056597978
0.0060035678
0.0063930711
0.0068457925
0.0070903472
0.0071515525
0.0071814084
0.0071831092
0.0071621752
0.0071262054
0.0070832143
0.0070397332
0.0070001805
0.0069673535
0.006942773
0.0069247905
0.0069145145
0.0069081843
0.0069178372
0.0069402767
0.0069890099
7.0849037e-15
1.352663e-12
3.4524387e-11
3.3306132e-10
1.912036e-09
8.0271787e-09
2.7398898e-08
8.0684911e-08
2.1214135e-07
5.0724137e-07
1.1107755e-06
2.2273118e-06
4.0825743e-06
6.8588767e-06
1.0657486e-05
1.5510865e-05
2.1415027e-05
2.8353689e-05
3.6310057e-05
4.527109e-05
5.5228579e-05
6.6178874e-05
7.8122102e-05
9.10614e-05
0.0001050019
0.00011994971
0.00013591056
0.00015288823
0.00017088211
0.00018988378
0.00020987227
0.00023080622
0.00025261143
0.00027497411
0.00029526542
0.00031502056
0.00033475761
0.00035446672
0.00037387792
0.00039256315
0.00040996673
0.00042542442
0.00043822104
0.00044769356
0.00045344868
0.00045569929
0.00045579269
0.00045691561
0.00046495983
0.00048996433
0.00054409758
0.00063526442
0.00074857292
0.00089112532
0.0010937935
0.0013330242
0.0015972143
0.0018805643
0.0021814964
0.0025007096
0.002838223
0.0031124279
0.0033502416
0.0035904727
0.0038328979
0.0040781305
0.0043239417
0.0045680477
0.0048122219
0.0050634259
0.0053324464
0.0056305236
0.0059677685
0.0063508732
0.006794805
0.0070886522
0.0071501131
0.0071802361
0.0071821892
0.0071614931
0.0071257321
0.0070829274
0.0070396432
0.007000275
0.0069676556
0.0069432487
0.0069254903
0.0069152982
0.0069091505
0.0069186491
0.0069402214
0.0069885901
7.45589e-15
1.4235589e-12
3.6334473e-11
3.5051563e-10
2.0122133e-09
8.4468699e-09
2.8822532e-08
8.481843e-08
2.2270032e-07
5.3117066e-07
1.15861e-06
2.3106618e-06
4.2084423e-06
7.0251799e-06
1.0854043e-05
1.5723865e-05
2.1630939e-05
2.8561287e-05
3.6501087e-05
4.5440342e-05
5.537364e-05
6.6299834e-05
7.8221361e-05
9.1143325e-05
0.00010507258
0.00012001658
0.00013598215
0.00015297366
0.00017099062
0.00019002436
0.00021005322
0.00023103514
0.00025289609
0.00027551089
0.00029633396
0.00031633008
0.00033612925
0.00035577746
0.00037502921
0.0003934608
0.00041051164
0.00042551897
0.0004377881
0.00044671414
0.00045195241
0.00045384799
0.00045390769
0.00045557111
0.00046510929
0.00049298081
0.00055072824
0.00064546082
0.00075502833
0.00090261052
0.0011080543
0.0013476775
0.0016112798
0.0018936013
0.002193486
0.0025118237
0.0028487583
0.003134661
0.0033688816
0.0036053906
0.0038438874
0.0040840435
0.0043243463
0.0045626015
0.0048008715
0.005046275
0.005309492
0.005601571
0.0059321764
0.0063086125
0.0067435281
0.0070868339
0.0071485725
0.0071789839
0.007181218
0.0071607743
0.0071252327
0.0070826363
0.0070395511
0.0070003753
0.0069679683
0.0069437394
0.0069262048
0.0069160959
0.0069101206
0.006919447
0.0069403303
0.0069883484
7.856306e-15
1.5000373e-12
3.8288491e-11
3.6938135e-10
2.1204792e-09
8.9001377e-09
3.0358293e-08
8.9268612e-08
2.3402694e-07
5.5667911e-07
1.2091204e-06
2.3975787e-06
4.3378641e-06
7.1937698e-06
1.1050545e-05
1.5933813e-05
2.1840515e-05
2.8759246e-05
3.6679323e-05
4.5594021e-05
5.55009e-05
6.640145e-05
7.8300511e-05
9.120525e-05
0.00010512423
0.00012006626
0.00013603907
0.00015304746
0.00017109073
0.00019015956
0.00021023102
0.00023126144
0.00025317539
0.00027584772
0.00029728538
0.00031753948
0.00033738967
0.00035696387
0.00037604586
0.00039421157
0.00041089493
0.00042543884
0.00043717286
0.00044554205
0.00045029439
0.00045188429
0.00045200019
0.00045435668
0.000465672
0.00049667913
0.00055836399
0.000656832
0.00076245456
0.00091525501
0.0011232309
0.0013632334
0.0016261616
0.0019073923
0.0022061947
0.0025236335
0.0028599655
0.0031586767
0.0033890504
0.0036216537
0.0038561264
0.0040910142
0.004325639
0.0045579106
0.0047901625
0.0050296793
0.0052870219
0.0055730136
0.0058968917
0.006266465
0.0066920518
0.007084884
0.0071469264
0.0071776523
0.0071801889
0.0071600138
0.0071247176
0.0070823341
0.0070394547
0.0070004795
0.0069682897
0.006944243
0.0069269337
0.0069169071
0.0069110944
0.0069202255
0.0069405586
0.0069882444
8.2921228e-15
1.5831652e-12
4.0409542e-11
3.8984597e-10
2.2377802e-09
9.3909336e-09
3.2019623e-08
9.4071709e-08
2.4620383e-07
5.8391925e-07
1.2625354e-06
2.4883836e-06
4.4712891e-06
7.3653863e-06
1.1248311e-05
1.6142881e-05
2.2047018e-05
2.8952082e-05
3.685071e-05
4.5739496e-05
5.5619067e-05
6.6493683e-05
7.8370578e-05
9.1259009e-05
0.00010516919
0.00012011123
0.00013609366
0.00015312145
0.00017119359
0.00019029966
0.00021041509
0.00023149412
0.00025345928
0.00027618457
0.000298167
0.0003186567
0.00033854961
0.00035804249
0.00037694247
0.00039482337
0.00041111689
0.0004251789
0.00043636834
0.0004441829
0.00044847025
0.00044980642
0.00045007831
0.00045328429
0.00046667725
0.00050121317
0.00056703825
0.00066926677
0.00077085921
0.00092905414
0.0011392646
0.00137955
0.0016417069
0.0019217948
0.0022194924
0.0025360185
0.0028717268
0.0031844838
0.0034108519
0.0036393156
0.003869626
0.0040990672
0.0043278382
0.004554002
0.0047801356
0.0050136894
0.0052650951
0.0055449141
0.0058620117
0.0062245657
0.0066406403
0.0070827946
0.0071451713
0.0071762355
0.0071790993
0.0071592227
0.0071241799
0.0070820171
0.0070393516
0.0070005854
0.0069686176
0.0069447607
0.0069276745
0.0069177293
0.0069120703
0.0069209819
0.0069408704
0.0069882445
8.7640818e-15
1.6732318e-12
4.2705856e-11
4.119717e-10
2.3645663e-09
9.921114e-09
3.3812427e-08
9.9243097e-08
2.5925553e-07
6.1291159e-07
1.318822e-06
2.5828987e-06
4.6083852e-06
7.5396498e-06
1.1447154e-05
1.6351384e-05
2.2251456e-05
2.9141634e-05
3.701804e-05
4.5880558e-05
5.5732874e-05
6.6582103e-05
7.8437798e-05
9.1311265e-05
0.00010521435
0.00012015834
0.00013615238
0.00015320144
0.00017130396
0.00019044816
0.00021060744
0.00023173352
0.00025374639
0.00027651851
0.00029899758
0.00031970057
0.0003396264
0.00035902926
0.00037773073
0.00039530148
0.00041117808
0.00042473792
0.00043537342
0.00044263677
0.0004464896
0.00044762126
0.00044816132
0.00045240109
0.00046817097
0.00050661832
0.00057661451
0.00067818115
0.00078023893
0.00094394992
0.0011560841
0.0013964755
0.0016577644
0.0019366697
0.0022332521
0.002548861
0.0028839239
0.0032120532
0.003434432
0.0036584193
0.0038843618
0.0041082171
0.004330952
0.0045508917
0.0047708179
0.0049983411
0.0052437531
0.0055173258
0.0058276239
0.006183065
0.0065900388
0.0070805561
0.0071433018
0.007174728
0.0071779422
0.0071583869
0.0071236183
0.0070816822
0.0070392392
0.00700069
0.006968954
0.0069452896
0.0069284248
0.0069185624
0.0069130474
0.0069217147
0.0069412376
0.0069883198
9.2705964e-15
1.7699938e-12
4.5175827e-11
4.3578176e-10
2.5010451e-09
1.0491564e-08
3.5739084e-08
1.0478775e-07
2.7318571e-07
6.4363277e-07
1.3778576e-06
2.6807991e-06
4.7486287e-06
7.7159877e-06
1.1646637e-05
1.6559216e-05
2.2454255e-05
2.9329041e-05
3.7183144e-05
4.6019695e-05
5.5845496e-05
6.6670368e-05
7.850621e-05
9.1366272e-05
0.00010526394
0.00012021151
0.00013621857
0.00015328998
0.00017142328
0.00019060512
0.00021080655
0.00023197632
0.00025403145
0.00027684238
0.00029977312
0.00032066903
0.00034062398
0.00035993174
0.00037841372
0.00039564301
0.00041107431
0.00042411358
0.0004341897
0.00044090901
0.0004443343
0.00044534037
0.00044627619
0.00045177017
0.00047021553
0.00051285234
0.00058711155
0.00068233831
0.00079059471
0.00095980353
0.0011735278
0.0014138505
0.0016741869
0.0019518836
0.0022473522
0.0025620473
0.0028964393
0.0032409366
0.0034598829
0.0036790063
0.0039002604
0.0041184684
0.0043349825
0.0045485854
0.0047622234
0.0049836546
0.0052230201
0.0054902859
0.0057937837
0.0061420703
0.0065410367
0.0070224001
0.0071413131
0.0071731319
0.0071767231
0.0071574991
0.0071230172
0.0070813272
0.0070391138
0.007000797
0.0069692949
0.0069458269
0.0069291852
0.0069194045
0.0069140249
0.0069224241
0.0069416377
0.0069884457
9.8135173e-15
1.8736427e-12
4.7822287e-11
4.6130417e-10
2.647296e-09
1.110261e-08
3.7799571e-08
1.1070073e-07
2.8797271e-07
6.7599638e-07
1.4393933e-06
2.7815921e-06
4.8912486e-06
7.8934781e-06
1.1845888e-05
1.6765678e-05
2.2655045e-05
2.9514354e-05
3.7346486e-05
4.6157836e-05
5.5958224e-05
6.6760074e-05
7.8577526e-05
9.1425655e-05
0.00010531931
0.00012027159
0.00013629241
0.00015338628
0.00017154957
0.00019076713
0.00021100731
0.00023221559
0.00025430548
0.00027714493
0.00030046704
0.00032154979
0.00034154988
0.00036075501
0.00037898579
0.00039583841
0.00041079888
0.0004233029
0.00043281558
0.00043900198
0.00044203382
0.00044298405
0.00044444945
0.00045143881
0.00047287507
0.00051985878
0.00059841046
0.00068709756
0.00080189014
0.00097644133
0.0011914273
0.0014315218
0.0016908358
0.0019673106
0.0022616773
0.0025754695
0.0029091576
0.0032600775
0.0034870908
0.0037011588
0.0039172384
0.004129815
0.0043399254
0.0045470751
0.0047543525
0.004969635
0.0052029046
0.0054638099
0.0057604902
0.0061014488
0.0064930972
0.0069622843
0.0071392002
0.0071714394
0.0071754352
0.0071565697
0.0071223899
0.0070809464
0.0070389811
0.0070009012
0.0069696378
0.0069463745
0.0069299534
0.0069202524
0.0069150023
0.006923111
0.0069420531
0.0069886007
1.0392342e-14
1.9841552e-12
5.0642275e-11
4.8849876e-10
2.8031694e-09
1.1753204e-08
3.9990062e-08
1.1696892e-07
3.0357034e-07
7.098653e-07
1.5030898e-06
2.8846286e-06
5.0353164e-06
8.0710356e-06
1.2043791e-05
1.6969777e-05
2.2853083e-05
2.9697015e-05
3.7507732e-05
4.6294875e-05
5.607109e-05
6.6851274e-05
7.8651742e-05
9.1489296e-05
0.00010537997
0.00012033761
0.00013637222
0.00015348772
0.00017167916
0.00019092923
0.00021120324
0.00023244294
0.00025455753
0.00027741085
0.00030080165
0.00032232444
0.0003424215
0.00036149161
0.00037942723
0.00039587237
0.00041034369
0.00042230151
0.00043124898
0.00043691819
0.00043959571
0.0004405842
0.0004427035
0.00045144503
0.00047620781
0.00052762375
0.00061038906
0.00069256564
0.00081408176
0.00099364897
0.0012096173
0.0014493462
0.0017075818
0.0019828337
0.0022761195
0.0025890274
0.0029219995
0.0032724581
0.0035160391
0.0037248179
0.0039352795
0.0041422471
0.0043457646
0.0045463397
0.0047471896
0.0049562691
0.0051833961
0.005437894
0.0057277104
0.0060612275
0.0064452038
0.0069041702
0.0071369566
0.0071696518
0.0071740808
0.0071556028
0.0071217271
0.0070805484
0.0070388343
0.0070009992
0.0069699797
0.0069469274
0.006930725
0.0069211074
0.0069159792
0.0069237778
0.0069424705
0.0069887666
1.1004225e-14
2.1011087e-12
5.3629135e-11
5.1728607e-10
2.9680745e-09
1.2441231e-08
4.2303475e-08
1.2356711e-07
3.1990052e-07
7.4503817e-07
1.5685147e-06
2.9891513e-06
5.1797583e-06
8.2473904e-06
1.2239039e-05
1.7170281e-05
2.3047151e-05
2.9875903e-05
3.7665903e-05
4.642983e-05
5.6183042e-05
6.6942799e-05
7.8727463e-05
9.1555408e-05
0.00010544369
0.00012040673
0.0001364545
0.00015359011
0.00017180706
0.00019108566
0.00021138796
0.00023265162
0.00025478125
0.00027763607
0.00030101159
0.00032301043
0.00034319198
0.00036209796
0.0003797133
0.00039573341
0.00040970112
0.00042110214
0.00042948479
0.00043465942
0.00043703279
0.00043810576
0.00044104892
0.00045182072
0.00048027162
0.00053610096
0.00062286617
0.00069887913
0.00082716661
0.0010111928
0.0012279482
0.001467193
0.0017243067
0.0019983458
0.0022905794
0.0026026278
0.0029348923
0.0032848817
0.0035469018
0.0037499302
0.003954431
0.0041557451
0.0043524704
0.0045463436
0.0047407008
0.0049435255
0.0051644653
0.0054125102
0.0056954044
0.0060214243
0.0063972808
0.0068459052
0.0071345755
0.0071677624
0.0071726621
0.007154586
0.007121037
0.007080125
0.0070386692
0.0070010874
0.006970323
0.0069474836
0.006931502
0.006921968
0.0069169565
0.0069244262
0.0069428791
0.0069889266
1.1647376e-14
2.2239712e-12
5.6768202e-11
5.4755913e-10
3.1413531e-09
1.3163661e-08
4.4728813e-08
1.3046261e-07
3.3687004e-07
7.8127776e-07
1.6351871e-06
3.0943648e-06
5.3234841e-06
8.4212315e-06
1.2430242e-05
1.7365777e-05
2.3235849e-05
3.0049654e-05
3.7819597e-05
4.6561169e-05
5.6292355e-05
6.7032674e-05
7.8802344e-05
9.1621107e-05
0.00010550699
0.00012047479
0.00013653422
0.00015368748
0.00017192638
0.00019122855
0.0002115526
0.00023283195
0.00025496638
0.00027781033
0.00030115578
0.00032359268
0.00034382959
0.00036255044
0.00037983067
0.00039541211
0.00040886166
0.00041969664
0.00042751895
0.0004322236
0.00043434851
0.00043560128
0.00043951361
0.00045260023
0.00048511411
0.00054526371
0.00062860049
0.00070611414
0.00084104833
0.0010288752
0.0012462943
0.0014849442
0.0017409036
0.0020137497
0.0023049663
0.0026161839
0.0029477522
0.0032972664
0.0035796416
0.003776491
0.003974721
0.0041702611
0.0043599943
0.0045470301
0.0047348311
0.0049313535
0.0051460643
0.0053876091
0.0056635735
0.0059819635
0.0063495254
0.0067875537
0.0071320495
0.0071657701
0.0071711706
0.007153525
0.0071203112
0.0070796713
0.0070384812
0.0070011696
0.0069706624
0.0069480449
0.0069322818
0.0069228329
0.006917934
0.0069250587
0.0069432705
0.0069890657
1.2320378e-14
2.3523404e-12
6.0042868e-11
5.7915897e-10
3.3222743e-09
1.3917025e-08
4.7253307e-08
1.3761762e-07
3.543782e-07
8.1833575e-07
1.7025987e-06
3.1994467e-06
5.4654305e-06
8.5914032e-06
1.2616191e-05
1.7555026e-05
2.3417969e-05
3.0216993e-05
3.7967365e-05
4.6687302e-05
5.6397205e-05
6.7118687e-05
7.8873661e-05
9.1683092e-05
0.00010556587
0.00012053704
0.00013660581
0.00015377332
0.00017202952
0.00019134928
0.00021168754
0.00023297326
0.00025510124
0.00027792096
0.00030122064
0.00032404754
0.00034431116
0.00036283247
0.00037976914
0.00039489904
0.00040781542
0.00041807736
0.00042534924
0.00042961541
0.00043155297
0.00043309246
0.00043813142
0.00045382014
0.00049061342
0.0005550016
0.00063078572
0.00071428262
0.0008557044
0.0010466183
0.0012645529
0.0015024937
0.0017572775
0.0020289593
0.0023191986
0.0026296163
0.0029605004
0.0033095253
0.0036140376
0.0038045133
0.0039961447
0.0041857011
0.0043682643
0.0045483194
0.0047295034
0.004919682
0.0051281233
0.005363121
0.0056321655
0.0059427993
0.0063020186
0.0067290265
0.0071293707
0.0071636684
0.0071695975
0.0071524138
0.0071195446
0.0070791818
0.0070382766
0.0070012388
0.0069710004
0.0069486077
0.0069330623
0.0069237033
0.0069189119
0.006925678
0.006943639
0.0069891711
1.3019739e-14
2.4857949e-12
6.3445232e-11
6.1193311e-10
3.5098034e-09
1.4697454e-08
4.986308e-08
1.4498626e-07
3.7230066e-07
8.5594328e-07
1.7702464e-06
3.3036303e-06
5.6046238e-06
8.7568388e-06
1.2795812e-05
1.7736982e-05
2.3592425e-05
3.0376743e-05
3.8107896e-05
4.6806685e-05
5.649575e-05
6.7198632e-05
7.8938744e-05
9.1738207e-05
0.00010561652
0.00012058883
0.0001366638
0.00015384132
0.00017210926
0.00019143957
0.00021178347
0.0002330653
0.00025517467
0.00027795589
0.00030119313
0.00032434301
0.00034461054
0.00036293462
0.00037952437
0.00039418498
0.00040655099
0.00041623688
0.00042297441
0.0004268394
0.00042865498
0.00043060111
0.00043698043
0.0004555335
0.00049663377
0.00056511992
0.00063333162
0.0007233135
0.00087109265
0.0010644128
0.0012826258
0.0015197455
0.0017733452
0.0020438989
0.0023332041
0.0026428541
0.0029730654
0.0033215757
0.0036497613
0.0038340545
0.0040186741
0.0042018971
0.0043771737
0.0045501051
0.0047246182
0.0049084214
0.0051105535
0.0053389902
0.0056010836
0.0059038907
0.0062548278
0.0066704899
0.0071265292
0.007161453
0.0071679509
0.0071512459
0.0071187316
0.0070786654
0.0070380459
0.0070012984
0.0069713321
0.0069491692
0.0069338449
0.006924578
0.0069198907
0.006926288
0.0069439798
0.0069892294
1.3736932e-14
2.6228687e-12
6.6944386e-11
6.456347e-10
3.7025937e-09
1.5499085e-08
5.2538842e-08
1.5251509e-07
3.9050111e-07
8.9379802e-07
1.8375901e-06
3.4061308e-06
5.7401418e-06
8.9165545e-06
1.296811e-05
1.7910622e-05
2.3758109e-05
3.0527689e-05
3.823987e-05
4.6917796e-05
5.658618e-05
6.7270303e-05
7.8994961e-05
9.1783308e-05
0.00010565526
0.00012062588
0.00013670321
0.00015388571
0.00017215904
0.0001914921
0.00021183224
0.0002330991
0.00025517687
0.0002779043
0.00030106076
0.0003243472
0.0003447058
0.00036286247
0.00037909099
0.00039325512
0.00040505478
0.0004141684
0.00042039349
0.00042389832
0.00042566204
0.00042813596
0.00043609393
0.00045779838
0.00050312949
0.00057541932
0.00063628053
0.00073313539
0.00088708254
0.0010821936
0.0013004082
0.0015366149
0.001789036
0.0020585037
0.0023469195
0.0026558344
0.0029853839
0.0033333377
0.003685861
0.0038650725
0.0040422596
0.0042185951
0.0043865805
0.0045522599
0.0047200543
0.0048974592
0.005093246
0.005315162
0.0055701978
0.0058651892
0.0062080079
0.0066125195
0.0071235157
0.0071591233
0.007166223
0.0071500166
0.0071178826
0.0070781122
0.0070377939
0.0070013421
0.0069716538
0.0069497313
0.0069346269
0.0069254561
0.0069208722
0.0069268913
0.0069442903
0.0069892286
1.4471228e-14
2.7629026e-12
7.0516429e-11
6.8006479e-10
3.8994145e-09
1.6316541e-08
5.526244e-08
1.6015189e-07
4.0885449e-07
9.3163322e-07
1.9041644e-06
3.5063117e-06
5.8712452e-06
9.0697917e-06
1.3132327e-05
1.8075175e-05
2.3914243e-05
3.0668996e-05
3.8362258e-05
4.7019351e-05
5.6666924e-05
6.7331797e-05
7.9040011e-05
9.1815565e-05
0.00010567872
0.00012064431
0.00013671961
0.00015390154
0.00017217341
0.00019150101
0.00021182766
0.00023306817
0.00025510114
0.0002777594
0.00030081643
0.00032396911
0.00034459589
0.00036261038
0.00037844795
0.00039208995
0.00040331731
0.00041186896
0.00041760624
0.00042079494
0.00042258241
0.00042571301
0.000435447
0.00046065612
0.00051005288
0.00058363924
0.00063971647
0.00074369556
0.00090344841
0.0010998058
0.0013177991
0.0015530309
0.0018042912
0.0020727189
0.0023602908
0.0026685029
0.002997402
0.0033447388
0.0037045969
0.0038971112
0.0040668369
0.0042355183
0.0043963143
0.0045546383
0.0047156754
0.0048866661
0.0050760944
0.0052915091
0.0055393924
0.0058266054
0.0061614443
0.006555819
0.0070542295
0.0071566725
0.0071644079
0.0071487336
0.0071169869
0.0070775134
0.0070375135
0.0070013659
0.0069719683
0.0069502903
0.0069354067
0.0069263395
0.0069218567
0.0069274923
0.0069445678
0.0069891569
1.5215443e-14
2.9048492e-12
7.4137588e-11
7.1495273e-10
4.0988358e-09
1.7144467e-08
5.8015172e-08
1.6784052e-07
4.2722085e-07
9.691738e-07
1.9695107e-06
3.6035525e-06
5.9972403e-06
9.2158429e-06
1.3287778e-05
1.8229964e-05
2.4060089e-05
3.0799771e-05
3.847397e-05
4.7110014e-05
5.6736314e-05
6.7381072e-05
7.9071467e-05
9.1832175e-05
0.00010568366
0.00012064044
0.00013670888
0.00015388425
0.00017214753
0.00019146127
0.00021176469
0.00023296772
0.00025494347
0.00027751873
0.00030046123
0.00032346375
0.0003443014
0.00036213857
0.00037756514
0.00039067796
0.00040133701
0.00040934051
0.0004146169
0.00041753721
0.00041942762
0.00042334153
0.00043507758
0.00046408434
0.00051738099
0.0005834592
0.00064377217
0.00075490857
0.0009199149
0.001117106
0.0013347189
0.0015689379
0.0018190637
0.0020864995
0.0023732725
0.0026808135
0.003009076
0.0033557706
0.0037151277
0.0039299236
0.0040919868
0.0042524991
0.0044061981
0.0045570804
0.0047113276
0.0048758948
0.0050590254
0.0052678333
0.0055085339
0.0057879918
0.0061146626
0.006499695
0.0069842047
0.0071540963
0.0071625074
0.0071473878
0.0071160366
0.0070768826
0.007037199
0.0070013652
0.0069722711
0.0069508441
0.0069361858
0.0069272271
0.0069228447
0.0069280941
0.0069448114
0.0069890029
1.5964063e-14
3.0478172e-12
7.7784001e-11
7.5006289e-10
4.2995395e-09
1.7976847e-08
6.0776815e-08
1.755253e-07
4.4546573e-07
1.0061402e-06
2.0331915e-06
3.6972975e-06
6.1175314e-06
9.3541727e-06
1.343396e-05
1.8374449e-05
2.4195004e-05
3.0919212e-05
3.8574071e-05
4.718868e-05
5.6792929e-05
6.7416359e-05
7.9087142e-05
9.1830518e-05
0.00010566704
0.00012061081
0.00013666716
0.00015382964
0.00017207678
0.00019136793
0.00021163821
0.00023279264
0.00025469877
0.00027717748
0.00029999076
0.00032282701
0.00034381459
0.00036144158
0.00037644056
0.00038901987
0.00039911642
0.00040658747
0.00041143123
0.00041413383
0.00041621393
0.00042103447
0.0004350003
0.00046785927
0.00052494039
0.0005835065
0.00064856982
0.00076667306
0.00093619693
0.0011339884
0.0013511108
0.0015842938
0.0018333165
0.0020998094
0.0023858273
0.0026927273
0.0030203684
0.0033664188
0.0037252552
0.0039635661
0.0041174427
0.0042694552
0.0044160468
0.004559411
0.0047068432
0.0048650084
0.0050418661
0.0052439692
0.0054774691
0.0057491775
0.0060675414
0.0064430236
0.0069153047
0.0071513839
0.007160515
0.0071459719
0.0071150452
0.0070762075
0.0070368449
0.0070013466
0.0069725591
0.0069513902
0.0069369621
0.0069281187
0.0069238389
0.0069287004
0.006945021
0.0069887559
1.6711626e-14
3.190623e-12
8.1428738e-11
7.8517165e-10
4.5001577e-09
1.880765e-08
6.3527819e-08
1.8315234e-07
4.6346095e-07
1.042288e-06
2.0948283e-06
3.7871068e-06
6.2317007e-06
9.4843706e-06
1.3570459e-05
1.8508202e-05
2.4318523e-05
3.1026787e-05
3.8661812e-05
4.7254337e-05
5.68356e-05
6.7436243e-05
7.9085294e-05
9.1808501e-05
0.0001056264
0.00012055258
0.00013659125
0.00015373422
0.00017195751
0.00019121713
0.00021144421
0.00023253889
0.00025436317
0.00027673204
0.00029940174
0.00032205609
0.00034313143
0.00036051474
0.00037507092
0.00038711421
0.00039665657
0.00040361358
0.00040805465
0.00041059018
0.00041295659
0.0004188594
0.00043527478
0.00047192211
0.00053250133
0.00058380745
0.00065419772
0.00077893601
0.0009521193
0.0011503981
0.0013669361
0.0015990672
0.001847022
0.0021126206
0.002397925
0.0027042123
0.0030312457
0.0033766503
0.0037349485
0.0039977417
0.0041430008
0.0042862407
0.0044256469
0.0045614374
0.0047020362
0.0048538967
0.0050243776
0.0052197443
0.0054460326
0.0057099901
0.0060199956
0.0063857837
0.0068455018
0.0071485304
0.0071584233
0.0071444944
0.0071140013
0.0070754797
0.00703646
0.0070013023
0.0069728292
0.0069519322
0.0069377341
0.0069290165
0.0069248396
0.0069293152
0.0069451972
0.0069884043
1.7453741e-14
3.332406e-12
8.504611e-11
8.1999811e-10
4.699068e-09
1.9631015e-08
6.6249477e-08
1.9066859e-07
4.8108963e-07
1.0774083e-06
2.1541151e-06
3.8726154e-06
6.3393799e-06
9.6061225e-06
1.3697024e-05
1.8630981e-05
2.4430318e-05
3.1122085e-05
3.8736688e-05
4.730635e-05
5.6863466e-05
6.7439569e-05
7.9064598e-05
9.1764611e-05
0.00010556001
0.00012046381
0.00013647902
0.00015359563
0.00017178718
0.00019100635
0.00021118021
0.00023220408
0.00025393451
0.00027618061
0.00029869283
0.00032115016
0.00034224896
0.00035935478
0.00037345453
0.00038496195
0.00039395961
0.00040042184
0.00040449297
0.00040691395
0.00040966116
0.00041683599
0.00043596892
0.00047621636
0.00053983321
0.00058437166
0.00066064529
0.0007917007
0.00096767916
0.0011663135
0.0013821665
0.0016132358
0.0018601606
0.0021249127
0.0024095427
0.0027152429
0.003041681
0.0033864363
0.0037441699
0.0040319767
0.0041684269
0.0043026626
0.004434757
0.0045629514
0.0046967581
0.004842321
0.0050063594
0.005194974
0.0054140469
0.0056702576
0.0059719014
0.0063281318
0.0067749531
0.007145525
0.0071562326
0.0071429469
0.0071128983
0.0070747085
0.0070360347
0.0070012268
0.0069730858
0.0069524656
0.0069385029
0.0069299201
0.0069258476
0.0069299425
0.0069453414
0.0069879324
1.818695e-14
3.4722642e-12
8.8613987e-11
8.5435883e-10
4.8950854e-09
2.0441574e-08
6.8922596e-08
1.9802282e-07
4.9824118e-07
1.1113089e-06
2.2107901e-06
3.9535298e-06
6.4403351e-06
9.7192973e-06
1.3813585e-05
1.874272e-05
2.4530325e-05
3.1204959e-05
3.8798504e-05
4.7344469e-05
5.6876113e-05
6.7425716e-05
7.9024227e-05
9.1697809e-05
0.00010546669
0.00012034318
0.00013632904
0.00015341244
0.00017156434
0.00019073418
0.00021084493
0.00023178715
0.000253412
0.00027552277
0.00029786412
0.00032010987
0.00034116593
0.00035796196
0.000371593
0.00038256574
0.00039102996
0.00039701796
0.00040075452
0.00040311851
0.00040633858
0.00041496048
0.0004371355
0.00048077076
0.00054157078
0.00058523421
0.00066782383
0.00080495458
0.00098295858
0.001181713
0.0013967784
0.0016267848
0.0018727201
0.0021366717
0.0024206636
0.0027257997
0.0030516528
0.0033957527
0.0037528849
0.0040657976
0.0041935251
0.0043185271
0.0044431098
0.0045637244
0.0046908435
0.0048300205
0.0049876057
0.0051694651
0.0053813271
0.0056298108
0.0059231417
0.0062701377
0.0067036563
0.0071423562
0.0071539367
0.0071413225
0.0071117265
0.0070738854
0.0070355632
0.0070011256
0.0069733241
0.0069529892
0.0069392681
0.0069308297
0.0069268638
0.0069305867
0.0069454567
0.0069873224
1.8906521e-14
3.6094368e-12
9.211002e-11
8.8802498e-10
5.0871442e-09
2.123461e-08
7.1531579e-08
2.0517577e-07
5.1482367e-07
1.1438182e-06
2.2646401e-06
4.0296773e-06
6.5344654e-06
9.8238477e-06
1.3920134e-05
1.8843425e-05
2.4618598e-05
3.1275468e-05
3.8847229e-05
4.7368606e-05
5.6873346e-05
6.7394289e-05
7.8963637e-05
9.1607484e-05
0.00010534576
0.00012018994
0.00013614056
0.00015318389
0.00017128832
0.00019040003
0.00021043799
0.00023128804
0.00025279596
0.00027475933
0.00029691697
0.00031893709
0.00033988486
0.00035633956
0.00036949173
0.00037993271
0.00038787543
0.00039341103
0.00039685014
0.00039922118
0.00040301303
0.00041322238
0.00043859166
0.00048555579
0.00053953748
0.00058645848
0.00067564784
0.00081857012
0.00099794681
0.001196557
0.0014107535
0.0016397071
0.001884695
0.0021478897
0.0024312766
0.0027358687
0.0030611447
0.003404582
0.0037610644
0.0040985785
0.0042181008
0.0043336383
0.0044503884
0.004563601
0.0046839679
0.004816761
0.0049679035
0.0051430146
0.005347686
0.0055884867
0.0058736072
0.0062118563
0.0066319455
0.0071390109
0.0071515281
0.0071396143
0.0071105045
0.007073002
0.0070350402
0.0070009927
0.0069735346
0.0069534989
0.0069400292
0.0069317456
0.006927889
0.0069312525
0.0069455474
0.0069865689
1.9605404e-14
3.7428191e-12
9.5509773e-11
9.2074917e-10
5.2737953e-09
2.2004642e-08
7.4060498e-08
2.120844e-07
5.3075088e-07
1.1747938e-06
2.3154814e-06
4.1009014e-06
6.6216833e-06
9.9197457e-06
1.401671e-05
1.8933195e-05
2.4695159e-05
3.1333608e-05
3.8882875e-05
4.7378726e-05
5.6855063e-05
6.7345075e-05
7.8882618e-05
9.1493412e-05
0.00010519697
0.00012000391
0.00013591343
0.00015290993
0.00017095922
0.00019000421
0.00020995994
0.00023070755
0.00025208758
0.00027389194
0.00029585364
0.00031763465
0.00033840994
0.00035449221
0.00036715689
0.00037707054
0.00038450445
0.00038960963
0.00039278976
0.00039523458
0.00039970059
0.00041164674
0.00044022067
0.00049042031
0.00053766245
0.00058812381
0.00068405494
0.00083233408
0.001012546
0.0012108062
0.0014240836
0.001652003
0.0018960854
0.002158564
0.0024413758
0.0027454418
0.0030701473
0.0034129134
0.0037686825
0.0041290182
0.00424179
0.0043477763
0.004456268
0.0045622724
0.004675867
0.0048023087
0.0049470339
0.005115416
0.0053129322
0.0055461178
0.0058231667
0.0061531869
0.0065604369
0.0071036611
0.0071489997
0.0071378326
0.0071092175
0.0070720528
0.0070344581
0.007000815
0.0069737243
0.0069540015
0.0069407856
0.0069326679
0.0069289239
0.0069319445
0.0069456192
0.0069856863
2.0274661e-14
3.8709299e-12
9.8789156e-11
9.5234534e-10
5.453923e-09
2.2747089e-08
7.649435e-08
2.1871025e-07
5.4594281e-07
1.2041245e-06
2.3631855e-06
4.1670875e-06
6.7019691e-06
1.0007085e-05
1.410346e-05
1.9012217e-05
2.4760164e-05
3.1379416e-05
3.8905338e-05
4.7374497e-05
5.6820978e-05
6.7278252e-05
7.8781373e-05
9.1355798e-05
0.00010502051
0.00011978537
0.00013564811
0.00015259117
0.00017057784
0.00018954782
0.00020941219
0.00023004748
0.00025128908
0.00027292327
0.00029467737
0.00031620632
0.00033674581
0.00035242554
0.00036459446
0.00037398636
0.00038092564
0.00038562211
0.00038857992
0.00039116911
0.00039643017
0.00041029214
0.000442007
0.00049519197
0.00053597538
0.0005903423
0.00069297248
0.00084600042
0.001026664
0.0012244407
0.0014367704
0.0016636789
0.0019068965
0.0021686968
0.0024509598
0.0027545144
0.0030786548
0.0034207416
0.0037757206
0.0041352989
0.0042636674
0.0043606361
0.0044604366
0.0045593991
0.0046662892
0.0047864308
0.0049247738
0.0050864599
0.0052768726
0.0055025282
0.0057716428
0.0060936794
0.0064893483
0.0070156571
0.0071463509
0.0071359665
0.007107855
0.0070710294
0.007033827
0.0070006017
0.0069738859
0.0069544932
0.0069415367
0.0069335966
0.0069299688
0.0069326664
0.0069456762
0.0069846561
2.0919999e-14
3.9943335e-12
1.0194127e-10
9.8268927e-10
5.626854e-09
2.3459394e-08
7.882587e-08
2.2503433e-07
5.6035816e-07
1.231749e-06
2.4077258e-06
4.2283081e-06
6.7754669e-06
1.0086106e-05
1.4180697e-05
1.9080823e-05
2.4814075e-05
3.1413455e-05
3.8915285e-05
4.7356797e-05
5.6771943e-05
6.7194384e-05
7.8660453e-05
9.1195289e-05
0.00010481726
0.00011953527
0.00013534573
0.00015222898
0.00017014583
0.00018903277
0.00020879697
0.00022931045
0.00025040342
0.00027185649
0.00029339098
0.00031465573
0.00033489731
0.00035014518
0.00036181041
0.00037068665
0.000377147
0.00038145869
0.0003842303
0.000387036
0.00039325136
0.00040924879
0.00044391588
0.00049963576
0.00053455268
0.00059324807
0.00070232073
0.00085932914
0.0010402498
0.0012374593
0.0014488233
0.0016747454
0.0019171372
0.0021782938
0.0024600311
0.002763086
0.003086665
0.0034280689
0.0037822436
0.0041410186
0.0042835065
0.0043714948
0.0044626123
0.0045546988
0.0046549877
0.0047688952
0.0049009012
0.0050559379
0.0052393123
0.0054575328
0.0057188394
0.0060328485
0.0064178178
0.0069286863
0.0071435709
0.0071340128
0.0071064261
0.0070699439
0.0070331468
0.0070003436
0.0069740315
0.0069549718
0.006942282
0.0069345315
0.0069310237
0.0069334236
0.0069457247
0.0069833286
2.1543805e-14
4.1130884e-12
1.0495915e-10
1.0117086e-09
5.7921052e-09
2.4138974e-08
8.1045233e-08
2.3103385e-07
5.7396285e-07
1.2576252e-06
2.4490891e-06
4.2846206e-06
6.8423588e-06
1.0157099e-05
1.4248808e-05
1.9139434e-05
2.4857332e-05
3.1436316e-05
3.8913426e-05
4.7326468e-05
5.6708881e-05
6.7094421e-05
7.8520908e-05
9.1013024e-05
0.00010458848
0.00011925514
0.00013500793
0.00015182534
0.0001696655
0.00018846176
0.00020811743
0.00022850006
0.00024943476
0.00027069646
0.00029200036
0.00031298878
0.00033287049
0.00034765708
0.00035881114
0.00036717818
0.00037317692
0.00037713156
0.00037975678
0.00038284321
0.00039016071
0.0004085975
0.00044599406
0.00050011836
0.00053336877
0.00059692273
0.00071205833
0.00087218638
0.0010533021
0.0012498733
0.0014602556
0.0016852167
0.0019268198
0.0021873639
0.0024685955
0.0027711611
0.0030941799
0.0034348973
0.0037882579
0.0041462012
0.00430139
0.004380123
0.0044626143
0.004547922
0.0046417243
0.0047494694
0.0048751935
0.0050236411
0.0052000583
0.0054109493
0.0056645794
0.0059706257
0.0063452109
0.0068416048
0.0071406479
0.0071319639
0.0071049165
0.0070687969
0.0070324014
0.0070000455
0.0069741535
0.006955436
0.0069430208
0.0069354721
0.0069320905
0.0069342231
0.0069457833
0.0069815104
2.2133499e-14
4.2254119e-12
1.0782106e-10
1.0392417e-09
5.9487248e-09
2.4782768e-08
8.3143207e-08
2.3668395e-07
5.8671077e-07
1.2817093e-06
2.4872523e-06
4.3360691e-06
6.9027835e-06
1.0220294e-05
1.4308137e-05
1.918855e-05
2.4890544e-05
3.1448675e-05
3.8900598e-05
4.7284417e-05
5.6632687e-05
6.6979349e-05
7.8363879e-05
9.0810307e-05
0.00010433565
0.00011894667
0.00013463675
0.00015138246
0.00016913936
0.00018783763
0.00020737681
0.00022761995
0.00024838717
0.00026944768
0.00029051041
0.00031121073
0.00033067223
0.00034496927
0.00035560513
0.00036346934
0.00036902432
0.00037265394
0.00037518155
0.00037861345
0.00038713097
0.00040820185
0.00044829278
0.0004966673
0.00053246049
0.00060136536
0.00072222035
0.00088463038
0.0010658517
0.001261697
0.001471083
0.0016951094
0.0019359591
0.0021959193
0.0024766619
0.002778745
0.0031012034
0.0034412293
0.0037937602
0.0041504842
0.0043167594
0.0043862089
0.0044601877
0.004538807
0.0046262595
0.0047279248
0.004847434
0.0049893671
0.0051589232
0.0053626067
0.0056087091
0.0059069719
0.0062717334
0.0067534488
0.0071375678
0.0071298129
0.0071033377
0.0070675688
0.0070316006
0.0069997139
0.006974249
0.0069558841
0.0069437524
0.0069364198
0.006933168
0.0069350766
0.0069458813
0.0069795893
2.268457e-14
4.3307402e-12
1.1051254e-10
1.0651347e-09
6.0961531e-09
2.5388663e-08
8.5114607e-08
2.419782e-07
5.9859277e-07
1.3039982e-06
2.5222696e-06
4.3828087e-06
6.9570172e-06
1.0276067e-05
1.4359125e-05
1.9228731e-05
2.4914408e-05
3.1451319e-05
3.8877771e-05
4.7231752e-05
5.6544522e-05
6.6850425e-05
7.8190671e-05
9.0588594e-05
0.00010406037
0.00011861165
0.00013423423
0.0001509027
0.00016857011
0.00018716343
0.00020657849
0.00022667399
0.00024726492
0.00026811485
0.00028892619
0.00030932683
0.00032830959
0.00034208933
0.00035220047
0.00035956856
0.00036469758
0.00036803544
0.00037052122
0.00037437459
0.00038417154
0.00040790344
0.00045073423
0.00049333439
0.00053185096
0.00060649325
0.00073283711
0.00089680453
0.0010779204
0.0012729416
0.0014813228
0.0017044428
0.0019445728
0.0022039743
0.0024842417
0.0027858469
0.0031077429
0.0034470658
0.0037984758
0.0041539581
0.0043291706
0.0043894035
0.0044550572
0.0045270996
0.0046083579
0.0047040371
0.0048174101
0.0049529193
0.0051157299
0.0053123508
0.0055511047
0.0058418332
0.0061976197
0.0066647492
0.0071343128
0.0071275468
0.0071016813
0.0070662703
0.0070307268
0.0069993267
0.0069743077
0.0069563147
0.0069444754
0.0069373713
0.006934257
0.0069359866
0.0069460277
0.0069780175
0.0070122299
2.3202928e-14
4.4297775e-12
1.130388e-10
1.0894229e-09
6.2344737e-09
2.5956484e-08
8.6958159e-08
2.4691309e-07
6.0960922e-07
1.3245184e-06
2.5542418e-06
4.4250199e-06
7.0053507e-06
1.0324865e-05
1.4402321e-05
1.9260573e-05
2.4929598e-05
3.1445096e-05
3.8845992e-05
4.7169652e-05
5.6445559e-05
6.6708931e-05
7.8002692e-05
9.0349441e-05
0.00010376442
0.00011825206
0.00013380263
0.00015038865
0.00016796063
0.00018644243
0.00020572617
0.0002256662
0.00024607248
0.00026670277
0.0002872528
0.00030734233
0.00032578833
0.00033902387
0.00034860428
0.00035548333
0.00036020306
0.00036328235
0.00036578583
0.00037014463
0.00038133441
0.00040772952
0.00045320456
0.0004901391
0.000531573
0.00061224596
0.00074384209
0.0009087406
0.0010894986
0.0012836163
0.001490995
0.0017132387
0.0019526804
0.0022115455
0.0024913483
0.0027924781
0.0031138034
0.0034522133
0.0038023184
0.0041569487
0.0043382404
0.0043893775
0.0044469552
0.0045125567
0.0045877922
0.0046775904
0.0047849204
0.0049141129
0.0050703144
0.0052600454
0.005491667
0.0057751653
0.0061229912
0.0065758677
0.0071308697
0.0071251778
0.0070999357
0.0070648834
0.0070297911
0.0069988933
0.0069743399
0.0069567257
0.0069451935
0.0069383269
0.0069353545
0.0069369457
0.0069462083
0.0069745602
0.0070110736
2.3687003e-14
4.5221223e-12
1.1539793e-10
1.1121315e-09
6.3634422e-09
2.6485231e-08
8.8671951e-08
2.514829e-07
6.1976441e-07
1.3433118e-06
2.5832511e-06
4.4629095e-06
7.048122e-06
1.0367103e-05
1.4438267e-05
1.9284727e-05
2.4936929e-05
3.1431084e-05
3.8806596e-05
4.7099591e-05
5.6337209e-05
6.6556311e-05
7.7801569e-05
9.0094684e-05
0.00010344988
0.00011787028
0.00013334456
0.0001498432
0.00016731416
0.00018567825
0.00020482385
0.00022460096
0.00024481455
0.00026521646
0.00028549538
0.00030526235
0.00032311317
0.00033577757
0.00034482313
0.00035122205
0.00035554937
0.00035840046
0.00036098861
0.00036597489
0.00037869552
0.00040764916
0.00045556151
0.00048711502
0.0005316998
0.00061858803
0.00075506797
0.00092036419
0.0011005689
0.0012937354
0.0015001227
0.0017215201
0.0019603027
0.0022186511
0.0024979966
0.0027986501
0.0031192714
0.0034564274
0.0038056879
0.0041595203
0.0043436037
0.0043858169
0.0044356272
0.0044949478
0.004564346
0.0046483795
0.0047497743
0.0048727775
0.0050225288
0.0052055707
0.0054303099
0.0057068946
0.0060477022
0.006487387
0.0070774184
0.0071226929
0.0070981091
0.0070634215
0.0070287927
0.0069984178
0.0069743382
0.006957122
0.0069459021
0.0069392826
0.0069364568
0.0069379435
0.0069465252
0.0069713438
0.0070060871
2.413667e-14
4.6078363e-12
1.1758401e-10
1.1331927e-09
6.4831684e-09
2.6975114e-08
9.0256225e-08
2.556965e-07
6.29083e-07
1.3604273e-06
2.6094238e-06
4.4967082e-06
7.0856601e-06
1.0403219e-05
1.4467557e-05
1.9301965e-05
2.4937312e-05
3.1410427e-05
3.8761064e-05
4.7023222e-05
5.622112e-05
6.6394353e-05
7.7589195e-05
8.9826366e-05
0.00010311894
0.00011746873
0.00013286278
0.00014926943
0.0001666341
0.00018487455
0.00020387546
0.00022348255
0.0002434957
0.00026366073
0.00028365889
0.00030309171
0.00032028764
0.00033235403
0.00034086233
0.0003467937
0.00035074878
0.00035339907
0.00035613314
0.0003619003
0.00037637138
0.0004076583
0.00045755862
0.0004842991
0.0005323489
0.000625464
0.00076628384
0.00093159394
0.0011111281
0.0013033194
0.0015087309
0.0017293117
0.0019674621
0.0022253107
0.0025042029
0.0028043243
0.0031237672
0.0034601632
0.0038086672
0.0041616848
0.0043449262
0.0043784224
0.0044208344
0.0044740605
0.0045378147
0.0046162133
0.0047117965
0.0048287586
0.0049722442
0.0051488242
0.0053669535
0.0056369246
0.0059712254
0.0063994676
0.0069734483
0.0071200846
0.0070961904
0.0070618637
0.0070277328
0.0069978897
0.0069743086
0.0069574982
0.0069466048
0.0069402354
0.0069375618
0.0069389647
0.006946938
0.0069689384
0.007002825
2.4551185e-14
4.6869558e-12
1.1960113e-10
1.1525982e-09
6.5935495e-09
2.7426733e-08
9.1714384e-08
2.5956274e-07
6.3758605e-07
1.3759298e-06
2.6329064e-06
4.5266449e-06
7.1183063e-06
1.0433718e-05
1.4490807e-05
1.9313064e-05
2.4931804e-05
3.1384434e-05
3.8711017e-05
4.6942266e-05
5.6098916e-05
6.6224852e-05
7.7367542e-05
8.9546645e-05
0.00010277399
0.00011705
0.00013236003
0.00014867036
0.00016592379
0.00018403501
0.00020288507
0.00022231533
0.00024212051
0.00026204024
0.00028174795
0.00030083474
0.00031731423
0.00032875571
0.00033672557
0.00034220618
0.00034581659
0.00034829784
0.00035122401
0.00035790564
0.00037445966
0.00040787984
0.00045440656
0.00048174091
0.00053367638
0.00063280047
0.00077723675
0.00094238542
0.001121191
0.0013123933
0.0015168457
0.0017366385
0.0019741815
0.0022315451
0.0025099806
0.0028090286
0.0031277833
0.0034635196
0.0038112683
0.0041634552
0.0043419013
0.0043669118
0.0044023536
0.0044496985
0.0045080119
0.0045809163
0.0046708293
0.0047819207
0.0049193509
0.005089722
0.0053015326
0.0055651982
0.0058932335
0.0063114381
0.0068714063
0.0071173418
0.0070941687
0.0070602238
0.0070265985
0.0069973018
0.0069742447
0.0069578589
0.0069472973
0.0069411854
0.0069386651
0.0069400006
0.0069474128
0.0069670989
0.0069999014
2.4934539e-14
4.7601058e-12
1.2146293e-10
1.170455e-09
6.6948413e-09
2.784074e-08
9.3050199e-08
2.6309233e-07
6.4530866e-07
1.3899114e-06
2.6538822e-06
4.5530436e-06
7.1465294e-06
1.0459172e-05
1.4508712e-05
1.931888e-05
2.4921502e-05
3.1354574e-05
3.8658316e-05
4.6858666e-05
5.5972394e-05
6.6049677e-05
7.7138552e-05
8.9257553e-05
0.00010241721
0.00011661649
0.00013183897
0.00014804882
0.00016518628
0.00018316295
0.0002018562
0.00022110305
0.00024069295
0.00026035906
0.00027976645
0.00029849493
0.0003141955
0.00032498471
0.00033241671
0.00033746709
0.00034076717
0.00034312261
0.00034628744
0.000353943
0.00037270807
0.000408367
0.00044992854
0.00047950031
0.00053582099
0.00064055699
0.0007877662
0.00095275
0.0011307848
0.0013209834
0.0015244932
0.0017435262
0.0019804845
0.0022373666
0.002514873
0.002813245
0.003131432
0.0034665123
0.0038135003
0.0041648488
0.0043342463
0.0043510284
0.0043799873
0.0044216847
0.0044747661
0.0045423307
0.0046267357
0.0047321515
0.0048637624
0.0050282036
0.0052340099
0.0054917091
0.0058138504
0.0062230439
0.0067702205
0.0071144496
0.0070920678
0.0070585085
0.0070253811
0.0069966688
0.006974142
0.0069581998
0.0069479773
0.0069421297
0.0069397646
0.0069410466
0.0069479324
0.0069656842
0.0069974355
2.5285472e-14
4.8270447e-12
1.2316718e-10
1.1868128e-09
6.7876317e-09
2.821961e-08
9.4268936e-08
2.6630177e-07
6.5229548e-07
1.4024652e-06
2.6725324e-06
4.5761782e-06
7.1707069e-06
1.0480078e-05
1.4521928e-05
1.9320292e-05
2.4907463e-05
3.1322153e-05
3.8604594e-05
4.6774097e-05
5.5843084e-05
6.5870456e-05
7.6903912e-05
8.8960839e-05
0.00010205046
0.00011617018
0.00013130176
0.00014740721
0.00016442423
0.00018226129
0.00020079204
0.00021984906
0.00023921647
0.00025862062
0.00027771764
0.00029607506
0.00031093109
0.00032104169
0.00032793934
0.0003325834
0.00033561083
0.00033789015
0.00034135253
0.00035004921
0.00037108084
0.00040903976
0.00044559174
0.00047759298
0.00053881979
0.00064880545
0.00079794115
0.00096274335
0.0011399381
0.0013291145
0.0015316996
0.0017500012
0.0019863886
0.0022424289
0.0025192332
0.0028171006
0.0031347344
0.0034691522
0.0038153758
0.0041658863
0.0043217172
0.0043305433
0.0043535586
0.0043898642
0.0044379285
0.0045003218
0.0045794017
0.0046793625
0.00480542
0.0049642387
0.0051643847
0.0054164938
0.0057332239
0.0061346484
0.0066695843
0.0071114008
0.0070898725
0.0070566976
0.0070240976
0.0069959775
0.0069740119
0.0069585189
0.0069486489
0.0069430664
0.0069408592
0.0069421031
0.0069484921
0.0069645901
0.0069952393
2.5601845e-14
4.887606e-12
1.2471346e-10
1.2016711e-09
6.8720341e-09
2.8563829e-08
9.5373243e-08
2.6920274e-07
6.5858432e-07
1.4136851e-06
2.689024e-06
4.5963014e-06
7.1912028e-06
1.0496948e-05
1.4531112e-05
1.9318072e-05
2.4890739e-05
3.1288635e-05
3.8551625e-05
4.6690309e-05
5.571253e-05
6.5688772e-05
7.6665255e-05
8.865821e-05
0.0001016755
0.00011571298
0.00013075048
0.00014674783
0.00016364013
0.00018133272
0.00019969549
0.00021855648
0.00023769418
0.00025682782
0.00027560402
0.00029357708
0.00030751679
0.00031692511
0.00032329871
0.00032756306
0.00033035501
0.00033261322
0.00033644182
0.00034627447
0.00036960218
0.00040983442
0.00044141302
0.00047602793
0.00054261115
0.0006576505
0.00080796678
0.00097241134
0.0011486702
0.0013368097
0.0015384913
0.0017560861
0.0019916586
0.0022469153
0.0025232361
0.0028206312
0.0031377067
0.0034714534
0.0038169058
0.0041665909
0.0043041032
0.0043052605
0.0043229172
0.0043541041
0.0043973703
0.004454778
0.0045287411
0.004623496
0.0047442944
0.0048978282
0.0050926925
0.0053396298
0.0056514794
0.0060465364
0.0065701822
0.007108179
0.0070875742
0.0070548033
0.0070227348
0.0069952401
0.0069738467
0.0069588141
0.0069493088
0.0069439944
0.0069419508
0.0069431697
0.0069490945
0.0069637488
0.0069932192
2.5891115e-14
4.9428463e-12
1.2611648e-10
1.215115e-09
6.9483923e-09
2.8875255e-08
9.6372638e-08
2.7181817e-07
6.6422134e-07
1.4236732e-06
2.7035441e-06
4.6137323e-06
7.2084809e-06
1.0510378e-05
1.4537007e-05
1.9313154e-05
2.4872526e-05
3.1255553e-05
3.8501199e-05
4.6608959e-05
5.5582201e-05
6.5506169e-05
7.6424196e-05
8.8351372e-05
0.00010129412
0.00011524665
0.00013018698
0.00014607267
0.00016283616
0.00018037959
0.00019856902
0.00021722776
0.00023612844
0.0002549827
0.000273427
0.00029100179
0.00030394141
0.00031263501
0.00031850894
0.00032241965
0.00032500453
0.00032730578
0.00033162067
0.00034270824
0.00036824389
0.00041061104
0.00043742826
0.00047484093
0.00054714232
0.00066707715
0.00081792059
0.00098175087
0.0011569916
0.0013440922
0.0015448926
0.0017616575
0.0019963057
0.0022510455
0.0025269352
0.002823857
0.0031403652
0.0034734309
0.0038181023
0.0041669899
0.0042812351
0.004275028
0.0042879372
0.0043142976
0.004352993
0.0044056171
0.0044746961
0.0045645242
0.0046803899
0.0048290086
0.0050190013
0.0052612173
0.0055687165
0.0059587809
0.0064720449
0.0071047602
0.0070851757
0.0070528146
0.007021283
0.0069944486
0.0069736438
0.0069590949
0.0069499558
0.0069449127
0.0069430389
0.0069442478
0.0069497457
0.0069631151
0.0069912998
2.6155298e-14
4.9930397e-12
1.2738909e-10
1.2273318e-09
7.0176731e-09
2.9157521e-08
9.7276459e-08
2.7417399e-07
6.6927071e-07
1.4325462e-06
2.7162957e-06
4.6287824e-06
7.2229712e-06
1.0520913e-05
1.4540289e-05
1.930646e-05
2.4854032e-05
3.1224436e-05
3.8455104e-05
4.6531763e-05
5.5453645e-05
6.5324264e-05
7.6182391e-05
8.8042019e-05
0.0001009081
0.00011477319
0.00012961337
0.00014538388
0.00016201447
0.00017940404
0.00019741466
0.00021586471
0.00023452058
0.00025308571
0.00027118577
0.00028834791
0.00030018311
0.00030818291
0.00031359711
0.00031717223
0.0003195629
0.00032196317
0.00032692477
0.00033948557
0.00036701525
0.00041111965
0.00043367744
0.00047410962
0.00055239006
0.00067692632
0.00082772215
0.0009907355
0.0011649151
0.0013509865
0.0015508891
0.0017665557
0.0020005914
0.0022548901
0.0025303548
0.002826796
0.0031427281
0.0034750996
0.0038189743
0.0041671121
0.0042529907
0.0042397575
0.0042485353
0.0042703733
0.0043047249
0.0043527849
0.0044172431
0.0045024565
0.0046137475
0.0047578505
0.0049434082
0.0051813695
0.0054850016
0.005871184
0.0063756851
0.0070090231
0.0070826725
0.0070507235
0.0070197695
0.006993599
0.0069734004
0.0069593492
0.0069505889
0.0069458251
0.0069441241
0.0069453393
0.0069504537
0.0069626583
0.0069894059
2.6392995e-14
5.0381567e-12
1.2853883e-10
1.2384067e-09
7.0802911e-09
2.9412118e-08
9.8089286e-08
2.7628819e-07
6.7378372e-07
1.4404138e-06
2.7274765e-06
4.6417523e-06
7.2350692e-06
1.0529077e-05
1.4541647e-05
1.9298793e-05
2.4836255e-05
3.1196554e-05
3.8414686e-05
4.6459845e-05
5.5327997e-05
6.5144427e-05
7.5941406e-05
8.7731933e-05
0.00010051952
0.00011429496
0.00012903226
0.00014468429
0.00016117802
0.00017840891
0.00019623491
0.00021446919
0.00023287125
0.00025113523
0.00026887368
0.00028520346
0.00029620669
0.00030361581
0.00030859022
0.00031183323
0.00031404231
0.00031658231
0.00032233912
0.00033673194
0.00036606208
0.00040673826
0.00043022663
0.00047397437
0.00055829919
0.00068693107
0.00083726239
0.00099935266
0.0011724618
0.0013575219
0.0015562217
0.001771086
0.0020046051
0.002258478
0.0025335152
0.0028294693
0.0031448143
0.0034764753
0.0038195285
0.0041669912
0.0042193393
0.0041994789
0.0042046708
0.0042222945
0.0042525254
0.0042962615
0.0043563931
0.0044373385
0.004544446
0.0046844589
0.0048660377
0.0051002195
0.0054004505
0.0057833382
0.0062811097
0.0069075142
0.0070800617
0.0070485517
0.0070181793
0.0069926881
0.006973126
0.0069595874
0.0069512133
0.0069467301
0.0069452076
0.0069464478
0.0069512246
0.0069623626
0.0069874092
2.6602541e-14
5.0783525e-12
1.2957104e-10
1.2483206e-09
7.1364079e-09
2.9640308e-08
9.8816501e-08
2.7817339e-07
6.777831e-07
1.4473247e-06
2.7371761e-06
4.6527754e-06
7.2449619e-06
1.0535068e-05
1.454127e-05
1.9290335e-05
2.4819313e-05
3.1171879e-05
3.8379597e-05
4.639265e-05
5.5205083e-05
6.4967079e-05
7.5702255e-05
8.7422698e-05
0.00010013047
0.00011381451
0.00012844667
0.00014397739
0.00016033066
0.00017739844
0.00019503437
0.00021304613
0.00023118593
0.00024913776
0.00026649981
0.0002818125
0.00029205576
0.00029890237
0.00030345926
0.00030640393
0.00030847155
0.00031119059
0.00031779978
0.000334167
0.00036545847
0.0004015916
0.0004271684
0.00047463356
0.00056476875
0.00069675932
0.00084647173
0.0010076135
0.0011796546
0.0013635013
0.0015611362
0.0017753405
0.0020083775
0.0022618312
0.0025364388
0.0028318971
0.0031466426
0.0034775758
0.0038197656
0.0041666631
0.0041803322
0.0041543834
0.004156333
0.004170049
0.0041963775
0.0042360576
0.0042921972
0.0043692589
0.0044726048
0.0046089762
0.004787044
0.0050179291
0.0053152594
0.0056954872
0.0061879969
0.0068100199
0.0070773494
0.0070462884
0.0070165075
0.0069917289
0.0069728262
0.0069598044
0.0069518269
0.0069476277
0.0069462904
0.0069475742
0.0069520675
0.0069622403
0.0069851807
2.6786478e-14
5.1138839e-12
1.3048348e-10
1.2570679e-09
7.1860354e-09
2.9841997e-08
9.9457128e-08
2.7982496e-07
6.8126548e-07
1.4532729e-06
2.7453526e-06
4.6617503e-06
7.2524236e-06
1.053845e-05
1.4538341e-05
1.9279688e-05
2.48008e-05
3.1145978e-05
3.8341102e-05
4.6322704e-05
5.5086016e-05
6.4793608e-05
7.5466631e-05
8.7116269e-05
9.9743092e-05
0.00011333411
0.00012785901
0.00014326563
0.0001594749
0.00017637516
0.0001938155
0.00021159787
0.00022946675
0.00024709542
0.00026406685
0.00027828579
0.00028773832
0.00029403139
0.00029820478
0.000300897
0.00030287316
0.00030582207
0.00031335562
0.00033178166
0.00036511872
0.00039664345
0.00042454381
0.00047628322
0.0005717633
0.00070618936
0.00085536004
0.0010155481
0.0011864405
0.0013689713
0.0015657534
0.0017793623
0.002011935
0.0022649736
0.0025391477
0.0028341012
0.0031482348
0.0034784197
0.0038196801
0.0041661651
0.0041358832
0.0041047766
0.0041034932
0.0041136248
0.0041362865
0.004172224
0.0042247522
0.0042983526
0.0043983858
0.0045315798
0.004706612
0.0049346906
0.0052296498
0.0056079564
0.0060966925
0.0067152747
0.0070745283
0.0070439274
0.007014749
0.0069907286
0.0069724931
0.0069600094
0.0069524299
0.0069485186
0.0069473769
0.006948719
0.0069529902
0.006962329
0.006982842
2.6954229e-14
5.1458285e-12
1.3129708e-10
1.2648931e-09
7.2303186e-09
3.0021641e-08
1.0002696e-07
2.8128908e-07
6.8433224e-07
1.458458e-06
2.7523671e-06
4.669232e-06
7.2582392e-06
1.0540351e-05
1.4534498e-05
1.9269217e-05
2.4784169e-05
3.1123841e-05
3.8306283e-05
4.6256551e-05
5.4973865e-05
6.46271e-05
7.5237506e-05
8.6815436e-05
9.9359936e-05
0.0001128561
0.00012727131
0.00014255075
0.00015861217
0.00017534009
0.00019257884
0.00021012424
0.00022771262
0.000245006
0.00026157164
0.00027460425
0.00028324535
0.00028901021
0.00029283987
0.00029532399
0.00029726786
0.00030051903
0.00030906901
0.00032959124
0.00036498
0.00039191634
0.00042237087
0.00047899728
0.0005794014
0.00071531678
0.00086400703
0.0010232049
0.001192674
0.0013741179
0.0015701368
0.001783181
0.0020153023
0.0022679288
0.0025416658
0.0028361045
0.0031496125
0.0034790302
0.0038192534
0.0041321739
0.0040846569
0.0040508282
0.0040460826
0.0040530106
0.004072294
0.0041048642
0.0041542098
0.0042248038
0.0043219915
0.00445248
0.0046249543
0.004850724
0.0051438659
0.005521013
0.0060074142
0.0066238666
0.0070715893
0.0070414628
0.0070129268
0.0069896793
0.0069721374
0.0069601989
0.006953023
0.0069494077
0.0069484667
0.0069498822
0.006953992
0.006962632
0.0069803401
0.0070039192
2.7109815e-14
5.1751852e-12
1.3203783e-10
1.2720042e-09
7.2704995e-09
3.018392e-08
1.0054114e-07
2.8260984e-07
6.8708074e-07
1.4630766e-06
2.7585663e-06
4.6757318e-06
7.2631657e-06
1.0541827e-05
1.4531189e-05
1.9260925e-05
2.4772183e-05
3.1109162e-05
3.8280015e-05
4.6198588e-05
5.4870656e-05
6.4469631e-05
7.5016914e-05
8.6522089e-05
9.898273e-05
0.00011238193
0.00012668473
0.00014183352
0.00015774275
0.00017429288
0.00019132325
0.00020862311
0.00022592005
0.00024286441
0.00025900837
0.00027073876
0.00027857802
0.00028386394
0.00028738546
0.00028969004
0.00029166884
0.00029535189
0.00030504797
0.00032757914
0.00036488909
0.00038743999
0.00042066313
0.00048270118
0.00058784976
0.0007244443
0.00087247181
0.0010304362
0.0011985483
0.0013790174
0.0015743201
0.0017868226
0.0020185039
0.0022707217
0.0025440164
0.00283793
0.0031507988
0.0034794428
0.00381862
0.0040779048
0.0040262744
0.0039917807
0.0039840694
0.0039882353
0.0040045071
0.0040341491
0.004080781
0.0041488478
0.0042436649
0.0043719169
0.0045423073
0.0047662689
0.0050581637
0.0054349195
0.0059204138
0.0065360942
0.0070685238
0.0070389302
0.0070110537
0.0069885771
0.006971757
0.006960373
0.0069536063
0.0069502949
0.00694956
0.0069510634
0.0069550641
0.0069631549
0.0069791528
0.0070040379
2.7250636e-14
5.2019442e-12
1.3271462e-10
1.2784829e-09
7.3072089e-09
3.0332381e-08
1.0101063e-07
2.8381115e-07
6.8957713e-07
1.4672678e-06
2.7641737e-06
4.6816161e-06
7.2677157e-06
1.0543524e-05
1.4529238e-05
1.9255898e-05
2.476626e-05
3.1103543e-05
3.826373e-05
4.6150158e-05
5.4777952e-05
6.432291e-05
7.4806667e-05
8.6238055e-05
9.8613145e-05
0.00011191305
0.00012610034
0.00014111447
0.0001568664
0.00017323232
0.00019004613
0.00020708997
0.00022408179
0.00024065893
0.00025612758
0.00026663887
0.00027377517
0.00027863893
0.00028186562
0.00028399694
0.00028606835
0.00029036233
0.00030145366
0.00032577189
0.00036416313
0.00038325351
0.00041946622
0.00048734275
0.00059708
0.00073364537
0.00088072863
0.0010372098
0.0012041388
0.0013837079
0.0015783309
0.0017903129
0.0020215657
0.0022733775
0.0025462249
0.0028396007
0.0031518148
0.0034796858
0.003817902
0.0040186708
0.0039618878
0.0039275983
0.0039176019
0.0039194336
0.0039331218
0.0039603228
0.004004737
0.0040707655
0.004163683
0.0042901541
0.0044589216
0.004681575
0.0049728017
0.0053499258
0.0058359244
0.0064523168
0.0070653406
0.0070363193
0.0070091148
0.0069874464
0.0069713523
0.0069605322
0.0069541889
0.0069511812
0.0069506577
0.0069522616
0.0069561891
0.0069638431
0.0069785103
0.0070026894
2.7376898e-14
5.2262561e-12
1.3333785e-10
1.284463e-09
7.3410739e-09
3.0469799e-08
1.0144635e-07
2.8492403e-07
6.9188991e-07
1.4711484e-06
2.7693885e-06
4.6872055e-06
7.2723564e-06
1.0546121e-05
1.4529575e-05
1.9255352e-05
2.4767918e-05
3.110859e-05
3.8258827e-05
4.6112662e-05
5.4697402e-05
6.4188878e-05
7.4608872e-05
8.5965548e-05
9.825348e-05
0.00011145171
0.00012552021
0.00014039533
0.00015598432
0.00017215881
0.00018874677
0.00020552254
0.00022219327
0.00023838111
0.00025261132
0.00026229135
0.00026887141
0.00027334951
0.0002762916
0.00027825996
0.00028046006
0.00028552373
0.00029839895
0.00032434594
0.00035849629
0.00037943396
0.00041889263
0.0004928923
0.00060685427
0.00074277852
0.00088859492
0.0010436762
0.0012095056
0.0013882223
0.0015821967
0.0017936788
0.002024514
0.0022759225
0.0025483168
0.0028411407
0.003152681
0.0034797737
0.0038171632
0.0039536565
0.0038920408
0.0038587052
0.0038469348
0.0038468432
0.0038584194
0.0038836987
0.0039264059
0.0039908785
0.0040823473
0.0042074699
0.0043750571
0.0045968971
0.0048880362
0.0052662609
0.005754098
0.006372604
0.0070620353
0.007033613
0.0070071297
0.006986282
0.0069709249
0.0069606859
0.0069547694
0.006952068
0.0069517603
0.0069534761
0.0069573541
0.0069646097
0.0069781536
0.0070016127
2.7499816e-14
5.249772e-12
1.3393722e-10
1.2902138e-09
7.3734695e-09
3.0600584e-08
1.0186019e-07
2.8598547e-07
6.9410445e-07
1.4748761e-06
2.7744764e-06
4.6928778e-06
7.2775734e-06
1.0550251e-05
1.4533048e-05
1.926038e-05
2.4778452e-05
3.1125531e-05
3.8266293e-05
4.6087013e-05
5.4630023e-05
6.4068626e-05
7.4424785e-05
8.5705912e-05
9.7905091e-05
0.00011099922
0.0001249456
0.00013967728
0.00015509759
0.00017107327
0.00018742608
0.00020392211
0.00022025743
0.00023603911
0.00024893696
0.0002577639
0.00026381939
0.00026796533
0.00027067343
0.00027251686
0.00027487361
0.00028075968
0.0002955464
0.00032336242
0.00035307319
0.00037609631
0.00041913736
0.00049924136
0.00061677408
0.00075167967
0.00089605105
0.0010498804
0.0012146822
0.0013925894
0.0015859449
0.001796947
0.0020273769
0.002278384
0.0025503187
0.0028425749
0.0031534154
0.0034797082
0.0038164692
0.0038828628
0.0038171494
0.0037854356
0.0037723704
0.0037707886
0.0037807636
0.0038046584
0.0038461626
0.0039095375
0.0039999745
0.0041241475
0.0042909747
0.0045124885
0.0048041216
0.0051841545
0.0056750539
0.0062971607
0.0070213726
0.0070308437
0.0070051003
0.0069850849
0.0069704761
0.0069608352
0.0069553492
0.0069529565
0.0069528686
0.0069547071
0.0069585579
0.0069654476
0.0069779514
0.0070004661
2.7618788e-14
5.2724003e-12
1.3451373e-10
1.2957454e-09
7.4047541e-09
3.072713e-08
1.0226009e-07
2.8701318e-07
6.9625795e-07
1.4785515e-06
2.7796253e-06
4.6989093e-06
7.283741e-06
1.0556363e-05
1.4540223e-05
1.927175e-05
2.479873e-05
3.1155002e-05
3.8286408e-05
4.6073414e-05
5.4575968e-05
6.3962303e-05
7.4254317e-05
8.5458791e-05
9.7567234e-05
0.00011055432
0.00012437456
0.00013895756
0.00015420242
0.00016997065
0.00018607738
0.00020227998
0.00021826334
0.00023362124
0.00024504821
0.00025305372
0.0002586569
0.00026252313
0.00026503244
0.00026679292
0.00026935837
0.0002761576
0.0002929402
0.00032268327
0.00034793454
0.0003733013
0.00042047353
0.00050626614
0.00062639102
0.00076018049
0.00090321956
0.0010558798
0.0012197035
0.0013968382
0.0015896031
0.0018001466
0.0020301827
0.0022807918
0.0025522597
0.0028439304
0.0031540383
0.0034794787
0.0038158929
0.0038067795
0.0037380678
0.0037081846
0.0036942937
0.0036916793
0.0037005913
0.0037236398
0.0037644191
0.0038271106
0.0039168843
0.0040404669
0.0042069308
0.0044285995
0.0047213175
0.0051038806
0.005598935
0.0062264336
0.0069607177
0.0070280214
0.007003029
0.0069838579
0.0069700055
0.006960982
0.0069559299
0.0069538482
0.0069539836
0.0069559551
0.0069598009
0.0069663612
0.0069778915
0.0069992779
2.7736957e-14
5.2948549e-12
1.3508226e-10
1.3011941e-09
7.4356683e-09
3.0852455e-08
1.0265821e-07
2.8803768e-07
6.9841655e-07
1.4823024e-06
2.7850226e-06
4.7055714e-06
7.2912942e-06
1.0565089e-05
1.4551936e-05
1.9290515e-05
2.482987e-05
3.1197913e-05
3.8319768e-05
4.6072403e-05
5.4535723e-05
6.3870322e-05
7.4097886e-05
8.5224302e-05
9.7239539e-05
0.00011011597
0.00012380511
0.00013823288
0.00015329384
0.0001688438
0.0001846905
0.00020058154
0.00021618898
0.00023065373
0.00024087622
0.00024822934
0.00025344464
0.00025704237
0.00025936762
0.00026110872
0.00026399729
0.00027181831
0.00029056172
0.00032219237
0.00034312217
0.00037109812
0.00042313601
0.00051396269
0.0006355262
0.00076830085
0.00091016057
0.0010617119
0.001224599
0.0014009964
0.0015932005
0.001803307
0.0020329625
0.0022831765
0.0025541702
0.0028452361
0.0031545728
0.0034790534
0.0038155131
0.0037254162
0.0036558733
0.0036273773
0.0036131604
0.003610005
0.0036184137
0.0036411301
0.0036816081
0.003743965
0.0038333849
0.0039566945
0.0041231718
0.004345478
0.0046398944
0.005025766
0.0055260782
0.0061607684
0.0069078859
0.0070251494
0.0070009184
0.0069826034
0.0069695454
0.0069611286
0.0069565131
0.0069547444
0.0069551059
0.0069572203
0.0069610836
0.0069673585
0.0069779716
0.006997964
2.7860304e-14
5.318256e-12
1.3567068e-10
1.3068112e-09
7.4673857e-09
3.0981022e-08
1.0306774e-07
2.8909786e-07
7.0067385e-07
1.486284e-06
2.7909354e-06
4.7132842e-06
7.3007704e-06
1.0577131e-05
1.4569085e-05
1.9317781e-05
2.4873029e-05
3.125513e-05
3.8367089e-05
4.6084876e-05
5.4510262e-05
6.3793683e-05
7.3956435e-05
8.5003411e-05
9.6922864e-05
0.00010968472
0.00012323731
0.00013750262
0.00015237032
0.00016768999
0.00018326132
0.00019882135
0.000214028
0.00022709143
0.00023644921
0.00024331275
0.00024818811
0.00025152335
0.00025367358
0.00025546482
0.00025885936
0.00026791333
0.00028841854
0.00032162094
0.00033866637
0.00036951359
0.00042708632
0.00052251158
0.00064445353
0.00077624527
0.00091694093
0.0010674101
0.0012293973
0.001405094
0.001596768
0.0018064598
0.0020357479
0.0022855703
0.0025560825
0.0028465255
0.0031550533
0.0034783659
0.0037265564
0.0036354097
0.0035712341
0.0035434259
0.0035295013
0.0035263506
0.0035348122
0.0035576441
0.0035981579
0.0036604473
0.0037497597
0.0038730756
0.0040399339
0.0042633722
0.0045601348
0.0049501581
0.0054569132
0.0061005265
0.0068622986
0.0070222351
0.0069987911
0.006981345
0.0069690758
0.006961277
0.0069571008
0.0069556464
0.0069562364
0.0069585026
0.0069624058
0.0069684475
0.0069782095
0.0069964578
2.7983335e-14
5.3419211e-12
1.3627707e-10
1.3126292e-09
7.5003387e-09
3.111529e-08
1.0349595e-07
2.9021361e-07
7.0308429e-07
1.4906142e-06
2.7975741e-06
4.7223661e-06
7.3126167e-06
1.0593093e-05
1.459249e-05
1.9354569e-05
2.4929234e-05
3.1327339e-05
3.8428773e-05
4.6111213e-05
5.4499891e-05
6.373262e-05
7.383005e-05
8.4795905e-05
9.6616608e-05
0.00010925946
0.00012266946
0.00013676442
0.0001514287
0.00016650525
0.00018178526
0.00019699504
0.00021178025
0.00022331561
0.00023184121
0.00023830189
0.00024289284
0.00024598808
0.00024796689
0.00024984753
0.00025394202
0.00026463135
0.00028667639
0.00031665997
0.00033462988
0.00036862181
0.00043217374
0.00053190515
0.00065342076
0.00078406553
0.00092357916
0.0010729989
0.0012341282
0.0014091625
0.0016003377
0.0018096392
0.002038575
0.0022880089
0.0025580318
0.0028478352
0.003155552
0.0034778929
0.003630364
0.0035386501
0.0034824686
0.0034568649
0.0034439935
0.0034414138
0.0034504126
0.003473689
0.0035144632
0.0035768626
0.0036662565
0.0037898315
0.0039574406
0.00418253
0.0044823295
0.0048774072
0.0053918272
0.0060460613
0.0068241502
0.0070192855
0.0069966442
0.0069800729
0.0069686171
0.0069614297
0.0069576946
0.0069565555
0.0069573757
0.0069598013
0.0069637659
0.0069696342
0.0069786418
0.006994746
2.811535e-14
5.3672711e-12
1.369291e-10
1.318897e-09
7.535786e-09
3.1259613e-08
1.0395777e-07
2.9142398e-07
7.0572812e-07
1.4954595e-06
2.8052022e-06
4.7331889e-06
7.3273736e-06
1.061371e-05
1.4623131e-05
1.9401999e-05
2.4999466e-05
3.1415082e-05
3.8505054e-05
4.6151581e-05
5.450447e-05
6.368659e-05
7.3717614e-05
8.4599949e-05
9.6317962e-05
0.00010883618
0.00012209601
0.00013601082
0.00015045921
0.00016527677
0.00018024502
0.00019507757
0.00020894529
0.00021923835
0.00022712568
0.00023325728
0.00023760436
0.00024046979
0.00024228316
0.00024426806
0.00024915195
0.00026168008
0.00028544748
0.00031113029
0.00033114452
0.00036861192
0.00043827917
0.00054174839
0.00066228942
0.00079172051
0.00093008794
0.0010785078
0.0012388246
0.0014132361
0.0016039461
0.0018128826
0.0020414812
0.0022905304
0.0025600558
0.0028491991
0.00315609
0.0034778052
0.0035320055
0.003439598
0.0033914848
0.0033688099
0.0033575347
0.0033559717
0.0033658211
0.0033897138
0.0034308513
0.0034934577
0.003583078
0.0037071555
0.0038759012
0.0041031991
0.0044067769
0.0048078694
0.0053312071
0.0059976839
0.0067939187
0.0070163146
0.0069945045
0.0069788325
0.0069681656
0.0069615882
0.0069582957
0.0069574725
0.0069585241
0.0069611154
0.0069651607
0.0069709187
0.0069793053
0.0069925685
0.0070108775
2.82622e-14
5.3953154e-12
1.3764723e-10
1.3257886e-09
7.5748148e-09
3.1418798e-08
1.0446926e-07
2.9277278e-07
7.0869707e-07
1.5009875e-06
2.814108e-06
4.7461943e-06
7.3456593e-06
1.0639823e-05
1.4662066e-05
1.9461276e-05
2.5084741e-05
3.1518941e-05
3.8596288e-05
4.6206286e-05
5.4523991e-05
6.3655225e-05
7.3618373e-05
8.4414193e-05
9.6024839e-05
0.00010841195
0.00012151314
0.00013523699
0.00014945609
0.00016399817
0.00017863445
0.00019306493
0.00020546019
0.00021489531
0.00022234743
0.00022821839
0.00023232751
0.00023496783
0.0002366526
0.00023880487
0.0002445729
0.000259015
0.00028459036
0.00030596237
0.0003283005
0.00036979764
0.00044525291
0.00055148691
0.00067091577
0.00079921361
0.00093650277
0.0010839748
0.001243524
0.0014173531
0.0016076333
0.0018162327
0.0020445105
0.0022931786
0.0025621966
0.0028506495
0.0031566473
0.0034782231
0.0034307132
0.0033400726
0.0032999285
0.0032805075
0.0032710742
0.0032707411
0.0032815442
0.003306066
0.0033475633
0.0034104155
0.0035003868
0.0036252211
0.0037955229
0.004025634
0.0043337866
0.0047419067
0.0052754467
0.0059557733
0.0067720554
0.0070133297
0.0069923662
0.0069776135
0.0069677304
0.0069617617
0.0069589111
0.0069584024
0.0069596848
0.0069624454
0.0069665871
0.0069722941
0.0069802892
0.0069923839
0.0070113277
2.8424994e-14
5.4264127e-12
1.3844302e-10
1.3334539e-09
7.6182561e-09
3.1596484e-08
1.0504265e-07
2.9429447e-07
7.12081e-07
1.5073694e-06
2.8245747e-06
4.7618119e-06
7.368041e-06
1.0672148e-05
1.4710196e-05
1.9533343e-05
2.5185686e-05
3.1638942e-05
3.8702178e-05
4.6274692e-05
5.4557167e-05
6.3636468e-05
7.3529322e-05
8.4234626e-05
9.5732147e-05
0.00010798048
0.00012091339
0.00013443449
0.00014841013
0.00016266002
0.00017694546
0.00019091432
0.00020172942
0.00021040511
0.00021754768
0.00022320227
0.00022706307
0.00022947442
0.00023109513
0.00023355787
0.0002403453
0.00025662648
0.000283928
0.00030120293
0.00032616683
0.00037251138
0.00045304714
0.00056076873
0.00067932405
0.00080660693
0.00094287302
0.0010894418
0.0012482671
0.0014215563
0.0016114445
0.0018197369
0.0020477126
0.0022960045
0.002564505
0.0028522324
0.0031571643
0.003446309
0.0033264109
0.0032425207
0.0032092339
0.0031930505
0.003185415
0.0031862788
0.003197939
0.0032229726
0.0032647561
0.0033278661
0.0034183209
0.0035441979
0.0037165248
0.003950111
0.0042636951
0.0046799049
0.0052249604
0.0059207401
0.0067590428
0.0070103395
0.0069902674
0.00697642
0.0069673126
0.0069619485
0.0069595386
0.0069593436
0.006960856
0.0069637887
0.0069680388
0.0069737375
0.0069814832
0.0069928891
0.0070111951
2.8612444e-14
5.4621493e-12
1.3935162e-10
1.3421823e-09
7.6677253e-09
3.1798469e-08
1.0569611e-07
2.9603739e-07
7.1598494e-07
1.5148126e-06
2.8369543e-06
4.7805461e-06
7.3951993e-06
1.0711581e-05
1.4768569e-05
1.9619202e-05
2.5302832e-05
3.1774832e-05
3.8821777e-05
4.635537e-05
5.4601575e-05
6.3626612e-05
7.3445276e-05
8.4054319e-05
9.5430982e-05
0.00010753067
0.00012028306
0.00013358657
0.00014730063
0.00016123559
0.00017513998
0.00018765696
0.00019764911
0.00020592689
0.00021286556
0.000218268
0.00022181936
0.0002239758
0.00022560157
0.00022859635
0.00023667925
0.00025456571
0.00028222346
0.00029688897
0.00032479065
0.00037675696
0.0004618853
0.00056996164
0.00068768762
0.00081397771
0.00094924723
0.0010949541
0.0012531023
0.0014258972
0.0016154345
0.0018234538
0.002051148
0.0022990675
0.0025670429
0.0028540267
0.0031577849
0.0033297978
0.0032181018
0.0031479684
0.0031205396
0.0031072747
0.0031011038
0.0031029133
0.0031151849
0.0031405363
0.0031825087
0.0032458995
0.0033370046
0.0034642632
0.0036391475
0.003876934
0.0041968684
0.0046222833
0.005180205
0.0058930493
0.0067554195
0.0070073484
0.0069882111
0.0069752579
0.0069669153
0.0069621498
0.0069601788
0.0069602961
0.0069620374
0.0069651438
0.0069695111
0.0069752273
0.0069827748
0.0069935601
0.0070109849
2.8829113e-14
5.5033842e-12
1.4039611e-10
1.3521984e-09
7.7246746e-09
3.2031609e-08
1.0645124e-07
2.9805733e-07
7.2053152e-07
1.5235448e-06
2.8516126e-06
4.8029523e-06
7.4279255e-06
1.0759129e-05
1.483836e-05
1.971985e-05
2.5436471e-05
3.1925912e-05
3.8953775e-05
4.6446315e-05
5.4654266e-05
6.3621697e-05
7.3361127e-05
8.3867091e-05
9.5114303e-05
0.00010705502
0.00011961496
0.00013268727
0.00014612456
0.00015972845
0.00017320362
0.00018419005
0.00019346108
0.0002014661
0.00020825906
0.00021338349
0.00021659224
0.00021848502
0.00022016322
0.00022390445
0.00023368935
0.00025302454
0.00027656635
0.00029311184
0.0003242913
0.00038235871
0.0004717634
0.0005794119
0.00069609966
0.00082137121
0.00095567194
0.0011005649
0.0012580863
0.0014304376
0.0016196701
0.0018274536
0.0020548872
0.0023024392
0.0025698827
0.0028561429
0.0031591488
0.0032196036
0.0031115804
0.0030559616
0.0030345705
0.0030236013
0.0030183524
0.003020713
0.0030332748
0.0030587349
0.0031008183
0.0031645532
0.0032565306
0.0033855761
0.0035636205
0.0038064016
0.0041336652
0.0045694477
0.0051416254
0.0058731723
0.0067617338
0.0070044072
0.0069862049
0.0069741334
0.0069665424
0.0069623676
0.0069608326
0.0069612605
0.006963229
0.0069665095
0.0069710013
0.0069767567
0.0069841458
0.0069943298
0.0070106604
2.9075607e-14
5.5503216e-12
1.415924e-10
1.3636918e-09
7.7900115e-09
3.2299826e-08
1.0732085e-07
3.0039008e-07
7.2580359e-07
1.53372e-06
2.868811e-06
4.8293944e-06
7.466611e-06
1.0815076e-05
1.4919366e-05
1.9833716e-05
2.5582254e-05
3.2083061e-05
3.9088283e-05
4.6541913e-05
5.4707743e-05
6.3611952e-05
7.3264717e-05
8.3658341e-05
9.4765131e-05
0.00010653432
0.00011888755
0.00013171226
0.00014485293
0.00015810004
0.00017017902
0.00018042634
0.00018935572
0.00019718649
0.00020379557
0.00020855219
0.00021138726
0.00021305267
0.00021485079
0.00021944856
0.00023106838
0.00025205047
0.00027130152
0.00029003311
0.00032496729
0.00038918403
0.00048216366
0.00058897616
0.00070457809
0.00082882814
0.00096220834
0.0011063441
0.001263294
0.0014352575
0.0016242346
0.0018318246
0.0020590199
0.0023062042
0.0025731007
0.0028586132
0.0031614554
0.0031161661
0.0030123445
0.0029686936
0.0029517644
0.0029420141
0.0029370429
0.0029395144
0.0029520568
0.0029774572
0.0030196233
0.0030838202
0.0031769535
0.0033082586
0.0034901327
0.003738763
0.0040743853
0.0045217367
0.0051095864
0.005861485
0.0067785256
0.0070015147
0.0069842574
0.006973053
0.0069661976
0.0069626034
0.0069615005
0.0069622369
0.0069644305
0.0069678845
0.0069725067
0.0069783218
0.0069855972
0.0069952184
0.0070102092
2.9360172e-14
5.604854e-12
1.4298772e-10
1.3771251e-09
7.8665475e-09
3.2614056e-08
1.0834253e-07
3.0313982e-07
7.3205062e-07
1.545852e-06
2.8894148e-06
4.8611374e-06
7.5128915e-06
1.0881238e-05
1.5012948e-05
1.9960453e-05
2.5735859e-05
3.2234364e-05
3.9212688e-05
4.6637502e-05
5.4754442e-05
6.3587023e-05
7.3143413e-05
8.3414108e-05
9.4369438e-05
0.00010595592
0.00011809113
0.00013065656
0.00014348803
0.00015609026
0.00016701686
0.00017670456
0.00018537625
0.00019303372
0.00019941578
0.00020373443
0.00020619735
0.00020773284
0.00020982909
0.00021544166
0.00022883598
0.00025140338
0.00026650206
0.00028777279
0.00032729183
0.00039711967
0.00049247205
0.00059859113
0.00071328032
0.00083640947
0.00096894412
0.0011123847
0.0012688205
0.0014404589
0.0016292354
0.00183668
0.0020636592
0.002310473
0.0025767934
0.0028614161
0.0031503681
0.0030176157
0.0029210793
0.0028862234
0.0028717809
0.0028621194
0.0028568504
0.002859073
0.0028713719
0.0028966229
0.0029389149
0.0030037622
0.0030984073
0.0032325158
0.0034189504
0.0036743333
0.0040193812
0.0044795263
0.0050844809
0.005858374
0.0068062771
0.0069986798
0.0069823778
0.0069720227
0.0069658846
0.0069628588
0.0069621828
0.0069632253
0.0069656415
0.0069692677
0.0069740244
0.0069799182
0.0069871308
0.0069962616
0.0070096045
2.9704508e-14
5.6707602e-12
1.446724e-10
1.3933471e-09
7.9589015e-09
3.2993192e-08
1.0957907e-07
3.0648127e-07
7.3967463e-07
1.5607148e-06
2.9146576e-06
4.8998183e-06
7.5686162e-06
1.0959399e-05
1.5120565e-05
2.010102e-05
2.5898337e-05
3.2365867e-05
3.9328253e-05
4.6714445e-05
5.4771532e-05
6.3521233e-05
7.2970497e-05
8.3108643e-05
9.3904296e-05
0.00010530119
0.00011721233
0.00012951236
0.00014202748
0.00015347451
0.00016380037
0.00017316598
0.00018160696
0.00018903462
0.00019512812
0.00019894176
0.00020103971
0.00020255331
0.00020521312
0.00021216845
0.00022712115
0.00024957947
0.00026222864
0.00028645303
0.00033158477
0.00040636418
0.00050274997
0.00060844698
0.0007223156
0.00084445874
0.00097599676
0.0011188141
0.0012747948
0.001446182
0.0016348162
0.0018421702
0.0020689513
0.0023153845
0.0025811001
0.0028646016
0.003043956
0.0029189245
0.0028365782
0.0028073741
0.0027937387
0.0027833557
0.002777444
0.0027792132
0.002791172
0.002816295
0.0028588609
0.0029246519
0.0030212725
0.0031588332
0.0033506498
0.0036137616
0.0039693608
0.0044435667
0.0050670928
0.0058646603
0.0068459194
0.0069959137
0.0069805744
0.0069710483
0.0069656075
0.0069631349
0.0069628797
0.0069642253
0.0069668615
0.0069706577
0.0069755516
0.00698154
0.0069887441
0.006997506
0.0070086354
0.0070217447
3.0087509e-14
5.7438442e-12
1.4653406e-10
1.4112463e-09
8.0606847e-09
3.3410687e-08
1.1093683e-07
3.101299e-07
7.4789755e-07
1.5764195e-06
2.940565e-06
4.9380515e-06
7.6215831e-06
1.1031236e-05
1.521646e-05
2.0220545e-05
2.6023569e-05
3.231391e-05
3.9217457e-05
4.6740747e-05
5.4728915e-05
6.3389952e-05
7.2729616e-05
8.2735809e-05
9.3374835e-05
0.00010458664
0.00011627835
0.0001283157
0.00014012319
0.00015093762
0.00016084867
0.00016988356
0.00017802213
0.00018516775
0.00019096164
0.00019426394
0.00019603005
0.00019760747
0.00020109879
0.00020987227
0.00022630071
0.00024406033
0.00025862957
0.00028628743
0.0003377752
0.00041722898
0.00051372233
0.00061884024
0.00073184941
0.00085308978
0.00098381615
0.0011258728
0.0012813891
0.0014526161
0.0016411561
0.0018484779
0.0020750601
0.0023210872
0.0025862128
0.0028689758
0.0029447747
0.0028216763
0.0027544362
0.0027304346
0.0027166544
0.0027051531
0.0026984703
0.00269972
0.0027113615
0.0027364925
0.0027795981
0.0028467538
0.0029459519
0.0030877537
0.0032859087
0.0035578481
0.0039252354
0.004414868
0.0050585095
0.0058815134
0.0068988695
0.0069932278
0.0069788565
0.0069701363
0.0069653581
0.0069634335
0.0069635912
0.0069652365
0.0069680897
0.0069720531
0.0069770848
0.0069831798
0.0069904275
0.006999053
0.0070095222
0.007022856
3.0519411e-14
5.8261264e-12
1.4862467e-10
1.4313069e-09
8.1744701e-09
3.3874883e-08
1.1242556e-07
3.1403463e-07
7.5639182e-07
1.5918893e-06
2.964678e-06
4.9716385e-06
7.6660705e-06
1.1090314e-05
1.5294784e-05
2.0316288e-05
2.6107604e-05
3.2261706e-05
3.9081107e-05
4.6596363e-05
5.4668174e-05
6.3251216e-05
7.2495091e-05
8.2385012e-05
9.2883643e-05
0.00010392591
0.00011541224
0.0001271999
0.00013840763
0.00014874867
0.00015825071
0.00016691299
0.00017471523
0.00018156717
0.00018706778
0.00018987607
0.00019136933
0.00019312598
0.00019760952
0.00020828812
0.00022640447
0.00023907253
0.00025601014
0.00028780772
0.0003459008
0.00042940298
0.00052554431
0.00062997156
0.00074210681
0.00086248265
0.00099248814
0.001134022
0.0012891885
0.00146005
0.0016484314
0.0018557837
0.0020821279
0.0023276874
0.0025921891
0.002874747
0.0028483744
0.0027288413
0.0026748735
0.0026542739
0.0026395541
0.0026267732
0.0026192627
0.0026199653
0.0026313431
0.0026566406
0.0027005732
0.0027695419
0.0028719527
0.0030188122
0.0032242836
0.0035061714
0.003886612
0.0043930675
0.0050583629
0.0059084059
0.0069638818
0.0069906353
0.0069772088
0.0069692747
0.0069651462
0.0069637474
0.0069643121
0.0069662583
0.0069693257
0.006973453
0.0069786216
0.0069848294
0.0069921528
0.0070007753
0.0070110487
0.00702394
3.1172513e-14
5.9506453e-12
1.5179529e-10
1.4617705e-09
8.3471362e-09
3.4577988e-08
1.1467729e-07
3.1993379e-07
7.6923927e-07
1.6154056e-06
3.0017379e-06
5.024121e-06
7.7364406e-06
1.1183234e-05
1.5415172e-05
2.0461936e-05
2.6213796e-05
3.2334779e-05
3.9125281e-05
4.6625247e-05
5.4726827e-05
6.3253881e-05
7.2423119e-05
8.2215694e-05
9.258897e-05
0.0001034712
0.00011475457
0.00012621901
0.0001368519
0.00014670711
0.00015578942
0.00016407564
0.00017153435
0.00017806952
0.0001832368
0.00018549445
0.00018678776
0.00018895105
0.00019470236
0.00020699601
0.00022464009
0.00023483979
0.00025471355
0.00029188647
0.00035616514
0.0004424143
0.00053834069
0.00064207431
0.00075330933
0.00087282387
0.0010021469
0.0011432195
0.0012981188
0.0014688525
0.0016571741
0.0018642657
0.0020901993
0.0023352089
0.0025989516
0.0028820548
0.0027519391
0.002640236
0.0025972879
0.0025781889
0.0025619459
0.0025478509
0.0025395251
0.0025397153
0.0025509304
0.002576585
0.0026216526
0.0026928946
0.002799145
0.002951843
0.0031655403
0.0034584043
0.0038530613
0.0043776406
0.005066024
0.0059444663
0.0070077625
0.0069881221
0.0069756713
0.0069684965
0.0069649883
0.006964091
0.0069650457
0.0069672879
0.0069705699
0.0069748578
0.0069801612
0.006986484
0.0069938953
0.0070025564
0.0070127218
0.0070251186
3.1892176e-14
6.0882003e-12
1.5530182e-10
1.4954618e-09
8.5383226e-09
3.5357528e-08
1.1718337e-07
3.2654894e-07
7.8381949e-07
1.6425808e-06
3.0456426e-06
5.0881743e-06
7.8247969e-06
1.1301972e-05
1.5569603e-05
2.0648926e-05
2.6362113e-05
3.2450092e-05
3.9206433e-05
4.668052e-05
5.4805888e-05
6.3344202e-05
7.2441608e-05
8.2136236e-05
9.2378767e-05
0.00010308884
0.00011414809
0.00012489
0.00013498227
0.00014440561
0.00015310995
0.00016104174
0.00016815773
0.00017434118
0.00017905645
0.0001807758
0.00018195988
0.00018474147
0.00019204162
0.00020569269
0.00021932657
0.0002314024
0.000254719
0.00029835249
0.00036809867
0.00045548661
0.00055117585
0.0006541306
0.00076444023
0.00088312517
0.0010118262
0.0011525034
0.0013071973
0.0014778541
0.0016661755
0.0018729817
0.002098433
0.0023428622
0.0026055342
0.0027927921
0.0026516347
0.0025565522
0.0025209987
0.0025017269
0.0024837426
0.0024685032
0.0024595257
0.0024593952
0.0024707145
0.0024970947
0.0025438028
0.0026179885
0.0027289136
0.0028884215
0.00311142
0.003416429
0.0038265796
0.0043707077
0.0050837497
0.0059924016
0.0070043066
0.006985752
0.0069742541
0.0069678099
0.0069648892
0.0069644679
0.0069657969
0.0069683264
0.0069718224
0.0069762676
0.0069817032
0.006988141
0.006995646
0.0070043678
0.0070144802
0.0070264228
3.2593725e-14
6.2219896e-12
1.5870821e-10
1.5281557e-09
8.723692e-09
3.6114008e-08
1.1961587e-07
3.3297105e-07
7.979926e-07
1.6690812e-06
3.0887074e-06
5.1515762e-06
7.9132469e-06
1.1421865e-05
1.5725668e-05
2.0836485e-05
2.6508714e-05
3.2560521e-05
3.9275293e-05
4.6704212e-05
5.4804221e-05
6.341929e-05
7.2436803e-05
8.2022941e-05
9.2120918e-05
0.00010264113
0.00011323928
0.00012338514
0.00013301975
0.00014205511
0.00015040038
0.00015799192
0.00016478484
0.00017060996
0.00017472223
0.00017607417
0.00017730066
0.00018085197
0.0001896933
0.00020474663
0.000214525
0.00022887613
0.00025613669
0.00030659329
0.00038111413
0.00046857679
0.00056367265
0.00066573739
0.00077513373
0.00089305286
0.0010212082
0.0011615574
0.0013160925
0.0014866928
0.0016749997
0.0018814262
0.0021064712
0.002350363
0.0026122833
0.0026842118
0.0025497693
0.0024742201
0.0024446672
0.0024243627
0.0024047123
0.0023885667
0.0023791293
0.0023789072
0.0023906425
0.0024181742
0.0024671045
0.0025449899
0.0026615068
0.0028288679
0.003062308
0.0033807069
0.0038077243
0.0043729714
0.0051124136
0.0060533544
0.0070009597
0.0069835403
0.0069729718
0.0069672247
0.0069648539
0.0069648802
0.0069665654
0.0069693739
0.0069730776
0.0069776787
0.0069832431
0.0069897947
0.0069973959
0.0070061949
0.0070163125
0.0070278794
3.3273664e-14
6.3516552e-12
1.6201139e-10
1.5598796e-09
8.9036257e-09
3.6848369e-08
1.2197789e-07
3.3920719e-07
8.1175801e-07
1.6948596e-06
3.1307541e-06
5.2138877e-06
8.0009106e-06
1.1541442e-05
1.5881242e-05
2.1022013e-05
2.665259e-05
3.2666978e-05
3.9336974e-05
4.6711201e-05
5.4759946e-05
6.338756e-05
7.2406313e-05
8.1873581e-05
9.1813448e-05
0.00010203376
0.00011205088
0.00012175247
0.00013100337
0.00013966904
0.00014764919
0.00015489868
0.00016138451
0.00016687158
0.00017035355
0.00017142395
0.00017292394
0.00017751842
0.00018762731
0.00020177654
0.00021036776
0.0002274447
0.00025954134
0.000316333
0.0003941658
0.00048138705
0.00057579645
0.00067696569
0.00078549198
0.00090271202
0.0010303914
0.0011704699
0.0013248802
0.0014954304
0.0016836416
0.0018897272
0.0021143671
0.0023577263
0.0026195588
0.0025782252
0.0024519706
0.0023935805
0.0023676945
0.0023458334
0.0023247859
0.0023079714
0.0022982599
0.0022981809
0.0023106517
0.0023397748
0.002391521
0.0024738591
0.0025968486
0.0027730375
0.0030179685
0.0033509003
0.0037960695
0.0043839426
0.0051515007
0.0061265027
0.0069977506
0.0069814943
0.0069718293
0.0069667442
0.0069648851
0.0069653207
0.0069673501
0.0069704292
0.0069743344
0.0069790892
0.0069847789
0.0069914424
0.0069991401
0.0070080277
0.0070182109
0.0070295242
3.3939907e-14
6.4788071e-12
1.6525371e-10
1.5910225e-09
9.080331e-09
3.7569405e-08
1.2429509e-07
3.4532465e-07
8.2525565e-07
1.7201467e-06
3.1721036e-06
5.2754731e-06
8.0881419e-06
1.1660868e-05
1.6036097e-05
2.120482e-05
2.6793556e-05
3.2770901e-05
3.9395861e-05
4.6709673e-05
5.4681417e-05
6.3240337e-05
7.2285186e-05
8.1682578e-05
9.1367954e-05
0.00010111281
0.00011074779
0.0001200921
0.00012897173
0.00013724729
0.00014484409
0.00015175739
0.00015796961
0.00016315444
0.00016597229
0.00016681112
0.00016878005
0.00017470557
0.00018601004
0.00019666483
0.00020698929
0.00022726007
0.00026532337
0.00032750202
0.00040681891
0.00049389333
0.0005875925
0.00068786833
0.00079556908
0.0009121574
0.0010394295
0.0011792921
0.0013336107
0.0015041283
0.0016921384
0.0018979345
0.0021221303
0.0023648366
0.0026275298
0.0024738169
0.0023599921
0.0023146111
0.0022898595
0.002266226
0.0022441157
0.0022268806
0.0022171363
0.0022175086
0.0022311205
0.002262377
0.0023176412
0.0024052821
0.0025357006
0.0027217398
0.0029792519
0.0033278968
0.0037925355
0.0044045607
0.0052018996
0.0062128579
0.0069946936
0.0069795982
0.0069708296
0.0069663713
0.0069649739
0.0069657948
0.0069681452
0.0069714872
0.0069755934
0.006980498
0.0069863092
0.0069930823
0.0070008747
0.0070098552
0.0070201614
0.0070314022
3.4605832e-14
6.6057036e-12
1.6848529e-10
1.6220859e-09
9.2566344e-09
3.8288306e-08
1.2660386e-07
3.5141522e-07
8.3868602e-07
1.7453064e-06
3.2133137e-06
5.3370909e-06
8.1758278e-06
1.1780988e-05
1.6190873e-05
2.1385389e-05
2.6931557e-05
3.2872623e-05
3.9455184e-05
4.6712688e-05
5.4605965e-05
6.3058577e-05
7.1969696e-05
8.1216712e-05
9.065582e-05
0.00010012305
0.00010943821
0.00011841756
0.00012689562
0.00013475703
0.00014196634
0.00014856351
0.00015454472
0.00015947674
0.00016162743
0.00016233181
0.00016491902
0.00017215286
0.00018467887
0.00019209096
0.00020455749
0.00022851709
0.00027315087
0.00034014413
0.00041972032
0.00050628348
0.00059912683
0.00069849428
0.00080541825
0.00092144566
0.0010483788
0.0011880764
0.0013423247
0.0015127841
0.0017005985
0.0019060958
0.0021297755
0.0023714314
0.0025070939
0.0023654808
0.0022742339
0.002236484
0.0022109
0.002185578
0.0021627549
0.0021453595
0.0021358675
0.0021370518
0.0021522754
0.0021862862
0.0022458469
0.0023396942
0.0024785269
0.0026754507
0.0029466362
0.0033121911
0.003797642
0.0044353442
0.005264047
0.0063131768
0.0069918
0.0069778696
0.0069699748
0.0069660915
0.0069651294
0.006966305
0.0069689532
0.0069725483
0.0069768508
0.0069819022
0.0069878327
0.0069947128
0.0070025966
0.0070116658
0.0070221388
0.0070335701
3.5281643e-14
6.7347476e-12
1.7177682e-10
1.653731e-09
9.4361035e-09
3.9020059e-08
1.2895542e-07
3.5761364e-07
8.5234647e-07
1.7709058e-06
3.2553144e-06
5.4001321e-06
8.26581e-06
1.1904053e-05
1.6348192e-05
2.1566705e-05
2.7068255e-05
3.2971213e-05
3.9509433e-05
4.6708098e-05
5.4520003e-05
6.2861906e-05
7.1626743e-05
8.0686509e-05
8.9892559e-05
9.9077528e-05
0.00010806132
0.00011666554
0.00012473884
0.00013219181
0.00013902894
0.00014533542
0.00015112077
0.00015583467
0.00015732354
0.00015811006
0.0001616262
0.00016992226
0.00018077621
0.00018818542
0.00020325331
0.00023174294
0.00028267446
0.00035317805
0.00043252162
0.00051841389
0.00061037135
0.00070886663
0.00081508166
0.00093062409
0.0010572861
0.0011968675
0.0013510646
0.0015214381
0.0017090649
0.0019142444
0.0021374259
0.0023786473
0.0023887248
0.0022583393
0.0021896884
0.002157683
0.0021306379
0.0021039966
0.0020808281
0.002063558
0.0020546477
0.0020570604
0.0020744395
0.0021119072
0.0021766136
0.0022776143
0.002425858
0.0026347013
0.0029206532
0.0033043178
0.003811939
0.0044768133
0.0053382403
0.006428258
0.006989078
0.0069763112
0.0069692447
0.0069659161
0.0069653549
0.0069668447
0.0069697691
0.0069736075
0.006978106
0.0069833009
0.006989348
0.0069963329
0.0070043041
0.0070134481
0.0070241014
0.0070361002
3.5978062e-14
6.867805e-12
1.7516949e-10
1.6863002e-09
9.6207066e-09
3.9772421e-08
1.3137066e-07
3.6397836e-07
8.66372e-07
1.7971809e-06
3.2984747e-06
5.4650968e-06
8.3586838e-06
1.2030645e-05
1.6508595e-05
2.17492e-05
2.720395e-05
3.3067038e-05
3.9558174e-05
4.6694029e-05
5.4419238e-05
6.264363e-05
7.1253821e-05
8.0116177e-05
8.9077833e-05
9.7969516e-05
0.00010661337
0.00011483939
0.00012251288
0.00012957109
0.00013605624
0.00014209634
0.00014771443
0.00015222888
0.00015301029
0.00015404188
0.00015873349
0.00016816377
0.00017600674
0.00018511546
0.0002032633
0.00023747169
0.00029372419
0.00036584041
0.00044506865
0.00053028033
0.00062135806
0.0007190275
0.00082460483
0.00093973807
0.0010661947
0.001205706
0.0013598712
0.0015301319
0.0017175598
0.0019223786
0.0021450048
0.0023867696
0.0022751605
0.002159068
0.0021075198
0.0020778218
0.0020490915
0.0020216684
0.0019985067
0.0019816674
0.0019737136
0.0019778336
0.0019979914
0.0020396962
0.0021104508
0.0022195744
0.0023782272
0.0026000163
0.0029018261
0.0033048074
0.0038359676
0.004529482
0.0054246171
0.0065588902
0.0069865343
0.0069749237
0.0069686516
0.0069658459
0.0069656407
0.00696742
0.006970596
0.0069746651
0.006979355
0.0069846939
0.0069908541
0.0069979416
0.0070059973
0.0070151944
0.0070259827
0.0070390838
3.6697467e-14
7.0050808e-12
1.7866803e-10
1.7199108e-09
9.8113892e-09
4.0549372e-08
1.3386295e-07
3.7054182e-07
8.808246e-07
1.8242517e-06
3.3429812e-06
5.532195e-06
8.4545952e-06
1.216066e-05
1.6671611e-05
2.1932172e-05
2.7337608e-05
3.315829e-05
3.9599484e-05
4.6668398e-05
5.430146e-05
6.2401277e-05
7.0848051e-05
7.9502581e-05
8.8207973e-05
9.6794366e-05
0.00010508886
0.0001129346
0.00012021952
0.00012691144
0.00013308285
0.0001388804
0.00014432154
0.00014865477
0.00014880385
0.00015027976
0.00015608942
0.00016649087
0.00017181537
0.00018303825
0.00020478312
0.0002454081
0.0003064034
0.0003788186
0.00045756921
0.00054194562
0.00063212239
0.00072901433
0.00083402897
0.00094882917
0.0010751433
0.0012146278
0.0013687802
0.0015389097
0.0017260969
0.0019304859
0.0021522467
0.0023045863
0.0021615072
0.0020678349
0.0020267678
0.0019967466
0.0019665417
0.0019388284
0.0019159929
0.0018999232
0.0018933535
0.0018997301
0.0019233714
0.0019701632
0.0020479054
0.0021661238
0.0023361701
0.0025719193
0.002890672
0.0033141739
0.0038702375
0.0045938315
0.0055230926
0.0067053511
0.0069841738
0.0069737042
0.0069681946
0.00696588
0.0069659936
0.0069680257
0.0069714294
0.0069757164
0.0069805966
0.0069860783
0.0069923494
0.0069995385
0.0070076783
0.0070169052
0.0070277557
3.7440649e-14
7.1471958e-12
1.8229319e-10
1.7547003e-09
1.0008677e-08
4.1353365e-08
1.3644169e-07
3.7732416e-07
8.9573434e-07
1.8521552e-06
3.3888524e-06
5.601384e-06
8.5532986e-06
1.2293496e-05
1.6835932e-05
2.2113289e-05
2.7466819e-05
3.324302e-05
3.9631386e-05
4.6629214e-05
5.4164399e-05
6.2132343e-05
7.040669e-05
7.8842661e-05
8.7279945e-05
9.5548799e-05
0.00010348335
0.00011094422
0.00011785071
0.0001242142
0.00013014701
0.00013578369
0.00014097247
0.00014446678
0.00014472984
0.00014714623
0.0001538262
0.00016165859
0.00016833008
0.00018214805
0.00020839464
0.00025515812
0.00031953458
0.00039175605
0.00046985789
0.00055336198
0.00064267357
0.00073885973
0.00084339394
0.00095793677
0.0010841676
0.0012236643
0.0013778233
0.0015478262
0.0017346853
0.0019386467
0.0021599075
0.0021761161
0.0020498361
0.001980886
0.001945885
0.0019144334
0.0018832618
0.0018557014
0.00183352
0.0018186064
0.0018139098
0.0018231712
0.0018510794
0.0019038594
0.0019895433
0.0021178167
0.0023002191
0.0025509272
0.0028877017
0.003332914
0.0039152174
0.0046703649
0.0056335107
0.0068648841
0.006982002
0.0069726476
0.0069678477
0.0069660004
0.0069664153
0.0069686678
0.0069722727
0.0069767616
0.0069818262
0.0069874517
0.0069938323
0.0070011226
0.0070093511
0.007018586
0.0070291537
3.8211154e-14
7.2944703e-12
1.8604909e-10
1.7907663e-09
1.0213176e-08
4.2186296e-08
1.3911087e-07
3.843316e-07
9.1110352e-07
1.8808563e-06
3.4359794e-06
5.6723661e-06
8.6540704e-06
1.2427571e-05
1.6998622e-05
2.228705e-05
2.7589605e-05
3.3320452e-05
3.9653495e-05
4.6575511e-05
5.400618e-05
6.1833784e-05
6.9925672e-05
7.8132119e-05
8.6290121e-05
9.4231416e-05
0.00010179846
0.0001088711
0.00011540253
0.00012145338
0.00012718595
0.00013272994
0.00013773561
0.00014033821
0.00014080914
0.00014423841
0.00015194937
0.00015732034
0.00016575222
0.00018266003
0.00021464605
0.00026657312
0.0003323638
0.00040448121
0.00048191473
0.0005645516
0.00065304768
0.00074860491
0.00085274116
0.0009670991
0.0010933008
0.0012328422
0.0013870229
0.0015569091
0.0017433451
0.0019468269
0.0021686793
0.0020558731
0.0019466894
0.0018965328
0.0018639835
0.0018310251
0.0017995475
0.0017725439
0.0017513687
0.0017380507
0.0017357872
0.0017486429
0.0017816679
0.0018413667
0.0019359366
0.0020751982
0.0022708945
0.0025375451
0.0028934131
0.0033615118
0.0039713756
0.0047598298
0.0057569998
0.0069945763
0.0069800109
0.006971728
0.006967618
0.0069662128
0.0069668949
0.0069693409
0.0069731222
0.006977797
0.0069830425
0.0069888128
0.0069953017
0.0070026928
0.0070110216
0.0070202938
0.0070305437
3.9022077e-14
7.4490815e-12
1.8998662e-10
1.8286164e-09
1.0427809e-08
4.3060503e-08
1.4191113e-07
3.9167719e-07
9.2719198e-07
1.9108569e-06
3.4851979e-06
5.7463819e-06
8.7587306e-06
1.2565601e-05
1.7163983e-05
2.2461041e-05
2.7709803e-05
3.3392122e-05
3.9665479e-05
4.6505447e-05
5.3823632e-05
6.1501157e-05
6.93995e-05
7.7364933e-05
8.523317e-05
9.2839322e-05
0.00010003609
0.00010672355
0.00011288959
0.00011864491
0.00012420649
0.00012971268
0.00013462795
0.00013642112
0.00013727937
0.00014154629
0.00014867155
0.0001536145
0.000164248
0.0001848363
0.0002231813
0.00027963939
0.00034558667
0.00041719605
0.00049379709
0.00057554621
0.00066327993
0.00075828969
0.0008621107
0.00097635276
0.0011025731
0.0012421841
0.0013963905
0.0015661503
0.0017521401
0.0019547192
0.0020708283
0.0019380642
0.0018539131
0.0018140023
0.0017809313
0.0017469043
0.0017157274
0.0016896459
0.0016698684
0.0016586456
0.001659453
0.001676691
0.0017157293
0.0017832808
0.0018876543
0.002038799
0.0022486983
0.0025322602
0.0029082856
0.0034004347
0.0040391596
0.0048630268
0.0058975521
0.0069915071
0.0069782177
0.0069709514
0.0069675007
0.0069664996
0.0069674375
0.0069700506
0.0069739822
0.0069788205
0.0069842409
0.0069901576
0.0069967549
0.0070042451
0.007012688
0.0070220653
0.0070321369
3.9879106e-14
7.6124393e-12
1.9414609e-10
1.8685806e-09
1.0654377e-08
4.398279e-08
1.4486147e-07
3.99406e-07
9.4409897e-07
1.9423294e-06
3.5367309e-06
5.8237162e-06
8.8674483e-06
1.2707549e-05
1.733172e-05
2.2634739e-05
2.7826706e-05
3.3456632e-05
3.9664955e-05
4.641589e-05
5.3612649e-05
6.1129586e-05
6.8822733e-05
7.6535301e-05
8.4103771e-05
9.1369097e-05
9.8197398e-05
0.00010451137
0.00011033258
0.00011581748
0.00012123302
0.00012672509
0.00013157306
0.00013261876
0.0001340814
0.00013921083
0.00014428517
0.00015071788
0.00016406021
0.00018943845
0.00023356776
0.00029284873
0.0003586975
0.00042969238
0.00050544418
0.00058635148
0.0006734026
0.00076795438
0.00087154244
0.00098573307
0.0011120132
0.0012517103
0.001405938
0.0015755637
0.0017611858
0.0019633766
0.0019388693
0.0018253427
0.0017659776
0.0017312844
0.0016968738
0.001662504
0.0016321232
0.0016073307
0.0015893973
0.001580842
0.0015854396
0.0016079099
0.0016538788
0.001730194
0.0018452462
0.0020091306
0.0022341147
0.0025355381
0.0029327722
0.0034501241
0.0041188939
0.0049798392
0.0060567086
0.0069886087
0.0069766234
0.006970311
0.0069674691
0.0069668636
0.0069680323
0.0069707916
0.00697485
0.0069798342
0.0069854181
0.0069914843
0.0069981893
0.0070057744
0.0070143376
0.0070238905
0.0070340204
4.0790098e-14
7.7861355e-12
1.985668e-10
1.9110594e-09
1.0895185e-08
4.4961917e-08
1.4798958e-07
4.0758433e-07
9.6194226e-07
1.9754565e-06
3.5908481e-06
5.9046776e-06
8.9804834e-06
1.2853415e-05
1.7501599e-05
2.2807467e-05
2.7938324e-05
3.3511746e-05
3.9649239e-05
4.6303706e-05
5.336976e-05
6.0715011e-05
6.8190711e-05
7.5638284e-05
8.2896871e-05
8.9817035e-05
9.6282778e-05
0.00010224394
0.00010775593
0.00011301103
0.00011830719
0.00012379706
0.0001286408
0.00012895563
0.00013098899
0.00013671769
0.00014047858
0.00014883415
0.00016541513
0.00019679122
0.00024587766
0.00030605394
0.00037170096
0.00044199678
0.0005168905
0.0005970081
0.00068345981
0.00077764288
0.00088107639
0.00099527394
0.0011216478
0.0012614386
0.001415669
0.0015851187
0.0017703156
0.0019538511
0.0018171169
0.0017240945
0.0016811107
0.0016476313
0.0016121669
0.001578228
0.0015490732
0.0015259704
0.0015103922
0.0015051568
0.0015143404
0.0015429313
0.0015967351
0.0016826803
0.0018092348
0.0019866752
0.0022276023
0.0025478186
0.0029672887
0.0035109886
0.0042108036
0.005109706
0.0062326862
0.0069859156
0.006975201
0.0069697797
0.0069675265
0.0069672867
0.006968682
0.0069715682
0.00697573
0.0069808362
0.0069865731
0.0069927886
0.0069996037
0.0070072767
0.0070159527
0.0070257307
0.007036282
4.1751333e-14
7.9701826e-12
2.0326471e-10
1.9561728e-09
1.1150936e-08
4.6001421e-08
1.5130746e-07
4.1624838e-07
9.8080429e-07
2.0103643e-06
3.6476968e-06
5.9893168e-06
9.0976595e-06
1.300268e-05
1.7672365e-05
2.2969472e-05
2.8041001e-05
3.3555506e-05
3.9617093e-05
4.6167439e-05
5.3092831e-05
6.0254518e-05
6.7500138e-05
7.4670613e-05
8.1610131e-05
8.8181712e-05
9.4292235e-05
9.992599e-05
0.00010518104
0.00011028402
0.00011551788
0.00012090242
0.00012526949
0.00012550072
0.00012818491
0.00013234751
0.00013740754
0.00014818081
0.00016880637
0.00020640942
0.00025944668
0.00031956214
0.00038464662
0.00045411758
0.00052815651
0.00060755139
0.00069349416
0.00078739791
0.0008907514
0.0010050081
0.0011315019
0.001271385
0.0014255881
0.0015947967
0.001779385
0.0018117374
0.0016993396
0.001633874
0.001597696
0.0015630971
0.0015273718
0.0014944861
0.0014669518
0.0014459932
0.0014333558
0.0014321724
0.0014467918
0.0014823981
0.0015449012
0.0016412831
0.0017801107
0.0019718867
0.0022295894
0.0025695032
0.0030121932
0.0035833778
0.0043150779
0.0052515095
0.0064250304
0.0069834444
0.0069739527
0.0069693631
0.0069676486
0.0069677691
0.0069693748
0.0069723747
0.0069766205
0.0069818293
0.0069877027
0.0069940667
0.0070009962
0.0070087494
0.0070175151
0.0070275128
0.0070390327
4.2776907e-14
8.1659995e-12
2.0825729e-10
2.0041219e-09
1.142261e-08
4.7105324e-08
1.5482927e-07
4.2542322e-07
1.000706e-06
2.0470682e-06
3.7072105e-06
6.0773556e-06
9.2182879e-06
1.3154033e-05
1.784178e-05
2.3096833e-05
2.8128961e-05
3.3588154e-05
3.9569295e-05
4.600619e-05
5.27789e-05
5.9743892e-05
6.6746305e-05
7.3628989e-05
8.0243694e-05
8.6468853e-05
9.2235969e-05
9.7565334e-05
0.00010260338
0.0001076252
0.00011289948
0.00011816181
0.00012130256
0.00012196679
0.00012551827
0.00012852359
0.00013531938
0.00014905444
0.000175132
0.00021795235
0.00027271098
0.00033284341
0.0003973575
0.00046601896
0.0005392619
0.00061802161
0.00070355108
0.00079726296
0.00090060528
0.0010149658
0.0011415979
0.0012815643
0.001435706
0.0016046796
0.0017899358
0.0016844969
0.0015917951
0.0015469321
0.0015136425
0.0014781318
0.0014430276
0.0014116709
0.001386175
0.0013678863
0.0013588573
0.0013625274
0.0013834567
0.0014269411
0.0014989441
0.0016065052
0.0017583262
0.0019651843
0.0022404712
0.002600951
0.0030677648
0.0036675307
0.0044320018
0.0054038163
0.0066326209
0.0069811964
0.0069728716
0.0069690362
0.0069678379
0.0069682917
0.0069701022
0.0069732077
0.0069775214
0.0069828133
0.0069888054
0.0069953159
0.0070023653
0.0070101942
0.0070190144
0.0070292019
4.3892941e-14
8.3782994e-12
2.1364521e-10
2.0557735e-09
1.1715047e-08
4.8293295e-08
1.5861388e-07
4.3525642e-07
1.0219468e-06
2.086057e-06
3.7701395e-06
6.1697983e-06
9.343579e-06
1.3308931e-05
1.8012031e-05
2.3220724e-05
2.8208902e-05
3.3606881e-05
3.9499494e-05
4.5812924e-05
5.2420975e-05
5.9176131e-05
6.5923021e-05
7.250886e-05
7.8796907e-05
8.468562e-05
9.0135009e-05
9.5198979e-05
0.00010005516
0.0001049983
0.00011028613
0.00011552999
0.00011757394
0.0001185895
0.00012120985
0.00012539926
0.00013442206
0.00015177542
0.00018410098
0.00023146846
0.00028645907
0.00034617682
0.00040993506
0.0004777556
0.00055025499
0.00062846778
0.00071367813
0.00080728098
0.00091067436
0.0010251755
0.0011519553
0.0012919827
0.0014459878
0.0016144295
0.0016731431
0.001564406
0.0014986508
0.0014628408
0.0014289331
0.0013933195
0.0013596011
0.0013302021
0.0013072237
0.0012922066
0.0012875291
0.0012968967
0.0013249947
0.001377159
0.0014593854
0.0015788021
0.0017442939
0.0019669478
0.0022605962
0.0026424678
0.0031341947
0.0037635252
0.0045621586
0.0055659807
0.0068483286
0.0069791629
0.0069719341
0.006968804
0.0069680718
0.0069688547
0.0069708647
0.0069740698
0.0069784369
0.00698379
0.0069898826
0.0069965314
0.00700371
0.0070116175
0.0070204426
0.0070304047
4.50891e-14
8.6065336e-12
2.1946537e-10
2.1116357e-09
1.2031204e-08
4.9577227e-08
1.6269461e-07
4.4583169e-07
1.0447239e-06
2.1276612e-06
3.8368876e-06
6.267094e-06
9.4739237e-06
1.3467625e-05
1.818306e-05
2.3340091e-05
2.8279437e-05
3.360998e-05
3.9405745e-05
4.5585062e-05
5.2016185e-05
5.8548504e-05
6.5027575e-05
7.1307865e-05
7.7268131e-05
8.2832987e-05
8.7998823e-05
9.2861233e-05
9.7625992e-05
0.0001025582
0.00010774243
0.00011236003
0.00011355212
0.00011483947
0.00011743228
0.00012325738
0.00013506109
0.00015737012
0.00019518685
0.00024501217
0.00030009243
0.00035931293
0.0004223013
0.00048932911
0.0005611708
0.00063893615
0.00072392201
0.00081749377
0.00092099266
0.0010356624
0.0011625912
0.0013026575
0.0014565312
0.0016254841
0.001542241
0.001454956
0.0014111144
0.0013787282
0.0013440333
0.0013093162
0.0012775712
0.0012505556
0.0012306423
0.0012195795
0.0012200528
0.0012359633
0.0012720347
0.0013335982
0.0014266929
0.0015585829
0.0017383837
0.0019775136
0.0022902566
0.002694295
0.0032116019
0.003871237
0.0047063509
0.005741146
0.0069890705
0.0069773519
0.0069711415
0.0069686432
0.0069683526
0.0069694397
0.0069716482
0.006974953
0.0069793647
0.0069847611
0.0069909344
0.0069977089
0.0070050263
0.0070130312
0.0070218744
0.0070315322
4.6383859e-14
8.8537742e-12
2.2577567e-10
2.1723264e-09
1.2374786e-08
5.0969875e-08
1.6711478e-07
4.5725248e-07
1.0692253e-06
2.1722066e-06
3.9078475e-06
6.369576e-06
9.6095634e-06
1.3630137e-05
1.8354605e-05
2.3454215e-05
2.8339576e-05
3.3595671e-05
3.9285077e-05
4.5318918e-05
5.1560266e-05
5.7856877e-05
6.405767e-05
7.002701e-05
7.5663144e-05
8.0920972e-05
8.5838586e-05
9.0557758e-05
9.5311211e-05
0.00010030086
0.0001052642
0.00010780904
0.00010894053
0.00011065478
0.00011439704
0.00012234634
0.00013752841
0.00016592752
0.00020853944
0.00025891387
0.00031375618
0.00037231905
0.0004345059
0.00050079002
0.00057206236
0.00064947864
0.00073433005
0.00082794159
0.00093159158
0.0010464474
0.0011735135
0.0013135593
0.0014670558
0.0015232118
0.0014218014
0.0013608168
0.0013269978
0.0012943355
0.0012597107
0.001226701
0.0011973909
0.0011732677
0.0011570426
0.0011506818
0.0011571279
0.0011803847
0.0012251492
0.0012967392
0.0014012739
0.0015462056
0.0017409182
0.0019971638
0.0023296705
0.0027565924
0.0033000627
0.0039902999
0.0048643149
0.0059356749
0.006986313
0.0069757547
0.0069704713
0.0069685587
0.0069686613
0.0069700342
0.0069724417
0.0069758507
0.0069803037
0.0069857315
0.0069919632
0.0069988449
0.0070063062
0.0070144401
0.0070233746
0.0070328385
4.7798033e-14
9.1242933e-12
2.3267772e-10
2.2386564e-09
1.2750323e-08
5.2490186e-08
1.7193209e-07
4.6965863e-07
1.0956902e-06
2.2200294e-06
3.9834771e-06
6.4776578e-06
9.7506126e-06
1.3796233e-05
1.8525907e-05
2.3562008e-05
2.8386802e-05
3.3560582e-05
3.9133819e-05
4.5009924e-05
5.1048435e-05
5.7097071e-05
6.3010593e-05
6.8667413e-05
7.3989555e-05
7.8967034e-05
8.3681741e-05
8.8315229e-05
9.3088334e-05
9.7993625e-05
0.00010205182
0.00010331368
0.00010461073
0.00010707315
0.00011240451
0.00012301246
0.00014281665
0.00017682286
0.00022234328
0.00027288979
0.00032731046
0.0003851505
0.0004465599
0.00051217714
0.00058297933
0.00066014577
0.00074494782
0.0008386618
0.00094249908
0.0010575474
0.0011847361
0.0013247722
0.0014788724
0.0013927251
0.0013137509
0.0012740819
0.001243432
0.0012101841
0.0011767576
0.0011460308
0.0011195655
0.0010989426
0.0010871003
0.0010862239
0.0010994367
0.0011307622
0.0011848401
0.0012669958
0.0013834768
0.0015419736
0.0017521647
0.0020261156
0.0023789642
0.002829407
0.0033996251
0.0041202189
0.0050336606
0.0061501201
0.0069837502
0.0069743666
0.0069699072
0.0069685298
0.0069689873
0.0069706401
0.0069732434
0.0069767613
0.0069812518
0.0069867015
0.0069929725
0.0069999386
0.0070075367
0.0070158277
0.0070249459
0.0070344271
4.9354816e-14
9.4217303e-12
2.4026439e-10
2.3115252e-09
1.3162715e-08
5.4158375e-08
1.7720146e-07
4.8318026e-07
1.1243841e-06
2.2714817e-06
4.0641417e-06
6.5916515e-06
9.8971856e-06
1.396549e-05
1.8696005e-05
2.3661059e-05
2.8418629e-05
3.3501379e-05
3.8946845e-05
4.4652419e-05
5.0474666e-05
5.6263696e-05
6.1883517e-05
6.7230546e-05
7.2255717e-05
7.6987646e-05
8.1549127e-05
8.6141382e-05
9.0925048e-05
9.5603837e-05
9.7726935e-05
9.8944878e-05
0.00010069021
0.00010429828
0.00011169897
0.00012554492
0.00015128531
0.00019017963
0.00023644535
0.00028689103
0.00034074317
0.0003978269
0.00045850419
0.00052354238
0.00059397593
0.00067098837
0.00075581893
0.0008496885
0.00095373748
0.0010689673
0.0011962259
0.0013360098
0.0013641828
0.0012744097
0.0012219062
0.0011909514
0.0011599579
0.001127187
0.0010958369
0.0010678433
0.0010446979
0.0010282392
0.0010215253
0.0010269069
0.0010476085
0.0010876171
0.0011515269
0.0012447137
0.0013735939
0.0015461335
0.0017723242
0.0020645092
0.0024381593
0.0029126245
0.0035102679
0.0042606816
0.0052113226
0.0063796497
0.0069814163
0.0069731602
0.0069694555
0.0069685459
0.0069693373
0.0069712424
0.0069740385
0.0069776742
0.0069822093
0.0069876725
0.0069939688
0.0070009911
0.0070087042
0.007017163
0.0070265518
0.0070364004
5.1079938e-14
9.7508082e-12
2.4864951e-10
2.391977e-09
1.3617158e-08
5.599507e-08
1.8298897e-07
4.9795886e-07
1.1555612e-06
2.3269535e-06
4.1502165e-06
6.7117348e-06
1.0049127e-05
1.4137403e-05
1.8863563e-05
2.37502e-05
2.8431941e-05
3.3413188e-05
3.8719104e-05
4.4240595e-05
4.9833556e-05
5.5353129e-05
6.0675891e-05
6.5720427e-05
7.0471116e-05
7.5000745e-05
7.9475215e-05
8.4079114e-05
8.8705183e-05
9.2130375e-05
9.3469329e-05
9.4880487e-05
9.7414847e-05
0.00010262292
0.00011263628
0.00013099236
0.00016228983
0.00020419538
0.00025075117
0.00030085879
0.00035403996
0.00041036986
0.0004703824
0.00053493907
0.00060510661
0.00068205587
0.00076698382
0.00086105154
0.00096532608
0.001080716
0.0012080755
0.0013388838
0.0012384621
0.0011708856
0.0011371529
0.0011085373
0.001077344
0.0010462331
0.0010175266
0.00099271991
0.00097346367
0.00096186427
0.0009610333
0.00097338395
0.0010021861
0.0010513799
0.0011255499
0.0012301693
0.0013718559
0.0015588651
0.0018015157
0.002112393
0.0025071698
0.0030059316
0.003631786
0.0044118599
0.0053943902
0.0066203385
0.006979319
0.0069721261
0.0069690958
0.0069686154
0.0069696971
0.0069718324
0.0069748165
0.0069785792
0.0069831698
0.0069886446
0.0069949562
0.0070020086
0.0070097983
0.0070184061
0.0070281136
0.0070389007
5.2968036e-14
1.0112288e-11
2.5788837e-10
2.4806951e-09
1.4118495e-08
5.801955e-08
1.8936006e-07
5.1415381e-07
1.1894663e-06
2.3867599e-06
4.2420074e-06
6.8380161e-06
1.0206014e-05
1.4310706e-05
1.9026611e-05
2.3825842e-05
2.8422431e-05
3.3291667e-05
3.8444698e-05
4.3768192e-05
4.9119266e-05
5.4361841e-05
5.9389679e-05
6.4148333e-05
6.8656564e-05
7.3021314e-05
7.7422056e-05
8.199257e-05
8.6401938e-05
8.8041599e-05
8.9381215e-05
9.1295403e-05
9.5033559e-05
0.00010233051
0.00011554209
0.000139782
0.00017599096
0.00021864518
0.0002651498
0.00031473908
0.0003671983
0.00042281125
0.00048224421
0.00054642276
0.00061642453
0.00069339414
0.00077847769
0.00087277286
0.00097727169
0.0010927431
0.0012200828
0.001200004
0.001125867
0.0010840193
0.0010559388
0.0010267761
0.00099663449
0.00096801531
0.00094239696
0.00092129533
0.00090656346
0.00090055614
0.00090629539
0.0009262211
0.00096361086
0.0010223845
0.0011071709
0.0012235759
0.0013784288
0.0015802686
0.0018397541
0.0021697045
0.0025858152
0.0031088288
0.0037636147
0.0045746929
0.0055819852
0.0068609807
0.0069774495
0.0069712411
0.0069688126
0.0069687208
0.0069700603
0.0069724043
0.0069755689
0.0069794661
0.0069841268
0.0069896191
0.0069959392
0.0070030025
0.0070108198
0.0070195171
0.007029586
5.5079744e-14
1.0515635e-11
2.6817348e-10
2.5794522e-09
1.4676395e-08
6.026701e-08
1.9640844e-07
5.3198579e-07
1.2265145e-06
2.4514443e-06
4.3400784e-06
6.9708767e-06
1.0367838e-05
1.4484598e-05
1.9183139e-05
2.3885226e-05
2.8386726e-05
3.3131042e-05
3.8117157e-05
4.3228589e-05
4.8326231e-05
5.3286335e-05
5.802485e-05
6.2520856e-05
6.683567e-05
7.1111307e-05
7.5493345e-05
7.982176e-05
8.2618515e-05
8.4044817e-05
8.5658582e-05
8.8455309e-05
9.3874535e-05
0.00010382067
0.00012166953
0.00015126848
0.00019019411
0.00023327559
0.00027952864
0.00032850059
0.00038023526
0.00043519445
0.00049414463
0.00055804998
0.00062798129
0.00070504503
0.00079032894
0.00088486764
0.00098959172
0.0011050785
0.001164343
0.0010812839
0.0010305025
0.0010022303
0.00097537411
0.00094670449
0.00091876462
0.00089314187
0.00087107293
0.00085425867
0.00084470923
0.00084501328
0.00085789046
0.00088586717
0.00093221624
0.0010008771
0.0010965764
0.0012250749
0.0013934028
0.0016103525
0.0018869323
0.0022362451
0.0026738389
0.0032207321
0.0039046442
0.0047501914
0.0057796289
0.006985822
0.0069758071
0.0069704888
0.0069686133
0.0069688547
0.0069704233
0.0069729645
0.0069762959
0.0069803295
0.0069850718
0.0069905926
0.0069969216
0.0070039871
0.007011786
0.0070204483
0.0070303951
5.7465239e-14
1.0970165e-11
2.7972968e-10
2.6901811e-09
1.5300281e-08
6.2775501e-08
2.0424238e-07
5.5168041e-07
1.2670834e-06
2.5214495e-06
4.444729e-06
7.1102278e-06
1.0533869e-05
1.4657479e-05
1.9330417e-05
2.3924358e-05
2.8318985e-05
3.2925387e-05
3.7730179e-05
4.2615845e-05
4.745123e-05
5.2128622e-05
5.6590297e-05
6.0851233e-05
6.5009655e-05
6.9214763e-05
7.3488162e-05
7.7187856e-05
7.8783766e-05
8.0300001e-05
8.2527918e-05
8.6650563e-05
9.4252118e-05
0.00010748769
0.00013122121
0.00016562657
0.0002051576
0.00024815211
0.0002938905
0.00034215561
0.00039318574
0.00044757038
0.00050614096
0.00056987597
0.00063982453
0.0007170438
0.0008025546
0.00089733078
0.0010023149
0.0011184917
0.0010386656
0.00097904619
0.00094845351
0.00092334108
0.0008963667
0.0008694631
0.00084441123
0.00082222161
0.00080423865
0.00079233325
0.00078862168
0.0007958174
0.00081627886
0.00085265127
0.00090823159
0.00098701946
0.0010938786
0.0012347324
0.0014167811
0.0016490195
0.0019428068
0.0023116501
0.0027709013
0.0033411474
0.0040532596
0.0049368225
0.0059955468
0.006983417
0.0069743826
0.0069698654
0.0069684779
0.0069690105
0.0069707951
0.0069735045
0.0069769877
0.0069811571
0.0069859943
0.00699156
0.0069979046
0.0070049787
0.0070127378
0.0070212863
0.0070309404
6.0128555e-14
1.1478221e-11
2.9266447e-10
2.8141974e-09
1.5999407e-08
6.5582332e-08
2.1297233e-07
5.7347389e-07
1.3115344e-06
2.5971865e-06
4.5561863e-06
7.2556672e-06
1.0702674e-05
1.4826721e-05
1.9464476e-05
2.3938873e-05
2.821318e-05
3.2666984e-05
3.7275674e-05
4.1923462e-05
4.649017e-05
5.0889558e-05
5.5095541e-05
5.9159636e-05
6.3206932e-05
6.7355154e-05
7.1403715e-05
7.3567011e-05
7.510926e-05
7.7026364e-05
8.029014e-05
8.6250231e-05
9.661728e-05
0.0001148561
0.00014368774
0.00018010368
0.00022014929
0.00026295605
0.00030812075
0.00035568982
0.00040608234
0.00045999106
0.00051828893
0.00058195181
0.00065199467
0.00072941615
0.00081515441
0.00091010102
0.0010151943
0.00099238117
0.00093052406
0.00089529345
0.00087085215
0.00084568971
0.00082007014
0.00079591487
0.00077419115
0.00075590677
0.00074258618
0.00073619919
0.00073893657
0.00075342447
0.00078179091
0.00082679195
0.00089179416
0.00098089229
0.001099106
0.0012525193
0.0014484623
0.0016960608
0.0020069978
0.0023953657
0.0028765169
0.0034697901
0.0042079305
0.0051298709
0.0062291522
0.0069812001
0.0069731529
0.0069693488
0.0069683955
0.0069691979
0.0069711656
0.0069740214
0.0069776404
0.0069819403
0.0069868855
0.0069925135
0.0069988876
0.0070059863
0.0070137209
0.0070221468
0.0070314975
6.3113017e-14
1.204847e-11
3.0720597e-10
2.9536786e-09
1.6785825e-08
6.8733351e-08
2.2273073e-07
5.9765013e-07
1.3602867e-06
2.6790617e-06
4.6745396e-06
7.406821e-06
1.0872958e-05
1.4989402e-05
1.9580299e-05
2.3922047e-05
2.8062523e-05
3.2348621e-05
3.6746582e-05
4.1145669e-05
4.5441329e-05
4.9573937e-05
5.3554376e-05
5.7472878e-05
6.14516e-05
6.5414748e-05
6.8392281e-05
7.0024968e-05
7.1799273e-05
7.4510287e-05
7.9301024e-05
8.7631072e-05
0.00010171259
0.00012561952
0.00015861193
0.00019561762
0.00023555473
0.00027782996
0.00032228528
0.00036915555
0.00041898086
0.00047251431
0.00053064247
0.00059432138
0.00066452283
0.00074217924
0.00082812821
0.0009232024
0.00094652036
0.00088091631
0.00084191065
0.00081821892
0.00079495172
0.00077073357
0.0007476327
0.00072670596
0.00070873212
0.00069488337
0.00068678437
0.0006864363
0.00069613999
0.00071814518
0.00075462016
0.00080840249
0.00088295465
0.00098249318
0.001112195
0.0012782952
0.0014882221
0.0017511513
0.0020790117
0.0024866528
0.0029899418
0.0036065155
0.0043679776
0.0053239583
0.0064738966
0.0069791977
0.006972098
0.0069689246
0.0069683541
0.0069694025
0.0069715307
0.0069745144
0.0069782524
0.0069826727
0.0069877315
0.0069934408
0.006999863
0.0070070071
0.0070147579
0.007023083
0.0070321409
6.6504801e-14
1.2696317e-11
3.237049e-10
3.1117438e-09
1.7675283e-08
7.2287125e-08
2.336781e-07
6.2453675e-07
1.4138223e-06
2.7674864e-06
4.7997501e-06
7.5625783e-06
1.1042222e-05
1.5141358e-05
1.9671985e-05
2.3868172e-05
2.785912e-05
3.196178e-05
3.613578e-05
4.0279238e-05
4.4307624e-05
4.8190992e-05
5.1974142e-05
5.5767582e-05
5.9642563e-05
6.3255102e-05
6.5016811e-05
6.6753862e-05
6.9131106e-05
7.3115565e-05
7.9961234e-05
9.1214753e-05
0.00011083445
0.00013987041
0.00017399169
0.00021125416
0.00025089069
0.00029255768
0.00033631758
0.00038256249
0.0004319239
0.00048519127
0.00054324682
0.00060701582
0.00067742224
0.00075532941
0.00084146364
0.00089893221
0.00083152369
0.00078921378
0.00076592841
0.00074441009
0.00072163106
0.00069967358
0.00067972705
0.00066243174
0.00064868999
0.00063980606
0.00063742196
0.00064356047
0.000660508
0.00069015182
0.00073484406
0.0007974996
0.000881677
0.00099172577
0.001132971
0.0013117906
0.0015356972
0.0018138496
0.0021582803
0.0025846451
0.003110075
0.0037510267
0.0045341894
0.0055149075
0.0067238109
0.0069774083
0.0069711942
0.0069685808
0.0069683629
0.0069696185
0.0069718886
0.0069749833
0.0069788239
0.0069833508
0.006988521
0.0069943288
0.0070008192
0.0070080292
0.0070158504
0.0070241278
0.007032919
7.0354957e-14
1.3431799e-11
3.4245954e-10
3.2915248e-09
1.868555e-08
7.6310002e-08
2.4599313e-07
6.5447206e-07
1.4725577e-06
2.862692e-06
4.9314909e-06
7.7215361e-06
1.1207228e-05
1.5277051e-05
1.9731336e-05
2.3768545e-05
2.7594502e-05
3.1498061e-05
3.5435737e-05
3.9319773e-05
4.309138e-05
4.6755585e-05
5.0389793e-05
5.4095194e-05
5.7764645e-05
6.0087604e-05
6.1847971e-05
6.4036788e-05
6.7482524e-05
7.3294113e-05
8.2789812e-05
9.8613777e-05
0.00012336499
0.00015497789
0.00018983439
0.00022706508
0.00026620835
0.00030719153
0.00035027452
0.00039597078
0.00044496993
0.00049807156
0.00055613526
0.0006200457
0.00069067818
0.00076884068
0.00084842329
0.00078192889
0.00073745268
0.00071421808
0.0006942324
0.00067295272
0.00065222773
0.00063337023
0.00061696316
0.00060372964
0.0005947086
0.00059123675
0.00059492537
0.00060792636
0.0006321489
0.00066949695
0.00072244797
0.0007940093
0.00088783284
0.0010083888
0.0011611352
0.0013525929
0.001590375
0.0018835931
0.0022441984
0.0026884715
0.0032354861
0.0039023581
0.0047089838
0.0057029734
0.0069585678
0.0069758237
0.0069704242
0.0069683197
0.0069684053
0.0069698414
0.0069722373
0.0069754368
0.0069793622
0.0069839737
0.0069892456
0.0069951596
0.0070017402
0.0070090352
0.0070169808
0.0070253074
0.0070338907
7.4745607e-14
1.4270977e-11
3.6386422e-10
3.4965258e-09
1.9835723e-08
8.0874492e-08
2.5986919e-07
6.8781038e-07
1.5368857e-06
2.9646989e-06
5.0687977e-06
7.8812338e-06
1.136341e-05
1.5389205e-05
1.9748373e-05
2.3614567e-05
2.7259637e-05
3.094875e-05
3.4640855e-05
3.8266174e-05
4.1797352e-05
4.5277695e-05
4.8801498e-05
5.2350987e-05
5.5244789e-05
5.7059485e-05
5.9150755e-05
6.2236808e-05
6.7293998e-05
7.549956e-05
8.8615802e-05
0.00010992803
0.00013893442
0.00017136621
0.00020624448
0.00024300933
0.00028145843
0.00032171738
0.00036417628
0.00040941981
0.00045816166
0.00051118775
0.00056931886
0.00063339101
0.00070422983
0.00078265059
0.00073038727
0.00068682581
0.00066350835
0.00064473445
0.00062494704
0.00060552072
0.00058782168
0.00057242153
0.00055992321
0.0005511856
0.00054729969
0.00054957734
0.00055963231
0.00057960711
0.00061106575
0.00065611617
0.00071731992
0.00079776262
0.000901187
0.0010321609
0.0011962566
0.0014001468
0.0016515935
0.0019596905
0.0023361355
0.0027973982
0.0033646862
0.0040583395
0.0048940837
0.0058994345
0.0069830389
0.0069744413
0.0069697698
0.0069681219
0.0069684729
0.0069700674
0.0069725848
0.0069758699
0.006979866
0.0069845471
0.0069899012
0.0069959174
0.0070026052
0.0070100055
0.0070181152
0.0070266284
0.0070351178
7.9783167e-14
1.5232921e-11
3.8837451e-10
3.7311389e-09
2.1149514e-08
8.6065638e-08
2.7552012e-07
7.2489503e-07
1.6070506e-06
3.073167e-06
5.2100317e-06
8.0379262e-06
1.1504389e-05
1.5468609e-05
1.9711252e-05
2.3394827e-05
2.6843446e-05
3.0305274e-05
3.3746254e-05
3.7119232e-05
4.0428603e-05
4.3747815e-05
4.7161304e-05
5.0487252e-05
5.2375477e-05
5.4433637e-05
5.729361e-05
6.1818603e-05
6.9049373e-05
8.0287359e-05
9.8919969e-05
0.00012533525
0.00015542028
0.00018806965
0.00022263178
0.00025878302
0.00029652122
0.00033611682
0.00037804996
0.00042294887
0.0004715319
0.00052455293
0.00058277941
0.00064699346
0.00071799323
0.00067789708
0.00063625252
0.00061362771
0.00059612573
0.00057783436
0.00055976337
0.00054328325
0.00052897675
0.00051736244
0.00050916781
0.00050530114
0.00050682868
0.00051503184
0.0005317127
0.00055849954
0.00059715082
0.00064985242
0.00071924406
0.00080848282
0.00092138491
0.0010625921
0.0012377745
0.0014537689
0.001718556
0.0020413139
0.0024334037
0.0029108985
0.0034965697
0.0042159201
0.0050858878
0.0061125386
0.0069810598
0.0069732486
0.0069692142
0.0069679763
0.0069685607
0.006970306
0.0069729234
0.006976281
0.006980336
0.0069850719
0.0069904882
0.0069965918
0.0070033898
0.0070109157
0.0070192113
0.0070280655
0.0070367017
8.5554032e-14
1.63349e-11
4.1644197e-10
3.9996224e-09
2.2650337e-08
9.196538e-08
2.9312852e-07
7.659482e-07
1.6829327e-06
3.1869247e-06
5.3521782e-06
8.1858612e-06
1.1620837e-05
1.5501939e-05
1.9602931e-05
2.309564e-05
2.6333317e-05
2.9556471e-05
3.2745469e-05
3.5882265e-05
3.9007543e-05
4.2212376e-05
4.5482071e-05
4.7802194e-05
4.9869036e-05
5.2604565e-05
5.6784484e-05
6.3337493e-05
7.3299599e-05
8.969349e-05
0.00011357971
0.00014158757
0.00017223886
0.0002048143
0.00023889705
0.00027438155
0.00031143492
0.00035044026
0.00039194053
0.00043658792
0.00048509018
0.0005381454
0.00059645145
0.00066077014
0.00062497269
0.00058585305
0.00056476063
0.00054866641
0.00053182871
0.00051515222
0.00049995546
0.00048681259
0.0004761904
0.0004687072
0.0004651404
0.00046638567
0.00047347656
0.00048782181
0.00051095964
0.00054444672
0.00059019181
0.00065044453
0.00072789802
0.00082577338
0.00094794324
0.0010991052
0.0012850136
0.0015126772
0.0017903656
0.0021275001
0.0025351851
0.0030285734
0.0036307004
0.0043725191
0.0052781254
0.0063364973
0.0069792571
0.0069722196
0.0069687547
0.0069678741
0.0069686607
0.0069705463
0.0069732502
0.0069766702
0.006980774
0.0069855518
0.0069910132
0.0069971794
0.0070040717
0.0070117324
0.0070202244
0.0070295331
0.0070389454
9.2152408e-14
1.7595228e-11
4.4853221e-10
4.3061814e-09
2.4359163e-08
9.8641555e-08
3.1281897e-07
8.1097157e-07
1.7638619e-06
3.303701e-06
5.4902997e-06
8.3165157e-06
1.1699874e-05
1.5471649e-05
1.94017e-05
2.2701804e-05
2.5715674e-05
2.8690376e-05
3.1630684e-05
3.4554198e-05
3.7536289e-05
4.0627244e-05
4.3346293e-05
4.5444941e-05
4.8125843e-05
5.2099702e-05
5.8226955e-05
6.7403107e-05
8.1979091e-05
0.00010351479
0.00012973967
0.00015862367
0.00018940182
0.00022160321
0.00025504917
0.00028982406
0.00032622528
0.00036471111
0.0004058584
0.00045032621
0.00049880243
0.00055188778
0.00061021918
0.00057211207
0.00053614721
0.00051719265
0.00050255407
0.00048711145
0.00047185008
0.00045802507
0.0004461186
0.00043656825
0.00042992219
0.00042683703
0.00042808865
0.0004345468
0.00044732101
0.00046775951
0.00049713782
0.00053719334
0.00058988711
0.00065752155
0.00074283877
0.0008491092
0.00098025083
0.0011410081
0.0013372097
0.0015760305
0.0018660741
0.0022171813
0.0026404603
0.0031499433
0.003767299
0.0045268703
0.0054645668
0.0065654909
0.006977636
0.0069713297
0.0069683741
0.0069678083
0.006968784
0.006970785
0.0069735642
0.0069770379
0.0069811819
0.0069859904
0.0069914805
0.0069976842
0.0070046401
0.0070124117
0.0070210941
0.0070309236
9.9638342e-14
1.9024491e-11
4.8492395e-10
4.6535831e-09
2.6288713e-08
1.0612142e-07
3.3456185e-07
8.5950638e-07
1.8480793e-06
3.4192559e-06
5.6164099e-06
8.4170178e-06
1.1723037e-05
1.5353892e-05
1.9079614e-05
2.2191938e-05
2.4971015e-05
2.7690633e-05
3.0391696e-05
3.313348e-05
3.6018804e-05
3.9000839e-05
4.1144824e-05
4.3820989e-05
4.7691865e-05
5.3561669e-05
6.2252137e-05
7.5618757e-05
9.5341907e-05
0.00011992216
0.00014717122
0.00017627144
0.00020672379
0.00023829697
0.000271007
0.00030507489
0.00034088003
0.00037891669
0.00041976924
0.00046409617
0.00051257674
0.00056564812
0.00051996358
0.00048772129
0.00047124263
0.00045799156
0.00044389116
0.00043006273
0.00041765809
0.00040708467
0.00039867139
0.00039294761
0.00039048212
0.00039192831
0.00039805087
0.00040976598
0.00042825192
0.00045447896
0.00048992365
0.00053636625
0.00059580766
0.00067059067
0.0007634976
0.00087784089
0.0010175832
0.0011875175
0.0013935392
0.0016429669
0.0019447374
0.0023092489
0.002747991
0.0032741676
0.0039069244
0.0046799348
0.0056401305
0.006793975
0.0069761877
0.0069705592
0.0069680607
0.0069677683
0.0069689182
0.0069710192
0.006973865
0.0069773847
0.0069815621
0.0069863922
0.0069918971
0.0069981155
0.0070050977
0.0070129235
0.007021704
0.0070316232
1.0797014e-13
2.0615344e-11
5.2540995e-10
5.0394482e-09
2.8423322e-08
1.1431582e-07
3.5793524e-07
9.1008778e-07
1.9317583e-06
3.5257252e-06
5.7170803e-06
8.4671099e-06
1.1662568e-05
1.5113998e-05
1.8597539e-05
2.1535796e-05
2.4073322e-05
2.6540115e-05
2.9032123e-05
3.1663156e-05
3.455285e-05
3.6954767e-05
3.9668095e-05
4.3523207e-05
4.9277287e-05
5.7704508e-05
7.0392791e-05
8.8839456e-05
0.00011191317
0.00013766091
0.00016520482
0.00019403574
0.000223887
0.00025471904
0.00028668539
0.00032009446
0.00035536977
0.00039300698
0.00043357596
0.00047773375
0.00050698945
0.00046750738
0.00044158573
0.0004273602
0.00041518537
0.00040236786
0.00039002066
0.00037906608
0.00036985691
0.0003626791
0.00035792846
0.00035617216
0.00035795856
0.0003639374
0.00037491935
0.0003919435
0.00041577684
0.00044759547
0.00048889312
0.00054148816
0.00060741227
0.00068903971
0.00078918817
0.00091121286
0.0010591291
0.0012377883
0.0014531478
0.001712633
0.0020254625
0.0024026416
0.0028564089
0.0033998484
0.0040496552
0.0048352341
0.0058048814
0.0069831487
0.0069749039
0.0069698981
0.0069678058
0.0069677632
0.0069690584
0.0069712474
0.0069741522
0.006977711
0.0069819169
0.0069867621
0.0069922718
0.006998487
0.0070054645
0.0070132811
0.0070220377
0.0070318749
1.168467e-13
2.2309216e-11
5.6845639e-10
5.4486181e-09
3.0672518e-08
1.2282912e-07
3.815723e-07
9.5891606e-07
2.0064749e-06
3.6077335e-06
5.7680353e-06
8.4324134e-06
1.1474231e-05
1.4700417e-05
1.7901706e-05
2.069463e-05
2.2993875e-05
2.5231456e-05
2.7588514e-05
3.0237095e-05
3.2879077e-05
3.5663374e-05
3.9572452e-05
4.5341556e-05
5.3735227e-05
6.6147444e-05
8.3704257e-05
0.00010545976
0.00012986288
0.00015598501
0.00018332491
0.00021159712
0.00024071884
0.0002707852
0.00030203752
0.00033483676
0.00036962859
0.00040686775
0.00044709855
0.00045032906
0.00041705846
0.00039720429
0.00038534993
0.00037427719
0.00036277376
0.00035194701
0.00034248611
0.00033464255
0.00032870613
0.00032502474
0.00032400397
0.0003262281
0.00033221638
0.00034268358
0.00035855297
0.00038048292
0.00040944767
0.00044662552
0.00049351205
0.00055196581
0.00062404317
0.00071214572
0.00081912769
0.00094839413
0.0011040254
0.0012909443
0.0015151709
0.0017841975
0.0021074314
0.0024964245
0.0029644002
0.0035251511
0.004194079
0.0049958067
0.0059701892
0.0069814927
0.0069737787
0.0069693294
0.0069675976
0.006967779
0.0069692008
0.0069714679
0.0069744255
0.0069780247
0.0069822486
0.0069871049
0.0069926136
0.0069988173
0.0070057743
0.0070135568
0.0070222594
0.0070320125
1.2532035e-13
2.392431e-11
6.0943011e-10
5.8364307e-09
3.2780867e-08
1.3061273e-07
4.0213148e-07
9.9752273e-07
2.0549028e-06
3.6357124e-06
5.7252915e-06
8.2543631e-06
1.10877e-05
1.4037974e-05
1.692263e-05
1.9613264e-05
2.1715388e-05
2.380397e-05
2.6192095e-05
2.8909692e-05
3.1800295e-05
3.5820552e-05
4.1673667e-05
5.0275539e-05
6.282124e-05
7.9798714e-05
0.00010043006
0.000123607
0.00014842185
0.00017439144
0.0002012189
0.00022878378
0.00025712765
0.00028643202
0.00031698698
0.00034918755
0.00038350737
0.00042028175
0.0003970518
0.00036960337
0.00035525595
0.00034551988
0.00033554994
0.00032538727
0.0003160862
0.00030810532
0.0003016424
0.00029692392
0.00029430024
0.00029411726
0.00029677076
0.00030288361
0.00031302523
0.00032793596
0.00034827247
0.00037486912
0.0004087147
0.0004509768
0.00050313484
0.00056709655
0.00064494187
0.00073910122
0.0008524712
0.00098851573
0.0011513913
0.0013461055
0.001578748
0.0018568501
0.0021898992
0.0025898277
0.003070872
0.0036482316
0.0043374694
0.0051594798
0.0061440247
0.0069799528
0.0069728006
0.0069688404
0.0069674245
0.006967809
0.0069693429
0.0069716787
0.0069746924
0.0069783234
0.0069825636
0.0069874241
0.0069929294
0.0069991196
0.0070060514
0.007013795
0.0070224424
0.0070321221
1.3177391e-13
2.5152414e-11
6.4047861e-10
6.1274002e-09
3.4320501e-08
1.3594309e-07
4.1428564e-07
1.012963e-06
2.0518077e-06
3.5686319e-06
5.5308933e-06
7.8602688e-06
1.0422657e-05
1.3050609e-05
1.5603152e-05
1.8011068e-05
2.0259163e-05
2.2435744e-05
2.503233e-05
2.8078326e-05
3.229186e-05
3.8338349e-05
4.7303664e-05
6.0118653e-05
7.6734795e-05
9.6546691e-05
0.00011861913
0.00014226241
0.00016700697
0.00019254066
0.00021870531
0.00024549107
0.00027302404
0.0003015492
0.00033136284
0.00036288605
0.0003776562
0.00034659564
0.00032672034
0.00031649418
0.00030816257
0.00029923088
0.00029044255
0.00028264363
0.00027611552
0.00027097637
0.000267469
0.00026584356
0.00026647943
0.00026970769
0.00027590416
0.00028588355
0.00030001431
0.00031895606
0.00034349647
0.00037448294
0.00041291928
0.00045995227
0.00051701622
0.00058608919
0.00066927931
0.00076905096
0.00088835032
0.0010307067
0.0012003593
0.0014024099
0.0016430312
0.0019297892
0.0022721655
0.0026822406
0.0031750346
0.0037675517
0.0044770974
0.0053221732
0.0063210517
0.0069785571
0.0069719491
0.0069684214
0.0069672924
0.0069678488
0.0069694824
0.0069718885
0.0069749471
0.0069786055
0.0069828605
0.0069877253
0.0069932252
0.0069994015
0.0070063078
0.0070140134
0.007022609
0.007032222
1.3500787e-13
2.5765876e-11
6.5583612e-10
6.2662098e-09
3.4978281e-08
1.3755841e-07
4.1419237e-07
9.9634258e-07
1.981384e-06
3.384401e-06
5.1604578e-06
7.2315301e-06
9.4794294e-06
1.1775874e-05
1.4042459e-05
1.6296301e-05
1.8638715e-05
2.1243873e-05
2.4504752e-05
2.8992778e-05
3.5529848e-05
4.4975343e-05
5.7853963e-05
7.4209006e-05
9.3360714e-05
0.00011456785
0.00013725735
0.00016097558
0.00018539402
0.00021031905
0.00023569663
0.00026160375
0.00028823422
0.00031591513
0.00034484548
0.00032480864
0.00030069139
0.0002883762
0.00028084548
0.00027340198
0.00026553542
0.00025816643
0.0002518206
0.00024665451
0.00024279777
0.00024041088
0.00023978702
0.00024114337
0.00024488853
0.00025136197
0.00026114524
0.00027465204
0.00029240602
0.00031509876
0.00034354099
0.00037860225
0.00042130222
0.00047276804
0.00053433744
0.00060809855
0.00069619528
0.00080113162
0.00092590823
0.0010741222
0.0012500965
0.001459031
0.0017071958
0.0020022129
0.0023535275
0.0027731541
0.0032764443
0.0038820441
0.0046104305
0.0054803266
0.0064967319
0.0069773038
0.006971204
0.0069680605
0.0069671876
0.0069678941
0.0069696131
0.006972089
0.0069751868
0.00697887
0.0069831386
0.0069880069
0.0069935034
0.0069996661
0.007006548
0.0070142178
0.0070227652
0.0070323157
1.3543669e-13
2.584364e-11
6.5748439e-10
6.2714001e-09
3.4851445e-08
1.3580563e-07
4.0288657e-07
9.5075556e-07
1.8524616e-06
3.1045345e-06
4.6580843e-06
6.4473067e-06
8.387419e-06
1.0409762e-05
1.25214e-05
1.4859288e-05
1.7616874e-05
2.1091853e-05
2.6053698e-05
3.3243869e-05
4.3087375e-05
5.6092186e-05
7.223364e-05
9.0880249e-05
0.00011143627
0.00013337699
0.00015625079
0.00017970876
0.00020352619
0.00022760679
0.00025199255
0.00027683351
0.00030234316
0.00030310506
0.00027724249
0.00026187491
0.00025419962
0.00024805915
0.00024138215
0.00023468701
0.00022870465
0.00022372845
0.00021982599
0.00021713139
0.0002158257
0.0002160729
0.00021819697
0.00022234879
0.00022914284
0.00023878178
0.00025169285
0.00026841367
0.0002894868
0.00031561947
0.0003476373
0.0003864709
0.00043308572
0.00048858617
0.00055424442
0.0006322671
0.00072483819
0.00083450548
0.00096432552
0.0011179618
0.0012998175
0.0015151887
0.0017704531
0.002073321
0.0024332346
0.0028620452
0.0033749491
0.0039913912
0.004735296
0.0056297455
0.0066708095
0.0069761809
0.0069705497
0.0069677469
0.0069671025
0.0069679424
0.0069697458
0.006972277
0.0069754099
0.0069791158
0.0069833969
0.0069882716
0.0069937649
0.0069999146
0.0070067737
0.00701441
0.0070229123
0.0070324039
1.3556553e-13
2.5866813e-11
6.5768527e-10
6.2590714e-09
3.4571174e-08
1.3307589e-07
3.874221e-07
8.9360643e-07
1.7021101e-06
2.7981862e-06
4.1395748e-06
5.6851467e-06
7.4021684e-06
9.3041771e-06
1.1507502e-05
1.4278242e-05
1.8060629e-05
2.3453883e-05
3.1095252e-05
4.1454919e-05
5.4711442e-05
7.0726998e-05
8.9066445e-05
0.00010919682
0.00013059556
0.00015279434
0.00017542081
0.0001982224
0.0002210838
0.0002439887
0.00026709571
0.00028194382
0.00025508628
0.00023703952
0.00022879337
0.00022354422
0.00021806121
0.00021222216
0.00020677943
0.00020213235
0.00019838799
0.00019565629
0.00019401613
0.00019367408
0.00019478277
0.00019744445
0.0002021692
0.00020911984
0.00021862953
0.00023103899
0.00024677383
0.0002664113
0.00029049195
0.00031985748
0.00035523288
0.00039745935
0.00044752282
0.00050656158
0.00057589069
0.00065776316
0.00075439638
0.0008683836
0.0010028354
0.0011614781
0.0013487897
0.0015701565
0.0018320646
0.002142339
0.0025104862
0.0029482461
0.0034704105
0.0040961412
0.0048511673
0.0057654805
0.0068417869
0.0069751765
0.0069699744
0.0069674705
0.006967031
0.0069679878
0.0069698709
0.0069724502
0.0069756151
0.0069793419
0.0069836387
0.0069885198
0.0069940101
0.0070001475
0.0070069852
0.0070145905
0.0070230505
0.0070324868
1.3865222e-13
2.6456853e-11
6.7219403e-10
6.3769689e-09
3.4925679e-08
1.3227074e-07
3.7611743e-07
8.4490664e-07
1.571514e-06
2.4967319e-06
3.7422986e-06
5.1640533e-06
6.8507681e-06
8.9362453e-06
1.1702518e-05
1.5611356e-05
2.1261572e-05
2.9244295e-05
3.9957493e-05
5.3489824e-05
6.962586e-05
8.7937502e-05
0.00010789104
0.00012894189
0.0001505994
0.00017246982
0.0001942903
0.00021591601
0.00023739636
0.00025866788
0.00023337281
0.00021405125
0.00020510411
0.00020026728
0.00019580966
0.00019089811
0.00018606246
0.00018184564
0.00017842458
0.00017581298
0.00017410689
0.00017348626
0.00017393184
0.00017569605
0.00017905633
0.00018415025
0.00019122778
0.00020055552
0.00021246255
0.00022733122
0.00024558989
0.00026790918
0.00029489443
0.00032717053
0.00036547022
0.00041065541
0.00046373361
0.00052587425
0.00059847362
0.00068380862
0.00078411767
0.000902038
0.0010407306
0.0012039805
0.0013963343
0.0016232611
0.0018913499
0.0022085483
0.0025844836
0.0030309147
0.0035623281
0.0041970987
0.0049603824
0.0058852912
0.0069817666
0.006974283
0.0069694698
0.0069672337
0.0069669689
0.0069680235
0.0069699842
0.0069726067
0.0069758007
0.0069795525
0.0069838648
0.0069887516
0.0069942388
0.0070003649
0.0070071828
0.0070147593
0.0070231801
0.0070325644
1.4873652e-13
2.838722e-11
7.206034e-10
6.806046e-09
3.6843009e-08
1.3660708e-07
3.7757757e-07
8.2376784e-07
1.4595258e-06
2.2891583e-06
3.455302e-06
5.0554534e-06
7.0839184e-06
9.8460701e-06
1.3862905e-05
1.9736874e-05
2.8042404e-05
3.9131231e-05
5.3021553e-05
6.9426717e-05
8.7861021e-05
0.00010775123
0.00012852262
0.0001496605
0.00017075894
0.00019152908
0.00021188209
0.00023166055
0.00021141758
0.00019268209
0.00018337528
0.00017866807
0.00017488271
0.00017078631
0.00016664979
0.00016293908
0.00015985751
0.00015753109
0.00015598907
0.0001552075
0.00015528898
0.0001565227
0.00015896031
0.00016278778
0.00016818188
0.00017530456
0.00018439632
0.00019578623
0.00020982264
0.00022687029
0.00024756954
0.00027238626
0.0003018595
0.000336629
0.00037744664
0.00042519225
0.00048089097
0.0005457352
0.00062125545
0.00070969413
0.00081331788
0.00093480586
0.0010773651
0.001244835
0.0014418249
0.0016738803
0.0019476835
0.0022713005
0.0026545009
0.0031091657
0.0036497314
0.0042940791
0.005066099
0.0059961091
0.0069806822
0.0069734958
0.0069690258
0.0069670263
0.0069669139
0.0069680621
0.0069700837
0.0069727444
0.0069759726
0.0069797486
0.0069840748
0.0069889667
0.006994451
0.0070005666
0.0070073663
0.0070149164
0.0070233008
0.0070326367
1.7458474e-13
3.3328761e-11
8.4495069e-10
7.9315942e-09
4.2290667e-08
1.5292662e-07
4.1030918e-07
8.7255681e-07
1.4944903e-06
2.3586236e-06
3.6389404e-06
5.6397268e-06
8.5370357e-06
1.2664403e-05
1.8796595e-05
2.7501526e-05
3.906851e-05
5.3422868e-05
7.0188123e-05
8.8809327e-05
0.0001086652
0.0001291503
0.00014973112
0.00016997354
0.00018963658
0.00020842912
0.00018978847
0.0001724251
0.00016342021
0.00015888102
0.00015558089
0.00015215253
0.00014861669
0.00014545312
0.00014287399
0.00014087572
0.00013941128
0.00013864701
0.0001386686
0.00013953737
0.00014139265
0.00014435465
0.00014852272
0.00015404861
0.00016113478
0.00016999635
0.00018085542
0.00019403491
0.0002099943
0.00022917972
0.00025199312
0.00027890558
0.00031047715
0.00034736541
0.00039033801
0.0004402897
0.00049826141
0.00056546521
0.00064357565
0.00073478389
0.00084138256
0.00096608946
0.0011121537
0.0012834642
0.0014846884
0.0017214415
0.0020004915
0.0023300125
0.002719913
0.0031822345
0.0037315323
0.0043856192
0.0051677475
0.0061049499
0.0069796839
0.0069728099
0.006968634
0.006966841
0.00696686
0.006968094
0.0069701664
0.0069728708
0.006976132
0.00697993
0.0069842687
0.006989165
0.0069946465
0.0070007526
0.0070075359
0.0070150619
0.0070234128
0.0070327038
2.1899523e-13
4.1802314e-11
1.0574516e-09
9.8455213e-09
5.1573345e-08
1.8181728e-07
4.7610927e-07
9.9980264e-07
1.7217688e-06
2.8467136e-06
4.7470449e-06
7.5506001e-06
1.1801837e-05
1.8241485e-05
2.7424967e-05
3.9559249e-05
5.4453901e-05
7.162665e-05
9.044563e-05
0.00011024302
0.00013038522
0.00015033038
0.0001696662
0.00018676011
0.00016852549
0.00015343758
0.00014536026
0.00014104686
0.00013805711
0.00013519945
0.00013231723
0.0001296491
0.00012735273
0.00012563881
0.00012445707
0.00012382444
0.00012382274
0.00012453318
0.00012602073
0.00012835535
0.0001316395
0.00013600231
0.00014158827
0.00014856236
0.00015711605
0.00016746976
0.00017981464
0.00019471081
0.00021245822
0.0002334006
0.00025795244
0.0002866047
0.00031993347
0.00035861031
0.00040341689
0.0004552616
0.00051519917
0.00058445796
0.00066485153
0.00075851512
0.00086776514
0.0009953543
0.0011445698
0.0013193461
0.0015244044
0.0017654235
0.0020492489
0.0023841541
0.0027801741
0.0032495097
0.0038068858
0.0044702461
0.0052627287
0.0062090975
0.0069787953
0.0069722143
0.0069682874
0.0069666729
0.0069668002
0.0069681138
0.0069702415
0.0069729877
0.0069762787
0.0069800962
0.0069844459
0.0069893462
0.0069948253
0.0070009228
0.0070076913
0.0070151955
0.007023516
0.0070327656
2.8063584e-13
5.3546164e-11
1.350507e-09
1.2454413e-08
6.408551e-08
2.2134568e-07
5.7281269e-07
1.2117741e-06
2.2322838e-06
3.932796e-06
6.6399783e-06
1.1014151e-05
1.7787827e-05
2.7494801e-05
4.0235938e-05
5.5683715e-05
7.3240099e-05
9.2198956e-05
0.00011184996
0.00013156325
0.00015074929
0.00016165843
0.00014783642
0.00013615797
0.00012935714
0.0001253922
0.00012260303
0.00012005933
0.00011759643
0.00011536324
0.00011350793
0.00011209086
0.00011113601
0.0001106681
0.0001107147
0.00011131707
0.00011253238
0.00011442898
0.00011708764
0.00012060154
0.00012507754
0.00013063806
0.00013742243
0.00014559244
0.00015533808
0.00016692887
0.00018077693
0.00019714104
0.00021632131
0.00023868151
0.00026465207
0.0002947374
0.00032952585
0.00036970158
0.0004160588
0.00046951842
0.00053114731
0.00060218683
0.00068457518
0.00078039482
0.00089198402
0.0010221268
0.0011741452
0.0013520148
0.0015605056
0.0018053548
0.0020934796
0.0024332421
0.0028347923
0.0033104763
0.0038751876
0.004547037
0.0053491896
0.006304558
0.0069780194
0.0069717001
0.0069679867
0.0069665198
0.006966747
0.0069681324
0.0069703113
0.006973095
0.0069764122
0.0069802469
0.0069846063
0.00698951
0.0069949872
0.0070010772
0.0070078326
0.0070153174
0.0070236105
0.0070328221
3.6291561e-13
6.9205942e-11
1.7397517e-09
1.5896345e-08
8.0668079e-08
2.7594083e-07
7.1825157e-07
1.5630898e-06
3.0619492e-06
5.6684705e-06
1.0091779e-05
1.7129392e-05
2.7295196e-05
4.0568412e-05
5.6468554e-05
7.4282134e-05
9.323583e-05
0.00011261677
0.00013170415
0.00013800935
0.00012865419
0.00012051757
0.00011519892
0.0001117014
0.0001091516
0.00010692125
0.00010482766
0.00010295836
0.00010142271
0.00010026638
9.9501218e-05
9.9139897e-05
9.9206617e-05
9.9736429e-05
0.00010077125
0.00010235949
0.00010455936
0.00010743895
0.000111077
0.00011556454
0.00012100623
0.00012752294
0.00013525454
0.00014436518
0.00015516576
0.00016796638
0.00018298968
0.00020049888
0.00022081249
0.00024430719
0.00027142412
0.0003026779
0.00033866688
0.00038008576
0.00042773997
0.00048256244
0.00054563215
0.00061820209
0.00070231019
0.00079999699
0.00091362109
0.0010459942
0.0012004697
0.0013810604
0.0015925801
0.0018408194
0.0021327605
0.0024768455
0.0028833266
0.0033646805
0.0039359512
0.0046154111
0.0054262827
0.0063900926
0.0069773523
0.0069712599
0.0069677273
0.0069663886
0.0069667036
0.0069681515
0.0069703755
0.0069731917
0.0069765318
0.0069803815
0.0069847495
0.0069896565
0.006995132
0.0070012157
0.0070079598
0.0070154276
0.0070236961
0.0070328734
4.7654556e-13
9.0819061e-11
2.2769347e-09
2.0682183e-08
1.0450489e-07
3.6012625e-07
9.6322229e-07
2.1985078e-06
4.5607808e-06
8.8293424e-06
1.5879687e-05
2.6232789e-05
3.9802466e-05
5.592989e-05
7.3752348e-05
9.248623e-05
0.00011132262
0.00011651824
0.00011131536
0.00010648277
0.00010284802
0.00010007794
9.7866051e-05
9.5906482e-05
9.4096171e-05
9.2492008e-05
9.1174106e-05
9.0184835e-05
8.9538601e-05
8.92451e-05
8.9320282e-05
8.978698e-05
9.067372e-05
9.2015111e-05
9.3852356e-05
9.6234031e-05
9.9217288e-05
0.00010286865
0.00010726587
0.00011249954
0.00011867506
0.00012591514
0.00013436285
0.00014433586
0.00015608491
0.0001698018
0.00018571731
0.00020410973
0.00022530784
0.00024969697
0.00027772642
0.00030991849
0.00034687936
0.00038931196
0.00043803115
0.00049398085
0.00055825394
0.00063212573
0.00071768809
0.00081696029
0.00093232015
0.0010666033
0.0012231909
0.0014061295
0.0016202727
0.0018714581
0.0021667259
0.0025145897
0.0029253935
0.0034117265
0.0039887677
0.0046749365
0.0054935263
0.0064651246
0.0069767884
0.0069708894
0.0069675095
0.0069662796
0.0069666694
0.0069681706
0.0069704331
0.0069732772
0.006976637
0.0069804997
0.0069848754
0.0069897854
0.0069952598
0.0070013382
0.0070080726
0.0070155258
0.007023773
0.0070329196
6.2610802e-13
1.192718e-10
2.9878797e-09
2.7156658e-08
1.3845376e-07
4.8926935e-07
1.3668705e-06
3.2891243e-06
7.0696685e-06
1.3652731e-05
2.3595205e-05
3.6760311e-05
5.2492221e-05
6.9924551e-05
8.8187137e-05
9.7587997e-05
9.5929527e-05
9.3865237e-05
9.2084546e-05
9.0351133e-05
8.8689646e-05
8.7069995e-05
8.5507359e-05
8.4086877e-05
8.2896721e-05
8.1989014e-05
8.1385444e-05
8.1095831e-05
8.1130041e-05
8.1501715e-05
8.2229111e-05
8.3335529e-05
8.4849781e-05
8.6806669e-05
8.9247471e-05
9.222069e-05
9.5783097e-05
0.00010000099
0.00010495163
0.00011072496
0.00011742677
0.00012518448
0.00013429198
0.00014498226
0.00015742118
0.00017180941
0.00018838907
0.00020744654
0.00022931765
0.00025439409
0.00028313111
0.00031605688
0.0003537836
0.0003970204
0.00044658892
0.00050344057
0.00056867695
0.00064364345
0.00073040105
0.00083098127
0.00094778044
0.0010836547
0.0012420102
0.0014269224
0.0016432796
0.0018969618
0.0021950601
0.0025461523
0.0029606609
0.0034512725
0.0040332872
0.0047252487
0.0055505294
0.0065291651
0.006976322
0.006970584
0.0069673307
0.0069661909
0.0069666428
0.0069681884
0.0069704832
0.0069733508
0.0069767274
0.0069806013
0.0069849837
0.0069898966
0.0069953704
0.0070014448
0.0070081713
0.0070156123
0.0070238411
0.0070329606
8.1797378e-13
1.5575993e-10
3.9040905e-09
3.567464e-08
1.8483942e-07
6.7211728e-07
1.9401554e-06
4.7572972e-06
1.0143877e-05
1.8889189e-05
3.1064061e-05
4.6068546e-05
6.2975934e-05
8.0793094e-05
8.2078449e-05
8.2218712e-05
8.2472677e-05
8.2144171e-05
8.1387449e-05
8.0359119e-05
7.916003e-05
7.7929311e-05
7.6807193e-05
7.5890899e-05
7.5232106e-05
7.4853883e-05
7.4766931e-05
7.4979366e-05
7.5501431e-05
7.6347464e-05
7.7536587e-05
7.9093038e-05
8.1046351e-05
8.343175e-05
8.6290743e-05
8.9671922e-05
9.3631993e-05
9.823695e-05
0.00010356315
0.00010969863
0.00011674689
0.00012494931
0.00013456933
0.00014575126
0.00015866727
0.00017352673
0.00019057793
0.00021011268
0.00023247166
0.00025805107
0.00028731065
0.00032078308
0.00035908524
0.00040293137
0.00045314869
0.00051069501
0.00057667977
0.00065250199
0.00074019821
0.00084181176
0.00095975494
0.0010969015
0.0012566785
0.0014431867
0.0016613452
0.0019170698
0.0022174968
0.002571259
0.0029888462
0.0034830304
0.0040692145
0.0047660491
0.0055969764
0.0065818078
0.0069759476
0.0069703393
0.0069671879
0.0069661203
0.0069666221
0.0069682037
0.0069705249
0.006973412
0.0069768025
0.006980686
0.0069850743
0.00698999
0.0069954638
0.0070015352
0.0070082557
0.007015687
0.0070239005
0.0070329965
9.9980142e-13
1.9018535e-10
4.7658215e-09
4.38276e-08
2.3112142e-07
8.6239383e-07
2.543982e-06
6.2492442e-06
1.3020946e-05
2.3354244e-05
3.6925314e-05
5.2853683e-05
6.948671e-05
7.1628915e-05
7.3174758e-05
7.4708242e-05
7.5390636e-05
7.5380779e-05
7.4893308e-05
7.4079451e-05
7.3116502e-05
7.2176144e-05
7.1382995e-05
7.0810437e-05
7.0494755e-05
7.045162e-05
7.0688917e-05
7.1214294e-05
7.2038655e-05
7.3177342e-05
7.4650426e-05
7.6482821e-05
7.8704508e-05
8.1351036e-05
8.446412e-05
8.8092502e-05
9.229303e-05
9.713189e-05
0.0001026858
0.00010904366
0.00011631147
0.00012484138
0.00013477654
0.00014626216
0.00015947747
0.00017463606
0.00019199022
0.00021183522
0.00023451502
0.00026042904
0.00029004022
0.00032388468
0.00036258298
0.00040685353
0.00045752813
0.00051556987
0.0005820947
0.00065853616
0.00074691817
0.00084929371
0.00096808796
0.0011061891
0.0012670424
0.0014547698
0.0016743155
0.0019316262
0.0022338754
0.0025897431
0.0030097793
0.0035068262
0.0040963761
0.0047971709
0.0056327023
0.0066228119
0.0069756605
0.0069701514
0.0069670781
0.0069660659
0.0069666061
0.0069682156
0.0069705574
0.0069734601
0.006976862
0.0069807536
0.0069851471
0.0069900656
0.00699554
0.0070016097
0.0070083259
0.0070157499
0.0070239513
0.0070330274
1.0819024e-12
2.0574368e-10
5.1649931e-09
4.7952833e-08
2.5776577e-07
9.837295e-07
2.9425945e-06
7.2037651e-06
1.4744269e-05
2.5846462e-05
3.9983932e-05
5.6146586e-05
6.452705e-05
6.706994e-05
6.9406082e-05
7.1117669e-05
7.1936382e-05
7.2072433e-05
7.1707666e-05
7.1017242e-05
7.0194486e-05
6.9407415e-05
6.8772897e-05
6.8358645e-05
6.8197411e-05
6.8303081e-05
6.868309e-05
6.9345415e-05
7.0301565e-05
7.1567463e-05
7.3163681e-05
7.5115543e-05
7.7453353e-05
8.0212819e-05
8.3435661e-05
8.717046e-05
9.1473683e-05
9.6410739e-05
0.00010205707
0.00010850046
0.00011591257
0.00012459226
0.00013467059
0.00014629694
0.00015965334
0.00017495582
0.00019245885
0.00021245983
0.00023530479
0.00026139526
0.00029119647
0.00032524704
0.00036417032
0.00040868783
0.00045963505
0.00051797943
0.00058484207
0.00066167276
0.00075049346
0.00085336519
0.00097272326
0.0011114676
0.0012730579
0.0014616324
0.0016821554
0.0019406004
0.0022441716
0.0026015876
0.0030234443
0.0035226453
0.0041147636
0.0048186158
0.0056577289
0.0066521564
0.0069754567
0.0069700169
0.0069669989
0.0069660258
0.0069665934
0.0069682232
0.0069705803
0.0069734947
0.0069769056
0.0069808038
0.0069852018
0.0069901232
0.0069955989
0.0070016681
0.0070083818
0.007015801
0.0070239935
0.0070330532
1.0032447e-12
1.9092867e-10
4.8097566e-09
4.5127564e-08
2.4707888e-07
9.6306887e-07
2.9273189e-06
7.2157697e-06
1.477427e-05
2.5855374e-05
3.9935997e-05
5.6024913e-05
6.2755818e-05
6.5631439e-05
6.8362407e-05
7.0303373e-05
7.1319605e-05
7.1627397e-05
7.1389915e-05
7.0782241e-05
7.0004829e-05
6.9234869e-05
6.8599373e-05
6.8174541e-05
6.7998391e-05
6.8087409e-05
6.8450011e-05
6.909432e-05
7.0031714e-05
7.1278121e-05
7.2854242e-05
7.4785624e-05
7.7102869e-05
7.9841971e-05
8.3044798e-05
8.6759875e-05
9.1043414e-05
9.5960296e-05
0.00010158498
0.00010800368
0.00011539979
0.0001240604
0.0001341203
0.0001457303
0.00015907312
0.00017436554
0.00019186288
0.00021186343
0.0002347142
0.00026081789
0.0002906411
0.00032472402
0.00036369189
0.00040826852
0.00045929221
0.00051773376
0.00058471846
0.00066169346
0.00075069019
0.00085377625
0.00097339457
0.001112454
0.0012744247
0.001463459
0.0016845378
0.0019436527
0.002248032
0.0026064248
0.0030294654
0.0035301058
0.0041239871
0.004829985
0.0056716536
0.0066694176
0.0069753328
0.0069699333
0.0069669485
0.0069659989
0.0069665832
0.0069682258
0.006970593
0.0069735157
0.0069769332
0.0069808366
0.0069852386
0.0069901629
0.0069956405
0.0070017106
0.0070084236
0.0070158406
0.0070240274
0.0070330745
7.8754205e-13
1.5014396e-10
3.7989138e-09
3.5988565e-08
2.0020346e-07
7.9677072e-07
2.4786836e-06
6.2545275e-06
1.3094175e-05
2.338663e-05
3.6785014e-05
5.2441475e-05
6.3195742e-05
6.6340211e-05
6.9262544e-05
7.1679339e-05
7.3091379e-05
7.3686119e-05
7.3647567e-05
7.3135502e-05
7.2350515e-05
7.1492963e-05
7.072029e-05
7.0134908e-05
6.9791509e-05
6.9714188e-05
6.9914179e-05
7.0399431e-05
7.1180173e-05
7.2271466e-05
7.3693599e-05
7.5471977e-05
7.7637226e-05
8.0225769e-05
8.3280121e-05
8.6849171e-05
9.098938e-05
9.5765936e-05
0.00010125342
0.00010753734
0.00011475639
0.00012323316
0.00013311601
0.00014455522
0.00015773233
0.0001728632
0.00019020261
0.00021004858
0.00023274813
0.00025870421
0.00028838382
0.00032232784
0.00036116247
0.00040561283
0.00045651883
0.00051485349
0.00058174488
0.00065861942
0.00074752813
0.00085054364
0.00097011386
0.0011091539
0.0012711416
0.0014602384
0.001681436
0.0019407387
0.002245393
0.0026041712
0.0030277343
0.0035290708
0.0041238738
0.0048310633
0.0056742115
0.006674245
0.0069752874
0.0069698991
0.0069669258
0.0069659845
0.0069665751
0.0069682233
0.0069705955
0.0069735228
0.0069769446
0.0069808519
0.0069852573
0.0069901846
0.006995665
0.0070017371
0.0070084514
0.0070158686
0.0070240531
0.0070330912
4.8139213e-13
9.1987405e-11
2.3375956e-09
2.2313174e-08
1.2563122e-07
5.0960559e-07
1.634063e-06
4.3070495e-06
9.4997394e-06
1.7885416e-05
2.9522555e-05
4.3910963e-05
6.0225386e-05
6.85355e-05
7.1725758e-05
7.4753682e-05
7.7041155e-05
7.8302243e-05
7.8719669e-05
7.8457609e-05
7.7697258e-05
7.6668419e-05
7.5594665e-05
7.4647684e-05
7.3936436e-05
7.3515164e-05
7.3389253e-05
7.3556176e-05
7.4023301e-05
7.4805465e-05
7.5923254e-05
7.7401745e-05
7.9269373e-05
8.1559881e-05
8.4316443e-05
8.7590216e-05
9.1439246e-05
9.5929929e-05
0.00010113853
0.00010715157
0.00011406853
0.00012218568
0.00013172168
0.00014282873
0.00015568403
0.00017050014
0.00018752903
0.00020706695
0.00022945976
0.00025510996
0.00028448412
0.00031812295
0.0003566529
0.00040079949
0.00045140339
0.00050943876
0.00057603477
0.00065257929
0.00074115018
0.00084382557
0.00096305568
0.0011017585
0.0012634155
0.0014521927
0.0016730874
0.0019321118
0.0022365227
0.0025951046
0.0030185359
0.0035198263
0.0041147088
0.0048221308
0.0056656628
0.0066668195
0.0069753197
0.0069699136
0.0069669302
0.0069659823
0.006966569
0.0069682157
0.0069705877
0.0069735161
0.0069769398
0.0069808495
0.0069852578
0.0069901882
0.006995672
0.0070017475
0.0070084649
0.0070158849
0.0070240703
0.0070331033
2.7112511e-13
5.1892702e-11
1.322364e-09
1.2665321e-08
7.157537e-08
2.9213265e-07
9.5080426e-07
2.5871354e-06
6.0012354e-06
1.2007526e-05
2.1073391e-05
3.3160092e-05
4.7818697e-05
6.4366351e-05
7.7048728e-05
8.0237983e-05
8.3176869e-05
8.5699481e-05
8.7130129e-05
8.7632676e-05
8.7376567e-05
8.6506638e-05
8.5232815e-05
8.3791451e-05
8.238681e-05
8.1165191e-05
8.0224944e-05
7.9618438e-05
7.9370111e-05
7.9494178e-05
8.000517e-05
8.092525e-05
8.2286333e-05
8.4118667e-05
8.6433976e-05
8.9267816e-05
9.2679312e-05
9.6734433e-05
0.00010150825
0.00010709009
0.00011358356
0.00012113978
0.00013011898
0.00014069794
0.00015304784
0.0001673738
0.00018392182
0.00020298416
0.0002249023
0.00025007595
0.00027897006
0.0003121243
0.00035016498
0.00039381714
0.00044392164
0.00050145382
0.0005675442
0.00064352774
0.00073150269
0.00083356085
0.00095215255
0.0010901955
0.0012511715
0.0014392469
0.0016594205
0.0019177071
0.0022213628
0.0025791762
0.0030018338
0.0035023527
0.0040964878
0.0048031934
0.0056460218
0.0066471196
0.0069754297
0.0069699761
0.0069669607
0.0069659917
0.0069665646
0.0069682027
0.0069705696
0.0069734954
0.0069769186
0.0069808294
0.0069852398
0.0069901733
0.0069956612
0.0070017414
0.0070084637
0.007015889
0.0070240788
0.0070331105
1.5085995e-13
2.8899327e-11
7.3757038e-10
7.0739953e-09
3.9972125e-08
1.628859e-07
5.3045248e-07
1.4594464e-06
3.4898858e-06
7.3440355e-06
1.371024e-05
2.297526e-05
3.5123839e-05
4.9819216e-05
6.6533127e-05
8.4619056e-05
9.2627165e-05
9.5229684e-05
9.766653e-05
9.9265253e-05
9.9787536e-05
9.9454971e-05
9.8426377e-05
9.6882337e-05
9.5056588e-05
9.3184924e-05
9.1460605e-05
9.0010601e-05
8.889988e-05
8.8154819e-05
8.7787101e-05
8.7809001e-05
8.824195e-05
8.9127479e-05
9.0538594e-05
9.254068e-05
9.5194509e-05
9.8567418e-05
0.00010272349
0.00010771106
0.0001136115
0.0001205455
0.00012873884
0.00013854153
0.00015014777
0.00016375886
0.00017961771
0.00019800976
0.00021926554
0.00024377725
0.00027200665
0.0003044879
0.00034184468
0.00038480048
0.00043419508
0.00049100406
0.00055635706
0.00063156919
0.00071868293
0.00081983848
0.00093748507
0.0010745367
0.0012344722
0.0014214555
0.0016404822
0.0018975617
0.0021999452
0.0025564178
0.0029776596
0.0034766809
0.0040692391
0.0047742762
0.0056153042
0.0066151156
0.0069756175
0.0069700855
0.006967016
0.0069660117
0.0069665614
0.0069681847
0.0069705414
0.006973461
0.0069768812
0.0069807914
0.0069852032
0.0069901398
0.0069956323
0.0070017185
0.0070084475
0.0070158807
0.0070240784
0.007033113
8.4790198e-14
1.6246112e-11
4.1488676e-10
3.9818992e-09
2.2491168e-08
9.1357349e-08
2.9575086e-07
8.0981264e-07
1.9456648e-06
4.1909216e-06
8.1755753e-06
1.4511858e-05
2.3582768e-05
3.5447413e-05
4.9892224e-05
6.6527949e-05
8.4873422e-05
0.00010433836
0.00011191639
0.00011355568
0.00011498879
0.00011552512
0.00011498596
0.00011368811
0.00011181456
0.00010955589
0.00010713992
0.00010478025
0.00010264083
0.00010082671
9.939632e-05
9.8382743e-05
9.7812071e-05
9.7715175e-05
9.8130033e-05
9.9098397e-05
0.00010067059
0.00010291355
0.0001059214
0.00010982916
0.00011476242
0.00012082707
0.00012813689
0.00013690898
0.00014750438
0.00016014117
0.00017504974
0.00019251058
0.00021285829
0.00023648279
0.00026383763
0.00029544058
0.00033190711
0.0003739583
0.00042242734
0.00047828747
0.00054266688
0.00061687798
0.00070286075
0.00080282488
0.00091921632
0.0010549423
0.0012134759
0.0013989747
0.0016164257
0.001871829
0.0021724277
0.0025269929
0.0029461862
0.0034429944
0.0040331572
0.0047355741
0.0055736895
0.0065709329
0.0069758848
0.0069702408
0.0069670935
0.0069660402
0.0069665582
0.0069681616
0.0069705037
0.0069734135
0.006976828
0.0069807359
0.0069851482
0.0069900877
0.0069955853
0.0070016785
0.0070084161
0.0070158597
0.0070240689
0.0070331107
4.9844509e-14
9.5471397e-12
2.4372965e-10
2.3382236e-09
1.3189104e-08
5.3380667e-08
1.7149581e-07
4.6398943e-07
1.1003238e-06
2.355481e-06
4.645914e-06
8.5331158e-06
1.4589951e-05
2.3224249e-05
3.4586547e-05
4.8578386e-05
6.4927693e-05
8.325587e-05
0.00010313527
0.00012403634
0.00013563278
0.0001358562
0.00013565185
0.00013485337
0.00013298678
0.00013050472
0.00012764128
0.00012456257
0.00012145647
0.00011849939
0.00011583201
0.00011354944
0.00011170878
0.00011034671
0.00010949826
0.00010920971
0.00010954159
0.00011056517
0.00011236044
0.00011501691
0.00011863738
0.00012334544
0.00012929689
0.00013670637
0.00014582994
0.00015714168
0.00017081324
0.00018705708
0.000206214
0.0002286659
0.00025485894
0.00028531641
0.00032065047
0.00036156961
0.00040888484
0.00046356205
0.00052672979
0.00059969265
0.00068427017
0.00078274849
0.00089756939
0.0010316309
0.001188397
0.0013720142
0.0015874597
0.0018407213
0.0021390225
0.0024911126
0.0029076347
0.0034015348
0.0039885065
0.0046873781
0.0055214831
0.0065148223
0.0069762357
0.0069704438
0.0069671883
0.0069660723
0.0069665514
0.0069681332
0.0069704576
0.0069733542
0.0069767606
0.0069806642
0.0069850758
0.0069900176
0.0069955205
0.0070016217
0.0070083695
0.0070158259
0.0070240501
0.0070331037
3.0998579e-14
5.9352939e-12
1.5151051e-10
1.4543793e-09
8.2147118e-09
3.3287214e-08
1.0682707e-07
2.8728757e-07
6.7272483e-07
1.4142427e-06
2.739255e-06
4.986291e-06
8.6218147e-06
1.418443e-05
2.2148777e-05
3.2797958e-05
4.6191385e-05
6.2141726e-05
8.0318782e-05
0.00010036476
0.0001218893
0.00014443041
0.00016438983
0.0001626477
0.00016000355
0.0001574122
0.0001538346
0.00014984017
0.00014579575
0.00014177703
0.00013788218
0.00013423351
0.00013094278
0.00012809585
0.00012575415
0.00012396765
0.00012278979
0.00012228611
0.00012253893
0.00012365143
0.00012574573
0.00012895475
0.00013342184
0.00013930561
0.00014678836
0.00015609205
0.00016782742
0.00018239146
0.0002000051
0.00022096717
0.00024567631
0.00027467553
0.00030856639
0.00034804181
0.00039391333
0.00044714419
0.0005088498
0.00058030856
0.0006631977
0.00075988791
0.00087281772
0.0010048707
0.0011594983
0.0013408334
0.0015538386
0.0018044839
0.0020999688
0.0024490185
0.0028622588
0.0033525836
0.0039356226
0.0046301028
0.0054591725
0.0064472507
0.0069766783
0.0069706994
0.0069673034
0.0069660989
0.0069665295
0.006968097
0.0069704044
0.0069732855
0.0069766816
0.0069805791
0.0069849885
0.0069899321
0.0069954402
0.0070015499
0.007008309
0.0070157801
0.0070240225
0.0070330922
2.0407795e-14
3.9058597e-12
9.9698373e-11
9.5786566e-10
5.4236388e-09
2.2067273e-08
7.1133511e-08
1.9170396e-07
4.4734753e-07
9.2964926e-07
1.7655824e-06
3.1387603e-06
5.3259259e-06
8.7254057e-06
1.3831859e-05
2.1134747e-05
3.0991748e-05
4.3557217e-05
5.8792174e-05
7.6517128e-05
9.6462881e-05
0.00011830651
0.0001416422
0.0001659905
0.00019078784
0.00019424633
0.00018856393
0.00018303712
0.00017731359
0.00017151653
0.00016610167
0.00016102715
0.00015625028
0.00015181553
0.00014780865
0.00014431662
0.00014141114
0.00013915564
0.0001376241
0.00013691464
0.00013714963
0.00013847169
0.00014104575
0.00014506074
0.00015072276
0.00015825078
0.00016789242
0.0001800751
0.00019539772
0.00021425107
0.00023706008
0.00026423807
0.00029632608
0.00033399834
0.00037808867
0.00042954512
0.00048945494
0.00055908974
0.00063998462
0.00073457087
0.00084528219
0.00097497784
0.0011270917
0.0013057387
0.0015158623
0.0017634128
0.0020555722
0.0024010461
0.0028104266
0.0032965569
0.0038749986
0.0045643541
0.0053874822
0.0063689659
0.0069772259
0.0069710206
0.006967451
0.0069661347
0.0069665033
0.006968045
0.0069703448
0.0069732092
0.0069765928
0.0069804811
0.0069848863
0.0069898303
0.0069953434
0.0070014622
0.0070082341
0.0070157221
0.0070239859
0.0070330762
1.4289239e-14
2.7332591e-12
6.9753709e-11
6.7066052e-10
3.8068894e-09
1.5565773e-08
5.0535299e-08
1.3723315e-07
3.2183741e-07
6.6798302e-07
1.2555522e-06
2.1872416e-06
3.6108055e-06
5.7557995e-06
8.9668042e-06
1.3696958e-05
2.0435231e-05
2.95932e-05
4.1418495e-05
5.5975727e-05
7.3177068e-05
9.2824298e-05
0.00011464114
0.00013829476
0.00016341825
0.00018966486
0.00021658331
0.00023047964
0.00022100999
0.00021141253
0.00020304341
0.00019520566
0.00018830438
0.00018209981
0.0001763617
0.00017105103
0.00016624469
0.00016204315
0.00015853369
0.00015580037
0.00015394601
0.00015310824
0.00015346285
0.00015521746
0.00015860101
0.00016386273
0.00017128022
0.00018115988
0.00019382109
0.00021005701
0.00023030155
0.00025500748
0.00028475913
0.00032023358
0.0003621644
0.00041144768
0.00046915602
0.00053658142
0.00061522899
0.00070736639
0.00081549527
0.00094246172
0.001091677
0.0012672327
0.0014740473
0.0017180451
0.0020063801
0.0023477399
0.0027526501
0.0032339272
0.003807091
0.004490639
0.0053070503
0.0062808109
0.0069778959
0.0069714256
0.0069676405
0.0069661813
0.0069664671
0.0069679699
0.0069702545
0.0069731093
0.0069764881
0.0069803689
0.0069847696
0.0069897137
0.006995232
0.0070013608
0.0070081467
0.0070156533
0.007023941
0.0070330563
1.0867368e-14
2.077236e-12
5.2989865e-11
5.0959714e-10
2.8979168e-09
1.190161e-08
3.8931912e-08
1.0679086e-07
2.5308954e-07
5.2944276e-07
9.9697319e-07
1.7238961e-06
2.7919441e-06
4.3169619e-06
6.4845405e-06
9.5886268e-06
1.404373e-05
2.0336819e-05
2.8922123e-05
4.0120429e-05
5.4077888e-05
7.0792307e-05
9.0145738e-05
0.00011191112
0.00013581242
0.00016154083
0.00018876128
0.00021713882
0.00024628964
0.00027067935
0.0002564192
0.00024191944
0.00023048663
0.00022051402
0.00021213298
0.00020477135
0.00019799632
0.00019172125
0.0001860461
0.00018109891
0.000176985
0.00017381315
0.00017172964
0.00017093345
0.00017167079
0.00017422572
0.000178912
0.00018606588
0.00019605187
0.00020928635
0.00022643421
0.00024820445
0.00027513448
0.00030782527
0.00034702164
0.00039364821
0.00044878512
0.00051365088
0.00058970844
0.00067901357
0.00078416931
0.00090801674
0.001053935
0.0012259839
0.0014290444
0.0016689974
0.0019529472
0.002289541
0.0026892402
0.0031648719
0.0037319546
0.0044089992
0.0052182175
0.0061836956
0.0069786643
0.0069718893
0.0069678537
0.0069662307
0.0069664217
0.0069678794
0.0069701485
0.0069730015
0.0069763676
0.0069802457
0.0069846425
0.006989586
0.0069951092
0.0070012481
0.0070080487
0.0070155751
0.0070238887
0.0070330331
9.3020086e-15
1.7768478e-12
4.5311768e-11
4.356397e-10
2.4797206e-09
1.0217957e-08
3.3644788e-08
9.3222963e-08
2.2375289e-07
4.7426092e-07
9.0238106e-07
1.5660373e-06
2.5184858e-06
3.8155073e-06
5.540583e-06
7.8427685e-06
1.0973115e-05
1.5300037e-05
2.1280951e-05
2.9376984e-05
3.9927292e-05
5.3235157e-05
6.9539446e-05
8.8703325e-05
0.00011048882
0.00013465207
0.00016092352
0.00018901023
0.00021860363
0.00024939196
0.00028111781
0.00031321317
0.00029349936
0.00027364806
0.00025903061
0.00024708898
0.00023736637
0.00022883128
0.00022092177
0.00021359512
0.00020700949
0.00020132041
0.00019665156
0.0001931493
0.00019102577
0.00019056967
0.00019213131
0.00019610018
0.00020289231
0.00021295019
0.00022675441
0.0002448283
0.00026819887
0.00029752357
0.00033352403
0.00037705013
0.00042911145
0.00049091173
0.00056387901
0.00064993574
0.00075173018
0.00087205692
0.0010142475
0.0011823206
0.0013811135
0.0016164595
0.0018954158
0.0022265673
0.0026203458
0.0030895493
0.0036497111
0.0043195056
0.0051211863
0.0060783633
0.0069795284
0.0069724272
0.0069681074
0.0069662979
0.0069663805
0.0069677828
0.0069700331
0.0069728806
0.0069762442
0.0069801135
0.00698451
0.0069894522
0.0069949791
0.0070011276
0.007007943
0.0070154898
0.0070238305
0.0070330072
8.9354115e-15
1.7062706e-12
4.3521773e-11
4.1831315e-10
2.3819826e-09
9.8364552e-09
3.2550798e-08
9.0956276e-08
2.2086145e-07
4.7434186e-07
9.1323929e-07
1.5955783e-06
2.561572e-06
3.8321478e-06
5.428288e-06
7.4053569e-06
9.8901596e-06
1.3109813e-05
1.7399448e-05
2.3167168e-05
3.0792457e-05
4.0618195e-05
5.3232136e-05
6.9209922e-05
8.8375615e-05
0.00011035713
0.00013492161
0.00016182866
0.00019081676
0.00022161463
0.00025395523
0.00028756557
0.00032229
0.00035743286
0.00033050317
0.00030547749
0.00028819358
0.00027474641
0.00026382186
0.00025403882
0.00024487365
0.00023643326
0.00022894475
0.00022257472
0.00021747274
0.00021385556
0.00021204594
0.00021245986
0.00021557192
0.00022188562
0.00023192654
0.00024626074
0.00026553036
0.00029069008
0.00032265316
0.00036228398
0.00041058354
0.00046873522
0.00053813365
0.00062050101
0.00071848126
0.00083482911
0.00097282591
0.0011364446
0.0013304779
0.0015607169
0.0018341797
0.0021593762
0.0025466653
0.0030087438
0.0035611049
0.0042225369
0.0050154565
0.0059645155
0.006980483
0.0069730541
0.0069684162
0.0069663948
0.00696636
0.0069676893
0.0069699165
0.0069727564
0.0069761169
0.0069799857
0.0069843792
0.0069893199
0.0069948492
0.0070010059
0.0070078351
0.0070154017
0.0070237691
0.0070329802
9.2062535e-15
1.7582283e-12
4.4889095e-11
4.3146697e-10
2.4572586e-09
1.0161209e-08
3.3745444e-08
9.4904528e-08
2.3260143e-07
5.0505311e-07
9.8235097e-07
1.7277167e-06
2.7753432e-06
4.1225584e-06
5.7470234e-06
7.6402695e-06
9.8420845e-06
1.246841e-05
1.573012e-05
1.9932561e-05
2.5433685e-05
3.258605e-05
4.1880499e-05
5.4021303e-05
6.9739497e-05
8.9113635e-05
0.00011148914
0.00013664732
0.00016436136
0.0001943893
0.00022648691
0.00026041771
0.00029597006
0.00033293299
0.0003712382
0.00039935065
0.00036548534
0.00033673447
0.00031773907
0.00030338921
0.00029126712
0.00028006395
0.00026954525
0.00026000294
0.00025169546
0.00024479105
0.0002395046
0.00023617963
0.00023529409
0.00023741952
0.00024317523
0.00025320478
0.0002681836
0.00028885242
0.00031605954
0.00035104793
0.00039484441
0.00044861381
0.00051372112
0.00059178939
0.00068538954
0.00079724125
0.00093056908
0.0010892835
0.0012781156
0.0015027945
0.0017702686
0.0020889549
0.0024691325
0.002923365
0.003467019
0.0041187787
0.0049009728
0.0058410391
0.006976198
0.0069737818
0.006968787
0.0069665269
0.0069663516
0.0069676075
0.0069698086
0.0069726403
0.006975998
0.0069798658
0.0069842586
0.0069892018
0.006994733
0.0070008957
0.0070077359
0.0070153195
0.0070237108
0.0070329549
9.6746803e-15
1.8485432e-12
4.7262473e-11
4.544264e-10
2.5885221e-09
1.0714443e-08
3.5674805e-08
1.008165e-07
2.4887305e-07
5.4513849e-07
1.0694812e-06
1.8929802e-06
3.0484182e-06
4.517265e-06
6.2465639e-06
8.1837025e-06
1.0309284e-05
1.26608e-05
1.53499e-05
1.8573953e-05
2.2612901e-05
2.7817171e-05
3.4624881e-05
4.3528676e-05
5.5441041e-05
7.1384643e-05
9.1129915e-05
0.00011407408
0.00014000913
0.00016871265
0.0001999523
0.00023350228
0.00026915634
0.00030673693
0.00034611576
0.00038720125
0.00042993287
0.00043668097
0.00039703161
0.00036729083
0.00034778169
0.00033283407
0.00031930836
0.00030648933
0.00029463518
0.00028412181
0.00027518033
0.00026802729
0.0002630201
0.00026070067
0.00026175142
0.0002669216
0.00027697901
0.00029271159
0.00031497254
0.00034473172
0.00038326122
0.00043186641
0.00049192039
0.00056503454
0.00065363844
0.00076041137
0.00088851674
0.0010417933
0.0012248978
0.0014434826
0.0017044096
0.0020160072
0.0023884517
0.0028341779
0.0033683968
0.0040095904
0.0047796982
0.0057066068
0.0068257118
0.0069746182
0.0069692335
0.0069667059
0.0069663714
0.0069675484
0.0069697211
0.0069725463
0.0069759042
0.0069797743
0.0069841702
0.0069891183
0.0069946554
0.0070008229
0.0070076701
0.0070152647
0.0070236714
0.0070329392
1.0082184e-14
1.9271497e-12
4.9345073e-11
4.7471498e-10
2.7048112e-09
1.120455e-08
3.7380143e-08
1.060294e-07
2.632387e-07
5.8079174e-07
1.1480874e-06
2.0452937e-06
3.3076478e-06
4.9078044e-06
6.7727062e-06
8.8201201e-06
1.0991465e-05
1.3272271e-05
1.5704948e-05
1.8400029e-05
2.1545821e-05
2.5430079e-05
3.0444022e-05
3.703409e-05
4.5709328e-05
5.7677363e-05
7.4104373e-05
9.4439259e-05
0.00011817251
0.00014510722
0.00017502155
0.00020768811
0.00024289589
0.00028046531
0.00032026143
0.00036220384
0.0004062769
0.00045258842
0.00050094904
0.00046798542
0.00042521623
0.00039775897
0.00037869037
0.00036260001
0.00034732843
0.000332906
0.00031990793
0.00030867923
0.00029944996
0.000292598
0.00028873274
0.00028865076
0.0002932418
0.0003034152
0.00032009513
0.0003442717
0.00037707961
0.00041978421
0.0004739806
0.00054138489
0.00062429422
0.00072531753
0.00084756264
0.00099479443
0.0011715861
0.0013835006
0.0016373065
0.0019412397
0.0023053606
0.0027419742
0.0032661584
0.0038962081
0.0046536043
0.0055655071
0.0066646901
0.0069755771
0.0069697705
0.0069669451
0.006966434
0.0069675265
0.0069696678
0.0069724916
0.0069758568
0.0069797378
0.0069841468
0.0069891094
0.0069946608
0.0070008411
0.0070076947
0.007015292
0.0070236987
0.0070329581
1.0339717e-14
1.9768153e-12
5.068884e-11
4.8793579e-10
2.7811439e-09
1.152851e-08
3.8521624e-08
1.0959647e-07
2.7337915e-07
6.0690363e-07
1.2079849e-06
2.1661954e-06
3.5221615e-06
5.2457497e-06
7.2522016e-06
9.4402643e-06
1.1725814e-05
1.4060563e-05
1.6441076e-05
1.8916465e-05
2.1603617e-05
2.4702671e-05
2.8485356e-05
3.3325608e-05
3.9725561e-05
4.8430929e-05
6.0897368e-05
7.8075182e-05
9.9224643e-05
0.00012397755
0.00015214562
0.0001835055
0.00021783329
0.00025493093
0.00029464411
0.00033687506
0.00038159126
0.0004288322
0.00047865473
0.00053130334
0.00054812511
0.00049313439
0.00045346468
0.00042887398
0.00040997131
0.00039203957
0.00037482052
0.00035907804
0.00034530087
0.00033377728
0.00032491921
0.00031941048
0.00031817328
0.00032225015
0.00033270321
0.000350596
0.00037705691
0.0004133747
0.00046111329
0.00052210779
0.00059857791
0.00069310941
0.00080877795
0.0009492857
0.0011191209
0.0013237485
0.0015698328
0.0018655009
0.0022206901
0.0026475762
0.0031611138
0.0037794665
0.0045239555
0.0054214701
0.0065027375
0.0069766768
0.0069704133
0.0069672578
0.0069665533
0.0069675629
0.0069696652
0.0069724961
0.006975882
0.0069797909
0.0069842338
0.0069892357
0.0069948302
0.0070010543
0.0070079398
0.0070155493
0.007023944
0.0070331144
1.0458142e-14
1.999599e-12
5.1323753e-11
4.943656e-10
2.8190005e-09
1.1693135e-08
3.9124878e-08
1.1159257e-07
2.7946574e-07
6.2375102e-07
1.2493432e-06
2.2548637e-06
3.6882498e-06
5.520983e-06
7.662728e-06
1.0000573e-05
1.2433708e-05
1.4891587e-05
1.7340335e-05
1.9786656e-05
2.2293509e-05
2.4996015e-05
2.8074081e-05
3.179353e-05
3.6543145e-05
4.2846725e-05
5.1799702e-05
6.5116952e-05
8.3324714e-05
0.00010556741
0.00013161965
0.00016129632
0.00019437273
0.00023062918
0.00026988264
0.00031200636
0.00035694351
0.0004047163
0.00045542711
0.00050928641
0.00056664053
0.00062744879
0.00056868182
0.00051530077
0.00048376672
0.00046115934
0.00044042134
0.00042028652
0.00040156156
0.00038499003
0.00037096488
0.00035995272
0.00035273244
0.00035036704
0.00035406065
0.00036503747
0.00038452869
0.00041386128
0.00045457384
0.00050849077
0.00057779653
0.00066507558
0.00077339735
0.00090642848
0.001068589
0.001265248
0.0015029556
0.0017897168
0.0021353354
0.0025518482
0.0030540751
0.0036600603
0.0043910603
0.0052735078
0.0063360448
0.0069779327
0.0069711772
0.0069676558
0.0069667366
0.0069676511
0.0069697289
0.0069725815
0.0069760093
0.0069799741
0.006984488
0.0069895789
0.0069952834
0.0070016392
0.007008671
0.0070164169
0.0070249028
0.0070339029
1.0475635e-14
2.0024959e-12
5.1440332e-11
4.9583082e-10
2.8287668e-09
1.1741318e-08
3.9332833e-08
1.1242444e-07
2.8250004e-07
6.3347209e-07
1.2760128e-06
2.3171117e-06
3.8129866e-06
5.7396004e-06
8.0052745e-06
1.0490345e-05
1.3083025e-05
1.569779e-05
1.8280194e-05
2.0810816e-05
2.3315403e-05
2.5869336e-05
2.8587281e-05
3.1651399e-05
3.5362533e-05
4.0125943e-05
4.6513142e-05
5.603893e-05
7.0577493e-05
9.0050773e-05
0.00011367684
0.00014132354
0.00017280201
0.00020788528
0.00024636045
0.00028806307
0.0003328988
0.00038085722
0.00043201964
0.00048656394
0.00054475468
0.00060683314
0.00067326004
0.00064973309
0.00058445924
0.00054307459
0.00051600028
0.00049239461
0.00046917072
0.00044722999
0.000427643
0.00041093102
0.00039764367
0.00038868666
0.00038528578
0.00038882865
0.00040073804
0.00042245655
0.00045553161
0.000501741
0.00056321532
0.00064251963
0.00074272332
0.00086748564
0.0010211889
0.0012091261
0.0014377389
0.0017149024
0.0020502721
0.0024557263
0.0029459259
0.0035387854
0.0042555664
0.0051223445
0.0061663089
0.0069793543
0.0069720772
0.006968153
0.0069669956
0.0069678089
0.006969875
0.0069727688
0.0069762679
0.0069803288
0.0069849692
0.006990228
0.0069961597
0.0070028227
0.0070102866
0.0070186381
0.0070279771
0.0070376109
1.0432974e-14
1.9938801e-12
5.1245271e-11
4.9425338e-10
2.8211956e-09
1.1717618e-08
3.9295433e-08
1.1252106e-07
2.8355045e-07
6.3838428e-07
1.2923594e-06
2.3599913e-06
3.906035e-06
5.9126652e-06
8.2897319e-06
1.0914113e-05
1.366681e-05
1.6451991e-05
1.9201212e-05
2.1878205e-05
2.4483906e-05
2.7049753e-05
2.9650184e-05
3.239596e-05
3.5481635e-05
3.9245053e-05
4.4133766e-05
5.0818066e-05
6.1312549e-05
7.7467131e-05
9.8463308e-05
0.00012379356
0.00015335396
0.00018694803
0.00022434862
0.00026535427
0.00030982568
0.00035770836
0.00040904582
0.00046398608
0.00052277933
0.00058575658
0.00065335388
0.00072622588
0.00073587613
0.00065814899
0.00060640477
0.00057445907
0.00054778271
0.00052127526
0.00049591238
0.00047311847
0.00045356686
0.00043792936
0.00042728227
0.00042305436
0.00042685346
0.00044032197
0.00046511008
0.00050298544
0.00055600934
0.00062668438
0.00071805202
0.00083376832
0.00097820592
0.0011566158
0.0013753537
0.0016421703
0.0019665662
0.0023602412
0.0028376604
0.0034165753
0.0041182859
0.0049686534
0.0059947863
0.0069809355
0.006973125
0.0069687553
0.0069673412
0.0069680499
0.0069701186
0.0069730745
0.0069766803
0.006980886
0.0069857201
0.006991242
0.0069975385
0.0070047199
0.0070129426
0.0070223856
0.0070329495
0.0070426264
0.0070492871
1.0361306e-14
1.9796964e-12
5.0888615e-11
4.9108152e-10
2.8047774e-09
1.1657075e-08
3.9130014e-08
1.1222319e-07
2.8348432e-07
6.4041635e-07
1.3021106e-06
2.3897395e-06
3.9763968e-06
6.0514532e-06
8.5281295e-06
1.1282172e-05
1.4189854e-05
1.7148191e-05
2.0079127e-05
2.2936027e-05
2.5704732e-05
2.8387058e-05
3.1016487e-05
3.3661801e-05
3.6442474e-05
3.9592807e-05
4.3485333e-05
4.8638304e-05
5.5893251e-05
6.7747756e-05
8.5859223e-05
0.00010872456
0.00013613118
0.00016796632
0.00020402459
0.00024408367
0.00028796207
0.00033555629
0.00038686301
0.00044199173
0.00050117003
0.00056474143
0.00063316796
0.00070703874
0.00078708668
0.000825824
0.00073511247
0.00067309279
0.00063633091
0.00060640158
0.00057638154
0.00054740509
0.00052125121
0.00049875958
0.00048077585
0.00046860565
0.000463927
0.00046858394
0.00048442689
0.00051331312
0.00055727175
0.00061871529
0.00070060681
0.00080656647
0.00094095991
0.0011090241
0.0013170642
0.0015727318
0.001885381
0.0022665246
0.0027304031
0.0032945499
0.0039801831
0.0048129071
0.0058222717
0.0069826354
0.0069743311
0.0069694737
0.0069677816
0.0069683827
0.0069704748
0.0069735071
0.0069772555
0.0069816543
0.0069867438
0.006992604
0.0069993447
0.0070070814
0.0070158779
0.0070254173
0.0070340533
0.0070391394
0.007043555
1.0281458e-14
1.9640031e-12
5.0476351e-11
4.8735378e-10
2.7850267e-09
1.1582281e-08
3.8914142e-08
1.1175601e-07
2.8288005e-07
6.4087854e-07
1.3078716e-06
2.4108271e-06
4.0307382e-06
6.164561e-06
8.7301062e-06
1.1603573e-05
1.4658239e-05
1.7785892e-05
2.0901587e-05
2.3952604e-05
2.6916046e-05
2.9773042e-05
3.2527368e-05
3.5218896e-05
3.7914273e-05
4.0751757e-05
4.4015283e-05
4.8133885e-05
5.3725318e-05
6.1921163e-05
7.5534135e-05
9.5848025e-05
0.00012100004
0.00015090213
0.00018541561
0.00022432626
0.00026742355
0.00031455748
0.00036567433
0.0004208376
0.00048023975
0.00054420695
0.00061320042
0.00068781325
0.00076875135
0.00085680742
0.00091775915
0.00081402214
0.00074266335
0.00070141229
0.00066803079
0.00063424448
0.00060149136
0.00057187835
0.00054642585
0.00052621712
0.00051285086
0.00050828292
0.00051458563
0.00053381217
0.00056805757
0.00061967277
0.00069150653
0.00078708609
0.00091073396
0.001067675
0.001264194
0.0015078804
0.0018079707
0.0021758024
0.0026253906
0.0031740347
0.0038427844
0.0046569491
0.0056480389
0.0068597426
0.0069756954
0.0069703145
0.0069683198
0.0069688036
0.0069709222
0.0069740614
0.0069779827
0.0069826102
0.0069879886
0.0069941993
0.0070013226
0.0070093418
0.0070179371
0.0070260461
0.0070317701
0.0070354773
0.0070409206
1.02071e-14
1.9493752e-12
5.0077737e-11
4.8367366e-10
2.7654195e-09
1.1508216e-08
3.86964e-08
1.1125904e-07
2.8209685e-07
6.406118e-07
1.3113587e-06
2.426297e-06
4.0737397e-06
6.2582576e-06
8.9030492e-06
1.1885914e-05
1.5078207e-05
1.836781e-05
2.1664908e-05
2.4913652e-05
2.8086437e-05
3.1150486e-05
3.4089054e-05
3.6910836e-05
3.9662338e-05
4.2415313e-05
4.5338467e-05
4.877643e-05
5.3234934e-05
5.9472749e-05
6.911885e-05
8.5043484e-05
0.00010782674
0.00013566387
0.00016846612
0.00020605966
0.00024822118
0.0002947588
0.00034556598
0.00040065412
0.00046017102
0.0005244107
0.0005938169
0.00066898025
0.00075062134
0.00083955809
0.00093671511
0.0010097564
0.00089379307
0.00081477898
0.00076949965
0.00073243299
0.00069461711
0.00065796649
0.0006248682
0.00059654092
0.00057438012
0.00056032928
0.00055662714
0.00056556728
0.0005894234
0.00063057723
0.000691781
0.00077642293
0.00088871968
0.001033847
0.0012180722
0.0014489555
0.001735657
0.0020893757
0.0025239323
0.0030564275
0.0037077667
0.0045029198
0.0054732605
0.0066570131
0.0069772124
0.0069712795
0.0069689572
0.006969306
0.0069714541
0.0069747201
0.0069788289
0.0069836954
0.0069893472
0.0069958266
0.0070030948
0.0070108583
0.0070183462
0.0070243603
0.0070283885
0.0070327171
0.0070385767
1.0141247e-14
1.9366037e-12
4.9716173e-11
4.8031251e-10
2.7476894e-09
1.1441391e-08
3.8500675e-08
1.1080762e-07
2.8134133e-07
6.4011532e-07
1.3136538e-06
2.4381759e-06
4.1086428e-06
6.3370889e-06
9.0526142e-06
1.2135315e-05
1.5455494e-05
1.8897857e-05
2.2369762e-05
2.58144e-05
2.9200997e-05
3.2488485e-05
3.5646311e-05
3.866145e-05
4.1550417e-05
4.4352916e-05
4.7161617e-05
5.0208488e-05
5.3902099e-05
5.8852793e-05
6.6033553e-05
7.7862635e-05
9.6871539e-05
0.00012243336
0.0001532961
0.00018935249
0.00023039146
0.0002761855
0.00032657077
0.00038149713
0.00044105711
0.00050550138
0.00057524385
0.0006508659
0.00073313013
0.00082283591
0.00092079002
0.0010278949
0.0011002035
0.00097367653
0.00088917895
0.00084041361
0.00079936253
0.00075726521
0.00071666371
0.00068014563
0.00064916513
0.00062550694
0.00061148648
0.000609621
0.00062243265
0.00065245178
0.00070241651
0.00077557938
0.00087599453
0.0010087218
0.0011799754
0.0013972926
0.0016697947
0.002008591
0.0024273575
0.0029430481
0.0035764702
0.0043524059
0.0053017982
0.006459527
0.0069788792
0.0069723631
0.0069696757
0.0069698759
0.0069720506
0.0069754564
0.0069797403
0.0069848206
0.0069906702
0.0069972382
0.0070042805
0.0070112148
0.0070171369
0.0070215347
0.0070253387
0.0070305554
0.0070366326
1.0090163e-14
1.9266774e-12
4.9422877e-11
4.7754856e-10
2.7332065e-09
1.1387548e-08
3.8345415e-08
1.1045488e-07
2.8075559e-07
6.3974535e-07
1.3155335e-06
2.4479452e-06
4.1379013e-06
6.4047177e-06
9.1835746e-06
1.2357583e-05
1.5796541e-05
1.9382547e-05
2.3020638e-05
2.6654307e-05
3.0252091e-05
3.3767633e-05
3.7160815e-05
4.0402758e-05
4.3484869e-05
4.643287e-05
4.9287341e-05
5.2172569e-05
5.5402746e-05
5.9476106e-05
6.5155734e-05
7.3810643e-05
8.870558e-05
0.00011145859
0.00014016105
0.00017442047
0.00021409216
0.00025894285
0.00030875937
0.00036342574
0.00042296891
0.00048758889
0.00055769032
0.00063374965
0.00071644633
0.0008066365
0.00090522516
0.0010131297
0.001131257
0.0011879507
0.0010533106
0.00096578907
0.00091397337
0.00086856656
0.00082199329
0.00077747534
0.00073771707
0.0007044736
0.0006799812
0.00066693354
0.00066812713
0.0006863352
0.00072440088
0.00078550892
0.00087353741
0.00099336345
0.0011510798
0.0013541693
0.0016117269
0.0019348152
0.0023370192
0.002835178
0.0034500145
0.0042062916
0.0051347591
0.0062687063
0.0069806928
0.0069735583
0.0069704642
0.006970491
0.0069726766
0.0069762056
0.0069806473
0.0069858761
0.0069917883
0.00699819
0.0070046257
0.0070103843
0.0070149001
0.0070186089
0.0070229281
0.0070287318
0.0070351437
1.0052932e-14
1.9195598e-12
4.919793e-11
4.7544917e-10
2.7224328e-09
1.1348886e-08
3.8239098e-08
1.1022804e-07
2.8042625e-07
6.3972775e-07
1.3175184e-06
2.4566487e-06
4.1634005e-06
6.4639558e-06
9.2998734e-06
1.2557703e-05
1.6107277e-05
1.9828283e-05
2.3623685e-05
2.7438122e-05
3.1241402e-05
3.4984167e-05
3.8620114e-05
4.2109486e-05
4.5426081e-05
4.856873e-05
5.1564651e-05
5.447012e-05
5.747478e-05
6.0988756e-05
6.5641842e-05
7.2447647e-05
8.3524781e-05
0.00010219204
0.00012874003
0.00016113258
0.00019929642
0.00024305142
0.00029217184
0.00034649619
0.00040601177
0.00047078712
0.00054110215
0.00061746274
0.00070054075
0.00079116823
0.00089028625
0.00099888447
0.0011179285
0.0012484368
0.0012725263
0.001132797
0.0010446462
0.00098996943
0.00093981048
0.00088867574
0.00084038275
0.00079770812
0.00076279148
0.00073836086
0.00072749028
0.00073326361
0.00075874389
0.00080716292
0.0008822716
0.00098873256
0.0011324419
0.0013207617
0.0015627356
0.0018693987
0.0022542802
0.0027341229
0.0033295679
0.0040654431
0.0049724686
0.0060838603
0.0069826429
0.006974854
0.0069713053
0.0069711249
0.0069732915
0.0069769156
0.0069814757
0.0069867483
0.0069925467
0.0069985168
0.0070040785
0.0070086596
0.0070123038
0.0070160549
0.0070209886
0.007027117
0.0070339882
1.0035868e-14
1.9161234e-12
4.9066045e-11
4.7416258e-10
2.7160097e-09
1.1327867e-08
3.8189735e-08
1.1014943e-07
2.8040859e-07
6.4019727e-07
1.3199355e-06
2.4649957e-06
4.18636e-06
6.5168015e-06
9.4043142e-06
1.2739355e-05
1.6392116e-05
2.0240071e-05
2.4184076e-05
2.8170327e-05
3.2171511e-05
3.6136885e-05
4.0016284e-05
4.3762444e-05
4.7336407e-05
5.0716546e-05
5.3912868e-05
5.6946871e-05
5.9911563e-05
6.3111352e-05
6.7071367e-05
7.2607536e-05
8.1143974e-05
9.5829936e-05
0.00011904143
0.00014947303
0.00018599875
0.00022852327
0.00027685082
0.00033076391
0.00039008605
0.00045487908
0.00052538285
0.00060203955
0.00068548586
0.00077653473
0.0008761399
0.00098534473
0.0011052192
0.0012368097
0.0013813052
0.001354216
0.0012126103
0.0011257325
0.0010680714
0.0010128725
0.00095722582
0.00090544626
0.00086037332
0.00082461156
0.0008014146
0.00079423744
0.00080646878
0.00084151773
0.00090311184
0.00099572591
0.0011250097
0.0012981237
0.001523998
0.0018136178
0.0021804679
0.0026412184
0.0032164493
0.003931145
0.0048163115
0.0059068878
0.0069847051
0.0069762349
0.006972177
0.0069717504
0.0069738503
0.0069775237
0.0069821294
0.0069873373
0.0069928358
0.0069981626
0.007002773
0.0070064489
0.0070097962
0.0070139277
0.0070193135
0.007025667
0.0070330756
1.0040539e-14
1.9167491e-12
4.9036884e-11
4.7377098e-10
2.7144465e-09
1.1326158e-08
3.8201343e-08
1.1023182e-07
2.8073671e-07
6.4125088e-07
1.3230058e-06
2.4734013e-06
4.2075717e-06
6.5645644e-06
9.4988035e-06
1.2905073e-05
1.6654255e-05
2.062174e-05
2.4705972e-05
2.885487e-05
3.304537e-05
3.7226497e-05
4.1345801e-05
4.5350902e-05
4.9193403e-05
5.2836033e-05
5.6264036e-05
5.9502214e-05
6.2577586e-05
6.5658852e-05
6.9190384e-05
7.384967e-05
8.0759356e-05
9.2052506e-05
0.00011143597
0.00013960386
0.00017434558
0.00021550333
0.00026282175
0.00031607779
0.00037509815
0.00043985795
0.00051052441
0.00058747503
0.0006712982
0.00076277844
0.00086286773
0.00097264269
0.0010932509
0.0012258565
0.001371612
0.0015318863
0.001433454
0.0012933133
0.0012091016
0.0011484357
0.0010877849
0.0010277498
0.00097291737
0.00092615861
0.00089065011
0.00087018348
0.00086858421
0.00088957524
0.00093699707
0.001015223
0.001129658
0.0012871954
0.0014965663
0.001768645
0.002116855
0.0025578091
0.003112072
0.0038048862
0.0046678929
0.0057400266
0.0069868221
0.0069776791
0.0069730498
0.0069723184
0.0069743069
0.0069779702
0.0069825364
0.0069875514
0.0069925966
0.0069971823
0.0070009501
0.0070041087
0.007007558
0.0070121033
0.0070177552
0.007024353
0.0070324
1.0058697e-14
1.920377e-12
4.9096277e-11
4.7425709e-10
2.7177361e-09
1.1343814e-08
3.8275324e-08
1.1047818e-07
2.8142326e-07
6.429195e-07
1.3268086e-06
2.4821022e-06
4.2275658e-06
6.6080028e-06
9.5844539e-06
1.3056394e-05
1.6895664e-05
2.0975678e-05
2.5192072e-05
2.9494599e-05
3.3865614e-05
3.8254871e-05
4.2609108e-05
4.6872916e-05
5.0991361e-05
5.4916063e-05
5.8614864e-05
6.2086876e-05
6.5342194e-05
6.8465307e-05
7.1779474e-05
7.5866344e-05
8.164491e-05
9.071101e-05
0.00010626529
0.00013109269
0.00016408581
0.00020371395
0.00024988583
0.00030239027
0.00036102277
0.00042569459
0.00049649916
0.00057374461
0.00065796273
0.00074990005
0.00085049444
0.00096083808
0.0010821296
0.0012156211
0.001362569
0.0015242145
0.0017020982
0.001512236
0.0013741107
0.0012952494
0.0012306075
0.0011644078
0.001100479
0.0010432021
0.00099572319
0.00096190426
0.00094604778
0.00095234273
0.00098489997
0.0010481227
0.0011472337
0.0012888342
0.0014813751
0.0017355334
0.0020646202
0.0024851962
0.0030179046
0.0036884373
0.0045294892
0.0055838579
0.0068970596
0.0069791557
0.0069738958
0.0069727995
0.0069746215
0.0069782039
0.0069826419
0.0069873519
0.0069918479
0.0069957112
0.006998865
0.0070018608
0.0070055904
0.007010437
0.0070162221
0.0070230949
0.0070320112
1.0094127e-14
1.9272266e-12
4.9244523e-11
4.7551965e-10
2.725197e-09
1.1378062e-08
3.8400271e-08
1.1085675e-07
2.8238626e-07
6.4502357e-07
1.331003e-06
2.4905228e-06
4.2453988e-06
6.6459076e-06
9.6597793e-06
1.3191517e-05
1.71144e-05
2.1299926e-05
2.5640401e-05
3.0087241e-05
3.4629303e-05
3.9217827e-05
4.3799672e-05
4.8317285e-05
5.2711077e-05
5.692413e-05
6.0909958e-05
6.4644356e-05
6.8143559e-05
7.1418735e-05
7.4671711e-05
7.8034606e-05
8.3430277e-05
9.098459e-05
0.00010342741
0.00012461614
0.00015529771
0.00019324805
0.00023810978
0.00028972016
0.00034785591
0.00041236922
0.00048327816
0.00056081561
0.00064544873
0.00073787649
0.00083901094
0.00094994433
0.0010719035
0.0012061928
0.0013541216
0.0015168866
0.0016952915
0.0017887551
0.0015889826
0.0014614648
0.0013841804
0.0013141962
0.0012429199
0.0011757475
0.0011168696
0.001069997
0.0010397156
0.0010307996
0.001047815
0.001095361
0.0011785943
0.0013038565
0.0014792677
0.0017152159
0.0020248248
0.0024246047
0.0029354033
0.0035836023
0.0044030873
0.0054380225
0.0067280922
0.0069806267
0.0069746887
0.0069731664
0.006974767
0.0069781883
0.0069824161
0.0069867408
0.0069906637
0.0069939201
0.0069967246
0.0069997987
0.0070038231
0.0070088374
0.007014749
0.0070222001
0.0070322687
0.0070438215
1.013052e-14
1.9341225e-12
4.9394634e-11
4.7681735e-10
2.732813e-09
1.1411818e-08
3.8521077e-08
1.1120848e-07
2.8322243e-07
6.4667295e-07
1.3338597e-06
2.4956459e-06
4.2563282e-06
6.6714295e-06
9.7154066e-06
1.3298249e-05
1.7294996e-05
2.1575091e-05
2.6026348e-05
3.0600291e-05
3.5228907e-05
3.9802397e-05
4.4534527e-05
4.9442572e-05
5.4338066e-05
5.8842153e-05
6.3128753e-05
6.7155688e-05
7.0912523e-05
7.4403289e-05
7.7745866e-05
8.0234443e-05
8.5721898e-05
9.2357034e-05
0.00010268247
0.00012022702
0.00014771576
0.00018396678
0.00022743369
0.00027803719
0.00033557287
0.00039985304
0.0004708262
0.00054864808
0.00063371502
0.00072666996
0.00082838886
0.00093995146
0.001062598
0.0011976723
0.0013465483
0.0015105295
0.0016907026
0.0018885057
0.0018573554
0.0016696169
0.0015538247
0.0014754963
0.0013994521
0.0013236648
0.0012540618
0.001194761
0.0011502606
0.0011258482
0.0011267303
0.0011579072
0.0012246322
0.0013330781
0.0014910338
0.0017085283
0.00199842
0.002377157
0.0028658757
0.0034917469
0.0042896866
0.0053043017
0.0065737482
0.0069820611
0.0069754005
0.0069733929
0.0069747012
0.0069779065
0.0069818566
0.006985758
0.0069891529
0.0069919739
0.0069946624
0.0069979262
0.0070021669
0.0070072588
0.0070133794
0.0070213298
0.0070308678
0.0070400538
1.0168986e-14
1.9413396e-12
4.9559218e-11
4.7824907e-10
2.7408294e-09
1.1445932e-08
3.8637727e-08
1.1153156e-07
2.839357e-07
6.4788548e-07
1.3354359e-06
2.497589e-06
4.2607007e-06
6.6852103e-06
9.7524401e-06
1.3378198e-05
1.7439548e-05
2.1803725e-05
2.6352511e-05
3.1035649e-05
3.5568253e-05
4.0197428e-05
4.5042171e-05
5.0113563e-05
5.5368746e-05
6.0631767e-05
6.5235112e-05
6.9566508e-05
7.3606025e-05
7.7359164e-05
8.088068e-05
8.2842474e-05
8.7018344e-05
9.4492273e-05
0.00010334024
0.000117905
0.0001420048
0.00017607227
0.0002179779
0.00026740796
0.00032420114
0.00038814441
0.00045912074
0.00053720552
0.0006227172
0.00071623374
0.00081858511
0.00093082776
0.0010542037
0.0011900854
0.0013399072
0.0015050819
0.0016869206
0.0018867575
0.0021064657
0.0019290923
0.0017542269
0.0016503208
0.001568902
0.0014866775
0.0014072265
0.0013362262
0.0012780906
0.0012382433
0.0012225843
0.0012367434
0.0012862796
0.0013773433
0.0015174506
0.0017162465
0.0019862637
0.0023438513
0.0028104246
0.0034138474
0.0041898906
0.0051839858
0.0064363812
0.0069834359
0.0069760125
0.0069734662
0.0069744193
0.0069773663
0.0069809903
0.0069844724
0.0069874356
0.006990003
0.0069927344
0.0069961996
0.0070005586
0.0070057283
0.0070121611
0.0070202737
0.0070290268
0.0070378123
1.0220888e-14
1.9511787e-12
4.9796202e-11
4.8036515e-10
2.7525765e-09
1.1494798e-08
3.8800327e-08
1.1197302e-07
2.848973e-07
6.4949622e-07
1.3373867e-06
2.4993693e-06
4.2633639e-06
6.6944606e-06
9.7807885e-06
1.3444274e-05
1.7564298e-05
2.2005531e-05
2.6642366e-05
3.1307849e-05
3.5850601e-05
4.0576381e-05
4.5546887e-05
5.075079e-05
5.6160519e-05
6.1719791e-05
6.7221988e-05
7.1881047e-05
7.6228751e-05
8.0258687e-05
8.400236e-05
8.5828716e-05
8.8931573e-05
9.6718303e-05
0.00010498811
0.00011744157
0.00013815796
0.00016937967
0.00020967829
0.00025782606
0.00031374872
0.00037724432
0.00044814823
0.0005264598
0.00061241596
0.00070652208
0.00080955281
0.00092253114
0.0010466901
0.0011834201
0.001334202
0.0015005293
0.0016838257
0.0018853926
0.0021062238
0.0022503941
0.0020044779
0.0018466871
0.00175041
0.0016637358
0.0015762133
0.0014942962
0.0014233239
0.001368511
0.0013362043
0.0013328274
0.0013644965
0.0014375382
0.0015593156
0.0017391247
0.0019891426
0.0023255647
0.0027699815
0.0033507547
0.0041043683
0.0050775318
0.0063147193
0.0069847322
0.0069765098
0.0069733712
0.0069739231
0.0069765657
0.0069798705
0.006982971
0.0069856245
0.0069880941
0.006990947
0.006994563
0.0069989771
0.0070042856
0.0070109917
0.0070189041
0.0070271765
0.0070359215
1.0295019e-14
1.9653635e-12
5.0151711e-11
4.8365356e-10
2.7710202e-09
1.1571011e-08
3.9051834e-08
1.1265492e-07
2.8641615e-07
6.5219797e-07
1.341091e-06
2.5033651e-06
4.268029e-06
6.7044424e-06
9.8075018e-06
1.3505552e-05
1.7680516e-05
2.219466e-05
2.6913856e-05
3.1504734e-05
3.6114206e-05
4.0963491e-05
4.6075998e-05
5.1418801e-05
5.69568e-05
6.2663496e-05
6.847275e-05
7.4101469e-05
7.8764829e-05
8.3094073e-05
8.7084517e-05
8.926435e-05
9.1285016e-05
9.7859808e-05
0.00010733292
0.00011829078
0.00013611394
0.00016430688
0.00020269423
0.00024939924
0.00030428741
0.00036719386
0.00043792259
0.00051640219
0.00060278521
0.00069749719
0.00080124811
0.00091501737
0.0010400186
0.0011776488
0.0013294231
0.0014968973
0.0016815816
0.0018848489
0.0021077695
0.0023513682
0.0023072861
0.0020873403
0.0019496203
0.0018538838
0.0017605639
0.001668894
0.0015858879
0.001516897
0.0014682322
0.0014470435
0.0014602431
0.0015145861
0.0016174656
0.0017779247
0.0020077984
0.0023230644
0.0027453386
0.0033032766
0.0040340684
0.0049862929
0.0062101191
0.0069859361
0.0069768861
0.0069731141
0.0069732333
0.0069755392
0.0069785389
0.0069813469
0.0069838133
0.0069862929
0.0069892743
0.006992974
0.0069974329
0.0070029257
0.0070097427
0.0070173344
0.0070255104
0.0070343389
1.0401563e-14
1.9855206e-12
5.0655985e-11
4.8840154e-10
2.7977588e-09
1.1681134e-08
3.9414451e-08
1.1364215e-07
2.8865244e-07
6.5633298e-07
1.3472013e-06
2.5106646e-06
4.2763243e-06
6.7173105e-06
9.8351644e-06
1.3564869e-05
1.7791437e-05
2.2374663e-05
2.7173808e-05
3.1706284e-05
3.6389352e-05
4.1367812e-05
4.6631069e-05
5.2124934e-05
5.7798939e-05
6.3625546e-05
6.958804e-05
7.559579e-05
8.121973e-05
8.5859742e-05
9.0124584e-05
9.2902312e-05
9.3997371e-05
9.957606e-05
0.00011019985
0.00012009279
0.00013573703
0.00016088864
0.00019689402
0.00024210145
0.00029583713
0.00035802199
0.00042846288
0.00050703472
0.00059380977
0.00068912975
0.00079363203
0.00090824275
0.0010341459
0.0011727344
0.0013255455
0.0014941833
0.0016802293
0.0018851433
0.0021101432
0.0023561998
0.0026247266
0.0023769825
0.0021778161
0.0020586522
0.0019594951
0.0018599554
0.0017657453
0.0016834287
0.0016190677
0.0015801352
0.0015744355
0.0016094295
0.001692781
0.0018334374
0.0020429537
0.0023370378
0.0027371735
0.0032721525
0.003979966
0.0049116158
0.0061235522
0.0069870394
0.0069771415
0.0069727056
0.0069723613
0.006974334
0.0069770621
0.0069796621
0.0069820505
0.006984599
0.0069876785
0.0069914131
0.0069959397
0.0070016005
0.0070083694
0.0070157534
0.0070240774
0.0070330742
1.0536415e-14
2.0112063e-12
5.130669e-11
4.9457322e-10
2.8326946e-09
1.1825455e-08
3.98894e-08
1.1494113e-07
2.9162817e-07
6.6196874e-07
1.3558612e-06
2.5215094e-06
4.2885347e-06
6.7333755e-06
9.8640421e-06
1.3622393e-05
1.789687e-05
2.2545059e-05
2.7353e-05
3.190151e-05
3.6685471e-05
4.1803097e-05
4.7222264e-05
5.2874502e-05
5.8694306e-05
6.4641173e-05
7.0706289e-05
7.6884256e-05
8.3049965e-05
8.8578422e-05
9.3156449e-05
9.6828475e-05
9.7270333e-05
0.00010168431
0.00011137244
0.00012256156
0.00013663137
0.00015901638
0.00019241675
0.00023599727
0.00028845104
0.00034977292
0.00041979972
0.00049837069
0.00058548504
0.00068139945
0.00078667224
0.00090216736
0.0010290291
0.0011686356
0.0013225348
0.0014923658
0.0016797649
0.0018862561
0.0021131126
0.0023611743
0.0026304073
0.0027235987
0.0024554632
0.0022847783
0.0021722757
0.0020669043
0.0019628929
0.0018680489
0.0017888646
0.0017326481
0.0017078982
0.0017229986
0.0017861722
0.0019064882
0.0020953345
0.002368129
0.0027460976
0.0032580655
0.0039429303
0.0048544482
0.0060551992
0.0069880398
0.0069772851
0.0069721686
0.0069713485
0.0069730105
0.0069755075
0.0069779806
0.0069803677
0.006982996
0.0069861248
0.0069898727
0.0069944937
0.007000254
0.0070069025
0.0070142592
0.0070227904
0.0070320206
1.0702547e-14
2.0429619e-12
5.2115344e-11
5.0229709e-10
2.8765985e-09
1.2006537e-08
4.0486479e-08
1.165817e-07
2.9542331e-07
6.6929366e-07
1.3674583e-06
2.5366136e-06
4.3058166e-06
6.7542476e-06
9.8961361e-06
1.3680375e-05
1.7999511e-05
2.2708974e-05
2.7472021e-05
3.2092687e-05
3.7000121e-05
4.2266469e-05
4.7847958e-05
5.3665971e-05
5.9643088e-05
6.5724373e-05
7.1892113e-05
7.8165361e-05
8.4551212e-05
9.0862304e-05
9.6139439e-05
0.00010065368
0.00010080095
0.00010411534
0.00011285323
0.00012553073
0.0001384571
0.00015857918
0.00018937712
0.00023108207
0.00028216018
0.00034248827
0.00041196944
0.00049043255
0.00057781638
0.00067429509
0.0007803438
0.00089675632
0.0010246276
0.0011653107
0.0013203533
0.0014914172
0.0016801813
0.0018882242
0.0021168802
0.0023670543
0.0026389523
0.0029329628
0.002781967
0.0025499097
0.0024030958
0.0022893579
0.0021773296
0.0020708163
0.0019776413
0.0019049009
0.0018613005
0.0018561638
0.0018985543
0.0019979318
0.0021656839
0.0024169697
0.0027726924
0.0032616595
0.0039237374
0.0048154963
0.0060049367
0.0069889407
0.0069773312
0.0069715278
0.0069702359
0.0069716035
0.0069739413
0.0069763475
0.0069787709
0.0069814562
0.0069845898
0.0069883538
0.0069930737
0.0069988508
0.0070053903
0.0070128282
0.0070214341
0.0070308042
1.0904426e-14
2.081448e-12
5.3095614e-11
5.1171029e-10
2.9301588e-09
1.2227604e-08
4.1216614e-08
1.1859515e-07
3.0011856e-07
6.7849604e-07
1.3824083e-06
2.5567386e-06
4.3293495e-06
6.7815886e-06
9.9336624e-06
1.3741847e-05
1.8103139e-05
2.2871624e-05
2.7599312e-05
3.2296017e-05
3.7329075e-05
4.2747278e-05
4.8495779e-05
5.4487651e-05
6.0635259e-05
6.6870353e-05
7.3161881e-05
7.9528816e-05
8.6029092e-05
9.2666836e-05
9.907578e-05
0.00010387368
0.0001043766
0.00010697843
0.00011487571
0.00012816984
0.00014096881
0.00015937046
0.00018766868
0.00022727062
0.00027693643
0.00033617595
0.00040499386
0.00048324014
0.00057081281
0.00066781154
0.00077462773
0.00089197939
0.0010209035
0.001162718
0.0013189596
0.0014913024
0.0016814562
0.0018910447
0.0021214544
0.002373648
0.0026479263
0.002943868
0.0031751703
0.002861703
0.0026582285
0.0025273264
0.0024085901
0.0022918412
0.0021854214
0.0020970231
0.0020351204
0.002009688
0.0020308094
0.002108632
0.0022547623
0.0024842006
0.0028175329
0.0032835451
0.0039230718
0.0047952835
0.0059724608
0.0069897509
0.0069773009
0.0069708188
0.0069690719
0.0069701674
0.0069723908
0.0069747933
0.0069772505
0.0069799515
0.0069830627
0.0069868527
0.0069916477
0.0069973841
0.0070038718
0.0070113857
0.0070198705
0.0070292189
0.0070404624
1.114066e-14
2.1265384e-12
5.4245774e-11
5.2275955e-10
2.9931552e-09
1.2488378e-08
4.2078585e-08
1.209779e-07
3.0570957e-07
6.8957806e-07
1.4007289e-06
2.5819477e-06
4.3592978e-06
6.8156551e-06
9.9768928e-06
1.3806775e-05
1.8207652e-05
2.3033026e-05
2.7737663e-05
3.2513442e-05
3.7672363e-05
4.3242034e-05
4.9158884e-05
5.5329804e-05
6.165935e-05
6.8069071e-05
7.4515975e-05
8.101027e-05
8.7617088e-05
9.4395134e-05
0.00010115713
0.0001068316
0.00010810507
0.00011028187
0.00011723196
0.00012966321
0.00014399907
0.00016112481
0.00018719431
0.00022462994
0.00027280164
0.00033085822
0.00039889755
0.00047681494
0.00056448694
0.00066194911
0.00076951131
0.00088781199
0.0010178231
0.0011608181
0.0013183132
0.0014919838
0.0016835608
0.0018947028
0.0021268403
0.0023809844
0.0026574918
0.0029558222
0.0032743239
0.0032228607
0.0029597687
0.0027863746
0.0026566418
0.0025311899
0.0024123601
0.0023090733
0.0022296377
0.0021841764
0.0021837416
0.0022394329
0.0023633407
0.0025704787
0.0028811978
0.0033242991
0.0039415097
0.004794138
0.0059572908
0.0069904829
0.0069772176
0.0069700734
0.006967891
0.0069687546
0.0069708918
0.0069733082
0.0069757904
0.0069784609
0.0069815324
0.0069853608
0.0069901942
0.0069958724
0.0070023598
0.0070098611
0.0070181523
0.0070273606
0.0070373386
1.1411101e-14
2.1782091e-12
5.5565422e-11
5.3545937e-10
3.0656209e-09
1.2788294e-08
4.3070625e-08
1.2372594e-07
3.1218399e-07
7.0251421e-07
1.4224017e-06
2.6122898e-06
4.3958028e-06
6.8566589e-06
1.0026071e-05
1.3875477e-05
1.8313225e-05
2.3192958e-05
2.7885345e-05
3.274342e-05
3.8027522e-05
4.3747599e-05
4.9833118e-05
5.6186486e-05
6.2707445e-05
6.9309814e-05
7.5939655e-05
8.2592611e-05
8.9317727e-05
9.6167861e-05
0.00010300624
0.00010901104
0.00011169477
0.00011379181
0.00011990683
0.00013156684
0.000147428
0.00016362242
0.00018784086
0.00022317272
0.0002697364
0.00032654288
0.00039370051
0.00047117839
0.00055885408
0.00065671255
0.00076498715
0.00088423513
0.0010153575
0.0011595754
0.0013183747
0.0014934226
0.0016864611
0.0018991747
0.002133029
0.0023890749
0.0026677156
0.002968453
0.0032896394
0.0036291757
0.0033051178
0.0030734003
0.0029228826
0.0027888373
0.0026587362
0.0025411885
0.0024450017
0.0023800545
0.002358032
0.0023911208
0.0024921799
0.0026764718
0.0029642701
0.0033844596
0.0039795053
0.0048121934
0.005958796
0.0069911519
0.0069771069
0.0069693269
0.0069667349
0.0069673821
0.0069694712
0.0069718869
0.0069743529
0.006976959
0.0069799965
0.0069838685
0.0069887068
0.006994342
0.0070008455
0.0070082581
0.0070164072
0.0070254692
0.0070351566
1.1716644e-14
2.2365595e-12
5.7057287e-11
5.4983766e-10
3.147654e-09
1.312774e-08
4.4193981e-08
1.2684038e-07
3.1954104e-07
7.1730264e-07
1.4474502e-06
2.6478874e-06
4.4391881e-06
6.9051953e-06
1.0081985e-05
1.3948815e-05
1.8420702e-05
2.3352348e-05
2.8042602e-05
3.2984721e-05
3.8393082e-05
4.4262075e-05
5.0515827e-05
5.705421e-05
6.3773301e-05
7.058035e-05
7.7409042e-05
8.4234325e-05
9.1076637e-05
9.7967943e-05
0.00010482127
0.00011109764
0.00011511002
0.00011733201
0.0001228885
0.00013393778
0.00015073047
0.0001666783
0.00018944564
0.00022280282
0.00026767216
0.00032320413
0.00038940388
0.00046634354
0.00055392785
0.00065210893
0.00076105206
0.00088123459
0.0010134826
0.0011589578
0.0013191071
0.0014955803
0.0016901211
0.0019044304
0.0021399994
0.0023979075
0.0026785797
0.0029815004
0.0033048363
0.0036447941
0.0037014
0.0034083902
0.00321256
0.0030649252
0.0029247061
0.0027936264
0.0026813279
0.0025975741
0.0025541991
0.0025643846
0.0026420004
0.0028028406
0.0030673242
0.0034645129
0.0040373891
0.0048494001
0.005976249
0.0069917738
0.0069769928
0.0069686074
0.0069656272
0.0069660759
0.0069681132
0.0069705202
0.0069729174
0.0069754374
0.0069784534
0.0069823637
0.0069871926
0.0069928113
0.0069993142
0.0070066125
0.0070146707
0.0070236239
0.0070333773
1.2060727e-14
2.3022313e-12
5.8731362e-11
5.6594125e-10
3.2395914e-09
1.350828e-08
4.5453004e-08
1.3033161e-07
3.2780226e-07
7.3397796e-07
1.4759297e-06
2.6888856e-06
4.4898039e-06
6.9618716e-06
1.0145577e-05
1.4028029e-05
1.8531462e-05
2.3512674e-05
2.8209506e-05
3.3237433e-05
3.876871e-05
4.4784522e-05
5.1205313e-05
5.7929351e-05
6.4849949e-05
7.1867454e-05
7.8901737e-05
8.5904764e-05
9.2867495e-05
9.9805183e-05
0.00010668681
0.00011323952
0.00011848631
0.0001209727
0.00012618571
0.00013652103
0.00015263887
0.00017014853
0.00019181886
0.00022340867
0.00026657575
0.00032081776
0.00038600147
0.00046231681
0.00054971892
0.00064814595
0.00075770627
0.00087880096
0.0010121793
0.0011589381
0.0013204775
0.0014984209
0.0016945048
0.0019104375
0.0021477269
0.0024074713
0.002690109
0.0029951233
0.0033206904
0.0036632889
0.0040188677
0.0037867249
0.0035365724
0.0033624184
0.0032106749
0.0030667825
0.0029388328
0.0028368891
0.0027725899
0.0027597786
0.0028134442
0.0029502079
0.0031909002
0.0035648702
0.0041153519
0.0049055417
0.0060089155
0.0069923629
0.0069768963
0.0069679414
0.0069645967
0.0069648555
0.0069668149
0.0069691701
0.0069714719
0.0069738972
0.0069769047
0.0069808441
0.0069856664
0.0069912861
0.0069977588
0.0070049546
0.0070129531
0.0070218927
0.0070319023
1.2444603e-14
2.3753983e-12
6.0592681e-11
5.8384685e-10
3.3418059e-09
1.3931039e-08
4.6851219e-08
1.3420769e-07
3.3697377e-07
7.525355e-07
1.5078264e-06
2.7352863e-06
4.5477731e-06
7.0270466e-06
1.0217445e-05
1.4113804e-05
1.8646142e-05
2.3668042e-05
2.8385292e-05
3.3501834e-05
3.9154386e-05
4.531407e-05
5.1899067e-05
5.8806978e-05
6.5928751e-05
7.3158357e-05
8.0403305e-05
8.7596624e-05
9.4707936e-05
0.00010174311
0.00010870708
0.00011546828
0.00012140232
0.00012456741
0.00012962451
0.0001392619
0.00015477148
0.0001739693
0.00019481923
0.00022488677
0.00026642041
0.00031935805
0.00038348353
0.00045910057
0.00054623548
0.00064483129
0.00075495222
0.00087692877
0.0010114333
0.0011594936
0.0013224564
0.0015019109
0.0016995772
0.0019171628
0.0021561835
0.0024177482
0.0027023011
0.0030093208
0.0033369776
0.0036817745
0.0040384928
0.0042237284
0.0039034702
0.0036848322
0.0035169329
0.0033609027
0.0032178135
0.0030981288
0.0030133949
0.0029776886
0.0030070331
0.0031191157
0.0033354636
0.0036858355
0.0042134251
0.0049802602
0.0060561566
0.0069929304
0.0069768329
0.0069673449
0.0069636492
0.0069637093
0.0069655721
0.0069678175
0.0069699897
0.006972329
0.0069753449
0.0069793126
0.0069841378
0.0069897627
0.0069961815
0.0070033011
0.0070112691
0.0070203055
0.0070306832
1.2864604e-14
2.455526e-12
6.2636265e-11
6.035281e-10
3.4540422e-09
1.439517e-08
4.8386529e-08
1.3846096e-07
3.470332e-07
7.7290578e-07
1.5429673e-06
2.7868172e-06
4.6128031e-06
7.1004248e-06
1.029709e-05
1.4205025e-05
1.8762154e-05
2.3766931e-05
2.8557269e-05
3.3779567e-05
3.9555899e-05
4.5856175e-05
5.2600131e-05
5.9686858e-05
6.7006665e-05
7.4449169e-05
8.1912712e-05
8.9316591e-05
9.6614205e-05
0.0001037981
0.00011087327
0.00011774664
0.00012394209
0.00012800647
0.00013309999
0.00014221121
0.00015727735
0.00017806718
0.00019832801
0.00022713616
0.00026715013
0.00031878065
0.00038182974
0.00045669107
0.00054348278
0.00064217238
0.00075279421
0.00087561596
0.0010112348
0.0011606068
0.0013250197
0.0015060211
0.001705307
0.0019245751
0.0021653414
0.0024287178
0.0027151479
0.0030241034
0.0033537489
0.0037006186
0.0040594561
0.0044234521
0.0043152794
0.0040470863
0.0038469626
0.0036766082
0.0035186059
0.0033814493
0.0032766867
0.003218316
0.003223125
0.0033099774
0.0035013602
0.0038275648
0.0043314598
0.005073086
0.0061175348
0.0069934825
0.0069768113
0.0069668268
0.0069627935
0.0069626397
0.0069643493
0.0069664529
0.0069684675
0.0069707375
0.0069737772
0.0069777777
0.0069826136
0.0069882343
0.0069945875
0.0070016522
0.007009609
0.0070187638
0.0070293668
1.3324971e-14
2.5435574e-12
6.4886565e-11
6.2519325e-10
3.5776877e-09
1.4906824e-08
5.0077843e-08
1.4314413e-07
3.581028e-07
7.9531733e-07
1.581735e-06
2.844127e-06
4.6859811e-06
7.1837973e-06
1.0387303e-05
1.4305817e-05
1.8885447e-05
2.3874873e-05
2.8738352e-05
3.4065329e-05
3.9963925e-05
4.6402412e-05
5.3302582e-05
6.0565666e-05
6.8082446e-05
7.5740177e-05
8.3430767e-05
9.1062036e-05
9.8569947e-05
0.00010592517
0.00011311589
0.00012007274
0.00012647813
0.00013135221
0.00013662339
0.00014544178
0.00016006784
0.00018122697
0.00020222477
0.00023003677
0.00026868193
0.00031902829
0.00038100777
0.00045507607
0.00054146128
0.00064017517
0.00075123794
0.00087486387
0.0010115787
0.0011622654
0.0013281486
0.0015107275
0.0017116665
0.001932646
0.002175174
0.0024403584
0.0027286363
0.0030394677
0.0033710049
0.0037197844
0.0040805397
0.0044462072
0.0047954215
0.0044475136
0.0042035157
0.0040151823
0.0038417757
0.003687128
0.0035625018
0.0034816912
0.0034618765
0.0035230225
0.0036887619
0.0039900303
0.0044691223
0.0051834864
0.0061929089
0.0069940194
0.0069768321
0.0069663869
0.0069620204
0.0069616259
0.0069631388
0.006965047
0.0069669115
0.0069691331
0.0069722085
0.0069762418
0.0069810927
0.0069866947
0.0069929809
0.0070000008
0.0070079468
0.0070170958
0.0070273576
0.0070387328
1.3834075e-14
2.6407201e-12
6.7364904e-11
6.490488e-10
3.7138458e-09
1.5469917e-08
5.1936948e-08
1.4828403e-07
3.7023211e-07
8.1984279e-07
1.6242038e-06
2.907254e-06
4.7673943e-06
7.2774699e-06
1.0488646e-05
1.441696e-05
1.9017099e-05
2.3995124e-05
2.8931342e-05
3.4360624e-05
4.037767e-05
4.6950511e-05
5.4003399e-05
6.1440277e-05
6.9153348e-05
7.7028538e-05
8.4952303e-05
9.2821048e-05
0.00010055232
0.00010809285
0.00011541288
0.00012246681
0.00012908292
0.00013469635
0.0001402323
0.00014888381
0.0001629837
0.00018368621
0.00020642901
0.00023347966
0.00027092592
0.00032004475
0.00038097954
0.00045423668
0.00054016667
0.00063884354
0.00075028948
0.00087467648
0.001012464
0.0011644623
0.0013318296
0.0015160113
0.0017186334
0.0019413512
0.0021856577
0.0024526495
0.0027427515
0.0030554059
0.0033887439
0.0037392796
0.0041016967
0.0044687389
0.0048309027
0.0048943985
0.0045997558
0.004378163
0.00418749
0.0040153747
0.0038708403
0.0037676904
0.0037232154
0.0037582492
0.0038976258
0.0041730002
0.0046259121
0.0053109376
0.0062825139
0.006994535
0.0069768878
0.006966015
0.006961312
0.0069606357
0.0069619047
0.0069636016
0.0069653131
0.0069675134
0.0069706383
0.0069747109
0.0069795741
0.0069851406
0.0069913631
0.0069983407
0.0070062631
0.0070153097
0.0070252559
0.007035672
1.4395251e-14
2.7476384e-12
7.0088322e-11
6.7526618e-10
3.8633553e-09
1.608765e-08
5.3974401e-08
1.5390663e-07
3.8346934e-07
8.4655255e-07
1.6704267e-06
2.9761844e-06
4.8570396e-06
7.3815747e-06
1.060154e-05
1.4539204e-05
1.9158057e-05
2.4127828e-05
2.913659e-05
3.4665704e-05
4.0797645e-05
4.7500661e-05
5.4702249e-05
6.2309733e-05
7.0217318e-05
7.83102e-05
8.646989e-05
9.4581906e-05
0.00010254607
0.00011028715
0.00011776072
0.00012494433
0.00013179005
0.00013807101
0.00014388964
0.00015240692
0.0001659924
0.00018632018
0.00021089906
0.00023738253
0.00027380096
0.00032177732
0.00038170548
0.00045414999
0.00053959068
0.00063817911
0.00074995498
0.00087505989
0.0010138935
0.0011671954
0.0013360551
0.0015218599
0.0017261908
0.0019506716
0.0021967728
0.0024655733
0.0027574793
0.0030719095
0.0034069659
0.0037591282
0.0041230325
0.0044913749
0.0048549326
0.0052041843
0.0050361455
0.0047728247
0.0045570175
0.0043664905
0.004201659
0.0040760448
0.0040068332
0.0040153881
0.0041276572
0.0043760388
0.0048012181
0.0054549895
0.0063869158
0.0069950168
0.006976963
0.0069656929
0.0069606457
0.0069596612
0.0069606459
0.006962098
0.0069636875
0.0069658919
0.0069690758
0.0069731889
0.0069780521
0.0069835707
0.0069897342
0.0069966701
0.0070045525
0.0070134637
0.0070231747
0.0070333524
1.5007606e-14
2.8645088e-12
7.3068312e-11
7.0394425e-10
4.0269515e-09
1.6763441e-08
5.6201312e-08
1.6004288e-07
3.978777e-07
8.7553411e-07
1.7204931e-06
3.0509768e-06
4.9549572e-06
7.4963024e-06
1.0726476e-05
1.4673342e-05
1.93093e-05
2.4273353e-05
2.9354106e-05
3.4980827e-05
4.1224179e-05
4.8053436e-05
5.5399738e-05
6.3174168e-05
7.1273329e-05
7.9582284e-05
8.7978235e-05
9.6337089e-05
0.00010454349
0.00011250436
0.00012016456
0.00012751915
0.0001346047
0.00014141545
0.00014754731
0.00015596804
0.00016911565
0.00018920175
0.00021561121
0.00024168781
0.00027724376
0.00032417845
0.00038314751
0.00045479255
0.00053972389
0.00063818299
0.00075024168
0.00087602306
0.0010158747
0.0011704684
0.001340824
0.0015282673
0.0017343289
0.0019605944
0.0022085053
0.0024791162
0.0027728086
0.0030889717
0.0034256718
0.0037793465
0.0041445852
0.0045140585
0.0048786874
0.0052287069
0.0055306236
0.0052025019
0.0049508041
0.0047406326
0.0045549845
0.0044063794
0.0043121803
0.0042938798
0.004378299
0.0045985317
0.00499436
0.0056151093
0.0065064353
0.006995447
0.0069770361
0.0069653977
0.0069600009
0.0069586771
0.0069593463
0.0069605514
0.006962031
0.0069642663
0.0069675189
0.0069716701
0.0069765217
0.0069819853
0.0069880945
0.0069949896
0.007002819
0.0070116024
0.0070211749
0.0070314829
1.5675708e-14
2.9921574e-12
7.632765e-11
7.3532332e-10
4.2058914e-09
1.7502196e-08
5.8633894e-08
1.66733e-07
4.1354241e-07
9.0693463e-07
1.7745757e-06
3.1317753e-06
5.061256e-06
7.6219201e-06
1.0864079e-05
1.482036e-05
1.9472063e-05
2.443247e-05
2.9584279e-05
3.530626e-05
4.1657827e-05
4.8609643e-05
5.609671e-05
6.4034102e-05
7.2321242e-05
8.0843557e-05
8.9475213e-05
9.8084934e-05
0.00010654642
0.00011475397
0.00012264262
0.00013020592
0.00013749251
0.00014453841
0.00015113791
0.00015958965
0.00017244188
0.00019236783
0.00022011037
0.0002463514
0.00028120215
0.00032720541
0.00038527042
0.00045614163
0.00054055646
0.00063885595
0.00075115711
0.0008775764
0.0010184176
0.0011742885
0.0013461399
0.0015352328
0.0017430432
0.0019711122
0.0022208464
0.0024932696
0.0027887323
0.0031065889
0.0034448641
0.0037999488
0.004166385
0.0045368189
0.0049022374
0.0052527935
0.0055785238
0.0056753344
0.0053781664
0.0051374317
0.0049304502
0.0047582522
0.0046384944
0.0045928786
0.0046487327
0.0048397271
0.0052046655
0.005790631
0.006641715
0.0069958042
0.0069770801
0.0069651015
0.0069593495
0.0069576604
0.0069579918
0.0069589605
0.0069603644
0.0069626495
0.0069659733
0.0069701492
0.006974979
0.0069803854
0.0069864451
0.0069933005
0.0070010705
0.0070097527
0.0070192852
0.0070299242
1.6408945e-14
3.1321946e-12
7.9903138e-11
7.6975282e-10
4.4021688e-09
1.8311947e-08
6.1296673e-08
1.7403894e-07
4.3058691e-07
9.409546e-07
1.8329497e-06
3.2188785e-06
5.1762394e-06
7.7588185e-06
1.1015026e-05
1.4981356e-05
1.9647816e-05
2.4606019e-05
2.9827949e-05
3.564308e-05
4.2099939e-05
4.917092e-05
5.6795061e-05
6.4891645e-05
7.3363188e-05
8.2096265e-05
9.0963506e-05
9.9828694e-05
0.0001085569
0.00011703031
0.00012516892
0.0001329513
0.00014042448
0.00014767919
0.00015471782
0.00016333654
0.00017607449
0.00019569022
0.00022324168
0.00025130503
0.00028561029
0.00033081045
0.00038804099
0.00045817889
0.00054208485
0.00064020706
0.00075271916
0.00087974262
0.0010215459
0.001178678
0.0013520214
0.0015427707
0.0017523432
0.0019822309
0.0022337987
0.002508034
0.0028052507
0.0031247631
0.0034645495
0.0038209496
0.0041884571
0.0045596919
0.0049256708
0.0052765519
0.005602566
0.0058959781
0.0058429492
0.0055611169
0.0053268143
0.0051308173
0.0049848639
0.0049113283
0.0049379731
0.0050989053
0.0054319231
0.0059829724
0.0068028468
0.0069960675
0.0069770652
0.0069647744
0.0069586634
0.0069565893
0.0069565628
0.0069573184
0.0069586901
0.0069610369
0.006964432
0.0069686262
0.006973422
0.0069787724
0.0069847874
0.006991604
0.0069993154
0.0070079286
0.007017496
0.0070284855
1.7218885e-14
3.2868122e-12
8.3847015e-11
8.0771131e-10
4.6184977e-09
1.9203548e-08
6.4223786e-08
1.8204794e-07
4.4919231e-07
9.7789962e-07
1.8960485e-06
3.3127985e-06
5.3004461e-06
7.907661e-06
1.1180333e-05
1.5157862e-05
1.9838567e-05
2.4795716e-05
3.0086892e-05
3.5993308e-05
4.255311e-05
4.974064e-05
5.7499027e-05
6.5751898e-05
7.4405204e-05
8.3347337e-05
9.2450259e-05
0.00010157398
0.00011057581
0.00011932538
0.00012772568
0.00013573885
0.00014341177
0.00015088782
0.00015834795
0.00016719423
0.00017987527
0.00019914825
0.00022652273
0.00025650302
0.00029041036
0.00033493637
0.00039141542
0.00046087289
0.00054429061
0.00064222927
0.00075492962
0.00088252912
0.0010252701
0.0011836478
0.0013584787
0.0015508899
0.0017622365
0.0019939562
0.0022473673
0.0025234143
0.0028223693
0.0031435011
0.0034847376
0.0038423645
0.0042108254
0.0045827109
0.0049490519
0.0053000355
0.0056260331
0.0059192567
0.0061747414
0.0060190058
0.0057458579
0.0055225186
0.0053502562
0.0052482954
0.0052451849
0.0053755404
0.0056765008
0.0061976057
0.0069933367
0.0069962211
0.0069769612
0.0069643854
0.006957915
0.0069554469
0.0069550783
0.0069556483
0.0069570055
0.0069594361
0.0069628907
0.0069670965
0.00697185
0.0069771479
0.0069831233
0.0069899033
0.0069975667
0.0070061542
0.007015815
0.0070269143
0.0070390406
1.8113005e-14
3.4575241e-12
8.8201955e-11
8.4961501e-10
4.8572194e-09
2.0186793e-08
6.744579e-08
1.9083375e-07
4.6950507e-07
1.0179885e-06
1.964082e-06
3.4136248e-06
5.4337743e-06
8.0681986e-06
1.1359868e-05
1.5350144e-05
2.0045077e-05
2.5004078e-05
3.0365023e-05
3.6362474e-05
4.3024535e-05
5.0327475e-05
5.8218647e-05
6.6626161e-05
7.5459584e-05
8.4608544e-05
9.3944792e-05
0.0001033262
0.00011260295
0.00012163268
0.00013030257
0.00013856028
0.00014645301
0.00015416591
0.00016201696
0.00017109844
0.00018374276
0.00020271559
0.00023001711
0.00026196853
0.00029561626
0.00033959922
0.0003954231
0.0004642683
0.00054723442
0.00064499675
0.00075787102
0.0008860211
0.0010296725
0.0011892734
0.0013655776
0.001559645
0.0017727663
0.0020063212
0.0022615763
0.0025394281
0.0028401013
0.0031628142
0.0035054402
0.0038642083
0.0042335105
0.0046059064
0.0049724315
0.0053233102
0.00564902
0.0059417729
0.0061965655
0.006411665
0.0061951428
0.0059331197
0.0057315774
0.0056011502
0.0055681902
0.0056678709
0.0059376235
0.0064317099
0.007017491
0.0069962223
0.0069767389
0.0069639053
0.0069570754
0.0069542067
0.0069535312
0.0069539504
0.0069553242
0.0069578341
0.0069613526
0.0069655566
0.0069702629
0.0069755136
0.0069814545
0.0069882027
0.006995838
0.0070044603
0.0070143653
0.0070263166
1.9046436e-14
3.6355472e-12
9.2739831e-11
8.9327103e-10
5.1057798e-09
2.1209269e-08
7.0785684e-08
1.9989326e-07
4.9027954e-07
1.0585241e-06
2.0319582e-06
3.5128372e-06
5.5633162e-06
8.2223899e-06
1.1530041e-05
1.5528886e-05
2.023235e-05
2.5197971e-05
3.0627819e-05
3.6716461e-05
4.348398e-05
5.0909812e-05
5.8945862e-05
6.7521465e-05
7.6534648e-05
8.5840442e-05
9.5483318e-05
0.00010515785
0.0001147297
0.00012406095
0.00013303218
0.00014157844
0.00014974233
0.00015773718
0.00016599223
0.0001753447
0.00018806948
0.00020698729
0.00023442857
0.00026746744
0.00030095131
0.00034449599
0.00039974736
0.00046803462
0.00055057722
0.00064816808
0.00076120478
0.00088988586
0.0010344271
0.0011952344
0.0013730008
0.0015687183
0.0017836114
0.0020189982
0.0022760895
0.0025557301
0.0028580936
0.0031823452
0.0035263018
0.0038861345
0.0042561841
0.0046289777
0.0049955533
0.0053461712
0.0056713934
0.0059634606
0.0062173587
0.0064313154
0.0066064419
0.0063712457
0.0061304898
0.0059679926
0.0059056041
0.0059751378
0.006213527
0.0066871822
0.0070179591
0.0069960449
0.006976382
0.0069633151
0.0069561345
0.0069528763
0.0069518992
0.0069522056
0.0069536294
0.0069562395
0.0069598116
0.0069640017
0.0069686593
0.0069738684
0.0069797802
0.0069865046
0.0069941386
0.0070028582
0.0070131064
0.0070258074
1.9899341e-14
3.7981625e-12
9.6883312e-11
9.3313903e-10
5.3327313e-09
2.2142648e-08
7.3834336e-08
2.0815372e-07
5.0916947e-07
1.0952122e-06
2.0929849e-06
3.6012715e-06
5.677524e-06
8.3563872e-06
1.1674693e-05
1.567511e-05
2.0376224e-05
2.5311397e-05
3.0776311e-05
3.6928538e-05
4.3782227e-05
5.1319415e-05
5.9485434e-05
6.8166341e-05
7.7125236e-05
8.656821e-05
9.6477116e-05
0.00010675383
0.00011673687
0.00012638741
0.00013565141
0.00014449206
0.00015295574
0.00016126195
0.00016988911
0.0001795692
0.00019248126
0.00021149113
0.00023909468
0.00027262387
0.00030592448
0.00034902266
0.00040368379
0.00047136932
0.00055341944
0.00065075361
0.00076386276
0.0008929907
0.0010383513
0.0012003124
0.0013795067
0.0015768564
0.0017935159
0.0020307381
0.0022896739
0.0025711128
0.0028751749
0.0032009707
0.0035462603
0.0039071572
0.0042779506
0.0046511337
0.0050177408
0.0053680635
0.0056927304
0.0059840202
0.0062369275
0.0064496571
0.0066233028
0.0067607554
0.0065571164
0.0063555481
0.0062588005
0.0062962069
0.0065105989
0.0069691184
0.0070181102
0.006995664
0.0069758695
0.0069625943
0.0069550799
0.0069514556
0.0069502138
0.0069504456
0.006951942
0.0069546518
0.0069582656
0.0069624319
0.0069670422
0.0069722158
0.0069781045
0.0069848166
0.0069924804
0.0070013579
0.0070120238
0.0070254122
2.0764677e-14
3.9635138e-12
1.0110505e-10
9.7377622e-10
5.5642851e-09
2.3096081e-08
7.6954519e-08
2.1663418e-07
5.2865327e-07
1.1333089e-06
2.1569319e-06
3.6951059e-06
5.8006923e-06
8.5038131e-06
1.1837639e-05
1.5843639e-05
2.0543582e-05
2.5429459e-05
3.0904454e-05
3.7088025e-05
4.398787e-05
5.1588463e-05
5.983471e-05
6.860364e-05
7.7636565e-05
8.7212367e-05
9.7290289e-05
0.00010778573
0.0001183489
0.00012843512
0.0001380396
0.00014717728
0.00015592688
0.00016451732
0.00017342894
0.00018344026
0.00019653469
0.00021554678
0.00024316873
0.0002776757
0.0003107852
0.00035342103
0.00040746653
0.00047451261
0.00055600987
0.00065300253
0.00076608212
0.00089554869
0.0010416247
0.0012046473
0.0013851935
0.0015841173
0.0018025022
0.0020415331
0.0023022985
0.0025855292
0.0028912891
0.003218632
0.0035652593
0.0039272265
0.0042987703
0.0046723479
0.0050389852
0.0053889987
0.0057130701
0.0060035205
0.0062553642
0.0064668019
0.006638919
0.0067746613
0.0068777474
0.0067680638
0.0066326604
0.006640057
0.006834891
0.0070352696
0.0070179333
0.0069950627
0.0069751841
0.0069617285
0.006953907
0.0069499513
0.0069484868
0.0069486809
0.0069502666
0.0069530716
0.0069567142
0.0069608493
0.0069654154
0.0069705601
0.0069764328
0.0069831479
0.0069908771
0.0069999689
0.0070110893
0.0070250514
2.1660133e-14
4.1346421e-12
1.0547465e-10
1.0158333e-09
5.8039261e-09
2.4082353e-08
8.0178431e-08
2.2538827e-07
5.4875311e-07
1.1726401e-06
2.2232213e-06
3.7932394e-06
5.9314928e-06
8.6640024e-06
1.2020234e-05
1.6039843e-05
2.0747199e-05
2.5610801e-05
3.1104283e-05
3.7313074e-05
4.4239568e-05
5.1873023e-05
6.0167122e-05
6.9014076e-05
7.8184662e-05
8.7875695e-05
9.8100813e-05
0.00010878194
0.00011974929
0.00013024801
0.00014023866
0.00014972229
0.00015878153
0.0001676532
0.00017682643
0.00018711369
0.0002003329
0.0002192582
0.00024685251
0.00028271039
0.0003156601
0.00035785256
0.00041128462
0.00047767886
0.00055859122
0.00065518549
0.00076815646
0.00089786792
0.0010445599
0.0012085472
0.0013903558
0.001590775
0.0018108182
0.0020516027
0.0023141532
0.0025991413
0.0029065731
0.0032354446
0.0035833978
0.0039464288
0.0043187207
0.0046926924
0.0050593567
0.0054090484
0.0057324941
0.006022057
0.0062727797
0.0064828715
0.0066534231
0.0067874284
0.0068886975
0.0069611916
0.0070087951
0.0070062534
0.0070431876
0.0070360797
0.0070174258
0.0069942354
0.0069743154
0.0069607097
0.0069526164
0.0069483731
0.0069467309
0.0069469206
0.006948606
0.0069514978
0.0069551562
0.0069592552
0.0069637817
0.0069689041
0.0069747701
0.0069815095
0.0069893504
0.0069987393
0.007010462
0.007024904
2.2588285e-14
4.3116356e-12
1.0998535e-10
1.0592442e-09
6.0511514e-09
2.5098799e-08
8.3496138e-08
2.3437201e-07
5.6930377e-07
1.2126908e-06
2.290518e-06
3.8928145e-06
6.0646796e-06
8.8285321e-06
1.2210269e-05
1.6247254e-05
2.0931191e-05
2.5829866e-05
3.1370523e-05
3.7619937e-05
4.4578883e-05
5.2242526e-05
6.0575311e-05
6.9488845e-05
7.8789201e-05
8.8588346e-05
9.8947917e-05
0.00010979613
0.00012103188
0.00013190328
0.00014228419
0.00015214526
0.00016154916
0.00017072305
0.0001801552
0.00019068293
0.00020401181
0.00022286437
0.00025038955
0.00028706211
0.0003205706
0.00036236778
0.0004152181
0.00048097084
0.00056128795
0.00065744968
0.00077025532
0.00090013826
0.0010473637
0.0012122305
0.0013952197
0.0015970575
0.0018186891
0.0020611636
0.0023254417
0.0026121354
0.0029211934
0.0032515544
0.0036008017
0.0039648726
0.0043378961
0.0047122507
0.0050789317
0.0054282871
0.0057510806
0.0060397171
0.0062892714
0.0064979727
0.0066669271
0.0067991772
0.0068986131
0.0069692556
0.007014964
0.0070392389
0.0070453155
0.0070363334
0.0070165996
0.0069931822
0.0069732584
0.0069595354
0.0069512101
0.0069467351
0.0069449599
0.0069451715
0.0069469613
0.0069499286
0.0069535906
0.0069576513
0.0069621437
0.0069672511
0.006973124
0.0069799224
0.0069879646
0.0069978654
0.0070104999
0.0070242308
2.3554598e-14
4.4958221e-12
1.1467809e-10
1.1043972e-09
6.3081876e-09
2.6155125e-08
8.6939713e-08
2.4367259e-07
5.9049586e-07
1.2537982e-06
2.3592771e-06
3.994264e-06
6.2003523e-06
8.9966715e-06
1.2405851e-05
1.6462877e-05
2.1124129e-05
2.6071002e-05
3.1672183e-05
3.7977369e-05
4.4984453e-05
5.2692062e-05
6.1071627e-05
7.0046926e-05
7.9443792e-05
8.9350499e-05
9.9839113e-05
0.00011084342
0.0001222687
0.00013347206
0.00014422147
0.00015446186
0.00016422874
0.00017372637
0.00018343168
0.0001942024
0.00020766961
0.00022648434
0.00025378363
0.00029030978
0.0003255095
0.00036697191
0.0004192921
0.00048443285
0.00056416255
0.00065987526
0.00077247634
0.00090247358
0.0010501641
0.001215838
0.0013999354
0.0016031233
0.0018262788
0.0020703826
0.0023363304
0.0026246739
0.0029353045
0.0032671045
0.0036176003
0.0039826723
0.0043563964
0.00473111
0.0050977894
0.0054467886
0.0057689037
0.006056579
0.0063049256
0.0065121981
0.0066795284
0.0068100074
0.0069075991
0.0069763794
0.0070202012
0.0070425538
0.0070467067
0.0070360892
0.0070154735
0.0069919067
0.0069720135
0.0069582076
0.0069496947
0.0069450387
0.0069431924
0.0069434396
0.0069453328
0.0069483626
0.0069520175
0.0069560395
0.0069605039
0.0069656052
0.0069715039
0.006978411
0.0069867897
0.0069976208
0.0070134333
2.4558625e-14
4.687545e-12
1.1956784e-10
1.151411e-09
6.5757257e-09
2.725407e-08
9.0517119e-08
2.5331192e-07
6.1237813e-07
1.2960413e-06
2.429609e-06
4.0976735e-06
6.3384561e-06
9.1680651e-06
1.2606151e-05
1.6685206e-05
2.13287e-05
2.6326917e-05
3.1993955e-05
3.8363949e-05
4.5431875e-05
5.3198193e-05
6.1637023e-05
7.0675118e-05
8.0139892e-05
9.0156779e-05
0.00010077364
0.00011192912
0.00012353462
0.00013501647
0.00014609498
0.00015669618
0.00016682788
0.0001766658
0.00018666756
0.00019769823
0.00021131884
0.00023008029
0.00025707328
0.00029342867
0.00033045294
0.00037164921
0.00042350202
0.00048807439
0.00056723883
0.00066250095
0.00077487292
0.00090494128
0.0010530413
0.0012194602
0.001404603
0.0016090798
0.0018337011
0.0020793788
0.0023469424
0.002636882
0.002949031
0.0032822162
0.0036339083
0.0039999332
0.0043743164
0.0047493554
0.0051160046
0.0054646223
0.0057860313
0.0060727136
0.0063198177
0.0065256296
0.0066913117
0.0068200058
0.0069157442
0.0069826568
0.0070246054
0.0070450904
0.0070474549
0.0070354045
0.0070140687
0.0069904173
0.0069705858
0.0069567316
0.00694808
0.006943296
0.0069414176
0.0069417306
0.0069437206
0.0069467985
0.0069504376
0.0069544223
0.0069588654
0.0069639712
0.0069699199
0.0069769943
0.0069858415
0.0069978373
0.0070160814
2.5601079e-14
4.8867053e-12
1.2464911e-10
1.200299e-09
6.8540598e-09
2.8396162e-08
9.4228743e-08
2.6328848e-07
6.3494159e-07
1.3393919e-06
2.5014277e-06
4.2028818e-06
6.4787186e-06
9.3422677e-06
1.2810442e-05
1.6913202e-05
2.1543323e-05
2.6593994e-05
3.2329033e-05
3.8768871e-05
4.5906011e-05
5.3742012e-05
6.2250894e-05
7.1355387e-05
8.0870297e-05
9.1000909e-05
0.00010174728
0.00011305219
0.00012483253
0.00013656935
0.00014794448
0.00015887958
0.00016936469
0.00017954919
0.00018986507
0.00020116676
0.00021494218
0.00023363915
0.00026032232
0.00029654503
0.00033538288
0.00037637881
0.00042783071
0.00049188661
0.00057051808
0.00066533924
0.0007774693
0.00090757717
0.0010560418
0.0012231536
0.001409287
0.0016149988
0.0018410341
0.0020882356
0.0023573659
0.0026488517
0.0029624678
0.0032969847
0.0036498193
0.0040167448
0.0043917389
0.0047670612
0.0051336455
0.0054818513
0.0058025245
0.0060881835
0.0063340143
0.006538338
0.0067023523
0.0068292497
0.0069231288
0.0069881732
0.0070282678
0.0070469433
0.0070476433
0.0070343307
0.0070124074
0.0069887254
0.0069689841
0.0069551171
0.0069463753
0.0069415201
0.0069396484
0.0069400545
0.0069421261
0.0069452363
0.0069488523
0.0069528022
0.0069572314
0.0069623539
0.0069683812
0.006975685
0.0069851093
0.0069983586
0.0070182259
2.6687339e-14
5.0940302e-12
1.299383e-10
1.251192e-09
7.1436021e-09
2.9583513e-08
9.8081237e-08
2.7361356e-07
6.5819855e-07
1.3838538e-06
2.5747212e-06
4.3098138e-06
6.6209753e-06
9.5190002e-06
1.3018274e-05
1.7146239e-05
2.1766802e-05
2.6870132e-05
3.2674038e-05
3.9186849e-05
4.6399005e-05
5.4311647e-05
6.2892741e-05
7.2044724e-05
8.1629577e-05
9.1877314e-05
0.00010275516
0.00011420937
0.00012616179
0.00013814682
0.00014979634
0.00016103969
0.0001718602
0.00018238678
0.00019302272
0.00020459744
0.00021852605
0.00023716322
0.00026356821
0.00029970745
0.00034028629
0.0003811412
0.00043225765
0.00049585321
0.00057399069
0.00066838887
0.00078027333
0.00091039813
0.0010591911
0.0012269513
0.0014140276
0.0016209265
0.0018483292
0.0020970096
0.0023676621
0.0026606488
0.0029756842
0.0033114824
0.0036654065
0.0040331793
0.0044087332
0.0047842922
0.0051507711
0.0054985298
0.0058184357
0.0061030415
0.0063475719
0.0065503841
0.0067127148
0.0068378075
0.0069298246
0.0069930055
0.0070312693
0.0070481946
0.007047343
0.0070329142
0.0070105128
0.0069868455
0.0069672203
0.0069533759
0.0069445918
0.0069397244
0.0069378917
0.0069383975
0.0069405561
0.0069436773
0.0069472634
0.0069511821
0.0069556051
0.0069607585
0.0069668959
0.0069744887
0.0069845665
0.0069990564
0.0070199023
2.7819213e-14
5.3100384e-12
1.3544739e-10
1.304166e-09
7.444739e-09
3.0817653e-08
1.0207996e-07
2.8429837e-07
6.8216613e-07
1.4294491e-06
2.6495147e-06
4.4185018e-06
6.7652597e-06
9.6982433e-06
1.322957e-05
1.7384223e-05
2.1998859e-05
2.7154763e-05
3.3027607e-05
3.9615217e-05
4.6905946e-05
5.4898332e-05
6.3547815e-05
7.2720663e-05
8.2413837e-05
9.2781564e-05
0.00010379285
0.00011539695
0.00012752011
0.00013975566
0.000151666
0.00016319669
0.00017433346
0.00018519103
0.00019614326
0.00020798163
0.00022206178
0.00024065612
0.00026682828
0.00030293215
0.00034515554
0.00038592067
0.00043676312
0.00049995522
0.0005776418
0.00067164098
0.00078328321
0.00091340985
0.0010625019
0.0012308724
0.0014188491
0.001626892
0.0018556201
0.0021057385
0.0023778726
0.0026723186
0.0029887294
0.0033257616
0.003680725
0.0040492929
0.0044253547
0.0048011018
0.0051674309
0.0055147045
0.0058338099
0.0061173334
0.0063605379
0.0065618194
0.0067224546
0.006845738
0.0069358942
0.0069972205
0.0070336807
0.0070489156
0.0070466164
0.007031197
0.0070084085
0.0069847936
0.006965308
0.0069515213
0.0069427422
0.0069379044
0.0069361545
0.0069367632
0.006938996
0.006942128
0.0069456744
0.006949565
0.0069539899
0.00695919
0.0069654711
0.0069734088
0.0069841928
0.0069998585
0.0070211836
2.8996496e-14
5.5347343e-12
1.4117885e-10
1.3593009e-09
7.758109e-09
3.2100345e-08
1.0622953e-07
2.9535617e-07
7.0686722e-07
1.4762108e-06
2.7258462e-06
4.5290395e-06
6.9117201e-06
9.88019e-06
1.3444559e-05
1.7627444e-05
2.2239788e-05
2.7447806e-05
3.3388907e-05
4.0051577e-05
4.7422092e-05
5.5495976e-05
6.421635e-05
7.3416288e-05
8.3220534e-05
9.3710617e-05
0.00010485704
0.0001166117
0.00012890481
0.00014139487
0.00015355868
0.0001653616
0.00017679732
0.0001879716
0.00019922998
0.00021131871
0.00022554787
0.00024412127
0.00027011044
0.00030622322
0.00034998621
0.00039070501
0.00044132936
0.00050417335
0.00058145402
0.00067508255
0.00078649166
0.00091661099
0.0010659786
0.0012349266
0.0014237659
0.0016329134
0.0018629278
0.0021144463
0.0023880246
0.0026838917
0.0030016374
0.00333986
0.0036958153
0.0040651282
0.004441647
0.0048175327
0.0051836667
0.0055304148
0.005848685
0.0061310973
0.0063729529
0.0065726872
0.0067316186
0.0068530918
0.0069413924
0.0070008774
0.0070355645
0.0070491693
0.0070455185
0.0070292173
0.0070061176
0.0069825868
0.0069632624
0.006949566
0.0069408394
0.0069360756
0.0069344432
0.0069351549
0.0069374471
0.0069405788
0.006944092
0.0069479545
0.0069523892
0.006957654
0.0069641155
0.0069724552
0.0069840149
0.0070010255
0.0070228547
3.0221643e-14
5.7686009e-12
1.4714628e-10
1.4166996e-09
8.0841882e-09
3.3434213e-08
1.105375e-07
3.0680564e-07
7.3234124e-07
1.524194e-06
2.8038024e-06
4.6415327e-06
7.060494e-06
1.0065025e-05
1.3663454e-05
1.7876165e-05
2.2489795e-05
2.7749521e-05
3.3757941e-05
4.0495564e-05
4.7946949e-05
5.6104483e-05
6.4898948e-05
7.4130856e-05
8.4048148e-05
9.4662269e-05
0.00010594506
0.00011785075
0.00013031316
0.00014305997
0.00015547301
0.00016753764
0.00017925782
0.00019073337
0.00020228438
0.00021461467
0.00022899195
0.00024756389
0.00027341385
0.00030957214
0.00035477638
0.00039548528
0.00044594132
0.00050848943
0.00058540926
0.00067869833
0.00078988777
0.00091999574
0.0010696205
0.0012391173
0.0014287852
0.001639001
0.0018702655
0.0021231486
0.0023981359
0.0026953882
0.0030144311
0.0033538033
0.0037107062
0.0040807168
0.0044576436
0.0048336192
0.0051995127
0.0055456941
0.0058630939
0.0061443659
0.0063848512
0.0065830246
0.0067402468
0.0068599126
0.0069463669
0.0070040284
0.0070369765
0.0070490115
0.0070440978
0.0070270098
0.0070036627
0.0069802428
0.0069610995
0.0069475257
0.0069388926
0.0069342498
0.0069327462
0.0069335814
0.0069359104
0.0069390321
0.0069425113
0.0069463565
0.0069508073
0.0069561575
0.0069628426
0.0069716672
0.0069841523
0.0070024319
0.0070227017
3.149657e-14
6.0119563e-12
1.5335188e-10
1.4763684e-09
8.4231571e-09
3.4819832e-08
1.1500506e-07
3.1864457e-07
7.5857207e-07
1.5733591e-06
2.8833055e-06
4.7558367e-06
7.2113781e-06
1.0252477e-05
1.3885892e-05
1.8129979e-05
2.2748887e-05
2.8060228e-05
3.4135502e-05
4.0948345e-05
4.8480291e-05
5.6714438e-05
6.555216e-05
7.4863558e-05
8.4895128e-05
9.5634344e-05
0.00010705422
0.00011911118
0.00013174236
0.00014474789
0.0001574069
0.00016972499
0.00018171715
0.00019347947
0.00020530968
0.00021787228
0.00023239469
0.00025098051
0.00027673911
0.00031299986
0.00035952336
0.00040025429
0.00045058611
0.00051288698
0.00058949011
0.00068247221
0.00079345862
0.00092355531
0.0010734229
0.001243444
0.0014339097
0.0016451602
0.0018776405
0.0021318543
0.0024082171
0.0027068208
0.0030271253
0.0033676088
0.0037254179
0.0040960816
0.0044733698
0.0048493885
0.0052149964
0.0055605702
0.0058770644
0.006157168
0.0063962621
0.0065928633
0.0067483741
0.0068662383
0.0069508596
0.0070067196
0.0070379659
0.0070484913
0.0070423971
0.0070246055
0.0070010651
0.0069777792
0.0069588354
0.0069454135
0.0069369148
0.0069324206
0.0069310702
0.006932019
0.0069343876
0.00693749
0.0069409356
0.0069447689
0.0069492505
0.0069547082
0.0069616682
0.0069710955
0.0069848577
0.0070066664
3.2810362e-14
6.262985e-12
1.5975875e-10
1.5379714e-09
8.7731197e-09
3.6249116e-08
1.1960507e-07
3.3079866e-07
7.8538662e-07
1.6233571e-06
2.9637369e-06
4.8709593e-06
7.3628391e-06
1.0440203e-05
1.4108142e-05
1.8354952e-05
2.300914e-05
2.8380684e-05
3.4524458e-05
4.141199e-05
4.9022521e-05
5.7327925e-05
6.6195915e-05
7.5612522e-05
8.5759385e-05
9.6624411e-05
0.00010818183
0.00012039012
0.00013318951
0.00014645651
0.00015935841
0.00017192206
0.00018417464
0.00019620986
0.00020830575
0.00022109427
0.00023577539
0.00025443163
0.00028018421
0.00031642644
0.00036305461
0.00040501865
0.0004552554
0.00051735089
0.00059367908
0.00068638743
0.00079718998
0.00092727883
0.0010773787
0.0012479029
0.0014391383
0.0016513922
0.0018850559
0.002140568
0.0024182743
0.0027181968
0.0030397291
0.0033812876
0.0037399637
0.0041112385
0.0044888439
0.0048648611
0.0052301397
0.0055750664
0.0058906206
0.006169528
0.0064072121
0.0066022312
0.0067560304
0.0068721022
0.0069549071
0.0070089915
0.0070385762
0.0070476521
0.0070404539
0.0070220326
0.0069983453
0.0069752131
0.0069564859
0.0069432447
0.0069349165
0.0069306001
0.0069294221
0.0069304756
0.0069328848
0.0069359548
0.0069393679
0.0069431954
0.0069477198
0.0069533149
0.0069606063
0.0069707588
0.0069860445
0.0070108434
3.4171076e-14
6.5229207e-12
1.6639397e-10
1.601785e-09
9.1354701e-09
3.7727817e-08
1.2435507e-07
3.4331157e-07
8.1287949e-07
1.6743528e-06
3.0453643e-06
4.987341e-06
7.5155328e-06
1.0629122e-05
1.4331574e-05
1.8567579e-05
2.3271888e-05
2.8707966e-05
3.4921353e-05
4.1883879e-05
4.957315e-05
5.7950505e-05
6.6853269e-05
7.6376061e-05
8.6638815e-05
9.7629953e-05
0.00010932489
0.00012168401
0.00013465033
0.00014814721
0.00016131746
0.00017413013
0.00018663292
0.00019892592
0.00021127573
0.00022429098
0.00023915211
0.00025791829
0.00028367794
0.00031980706
0.00036642656
0.0004097662
0.0004599404
0.00052186844
0.00059796053
0.00069042771
0.00080106706
0.00093115432
0.001081479
0.0012524879
0.0014444677
0.0016576955
0.0018925117
0.0021492909
0.0024283095
0.0027295194
0.0030522469
0.0033948461
0.0037543521
0.0041261983
0.0045040793
0.0048800528
0.0052449612
0.0055892023
0.0059037832
0.0061814683
0.0064177244
0.0066111531
0.0067632428
0.0068775335
0.0069585422
0.0070108803
0.0070388462
0.007046532
0.0070383016
0.0070193162
0.0069955222
0.0069725612
0.0069540661
0.006941032
0.0069329024
0.0069287967
0.0069277924
0.0069289591
0.0069313873
0.0069344294
0.006937811
0.0069416392
0.0069462201
0.0069519822
0.0069596643
0.0069706485
0.0069875343
0.0070142281
3.5591983e-14
6.79389e-12
1.7329691e-10
1.6681249e-09
9.5120111e-09
3.9263056e-08
1.2927802e-07
3.562396e-07
8.411573e-07
1.726549e-06
3.1285326e-06
5.1055293e-06
7.6702977e-06
1.0820477e-05
1.4558117e-05
1.8787587e-05
2.3541533e-05
2.9040917e-05
3.5323095e-05
4.236106e-05
5.0130547e-05
5.8582018e-05
6.7523571e-05
7.7152878e-05
8.7531564e-05
9.864858e-05
0.00011048048
0.00012298944
0.00013612091
0.00014980131
0.0001632731
0.00017634639
0.00018909453
0.00020163284
0.00021422686
0.00022747067
0.00024252566
0.00026141607
0.0002871745
0.00032315647
0.00036976048
0.00041448892
0.00046463235
0.00052642856
0.00060232059
0.00069457786
0.00080507519
0.00093516898
0.0010857136
0.0012571917
0.0014498926
0.0016640667
0.0019000059
0.0021580219
0.0024383224
0.0027407891
0.0030646803
0.003408287
0.0037685877
0.0041409678
0.0045190852
0.004894975
0.0052594744
0.0056029938
0.0059165699
0.006193008
0.0064278198
0.0066196515
0.0067700356
0.0068825589
0.0069617941
0.0070124183
0.0070388099
0.0070451647
0.0070359695
0.0070164791
0.0069926135
0.0069698389
0.0069515905
0.0069387855
0.0069308855
0.0069270041
0.0069261933
0.0069274517
0.0069299009
0.0069329194
0.0069362677
0.0069401035
0.0069447556
0.0069507158
0.006958845
0.0069707298
0.0069891306
0.0070166761
3.7064316e-14
7.0748165e-12
1.804595e-10
1.7369382e-09
9.902285e-09
4.0853063e-08
1.3436848e-07
3.6956858e-07
8.7018308e-07
1.7798666e-06
3.2131057e-06
5.2253181e-06
7.8269001e-06
1.1014116e-05
1.4787779e-05
1.901569e-05
2.3819068e-05
2.9380413e-05
3.5730245e-05
4.2843271e-05
5.0693616e-05
5.9220988e-05
6.8205929e-05
7.7941732e-05
8.8436033e-05
9.9678412e-05
0.00011164661
0.00012430448
0.00013759977
0.00015146194
0.00016522654
0.00017855957
0.00019155171
0.00020433051
0.00021716398
0.00023063661
0.00024588977
0.00026490616
0.00029065817
0.0003264915
0.00037309485
0.00041918097
0.00046932272
0.00053102047
0.0006067464
0.00069882369
0.00080920021
0.00093931008
0.0010900718
0.0012620056
0.0014554064
0.0016705009
0.0019075343
0.0021667578
0.0024483106
0.0027520041
0.0030770284
0.0034216106
0.0037826723
0.0041555508
0.0045338676
0.0049096364
0.0052736903
0.0056164546
0.0059289967
0.0062041647
0.0064375176
0.0066277474
0.0067764311
0.0068872027
0.0069646894
0.0070136345
0.0070384983
0.00704358
0.0070334834
0.0070135415
0.0069896353
0.006967061
0.0069490731
0.006936518
0.0069288731
0.0069252302
0.0069246047
0.0069259603
0.0069284319
0.0069314187
0.006934741
0.0069385914
0.0069433304
0.0069495201
0.006958146
0.0069709652
0.0069907484
0.007018606
3.8572707e-14
7.3626445e-12
1.8779522e-10
1.8074307e-09
1.0301924e-08
4.2479151e-08
1.395651e-07
3.8312603e-07
8.995599e-07
1.8335106e-06
3.2976769e-06
5.3444023e-06
7.9816788e-06
1.119754e-05
1.4985634e-05
1.9243675e-05
2.4104853e-05
2.9729872e-05
3.6147147e-05
4.3333171e-05
5.1254987e-05
5.9823734e-05
6.8898429e-05
7.8740354e-05
8.9349678e-05
0.00010071672
0.00011282038
0.00012562618
0.00013908399
0.00015312608
0.00016717791
0.00018076663
0.00019399989
0.00020701664
0.00022008744
0.000233788
0.00024923821
0.00026837848
0.00029412522
0.00032982378
0.00037644749
0.00042383765
0.00047400379
0.000535634
0.00061122578
0.00070315172
0.00081342839
0.00094356455
0.0010945422
0.0012669201
0.0014610014
0.0016769917
0.0019150921
0.0021754944
0.0024582702
0.0027631611
0.0030892885
0.0034348153
0.0037966057
0.0041699488
0.0045484302
0.0049240431
0.0052876178
0.0056295954
0.0059410768
0.0062149542
0.0064468353
0.0066354599
0.0067824503
0.0068914874
0.0069672526
0.0070145553
0.0070379386
0.0070418047
0.0070308664
0.0070105216
0.0069866024
0.0069642409
0.0069465259
0.0069342399
0.0069268644
0.0069234833
0.0069230343
0.0069244917
0.0069269706
0.0069299362
0.0069332358
0.0069371062
0.006941948
0.0069483982
0.0069575617
0.0069713229
0.0069923698
0.0070202973
4.0117207e-14
7.6574365e-12
1.9531354e-10
1.8796896e-09
1.0711374e-08
4.4143718e-08
1.4487351e-07
3.9692608e-07
9.2932133e-07
1.8875459e-06
3.3823581e-06
5.4629598e-06
8.1348386e-06
1.1364554e-05
1.5171602e-05
1.9473523e-05
2.4396104e-05
3.0085779e-05
3.6570457e-05
4.3828369e-05
5.1819252e-05
6.0426783e-05
6.9598868e-05
7.9546513e-05
9.0270213e-05
0.00010176109
0.00011399928
0.00012695189
0.00014057083
0.00015479103
0.00016912664
0.00018296702
0.00019643756
0.000209689
0.00022299456
0.00023692088
0.00025256544
0.00027182803
0.0002975752
0.00033315898
0.00037982461
0.00042845516
0.00047866875
0.00054025967
0.00061574719
0.00070754916
0.00081774661
0.00094791987
0.0010991134
0.0012719255
0.0014666693
0.001683532
0.0019226728
0.0021842259
0.0024681962
0.0027742556
0.0031014567
0.0034478979
0.0038103858
0.0041841614
0.0045627747
0.0049381988
0.0053012626
0.0056424253
0.0059528217
0.0062253902
0.0064557891
0.006642807
0.0067881128
0.0068954342
0.0069695065
0.0070152051
0.0070371561
0.0070398624
0.0070281389
0.0070074358
0.0069835284
0.0069613907
0.0069439595
0.0069319602
0.0069248697
0.0069217489
0.0069214854
0.0069230315
0.0069255211
0.0069284637
0.0069317494
0.006935653
0.0069406119
0.0069473519
0.0069570856
0.0069717799
0.0069940272
0.0070219405
4.1712644e-14
7.9620696e-12
2.0309025e-10
1.9544285e-09
1.1134772e-08
4.5863232e-08
1.5034482e-07
4.1111211e-07
9.5979105e-07
1.9425925e-06
3.468248e-06
5.5828175e-06
8.2893795e-06
1.1534017e-05
1.5362004e-05
1.9708188e-05
2.4691445e-05
3.0445242e-05
3.6997077e-05
4.4326863e-05
5.2387552e-05
6.1037327e-05
7.0306237e-05
8.0358746e-05
9.1195806e-05
0.00010280944
0.00011518099
0.00012827912
0.00014205769
0.00015645407
0.00017107081
0.00018515917
0.00019886281
0.00021234505
0.00022588193
0.00024003075
0.00025586654
0.00027525088
0.00030100685
0.00033649829
0.00038322626
0.00043303029
0.00048331154
0.00054488891
0.00062030002
0.00071200396
0.00082214222
0.0009523637
0.0011037739
0.0012770115
0.0014724013
0.0016901142
0.0019302698
0.0021929462
0.0024780827
0.0027852819
0.0031135278
0.0034608541
0.0038240095
0.004198187
0.0045769011
0.0049521064
0.0053146307
0.0056549522
0.0059642418
0.0062354856
0.0064643937
0.0066498057
0.006793437
0.0068990631
0.0069714724
0.0070156063
0.0070361733
0.0070377746
0.0070253192
0.0070042987
0.0069804256
0.0069585218
0.0069413837
0.0069296831
0.0069228944
0.0069200362
0.0069199625
0.0069215867
0.0069240893
0.0069270063
0.0069302876
0.0069342295
0.0069393251
0.0069463825
0.0069567134
0.0069723288
0.0069957561
0.007023377
4.3369798e-14
8.2781939e-12
2.1114475e-10
2.0317923e-09
1.1573021e-08
4.764114e-08
1.5599165e-07
4.2570803e-07
9.9100394e-07
1.9987144e-06
3.555441e-06
5.7041548e-06
8.4456513e-06
1.1706958e-05
1.5558158e-05
1.9948817e-05
2.4991693e-05
3.0808619e-05
3.7426915e-05
4.4828221e-05
5.2959327e-05
6.1654894e-05
7.1019628e-05
8.1175743e-05
9.2124796e-05
0.00010385978
0.00011636329
0.00012960546
0.00014354197
0.00015811253
0.00017300799
0.00018734125
0.00020127412
0.00021498269
0.00022874634
0.00024311364
0.0002591377
0.00027864458
0.00030441944
0.00033984131
0.00038664992
0.00043756014
0.00048792676
0.00054951374
0.00062487429
0.00071650471
0.00082660326
0.00095688424
0.0011085129
0.001282168
0.0014781883
0.0016967302
0.0019378756
0.0022016483
0.0024879233
0.0027962341
0.0031254963
0.0034736789
0.0038374727
0.0042120227
0.0045908088
0.0049657665
0.005327725
0.0056671818
0.0059753458
0.0062452519
0.0064726635
0.0066564718
0.0067984407
0.006902393
0.0069731705
0.0070157799
0.0070350113
0.0070355607
0.0070224238
0.0070011235
0.0069773049
0.0069556443
0.0069388088
0.0069274197
0.0069209377
0.00691835
0.0069184545
0.0069201659
0.0069226676
0.0069255702
0.0069288467
0.0069328391
0.006938092
0.0069454921
0.0069564465
0.0069729995
0.0069978954
0.0070256286
4.5079747e-14
8.6046934e-12
2.1946899e-10
2.1117569e-09
1.2025806e-08
4.9476884e-08
1.6181342e-07
4.4070281e-07
1.0229277e-06
2.0558371e-06
3.6438322e-06
5.8268352e-06
8.6035014e-06
1.188308e-05
1.5759658e-05
2.0195266e-05
2.5297006e-05
3.1176232e-05
3.7860241e-05
4.5332452e-05
5.3534142e-05
6.2278577e-05
7.1737817e-05
8.1996015e-05
9.3055461e-05
0.00010491016
0.00011754396
0.0001309285
0.00014502113
0.0001597637
0.0001749353
0.00018951063
0.00020366905
0.0002175996
0.00023158549
0.00024616714
0.00026237626
0.00028200688
0.00030781171
0.00034318702
0.00039009317
0.0004420418
0.0004925093
0.00055412673
0.00062946037
0.00072104053
0.00083111801
0.00096146974
0.001113319
0.0012873849
0.001484021
0.0017033715
0.0019454827
0.0022103253
0.002497711
0.0028071055
0.0031373559
0.0034863667
0.0038507708
0.0042256655
0.0046044959
0.0049791803
0.0053405485
0.00567912
0.0059861418
0.0062546995
0.0064806108
0.0066628203
0.0068031404
0.006905442
0.0069746199
0.0070157454
0.0070336891
0.0070332382
0.0070194674
0.0069979222
0.0069741763
0.0069527669
0.0069362411
0.0069251729
0.0069190074
0.0069166852
0.0069169721
0.0069187533
0.0069212603
0.0069241484
0.00692743
0.006931486
0.0069369127
0.0069446856
0.0069562973
0.0069738358
0.0069998912
0.0070253099
4.6841421e-14
8.9412191e-12
2.2805901e-10
2.1942902e-09
1.2493103e-08
5.1369657e-08
1.6780182e-07
4.5607725e-07
1.0555173e-06
2.1138839e-06
3.7332899e-06
5.9506598e-06
8.7626424e-06
1.2061904e-05
1.5965804e-05
2.0446841e-05
2.5606813e-05
3.1547704e-05
3.8296857e-05
4.5839401e-05
5.4111591e-05
6.2907158e-05
7.2459412e-05
8.2817986e-05
9.3986042e-05
0.00010595867
0.00011872097
0.00013224596
0.00014649268
0.00016140501
0.00017685015
0.00019166454
0.00020604488
0.00022019312
0.00023439655
0.00024918811
0.0002655797
0.00028533629
0.00031118269
0.00034653374
0.00039355261
0.0004464726
0.00049705442
0.00055872098
0.00063404948
0.0007256009
0.00083567529
0.00096610889
0.0011181813
0.001292652
0.0014898902
0.0017100297
0.0019530829
0.0022189695
0.0025074389
0.0028178893
0.0031491003
0.0034989116
0.0038638988
0.0042391112
0.0046179602
0.0049923467
0.0053531034
0.0056907713
0.0059966372
0.006263838
0.0064882481
0.0066688653
0.0068075522
0.0069082273
0.0069758385
0.0070155213
0.0070322247
0.0070308232
0.0070164635
0.0069947054
0.006971049
0.0069498976
0.0069336879
0.0069229513
0.006917102
0.0069150474
0.0069155104
0.00691736
0.0069198736
0.0069227447
0.0069260421
0.0069301693
0.0069357911
0.006943963
0.0069562753
0.0069749566
0.0070033357
4.8659188e-14
9.2884533e-12
2.3692048e-10
2.2793973e-09
1.2974569e-08
5.3317445e-08
1.7395182e-07
4.7181764e-07
1.088736e-06
2.1727706e-06
3.823677e-06
6.0754438e-06
8.9228174e-06
1.224298e-05
1.6175922e-05
2.0702705e-05
2.5920341e-05
3.1922374e-05
3.8736259e-05
4.6348726e-05
5.4691193e-05
6.3539065e-05
7.3182685e-05
8.3639831e-05
9.491459e-05
0.00010700321
0.00011989199
0.0001335553
0.00014795372
0.00016303298
0.00017872363
0.00019379585
0.00020840145
0.00022276284
0.00023717749
0.00025217391
0.00026874581
0.00028863125
0.00031453094
0.0003498793
0.00039702443
0.0004508498
0.00050155768
0.00056328996
0.00063863311
0.00073017597
0.00084026423
0.00097079059
0.0011230891
0.0012979592
0.0014957865
0.001716696
0.0019606682
0.0022275731
0.0025170993
0.0028285783
0.0031607224
0.0035113074
0.0038768511
0.0042523557
0.0046311991
0.0050052656
0.0053653909
0.0057021392
0.0060068382
0.006272677
0.0064955867
0.0066746206
0.006811691
0.0069107652
0.0069768435
0.0070151247
0.0070306346
0.0070283305
0.0070134242
0.0069914828
0.0069679308
0.0069470435
0.0069311534
0.0069207534
0.0069152255
0.0069134375
0.0069140667
0.006915971
0.0069184977
0.0069213615
0.0069246797
0.0069288937
0.0069347266
0.0069433269
0.0069563892
0.0069763487
0.0070071466
5.0532468e-14
9.6461146e-12
2.4604101e-10
2.3669523e-09
1.3469418e-08
5.5317209e-08
1.8025496e-07
4.8789604e-07
1.1225136e-06
2.2323492e-06
3.914756e-06
6.2008508e-06
9.0836049e-06
1.2425659e-05
1.6389028e-05
2.0961978e-05
2.6236858e-05
3.2299745e-05
3.9177513e-05
4.6855e-05
5.5248968e-05
6.417243e-05
7.3905527e-05
8.4459276e-05
9.5838725e-05
0.00010804123
0.00012105431
0.00013485352
0.00014940081
0.00016464339
0.00018051323
0.00019589194
0.00021074096
0.00022531418
0.00023993119
0.00025512407
0.00027187237
0.00029188952
0.00031785457
0.00035322105
0.00040050447
0.00045517062
0.00050601474
0.00056782759
0.00064320342
0.00073475626
0.00084487455
0.00097550416
0.0011280319
0.0013032962
0.0015017005
0.0017233619
0.0019682306
0.0022361286
0.0025266849
0.0028391654
0.0031722157
0.0035235478
0.0038896224
0.0042653948
0.0046442097
0.0050179357
0.0053774122
0.0057132274
0.0060167506
0.0062812244
0.0065026375
0.0066800986
0.0068155713
0.0069130714
0.0069776512
0.0070145721
0.0070289341
0.0070257735
0.0070103606
0.0069882632
0.006964829
0.0069442113
0.0069286449
0.0069185845
0.006913382
0.0069118568
0.0069126324
0.006914601
0.0069171368
0.0069200028
0.0069233459
0.0069276571
0.0069337203
0.006942775
0.0069566343
0.0069779073
0.0070103692
5.246257e-14
1.0013965e-11
2.5540529e-10
2.4568203e-09
1.3977323e-08
5.7367678e-08
1.8670289e-07
5.0428537e-07
1.1567908e-06
2.2925338e-06
4.0063875e-06
6.3266599e-06
9.2447051e-06
1.2609479e-05
1.6604495e-05
2.1223744e-05
2.6555191e-05
3.2678213e-05
3.9618678e-05
4.7358827e-05
5.5800507e-05
6.4805448e-05
7.4626197e-05
8.5274592e-05
9.675672e-05
0.00010907104
0.00012220619
0.00013613895
0.00015083257
0.00016623564
0.0001822818
0.00019795629
0.00021305139
0.00022783898
0.00024265519
0.00025803822
0.00027495866
0.00029510961
0.00032115138
0.00035655581
0.00040398844
0.00045943245
0.00051042168
0.00057232827
0.00064775304
0.0007393331
0.00084949638
0.00098023946
0.0011329995
0.0013086537
0.001507623
0.0017300186
0.0019757618
0.0022446282
0.0025361883
0.0028496436
0.0031835734
0.0035356265
0.0039022071
0.0042782239
0.0046569889
0.0050303555
0.005389168
0.0057240391
0.0060263802
0.0062894883
0.0065094106
0.0066853118
0.0068192071
0.0069151607
0.006978277
0.0070138785
0.0070271376
0.0070231649
0.0070072827
0.0069850544
0.0069617502
0.0069414067
0.0069261675
0.0069164478
0.0069115738
0.0069102943
0.0069112149
0.0069132523
0.0069157929
0.0069186638
0.0069220449
0.0069264617
0.0069327739
0.0069423049
0.0069569899
0.0069795013
0.007012686
5.4435602e-14
1.0390287e-11
2.6499493e-10
2.5488833e-09
1.4497423e-08
5.9464869e-08
1.9328356e-07
5.2095948e-07
1.1915149e-06
2.3532141e-06
4.0984127e-06
6.4526777e-06
9.4058559e-06
1.2794018e-05
1.6821645e-05
2.1487204e-05
2.6874457e-05
3.3056756e-05
4.0059053e-05
4.786128e-05
5.6352068e-05
6.5436798e-05
7.5343336e-05
8.6084423e-05
9.7667219e-05
0.00011009127
0.00012334631
0.00013741023
0.00015224758
0.00016780833
0.00018402773
0.00019999038
0.00021532884
0.00023033069
0.00024534484
0.00026091442
0.00027800382
0.0002982903
0.00032441936
0.00035988032
0.00040747155
0.00046363268
0.0005147746
0.00057678662
0.00065227517
0.00074389816
0.00085412058
0.00098498668
0.0011379822
0.001314022
0.0015135453
0.0017366579
0.001983254
0.0022530643
0.0025456022
0.0028600056
0.0031947886
0.0035475375
0.0039145999
0.0042908386
0.0046695338
0.0050425242
0.005400659
0.0057345769
0.0060357322
0.0062974762
0.0065159155
0.0066902716
0.0068226112
0.0069170473
0.0069787356
0.0070130586
0.0070252584
0.0070205159
0.0070041998
0.0069818637
0.0069587001
0.006938634
0.0069237255
0.0069143483
0.0069097925
0.0069087636
0.0069098201
0.0069119147
0.006914468
0.0069173466
0.0069207724
0.0069253091
0.006931885
0.0069419136
0.0069574321
0.0069810725
0.0070144879
5.6446566e-14
1.0774415e-11
2.7479341e-10
2.6429347e-09
1.5028665e-08
6.1604819e-08
1.9998574e-07
5.3788608e-07
1.2266044e-06
2.4142403e-06
4.1906141e-06
6.5786409e-06
9.5666909e-06
1.2978857e-05
1.7039866e-05
2.1751594e-05
2.7193774e-05
3.3434507e-05
4.0497962e-05
4.8361807e-05
5.6902488e-05
6.6065267e-05
7.6055695e-05
8.6887499e-05
9.856893e-05
0.00011110058
0.00012447324
0.00013866593
0.00015364435
0.0001693599
0.00018574937
0.00020199368
0.00021757174
0.00023278577
0.000247996
0.0002637498
0.00028100641
0.00030143057
0.00032765668
0.00036319118
0.00041094927
0.00046776888
0.00051907001
0.00058119777
0.00065676333
0.00074844382
0.00085873843
0.00098973667
0.0011429707
0.0013193922
0.0015194586
0.0017432715
0.0019906995
0.0022614295
0.0025549196
0.0028702449
0.0032058552
0.0035592747
0.0039267954
0.0043032348
0.0046818414
0.0050544401
0.0054118858
0.0057448438
0.0060448112
0.0063051953
0.0065221617
0.0066949893
0.0068257965
0.0069187447
0.0069790407
0.0070121256
0.0070233089
0.0070178373
0.0070011201
0.0069786973
0.0069556838
0.0069358981
0.0069213214
0.006912292
0.0069080432
0.0069072486
0.0069084404
0.0069105976
0.0069131658
0.0069160535
0.0069195304
0.0069242017
0.006931053
0.0069415939
0.006957939
0.0069826056
0.007016038
5.8486249e-14
1.1163953e-11
2.847309e-10
2.7383211e-09
1.5567206e-08
6.3772056e-08
2.0675776e-07
5.549206e-07
1.261742e-06
2.475021e-06
4.2819427e-06
6.7027536e-06
9.7141885e-06
1.3160665e-05
1.7258223e-05
2.2016649e-05
2.7513109e-05
3.3811547e-05
4.0935425e-05
4.8860069e-05
5.7450199e-05
6.6689374e-05
7.6761925e-05
8.7682568e-05
9.9460649e-05
0.00011209775
0.00012558575
0.00013990474
0.00015502156
0.0001708889
0.00018744518
0.00020396508
0.00021977868
0.00023520197
0.00025060584
0.0002665415
0.00028396432
0.00030452908
0.00033086188
0.00036648568
0.00041441745
0.00047183875
0.00052330457
0.00058555717
0.00066121175
0.00075296288
0.00086334184
0.00099448073
0.0011479562
0.0013247556
0.0015253546
0.0017498516
0.0019980907
0.0022697169
0.0025641336
0.0028803548
0.0032167668
0.0035708324
0.0039387888
0.0043154084
0.004693909
0.005066102
0.0054228491
0.0057548421
0.0060536223
0.0063126525
0.0065281581
0.0066994754
0.0068287746
0.0069202658
0.0069792055
0.0070110924
0.0070213006
0.0070151386
0.0069980514
0.0069755612
0.0069527061
0.0069332029
0.0069189574
0.0069102695
0.0069063315
0.0069057575
0.006907084
0.0069092933
0.0069118843
0.0069147887
0.0069183202
0.0069231365
0.0069302767
0.0069413397
0.0069584888
0.0069840977
0.0070174283
6.0563527e-14
1.1560424e-11
2.9484672e-10
2.8354586e-09
1.6115297e-08
6.5975116e-08
2.1362654e-07
5.7214036e-07
1.2971084e-06
2.5359155e-06
4.3730797e-06
6.826231e-06
9.8605401e-06
1.334117e-05
1.7475738e-05
2.228073e-05
2.7830908e-05
3.4186529e-05
4.1370325e-05
4.9355109e-05
5.7994061e-05
6.7307952e-05
7.7460848e-05
8.8468482e-05
0.00010034123
0.0001130817
0.00012668272
0.00014112546
0.00015637794
0.00017239409
0.00018911382
0.00020590322
0.00022194798
0.00023757714
0.0002531718
0.00026928728
0.00028687577
0.0003075841
0.00033403279
0.00036976052
0.00041787162
0.00047584014
0.00052747521
0.00058986059
0.00066561489
0.00075744875
0.0008679233
0.00099921079
0.0011529304
0.001330104
0.0015312256
0.0017563909
0.0020054207
0.0022779195
0.0025732378
0.0028903292
0.0032275176
0.0035822054
0.0039505753
0.0043273557
0.0047057341
0.0050775091
0.0054335498
0.0057645744
0.00606217
0.0063198542
0.006533913
0.00670374
0.0068315572
0.0069216226
0.0069792423
0.0070099708
0.0070192441
0.0070124288
0.0069950005
0.0069724605
0.0069497709
0.0069305521
0.006916637
0.0069082864
0.0069046552
0.0069042979
0.0069057426
0.0069080099
0.0069106181
0.0069135456
0.0069171428
0.006922114
0.0069295556
0.0069411448
0.0069590654
0.0069855629
0.0070187216
6.2676234e-14
1.1964073e-11
3.051475e-10
2.9342556e-09
1.6672376e-08
6.821201e-08
2.2058637e-07
5.8953592e-07
1.33268e-06
2.5968888e-06
4.4639994e-06
6.949091e-06
1.00061e-05
1.3520695e-05
1.7692343e-05
2.2543441e-05
2.8146452e-05
3.4558479e-05
4.1801511e-05
4.9845747e-05
5.8533031e-05
6.791993e-05
7.8151398e-05
8.924418e-05
0.00010120959
0.00011405127
0.000127763
0.00014232694
0.00015771225
0.00017387416
0.00019075396
0.00020780682
0.00022407822
0.00023990958
0.00025569191
0.00027198471
0.00028973827
0.00031059345
0.00033716701
0.00037301222
0.00042130727
0.00047977108
0.00053157909
0.00059410416
0.00066996783
0.00076189536
0.00087247573
0.0010039192
0.0011578855
0.0013354298
0.0015370642
0.0017628823
0.0020126828
0.0022860312
0.0025822261
0.0029001624
0.0032381023
0.0035933886
0.0039621508
0.0043390732
0.0047173142
0.0050886603
0.0054439882
0.0057740439
0.0060704586
0.0063268071
0.0065394348
0.0067077928
0.006834155
0.0069228267
0.0069791628
0.0070087718
0.0070171495
0.007009716
0.0069919736
0.0069693999
0.0069468819
0.0069279477
0.0069143631
0.0069063449
0.0069030077
0.0069028649
0.0069044268
0.00690674
0.0069093743
0.006912329
0.0069160008
0.006921134
0.0069288856
0.0069410044
0.0069596612
0.0069870474
0.0070199963
6.4827665e-14
1.2374855e-11
3.1562247e-10
3.034731e-09
1.7238457e-08
7.0481798e-08
2.2763272e-07
6.0708232e-07
1.368403e-06
2.6578539e-06
4.5545831e-06
7.0712022e-06
1.0150741e-05
1.3699087e-05
1.7907876e-05
2.2804517e-05
2.8459387e-05
3.4926856e-05
4.222824e-05
5.0331063e-05
5.9066253e-05
6.8524446e-05
7.8832683e-05
9.0008727e-05
0.00010206484
0.00011500554
0.00012882559
0.00014350814
0.00015902346
0.00017532796
0.00019236439
0.00020967492
0.00022616823
0.00024219782
0.00025816445
0.00027463218
0.00029255035
0.00031355554
0.00034026248
0.0003762377
0.00042472035
0.00048362969
0.00053561362
0.00059828432
0.00067426586
0.00076629706
0.00087699276
0.0010085991
0.0011628143
0.0013407259
0.0015428633
0.0017693191
0.0020198708
0.002294046
0.002591093
0.002909849
0.0032485158
0.0036043777
0.0039735111
0.0043505581
0.0047286477
0.0050995552
0.0054541655
0.0057832526
0.006078493
0.0063335174
0.0065447315
0.0067116434
0.0068365785
0.0069238892
0.0069789779
0.007007506
0.0070150259
0.0070070078
0.0069889765
0.0069663834
0.0069440419
0.0069253919
0.0069121377
0.0069044476
0.0069013929
0.0069014505
0.0069031307
0.0069054909
0.0069081458
0.0069111354
0.0069148918
0.0069201957
0.0069282651
0.0069409134
0.006960283
0.0069886439
0.007021405
6.7015345e-14
1.2791997e-11
3.2624581e-10
3.1366428e-09
1.7812651e-08
7.2781729e-08
2.3475644e-07
6.2475801e-07
1.4042301e-06
2.7187258e-06
4.6447096e-06
7.1924142e-06
1.0294278e-05
1.3876114e-05
1.8121956e-05
2.3063537e-05
2.8769262e-05
3.5291158e-05
4.2649877e-05
5.081029e-05
5.9592938e-05
6.9120668e-05
7.9503884e-05
9.0761276e-05
0.00010290604
0.00011594358
0.00012986955
0.0001446681
0.00016031052
0.00017675444
0.00019394397
0.00021150651
0.000228217
0.00024444066
0.00026058801
0.00027722814
0.00029531038
0.00031646853
0.00034331694
0.00037943399
0.00042810735
0.00048741416
0.0005395763
0.00060239774
0.00067850479
0.00077064862
0.00088146839
0.0010132438
0.00116771
0.0013459853
0.0015486166
0.0017756953
0.0020269789
0.0023019583
0.0025998332
0.002919384
0.0032587535
0.0036151683
0.0039846529
0.0043618075
0.0047397328
0.0051101932
0.0054640826
0.0057922036
0.0060862775
0.0063399913
0.0065498106
0.0067153006
0.0068388374
0.0069248203
0.006978698
0.0070061829
0.0070128817
0.007004311
0.0069860142
0.0069634149
0.0069412538
0.0069228868
0.0069099589
0.0069025962
0.0068998133
0.0069000587
0.0069018468
0.0069042519
0.0069069351
0.0069099684
0.006913813
0.0069192985
0.0069276927
0.0069408729
0.0069609592
0.0069904747
0.007022823
6.9225646e-14
1.3213882e-11
3.369999e-10
3.2397575e-09
1.8393261e-08
7.5105611e-08
2.4194152e-07
6.4252739e-07
1.4401033e-06
2.7794294e-06
4.7342732e-06
7.3125877e-06
1.0436552e-05
1.4051543e-05
1.8334277e-05
2.3320142e-05
2.9075686e-05
3.5650963e-05
4.3065981e-05
5.1282954e-05
6.0112391e-05
6.9707931e-05
8.0164329e-05
9.150119e-05
0.00010373255
0.00011686469
0.00013089414
0.000145806
0.00016157258
0.00017815268
0.00019549176
0.00021330065
0.00023022345
0.00024663694
0.0002629614
0.00027977128
0.00029801691
0.00031933097
0.00034632856
0.00038259832
0.00043146486
0.00049112284
0.0005434649
0.00060644146
0.00068268071
0.00077494536
0.00088589711
0.0010178475
0.0011725664
0.0013512021
0.0015543181
0.0017820051
0.0020340016
0.0023097633
0.0026084419
0.0029287632
0.0032688116
0.003625757
0.0039955734
0.0043728193
0.0047505685
0.0051205748
0.0054737415
0.0058008999
0.0060938166
0.0063462348
0.0065546796
0.0067187729
0.0068409414
0.0069256298
0.0069783327
0.0070048116
0.0070107247
0.0070016318
0.0069830915
0.0069604974
0.0069385199
0.0069204343
0.0069078279
0.0069007881
0.0068982714
0.0068986919
0.0069005797
0.0069030369
0.0069057438
0.0069088239
0.0069127667
0.0069184425
0.0069271679
0.0069408897
0.0069617453
0.0069927941
0.0070251045
7.1462857e-14
1.3640804e-11
3.4787992e-10
3.3440555e-09
1.8980336e-08
7.7451938e-08
2.4917818e-07
6.6036673e-07
1.4759714e-06
2.8398722e-06
4.8231591e-06
7.4315969e-06
1.0577404e-05
1.422517e-05
1.8544532e-05
2.3573937e-05
2.9378265e-05
3.6005874e-05
4.3476114e-05
5.1748502e-05
6.0624019e-05
7.0285667e-05
8.0813467e-05
9.2227888e-05
0.00010454379
0.00011776828
0.00013189874
0.00014692117
0.00016280892
0.00017952192
0.00019700693
0.00021505633
0.00023218664
0.00024878574
0.00026528356
0.00028226037
0.00030066858
0.00032214114
0.00034929516
0.00038572796
0.00043478964
0.00049475426
0.00054727736
0.00061041269
0.0006867901
0.00077918288
0.00089027387
0.0010224045
0.0011773778
0.0013563704
0.0015599622
0.0017882434
0.0020409342
0.0023174562
0.0026169151
0.0029379825
0.0032786862
0.0036361407
0.0040062697
0.0043835918
0.0047611538
0.0051307001
0.0054831437
0.0058093445
0.0061011148
0.0063522539
0.0065593458
0.0067220687
0.0068428992
0.0069263271
0.0069778912
0.0070034004
0.0070085621
0.0069989758
0.0069802122
0.006957634
0.0069358422
0.0069180361
0.0069057466
0.0068990191
0.0068967682
0.0068973536
0.0068993313
0.006901836
0.0069045731
0.006907703
0.006911749
0.0069176243
0.0069266909
0.0069409721
0.0069626559
0.0069949977
0.0070248996
7.3720257e-14
1.4071894e-11
3.5886621e-10
3.4493505e-09
1.9572854e-08
7.9817275e-08
2.5645835e-07
6.7825779e-07
1.5117895e-06
2.8999749e-06
4.9112711e-06
7.5493207e-06
1.0716691e-05
1.4396791e-05
1.8752435e-05
2.3824663e-05
2.967675e-05
3.6355584e-05
4.387989e-05
5.2206549e-05
6.1127343e-05
7.0853371e-05
8.1450793e-05
9.2940863e-05
0.00010533924
0.00011865379
0.00013288277
0.00014801303
0.00016401889
0.00018086145
0.00019848873
0.00021677274
0.00023410558
0.00025088589
0.00026755329
0.00028469433
0.00030326437
0.00032489779
0.00035221487
0.00038882025
0.00043807869
0.00049830696
0.00055101182
0.00061430896
0.00069082981
0.00078335735
0.00089459425
0.00102691
0.0011821391
0.0013614852
0.0015655439
0.0017944054
0.0020477724
0.0023250332
0.0026252489
0.0029470386
0.0032883745
0.0036463168
0.0040167401
0.0043941237
0.0047714883
0.0051405696
0.0054922905
0.0058175405
0.0061081766
0.0063580541
0.006563816
0.0067251959
0.0068447196
0.0069269209
0.0069773818
0.0070019572
0.0070064005
0.0069963483
0.0069773803
0.0069548271
0.0069332225
0.006915693
0.0069037169
0.0068972923
0.0068952916
0.0068960489
0.0068981035
0.0069006524
0.0069034255
0.0069066065
0.0069107599
0.00691684
0.0069262597
0.0069411091
0.0069636285
0.0069968552
7.599566e-14
1.4506279e-11
3.6993593e-10
3.5554323e-09
2.0169488e-08
8.219678e-08
2.6376766e-07
6.9616484e-07
1.5474956e-06
2.9596561e-06
4.9984991e-06
7.6656161e-06
1.0854258e-05
1.4566224e-05
1.895776e-05
2.4072032e-05
2.9970809e-05
3.6699765e-05
4.4276976e-05
5.2656724e-05
6.1621937e-05
7.1410682e-05
8.2075926e-05
9.3639736e-05
0.00010611849
0.00011952081
0.00013384575
0.00014908104
0.00016520194
0.00018217056
0.00019993622
0.00021843729
0.00023597822
0.00025293743
0.00026977007
0.00028707208
0.00030580278
0.00032759934
0.00035508604
0.00039187308
0.00044132944
0.00050177977
0.00055466663
0.00061812808
0.00069479692
0.00078746527
0.00089885413
0.0010313595
0.0011868455
0.0013665417
0.001571059
0.0018004871
0.0020545122
0.0023324907
0.0026334402
0.0029559287
0.003297874
0.0036562831
0.0040269829
0.004404414
0.0047815721
0.0051501844
0.0055011844
0.0058254909
0.0061150066
0.0063636415
0.0065680972
0.0067281621
0.0068464105
0.0069274194
0.0069768127
0.007000489
0.007004246
0.0069937538
0.0069745989
0.0069520788
0.0069306622
0.0069134064
0.0069017372
0.0068956118
0.0068938467
0.0068947606
0.0068968983
0.0068994877
0.0069022964
0.0069055365
0.0069097992
0.0069160882
0.0069258708
0.0069412932
0.0069646186
0.0069990365
7.8294034e-14
1.494453e-11
3.8109623e-10
3.6623513e-09
2.0770192e-08
8.4589299e-08
2.7109979e-07
7.14066e-07
1.5830525e-06
3.0188616e-06
5.0847624e-06
7.7804001e-06
1.0989999e-05
1.4733317e-05
1.9160266e-05
2.4315773e-05
3.0260212e-05
3.7038164e-05
4.46671e-05
5.309869e-05
6.2107345e-05
7.1957172e-05
8.2688476e-05
9.4324078e-05
0.00010688107
0.00012036879
0.00013478704
0.0001501244
0.00016635698
0.00018344783
0.00020134715
0.00021999391
0.00023779522
0.00025494769
0.00027194069
0.00028939566
0.00030828329
0.00033024451
0.0003579069
0.00039488403
0.00044453917
0.00050517159
0.00055824035
0.00062186813
0.000698689
0.00079150354
0.00090304992
0.0010357491
0.001191493
0.001371536
0.0015765034
0.0018064848
0.0020611504
0.0023398259
0.0026414865
0.0029646504
0.0033071828
0.0036660383
0.0040369972
0.0044144624
0.0047914055
0.005159546
0.0055098278
0.0058331998
0.0061216092
0.0063690216
0.0065721959
0.0067309746
0.0068479798
0.0069278305
0.0069761911
0.0069990026
0.007002104
0.0069911965
0.0069718708
0.0069493911
0.0069281624
0.0069111761
0.0068998104
0.0068939716
0.0068924395
0.0068934959
0.0068957172
0.0068983437
0.0069011872
0.0069044884
0.0069088679
0.0069153671
0.0069255197
0.0069415159
0.0069655829
0.0070009066
8.0597609e-14
1.5384096e-11
3.9230237e-10
3.7697508e-09
2.137344e-08
8.6989632e-08
2.7844235e-07
7.319329e-07
1.6184019e-06
3.0775122e-06
5.16997e-06
7.8935658e-06
1.1123776e-05
1.4897906e-05
1.9359753e-05
2.4555651e-05
3.0544724e-05
3.7370585e-05
4.5049928e-05
5.3531174e-05
6.258323e-05
7.2492453e-05
8.3288055e-05
9.4993526e-05
0.00010762663
0.00012119741
0.00013570637
0.00015114288
0.0001674839
0.00018469339
0.00020272244
0.0002215109
0.00023955971
0.00025690757
0.00027406198
0.00029166619
0.00031070658
0.00033283224
0.00036067561
0.00039785131
0.00044770638
0.00050848147
0.00056173173
0.00062552747
0.00070250395
0.0007954696
0.00090717862
0.0010400753
0.0011960781
0.0013764645
0.0015818738
0.0018123955
0.0020676843
0.0023470363
0.0026493856
0.0029732021
0.0033162992
0.0036755812
0.0040467823
0.004424269
0.0048009893
0.0051686555
0.0055182231
0.0058406702
0.0061279891
0.0063741999
0.0065761183
0.0067336405
0.0068494347
0.0069281614
0.0069755241
0.006997504
0.0069999797
0.0069886803
0.0069691988
0.0069467655
0.0069257241
0.0069090028
0.0068979322
0.006892378
0.0068910615
0.0068922607
0.0068945536
0.0068972237
0.0069000986
0.0069034628
0.0069079615
0.0069146747
0.0069251996
0.0069417678
0.0069664923
0.0070021784
8.2907641e-14
1.5824977e-11
4.0353851e-10
3.8774218e-09
2.1978282e-08
8.9394197e-08
2.8578251e-07
7.4973884e-07
1.6534901e-06
3.1355116e-06
5.2540002e-06
8.0049412e-06
1.125541e-05
1.5059786e-05
1.9555985e-05
2.4791518e-05
3.0824329e-05
3.7696857e-05
4.5423376e-05
5.3943934e-05
6.3049308e-05
7.301629e-05
8.3874434e-05
9.564788e-05
0.00010835498
0.00012200647
0.00013660357
0.00015213638
0.00016858268
0.00018590725
0.00020406216
0.00022298829
0.00024127385
0.00025881399
0.00027612986
0.00029388195
0.00031307261
0.0003353626
0.00036339147
0.00040077332
0.00045082904
0.00051170867
0.00056513978
0.00062910473
0.00070623994
0.00079936111
0.00091123754
0.0010443352
0.0012005976
0.0013813243
0.0015871675
0.0018182168
0.0020741118
0.00235412
0.0026571359
0.0029815825
0.0033252227
0.0036849113
0.0040563382
0.0044338343
0.0048103247
0.0051775154
0.0055263732
0.0058479062
0.0061341511
0.0063791819
0.0065798709
0.0067361663
0.0068507823
0.006928419
0.0069748181
0.0069959991
0.0069978775
0.0069862084
0.0069665849
0.0069442034
0.006923348
0.0069068874
0.0068961044
0.0068908216
0.006889721
0.0068910469
0.0068934146
0.0068961204
0.0068990315
0.0069024596
0.0069070797
0.00691401
0.0069249057
0.0069420374
0.0069673357
0.0070030946
8.5227609e-14
1.6267831e-11
4.1481801e-10
3.9854272e-09
2.2584394e-08
9.1800383e-08
2.9311244e-07
7.6746525e-07
1.6882912e-06
3.1928147e-06
5.3367862e-06
8.114487e-06
1.138485e-05
1.5218881e-05
1.9748837e-05
2.5023121e-05
3.1098484e-05
3.8016234e-05
4.5788428e-05
5.4348043e-05
6.3505321e-05
7.3528496e-05
8.4447479e-05
9.6287018e-05
0.00010906607
0.00012279599
0.00013747866
0.00015310492
0.00016965331
0.00018708949
0.00020536644
0.00022442608
0.00024293945
0.0002606669
0.00027814226
0.00029604113
0.00031538098
0.00033783559
0.00036605393
0.00040364916
0.00045390657
0.00051485255
0.00056846364
0.00063259872
0.0007098954
0.0008031762
0.00091522442
0.0010485264
0.0012050491
0.0013861129
0.0015923822
0.0018239466
0.0020804312
0.0023610758
0.0026647366
0.0029897908
0.0033339526
0.0036940287
0.0040656654
0.0044431591
0.0048194132
0.0051861272
0.0055342809
0.0058549112
0.0061400997
0.0063839731
0.0065834595
0.0067385586
0.006852029
0.0069286099
0.0069740791
0.0069944929
0.0069958018
0.006983784
0.0069640313
0.0069417059
0.0069210347
0.0069048295
0.0068943286
0.0068893058
0.0068884064
0.0068898626
0.0068922931
0.0068950397
0.0068979877
0.0069014791
0.0069062213
0.0069133688
0.0069246346
0.0069423149
0.0069681078
0.0070038056
8.7547183e-14
1.6710831e-11
4.2610918e-10
4.0935292e-09
2.3190767e-08
9.4204822e-08
3.0042038e-07
7.85084e-07
1.7227595e-06
3.2493797e-06
5.4182835e-06
8.2221458e-06
1.1512023e-05
1.5375091e-05
1.9938159e-05
2.525028e-05
3.1367094e-05
3.832887e-05
4.614559e-05
5.4743466e-05
6.3951218e-05
7.4029027e-05
8.5007158e-05
9.691092e-05
0.00010975989
0.00012356597
0.00013833168
0.00015404856
0.00017069592
0.00018824021
0.00020663535
0.00022582433
0.00024455719
0.00026246657
0.00028009843
0.00029814251
0.00031763072
0.00034025081
0.00036866282
0.00040647845
0.00045693844
0.00051791274
0.00057170277
0.00063600868
0.00071346928
0.00080691346
0.00091913751
0.0010526471
0.0012094307
0.0013908284
0.0015975163
0.0018295835
0.0020866414
0.002367903
0.0026721871
0.002997827
0.0033424893
0.0037029338
0.0040747648
0.004452245
0.0048282567
0.0051944945
0.0055419498
0.0058616896
0.0061458393
0.0063885786
0.0065868899
0.0067408233
0.0068531812
0.00692874
0.0069733126
0.0069929904
0.0069937562
0.0069814096
0.0069615394
0.0069392739
0.0069187849
0.00690283
0.006892602
0.006887834
0.0068871223
0.0068886974
0.0068911964
0.0068939763
0.0068969656
0.0069005229
0.0069053859
0.0069127491
0.0069243804
0.0069425914
0.0069688002
0.007004344
8.9864802e-14
1.7153446e-11
4.3739349e-10
4.2015649e-09
2.3796647e-08
9.660508e-08
3.0770109e-07
8.0258384e-07
1.7568681e-06
3.3051714e-06
5.4984604e-06
8.3278602e-06
1.1636865e-05
1.5528366e-05
2.0123893e-05
2.5472959e-05
3.163018e-05
3.8634866e-05
4.6494979e-05
5.5130178e-05
6.4387024e-05
7.4517942e-05
8.5553593e-05
9.7519772e-05
0.00011043661
0.00012431656
0.00013916278
0.00015496746
0.00017171064
0.00018935957
0.00020786907
0.00022718321
0.00024612782
0.00026421358
0.00028199831
0.00030018542
0.0003198212
0.00034260807
0.00037121832
0.00040926163
0.00045992512
0.00052088895
0.00057485671
0.00063933399
0.00071696071
0.00081057177
0.00092297562
0.0010566955
0.0012137408
0.0013954694
0.0016025686
0.0018351269
0.0020927419
0.0023746012
0.0026794876
0.0030056915
0.0033508333
0.0037116276
0.0040836375
0.0044610934
0.0048368573
0.0052026192
0.0055493828
0.005868245
0.0061513747
0.0063930037
0.0065901677
0.0067429667
0.0068542449
0.0069288151
0.006972524
0.0069914959
0.0069917443
0.0069790878
0.0069591109
0.0069369083
0.0069165986
0.0069008877
0.0068909286
0.0068864005
0.0068858732
0.0068875556
0.0068901173
0.0068929355
0.006895962
0.0068995886
0.0069045735
0.0069121489
0.0069241389
0.006942859
0.006969407
0.0070047199
9.2188433e-14
1.7596469e-11
4.4867322e-10
4.309551e-09
2.4401656e-08
9.899896e-08
3.1494921e-07
8.1995081e-07
1.7905925e-06
3.3601514e-06
5.5772739e-06
8.431615e-06
1.1759366e-05
1.5678678e-05
2.0305995e-05
2.5691143e-05
3.1887764e-05
3.8934295e-05
4.6836689e-05
5.5508179e-05
6.4812776e-05
7.4995327e-05
8.6086849e-05
9.811366e-05
0.00011109635
0.00012504794
0.00013997216
0.00015586184
0.00017269773
0.00019044784
0.00020906787
0.00022850299
0.0002476521
0.00026590853
0.00028384205
0.00030216984
0.0003219525
0.00034490762
0.00037372096
0.00041199961
0.00046286821
0.00052378105
0.00057792536
0.00064257431
0.00072036916
0.00081415037
0.00092673766
0.001060671
0.0012179784
0.0014000352
0.0016075384
0.001840576
0.0020987327
0.0023811709
0.0026866386
0.0030133849
0.0033589858
0.0037201113
0.0040922852
0.0044697063
0.0048452174
0.0052105042
0.0055565835
0.0058745815
0.0061567105
0.0063972532
0.0065932985
0.0067449939
0.0068552255
0.0069288406
0.006971718
0.0069900135
0.0069897691
0.0069768207
0.006956747
0.0069346095
0.0069144759
0.0068990039
0.0068893052
0.0068850121
0.0068846521
0.0068864419
0.0068890627
0.0068919122
0.0068949801
0.0068986732
0.0069037793
0.0069115659
0.0069239061
0.0069431106
0.0069699263
0.0070049551
9.4506253e-14
1.8038808e-11
4.5993807e-10
4.4173428e-09
2.5005218e-08
1.0138404e-07
3.2215534e-07
8.3716681e-07
1.8239058e-06
3.4142738e-06
5.654678e-06
8.5333606e-06
1.1879463e-05
1.582597e-05
2.0484416e-05
2.59048e-05
3.2139856e-05
3.9227208e-05
4.7170792e-05
5.5877489e-05
6.5228531e-05
7.5461298e-05
8.6607108e-05
9.8692769e-05
0.00011173934
0.00012576036
0.0001407601
0.00015673202
0.00017365752
0.00019150537
0.00021023213
0.00022978402
0.00024913075
0.00026755223
0.0002856304
0.00030409605
0.00032402462
0.0003471498
0.0003761717
0.00041469435
0.00046577027
0.00052658919
0.00058090871
0.00064572957
0.00072369437
0.00081764891
0.00093042326
0.0010645727
0.001222143
0.0014045253
0.0016124258
0.0018459313
0.0021046142
0.0023876125
0.0026936411
0.0030209086
0.003366948
0.0037283867
0.0041007099
0.0044780862
0.0048533398
0.0052181528
0.0055635555
0.0058807032
0.006161851
0.0064013323
0.0065962872
0.0067469107
0.0068561283
0.0069288214
0.006970899
0.006988547
0.0069878336
0.0069746101
0.0069544487
0.0069323781
0.0069124171
0.0068971774
0.0068877283
0.0068836654
0.0068834644
0.0068853483
0.0068880245
0.0068909111
0.0068940163
0.0068977788
0.0069030059
0.0069109979
0.006923678
0.006943339
0.0069703593
0.0070050749
9.6809685e-14
1.8478624e-11
4.7115226e-10
4.5246849e-09
2.5606245e-08
1.0375765e-07
3.2931194e-07
8.5421232e-07
1.8567825e-06
3.4675175e-06
5.7306349e-06
8.6330558e-06
1.1997115e-05
1.5970208e-05
2.0659124e-05
2.6113916e-05
3.2386478e-05
3.9513639e-05
4.7497374e-05
5.6238192e-05
6.5634417e-05
7.5915979e-05
8.7114546e-05
9.9257322e-05
0.00011236584
0.00012645413
0.00014152697
0.00015757838
0.00017459041
0.00019253257
0.00021136228
0.0002310268
0.00025056481
0.00026914584
0.00028736425
0.00030596498
0.00032603861
0.00034933576
0.00037857243
0.00041734898
0.00046863552
0.00052931358
0.00058380704
0.00064879995
0.00072693644
0.00082106726
0.00093403216
0.0010684005
0.0012262345
0.0014089397
0.0016172307
0.0018511933
0.0021103872
0.0023939273
0.0027004963
0.0030282641
0.0033747219
0.0037364558
0.0041089138
0.0044862354
0.0048612272
0.0052255682
0.0055703022
0.0058866141
0.0061668009
0.0064052455
0.0065991389
0.0067487219
0.0068569584
0.0069287622
0.0069700714
0.0069870997
0.0069859403
0.0069724578
0.006952217
0.0069302143
0.0069104219
0.0068954065
0.0068862014
0.0068823571
0.0068822991
0.0068842775
0.0068870049
0.0068899266
0.0068930736
0.0068969023
0.0069022506
0.0069104431
0.006923451
0.0069435385
0.006970707
0.007005099
9.9106887e-14
1.8916845e-11
4.8231941e-10
4.6315781e-09
2.6204469e-08
1.0611769e-07
3.3641444e-07
8.7107982e-07
1.8891997e-06
3.5198573e-06
5.8051278e-06
8.7306815e-06
1.2112295e-05
1.611136e-05
2.0830113e-05
2.6318526e-05
3.2627722e-05
3.9793786e-05
4.7816639e-05
5.6590387e-05
6.6030573e-05
7.6359586e-05
8.760939e-05
9.9807628e-05
0.00011297621
0.00012712961
0.00014227313
0.00015840133
0.00017549686
0.00019352994
0.00021245881
0.00023223181
0.00025195545
0.00027069072
0.00028904494
0.00030777776
0.00032799564
0.00035146731
0.00038092587
0.00041996787
0.00047146958
0.00053195459
0.00058662065
0.0006517858
0.00073009561
0.00082440563
0.00093756458
0.0010721547
0.0012302533
0.001413279
0.0016219541
0.0018563628
0.0021160529
0.0024001168
0.002707206
0.0030354533
0.0033823094
0.0037443207
0.0041168993
0.0044941566
0.0048688825
0.0052327539
0.0055768277
0.005892318
0.0061715641
0.0064089976
0.0066018585
0.0067504323
0.0068577205
0.0069286674
0.0069692389
0.0069856749
0.0069840915
0.0069703653
0.0069500527
0.0069281186
0.0069084903
0.0068936917
0.0068847185
0.0068810805
0.0068811674
0.0068832304
0.0068860051
0.0068889601
0.006892148
0.0068960453
0.0069015119
0.0069098993
0.0069232214
0.0069437044
0.006970972
0.007005042
1.0139984e-13
1.9354302e-11
4.9346037e-10
4.7381343e-09
2.6800255e-08
1.084643e-07
3.4345952e-07
8.8776218e-07
1.921151e-06
3.5712821e-06
5.8781505e-06
8.8262373e-06
1.2224999e-05
1.6249441e-05
2.0997384e-05
2.6518656e-05
3.2863653e-05
4.0067729e-05
4.8128716e-05
5.6934195e-05
6.6417184e-05
7.6792353e-05
8.8091967e-05
0.00010034401
0.00011357081
0.00012778726
0.0001429991
0.00015920141
0.00017637745
0.0001944981
0.00021352242
0.0002333998
0.00025330432
0.00027218866
0.00029067435
0.00030953639
0.0003298979
0.00035354697
0.00038323591
0.00042255719
0.00047428057
0.00053451272
0.00058935015
0.00065468762
0.00073317248
0.00082766461
0.00094102101
0.0010758358
0.0012341999
0.0014175438
0.0016265968
0.0018614411
0.0021216128
0.0024061826
0.002713772
0.0030424781
0.0033897126
0.0037519836
0.0041246688
0.0045018524
0.0048763086
0.0052397126
0.005583135
0.0058978192
0.0061761453
0.0064125928
0.0066044504
0.0067520468
0.006858419
0.0069285411
0.0069684051
0.0069842755
0.0069822894
0.0069683338
0.0069479563
0.0069260909
0.006906622
0.0068920342
0.006883282
0.0068798386
0.0068800705
0.006882209
0.0068850258
0.0068880122
0.00689124
0.0068952046
0.0069007866
0.0069093647
0.0069229862
0.0069438327
0.0069711572
0.0070049149
1.0368494e-13
1.9790037e-11
5.0454931e-10
4.8442067e-09
2.7393116e-08
1.1079613e-07
3.504452e-07
9.0425204e-07
1.9526241e-06
3.6217789e-06
5.9496907e-06
8.9197148e-06
1.2335218e-05
1.6384443e-05
2.1160957e-05
2.6714388e-05
3.309442e-05
4.0335687e-05
4.8433887e-05
5.7269841e-05
6.6794521e-05
7.7214612e-05
8.8562635e-05
0.00010086692
0.00011415015
0.00012842762
0.00014370548
0.00015997929
0.00017723288
0.00019543776
0.00021455383
0.00023453153
0.00025461338
0.00027364212
0.00029225482
0.00031124321
0.00033174809
0.00035557845
0.00038550794
0.00042512523
0.00047707883
0.00053698854
0.00059199624
0.00065750615
0.00073616762
0.00083084479
0.00094440211
0.0010794445
0.001238075
0.0014217353
0.00163116
0.0018664297
0.0021270685
0.0024121266
0.0027201964
0.0030493406
0.003396934
0.0037594471
0.0041322249
0.0045093256
0.0048835086
0.0052464477
0.0055892278
0.0059031212
0.0061805482
0.0064160358
0.0066069193
0.0067535695
0.0068590582
0.0069283873
0.0069675734
0.0069829041
0.0069805358
0.0069663647
0.0069459285
0.0069241313
0.0069048171
0.0068904323
0.0068818931
0.0068786317
0.0068789974
0.0068812165
0.0068840686
0.0068870835
0.00689035
0.0068943801
0.0069000741
0.0069088379
0.0069227423
0.0069439203
0.0069712662
0.0070047271
1.0595583e-13
2.0223114e-11
5.1557534e-10
4.9496734e-09
2.7982208e-08
1.1311118e-07
3.57369e-07
9.2054446e-07
1.9836081e-06
3.6713319e-06
6.0197387e-06
9.0111138e-06
1.2442967e-05
1.6516419e-05
2.1320922e-05
2.6905835e-05
3.3320202e-05
4.0597918e-05
4.873245e-05
5.7597531e-05
6.7162859e-05
7.7626697e-05
8.9021807e-05
0.00010137683
0.00011471478
0.00012905127
0.00014439289
0.00016073564
0.00017806385
0.0001963497
0.00021555386
0.00023562787
0.00025588506
0.00027505403
0.00029378965
0.00031290176
0.0003335502
0.00035756679
0.00038774923
0.00042768311
0.00047987865
0.00053938265
0.00059455967
0.00066024219
0.00073908194
0.00083394704
0.00094770876
0.0010829817
0.0012418799
0.0014258546
0.0016356453
0.00187133
0.0021324217
0.0024179505
0.0027264811
0.0030560431
0.0034039755
0.0037667135
0.0041395699
0.0045165788
0.0048904852
0.0052529622
0.0055951096
0.0059082275
0.0061847769
0.0064193303
0.006609269
0.0067550047
0.006859642
0.0069282096
0.006966747
0.0069815632
0.0069788326
0.0069644588
0.0069439696
0.0069222399
0.0069030745
0.0068888835
0.0068805467
0.0068774605
0.0068779512
0.0068802433
0.0068831366
0.006886175
0.0068894779
0.0068935714
0.0068993734
0.0069083155
0.0069224871
0.0069439645
0.0069713028
0.0070044868
1.082128e-13
2.0654042e-11
5.2655329e-10
5.0545622e-09
2.8567712e-08
1.1540975e-07
3.6422741e-07
9.3663314e-07
2.0141032e-06
3.7199506e-06
6.0883033e-06
9.1004646e-06
1.2548276e-05
1.6645424e-05
2.1477359e-05
2.7093142e-05
3.3541207e-05
4.0854732e-05
4.9024798e-05
5.7917609e-05
6.7522591e-05
7.8029051e-05
8.9469998e-05
0.00010187431
0.0001152653
0.00012965892
0.00014506209
0.00016147126
0.00017887125
0.00019723482
0.00021652347
0.00023668984
0.00025712253
0.00027642837
0.00029528302
0.00031451664
0.00033530955
0.00035951865
0.00038996926
0.00043024506
0.00048269743
0.00054169581
0.00059704133
0.00066289665
0.00074191633
0.00083697228
0.00095094194
0.0010864484
0.0012456155
0.0014299028
0.0016400539
0.0018761437
0.0021376742
0.0024236561
0.0027326279
0.0030625874
0.0034108391
0.0037737847
0.0041467062
0.0045236143
0.004897241
0.0052592595
0.0056007835
0.005913142
0.0061888352
0.0064224803
0.0066115038
0.0067563563
0.0068601742
0.0069280113
0.0069659287
0.0069802552
0.0069771814
0.0069626172
0.00694208
0.0069204165
0.0069013942
0.0068873885
0.0068792481
0.0068763262
0.0068769341
0.0068792919
0.0068822221
0.0068852892
0.0068886244
0.0068927783
0.0068986837
0.0069077958
0.0069222183
0.0069439634
0.0069712712
0.0070042002
1.1045483e-13
2.1082044e-11
5.374546e-10
5.1587635e-09
2.9149379e-08
1.1768957e-07
3.7101246e-07
9.5250175e-07
2.0440706e-06
3.7675677e-06
6.1552888e-06
9.1870217e-06
1.2651056e-05
1.6771511e-05
2.1630367e-05
2.7276439e-05
3.3757649e-05
4.1106438e-05
4.9311317e-05
5.8230416e-05
6.7874133e-05
7.8422183e-05
8.9907759e-05
0.00010236
0.00011580243
0.00013025132
0.0001457139
0.00016218701
0.00017965594
0.00019809406
0.00021746363
0.00023771851
0.00025832998
0.00027777029
0.00029674039
0.00031609372
0.00033703315
0.00036144309
0.00039218072
0.0004328297
0.00048555841
0.00054392848
0.0005994419
0.00066547038
0.00074467168
0.00083992139
0.00095410253
0.0010898456
0.001249283
0.0014338812
0.0016443869
0.0018808719
0.0021428272
0.0024292451
0.0027386384
0.0030689751
0.0034175267
0.0037806625
0.0041536356
0.0045304345
0.0049037787
0.0052653421
0.0056062528
0.005917868
0.0061927264
0.0064254897
0.0066136275
0.0067576281
0.0068606584
0.0069277957
0.0069651213
0.0069789822
0.0069755836
0.0069608406
0.0069402601
0.0069186611
0.006899776
0.0068859468
0.0068779916
0.0068752306
0.00687595
0.0068783643
0.0068813272
0.0068844203
0.006887791
0.0068920008
0.006898004
0.0069072776
0.0069219329
0.0069439159
0.0069711756
0.0070038728
1.1267329e-13
2.1505488e-11
5.4824162e-10
5.2619088e-09
2.9724633e-08
1.1994087e-07
3.7769787e-07
9.6807873e-07
2.0733532e-06
3.8138856e-06
6.2201425e-06
9.2654317e-06
1.2750357e-05
1.6894934e-05
2.1780551e-05
2.7456453e-05
3.3970277e-05
4.1353784e-05
4.9592734e-05
5.8536345e-05
6.8217995e-05
7.8806665e-05
9.0335745e-05
0.00010283458
0.00011632693
0.00013082928
0.00014634919
0.00016288382
0.00018041891
0.0001989284
0.00021837541
0.00023871506
0.00025951253
0.00027908661
0.00029816934
0.00031764123
0.00033873024
0.00036335175
0.00039439983
0.00043546075
0.00048849031
0.00054608122
0.00060176219
0.00066796417
0.00074734873
0.00084279518
0.00095719135
0.0010931743
0.0012528832
0.0014377907
0.0016486455
0.0018855158
0.002147882
0.0024347183
0.0027445138
0.0030752073
0.0034240395
0.0037873485
0.00416036
0.0045370411
0.0049101003
0.0052712123
0.0056115201
0.0059224085
0.0061964543
0.0064283621
0.0066156436
0.0067588237
0.0068610979
0.0069275659
0.0069643274
0.0069777462
0.0069740406
0.0069591299
0.00693851
0.0069169737
0.00689822
0.0068845587
0.0068767781
0.0068741666
0.0068749892
0.0068774639
0.0068804531
0.0068835696
0.0068869735
0.0068912396
0.0068973337
0.0069067594
0.0069216293
0.00694382
0.0069710207
0.007003509
1.1488422e-13
2.1927478e-11
5.5898482e-10
5.3644863e-09
3.0296111e-08
1.2217474e-07
3.8431499e-07
9.8344041e-07
2.1021225e-06
3.8592365e-06
6.2834631e-06
9.3416321e-06
1.2846967e-05
1.7015409e-05
2.1927655e-05
2.7633233e-05
3.4179498e-05
4.1597487e-05
4.9869889e-05
5.8835946e-05
6.8554776e-05
7.9183206e-05
9.0754753e-05
0.00010329894
0.00011683972
0.00013139378
0.00014696896
0.00016356272
0.0001811612
0.00019973894
0.00021925992
0.00023968072
0.00026067711
0.00028038589
0.00029957895
0.00031916941
0.00034041309
0.00036525966
0.00039664695
0.00043816722
0.00049152789
0.00054815425
0.00060400269
0.00067037859
0.00074994811
0.00084559425
0.00096020898
0.0010964347
0.0012564166
0.0014416317
0.00165283
0.0018900756
0.0021528387
0.0024400763
0.0027502544
0.0030812847
0.0034303781
0.0037938435
0.0041668802
0.0045434357
0.0049162078
0.0052768725
0.0056165882
0.0059267667
0.006200022
0.0064311008
0.0066175557
0.0067599465
0.006861496
0.0069273247
0.0069635494
0.006976549
0.0069725536
0.0069574857
0.0069368301
0.006915354
0.006896725
0.0068832247
0.0068756085
0.0068731358
0.0068740542
0.0068765832
0.0068796025
0.0068827379
0.0068861729
0.0068904914
0.0068966729
0.0069062403
0.0069213059
0.006943675
0.0069708116
0.0070031126
1.1709449e-13
2.2349077e-11
5.6971334e-10
5.466857e-09
3.0865882e-08
1.2439843e-07
3.9088429e-07
9.986385e-07
2.1304707e-06
3.9037698e-06
6.3454844e-06
9.4161311e-06
1.2941435e-05
1.7133347e-05
2.2071966e-05
2.7807088e-05
3.4385763e-05
4.1838204e-05
5.0143638e-05
5.9129904e-05
6.8885233e-05
7.9552593e-05
9.116563e-05
0.00010375396
0.00011734172
0.00013194578
0.00014757417
0.00016422468
0.00018188382
0.00020052672
0.00022011827
0.0002406167
0.00026183115
0.00028167848
0.00030098173
0.00032069207
0.00034209712
0.00036718595
0.00039894749
0.00044098412
0.00049471224
0.00055014753
0.00060616378
0.00067271399
0.00075247012
0.00084831875
0.0009631555
0.001099627
0.001259883
0.0014454039
0.0016569401
0.0018945513
0.0021576972
0.0024453188
0.0027558601
0.0030872071
0.0034365427
0.0038001479
0.0041731973
0.0045496195
0.0049221027
0.0052823251
0.0056214594
0.0059309452
0.0062034325
0.0064337092
0.0066193671
0.0067609997
0.0068618558
0.006927075
0.0069627896
0.0069753924
0.0069711238
0.0069559087
0.0069352204
0.0069138019
0.0068952909
0.0068819423
0.0068744853
0.0068721396
0.0068731468
0.0068757239
0.0068787698
0.006881927
0.0068853909
0.0068897567
0.0068960191
0.0069057196
0.0069209617
0.0069434805
0.0069705531
0.0070026873
1.193019e-13
2.2770122e-11
5.8042759e-10
5.5691156e-09
3.1434866e-08
1.2661551e-07
3.974167e-07
1.0136992e-06
2.1584569e-06
3.9475809e-06
6.4063728e-06
9.4892114e-06
1.3034161e-05
1.7249272e-05
2.2214073e-05
2.797864e-05
3.4589785e-05
4.2076802e-05
5.0414942e-05
5.9418958e-05
6.9210164e-05
7.9915696e-05
9.1569239e-05
0.00010420056
0.00011783388
0.00013248623
0.0001481658
0.00016487065
0.00018258767
0.00020129258
0.00022095126
0.00024152381
0.00026297347
0.00028297796
0.00030239222
0.00032222566
0.00034380234
0.00036915444
0.00040133158
0.00044395235
0.00049808944
0.0005520607
0.00060824526
0.00067497019
0.00075491453
0.00085096841
0.00096603042
0.0011027506
0.0012632817
0.0014491065
0.0016609747
0.0018989414
0.0021624562
0.0024504445
0.0027613298
0.0030929737
0.0034425327
0.0038062615
0.0041793113
0.0045555931
0.0049277864
0.0052875714
0.0056261362
0.0059349468
0.006206689
0.0064361903
0.0066210809
0.0067619865
0.0068621801
0.0069268191
0.0069620502
0.006974278
0.0069697524
0.0069543993
0.0069336811
0.0069123173
0.0068939178
0.0068807127
0.0068734051
0.0068711794
0.0068722691
0.0068748865
0.0068779565
0.006881133
0.0068846238
0.0068890362
0.0068953727
0.0069051951
0.0069205958
0.0069432369
0.0069702516
0.0070022361
1.2151321e-13
2.3191854e-11
5.9116208e-10
5.6715863e-09
3.200451e-08
1.2883125e-07
4.0392655e-07
1.0286485e-06
2.1861252e-06
3.9907649e-06
6.4662715e-06
9.5611118e-06
1.3125498e-05
1.7363668e-05
2.2354587e-05
2.8148645e-05
3.4792449e-05
4.2314302e-05
5.0684938e-05
5.9703933e-05
6.9530454e-05
8.0273386e-05
9.1966512e-05
0.00010463964
0.00011831707
0.00013301593
0.0001487446
0.0001655013
0.00018327329
0.00020203682
0.00022175862
0.00024240011
0.00026392558
0.00028429244
0.00030385296
0.00032380201
0.00034555474
0.00037119502
0.00040383649
0.00044711337
0.00050170146
0.00055389291
0.00061024665
0.00067714665
0.00075728051
0.00085354219
0.00096883268
0.001105804
0.001266611
0.0014527375
0.0016649318
0.0019032439
0.0021671134
0.0024554511
0.0027666614
0.0030985827
0.0034483467
0.0038121834
0.004185222
0.0045613569
0.0049332596
0.0052926133
0.0056306203
0.0059387737
0.006209794
0.006438547
0.0066227002
0.0067629097
0.0068624716
0.0069265597
0.0069613331
0.0069732074
0.0069684403
0.0069529582
0.0069322123
0.0069109
0.0068926047
0.0068795335
0.0068723643
0.0068702486
0.006871412
0.0068740715
0.0068771628
0.0068803566
0.0068838726
0.0068883276
0.0068947313
0.0069046658
0.0069202066
0.0069429435
0.0069699139
0.0070017625
1.2373612e-13
2.3615992e-11
6.0195604e-10
5.7745935e-09
3.25766e-08
1.3105149e-07
4.1043093e-07
1.043531e-06
2.2135612e-06
4.0334492e-06
6.5253811e-06
9.6321562e-06
1.3215911e-05
1.7477132e-05
2.2494285e-05
2.8318064e-05
3.4994929e-05
4.2552117e-05
5.0955165e-05
5.9985633e-05
6.9846885e-05
8.0626487e-05
9.235822e-05
0.00010507193
0.00011879196
0.0001335355
0.00014931102
0.00016611696
0.00018394087
0.00020275949
0.00022254046
0.00024324668
0.00026484512
0.00028564644
0.00030538555
0.00032545324
0.00034738797
0.00037334287
0.00040650037
0.00045051254
0.00050559229
0.00055564289
0.0006121667
0.00067924204
0.00075956666
0.00085603843
0.00097156
0.0011087846
0.0012698682
0.0014562938
0.001668808
0.0019074551
0.0021716653
0.0024603355
0.0027718519
0.0031040314
0.0034539826
0.0038179121
0.0041909285
0.0045669108
0.004938523
0.0052974515
0.0056349137
0.0059424282
0.00621275
0.0064407821
0.0066242278
0.0067637723
0.0068627332
0.0069262991
0.0069606403
0.0069721821
0.0069671884
0.0069515857
0.0069308141
0.0069095497
0.0068913518
0.006878406
0.0068713661
0.0068693523
0.006870583
0.006873279
0.0068763889
0.0068795981
0.0068831387
0.006887632
0.0068940948
0.0069041322
0.0069197941
0.0069426014
0.0069695484
0.0070012702
1.2598443e-13
2.4044587e-11
6.1285428e-10
5.8784803e-09
3.3152999e-08
1.3328495e-07
4.1695262e-07
1.0583978e-06
2.2408627e-06
4.0757976e-06
6.5839536e-06
9.7027325e-06
1.3305914e-05
1.759034e-05
2.2634004e-05
2.8487913e-05
3.519843e-05
4.2791749e-05
5.1227272e-05
6.0264936e-05
7.0160324e-05
8.0975766e-05
9.2745048e-05
0.00010549801
0.00011925899
0.00013404519
0.00014986522
0.00016671762
0.00018459023
0.00020346037
0.00022329659
0.00024406355
0.00026573222
0.00028706718
0.00030701548
0.00032720699
0.00034933144
0.00037563483
0.00040939613
0.0004541958
0.00050877842
0.00055731256
0.0006140037
0.00068125424
0.00076177059
0.00085845432
0.00097420938
0.0011116891
0.001273049
0.0014597711
0.0016725986
0.0019115703
0.0021761073
0.0024650931
0.0027768971
0.0031093163
0.0034594375
0.0038234456
0.0041964296
0.0045722542
0.0049435769
0.0053020873
0.005639018
0.0059459126
0.0062155593
0.0064428982
0.0066256662
0.0067645767
0.0068629671
0.0069260394
0.0069599737
0.0069712033
0.0069659978
0.0069502825
0.0069294867
0.0069082664
0.006890158
0.006877327
0.0068704056
0.006868491
0.0068697811
0.0068725095
0.006875635
0.0068788574
0.0068824187
0.0068869469
0.0068934633
0.0069035927
0.0069193584
0.0069422118
0.0069691649
0.0070007636
1.2826044e-13
2.4478486e-11
6.2389519e-10
5.9836989e-09
3.3735692e-08
1.3553819e-07
4.2351419e-07
1.0732955e-06
2.2681237e-06
4.1179725e-06
6.6422421e-06
9.7733045e-06
1.3396153e-05
1.7704122e-05
2.2774791e-05
2.8659581e-05
3.5404959e-05
4.3035266e-05
5.1498869e-05
6.0542375e-05
7.0471158e-05
8.1321484e-05
9.3127108e-05
0.0001059178
0.00011971789
0.00013454459
0.00015040651
0.00016730239
0.00018522036
0.00020413823
0.00022402568
0.00024484953
0.00026658585
0.00028858356
0.00030877178
0.00032909341
0.00035141393
0.0003781118
0.0004126065
0.00045815148
0.00051025816
0.00055890497
0.00061575526
0.00068318031
0.00076388901
0.00086078626
0.00097677657
0.0011145126
0.0012761483
0.0014631635
0.0016762977
0.0019155835
0.0021804334
0.0024697185
0.0027817923
0.0031144333
0.0034647081
0.0038287811
0.0042017235
0.0045773863
0.004948421
0.0053065213
0.0056429339
0.0059492281
0.0062182242
0.0064448977
0.0066270181
0.0067653257
0.0068631758
0.0069257828
0.006959335
0.0069702725
0.0069648692
0.0069490488
0.0069282301
0.0069070497
0.0068890231
0.0068762971
0.006869484
0.0068676654
0.0068690074
0.0068717646
0.0068749023
0.0068781345
0.0068817132
0.0068862722
0.0068928348
0.006903046
0.0069188984
0.0069417763
0.0069687756
0.0070002478
1.3058256e-13
2.4921244e-11
6.3515979e-10
6.0909841e-09
3.4329296e-08
1.378277e-07
4.301577e-07
1.0883208e-06
2.2955227e-06
4.1602897e-06
6.7007016e-06
9.84451e-06
1.3487434e-05
1.7819487e-05
2.291803e-05
2.8835226e-05
3.5617217e-05
4.3281618e-05
5.1744569e-05
6.0818846e-05
7.077994e-05
8.1663883e-05
9.3504317e-05
0.00010633095
0.00012016802
0.00013503272
0.00015093369
0.00016786977
0.0001858294
0.00020479103
0.00022472544
0.00024560195
0.00026740269
0.0002901579
0.00031067042
0.00033112294
0.00035364559
0.00038078187
0.00041608758
0.00046230464
0.00051164712
0.00056041477
0.00061741842
0.00068501642
0.00076591774
0.00086302944
0.0009792562
0.0011172491
0.0012791595
0.001466464
0.0016798979
0.0019194876
0.0021846368
0.002474205
0.0027865314
0.0031193772
0.00346979
0.0038339156
0.0042068078
0.0045823055
0.0049530548
0.0053107534
0.0056466626
0.0059523763
0.0062207463
0.0064467823
0.0066282857
0.0067660212
0.0068633615
0.0069255313
0.0069587259
0.0069693909
0.0069638034
0.0069478853
0.0069270444
0.0069058997
0.0068879471
0.0068753166
0.0068686009
0.0068668666
0.0068682626
0.0068710461
0.0068741925
0.00687743
0.0068810224
0.006885608
0.006892209
0.0069024914
0.006918415
0.006941298
0.0069683953
0.0069997294
1.3295312e-13
2.5373578e-11
6.4666202e-10
6.2004219e-09
3.4934283e-08
1.4015655e-07
4.3689184e-07
1.1034942e-06
2.3231083e-06
4.2028396e-06
6.7595311e-06
9.9170013e-06
1.3580723e-05
1.7937771e-05
2.3065478e-05
2.9016874e-05
3.583744e-05
4.3535752e-05
5.198873e-05
6.1093123e-05
7.1085315e-05
8.2001374e-05
9.3874794e-05
0.00010673519
0.00012060675
0.00013550661
0.00015144341
0.00016841616
0.00018641353
0.00020541453
0.00022539109
0.00024631474
0.00026817143
0.00029099177
0.00031269647
0.00033335326
0.00035603007
0.00038361272
0.00041973298
0.00046653296
0.0005129443
0.0005618369
0.00061898921
0.00068675804
0.00076785145
0.00086517792
0.00098164153
0.001119891
0.0012820745
0.0014696645
0.0016833909
0.0019232741
0.0021887094
0.0024785454
0.0027911078
0.003124142
0.0034746782
0.0038388445
0.0042116792
0.0045870094
0.0049574767
0.005314783
0.0056502041
0.0059553578
0.0062231271
0.0064485543
0.0066294709
0.0067666655
0.0068635262
0.0069252866
0.0069581479
0.0069685597
0.0069628014
0.0069467921
0.0069259298
0.0069048164
0.0068869301
0.0068743859
0.0068677567
0.0068660968
0.0068675393
0.0068703451
0.0068735012
0.0068767446
0.0068803468
0.0068849544
0.0068915855
0.0069019285
0.0069179079
0.0069407798
0.0069680425
0.0069992151
1.3542919e-13
2.5845285e-11
6.5863946e-10
6.3142064e-09
3.5561901e-08
1.4256716e-07
4.43844e-07
1.1191043e-06
2.3514012e-06
4.2463987e-06
6.8197266e-06
9.9916618e-06
1.3676859e-05
1.8059684e-05
2.3217559e-05
2.9204489e-05
3.6065348e-05
4.3798316e-05
5.223182e-05
6.1364974e-05
7.1386616e-05
8.2332728e-05
9.4236744e-05
0.00010712825
0.00012103126
0.00013596292
0.00015193189
0.00016893728
0.00018696802
0.00020600369
0.00022601725
0.00024698224
0.00026888814
0.00029177058
0.0003147976
0.00033568794
0.00035849107
0.00038649956
0.00042339618
0.00047067413
0.00051414757
0.000563166
0.0006204628
0.00068839958
0.00076968388
0.00086722466
0.00098392478
0.0011224301
0.0012848843
0.0014727552
0.001686767
0.0019269335
0.0021926418
0.0024827307
0.0027955131
0.0031287202
0.0034793659
0.0038435622
0.0042163327
0.004591494
0.0049616836
0.005318608
0.0056535572
0.0059581724
0.0062253667
0.0064502142
0.0066305752
0.0067672603
0.0068636716
0.0069250505
0.0069576024
0.00696778
0.0069618638
0.00694577
0.0069248863
0.0069037994
0.006885971
0.0068735025
0.0068669518
0.0068653561
0.0068668389
0.0068696627
0.0068728258
0.0068760746
0.0068796832
0.0068843089
0.006890964
0.0069013568
0.0069173779
0.006940227
0.0069677387
0.0069987168
1.3794672e-13
2.6324461e-11
6.707901e-10
6.4295295e-09
3.6196608e-08
1.4499621e-07
4.5082725e-07
1.1347492e-06
2.379727e-06
4.2900524e-06
6.8802641e-06
1.0069484e-05
1.3777967e-05
1.8188592e-05
2.3379521e-05
2.9406419e-05
3.6314038e-05
4.4085281e-05
5.2468174e-05
6.1628474e-05
7.1677414e-05
8.2651104e-05
9.4583024e-05
0.0001075026
0.00012143387
0.0001363939
0.00015239136
0.00016942545
0.00018748536
0.00020655114
0.00022659675
0.00024759752
0.00026954626
0.0002924849
0.00031657141
0.00033799164
0.00036092982
0.00038936894
0.00042691294
0.0004724341
0.00051525826
0.00056439612
0.00062183326
0.00068993466
0.00077140788
0.00086916155
0.00098609703
0.0011248565
0.0012875786
0.0014757253
0.0016900149
0.0019304542
0.0021964226
0.0024867494
0.0027997362
0.003133101
0.0034838429
0.0038480592
0.0042207599
0.0045957521
0.0049656696
0.0053222235
0.0056567185
0.0059608182
0.0062274645
0.0064517623
0.0066315996
0.0067678069
0.0068637994
0.0069248246
0.006957091
0.0069670529
0.0069609915
0.0069448193
0.0069239144
0.0069028489
0.00688507
0.0068726674
0.0068661853
0.0068646462
0.0068661626
0.0068690029
0.0068721697
0.006875421
0.0068790337
0.0068836732
0.006890344
0.006900776
0.0069168262
0.0069396469
0.006967511
0.0069982174
1.4072741e-13
2.6853523e-11
6.8421084e-10
6.5567419e-09
3.6895269e-08
1.4766162e-07
4.5844766e-07
1.1516978e-06
2.4101653e-06
4.3365571e-06
6.9441519e-06
1.0149671e-05
1.3881103e-05
1.8319355e-05
2.354345e-05
2.9611593e-05
3.6567624e-05
4.4363331e-05
5.2696866e-05
6.1881254e-05
7.1954277e-05
8.2952131e-05
9.4908292e-05
0.00010785223
0.00012180795
0.00013679247
0.00015281444
0.00016987316
0.00018795804
0.00020704949
0.00022712232
0.00024815342
0.00027013821
0.00029312273
0.00031726152
0.00034003683
0.00036315917
0.00039197348
0.0004300165
0.00047337742
0.00051627067
0.00056552111
0.00062309402
0.00069135611
0.00077301512
0.00087097939
0.0009881479
0.0011271585
0.0012901442
0.0014785605
0.001693119
0.0019338197
0.0022000344
0.0024905838
0.0028037596
0.0031372672
0.003488093
0.0038523205
0.0042249475
0.0045997721
0.0049694251
0.0053256225
0.0056596825
0.0059632911
0.006229418
0.0064531976
0.0066325434
0.0067683056
0.0068639102
0.0069246098
0.0069566146
0.0069663796
0.0069601854
0.0069439406
0.0069230143
0.0069019652
0.0068842276
0.0068718811
0.0068654589
0.0068639685
0.0068655146
0.006868367
0.0068715351
0.0068747864
0.0068783984
0.0068830477
0.0068897256
0.0069001862
0.0069162535
0.0069390469
0.0069673654
0.0069977843
1.4328324e-13
2.7337766e-11
6.9644659e-10
6.6724186e-09
3.7528807e-08
1.5007539e-07
4.653617e-07
1.1671481e-06
2.4381195e-06
4.3796943e-06
7.0041947e-06
1.0237958e-05
1.3997829e-05
1.8469345e-05
2.3735295e-05
2.9857292e-05
3.6860586e-05
4.4549784e-05
5.2903446e-05
6.2108481e-05
7.2202336e-05
8.3221185e-05
9.5198432e-05
0.00010816348
0.00012214034
0.00013714598
0.0001531891
0.00017026896
0.00018837515
0.00020748837
0.00022758406
0.00024864032
0.00027065469
0.00029367628
0.00031786056
0.00034191359
0.00036524748
0.00039440731
0.00043284504
0.00047420889
0.0005171757
0.0005665326
0.00062423606
0.00069265379
0.0007744943
0.00087266473
0.00099006161
0.001129318
0.0012925605
0.0014812377
0.0016960545
0.0019370038
0.0022034508
0.0024942081
0.0028075582
0.0031411962
0.0034920963
0.0038563291
0.0042288815
0.0046035428
0.0049729415
0.0053287981
0.0056624446
0.005965588
0.006231225
0.0064545182
0.006633406
0.006768756
0.006864004
0.0069244063
0.0069561735
0.0069657604
0.0069594459
0.0069431347
0.0069221869
0.006901149
0.0068834439
0.0068711425
0.006864769
0.0068633187
0.0068648894
0.0068677505
0.0068709189
0.0068741679
0.0068777784
0.006882431
0.0068891095
0.0068995868
0.0069156616
0.0069384318
0.006967193
0.0069970885
1.4651148e-13
2.79464e-11
7.1171068e-10
6.8149535e-09
3.8296279e-08
1.5292713e-07
4.7325757e-07
1.1840907e-06
2.4674664e-06
4.423069e-06
7.0622221e-06
1.0313027e-05
1.4095118e-05
1.8593577e-05
2.3893582e-05
3.0058491e-05
3.7094867e-05
4.4708056e-05
5.3078348e-05
6.230003e-05
7.2410928e-05
8.3447055e-05
9.5441883e-05
0.00010842475
0.00012241951
0.00013744316
0.00015350428
0.00017060208
0.00018872627
0.00020785768
0.00022797214
0.0002490487
0.00027108636
0.00029413671
0.00031835734
0.00034303956
0.00036652588
0.00039591783
0.00043455551
0.00047492218
0.00051796206
0.00056741877
0.00062524568
0.00069381203
0.00077582688
0.00087419667
0.00099181497
0.0011313099
0.0012948019
0.0014837324
0.0016987995
0.0019399893
0.0022066599
0.002497617
0.0028111339
0.003144896
0.0034958658
0.0038601025
0.0042325816
0.0046070858
0.0049762399
0.0053317703
0.0056650213
0.005967722
0.0062328953
0.0064557308
0.0066341908
0.0067691593
0.0068640805
0.0069242131
0.0069557666
0.0069651943
0.0069587727
0.0069424017
0.0069214331
0.0069004021
0.0068827215
0.0068704554
0.0068641202
0.0068627023
0.0068642917
0.0068671593
0.0068703254
0.0068735693
0.0068771755
0.0068818263
0.0068884979
0.0068989802
0.0069150545
0.0069377819
0.0069660974
1.4930858e-13
2.8456628e-11
7.2401247e-10
6.9256644e-09
3.8871982e-08
1.5499429e-07
4.78794e-07
1.19562e-06
2.4869992e-06
4.4516681e-06
7.1006855e-06
1.0394421e-05
1.4202066e-05
1.8728739e-05
2.4064688e-05
3.0269164e-05
3.7247698e-05
4.4820551e-05
5.3204239e-05
6.2439593e-05
7.2564565e-05
8.3615354e-05
9.5625292e-05
0.00010862361
0.00012263421
0.00013767386
0.00015375111
0.00017086509
0.00018900549
0.00020815308
0.0002282839
0.00024937759
0.00027143413
0.00029450688
0.00031875643
0.00034451479
0.00036821329
0.00039793356
0.00043687188
0.00047553114
0.00051864487
0.00056819851
0.00062614697
0.00069486192
0.00077705363
0.00087562846
0.0009934769
0.0011332221
0.0012969771
0.0014861751
0.0017015049
0.0019429456
0.0022098466
0.0025010057
0.0028146877
0.0031485687
0.0034995999
0.0038638305
0.0042362261
0.0046105622
0.004979463
0.00533466
0.0056675131
0.0059697723
0.0062344877
0.0064568767
0.0066349243
0.0067695303
0.0068641459
0.0069240303
0.0069553905
0.0069646762
0.0069581603
0.006941737
0.0069207497
0.0068997233
0.0068820616
0.0068698233
0.0068635194
0.0068621272
0.0068637305
0.0068666013
0.0068697632
0.0068730008
0.0068766008
0.0068812446
0.0068879027
0.0068983793
0.006914446
0.0069370978
0.0069650607
1.4602756e-13
2.7837727e-11
7.0834333e-10
6.7769589e-09
3.8071826e-08
1.5212115e-07
4.7143004e-07
1.1816128e-06
2.4663731e-06
4.4267269e-06
7.0749695e-06
1.0387734e-05
1.4204421e-05
1.8741085e-05
2.4090977e-05
3.0309179e-05
3.7255515e-05
4.4836275e-05
5.3229622e-05
6.247497e-05
7.2610628e-05
8.3673196e-05
9.5695074e-05
0.00010870587
0.00012272986
0.00013778281
0.00015387366
0.00017100219
0.00018915621
0.00020831806
0.00022846386
0.0002495725
0.00027164554
0.00029473719
0.0003190097
0.00034467647
0.00036844644
0.0003982808
0.00043733443
0.0004759313
0.00051909572
0.00056871558
0.00062674689
0.00069556303
0.00077787523
0.00087659013
0.00099459627
0.0011345134
0.0012984494
0.0014878324
0.0017033449
0.0019449607
0.0022120212
0.0025033217
0.0028171183
0.0031510812
0.0035021531
0.0038663755
0.0042387064
0.0046129191
0.0049816345
0.0053365907
0.0056691579
0.0059711033
0.0062354957
0.006457572
0.006635333
0.0067696881
0.0068640925
0.0069238048
0.00695503
0.0069642153
0.0069576312
0.0069411684
0.0069201642
0.0068991363
0.0068814832
0.0068692617
0.0068629807
0.0068616103
0.0068632282
0.0068661047
0.0068692659
0.0068725003
0.0068760948
0.0068807343
0.0068873802
0.006897848
0.0069139097
0.0069364804
0.0069641506
1.4392834e-13
2.7458222e-11
6.9909069e-10
6.6902409e-09
3.7567527e-08
1.5006639e-07
4.6533169e-07
1.1684633e-06
2.4450515e-06
4.3992742e-06
7.045066e-06
1.0358789e-05
1.4184592e-05
1.8727786e-05
2.4088845e-05
3.03187e-05
3.7249855e-05
4.4838071e-05
5.3239332e-05
6.2493432e-05
7.2638454e-05
8.3710906e-05
9.5743803e-05
0.00010876577
0.00012280103
0.0001378665
0.00015397035
0.00017111104
0.00018927872
0.0002084544
0.00022861324
0.00024973671
0.00027182588
0.00029493583
0.00031923086
0.00034506474
0.00036918075
0.00039913844
0.00043804631
0.0004762849
0.00051949335
0.00056917178
0.0006272751
0.00069617808
0.00077859329
0.00087742536
0.0009955646
0.0011356238
0.0012997109
0.0014892444
0.0017049077
0.0019466618
0.0022138554
0.0025052675
0.0028191555
0.0031531779
0.0035042804
0.0038684899
0.0042407646
0.0046148639
0.0049834206
0.0053381717
0.0056704989
0.0059721815
0.0062363061
0.0064581249
0.0066356505
0.0067697999
0.0068640308
0.0069236008
0.0069547129
0.0069638127
0.0069571693
0.0069406705
0.0069196489
0.0068986164
0.0068809672
0.0068687568
0.0068624922
0.0068611374
0.0068627649
0.0068656439
0.006868802
0.0068720309
0.0068756184
0.0068802507
0.0068868819
0.0068973354
0.0069133901
0.0069358663
0.0069631642
1.4291085e-13
2.7254661e-11
6.9410869e-10
6.6439528e-09
3.730689e-08
1.4889834e-07
4.6134374e-07
1.158329e-06
2.4263664e-06
4.3727001e-06
7.0138751e-06
1.0326598e-05
1.4150573e-05
1.8695594e-05
2.4060917e-05
3.0293753e-05
3.7232133e-05
4.4829635e-05
5.323919e-05
6.2501038e-05
7.2654927e-05
8.3736249e-05
9.5778616e-05
0.00010881098
0.00012285722
0.00013793397
0.00015404938
0.00017120247
0.00018938259
0.00020857035
0.00022874307
0.00024988099
0.000271985
0.0002951132
0.00031943003
0.00034528702
0.00036975253
0.00039981133
0.00043834183
0.00047660333
0.00051985295
0.00056958303
0.0006277503
0.00069672996
0.00077923688
0.00087817388
0.00099642738
0.0011366148
0.0013008301
0.0014904992
0.0017062892
0.0019481702
0.0022154748
0.002506984
0.002820952
0.0031550303
0.0035061516
0.0038703438
0.0042425569
0.0046165565
0.0049849651
0.0053395297
0.0056716374
0.0059730843
0.0062369718
0.0064585616
0.0066358814
0.0067698514
0.0068639304
0.0069233755
0.0069543877
0.0069634113
0.006956714
0.0069401815
0.0069191425
0.0068981036
0.0068804557
0.0068682535
0.0068620029
0.0068606625
0.0068622992
0.0068651806
0.0068683357
0.0068715594
0.0068751397
0.006879764
0.0068863796
0.0068968159
0.0069128631
0.0069352371
0.0069621237
1.4205926e-13
2.7105051e-11
6.9032391e-10
6.6101903e-09
3.7130716e-08
1.4818484e-07
4.5879045e-07
1.151086e-06
2.4110705e-06
4.3485637e-06
6.9831077e-06
1.0290302e-05
1.4113396e-05
1.8660278e-05
2.4028943e-05
3.0263396e-05
3.7205472e-05
4.4807944e-05
5.3228219e-05
6.2497907e-05
7.2659391e-05
8.3748876e-05
9.5799757e-05
0.00010884194
0.00012289799
0.00013798474
0.00015411115
0.00017127565
0.00018946706
0.0002086677
0.00022885293
0.0002500039
0.00027212408
0.0002952694
0.00031960684
0.00034548684
0.00037025409
0.00040041097
0.00043860574
0.0004768886
0.00052017284
0.00056994842
0.00062817225
0.00069722079
0.0007798048
0.00087883321
0.00099718688
0.0011374791
0.0013018103
0.0014915908
0.0017074945
0.0019494801
0.0022168811
0.0025084747
0.0028225035
0.0031566251
0.0035077601
0.0038719348
0.0042440928
0.004617993
0.0049862665
0.0053406611
0.0056725735
0.0059738126
0.0062374888
0.0064588838
0.0066360253
0.006769841
0.006863791
0.0069231289
0.0069540544
0.0069630107
0.0069562651
0.0069397015
0.0069186449
0.0068975978
0.0068799484
0.0068677517
0.0068615129
0.0068601855
0.0068618309
0.0068647148
0.0068678672
0.0068710856
0.0068746586
0.0068792741
0.0068858735
0.0068962896
0.0069123279
0.006934594
0.0069610515
1.4148274e-13
2.6992252e-11
6.8764413e-10
6.5843941e-09
3.6995287e-08
1.4767227e-07
4.5703662e-07
1.1459088e-06
2.3990086e-06
4.3272769e-06
6.953493e-06
1.0248516e-05
1.4070172e-05
1.8618449e-05
2.3988421e-05
3.0222871e-05
3.7171863e-05
4.4777578e-05
5.3202275e-05
6.2481444e-05
7.2651774e-05
8.374894e-05
9.5807922e-05
0.00010885782
0.0001229231
0.00013801991
0.00015415598
0.00017133061
0.00018953335
0.00020874526
0.00022894288
0.00025010705
0.00027224149
0.00029540419
0.00031976257
0.00034566287
0.00037076267
0.00040100998
0.00043883923
0.00047713878
0.00052045367
0.00057026898
0.00062854189
0.00069764656
0.00078029873
0.00087940065
0.00099783972
0.001138224
0.0013026454
0.0014925213
0.0017085181
0.0019505911
0.0022180688
0.0025097303
0.0028238151
0.0031579673
0.0035091084
0.0038732612
0.0042453616
0.0046191754
0.004987321
0.0053415642
0.0056733058
0.0059743624
0.0062378619
0.0064590875
0.0066360808
0.0067697703
0.0068636122
0.0069228606
0.0069537127
0.0069626111
0.0069558226
0.0069392302
0.0069181561
0.006897099
0.0068794454
0.0068672512
0.006861022
0.0068597063
0.0068613601
0.0068642464
0.0068673963
0.0068706094
0.0068741751
0.0068787809
0.0068853634
0.0068957564
0.0069117843
0.0069339387
0.006959949
1.4107336e-13
2.6907893e-11
6.8542799e-10
6.5645367e-09
3.6894119e-08
1.4730325e-07
4.5588597e-07
1.142349e-06
2.3898901e-06
4.309322e-06
6.9257081e-06
1.0204141e-05
1.4021167e-05
1.8568353e-05
2.3937388e-05
3.0168988e-05
3.7131663e-05
4.4739291e-05
5.3167346e-05
6.2451186e-05
7.2627733e-05
8.3735674e-05
9.5802281e-05
0.00010885986
0.00012293315
0.00013803806
0.00015418338
0.00017136782
0.00018958077
0.0002088035
0.0002290124
0.00025018992
0.00027233823
0.00029551775
0.00031989579
0.00034581686
0.00037126475
0.00040161461
0.00043904137
0.00047735474
0.00052069465
0.00057054434
0.00062885657
0.00069800982
0.00078071544
0.00087988066
0.00099838621
0.0011388402
0.0013033391
0.0014932887
0.0017093574
0.0019514988
0.0022190421
0.002510757
0.0028248769
0.0031590506
0.0035101931
0.0038743214
0.0042463665
0.0046200939
0.0049881324
0.005342238
0.0056738315
0.005974735
0.0062380844
0.0064591753
0.0066360492
0.0067696366
0.0068633939
0.0069225706
0.0069533626
0.0069622121
0.0069553864
0.0069387676
0.0069176758
0.006896607
0.0068789464
0.006866752
0.0068605302
0.006859225
0.0068608867
0.0068637755
0.006866923
0.006870131
0.0068736892
0.0068782845
0.0068848495
0.0068952163
0.006911232
0.0069332727
0.0069588127
1.4066089e-13
2.683516e-11
6.8367366e-10
6.5488873e-09
3.6817655e-08
1.4705412e-07
4.5514588e-07
1.1400759e-06
2.383326e-06
4.2946534e-06
6.9005242e-06
1.0158854e-05
1.3969492e-05
1.8513694e-05
2.3879136e-05
3.0105812e-05
3.7085158e-05
4.4693452e-05
5.3123837e-05
6.2411384e-05
7.2592651e-05
8.3705266e-05
9.5779424e-05
0.00010884746
0.00012292767
0.00013804073
0.00015419412
0.00017138703
0.00018960971
0.00020884255
0.00022906266
0.00025025183
0.00027241454
0.00029561028
0.00032000701
0.00034594789
0.00037176735
0.00040220468
0.00043921261
0.00047753622
0.00052089688
0.00057077361
0.00062911848
0.00069830852
0.00078105727
0.0008802673
0.00099882416
0.0011393332
0.0013038856
0.0014938915
0.0017100135
0.0019522075
0.0022197922
0.0025115429
0.0028256918
0.0031598768
0.0035110152
0.0038751083
0.0042471044
0.0046207542
0.004988693
0.0053426849
0.0056741499
0.0059749289
0.0062381582
0.0064591436
0.0066359284
0.0067694412
0.0068631357
0.0069222585
0.0069530038
0.0069618138
0.0069549564
0.0069383135
0.006917204
0.0068961215
0.0068784513
0.0068662539
0.0068600373
0.0068587414
0.0068604105
0.0068633019
0.0068664473
0.0068696501
0.0068732008
0.0068777847
0.0068843316
0.0068946692
0.0069106706
0.0069325978
0.0069576467
1.4041596e-13
2.6785543e-11
6.824438e-10
6.5382916e-09
3.6764122e-08
1.4688119e-07
4.5468976e-07
1.1386902e-06
2.3788058e-06
4.2831758e-06
6.8785438e-06
1.0113926e-05
1.3915309e-05
1.8455357e-05
2.3815591e-05
3.0036572e-05
3.7032745e-05
4.4640591e-05
5.3072138e-05
6.2362185e-05
7.2546921e-05
8.3663184e-05
9.5742228e-05
0.00010881524
0.00012290316
0.00013802633
0.0001541875
0.00017138924
0.00018962015
0.00020886221
0.00022909305
0.00025029404
0.00027247037
0.00029568201
0.00032009723
0.00034605599
0.0003722635
0.00040279122
0.00043935294
0.00047768337
0.00052105969
0.00057095689
0.00062932633
0.0006985432
0.00078132144
0.00088056523
0.00099915469
0.0011396982
0.0013042872
0.0014943267
0.0017104845
0.001952707
0.0022203245
0.002512094
0.0028262569
0.003160443
0.0035115614
0.0038756296
0.004247571
0.0046211526
0.0049890031
0.0053428957
0.0056742628
0.0059749405
0.0062380826
0.006458993
0.0066357182
0.0067691831
0.0068628371
0.006921924
0.0069526361
0.0069614158
0.0069545322
0.0069378679
0.0069167405
0.0068956426
0.0068779601
0.0068657568
0.0068595432
0.0068582554
0.0068599316
0.0068628257
0.0068659692
0.0068691668
0.0068727099
0.0068772816
0.0068838097
0.0068941153
0.0069101
0.0069319162
0.0069564839
1.4027234e-13
2.6752302e-11
6.8148106e-10
6.5298095e-09
3.6725596e-08
1.4677429e-07
4.5449167e-07
1.1380688e-06
2.3761346e-06
4.2746622e-06
6.8597887e-06
1.0070103e-05
1.3859482e-05
1.8393147e-05
2.3747223e-05
2.9961022e-05
3.69753e-05
4.4581685e-05
5.3012938e-05
6.2304014e-05
7.2490913e-05
8.3609943e-05
9.5693007e-05
0.00010877004
0.00012286291
0.00013799141
0.00015415954
0.00017137165
0.00018961214
0.00020886305
0.00022910418
0.00025031655
0.00027250577
0.0002957327
0.00032016592
0.00034614228
0.00037275719
0.00040336029
0.00043946256
0.00047779628
0.00052118333
0.00057109466
0.00062947977
0.00069871439
0.00078150924
0.00088076934
0.00099937644
0.0011399363
0.0013045404
0.0014945972
0.0017107669
0.0019530047
0.0022206286
0.0025124088
0.0028265681
0.0031607418
0.0035118467
0.0038758723
0.004247768
0.0046212826
0.0049890608
0.005342877
0.0056741629
0.0059747706
0.0062378551
0.0064587231
0.0066354172
0.0067688613
0.0068624978
0.0069215669
0.0069522592
0.006961018
0.0069541139
0.0069374304
0.0069162851
0.00689517
0.0068774724
0.0068652605
0.0068590478
0.0068577669
0.0068594499
0.0068623467
0.0068654885
0.0068686809
0.0068722164
0.0068767749
0.0068832837
0.0068935545
0.0069095198
0.0069312316
0.0069555194
1.4007097e-13
2.6722943e-11
6.8073707e-10
6.5238247e-09
3.6701752e-08
1.4672749e-07
4.5445438e-07
1.1379474e-06
2.3748098e-06
4.2687928e-06
6.8443584e-06
1.0028469e-05
1.3803063e-05
1.8327518e-05
2.3673511e-05
2.9880571e-05
3.6913101e-05
4.4516845e-05
5.2946823e-05
6.2237841e-05
7.2425772e-05
8.3546386e-05
9.5631825e-05
0.00010871172
0.00012280869
0.0001379413
0.00015411526
0.00017133324
0.00018958086
0.00020884035
0.00022909473
0.0002503188
0.00027252097
0.00029576317
0.00032021305
0.00034620659
0.00037323966
0.00040393237
0.00043954146
0.00047787532
0.00052126754
0.00057118676
0.00062958005
0.00069882014
0.00078162005
0.00088088189
0.00099948909
0.0011400466
0.0013046463
0.0014946976
0.0017108618
0.0019530924
0.0022207099
0.0025124777
0.002826624
0.0031607828
0.0035118512
0.0038758447
0.0042476875
0.0046211481
0.0049888659
0.0053426195
0.0056738504
0.0059744184
0.006237475
0.0064583305
0.0066350259
0.0067684753
0.0068621173
0.0069211867
0.0069518729
0.0069606201
0.0069537011
0.0069370009
0.0069158376
0.0068947035
0.0068769881
0.0068647649
0.006858551
0.0068572758
0.0068589653
0.0068618648
0.0068650052
0.0068681925
0.0068717203
0.0068762647
0.0068827537
0.0068929868
0.0069089304
0.0069305449
0.0069556123
0.0070415087
1.3996209e-13
2.669841e-11
6.8026e-10
6.5193563e-09
3.668288e-08
1.4669028e-07
4.5449915e-07
1.1381879e-06
2.3745137e-06
4.2649917e-06
6.8320163e-06
9.9896811e-06
1.374717e-05
1.8259637e-05
2.3596428e-05
2.9795707e-05
3.6833957e-05
4.4447012e-05
5.2874456e-05
6.2164448e-05
7.2352332e-05
8.3473271e-05
9.5559889e-05
0.00010864172
0.00012274143
0.000137877
0.00015405533
0.00017127822
0.00018953212
0.00020879931
0.00022906191
0.00025029647
0.00027251118
0.00029577017
0.00032023943
0.00034624923
0.00037373151
0.00040450729
0.00043959052
0.00047792036
0.00052131295
0.00057123353
0.00062962613
0.00069886253
0.00078165332
0.00088090223
0.00099949135
0.0011400273
0.0013046034
0.0014946278
0.0017107669
0.0019529718
0.0022205621
0.0025123054
0.0028264242
0.0031605506
0.0035115846
0.003875534
0.0042473332
0.0046207448
0.0049884116
0.0053421232
0.0056733274
0.0059738781
0.006236941
0.0064578166
0.0066345419
0.0067680243
0.0068616949
0.006920783
0.0069514768
0.0069602218
0.0069532936
0.0069365791
0.0069153979
0.0068942429
0.006876507
0.0068642697
0.0068580525
0.006856782
0.0068584777
0.0068613801
0.0068645192
0.0068677013
0.0068712214
0.0068757508
0.0068822196
0.0068924124
0.0069083318
0.0069298529
0.0069555902
0.0070400947
1.398185e-13
2.667464e-11
6.796888e-10
6.5155282e-09
3.6667531e-08
1.4667774e-07
4.5461648e-07
1.1386982e-06
2.3750015e-06
4.262994e-06
6.8226564e-06
9.9550191e-06
1.3693126e-05
1.8191174e-05
2.3516761e-05
2.9707211e-05
3.6739037e-05
4.4372813e-05
5.2796492e-05
6.2084108e-05
7.2270579e-05
8.3390923e-05
9.5477868e-05
0.00010856025
0.00012266142
0.00013779923
0.00015398085
0.00017120733
0.00018946649
0.00020874039
0.00022901057
0.00025025521
0.00027248208
0.00029575506
0.00032024
0.00034626584
0.00037425307
0.00040510905
0.00043960726
0.00047793138
0.00052131921
0.0005712345
0.00062961763
0.00069883925
0.00078160855
0.00088082886
0.00099938287
0.0011398787
0.0013044093
0.0014943874
0.0017104784
0.0019526378
0.0022201844
0.0025118842
0.0028259648
0.0031600459
0.0035110402
0.0038749442
0.0042466952
0.0046200654
0.0049876981
0.0053413881
0.0056725857
0.0059731524
0.0062362492
0.0064571781
0.0066339646
0.006767508
0.0068612298
0.0069203552
0.0069510704
0.0069598229
0.006952891
0.006936165
0.0069149655
0.006893788
0.006876029
0.0068637748
0.0068575523
0.0068562854
0.0068579869
0.0068608923
0.0068640304
0.0068672075
0.0068707197
0.0068752333
0.0068816812
0.0068918311
0.0069077241
0.0069291543
0.0069554716
0.0070386587
1.3973792e-13
2.6658032e-11
6.7926781e-10
6.5121512e-09
3.6656137e-08
1.4666714e-07
4.5473556e-07
1.1392736e-06
2.3759297e-06
4.2623289e-06
6.8158894e-06
9.9247501e-06
1.3642262e-05
1.8122521e-05
2.3434956e-05
2.9614673e-05
3.6640101e-05
4.4295151e-05
5.2713644e-05
6.1997633e-05
7.2181913e-05
8.3300627e-05
9.5386438e-05
0.00010846838
0.00012257009
0.00013770894
0.00015389265
0.0001711219
0.00018938514
0.00020866484
0.00022894162
0.00025019526
0.00027243357
0.00029572038
0.00032022058
0.00034626146
0.00037439658
0.00040530844
0.00043959139
0.00047790417
0.00052128146
0.00057118444
0.00062954971
0.00069874511
0.00078147827
0.00088065321
0.00099915517
0.001139597
0.0013040611
0.0014939692
0.0017099926
0.0019520817
0.0022195686
0.002511209
0.0028252325
0.0031592692
0.0035102083
0.0038740656
0.0042457733
0.0046191057
0.0049867219
0.0053404079
0.0056716222
0.0059722345
0.0062354005
0.0064564137
0.0066332925
0.0067669242
0.0068607215
0.0069199029
0.0069506535
0.0069594229
0.0069524933
0.006935758
0.0069145405
0.0068933386
0.0068755537
0.00686328
0.0068570501
0.0068557857
0.0068574928
0.0068604014
0.0068635387
0.0068667107
0.0068702151
0.006874712
0.0068811384
0.0068912432
0.0069071074
0.0069284501
0.006955263
0.0070371792
1.3958904e-13
2.6635172e-11
6.7882461e-10
6.5083136e-09
3.6640104e-08
1.4664555e-07
4.5483277e-07
1.1398311e-06
2.3770573e-06
4.2627158e-06
6.8114537e-06
9.8994606e-06
1.3595705e-05
1.8056287e-05
2.3352192e-05
2.9519507e-05
3.6537892e-05
4.4214884e-05
5.2627036e-05
6.1906156e-05
7.2086896e-05
8.3203192e-05
9.5287133e-05
0.00010836755
0.0001224684
0.00013760695
0.00015379157
0.00017102257
0.00018928891
0.00020857322
0.00022885601
0.00025011817
0.00027236737
0.0002956671
0.00032018181
0.00034623663
0.00037437823
0.00040528121
0.0004395465
0.00047784348
0.00052120501
0.00057108856
0.00062942671
0.00069858413
0.00078126745
0.00088037928
0.00099880681
0.0011391639
0.0013035378
0.0014933538
0.0017092832
0.0019512876
0.0022186881
0.0025102518
0.0028242207
0.0031581997
0.0035090827
0.0038728844
0.0042445515
0.0046178552
0.0049854711
0.0053391732
0.0056704348
0.0059711209
0.006234387
0.0064555205
0.0066325234
0.0067662724
0.006860169
0.0069194251
0.0069502254
0.0069590215
0.0069520999
0.006935358
0.0069141224
0.0068928943
0.006875081
0.006862785
0.0068565458
0.0068552828
0.0068569953
0.0068599071
0.006863044
0.0068662109
0.0068697075
0.0068741868
0.0068805913
0.0068906485
0.0069064815
0.0069277411
0.006954976
0.0070356718
1.3947673e-13
2.6608797e-11
6.7818454e-10
6.5033566e-09
3.6616716e-08
1.4659957e-07
4.5487494e-07
1.140294e-06
2.3783197e-06
4.2638783e-06
6.8089628e-06
9.8791873e-06
1.3554375e-05
1.7993123e-05
2.3269978e-05
2.942227e-05
3.6434102e-05
4.4133126e-05
5.2537643e-05
6.1811002e-05
7.1987119e-05
8.3099582e-05
9.5180349e-05
0.00010825836
0.0001223575
0.00013749481
0.00015367925
0.00017091081
0.0001891792
0.00020846714
0.00022875496
0.00025002476
0.00027228404
0.00029559627
0.00032012489
0.00034619243
0.00037433839
0.00040522928
0.00043947338
0.00047775037
0.00052109031
0.00057094764
0.00062924963
0.00069835754
0.00078097612
0.00088000759
0.00099834014
0.001138591
0.001302851
0.0014925486
0.0017083649
0.0019502558
0.0022175559
0.0025090253
0.0028229058
0.0031568108
0.0035076227
0.0038713734
0.0042429977
0.0046162854
0.0049839274
0.0053376749
0.005669006
0.0059697971
0.0062332012
0.0064544939
0.006631653
0.0067655493
0.0068595701
0.0069189212
0.0069497856
0.0069586184
0.0069517106
0.0069349647
0.006913711
0.006892455
0.0068746104
0.0068622896
0.006856039
0.0068547765
0.0068564942
0.0068594095
0.0068625462
0.0068657081
0.0068691967
0.0068736576
0.0068800395
0.0068900471
0.0069058465
0.0069270275
0.0069546187
0.0070341477
1.3929657e-13
2.6580719e-11
6.7748127e-10
6.4967926e-09
3.6588837e-08
1.4653071e-07
4.5483397e-07
1.1406468e-06
2.3795945e-06
4.2656444e-06
6.8084578e-06
9.8645703e-06
1.3519489e-05
1.793499e-05
2.3190272e-05
2.9325007e-05
3.6328578e-05
4.4051467e-05
5.2447001e-05
6.1713132e-05
7.1883361e-05
8.2990982e-05
9.5067763e-05
0.00010814236
0.00012223872
0.00013737383
0.00015355684
0.00017078809
0.00018905738
0.00020834777
0.0002286398
0.00024991639
0.00027218505
0.00029550906
0.00032005074
0.00034612981
0.00037427798
0.00040515414
0.00043937365
0.0004776259
0.00052093904
0.00057076297
0.00062901945
0.0006980662
0.00078060533
0.00087953918
0.00099775653
0.0011378773
0.0013019994
0.0014915563
0.001707231
0.001948992
0.0022161659
0.0025075245
0.0028213041
0.003155117
0.0035058577
0.0038695447
0.0042411328
0.0046144041
0.0049820668
0.0053358718
0.005667302
0.0059682363
0.0062318207
0.0064533202
0.006630673
0.0067647475
0.0068589216
0.0069183893
0.0069493331
0.006958213
0.0069513251
0.006934578
0.0069133061
0.0068920203
0.0068741419
0.0068617935
0.0068555297
0.0068542667
0.0068559893
0.0068589082
0.006862045
0.0068652019
0.0068686827
0.0068731243
0.0068794831
0.006889439
0.0069052023
0.0069263093
0.0069541974
0.0070326084
1.3912574e-13
2.6550697e-11
6.767011e-10
6.4888031e-09
3.6550542e-08
1.4641825e-07
4.5465118e-07
1.1407473e-06
2.3806231e-06
4.2676159e-06
6.8093726e-06
9.8550662e-06
1.3491531e-05
1.7883447e-05
2.3114587e-05
2.9229336e-05
3.622371e-05
4.3971748e-05
5.2357074e-05
6.1614594e-05
7.1777686e-05
8.2879456e-05
9.4951127e-05
0.00010802135
0.00012211381
0.00013724567
0.00015342627
0.000170656
0.00018892523
0.00020821726
0.00022851254
0.00024979474
0.00027207198
0.00029540712
0.00031996103
0.00034605045
0.00037419846
0.00040505688
0.00043924838
0.0004774717
0.00052075245
0.000570536
0.00062873808
0.00069771194
0.00078015693
0.00087897463
0.00099705573
0.0011370239
0.0013009831
0.0014903736
0.0017058858
0.0019474883
0.0022145211
0.0025057462
0.0028194101
0.0031531218
0.0035037772
0.0038674001
0.0042389473
0.0046122129
0.0049799063
0.005333786
0.0056653421
0.0059664462
0.0062302397
0.00645197
0.0066295575
0.0067638499
0.0068582127
0.0069178246
0.0069488653
0.0069578042
0.0069509431
0.0069341977
0.0069129075
0.0068915902
0.0068736752
0.0068612965
0.0068550174
0.0068537529
0.0068554804
0.0068584031
0.0068615403
0.0068646923
0.0068681652
0.0068725868
0.0068789218
0.006888824
0.0069045489
0.0069255862
0.0069537175
0.0070310533
1.3890154e-13
2.6508558e-11
6.7566585e-10
6.4798652e-09
3.6506097e-08
1.4627712e-07
4.544066e-07
1.1406989e-06
2.3815651e-06
4.2700426e-06
6.8118736e-06
9.8510475e-06
1.3471254e-05
1.7840029e-05
2.3045591e-05
2.9137908e-05
3.6122542e-05
4.3895849e-05
5.2269484e-05
6.1517024e-05
7.1671839e-05
8.2766623e-05
9.4832407e-05
0.00010789738
0.00012198487
0.0001371125
0.00015328969
0.00017051673
0.00018878465
0.00020807725
0.0002283748
0.00024966185
0.00027194692
0.00029529217
0.00031985721
0.00034595551
0.00037410143
0.00040493962
0.00043909985
0.00047728987
0.00052053262
0.00057026866
0.00062840747
0.00069729647
0.00077963224
0.0008783156
0.00099623938
0.0011360316
0.0012998027
0.0014890011
0.0017043238
0.0019457489
0.0022126135
0.0025036906
0.0028172202
0.0031508185
0.0035013796
0.0038649341
0.0042364425
0.0046097068
0.0049774392
0.0053314154
0.0056631211
0.0059644267
0.0062284612
0.0064504584
0.0066283146
0.0067628571
0.0068574333
0.0069172129
0.006948373
0.0069573878
0.0069505636
0.0069338237
0.0069125154
0.0068911646
0.0068732101
0.0068607982
0.006854502
0.0068532351
0.0068549673
0.0068578941
0.006861032
0.0068641791
0.0068676441
0.0068720449
0.0068783554
0.0068882023
0.006903886
0.0069248579
0.0069531838
0.0070294824
1.3869517e-13
2.6465909e-11
6.7457822e-10
6.4702526e-09
3.6455367e-08
1.4610361e-07
4.5406849e-07
1.1404828e-06
2.3823477e-06
4.2725998e-06
6.8155747e-06
9.8521981e-06
1.3459254e-05
1.780648e-05
2.2985925e-05
2.9054139e-05
3.6027116e-05
4.3826262e-05
5.2187012e-05
6.1423511e-05
7.1568785e-05
8.2655261e-05
9.4714004e-05
0.00010777261
0.0001218546
0.00013697717
0.00015314976
0.00017037302
0.0001886386
0.00020793033
0.00022822889
0.0002495197
0.00027181151
0.00029516621
0.0003197417
0.00034584747
0.00037398911
0.00040480428
0.00043892985
0.00047708214
0.00052028172
0.00056996337
0.00062802946
0.00069682158
0.00077903313
0.00087756404
0.00099530873
0.0011349003
0.0012984582
0.0014874382
0.001702547
0.0019437676
0.0022104443
0.0025013526
0.0028147333
0.0031482029
0.0034986621
0.0038621431
0.0042336116
0.004606879
0.004974668
0.0053287553
0.0056606357
0.005962171
0.0062264823
0.0064487812
0.0066269423
0.0067617679
0.0068565862
0.0069165568
0.0069478549
0.0069569589
0.0069501819
0.0069334547
0.00691213
0.0068907441
0.006872747
0.0068602987
0.0068539832
0.006852713
0.0068544497
0.0068573808
0.0068605198
0.0068636622
0.0068671192
0.0068714986
0.0068777839
0.0068875737
0.0069032138
0.006924124
0.0069526009
0.0070278967
1.3847403e-13
2.6427914e-11
6.7364118e-10
6.4607063e-09
3.6402218e-08
1.4592408e-07
4.5368377e-07
1.140218e-06
2.383161e-06
4.2756425e-06
6.8211197e-06
9.8591874e-06
1.3456393e-05
1.7784223e-05
2.2938034e-05
2.8981383e-05
3.5941387e-05
4.3759123e-05
5.2113077e-05
6.1337152e-05
7.1471875e-05
8.2549288e-05
9.4599812e-05
0.000107651
0.00012172614
0.00013684238
0.00015300938
0.00017022787
0.00018848977
0.00020777939
0.00022807796
0.00024937161
0.00027166907
0.00029503187
0.00031961655
0.00034572846
0.00037386398
0.0004046538
0.00043874149
0.00047685181
0.0005200027
0.00056962278
0.00062760699
0.00069629031
0.00077836244
0.00087672185
0.00099426555
0.001133632
0.0012969499
0.0014856849
0.0017005518
0.0019415444
0.0022080112
0.0024987304
0.0028119424
0.0031452728
0.0034956201
0.0038590214
0.0042304508
0.0046037287
0.0049715812
0.0053258038
0.0056578803
0.0059596779
0.0062243001
0.006446936
0.0066254384
0.0067605799
0.0068556697
0.0069158553
0.0069473101
0.0069565168
0.0069497965
0.0069330873
0.0069117501
0.0068903293
0.0068722864
0.0068597984
0.0068534611
0.0068521864
0.0068539275
0.006856863
0.0068600034
0.0068631412
0.0068665904
0.0068709475
0.006877207
0.0068869382
0.0069025319
0.006923384
0.0069519722
0.0070262963
1.3835149e-13
2.6400714e-11
6.7299792e-10
6.4550635e-09
3.6370431e-08
1.4580917e-07
4.5343713e-07
1.1399444e-06
2.3837723e-06
4.2787678e-06
6.8281473e-06
9.8720069e-06
1.3463529e-05
1.7775768e-05
2.2906381e-05
2.8925665e-05
3.5870872e-05
4.368725e-05
5.2052318e-05
6.1263001e-05
7.1385799e-05
8.2452688e-05
9.4493997e-05
0.00010753697
0.00012160431
0.00013671306
0.00015287314
0.00017008555
0.00018834246
0.00020762861
0.00022792569
0.00024922053
0.0002715225
0.00029489249
0.0003194852
0.00034560182
0.00037372943
0.00040449158
0.00043853835
0.0004766022
0.00051969885
0.00056925056
0.00062714354
0.00069570599
0.00077762282
0.00087579166
0.00099311175
0.0011322275
0.0012952784
0.0014837399
0.0016983398
0.0019390774
0.0022053097
0.0024958181
0.0028088487
0.0031420227
0.0034922482
0.003855565
0.0042269546
0.0046002485
0.0049681796
0.0053225501
0.0056548532
0.0059569426
0.0062219088
0.0064449208
0.0066238
0.0067592913
0.0068546819
0.0069151071
0.0069467375
0.006956061
0.0069494066
0.0069327211
0.0069113737
0.0068899182
0.0068718285
0.006859298
0.0068529357
0.0068516551
0.0068534002
0.0068563406
0.0068594827
0.0068626159
0.0068660573
0.0068703916
0.0068766244
0.0068862955
0.0069018404
0.0069226373
0.0069513011
0.0070246812
1.3830383e-13
2.639238e-11
6.7281248e-10
6.4539975e-09
3.6365985e-08
1.4579771e-07
4.5347761e-07
1.1404203e-06
2.3856543e-06
4.2838202e-06
6.8374123e-06
9.8907767e-06
1.3481021e-05
1.7782665e-05
2.2894809e-05
2.8892694e-05
3.5822861e-05
4.3637587e-05
5.2010372e-05
6.1206877e-05
7.1316827e-05
8.2372365e-05
9.4403325e-05
0.00010743655
0.00012149494
0.00013659521
0.00015274699
0.0001699517
0.00018820187
0.00020748288
0.00022777719
0.00024907183
0.00027137652
0.00029475214
0.00031935172
0.00034547143
0.00037358943
0.00040432197
0.00043832455
0.00047633786
0.0005193751
0.0005688512
0.00062664346
0.00069507228
0.00077681781
0.00087477642
0.00099184948
0.0011306888
0.0012934446
0.0014816041
0.0016959069
0.0019363642
0.0022023379
0.0024926158
0.0028054436
0.003138448
0.0034885418
0.0038517684
0.0042231192
0.0045964327
0.0049644536
0.0053189951
0.0056515469
0.0059539593
0.0062193074
0.0064427305
0.0066220237
0.0067578997
0.006853621
0.0069143106
0.0069461361
0.0069555903
0.0069490115
0.0069323553
0.0069110003
0.00688951
0.0068713723
0.006858797
0.0068524074
0.0068511186
0.0068528677
0.0068558131
0.0068589574
0.0068620862
0.0068655198
0.0068698306
0.0068760361
0.0068856457
0.0069011391
0.0069218834
0.0069505901
0.0070230507
1.3837844e-13
2.6412427e-11
6.734682e-10
6.4606985e-09
3.6401741e-08
1.4594497e-07
4.5397808e-07
1.1418901e-06
2.3894407e-06
4.2919023e-06
6.8519034e-06
9.9187687e-06
1.3512702e-05
1.7809262e-05
2.2908068e-05
2.8889394e-05
3.5808247e-05
4.3623249e-05
5.1990159e-05
6.1174196e-05
7.1272974e-05
8.2316701e-05
9.4336191e-05
0.0001073587
0.00012140656
0.00013649653
0.00015263854
0.00016983396
0.0001880755
0.00020734956
0.00022763873
0.00024893097
0.00027123694
0.00029461676
0.00031922148
0.00034534287
0.00037344977
0.00040415092
0.00043810644
0.0004760649
0.00051903707
0.00056843006
0.00062611152
0.00069439404
0.00077595212
0.00087367986
0.00099048182
0.0011290172
0.0012914488
0.001479277
0.001693254
0.0019334019
0.0021990924
0.0024891167
0.0028017235
0.0031345454
0.0034844953
0.0038476259
0.0042189356
0.0045922766
0.0049603993
0.0053151294
0.0056479569
0.0059507247
0.0062164882
0.0064403618
0.0066201069
0.0067564022
0.0068524851
0.0069134643
0.0069455045
0.0069551039
0.0069486105
0.0069319893
0.0069106293
0.0068891045
0.0068709171
0.006858295
0.006851876
0.0068505775
0.0068523291
0.0068552798
0.0068584271
0.0068615517
0.0068649775
0.0068692644
0.0068754417
0.0068849885
0.0069004278
0.0069211217
0.0069498419
0.0070214042
1.3875625e-13
2.6490447e-11
6.7559805e-10
6.4811954e-09
3.6515245e-08
1.4638021e-07
4.5531323e-07
1.1452272e-06
2.3966418e-06
4.3055998e-06
6.8747222e-06
9.9599335e-06
1.3563691e-05
1.7862411e-05
2.2956005e-05
2.8928607e-05
3.58443e-05
4.366491e-05
5.2003359e-05
6.1174204e-05
7.1259133e-05
8.228998e-05
9.4296952e-05
0.00010730699
0.00012134266
0.00013642104
0.00015255473
0.0001697417
0.00018797302
0.00020723759
0.00022751925
0.00024880718
0.00027111226
0.00029449444
0.00031910277
0.00034522429
0.00037331836
0.00040398608
0.00043789138
0.0004757903
0.00051869147
0.00056799382
0.00062555473
0.00069367726
0.00077503026
0.000872506
0.00098901191
0.0011272158
0.0012892925
0.0014767577
0.0016903782
0.001930189
0.0021955691
0.0024853167
0.0027976844
0.0031303055
0.003480102
0.0038431304
0.0042144004
0.0045877717
0.0049560109
0.0053109475
0.0056440769
0.0059472313
0.0062134479
0.0064378107
0.0066180456
0.0067547957
0.0068512717
0.0069125663
0.0069448413
0.0069546007
0.0069482025
0.0069316225
0.00691026
0.0068887009
0.0068704625
0.0068577915
0.006851341
0.0068500313
0.0068517849
0.0068547404
0.0068578907
0.006861012
0.0068644302
0.0068686925
0.0068748409
0.0068843239
0.0068997065
0.0069203517
0.0069490584
0.0070197408
1.3974253e-13
2.6675829e-11
6.80202e-10
6.524857e-09
3.6757449e-08
1.473097e-07
4.580411e-07
1.1517311e-06
2.4095955e-06
4.3284668e-06
6.9111103e-06
1.0022023e-05
1.3644008e-05
1.7955416e-05
2.3056296e-05
2.9036081e-05
3.596556e-05
4.3783447e-05
5.2066663e-05
6.1225587e-05
7.129671e-05
8.2313611e-05
9.4306394e-05
0.00010730209
0.00012132291
0.00013638595
0.00015250303
0.00016967408
0.00018789075
0.00020714316
0.00022742277
0.0002487113
0.00027101392
0.00029439678
0.00031900706
0.00034512691
0.00037320628
0.00040383865
0.00043769048
0.00047552435
0.00051834743
0.00056755035
0.0006249795
0.00069292786
0.00077405797
0.00087125962
0.0009874436
0.001125286
0.0012869766
0.0014740461
0.0016872784
0.0019267215
0.0021917646
0.0024812117
0.0027933182
0.0031257249
0.0034753561
0.0038382753
0.0042095026
0.004582913
0.0049512771
0.0053064432
0.0056398999
0.0059434741
0.006210181
0.0064350714
0.0066158358
0.0067530778
0.0068499783
0.0069116149
0.0069441451
0.0069540794
0.0069477868
0.0069312538
0.0069098917
0.0068882984
0.0068700077
0.0068572858
0.0068508019
0.0068494796
0.0068512345
0.006854195
0.0068573487
0.0068604662
0.0068638775
0.0068681149
0.0068742335
0.0068836514
0.0068989748
0.0069195728
0.0069482413
0.0070180595
1.4160608e-13
2.7032487e-11
6.891834e-10
6.6098911e-09
3.7228756e-08
1.4912563e-07
4.6330823e-07
1.1639198e-06
2.4331326e-06
4.3680543e-06
6.9718127e-06
1.011954e-05
1.3772764e-05
1.8113604e-05
2.3243786e-05
2.9259229e-05
3.6222035e-05
4.3935496e-05
5.2211516e-05
6.1359854e-05
7.1417702e-05
8.2419268e-05
9.4394991e-05
0.00010737244
0.00012137384
0.00013641714
0.00015251239
0.00016966197
0.000187859
0.00020709377
0.00022735631
0.00024863311
0.0002709366
0.000294338
0.00031895086
0.00034506729
0.00037312971
0.00040372329
0.00043751665
0.00047527913
0.00051801627
0.0005671099
0.00062439492
0.00069215352
0.00077304131
0.00086994535
0.00098577974
0.00112323
0.001284501
0.0014711418
0.0016839523
0.0019229964
0.0021876731
0.0024767955
0.0027886209
0.0031207944
0.003470248
0.0038330534
0.004204237
0.00457769
0.0049461939
0.0053016057
0.0056354194
0.0059394463
0.0062066804
0.0064321397
0.006613473
0.006751244
0.0068486023
0.0069106076
0.0069434143
0.0069535389
0.0069473621
0.0069308825
0.0069095236
0.0068878965
0.0068695521
0.0068567773
0.0068502581
0.0068489218
0.0068506775
0.0068536431
0.0068568005
0.0068599147
0.0068633184
0.0068675309
0.006873619
0.006882971
0.0068982327
0.0069187845
0.0069473923
0.0070163591
1.4575359e-13
2.7830926e-11
7.0962047e-10
6.8033813e-09
3.8289945e-08
1.5318049e-07
4.7495471e-07
1.1902647e-06
2.4821181e-06
4.446757e-06
7.0862068e-06
1.0287482e-05
1.3993203e-05
1.8391907e-05
2.3593313e-05
2.9708635e-05
3.6760747e-05
4.4215991e-05
5.248989e-05
6.1628461e-05
7.1671272e-05
8.265392e-05
9.4608293e-05
0.00010756121
0.00012153663
0.0001365521
0.00015261877
0.00016973926
0.00018790941
0.00020711963
0.00022735954
0.00024861916
0.0002709123
0.00029430591
0.0003189416
0.00034506691
0.0003731097
0.00040365909
0.00043738688
0.00047506867
0.00051770945
0.00056668247
0.0006238097
0.00069136209
0.00077198689
0.00086856843
0.00098402447
0.0011210502
0.0012818671
0.0014680428
0.0016803971
0.0019190087
0.0021832907
0.0024720608
0.0027835831
0.0031155078
0.0034647717
0.0038274524
0.0041985943
0.0045720942
0.0049407502
0.0052964305
0.0056306253
0.0059351393
0.0062029405
0.006429009
0.0066109525
0.0067492907
0.0068471403
0.0069095423
0.0069426469
0.0069529777
0.0069469273
0.0069305076
0.0069091549
0.0068874943
0.0068690951
0.0068562653
0.0068497089
0.0068483573
0.0068501133
0.0068530842
0.0068562458
0.0068593571
0.0068627536
0.0068669399
0.006872997
0.0068822822
0.0068974798
0.0069179862
0.0069465126
0.007014638
1.527408e-13
2.9170261e-11
7.4382642e-10
7.1289479e-09
4.0078713e-08
1.6003021e-07
4.948532e-07
1.2361167e-06
2.5693084e-06
4.5900476e-06
7.2986216e-06
1.0634024e-05
1.4451812e-05
1.8982421e-05
2.4357675e-05
3.0589289e-05
3.7290339e-05
4.475581e-05
5.3031362e-05
6.2161209e-05
7.218589e-05
8.3142368e-05
9.5064191e-05
0.00010798008
0.00012191449
0.00013688669
0.00015290877
0.00016998529
0.00018811355
0.00020728489
0.00022748947
0.00024872066
0.00027099204
0.00029436924
0.00031899194
0.00034513284
0.00037316008
0.00040044453
0.00043167684
0.00046936956
0.00051513324
0.00056628435
0.00062323337
0.00069056079
0.00077090032
0.00086713321
0.00098218014
0.0011187469
0.0012790736
0.0014647476
0.0016766085
0.0019147549
0.0021786093
0.0024670013
0.0027781981
0.0031098544
0.0034589156
0.0038214673
0.0041925616
0.0045661165
0.0049349373
0.0052909039
0.0056255103
0.0059305456
0.0061989529
0.006425673
0.006608269
0.0067472139
0.0068455891
0.0069084163
0.0069418411
0.0069523942
0.0069464814
0.006930128
0.0069087845
0.006887091
0.0068686357
0.0068557491
0.0068491536
0.0068477855
0.0068495414
0.0068525178
0.0068556841
0.006858793
0.0068621825
0.0068663427
0.0068723665
0.0068815845
0.0068967157
0.0069171773
0.0069456034
0.0070128948
1.6979345e-13
3.2712324e-11
8.4166495e-10
8.1352585e-09
4.5988418e-08
1.8377905e-07
5.6522128e-07
1.395404e-06
2.8557921e-06
5.0224311e-06
7.8792532e-06
1.138034e-05
1.5495257e-05
2.0221939e-05
2.5578607e-05
3.1595207e-05
3.8311248e-05
4.5774815e-05
5.4033596e-05
6.313375e-05
7.3117875e-05
8.4026087e-05
9.5893089e-05
0.00010874978
0.00012262168
0.00013752947
0.00015348632
0.00017049814
0.00018856394
0.0002076762
0.00022782592
0.00024900821
0.00027123849
0.00029457836
0.00031915651
0.00034232342
0.00036566556
0.00039196878
0.00042277741
0.00045977013
0.0005047073
0.00055970791
0.00062268733
0.0006897558
0.00076978621
0.00086564247
0.00098024806
0.0011163208
0.0012761191
0.0014612523
0.0016725828
0.0019102268
0.0021736227
0.0024616076
0.0027724548
0.0031038255
0.0034526695
0.0038150835
0.0041861316
0.0045597443
0.0049287425
0.0052850193
0.0056200636
0.0059256563
0.0061947094
0.006422125
0.0066054164
0.0067450084
0.0068439451
0.0069072268
0.0069409946
0.0069517867
0.0069460228
0.0069297426
0.0069084117
0.0068866857
0.0068681731
0.006855228
0.0068485917
0.0068472059
0.0068489612
0.0068519433
0.0068551149
0.0068582218
0.0068616048
0.0068657389
0.0068717286
0.0068808767
0.0068959398
0.0069163574
0.0069446657
0.0070111277
1.0379601e-12
1.9791733e-10
4.2675448e-09
3.5112089e-08
1.6670633e-07
5.4997287e-07
1.38456e-06
2.8252393e-06
4.9122438e-06
7.5994169e-06
1.0825829e-05
1.455774e-05
1.8793023e-05
2.3555015e-05
2.8883525e-05
3.4826174e-05
4.1435376e-05
4.8764848e-05
5.6867269e-05
6.5792878e-05
7.5589696e-05
8.6300947e-05
9.7966893e-05
0.00011062236
0.00012429664
0.00013901367
0.00015478926
0.00017163102
0.00018953814
0.00020849868
0.00022774907
0.00024696837
0.00026684429
0.00028747264
0.00030887671
0.00033116795
0.00035498617
0.00038156632
0.00041236894
0.00044901702
0.00049328245
0.00054749682
0.00061474589
0.00068896826
0.00076864663
0.00086409688
0.00097822797
0.0011137698
0.0012730003
0.0014575525
0.0016683129
0.0019054178
0.0021683214
0.0024558701
0.0027663435
0.0030974082
0.0034460226
0.0038082901
0.0041792894
0.0045529664
0.004922156
0.0052787609
0.0056142753
0.00592046
0.006190202
0.0064183569
0.0066023883
0.0067426692
0.006842204
0.0069059707
0.0069401051
0.0069511536
0.0069455502
0.0069293504
0.0069080352
0.0068862773
0.0068677065
0.0068547011
0.0068480223
0.0068466177
0.0068483722
0.0068513602
0.0068545376
0.0068576431
0.0068610198
0.0068651281
0.0068710834
0.0068801604
0.0068951502
0.0069155254
0.0069437003
0.0070093348
3.8709226e-07
3.1839643e-07
3.2294183e-07
3.9756898e-07
6.298365e-07
1.2213246e-06
2.4748141e-06
4.579387e-06
7.4219209e-06
1.0763187e-05
1.4447715e-05
1.8422863e-05
2.2690797e-05
2.7251215e-05
3.0478529e-05
3.4812365e-05
4.0466634e-05
4.7131315e-05
5.4582241e-05
6.2780793e-05
7.174955e-05
8.1523021e-05
9.2168756e-05
0.00010377083
0.00011639604
0.0001300905
0.00014487619
0.00016074366
0.00017768185
0.00019561842
0.00021440139
0.0002339235
0.00025424059
0.00027540492
0.00029740806
0.0003203309
0.00034467184
0.00037154211
0.00040236933
0.00043877086
0.00048251201
0.00053584339
0.00060217719
0.00068537473
0.00076748613
0.00086249286
0.00097611588
0.0011110886
0.0012697106
0.0014536407
0.00166379
0.001900318
0.0021626941
0.0024497771
0.0027598514
0.0030905906
0.0034389602
0.0038010732
0.0041720227
0.0045457689
0.0049151623
0.0052721201
0.0056081312
0.0059149473
0.0061854199
0.0064143602
0.0065991775
0.0067401906
0.0068403615
0.0069046445
0.00693917
0.0069504926
0.0069450619
0.0069289497
0.0069076539
0.006885865
0.006867235
0.0068541678
0.0068474452
0.0068460208
0.0068477741
0.0068507681
0.0068539519
0.0068570564
0.0068604272
0.0068645099
0.0068704302
0.0068794362
0.0068943472
0.0069146799
0.0069427078
0.0070075141
5.0379418e-06
3.9334112e-06
3.8678732e-06
4.0018795e-06
4.155381e-06
4.3590001e-06
4.8505411e-06
6.0402978e-06
8.3376922e-06
1.1780761e-05
1.60083e-05
2.0645944e-05
2.5511943e-05
3.0580835e-05
3.5917727e-05
4.1628806e-05
4.7818351e-05
5.4589502e-05
6.1823974e-05
6.7645621e-05
7.503612e-05
8.4238941e-05
9.4764073e-05
0.00010627697
0.00011865087
0.0001318583
0.00014595388
0.0001610115
0.00017708046
0.00019412198
0.00021203184
0.00023073275
0.00025027293
0.00027074044
0.00029216333
0.00031463154
0.00033857222
0.00036502612
0.00039534766
0.00043110853
0.00047404328
0.00052638677
0.00059150989
0.00067369555
0.00076631722
0.00086082195
0.00097390232
0.0011082687
0.0012662414
0.0014495067
0.0016590036
0.0018949149
0.0021567289
0.0024433145
0.0027529641
0.0030833576
0.0034314678
0.003793418
0.004164315
0.0045381372
0.0049077484
0.0052650791
0.0056016206
0.0059091045
0.0061803527
0.0064101254
0.0065957765
0.0067375662
0.0068384126
0.0069032445
0.0069381865
0.0069498018
0.0069445563
0.0069285393
0.0069072666
0.0068854475
0.0068667575
0.0068536272
0.0068468594
0.0068454142
0.0068471659
0.0068501664
0.006853357
0.0068564612
0.0068598264
0.0068638836
0.0068697685
0.0068787039
0.0068935334
0.0069138184
0.006941688
0.0070056632
1.1032219e-05
1.0091071e-05
9.9678831e-06
1.0134594e-05
1.0339191e-05
1.0462084e-05
1.0506169e-05
1.0627983e-05
1.1198959e-05
1.2776953e-05
1.5789476e-05
2.020852e-05
2.5583426e-05
3.1454476e-05
3.75819e-05
4.391877e-05
5.0527514e-05
5.7522808e-05
6.5040863e-05
7.3227065e-05
8.2212574e-05
9.2080011e-05
0.00010283288
0.00011171455
0.0001223659
0.00013504192
0.00014916183
0.00016430033
0.00018025115
0.00019695109
0.00021437736
0.00023254235
0.00025148744
0.0002712814
0.00029196544
0.00031367237
0.00033687156
0.00036254505
0.00039201459
0.00042681735
0.00046867397
0.00051982892
0.00058361088
0.00066454769
0.00076510783
0.00085906697
0.00097157223
0.0011052963
0.0012625791
0.001445137
0.0016539396
0.001889195
0.0021504099
0.0024364668
0.0027456654
0.0030756923
0.0034235279
0.0037853074
0.0041561503
0.0045300538
0.0048998975
0.0052576255
0.0055947267
0.0059029196
0.006174988
0.0064056426
0.0065921763
0.0067347893
0.0068363519
0.0069017666
0.0069371514
0.0069490787
0.0069440314
0.0069281177
0.0069068719
0.0068850236
0.0068662729
0.0068530782
0.006846264
0.0068447972
0.0068465471
0.0068495543
0.0068527523
0.0068558567
0.0068592166
0.0068632487
0.0068690978
0.0068779626
0.0068927089
0.0069129427
0.0069406397
0.0070037797
1.4392338e-05
1.4632835e-05
1.5086506e-05
1.5592936e-05
1.6048675e-05
1.6372837e-05
1.6517065e-05
1.6498651e-05
1.6450234e-05
1.6678179e-05
1.7694151e-05
2.0123209e-05
2.4305994e-05
3.0019142e-05
3.6713719e-05
4.3914525e-05
5.1387197e-05
5.9092965e-05
6.7107706e-05
7.5563618e-05
8.4609992e-05
9.4387303e-05
0.00010502104
0.00011663068
0.00012931478
0.00014309531
0.00015515134
0.00016792157
0.00018276977
0.00019920414
0.00021660741
0.00023464009
0.00025331316
0.00027275893
0.00029307572
0.00031440246
0.0003371665
0.00036228568
0.0003910651
0.00042502327
0.0004658809
0.00051590124
0.00057842965
0.00065820964
0.0007590811
0.00085719436
0.00096909989
0.0011021517
0.0012587066
0.0014405155
0.0016485811
0.0018831397
0.0021437191
0.0024292152
0.0027379363
0.0030675754
0.0034151226
0.0037767215
0.00414751
0.0045215006
0.004891592
0.0052497399
0.0055874352
0.0058963768
0.0061693131
0.0064009003
0.0065883678
0.006731852
0.0068341736
0.0069002064
0.0069360615
0.0069483207
0.0069434853
0.0069276831
0.0069064684
0.006884592
0.0068657801
0.0068525199
0.0068456581
0.0068441689
0.0068459168
0.006848931
0.006852137
0.0068552423
0.0068585973
0.0068626046
0.0068684173
0.006877212
0.006891873
0.0069120556
0.0069395615
0.0070018611
1.6932194e-05
1.7917538e-05
1.8916131e-05
1.9844871e-05
2.0649785e-05
2.1284622e-05
2.170892e-05
2.1902907e-05
2.1895387e-05
2.1807688e-05
2.1913692e-05
2.2688859e-05
2.4768756e-05
2.8705581e-05
3.4595523e-05
4.1929412e-05
5.0107247e-05
5.8717555e-05
6.7590528e-05
7.6729765e-05
8.6236798e-05
9.6258433e-05
0.00010695508
0.00011848062
0.00013096513
0.00014450121
0.00015916252
0.00017500382
0.00019200298
0.00020565326
0.00022052371
0.00023751265
0.00025588585
0.00027510177
0.00029506064
0.00031600115
0.00033842174
0.00036316125
0.00039143573
0.00042473503
0.00046479954
0.00051389602
0.00057542369
0.00065432152
0.00075424434
0.00085495495
0.00096639636
0.0010987975
0.0012545987
0.0014356197
0.0016429066
0.0018767282
0.0021366354
0.0024215386
0.0027297553
0.0030589864
0.0034062294
0.0037676406
0.0041383726
0.0045124578
0.0048828116
0.0052414052
0.0055797278
0.0058894607
0.0061633139
0.006395886
0.0065843405
0.0067287463
0.0068318713
0.0068985589
0.0069349129
0.006947525
0.0069429156
0.0069272337
0.0069060545
0.0068841513
0.0068652778
0.0068519511
0.0068450408
0.0068435284
0.0068452741
0.0068482958
0.0068515104
0.0068546173
0.0068579676
0.0068619506
0.0068677264
0.0068764513
0.0068910253
0.0069111563
0.0069384588
0.0069999068
1.9300482e-05
2.0672743e-05
2.20197e-05
2.3276595e-05
2.4396826e-05
2.534168e-05
2.6075128e-05
2.6567883e-05
2.6811453e-05
2.6841753e-05
2.6779566e-05
2.6886469e-05
2.7618768e-05
2.9615517e-05
3.3507066e-05
3.9546647e-05
4.7422934e-05
5.6511683e-05
6.6229791e-05
7.6281928e-05
8.6592999e-05
9.7223285e-05
0.00010830702
0.00012000947
0.0001324965
0.00014591313
0.00016037472
0.00017596137
0.00019271097
0.00021065425
0.00022977783
0.00024661009
0.0002616205
0.00027891818
0.00029820226
0.0003187806
0.00034075749
0.00036501565
0.00039277013
0.00042548565
0.00046492848
0.00051332194
0.00057411709
0.00065244713
0.00075174392
0.00085154763
0.0009630646
0.0010951249
0.0012502126
0.0014304214
0.0016368913
0.0018699363
0.0021291342
0.0024134125
0.002721098
0.0030499
0.0033968246
0.0037580403
0.0041287154
0.0045029026
0.0048735352
0.0052325996
0.005571585
0.0058821535
0.006156974
0.0063905864
0.0065800833
0.006725463
0.0068294377
0.0068968188
0.0069337017
0.0069466886
0.0069423202
0.0069267677
0.0069056284
0.0068836999
0.0068647645
0.0068513707
0.006844411
0.0068428747
0.0068446181
0.0068476476
0.0068508715
0.0068539806
0.0068573268
0.0068612859
0.0068670244
0.0068756797
0.0068901651
0.0069102438
0.0069373409
0.0069979451
2.1729533e-05
2.327589e-05
2.4812239e-05
2.6280607e-05
2.7635131e-05
2.8836281e-05
2.9847062e-05
3.0633725e-05
3.1171372e-05
3.1457564e-05
3.1535369e-05
3.1531377e-05
3.1709913e-05
3.2526657e-05
3.4625357e-05
3.8673665e-05
4.5021912e-05
5.3457997e-05
6.336813e-05
7.4130767e-05
8.5346289e-05
9.6851952e-05
0.00010865501
0.00012086381
0.00013363684
0.00014714603
0.00016155039
0.00017697809
0.0001935172
0.00021122142
0.00023010715
0.00025017567
0.00027143811
0.00028997853
0.0003050967
0.00032316318
0.00034418844
0.00036779361
0.00039482529
0.00042695491
0.00046588348
0.00051374592
0.00057403499
0.0006521004
0.00075113014
0.00084617739
0.00095806097
0.0010907115
0.0012454404
0.0014248763
0.0016305036
0.0018627348
0.0021211874
0.0024048085
0.0027119368
0.0030402889
0.0033868814
0.0037478939
0.0041185126
0.0044928098
0.0048637391
0.0052233014
0.0055629863
0.0058744356
0.006150277
0.0063849865
0.0065755835
0.0067219923
0.0068268653
0.0068949801
0.0069324234
0.0069458081
0.0069416963
0.0069262827
0.0069051886
0.0068832363
0.006864239
0.0068507773
0.0068437675
0.0068422069
0.0068439478
0.0068469857
0.0068502194
0.0068533316
0.006856674
0.0068606097
0.0068663103
0.0068748964
0.0068892918
0.0069093171
0.0069362072
0.0069961814
2.4326104e-05
2.5919444e-05
2.7535577e-05
2.9119616e-05
3.0626544e-05
3.2016034e-05
3.3249949e-05
3.4291073e-05
3.5106383e-05
3.5674194e-05
3.5997593e-05
3.6128271e-05
3.6204609e-05
3.6504329e-05
3.749683e-05
3.9839066e-05
4.4219288e-05
5.1029676e-05
6.0111865e-05
7.087538e-05
8.2663626e-05
9.5011441e-05
0.00010769296
0.00012066851
0.00013401821
0.00014788868
0.00016245161
0.00017787312
0.00019429144
0.00021180601
0.00023047441
0.00025032503
0.00027137849
0.00029367273
0.00031729597
0.00033528181
0.00035124254
0.00037197855
0.00039787336
0.0004291663
0.0004673438
0.00051467994
0.00057471434
0.00065275482
0.00074865495
0.00083942757
0.00095056342
0.0010844199
0.001239974
0.0014188911
0.0016236995
0.0018550903
0.0021127631
0.0023956956
0.00270224
0.0030301231
0.0033763695
0.0037371727
0.0041077358
0.0044821524
0.0048533969
0.0052134853
0.0055539081
0.0058662865
0.0061432034
0.0063790701
0.006570828
0.006718323
0.0068241455
0.0068930365
0.0069310733
0.00694488
0.0069410412
0.0069257767
0.0069047327
0.0068827586
0.0068636996
0.0068501697
0.0068431093
0.0068415239
0.0068432622
0.0068463088
0.0068495532
0.0068526692
0.0068560083
0.0068599211
0.0068655834
0.0068741007
0.0068884044
0.0069083753
0.0069350589
0.0069946691
2.7151853e-05
2.8714175e-05
3.0334173e-05
3.1961381e-05
3.355142e-05
3.5064854e-05
3.6462889e-05
3.7707198e-05
3.8760648e-05
3.9591527e-05
4.018137e-05
4.0540093e-05
4.0730524e-05
4.0907748e-05
4.1372066e-05
4.2617486e-05
4.5321443e-05
5.0183151e-05
5.7603575e-05
6.7439008e-05
7.9104993e-05
9.192462e-05
0.00010539072
0.00011923196
0.00013337097
0.00014786246
0.000162839
0.00017846846
0.00019492068
0.00021234173
0.00023084002
0.00025048712
0.00027133195
0.00029342836
0.00031688303
0.00034195903
0.00036914995
0.00038321249
0.00040357127
0.00043256378
0.00046958502
0.00051602577
0.00057584473
0.00065397721
0.00074296929
0.0008322393
0.00094130724
0.0010752186
0.0012328841
0.0014122421
0.0016164021
0.0018469583
0.002103824
0.002386038
0.0026919736
0.0030193678
0.0033652559
0.0037258441
0.0040963536
0.0044709004
0.0048424799
0.0052031244
0.0055443251
0.0058576825
0.0061357331
0.0063728193
0.0065658018
0.0067144433
0.006821269
0.0068909809
0.0069296461
0.0069439002
0.0069403518
0.006925247
0.0069042589
0.0068822651
0.0068631446
0.0068495465
0.0068424351
0.0068408244
0.0068425602
0.006845616
0.0068488717
0.0068519923
0.0068553286
0.0068592191
0.0068648426
0.0068732915
0.0068875023
0.0069074173
0.0069338951
0.0069929195
3.024759e-05
3.173072e-05
3.3301991e-05
3.4917019e-05
3.6534112e-05
3.8114765e-05
3.9621738e-05
4.1016611e-05
4.2260813e-05
4.331793e-05
4.4157805e-05
4.4766618e-05
4.5162468e-05
4.5422747e-05
4.5724429e-05
4.6397653e-05
4.7969899e-05
5.1143681e-05
5.6621261e-05
6.478718e-05
7.5481314e-05
8.8109602e-05
0.00010198065
0.00011656175
0.00013154989
0.00014683956
0.00016246388
0.00017854218
0.0001952375
0.00021272118
0.00023114738
0.00025063892
0.00027129019
0.00029319045
0.0003164756
0.00034143341
0.00036838699
0.00039756153
0.00041970077
0.00044082899
0.00047333375
0.00051815734
0.00057758783
0.00065557757
0.00073694194
0.00082485138
0.0009317413
0.0010633404
0.0012227302
0.0014044461
0.0016084601
0.0018382738
0.0020943262
0.0023757967
0.002681099
0.0030079857
0.0033535037
0.0037138726
0.004084332
0.0044590206
0.004830956
0.0051921888
0.0055342103
0.0058485988
0.0061278435
0.006366215
0.0065604884
0.0067103402
0.0068182257
0.0068888057
0.006928136
0.0069428644
0.0069396246
0.006924691
0.0069037647
0.0068817536
0.0068625725
0.0068489063
0.0068417437
0.0068401073
0.0068418404
0.006844906
0.0068481738
0.0068512999
0.0068546338
0.0068585027
0.006864087
0.0068724678
0.0068865845
0.0069064421
0.0069327144
0.0069911448
3.3655068e-05
3.502742e-05
3.6512156e-05
3.8071972e-05
3.966956e-05
4.1269038e-05
4.283438e-05
4.4329308e-05
4.5715656e-05
4.6954893e-05
4.8011427e-05
4.8857789e-05
4.9485921e-05
4.9924532e-05
5.02688e-05
5.0722934e-05
5.165389e-05
5.3629263e-05
5.7377798e-05
6.3595566e-05
7.2629845e-05
8.4280419e-05
9.7931852e-05
0.00011288066
0.00012857841
0.00014470272
0.00016112779
0.00017786963
0.00019503635
0.00021278683
0.00023129627
0.0002507311
0.00027123853
0.00029295893
0.00031607174
0.00034081903
0.00036744112
0.00039620482
0.00042755632
0.00046199546
0.00048474219
0.00052247388
0.00057990949
0.00065756417
0.00073051063
0.00081720612
0.00092223168
0.0010504573
0.001209085
0.0013942329
0.0015995444
0.0018289265
0.0020842113
0.0023649253
0.0026695732
0.0029959356
0.0033410727
0.0037012187
0.0040716328
0.0044464766
0.0048187919
0.0051806462
0.0055235325
0.0058390074
0.0061195099
0.0063592357
0.0065548705
0.0067059995
0.0068150044
0.0068865023
0.0069265367
0.006941768
0.0069388562
0.0069241058
0.0069032477
0.0068812221
0.0068619813
0.0068482474
0.0068410336
0.0068393713
0.0068411018
0.0068441775
0.0068474582
0.0068505908
0.0068539227
0.0068577707
0.0068633154
0.0068716285
0.0068856499
0.0069054486
0.0069315155
0.0069893434
3.7414319e-05
3.8655808e-05
4.0026424e-05
4.149763e-05
4.303695e-05
4.4612526e-05
4.6191491e-05
4.7739243e-05
4.9219848e-05
5.0595019e-05
5.1826861e-05
5.2881101e-05
5.3734123e-05
5.4384943e-05
5.4875348e-05
5.5322305e-05
5.5962833e-05
5.7206857e-05
5.9666314e-05
6.4094719e-05
7.1170437e-05
8.1184563e-05
9.3879862e-05
0.00010861019
0.00012466199
0.00014147985
0.00015872985
0.00017627232
0.00019411113
0.00021234709
0.00023113854
0.0002506699
0.00027113063
0.00029271249
0.00031563529
0.00034011405
0.00036636682
0.00039470303
0.00042556405
0.00045957761
0.00049771746
0.00053721565
0.00058647976
0.00065252764
0.00072366348
0.00080920132
0.00091260863
0.0010379927
0.0011927891
0.0013800683
0.0015890932
0.0018187191
0.0020733946
0.0023533693
0.0026573494
0.0029831719
0.0033279187
0.0036878401
0.0040582148
0.0044332292
0.0048059491
0.005168461
0.0055122598
0.0058288789
0.0061107059
0.0063518585
0.0065489285
0.0067014055
0.006811593
0.0068840617
0.0069248414
0.0069406058
0.0069380426
0.0069234881
0.0069027052
0.0068806682
0.0068613692
0.0068475683
0.0068403035
0.0068386151
0.0068403429
0.0068434293
0.0068467236
0.0068498635
0.0068531941
0.006857022
0.0068625266
0.0068707724
0.0068846976
0.0069044354
0.0069302972
0.0069875142
4.1569125e-05
4.2667376e-05
4.3903931e-05
4.5259815e-05
4.6708672e-05
4.8223301e-05
4.9774505e-05
5.1331439e-05
5.2860268e-05
5.4324967e-05
5.5687477e-05
5.6910709e-05
5.796249e-05
5.8823973e-05
5.9503197e-05
6.0058091e-05
6.0631536e-05
6.1498902e-05
6.3118631e-05
6.6149569e-05
7.136468e-05
7.9410388e-05
9.0504695e-05
0.00010432093
0.00012017807
0.00013735463
0.00015529382
0.00017365718
0.00019229699
0.00021121004
0.00023049461
0.00025031524
0.00027087549
0.00029240246
0.00031514917
0.00033934343
0.00036521631
0.00039310364
0.00042345069
0.00045689043
0.00049437384
0.00053728103
0.00058729375
0.00064623924
0.00071637568
0.00080074948
0.00090267983
0.001025817
0.0011757696
0.0013619446
0.0015758559
0.0018072658
0.0020617352
0.0023410557
0.0026443724
0.002969645
0.0033139938
0.0036736901
0.0040440335
0.0044192354
0.0047923872
0.005155595
0.0055003561
0.0058181801
0.0061014022
0.0063440582
0.0065426415
0.0066965411
0.0068079782
0.0068814736
0.0069230426
0.0069393722
0.0069371795
0.0069228346
0.0069021343
0.0068800895
0.0068607341
0.0068468675
0.0068395519
0.0068378372
0.0068395622
0.0068426599
0.0068459686
0.0068491168
0.0068524466
0.0068562551
0.0068617193
0.0068698982
0.0068837261
0.0069034014
0.0069290583
0.0069856559
4.6169401e-05
4.7116589e-05
4.8205132e-05
4.9424549e-05
5.0755777e-05
5.217662e-05
5.3663149e-05
5.5187931e-05
5.6721135e-05
5.8229286e-05
5.9676382e-05
6.1024889e-05
6.2238739e-05
6.3288658e-05
6.4161794e-05
6.487752e-05
6.5513217e-05
6.6242325e-05
6.7384068e-05
6.9450336e-05
7.3146673e-05
7.9256564e-05
8.837847e-05
0.00010064213
0.00011564318
0.00013266509
0.00015098199
0.00017004046
0.00018950235
0.00020921728
0.00022918047
0.00024949438
0.00027033834
0.00029194541
0.00031458791
0.0003385265
0.00036402741
0.00039144984
0.00042125375
0.00045407548
0.00049084179
0.00053286728
0.00058181963
0.00063963473
0.00070865077
0.00079179767
0.0008922955
0.0010135163
0.0011596988
0.0013408981
0.0015578708
0.0017939246
0.0020490025
0.0023278815
0.0026305762
0.0029552992
0.0032992462
0.0036587185
0.0040290401
0.0044044486
0.0047780622
0.0051420065
0.0054877824
0.0058068763
0.0060915671
0.0063358072
0.0065359863
0.0066913877
0.0068041455
0.0068787272
0.0069211321
0.006938061
0.0069362621
0.0069221415
0.006901532
0.0068794835
0.0068600739
0.0068461432
0.0068387774
0.0068370361
0.0068387583
0.0068418677
0.0068451916
0.0068483491
0.0068516788
0.0068554686
0.0068608921
0.0068690045
0.0068827344
0.0069023449
0.0069277973
0.0069837668
5.1261333e-05
5.2055096e-05
5.2986556e-05
5.4054563e-05
5.5246279e-05
5.6545841e-05
5.7934096e-05
5.9389086e-05
6.0884868e-05
6.2391952e-05
6.3877017e-05
6.5304504e-05
6.6637292e-05
6.7840997e-05
6.8890233e-05
6.9779727e-05
7.0542702e-05
7.127966e-05
7.2199513e-05
7.3671037e-05
7.6263042e-05
8.0724631e-05
8.7837319e-05
9.8134259e-05
0.0001116439
0.00012788123
0.00014609617
0.00016556182
0.00018573252
0.00020627463
0.00022704033
0.00024802897
0.00026935439
0.00029121815
0.00031388762
0.00033765315
0.00036282197
0.00038978008
0.00041901453
0.0004511715
0.0004871613
0.00052825567
0.00057610886
0.00063272255
0.00070049899
0.000782321
0.00088135392
0.0010008229
0.0011442596
0.0013188315
0.0015352242
0.0017778444
0.0020348183
0.0023136872
0.0026158757
0.0029400712
0.0032836187
0.0036428712
0.0040131827
0.0043888193
0.0047629261
0.0051276508
0.0054744975
0.0057949286
0.0060811669
0.0063270758
0.006528938
0.0066859249
0.0068000789
0.0068758103
0.0069191009
0.0069366657
0.0069352856
0.0069214048
0.0069008949
0.0068788473
0.0068593867
0.0068453937
0.0068379783
0.0068362103
0.0068379295
0.0068410511
0.0068443909
0.0068475588
0.0068508889
0.0068546611
0.0068600435
0.0068680897
0.0068817208
0.0069012646
0.0069265126
0.0069818452
5.690654e-05
5.7546701e-05
5.8315362e-05
5.9220082e-05
6.025475e-05
6.1409072e-05
6.2669778e-05
6.4019804e-05
6.5438548e-05
6.6900969e-05
6.8377795e-05
6.9836252e-05
7.1240865e-05
7.2555486e-05
7.3748102e-05
7.479826e-05
7.5710245e-05
7.6533765e-05
7.73966e-05
7.8548761e-05
8.0413544e-05
8.3618343e-05
8.894963e-05
9.717143e-05
0.00010873338
0.00012355302
0.00014106476
0.00016049009
0.00018110516
0.00020237499
0.00022397481
0.00024576349
0.00026775008
0.00029006567
0.00031293937
0.00033666993
0.00036159375
0.00038812024
0.00041677591
0.0004482283
0.00048338496
0.00052349275
0.00057019364
0.00062552654
0.00069194267
0.00077231816
0.00086979942
0.00098755088
0.0011287039
0.0012978386
0.0015090281
0.0017567093
0.00201847
0.0022982115
0.0026001504
0.002923885
0.0032670489
0.0036260901
0.0039964058
0.0043722935
0.0047469281
0.0051124794
0.005460456
0.0057822964
0.0060701641
0.0063178318
0.0065214692
0.0066801308
0.0067957611
0.0068727098
0.0069169392
0.0069351788
0.0069342441
0.0069206201
0.0069002193
0.0068781781
0.0068586701
0.0068446174
0.0068371533
0.0068353582
0.0068370742
0.0068402083
0.0068435648
0.0068467441
0.0068500753
0.0068538307
0.0068591718
0.0068671522
0.0068806839
0.0069001587
0.0069252025
0.0069798892
6.3168678e-05
6.3657329e-05
6.4260759e-05
6.4995053e-05
6.5859118e-05
6.6848682e-05
6.7955927e-05
6.9169734e-05
7.0474372e-05
7.185037e-05
7.3273174e-05
7.4714125e-05
7.6140772e-05
7.7518067e-05
7.8811137e-05
7.9991264e-05
8.1044253e-05
8.1985958e-05
8.2886125e-05
8.3904366e-05
8.5337178e-05
8.7666846e-05
9.1579013e-05
9.7887515e-05
0.00010732018
0.00012022604
0.00013640574
0.00015521745
0.00017585972
0.00019761602
0.00021996517
0.00024259387
0.0002653718
0.0002883234
0.0003116039
0.00033547913
0.00036029154
0.00038647014
0.00041457318
0.00044530145
0.00047957667
0.00051863891
0.00056412245
0.00061808596
0.00068301756
0.00076180891
0.00085761384
0.00097359107
0.0011126853
0.0012782631
0.0014812062
0.0017296396
0.0019991704
0.0022810773
0.0025832267
0.0029066432
0.0032494648
0.0036083121
0.0039786497
0.0043548147
0.0047300138
0.0050964409
0.0054456097
0.0057689346
0.0060585188
0.0063080404
0.0065135504
0.006673981
0.0067911732
0.0068694113
0.0069146363
0.0069335925
0.0069331318
0.0069197825
0.0068995016
0.0068774731
0.006857922
0.0068438125
0.0068363006
0.0068344781
0.0068361905
0.0068393375
0.0068427115
0.0068459032
0.0068492361
0.0068529756
0.0068582753
0.0068661902
0.0068796219
0.0068990254
0.0069238651
0.0069778965
7.0125487e-05
7.0465378e-05
7.090316e-05
7.1462141e-05
7.2145737e-05
7.2955062e-05
7.3887156e-05
7.4936316e-05
7.6092977e-05
7.7342858e-05
7.866709e-05
8.0042033e-05
8.1439332e-05
8.2826925e-05
8.4170598e-05
8.5437606e-05
8.6603114e-05
8.7660983e-05
8.8641135e-05
8.9637124e-05
9.0845311e-05
9.2614159e-05
9.5488425e-05
0.00010020853
0.00010760231
0.00011834103
0.00013265699
0.00015023232
0.00017035604
0.00019221072
0.00021509058
0.0002384905
0.00026211163
0.00028583909
0.00030971951
0.00033394388
0.0003588263
0.00038479485
0.00041242071
0.00044244174
0.00047580737
0.0005137686
0.00055796168
0.00061045882
0.00067377637
0.00075083263
0.00084480887
0.00095889291
0.0010959786
0.0012588256
0.0014536056
0.0016981464
0.0019757898
0.0022616948
0.0025648388
0.0028882132
0.0032307814
0.0035894682
0.0039598511
0.004336322
0.0047121253
0.0050794805
0.0054299074
0.0057547961
0.006046188
0.0062976633
0.0065051495
0.0066674494
0.0067862943
0.0068658989
0.0069121803
0.006931898
0.0069319421
0.0069188871
0.0068987376
0.0068767291
0.0068571403
0.0068429774
0.0068354187
0.0068335684
0.0068352766
0.0068384366
0.0068418288
0.006845034
0.0068483694
0.006852094
0.006857352
0.0068652018
0.006878533
0.0068978629
0.0069224983
0.006975865
7.7842914e-05
7.8040326e-05
7.8315651e-05
7.8698841e-05
7.919735e-05
7.9815539e-05
8.0556262e-05
8.1418214e-05
8.2397377e-05
8.3485332e-05
8.4669088e-05
8.5930837e-05
8.7247514e-05
8.8591357e-05
8.9930887e-05
9.1233161e-05
9.2468263e-05
9.3616506e-05
9.4681667e-05
9.5710824e-05
9.682523e-05
9.8263487e-05
0.00010043112
0.00010393716
0.00010957041
0.00011815543
0.00013028503
0.000146063
0.00016505491
0.00018648949
0.00020954032
0.00023351599
0.00025792937
0.00028249917
0.00030713215
0.00033190846
0.00035707178
0.00038301523
0.00041029839
0.0004396813
0.0004721453
0.00050896647
0.00055179656
0.0006027239
0.00066429089
0.00073944929
0.00083142205
0.00094344898
0.0010784478
0.0012388623
0.0014281353
0.0016639495
0.0019452942
0.0022389499
0.0025445452
0.0028683977
0.0032108898
0.0035694793
0.0039399415
0.0043167521
0.004693202
0.00506154
0.0054132941
0.00573983
0.0060331261
0.0062866604
0.0064962318
0.0066605074
0.0067811021
0.0068621555
0.0069095585
0.0069300857
0.0069306676
0.0069179281
0.0068979231
0.0068759431
0.0068563229
0.0068421105
0.006834506
0.0068326272
0.0068343305
0.0068375037
0.0068409146
0.0068441344
0.006847473
0.0068511838
0.0068563999
0.0068641849
0.0068774152
0.006896669
0.0069211
0.006973792
8.641078e-05
8.6471955e-05
8.6588873e-05
8.6797935e-05
8.7109128e-05
8.7530094e-05
8.8066718e-05
8.8723152e-05
8.949986e-05
9.0394303e-05
9.139927e-05
9.2502943e-05
9.3688513e-05
9.4933643e-05
9.6211429e-05
9.7491367e-05
9.8742509e-05
9.9938269e-05
0.00010106581
0.00010214106
0.00010323139
0.00010449068
0.00010620503
0.00010884159
0.0001130734
0.00011972733
0.00012960429
0.00014319788
0.00016047421
0.0001808882
0.00020361934
0.00022783908
0.00025287271
0.00027825369
0.00030372345
0.00032922085
0.00035487712
0.00038101218
0.00040814356
0.00043701894
0.00046864196
0.00050431834
0.00054572725
0.00059498267
0.00065465766
0.00072774428
0.00081751902
0.00092729175
0.0010600511
0.0012181657
0.0014040667
0.0016295199
0.0019083018
0.0022116842
0.0025216962
0.0028468979
0.0031896402
0.0035482517
0.0039188469
0.0042960377
0.0046731802
0.0050425591
0.0053957125
0.0057239827
0.0060192835
0.0062749878
0.0064867599
0.0066531241
0.0067755718
0.006858162
0.0069067567
0.0069281451
0.0069293005
0.0069168997
0.0068970536
0.006875112
0.0068554679
0.0068412104
0.0068335609
0.0068316526
0.0068333502
0.0068365363
0.0068399666
0.0068432021
0.0068465446
0.0068502425
0.0068554167
0.0068631374
0.0068762664
0.0068954416
0.0069196677
0.0069716747
9.5930767e-05
9.5861632e-05
9.5824696e-05
9.5863093e-05
9.5987065e-05
9.6207257e-05
9.6532073e-05
9.6969055e-05
9.7523266e-05
9.8196796e-05
9.8988703e-05
9.9892973e-05
0.00010089914
0.00010199149
0.00010314868
0.00010434467
0.0001055507
0.00010673816
0.00010788525
0.00010898764
0.00011007586
0.00011124156
0.00011267618
0.00011471888
0.00011790182
0.0001229586
0.00013074067
0.00014200222
0.0001571178
0.00017591211
0.00019773926
0.00022174031
0.00024709045
0.00027313538
0.00029943286
0.00032575546
0.00035208977
0.0003786429
0.00040585085
0.00043440988
0.00046531701
0.00049989672
0.00053985948
0.00058735535
0.00064499832
0.00071583104
0.00080319584
0.00091048868
0.0010408024
0.0011965638
0.0013797358
0.0015962032
0.0018678237
0.0021787905
0.0024952679
0.0028232182
0.0031668029
0.0035256612
0.0038964817
0.0042741069
0.0046519934
0.0050224743
0.0053771023
0.0057071975
0.0060046083
0.0062625991
0.0064766935
0.0066452658
0.0067696765
0.006853898
0.0069037593
0.0069260648
0.0069278323
0.0069157953
0.0068961245
0.006874233
0.0068545736
0.0068402756
0.0068325821
0.006830643
0.0068323334
0.0068355323
0.0068389824
0.0068422345
0.0068455818
0.0068492678
0.0068544001
0.0068620566
0.0068750842
0.0068941781
0.0069181988
0.0069695102
0.00010649995
0.00010630749
0.00010612401
0.00010599642
0.00010593724
0.00010595721
0.00010606689
0.00010627597
0.00010659302
0.00010702492
0.00010757498
0.00010824364
0.00010902654
0.00010991453
0.00011089319
0.00011194241
0.00011303777
0.00011415237
0.00011526111
0.00011634821
0.00011741981
0.00011852422
0.00011978171
0.00012142657
0.00012385614
0.00012766942
0.00013365446
0.00014266899
0.00015539631
0.00017207581
0.0001923917
0.00021560913
0.00024084195
0.00026727558
0.00029427949
0.00032144261
0.00034858261
0.00037575728
0.00040328268
0.0004317648
0.00046214685
0.00049574531
0.00053429098
0.00057997333
0.00063545838
0.00070385343
0.0007885822
0.00089314428
0.0010207589
0.0011739631
0.0013544588
0.0015646958
0.0018263345
0.0021388219
0.0024635085
0.0027964255
0.0031419727
0.0035015212
0.0038727385
0.0042508799
0.0046295719
0.0050012201
0.005357401
0.0056894154
0.0059890458
0.0062494446
0.0064659892
0.0066368963
0.0067633873
0.0068493407
0.0069005495
0.0069238321
0.0069262536
0.0069146081
0.0068951312
0.0068733033
0.0068536384
0.0068393051
0.0068315678
0.0068295962
0.0068312779
0.0068344891
0.0068379593
0.0068412291
0.0068445818
0.0068482572
0.0068533474
0.0068609402
0.0068738661
0.006892876
0.0069166905
0.0069672952
0.00011822096
0.00011791413
0.00011759074
0.00011730517
0.00011706892
0.00011689271
0.00011678801
0.00011676619
0.00011683827
0.00011701357
0.00011730022
0.00011770342
0.00011822515
0.00011886251
0.00011960818
0.00012044902
0.00012136677
0.00012233888
0.00012334123
0.00012435326
0.00012536688
0.0001264011
0.00012752553
0.00012889382
0.00013078865
0.0001336702
0.00013820392
0.00014522207
0.00015556724
0.00016982809
0.00018809657
0.00020992192
0.00023449486
0.00026091267
0.00028837678
0.00031628678
0.0003442743
0.00037222215
0.00040029155
0.00042895709
0.00045906008
0.00049186482
0.00052909354
0.00057296397
0.00062619893
0.00069198473
0.00077384513
0.00087540368
0.0010000292
0.0011504154
0.0013282885
0.0015352488
0.0017860216
0.0020918758
0.0024244587
0.0027648956
0.0031143681
0.0034754997
0.0038474607
0.0042262617
0.0046058406
0.0049787285
0.0053365439
0.0056705746
0.005972538
0.0062354715
0.0064546009
0.0066279764
0.0067566721
0.0068444654
0.0068971084
0.0069214332
0.0069245542
0.0069133309
0.0068940691
0.0068723206
0.0068526612
0.0068382977
0.0068305168
0.0068285104
0.0068301813
0.006833404
0.0068368946
0.006840183
0.0068435419
0.0068472076
0.0068522558
0.0068597853
0.0068726094
0.0068915326
0.0069151398
0.0069650262
0.00013124334
0.00013082697
0.00013037007
0.00012993226
0.00012952425
0.00012915644
0.00012883992
0.00012858663
0.00012840842
0.00012831724
0.00012832408
0.00012843834
0.00012866638
0.00012901224
0.00012947486
0.00013004882
0.00013072258
0.00013148027
0.00013230178
0.00013316675
0.00013406031
0.00013498403
0.00013597285
0.00013712161
0.0001386225
0.00014081221
0.00014421711
0.00014956624
0.00015772186
0.00016948749
0.0001853343
0.00020520009
0.00022850969
0.00025439362
0.0002819438
0.00031038482
0.00033915607
0.00036794904
0.00039674129
0.00042584069
0.00045594371
0.00048820621
0.00052429739
0.00056643325
0.00061738335
0.00068042046
0.00075918757
0.00085745744
0.00097877689
0.0011260448
0.001301197
0.0015057345
0.0017479142
0.0020432699
0.0023782737
0.0027266779
0.0030825755
0.0034469428
0.0038203711
0.004200117
0.0045807126
0.0049549281
0.0053144652
0.0056506123
0.0059550252
0.0062206247
0.0064424788
0.0066184638
0.0067494964
0.006839245
0.0068934156
0.0069188528
0.0069227232
0.0069119562
0.0068929338
0.0068712831
0.0068516413
0.0068372526
0.0068294276
0.0068273836
0.0068290411
0.0068322741
0.0068357852
0.006839093
0.006842459
0.0068461161
0.0068511224
0.0068585888
0.0068713111
0.0068901447
0.0069135433
0.0069626994
0.00014570171
0.00014518363
0.00014459865
0.00014401594
0.00014344344
0.00014289004
0.00014236716
0.00014188493
0.00014145665
0.00014109456
0.00014081139
0.00014061941
0.00014052956
0.0001405502
0.00014068689
0.00014094063
0.00014130825
0.00014178056
0.00014234431
0.00014298276
0.00014368044
0.0001444298
0.00014524442
0.00014617838
0.0001473565
0.00014901504
0.00015154995
0.00015555584
0.00016181894
0.00017121356
0.00018447832
0.00020194758
0.00022340411
0.00024816187
0.00027530683
0.00030393596
0.00033330703
0.00036291373
0.00039253271
0.00042227659
0.00045265822
0.00048467348
0.00051988103
0.00056044698
0.00060915736
0.00066936405
0.0007448425
0.00083954063
0.00095721737
0.001101021
0.0012731666
0.0014751837
0.0017111575
0.0019962387
0.0023275201
0.0026808159
0.0030446089
0.0034145991
0.0037909088
0.0041722076
0.0045540679
0.0049297378
0.0052910955
0.0056294633
0.0059364453
0.0062048462
0.006429571
0.0066083134
0.0067418229
0.0068336499
0.0068894485
0.0069160744
0.0069207488
0.0069104767
0.0068917216
0.0068701893
0.0068505782
0.0068361693
0.0068282988
0.0068262136
0.0068278547
0.0068310966
0.006834628
0.0068379561
0.0068413297
0.0068449795
0.006849944
0.0068573476
0.0068699681
0.0068887092
0.0069118975
0.0069603107
0.00016180652
0.00016118725
0.00016047976
0.00015975568
0.00015902235
0.0001582884
0.00015756184
0.00015685432
0.00015617554
0.00015553968
0.00015495961
0.00015444904
0.00015402128
0.00015368893
0.00015346231
0.0001533491
0.00015335261
0.00015347201
0.00015370118
0.00015403019
0.0001544465
0.00015494077
0.00015551506
0.00015619758
0.00015706546
0.00015827863
0.00016012321
0.00016305923
0.00016774932
0.00017502718
0.00018575727
0.00020058743
0.00021970073
0.0002427294
0.00026889248
0.00029724723
0.00032690788
0.00035717859
0.00038762866
0.0004181561
0.00044906154
0.00048113792
0.00051577152
0.00055501859
0.00060163037
0.00065900901
0.00073105991
0.00082192702
0.00093561685
0.0010755664
0.0012442934
0.0014434002
0.0016748076
0.0019514143
0.0022754679
0.0026286841
0.002998941
0.0033765529
0.0037579551
0.0041420381
0.0045256947
0.0049030476
0.0052663573
0.0056070598
0.0059167345
0.0061880754
0.0064158219
0.0065974762
0.0067336108
0.0068276476
0.0068851824
0.0069130801
0.0069186188
0.0069088849
0.0068904293
0.0068690387
0.0068494721
0.0068350472
0.0068271291
0.0068249983
0.0068266192
0.0068298682
0.0068334196
0.0068367687
0.0068401507
0.0068437942
0.006848717
0.0068560582
0.0068685769
0.0068872225
0.0069101986
0.0069578557
0.00017977177
0.00017905705
0.00017822816
0.00017736591
0.00017647731
0.00017556644
0.00017464121
0.00017371009
0.00017278426
0.00017187384
0.00017099292
0.00017015512
0.00016937539
0.00016866841
0.00016804825
0.00016752719
0.00016711561
0.00016681921
0.00016664034
0.00016657633
0.00016662139
0.00016676862
0.00016701643
0.00016737869
0.00016790157
0.00016868997
0.00016994434
0.00017200681
0.00017540527
0.00018086776
0.00018926132
0.00020141598
0.00021786467
0.00023862964
0.00026320257
0.00029072606
0.00032024462
0.00035090365
0.00038207226
0.00041342739
0.00044503687
0.00047745796
0.00051185413
0.00055010434
0.00059485822
0.00064951553
0.00071808661
0.00080491698
0.00091429063
0.0010499711
0.001214806
0.0014105676
0.0016384058
0.0019080533
0.0022238438
0.0025732379
0.0029460565
0.0033310122
0.0037197095
0.0041085944
0.0044951404
0.0048746597
0.0052401448
0.0055833251
0.0058958247
0.0061702491
0.0064011726
0.0065859005
0.006724816
0.0068212026
0.0068805903
0.0069098503
0.0069163204
0.0069071739
0.0068890545
0.0068678313
0.0068483233
0.0068338859
0.0068259172
0.0068237354
0.0068253317
0.0068285855
0.0068321563
0.006835527
0.0068389182
0.0068425564
0.0068474377
0.0068547169
0.006867134
0.0068856809
0.0069084424
0.0069553296
0.00020179107
0.00020087899
0.00019983902
0.00019874822
0.00019760798
0.00019642452
0.00019520343
0.00019395169
0.00019267795
0.00019139428
0.0001901119
0.00018884606
0.00018761196
0.00018642614
0.00018530543
0.0001842667
0.00018332457
0.00018249256
0.00018177958
0.00018119147
0.0001807298
0.00018039344
0.00018018227
0.000180104
0.00018018658
0.0001804976
0.00018117444
0.00018246389
0.00018476975
0.00018868988
0.00019501172
0.00020461737
0.00021827569
0.00023638247
0.0002587958
0.00028488061
0.00031372201
0.0003443689
0.00037601649
0.00040812653
0.00044052613
0.00047351731
0.00050800227
0.00054561902
0.00058884306
0.00064099886
0.00070614927
0.00078882346
0.00089359818
0.0010246011
0.0011850632
0.0013770896
0.0016019956
0.0018653553
0.0021726637
0.0025169387
0.0028885069
0.0032778634
0.0036743108
0.0040702016
0.0044614661
0.0048441427
0.0052122615
0.0055581506
0.0058736366
0.0061512976
0.0063855604
0.0065735295
0.0067153903
0.0068142761
0.0068756426
0.0069063642
0.0069138406
0.0069053375
0.0068875957
0.0068665677
0.0068471324
0.0068326851
0.0068246615
0.0068224225
0.0068239891
0.0068272449
0.0068308343
0.006834227
0.006837628
0.0068412621
0.0068461023
0.0068533196
0.0068656353
0.0068840803
0.0069066244
0.0069527275
0.00022823921
0.00022708947
0.00022580334
0.00022444055
0.00022300502
0.00022149918
0.00021992727
0.00021829436
0.00021660866
0.00021487907
0.00021311786
0.00021133843
0.00020955712
0.00020779125
0.00020606036
0.00020438426
0.00020278305
0.00020127533
0.00019987878
0.00019860712
0.00019747071
0.00019647689
0.00019563119
0.00019494193
0.00019442885
0.0001941373
0.00019416099
0.00019467549
0.00019598082
0.00019854781
0.00020304498
0.00021030954
0.00022121644
0.00023644529
0.00025623667
0.00028028662
0.00030785014
0.0003379751
0.00036973503
0.00040239973
0.00043556186
0.00046925822
0.00050410589
0.00054145682
0.00058353872
0.00063351761
0.00069543224
0.00077394677
0.0008739222
0.00099987836
0.0011554858
0.0013432693
0.0015647893
0.0018229116
0.0021228152
0.0024612337
0.0028291976
0.003219218
0.0036212841
0.0040250486
0.0044231204
0.0048106068
0.0051822763
0.0055313267
0.0058500496
0.0061311338
0.0063689118
0.0065602998
0.0067052799
0.0068068248
0.0068703067
0.0069025994
0.0069111662
0.0069033701
0.0068860522
0.0068652491
0.0068459001
0.0068314444
0.0068233605
0.0068210571
0.0068225881
0.0068258427
0.0068294495
0.0068328646
0.006836276
0.0068399071
0.0068447063
0.0068518621
0.0068640766
0.0068824165
0.0069047399
0.0069500437
0.00025902024
0.0002576427
0.00025610961
0.00025447614
0.00025274404
0.00025091239
0.00024898237
0.00024695781
0.00024484388
0.00024264812
0.0002403801
0.00023805171
0.00023567843
0.00023327738
0.00023086887
0.00022847468
0.00022611833
0.00022382387
0.00022161497
0.00021951429
0.00021754141
0.00021571364
0.00021404513
0.00021255103
0.00021125069
0.00021017951
0.00020940512
0.00020905327
0.00020934513
0.00021064162
0.00021348602
0.00021861615
0.00022690542
0.00023919593
0.00025605089
0.00027754264
0.0003032125
0.00033222601
0.00036361654
0.00039650661
0.00043027521
0.00046469911
0.00050010117
0.00053751665
0.00057886519
0.00062707189
0.00068605821
0.00076054524
0.00085563778
0.0009762531
0.001126541
0.0013094932
0.0015269239
0.0017803286
0.0020739679
0.0024064487
0.0027698708
0.0031579365
0.0035622862
0.0039724798
0.0043784162
0.0047726223
0.0051493317
0.0055024064
0.0058248287
0.0061096167
0.0063511267
0.0065461322
0.0066944207
0.0067987983
0.0068645455
0.0068985311
0.0069082837
0.0069012665
0.0068844235
0.0068638762
0.0068446269
0.0068301631
0.0068220124
0.0068196363
0.006821125
0.0068243746
0.0068279974
0.0068314351
0.0068348575
0.0068384866
0.0068432451
0.0068503397
0.0068624534
0.0068806846
0.0069027837
0.0069472725
0.00029486522
0.00029324682
0.00029145892
0.00028954459
0.00028750293
0.00028533102
0.00028302815
0.00028059527
0.00027803304
0.00027534663
0.00027254376
0.00026963386
0.00026662844
0.00026354476
0.00026040144
0.0002572206
0.00025402711
0.00025084866
0.00024771345
0.0002446506
0.000241689
0.0002388553
0.00023617488
0.00023367142
0.00023137133
0.00022930919
0.00022753989
0.00022615926
0.00022533241
0.00022533456
0.00022659581
0.00022973664
0.00023555967
0.00024495633
0.00025870755
0.00027723472
0.00030043516
0.00032770959
0.00035815721
0.00039082312
0.00042491175
0.00045995932
0.00049599748
0.00053373139
0.00057473408
0.00062161547
0.0006780827
0.00074881297
0.00083908025
0.00095417023
0.001098729
0.001276253
0.0014888757
0.0017376018
0.002025677
0.0023524168
0.0027110938
0.0030959882
0.0034999645
0.0039137759
0.0043266641
0.0047286837
0.0051121295
0.0054705638
0.0057975066
0.0060864802
0.006332039
0.0065309113
0.0066827272
0.006790133
0.0068583136
0.0068941305
0.0069051774
0.0068990207
0.0068827085
0.0068624496
0.0068433127
0.0068288402
0.0068206151
0.0068181571
0.0068195961
0.0068228363
0.0068264734
0.0068299336
0.0068333675
0.0068369956
0.0068417139
0.0068487477
0.0068607608
0.0068788798
0.0069007502
0.0069444075
0.00033648062
0.00033461602
0.00033256086
0.00033035713
0.00032799484
0.00032547132
0.00032278097
0.00031992133
0.00031689289
0.00031369613
0.00031033274
0.00030681058
0.00030313948
0.00029933121
0.0002954033
0.0002913759
0.00028727415
0.00028312542
0.00027896161
0.00027481634
0.00027072448
0.00026672189
0.00026284403
0.00025912568
0.00025560289
0.00025231598
0.00024931883
0.00024669159
0.00024456504
0.00024315245
0.00024279288
0.00024399408
0.00024745653
0.00025403898
0.00026462783
0.00027991234
0.00030015103
0.00032506705
0.00035393961
0.00038582956
0.00041982647
0.0004552609
0.00049189094
0.00053009412
0.00057107602
0.00061707569
0.00067149732
0.00073886279
0.00082451022
0.00093402735
0.0010725431
0.0012440911
0.0014512229
0.0016949642
0.0019776942
0.0022988889
0.0026528445
0.0030341646
0.0034363485
0.0038512713
0.0042688625
0.0046781759
0.0050693955
0.0054346609
0.0057673112
0.0060612521
0.0063113613
0.0065144528
0.0066700741
0.0067807416
0.0068515526
0.0068893614
0.0069018285
0.0068966246
0.0068809049
0.0068609685
0.0068419568
0.0068274742
0.0068191662
0.0068166161
0.0068179971
0.006821223
0.0068248724
0.006828355
0.0068318008
0.0068354289
0.0068401074
0.0068470805
0.0068589936
0.0068769966
0.0068986335
0.0069414422
0.00037325219
0.00038230235
0.00037998662
0.00037748706
0.00037480434
0.0003719262
0.00036884627
0.00036555936
0.00036205961
0.00035834327
0.00035441222
0.00035026568
0.00034591109
0.00034135658
0.00033661393
0.00033170215
0.00032664153
0.00032146052
0.00031618885
0.00031086288
0.00030552115
0.00030020612
0.00029496122
0.00028983224
0.00028486538
0.00028011175
0.00027563021
0.00027149846
0.00026782925
0.000264797
0.00026267377
0.00026187351
0.0002629901
0.0002668041
0.00027421668
0.00028608178
0.00030296691
0.00032495292
0.00035159714
0.00038208285
0.00041546588
0.00045092255
0.00048796865
0.00052666855
0.00056785726
0.00061337148
0.00066623815
0.00073071541
0.00081208275
0.00091612875
0.0010484164
0.0012135361
0.0014145684
0.0016529147
0.0019300062
0.0022455203
0.0025948856
0.0029725549
0.0033723707
0.0037869011
0.0042069871
0.0046218954
0.0050206564
0.0053936897
0.0057332995
0.0060332517
0.0062886489
0.0064964713
0.0066562754
0.0067705018
0.0068441835
0.0068841767
0.0068982116
0.0068940666
0.0068790074
0.0068594301
0.0068405569
0.0068260626
0.0068176626
0.0068150096
0.0068163237
0.0068195297
0.0068231889
0.0068266936
0.0068301518
0.0068337808
0.0068384199
0.0068453327
0.0068571461
0.0068750293
0.0068964271
0.0069383694
0.00034472713
0.00043946856
0.00043682169
0.00043397096
0.00043089941
0.00042759426
0.00042405176
0.00042025623
0.000416201
0.00041187945
0.00040728505
0.00040241857
0.00039727629
0.00039186509
0.00038619338
0.0003802729
0.00037412293
0.00036776683
0.00036123406
0.00035455962
0.00034778493
0.00034095449
0.00033411919
0.00032733179
0.00032065012
0.00031413499
0.00030785526
0.00030189264
0.00029635459
0.00029139405
0.00028723815
0.00028422863
0.00028286466
0.00028383218
0.0002879881
0.00029625798
0.00030943568
0.00032794439
0.00035168453
0.00038006671
0.00041220938
0.00044720226
0.00048436073
0.00052346021
0.00056497431
0.00061032299
0.00066210375
0.0007242164
0.00080175483
0.00090058237
0.001026613
0.0011849828
0.0013793727
0.0016116954
0.0018828129
0.0021924934
0.0025371209
0.002911045
0.0033082556
0.0037216643
0.0041427688
0.004561448
0.0049665534
0.0053473355
0.005694734
0.0060017514
0.0062633455
0.0064765837
0.006641077
0.0067592482
0.0068361023
0.0068785147
0.0068942931
0.0068913291
0.006877007
0.0068578295
0.0068391096
0.0068246023
0.0068161008
0.0068133333
0.0068145708
0.006817751
0.0068214173
0.0068249434
0.0068284143
0.0068320452
0.0068366454
0.0068434982
0.0068552124
0.0068729716
0.0068941242
0.0069351814
0.00030753861
0.00051220463
0.00050910135
0.00050574415
0.00050212392
0.00049822691
0.00049403337
0.0004895308
0.00048470933
0.00047955516
0.00047405848
0.00046821255
0.00046201425
0.00045546242
0.00044856085
0.00044131957
0.00043375305
0.00042588206
0.00041773545
0.00040934733
0.00040075984
0.00039202223
0.00038318926
0.00037432318
0.00036548993
0.00035676293
0.0003482208
0.00033995485
0.00033207454
0.00032472282
0.00031810005
0.00031249588
0.00030833164
0.0003062009
0.00030688518
0.00031131083
0.00032040809
0.00033488608
0.00035500869
0.00038050126
0.0004106512
0.00044454754
0.00048136128
0.00052061333
0.00056243356
0.00060782602
0.00065892955
0.00071920922
0.00079345435
0.00088746244
0.0010073801
0.0011588349
0.0013461268
0.0015717362
0.0018364703
0.0021401109
0.0024796513
0.0028496004
0.0032440037
0.003655914
0.0040772012
0.0044982926
0.0049083267
0.0052960901
0.0056514185
0.0059662382
0.0062349202
0.0064543647
0.0066241755
0.0067467775
0.0068271799
0.0068722976
0.0068900285
0.0068883878
0.0068748904
0.0068561587
0.0068376096
0.0068230889
0.0068144766
0.0068115826
0.0068127331
0.0068158809
0.0068195512
0.0068230981
0.006826582
0.0068302155
0.0068347774
0.0068415706
0.006853186
0.0068708171
0.0068917174
0.0069318702
0.00026397022
0.0006086263
0.00060488577
0.00060083587
0.00059645169
0.00059172087
0.00058661757
0.00058112625
0.00057522569
0.00056890011
0.00056213606
0.00055491662
0.00054723715
0.00053908968
0.00053047548
0.00052139914
0.00051187253
0.00050191493
0.00049155476
0.00048082703
0.00046977692
0.00045845956
0.00044693727
0.00043528201
0.00042357292
0.00041189685
0.00040034861
0.00038903276
0.00037806818
0.00036759976
0.00035781401
0.00034896684
0.00034142045
0.00033568616
0.00033246
0.00033262157
0.00033715738
0.00034698318
0.00036270187
0.0003844084
0.00041166269
0.00044365537
0.00047948669
0.00051846797
0.00056041141
0.00060591569
0.00065664875
0.00071558912
0.00078711925
0.0008768286
0.00099095135
0.0011355066
0.0013153878
0.0015336897
0.0017915227
0.002088749
0.0024227507
0.00278835
0.0031796479
0.0035897492
0.0040107081
0.0044333229
0.004847107
0.005240827
0.0056036716
0.0059265616
0.0062030065
0.0064294308
0.0066052575
0.0067328642
0.0068172662
0.0068654318
0.0068853621
0.0068852105
0.0068726389
0.0068544068
0.0068360498
0.0068215172
0.0068127851
0.0068097522
0.006810805
0.0068139131
0.0068175841
0.0068211508
0.0068246479
0.0068282848
0.006832809
0.0068395428
0.0068510601
0.0068685585
0.0068891988
0.0069284271
0.00021593671
0.00074192692
0.00073718933
0.00073205418
0.00072649076
0.00072047615
0.00071398373
0.00070698985
0.00069946324
0.00069138751
0.00068273545
0.00067349214
0.00066363692
0.00065316164
0.00064206209
0.00063033483
0.00061799326
0.00060505341
0.00059154161
0.00057749738
0.00056297061
0.00054802204
0.00053272752
0.00051717044
0.00050144988
0.0004856707
0.00046995063
0.00045441617
0.00043920669
0.00042448017
0.0004104259
0.00039728394
0.00038537751
0.00037515241
0.00036722212
0.00036239434
0.00036164909
0.0003660239
0.00037640103
0.00039325754
0.0004165118
0.00044556881
0.00047955147
0.00051762064
0.0005593037
0.0006048096
0.00065533554
0.00071334277
0.00078272529
0.00086873421
0.00097753232
0.0011153922
0.001287729
0.0014982722
0.0017486483
0.0020389353
0.0023668415
0.0027275691
0.0031153165
0.0035232215
0.0039434216
0.0043669364
0.0047835916
0.005182314
0.0055520098
0.0058828488
0.0061674368
0.0064014905
0.0065840344
0.0067172771
0.006806197
0.0068578092
0.0068802265
0.0068817564
0.0068702285
0.0068525592
0.006834421
0.0068198805
0.0068110205
0.0068078364
0.00680878
0.0068118409
0.0068155087
0.0068190942
0.0068226047
0.0068262457
0.0068307328
0.0068374076
0.0068488274
0.0068661883
0.0068865599
0.0069248429
0.0001680642
0.00092871332
0.00092219355
0.00091515112
0.00090758442
0.00089943637
0.00089068286
0.00088128969
0.00087122875
0.00086045731
0.00084895554
0.00083668894
0.00082364193
0.0008097878
0.00079511791
0.00077962372
0.0007633119
0.00074619171
0.00072829029
0.00070964534
0.00069031166
0.00067035617
0.00064986271
0.00062893397
0.00060768414
0.00058624543
0.00056476376
0.00054339595
0.00052231426
0.00050170571
0.00048177997
0.0004627858
0.00044503085
0.00042892102
0.00041500276
0.00040400758
0.00039686836
0.00039467032
0.00039849511
0.00040917289
0.00042703523
0.00045181533
0.0004827745
0.00051900271
0.0005597842
0.00060495661
0.00065524837
0.00071258525
0.00078031569
0.00086323789
0.00096728465
0.0010988173
0.001263657
0.0014661431
0.001708528
0.0019912546
0.0023123988
0.0026675853
0.0030511728
0.0034563563
0.0038753171
0.0042991985
0.0047180482
0.0051209855
0.0054968441
0.0058353021
0.0061281648
0.0063703377
0.0065602523
0.0066997878
0.006793797
0.0068493078
0.0068745424
0.0068779767
0.0068676297
0.0068505985
0.0068327123
0.006818171
0.0068091764
0.0068058287
0.0068066514
0.006809657
0.0068133176
0.0068169205
0.0068204445
0.0068240903
0.006828541
0.0068351571
0.0068464799
0.0068636985
0.0068837917
0.0069211077
0.0001244275
0.0011874775
0.0011781916
0.0011682737
0.0011576908
0.0011463863
0.0011343386
0.0011214796
0.0011077841
0.0010932074
0.0010776965
0.0010612242
0.0010437476
0.0010252413
0.00100567
0.00098503107
0.00096330704
0.00094051187
0.00091665889
0.00089178417
0.0008659406
0.00083919953
0.0008116568
0.00078342415
0.00075463964
0.00072546436
0.0006960748
0.00066667093
0.00063746893
0.00060870183
0.0005806251
0.00055351951
0.00052771311
0.00050360427
0.00048170354
0.00046268246
0.00044741427
0.00043697671
0.00043256938
0.00043531117
0.00044595874
0.00046467291
0.00049098924
0.0005240368
0.00056291566
0.00060711153
0.00065688208
0.00071360013
0.00078002174
0.00086039582
0.00096027681
0.0010859381
0.0012434561
0.0014377072
0.0016716073
0.0019460966
0.002259711
0.0026085536
0.0029872227
0.0033890201
0.0038061733
0.0042298969
0.0046503812
0.0050569094
0.0054383348
0.0057840328
0.0060851593
0.006335807
0.0065336814
0.0066801706
0.0067798814
0.0068397932
0.0068682195
0.0068738141
0.0068648077
0.0068485036
0.0068309104
0.0068163798
0.0068072455
0.0068037223
0.0068044119
0.0068073535
0.0068110025
0.0068146214
0.0068181589
0.0068218101
0.0068262252
0.0068327829
0.0068440094
0.0068610802
0.0068808845
0.006917211
7.7410368e-05
0.001111007
0.001581424
0.0015682564
0.0015540919
0.0015389163
0.0015226266
0.0015051934
0.0014865082
0.0014665141
0.0014451592
0.0014223613
0.0013980674
0.0013722308
0.0013448026
0.0013157587
0.0012850812
0.0012527699
0.0012188452
0.0011833575
0.0011463711
0.0011079911
0.0010683434
0.0010275914
0.00098593066
0.00094358554
0.00090081402
0.00085789705
0.00081514244
0.0007728746
0.00073143718
0.0006911913
0.00065252455
0.00061587017
0.0005817391
0.00055076375
0.00052375582
0.00050174459
0.00048596312
0.00047772744
0.00047818049
0.00048797568
0.00050706662
0.00053476356
0.00057006097
0.00061210262
0.00066064546
0.00071646149
0.00078165318
0.00085982741
0.00095601797
0.0010762362
0.0012266463
0.001412555
0.0016375291
0.0019031075
0.0022083943
0.0025500426
0.0029229779
0.0033206724
0.0037354252
0.0041584983
0.0045801662
0.004989826
0.0053763732
0.005728995
0.0060383369
0.0062977353
0.0065041038
0.006658201
0.0067642569
0.0068291183
0.006861156
0.0068692027
0.006861722
0.0068462499
0.0068290004
0.0068144966
0.0068052196
0.0068015094
0.0068020536
0.0068049222
0.0068085547
0.0068121878
0.0068157389
0.0068193961
0.0068237764
0.0068302761
0.006841407
0.0068583244
0.006877828
0.0069131416
3.3031056e-05
0.00047301873
0.0023959619
0.0023769201
0.0023561994
0.0023336202
0.0023091238
0.0022825291
0.0022537314
0.0022225805
0.0021889677
0.0021527743
0.002113884
0.0020722063
0.0020276744
0.0019802243
0.0019298325
0.0018764989
0.0018202777
0.0017612526
0.0016995598
0.0016353897
0.0015689812
0.0015006469
0.0014307439
0.0013596896
0.0012879543
0.0012160538
0.0011445273
0.0010739486
0.001004886
0.00093791424
0.00087359534
0.00081248579
0.00075515551
0.00070222849
0.0006544372
0.00061269488
0.00057814551
0.00055214376
0.00053609751
0.00053115266
0.00053782402
0.00055579866
0.00058408635
0.00062148109
0.00066713646
0.00072108522
0.00078463568
0.00086061116
0.00095336442
0.001068459
0.0012119636
0.001389479
0.0016051725
0.0018612463
0.0021574712
0.0024911295
0.0028575621
0.0032504809
0.0036622913
0.0040842974
0.0045068155
0.0049193057
0.0053106917
0.0056700312
0.0059875665
0.006255957
0.0064713107
0.0066336568
0.0067467227
0.0068171239
0.006853238
0.0068640675
0.0068583257
0.0068438092
0.0068269646
0.0068125097
0.0068030896
0.0067991819
0.0067995681
0.0068023539
0.0068059649
0.0068096105
0.0068131752
0.0068168388
0.0068211852
0.0068276273
0.0068386632
0.0068554209
0.0068746113
0.0069088874
1.2930687e-05
0.00015200519
0.0011103658
0.0033051503
0.0034627111
0.0034307483
0.003396067
0.0033584839
0.0033177952
0.0032738416
0.0032263635
0.0031751962
0.0031201298
0.0030610053
0.0029976404
0.0029299161
0.002857705
0.0027809536
0.0026996287
0.0026137627
0.0025234513
0.0024288616
0.0023302566
0.002227972
0.0021224542
0.002014244
0.0019039881
0.0017924251
0.0016803928
0.0015687843
0.00145856
0.0013506988
0.0012461797
0.0011459587
0.0010509555
0.00096205067
0.00088012329
0.00080610852
0.00074108522
0.0006863476
0.00064340662
0.00061381439
0.00059879022
0.0005987667
0.00061316349
0.00064062039
0.00067962547
0.00072924569
0.00078972038
0.00086282871
0.00095199884
0.0010621026
0.0011988782
0.0013680245
0.0015741965
0.0018202657
0.0021067429
0.0024316223
0.0027907585
0.003178185
0.0035864655
0.0040069592
0.0044300007
0.0048450697
0.005241089
0.0056070062
0.0059327325
0.0062103278
0.0064351124
0.0066063229
0.0067270718
0.0068036376
0.0068443375
0.0068583219
0.0068545641
0.0068411482
0.0068247827
0.0068104057
0.0068008455
0.0067967305
0.006796946
0.0067996392
0.0068032232
0.0068068791
0.0068104574
0.006814128
0.0068184414
0.0068248263
0.0068357679
0.0068523592
0.0068712229
0.0069044345
1.0807241e-05
8.5058981e-05
0.00045427088
0.0017242464
0.0036230677
0.0041189944
0.0040874005
0.0040529477
0.0040153843
0.0039744593
0.0039299505
0.003881582
0.0038291093
0.0037722583
0.003710782
0.0036444175
0.00357294
0.0034961089
0.0034137529
0.0033256976
0.0032318419
0.0031321231
0.0030265655
0.0029152625
0.0027984067
0.0026763153
0.0025494211
0.002418292
0.0022836449
0.0021463519
0.0020074245
0.001868026
0.0017294311
0.0015930197
0.001460231
0.0013325389
0.0012114237
0.0010983698
0.00099489389
0.00090261036
0.00082330052
0.00075892229
0.0007114441
0.00068242619
0.00067247269
0.0006809258
0.00070614163
0.00074629486
0.00080030804
0.00086854502
0.0009531346
0.0010579061
0.0011879348
0.0013487313
0.0015452305
0.0017808899
0.002056974
0.0023722571
0.0027232116
0.0031042925
0.0035082975
0.0039266811
0.0043497973
0.0047671175
0.0051675323
0.005539876
0.00587377
0.0061607366
0.0063953408
0.006575991
0.0067050908
0.006788472
0.00683431
0.0068518655
0.0068503729
0.0068382274
0.0068224309
0.0068081693
0.006798476
0.0067941455
0.0067941779
0.0067967679
0.0068003191
0.0068039831
0.0068075749
0.0068112527
0.0068155344
0.0068218625
0.0068327104
0.0068491275
0.0068676507
0.0068997688
1.1149417e-05
7.9534251e-05
0.00038768516
0.0014970991
0.0034524213
0.004747536
0.0047196613
0.0046889618
0.0046552096
0.0046181574
0.0045775175
0.0045330365
0.0044844121
0.004431341
0.0043735276
0.0043106525
0.0042424107
0.0041685043
0.0040886238
0.0040025052
0.003909884
0.0038105635
0.003704357
0.0035911648
0.0034709538
0.0033437783
0.0032097988
0.0030693144
0.0029227492
0.0027707031
0.002613954
0.0024534599
0.0022903857
0.0021260915
0.0019621277
0.0018002151
0.0016422267
0.0014901556
0.0013460971
0.0012122517
0.0010909459
0.00098467658
0.00089609436
0.00082782737
0.00078202292
0.00075971173
0.00076039373
0.00078231007
0.00082339774
0.00088242696
0.0009598054
0.0010578458
0.0011805073
0.0013326997
0.0015193162
0.0017441965
0.0020092754
0.0023141317
0.0026559395
0.0030296817
0.0034284865
0.0038439705
0.0042665351
0.0046856371
0.0050901117
0.005468667
0.0058106523
0.0061070964
0.0063518437
0.0065424585
0.0066805589
0.0067714241
0.0068229929
0.006844582
0.0068456761
0.0068350005
0.006819881
0.0068057827
0.0067959683
0.0067914162
0.0067912531
0.0067937293
0.0067972414
0.0068009109
0.0068045162
0.0068082017
0.0068124526
0.0068187244
0.0068294793
0.0068457135
0.0068638862
0.0068948176
1.2327439e-05
9.820223e-05
0.00057172663
0.0024792785
0.0050877521
0.0053560507
0.0053309043
0.0053030499
0.0052722801
0.0052383216
0.0052009071
0.0051597592
0.0051145771
0.005065051
0.0050108488
0.0049516407
0.0048870749
0.0048167983
0.0047404557
0.0046576984
0.0045681899
0.0044715957
0.0043676247
0.0042560066
0.0041365323
0.0040090516
0.0038734942
0.0037298845
0.0035783756
0.0034192506
0.0032529586
0.0030801384
0.0029016399
0.0027185349
0.0025321508
0.0023440703
0.0021561361
0.0019704567
0.0017893876
0.0016155258
0.0014517066
0.0013010064
0.0011667526
0.0010524652
0.00096164187
0.00089724278
0.00086095669
0.00085266994
0.00087069772
0.00091285126
0.00097776268
0.0010657915
0.001179226
0.0013218372
0.0014979916
0.0017115753
0.0019650093
0.0022585873
0.0025902197
0.0029555068
0.0033480116
0.0037596004
0.0041807775
0.0046010044
0.0050090528
0.0053934924
0.0057434047
0.0060493528
0.0063044902
0.0065055326
0.0066532536
0.0067522785
0.0068102063
0.0068363386
0.0068403851
0.0068314122
0.0068171
0.0068032255
0.0067933083
0.0067885308
0.0067881605
0.0067905117
0.0067939782
0.0067976506
0.0068012692
0.0068049626
0.0068091842
0.0068154002
0.0068260626
0.0068421023
0.0068598996
0.0068889976
1.4374773e-05
0.00012561974
0.0011227745
0.0052614461
0.0058389712
0.0058187764
0.0057963567
0.0057715511
0.0057440941
0.005713774
0.0056803498
0.0056435327
0.0056030448
0.0055585868
0.0055098301
0.0054564437
0.0053980675
0.005334338
0.0052648792
0.0051892958
0.0051071958
0.0050181892
0.00492188
0.0048178994
0.0047058945
0.0045855459
0.0044565849
0.0043188074
0.0041720845
0.0040163932
0.0038518435
0.0036786875
0.0034973645
0.003308525
0.0031130654
0.0029121558
0.0027072776
0.002500243
0.0022932286
0.0020887877
0.0018898715
0.0016998426
0.0015224828
0.0013619878
0.0012228749
0.0011097069
0.0010264978
0.00097586098
0.0009583393
0.00097256204
0.0010163767
0.0010883203
0.0011886068
0.0013192646
0.0014835353
0.0016848578
0.0019257863
0.0022071323
0.002527483
0.0028830936
0.0032680462
0.0036745511
0.0040932914
0.0045137759
0.0049247267
0.0053145716
0.0056721246
0.0059874994
0.0062531815
0.0064650397
0.0066229568
0.0067308117
0.0067957547
0.0068269858
0.0068343974
0.006827398
0.0068140489
0.0068004737
0.0067904799
0.0067854767
0.0067848883
0.0067871031
0.0067905169
0.0067941892
0.0067978211
0.0068015227
0.0068057163
0.0068118772
0.0068224471
0.0068382749
0.0068556635
0.0068839891
0.0070319267
1.7288472e-05
0.00015117964
0.0020787073
0.0061449499
0.0061292977
0.0061119408
0.0060927026
0.0060713998
0.0060478512
0.0060218428
0.0059931523
0.0059615391
0.0059267406
0.0058884813
0.0058464664
0.0058003712
0.0057498699
0.005694602
0.0056341934
0.005568255
0.0054963846
0.0054181535
0.0053331426
0.0052409132
0.0051410346
0.0050330837
0.0049166578
0.0047913776
0.0046569163
0.0045130036
0.0043594485
0.0041961703
0.0040232143
0.0038407959
0.0036493271
0.003449462
0.00324214
0.0030286323
0.0028105937
0.0025901152
0.0023697767
0.0021526998
0.001942599
0.0017438214
0.0015613455
0.0014006798
0.0012675369
0.0011671485
0.0011032811
0.0010774037
0.0010887285
0.0011353406
0.0012157516
0.001329936
0.0014794175
0.0016665758
0.0018935956
0.0021614626
0.0024692599
0.0028138454
0.0031898557
0.0035899198
0.0040049773
0.0044246454
0.0048376293
0.0052322257
0.0055969859
0.0059215851
0.0061978583
0.0064208313
0.0065894613
0.0067067972
0.00677943
0.0068163577
0.0068275958
0.0068228827
0.0068106822
0.0067975
0.0067874652
0.0067822399
0.0067814237
0.0067834908
0.0067868445
0.0067905133
0.0067941583
0.0067978682
0.0068020354
0.006808142
0.0068186186
0.0068342138
0.0068511847
0.0068795801
0.0070226728
2.1210292e-05
0.00017655394
0.0042149631
0.0063407914
0.0063274888
0.0063127343
0.0062963896
0.0062783038
0.006258311
0.0062362339
0.0062118684
0.0061850099
0.00615543
0.0061228801
0.0060870909
0.0060477842
0.0060046507
0.0059573618
0.0059055715
0.00584891
0.0057869845
0.0057193874
0.0056456865
0.0055654386
0.0054781837
0.0053834536
0.0052807786
0.0051696954
0.0050497491
0.0049205165
0.0047816141
0.0046327174
0.004473586
0.0043040877
0.0041242348
0.0039342163
0.0037344489
0.0035256286
0.0033087874
0.0030853641
0.002857282
0.0026270303
0.0023977589
0.0021733692
0.001958596
0.0017590413
0.001581082
0.0014315184
0.0013168183
0.0012419991
0.0012096297
0.0012197155
0.0012707529
0.0013612856
0.0014909454
0.0016605171
0.0018712297
0.0021237627
0.0024173741
0.002749359
0.0031148602
0.0035069513
0.0039168891
0.0043344607
0.0047484008
0.0051469009
0.0055182629
0.0058517355
0.0061385179
0.0063727986
0.0065525821
0.006680014
0.0067610162
0.006804274
0.0068198482
0.0068177791
0.0068069466
0.0067942723
0.0067842437
0.0067788054
0.0067777533
0.0067796611
0.0067829469
0.0067866086
0.0067902663
0.0067939849
0.0067981273
0.0068041807
0.0068145626
0.0068299097
0.006846456
0.0068748087
0.0070130733
2.629621e-05
0.00020441299
0.0064798948
0.0064697193
0.0064584446
0.0064459529
0.0064321295
0.0064168447
0.0063999579
0.0063813102
0.0063607401
0.0063380621
0.0063130766
0.00628557
0.0062553117
0.0062220494
0.0061855071
0.0061453973
0.006101403
0.0060531872
0.0060003903
0.0059426271
0.0058794928
0.0058105542
0.0057353598
0.0056534398
0.0055643051
0.0054674543
0.0053623805
0.0052485783
0.0051255506
0.0049928273
0.0048499776
0.0046966347
0.0045325138
0.0043574536
0.0041714508
0.0039747077
0.0037676889
0.0035511962
0.003326442
0.0030951509
0.0028596729
0.0026231046
0.0023894282
0.0021636375
0.0019518135
0.0017610606
0.0015991482
0.0014737025
0.0013909789
0.0013547067
0.0013657967
0.0014232578
0.0015256761
0.0016722259
0.0018627406
0.0020970693
0.0023742101
0.0026916041
0.0030447472
0.0034271093
0.0038302798
0.0042442603
0.0046578607
0.0050592037
0.0054363647
0.0057781835
0.0060752394
0.0063208912
0.0065121709
0.006650257
0.0067402968
0.0067905432
0.0068110082
0.0068119879
0.0068027802
0.0067907535
0.0067807921
0.0067751563
0.0067738626
0.0067755999
0.0067788094
0.00678246
0.0067861298
0.0067898571
0.0067939766
0.0067999785
0.0068102649
0.0068253554
0.0068414682
0.0068696657
0.007002547
3.2869683e-05
0.00023832427
0.0065689169
0.006560399
0.0065509514
0.0065404821
0.0065288946
0.0065160759
0.0065019056
0.0064862527
0.0064689727
0.0064499086
0.0064288935
0.0064057372
0.0063802407
0.0063521826
0.0063213261
0.0062874111
0.0062501614
0.0062092739
0.0061644242
0.0061152643
0.0060614176
0.0060024859
0.0059380434
0.0058676387
0.005790796
0.0057070163
0.0056157835
0.0055165614
0.0054088069
0.0052919748
0.0051655323
0.0050289662
0.0048818101
0.0047236642
0.0045542255
0.0043733314
0.0041810036
0.0039775118
0.0037634484
0.0035398223
0.0033081685
0.0030706854
0.0028303901
0.002591293
0.0023585686
0.0021386733
0.0019393159
0.001769103
0.0016366951
0.0015494912
0.0015123339
0.0015270402
0.0015931337
0.0017091892
0.001873788
0.0020856293
0.0023430129
0.0026431486
0.0029816281
0.0033521772
0.003746667
0.004155317
0.0045670434
0.0049699341
0.0053518682
0.0057013006
0.0060082112
0.00626514
0.0064681346
0.0066173514
0.0067170637
0.0067749679
0.0068009166
0.0068053965
0.006798111
0.0067869002
0.0067770838
0.0067712742
0.006769736
0.006771292
0.0067744164
0.0067780512
0.0067817324
0.0067854683
0.0067895669
0.0067955198
0.0068057118
0.0068205425
0.0068362121
0.0068641156
0.0069894965
4.1529876e-05
0.00028185651
0.0066362907
0.0066291558
0.0066212378
0.0066124615
0.0066027382
0.0065919769
0.0065800731
0.006566917
0.0065523831
0.0065363416
0.00651864
0.0064991239
0.0064776173
0.0064539266
0.0064278478
0.0063991564
0.0063676046
0.0063329288
0.0062948394
0.0062530235
0.0062071454
0.0061568413
0.0061017221
0.006041369
0.0059753336
0.0059031444
0.0058242985
0.0057382669
0.0056445006
0.0055424323
0.0054314804
0.0053110641
0.0051806151
0.005039587
0.0048874893
0.0047239091
0.004548553
0.0043612966
0.0041622464
0.0039518214
0.0037308538
0.0035007144
0.0032634686
0.0030220579
0.0027805079
0.0025441402
0.0023197309
0.0021155068
0.0019407999
0.0018051707
0.0017170242
0.0016821931
0.0017033004
0.0017802896
0.0019116037
0.0020950782
0.0023281229
0.0026073752
0.0029282078
0.0032843792
0.0036679131
0.0040691945
0.00447724
0.0048801229
0.0052655541
0.0056216324
0.0059377636
0.0062056863
0.0064204585
0.006581171
0.0066911306
0.0067573522
0.0067894046
0.00679788
0.0067928568
0.0067826618
0.0067730878
0.006767138
0.0067653564
0.0067667209
0.0067697511
0.006773365
0.0067770564
0.0067808006
0.0067848805
0.0067907883
0.0068008896
0.0068154602
0.0068306875
0.0068579972
0.0069761109
5.3243238e-05
0.00034038794
0.0066882385
0.0066822619
0.0066756259
0.0066682597
0.0066600952
0.0066510524
0.0066410432
0.0066299704
0.0066177325
0.0066042119
0.006589285
0.0065728145
0.0065546469
0.0065346224
0.006512558
0.0064882606
0.006461514
0.006432087
0.0063997251
0.0063641524
0.0063250695
0.0062821527
0.0062350503
0.006183381
0.0061267364
0.0060646792
0.0059967369
0.0059224101
0.0058411681
0.0057524507
0.0056556747
0.005550239
0.0054355266
0.0053109225
0.0051758272
0.0050296759
0.0048719714
0.0047023158
0.0045204659
0.0043263969
0.0041203864
0.0039031227
0.0036758447
0.0034405108
0.0032000086
0.0029583909
0.0027211238
0.0024952775
0.0022895453
0.0021138967
0.0019786667
0.0018931063
0.001863863
0.0018941865
0.001984266
0.0021322363
0.0023350219
0.002588618
0.0028879337
0.003226507
0.0035963238
0.0039878176
0.0043900527
0.0047910776
0.0051784501
0.0055399397
0.0058644079
0.0061428157
0.0063692359
0.006541661
0.0066623501
0.0067375124
0.006776299
0.0067893018
0.0067869232
0.0067779788
0.0067687673
0.0067627233
0.0067607049
0.0067618691
0.0067647954
0.0067683825
0.0067720822
0.006775834
0.0067798984
0.0067857667
0.0067957861
0.0068101241
0.0068247338
0.0068491876
0.006965176
6.9842934e-05
0.0004236869
0.0067286989
0.0067236932
0.0067181254
0.0067119423
0.0067050812
0.0066974733
0.0066890448
0.0066797141
0.0066693922
0.0066579809
0.0066453717
0.006631447
0.0066160776
0.0065991216
0.0065804258
0.0065598171
0.0065371124
0.0065121092
0.0064845834
0.006454295
0.00642098
0.0063843504
0.0063440937
0.0062998692
0.0062513094
0.0061980164
0.0061395595
0.0060754739
0.0060052651
0.0059284028
0.0058443244
0.0057524384
0.0056521269
0.0055427507
0.0054236641
0.0052942256
0.0051538169
0.005001871
0.0048379129
0.0046616078
0.0044728262
0.0042717351
0.0040589142
0.003835502
0.0036033858
0.0033654296
0.00312574
0.0028899424
0.0026653993
0.0024612406
0.0022880027
0.0021566743
0.0020771784
0.002056761
0.0020990599
0.002204271
0.0023700049
0.0025921061
0.0028650583
0.0031820213
0.0035347475
0.0039135594
0.0043074658
0.0047044419
0.0050918833
0.0054572476
0.0057888819
0.0060769993
0.0063147026
0.0064988666
0.0066306339
0.0067152908
0.006761429
0.0067795159
0.0067802042
0.0067727821
0.0067640792
0.0067580016
0.006755759
0.0067567161
0.0067595289
0.006763083
0.0067667893
0.0067705489
0.0067746018
0.0067804391
0.0067904362
0.0068043386
0.0068139832
0.006824117
9.5213358e-05
0.00055232634
0.0067603671
0.0067561729
0.0067515035
0.006746308
0.0067405342
0.0067341261
0.0067270182
0.0067191419
0.00671042
0.0067007682
0.0066900948
0.0066782973
0.0066652657
0.0066508777
0.0066349982
0.0066174814
0.0065981678
0.0065768784
0.0065534225
0.0065275878
0.0064991439
0.0064678367
0.0064333906
0.0063955051
0.0063538524
0.0063080757
0.0062577839
0.0062025607
0.0061419487
0.0060754587
0.006002566
0.0059227087
0.0058352915
0.0057396876
0.0056352475
0.0055213014
0.0053971783
0.0052622209
0.0051158162
0.0049574296
0.0047866557
0.0046032909
0.0044074223
0.0041995545
0.0039807628
0.0037529013
0.0035188506
0.0032828076
0.0030505874
0.0028298568
0.0026301672
0.0024625604
0.002338557
0.0022685602
0.0022601592
0.0023170898
0.0024392668
0.0026235332
0.0028644913
0.003155046
0.0034866312
0.0038493134
0.0042319174
0.00462226
0.0050075381
0.0053748976
0.0057121962
0.0060089345
0.0062572709
0.0064529592
0.0065959727
0.0066905672
0.0067446314
0.0067683668
0.006772578
0.0067669882
0.0067589703
0.0067529388
0.0067504947
0.0067512418
0.0067539318
0.0067574459
0.0067611554
0.0067649192
0.0067689689
0.006774793
0.0067849187
0.0067916296
0.006765968
0.00014100915
0.00078814674
0.0067854434
0.0067819286
0.0067780054
0.0067736313
0.0067687655
0.0067633533
0.0067573442
0.0067506753
0.0067432832
0.0067350937
0.0067260286
0.0067159995
0.0067049111
0.0066926577
0.0066791235
0.0066641827
0.006647694
0.0066295063
0.0066094502
0.0065873437
0.0065629821
0.0065361456
0.0065065917
0.0064740548
0.0064382461
0.0063988451
0.0063555086
0.0063078583
0.0062554835
0.0061979404
0.0061347449
0.0060653807
0.0059892885
0.0059058766
0.0058145142
0.0057145451
0.0056052882
0.0054860533
0.00535616
0.0052149621
0.0050618852
0.0048964806
0.0047184965
0.004527973
0.0043253726
0.0041117511
0.0038889743
0.0036599871
0.0034291244
0.0032024314
0.0029879061
0.0027955136
0.0026367419
0.0025235073
0.0024664719
0.0024732676
0.0025473871
0.0026881332
0.002891324
0.0031501735
0.0034559779
0.003798522
0.0041663496
0.0045470266
0.0049274939
0.0052945719
0.0056356489
0.0059395516
0.0061975326
0.0064042379
0.006558437
0.0066632617
0.0067257545
0.0067556948
0.0067639141
0.0067605059
0.0067533809
0.0067474942
0.0067448786
0.0067454129
0.0067479728
0.0067514436
0.0067551589
0.0067589304
0.0067630036
0.0067688286
0.0067779609
0.0067128081
0.00026998565
0.0014704024
0.0068063703
0.0068034095
0.0068000964
0.0067963973
0.0067922698
0.0067876746
0.0067825616
0.0067768811
0.0067705744
0.0067635815
0.0067558307
0.0067472482
0.0067377502
0.0067272456
0.0067156341
0.0067028049
0.0066886374
0.0066729977
0.0066557408
0.0066367047
0.0066157134
0.0065925725
0.00656707
0.006538973
0.0065080241
0.0064739433
0.0064364235
0.0063951292
0.0063496929
0.006299714
0.0062447581
0.0061843517
0.0061179846
0.0060451056
0.0059651271
0.0058774233
0.0057813355
0.0056761795
0.0055612598
0.0054358837
0.0052993902
0.0051511881
0.0049908101
0.0048179845
0.0046327409
0.0044355449
0.004227479
0.004010476
0.0037876048
0.0035633975
0.0033441832
0.0031383247
0.0029561917
0.0028096402
0.0027108098
0.0026703414
0.0026955434
0.0027892661
0.0029498412
0.0031718129
0.0034469045
0.0037648447
0.0041139286
0.0044814299
0.0048539889
0.0052180821
0.0055606446
0.00586987
0.0061361519
0.0063530561
0.0065181309
0.006633304
0.0067046327
0.0067413068
0.0067540374
0.0067532016
0.0067472252
0.0067416203
0.0067388921
0.0067392282
0.0067416508
0.0067450728
0.006748791
0.0067525361
0.0067570603
0.0067627897
0.0010080045
0.0068309171
0.0068286874
0.0068261804
0.0068233662
0.0068202129
0.0068166879
0.006812753
0.0068083675
0.0068034857
0.006798059
0.0067920314
0.0067853438
0.0067779291
0.0067697159
0.0067606236
0.0067505641
0.0067394413
0.0067271497
0.006713571
0.0066985786
0.0066820307
0.0066637715
0.006643632
0.006621424
0.006596942
0.0065699602
0.0065402297
0.0065074789
0.006471409
0.0064316935
0.0063879742
0.0063398602
0.0062869258
0.006228708
0.0061647051
0.0060943754
0.0060171389
0.0059323765
0.0058394361
0.00573764
0.0056262952
0.0055047123
0.0053722342
0.0052282738
0.005072371
0.0049042702
0.0047240292
0.0045321637
0.0043298403
0.0041191208
0.0039032651
0.0036870744
0.0034772188
0.0032824525
0.0031135215
0.0029825301
0.0029016063
0.002881021
0.00292734
0.0030423551
0.0032231007
0.0034626713
0.0037512928
0.0040772653
0.0044276462
0.0047887799
0.005146797
0.0054881997
0.0058005911
0.0060735523
0.0062996003
0.0064750542
0.0066005705
0.0066810915
0.0067250466
0.0067428503
0.0067450292
0.0067404673
0.0067352728
0.0067324347
0.0067325792
0.0067351206
0.0067386398
0.0067424722
0.0067469631
0.0011655934
0.006837544
0.0068357435
0.0068337027
0.0068313959
0.0068287976
0.0068258782
0.0068226053
0.0068189432
0.0068148534
0.0068102918
0.0068052122
0.0067995616
0.0067932835
0.0067863142
0.006778585
0.0067700197
0.0067605348
0.0067500372
0.0067384256
0.0067255894
0.0067114043
0.0066957364
0.0066784358
0.0066593391
0.0066382664
0.0066150187
0.0065893782
0.0065611049
0.0065299356
0.0064955802
0.0064577205
0.0064160081
0.0063700621
0.0063194654
0.0062637629
0.0062024617
0.0061350285
0.0060608888
0.0059794304
0.0058900062
0.0057919415
0.0056845458
0.0055671336
0.0054390509
0.0052997173
0.0051486854
0.0049857242
0.0048109333
0.0046248988
0.0044288961
0.0042251522
0.0040171606
0.0038100301
0.003610805
0.0034286344
0.0032745879
0.0031608834
0.0030994152
0.0030997942
0.0031675503
0.0033031774
0.003502278
0.0037564843
0.0040546358
0.0043838067
0.0047300925
0.0050792226
0.0054172348
0.0057310897
0.0060094657
0.0062438067
0.0064292128
0.0065650408
0.0066550196
0.006706648
0.006729884
0.0067356403
0.0067329306
0.006728521
0.0067263748
0.0067300681
0.001472045
0.0068434842
0.0068420334
0.0068403787
0.0068384906
0.0068363501
0.006833931
0.0068312055
0.006828141
0.0068247067
0.0068208619
0.0068165686
0.0068117784
0.0068064442
0.0068005088
0.0067939143
0.0067865934
0.006778473
0.0067694731
0.006759505
0.006748472
0.0067362666
0.0067227709
0.0067078546
0.0066913752
0.0066731746
0.0066530792
0.006630898
0.0066064202
0.0065794137
0.0065496236
0.0065167685
0.0064805399
0.0064405993
0.0063965746
0.0063480588
0.0062946078
0.0062357384
0.0061709265
0.0060996084
0.0060211808
0.0059350054
0.0058404169
0.0057367341
0.0056232817
0.0054994185
0.0053645822
0.0052183515
0.0050605358
0.0048912974
0.0047113153
0.0045220067
0.0043257997
0.0041264579
0.0039294314
0.0037421558
0.0035741552
0.0034367435
0.0033420984
0.0033016525
0.0033241009
0.0034136994
0.0035694852
0.0037855808
0.0040522153
0.0043570878
0.0046863952
0.0050251385
0.0053618953
0.005677057
0.0059582476
0.0061975009
0.0063895514
0.0065329482
0.006630544
0.006689382
0.006720476
0.0067398287
0.0067678986
0.0067678002
0.0067675317
0.0067670646
0.0067663891
0.006765482
0.0067643205
0.0067628805
0.0067611329
0.0067590495
0.0067565962
0.0067537364
0.0067504318
0.0067466366
0.0067423039
0.0067373794
0.006731806
0.006725519
0.0067184471
0.0067105137
0.0067016332
0.0066917112
0.0066806438
0.0066683172
0.0066546061
0.0066393723
0.0066224633
0.0066037116
0.0065829322
0.006559922
0.0065344572
0.0065062915
0.0064751536
0.0064407461
0.006402742
0.0063607826
0.006314476
0.006263394
0.0062070712
0.0061450043
0.0060766513
0.0060014341
0.0059187425
0.0058279429
0.0057283923
0.0056194588
0.0055005537
0.0053711785
0.0052309921
0.0050799049
0.0049182089
0.0047467507
0.0045671602
0.0043821329
0.0041957593
0.0040138586
0.0038442305
0.0036966668
0.0035825033
0.0035135203
0.0035001943
0.0035496838
0.0036641712
0.0038400287
0.0040675435
0.0043298729
0.0045976724
0.0048090044
)
;

boundaryField
{
    airfoil
    {
        type            nutkWallFunction;
        Cmu             0.09;
        kappa           0.41;
        E               9.8;
        value           uniform 0;
    }
    farfield
    {
        type            freestream;
        freestreamValue uniform 0;
        value           nonuniform List<scalar> 
748
(
0.0067845571
0.0067845571
0.0067844458
0.0067841437
0.0067836322
0.0067828931
0.0067819016
0.0067806346
0.0067790654
0.0067771634
0.0067748962
0.0067722287
0.0067691214
0.0067655306
0.0067614098
0.0067567063
0.0067513631
0.0067453176
0.0067385004
0.0067308364
0.006722242
0.0067126255
0.0067018873
0.006689917
0.0066765935
0.0066617847
0.0066453446
0.0066271141
0.0066069176
0.0065845636
0.006559842
0.0065325229
0.0065023549
0.0064690632
0.0064323487
0.0063918861
0.0063473203
0.0062982686
0.0062443178
0.006185023
0.0061199105
0.0060484777
0.0059701978
0.005884527
0.0057909131
0.005688811
0.0055777059
0.0054571446
0.0053267783
0.0051864235
0.0050361429
0.0048763532
0.0047079632
0.0045325445
0.0043525407
0.004171491
0.0039942479
0.0038271207
0.0036778453
0.0035552476
0.0034684872
0.0034258737
0.0034334599
0.003493788
0.0036050976
0.0037608398
0.0039484492
0.0041446121
0.0042996642
0.0042996642
0.0067668838
0.0047972821
0.0050987793
0.0053949258
0.0056802859
0.0059488999
0.0061948262
0.0064126095
0.0065978199
0.0067473204
0.0068545819
0.0068545819
0.0067257712
0.0069524099
0.0069899935
0.0070000143
0.0069950259
0.0069950259
0.0066723202
0.0069662023
0.0069299835
0.0068956106
0.0068956106
0.0065970225
0.0068614811
0.0068308853
0.0068082148
0.0068082148
0.0064701243
0.006799527
0.006799527
0.0063007867
0.0068084017
0.0068304688
0.0068304688
0.0032335002
0.0068366684
0.0012594727
0.0068435675
0.0010152671
0.0068502141
0.0010615533
0.0068565516
0.0012227235
0.0068625795
0.0013951764
0.006860131
0.006860131
0.0016462458
0.006864239
0.002082144
0.0068691253
0.0022016536
0.0068740206
0.0019385918
0.006878764
0.0017324398
0.0068833315
0.0015734687
0.0068877409
0.0014494385
0.0068920023
0.0013501116
0.006896127
0.00126781
0.0069001246
0.0011987148
0.0069040047
0.0011415106
0.0069077759
0.0010952477
0.0069114467
0.0010583584
0.0069150249
0.00102804
0.0069185182
0.0010009761
0.0069219336
0.00097548946
0.006925278
0.00095338817
0.0069285578
0.0009382077
0.0069317789
0.00092632038
0.0069349471
0.00090759571
0.0069380676
0.00087945597
0.0069411454
0.00084185852
0.0069441851
0.00079737629
0.006947191
0.00075011964
0.006950167
0.00070372975
0.0069531166
0.00066039488
0.0069560432
0.00062089693
0.0069589497
0.0005849621
0.0069618386
0.00055297626
0.0069647123
0.0005236278
0.0069675728
0.00049547912
0.0069704217
0.00046733807
0.0069732604
0.00043849553
0.0069760897
0.00040876444
0.0069789105
0.00037832404
0.006981723
0.00034747174
0.0069845273
0.00031648644
0.0069873228
0.00028559941
0.0069901089
0.00025501241
0.0069928846
0.00022490153
0.0069956481
0.00019540593
0.0069983977
0.00016661902
0.0070011308
0.0001385674
0.0070038447
0.00011105563
0.0070065361
8.2929005e-05
0.0070092011
4.6576701e-05
0.0070118353
5.8797758e-07
0.0070144337
0.0070169906
0.0070194998
0.0070219541
0.0070243455
0.0070266653
0.0070289038
0.0070310501
0.0070330921
0.0070350166
0.007036809
0.0070384531
0.0070399292
0.0070412158
0.0070422953
0.007043156
0.007043763
0.007044011
0.007043798
0
0.0070433362
0.0069556056
0.0069560168
0.0069559736
0.0069558699
0.0069557225
0.0069555274
0.0069552754
0.006954953
0.0069545532
0.0069540904
0.0069535752
0.0069529343
0.0069516985
0.0069504083
0.0070031599
0.0070031599
0.007000882
0.0069966718
0
0
0
0
0
0
0
0
0
0
0
0
0
0
0
0
0
0
0
0
0
0
0
0
0
0
0
0
0
0
0.0070122299
0
0
0
0
0
0
0
0
0
0
0
0
0
0.0070039192
0
0
0
0
0
0
0
0
0
0.0070108775
0
0
0
0
0
0
0
0.0070217447
0
0
0
0
0
0
0
0
0
0
0
0
0
0
0
0
0
0
0
0
0
0
0
0
0
0
0
0
0
0
0
0
0
0
0
0
0
0
0
0
0
0
0
0
0
0
0
0
0
0
0
0
0
0
0
0
0
0
0
0
0
0
0
0
0
0
0
0
0
0
0
0
0
0
0
0
0
0
0
0
0
0
0
0
0
0
0
0
0
0
0
0
0
0
0
0
0
0
0
0
0
0
0
0
0
0
0
0
0
0
0
0
0
0
0.0070390406
0
0
0
0
0
0
0.0070242308
0
0
0
0
0
0
0
0.0070227017
0
0
0
0
0
0
0
0
0
0
0.0070253099
0
0
0
0
0
0
0
0
0
0
0
0
0
0.0070248996
0
0
0
0
0
0
0
0
0
0
0
0
0
0
0
0
0
0
0
0
0
0
0
0
0
0
0
0
0
0
0
0.0069970885
0
0
0
0
0
0
0
0
0
0
0
0
0
0
0
0
0
0
0
0
0
0
0
0
0
0
0
0
0
0
0
0
0
0
0
0
0
0
0
0
0
0
0
0
0
0
0
0
0
0.0069946691
0
0.0069929195
0
0.0069911448
0
0.0069893434
0
0.0069875142
0
0.0069856559
0
0.0069837668
0
0.0069818452
0
0.0069798892
0
0.0069778965
0
0.006975865
0
0.006973792
0
0.0069716747
0
0.0069695102
0
0.0069672952
0
0.0069650262
0
0.0069626994
0
0.0069603107
0
0.0069578557
0
0.0069553296
0
0.0069527275
0
0.0069500437
0
0.0069472725
0
0.0069444075
0
0.0069414422
0
0.0069383694
0
0.0069351814
0
0.0069318702
0
0.0069284271
0
0.0069248429
0
0.0069211077
0
0.006917211
0
0.0069131416
0
0.0069088874
0
0.0069044345
0
0.0068997688
0
0.0068948176
0
0.0068889976
0
0
0.0070319267
0
0.0070226728
0
0.0070130733
0
0.007002547
0
0
0
0
0
0.006965176
0
0
0.006824117
0
0
0.006765968
0
0
0.0067779609
0.0067128081
0
0
0.0067570603
0.0067627897
0.0067627897
0
0.0067351206
0.0067386398
0.0067424722
0.0067469631
0.0067469631
0
0.0067329306
0.006728521
0.0067263748
0.0067300681
0.0067300681
0
0.0053618953
0.005677057
0.0059582476
0.0061975009
0.0063895514
0.0065329482
0.006630544
0.006689382
0.006720476
0.0067398287
0.0067398287
0.0067678986
0.0067678986
0.0067678002
0.0067675317
0.0067670646
0.0067663891
0.006765482
0.0067643205
0.0067628805
0.0067611329
0.0067590495
0.0067565962
0.0067537364
0.0067504318
0.0067466366
0.0067423039
0.0067373794
0.006731806
0.006725519
0.0067184471
0.0067105137
0.0067016332
0.0066917112
0.0066806438
0.0066683172
0.0066546061
0.0066393723
0.0066224633
0.0066037116
0.0065829322
0.006559922
0.0065344572
0.0065062915
0.0064751536
0.0064407461
0.006402742
0.0063607826
0.006314476
0.006263394
0.0062070712
0.0061450043
0.0060766513
0.0060014341
0.0059187425
0.0058279429
0.0057283923
0.0056194588
0.0055005537
0.0053711785
0.0052309921
0.0050799049
0.0049182089
0.0047467507
0.0045671602
0.0043821329
0.0041957593
0.0040138586
0.0038442305
0.0036966668
0.0035825033
0.0035135203
0.0035001943
0.0035496838
0.0036641712
0.0038400287
0.0040675435
0.0043298729
0.0045976724
0.0048090044
0.0048090044
)
;
    }
    frontAndBack
    {
        type            empty;
    }
}


// ************************************************************************* //
