/*--------------------------------*- C++ -*----------------------------------*\
  =========                 |
  \\      /  F ield         | OpenFOAM: The Open Source CFD Toolbox
   \\    /   O peration     | Website:  https://openfoam.org
    \\  /    A nd           | Version:  8
     \\/     M anipulation  |
\*---------------------------------------------------------------------------*/
/*   Windows 32 and 64 bit porting by blueCAPE: http://www.bluecape.com.pt   *\
|  Based on Windows porting (2.0.x v4) by Symscape: http://www.symscape.com   |
\*---------------------------------------------------------------------------*/
FoamFile
{
    version     2.0;
    format      ascii;
    class       volScalarField;
    location    "2400";
    object      p;
}
// * * * * * * * * * * * * * * * * * * * * * * * * * * * * * * * * * * * * * //

dimensions      [0 2 -2 0 0 0 0];

internalField   nonuniform List<scalar> 
38788
(
0.0061925753
0.0094960938
0.0096653504
0.0093771726
0.0092891363
0.0092958358
0.0093040418
0.0093028054
0.0092993878
0.0092960446
0.0092926248
0.0092886761
0.0092847396
0.0092801185
0.0092751507
0.0092696934
0.0092637003
0.0092571883
0.0092498302
0.0092420325
0.0092333988
0.009223754
0.0092133411
0.0092020369
0.009189365
0.0091756793
0.0091605667
0.0091441176
0.0091259653
0.0091061331
0.0090844386
0.009060621
0.0090345455
0.0090060233
0.0089747646
0.0089405392
0.0089031017
0.0088621095
0.0088172904
0.0087682376
0.0087145739
0.008655937
0.0085917897
0.0085216618
0.00844501
0.0083612197
0.0082696397
0.0081695129
0.0080600321
0.0079403136
0.0078093347
0.0076659325
0.0075088511
0.0073365815
0.007147453
0.0069394856
0.0067103872
0.0064574579
0.0061775148
0.0058668071
0.0055208796
0.0051342863
0.0047004721
0.0042138761
0.0036769833
0.0030946291
0.0023767659
0.0011790555
0.0098053991
0.015037598
0.015307111
0.014851293
0.014715179
0.014726974
0.014741762
0.014742536
0.014739425
0.014736616
0.014734259
0.014731506
0.014728545
0.014725274
0.014721726
0.014717713
0.014713434
0.014708614
0.014703512
0.014697722
0.014691426
0.014684645
0.014677006
0.014668776
0.014659691
0.014649748
0.014638858
0.014626878
0.014613801
0.014599461
0.014583689
0.014566503
0.014547623
0.014526979
0.014504367
0.014479628
0.014452569
0.014422979
0.014390621
0.014355274
0.014316674
0.014274534
0.014228568
0.014178447
0.014123838
0.014064398
0.013999734
0.013929448
0.013853142
0.01377035
0.01368063
0.013583487
0.013478395
0.013364807
0.013242123
0.013109685
0.012966825
0.012812854
0.012647209
0.012469601
0.012280265
0.012080179
0.011871058
0.011655534
0.011439689
0.011238827
0.011057996
0.010746649
0.0099046332
0.009062501
0.0082412339
0.0073816464
0.0064629939
0.0054748455
0.0043963208
0.0031730412
0.0016826323
-3.026646e-05
0.015322579
0.023499157
0.023920309
0.023207704
0.02299545
0.023013011
0.023036676
0.023038041
0.023033016
0.023028725
0.023024763
0.023020742
0.023016059
0.023010914
0.023005291
0.022999171
0.022992345
0.022984954
0.0229768
0.02296779
0.02295806
0.02294716
0.022935478
0.02292233
0.022908161
0.022892534
0.022875351
0.022856552
0.022835863
0.022813234
0.022788391
0.022761107
0.0227312
0.022698399
0.022662431
0.02262297
0.0225797
0.022532254
0.022480242
0.022423207
0.022360677
0.022292133
0.022217016
0.022134698
0.022044474
0.0219456
0.021837279
0.021718597
0.021588538
0.021446046
0.021289873
0.021118665
0.020930901
0.020724833
0.020498477
0.020249565
0.019975463
0.01967323
0.019339589
0.018971054
0.018564033
0.018114894
0.017620019
0.017075773
0.016478341
0.015823194
0.015104548
0.014317791
0.013467083
0.01256646
0.011647448
0.010724965
0.0098066041
0.0089010345
0.0080200438
0.0071847317
0.0064261788
0.0056307852
0.0042630879
0.0028061564
0.001106003
-0.001035388
0.023826523
0.036543724
0.037198635
0.036092305
0.035760944
0.035791065
0.03582799
0.035830676
0.035824345
0.03581908
0.035814299
0.035809137
0.035803645
0.035797512
0.035790632
0.03578322
0.035774986
0.035765995
0.035756128
0.035745401
0.035733357
0.035720389
0.035706064
0.03569042
0.035673116
0.035654264
0.035633539
0.035610753
0.035585851
0.03555851
0.035528538
0.035495621
0.035459606
0.035420074
0.035376758
0.035329272
0.035277262
0.035220213
0.035157742
0.035089301
0.03501431
0.034932189
0.034842212
0.034743699
0.034635807
0.03451767
0.03438827
0.034246557
0.034091338
0.033921245
0.033734792
0.033530286
0.033305782
0.033059084
0.032787641
0.032488545
0.032158532
0.031794018
0.031391237
0.030946392
0.030455761
0.029915672
0.029322377
0.028671869
0.02795964
0.027180501
0.026328317
0.025395839
0.024374685
0.023256243
0.022035883
0.020712491
0.019286601
0.01776001
0.016135941
0.014418462
0.012608696
0.010699686
0.0087178105
0.0068880684
0.0052955044
0.0039346532
0.0025018775
0.00070398291
-0.0019663461
0.030841668
0.047302868
0.048152328
0.046719162
0.046292616
0.046331186
0.046379822
0.046384164
0.046376855
0.046370416
0.046365231
0.04635986
0.046353633
0.046346859
0.046339321
0.046331114
0.04632208
0.046312211
0.046301357
0.046289296
0.04627627
0.046261933
0.046246024
0.046228732
0.046209856
0.046188838
0.046166042
0.046140981
0.046113462
0.046083286
0.046050185
0.046013949
0.045974138
0.045930577
0.045882758
0.045830377
0.045772958
0.045710073
0.045641119
0.045565582
0.045482855
0.045392203
0.045292939
0.045184203
0.045065107
0.044934674
0.044791806
0.044635305
0.044463806
0.044275818
0.044069648
0.043843325
0.043594645
0.043321014
0.043019448
0.042686551
0.042318548
0.041911439
0.041461142
0.040963652
0.040415019
0.039811275
0.039148198
0.038421233
0.037625365
0.036755158
0.035804778
0.034768095
0.033638654
0.032409681
0.031074227
0.029625779
0.028058683
0.026368461
0.024551994
0.022607269
0.020531912
0.018320646
0.015965296
0.013470935
0.010897527
0.0082874175
0.0057021091
0.0035919906
0.0019488471
0.0010831213
-0.00017630555
-0.0026109872
0.03955302
0.060661422
0.06175036
0.059914548
0.059366727
0.059416652
0.059479551
0.059485302
0.059475731
0.059468044
0.05946204
0.059455195
0.0594476
0.059439238
0.059430229
0.059420145
0.059409061
0.059396998
0.059383641
0.059369038
0.059352998
0.059335423
0.059316112
0.059294915
0.059271645
0.059246146
0.059218194
0.059187471
0.059153881
0.059116896
0.059076474
0.059032102
0.058983473
0.058930113
0.058871709
0.058807643
0.058737418
0.0586605
0.05857621
0.058483873
0.058382682
0.058271863
0.05815046
0.058017463
0.057871817
0.057712222
0.057537385
0.057345788
0.057135759
0.056905401
0.056652563
0.056374826
0.056069297
0.055732763
0.055361477
0.054951351
0.05449802
0.053997102
0.053444284
0.052835377
0.052166141
0.05143212
0.050628419
0.049749661
0.048789918
0.047742778
0.046601384
0.045358516
0.044006689
0.042538268
0.040945598
0.039221221
0.037358143
0.035350242
0.033192769
0.030882979
0.02842087
0.025810045
0.023058273
0.020177008
0.017184334
0.0141038
0.010966994
0.007811711
0.0048641362
0.00215821
0.00034215175
-0.0014787305
-0.0029008897
0.048864452
0.074942588
0.07628574
0.074016336
0.073341721
0.073402976
0.073479932
0.073486949
0.073475799
0.073466167
0.073458374
0.073449859
0.073440966
0.073430403
0.073418981
0.073406799
0.073393058
0.073378072
0.073361483
0.073343631
0.073323742
0.073301957
0.07327823
0.073251975
0.073223259
0.073191927
0.073157333
0.073119545
0.073078028
0.073032661
0.072982807
0.072928215
0.072868422
0.072802908
0.072731076
0.072652486
0.072566409
0.072472111
0.07236887
0.072255879
0.072132188
0.071996812
0.071848649
0.071686532
0.071509093
0.071314939
0.071102444
0.070869812
0.070615047
0.070335906
0.070029761
0.069693628
0.069324039
0.068917027
0.068468225
0.067972983
0.067426589
0.066824441
0.066162012
0.065434782
0.06463792
0.063766168
0.062813672
0.061774002
0.060640135
0.059404567
0.058059326
0.056596104
0.055006318
0.053281267
0.051412236
0.049390731
0.047208692
0.044858825
0.042335014
0.039632851
0.036750282
0.033688402
0.030452525
0.027053527
0.023511715
0.019853685
0.016137107
0.012391403
0.0087878788
0.005245247
0.0022469062
-0.00041326955
-0.0023358056
-0.00037872148
-0.0019198937
0.062395487
0.094285406
0.094023095
0.090371899
0.089519781
0.089672001
0.089781653
0.089782497
0.089760688
0.089744427
0.089730876
0.089717374
0.08970272
0.089687281
0.089670172
0.08965246
0.089633687
0.089612853
0.089590827
0.089566626
0.089540644
0.089512349
0.089481433
0.089447935
0.089411272
0.089371262
0.08932764
0.089279871
0.089227693
0.089170585
0.089108184
0.089039758
0.08896499
0.088883065
0.088793444
0.088695268
0.088587815
0.088470142
0.088341375
0.08820034
0.088045979
0.087876985
0.087692026
0.087489528
0.087267902
0.087025277
0.086759647
0.086468781
0.086150095
0.085800728
0.085417344
0.084996141
0.084532761
0.084022433
0.083460047
0.082840474
0.082158605
0.081409519
0.080588239
0.07968958
0.078707916
0.077637086
0.076470333
0.075200395
0.073819476
0.072319385
0.070691538
0.068927075
0.067016905
0.064951854
0.06272278
0.060320783
0.057737466
0.05496525
0.051997829
0.04883073
0.045462025
0.041893165
0.03812997
0.034183266
0.030072137
0.025817129
0.021471646
0.017036815
0.012701723
0.0083157134
0.0044554412
0.00071853372
-0.002455169
-0.002639943
-0.005831038
0.085355776
0.11798146
0.11150321
0.10563588
0.10488621
0.10527704
0.10542838
0.10541205
0.10537728
0.10535678
0.10534046
0.1053235
0.105305
0.10528655
0.10526674
0.10524575
0.10522345
0.10519976
0.10517484
0.10514748
0.10511833
0.10508667
0.10505251
0.1050154
0.10497506
0.1049311
0.10488319
0.10483101
0.10477389
0.10471163
0.10464339
0.10456895
0.10448732
0.10439812
0.10430039
0.10419342
0.10407626
0.10394799
0.10380747
0.10365356
0.103485
0.10330037
0.10309807
0.10287652
0.10263374
0.10236774
0.10207611
0.10175627
0.10140519
0.10101938
0.10059483
0.10012697
0.099610644
0.099040367
0.09841041
0.097715073
0.09694866
0.096105379
0.09517914
0.094163358
0.093050753
0.091833409
0.090502742
0.089049638
0.087464479
0.085737272
0.083857731
0.081815427
0.079599877
0.077200762
0.074608098
0.071812485
0.068805404
0.065579569
0.06212937
0.058451442
0.05454536
0.0504145
0.04606712
0.041516793
0.036786751
0.031898359
0.026913289
0.021815004
0.01681167
0.011651538
0.0070068641
0.0021882903
-0.0020080576
-0.0034992254
-0.008828773
0.10072788
0.13745447
0.12896118
0.1219788
0.12116304
0.12164317
0.12182088
0.12179632
0.12175618
0.12173073
0.12171126
0.12169114
0.12166945
0.12164721
0.12162398
0.12159972
0.1215742
0.1215473
0.12151812
0.12148734
0.12145413
0.12141836
0.12137963
0.12133784
0.12129232
0.12124288
0.12118913
0.12113042
0.12106651
0.12099653
0.1209203
0.12083678
0.12074552
0.12064567
0.12053637
0.12041676
0.12028584
0.12014249
0.11998551
0.11981369
0.11962552
0.11941948
0.11919389
0.11894681
0.11867618
0.11837964
0.11805453
0.11769782
0.11730598
0.11687492
0.11639998
0.11587587
0.11529683
0.11465684
0.11394976
0.11316943
0.11230956
0.11136354
0.11032413
0.10918334
0.10793237
0.10656162
0.10506076
0.10341879
0.10162419
0.099664928
0.097528652
0.095202842
0.092674986
0.089932856
0.086964814
0.083760143
0.080309467
0.076605231
0.07264226
0.068418401
0.063935291
0.059199221
0.054222289
0.049022306
0.043628718
0.038065384
0.032407213
0.026623711
0.020964051
0.015082346
0.0097904357
0.0039509571
-0.00120381
-0.0042880115
-0.012587851
0.11026909
0.15469885
0.14743048
0.13995025
0.13888561
0.1393555
0.13954995
0.1395274
0.13948199
0.13945278
0.13942861
0.13940482
0.13937973
0.13935312
0.1393262
0.13929774
0.13926777
0.13923618
0.13920247
0.13916665
0.13912795
0.13908634
0.13904172
0.13899304
0.13894045
0.13888333
0.13882111
0.13875339
0.13867947
0.13859895
0.13851084
0.13841467
0.13830954
0.13819455
0.13806884
0.13793128
0.13778079
0.13761615
0.13743601
0.13723889
0.1370232
0.13678719
0.13652894
0.1362463
0.13593682
0.13559785
0.13522631
0.13481855
0.13437047
0.13387729
0.1333336
0.13273339
0.13207043
0.13133818
0.13053014
0.1296397
0.12865992
0.12758321
0.12640121
0.12510459
0.12368313
0.12212572
0.12042048
0.11855475
0.11651524
0.11428803
0.11185884
0.1092131
0.10633631
0.10321427
0.099833537
0.096181878
0.092248786
0.08802614
0.083508912
0.078695967
0.073590983
0.068203409
0.062549819
0.056653143
0.05055092
0.044270775
0.03790565
0.031412046
0.025093837
0.01851723
0.01268807
0.0060169094
0.0004227943
-0.0046962491
-0.017693694
0.11864805
0.17239937
0.16760284
0.15987544
0.15849819
0.15891486
0.15912439
0.15910793
0.1590583
0.15902418
0.15899649
0.15896801
0.15893855
0.15890823
0.15887621
0.15884319
0.15880816
0.15877104
0.15873169
0.15868949
0.15864429
0.15859569
0.15854302
0.15848613
0.15842449
0.15835741
0.15828445
0.15820497
0.15811839
0.15802382
0.1579206
0.15780782
0.15768462
0.15754984
0.15740256
0.15724147
0.1570653
0.15687261
0.15666189
0.1564314
0.15617934
0.15590366
0.15560209
0.15527215
0.15491108
0.15451559
0.15408199
0.15360605
0.15308277
0.15250656
0.15187112
0.1511698
0.15039566
0.14954167
0.14860087
0.1475659
0.14642889
0.14518112
0.14381291
0.14231356
0.14067151
0.13887424
0.13690848
0.13476016
0.13241451
0.12985613
0.12706916
0.12403751
0.12074515
0.11717647
0.11331676
0.10915272
0.1046731
0.099869518
0.094737271
0.089276358
0.083492584
0.077398635
0.0710158
0.064372246
0.057514554
0.050473851
0.043364122
0.036126747
0.029129661
0.021847477
0.015518204
0.0081481213
0.0026840093
-0.0042727558
-0.019655086
0.12874075
0.19176723
0.18926295
0.18129626
0.17962695
0.17999558
0.18021892
0.18020687
0.18015363
0.18011394
0.18008214
0.18004959
0.18001564
0.17998042
0.17994404
0.17990592
0.1798654
0.17982298
0.17977761
0.179729
0.17967694
0.17962088
0.17956032
0.17949478
0.17942357
0.17934642
0.17926225
0.17917078
0.17907078
0.17896184
0.17884287
0.17871284
0.17857074
0.17841546
0.1782456
0.17805988
0.17785681
0.1776347
0.1773918
0.17712614
0.17683563
0.17651784
0.17617021
0.17578974
0.17537309
0.17491643
0.17441531
0.17386456
0.17325827
0.17258987
0.17185219
0.17103767
0.17013875
0.16914775
0.16805686
0.1668577
0.16554115
0.16409689
0.16251379
0.16077951
0.15888094
0.15680404
0.15453405
0.15205537
0.14935175
0.14640633
0.14320186
0.13972097
0.13594652
0.13186203
0.12745214
0.12270325
0.11760422
0.11214726
0.10632888
0.10015105
0.093622466
0.086759695
0.079589373
0.072145157
0.06448361
0.056638614
0.048747692
0.040733335
0.033034087
0.025020977
0.018177549
0.010092626
0.0048284223
-0.0030512518
-0.010912057
-0.0052099926
0.13987703
0.2121881
0.2122149
0.20418665
0.20224884
0.20255717
0.20278959
0.20278126
0.20272484
0.20268043
0.20264336
0.20260657
0.20256805
0.20252767
0.2024862
0.20244219
0.20239628
0.20234727
0.20229502
0.20223942
0.20217935
0.20211482
0.20204505
0.2019695
0.20188766
0.20179842
0.20170158
0.20159598
0.20148091
0.20135527
0.20121814
0.20106841
0.20090481
0.20072599
0.20053062
0.20031704
0.20008358
0.1998284
0.19954946
0.19924455
0.19891119
0.19854666
0.19814792
0.19771143
0.19723335
0.19670897
0.19613306
0.19549943
0.19480124
0.19403075
0.19317997
0.19224055
0.19120422
0.19006244
0.18880644
0.18742645
0.18591171
0.18425023
0.18242894
0.18043376
0.17824976
0.17586106
0.17325105
0.17040228
0.1672967
0.16391571
0.16024051
0.15625243
0.15193336
0.14726624
0.1422357
0.1368286
0.13103486
0.12484841
0.11826825
0.11129961
0.10395535
0.096257023
0.088237732
0.079937106
0.071422851
0.06273064
0.054023974
0.045202059
0.036780491
0.028013706
0.020641877
0.011800715
0.0065688348
-0.0025940311
-0.0064307262
-0.008614388
0.1530736
0.23459744
0.23755575
0.22980707
0.22764891
0.22787679
0.22811066
0.22810946
0.22805181
0.22800429
0.2279635
0.22792203
0.22787923
0.22783369
0.2277858
0.22773543
0.22768187
0.22762449
0.22756315
0.22749701
0.22742605
0.22734884
0.22726553
0.22717494
0.22707642
0.2269695
0.2268527
0.22672553
0.22658683
0.22643534
0.22627013
0.2260896
0.22589246
0.22567723
0.22544202
0.22518514
0.22490462
0.22459815
0.22426346
0.22389788
0.22349853
0.22306218
0.22258517
0.22206339
0.22149207
0.22086577
0.22017816
0.21942192
0.21858911
0.21767093
0.21665851
0.21554272
0.21431457
0.2129647
0.21148312
0.20985868
0.20807901
0.20613048
0.20399845
0.20166729
0.19912057
0.19634085
0.19330997
0.19000887
0.18641784
0.18251674
0.17828541
0.17370401
0.16875367
0.163417
0.15767882
0.15152686
0.14495264
0.13795248
0.13052865
0.12269059
0.11445641
0.10585362
0.096922867
0.087710219
0.078295749
0.068715801
0.059162295
0.049506318
0.040347047
0.030808936
0.022903442
0.013288815
0.0080358745
-0.0023794544
-0.0037702955
-0.013600858
0.16994333
0.26067306
0.26535448
0.25746376
0.25511257
0.2553259
0.25559384
0.25561726
0.25557544
0.25554003
0.25551029
0.25547812
0.25544212
0.25540186
0.25535769
0.25530886
0.25525513
0.25519633
0.25513137
0.2550603
0.25498192
0.25489626
0.25480216
0.25469909
0.25458597
0.25446207
0.25432643
0.25417775
0.25401514
0.2538371
0.25364217
0.25342904
0.25319591
0.25294096
0.25266228
0.25235766
0.25202472
0.25166102
0.25126364
0.25082944
0.25035508
0.24983657
0.24926967
0.2486493
0.24796978
0.24722449
0.24640581
0.24550515
0.24451306
0.24341971
0.24221505
0.24088912
0.23943186
0.23783267
0.23608
0.23416093
0.23206134
0.2297658
0.22725814
0.22452133
0.22153759
0.21828822
0.21475378
0.21091399
0.20674798
0.20223458
0.19735286
0.19208248
0.1864045
0.18030188
0.17376035
0.16676922
0.15932234
0.15141925
0.14306634
0.13427819
0.12507906
0.11550331
0.10560014
0.095422307
0.08506349
0.074559317
0.064132615
0.053621159
0.043714376
0.033392908
0.0249555
0.014554546
0.0092437233
-0.0023952054
-0.0020294007
-0.016518031
0.18905086
0.29000087
0.29520695
0.28642541
0.28380862
0.28404564
0.28434179
0.28436758
0.28432009
0.28427982
0.28424527
0.2842087
0.28416682
0.28412111
0.28407049
0.2840146
0.28395348
0.28388576
0.28381192
0.28373048
0.28364141
0.28354353
0.2834361
0.28331856
0.28318965
0.28304848
0.28289386
0.28272449
0.28253922
0.28233633
0.28211448
0.28187163
0.2816062
0.28131583
0.28099845
0.28065152
0.28027231
0.27985787
0.27940499
0.27891003
0.2783689
0.27777715
0.27712959
0.27642029
0.27564242
0.27478802
0.27384808
0.2728125
0.27167038
0.27041055
0.26902181
0.26749306
0.26581277
0.26396849
0.26194643
0.25973122
0.25730623
0.25465388
0.25175579
0.24859294
0.24514566
0.24139344
0.23731516
0.23288898
0.22809285
0.22290473
0.21730334
0.21126859
0.20478243
0.19782938
0.19039748
0.18247905
0.17407177
0.16517988
0.15581541
0.14599942
0.13576363
0.12515024
0.11421809
0.10302686
0.091684993
0.080225833
0.068905554
0.057523124
0.0468651
0.035754078
0.026794139
0.0156021
0.010228098
-0.0025986769
-0.00090845181
-0.018960357
0.20914799
0.32084198
0.32660376
0.31688654
0.31399033
0.31425142
0.31457861
0.31460545
0.31455181
0.31450629
0.31446651
0.31442489
0.31437751
0.31432534
0.31426702
0.31420398
0.31413402
0.31405741
0.31397323
0.31388085
0.31377936
0.31366833
0.31354641
0.31341283
0.31326666
0.31310619
0.3129309
0.31273872
0.31252844
0.3122984
0.31204657
0.31177139
0.3114701
0.31114084
0.31078088
0.31038732
0.30995723
0.30948704
0.30897313
0.30841133
0.30779694
0.30712468
0.30638854
0.30558156
0.30469556
0.30372127
0.30264797
0.30146412
0.3001574
0.29871546
0.29712599
0.29537673
0.29345451
0.29134469
0.28903094
0.28649527
0.28371848
0.28068052
0.27736082
0.27373809
0.26979045
0.26549525
0.26082919
0.25576851
0.25028958
0.24436924
0.2379858
0.23111954
0.22375368
0.21587499
0.20747474
0.19854943
0.189102
0.17914289
0.16869139
0.15777662
0.14643923
0.13473041
0.12271979
0.11047408
0.098117747
0.085679993
0.073452777
0.061190536
0.049783806
0.037882696
0.028415779
0.01643217
0.01100711
-0.0029799722
-0.00016334423
-0.021099391
0.23028364
0.35327546
0.35961982
0.34892015
0.34573029
0.34601527
0.34637518
0.34640346
0.34634326
0.34629066
0.34624655
0.34619833
0.34614432
0.3460847
0.34601921
0.34594704
0.34586763
0.34578075
0.34568504
0.34558021
0.34546523
0.34533912
0.34520104
0.34504961
0.34488362
0.34470224
0.34450323
0.34428575
0.3440474
0.34378689
0.34350172
0.3431898
0.34284885
0.34247589
0.34206814
0.34162249
0.34113532
0.34060285
0.34002066
0.33938415
0.33868783
0.33792561
0.33709041
0.33617405
0.33516694
0.33405807
0.33283515
0.33148489
0.32999377
0.32834831
0.32653523
0.32454083
0.32234999
0.31994557
0.31730844
0.31441787
0.31125207
0.30778871
0.30400489
0.29987721
0.29538151
0.29049288
0.28518572
0.27943429
0.27321329
0.2664985
0.25926785
0.25150224
0.24318645
0.23431001
0.22486809
0.21486233
0.20430196
0.1932049
0.18159912
0.16952317
0.15702801
0.14417481
0.13104516
0.11771275
0.10431914
0.090887437
0.07774769
0.064603842
0.052457364
0.03977113
0.029818363
0.017046457
0.011595535
-0.0035363052
0.00031503052
-0.023196076
0.25248718
0.38734765
0.39430676
0.38257432
0.37907469
0.37938578
0.37977886
0.37980816
0.37974047
0.37968178
0.3796301
0.3795755
0.37951447
0.37944673
0.3793721
0.37929003
0.37920013
0.37910124
0.37899306
0.37887408
0.37874389
0.3786009
0.37844449
0.37827302
0.37808531
0.37787964
0.37765462
0.37740831
0.37713886
0.37684395
0.37652143
0.37616865
0.37578289
0.37536116
0.37490006
0.37439602
0.37384511
0.37324289
0.37258455
0.37186453
0.37107663
0.37021385
0.36926776
0.36822874
0.36708548
0.36582515
0.36443349
0.36289578
0.36119719
0.35932339
0.35725994
0.35499143
0.35250027
0.34976643
0.34676776
0.34348066
0.3398809
0.33594387
0.33164459
0.32695756
0.32185643
0.31631405
0.31030274
0.30379491
0.29676385
0.28918461
0.28103522
0.27229765
0.26295883
0.25301169
0.24245606
0.23129951
0.21955848
0.20725941
0.19444001
0.18114935
0.16744978
0.15341315
0.13913387
0.12469227
0.11024807
0.095815909
0.081766176
0.067746167
0.054875161
0.041413999
0.031001203
0.017447253
0.012004567
-0.0042646207
0.0006040112
-0.025339246
0.27575958
0.42308309
0.43068035
0.41786222
0.41403744
0.41437666
0.41480363
0.41483312
0.41475722
0.41469033
0.41463243
0.41457046
0.41450013
0.41442321
0.41433872
0.41424556
0.41414356
0.41403164
0.41390869
0.41377423
0.41362649
0.41346507
0.41328764
0.41309386
0.41288155
0.41264901
0.41239459
0.4121161
0.41181166
0.41147838
0.41111405
0.4107156
0.41027993
0.40980361
0.40928307
0.40871399
0.40809208
0.40741226
0.40666896
0.40585599
0.40496616
0.40399106
0.40292109
0.40174467
0.40044846
0.39901754
0.39743579
0.39568698
0.39375543
0.39162591
0.38928258
0.38670777
0.38388095
0.38077871
0.37737567
0.3736454
0.36956125
0.36509656
0.36022434
0.35491711
0.34914638
0.34288294
0.33609727
0.32876026
0.32084429
0.31232426
0.303179
0.29339238
0.28295438
0.27186219
0.2601212
0.24774583
0.23476068
0.22120158
0.2071168
0.19256675
0.17762587
0.16237697
0.14692787
0.13136484
0.11586644
0.10043634
0.085487269
0.070603653
0.057029328
0.042808319
0.031965287
0.017637983
0.012243596
-0.0051618861
0.00074918562
-0.027581498
0.30008943
0.46045636
0.46872382
0.45476673
0.45060074
0.45096705
0.45142886
0.45146057
0.45137441
0.45129907
0.45123311
0.45116189
0.45108294
0.45099533
0.45089915
0.45079387
0.45067856
0.45055158
0.45041269
0.45026049
0.45009369
0.44991097
0.44971101
0.44949182
0.44925228
0.44898987
0.44870293
0.44838889
0.4480453
0.44766979
0.44725897
0.44680988
0.44631899
0.44578245
0.44519589
0.44455504
0.4438546
0.44308897
0.44225186
0.44133603
0.44033313
0.43923353
0.4380255
0.43669546
0.43522777
0.43360512
0.4318097
0.42982416
0.42763213
0.42521747
0.42256245
0.41964639
0.41644527
0.41293198
0.40907769
0.40485329
0.40022987
0.39517879
0.38967128
0.3836779
0.37716821
0.37011115
0.36247559
0.35423145
0.34535087
0.33580939
0.32558755
0.31467208
0.30305715
0.29074534
0.27774866
0.26408944
0.24980134
0.23493045
0.21953634
0.20369118
0.18748192
0.17100226
0.15437356
0.13768701
0.12114043
0.10472369
0.08889376
0.07316582
0.05891484
0.043953468
0.032713215
0.017623315
0.012320978
-0.0062237726
0.00078147472
-0.029944295
0.32545929
0.4994278
0.50839247
0.49324855
0.4887257
0.48912236
0.48962015
0.48965056
0.48955511
0.48947065
0.48939464
0.48931448
0.48922494
0.48912569
0.4890172
0.48889826
0.48876754
0.48862462
0.48846796
0.48829636
0.48810854
0.48790255
0.48767744
0.48743093
0.48716098
0.48686614
0.48654308
0.48619004
0.48580392
0.48538159
0.48491991
0.4844153
0.48386368
0.4832608
0.48260211
0.48188212
0.48109545
0.48023555
0.47929519
0.47826612
0.47713853
0.47590085
0.47453941
0.47303779
0.47137779
0.46953993
0.46750498
0.46525495
0.46277301
0.46004169
0.45704064
0.45374553
0.45012805
0.44615717
0.44180071
0.43702697
0.43180503
0.42610454
0.41989495
0.41314504
0.40582264
0.39789508
0.38933014
0.38009737
0.37016938
0.35952336
0.3481426
0.33601789
0.3231488
0.30954455
0.29522497
0.28022134
0.26457736
0.24835016
0.23161116
0.21444448
0.19694977
0.1792311
0.1614233
0.14362097
0.12604138
0.10865761
0.091972474
0.075425649
0.06052952
0.044851205
0.033249182
0.017409183
0.012244539
-0.0074451898
0.00072149864
-0.032435754
0.35184618
0.53994112
0.54963978
0.53326375
0.52837229
0.52879566
0.52933354
0.52936239
0.52925475
0.52916023
0.52907573
0.52898388
0.52888286
0.52877117
0.52864895
0.52851499
0.52836826
0.52820731
0.52803152
0.52783856
0.52762753
0.52739669
0.52714401
0.52686741
0.52656479
0.52623385
0.52587203
0.52547613
0.52504314
0.52456994
0.52405256
0.52348702
0.52286893
0.52219356
0.52145551
0.52064917
0.51976783
0.51880463
0.51775097
0.51659738
0.51533222
0.51394169
0.51240927
0.51071574
0.50883987
0.50676041
0.50445746
0.50191307
0.49910962
0.49602766
0.49264335
0.48892778
0.48484803
0.48036882
0.47545488
0.47007219
0.46418811
0.45777078
0.45078811
0.44320727
0.43499456
0.42611621
0.41653951
0.40623429
0.39517461
0.38334029
0.37071865
0.35730583
0.34310803
0.32814243
0.31243786
0.29603559
0.27899028
0.26137067
0.24326047
0.22475575
0.20596867
0.18701291
0.16803637
0.14913528
0.1305464
0.11222273
0.09471447
0.077379623
0.061873915
0.045505425
0.033578794
0.017002684
0.012021798
-0.0088201635
0.00058364857
-0.035056157
0.37920931
0.5819749
0.5924256
0.57477288
0.56949525
0.56995077
0.57052447
0.57055297
0.57043471
0.57032772
0.57023202
0.57012928
0.57001567
0.5698904
0.56975278
0.56960255
0.5694378
0.56925814
0.56906042
0.56884477
0.56860843
0.56834984
0.56806689
0.56775752
0.56741912
0.56704862
0.56664379
0.56620096
0.56571676
0.5651873
0.56460869
0.5639762
0.56328514
0.56252998
0.56170501
0.56080364
0.55981876
0.55874204
0.55756405
0.55627335
0.55485619
0.55329574
0.55157212
0.54966274
0.54754402
0.54519352
0.54259164
0.53972065
0.53656182
0.53309246
0.52928411
0.5251027
0.52051015
0.51546724
0.50993581
0.50387988
0.49726546
0.4900595
0.48222862
0.47373862
0.46455471
0.45464257
0.44396967
0.43250709
0.42023136
0.40712614
0.39318398
0.3784077
0.36281146
0.3464216
0.32927711
0.31143022
0.29294715
0.27390875
0.25441119
0.2345622
0.21448609
0.19430512
0.17417955
0.15420534
0.1346385
0.11540877
0.097114982
0.079027559
0.062951118
0.045922005
0.033708927
0.016411863
0.011660121
-0.010342161
0.00037817858
-0.037801682
0.4075276
0.62550583
0.63673569
0.6177519
0.61207605
0.6125608
0.61317526
0.61320279
0.61306925
0.61295193
0.61284299
0.61272836
0.61260027
0.61245977
0.61230555
0.6121371
0.61195302
0.61175076
0.61153023
0.61128851
0.61102398
0.61073474
0.61041798
0.61007195
0.60969318
0.60927902
0.60882607
0.60833093
0.60778944
0.6071977
0.60655072
0.60584406
0.60507196
0.60422854
0.60330737
0.60230133
0.60120212
0.60000043
0.59868517
0.59724257
0.595656
0.59390502
0.59196561
0.58981194
0.58741872
0.58476409
0.58182935
0.57859673
0.57504514
0.57114747
0.56686956
0.56217144
0.55701
0.55134218
0.5451276
0.53832883
0.5309108
0.52283966
0.51408113
0.50460009
0.49436122
0.48333023
0.47147571
0.45877107
0.44519643
0.43074048
0.41540237
0.39919286
0.38213534
0.36426647
0.34563622
0.32630855
0.30636174
0.28588895
0.26499867
0.24380982
0.22245827
0.20107345
0.17982735
0.15881343
0.13830668
0.11821043
0.099173221
0.080372398
0.063766485
0.046108473
0.033647425
0.015645713
0.011166758
-0.012004113
0.00011243649
-0.040666556
0.43678598
0.6704664
0.68250214
0.66214758
0.65605964
0.65657564
0.65723081
0.65725408
0.65710854
0.65697524
0.65685448
0.65672492
0.65658103
0.65642329
0.65625058
0.65606134
0.65585461
0.65562852
0.6553809
0.65511004
0.65481389
0.65448957
0.6541353
0.65374734
0.65332363
0.65286009
0.65235313
0.65179922
0.6511938
0.65053211
0.64980952
0.64902007
0.64815819
0.64721723
0.64619011
0.64506863
0.6438437
0.64250458
0.64103767
0.63942657
0.63765054
0.63568458
0.63350047
0.63106976
0.6283674
0.6253732
0.62207003
0.61843867
0.6144542
0.61008361
0.6052861
0.60001553
0.59422382
0.58786479
0.58089635
0.57328031
0.56498105
0.55596431
0.54619533
0.53563867
0.52425923
0.51202368
0.49890273
0.48487321
0.46992011
0.45403849
0.43723527
0.41953044
0.4009578
0.38156506
0.36141401
0.34058071
0.31915579
0.29724458
0.27496753
0.25245395
0.22985043
0.20729216
0.1849619
0.16294853
0.14154562
0.120627
0.10089204
0.081419844
0.064327308
0.046073805
0.033402931
0.01471375
0.010548806
-0.013798665
-0.0002083261
-0.043644074
0.46689825
0.71673187
0.72960118
0.70783639
0.70132464
0.70187174
0.70256659
0.7025881
0.70242485
0.70227736
0.7021424
0.70199535
0.70183441
0.7016575
0.70146374
0.7012517
0.70101941
0.70076638
0.70048868
0.70018525
0.6998535
0.69949056
0.69909383
0.69865989
0.69818572
0.69766739
0.69710079
0.69648186
0.69580566
0.69506718
0.69426096
0.6933811
0.692421
0.69137357
0.69023097
0.68898419
0.68762254
0.68613325
0.68450014
0.68270234
0.68071425
0.67850554
0.67604413
0.67330105
0.67025377
0.66688505
0.66317785
0.65911009
0.65465084
0.64975997
0.64438944
0.6384868
0.63199955
0.62487919
0.61708278
0.60857187
0.59931098
0.58926592
0.57840217
0.56668467
0.55407941
0.54055513
0.52608583
0.51065298
0.49424768
0.47687266
0.45854387
0.43929161
0.41916085
0.39821124
0.37651663
0.35416537
0.33126041
0.30791875
0.28427223
0.26045945
0.23663684
0.21294375
0.18957271
0.16660598
0.14435524
0.12266208
0.10227753
0.082177988
0.064642515
0.045828029
0.032984593
0.013626014
0.0098131502
-0.015718259
-0.00058039524
-0.04672724
0.49771372
0.76409131
0.77781152
0.75460498
0.74765664
0.74823592
0.74897173
0.74898761
0.74881024
0.7486461
0.7484939
0.74833152
0.74815162
0.74795363
0.7477372
0.74750117
0.7472426
0.74695948
0.74665023
0.74631228
0.74594202
0.74553791
0.74509554
0.74461245
0.7440841
0.74350689
0.7428763
0.74218745
0.74143545
0.74061453
0.73971881
0.73874195
0.73767674
0.73651556
0.73524955
0.73386874
0.7323606
0.73070934
0.72889487
0.72689082
0.72466503
0.72218227
0.71940854
0.71631756
0.71289141
0.70911524
0.70497024
0.70042858
0.69545193
0.68999196
0.68399298
0.67739661
0.67014677
0.66219366
0.6534943
0.64401058
0.63370773
0.62255236
0.61051096
0.59754987
0.58363711
0.56874471
0.55285118
0.5359439
0.51802137
0.49909526
0.47919164
0.45835195
0.43663306
0.41410684
0.39085939
0.36699118
0.34261701
0.31786496
0.29287735
0.26780086
0.24280069
0.21801863
0.19365619
0.16978689
0.14674023
0.12432296
0.10333854
0.082656927
0.064722266
0.045382
0.032401896
0.012392675
0.0089664264
-0.017755242
-0.0010012856
-0.049909312
0.52906743
0.812328
0.82691273
0.80222921
0.79483727
0.79544908
0.7962281
0.79624071
0.79604531
0.7958664
0.79569743
0.79551882
0.79531919
0.79510095
0.79486246
0.79460049
0.79431497
0.79400201
0.79366032
0.79328558
0.79287635
0.79242848
0.79193901
0.7914035
0.79081815
0.79017881
0.78947981
0.78871662
0.78788355
0.78697461
0.78598326
0.78490279
0.78372561
0.78244329
0.7810462
0.77952261
0.77785751
0.77603134
0.77401768
0.77178332
0.76928922
0.76649645
0.76337371
0.75990074
0.75606464
0.75185077
0.74723532
0.74218266
0.73664524
0.73056599
0.72388183
0.716529
0.70844902
0.69959178
0.6899151
0.67938191
0.66795864
0.65561375
0.64231568
0.62803318
0.61273744
0.59640497
0.57902007
0.56057731
0.54108401
0.52056167
0.49904738
0.47659441
0.45327179
0.42916372
0.40436843
0.37899793
0.35317822
0.32704761
0.30075775
0.27446215
0.24833352
0.22251472
0.19721504
0.17249755
0.14870939
0.12562005
0.10408625
0.082868332
0.064577665
0.044747113
0.031664372
0.0110241
0.008014946
-0.019901992
-0.0014695005
-0.053183871
0.5609788
0.86141884
0.87688912
0.85070492
0.84286104
0.84350412
0.84432592
0.84433404
0.84412138
0.84392362
0.84373995
0.84353971
0.84332083
0.84307938
0.84281482
0.84252571
0.84220917
0.84186262
0.84148287
0.84106783
0.84061338
0.84011591
0.83957177
0.83897675
0.83832613
0.83761505
0.83683844
0.83599025
0.83506532
0.83405663
0.83295797
0.83176195
0.83046079
0.82904517
0.8275044
0.82582452
0.82398669
0.82196515
0.81972568
0.81722625
0.81442252
0.81127667
0.80776496
0.80387542
0.79959781
0.79491366
0.78979129
0.78418513
0.77803781
0.77128309
0.76385097
0.7556738
0.746692
0.73685639
0.72612617
0.71446604
0.70184473
0.68823357
0.67360394
0.65792801
0.6411814
0.62334625
0.60441385
0.58438715
0.56328315
0.54113406
0.51798864
0.49391205
0.46898573
0.4433058
0.41698212
0.39013752
0.36290847
0.33544214
0.30789847
0.2804363
0.25323495
0.22643651
0.20025752
0.17474883
0.15027493
0.12656644
0.1045336
0.082825004
0.064220444
0.043935001
0.030781544
0.0095304907
0.006964685
-0.022150924
-0.0019843765
-0.056545159
0.5934243
0.91131955
0.9276818
0.89997516
0.89166786
0.89234315
0.89320265
0.893204
0.89296786
0.89274938
0.89254064
0.89231771
0.89207009
0.89179826
0.89150081
0.89117501
0.89081845
0.89042794
0.89000053
0.88953291
0.88902088
0.88846118
0.88784912
0.88717998
0.88644927
0.88565131
0.88478111
0.88383249
0.88279921
0.8816756
0.88045425
0.8791281
0.87768882
0.87612642
0.87442801
0.87257635
0.87054638
0.86830367
0.86580347
0.86299576
0.85983561
0.85629351
0.85235697
0.84802044
0.84327182
0.83808451
0.83241624
0.82621055
0.8193998
0.81190925
0.80366301
0.79459117
0.78463471
0.77374647
0.76188782
0.74902581
0.7351329
0.72018436
0.70415552
0.68702313
0.66876838
0.6493802
0.62885785
0.60721358
0.58447476
0.56068504
0.53590462
0.51021081
0.48369686
0.45647042
0.42865209
0.40037479
0.37178407
0.34303487
0.31429416
0.28572481
0.25751164
0.22979452
0.20279669
0.17655527
0.151452
0.12717716
0.10469484
0.082540605
0.063662675
0.042957372
0.029762656
0.0079218565
0.0058211641
-0.024494635
-0.0025459171
-0.059987934
0.62598166
0.96137164
0.97863389
0.94939734
0.94062584
0.94132902
0.94222454
0.94221106
0.94194947
0.94170231
0.94146498
0.94121028
0.94092863
0.94061902
0.94027988
0.93990939
0.93950338
0.93905956
0.93857427
0.9380433
0.93746346
0.93682981
0.93613827
0.93538388
0.93456129
0.93366571
0.93269122
0.93163225
0.93048266
0.92923652
0.92788715
0.92642684
0.92484715
0.92313646
0.92127855
0.91925014
0.91701693
0.91453239
0.91174136
0.90859038
0.9050426
0.90108292
0.89670941
0.89191714
0.88668631
0.88097898
0.87474043
0.86790247
0.86038721
0.85211216
0.84299722
0.83297201
0.82197947
0.80997551
0.79692446
0.78279683
0.76757017
0.75122513
0.73374229
0.71510425
0.69529896
0.67432313
0.65218498
0.62890694
0.60452719
0.5791006
0.55269915
0.52541152
0.49734222
0.46860952
0.43934401
0.40968728
0.37979297
0.34982252
0.31994852
0.29033681
0.26117655
0.23260443
0.20484958
0.17793437
0.15225784
0.12746872
0.10458522
0.08202918
0.062916464
0.041825851
0.028616628
0.0062078625
0.0045894507
-0.026926021
-0.0031546925
-0.063507772
0.65832486
1.0111521
1.0293034
0.99854128
0.98930751
0.99002888
0.99095849
0.99092753
0.99063263
0.99035312
0.99008242
0.98978982
0.98946683
0.98911245
0.9887253
0.9883012
0.98783819
0.98733259
0.9867798
0.98617715
0.9855195
0.98480287
0.98402237
0.98317343
0.98225096
0.98124937
0.98016369
0.97898851
0.97771838
0.97634719
0.97486907
0.97327596
0.97155793
0.96970079
0.96768253
0.96546983
0.96301551
0.96025981
0.95714136
0.95361354
0.94965619
0.94527008
0.94045782
0.93520775
0.92948784
0.92324662
0.91641629
0.90891659
0.9006598
0.89155716
0.88152606
0.8704973
0.85841722
0.84524553
0.83095016
0.81550619
0.79889782
0.78111248
0.76213697
0.74196118
0.72058086
0.69800138
0.67424085
0.64933211
0.62332436
0.59628362
0.56829288
0.53945169
0.50987487
0.47969035
0.44903741
0.41806529
0.3869344
0.35581142
0.32487343
0.29428802
0.26424815
0.23488598
0.20643638
0.17890607
0.15271125
0.12745873
0.10422038
0.081304985
0.061993855
0.040551652
0.02735195
0.0043977688
0.0032741498
-0.02943814
-0.0038117764
-0.067101058
0.69011107
1.0601707
1.0791923
1.0469137
1.0372114
1.0379559
1.0389099
1.0388587
1.0385297
1.0382112
1.0379019
1.0375667
1.037198
1.0367936
1.0363516
1.0358691
1.0353425
1.0347686
1.0341427
1.0334615
1.0327205
1.0319147
1.0310405
1.0300924
1.029066
1.0279564
1.026759
1.0254686
1.0240806
1.0225898
1.0209894
1.0192716
1.0174233
1.0154245
1.013244
1.0108347
1.0081337
1.0050716
1.0015911
0.99766457
0.99329266
0.98848564
0.98324216
0.97753812
0.97132626
0.96454037
0.9570995
0.94891181
0.93988074
0.92991286
0.91892536
0.90685166
0.89364252
0.87926244
0.86368353
0.84688657
0.82886415
0.8096116
0.789123
0.76739645
0.74443639
0.72025773
0.69488861
0.6683726
0.64076941
0.61215579
0.58262502
0.55228658
0.5212645
0.4896953
0.45772564
0.42551109
0.39321794
0.3610165
0.32908781
0.29760002
0.26674918
0.2366623
0.20757977
0.17949186
0.15283212
0.12716516
0.10361624
0.080382165
0.060906547
0.039145674
0.025976584
0.0025004303
0.0018793994
-0.032024347
-0.0045186723
-0.070764907
0.72104038
1.1078946
1.1277583
1.0940008
1.0838447
1.0846078
1.0855846
1.08551
1.0851427
1.084786
1.0844354
1.0840553
1.0836387
1.0831815
1.0826831
1.0821396
1.0815479
1.0809034
1.0802034
1.0794424
1.0786172
1.0777233
1.0767556
1.0757109
1.0745841
1.0733717
1.0720687
1.0706721
1.069177
1.0675787
1.06587
1.0640404
1.0620721
1.0599358
1.0575857
1.0549578
1.0519756
1.0485706
1.0447041
1.0403744
1.0355988
1.0303871
1.0247255
1.0185738
1.0118689
1.0045296
0.99646145
0.98756224
0.97772812
0.96686299
0.9548859
0.94173457
0.92736518
0.91174756
0.89485888
0.87668734
0.85723506
0.83650619
0.81450323
0.79123295
0.76670923
0.74095678
0.71401374
0.68593389
0.65678703
0.62665973
0.59565459
0.5638897
0.53149754
0.49862159
0.46541486
0.43203815
0.3986622
0.36546047
0.33261656
0.3002989
0.26870596
0.23795907
0.20830397
0.17971425
0.15264085
0.12660631
0.10278849
0.07927454
0.059665854
0.037618226
0.024497971
0.00052410729
0.00040884045
-0.034678389
-0.0052773746
-0.074497157
0.75082447
1.1538636
1.1745466
1.1393653
1.1287754
1.1295484
1.1305495
1.1304513
1.1300453
1.1296498
1.1292576
1.1288345
1.1283689
1.1278606
1.1273064
1.1267034
1.1260478
1.1253356
1.1245628
1.1237259
1.1228207
1.121843
1.1207889
1.1196546
1.1184364
1.1171311
1.1157357
1.1142464
1.1126598
1.1109704
1.1091693
1.1072415
1.1051605
1.102883
1.1003445
1.097464
1.0941612
1.0903843
1.0861253
1.0814063
1.0762498
1.070655
1.0645909
1.0579994
1.0508011
1.0429004
1.0341904
1.0245589
1.0138974
1.0021095
0.98911756
0.97486526
0.95931521
0.94244325
0.92423286
0.90468112
0.88380045
0.86160483
0.83810587
0.81331958
0.78726936
0.75998917
0.7315271
0.701946
0.67132514
0.63975965
0.60736032
0.57425273
0.54057619
0.5064803
0.47212314
0.43766951
0.40329412
0.369172
0.3354896
0.30241436
0.27014735
0.23880359
0.20863429
0.17959633
0.1521579
0.12580021
0.10175258
0.077995454
0.058282458
0.035979106
0.022922936
-0.0015234192
-0.0011343416
-0.037394303
-0.0060900503
-0.078296367
0.77919946
1.1977237
1.2191901
1.1826513
1.1716384
1.1724278
1.173447
1.1733247
1.172882
1.1724484
1.1720162
1.1715497
1.1710386
1.1704802
1.1698721
1.1692124
1.1684959
1.1677195
1.1668793
1.1659712
1.1649914
1.1639369
1.162804
1.1615897
1.160291
1.1589055
1.1574311
1.1558649
1.1542034
1.1524393
1.1505604
1.1485433
1.1463485
1.1439131
1.1411529
1.1379769
1.1343183
1.1301585
1.1255213
1.1204416
1.114934
1.1089803
1.1025298
1.0955069
1.0878163
1.0793483
1.0699844
1.0596048
1.048098
1.0353696
1.0213476
1.0059825
0.98924412
0.97111566
0.9515877
0.93066698
0.90837776
0.88474459
0.85978853
0.8335347
0.80601567
0.77727408
0.74736658
0.71636481
0.68435554
0.65144156
0.61774045
0.5833842
0.54851758
0.51329509
0.47787884
0.44243684
0.40714688
0.37218515
0.33774042
0.30397871
0.27110384
0.23922413
0.20859657
0.17916108
0.15140358
0.12476444
0.10052334
0.076557649
0.0567665
0.034237396
0.021257787
-0.0036349433
-0.0027474439
-0.040166395
-0.0069592164
-0.082162042
0.80592466
1.2390818
1.2612871
1.2234631
1.2120553
1.2128539
1.2138903
1.2137432
1.2132649
1.2127934
1.2123224
1.2118147
1.2112574
1.2106514
1.2099929
1.209278
1.2085041
1.2076669
1.206763
1.205789
1.2047416
1.2036171
1.2024139
1.201129
1.1997615
1.1983089
1.1967703
1.1951432
1.193423
1.1916
1.1896545
1.1875511
1.1852304
1.1826073
1.1795818
1.1760712
1.1720418
1.1675146
1.1625357
1.1571368
1.1513152
1.1450314
1.1382157
1.1307749
1.1225983
1.1135633
1.103541
1.0924061
1.0800467
1.0663725
1.0513183
1.0348427
1.0169241
0.99755378
0.97673056
0.95447164
0.93081421
0.90579384
0.87944083
0.85178872
0.82287828
0.79276021
0.76149835
0.72917154
0.6958732
0.66171202
0.62681161
0.59130851
0.55535217
0.51910045
0.48271901
0.44637859
0.41025908
0.37453761
0.3394051
0.30502613
0.27160685
0.23924937
0.20821637
0.17843135
0.1503975
0.1235161
0.099114917
0.07497315
0.055127409
0.032401553
0.019508179
-0.0058037398
-0.0044281865
-0.042989263
-0.0078876579
-0.086094282
0.83075832
1.2776138
1.3004964
1.261466
1.2496836
1.2504894
1.2515392
1.2513676
1.250851
1.2503416
1.2498314
1.2492812
1.2486798
1.2480253
1.247316
1.2465478
1.2457174
1.2448215
1.2438563
1.2428194
1.2417079
1.2405194
1.2392519
1.2379049
1.2364775
1.2349696
1.2333799
1.2317062
1.2299414
1.2280705
1.2260628
1.2238636
1.2213895
1.2185341
1.2151983
1.2113301
1.2069424
1.202089
1.1968196
1.19115
1.185055
1.1784737
1.1713177
1.1634777
1.1548283
1.1452347
1.1345599
1.1226752
1.1094701
1.09486
1.0787878
1.0612218
1.0421503
1.0215731
0.99949823
0.97595432
0.95099155
0.9246561
0.89698707
0.86802551
0.83781939
0.80642595
0.77391537
0.74037209
0.70589499
0.67059731
0.63460679
0.59806395
0.56112137
0.52393998
0.48668802
0.44953833
0.41267311
0.37626967
0.34052141
0.30559125
0.27168825
0.23890778
0.20751894
0.17742912
0.14915871
0.12207116
0.09754069
0.073253209
0.053373973
0.030479356
0.017679236
-0.0080236439
-0.0061747161
-0.045857932
-0.0088785442
-0.090093903
0.85339335
1.3127793
1.3362818
1.2961422
1.284016
1.2848285
1.2858857
1.2856885
1.2851368
1.2845892
1.2840408
1.2834487
1.2828031
1.2821024
1.2813426
1.2805228
1.2796377
1.278685
1.2776618
1.276565
1.2753938
1.2741461
1.2728221
1.2714214
1.269945
1.2683942
1.2667682
1.2650636
1.2632692
1.2613602
1.2592883
1.2569728
1.2543048
1.2511701
1.2474964
1.2432829
1.238586
1.2334725
1.2279789
1.2220973
1.215779
1.2089426
1.2014822
1.1932728
1.184176
1.1740467
1.1627416
1.1501305
1.1361063
1.1205914
1.1035385
1.0849262
1.0647531
1.0430279
1.0197679
0.99501422
0.96883012
0.94127234
0.91238759
0.88222298
0.8508322
0.81827846
0.78463661
0.74999553
0.71445799
0.67814042
0.64117334
0.60370023
0.56587624
0.52786445
0.48983528
0.45196378
0.41443371
0.37742319
0.3411278
0.30570919
0.27137922
0.2382272
0.20652872
0.17617554
0.14770517
0.120445
0.095813187
0.071408223
0.051514175
0.028477914
0.015775555
-0.010289004
-0.0079855373
-0.048767486
-0.0099351997
-0.094162444
0.87371062
1.3442971
1.3683637
1.3272433
1.3148095
1.3156182
1.3166779
1.31645
1.315859
1.315271
1.3146789
1.3140417
1.313348
1.3125949
1.3117817
1.3109038
1.3099594
1.3089447
1.3078586
1.3066988
1.3054647
1.3041567
1.3027758
1.3013242
1.2998047
1.2982193
1.296568
1.2948441
1.2930287
1.2910802
1.2889244
1.2864506
1.2835334
1.2800793
1.2760694
1.2715578
1.2666248
1.2613281
1.2556802
1.2496473
1.243158
1.2361122
1.228388
1.2198469
1.2103391
1.1997112
1.1878158
1.1745228
1.1597299
1.1433671
1.1253965
1.105807
1.0846066
1.0618123
1.0374535
1.0115859
0.98428533
0.95561733
0.92563534
0.89439004
0.86193926
0.82835175
0.79370493
0.75809166
0.72161678
0.68439887
0.64657033
0.6082766
0.56967467
0.53092969
0.49221402
0.4537047
0.4155872
0.37804047
0.34126283
0.30541438
0.27071043
0.23723454
0.20526899
0.17469061
0.14605386
0.11865182
0.093943931
0.069447832
0.049555385
0.026403702
0.013801171
-0.012594598
-0.0098595747
-0.051713342
-0.011061062
-0.09830213
0.8914149
1.3718638
1.396399
1.3544025
1.3416869
1.342484
1.3435327
1.3432663
1.3426266
1.3419879
1.3413427
1.3406489
1.339894
1.3390776
1.338197
1.3372496
1.3362328
1.3351446
1.3339842
1.332751
1.3314464
1.3300725
1.328633
1.3271328
1.3255766
1.3239679
1.3223048
1.3205749
1.3187437
1.3167438
1.3144664
1.3117772
1.3085634
1.3047856
1.3004895
1.2957652
1.2906904
1.2852982
1.2795724
1.2734544
1.2668529
1.2596522
1.2517171
1.2428978
1.2330355
1.2219707
1.2095525
1.1956499
1.1801622
1.1630264
1.1442138
1.123729
1.1015938
1.0778328
1.0524881
1.0256308
0.99734477
0.96769966
0.93675482
0.9045648
0.87118988
0.83670311
0.80118419
0.76472792
0.72744071
0.68944213
0.65086595
0.61185907
0.57257977
0.53319515
0.49387958
0.45481224
0.41618008
0.37816364
0.34096406
0.30474027
0.26971138
0.23595547
0.20376182
0.17299329
0.1442205
0.11670477
0.091943706
0.067380776
0.047504232
0.024262534
0.01175969
-0.01493569
-0.011796015
-0.054691094
-0.012259859
-0.10251597
0.90634348
1.3951889
1.4200997
1.3773371
1.3643713
1.3651401
1.36616
1.3658404
1.365137
1.3644318
1.3637161
1.362948
1.3621148
1.3612154
1.3602487
1.3592121
1.3581042
1.3569246
1.3556733
1.354353
1.352967
1.3515211
1.3500219
1.3484775
1.346895
1.3452776
1.3436191
1.3418931
1.3400388
1.3379508
1.3354894
1.3325254
1.3289987
1.3249433
1.3204531
1.3156227
1.3105058
1.3051048
1.299376
1.2932397
1.2865883
1.2792935
1.2712097
1.2621786
1.2520337
1.2406091
1.2277499
1.2133219
1.1972235
1.1793978
1.1598308
1.138559
1.1156237
1.0910421
1.0648615
1.0371685
1.008049
0.97757271
0.94580844
0.91281581
0.8786573
0.84341031
0.80715498
0.7699857
0.73201031
0.69334856
0.65413521
0.61451807
0.57465767
0.53472191
0.4948881
0.45533723
0.41625826
0.37783394
0.34026801
0.303719
0.26841003
0.23441416
0.20202799
0.171101
0.14221982
0.11461595
0.089822162
0.06521508
0.045366747
0.022059615
0.0096542249
-0.017307876
-0.01379439
-0.057696362
-0.013535622
-0.10680755
0.91834844
1.4140188
1.4392124
1.3958138
1.3826196
1.3833395
1.3843083
1.3839143
1.3831288
1.3823358
1.3815279
1.380662
1.3797263
1.3787202
1.3776433
1.3764941
1.3752732
1.3739821
1.3726235
1.371203
1.3697278
1.3682077
1.3666537
1.3650771
1.3634867
1.3618821
1.3602442
1.3585194
1.356606
1.3543607
1.351642
1.3483722
1.3445715
1.3403332
1.335764
1.330936
1.3258707
1.320541
1.314881
1.3087946
1.3021606
1.2948372
1.2866675
1.2774841
1.2671137
1.2553863
1.2421609
1.2273174
1.2107499
1.1923983
1.1722567
1.150384
1.1268175
1.1015636
1.0746878
1.0463015
1.0164932
0.98533362
0.95289719
0.91924232
0.8844382
0.84856801
0.81171006
0.77395637
0.73541402
0.69620213
0.65645662
0.61632716
0.5759756
0.53557152
0.49529534
0.45532964
0.4158666
0.37709081
0.33920959
0.30238104
0.26683272
0.23263324
0.20008664
0.16903004
0.14006525
0.11239646
0.087588237
0.0629578
0.043148297
0.019799633
0.0074875246
-0.019707183
-0.01585447
-0.060725002
-0.014892487
-0.11118093
0.92736415
1.4282505
1.4536127
1.4096959
1.3963012
1.3969499
1.3978395
1.3973474
1.3964548
1.3955493
1.3946226
1.3936321
1.392567
1.3914273
1.3902138
1.3889278
1.3875714
1.3861497
1.3846692
1.3831402
1.3815748
1.3799879
1.3783946
1.3768093
1.3752378
1.3736676
1.372051
1.3702892
1.3682363
1.3657422
1.3627161
1.3591657
1.3551806
1.3508742
1.3463329
1.3415953
1.3366516
1.3314489
1.3258994
1.319891
1.3133051
1.3060055
1.2978222
1.2885804
1.2781027
1.2662235
1.2528327
1.2378158
1.2210348
1.2024085
1.1819259
1.1595953
1.1354457
1.1095718
1.0820932
1.05313
1.0227746
0.99109362
0.95813925
0.92396266
0.88865187
0.8522898
0.81495429
0.77673795
0.73774434
0.69809013
0.65791104
0.61736005
0.5766006
0.53580459
0.49515561
0.45483799
0.41504799
0.37597202
0.33782175
0.3007549
0.26500409
0.23063368
0.1979556
0.1667952
0.13776898
0.11005638
0.085249891
0.060615483
0.040853625
0.017486694
0.0052619339
-0.022129947
-0.017976328
-0.063772833
-0.016334928
-0.11564117
0.9334542
1.4379739
1.463399
1.4190884
1.4055151
1.4060625
1.4068413
1.4062224
1.4051946
1.4041465
1.4030706
1.4019249
1.4006998
1.399397
1.39802
1.3965723
1.3950605
1.3934936
1.3918833
1.3902461
1.3885999
1.3869657
1.385362
1.3838016
1.3822768
1.3807439
1.3791041
1.3772089
1.3749029
1.3720877
1.3687628
1.3650117
1.3609508
1.3566755
1.3522379
1.3476405
1.3428395
1.3377611
1.3323039
1.3263501
1.3198553
1.3127344
1.3047679
1.2957498
1.2855016
1.2738596
1.2606329
1.2456173
1.2286852
1.2097823
1.1889173
1.1661088
1.1414402
1.1150726
1.087145
1.0577645
1.0270174
0.99496177
0.96163527
0.92709974
0.89143384
0.85470386
0.81700564
0.77843814
0.73909805
0.69910087
0.65857916
0.61768941
0.57659848
0.53548003
0.4945211
0.45390847
0.41384288
0.37451319
0.33613525
0.29886718
0.2629469
0.22843497
0.19565103
0.16441001
0.13534222
0.10760466
0.082814336
0.058193771
0.038487025
0.015124457
0.0029794521
-0.024572784
-0.020160224
-0.066835635
-0.017867448
-0.12019374
0.93674913
1.4434913
1.4688597
1.4242452
1.4105006
1.410913
1.4115422
1.4107625
1.4095646
1.408339
1.4070789
1.4057432
1.4043248
1.4028279
1.4012592
1.3996272
1.3979436
1.3962235
1.3944865
1.3927558
1.3910563
1.3894134
1.387844
1.3863455
1.3848742
1.3833276
1.3815522
1.3793904
1.3767435
1.3736068
1.3700596
1.3662165
1.3621778
1.3580021
1.3536967
1.3492191
1.3445156
1.3396075
1.3345184
1.329136
1.3232302
1.3165216
1.3088284
1.3000268
1.2899649
1.2784609
1.2652733
1.2501862
1.2330901
1.2139405
1.1927624
1.1696378
1.1446939
1.1180779
1.0899217
1.060325
1.0293618
0.99708617
0.96354348
0.9287972
0.89290303
0.85593127
0.81799061
0.7791719
0.73957545
0.69932219
0.6585407
0.61738655
0.57603223
0.53465376
0.49344138
0.45258475
0.41228927
0.37274731
0.33417878
0.29674258
0.26068195
0.22605461
0.19318779
0.1618868
0.13279491
0.10504944
0.080287965
0.055697756
0.036052214
0.012716082
0.00064183527
-0.027032591
-0.022406582
-0.069909198
-0.019495067
-0.12484488
0.93744908
1.4450212
1.4702101
1.4253765
1.411465
1.4117014
1.4121372
1.4111543
1.4097456
1.4083022
1.4068175
1.4052533
1.4036063
1.4018859
1.4001028
1.3982729
1.3964148
1.3945527
1.3927142
1.3909315
1.3892344
1.3876463
1.3861657
1.3847442
1.3832698
1.3815827
1.3795282
1.3770136
1.3740355
1.3706712
1.3670323
1.3632188
1.3592886
1.355244
1.3510642
1.3468268
1.3427094
1.3386657
1.3343247
1.329385
1.3236613
1.3170138
1.3093717
1.300613
1.2905687
1.2790472
1.2658485
1.2507886
1.2337278
1.2145999
1.1934239
1.1702921
1.1453416
1.118722
1.09056
1.0609474
1.0299533
0.99763173
0.96402853
0.92919859
0.89319728
0.85610475
0.81802078
0.77904082
0.73927503
0.69883972
0.65787142
0.61651959
0.57496205
0.53337867
0.49196294
0.45090723
0.41042277
0.37070496
0.33197855
0.29440343
0.2582285
0.22350871
0.19057928
0.15923656
0.13013611
0.10239794
0.077676453
0.053131851
0.03355245
0.010264354
-0.0017494805
-0.029506467
-0.02471609
-0.07298907
-0.021222818
-0.1296013
0.93552068
1.4424686
1.4673446
1.4223847
1.4083098
1.4083175
1.4085034
1.4072661
1.4055989
1.4038895
1.4021362
1.400305
1.3983971
1.3964296
1.3944209
1.3923959
1.3903841
1.3884203
1.3865419
1.3847874
1.3831824
1.3817234
1.3803499
1.3789346
1.3773119
1.3753369
1.3729303
1.3700962
1.3669093
1.3634786
1.3598991
1.3562215
1.352449
1.348624
1.3450356
1.3418628
1.3387146
1.3350576
1.3306406
1.3254919
1.3196401
1.313004
1.3054422
1.2967986
1.2869019
1.2755594
1.2625694
1.2477455
1.230944
1.2120858
1.1911777
1.1683053
1.1436028
1.117215
1.0892601
1.0598232
1.0289705
0.99675683
0.96322983
0.92844307
0.89245566
0.85534506
0.81720459
0.77814498
0.73828258
0.69773293
0.65663946
0.61515243
0.57344388
0.53170443
0.49012867
0.44891364
0.40827584
0.36841433
0.32955876
0.29187026
0.25560367
0.22081183
0.18783745
0.15646914
0.12737375
0.099656548
0.074984822
0.05049995
0.030990638
0.0077716513
-0.0041932811
-0.031991722
-0.027089476
-0.076070658
-0.02305617
-0.13447061
0.93088552
1.4357374
1.4601343
1.4151195
1.400864
1.4005746
1.4004398
1.3988835
1.3968961
1.394864
1.3927927
1.3906529
1.388457
1.3862299
1.3840037
1.3818148
1.3797073
1.3777268
1.3759164
1.3743045
1.3728761
1.3715477
1.3701719
1.3685831
1.366656
1.3643323
1.361624
1.358606
1.3553805
1.3520311
1.3485957
1.3451077
1.3417789
1.3389724
1.336606
1.3340049
1.330704
1.3267259
1.3221951
1.3171014
1.3113532
1.3048433
1.2974503
1.2890296
1.2794124
1.2684069
1.2558092
1.2414254
1.2251022
1.2067472
1.1863488
1.1639754
1.1397494
1.1138049
1.0862497
1.0571625
1.0266078
0.99464042
0.96131217
0.92667752
0.89079997
0.85375832
0.81564815
0.77658171
0.7366811
0.69607863
0.65490656
0.6133402
0.57153112
0.5296763
0.48797854
0.44663841
0.40587838
0.36590079
0.32694112
0.28916167
0.25282328
0.21797685
0.18497305
0.15359341
0.12451496
0.096830899
0.07221746
0.047805379
0.028369203
0.0052400241
-0.0066884949
-0.034485834
-0.029527661
-0.079149093
-0.025000722
-0.13946099
0.92345436
1.4246737
1.4483797
1.4033657
1.3888964
1.3882229
1.3876754
1.3857179
1.3833378
1.3809227
1.3784834
1.3760036
1.3735113
1.3710452
1.3686542
1.3663905
1.3643106
1.3624638
1.3608689
1.3594864
1.3581965
1.3568316
1.3552433
1.3533376
1.3510772
1.3484834
1.3456293
1.3426071
1.3394843
1.3362936
1.3331285
1.3303856
1.3283333
1.3265037
1.3242201
1.3212528
1.3177673
1.31385
1.3094627
1.3045336
1.2989866
1.2927317
1.2856549
1.2776156
1.2684496
1.2579667
1.2459601
1.2322263
1.2165973
1.1989644
1.1792934
1.1576307
1.1340805
1.1087622
1.0817735
1.0531862
1.0230632
0.99146108
0.95843634
0.9240465
0.88836065
0.85146101
0.81344761
0.77443574
0.73455396
0.69394459
0.65274428
0.6111313
0.56927115
0.52733648
0.48554864
0.44411296
0.40325714
0.36318775
0.3241454
0.28629427
0.24990109
0.21501564
0.18199568
0.15061713
0.12156595
0.093925903
0.069378191
0.045051056
0.025690329
0.0026711963
-0.0092342865
-0.036986438
-0.032031632
-0.082219208
-0.027062673
-0.14458136
0.9130759
1.4089914
1.4317391
1.386766
1.3720241
1.3708428
1.3697605
1.3673009
1.364444
1.3615826
1.3587387
1.3559214
1.3531725
1.3505542
1.3481359
1.3459821
1.3441387
1.3425984
1.3412706
1.3399905
1.3385939
1.3369695
1.3350626
1.332852
1.3303646
1.3276705
1.3248426
1.3219342
1.3190025
1.3162801
1.3141968
1.3127587
1.3112631
1.3091984
1.306611
1.3036536
1.3003535
1.2966688
1.2925468
1.2879317
1.2827563
1.2769363
1.2703634
1.2629019
1.2543891
1.2446352
1.2334295
1.2205584
1.2058342
1.1891278
1.1703795
1.149611
1.1269049
1.1023652
1.0760801
1.0481156
1.0185331
0.98739297
0.95475605
0.92068661
0.88525899
0.84856116
0.81069866
0.77179137
0.73197427
0.69139527
0.65021409
0.60857807
0.56670272
0.52472293
0.48287194
0.44136557
0.40043662
0.3602959
0.32118935
0.28328297
0.24684972
0.21193826
0.17891394
0.14754707
0.11853222
0.090945837
0.066470401
0.042239414
0.022955829
6.6618289e-05
-0.011829909
-0.039491246
-0.034602419
-0.085275436
-0.029248382
-0.14984116
0.89950001
1.3882246
1.409641
1.3647068
1.3495952
1.3477453
1.3459769
1.3428981
1.3394901
1.3361514
1.3329284
1.329859
1.3270153
1.3244794
1.3223205
1.3205558
1.3191089
1.3178147
1.31649
1.3150121
1.3133306
1.3114128
1.3092454
1.306861
1.3043208
1.3016738
1.2989638
1.2963356
1.2941882
1.2927942
1.2917716
1.2904838
1.2886822
1.2865163
1.2841008
1.2814388
1.2784924
1.2752187
1.2715685
1.2674854
1.2629043
1.2577459
1.2519071
1.2452551
1.2376258
1.2288272
1.2186434
1.2068458
1.1932265
1.1776321
1.159977
1.1402557
1.1185286
1.0948881
1.0694122
1.0421645
1.0132059
0.98260035
0.95041637
0.91672432
0.88160655
0.84515708
0.80748791
0.76872479
0.72900884
0.68849426
0.64735337
0.60574018
0.56385316
0.52186946
0.47997831
0.43842195
0.39743879
0.35724382
0.31808865
0.28014107
0.24368025
0.20875407
0.1757351
0.14438931
0.1154186
0.087894367
0.063496851
0.039372518
0.020167305
-0.0025725497
-0.014474722
-0.041998139
-0.037241248
-0.088311653
-0.03156457
-0.15525082
0.88198374
1.3610079
1.3805121
1.3355858
1.3199756
1.3172353
1.3145959
1.310793
1.3068094
1.3030677
1.2996479
1.2966251
1.2940777
1.2920344
1.2904183
1.2890378
1.2876754
1.2862101
1.2846105
1.2828588
1.2809187
1.2787839
1.2764913
1.2740787
1.2715831
1.26914
1.2671086
1.2658243
1.2651215
1.2644283
1.2633762
1.261997
1.2604204
1.2586878
1.2567809
1.2546704
1.2523238
1.2497037
1.2467651
1.2434562
1.2397192
1.2354815
1.2306431
1.2250671
1.2185816
1.2109833
1.2020464
1.1915268
1.1791953
1.1648736
1.1484503
1.1298948
1.1092474
1.0865915
1.0619998
1.0355329
1.0072558
0.97723563
0.94554953
0.91227569
0.87750464
0.84133767
0.80389317
0.76530429
0.72571789
0.68529418
0.64420992
0.60265062
0.56076252
0.51880456
0.47689448
0.43530457
0.39428299
0.35404818
0.31485754
0.27688032
0.24040239
0.20547099
0.17246575
0.14114915
0.11222911
0.084774739
0.060460111
0.036452068
0.017326074
-0.0052452991
-0.017168188
-0.044505059
-0.039949219
-0.091321249
-0.034018539
-0.16082155
0.85928129
1.3251717
1.3419792
1.2971182
1.2809387
1.2771621
1.2736293
1.2692632
1.2650756
1.2614865
1.2585909
1.2563665
1.2546723
1.2532393
1.2518212
1.2503211
1.2487617
1.2471497
1.2454351
1.2435711
1.2415646
1.2394174
1.2371567
1.2350484
1.2335104
1.2326943
1.2323537
1.2320544
1.2315126
1.2306875
1.2296903
1.2285941
1.2274119
1.2261379
1.2247681
1.2233004
1.2217229
1.2200045
1.2180926
1.2159179
1.2134023
1.2104568
1.2069687
1.2027913
1.1977376
1.1915917
1.1841176
1.1750591
1.1641679
1.151243
1.1361512
1.1188411
1.0993376
1.0777168
1.0540526
1.0284038
1.0008411
0.97143548
0.94027459
0.90744449
0.87304374
0.83718191
0.79998417
0.76159075
0.72215448
0.68184202
0.64083384
0.59932997
0.5574843
0.51554619
0.47364335
0.43203387
0.39098656
0.35072377
0.31150813
0.27351131
0.23702467
0.20209622
0.16911171
0.1378309
0.10896743
0.081589548
0.057362173
0.033479519
0.014433327
-0.00795091
-0.019909821
-0.047010018
-0.042727425
-0.094297018
-0.036617991
-0.16656536
0.82828224
1.2743495
1.2861576
1.2408519
1.2236737
1.2185553
1.2143017
1.2100897
1.2067867
1.2044814
1.2027736
1.201204
1.1995503
1.1978608
1.1962563
1.194765
1.1932873
1.1917161
1.1900176
1.1882883
1.1867456
1.1856044
1.1850291
1.1849567
1.1850668
1.1851613
1.1851563
1.1850162
1.1848159
1.1846411
1.1845406
1.1845405
1.1846459
1.1848443
1.1851018
1.1853722
1.1855992
1.1857108
1.1856201
1.1852403
1.1844883
1.1832798
1.1815107
1.1790416
1.1756815
1.1712084
1.1653747
1.1579158
1.14857
1.1371193
1.1234133
1.1073852
1.0890495
1.068482
1.0457577
1.0209385
0.99410067
0.96532082
0.93469627
0.90232146
0.86830333
0.83275949
0.79582234
0.75763778
0.71836578
0.67817868
0.63726168
0.59581747
0.554044
0.51210931
0.47024489
0.42862824
0.38756477
0.3472835
0.30805149
0.27004289
0.23355477
0.19863566
0.16567779
0.13443869
0.10563652
0.078341148
0.054204815
0.03045596
0.011489983
-0.010688807
-0.022699112
-0.049511171
-0.045577083
-0.097230939
-0.039371259
-0.17249491
0.81487034
1.2412279
1.2392733
1.1891037
1.1694888
1.1629438
1.1581815
1.1534209
1.1486022
1.1437356
1.1390016
1.1346588
1.1308182
1.127421
1.1243491
1.1215174
1.1189477
1.1167407
1.1150127
1.1138137
1.1131324
1.1130473
1.1136584
1.1148376
1.1163667
1.1182192
1.1204273
1.122963
1.1257284
1.1286211
1.1315643
1.1345004
1.1373615
1.1400898
1.1426496
1.1450317
1.147252
1.1493195
1.1511914
1.152795
1.1540446
1.1548439
1.1550651
1.1545476
1.1530826
1.1504382
1.1463588
1.1405732
1.1328162
1.1228585
1.110541
1.095787
1.0786052
1.0590754
1.0372777
1.0132764
0.98715504
0.95899565
0.92890459
0.89698505
0.86335273
0.82813124
0.79146025
0.75349232
0.71439292
0.67434005
0.63352482
0.5921494
0.55044306
0.50852818
0.46671655
0.42510348
0.38403108
0.3437388
0.3044972
0.2664831
0.22999932
0.19509481
0.16216817
0.13097573
0.10223907
0.075031365
0.050989568
0.027382286
0.0084969263
-0.013458652
-0.025535594
-0.052006664
-0.048499238
-0.10011424
-0.042287247
-0.17862395
0.7205908
1.096687
1.1005527
1.0709932
1.0622546
1.0597728
1.0580754
1.0578562
1.0599542
1.0642853
1.0701011
1.0762593
1.0811856
1.0841033
1.0862092
1.0885155
1.0908722
1.0930445
1.0949648
1.0965573
1.0976669
1.0982086
1.0982183
1.0977908
1.0970388
1.0960699
1.0949877
1.0938934
1.0928835
1.0921058
1.0918165
1.09228
1.0936157
1.095814
1.0987734
1.1023298
1.1063408
1.1106461
1.1149933
1.1191127
1.1228165
1.1259934
1.1284943
1.1301355
1.1306891
1.1299317
1.1276225
1.1234968
1.1172927
1.1087819
1.0978007
1.0842701
1.068192
1.0496562
1.0287484
1.0055341
0.9801055
0.95254776
0.92297621
0.89150294
0.85825031
0.82334864
0.78694424
0.749195
0.71027187
0.67035794
0.62964973
0.58835141
0.54670044
0.5048434
0.46306987
0.42147341
0.3803976
0.34009924
0.30085379
0.26283895
0.2263637
0.19147828
0.15858667
0.12744485
0.098777116
0.071661865
0.047717575
0.024259225
0.0054548316
-0.016260155
-0.02841883
-0.054494796
-0.051494849
-0.10293721
-0.045375287
-0.18496731
0.1084115
0.12229557
0.12075132
0.12488238
0.13541561
0.150624
0.16947407
0.19126203
0.2156163
0.24216419
0.27000058
0.29832891
0.32771195
0.35890577
0.3918698
0.42644818
0.46253243
0.49987123
0.5382201
0.5773468
0.6170573
0.65713195
0.69723128
0.73687935
0.77559098
0.81288514
0.84829548
0.88136695
0.91169152
0.93894234
0.96311274
0.98453483
1.0035073
1.0202163
1.0349003
1.0478197
1.0592148
1.0692907
1.0781931
1.0859424
1.0926139
1.0983196
1.1030923
1.1068452
1.1093342
1.1103534
1.1096928
1.1071048
1.1023353
1.0951606
1.0854143
1.0730162
1.0579621
1.0403533
1.0202795
0.99780671
0.97303457
0.9460495
0.91697515
0.8859314
0.85304615
0.81845614
0.782313
0.74478051
0.70603317
0.66625991
0.62566039
0.58444422
0.54284655
0.50106723
0.45931091
0.41774893
0.37667435
0.33637398
0.2971281
0.25911639
0.22265314
0.18778978
0.15493642
0.12384847
0.095252594
0.06823377
0.044389853
0.021087248
0.0023642969
-0.019093258
-0.031348207
-0.056973972
-0.054564883
-0.10568912
-0.048645828
-0.19154052
0.78900621
0.7879836
0.78718511
0.78668049
0.78648755
0.78656763
0.78686666
0.7872831
0.78774
0.78820962
0.78868406
0.78925558
0.79003168
0.79112123
0.79262814
0.7947826
0.79786352
0.80172765
0.80610098
0.81093453
0.81639946
0.82275617
0.83027922
0.83901684
0.84889917
0.8598796
0.87197626
0.88515748
0.89936825
0.91445581
0.93017886
0.94624364
0.96237208
0.97828288
0.99372223
1.0084716
1.0223011
1.0350351
1.046633
1.0570618
1.0661631
1.0738187
1.0802799
1.0856845
1.0897606
1.092266
1.0930005
1.0917303
1.0882061
1.0822033
1.073551
1.0621639
1.0480326
1.0312651
1.0119572
0.99016977
0.96600824
0.93955977
0.91095342
0.88031638
0.84778168
0.81349098
0.77760005
0.74027775
0.70170364
0.66206876
0.62157797
0.58044479
0.53890302
0.49719255
0.45544914
0.41393983
0.37287046
0.33257034
0.29332679
0.25532048
0.21887149
0.18403297
0.15121983
0.1201886
0.09166694
0.064748212
0.041007207
0.017866616
-0.00077409515
-0.021957997
-0.034323211
-0.05944262
-0.057709986
-0.10835813
-0.052110025
-0.1983604
0.81763944
0.81683858
0.81596238
0.81515629
0.81443194
0.81379068
0.81323489
0.81274599
0.81228144
0.81179201
0.81123485
0.81059174
0.80989646
0.80922845
0.80869469
0.80843687
0.80863957
0.80950734
0.81119003
0.81376464
0.8172539
0.82169168
0.82718082
0.83382899
0.84168532
0.8507126
0.86085788
0.87203274
0.88412985
0.89701638
0.91055485
0.92459214
0.93896839
0.9535039
0.96801391
0.98230293
0.99617118
1.009432
1.0219459
1.0336263
1.0441907
1.05321
1.060796
1.0672548
1.0724292
1.0760243
1.0778242
1.0775933
1.0750791
1.0700504
1.0623264
1.0518118
1.0384859
1.0224642
1.0038453
0.98268036
0.95907815
0.93312483
0.90495288
0.87469549
0.84249098
0.80848333
0.77283287
0.73571253
0.69730473
0.65780465
0.61742036
0.5763687
0.5348836
0.49322537
0.45150646
0.41005483
0.36899403
0.32869468
0.28945504
0.2514558
0.21502277
0.18021024
0.14743926
0.11646673
0.088021405
0.061205975
0.03757022
0.014597621
-0.0039599228
-0.024854558
-0.037343092
-0.061899413
-0.06093066
-0.11093115
-0.055779925
-0.2054449
0.9184926
0.91790512
0.91725821
0.91659501
0.91589221
0.91514484
0.91435175
0.9135163
0.91262624
0.91165866
0.91057693
0.90933651
0.9079079
0.90628621
0.9044874
0.90255018
0.9005299
0.8984931
0.8965158
0.89468781
0.89311044
0.89189545
0.8911662
0.89104853
0.89168
0.89318732
0.89569609
0.89931313
0.90412034
0.91016203
0.91743822
0.92589848
0.9354442
0.9459233
0.95714608
0.96888637
0.98089688
0.99292195
1.0047171
1.016075
1.0267715
1.0364192
1.0447081
1.0517104
1.0574896
1.0617635
1.0642822
1.0647955
1.0630417
1.0587782
1.0518069
1.0420196
1.0293757
1.0139983
0.99598916
0.97537899
0.95228261
0.92678042
0.89900656
0.86909896
0.83720164
0.80345833
0.76803485
0.73110502
0.69285558
0.65348457
0.61320224
0.5722292
0.53080044
0.48918229
0.44751067
0.40610045
0.36505157
0.32475286
0.28551734
0.24752617
0.21110962
0.17632448
0.14359647
0.11268436
0.084316841
0.057607584
0.034079531
0.011280252
-0.0071927107
-0.027783237
-0.040407073
-0.064343108
-0.064227186
-0.11339368
-0.059668641
-0.21281327
0.93343127
0.93315171
0.93283636
0.93251656
0.93218423
0.93183314
0.9314619
0.9310646
0.9306268
0.93012176
0.92951663
0.92877399
0.92786177
0.92676937
0.92550486
0.92409663
0.92258763
0.92103161
0.91948768
0.91802126
0.91670221
0.91559848
0.91478347
0.91433022
0.9143154
0.91481522
0.91591029
0.91768188
0.92021575
0.92359271
0.92788604
0.93314954
0.93940964
0.94664948
0.95480943
0.96377575
0.97338789
0.98344306
0.99370743
1.0039339
1.013873
1.0232748
1.0316909
1.0388717
1.0448586
1.0494457
1.0523621
1.0533414
1.0521103
1.0484091
1.0420177
1.0328143
1.0207302
1.0058951
0.98841429
0.9682944
0.94564914
0.92055289
0.89313886
0.8635512
0.83193472
0.79843736
0.76322364
0.72647273
0.6883722
0.64912231
0.60893671
0.56803758
0.52666372
0.4850787
0.44347102
0.40207839
0.36104868
0.32074945
0.28151786
0.24353471
0.20713457
0.1723774
0.13969293
0.10884252
0.080554272
0.053953526
0.030535357
0.0079145596
-0.010472103
-0.030744388
-0.043514321
-0.066772648
-0.067599586
-0.11572971
-0.063790334
-0.22048575
0.9647115
0.96445689
0.96417404
0.96388162
0.96356974
0.96323223
0.96286502
0.96246467
0.96201902
0.96150652
0.96089781
0.96015839
0.9592553
0.95816634
0.95688451
0.95541885
0.95378794
0.95202106
0.95015413
0.94822991
0.94629737
0.94440962
0.94262673
0.94101498
0.93964546
0.93859487
0.93794575
0.93778647
0.93820621
0.9392874
0.94112327
0.94380147
0.94738793
0.95192202
0.95740874
0.96380782
0.97103286
0.97894802
0.98736982
0.99607697
1.0048188
1.0133701
1.0213754
1.0284302
1.0343224
1.0389216
1.0419643
1.0431682
1.0422471
1.0389226
1.0329539
1.024199
1.0125575
0.99816524
0.98113482
0.96144336
0.93919609
0.91446128
0.88736925
0.85806935
0.82670855
0.79343561
0.75841542
0.7218294
0.68386728
0.64472994
0.60463413
0.56380375
0.52248067
0.48092601
0.43937542
0.39799253
0.35698918
0.31668869
0.2774598
0.23948398
0.2031001
0.16837059
0.13572998
0.10494189
0.076734091
0.050244116
0.026938055
0.0045004001
-0.013797672
-0.033738546
-0.046663709
-0.069187306
-0.071047298
-0.11792163
-0.068160662
-0.22848396
0.97768195
0.97750593
0.97730847
0.977106
0.97689161
0.97666147
0.97641235
0.97613935
0.97583093
0.97546739
0.97501913
0.97445265
0.97373698
0.97285127
0.9717879
0.97055498
0.96917083
0.9676597
0.96605137
0.96437814
0.96267381
0.96097454
0.95931735
0.9577411
0.9562865
0.95499967
0.95394378
0.95320511
0.95283793
0.95286488
0.95337693
0.95448982
0.95628836
0.95886527
0.96228903
0.96658234
0.97172784
0.97765887
0.98425472
0.99134303
0.99869441
1.0061243
1.0134183
1.020047
1.0256053
1.0299867
1.0329392
1.0341709
1.0333789
1.0302712
1.0245866
1.0161595
1.0048507
0.99081174
0.97416326
0.95483552
0.93293563
0.9085181
0.88171079
0.85266662
0.82153637
0.78846608
0.7536227
0.71718704
0.67935111
0.64031762
0.6003037
0.55953572
0.51825869
0.4767301
0.43522085
0.39384746
0.35287707
0.31257399
0.27334606
0.23537627
0.19900786
0.16430536
0.13170845
0.10098336
0.07285672
0.046479514
0.023287826
0.0010375233
-0.01716907
-0.036766299
-0.049854042
-0.071586512
-0.074569616
-0.11995008
-0.072796443
-0.23683137
0.99200942
0.99185415
0.99167992
0.99150001
0.99130881
0.99110112
0.9908741
0.99062319
0.99033771
0.9899988
0.98957904
0.98904598
0.98836843
0.98752415
0.98650401
0.98531179
0.98396161
0.98247342
0.98087054
0.97917914
0.97742644
0.97564062
0.97385011
0.97208162
0.97036118
0.96873337
0.96731427
0.96617829
0.9652712
0.9646188
0.96432742
0.96444094
0.9650097
0.96616889
0.9680336
0.97065467
0.97407355
0.97828606
0.98322331
0.98875802
0.99469689
1.0009666
1.0074104
1.0133733
1.0184186
1.0224156
1.0251163
1.0262199
1.0254145
1.0223934
1.0168724
1.0086701
0.99759835
0.98384082
0.96750714
0.94847898
0.9268727
0.90273113
0.87617274
0.84735298
0.81642715
0.78353887
0.74885389
0.71255479
0.67483313
0.63589268
0.59595286
0.5552405
0.51400341
0.47249722
0.43101581
0.38964631
0.34871583
0.30840837
0.2691787
0.23121376
0.19485897
0.160183
0.12762905
0.096967271
0.068922543
0.042659738
0.019584834
-0.002474206
-0.020585901
-0.039828359
-0.053084008
-0.073970105
-0.078165127
-0.1217935
-0.077716776
-0.24555522
1.0011989
1.0010733
1.0009317
1.0007858
1.0006307
1.0004636
1.0002807
1.0000776
0.99984384
0.99956055
0.99920076
0.99873171
0.99812295
0.99735265
0.9964132
0.99530964
0.99405541
0.9926701
0.99117518
0.98959258
0.98794374
0.98624814
0.98452221
0.982776
0.98102591
0.97935869
0.9778919
0.97658226
0.97535102
0.97427624
0.97343419
0.97287149
0.9726893
0.97297259
0.97375824
0.97512058
0.9771698
0.97995695
0.98345401
0.98758222
0.99221725
0.99742022
1.0029425
1.008076
1.0124835
1.0159829
1.01832
1.0191842
1.0182564
1.0152179
1.009763
1.0016953
0.9907892
0.9772497
0.96115574
0.94237103
0.92100548
0.89710591
0.87076037
0.84213513
0.81138856
0.77866114
0.74411727
0.7079393
0.67031968
0.63146212
0.59158752
0.5509232
0.50971985
0.46823173
0.42676524
0.3854009
0.34450793
0.30419471
0.26495978
0.22699765
0.19065492
0.15600413
0.12349251
0.092893927
0.064931712
0.038784899
0.015829084
-0.0060350911
-0.0240478
-0.042925432
-0.056352031
-0.076338311
-0.081831788
-0.12342807
-0.082942886
-0.25468297
1.0093856
1.0092753
1.009151
1.0090225
1.0088859
1.0087376
1.0085752
1.0083937
1.0081824
1.007923
1.0075885
1.0071464
1.0065662
1.0058268
1.0049207
1.0038534
1.002639
1.0012961
0.99984565
0.99830772
0.99670087
0.99504064
0.99333687
0.99159381
0.98984144
0.98819335
0.98669268
0.98521851
0.9837223
0.98227869
0.9809807
0.97991715
0.97917917
0.97880248
0.97882068
0.97933127
0.9804027
0.98207502
0.98438035
0.98731219
0.99086761
0.99507578
0.99958066
1.0038307
1.0075418
1.0104844
1.0123874
1.0129392
1.011809
1.0086713
1.0032035
0.99519547
0.98439757
0.97101182
0.95509076
0.93650041
0.91533416
0.89164062
0.86547617
0.83701685
0.80642492
0.77383862
0.73941828
0.7033465
0.66581657
0.62703141
0.58721256
0.54658858
0.50541233
0.46393759
0.42247405
0.38112844
0.3402555
0.29993449
0.26069124
0.22272908
0.1863966
0.15176945
0.11929921
0.088763594
0.060884399
0.03485492
0.012020635
-0.0096454292
-0.02755431
-0.046058451
-0.059656328
-0.078691852
-0.08556684
-0.12482801
-0.088496587
-0.26423503
1.015506
1.015411
1.0153041
1.0151935
1.0150761
1.014949
1.0148097
1.014653
1.0144687
1.0142373
1.0139318
1.0135193
1.0129696
1.0122625
1.0113926
1.0103665
1.0091999
1.0079122
1.0065238
1.0050537
1.0035179
1.0019278
1.0002871
0.99859706
0.99690738
0.99532953
0.99383427
0.99227639
0.99064196
0.98899334
0.98740194
0.98594483
0.98470583
0.98376093
0.98318229
0.98304011
0.98336692
0.98419945
0.98560014
0.98759696
0.99023294
0.99345385
0.99695605
1.0003646
1.0033789
1.0057426
1.0071777
1.0073692
1.0059805
1.002681
0.99714065
0.98913116
0.97838992
0.96509921
0.94929707
0.9308551
0.90985767
0.88632615
0.86032035
0.83199962
0.80153923
0.76907446
0.73476053
0.69878093
0.66132811
0.62260429
0.58283171
0.54224065
0.50108417
0.45961748
0.4181486
0.37683341
0.33595696
0.29562987
0.25637402
0.21840925
0.18208469
0.14747937
0.1150493
0.084576425
0.056780595
0.030869604
0.008159611
-0.013305593
-0.03110509
-0.049228322
-0.062994964
-0.081031971
-0.08936679
-0.12596603
-0.094398907
-0.2742293
1.0205431
1.0204597
1.020365
1.0202676
1.0201642
1.020052
1.0199286
1.019789
1.0196221
1.0194092
1.0191216
1.0187268
1.0181943
1.017505
1.016655
1.0156535
1.0145172
1.0132664
1.0119217
1.0105017
1.0090203
1.0074853
1.0058957
1.0042558
1.0026444
1.0011391
0.99963878
0.99802049
0.99629674
0.99451865
0.99274174
0.99102877
0.98945174
0.98808548
0.9870058
0.9862866
0.9859882
0.98615934
0.98684885
0.98808429
0.98988804
0.99221006
0.99484271
0.99747855
0.99982243
1.0016113
1.0025678
1.0023702
1.0006899
0.99718384
0.99152323
0.98346424
0.97273425
0.95949115
0.94376222
0.92542539
0.90456106
0.88115593
0.85529092
0.82708463
0.79673317
0.76437067
0.73014735
0.69424546
0.65685698
0.61818416
0.57844925
0.53788215
0.49673747
0.45527398
0.41379353
0.37250169
0.3316124
0.29128153
0.25200929
0.21403912
0.17771961
0.14313446
0.11074316
0.080332427
0.052620213
0.026828925
0.0042458424
-0.017015847
-0.034699589
-0.052436057
-0.066365819
-0.083360571
-0.093227178
-0.12681192
-0.10067629
-0.28471811
1.0244189
1.0243457
1.0242624
1.0241766
1.0240859
1.023988
1.0238802
1.0237571
1.0236077
1.023412
1.0231412
1.0227617
1.0222436
1.0215693
1.020737
1.0197579
1.0186513
1.0174383
1.0161395
1.0147724
1.0133485
1.011872
1.0103389
1.0087671
1.0072536
1.0058152
1.0043056
1.0026505
1.0008731
0.99901265
0.99711119
0.99522106
0.99340524
0.99173348
0.99027766
0.98911272
0.98830569
0.98791516
0.9879895
0.98856386
0.98965203
0.99121385
0.99309169
0.9950231
0.9967385
0.99797589
0.99845227
0.9978581
0.99586303
0.9921239
0.98630384
0.978158
0.96740099
0.95416607
0.93847107
0.92020378
0.89943013
0.8761317
0.85038506
0.82227035
0.792007
0.75972869
0.72558064
0.68974227
0.65240616
0.61377343
0.57406652
0.53351528
0.49237584
0.45090786
0.40941089
0.36812787
0.32722384
0.28689045
0.24759781
0.20961887
0.17330202
0.1387348
0.10638085
0.076031493
0.048403403
0.022732673
0.00027937527
-0.020776525
-0.038337428
-0.055682663
-0.069766528
-0.085680275
-0.097142202
-0.12732791
-0.1073729
-0.29581076
1.0274249
1.0273603
1.0272865
1.0272105
1.0271304
1.0270443
1.0269494
1.0268401
1.0267048
1.0265227
1.0262644
1.0258959
1.0253876
1.0247233
1.0239038
1.0229429
1.0218618
1.0206833
1.0194277
1.0181111
1.0167436
1.0153252
1.0138509
1.0123533
1.0109238
1.009526
1.0080092
1.0063357
1.0045288
1.0026176
1.0006352
0.99862455
0.99663855
0.99474072
0.993
0.99148837
0.99027621
0.98942339
0.98898225
0.98899232
0.98946824
0.9903793
0.99159394
0.99289171
0.99402545
0.99473821
0.99475032
0.99376091
0.99143629
0.9874454
0.98144235
0.97317645
0.96236417
0.94910221
0.93340692
0.91517901
0.89446281
0.87125355
0.84559689
0.81755539
0.78735992
0.75514928
0.72106021
0.68527287
0.64797739
0.60937402
0.56968576
0.52914239
0.48799992
0.44652124
0.40500211
0.36371529
0.32279313
0.28245709
0.24314064
0.20514902
0.16883207
0.13428062
0.10196224
0.071673823
0.044129762
0.018580696
-0.0037397963
-0.024587928
-0.042018034
-0.058969337
-0.073194479
-0.087994813
-0.1011042
-0.1274689
-0.11454324
-0.30754778
1.0296282
1.0295713
1.0295056
1.0294387
1.0293685
1.0292932
1.0292103
1.0291138
1.0289916
1.0288223
1.0285752
1.028216
1.0277158
1.0270603
1.0262528
1.0253103
1.0242558
1.0231134
1.021903
1.0206399
1.0193304
1.0179711
1.0165592
1.0151503
1.0138033
1.0124281
1.0109051
1.0092237
1.0074029
1.0054631
1.0034294
1.0013376
0.99923267
0.9971704
0.99521584
0.99343529
0.99190017
0.99067077
0.98980335
0.9893376
0.98929134
0.98963959
0.99027242
0.99100449
0.99160261
0.99182283
0.99139268
0.99001192
0.98735917
0.98310137
0.97689966
0.96848916
0.95759615
0.94427922
0.92855608
0.91034068
0.88965368
0.86651361
0.84091893
0.81293651
0.78279053
0.75063116
0.71658794
0.6808376
0.6435713
0.60498754
0.56530823
0.52476422
0.48361155
0.4421157
0.40056804
0.35926662
0.31832072
0.27798225
0.23863789
0.20063024
0.16430995
0.12977183
0.097487537
0.067259035
0.039799438
0.01437276
-0.0078117239
-0.028450353
-0.045740957
-0.062297125
-0.076646981
-0.090308818
-0.10510418
-0.12720025
-0.12219009
-0.31966175
1.0311493
1.0310992
1.0310408
1.0309816
1.0309203
1.0308548
1.0307826
1.0306976
1.0305871
1.0304291
1.030192
1.029841
1.0293481
1.0287012
1.0279063
1.0269835
1.025958
1.0248545
1.0236926
1.0224853
1.0212353
1.0199362
1.0185941
1.0172794
1.0160009
1.0146368
1.0131134
1.0114341
1.0096118
1.0076598
1.0055981
1.0034554
1.0012698
0.99909074
0.99697603
0.99499027
0.99319876
0.99166587
0.99044542
0.98957813
0.98908732
0.98894837
0.98907389
0.98929757
0.98940891
0.98917153
0.98832044
0.98656375
0.98358463
0.97905542
0.9726394
0.96406913
0.95307249
0.93967835
0.92390446
0.90567633
0.88499708
0.86189901
0.83634606
0.80841012
0.77829685
0.74617388
0.71216263
0.67643698
0.63918884
0.60061435
0.56093513
0.520382
0.47921202
0.43769133
0.39611016
0.35478308
0.31380557
0.27346637
0.23409031
0.19606255
0.15973591
0.12520863
0.092956482
0.062787047
0.035412223
0.010108772
-0.011936362
-0.032364059
-0.049505622
-0.065667251
-0.080121104
-0.092627811
-0.10913314
-0.12651651
-0.13022797
-0.33182966
1.0320606
1.0320167
1.0319651
1.031913
1.0318597
1.0318033
1.0317411
1.0316669
1.0315676
1.0314202
1.0311928
1.0308504
1.0303657
1.0297291
1.0289501
1.0280516
1.0270605
1.0260022
1.024895
1.0237492
1.0225647
1.0213332
1.0200681
1.0188322
1.0175996
1.0162482
1.0147365
1.0130696
1.0112564
1.009306
1.0072345
1.0050642
1.0028275
1.0005676
0.99833588
0.99619442
0.99420184
0.99242421
0.99091174
0.98970833
0.98883567
0.98827936
0.98795843
0.98772905
0.98739816
0.98673753
0.9854905
0.98337175
0.98007208
0.97527175
0.96863292
0.95989145
0.94877209
0.93528206
0.91943792
0.90117581
0.8804827
0.85740183
0.83187352
0.80397311
0.77387723
0.7417754
0.70778348
0.67207124
0.63483027
0.59625465
0.55656674
0.51599714
0.47480105
0.43324937
0.39162873
0.35026554
0.30924954
0.26891001
0.22949829
0.19144586
0.15510984
0.12059094
0.088369122
0.058257942
0.030967865
0.0057885864
-0.016113791
-0.036329235
-0.053311491
-0.069080813
-0.083613757
-0.094958191
-0.11318108
-0.12538927
-0.13870158
-0.34496286
1.0324364
1.032398
1.0323522
1.0323066
1.0322606
1.0322126
1.0321596
1.0320955
1.0320067
1.0318697
1.0316521
1.0313191
1.0308448
1.030222
1.0294637
1.028595
1.027645
1.0266385
1.0255924
1.0245152
1.0234025
1.0222453
1.0210611
1.0198929
1.0186932
1.0173586
1.0158668
1.0142209
1.0124263
1.0104894
1.0084215
1.0062407
1.0039762
1.0016638
0.99934986
0.99708999
0.99494326
0.99296596
0.99121435
0.98972935
0.98853182
0.98761147
0.98690034
0.98626816
0.98553464
0.98448261
0.9828638
0.98039888
0.97679029
0.97171804
0.96485419
0.95593024
0.94467639
0.93107524
0.91514263
0.89682814
0.87610489
0.85301625
0.82749776
0.79962167
0.76952898
0.73743521
0.70344967
0.66773904
0.63049491
0.59190932
0.55220432
0.51160868
0.47038074
0.42878976
0.38712488
0.34571332
0.30466346
0.26431343
0.22486212
0.18678071
0.15043169
0.11591863
0.083725289
0.053671319
0.02646647
0.0014119988
-0.020343995
-0.040346094
-0.057158013
-0.072538961
-0.087121696
-0.097308372
-0.11723119
-0.123631
-0.14818582
-0.36162674
1.0323419
1.0323084
1.032268
1.0322283
1.0321889
1.0321484
1.0321041
1.0320494
1.0319705
1.0318439
1.031637
1.0313152
1.0308544
1.0302502
1.0295183
1.0286867
1.0277855
1.0268386
1.0258612
1.0248576
1.0238206
1.0227415
1.021642
1.0205387
1.0193657
1.0180518
1.0165854
1.0149679
1.0131999
1.0112849
1.0092326
1.0070566
1.004781
1.0024374
1.000068
0.9977212
0.99545406
0.99331766
0.99136933
0.98964594
0.98817232
0.98693526
0.98588402
0.98488987
0.9837899
0.98237713
0.98040859
0.97761909
0.97370875
0.9683702
0.96128048
0.95216443
0.94076779
0.92704097
0.91100722
0.89262388
0.8718542
0.84873806
0.82321794
0.79535271
0.76524973
0.73315016
0.69916037
0.66344029
0.62618315
0.58757801
0.5478468
0.50721842
0.46595026
0.42431382
0.38259799
0.34113002
0.30005588
0.25967533
0.22018185
0.18206692
0.14570177
0.11119166
0.079024835
0.049027246
0.021907671
-0.003021089
-0.024626934
-0.044414689
-0.06104464
-0.076042749
-0.09064175
-0.099690128
-0.12125657
-0.12094983
-0.15934516
-0.38112835
1.0318413
1.0318123
1.0317767
1.0317421
1.0317087
1.031675
1.0316384
1.0315923
1.031523
1.0314068
1.0312114
1.0309032
1.0304599
1.0298797
1.0291816
1.0283953
1.0275516
1.0266723
1.0257706
1.0248463
1.0238908
1.0228946
1.0218761
1.0208278
1.0196825
1.0183972
1.0169643
1.0153813
1.013646
1.0117613
1.0097327
1.007573
1.0052991
1.0029409
1.0005358
0.99812665
0.99576556
0.99350528
0.99139206
0.9894696
0.98775662
0.98624944
0.98489128
0.98357678
0.98214334
0.98039749
0.97810541
0.97500485
0.97080368
0.96520589
0.95788844
0.94858095
0.93702968
0.92316662
0.90701904
0.88855371
0.86772351
0.84456225
0.81903335
0.79116194
0.76103614
0.72891922
0.69491345
0.6591744
0.6218941
0.58326058
0.54349437
0.50282547
0.46151013
0.41982115
0.37804886
0.33651728
0.29542066
0.25499375
0.21545761
0.17730419
0.14091979
0.10641008
0.074267695
0.044325375
0.017291627
-0.0075106801
-0.028962568
-0.04853516
-0.064970717
-0.079593143
-0.0941707
-0.10211764
-0.12523212
-0.11756603
-0.1708138
-0.39208363
1.0309977
1.0309727
1.0309414
1.0309116
1.0308835
1.0308559
1.0308261
1.0307878
1.0307276
1.030622
1.0304393
1.0301476
1.0297264
1.0291767
1.0285197
1.0277872
1.027009
1.0262054
1.0253853
1.0245461
1.0236771
1.0227675
1.02182
1.0208172
1.0197073
1.0184592
1.0170659
1.0155219
1.0138251
1.0119765
1.0099783
1.007842
1.0055814
1.0032213
1.0007936
0.99834284
0.99590978
0.99354948
0.99130204
0.98920918
0.9872926
0.985548
0.98391773
0.98231643
0.98058211
0.97852914
0.97593053
0.97253341
0.96805416
0.9622058
0.95466229
0.94516064
0.9334477
0.91944186
0.90316828
0.88460821
0.86370586
0.84048619
0.81493747
0.78704224
0.75688604
0.72473968
0.69070779
0.65493975
0.61762669
0.57895688
0.53914788
0.49843005
0.45706048
0.41531175
0.37347729
0.33187606
0.2907471
0.25026813
0.21068915
0.17249316
0.13608564
0.10157345
0.069453868
0.039565821
0.012618019
-0.012056928
-0.033350774
-0.052707381
-0.068935838
-0.083190884
-0.097705493
-0.10460366
-0.12914732
-0.1146908
-0.17878702
1.0298746
1.0298531
1.0298257
1.0297999
1.0297764
1.029754
1.0297302
1.0296988
1.0296468
1.0295517
1.0293833
1.0291111
1.0287167
1.0282037
1.0275957
1.0269251
1.02622
1.0254979
1.0247638
1.0240122
1.0232306
1.0224061
1.0215287
1.0205737
1.0195029
1.0182969
1.0169457
1.0154456
1.0137917
1.0119819
1.01002
1.0079114
1.00567
1.0033166
1.0008812
0.9983995
0.99591499
0.99347037
0.99111441
0.98887804
0.98678592
0.98482828
0.98296566
0.98109894
0.97908973
0.97675189
0.97386744
0.97018916
0.96544234
0.95935023
0.95158596
0.94188765
0.93000947
0.91585212
0.89944582
0.88078035
0.8597928
0.8365047
0.81092109
0.78299137
0.75279548
0.72060947
0.68654168
0.65073483
0.61338111
0.57466534
0.53480615
0.49403244
0.45260113
0.41078617
0.36888314
0.32720677
0.28603327
0.24549948
0.20587634
0.16763337
0.13119935
0.096682041
0.064583137
0.034748408
0.0078868949
-0.016659727
-0.037791601
-0.056931379
-0.072939339
-0.086836659
-0.10124314
-0.10715867
-0.13298895
-0.11250907
-0.18758478
1.0285365
1.0285185
1.0284946
1.0284725
1.0284529
1.0284347
1.0284155
1.0283899
1.0283453
1.0282608
1.0281075
1.0278572
1.0274944
1.0270247
1.0264728
1.0258709
1.0252446
1.0246079
1.0239617
1.0232964
1.022598
1.0218524
1.0210498
1.0201508
1.0191207
1.0179582
1.0166536
1.0151998
1.0135887
1.0118197
1.0098959
1.0078191
1.0056024
1.0032625
1.0008263
0.99832335
0.99580027
0.993292
0.99084218
0.98848508
0.98623882
0.984095
0.98202221
0.97991728
0.97765486
0.97505346
0.97190117
0.96795627
0.96295335
0.95661894
0.94864203
0.93875113
0.92670122
0.9123864
0.89583996
0.87706132
0.8559796
0.83261135
0.80697831
0.77900455
0.74876225
0.71652637
0.68241325
0.64655908
0.60915567
0.5703865
0.53046865
0.4896317
0.44813213
0.40624391
0.36426633
0.3225093
0.28128093
0.24068745
0.20101929
0.16272496
0.12626065
0.091735649
0.059655298
0.029873031
0.0030981915
-0.021319152
-0.042284758
-0.061206999
-0.076980791
-0.090530843
-0.10478092
-0.10979091
-0.13674068
-0.11090611
-0.19618373
1.0270465
1.0270317
1.0270114
1.0269925
1.0269762
1.0269614
1.0269459
1.0269247
1.0268866
1.026812
1.0266746
1.026449
1.0261222
1.0257012
1.0252117
1.024684
1.0241405
1.0235904
1.0230296
1.0224463
1.0218254
1.0211528
1.0204213
1.0195858
1.0186036
1.0174859
1.0162286
1.0148196
1.0132535
1.0115272
1.0096413
1.0075984
1.0054088
1.0030861
1.0006525
0.99814323
0.9955879
0.99302832
0.99049989
0.98803731
0.98565642
0.98335384
0.98108407
0.97876747
0.97627359
0.97342705
0.97001797
0.96581932
0.96057271
0.95400675
0.94581903
0.93573793
0.92351358
0.90903577
0.89234676
0.87344344
0.85225864
0.82880101
0.8031072
0.77507824
0.74478346
0.71248787
0.67832148
0.64241059
0.60494956
0.56611884
0.52613585
0.48522751
0.44365285
0.40168519
0.35962694
0.31778339
0.27649091
0.23583231
0.19611782
0.15776772
0.12126983
0.086734301
0.054670346
0.024939616
-0.0017480001
-0.02603511
-0.046830267
-0.065533917
-0.081059695
-0.094273584
-0.10831641
-0.11250672
-0.14038943
-0.10986816
-0.20475993
1.0254686
1.0254569
1.0254401
1.0254244
1.0254108
1.0253984
1.0253853
1.0253671
1.025334
1.0252685
1.0251469
1.0249473
1.0246591
1.0242909
1.0238677
1.0234169
1.0229565
1.0224904
1.0220107
1.0215041
1.0209542
1.0203469
1.0196735
1.0189076
1.0179929
1.0169188
1.015706
1.0143433
1.012822
1.0111375
1.0092892
1.0072829
1.005119
1.0028172
1.0003948
0.99787997
0.99530184
0.9927001
0.99010798
0.98755437
0.98505439
0.9826107
0.98016541
0.97765613
0.97494565
0.9718716
0.96822672
0.96378581
0.95830294
0.95151336
0.94311806
0.93284446
0.92044423
0.90579849
0.88895787
0.86992309
0.84862564
0.82507168
0.79930325
0.77121157
0.74085698
0.70849242
0.67426434
0.6382901
0.6007624
0.56186304
0.5218063
0.48082131
0.43916375
0.39711043
0.35496452
0.31302988
0.27166335
0.23093494
0.19117182
0.15276217
0.11622691
0.081677814
0.049628735
0.019948354
-0.0066516918
-0.030807237
-0.051427776
-0.069911864
-0.085175468
-0.098064749
-0.11184734
-0.11531076
-0.14392259
-0.10936232
-0.21328678
1.0238608
1.0238527
1.0238396
1.0238269
1.0238155
1.0238048
1.0237928
1.0237761
1.0237463
1.0236884
1.0235821
1.0234086
1.0231604
1.0228472
1.0224924
1.0221197
1.0217418
1.0213567
1.0209538
1.020518
1.0200323
1.0194832
1.0188612
1.0181579
1.0173181
1.0162965
1.015126
1.0138081
1.0123286
1.0106852
1.0088758
1.0069018
1.0047671
1.0024864
1.0000773
0.99755735
0.99496718
0.99233143
0.98968608
0.98705348
0.98445071
0.98187221
0.97927864
0.97658711
0.973679
0.97038862
0.96652809
0.96185154
0.95613805
0.94913149
0.94053587
0.93006955
0.91748479
0.90266768
0.88566635
0.86649566
0.84507696
0.82141764
0.795564
0.76740266
0.73698083
0.70454036
0.67024183
0.63419513
0.59659438
0.55761873
0.51748166
0.47641158
0.43466569
0.39251963
0.35028015
0.30824863
0.26679976
0.22599442
0.18618186
0.14770845
0.11113167
0.076566593
0.044529984
0.014899494
-0.011612673
-0.035635466
-0.056077033
-0.07434031
-0.089327668
-0.101904
-0.1153715
-0.11820728
-0.14732495
-0.10937234
-0.22179658
1.0222833
1.0222791
1.0222704
1.022261
1.0222516
1.0222417
1.0222297
1.0222124
1.0221834
1.0221308
1.0220381
1.0218912
1.021686
1.0214318
1.0211488
1.0208544
1.0205545
1.0202431
1.0199064
1.019529
1.0190962
1.0185955
1.0180167
1.0173557
1.0165815
1.0156251
1.0144934
1.0132175
1.0117763
1.0101703
1.008395
1.0064495
1.0043448
1.0020822
0.99968196
0.99716786
0.99456331
0.9918996
0.98920424
0.98650308
0.98380758
0.98110387
0.97837019
0.97551431
0.97241675
0.96892715
0.9648458
0.95994655
0.95401341
0.94680024
0.93801062
0.92736482
0.91460268
0.89961286
0.88245578
0.86314455
0.8416002
0.81782877
0.79188176
0.7636421
0.73314964
0.70062508
0.66624838
0.63012255
0.59244112
0.55338202
0.51315831
0.47199654
0.43015577
0.38791105
0.34557158
0.30343836
0.26189727
0.22100971
0.18114669
0.14260517
0.10598354
0.071399605
0.039373768
0.0097920776
-0.016631302
-0.040519912
-0.060778194
-0.078819093
-0.093516122
-0.10579109
-0.11888673
-0.12120012
-0.15057562
-0.1099044
-0.23040219
1.0207742
1.0207743
1.0207702
1.0207644
1.0207573
1.0207479
1.0207354
1.0207173
1.0206889
1.0206415
1.0205624
1.0204413
1.0202752
1.0200723
1.0198475
1.0196122
1.0193684
1.0191074
1.0188164
1.0184807
1.0180878
1.0176246
1.0170814
1.0164517
1.0157254
1.0148339
1.013748
1.0125102
1.0111042
1.009527
1.0077812
1.0058647
1.0037785
1.0015343
0.99914428
0.99663106
0.99401337
0.99132274
0.98858196
0.98581181
0.98303216
0.98021909
0.9773444
0.97432978
0.97105687
0.96737247
0.9630739
0.95797222
0.95182566
0.94442528
0.93546359
0.92466502
0.9117483
0.89659784
0.87929698
0.85984726
0.83817737
0.81429084
0.78824291
0.75991857
0.72935068
0.69673521
0.66227423
0.62606285
0.58829501
0.54914612
0.5088293
0.46757103
0.42562862
0.38327961
0.34083475
0.29859457
0.25695353
0.21597696
0.17606467
0.13745151
0.1007808
0.066175834
0.034158838
0.0046256903
-0.021708478
-0.045461057
-0.065531685
-0.083348188
-0.097740928
-0.10972541
-0.12239242
-0.12428798
-0.15365916
-0.1109523
-0.23925054
1.0193988
1.0194052
1.0194083
1.0194076
1.019403
1.0193936
1.0193778
1.0193531
1.0193154
1.0192573
1.0191687
1.0190427
1.018881
1.0186949
1.0184989
1.0183018
1.0181012
1.0178862
1.0176419
1.0173524
1.0170039
1.0165846
1.0160842
1.0154927
1.0148051
1.0139841
1.0129622
1.0117572
1.010388
1.008844
1.007127
1.0052386
1.0031766
1.0009525
0.99857652
0.99606486
0.99343939
0.99072484
0.98794864
0.98512367
0.98226221
0.97935499
0.97635763
0.97319593
0.9697637
0.965891
0.96140687
0.95610217
0.94975898
0.94217285
0.93304894
0.92208917
0.90900519
0.89368638
0.87623038
0.85663297
0.83482974
0.8108215
0.78466328
0.7562451
0.72559576
0.69288167
0.65832968
0.62202613
0.58416399
0.54491959
0.50450278
0.46314068
0.4210911
0.37863152
0.33607493
0.29372309
0.25197236
0.2109062
0.17094024
0.13225097
0.095527249
0.060898086
0.028888109
-0.00059774495
-0.026841939
-0.050457505
-0.070335946
-0.087926446
-0.10200117
-0.11370444
-0.12589081
-0.12745867
-0.15659035
-0.11241554
-0.24814828
1.0181409
1.0181548
1.0181636
1.0181628
1.0181526
1.0181334
1.0181051
1.0180674
1.0180193
1.0179579
1.0178796
1.0177844
1.0176783
1.0175709
1.0174676
1.0173658
1.0172549
1.01712
1.0169452
1.0167167
1.0164228
1.0160546
1.0156017
1.0150562
1.0144146
1.0136718
1.0127299
1.0115632
1.0102339
1.0087328
1.0070585
1.0052079
1.003186
1.0009938
0.9986439
0.99615119
0.99353515
0.99081664
0.98801673
0.98515658
0.98223351
0.97924636
0.97614901
0.97286738
0.96928757
0.96525225
0.96058182
0.95506002
0.94848652
0.94064911
0.93126758
0.92004117
0.90667724
0.89110374
0.87342711
0.85363516
0.83166223
0.80750782
0.78121646
0.75269394
0.7219513
0.68912647
0.65447109
0.61806417
0.58009692
0.54074565
0.50021873
0.4587429
0.41657625
0.37399705
0.33131984
0.28884848
0.24697702
0.20582609
0.16578811
0.12701702
0.090234359
0.0555767
0.023570211
-0.0058707599
-0.032025595
-0.055503914
-0.075186278
-0.09254967
-0.10629366
-0.11772421
-0.12938248
-0.13070346
-0.15939237
-0.11415929
-0.25636663
1.0171276
1.0171522
1.0171784
1.0172015
1.0172207
1.017235
1.0172429
1.0172439
1.0172401
1.0172338
1.0172266
1.0172213
1.017222
1.0172297
1.0172376
1.0172314
1.017196
1.017118
1.0169874
1.0167962
1.0165369
1.0162027
1.0157859
1.0152795
1.0146788
1.0139868
1.0131278
1.0120252
1.0107356
1.0092769
1.0076517
1.0058487
1.0038717
1.0017237
0.99941214
0.99694933
0.99435429
0.99164172
0.98883157
0.98594011
0.9829706
0.97990813
0.97671387
0.973311
0.96958324
0.96537478
0.96049122
0.95472222
0.9478574
0.93970068
0.92997249
0.91839628
0.90467564
0.88878298
0.8708417
0.85081976
0.82865059
0.80433048
0.77789005
0.74925608
0.718409
0.68546221
0.65069199
0.61417071
0.57608773
0.53661903
0.4959717
0.45437242
0.41207928
0.36937164
0.32656514
0.28396671
0.24196576
0.20073295
0.16060042
0.12174471
0.084897518
0.050207962
0.018201835
-0.011195258
-0.037260971
-0.060599676
-0.080082914
-0.097215881
-0.11061748
-0.121786
-0.13285422
-0.13406015
-0.16196393
-0.11641708
-0.26398265
1.0165327
1.0164809
1.0164166
1.0163409
1.0162511
1.016147
1.0160296
1.015901
1.0157614
1.0156105
1.0154505
1.0152879
1.0151335
1.0149977
1.0148836
1.0147834
1.014682
1.0145621
1.0144074
1.014204
1.0139395
1.0136031
1.0131866
1.0126814
1.0120807
1.0113829
1.0105587
1.0095101
1.0082334
1.0067848
1.0051746
1.0033911
1.0014324
0.99930183
0.99700659
0.99455731
0.99196827
0.9892572
0.98644122
0.98353041
0.98052739
0.97741634
0.97415561
0.97066922
0.96684274
0.96252353
0.9575254
0.9516442
0.94468477
0.93646126
0.92669311
0.91508468
0.90130365
0.88532734
0.86728978
0.84715175
0.82485642
0.80040832
0.77383757
0.74510386
0.71415601
0.68108766
0.64620077
0.60956294
0.57136085
0.53177061
0.49099746
0.44926752
0.40683904
0.36399255
0.32104514
0.27830846
0.23616583
0.19484149
0.15460167
0.1156599
0.078742241
0.044021543
0.012019501
-0.017320398
-0.043280612
-0.066450841
-0.085704546
-0.10256618
-0.11556612
-0.12645222
-0.13674736
-0.13806976
-0.16432763
-0.12038643
-0.27560563
1.014833
1.0147816
1.0147277
1.0146752
1.014622
1.0145664
1.0145077
1.0144448
1.0143765
1.0143024
1.014223
1.0141407
1.0140585
1.0139788
1.0138998
1.0138143
1.0137112
1.0135777
1.0134018
1.013173
1.0128821
1.0125208
1.0120816
1.0115571
1.0109405
1.0102262
1.0094
1.0083901
1.0071418
1.0056953
1.0040827
1.002299
1.0003366
0.99819512
0.99587987
0.99339901
0.9907636
0.98798687
0.98508127
0.98205502
0.97890703
0.97561901
0.97214899
0.96842299
0.96433154
0.95972737
0.95443564
0.94826087
0.94101811
0.93252738
0.92252509
0.91073021
0.89680203
0.88068788
0.86251875
0.84225203
0.81982692
0.79525235
0.76855559
0.73973152
0.70868904
0.67550978
0.64051714
0.60377512
0.56546562
0.52576531
0.48487684
0.44302581
0.40047013
0.35749189
0.31440946
0.27154022
0.22926091
0.18784677
0.14751336
0.10850052
0.071522762
0.036787495
0.0048100804
-0.024444383
-0.050265166
-0.073223297
-0.092195831
-0.10872941
-0.12124718
-0.13180607
-0.14115068
-0.14270969
-0.16652759
-0.12607598
-0.29579432
1.0106706
1.010622
1.0105689
1.0105137
1.0104535
1.0103872
1.0103142
1.0102343
1.0101469
1.0100521
1.0099508
1.0098445
1.0097353
1.0096246
1.0095125
1.0093965
1.009272
1.0091325
1.0089704
1.0087775
1.0085445
1.0082615
1.0079179
1.007502
1.0070014
1.0064027
1.0056912
1.0048453
1.0038114
1.0025454
1.0010668
0.99940422
0.99755706
0.99552058
0.99329629
0.99088909
0.98830556
0.98555341
0.98263951
0.97956665
0.97632839
0.97290412
0.96925074
0.96529717
0.96093838
0.95603647
0.95042614
0.943919
0.93633209
0.92747873
0.9171192
0.90500753
0.89083768
0.87452221
0.85618273
0.8357791
0.81323762
0.78856541
0.76178187
0.73291052
0.70182096
0.6685861
0.63354029
0.59674876
0.55838573
0.51862863
0.47767733
0.43575679
0.39312474
0.35006441
0.30689519
0.26394043
0.22157082
0.18010666
0.13972776
0.10069277
0.06369706
0.028990925
-0.0029188188
-0.032043592
-0.057681184
-0.080381229
-0.099027069
-0.11518733
-0.12717203
-0.13737278
-0.14567031
-0.14753269
-0.16827586
-0.13264423
-0.30598244
1.005705
1.005655
1.0056009
1.0055445
1.0054834
1.0054162
1.0053424
1.0052615
1.0051729
1.0050765
1.0049728
1.0048632
1.0047494
1.0046327
1.0045132
1.0043882
1.004253
1.0041012
1.0039256
1.0037186
1.003472
1.0031774
1.002826
1.0024084
1.0019144
1.0013336
1.0006552
0.99986733
0.99894209
0.99782212
0.99647423
0.99492166
0.99318526
0.99126151
0.98914362
0.98682902
0.98431749
0.9816094
0.97870408
0.9755974
0.97227761
0.96872021
0.96488139
0.96069225
0.95605427
0.9508389
0.94489134
0.93803187
0.93007625
0.92083111
0.91008031
0.89761011
0.88316629
0.86664064
0.84813324
0.82760976
0.8049823
0.78025192
0.75342873
0.72455573
0.69347598
0.66024684
0.62520382
0.58842102
0.55006168
0.51030468
0.46934649
0.4274114
0.38475657
0.34166648
0.29846139
0.25547062
0.21305992
0.17158831
0.13121134
0.092206482
0.055238194
0.020607781
-0.011188134
-0.040136
-0.065543845
-0.087936946
-0.10620857
-0.12194695
-0.13334777
-0.14315247
-0.15031617
-0.1525156
-0.16970252
-0.13910183
-0.27726748
-0.0074068731
0.99803799
0.99798204
0.99792094
0.99785752
0.99778893
0.99771378
0.99763151
0.99754161
0.99744362
0.99733734
0.99722324
0.99710249
0.99697687
0.99684798
0.99671624
0.9965805
0.99643755
0.99628303
0.99611179
0.99591804
0.99569548
0.99543717
0.99513539
0.99478151
0.99436575
0.99387721
0.99330392
0.99263349
0.9918515
0.9909255
0.98979588
0.9884322
0.98685676
0.98508489
0.98310989
0.9809222
0.9785152
0.97588271
0.97301697
0.96990633
0.96653288
0.96286745
0.95886479
0.95445771
0.94955329
0.94403107
0.93774518
0.93052598
0.92219029
0.91254079
0.90138128
0.88852749
0.87378678
0.85704294
0.83836931
0.81773916
0.79505042
0.77029612
0.74347636
0.71464365
0.68362806
0.65046289
0.61547606
0.57875861
0.5404592
0.50075824
0.45984881
0.41795406
0.37533043
0.33226362
0.28907473
0.24609846
0.20369761
0.16226209
0.12193446
0.08301589
0.046122778
0.011616736
-0.020016754
-0.04873807
-0.073867192
-0.095901862
-0.11374972
-0.12901426
-0.13978083
-0.14914404
-0.15509944
-0.15763662
-0.1709478
-0.14547377
-0.25253101
-0.026984078
0.98904554
0.98898735
0.98892394
0.98885795
0.98878651
0.98870816
0.98862221
0.98852815
0.9884254
0.9883138
0.98819356
0.98806589
0.98793238
0.98779449
0.98765294
0.98750664
0.98735317
0.98718874
0.98700894
0.98680877
0.98658272
0.98632465
0.9860278
0.98568455
0.9852864
0.98482377
0.98428599
0.98366141
0.98293802
0.98210075
0.98111158
0.97990997
0.9784783
0.97683985
0.97499707
0.97293672
0.97064383
0.96810375
0.96530016
0.96221317
0.9588171
0.95507715
0.95094479
0.9463532
0.94121312
0.93541004
0.92880518
0.92123619
0.91252598
0.90248083
0.89092319
0.87769059
0.86265412
0.84569763
0.82686703
0.80614794
0.78342265
0.75867638
0.73190048
0.70314706
0.67224548
0.63920022
0.60432082
0.5677237
0.52953937
0.48994994
0.44914486
0.40734559
0.36480797
0.32181841
0.27869913
0.23578937
0.19345133
0.152096
0.11186591
0.073095153
0.036327279
0.0019963319
-0.029423582
-0.057866049
-0.082664934
-0.10428697
-0.12165947
-0.13639466
-0.14647719
-0.15534562
-0.16003215
-0.1628745
-0.17211644
-0.1517023
-0.23077019
-0.048159146
0.97779524
0.97773301
0.97766481
0.97759392
0.97751731
0.97743327
0.97734115
0.97724046
0.97713056
0.97701111
0.97688244
0.97674536
0.97660129
0.97645181
0.97629761
0.97613826
0.97597186
0.97579578
0.97560643
0.97539986
0.97517162
0.97491663
0.97462912
0.97430263
0.97392963
0.97350164
0.97300882
0.97243996
0.97178271
0.97102393
0.97014561
0.9691013
0.96783365
0.96633595
0.96462443
0.96269089
0.96051487
0.95807428
0.95534541
0.95230099
0.94890818
0.94512584
0.94090108
0.93616527
0.93083049
0.92478657
0.9178991
0.91001108
0.9009521
0.89053761
0.87861033
0.86502487
0.84971787
0.83256982
0.81359752
0.79281084
0.77007492
0.74536765
0.71867352
0.69003567
0.65929532
0.62642514
0.59170241
0.5552787
0.51726391
0.47784087
0.4371956
0.39554737
0.35315118
0.31029403
0.26729913
0.22450941
0.18228916
0.14105791
0.1009799
0.062419301
0.025828709
-0.0082746062
-0.039427107
-0.067535681
-0.091950068
-0.11310251
-0.12994613
-0.14409283
-0.15344229
-0.16175479
-0.16512528
-0.16821285
-0.17329405
-0.15781415
-0.21173581
-0.068184694
0.96478273
0.96471721
0.96464567
0.9645711
0.96449058
0.96440214
0.96430532
0.9641993
0.96408367
0.96395793
0.96382221
0.96367732
0.96352464
0.96336548
0.96320061
0.96302974
0.96285148
0.96266331
0.96246234
0.9622451
0.96200757
0.96174522
0.96145292
0.96112475
0.96075395
0.96033271
0.95985207
0.95930171
0.95866986
0.95794363
0.95710853
0.95613968
0.95498043
0.95358934
0.95197404
0.95013378
0.94804833
0.94569004
0.94302834
0.94002881
0.93665142
0.93284846
0.92856165
0.92371882
0.91823079
0.9119892
0.9048636
0.89670031
0.88733431
0.87659437
0.86434077
0.85044477
0.83491231
0.81761132
0.79852225
0.77769409
0.7549771
0.73034088
0.7037648
0.67527708
0.64474521
0.61210487
0.57758603
0.54138668
0.50359524
0.46439288
0.42396284
0.38252155
0.34032287
0.29765424
0.25483975
0.21222527
0.17017957
0.12911858
0.08926354
0.050962393
0.014604673
-0.019216673
-0.05004508
-0.077762132
-0.10173485
-0.12235783
-0.13861717
-0.15211257
-0.16068073
-0.16836874
-0.17038717
-0.17364331
-0.17453746
-0.16389169
-0.1951884
-0.087324001
0.94965112
0.94958198
0.94950622
0.94942758
0.94934227
0.94924884
0.94914649
0.94903453
0.94891227
0.94877937
0.94863582
0.94848231
0.94831993
0.94815007
0.94797342
0.94778975
0.94759785
0.94739568
0.94718066
0.94694967
0.9466992
0.94642512
0.94612286
0.94578697
0.9454113
0.94498868
0.94451087
0.94396818
0.94334951
0.94264224
0.94183253
0.9409021
0.93981084
0.93850539
0.93696687
0.93519731
0.93318034
0.93088568
0.92827745
0.92531569
0.92195473
0.91814112
0.91381137
0.90888928
0.90328329
0.89688434
0.88956453
0.88117528
0.87155483
0.86054342
0.84802082
0.83387513
0.81816488
0.80075701
0.78159404
0.76075754
0.73809402
0.71356382
0.68714207
0.65883989
0.62856496
0.59620621
0.56193789
0.52601155
0.4884967
0.44956888
0.40940956
0.36823136
0.32628697
0.28386387
0.24128708
0.19890469
0.15709166
0.11625529
0.076697017
0.038694532
0.0026331842
-0.030849666
-0.061294401
-0.088559649
-0.11203063
-0.13206155
-0.14767888
-0.16045698
-0.16819599
-0.17518409
-0.17582623
-0.17915508
-0.17590615
-0.16995141
-0.18089082
-0.10547381
0.93250174
0.93242925
0.9323495
0.93226664
0.93217707
0.93207886
0.9319711
0.93185337
0.93172482
0.931585
0.93143387
0.93127195
0.93110047
0.93092042
0.93073241
0.93053642
0.93033112
0.93011475
0.92988479
0.92963845
0.92937223
0.92908246
0.92876462
0.92841367
0.9280237
0.92758794
0.92709844
0.92654611
0.92592022
0.9252085
0.92439715
0.92347007
0.92239994
0.92113502
0.91963728
0.91790328
0.91592012
0.91365746
0.91107637
0.90813286
0.90477676
0.9009499
0.89658412
0.89159917
0.88590074
0.87937837
0.8719047
0.86333618
0.85351635
0.84229461
0.82957012
0.81524875
0.79940687
0.7819368
0.76275966
0.74195757
0.71938742
0.69500222
0.66877331
0.640698
0.61072397
0.57869182
0.54472479
0.50911876
0.47193334
0.43333373
0.39350041
0.35264179
0.31100898
0.26888937
0.22660857
0.1845168
0.14299537
0.10244501
0.063240288
0.025587947
-0.010107294
-0.043192243
-0.073190956
-0.099941384
-0.12284768
-0.14222128
-0.15713629
-0.16912821
-0.17599017
-0.18219652
-0.18145211
-0.18472987
-0.17747057
-0.17593396
-0.16868227
-0.12267848
0.91317491
0.9130985
0.91301476
0.9129276
0.91283335
0.91272996
0.9126167
0.9124928
0.91235758
0.91221043
0.91205133
0.91188076
0.9116996
0.91150888
0.91130921
0.9111002
0.91088084
0.9106492
0.91040302
0.91013945
0.90985532
0.90954686
0.90920982
0.90883927
0.90842957
0.90797407
0.90746518
0.90689405
0.90625035
0.90552207
0.9046957
0.90375569
0.90267856
0.90141952
0.89993605
0.89821447
0.89624103
0.89398604
0.89140955
0.88846514
0.88509954
0.88125122
0.87684865
0.87180853
0.86603411
0.85941384
0.85182096
0.84311528
0.83314802
0.82177892
0.80892144
0.79449767
0.77857893
0.76109623
0.74196806
0.72125083
0.69881886
0.6746215
0.64862717
0.62082539
0.59118931
0.55952562
0.52591466
0.49067622
0.45387266
0.41565475
0.37620264
0.33572024
0.29445674
0.25269923
0.21077372
0.1690325
0.12786265
0.0876613
0.048859053
0.011621137
-0.023636849
-0.056261672
-0.085749282
-0.11191923
-0.13419494
-0.15284341
-0.16699306
-0.17812737
-0.18406387
-0.18940142
-0.18727205
-0.19035154
-0.1792848
-0.18179819
-0.15840151
-0.13896059
0.8916435
0.89156331
0.89147552
0.89138392
0.89128499
0.89117638
0.89105748
0.89092739
0.89078545
0.89063091
0.89046377
0.89028437
0.89009361
0.88989226
0.88968081
0.88945882
0.88922512
0.88897793
0.88871484
0.88843313
0.88812955
0.88780045
0.88744152
0.88704795
0.88661406
0.88613337
0.88559832
0.88500022
0.88432891
0.88357253
0.88271761
0.8817489
0.88064608
0.87937073
0.87787697
0.87614207
0.87415245
0.87187996
0.86928441
0.86631796
0.86292542
0.85904315
0.85459762
0.84950358
0.84366271
0.83696309
0.82927904
0.82047408
0.81040694
0.79894904
0.78602354
0.771565
0.75563138
0.7381929
0.71917545
0.69859786
0.67635268
0.6523891
0.62667371
0.59919198
0.56993017
0.53867953
0.50547889
0.47065545
0.43428564
0.39650274
0.35748676
0.3174372
0.27660097
0.23526474
0.19375459
0.15242498
0.11166773
0.071879719
0.033532821
-0.0032259504
-0.037973934
-0.070073583
-0.098982449
-0.12450355
-0.14607987
-0.1639329
-0.17725137
-0.1874544
-0.192416
-0.1967939
-0.19329036
-0.19600668
-0.18138914
-0.18751081
-0.14989642
-0.1543498
0.86781538
0.8677312
0.86763908
0.86754312
0.86743917
0.86732551
0.86720072
0.86706434
0.86691533
0.86675329
0.86657788
0.86638954
0.86618889
0.86597674
0.86575324
0.86551798
0.86526966
0.86500631
0.86472569
0.86442485
0.86410069
0.86374935
0.86336665
0.86294762
0.86248661
0.86197715
0.86141167
0.86078155
0.86007665
0.85928518
0.85839372
0.85738709
0.85624647
0.85493936
0.85341912
0.85165493
0.84963228
0.84732494
0.84469332
0.84168891
0.8382556
0.83432882
0.82983417
0.82468581
0.8187851
0.81202046
0.80426845
0.79539734
0.78527288
0.77377902
0.76084375
0.74641514
0.73053125
0.71319478
0.69434803
0.67396652
0.65195879
0.62827689
0.60288639
0.57577025
0.54692228
0.51613107
0.48339319
0.44903214
0.41314737
0.37585247
0.3373271
0.29776685
0.25741593
0.2165604
0.17552625
0.13467018
0.094387506
0.0550782
0.017242192
-0.018973245
-0.053135121
-0.08464165
-0.11290176
-0.13770303
-0.15850825
-0.17549313
-0.18791169
-0.19710793
-0.20104361
-0.20436871
-0.19950815
-0.20168447
-0.18381069
-0.19304757
-0.14302095
-0.16887578
0.84164309
0.84155523
0.84145851
0.84135805
0.84124955
0.84113029
0.84099972
0.84085679
0.84070093
0.84053119
0.84034753
0.84015015
0.83993955
0.83971651
0.839481
0.83923236
0.83896917
0.83868958
0.83839101
0.83807063
0.83772515
0.83735076
0.83694304
0.83649708
0.83600715
0.83546661
0.83486797
0.83420246
0.83345996
0.83262874
0.83169534
0.83064451
0.82945803
0.82810678
0.82654618
0.8247408
0.8226732
0.82031852
0.8176381
0.81458365
0.81109903
0.80711962
0.80257112
0.79736814
0.79141292
0.78459549
0.77679551
0.76788683
0.75774317
0.7462596
0.73336455
0.7190322
0.70326731
0.68608642
0.66746469
0.6473343
0.62561503
0.60226329
0.57724437
0.55053926
0.52214701
0.49186184
0.4596385
0.42578713
0.3904379
0.35368353
0.31570259
0.27668771
0.23687989
0.1965645
0.15606727
0.11574715
0.076001864
0.037237545
-3.1472585e-05
-0.035639606
-0.069134176
-0.099977144
-0.12751652
-0.1515244
-0.17148401
-0.18752569
-0.1989727
-0.20708514
-0.20994182
-0.21212014
-0.20592318
-0.20737637
-0.1865648
-0.19839132
-0.13763574
-0.18256799
0.81307424
0.81298239
0.81288142
0.81277657
0.81266294
0.81253829
0.81240195
0.81225262
0.81208959
0.81191235
0.81172025
0.81151375
0.81129341
0.81105935
0.81081174
0.81054965
0.81027163
0.80997551
0.80965881
0.80931861
0.80895145
0.80855337
0.80812007
0.80764631
0.80712634
0.80655345
0.80592004
0.8052173
0.80443496
0.80356137
0.80258298
0.80148452
0.800248
0.79884651
0.79723783
0.79538404
0.79326471
0.79085563
0.78811929
0.78500809
0.78146652
0.77743065
0.77282698
0.76757139
0.76156807
0.75470987
0.74688045
0.73795974
0.72783002
0.71639589
0.70358436
0.6894146
0.67384385
0.65686784
0.63851672
0.61868906
0.59730859
0.5743352
0.54973438
0.52348557
0.49559111
0.46585872
0.43420255
0.40090759
0.36614314
0.32998102
0.29259743
0.25418319
0.21497568
0.17525958
0.1353602
0.095638614
0.056494174
0.018341595
-0.018304386
-0.053235105
-0.085981523
-0.11608865
-0.1428339
-0.16597227
-0.18500901
-0.20003019
-0.2104311
-0.21738157
-0.21910363
-0.22004181
-0.21252985
-0.21307562
-0.18965634
-0.20353053
-0.1336084
-0.1954563
0.78208176
0.78198589
0.78188089
0.78177125
0.7816529
0.78152305
0.78138057
0.781225
0.78105513
0.78087006
0.78066985
0.78045446
0.78022411
0.77997939
0.7797197
0.77944428
0.77915142
0.77883897
0.77850415
0.77814412
0.77775519
0.77733344
0.77687428
0.77637248
0.77582213
0.77521644
0.77454767
0.77380686
0.7729838
0.77206668
0.77104192
0.76989422
0.76860581
0.76715173
0.76549182
0.76358614
0.7614117
0.75894497
0.75614961
0.75297913
0.7493791
0.74528678
0.74063007
0.73532678
0.72928414
0.72239874
0.71455884
0.70565089
0.69556665
0.68422107
0.67153744
0.6575719
0.64225692
0.62554499
0.60750719
0.58803047
0.56703787
0.54448992
0.5203526
0.49460409
0.46724778
0.43811627
0.40708194
0.37438838
0.34025534
0.30473605
0.26800148
0.23024198
0.19169121
0.15263281
0.11339182
0.07433114
0.035851641
-0.0016222093
-0.037585966
-0.071753849
-0.1036865
-0.13298216
-0.15885867
-0.18104893
-0.19908284
-0.2130041
-0.22228149
-0.22799097
-0.22851993
-0.22812646
-0.21931921
-0.21877679
-0.19308097
-0.208458
-0.13081327
-0.20757036
0.74865556
0.74855577
0.7484464
0.74833262
0.7482093
0.74807423
0.74792623
0.74776429
0.74758751
0.7473951
0.74718682
0.74696253
0.74672266
0.74646722
0.74619579
0.74590725
0.74559987
0.74527111
0.74491859
0.74453892
0.74412849
0.7436833
0.74319853
0.74266898
0.74208847
0.74145022
0.74074628
0.73996768
0.7391041
0.73814361
0.7370727
0.73587593
0.73453577
0.7330291
0.73131779
0.72936018
0.72713081
0.72460676
0.72175316
0.7185249
0.71486896
0.71072413
0.70602024
0.70067766
0.69460733
0.68771045
0.67988097
0.67101265
0.66100778
0.64979237
0.63728568
0.62353871
0.60850944
0.59212995
0.57445315
0.55537305
0.53481461
0.51273697
0.48910664
0.4639008
0.43712127
0.40863932
0.37828048
0.34623224
0.31277356
0.277946
0.24191061
0.20485854
0.16701967
0.12867643
0.090153639
0.05181578
0.014065538
-0.022662581
-0.057876329
-0.091195777
-0.12226063
-0.15066157
-0.17559297
-0.19675414
-0.21370267
-0.22644255
-0.23451621
-0.23890508
-0.23817936
-0.23636572
-0.22627907
-0.22447524
-0.19682638
-0.21316967
-0.1291315
-0.21893859
0.71280894
0.71270575
0.71259207
0.71247404
0.71234619
0.71220604
0.7120525
0.7118844
0.7117011
0.71150151
0.71128535
0.71105262
0.71080345
0.71053767
0.71025481
0.70995355
0.70963185
0.70928753
0.70891764
0.7085188
0.70808749
0.70761938
0.70710974
0.70655304
0.70594319
0.70527322
0.70453503
0.70371964
0.70281657
0.70181398
0.70069825
0.69945388
0.69806363
0.69650598
0.69474595
0.69273981
0.69045822
0.68787966
0.68497133
0.68168981
0.67798357
0.67379333
0.66905123
0.66368072
0.65759684
0.65070614
0.64290944
0.63410866
0.62421639
0.61316638
0.60087963
0.58737505
0.5726532
0.55665936
0.53938969
0.52074761
0.50066486
0.47909895
0.45601677
0.43139535
0.40523276
0.3774407
0.34780307
0.31644833
0.28370392
0.2496149
0.21432721
0.17803342
0.14096
0.10338796
0.06564202
0.028088077
-0.008868797
-0.044785033
-0.079175191
-0.11157978
-0.14171071
-0.16912893
-0.19303596
-0.21308495
-0.22886305
-0.24033813
-0.24712522
-0.25011349
-0.2480683
-0.24474986
-0.23339415
-0.23016662
-0.2008734
-0.21766353
-0.12845097
-0.22958831
0.6745797
0.67447258
0.67435549
0.67423296
0.67410082
0.67395606
0.67379689
0.67362335
0.6734334
0.67322723
0.67300358
0.67276271
0.67250451
0.67222901
0.6719352
0.67162162
0.67128636
0.67092698
0.67054031
0.67012317
0.66967178
0.66918178
0.66864813
0.66806549
0.66742761
0.66672719
0.6659564
0.66510588
0.66416531
0.66312273
0.66196458
0.66067539
0.65923793
0.6576316
0.65582509
0.65377478
0.65144664
0.64881904
0.64586195
0.64253404
0.63878556
0.63455928
0.62979006
0.62440483
0.61832301
0.61145728
0.60371587
0.59500899
0.58525869
0.57440117
0.56237381
0.54915467
0.53476791
0.51919298
0.50236722
0.48419865
0.46462763
0.44361069
0.42111478
0.39711733
0.37161277
0.34454034
0.31566144
0.28505107
0.25305991
0.21975385
0.18526036
0.14977344
0.113517
0.076770419
0.039858522
0.0031484327
-0.032951681
-0.067990574
-0.1014845
-0.13291642
-0.16203491
-0.18838277
-0.21118367
-0.23003547
-0.24455573
-0.25468072
-0.26009593
-0.2616034
-0.25817079
-0.25326754
-0.24064621
-0.23584635
-0.2051971
-0.2219388
-0.12866648
-0.23954582
0.63402882
0.63391835
0.63379731
0.63367155
0.63353502
0.63338525
0.63322166
0.63304238
0.63284672
0.63263386
0.63240329
0.6321548
0.63188837
0.63160342
0.63129923
0.6309741
0.63062603
0.63025219
0.62984982
0.62941539
0.62894495
0.62843413
0.62787801
0.62727093
0.62660654
0.62587772
0.62507622
0.62419299
0.62321743
0.62213779
0.62094039
0.61961004
0.61812939
0.61647856
0.61462861
0.61253763
0.61016892
0.60749957
0.60450158
0.60113588
0.59735475
0.59310337
0.58831964
0.58293407
0.57687069
0.57004847
0.56238338
0.55379383
0.54420984
0.53356627
0.5218403
0.50896135
0.49493571
0.47979892
0.46344536
0.44578117
0.42675343
0.40631842
0.38444291
0.36110431
0.33629327
0.30996703
0.28188315
0.25206338
0.22086298
0.18838135
0.15472594
0.12009186
0.084701498
0.048832436
0.012809802
-0.022997871
-0.058179052
-0.092275823
-0.12480211
-0.15519992
-0.18322831
-0.20841826
-0.2300288
-0.24759669
-0.2607695
-0.26945731
-0.27341312
-0.27335949
-0.26846855
-0.26190553
-0.24801427
-0.24150913
-0.20976769
-0.22599496
-0.12967952
-0.24883628
0.5912397
0.59112636
0.59100173
0.59087205
0.59073212
0.59057819
0.5904097
0.59022539
0.5900244
0.58980546
0.58956852
0.58931284
0.58903862
0.58874513
0.58843119
0.58809531
0.58773513
0.58734801
0.5869309
0.58648028
0.58599212
0.58546207
0.58488494
0.58425524
0.58356634
0.58281115
0.58198155
0.58106819
0.58006071
0.57894727
0.57771445
0.57634692
0.57482779
0.57313742
0.57124919
0.56912304
0.56672053
0.56401731
0.56098719
0.55759332
0.55379032
0.54952601
0.54474143
0.53937098
0.53334359
0.52658424
0.51901691
0.51056924
0.50117947
0.4907742
0.47935906
0.46685552
0.45323252
0.43855174
0.42269338
0.40556093
0.38710415
0.36727952
0.34605366
0.32340327
0.29931475
0.27376079
0.24650606
0.21751732
0.18714244
0.15552324
0.12274671
0.089008345
0.054530282
0.019588232
-0.015492121
-0.0503407
-0.084542365
-0.11763313
-0.14912157
-0.1784219
-0.20528495
-0.22922696
-0.24956051
-0.26575632
-0.27748999
-0.28465186
-0.28705877
-0.28536374
-0.2789409
-0.27064849
-0.2554748
-0.24714851
-0.2145514
-0.22983114
-0.13139807
-0.25748273
0.54631646
0.5462006
0.54607281
0.5459398
0.54579627
0.54563859
0.54546585
0.54527695
0.54507087
0.5448468
0.54460354
0.54434179
0.54406029
0.54375886
0.54343613
0.54309032
0.54271903
0.54231974
0.54188913
0.54142362
0.54091932
0.54037149
0.53977536
0.5391249
0.53841378
0.5376348
0.53677973
0.53583934
0.53480334
0.5336599
0.53239572
0.53099576
0.52944311
0.52771892
0.52579844
0.52364361
0.52121474
0.51848615
0.51543329
0.51202167
0.50820845
0.50394421
0.49917329
0.49383422
0.48786097
0.48118486
0.47373783
0.46545734
0.45629023
0.44615358
0.43504235
0.42291661
0.40973794
0.39553663
0.380194
0.36361602
0.34575294
0.32656178
0.30600923
0.2840707
0.2607289
0.23597014
0.20957401
0.18145354
0.15193564
0.12121258
0.089352102
0.056548752
0.023025924
-0.010942496
-0.045030085
-0.078865086
-0.11202842
-0.14405044
-0.17443202
-0.20257196
-0.22819651
-0.25079616
-0.26976401
-0.28449862
-0.29469955
-0.30024513
-0.30101198
-0.29759528
-0.28956476
-0.27947878
-0.26300189
-0.2527566
-0.21951126
-0.23344553
-0.1337364
-0.2655061
0.49938416
0.49926512
0.49913499
0.49899927
0.49885212
0.49869109
0.49851473
0.49832171
0.49811114
0.49788182
0.49763392
0.49736589
0.49707828
0.49676961
0.49643894
0.4960841
0.49570299
0.49529253
0.4948497
0.49437081
0.49385183
0.49328826
0.49267485
0.49200584
0.49127497
0.49047476
0.48959717
0.48863304
0.48757201
0.48640254
0.48511135
0.48368368
0.48210294
0.48035069
0.4784041
0.47622772
0.47378066
0.4710354
0.46796925
0.46455039
0.46073865
0.45648745
0.4517445
0.44645257
0.44055084
0.4339772
0.42667136
0.41857946
0.4096535
0.39980879
0.38901406
0.37727166
0.36455995
0.35085566
0.33604323
0.32003543
0.30278247
0.28424196
0.26438051
0.24317189
0.22059613
0.19664987
0.17113847
0.14392226
0.11528826
0.085489064
0.054577715
0.022744837
-0.0097833906
-0.042734767
-0.075781935
-0.10855136
-0.14061946
-0.17151128
-0.2007182
-0.22763559
-0.25194321
-0.27310852
-0.29062037
-0.30380431
-0.31237715
-0.31621453
-0.31524881
-0.31003027
-0.3003146
-0.28837625
-0.27056748
-0.25832367
-0.22460769
-0.23683494
-0.13661571
-0.27292714
0.45057806
0.45045689
0.45032421
0.45018565
0.45003613
0.44987203
0.44969206
0.44949544
0.44928107
0.44904771
0.44879466
0.448522
0.44822845
0.44791367
0.44757584
0.4472132
0.44682311
0.44640284
0.44594915
0.44545844
0.4449266
0.44434891
0.4437204
0.44303523
0.44228696
0.44146837
0.44057134
0.43958677
0.43850452
0.43731297
0.43599931
0.43454891
0.4329455
0.43117105
0.42920438
0.4270133
0.42455639
0.42180336
0.41873319
0.41531722
0.41151806
0.40729197
0.40259007
0.39735933
0.39154422
0.38508913
0.37794173
0.37005485
0.36138071
0.35185183
0.34140361
0.33005421
0.31781596
0.30461683
0.29034259
0.27491423
0.25828208
0.24040406
0.22124638
0.20078111
0.1789866
0.15586468
0.13126003
0.10497965
0.077253078
0.048398158
0.018464476
-0.012366367
-0.043864368
-0.075758548
-0.10772075
-0.13937517
-0.17029322
-0.19999465
-0.22796003
-0.25358959
-0.27648607
-0.29614418
-0.31210696
-0.32365051
-0.33049825
-0.33253401
-0.32974218
-0.32264176
-0.31116244
-0.29731812
-0.27814147
-0.26383798
-0.22979898
-0.23999455
-0.13996552
-0.2797688
0.40004854
0.39992622
0.39979047
0.39965039
0.39949811
0.39933137
0.39914866
0.39894904
0.39873097
0.39849406
0.39823723
0.39795997
0.39766173
0.39734149
0.3969975
0.39662789
0.39623009
0.39580132
0.39533829
0.39483723
0.39429404
0.39370439
0.39306279
0.39236369
0.39160061
0.39076641
0.38985294
0.38885138
0.38775147
0.38654202
0.38521031
0.38374201
0.38212125
0.38033045
0.37834933
0.37614861
0.37368841
0.37093605
0.36787092
0.36446735
0.36069096
0.35650092
0.35185178
0.34669469
0.3409792
0.33465608
0.3276806
0.3200115
0.31159577
0.3023993
0.29233087
0.28138684
0.26961936
0.25692688
0.24319494
0.22835131
0.21234642
0.19513834
0.17669284
0.15698097
0.1359809
0.11369319
0.090002964
0.064678418
0.037885721
0.0099900315
-0.018942006
-0.048742963
-0.079178877
-0.10997927
-0.1408152
-0.17130775
-0.20102319
-0.22947528
-0.2561329
-0.280402
-0.30179434
-0.31988386
-0.33419844
-0.3440105
-0.34903464
-0.34917395
-0.34446175
-0.33539961
-0.32207782
-0.30627886
-0.28569197
-0.26928554
-0.23504165
-0.24291765
-0.14372244
-0.28605135
0.34795136
0.34782647
0.34768999
0.34754746
0.34739311
0.34722433
0.34703927
0.34683678
0.34661617
0.34637601
0.34611597
0.34583499
0.34553271
0.34520776
0.34485857
0.34448315
0.34407883
0.34364275
0.3431716
0.34266179
0.34210928
0.34150921
0.34085666
0.34014597
0.33937059
0.33852345
0.33759668
0.33658135
0.33546749
0.33424409
0.33289864
0.33141726
0.32978435
0.32798291
0.32599333
0.32378857
0.32133063
0.31858636
0.31553493
0.31215314
0.30840948
0.30426618
0.29968124
0.29461001
0.28900715
0.28282988
0.27604131
0.26860653
0.26045909
0.25157476
0.24188694
0.2313734
0.22007932
0.20789398
0.19470646
0.18044993
0.16507486
0.14853976
0.13081036
0.1118575
0.091659893
0.070214596
0.047435374
0.023075756
-0.00275832
-0.029681292
-0.057591805
-0.086338885
-0.11568461
-0.14535823
-0.17502976
-0.20431626
-0.23277879
-0.25992415
-0.28520953
-0.30804194
-0.32785888
-0.34430249
-0.35686715
-0.36485357
-0.36795437
-0.36610102
-0.35937383
-0.34827046
-0.33302777
-0.31523013
-0.29318538
-0.27465008
-0.24029097
-0.24559503
-0.14782413
-0.29177822
0.29444515
0.29431936
0.29418112
0.29403693
0.29388126
0.29371046
0.29352339
0.29331887
0.29309585
0.29285334
0.29259037
0.29230664
0.29200089
0.29167212
0.29131877
0.29093838
0.29052862
0.29008651
0.28960866
0.2890917
0.28853119
0.28792274
0.28726134
0.28654109
0.28575583
0.28489852
0.28396124
0.2829353
0.281811
0.28057739
0.27922234
0.27773229
0.27609215
0.27428531
0.27229304
0.27009015
0.26764072
0.26491138
0.26188134
0.25852973
0.25482786
0.25074096
0.24623055
0.24125621
0.2357776
0.22975822
0.22316842
0.21597912
0.20811308
0.1995275
0.19020182
0.18012889
0.1693122
0.15763351
0.14498883
0.13131707
0.11656952
0.10070553
0.083691162
0.065497504
0.046103503
0.025501608
0.0036285233
-0.019759072
-0.044618519
-0.070557863
-0.097431121
-0.12510424
-0.15333552
-0.18185305
-0.21032507
-0.23836415
-0.26552569
-0.29130847
-0.31515849
-0.33648032
-0.35465917
-0.36936676
-0.38008093
-0.38614482
-0.38722156
-0.3832781
-0.37444131
-0.36121766
-0.34397682
-0.32414078
-0.3005866
-0.27991312
-0.24550158
-0.24801462
-0.15220712
-0.29693854
0.23968837
0.23956101
0.23942174
0.23927644
0.23911926
0.23894737
0.23875826
0.23855239
0.23832747
0.238083
0.23781798
0.23753168
0.23722344
0.23689179
0.23653474
0.23615053
0.23573634
0.23528935
0.23480626
0.2342833
0.23371658
0.23310147
0.23243292
0.23170531
0.23091246
0.23004729
0.22910231
0.22806876
0.22693712
0.22569682
0.22433595
0.22284138
0.22119843
0.21939102
0.21740124
0.21520563
0.2127702
0.21006175
0.20705983
0.20374562
0.20009318
0.19607068
0.19164306
0.18677408
0.18142843
0.17557526
0.16919046
0.16224747
0.15466819
0.14639074
0.13742651
0.12778933
0.11744252
0.10626276
0.094153564
0.08105901
0.066931894
0.051732551
0.035427482
0.0179881
-0.00060694512
-0.020369846
-0.041340979
-0.063753592
-0.087630365
-0.11257863
-0.13840315
-0.16498617
-0.19208251
-0.21941808
-0.24665855
-0.27341157
-0.29922612
-0.3235921
-0.34594482
-0.3656837
-0.38215649
-0.39504104
-0.4038034
-0.40784514
-0.40679628
-0.40066421
-0.38962353
-0.37420124
-0.35488699
-0.33297682
-0.3078592
-0.28505403
-0.25062725
-0.25016198
-0.15682635
-0.30156618
0.18383282
0.18370509
0.18356491
0.18341851
0.18326053
0.18308683
0.18289741
0.18268989
0.18246353
0.18221767
0.18195103
0.18166312
0.18135286
0.18101857
0.18065914
0.18027179
0.17985432
0.17940335
0.1789161
0.17838872
0.17781713
0.17719688
0.17652301
0.17578993
0.17499147
0.17412085
0.1731705
0.17213196
0.17099594
0.16975203
0.16838877
0.16689329
0.16525141
0.16344764
0.16146482
0.15928101
0.15686414
0.15418153
0.15121305
0.14794199
0.14434488
0.14039275
0.13605382
0.13129578
0.12608817
0.1204058
0.11422825
0.10752781
0.10024527
0.09229435
0.083688856
0.07447436
0.064583553
0.05389056
0.042305992
0.029777832
0.016260676
0.0017159126
-0.013889468
-0.030583715
-0.048388784
-0.067320214
-0.087395719
-0.10883659
-0.13172781
-0.15568072
-0.18044904
-0.20592953
-0.23187409
-0.25800498
-0.28398482
-0.30941566
-0.33383915
-0.35673565
-0.37753007
-0.39561444
-0.41031098
-0.42128859
-0.42799381
-0.4299109
-0.42663446
-0.41821445
-0.40487627
-0.38717797
-0.36571782
-0.34170156
-0.31496558
-0.29004988
-0.25561926
-0.25202097
-0.16168413
-0.30580459
0.1270254
0.12689718
0.12675548
0.1266092
0.12645014
0.12627618
0.12608542
0.12587696
0.12564992
0.12540279
0.12513539
0.12484594
0.12453415
0.12419854
0.12383701
0.12344749
0.12302729
0.12257371
0.1220833
0.12155256
0.12097748
0.12035356
0.11967591
0.11893907
0.11813687
0.11726279
0.11630928
0.11526814
0.11413031
0.11288556
0.11152284
0.11002962
0.10839226
0.10659578
0.10462374
0.10245566
0.10006127
0.097408538
0.094478035
0.091254878
0.087717989
0.08384108
0.079595549
0.074952878
0.069887355
0.064379705
0.05841304
0.051950325
0.044952873
0.037335335
0.02909427
0.02028943
0.010838989
0.00061893901
-0.010453637
-0.022428235
-0.035348456
-0.04925176
-0.064170487
-0.080132413
-0.097160046
-0.11527039
-0.13446068
-0.15493821
-0.17684344
-0.19979964
-0.22350834
-0.24787742
-0.27265679
-0.29756345
-0.3222563
-0.34633106
-0.36932111
-0.39069667
-0.40987228
-0.42623072
-0.43907995
-0.44806588
-0.45260658
-0.45229361
-0.44668784
-0.43587994
-0.42015167
-0.4001014
-0.37642639
-0.35027564
-0.32186721
-0.29487518
-0.26042537
-0.25357386
-0.16679418
-0.30973908
0.069403365
0.069274832
0.069133626
0.068985779
0.068826652
0.068652003
0.068460818
0.068251762
0.068024224
0.067776497
0.067508015
0.067218182
0.066905597
0.066568562
0.066205887
0.065814834
0.065392842
0.064937391
0.064444843
0.063911897
0.063334425
0.062708115
0.062028146
0.061288927
0.060484806
0.059609047
0.058654311
0.057612754
0.056475254
0.055232244
0.053872623
0.052384538
0.050754711
0.04896867
0.047010813
0.044861886
0.04249328
0.039873985
0.036985332
0.033814179
0.030341674
0.026544239
0.022396362
0.017873175
0.012953572
0.007624289
0.0018726471
-0.0043521862
-0.011090441
-0.018394012
-0.026266774
-0.034669658
-0.043692915
-0.053453951
-0.064028549
-0.075464373
-0.087803147
-0.10108095
-0.11532912
-0.13057476
-0.14684046
-0.16414265
-0.18246254
-0.2019883
-0.22290825
-0.24486955
-0.26752004
-0.29077243
-0.31437613
-0.33804172
-0.36142358
-0.38411019
-0.40562578
-0.42542979
-0.44292599
-0.4574862
-0.46841393
-0.47531121
-0.47759164
-0.47494014
-0.46690389
-0.45360785
-0.43539826
-0.41292186
-0.3869674
-0.35865734
-0.3285248
-0.29950217
-0.26499447
-0.25480309
-0.17204806
-0.31292737
0.011095185
0.010965953
0.010824099
0.010676743
0.010517145
0.010342225
0.010150657
0.0099414127
0.0097132975
0.0094656526
0.0091968124
0.0089065072
0.0085932173
0.0082560961
0.0078922698
0.0075004371
0.0070775238
0.0066207196
0.0061270219
0.0055927354
0.0050139401
0.0043863986
0.0037051201
0.0029651652
0.0021603838
0.001284447
0.00033032117
-0.00071004386
-0.0018450177
-0.0030844527
-0.0044386115
-0.0059192181
-0.0075390917
-0.0093119522
-0.011252864
-0.01337988
-0.015719988
-0.018303098
-0.021146884
-0.024262939
-0.027667933
-0.031382966
-0.035430481
-0.03983181
-0.04460367
-0.049754417
-0.055293336
-0.061282792
-0.067774176
-0.074780825
-0.082292871
-0.09030437
-0.098914723
-0.10823264
-0.11832592
-0.12924038
-0.14101575
-0.15368645
-0.16728249
-0.18182995
-0.1973507
-0.2138591
-0.231327
-0.24991595
-0.26985526
-0.29082489
-0.3124238
-0.33455723
-0.35697721
-0.37938716
-0.40143588
-0.4227037
-0.4427047
-0.46088685
-0.47664221
-0.48933004
-0.49825516
-0.5029524
-0.50289573
-0.49779365
-0.48722577
-0.47134137
-0.45056092
-0.42558667
-0.39729326
-0.36680262
-0.33489839
-0.3039021
-0.26928297
-0.2556936
-0.17720224
-0.31454309
-0.047785859
-0.047915438
-0.048056952
-0.048204663
-0.048364314
-0.048539331
-0.048730987
-0.048940246
-0.04916826
-0.049416348
-0.049684873
-0.049975322
-0.050288531
-0.050626197
-0.050989998
-0.051382372
-0.051805659
-0.052262983
-0.052757283
-0.053292032
-0.053871347
-0.054499307
-0.055180562
-0.055920435
-0.056724544
-0.057599345
-0.05855162
-0.059589014
-0.060720193
-0.061954093
-0.063301116
-0.064772389
-0.066380239
-0.068137905
-0.070059736
-0.072162754
-0.074472519
-0.077017535
-0.079814463
-0.082873436
-0.086209196
-0.089840362
-0.093786504
-0.098065373
-0.10268988
-0.10766508
-0.1129986
-0.11875667
-0.12500283
-0.13172199
-0.13888694
-0.14652257
-0.154737
-0.1636299
-0.17326081
-0.18367341
-0.19490528
-0.20698891
-0.21995269
-0.23382112
-0.24861418
-0.26434308
-0.28097829
-0.29865643
-0.3176271
-0.33760472
-0.35816088
-0.37917537
-0.4004053
-0.42154668
-0.44224141
-0.46206069
-0.48050738
-0.49701705
-0.51096892
-0.52170861
-0.5285432
-0.53093635
-0.5284619
-0.52079464
-0.5075922
-0.48901972
-0.46558091
-0.43804018
-0.40735423
-0.37466542
-0.34094762
-0.30804612
-0.27324784
-0.25621705
-0.18228806
-0.31548527
-0.10713939
-0.1072684
-0.10741016
-0.10755789
-0.10771737
-0.10789254
-0.10808401
-0.10829303
-0.10852106
-0.10876869
-0.10903728
-0.10932747
-0.10964045
-0.10997793
-0.11034164
-0.11073402
-0.11115737
-0.11161458
-0.1121089
-0.11264365
-0.11322269
-0.11385016
-0.11453079
-0.11526961
-0.11607218
-0.11694473
-0.11789406
-0.11892758
-0.12005347
-0.12128075
-0.12261926
-0.12407982
-0.12567422
-0.12741528
-0.12931655
-0.13139432
-0.1336727
-0.13617865
-0.13892778
-0.14192892
-0.14519498
-0.1487424
-0.15258785
-0.15674568
-0.16122515
-0.16602968
-0.17116751
-0.17669375
-0.18268858
-0.18913004
-0.19596618
-0.20324522
-0.21108259
-0.21956964
-0.22875818
-0.23868933
-0.24939845
-0.26091592
-0.27326828
-0.28647805
-0.30056283
-0.31553084
-0.33135155
-0.34814555
-0.36616501
-0.38515492
-0.40467479
-0.42457121
-0.44460603
-0.46446696
-0.48378768
-0.50212904
-0.51898151
-0.53376718
-0.54585141
-0.55456615
-0.55921933
-0.55922213
-0.55422736
-0.54388021
-0.52793741
-0.50657807
-0.48039597
-0.450224
-0.41709852
-0.38219786
-0.34663251
-0.31190426
-0.27682199
-0.25629583
-0.18802226
-0.32028221
-0.16687866
-0.16700703
-0.16714888
-0.16729664
-0.16745599
-0.16763062
-0.16782209
-0.16803099
-0.16825855
-0.16850587
-0.16877416
-0.1690636
-0.16937647
-0.16971346
-0.1700769
-0.17046865
-0.17089181
-0.17134872
-0.17184234
-0.1723766
-0.17295478
-0.17358132
-0.17426058
-0.17499759
-0.17579794
-0.1766675
-0.17761296
-0.17864166
-0.17976138
-0.18098108
-0.18231003
-0.18375885
-0.18533886
-0.18706221
-0.18894204
-0.19099377
-0.19324016
-0.19570664
-0.19840766
-0.20135081
-0.20454735
-0.20801162
-0.21175778
-0.21579671
-0.22013354
-0.2247707
-0.22972333
-0.23502934
-0.24077093
-0.24693814
-0.25346384
-0.26040732
-0.26788674
-0.27598652
-0.28475226
-0.29422221
-0.30442937
-0.31540196
-0.32716441
-0.33973704
-0.35313483
-0.36736328
-0.38239124
-0.39832413
-0.41540751
-0.43341951
-0.45190992
-0.47069032
-0.48952582
-0.50809498
-0.52602184
-0.5428556
-0.55807308
-0.57108179
-0.58123224
-0.5878433
-0.59022307
-0.58775057
-0.58012534
-0.56698219
-0.54819087
-0.52394754
-0.4949404
-0.46207722
-0.42647253
-0.38935074
-0.35191439
-0.31544287
-0.27990809
-0.25584647
-0.1950121
-0.33059215
-0.22692535
-0.22705422
-0.22719612
-0.22734276
-0.22750227
-0.2276771
-0.22786772
-0.22807627
-0.22830368
-0.22855051
-0.22881786
-0.22910737
-0.22941914
-0.22975572
-0.23011846
-0.23050985
-0.23093216
-0.23138822
-0.23188119
-0.23241436
-0.2329914
-0.23361641
-0.23429387
-0.23502856
-0.23582602
-0.23669197
-0.23763299
-0.23865613
-0.2397691
-0.24098031
-0.2422991
-0.24373543
-0.24530024
-0.24700527
-0.24886293
-0.25088806
-0.25310219
-0.25552903
-0.25818184
-0.26106702
-0.26419428
-0.26757606
-0.27122401
-0.27514577
-0.27934186
-0.28381296
-0.28858673
-0.29369791
-0.29920394
-0.30509874
-0.31132688
-0.31795304
-0.32509233
-0.33282235
-0.34118409
-0.35021277
-0.35993881
-0.37038813
-0.38158281
-0.39354062
-0.40627372
-0.41978488
-0.43404108
-0.44913274
-0.46529817
-0.48234489
-0.49981287
-0.51747984
-0.53511204
-0.55237805
-0.56889077
-0.58418633
-0.59772657
-0.60890318
-0.6170512
-0.62147723
-0.6214891
-0.61644856
-0.60608723
-0.59002745
-0.56827705
-0.54105523
-0.50914523
-0.4735366
-0.43542105
-0.39607418
-0.35675617
-0.31862235
-0.28242032
-0.25496799
-0.20218765
-0.32969077
-0.28721696
-0.28734568
-0.28748651
-0.28763393
-0.28779308
-0.28796675
-0.28815786
-0.28836591
-0.28859241
-0.28883887
-0.28910597
-0.28939423
-0.28970575
-0.29004142
-0.29040351
-0.29079402
-0.29121544
-0.29167062
-0.29216248
-0.29269433
-0.29326995
-0.29389313
-0.29456832
-0.29530039
-0.2960945
-0.29695651
-0.2978926
-0.29890972
-0.30001539
-0.30121778
-0.30252584
-0.30394925
-0.30549847
-0.30718472
-0.30901993
-0.31101833
-0.31320028
-0.31558774
-0.31819267
-0.32102044
-0.32407934
-0.3273798
-0.33093124
-0.33473828
-0.33879737
-0.34310707
-0.34770736
-0.35263957
-0.35792892
-0.36356057
-0.36950339
-0.375829
-0.38264592
-0.39002404
-0.39800075
-0.40660828
-0.41587435
-0.42582233
-0.43647165
-0.44783725
-0.45992824
-0.47274409
-0.48624853
-0.50051828
-0.51578534
-0.53188041
-0.54833273
-0.56488881
-0.58131342
-0.59726417
-0.61234134
-0.6260664
-0.63788485
-0.64717136
-0.65324507
-0.65540108
-0.65294658
-0.64523956
-0.63203441
-0.61293778
-0.58811527
-0.5578243
-0.52293845
-0.48453686
-0.44388757
-0.4023183
-0.36112191
-0.32139816
-0.28432036
-0.25392122
-0.20773568
-0.29151479
-0.011681566
-0.34770081
-0.34782916
-0.34797036
-0.34811689
-0.34827571
-0.34844979
-0.34863975
-0.34884751
-0.34907375
-0.34931971
-0.34958578
-0.34987357
-0.35018438
-0.3505193
-0.35088038
-0.35127017
-0.35169059
-0.35214461
-0.35263531
-0.35316573
-0.35373961
-0.35436081
-0.3550336
-0.35576279
-0.35655341
-0.35741107
-0.35834208
-0.35935299
-0.36045113
-0.36164452
-0.36294168
-0.364352
-0.36588557
-0.36755307
-0.36936594
-0.37133792
-0.37348828
-0.37583711
-0.37839517
-0.38116681
-0.38415894
-0.38738012
-0.39083767
-0.39453358
-0.39846127
-0.40261773
-0.40705226
-0.41181234
-0.41689494
-0.42227557
-0.42794738
-0.43398938
-0.44050184
-0.44754634
-0.45515728
-0.46336395
-0.47219118
-0.4816596
-0.49178579
-0.50258151
-0.51405247
-0.52619431
-0.53896599
-0.55243267
-0.56682147
-0.58197869
-0.59742136
-0.61286833
-0.62808003
-0.64270201
-0.65632031
-0.66844016
-0.67848916
-0.68582389
-0.68974725
-0.68954337
-0.68451834
-0.67403795
-0.65786392
-0.63562932
-0.60762012
-0.57417413
-0.53624534
-0.49501107
-0.45181474
-0.40803375
-0.3649765
-0.32372621
-0.2856017
-0.25266114
-0.21159265
-0.25768564
-0.031721648
-0.40833692
-0.40846489
-0.40860604
-0.40875231
-0.4089107
-0.40908436
-0.40927427
-0.40948155
-0.40970741
-0.40995242
-0.41021812
-0.41050543
-0.41081519
-0.41114938
-0.41150984
-0.41189849
-0.41231806
-0.41277103
-0.41326029
-0.41378929
-0.4143614
-0.41498055
-0.41565094
-0.41637709
-0.41716415
-0.41801758
-0.41894338
-0.41994803
-0.42103875
-0.42222308
-0.42350948
-0.42490691
-0.42642508
-0.42807419
-0.42986518
-0.43181148
-0.43393115
-0.43624261
-0.43875515
-0.44147238
-0.44439989
-0.44754441
-0.45091102
-0.45449962
-0.45830212
-0.46231446
-0.46658804
-0.47117947
-0.47606548
-0.48120815
-0.48662353
-0.49239838
-0.49862396
-0.50535313
-0.5126174
-0.52044313
-0.52885216
-0.53786214
-0.54748657
-0.5577339
-0.56860597
-0.580094
-0.59215085
-0.60483253
-0.61836307
-0.63259551
-0.64703329
-0.66137157
-0.67536335
-0.68864095
-0.70077441
-0.71125099
-0.71947895
-0.72479562
-0.72648746
-0.72382781
-0.7161215
-0.70275136
-0.68346535
-0.6580114
-0.62670293
-0.59002059
-0.54898875
-0.50489098
-0.45914478
-0.41317231
-0.36828577
-0.32556675
-0.28628755
-0.25124092
-0.21328719
-0.23043826
-0.055760825
-0.46909896
-0.46922679
-0.46936735
-0.469514
-0.46967197
-0.46984519
-0.47003487
-0.47024184
-0.47046703
-0.4707118
-0.47097693
-0.47126342
-0.47157266
-0.47190615
-0.4722658
-0.47265361
-0.47307208
-0.47352405
-0.47401206
-0.47453965
-0.47511004
-0.4757272
-0.47639512
-0.47711847
-0.47790196
-0.47875119
-0.47967195
-0.48067057
-0.48175392
-0.48292959
-0.48420553
-0.4855905
-0.48709373
-0.48872512
-0.49049504
-0.49241664
-0.49450703
-0.49678263
-0.49925155
-0.50191656
-0.50478215
-0.50785335
-0.51113287
-0.51461852
-0.51830231
-0.52218081
-0.52629324
-0.53071058
-0.53540952
-0.54033056
-0.54550606
-0.55103033
-0.55698608
-0.56341759
-0.57035341
-0.57781701
-0.58582719
-0.59439856
-0.60354143
-0.61326061
-0.62355362
-0.63440661
-0.6457651
-0.6576789
-0.67037035
-0.68368988
-0.69712577
-0.71035376
-0.72311623
-0.73503092
-0.74565007
-0.75444116
-0.76079156
-0.76401837
-0.76339135
-0.7581735
-0.74766968
-0.73128697
-0.70875476
-0.67998726
-0.64527298
-0.60527627
-0.56108953
-0.51410746
-0.46582008
-0.41768733
-0.37101686
-0.32688631
-0.28639979
-0.24963211
-0.21338973
-0.2086988
-0.075644359
-0.52996513
-0.53009304
-0.53023342
-0.53037944
-0.53053763
-0.53071059
-0.53089998
-0.53110656
-0.53133148
-0.53157582
-0.53184036
-0.5321265
-0.53243503
-0.53276794
-0.53312671
-0.53351381
-0.53393157
-0.53438231
-0.53486926
-0.53539539
-0.53596423
-0.5365795
-0.53724516
-0.53796563
-0.53874584
-0.53959105
-0.54050692
-0.5414997
-0.54257606
-0.5437433
-0.54500923
-0.54638217
-0.54787114
-0.54948544
-0.55123516
-0.5531331
-0.55519549
-0.55743678
-0.55986369
-0.56247842
-0.56528447
-0.56828527
-0.57148105
-0.57486664
-0.57843461
-0.58218926
-0.58615707
-0.59040394
-0.59491761
-0.59963075
-0.60458226
-0.6098707
-0.61557128
-0.62172063
-0.6283443
-0.63546279
-0.64309181
-0.65124294
-0.65992312
-0.66913303
-0.67886524
-0.6891003
-0.69977543
-0.71093706
-0.72280726
-0.73522393
-0.74765859
-0.75977199
-0.7712927
-0.78182224
-0.79089319
-0.79795142
-0.80236185
-0.80342045
-0.80038027
-0.79249487
-0.77907245
-0.7595501
-0.73365654
-0.7014569
-0.66323619
-0.6198507
-0.57246682
-0.52259104
-0.4717837
-0.42153415
-0.37313871
-0.32765741
-0.28596343
-0.24780475
-0.21224149
-0.19154872
-0.092948342
-0.59091981
-0.59104745
-0.59118768
-0.5913339
-0.59149155
-0.59166468
-0.59185389
-0.59205994
-0.5922849
-0.59252867
-0.59279312
-0.59307858
-0.5933867
-0.59371897
-0.59407732
-0.59446371
-0.59488056
-0.5953305
-0.59581634
-0.59634131
-0.59690875
-0.59752222
-0.5981857
-0.59890364
-0.59968069
-0.60052208
-0.60143339
-0.60242062
-0.60349036
-0.60464959
-0.60590588
-0.60726739
-0.60874267
-0.61034061
-0.61207093
-0.61394628
-0.6159819
-0.61819021
-0.6205766
-0.62314271
-0.62589116
-0.62882389
-0.63193872
-0.6352271
-0.63868111
-0.64231614
-0.64615948
-0.65025442
-0.65458708
-0.6591017
-0.66384228
-0.6689075
-0.67436553
-0.68024661
-0.68657296
-0.69336199
-0.70062639
-0.70837456
-0.7166096
-0.72532738
-0.73451527
-0.74414787
-0.75415288
-0.76457623
-0.77564113
-0.78716269
-0.79859394
-0.80958509
-0.81984769
-0.82896528
-0.83644883
-0.84172063
-0.84412177
-0.84292629
-0.8373708
-0.82670116
-0.81023341
-0.78744021
-0.7580709
-0.722319
-0.68049393
-0.63365048
-0.58303856
-0.53027242
-0.47698005
-0.42467058
-0.37462245
-0.32785835
-0.28500066
-0.2457323
-0.2101611
-0.1781015
-0.10763753
-0.6519557
-0.6520834
-0.65222375
-0.65236961
-0.65252768
-0.65270035
-0.65288926
-0.65309594
-0.65332004
-0.6535641
-0.65382797
-0.65411328
-0.65442103
-0.65475297
-0.65511084
-0.6554968
-0.65591292
-0.6563622
-0.65684732
-0.65737119
-0.65793739
-0.65854935
-0.65921103
-0.65992659
-0.66070093
-0.66153886
-0.66244594
-0.66342812
-0.66449168
-0.66564349
-0.66689084
-0.66824162
-0.66970397
-0.67128654
-0.67299853
-0.67485254
-0.6768629
-0.67903991
-0.68138762
-0.68390718
-0.68660041
-0.68946779
-0.69250501
-0.69570053
-0.69904574
-0.70256669
-0.70629425
-0.71024715
-0.714406
-0.71873226
-0.72327516
-0.72812996
-0.73335776
-0.73898377
-0.74502678
-0.75150115
-0.75841652
-0.76577776
-0.77358348
-0.78182451
-0.79048286
-0.79952662
-0.80887245
-0.81856921
-0.82884244
-0.83947377
-0.84989593
-0.85975317
-0.86873666
-0.87641006
-0.88226061
-0.88568519
-0.88599968
-0.88245571
-0.87427413
-0.86069568
-0.84104962
-0.81484951
-0.78188272
-0.74246931
-0.69694412
-0.64657948
-0.59272207
-0.5370832
-0.48135554
-0.42705738
-0.37544203
-0.32747277
-0.28353105
-0.24339077
-0.20738049
-0.16766403
-0.1201078
-0.71307538
-0.71320338
-0.71334331
-0.71348978
-0.71364737
-0.71382031
-0.7140095
-0.7142157
-0.71444026
-0.7146839
-0.71494785
-0.71523292
-0.71554065
-0.7158724
-0.71622995
-0.71661545
-0.71703144
-0.71748017
-0.71796449
-0.71848778
-0.719053
-0.71966375
-0.72032384
-0.72103754
-0.72180934
-0.72264427
-0.72354764
-0.72452521
-0.72558319
-0.72672814
-0.72796728
-0.72930809
-0.73075848
-0.73232658
-0.73402142
-0.73585547
-0.7378421
-0.73998945
-0.74230038
-0.74477555
-0.7474159
-0.75022065
-0.75318368
-0.7562911
-0.75953353
-0.76294563
-0.76656231
-0.77037974
-0.77437215
-0.77851957
-0.78287698
-0.78753348
-0.7925427
-0.79792588
-0.80369862
-0.80987218
-0.81645292
-0.82344156
-0.830832
-0.83860981
-0.84675143
-0.8552177
-0.86391273
-0.87289208
-0.88238451
-0.89212715
-0.9015305
-0.91023733
-0.91791514
-0.92410559
-0.92827011
-0.92977835
-0.92791969
-0.92192326
-0.91099536
-0.89437503
-0.87141045
-0.84166127
-0.80496945
-0.76178673
-0.71248154
-0.65853938
-0.60143468
-0.54295661
-0.48485922
-0.42865871
-0.37557459
-0.32648915
-0.28157146
-0.24076181
-0.20407472
-0.15958355
-0.13037509
-0.77428323
-0.77441089
-0.77455133
-0.77469757
-0.77485586
-0.77502878
-0.77521814
-0.77542423
-0.77564911
-0.77589292
-0.77615688
-0.77644211
-0.77674985
-0.77708153
-0.77743916
-0.77782463
-0.77824039
-0.77868885
-0.77917304
-0.77969573
-0.78026041
-0.78087027
-0.7815293
-0.78224139
-0.78301127
-0.78384365
-0.78474391
-0.78571746
-0.78677054
-0.78790948
-0.7891412
-0.79047299
-0.79191246
-0.79346736
-0.79514635
-0.7969619
-0.79892646
-0.80104599
-0.80332219
-0.80575536
-0.80834539
-0.81109009
-0.81398206
-0.81700643
-0.82015294
-0.82345887
-0.82696645
-0.83065483
-0.83448829
-0.8384656
-0.84264835
-0.84711796
-0.85191984
-0.8570719
-0.86258666
-0.86847216
-0.87473099
-0.88135948
-0.88834667
-0.89567264
-0.90330813
-0.91120553
-0.91925514
-0.92752388
-0.93624342
-0.94509489
-0.95346488
-0.96099909
-0.96733806
-0.97199927
-0.97441616
-0.97392932
-0.96980076
-0.96123731
-0.94743266
-0.92762823
-0.90119709
-0.86775007
-0.82719887
-0.78012076
-0.72699508
-0.66943134
-0.60909459
-0.54782831
-0.48744353
-0.42944259
-0.37500088
-0.32490045
-0.27913722
-0.23783469
-0.20036783
-0.15323857
-0.13825891
-0.83559608
-0.83572397
-0.83586493
-0.83601158
-0.83616954
-0.83634316
-0.83653255
-0.83673943
-0.83696432
-0.83720842
-0.83747275
-0.83775824
-0.83806629
-0.83839824
-0.83875601
-0.8391418
-0.83955763
-0.84000624
-0.8404903
-0.84101307
-0.84157739
-0.84218697
-0.84284519
-0.84355632
-0.84432471
-0.84515523
-0.84605283
-0.84702322
-0.84807214
-0.84920588
-0.85043116
-0.85175505
-0.85318478
-0.85472785
-0.85639243
-0.85819018
-0.86013333
-0.86222687
-0.86447083
-0.86686473
-0.86940731
-0.87209485
-0.87491875
-0.8778649
-0.88092302
-0.88412021
-0.88751175
-0.89107674
-0.89476132
-0.89857851
-0.90259714
-0.90689049
-0.91149546
-0.91642692
-0.92169453
-0.92730286
-0.93325032
-0.93952881
-0.94612256
-0.95300592
-0.96014346
-0.96747772
-0.97488445
-0.98244748
-0.99039815
-0.99835076
-1.0056669
-1.0119996
-1.0169589
-1.0200359
-1.0206338
-1.0180623
-1.0115557
-1.0002991
-0.98347642
-0.96033621
-0.93028269
-0.89298465
-0.84844119
-0.79733631
-0.74036456
-0.67915819
-0.61562187
-0.55163729
-0.489065
-0.42938143
-0.3737056
-0.32270392
-0.27624278
-0.23460049
-0.19634077
-0.14824913
-0.14434324
-0.89702837
-0.89715652
-0.89729817
-0.89744454
-0.89760354
-0.89777728
-0.89796725
-0.89817457
-0.89839982
-0.89864458
-0.89890928
-0.89919538
-0.89950376
-0.89983637
-0.90019463
-0.90058068
-0.90099706
-0.90144598
-0.90193047
-0.90245328
-0.90301795
-0.90362738
-0.90428529
-0.90499585
-0.90576333
-0.90659239
-0.90748806
-0.90845583
-0.90950129
-0.91063062
-0.91185033
-0.91316715
-0.91458818
-0.91612059
-0.91777243
-0.91955401
-0.92147652
-0.92354505
-0.92575837
-0.92811495
-0.9306124
-0.93324504
-0.93600219
-0.93887108
-0.94184822
-0.94494969
-0.94822669
-0.95166728
-0.95521067
-0.95887663
-0.96273951
-0.96686468
-0.97128082
-0.97600009
-0.98102919
-0.9863688
-0.99201325
-0.99795003
-1.0041582
-1.010606
-1.0172517
-1.0240255
-1.0307893
-1.0376501
-1.0448299
-1.0518689
-1.0581039
-1.0631984
-1.0667289
-1.0681569
-1.0668531
-1.0620955
-1.0530899
-1.0390018
-1.0190084
-0.99237117
-0.95853267
-0.91722966
-0.86856662
-0.81333694
-0.75247122
-0.68762574
-0.62093943
-0.55432664
-0.48968499
-0.42845244
-0.3716778
-0.31990119
-0.27290092
-0.23103804
-0.19203084
-0.14468619
-0.15094045
-0.95859332
-0.95872281
-0.95886394
-0.95901148
-0.95917075
-0.95934505
-0.95953574
-0.95974353
-0.95996966
-0.96021488
-0.96048054
-0.96076711
-0.96107652
-0.96140953
-0.9617687
-0.9621555
-0.96257252
-0.9630221
-0.96350719
-0.96403065
-0.96459574
-0.96520548
-0.96586358
-0.96657404
-0.96734104
-0.96816921
-0.9690636
-0.97002931
-0.97107204
-0.97219773
-0.97341258
-0.97472329
-0.97613645
-0.97765916
-0.97929964
-0.98106727
-0.98297141
-0.98501607
-0.98719965
-0.98952011
-0.99197397
-0.99455348
-0.99724527
-1.0000368
-1.0029346
-1.0059555
-1.0091321
-1.0124501
-1.0158567
-1.0193777
-1.0230907
-1.0270534
-1.0312872
-1.0358012
-1.0405987
-1.0456765
-1.0510248
-1.0566266
-1.0624551
-1.0684726
-1.0746299
-1.0808417
-1.0869606
-1.0931208
-1.0995192
-1.1056213
-1.1107413
-1.1145529
-1.1165957
-1.1162989
-1.1129984
-1.1059395
-1.0943005
-1.0772294
-1.0539011
-1.0235962
-0.98580448
-0.94034248
-0.88743665
-0.82801064
-0.76320145
-0.69474119
-0.62497397
-0.55584448
-0.48927039
-0.4266381
-0.36891129
-0.31649828
-0.26912126
-0.22711531
-0.18746619
-0.14260466
-0.15902902
-1.0203156
-1.0204452
-1.0205872
-1.0207353
-1.0208953
-1.0210704
-1.0212615
-1.0214705
-1.0216974
-1.0219436
-1.0222099
-1.0224979
-1.0228078
-1.0231422
-1.0235022
-1.0238901
-1.0243081
-1.0247588
-1.0252447
-1.0257692
-1.0263351
-1.0269457
-1.0276045
-1.0283152
-1.0290824
-1.0299103
-1.0308039
-1.0317684
-1.0328091
-1.0339319
-1.0351429
-1.0364482
-1.0378546
-1.0393686
-1.0409989
-1.0427543
-1.0446416
-1.0466637
-1.0488189
-1.0511046
-1.0535165
-1.0560449
-1.0586738
-1.0613907
-1.0642117
-1.0671565
-1.0702374
-1.0734359
-1.0767115
-1.0800949
-1.0836639
-1.0874696
-1.0915268
-1.0958414
-1.1004131
-1.1052346
-1.1102922
-1.1155636
-1.1210164
-1.1266056
-1.1322734
-1.1379159
-1.1433872
-1.1488461
-1.1544441
-1.1595757
-1.163542
-1.1660175
-1.166503
-1.1643925
-1.158986
-1.1494959
-1.1350746
-1.1148555
-1.0880164
-1.0538647
-1.0119471
-0.96217338
-0.90490756
-0.84121934
-0.77244158
-0.70041413
-0.62765711
-0.55614487
-0.48779432
-0.42392662
-0.36540503
-0.31250507
-0.26490984
-0.22281543
-0.18276035
-0.14121709
-0.16075032
-1.0822183
-1.0823482
-1.0824915
-1.0826402
-1.0828008
-1.0829768
-1.0831693
-1.0833788
-1.0836069
-1.0838542
-1.084122
-1.0844107
-1.0847222
-1.0850578
-1.0854192
-1.0858084
-1.0862277
-1.0866797
-1.0871672
-1.087693
-1.0882603
-1.0888721
-1.089532
-1.0902438
-1.0910116
-1.0918399
-1.0927335
-1.0936974
-1.0947368
-1.0958575
-1.0970655
-1.0983666
-1.099767
-1.1012735
-1.1028949
-1.1046392
-1.1065109
-1.1085117
-1.1106399
-1.1128925
-1.1152639
-1.117743
-1.120312
-1.1229576
-1.1257041
-1.1285744
-1.1315619
-1.1346434
-1.1377928
-1.1410457
-1.1444764
-1.1481295
-1.152015
-1.1561349
-1.160485
-1.1650544
-1.1698247
-1.1747682
-1.1798455
-1.1850043
-1.1901755
-1.1952352
-1.200057
-1.2048162
-1.2095858
-1.2136988
-1.2164676
-1.2175435
-1.2163886
-1.2123608
-1.2047231
-1.192656
-1.1752881
-1.1517423
-1.1212056
-1.08302
-1.0368008
-0.9825656
-0.92083076
-0.85282578
-0.78008141
-0.70455821
-0.62892662
-0.55518876
-0.48523681
-0.42031231
-0.36116342
-0.30793447
-0.26027083
-0.21814931
-0.17806915
-0.13949943
-0.14372497
-0.006543975
-1.1443281
-1.1444587
-1.1446027
-1.1447525
-1.1449143
-1.145091
-1.1452848
-1.1454957
-1.1457248
-1.1459739
-1.1462426
-1.1465331
-1.1468462
-1.1471833
-1.1475463
-1.1479373
-1.1483584
-1.1488122
-1.1493015
-1.1498291
-1.1503982
-1.151012
-1.1516735
-1.1523869
-1.1531561
-1.1539855
-1.1548798
-1.1558439
-1.156883
-1.1580026
-1.1592085
-1.1605064
-1.1619022
-1.1634023
-1.1650155
-1.1667493
-1.1686066
-1.1705879
-1.1726908
-1.1749117
-1.1772438
-1.1796752
-1.1821872
-1.184766
-1.1874371
-1.190231
-1.1931273
-1.196094
-1.1991209
-1.2022491
-1.2055472
-1.2090521
-1.2127698
-1.2166986
-1.2208305
-1.2251503
-1.2296347
-1.23425
-1.2389495
-1.2436725
-1.2483377
-1.2528004
-1.256964
-1.2610174
-1.2649253
-1.2679651
-1.2694784
-1.2690764
-1.2661821
-1.2601163
-1.2501052
-1.2352986
-1.2148043
-1.1877398
-1.153308
-1.1108951
-1.0601973
-1.0013558
-0.9350538
-0.86269448
-0.7860155
-0.70709317
-0.62872741
-0.55294499
-0.48158541
-0.41579607
-0.35619633
-0.30280217
-0.25521101
-0.21314065
-0.1733122
-0.13726203
-0.12792602
-0.015684443
-1.206682
-1.206814
-1.2069588
-1.2071096
-1.2072725
-1.2074508
-1.2076456
-1.2078578
-1.208089
-1.2083391
-1.20861
-1.2089021
-1.209217
-1.209556
-1.2099211
-1.2103142
-1.2107374
-1.2111934
-1.2116849
-1.2122149
-1.2127864
-1.2134023
-1.2140663
-1.2147818
-1.215553
-1.2163842
-1.21728
-1.2182451
-1.2192848
-1.2204042
-1.221609
-1.2229047
-1.2242971
-1.2257923
-1.2273976
-1.2291206
-1.2309645
-1.2329277
-1.2350071
-1.2371979
-1.2394921
-1.2418766
-1.2443341
-1.2468509
-1.2494421
-1.2521496
-1.2549557
-1.2578122
-1.2607212
-1.2637303
-1.2669007
-1.2702613
-1.2738142
-1.2775541
-1.2814693
-1.2855401
-1.2897378
-1.2940223
-1.298339
-1.3026187
-1.3067667
-1.3106164
-1.3141059
-1.3174366
-1.3204401
-1.3223446
-1.3225274
-1.3205524
-1.3158022
-1.3075595
-1.2950143
-1.2772884
-1.2534727
-1.2226848
-1.1841512
-1.1373125
-1.08196
-1.0183748
-0.94742123
-0.87069082
-0.79013902
-0.70794667
-0.62701278
-0.54939105
-0.47683576
-0.41038556
-0.35051915
-0.29712666
-0.2497421
-0.20783204
-0.16849552
-0.13405939
-0.11524629
-0.02722034
-1.269307
-1.2694401
-1.269586
-1.269738
-1.2699021
-1.270082
-1.2702783
-1.2704923
-1.2707248
-1.270977
-1.2712497
-1.2715439
-1.271861
-1.2722023
-1.2725696
-1.272965
-1.2733907
-1.2738493
-1.2743434
-1.2748762
-1.2754504
-1.2760693
-1.2767359
-1.2774541
-1.278228
-1.2790615
-1.2799593
-1.2809262
-1.281967
-1.2830869
-1.2842913
-1.2855856
-1.2869754
-1.2884671
-1.2900665
-1.2917798
-1.2936103
-1.2955559
-1.2976126
-1.2997744
-1.3020311
-1.3043679
-1.3067691
-1.3092287
-1.3117523
-1.3143749
-1.317086
-1.3198345
-1.3226291
-1.3255223
-1.3285676
-1.3317854
-1.3351743
-1.3387256
-1.3424236
-1.3462439
-1.3501523
-1.3541012
-1.3580282
-1.361855
-1.3654706
-1.368685
-1.371479
-1.3740579
-1.376103
-1.3767973
-1.3755575
-1.3718957
-1.3651537
-1.3545754
-1.3393169
-1.3184748
-1.2911279
-1.2564003
-1.2135503
-1.1620846
-1.1019046
-1.0334486
-0.95777673
-0.87668277
-0.79234228
-0.70705337
-0.62374609
-0.54451407
-0.47099215
-0.40409555
-0.34415256
-0.29092956
-0.24388159
-0.2022552
-0.16359156
-0.13022459
-0.10497442
-0.036200993
-1.3322281
-1.3323621
-1.3325095
-1.332663
-1.3328284
-1.3330098
-1.3332078
-1.333424
-1.3336583
-1.3339125
-1.3341877
-1.3344842
-1.3348035
-1.3351474
-1.3355174
-1.3359155
-1.3363442
-1.3368056
-1.337303
-1.3378388
-1.3384165
-1.3390385
-1.3397087
-1.3404302
-1.3412072
-1.3420438
-1.3429444
-1.3439137
-1.3449565
-1.3460777
-1.3472826
-1.3485763
-1.3499644
-1.3514535
-1.3530491
-1.3547548
-1.3565728
-1.3585011
-1.3605356
-1.3626689
-1.364889
-1.3671783
-1.3695214
-1.3719225
-1.3743897
-1.3769392
-1.3795557
-1.3821966
-1.3848777
-1.3876563
-1.3905772
-1.3936524
-1.3968771
-1.4002392
-1.4037186
-1.4072861
-1.4109008
-1.4145079
-1.4180359
-1.4213968
-1.4244585
-1.4270087
-1.42908
-1.430863
-1.4318799
-1.4312714
-1.4284974
-1.4230149
-1.4141242
-1.4010316
-1.3828617
-1.3586902
-1.327589
-1.2886953
-1.2413084
-1.1850138
-1.1198399
-1.0464003
-0.96596676
-0.88054995
-0.79252799
-0.7043525
-0.61890257
-0.53831164
-0.46406779
-0.39694788
-0.3371225
-0.28423567
-0.23765156
-0.19644159
-0.15857694
-0.12592893
-0.096676867
-0.04348696
-1.3954872
-1.3956227
-1.3957717
-1.3959263
-1.3960941
-1.3962767
-1.3964772
-1.3966948
-1.3969318
-1.3971886
-1.3974659
-1.3977651
-1.3980874
-1.3984341
-1.3988072
-1.3992085
-1.3996405
-1.4001054
-1.4006063
-1.401146
-1.4017274
-1.4023536
-1.4030275
-1.4037531
-1.404534
-1.4053745
-1.4062787
-1.4072513
-1.4082969
-1.4094205
-1.4106269
-1.4119211
-1.4133083
-1.414795
-1.4163865
-1.4180853
-1.419892
-1.4218042
-1.4238173
-1.4259231
-1.4281076
-1.430351
-1.4326379
-1.4349812
-1.4373923
-1.439869
-1.4423914
-1.4449271
-1.4474982
-1.4501635
-1.4529606
-1.4558936
-1.4589539
-1.4621257
-1.4653845
-1.4686952
-1.4720102
-1.4752661
-1.4783824
-1.4812582
-1.4837339
-1.4855847
-1.4869018
-1.4878253
-1.4877209
-1.4856986
-1.4812582
-1.4737996
-1.462582
-1.4467758
-1.4254786
-1.3977495
-1.3626591
-1.3193648
-1.2672168
-1.2058938
-1.1355695
-1.0570522
-0.97184326
-0.88218429
-0.79063144
-0.69979544
-0.61247068
-0.53079261
-0.45608512
-0.38897147
-0.32945979
-0.277073
-0.23107772
-0.19041858
-0.15344298
-0.12133357
-0.089893784
-0.049179006
-1.4591245
-1.4592614
-1.4594118
-1.4595689
-1.4597377
-1.4599231
-1.4601253
-1.4603455
-1.4605851
-1.4608444
-1.4611245
-1.461427
-1.4617524
-1.4621024
-1.462479
-1.4628838
-1.4633196
-1.4637885
-1.4642936
-1.4648376
-1.4654235
-1.4660542
-1.4667329
-1.4674631
-1.4682488
-1.4690939
-1.4700026
-1.4709793
-1.4720288
-1.4731556
-1.4743645
-1.4756604
-1.4770484
-1.4785332
-1.4801201
-1.4818124
-1.4836091
-1.4855066
-1.4874993
-1.4895781
-1.4917279
-1.4939277
-1.4961612
-1.4984456
-1.5007985
-1.5032025
-1.5056307
-1.5080636
-1.5105287
-1.5130829
-1.5157561
-1.5185463
-1.521441
-1.5244203
-1.5274541
-1.5305013
-1.5335063
-1.5363965
-1.5390803
-1.5414402
-1.5432834
-1.5443964
-1.5449216
-1.544901
-1.5435528
-1.5399906
-1.5337306
-1.5241176
-1.5103723
-1.4916339
-1.4669772
-1.4354497
-1.3961257
-1.3481904
-1.2910558
-1.22451
-1.1488927
-1.0652279
-0.97526448
-0.88148406
-0.78660321
-0.69335398
-0.60445229
-0.52197748
-0.44707576
-0.38020214
-0.32119995
-0.26947273
-0.22418864
-0.184211
-0.14818239
-0.11654079
-0.084443365
-0.054311167
-1.5231879
-1.5233265
-1.523479
-1.5236375
-1.523809
-1.5239963
-1.5242011
-1.5244241
-1.5246662
-1.5249288
-1.5252124
-1.5255179
-1.5258469
-1.5262008
-1.5265811
-1.5269904
-1.5274302
-1.5279037
-1.5284135
-1.5289625
-1.5295535
-1.5301895
-1.5308736
-1.5316094
-1.5324006
-1.5332512
-1.5341654
-1.5351473
-1.5362016
-1.5373328
-1.5385453
-1.539844
-1.5412345
-1.5427202
-1.5443046
-1.5459912
-1.5477788
-1.549663
-1.5516366
-1.553689
-1.5558047
-1.557963
-1.5601468
-1.562366
-1.5646502
-1.5669808
-1.5693164
-1.5716492
-1.5740126
-1.5764579
-1.5790071
-1.5816532
-1.5843796
-1.5871614
-1.589963
-1.5927358
-1.5954156
-1.5979183
-1.6001393
-1.6019385
-1.6030891
-1.6034295
-1.6031219
-1.6020365
-1.5992847
-1.5940391
-1.5857816
-1.5738104
-1.5573152
-1.5354086
-1.5071471
-1.4715701
-1.427761
-1.3749406
-1.3125956
-1.2406414
-1.1596072
-1.0707546
-0.97609684
-0.87835785
-0.78039518
-0.68501755
-0.59486304
-0.51189863
-0.43708046
-0.37068226
-0.31238274
-0.26146885
-0.21701505
-0.17784078
-0.14279085
-0.11162915
-0.080167239
-0.059363678
-1.5877276
-1.5878686
-1.5880229
-1.5881839
-1.5883573
-1.5885475
-1.5887546
-1.5889809
-1.5892263
-1.589492
-1.5897792
-1.5900888
-1.5904217
-1.5907797
-1.5911646
-1.5915783
-1.5920231
-1.5925016
-1.5930168
-1.5935714
-1.5941683
-1.5948102
-1.5955006
-1.5962428
-1.5970404
-1.5978974
-1.598818
-1.5998062
-1.6008664
-1.6020029
-1.6032203
-1.6045229
-1.605916
-1.6074033
-1.6089871
-1.6106695
-1.612449
-1.6143208
-1.6162764
-1.618303
-1.6203832
-1.6224985
-1.6246374
-1.6267999
-1.6290129
-1.6312647
-1.6335079
-1.6357423
-1.638006
-1.6403432
-1.6427667
-1.6452655
-1.6478188
-1.6503963
-1.6529558
-1.6554405
-1.6577752
-1.6598633
-1.6615846
-1.6627726
-1.6631686
-1.6626705
-1.6614432
-1.659153
-1.6548257
-1.6477114
-1.6372456
-1.6226883
-1.603203
-1.5778793
-1.545758
-1.5058735
-1.4573232
-1.3993724
-1.3315971
-1.2540621
-1.1675106
-1.0734653
-0.974218
-0.87272969
-0.77197257
-0.67479197
-0.58373315
-0.50060047
-0.42614879
-0.36046031
-0.30305176
-0.25309797
-0.20958887
-0.17132734
-0.13727484
-0.10669604
-0.076628828
-0.061468717
-1.6527973
-1.6529399
-1.6530971
-1.6532598
-1.6534364
-1.6536289
-1.6538399
-1.6540688
-1.654318
-1.6545875
-1.6548787
-1.6551923
-1.65553
-1.6558926
-1.6562824
-1.6567013
-1.6571516
-1.6576358
-1.6581571
-1.658718
-1.6593214
-1.6599704
-1.6606677
-1.6614172
-1.6622222
-1.6630867
-1.6640146
-1.6650101
-1.6660773
-1.6672205
-1.6684439
-1.6697521
-1.6711484
-1.6726368
-1.6742205
-1.6758999
-1.6776727
-1.6795333
-1.681472
-1.6834736
-1.6855183
-1.6875884
-1.6896821
-1.6917998
-1.6939519
-1.6961237
-1.6982739
-1.7004097
-1.7025739
-1.7048019
-1.7070977
-1.7094458
-1.7118209
-1.7141861
-1.7164912
-1.7186691
-1.720632
-1.7222687
-1.7234413
-1.7239507
-1.72351
-1.7220862
-1.7198143
-1.7161376
-1.7100298
-1.7008267
-1.6879171
-1.6705291
-1.647802
-1.6188046
-1.5825627
-1.5381082
-1.4845578
-1.4212321
-1.3478142
-1.2645432
-1.1724039
-1.0732026
-0.96952031
-0.86454184
-0.76132167
-0.66270122
-0.57110785
-0.48813922
-0.41433869
-0.34959034
-0.29325391
-0.2443988
-0.20194247
-0.16468849
-0.13165254
-0.10183697
-0.073359915
-0.055977782
-0.0027620781
-1.7184587
-1.718604
-1.7187634
-1.7189293
-1.7191084
-1.7193045
-1.7195183
-1.7197514
-1.7200044
-1.7202783
-1.7205739
-1.7208925
-1.7212351
-1.7216031
-1.7219985
-1.7224232
-1.7228797
-1.7233706
-1.7238986
-1.7244668
-1.7250779
-1.7257346
-1.7264403
-1.7271981
-1.7280117
-1.728885
-1.7298217
-1.7308258
-1.7319016
-1.7330529
-1.734284
-1.7355999
-1.7370027
-1.7384947
-1.7400797
-1.7417579
-1.7435259
-1.7453771
-1.7473004
-1.7492791
-1.751291
-1.7533182
-1.7553672
-1.7574423
-1.7595363
-1.7616292
-1.7636891
-1.7657295
-1.7677958
-1.769915
-1.772082
-1.7742759
-1.776465
-1.7786045
-1.7806341
-1.7824746
-1.7840243
-1.7851559
-1.7857087
-1.7854428
-1.7840591
-1.7815957
-1.7781028
-1.7728126
-1.7646915
-1.7531567
-1.7375534
-1.7170814
-1.6908563
-1.6579253
-1.6172993
-1.5680095
-1.5091989
-1.4402567
-1.360995
-1.2718554
-1.174094
-1.0698222
-0.96191454
-0.85375798
-0.74845094
-0.64878834
-0.55704775
-0.47458249
-0.40171584
-0.33813122
-0.28303893
-0.2354117
-0.19410814
-0.15794239
-0.12594567
-0.097022586
-0.07018219
-0.050451207
-0.0061495785
-1.7848015
-1.7849492
-1.7851118
-1.7852806
-1.785463
-1.7856628
-1.7858806
-1.786118
-1.7863753
-1.7866542
-1.786955
-1.7872791
-1.7876273
-1.7880016
-1.7884034
-1.788835
-1.7892987
-1.7897969
-1.7903331
-1.7909097
-1.7915296
-1.7921956
-1.7929108
-1.7936785
-1.7945024
-1.795386
-1.7963333
-1.7973481
-1.7984343
-1.7995959
-1.8008369
-1.8021607
-1.8035707
-1.8050698
-1.8066597
-1.8083399
-1.8101062
-1.8119507
-1.813861
-1.8158197
-1.8178034
-1.8197932
-1.8217975
-1.8238285
-1.8258671
-1.827884
-1.8298589
-1.8318103
-1.8337811
-1.8357893
-1.837821
-1.8398488
-1.8418328
-1.8437191
-1.8454362
-1.846892
-1.8479682
-1.8485172
-1.848347
-1.8471702
-1.844711
-1.8410591
-1.8361107
-1.8289286
-1.8185478
-1.8044298
-1.7858797
-1.7620711
-1.7320931
-1.6949689
-1.6496937
-1.5953013
-1.5309702
-1.4561754
-1.3708837
-1.275772
-1.1723983
-1.0631968
-0.95133372
-0.84036604
-0.73339262
-0.63311599
-0.54162854
-0.46000864
-0.38835285
-0.32614599
-0.27245872
-0.22617807
-0.18611781
-0.15110839
-0.12018523
-0.092261875
-0.066806184
-0.045900489
-0.010359147
-1.8519388
-1.8520897
-1.8522553
-1.8524282
-1.8526142
-1.8528179
-1.8530405
-1.8532824
-1.8535453
-1.8538296
-1.8541364
-1.8544667
-1.8548219
-1.8552032
-1.8556125
-1.8560521
-1.8565239
-1.8570314
-1.8575768
-1.8581634
-1.8587937
-1.8594705
-1.8601971
-1.8609767
-1.8618129
-1.8627091
-1.8636693
-1.8646971
-1.8657965
-1.8669714
-1.8682261
-1.8695622
-1.8709822
-1.8724911
-1.87409
-1.875777
-1.8775467
-1.8793894
-1.8812913
-1.883234
-1.8851956
-1.887157
-1.8891179
-1.8910993
-1.8930834
-1.895027
-1.8969186
-1.8987812
-1.9006506
-1.9025342
-1.9044111
-1.9062469
-1.9079937
-1.9095877
-1.9109444
-1.9119539
-1.9124749
-1.9123306
-1.9112877
-1.9090146
-1.9053002
-1.9002514
-1.8935529
-1.8841765
-1.8712901
-1.8543421
-1.8326002
-1.8052097
-1.7712287
-1.7296527
-1.6794615
-1.6196969
-1.5495856
-1.46871
-1.3772226
-1.2760718
-1.1671475
-1.0532204
-0.93773654
-0.82438049
-0.71620326
-0.61576644
-0.5249402
-0.44450557
-0.37432807
-0.31370072
-0.26156657
-0.21673971
-0.17800288
-0.144207
-0.11439393
-0.08755059
-0.063330859
-0.042025454
-0.013430548
-1.9200173
-1.9201715
-1.9203414
-1.9205178
-1.9207087
-1.9209171
-1.9211447
-1.9213925
-1.9216613
-1.9219522
-1.922266
-1.9226038
-1.9229667
-1.9233563
-1.9237746
-1.9242233
-1.9247053
-1.925223
-1.9257796
-1.926378
-1.9270207
-1.9277106
-1.9284508
-1.9292447
-1.9300956
-1.9310072
-1.9319833
-1.9330274
-1.9341434
-1.935335
-1.9366054
-1.9379575
-1.9393947
-1.9409197
-1.942533
-1.9442322
-1.9460108
-1.9478574
-1.949756
-1.9516859
-1.9536265
-1.9555661
-1.9574954
-1.9594259
-1.9613441
-1.963204
-1.9650003
-1.9667606
-1.9685118
-1.9702512
-1.9719516
-1.973571
-1.9750504
-1.9763094
-1.9772416
-1.977709
-1.9775385
-1.9765195
-1.974379
-1.9707588
-1.965531
-1.9588028
-1.950054
-1.9382146
-1.9225833
-1.9025733
-1.8774107
-1.8462036
-1.8079734
-1.7616861
-1.7063083
-1.6408987
-1.5647491
-1.4775762
-1.3797545
-1.2725426
-1.158191
-1.0398125
-0.92111049
-0.80584388
-0.69696403
-0.59684083
-0.50708576
-0.42816927
-0.35972428
-0.30086346
-0.25041631
-0.20713813
-0.16979393
-0.13725943
-0.10859281
-0.082876781
-0.059792274
-0.038782449
-0.016038206
-1.9892177
-1.9893764
-1.9895509
-1.9897318
-1.9899278
-1.9901417
-1.9903754
-1.9906298
-1.9909055
-1.991204
-1.9915261
-1.9918723
-1.9922445
-1.992644
-1.9930725
-1.9935324
-1.994026
-1.994556
-1.9951258
-1.995738
-1.9963953
-1.9971007
-1.9978572
-1.998668
-1.9995366
-2.0004667
-2.0014617
-2.0025256
-2.0036619
-2.0048744
-2.0061651
-2.007537
-2.008995
-2.0105405
-2.0121726
-2.0138876
-2.0156776
-2.0175295
-2.0194249
-2.02134
-2.0232537
-2.0251627
-2.0270611
-2.0289421
-2.0307861
-2.0325566
-2.034256
-2.0359162
-2.0375534
-2.0391501
-2.0406663
-2.0420424
-2.0431958
-2.0440178
-2.0443706
-2.0440853
-2.0429627
-2.0407716
-2.0372162
-2.031947
-2.0249406
-2.016262
-2.005191
-1.9906642
-1.9720837
-1.9488083
-1.9200132
-1.8847619
-1.8420362
-1.7907732
-1.7299321
-1.658601
-1.5761584
-1.4824882
-1.3782286
-1.264989
-1.1454037
-1.0229248
-0.90147709
-0.78482977
-0.67578149
-0.5764591
-0.4881807
-0.41110295
-0.34462789
-0.28770368
-0.23906195
-0.19741433
-0.16152074
-0.13028682
-0.10279907
-0.07823523
-0.056233427
-0.03604691
-0.018290899
-2.0597371
-2.0599006
-2.0600796
-2.0602666
-2.0604679
-2.0606882
-2.0609288
-2.0611903
-2.0614745
-2.0617813
-2.0621125
-2.062469
-2.0628517
-2.0632624
-2.063703
-2.0641756
-2.0646825
-2.0652268
-2.0658113
-2.0664393
-2.0671132
-2.067836
-2.0686107
-2.0694406
-2.0703292
-2.0712798
-2.0722963
-2.0733825
-2.0745419
-2.0757775
-2.0770923
-2.0784901
-2.0799736
-2.0815431
-2.0831976
-2.0849327
-2.0867387
-2.0886017
-2.0905022
-2.0924161
-2.0943219
-2.0962192
-2.0981108
-2.0999777
-2.101789
-2.1035146
-2.1051572
-2.1067398
-2.1082567
-2.1096643
-2.1108962
-2.1118652
-2.1124616
-2.1125526
-2.1119825
-2.1105731
-2.1081245
-2.1044063
-2.0991169
-2.0919538
-2.0829837
-2.0721491
-2.0585442
-2.041171
-2.0194771
-1.9927539
-1.9601222
-1.9205985
-1.8731249
-1.8166135
-1.7500243
-1.672492
-1.5835089
-1.4831654
-1.3724096
-1.2532418
-1.1286971
-1.0025502
-0.87889852
-0.76144736
-0.65279056
-0.55476089
-0.4683532
-0.39341716
-0.32912913
-0.27429249
-0.22755796
-0.1876092
-0.15321286
-0.12331043
-0.097027607
-0.073625409
-0.0526968
-0.033656879
-0.019423082
-2.1317137
-2.1318835
-2.1320703
-2.1322642
-2.1324738
-2.1327028
-2.1329533
-2.1332253
-2.1335208
-2.1338402
-2.134185
-2.1345557
-2.1349541
-2.1353814
-2.1358397
-2.1363313
-2.1368585
-2.1374237
-2.1380303
-2.1386821
-2.1393825
-2.1401335
-2.1409385
-2.1418011
-2.1427247
-2.1437136
-2.1447714
-2.1459022
-2.1471102
-2.148399
-2.1497725
-2.1512348
-2.1527873
-2.1544303
-2.1561633
-2.1579819
-2.1598749
-2.1618261
-2.1638144
-2.1658152
-2.1678046
-2.169767
-2.1717052
-2.1735909
-2.1753662
-2.1769948
-2.1784681
-2.1797869
-2.1809196
-2.1818013
-2.1823499
-2.1824679
-2.182043
-2.1809467
-2.1790325
-2.1761339
-2.1720606
-2.1665813
-2.1593822
-2.15023
-2.1392145
-2.1260705
-2.1097733
-2.0894389
-2.0644843
-2.0341337
-1.9974565
-1.953423
-1.9009377
-1.8388927
-1.7662618
-1.6822471
-1.5864888
-1.4793296
-1.3620776
-1.2371606
-1.1080204
-0.97872404
-0.8534772
-0.73583922
-0.62815274
-0.53190348
-0.44774104
-0.37522717
-0.31332002
-0.26070114
-0.21595826
-0.17776272
-0.14489904
-0.11635088
-0.09129136
-0.06905186
-0.049221286
-0.031455035
-0.018112929
-0.00086402151
-2.2064384
-2.2066252
-2.2068302
-2.2070443
-2.2072747
-2.2075272
-2.2078025
-2.2081026
-2.2084277
-2.2087803
-2.2091603
-2.2095694
-2.2100091
-2.210481
-2.2109875
-2.211531
-2.2121143
-2.2127401
-2.2134112
-2.2141329
-2.2149092
-2.2157431
-2.2166375
-2.2175963
-2.2186235
-2.2197231
-2.2208994
-2.2221565
-2.2234983
-2.2249287
-2.2264508
-2.2280654
-2.229771
-2.2315648
-2.2334428
-2.2353954
-2.2374027
-2.2394369
-2.2414645
-2.2434507
-2.2453675
-2.2471778
-2.248858
-2.250372
-2.251654
-2.2526702
-2.253416
-2.2538865
-2.2540473
-2.2538396
-2.2531917
-2.2520186
-2.2502195
-2.2476746
-2.2442411
-2.2397489
-2.2339969
-2.2267289
-2.2176023
-2.2064366
-2.1933079
-2.1777425
-2.1586399
-2.1352171
-2.1068407
-2.0726709
-2.0317253
-1.9829282
-1.9251494
-1.8572695
-1.7782919
-1.6875136
-1.5847643
-1.4706914
-1.3470149
-1.2166204
-1.0833479
-0.95150882
-0.82533847
-0.70816294
-0.60203791
-0.50804849
-0.42647902
-0.35664258
-0.29728594
-0.24699436
-0.20431085
-0.16790977
-0.13660385
-0.10942529
-0.085600094
-0.064518772
-0.045797903
-0.029358586
-0.016616599
-0.0018097526
-2.2915922
-2.2917848
-2.291997
-2.2922169
-2.2924549
-2.2927146
-2.2929977
-2.2933052
-2.2936383
-2.2939973
-2.2943831
-2.2947962
-2.2952377
-2.2957087
-2.2962111
-2.296747
-2.2973189
-2.297929
-2.2985801
-2.2992747
-2.3000168
-2.300809
-2.3016531
-2.3025509
-2.3035048
-2.304517
-2.3055892
-2.3067236
-2.3079214
-2.3091825
-2.3105055
-2.3118857
-2.3133163
-2.3147888
-2.3162935
-2.3178141
-2.3193223
-2.3207824
-2.3221545
-2.323401
-2.3244992
-2.3254249
-2.3261453
-2.3266217
-2.3268111
-2.326701
-2.326302
-2.3256094
-2.3245869
-2.3231776
-2.3213083
-2.3188881
-2.3158057
-2.3119258
-2.3070861
-2.3010957
-2.2937302
-2.2846998
-2.2736401
-2.2604413
-2.2451285
-2.227014
-2.2049739
-2.1783139
-2.1463356
-2.108133
-2.0626706
-2.0088277
-1.9454441
-1.8714007
-1.7857517
-1.6879238
-1.5779862
-1.4569506
-1.3270006
-1.1914991
-1.0546587
-0.92096875
-0.79460198
-0.67856174
-0.57458868
-0.48333271
-0.40467694
-0.3377488
-0.28109082
-0.23321833
-0.19264831
-0.1580726
-0.1283417
-0.10254242
-0.079957179
-0.06003017
-0.042426783
-0.027246331
-0.015320391
-0.002946282
-2.3705069
-2.3706883
-2.3708874
-2.3710949
-2.3713177
-2.3715617
-2.3718271
-2.372115
-2.3724258
-2.3727599
-2.3731176
-2.373499
-2.3739046
-2.3743356
-2.3747927
-2.3752778
-2.375793
-2.3763401
-2.376921
-2.3775373
-2.3781919
-2.3788871
-2.3796235
-2.3804022
-2.3812242
-2.3820905
-2.3830014
-2.3839569
-2.3849567
-2.3859995
-2.3870816
-2.3881966
-2.389336
-2.3904894
-2.3916453
-2.3927851
-2.393878
-2.3948866
-2.3957727
-2.3965026
-2.397048
-2.3973952
-2.3975139
-2.3973546
-2.3968837
-2.3960939
-2.3949921
-2.3935601
-2.391748
-2.3894879
-2.3866951
-2.3832664
-2.3790778
-2.3739818
-2.3678039
-2.3603414
-2.351353
-2.3405183
-2.327482
-2.3122193
-2.2946323
-2.2738153
-2.2486944
-2.2186287
-2.1828415
-2.1403598
-2.0900949
-2.0308837
-1.9615442
-1.8809728
-1.7883021
-1.6831324
-1.5658323
-1.4378435
-1.3018604
-1.1617281
-1.0219857
-0.88721562
-0.76142553
-0.6472108
-0.54595802
-0.45789031
-0.38244704
-0.31863071
-0.2647971
-0.21941744
-0.18100148
-0.14827207
-0.12012612
-0.095710589
-0.074366207
-0.055587755
-0.03910587
-0.025139775
-0.014137977
-0.0037023144
-2.4449665
-2.4451409
-2.4453316
-2.4455301
-2.4457441
-2.4459775
-2.4462316
-2.4465067
-2.4468035
-2.447122
-2.4474622
-2.4478242
-2.4482084
-2.4486152
-2.4490456
-2.4495014
-2.4499838
-2.4504944
-2.4510346
-2.4516054
-2.452209
-2.4528474
-2.4535217
-2.4542313
-2.4549768
-2.4557579
-2.4565742
-2.4574239
-2.4583054
-2.4592161
-2.4601509
-2.461102
-2.4620587
-2.4630087
-2.4639373
-2.464823
-2.4656314
-2.4663211
-2.4668541
-2.4672025
-2.4673315
-2.4672161
-2.4668268
-2.4661143
-2.4650499
-2.4636275
-2.4618444
-2.4596703
-2.4570472
-2.4539006
-2.4501393
-2.4456528
-2.4403092
-2.4339511
-2.4263921
-2.417415
-2.4067545
-2.3940583
-2.3790184
-2.3616493
-2.3416484
-2.3179534
-2.2896079
-2.2559511
-2.2161231
-2.1690884
-2.1137074
-2.0487792
-1.9731101
-1.8856326
-1.7855928
-1.6728182
-1.5480462
-1.4132147
-1.2715653
-1.1274088
-0.98554003
-0.8505323
-0.72612226
-0.61442522
-0.51641918
-0.43193398
-0.35997015
-0.29942754
-0.24851074
-0.20567097
-0.16942933
-0.13855168
-0.11198895
-0.088952824
-0.068842913
-0.051202722
-0.035836123
-0.023049779
-0.013070268
-0.0042188689
-2.5162126
-2.5163809
-2.5165667
-2.5167589
-2.5169665
-2.517193
-2.5174389
-2.5177053
-2.5179922
-2.5182995
-2.5186273
-2.5189753
-2.5193435
-2.5197325
-2.5201431
-2.5205763
-2.5210337
-2.5215163
-2.5220249
-2.5225601
-2.5231231
-2.5237158
-2.5243391
-2.5249922
-2.5256742
-2.5263841
-2.5271197
-2.527879
-2.5286592
-2.5294557
-2.5302617
-2.5310672
-2.5318599
-2.5326252
-2.5333455
-2.5339951
-2.5345364
-2.5349252
-2.5351212
-2.5350967
-2.5348245
-2.5342685
-2.5333874
-2.5321389
-2.5305023
-2.5284743
-2.526041
-2.5231593
-2.5197638
-2.5157724
-2.5110849
-2.5055809
-2.4991167
-2.491521
-2.4825928
-2.4720972
-2.4597414
-2.4451437
-2.4280535
-2.408478
-2.3859043
-2.3591756
-2.3274408
-2.2899816
-2.2458583
-2.1939759
-2.1331454
-2.0621337
-1.9797496
-1.8849881
-1.7772532
-1.6566648
-1.5244041
-1.3829685
-1.2361645
-1.0887255
-0.94560732
-0.81125875
-0.68904032
-0.58052974
-0.48625482
-0.40567549
-0.33741348
-0.28026355
-0.23232338
-0.19204585
-0.15798061
-0.12894665
-0.10395522
-0.082286458
-0.063398479
-0.046882043
-0.03261924
-0.020987711
-0.012075778
-0.0044917615
-2.5848221
-2.5849871
-2.5851677
-2.5853556
-2.5855579
-2.5857783
-2.5860182
-2.586277
-2.5865559
-2.5868541
-2.5871713
-2.5875073
-2.587862
-2.5882358
-2.5886288
-2.5890425
-2.589478
-2.5899358
-2.5904165
-2.59092
-2.591447
-2.5919984
-2.5925751
-2.5931766
-2.5938007
-2.5944446
-2.5951062
-2.5957823
-2.5964689
-2.5971596
-2.5978453
-2.5985144
-2.5991526
-2.5997442
-2.600268
-2.6006937
-2.6009804
-2.6010836
-2.6009637
-2.6005835
-2.5999194
-2.5989382
-2.5975885
-2.5958316
-2.59365
-2.5910397
-2.5879746
-2.5843996
-2.5802407
-2.5754069
-2.5697884
-2.563254
-2.5556475
-2.5467839
-2.5364469
-2.5243825
-2.5102638
-2.4936871
-2.4744776
-2.4525757
-2.4272439
-2.397297
-2.3619677
-2.320459
-2.2717522
-2.2146921
-2.1480426
-2.0705476
-1.9810377
-1.8786055
-1.7628692
-1.6343178
-1.4946575
-1.346997
-1.1957028
-1.0458567
-0.90245836
-0.76970771
-0.65048853
-0.54579654
-0.45569428
-0.37929301
-0.31490913
-0.26123416
-0.21630343
-0.1785905
-0.14668951
-0.11948082
-0.09604118
-0.075722173
-0.058039122
-0.042628668
-0.029454851
-0.018959563
-0.011130929
-0.0045576562
-2.6510932
-2.6512541
-2.6514312
-2.6516146
-2.6518127
-2.652028
-2.652262
-2.652515
-2.6527862
-2.6530763
-2.653384
-2.6537093
-2.6540517
-2.6544111
-2.6547882
-2.6551837
-2.6555986
-2.6560331
-2.6564876
-2.6569614
-2.6574546
-2.6579673
-2.6584993
-2.6590501
-2.6596173
-2.6601977
-2.6607878
-2.6613837
-2.6619795
-2.6625668
-2.6631347
-2.6636695
-2.6641556
-2.6645755
-2.6649053
-2.6651089
-2.6651415
-2.6649584
-2.6645255
-2.663801
-2.6627503
-2.66134
-2.6595212
-2.6572595
-2.6545383
-2.6513456
-2.6476439
-2.643368
-2.638435
-2.6327447
-2.6261767
-2.6185878
-2.609808
-2.5996369
-2.5878406
-2.5741392
-2.5581658
-2.5395225
-2.5181317
-2.4937758
-2.4654648
-2.4320936
-2.3929365
-2.3470995
-2.2934847
-2.2308779
-2.1580012
-2.0735893
-1.976521
-1.8660324
-1.7420264
-1.6054492
-1.458612
-1.3052696
-1.150311
-0.99906173
-0.85642761
-0.7262332
-0.61079542
-0.51050304
-0.42495726
-0.35295497
-0.29257885
-0.24242561
-0.20051144
-0.16534715
-0.13558543
-0.11017441
-0.088260416
-0.069268651
-0.052769668
-0.038444205
-0.026341624
-0.016969417
-0.01024502
-0.0045272445
-2.715202
-2.7153599
-2.7155333
-2.7157134
-2.7159069
-2.7161177
-2.7163468
-2.7165934
-2.7168584
-2.7171406
-2.7174397
-2.7177546
-2.7180852
-2.7184311
-2.7187928
-2.7191707
-2.7195655
-2.7199776
-2.7204061
-2.7208509
-2.7213111
-2.7217862
-2.7222749
-2.722776
-2.723287
-2.7238043
-2.7243239
-2.7248399
-2.7253447
-2.7258282
-2.7262776
-2.7266771
-2.7270094
-2.7272559
-2.7273892
-2.7273683
-2.727145
-2.7266726
-2.7259146
-2.7248377
-2.7234011
-2.7215584
-2.7192654
-2.716494
-2.7132293
-2.7094474
-2.7050974
-2.7001049
-2.694378
-2.6878061
-2.6802572
-2.6715748
-2.6615738
-2.6500364
-2.6367082
-2.6212782
-2.6033433
-2.5825609
-2.5588828
-2.5318566
-2.5003235
-2.4633196
-2.4200733
-2.3695901
-2.3107
-2.2421339
-2.1625812
-2.0707861
-1.9657116
-1.846797
-1.7143159
-1.5697683
-1.4161416
-1.2578443
-1.1002129
-0.94868002
-0.80790776
-0.68122316
-0.5703021
-0.4749263
-0.39425759
-0.32682025
-0.27053473
-0.22391596
-0.18500137
-0.15235305
-0.12469409
-0.10104497
-0.08062456
-0.062933243
-0.047594027
-0.034328986
-0.023276203
-0.015021038
-0.0094593277
-0.0045434797
-2.7772587
-2.7774137
-2.7775837
-2.7777599
-2.7779497
-2.7781566
-2.7783803
-2.7786217
-2.7788801
-2.779155
-2.7794454
-2.7797506
-2.7800696
-2.7804023
-2.7807486
-2.7811091
-2.7814842
-2.7818736
-2.7822765
-2.7826918
-2.7831187
-2.7835558
-2.7840016
-2.7844537
-2.7849089
-2.7853631
-2.7858109
-2.7862453
-2.786657
-2.7870344
-2.7873625
-2.7876234
-2.7877979
-2.787866
-2.7877965
-2.787543
-2.7870563
-2.786292
-2.7852038
-2.7837586
-2.7819204
-2.7796359
-2.7768616
-2.7735718
-2.7697507
-2.7653627
-2.7603435
-2.7546094
-2.7480587
-2.7405696
-2.7319978
-2.7221724
-2.7108918
-2.6979201
-2.6829802
-2.665726
-2.6457248
-2.6226993
-2.5965463
-2.5665938
-2.5316108
-2.490722
-2.4430739
-2.3875789
-2.3229991
-2.2480153
-2.1612966
-2.0616236
-1.9480911
-1.8204187
-1.6793524
-1.5270445
-1.3672111
-1.2048841
-1.0457317
-0.89513034
-0.75734304
-0.63509045
-0.52935398
-0.43933636
-0.36379839
-0.3010352
-0.24887757
-0.20577422
-0.16982018
-0.13964022
-0.11403736
-0.09210726
-0.07314325
-0.05672192
-0.042515013
-0.030282254
-0.020257289
-0.01312455
-0.0087542735
-0.0044131512
-2.8373267
-2.8374789
-2.8376454
-2.8378187
-2.8380047
-2.838207
-2.8384264
-2.8386625
-2.8389146
-2.8391822
-2.8394644
-2.8397596
-2.8400673
-2.8403867
-2.8407179
-2.8410607
-2.841416
-2.8417828
-2.8421595
-2.8425451
-2.8429381
-2.8433366
-2.8437384
-2.8441404
-2.8445387
-2.8449281
-2.845302
-2.8456521
-2.8459677
-2.8462353
-2.8464379
-2.8465553
-2.846566
-2.8464485
-2.846168
-2.8456721
-2.8449096
-2.8438408
-2.8424186
-2.8405988
-2.8383419
-2.8355987
-2.8323296
-2.8285084
-2.8241119
-2.8190924
-2.8133747
-2.806865
-2.7994508
-2.7909986
-2.7813502
-2.770319
-2.7576856
-2.7431935
-2.7265386
-2.7073315
-2.6851296
-2.6597496
-2.6309463
-2.5977824
-2.5590745
-2.5139957
-2.4615857
-2.4006658
-2.329933
-2.2480254
-2.1536112
-2.0455442
-1.9231157
-1.7864219
-1.6367949
-1.4771315
-1.311897
-1.1466697
-0.98729331
-0.83890495
-0.70521923
-0.58826159
-0.48829073
-0.40399059
-0.3337693
-0.27573185
-0.22769597
-0.18806003
-0.1550078
-0.12723558
-0.10363343
-0.083373397
-0.06582424
-0.050639315
-0.037534232
-0.026302757
-0.017290845
-0.01130603
-0.0079864422
-0.0034637933
-2.8954713
-2.8956204
-2.8957843
-2.8959539
-2.8961366
-2.896335
-2.8965497
-2.8967803
-2.8970266
-2.8972871
-2.8975608
-2.8978463
-2.8981425
-2.8984485
-2.8987642
-2.8990894
-2.8994244
-2.8997677
-2.9001179
-2.9004729
-2.900831
-2.9011897
-2.9015462
-2.9018965
-2.9022357
-2.9025578
-2.9028548
-2.903117
-2.903332
-2.9034848
-2.9035562
-2.9035238
-2.9033632
-2.9030487
-2.9025442
-2.9017957
-2.9007464
-2.8993497
-2.8975689
-2.8953591
-2.892667
-2.8894461
-2.8856619
-2.8812892
-2.8762927
-2.8706107
-2.864158
-2.8568305
-2.8485041
-2.8390322
-2.8282415
-2.8159279
-2.8018522
-2.7857348
-2.7672374
-2.7459261
-2.7213924
-2.6935111
-2.661809
-2.6251222
-2.5824011
-2.532789
-2.4752095
-2.4083995
-2.3309969
-2.2416105
-2.1389354
-2.0219502
-1.8902274
-1.7443564
-1.5863752
-1.4199957
-1.2504081
-1.083609
-0.92542364
-0.78055961
-0.65205017
-0.54116377
-0.44743594
-0.36912858
-0.30434519
-0.2510259
-0.20706567
-0.17082351
-0.14059719
-0.11516105
-0.093496913
-0.07485295
-0.058673495
-0.04468876
-0.032652189
-0.022389252
-0.014383688
-0.0095852865
-0.0070483395
-2.9517165
-2.9518635
-2.9520236
-2.9521904
-2.9523694
-2.9525638
-2.9527738
-2.9529993
-2.9532393
-2.9534927
-2.9537578
-2.9540334
-2.9543176
-2.9546101
-2.9549095
-2.9552165
-2.9555302
-2.9558494
-2.9561718
-2.956495
-2.9568166
-2.9571337
-2.9574425
-2.9577385
-2.9580156
-2.9582667
-2.9584827
-2.958652
-2.9587606
-2.9587911
-2.9587226
-2.9585312
-2.9581904
-2.9576684
-2.9569244
-2.9559058
-2.9545577
-2.9528235
-2.9506623
-2.9480353
-2.9448865
-2.9411684
-2.936847
-2.9318954
-2.9262662
-2.9198838
-2.9126523
-2.9044567
-2.8951605
-2.8846025
-2.872593
-2.858909
-2.8432899
-2.82543
-2.8049499
-2.7813795
-2.7543743
-2.7237619
-2.6888324
-2.6483118
-2.6012519
-2.546707
-2.4834917
-2.4102674
-2.3256214
-2.2281535
-2.1166251
-1.9902104
-1.8488719
-1.6938261
-1.52793
-1.3557445
-1.1831032
-1.0162391
-0.86074006
-0.72069917
-0.59836295
-0.49421377
-0.40709326
-0.33496714
-0.27567999
-0.22701587
-0.18704916
-0.15410546
-0.12661461
-0.10343381
-0.083639045
-0.066553088
-0.051695271
-0.038872375
-0.027868656
-0.018540847
-0.011531397
-0.0079240242
-0.0060339715
-3.0060664
-3.0062098
-3.0063677
-3.0065309
-3.0067063
-3.0068967
-3.0071022
-3.0073221
-3.007556
-3.007802
-3.0080585
-3.0083235
-3.0085958
-3.0088738
-3.0091568
-3.0094444
-3.0097362
-3.0100302
-3.0103233
-3.0106132
-3.0108964
-3.0111696
-3.0114282
-3.0116667
-3.0118782
-3.0120542
-3.0121841
-3.0122548
-3.0122501
-3.0121502
-3.0119319
-3.0115696
-3.0110364
-3.0102963
-3.0093009
-3.0079937
-3.0063204
-3.0042309
-3.0016766
-2.9986087
-2.9949763
-2.9907358
-2.985852
-2.9802893
-2.9739872
-2.9668586
-2.9587964
-2.9496732
-2.939339
-2.9276167
-2.9142985
-2.8991403
-2.8818578
-2.8621132
-2.8394781
-2.8134692
-2.7838426
-2.7502588
-2.7117252
-2.6670209
-2.6152318
-2.5552907
-2.485911
-2.4056856
-2.3131653
-2.2069705
-2.0859854
-1.9496748
-1.7985264
-1.6345258
-1.4614388
-1.284654
-1.1105015
-0.94522274
-0.79393665
-0.65995935
-0.54468226
-0.44781077
-0.36755485
-0.30169772
-0.24789095
-0.20378312
-0.16769602
-0.13793772
-0.11307998
-0.09206657
-0.074067899
-0.058478749
-0.044892237
-0.033191158
-0.023182694
-0.014755785
-0.0087267197
-0.0062800619
-0.0050524631
-3.0585347
-3.0586757
-3.05883
-3.0589902
-3.0591619
-3.0593482
-3.0595489
-3.0597637
-3.0599908
-3.0602293
-3.0604767
-3.060731
-3.0609907
-3.0612537
-3.0615193
-3.0617869
-3.0620554
-3.0623228
-3.0625853
-3.0628396
-3.0630824
-3.0633089
-3.0635142
-3.0636915
-3.063833
-3.0639288
-3.0639668
-3.0639321
-3.0638063
-3.0635669
-3.063188
-3.0626421
-3.0619015
-3.0609267
-3.0596628
-3.0580509
-3.0560303
-3.0535544
-3.0505776
-3.0470427
-3.0428989
-3.0381053
-3.032627
-3.0264155
-3.0193954
-3.0114682
-3.0025151
-2.9923958
-2.9809447
-2.9679675
-2.9532359
-2.9364827
-2.9173964
-2.8955986
-2.8706112
-2.8419846
-2.8095246
-2.7726456
-2.7301119
-2.6808437
-2.6238754
-2.5580098
-2.4818696
-2.3939907
-2.2929092
-2.1773098
-2.0462795
-1.8996989
-1.7387371
-1.5662848
-1.3870616
-1.2071908
-1.0332858
-0.87133437
-0.72576349
-0.59898606
-0.49151449
-0.4023261
-0.32909908
-0.2694886
-0.22105539
-0.18139209
-0.14904388
-0.1223437
-0.1000073
-0.081067893
-0.064788641
-0.050632808
-0.038265606
-0.027645101
-0.018592445
-0.01103012
-0.00596671
-0.0046793715
-0.0041641466
-3.1091094
-3.1092472
-3.1093989
-3.1095553
-3.1097236
-3.1099055
-3.1101014
-3.1103103
-3.1105313
-3.1107616
-3.1109996
-3.1112429
-3.1114889
-3.1117364
-3.1119836
-3.1122298
-3.1124741
-3.112713
-3.112943
-3.1131597
-3.1133591
-3.113536
-3.1136842
-3.1137962
-3.1138627
-3.1138724
-3.1138116
-3.1136635
-3.1134073
-3.113018
-3.1124665
-3.1117231
-3.1107589
-3.1095302
-3.1079755
-3.1060356
-3.103649
-3.1007637
-3.0973326
-3.0933004
-3.0886162
-3.0832378
-3.077126
-3.0702193
-3.0624281
-3.0536417
-3.0437288
-3.0325341
-3.0198758
-3.0055398
-2.9892756
-2.970791
-2.9497426
-2.9257029
-2.8981561
-2.8667245
-2.8311235
-2.7905171
-2.7435839
-2.6893198
-2.6266478
-2.5542533
-2.4706826
-2.3744301
-2.2640506
-2.1383574
-1.9967495
-1.8396806
-1.6691686
-1.4891172
-1.3051747
-1.1240252
-0.95229388
-0.79543908
-0.6570012
-0.53841357
-0.43933225
-0.35808708
-0.29194939
-0.23848055
-0.19524393
-0.15989007
-0.13111939
-0.10733893
-0.087405207
-0.07044259
-0.055803772
-0.043016269
-0.031815277
-0.02223325
-0.014094696
-0.0073569974
-0.0032519885
-0.0031862731
-0.0034425231
-3.1577955
-3.1579309
-3.1580787
-3.1582324
-3.1583964
-3.1585743
-3.1587652
-3.1589685
-3.1591821
-3.1594045
-3.1596327
-3.159864
-3.1600962
-3.160327
-3.1605548
-3.1607786
-3.1609966
-3.1612056
-3.1614006
-3.1615773
-3.1617303
-3.161854
-3.161941
-3.1619827
-3.1619684
-3.1618854
-3.161718
-3.1614473
-3.1610503
-3.1604992
-3.1597619
-3.1588051
-3.1575972
-3.1560925
-3.1542241
-3.1519242
-3.1491388
-3.1458165
-3.1418997
-3.137335
-3.1320746
-3.126075
-3.1192852
-3.1116292
-3.1030047
-3.0932884
-3.0823345
-3.069972
-3.0559999
-3.0401827
-3.0222449
-3.0018656
-2.9786603
-2.9521435
-2.9217973
-2.887352
-2.8482956
-2.8034761
-2.7516828
-2.6919035
-2.6229201
-2.5433128
-2.4515648
-2.3461539
-2.2257043
-2.0892501
-1.9366494
-1.7691119
-1.5896639
-1.4032713
-1.2163975
-1.0360317
-0.86849801
-0.71846221
-0.58843207
-0.47884271
-0.38856073
-0.31537051
-0.25626657
-0.20877558
-0.17052376
-0.13930945
-0.11393902
-0.092931777
-0.075277441
-0.060192084
-0.04711343
-0.035628461
-0.025539978
-0.016953761
-0.0096853054
-0.0037301849
-0.00058546734
-0.0018101105
-0.0027743294
-3.2045874
-3.20472
-3.2048646
-3.2050143
-3.2051749
-3.205348
-3.2055338
-3.2057311
-3.2059377
-3.2061512
-3.206369
-3.2065879
-3.2068052
-3.2070183
-3.2072253
-3.2074248
-3.2076148
-3.2077912
-3.2079487
-3.2080821
-3.2081851
-3.2082512
-3.2082721
-3.2082376
-3.2081358
-3.2079519
-3.2076686
-3.2072642
-3.2067133
-3.2059855
-3.2050465
-3.2038595
-3.2023849
-3.2005753
-3.1983666
-3.1956824
-3.1924652
-3.1886669
-3.1842286
-3.1790946
-3.1732166
-3.1665492
-3.1590278
-3.1505599
-3.1410303
-3.1303018
-3.1182133
-3.1045755
-3.0891667
-3.071727
-3.0519534
-3.0294912
-3.0039043
-2.9746562
-2.9412852
-2.9035023
-2.8605243
-2.8109975
-2.7538423
-2.6879482
-2.6119597
-2.5243704
-2.4236203
-2.3082107
-2.1769105
-2.0291053
-1.8652968
-1.6876465
-1.5003092
-1.3092745
-1.1216069
-0.94427317
-0.78297238
-0.64135336
-0.52081019
-0.42082073
-0.33956544
-0.27439716
-0.22217158
-0.18044658
-0.14693905
-0.11966776
-0.097509934
-0.07912416
-0.063623445
-0.050314812
-0.038715629
-0.028467214
-0.019437368
-0.011803905
-0.0053602933
-0.00015079733
0.0020281242
-0.00036474428
-0.0018220329
-3.2494672
-3.2495961
-3.2497376
-3.2498838
-3.25004
-3.2502086
-3.2503893
-3.2505796
-3.2507789
-3.2509834
-3.25119
-3.2513955
-3.2515968
-3.2517909
-3.2519757
-3.2521488
-3.2523085
-3.2524498
-3.2525668
-3.252653
-3.2527019
-3.2527054
-3.252654
-3.2525365
-3.2523389
-3.252045
-3.2516348
-3.2510844
-3.2503649
-3.2494428
-3.2482815
-3.2468438
-3.245083
-3.2429419
-3.2403535
-3.2372492
-3.2335697
-3.2292572
-3.2242555
-3.2185107
-3.2119712
-3.2045822
-3.1962645
-3.1869111
-3.1763927
-3.164557
-3.1512251
-3.1361876
-3.1191992
-3.0999731
-3.078175
-3.0534075
-3.025173
-2.9929157
-2.9562799
-2.9147634
-2.8672736
-2.8125152
-2.7494101
-2.6767007
-2.592916
-2.4964841
-2.3858334
-2.2595491
-2.1166571
-1.9570689
-1.7821454
-1.5951796
-1.4014984
-1.2079654
-1.0219306
-0.8499684
-0.69684947
-0.56504691
-0.45483294
-0.36482411
-0.29264383
-0.23533032
-0.18974942
-0.1535442
-0.12451388
-0.10096953
-0.081831006
-0.065912392
-0.052438942
-0.040806622
-0.030606564
-0.021529063
-0.01350415
-0.0067801639
-0.0011153813
0.0033787026
0.0045777273
0.0013605045
-3.2924196
-3.2925454
-3.2926832
-3.2928254
-3.2929778
-3.2931414
-3.293316
-3.2935003
-3.293691
-3.2938858
-3.2940808
-3.2942718
-3.2944559
-3.2946296
-3.2947902
-3.2949353
-3.2950622
-3.2951655
-3.2952382
-3.2952733
-3.295263
-3.2951981
-3.2950679
-3.2948593
-3.2945569
-3.294142
-3.2935924
-3.2928815
-3.2919774
-3.290843
-3.2894379
-3.2877212
-3.2856438
-3.2831422
-3.280142
-3.2765764
-3.2723897
-3.2675205
-3.26191
-3.2555041
-3.2482494
-3.2400765
-3.230889
-3.2205655
-3.2089617
-3.1959084
-3.181207
-3.1646252
-3.1458912
-3.1246878
-3.100644
-3.073308
-3.0421223
-3.0065673
-2.9663019
-2.9205484
-2.8679552
-2.8073622
-2.7376024
-2.6572686
-2.5647961
-2.4585726
-2.3370643
-2.1990343
-2.0439235
-1.8723901
-1.6868775
-1.4919336
-1.293988
-1.1005026
-0.91871907
-0.7544427
-0.61126976
-0.49042225
-0.3911161
-0.31124626
-0.24802365
-0.19828614
-0.15905957
-0.12809271
-0.10325425
-0.083207734
-0.066893979
-0.053287964
-0.041716457
-0.03166115
-0.022780849
-0.014809412
-0.0077362032
-0.0018785198
0.0030547541
0.006873044
0.0071011372
0.0029515525
-3.3334356
-3.3335584
-3.3336926
-3.3338306
-3.3339784
-3.334137
-3.3343056
-3.3344827
-3.3346651
-3.3348493
-3.3350314
-3.3352072
-3.3353725
-3.3355239
-3.3356583
-3.3357729
-3.335864
-3.3359257
-3.3359501
-3.335929
-3.3358537
-3.3357137
-3.3354967
-3.3351879
-3.3347698
-3.3342213
-3.3335173
-3.3326285
-3.3315201
-3.3301524
-3.3284807
-3.3264534
-3.3240173
-3.3211107
-3.3176597
-3.3135954
-3.3088559
-3.3033817
-3.2971134
-3.2899927
-3.2819582
-3.2729255
-3.2627814
-3.251389
-3.2385873
-3.2241876
-3.2079693
-3.1896739
-3.1689997
-3.1455951
-3.1190426
-3.0888237
-3.05435
-3.0151983
-2.9708343
-2.9201633
-2.8618419
-2.7947221
-2.7174874
-2.6286068
-2.5264512
-2.4094081
-2.276059
-2.1254847
-1.9577541
-1.7745231
-1.5795106
-1.3785386
-1.1789277
-0.98834682
-0.81349299
-0.65906562
-0.52732821
-0.41826784
-0.33017488
-0.26039164
-0.20586726
-0.16335221
-0.13013767
-0.10407754
-0.083150886
-0.066365824
-0.05268456
-0.041238359
-0.031445852
-0.022870189
-0.015231783
-0.0083026861
-0.0021286731
0.0029054672
0.0071555413
0.010343652
0.0096362572
0.0041888376
-3.3724916
-3.3726106
-3.3727406
-3.372875
-3.3730176
-3.3731709
-3.3733332
-3.3735025
-3.3736758
-3.3738487
-3.3740168
-3.3741758
-3.3743208
-3.3744479
-3.3745536
-3.3746344
-3.3746863
-3.3747022
-3.3746731
-3.3745902
-3.3744429
-3.3742197
-3.3739065
-3.3734864
-3.3729397
-3.3722424
-3.3713668
-3.3702797
-3.3689432
-3.3673145
-3.3653453
-3.3629767
-3.3601479
-3.3567953
-3.352847
-3.348234
-3.3428914
-3.3367571
-3.3297709
-3.3218715
-3.3129829
-3.3030021
-3.2917999
-3.2792229
-3.2650911
-3.249194
-3.2312854
-3.2110774
-3.1882344
-3.1623638
-3.1329883
-3.0995226
-3.0614018
-3.0182217
-2.9691683
-2.9128688
-2.8481001
-2.7736216
-2.6879607
-2.5894931
-2.4765613
-2.3476179
-2.2014787
-2.0377417
-1.8573665
-1.6632542
-1.4605071
-1.2560914
-1.0578582
-0.87320832
-0.70786946
-0.56518129
-0.44602335
-0.3492522
-0.27241252
-0.21247496
-0.16627252
-0.13058136
-0.10298075
-0.081453941
-0.064181153
-0.050419823
-0.039183548
-0.029747783
-0.021614811
-0.014424038
-0.0079515855
-0.0020024794
0.0033238589
0.0075761346
0.011193102
0.013800532
0.012202792
0.0051761318
-3.40956
-3.4096759
-3.4098015
-3.4099313
-3.4100692
-3.4102166
-3.4103722
-3.4105333
-3.4106963
-3.4108574
-3.4110106
-3.4111511
-3.4112737
-3.4113743
-3.4114481
-3.4114921
-3.4115006
-3.4114658
-3.4113779
-3.4112261
-3.4109992
-3.4106834
-3.410263
-3.4097189
-3.4090285
-3.4081653
-3.4070976
-3.4057889
-3.4041979
-3.4022779
-3.3999725
-3.397222
-3.3939622
-3.3901211
-3.3856266
-3.3804095
-3.3744057
-3.3675509
-3.3597799
-3.3510232
-3.3411887
-3.3301547
-3.3177745
-3.3038759
-3.2882574
-3.2706833
-3.2508782
-3.2285204
-3.2032353
-3.1745773
-3.1419955
-3.10487
-3.062733
-3.0149733
-2.960435
-2.89775
-2.8257002
-2.7428889
-2.6477185
-2.5385096
-2.4136319
-2.2717068
-2.1119645
-1.9347819
-1.7422959
-1.5388417
-1.3308675
-1.1261784
-0.93266713
-0.75696493
-0.60347428
-0.47403886
-0.36821435
-0.2839042
-0.21811605
-0.1676248
-0.12927176
-0.099961324
-0.07754801
-0.060181202
-0.046311364
-0.035340192
-0.026367726
-0.018797844
-0.012209272
-0.0063117983
-0.00093161044
0.0040982717
0.0086272253
0.012137615
0.015174676
0.017260976
0.014868246
0.0061912355
-3.4446411
-3.4447523
-3.4448741
-3.4449991
-3.4451319
-3.4452729
-3.4454212
-3.4455738
-3.4457262
-3.4458736
-3.4460106
-3.4461308
-3.4462292
-3.4462999
-3.4463391
-3.4463418
-3.4463024
-3.4462113
-3.4460574
-3.4458291
-3.4455129
-3.4450937
-3.4445531
-3.4438698
-3.4430181
-3.441968
-3.4406843
-3.4391268
-3.4372495
-3.4350004
-3.4323189
-3.4291403
-3.4253958
-3.4210101
-3.4159103
-3.4100271
-3.4032943
-3.3956452
-3.3870101
-3.377304
-3.3664148
-3.3542028
-3.3405024
-3.3251199
-3.307829
-3.288365
-3.2664191
-3.2416314
-3.2135793
-3.181749
-3.1455205
-3.1042959
-3.0576013
-3.0045327
-2.9436623
-2.8737272
-2.7934008
-2.7011309
-2.5952369
-2.4740344
-2.3360101
-2.1801162
-2.00625
-1.8158764
-1.6125671
-1.4021486
-1.1921851
-0.99084463
-0.80549998
-0.64155423
-0.5018492
-0.38673058
-0.29458992
-0.2226041
-0.16745888
-0.12588979
-0.094840417
-0.071427167
-0.053783333
-0.040223002
-0.029500476
-0.021093086
-0.014210767
-0.0083681256
-0.0032138303
0.0014783229
0.0058374315
0.010007097
0.013787475
0.016594572
0.019113764
0.020744753
0.017584139
0.0069583276
-3.477706
-3.4778136
-3.4779306
-3.4780504
-3.4781775
-3.4783125
-3.4784526
-3.4785955
-3.4787363
-3.4788693
-3.4789879
-3.4790859
-3.4791568
-3.479195
-3.4791948
-3.4791518
-3.4790584
-3.478904
-3.4786763
-3.4783615
-3.4779448
-3.4774086
-3.4767323
-3.4758914
-3.4748569
-3.4735948
-3.4720659
-3.470226
-3.4680262
-3.4654053
-3.4622983
-3.4586384
-3.4543492
-3.4493543
-3.4435806
-3.4369595
-3.4294215
-3.4208933
-3.4112957
-3.4005259
-3.3884509
-3.3749112
-3.3597197
-3.342658
-3.3234709
-3.3018603
-3.2774789
-3.2499213
-3.2187024
-3.1832273
-3.1428534
-3.0970719
-3.0451374
-2.9857947
-2.9176737
-2.8394753
-2.7497067
-2.6467034
-2.528754
-2.3942477
-2.2419343
-2.0713352
-1.8833334
-1.6807937
-1.4688699
-1.254738
-1.0466391
-0.85250457
-0.67863255
-0.52885325
-0.40436551
-0.30414446
-0.22565165
-0.16558471
-0.120509
-0.087247381
-0.062908156
-0.044897148
-0.031626631
-0.021530844
-0.013700923
-0.0076413745
-0.0026840075
0.0015632422
0.005387916
0.0089587824
0.012365293
0.015731853
0.018810952
0.020951771
0.023024218
0.02426705
0.020174371
0.0058065093
-3.5087326
-3.5088358
-3.5089476
-3.5090625
-3.5091834
-3.5093109
-3.509443
-3.5095752
-3.5097031
-3.50982
-3.5099184
-3.5099915
-3.5100318
-3.5100329
-3.5099891
-3.5098941
-3.5097396
-3.509514
-3.5092024
-3.5087897
-3.5082587
-3.5075895
-3.5067584
-3.5057377
-3.5044946
-3.502991
-3.5011832
-3.4990211
-3.4964487
-3.4934033
-3.4898151
-3.4856084
-3.4807044
-3.4750266
-3.4685014
-3.4610573
-3.4526206
-3.4431119
-3.4324346
-3.4204636
-3.4070452
-3.3919982
-3.3751107
-3.3561353
-3.3347833
-3.3107181
-3.2835474
-3.2528084
-3.2179368
-3.1782705
-3.1332154
-3.0821866
-3.0240957
-2.9574815
-2.8810544
-2.7933858
-2.6928388
-2.5776914
-2.446273
-2.2971781
-2.1296452
-1.9440839
-1.742711
-1.5300218
-1.3127028
-1.0988981
-0.89691032
-0.71379591
-0.55431994
-0.42056141
-0.3121545
-0.226936
-0.16171217
-0.11294191
-0.077242285
-0.051618035
-0.033379028
-0.020292789
-0.011003769
-0.0040469973
0.001139376
0.0050543213
0.0082427921
0.011019136
0.013613054
0.016142458
0.018662011
0.021280642
0.02370466
0.025214107
0.026903829
0.02779749
0.022720726
-3.5376914
-3.5377894
-3.5378962
-3.5380051
-3.5381194
-3.5382392
-3.5383618
-3.5384826
-3.5385961
-3.5386947
-3.5387706
-3.5388153
-3.5388209
-3.5387802
-3.5386863
-3.5385324
-3.5383086
-3.5380011
-3.5375937
-3.5370688
-3.5364067
-3.5355847
-3.5345757
-3.5333479
-3.5318642
-3.530082
-3.527953
-3.5254226
-3.522425
-3.5188921
-3.5147521
-3.5099227
-3.5043233
-3.4978763
-3.4905087
-3.4821445
-3.4727011
-3.4620866
-3.4501841
-3.4368455
-3.4218942
-3.4051238
-3.3862935
-3.3651222
-3.3412824
-3.3143926
-3.284006
-3.249585
-3.2104821
-3.166019
-3.1156288
-3.0584269
-2.9930213
-2.9180316
-2.8320643
-2.7335294
-2.6207116
-2.4919072
-2.3456046
-2.1808156
-1.9975833
-1.7975778
-1.5846496
-1.3649679
-1.1464416
-0.93757274
-0.74601966
-0.57739348
-0.43464087
-0.31810155
-0.22606259
-0.15552066
-0.10290657
-0.064652227
-0.037559446
-0.018880977
-0.0061511514
0.0024680547
0.0081836335
0.012292612
0.01507519
0.017034722
0.018600823
0.020023031
0.021479102
0.023042487
0.024737769
0.026661633
0.028475674
0.029387714
0.030756946
0.031386872
0.024820095
-3.5645273
-3.5646202
-3.5647209
-3.5648234
-3.5649304
-3.5650417
-3.5651535
-3.5652617
-3.5653585
-3.5654367
-3.5654866
-3.5654991
-3.5654651
-3.5653761
-3.5652247
-3.5650028
-3.5646991
-3.5642973
-3.563779
-3.5631241
-3.5623103
-3.5613109
-3.5600953
-3.558627
-3.5568639
-3.5547584
-3.5522567
-3.549296
-3.5458075
-3.541717
-3.5369426
-3.531401
-3.5250113
-3.5176957
-3.5093759
-3.4999695
-3.4893856
-3.4775117
-3.4642054
-3.4492945
-3.4325769
-3.4138168
-3.3927391
-3.3690233
-3.3422961
-3.3121221
-3.2779823
-3.2392492
-3.1952347
-3.1453302
-3.0887356
-3.024188
-2.9502636
-2.8655841
-2.7686033
-2.6576225
-2.5309221
-2.3869241
-2.2244735
-2.0433137
-1.8446785
-1.6318493
-1.4104477
-1.1880796
-0.97329154
-0.77418602
-0.59710242
-0.44580757
-0.32136131
-0.22255262
-0.14663522
-0.09008564
-0.049214224
-0.020594548
-0.0013041682
0.011117711
0.018895064
0.023503127
0.026044402
0.027557045
0.028162208
0.028341136
0.028421671
0.028598679
0.029003786
0.029672107
0.030602778
0.031882904
0.03313034
0.033477251
0.034598179
0.035124227
0.026503401
-3.5891721
-3.5892591
-3.5893533
-3.5894486
-3.5895475
-3.5896486
-3.5897489
-3.5898418
-3.5899204
-3.5899746
-3.5899947
-3.5899697
-3.5898896
-3.5897446
-3.5895265
-3.5892255
-3.5888283
-3.5883165
-3.5876687
-3.5868619
-3.5858701
-3.584663
-3.5832049
-3.5814544
-3.579364
-3.5768798
-3.5739411
-3.5704785
-3.5664169
-3.5616756
-3.556168
-3.549809
-3.542517
-3.5342128
-3.5248118
-3.5142198
-3.5023284
-3.4890018
-3.4740712
-3.4573375
-3.4385682
-3.4174928
-3.3937959
-3.3671107
-3.33701
-3.3029898
-3.2644411
-3.2206643
-3.1709959
-3.1147392
-3.0507352
-2.9775101
-2.8937014
-2.7978089
-2.6881569
-2.5630217
-2.4207883
-2.2601901
-2.0807371
-1.8833117
-1.670726
-1.4480808
-1.2226195
-1.0028289
-0.7971032
-0.61237612
-0.453154
-0.32120056
-0.21583615
-0.13461956
-0.074127455
-0.030616723
-0.00048676072
0.019426833
0.031720502
0.038559082
0.04191604
0.042953648
0.042670623
0.041817544
0.040455705
0.039014887
0.037736873
0.036769816
0.036204864
0.036044535
0.036267107
0.036952188
0.037674907
0.037490661
0.038442726
0.039037457
0.027743377
-3.6115237
-3.6116042
-3.6116906
-3.6117779
-3.6118672
-3.6119574
-3.6120437
-3.6121197
-3.6121764
-3.6122031
-3.6121881
-3.6121194
-3.6119852
-3.6117745
-3.6114776
-3.6110836
-3.6105767
-3.609935
-3.6091342
-3.6081479
-3.6069458
-3.6054927
-3.6037473
-3.6016623
-3.5991844
-3.5962543
-3.5928008
-3.588748
-3.5840159
-3.5785155
-3.5721581
-3.5648579
-3.5565325
-3.5470962
-3.5364536
-3.524497
-3.5110934
-3.4960777
-3.4792529
-3.460389
-3.4392181
-3.4154283
-3.3886571
-3.358483
-3.3244119
-3.285851
-3.2421003
-3.1924462
-3.1362044
-3.0723454
-2.9994492
-2.9160985
-2.8208162
-2.7119616
-2.5878225
-2.4467686
-2.2874679
-2.109266
-1.9127589
-1.7003877
-1.4768063
-1.2488665
-1.02492
-0.81352188
-0.62206103
-0.45567701
-0.31678737
-0.20524868
-0.1189608
-0.054641503
-0.0085366633
0.023064931
0.043521352
0.055660978
0.061739237
0.063641057
0.063085435
0.060943956
0.058142392
0.055144872
0.05200988
0.049096826
0.046577582
0.044559928
0.043099967
0.042172885
0.041740582
0.041876861
0.042116251
0.041439018
0.042296665
0.043112025
0.028399259
-3.6314641
-3.6315368
-3.6316146
-3.6316923
-3.6317707
-3.6318478
-3.631918
-3.6319739
-3.6320048
-3.6319989
-3.6319424
-3.6318215
-3.631623
-3.6313341
-3.6309436
-3.6304387
-3.6298005
-3.6290039
-3.6280204
-3.6268193
-3.6253655
-3.6236178
-3.6215289
-3.6190445
-3.616104
-3.6126387
-3.6085727
-3.6038227
-3.5982982
-3.5919078
-3.584562
-3.5761738
-3.566655
-3.5559098
-3.5438293
-3.5302821
-3.5151056
-3.4981042
-3.4790485
-3.4576714
-3.4336627
-3.4066615
-3.3762494
-3.3419372
-3.3031429
-3.259174
-3.2092818
-3.1527706
-3.0887061
-3.0157184
-2.9323655
-2.8371839
-2.7285666
-2.6048222
-2.4643222
-2.3057046
-2.1282134
-1.9322333
-1.7199091
-1.4955415
-1.2656152
-1.0382776
-0.82215027
-0.62493828
-0.45229275
-0.30720614
-0.19004503
-0.099068705
-0.03117437
0.017368996
0.050350211
0.071262001
0.083122888
0.088391284
0.088993109
0.086565427
0.082558865
0.077580944
0.0725411
0.067609101
0.062877506
0.058626966
0.054974254
0.051992059
0.049706475
0.048070082
0.04703273
0.046664064
0.046462265
0.045334819
0.046144198
0.047288149
0.028277248
-3.6488014
-3.648865
-3.6489324
-3.6489986
-3.649064
-3.6491252
-3.6491762
-3.6492076
-3.6492077
-3.6491621
-3.6490554
-3.6488716
-3.6485953
-3.6482118
-3.647708
-3.6470688
-3.646272
-3.6452877
-3.6440828
-3.6426214
-3.6408621
-3.6387571
-3.6362517
-3.6332843
-3.6297859
-3.6256781
-3.6208767
-3.6152919
-3.6088275
-3.6013896
-3.5928876
-3.5832318
-3.5723238
-3.5600509
-3.5462823
-3.5308576
-3.5135808
-3.4942217
-3.4725123
-3.4481415
-3.4207482
-3.3899139
-3.3551507
-3.315881
-3.2714205
-3.2210171
-3.1639496
-3.0993086
-3.0257849
-2.9419382
-2.8463189
-2.7373502
-2.6133673
-2.4727584
-2.3141602
-2.1367707
-1.9408436
-1.7282974
-1.5031629
-1.2716238
-1.0415919
-0.82166412
-0.61974136
-0.44185496
-0.29147183
-0.1694145
-0.074293968
-0.0032141468
0.047493478
0.081665824
0.1029034
0.11436125
0.11867115
0.11791856
0.11372649
0.10751894
0.10045114
0.092976334
0.085948434
0.079278549
0.073109498
0.067644129
0.062956456
0.059088657
0.056041386
0.053748838
0.052152904
0.051320521
0.05071836
0.049183963
0.04997956
0.051713915
0.027627065
-3.6632561
-3.6633084
-3.6633631
-3.6634155
-3.6634649
-3.6635069
-3.6635341
-3.6635358
-3.6634979
-3.6634038
-3.6632356
-3.6629746
-3.662603
-3.6621036
-3.661461
-3.6606574
-3.659666
-3.6584516
-3.6569753
-3.6551946
-3.6530605
-3.6505171
-3.6475016
-3.6439453
-3.6397674
-3.6348811
-3.6291947
-3.6226088
-3.6150257
-3.6063504
-3.5964903
-3.5853458
-3.5728017
-3.5587243
-3.5429518
-3.5252873
-3.5054983
-3.4833143
-3.4584213
-3.4304557
-3.3989961
-3.3635526
-3.3235484
-3.2783022
-3.2270597
-3.1690747
-3.1034613
-3.0289477
-2.9440894
-2.8474608
-2.7375179
-2.6126278
-2.4712091
-2.3119238
-2.1339713
-1.9375489
-1.724435
-1.4984701
-1.2656064
-1.0335227
-0.81071693
-0.60517435
-0.42317658
-0.26854882
-0.14249339
-0.043941742
0.029788217
0.082269164
0.1173463
0.13870031
0.14959838
0.15279846
0.1505374
0.14454648
0.13617699
0.12666878
0.1168859
0.10725634
0.098444879
0.090218878
0.082754679
0.076185736
0.070552716
0.065871431
0.06212122
0.059221629
0.057110377
0.055852028
0.054884274
0.052987038
0.053848584
0.056910565
0.027358544
-3.6744756
-3.674514
-3.674553
-3.6745883
-3.6746177
-3.6746359
-3.6746336
-3.6745982
-3.674513
-3.6743587
-3.6741138
-3.6737571
-3.6732673
-3.6726242
-3.6718094
-3.6708018
-3.6695689
-3.668069
-3.6662557
-3.6640785
-3.6614797
-3.6583939
-3.6547486
-3.6504635
-3.6454512
-3.6396152
-3.6328532
-3.6250633
-3.6161464
-3.6060055
-3.5945387
-3.5816289
-3.5671387
-3.5509028
-3.5327213
-3.5123581
-3.4895378
-3.4639415
-3.4352002
-3.402887
-3.3665071
-3.3254802
-3.2791244
-3.2266792
-3.1673766
-3.1003309
-3.0243056
-2.9378833
-2.8396413
-2.7280631
-2.6015565
-2.4585876
-2.2978714
-2.118655
-1.9211499
-1.7070847
-1.4801801
-1.2462286
-1.0127032
-0.78794602
-0.57993104
-0.39505505
-0.23737693
-0.10838565
-0.0072835376
0.068407698
0.12214557
0.15774622
0.17893121
0.18905274
0.19096967
0.18702962
0.17909346
0.16857108
0.15657717
0.14419021
0.13203253
0.12053563
0.11011033
0.10049221
0.091859594
0.084287617
0.077790426
0.072361303
0.06796193
0.064500608
0.061914123
0.060262976
0.058959083
0.056772974
0.057821588
0.062993724
0.026661282
-3.6819784
-3.6819993
-3.6820183
-3.6820319
-3.6820362
-3.6820241
-3.6819846
-3.6819023
-3.6817575
-3.681527
-3.6811857
-3.6807084
-3.6800699
-3.6792463
-3.678215
-3.6769506
-3.6754141
-3.673555
-3.671318
-3.6686424
-3.6654601
-3.6616953
-3.6572651
-3.6520772
-3.6460333
-3.6390302
-3.6309606
-3.6217208
-3.6112094
-3.5993207
-3.5859345
-3.5709089
-3.5540738
-3.5352248
-3.5141195
-3.4904755
-3.4639662
-3.4342146
-3.4007854
-3.3631745
-3.3207951
-3.272961
-3.2189049
-3.1578386
-3.0888596
-3.0107611
-2.9221632
-2.8216463
-2.7077189
-2.5788385
-2.4335374
-2.2706146
-2.0894117
-1.8902219
-1.6748078
-1.4468541
-1.212054
-0.97771428
-0.75198334
-0.5427147
-0.35630041
-0.19690187
-0.066191111
0.036422212
0.11323546
0.16758273
0.20322274
0.22387898
0.23295128
0.23337272
0.22757353
0.21750932
0.20469976
0.19027394
0.17514978
0.16026795
0.14604586
0.13290323
0.12102002
0.11015679
0.10046846
0.091983929
0.084695771
0.078578333
0.07357885
0.069597501
0.066572576
0.064556943
0.062946882
0.060609089
0.061903284
0.068739878
0.019695214
-3.6851186
-3.6851168
-3.6851102
-3.6850959
-3.685068
-3.6850171
-3.6849297
-3.6847871
-3.6845658
-3.6842378
-3.6837734
-3.6831422
-3.6823145
-3.6812608
-3.6799538
-3.6783621
-3.6764387
-3.6741221
-3.6713453
-3.6680355
-3.6641129
-3.6594912
-3.6540739
-3.6477581
-3.6404373
-3.6320001
-3.622339
-3.6113487
-3.5989196
-3.5849269
-3.569222
-3.5516286
-3.5319353
-3.5098912
-3.4852045
-3.4575383
-3.4265043
-3.3916553
-3.3524744
-3.3083626
-3.2586332
-3.2025073
-3.1391695
-3.0676988
-2.9869097
-2.895459
-2.7919379
-2.6748856
-2.5428226
-2.394371
-2.2284477
-2.0445394
-1.8430882
-1.6259712
-1.3969169
-1.1615794
-0.92712353
-0.70147317
-0.49226789
-0.30576756
-0.14610947
-0.015038412
0.087901294
0.16485834
0.21904238
0.25413232
0.27381978
0.28151414
0.28018893
0.27233139
0.25996013
0.24467541
0.22769804
0.20992008
0.1921056
0.17507288
0.15903776
0.14444058
0.13124503
0.11926717
0.10862316
0.099307095
0.091293718
0.084541705
0.078986665
0.074523511
0.071093814
0.068739167
0.066851512
0.064493409
0.065915473
0.073286454
-3.6830178
-3.6829866
-3.6829468
-3.6828963
-3.6828264
-3.682725
-3.6825754
-3.6823548
-3.6820343
-3.6815803
-3.6809569
-3.6801276
-3.679056
-3.6777064
-3.6760439
-3.6740299
-3.6716073
-3.668701
-3.6652294
-3.6611053
-3.6562359
-3.6505212
-3.6438551
-3.6361255
-3.6272172
-3.6170187
-3.6054208
-3.5923098
-3.5775555
-3.5610022
-3.5424636
-3.5217181
-3.4985043
-3.4725181
-3.4434092
-3.4107749
-3.3741521
-3.3330068
-3.2867227
-3.2346061
-3.175902
-3.1097567
-3.0351567
-2.9509644
-2.8558992
-2.7485678
-2.6275491
-2.4914459
-2.3390023
-2.1692945
-1.9820059
-1.7777952
-1.5587303
-1.328654
-1.0932292
-0.85949114
-0.63510367
-0.42740303
-0.24239398
-0.084063177
0.045879747
0.14783233
0.22383246
0.27696956
0.31082356
0.32902299
0.33495119
0.3315871
0.32144623
0.30658664
0.28865436
0.26893928
0.24840717
0.22775649
0.20763736
0.18874394
0.17110703
0.15522599
0.14085222
0.1278744
0.11636319
0.1062878
0.097608001
0.090269724
0.084199422
0.079289266
0.075485369
0.072816446
0.070676262
0.068332326
0.069855701
0.076508547
-3.6745555
-3.6744863
-3.6744037
-3.6743063
-3.6741821
-3.6740155
-3.6737854
-3.6734634
-3.6730144
-3.6723971
-3.6715677
-3.6704816
-3.6690941
-3.6673603
-3.6652355
-3.6626712
-3.6595983
-3.6559245
-3.6515504
-3.6463732
-3.6402863
-3.6331774
-3.6249308
-3.6154299
-3.6045583
-3.5922028
-3.5782445
-3.5625467
-3.5449444
-3.5252394
-3.5031965
-3.4785403
-3.4509513
-3.4200622
-3.385452
-3.3466374
-3.3030643
-3.2540966
-3.199024
-3.1370856
-3.0674031
-2.9889581
-2.9006158
-2.8010925
-2.6890596
-2.5631738
-2.422147
-2.2648808
-2.0906614
-1.8994238
-1.6921067
-1.4710391
-1.240235
-1.0053932
-0.77341302
-0.55165066
-0.34704967
-0.16524349
-0.0099463755
0.11726911
0.21681476
0.29065657
0.34177073
0.37362176
0.3897451
0.3934634
0.38772676
0.37504836
0.35750265
0.33676042
0.31414407
0.2906799
0.26712041
0.24400887
0.22191018
0.20137215
0.18235327
0.16533407
0.14990419
0.13602612
0.12372574
0.11295503
0.10366113
0.095779825
0.089230537
0.083904891
0.079753958
0.076792798
0.074424948
0.072103331
0.073734188
0.079663554
-3.6584478
-3.6583299
-3.6581921
-3.6580345
-3.6578405
-3.6575895
-3.6572551
-3.6568019
-3.6561857
-3.6553558
-3.6542578
-3.6528362
-3.6510349
-3.6487964
-3.6460623
-3.6427708
-3.6388386
-3.6341532
-3.6285947
-3.6220448
-3.6143835
-3.6054908
-3.5952478
-3.583535
-3.5702361
-3.5552261
-3.5383595
-3.5194591
-3.4983116
-3.4746649
-3.448226
-3.4186559
-3.3855664
-3.3485129
-3.306988
-3.2604138
-3.2081397
-3.1494297
-3.0834956
-3.0094411
-2.9262543
-2.8328368
-2.727932
-2.6102637
-2.4785915
-2.3317811
-2.1689398
-1.9896159
-1.7940567
-1.5835344
-1.360696
-1.1297715
-0.8964925
-0.66758772
-0.45004242
-0.25031284
-0.073555987
0.076894216
0.19969576
0.29533752
0.36574704
0.41379413
0.44281313
0.45621836
0.45723786
0.44875915
0.43326232
0.41281274
0.38908837
0.36342561
0.33687427
0.31024143
0.28410384
0.2588803
0.23506849
0.21306439
0.19288262
0.17483566
0.15845915
0.14376675
0.13074572
0.11933609
0.10947443
0.10108858
0.094092782
0.088379988
0.083906146
0.080672555
0.078102506
0.075809397
0.077482931
0.08276318
-3.6331088
-3.6329263
-3.6327155
-3.6324784
-3.6321916
-3.6318289
-3.6313559
-3.6307282
-3.6298896
-3.6287761
-3.6273189
-3.6254475
-3.6230903
-3.6201729
-3.6166162
-3.6123373
-3.6072386
-3.6011915
-3.5940529
-3.5856889
-3.5759748
-3.5647887
-3.5520104
-3.537519
-3.5211831
-3.5028465
-3.4823163
-3.4593597
-3.4337046
-3.4050358
-3.3729908
-3.337156
-3.2970598
-3.2521668
-3.201872
-3.145513
-3.0823703
-3.0115956
-2.9321979
-2.8432595
-2.7437727
-2.6325031
-2.5082497
-2.3699164
-2.2165702
-2.0475771
-1.8628011
-1.6628574
-1.4494062
-1.2254391
-0.99541626
-0.76507914
-0.54091198
-0.32944246
-0.13654478
0.033194396
0.17690579
0.29355128
0.38375035
0.4494159
0.49331343
0.518633
0.52864165
0.5264412
0.51482397
0.49620694
0.47262025
0.44572866
0.41686976
0.38710018
0.3572453
0.32793282
0.29959652
0.27255633
0.24725699
0.22397419
0.20278732
0.18379887
0.16657074
0.15113768
0.13745585
0.12545669
0.11506807
0.10621172
0.09879831
0.092723676
0.087948273
0.084459751
0.081709639
0.079451698
0.081115814
0.085809384
-3.5960003
-3.5957264
-3.5954124
-3.5950625
-3.5946454
-3.5941249
-3.5934579
-3.5925857
-3.5914365
-3.5899273
-3.5879694
-3.5854714
-3.5823399
-3.5784779
-3.5737811
-3.5681362
-3.5614221
-3.553501
-3.5442222
-3.5334443
-3.5210424
-3.5068972
-3.4908828
-3.4728584
-3.4526537
-3.4300571
-3.4048144
-3.3766293
-3.3451606
-3.3100192
-3.270762
-3.2268877
-3.1778337
-3.1229805
-3.0616351
-2.9930704
-2.9164113
-2.8306781
-2.735037
-2.6284942
-2.5099088
-2.3782219
-2.2325284
-2.072144
-1.8967441
-1.7065602
-1.5026191
-1.2870085
-1.0630816
-0.83551655
-0.60998089
-0.3926011
-0.18934879
-0.0054187793
0.15524134
0.2902866
0.39902645
0.48224349
0.54185446
0.58051635
0.60125814
0.60717604
0.6012168
0.58604777
0.56399454
0.53702694
0.50677529
0.47456269
0.44144372
0.40824635
0.37561412
0.34402969
0.3138118
0.28520413
0.25861406
0.23422719
0.21213806
0.19228603
0.17428821
0.15817748
0.14388678
0.13134104
0.12046112
0.11116417
0.10335867
0.096944596
0.091886376
0.088158581
0.085247628
0.083028316
0.084644004
0.088803275
-3.5425875
-3.5421778
-3.5417107
-3.5411941
-3.5405833
-3.5398316
-3.5388792
-3.5376503
-3.5360494
-3.5339683
-3.5312901
-3.5278937
-3.5236564
-3.5184501
-3.5121407
-3.5045868
-3.495643
-3.4851644
-3.4730097
-3.4590501
-3.4431625
-3.4252167
-3.4050608
-3.3825057
-3.3573176
-3.3292187
-3.2978863
-3.2629511
-3.2239933
-3.1805395
-3.1320598
-3.0779683
-3.0176347
-2.9504001
-2.8754384
-2.7917578
-2.6986594
-2.5954202
-2.48098
-2.3543337
-2.2146358
-2.0612269
-1.893719
-1.7121458
-1.5171539
-1.3102268
-1.0938915
-0.87185476
-0.64891339
-0.4305415
-0.22236866
-0.029692803
0.14300554
0.2924844
0.41695434
0.51608945
0.59084022
0.64312848
0.67550002
0.69080498
0.69194477
0.68168654
0.6625465
0.63673376
0.60613497
0.57232609
0.53659901
0.49999478
0.46333806
0.42727278
0.39229695
0.35877675
0.32693971
0.29697449
0.26926234
0.24390493
0.22099918
0.20035478
0.18165692
0.16492208
0.15006719
0.13701188
0.12567159
0.1159601
0.10778485
0.10105096
0.095726223
0.091773004
0.088717871
0.086538628
0.088077685
0.091749052
-3.4659446
-3.4653358
-3.4646423
-3.463879
-3.4629828
-3.4618875
-3.4605135
-3.4587577
-3.4564925
-3.4535741
-3.4498472
-3.445152
-3.439325
-3.4322019
-3.4236174
-3.413411
-3.4014338
-3.3875528
-3.3716454
-3.3535904
-3.3332549
-3.3104723
-3.2850325
-3.256678
-3.2251042
-3.1899603
-3.1508458
-3.1073104
-3.0588511
-3.0049147
-2.9449141
-2.878202
-2.8040572
-2.7216035
-2.630061
-2.5288957
-2.4173185
-2.2943874
-2.1593027
-2.0114651
-1.8505044
-1.6763784
-1.4895285
-1.2910604
-1.0829287
-0.86809767
-0.65056736
-0.43506639
-0.22668846
-0.030456683
0.14909245
0.30824698
0.44447409
0.55654351
0.64448287
0.70939458
0.7531866
0.7782795
0.78733464
0.78303903
0.76795678
0.74443213
0.71453643
0.68005361
0.64248764
0.60308388
0.562857
0.52262048
0.48301513
0.44453853
0.40757289
0.37239113
0.33914992
0.30800426
0.27931481
0.25308019
0.2294315
0.20805824
0.18871878
0.17140502
0.15602392
0.14249064
0.13071651
0.12061292
0.11208726
0.10505055
0.099473345
0.095306783
0.092121704
0.089982881
0.091425539
0.094650858
-3.3569897
-3.3560954
-3.3550811
-3.3539641
-3.3526564
-3.3510624
-3.3490726
-3.3465439
-3.3433055
-3.3391604
-3.3339049
-3.3273305
-3.3192288
-3.3094027
-3.2976736
-3.283887
-3.2679162
-3.2496525
-3.2289851
-3.2057769
-3.1798486
-3.1509703
-3.1188582
-3.0831794
-3.0435518
-2.9995439
-2.950676
-2.8964231
-2.8362349
-2.7694959
-2.6955907
-2.6136853
-2.5228555
-2.4228097
-2.3131195
-2.1928934
-2.0613689
-1.9180258
-1.7625589
-1.5949294
-1.41549
-1.2251288
-1.0254345
-0.81885743
-0.60874429
-0.39911566
-0.19443252
0.00076695128
0.18218297
0.34602395
0.48938525
0.61042443
0.70843265
0.78375483
0.83761227
0.87187241
0.88880637
0.89087095
0.88053011
0.86012973
0.83182292
0.79752769
0.75890914
0.71738471
0.6741402
0.63015237
0.58621377
0.54295706
0.50087768
0.46035772
0.42168769
0.3850658
0.35059482
0.31841453
0.28885971
0.26181918
0.23749181
0.21544545
0.19551253
0.17765753
0.16178211
0.14779746
0.13561198
0.12513539
0.11627581
0.1089508
0.10313305
0.098763506
0.095460429
0.093361982
0.09469542
0.097512785
-3.2047858
-3.2035027
-3.2020413
-3.2004313
-3.1985405
-3.1962327
-3.1933487
-3.1896926
-3.1850269
-3.1790865
-3.1715988
-3.1623116
-3.1509914
-3.1374368
-3.1214923
-3.1030437
-3.0819978
-3.0582547
-3.0316791
-3.0020812
-2.9692097
-2.932756
-2.8923568
-2.8475989
-2.7980231
-2.7431302
-2.6823995
-2.6152679
-2.5412094
-2.4593796
-2.3687479
-2.2692523
-2.1608063
-2.0426207
-1.9139911
-1.7744765
-1.6238612
-1.4621616
-1.2897089
-1.1072888
-0.91629259
-0.71883738
-0.51774569
-0.3164219
-0.11869103
0.071495286
0.25023614
0.41392935
0.55960644
0.68512038
0.7892701
0.8718012
0.93331439
0.97510374
0.99896239
1.0069908
1.001424
0.98449269
0.95832017
0.92485884
0.88585946
0.84285758
0.79717262
0.74992032
0.70203003
0.6542648
0.60724184
0.5614516
0.51727539
0.47500462
0.43485744
0.39697226
0.36141069
0.3283062
0.29794511
0.27018744
0.24523309
0.22256174
0.20207409
0.18370879
0.16736531
0.15295134
0.14037323
0.12953959
0.12035993
0.11275878
0.10671041
0.10214658
0.098735316
0.09667722
0.097894496
0.10033889
-2.995468
-2.9936565
-2.9915925
-2.9893038
-2.986597
-2.9832662
-2.9790859
-2.9737802
-2.9670254
-2.9584768
-2.9477969
-2.9347017
-2.918988
-2.9005131
-2.8791826
-2.854928
-2.8276682
-2.7972708
-2.7635366
-2.7261931
-2.6849054
-2.6392819
-2.5888844
-2.5332404
-2.4718623
-2.4042224
-2.3298302
-2.2478555
-2.1572862
-2.0582178
-1.9508217
-1.8344792
-1.7085744
-1.5727512
-1.4268833
-1.2710625
-1.105671
-0.93149762
-0.74984802
-0.56259225
-0.37212542
-0.18132496
0.0065975917
0.18826761
0.3602459
0.51928919
0.66258447
0.78792884
0.8938728
0.97976437
1.0457155
1.0925062
1.1214472
1.1342239
1.1327467
1.1190192
1.0950315
1.0626815
1.023721
0.97972844
0.93210057
0.88205181
0.83061988
0.77867936
0.72695697
0.67604802
0.62643252
0.57848971
0.53251165
0.48871868
0.44727197
0.40826222
0.37171812
0.33776728
0.30663324
0.27825542
0.25270515
0.22944901
0.20843683
0.18958606
0.17279565
0.15797018
0.14501467
0.13383701
0.12434857
0.1164812
0.11021032
0.10545926
0.10194758
0.099930097
0.1010294
0.10313319
-2.7115523
-2.7090615
-2.7062049
-2.7030057
-2.6991725
-2.6944007
-2.68836
-2.6806681
-2.6709091
-2.6586722
-2.6436124
-2.6254861
-2.6041726
-2.5796321
-2.5518444
-2.5207542
-2.4862389
-2.4480901
-2.406015
-2.3596553
-2.3085982
-2.2524008
-2.1906079
-2.1227321
-2.0483213
-1.9664965
-1.876227
-1.7778608
-1.6718668
-1.5577768
-1.4350446
-1.3034017
-1.1628385
-1.0135773
-0.85610785
-0.69126203
-0.52026211
-0.34474554
-0.16676894
0.011271428
0.18670665
0.35665166
0.51815985
0.66841967
0.80490726
0.92555115
1.0288534
1.1139514
1.1806251
1.2292503
1.2607071
1.2762678
1.2774789
1.2660473
1.2437416
1.2123126
1.1734336
1.1286588
1.0793973
1.026905
0.97228549
0.91649423
0.86034552
0.80452459
0.74959999
0.69603638
0.6442069
0.59440406
0.54685005
0.50170941
0.45909841
0.41906978
0.3816254
0.34688715
0.31503122
0.28608549
0.25995565
0.23614581
0.21463181
0.19531483
0.17809389
0.16287088
0.14954997
0.13803859
0.12825028
0.1201245
0.11363745
0.10870461
0.10509839
0.10312223
0.10410637
0.10589971
-2.3324005
-2.3290678
-2.3252207
-2.3208402
-2.3154956
-2.3087402
-2.3001052
-2.2890903
-2.2752128
-2.2580752
-2.237422
-2.2131579
-2.1853006
-2.1539021
-2.1189594
-2.0803687
-2.0379139
-1.9912864
-1.9401121
-1.8839825
-1.8224701
-1.7551489
-1.6815832
-1.6007419
-1.5116097
-1.4149228
-1.311419
-1.20072
-1.082397
-0.95631871
-0.8226108
-0.68162035
-0.53390903
-0.38030386
-0.22193658
-0.06023445
0.10306842
0.26595341
0.42615656
0.58126841
0.72884237
0.86650596
0.99209374
1.1037721
1.2001349
1.280265
1.3437567
1.3906977
1.4216219
1.4374346
1.439324
1.4286742
1.4069824
1.375786
1.3366044
1.2908942
1.240018
1.185222
1.1276254
1.0682206
1.0078773
0.94734709
0.88726986
0.82818373
0.77053452
0.71468547
0.66092647
0.60948227
0.56052019
0.51416074
0.47048455
0.42951402
0.39122908
0.35574939
0.32322644
0.29372588
0.26702844
0.24268767
0.22068801
0.20091898
0.1832796
0.16766944
0.1539921
0.14215471
0.1320732
0.12369481
0.11699628
0.11188557
0.10818878
0.1062552
0.10713127
0.10864244
-1.8340069
-1.8297231
-1.8247112
-1.8188806
-1.811607
-1.8022591
-1.790229
-1.7749397
-1.7559396
-1.732983
-1.7060344
-1.6752124
-1.6406642
-1.6024572
-1.5605106
-1.5146088
-1.4644374
-1.409634
-1.3498078
-1.2845642
-1.2133401
-1.1349984
-1.0488752
-0.95598178
-0.85710685
-0.75201513
-0.64045689
-0.52243633
-0.39818163
-0.26810454
-0.13279613
0.0069487255
0.15011577
0.29544668
0.44144105
0.58639854
0.72845739
0.86564951
0.99597663
1.1175007
1.2284367
1.3272388
1.4126722
1.4838651
1.5403363
1.5819957
1.6091221
1.622318
1.6224514
1.6105926
1.5879512
1.5558165
1.5155057
1.4683209
1.4155158
1.3582714
1.2976796
1.2347309
1.170311
1.1052038
1.0400963
0.97558169
0.912165
0.85027054
0.79024901
0.73238471
0.67690255
0.623974
0.573723
0.52623499
0.48156198
0.43970181
0.40061608
0.36442467
0.33127072
0.30122065
0.27396403
0.24910752
0.22663258
0.20642096
0.18837125
0.172381
0.1583534
0.14619531
0.13582511
0.127198
0.12029111
0.11500489
0.11121969
0.10933048
0.11010974
0.11136543
-1.1920722
-1.1868719
-1.1806763
-1.1732624
-1.1637717
-1.1514111
-1.1354895
-1.1154941
-1.0911823
-1.062612
-1.0300393
-0.99374496
-0.95388596
-0.91042001
-0.86314472
-0.81176293
-0.75593244
-0.69526928
-0.62900601
-0.55590684
-0.47576732
-0.38981061
-0.29878436
-0.20260111
-0.10117882
0.0053640024
0.116736
0.23249581
0.35205221
0.47465894
0.599401
0.72519119
0.85077762
0.97476523
1.0956476
1.2118533
1.3217981
1.4239459
1.5168711
1.5993185
1.6702562
1.7289143
1.7748097
1.8077549
1.8278509
1.8354668
1.8312033
1.8158495
1.7903389
1.7557053
1.7130406
1.6634584
1.6080626
1.5479218
1.4840511
1.4173979
1.3488331
1.2791439
1.2090327
1.1391218
1.0699571
1.0020094
0.93567974
0.87130427
0.80915967
0.74946858
0.69240469
0.63809718
0.58663529
0.53807611
0.49244832
0.44972959
0.40986583
0.37297816
0.33921164
0.30861169
0.28079991
0.25543597
0.23249096
0.21184188
0.19338629
0.17701994
0.16264561
0.15016986
0.13951346
0.13063968
0.12352608
0.11806523
0.11419186
0.11234931
0.11304721
0.11407278
-0.39057521
-0.38481305
-0.37777194
-0.36903615
-0.35756807
-0.34249353
-0.32321752
-0.29948727
-0.27144319
-0.23949025
-0.20407542
-0.1654804
-0.12373227
-0.078658786
-0.029985099
0.022682518
0.08031599
0.14424998
0.21436064
0.28928701
0.36832578
0.45144375
0.53857575
0.62951088
0.72391715
0.82135067
0.92125997
1.0229809
1.1257311
1.2286072
1.3305946
1.4305843
1.5273969
1.619813
1.7066103
1.7866028
1.8586828
1.9218611
1.9753036
2.0183611
2.0505891
2.0717579
2.0818528
2.0810674
2.069788
2.0485668
2.0180913
1.9791538
1.9326211
1.8794057
1.8204387
1.7566481
1.6889387
1.6181775
1.545182
1.4707127
1.3954666
1.3200729
1.2450928
1.1710243
1.0983045
1.0273102
0.9583617
0.89172658
0.8276235
0.76622631
0.70766789
0.65204336
0.59941368
0.54981259
0.50324939
0.45968482
0.41905103
0.38147004
0.34709481
0.31593864
0.28757095
0.26170165
0.23828709
0.21720166
0.19834124
0.18159989
0.16687992
0.15408743
0.14314538
0.13402522
0.12670515
0.12106908
0.11710583
0.11531264
0.11594895
0.11676873
0.56348572
0.56900393
0.5759913
0.58505273
0.59726038
0.6133724
0.6337005
0.6580859
0.68601538
0.7168768
0.75023092
0.7859446
0.82412033
0.86508967
0.90982286
0.95980574
1.0152316
1.0747173
1.1373474
1.2029877
1.2715052
1.342636
1.4160339
1.4912825
1.5678959
1.6453169
1.7229118
1.7999682
1.8757005
1.9492613
2.0197578
2.0862721
2.1478852
2.2037031
2.2528839
2.2946643
2.3283851
2.3535122
2.3696537
2.3765706
2.3741789
2.3625476
2.3418951
2.3125798
2.2750817
2.229981
2.1779368
2.1196663
2.0559247
1.9874865
1.915128
1.8396132
1.7616812
1.6820365
1.6013414
1.520211
1.4392089
1.3588433
1.2795673
1.2017837
1.1258458
1.0520576
0.98067651
0.91191616
0.84594912
0.78291008
0.72289874
0.66598227
0.61219804
0.56156003
0.51406099
0.46964713
0.42823818
0.3899553
0.35496326
0.32323889
0.29430965
0.26793138
0.24404353
0.22251913
0.20325178
0.18613387
0.17106704
0.15795669
0.1467277
0.13735979
0.12983213
0.12401884
0.11996192
0.11822104
0.11882005
0.11945774
1.6227286
1.6268467
1.6323697
1.6400001
1.6506223
1.6647068
1.6822088
1.7026304
1.7252497
1.7494405
1.7748928
1.8016082
1.8300231
1.8618427
1.8986984
1.9393485
1.9821835
2.0269972
2.0737128
2.1220685
2.1717293
2.2223222
2.2734346
2.3246162
2.3753772
2.4251835
2.4734562
2.5195754
2.5628901
2.6027307
2.6384237
2.6693087
2.694756
2.7141847
2.7270796
2.733007
2.7316273
2.7227061
2.7061207
2.6818613
2.6500262
2.6108202
2.5645531
2.511628
2.4525261
2.3877907
2.3180132
2.2438185
2.1658516
2.0847644
2.0012045
1.9158049
1.8291752
1.7418952
1.654509
1.5675219
1.4813964
1.396549
1.3133506
1.2321308
1.1531783
1.0767402
1.0030243
0.93220129
0.86440637
0.79974216
0.73828083
0.68006588
0.62511447
0.57342335
0.52497061
0.47968966
0.43748848
0.3984846
0.36285752
0.33054777
0.3010465
0.27415049
0.24978161
0.22781215
0.20813284
0.19063428
0.17521719
0.16178599
0.15026703
0.14064834
0.13291066
0.12691679
0.12276018
0.12107453
0.12166547
0.12214455
2.6901605
2.6919179
2.6946802
2.6991052
2.7057321
2.7147076
2.7257266
2.738134
2.7511924
2.7643783
2.7775356
2.7911064
2.8069661
2.8268516
2.8494416
2.8731157
2.8977205
2.923199
2.9492876
2.9756605
3.0019716
3.0278542
3.052926
3.07679
3.0990305
3.1192097
3.1368689
3.1515336
3.1627215
3.169953
3.1727629
3.170712
3.1633996
3.150475
3.1316481
3.1066982
3.0754814
3.037936
2.9940853
2.9440349
2.8879662
2.8261368
2.7588821
2.6866035
2.609754
2.5288281
2.4443511
2.3568691
2.2669389
2.1751185
2.0819586
1.9879951
1.8937427
1.7996895
1.7062931
1.6139775
1.5231302
1.4340988
1.347192
1.2626836
1.1808117
1.1017787
1.0257529
0.95286976
0.88323383
0.81692074
0.75397903
0.69443165
0.63827782
0.58549866
0.53605885
0.48988006
0.44685871
0.40710511
0.37081593
0.33789871
0.30781016
0.28038291
0.2555216
0.23309771
0.21299865
0.195113
0.1793402
0.16558335
0.15376972
0.14389564
0.13594428
0.12976516
0.12550039
0.12387251
0.12448996
0.12483434
3.6299483
3.6293602
3.6292095
3.6299999
3.6319194
3.6348802
3.6384761
3.642062
3.6449831
3.6468317
3.6477128
3.6489448
3.6525715
3.658609
3.6654758
3.6724154
3.6793711
3.6861856
3.6925779
3.6982405
3.7028531
3.7060891
3.7076218
3.7071247
3.7042668
3.69871
3.6901091
3.6781156
3.6623845
3.642582
3.618394
3.5895353
3.5557577
3.5168588
3.4726889
3.4231571
3.3682361
3.3079653
3.2424515
3.1718637
3.0964283
3.016431
2.9322179
2.8441846
2.7527637
2.6584167
2.5616261
2.4628868
2.3626987
2.2615587
2.1599539
2.0583562
1.9572162
1.8569598
1.7579844
1.660657
1.5653109
1.4722437
1.3817174
1.2939633
1.2091803
1.1275352
1.0491643
0.97417375
0.90264231
0.83462226
0.77014127
0.70920373
0.65179239
0.59787374
0.54739965
0.50028065
0.4564013
0.4158606
0.37887461
0.34532313
0.31462752
0.28665115
0.26128258
0.23839186
0.21786272
0.19958129
0.18344542
0.16935644
0.15724185
0.14710621
0.13893632
0.13256606
0.12818198
0.12661359
0.12729798
0.12753286
4.3102242
4.3084655
4.306714
4.3052885
4.3041536
4.3031132
4.3017679
4.2995525
4.2959069
4.2904899
4.2834677
4.2763366
4.2711565
4.2675582
4.2639101
4.2596703
4.2548129
4.2491623
4.2424419
4.2343571
4.2246032
4.2128724
4.1988638
4.1822849
4.1628482
4.140268
4.1142594
4.0845417
4.0508436
4.0129099
3.970509
3.9234407
3.8715433
3.8147007
3.7528482
3.6859769
3.6141359
3.5374349
3.4560429
3.3701828
3.2801254
3.1861915
3.088754
2.9882261
2.8850488
2.7796841
2.6726074
2.5643001
2.4552422
2.3459062
2.236751
2.1282169
2.0207212
1.9146546
1.8103791
1.708226
1.6084935
1.5114449
1.4173095
1.3262867
1.238546
1.154226
1.0734367
0.99626041
0.9227532
0.85294681
0.78685011
0.7244503
0.66571451
0.61059515
0.55903154
0.51092336
0.46614262
0.42477277
0.38705122
0.35283628
0.32151145
0.29296577
0.26707338
0.24370194
0.2227311
0.20404415
0.1875369
0.17310847
0.16068578
0.15028145
0.14188744
0.13531944
0.13080234
0.12929377
0.13009207
0.13024518
4.6685085
4.6671729
4.6657153
4.6642912
4.6628094
4.6610736
4.6587426
4.6553406
4.6503782
4.6435249
4.6348156
4.6252327
4.6166992
4.609763
4.602978
4.5953563
4.5868285
4.5772829
4.5664527
4.5540347
4.5397132
4.5231626
4.5040598
4.4820902
4.4569472
4.4283278
4.3959355
4.3594817
4.3186908
4.273307
4.2231036
4.1678916
4.1075276
4.0419199
3.9710331
3.8948931
3.8135901
3.7272809
3.6361884
3.5405951
3.4408326
3.3372802
3.2303674
3.1205631
3.0083605
2.8942681
2.7788008
2.6624723
2.5457876
2.4292368
2.3132894
2.1983898
2.0849538
1.9733653
1.8639755
1.7571012
1.6530236
1.5519872
1.4542009
1.359843
1.2690612
1.181973
1.0986674
1.0192063
0.94362635
0.87194085
0.80414125
0.7401985
0.68006464
0.62367811
0.57096565
0.52181609
0.47608804
0.4338452
0.39534793
0.36043972
0.32846297
0.29932718
0.27289415
0.24902782
0.22760352
0.20850115
0.19161409
0.17683879
0.16410064
0.15342001
0.14479596
0.13802337
0.13335698
0.13190641
0.13287254
0.13297579
4.7083133
4.7085852
4.7088579
4.7091621
4.7094893
4.7097412
4.7096948
4.7089971
4.7072324
4.7040473
4.6992559
4.693007
4.6864537
4.6813239
4.6774946
4.6735384
4.6688213
4.6632719
4.6567126
4.648842
4.639318
4.6277718
4.6138178
4.597066
4.5771306
4.553636
4.5262095
4.4944782
4.4580743
4.4166455
4.3698683
4.3174607
4.259192
4.1948888
4.1244581
4.0478966
3.9652914
3.876821
3.7827499
3.6834204
3.5792395
3.4706723
3.3582423
3.2425204
3.1241036
3.003601
2.881623
2.7587714
2.6356295
2.512755
2.3906737
2.2698752
2.1508098
2.0338864
1.9194719
1.8078916
1.699429
1.594325
1.4927809
1.3949635
1.3010072
1.211014
1.1250564
1.0431795
0.96540257
0.89172207
0.82211291
0.75653015
0.69491084
0.63717915
0.58324891
0.53299778
0.48626973
0.44310463
0.4037868
0.36815171
0.3354974
0.30574799
0.2787554
0.25437822
0.2324872
0.21295826
0.19568187
0.18055133
0.16748947
0.15652385
0.14766297
0.14067841
0.13584344
0.13444557
0.13564047
0.13573178
4.492917
4.4950684
4.4974461
4.4999949
4.5028407
4.5060103
4.5094163
4.5128551
4.5160281
4.5186152
4.5203745
4.5211944
4.521144
4.5208752
4.5218433
4.5246354
4.5280415
4.5310971
4.5336911
4.5356858
4.5367841
4.5366254
4.5348057
4.5308795
4.524372
4.5147856
4.5016012
4.4842878
4.462308
4.4351257
4.4022184
4.3630953
4.3173275
4.2645812
4.2046103
4.1372581
4.0624808
3.9803593
3.8910951
3.7950268
3.6926261
3.5844605
3.4711755
3.3534818
3.2321331
3.1079024
2.9815645
2.8538772
2.7255679
2.5973245
2.4697873
2.3435432
2.2191227
2.0969989
1.977588
1.8612514
1.7482969
1.6389803
1.5335097
1.4320515
1.3347349
1.2416528
1.1528658
1.068405
0.98827456
0.91245509
0.84090533
0.77356455
0.7103544
0.6511842
0.59595413
0.54453
0.49673971
0.45259526
0.41240516
0.3760034
0.34264115
0.31225038
0.28467584
0.25976891
0.23739539
0.2174266
0.19974953
0.18425384
0.17085858
0.15959771
0.15049191
0.14328734
0.13826117
0.13690555
0.13839736
0.13852334
4.1102989
4.1138465
4.117796
4.1220365
4.1267994
4.1322214
4.1383352
4.1450901
4.1523423
4.159871
4.1674466
4.1749051
4.1821821
4.1892821
4.1963698
4.2043489
4.2144879
4.2265214
4.2392482
4.2521669
4.2651702
4.2780287
4.2903966
4.3018621
4.3119495
4.3201225
4.3257936
4.3283296
4.3270536
4.3212483
4.3101655
4.2930421
4.2691225
4.2376887
4.1980973
4.1498372
4.0925615
4.0261129
3.9505422
3.8660827
3.7731332
3.6722506
3.5641273
3.4496031
3.3296325
3.2052171
3.0773681
2.9470808
2.8153112
2.682961
2.5508621
2.4197679
2.2903512
2.1632029
2.0388336
1.9176777
1.8000978
1.6863886
1.5767833
1.4714619
1.3705589
1.2741659
1.1823367
1.0950917
1.0124225
0.93429449
0.86065082
0.79141456
0.72649136
0.66577479
0.60915043
0.55647129
0.50754749
0.46235943
0.42123894
0.38402451
0.34991948
0.31885554
0.29067334
0.26521495
0.24234077
0.22191681
0.20382597
0.18795375
0.17421413
0.16264623
0.15328604
0.14585301
0.14060974
0.13927899
0.14114298
0.14136273
3.646446
3.6506525
3.6553386
3.6603513
3.6659725
3.6723928
3.6797237
3.6880327
3.6973255
3.7075302
3.7185069
3.7301058
3.7422218
3.7548279
3.767955
3.7816576
3.7961
3.8121049
3.8308138
3.8519601
3.8744438
3.8978176
3.9219724
3.9466609
3.9715224
3.9961155
4.0199136
4.0423004
4.0625713
4.0799335
4.0935055
4.1023251
4.1053635
4.1015527
4.0898301
4.069189
4.0387325
3.9977347
3.9456977
3.8823973
3.8079309
3.722713
3.6274179
3.5229288
3.4103042
3.2907268
3.1654586
3.0358284
2.9031248
2.7685661
2.6332792
2.4982809
2.3644748
2.2326449
2.1034596
1.9774802
1.8551672
1.7368883
1.6229279
1.5134997
1.4087581
1.3088038
1.213691
1.1234347
1.0380159
0.95738689
0.8814754
0.81018805
0.74341372
0.68102917
0.62290419
0.56887782
0.51874067
0.47243807
0.43032292
0.39224334
0.3573565
0.32558374
0.29676496
0.27073072
0.24733545
0.22643908
0.20791972
0.19165821
0.17756206
0.1656739
0.15604833
0.1483783
0.14288909
0.14155648
0.14387465
0.144265
3.1648894
3.1691446
3.1738809
3.1789223
3.184548
3.1909499
3.198267
3.2066306
3.2161393
3.2268523
3.2387573
3.2517901
3.2658672
3.280932
3.2969865
3.3140887
3.3323274
3.3517968
3.3726433
3.3954524
3.4212918
3.4503564
3.4816912
3.5146819
3.5492238
3.5851081
3.6219936
3.6594442
3.696912
3.7337227
3.7690665
3.8019885
3.8313872
3.8560207
3.8745271
3.8854674
3.8873869
3.8788922
3.8587385
3.8259301
3.7798141
3.7201476
3.6471233
3.5613582
3.4638682
3.3559659
3.2391439
3.1150347
2.9852817
2.8514955
2.7152404
2.5779299
2.4408173
2.3049899
2.1713677
2.0407176
1.9136622
1.7906917
1.6721811
1.5584078
1.4495679
1.3457867
1.2471298
1.1536137
1.0652136
0.98187096
0.90349918
0.8299883
0.7612099
0.69702269
0.6372794
0.58180384
0.53036531
0.48287107
0.43969096
0.40068697
0.36497531
0.33245434
0.30296692
0.2763299
0.25239092
0.23100306
0.21203885
0.19537397
0.18090807
0.16868502
0.15878144
0.1508661
0.14509958
0.14372629
0.1465867
0.14724835
2.703855
2.7077928
2.7121735
2.7168099
2.7219556
2.7277782
2.7344108
2.7419823
2.7506402
2.7605034
2.7716651
2.7841645
2.7979968
2.813135
2.8295639
2.8473049
2.8664272
2.8870462
2.9092991
2.9333236
2.9592544
2.9874058
3.0187962
3.0542594
3.0930195
3.1341997
3.177701
3.2234053
3.2710186
3.3201388
3.3702292
3.4205842
3.4703045
3.5182799
3.5631791
3.6034521
3.6373579
3.6630197
3.6785111
3.6819729
3.6717556
3.6465667
3.6055943
3.548609
3.4760057
3.3887584
3.2883135
3.1765004
3.0553449
2.9269071
2.7932514
2.656288
2.5177565
2.3792116
2.2419623
2.1070946
1.9754892
1.8478355
1.7246587
1.6063454
1.4931662
1.3852953
1.2828268
1.1857898
1.0941613
1.0078762
0.92683565
0.85091381
0.77996466
0.71382787
0.65233781
0.59530178
0.54246601
0.49369728
0.4493761
0.40938116
0.37279786
0.33948576
0.30929459
0.28202541
0.25751802
0.23561789
0.21619111
0.19910769
0.18425799
0.17168417
0.1614883
0.15331994
0.14724282
0.14577537
0.14926955
0.15033461
2.2825442
2.2860055
2.2898434
2.2938974
2.2983681
2.3034018
2.3091016
2.3155847
2.3229849
2.3314452
2.3410965
2.3520458
2.3643665
2.3780978
2.3932572
2.4098639
2.4279639
2.4476393
2.4690131
2.4922389
2.5174844
2.544923
2.5747296
2.6071415
2.6429391
2.683178
2.7276737
2.775557
2.8265223
2.8805165
2.9373372
2.9966479
3.0579475
3.1205171
3.1833815
3.2452768
3.3046278
3.359544
3.4078488
3.4471535
3.4749845
3.4889576
3.4869839
3.4674846
3.4295755
3.3731711
3.2989968
3.2085377
3.1038517
2.9873365
2.8615762
2.7290999
2.5922721
2.4532598
2.3139137
2.1757931
2.0401871
1.9081019
1.7803021
1.6573525
1.5396503
1.4274563
1.3209194
1.2201
1.1249885
1.0355209
0.95159057
0.8730575
0.79975857
0.73151395
0.66813853
0.6094218
0.5550855
0.50495429
0.4594104
0.41835024
0.38084509
0.34669583
0.31576298
0.28783007
0.26272765
0.24029286
0.22038436
0.20286601
0.18761753
0.17467594
0.16417162
0.15574271
0.14932107
0.14768933
0.15190692
0.1535508
1.9079625
1.9109082
1.9141685
1.9176053
1.9213788
1.9256083
1.9303689
1.9357587
1.9418858
1.94888
1.9568735
1.9659976
1.9763663
1.9880695
2.0011739
2.0157272
2.0317755
2.0493822
2.0686403
2.0896767
2.1126534
2.137757
2.1651926
2.1951709
2.2279148
2.263661
2.3029492
2.3468437
2.3958226
2.44915
2.5062817
2.5672208
2.6318793
2.7000073
2.7711502
2.8445832
2.9192541
2.9937322
3.0661671
3.1342738
3.1953665
3.2464627
3.2844674
3.3064307
3.3098509
3.2929655
3.2549753
3.1961564
3.1178113
3.0220918
2.9117709
2.7899036
2.6595568
2.523657
2.384797
2.2452005
2.1067393
1.970892
1.8387929
1.7112927
1.5889985
1.4723161
1.3614916
1.2566452
1.1578004
1.064907
0.97785834
0.89650386
0.8206658
0.75014513
0.6847366
0.62421091
0.56826464
0.51667885
0.46982614
0.42761817
0.38913752
0.35410199
0.32238648
0.29375596
0.26802993
0.24503641
0.22462565
0.20665483
0.19099185
0.17766462
0.16683371
0.15813636
0.15133732
0.14945288
0.15447409
0.1569293
1.5803106
1.5827657
1.5854874
1.5883461
1.591478
1.5949715
1.59889
1.6033017
1.6082972
1.6139798
1.6204662
1.6278797
1.6363437
1.6459708
1.6568582
1.6690857
1.6827205
1.697827
1.71448
1.7327796
1.7528542
1.7748668
1.7990083
1.8254974
1.8545707
1.8864778
1.9214774
1.9598333
2.0019549
2.048905
2.1016164
2.1594693
2.2217947
2.2886717
2.3601298
2.4360108
2.5159043
2.5990678
2.6843502
2.7701149
2.8541736
2.9337591
3.005573
3.0659421
3.1110947
3.1375363
3.1424688
3.1241647
3.0822043
3.0175187
2.9322402
2.8293796
2.7124426
2.585088
2.4507909
2.312654
2.1733455
2.0350329
1.8994057
1.7677506
1.6410006
1.5197951
1.4045424
1.2954692
1.1926636
1.0961097
1.0057146
0.92132522
0.84275302
0.76978119
0.70218449
0.63971443
0.58204284
0.52890661
0.48065588
0.43720713
0.39769387
0.36172025
0.32917817
0.29981396
0.27343387
0.24985615
0.22892144
0.2104797
0.19438593
0.18065475
0.16947728
0.16050307
0.15329626
0.15105072
0.15693772
0.16050775
1.2967501
1.2987734
1.3010139
1.3033658
1.3059344
1.3087943
1.3119895
1.3155738
1.3196161
1.3241968
1.3294153
1.3353738
1.3421862
1.3499621
1.3588066
1.3688168
1.3800774
1.3926668
1.4066625
1.4221503
1.4392329
1.4580373
1.4787188
1.5014667
1.5265024
1.5540719
1.5844437
1.6179021
1.6547385
1.6952623
1.7398554
1.7895813
1.8455974
1.9073863
1.9742841
2.0464662
2.1240709
2.2070204
2.2949277
2.3869996
2.4819349
2.577814
2.6720012
2.7611118
2.8410987
2.9075038
2.9558767
2.9823103
2.9839829
2.9595749
2.9094482
2.8355386
2.7410145
2.6298098
2.5061218
2.3740058
2.2371259
2.0985879
1.9608834
1.8259424
1.6951936
1.5696424
1.4499573
1.3365416
1.2295971
1.1291752
1.0352176
0.94758298
0.86607902
0.79047572
0.72052935
0.65597279
0.59645471
0.54167048
0.49193303
0.44713695
0.40653079
0.36956548
0.33615035
0.30601457
0.27894843
0.2547597
0.23327824
0.21434617
0.19780478
0.18365101
0.17210521
0.16284486
0.15520393
0.15246733
0.15925275
0.16433107
1.0532295
1.0548862
1.0567169
1.0586347
1.0607327
1.0630585
1.0656522
1.068553
1.0718138
1.0755011
1.0796882
1.084464
1.0899209
1.0961563
1.1032677
1.1113475
1.1204886
1.1307785
1.1423013
1.1551426
1.1693974
1.1851707
1.2025843
1.2217833
1.2429513
1.2663065
1.2920944
1.3205854
1.3520778
1.3868901
1.4253474
1.4678159
1.5147338
1.5671868
1.6263629
1.6918108
1.7629844
1.8401847
1.9236531
2.013357
2.1088886
2.2093443
2.3131829
2.4180694
2.5207474
2.6170257
2.7019576
2.7702575
2.8169261
2.8379651
2.8310017
2.7956468
2.7334896
2.6477537
2.5427283
2.4231468
2.2936657
2.1584917
2.0211692
1.884533
1.7507415
1.6213582
1.4974567
1.379723
1.2685476
1.1641007
1.0663921
0.97531495
0.89068608
0.8122704
0.7398096
0.67301947
0.61152901
0.55499979
0.5036856
0.4574259
0.41566363
0.37765193
0.34331468
0.31236761
0.28458187
0.25975409
0.23770207
0.2182594
0.2012531
0.18665802
0.17472049
0.16516338
0.15706796
0.15368841
0.16135881
0.1684529
0.84494911
0.84629896
0.84779233
0.84935756
0.85106157
0.85295476
0.85505871
0.85740788
0.86004332
0.86301463
0.86638333
0.87021899
0.87459721
0.87959856
0.88530418
0.89179807
0.89916485
0.90749084
0.91686265
0.92736887
0.93909918
0.95215229
0.96663347
0.98266078
1.0003709
1.0199381
1.0415729
1.0655144
1.0920271
1.1214077
1.1539849
1.190111
1.2301471
1.2745314
1.323848
1.379205
1.4415949
1.5106572
1.5861126
1.6683781
1.757765
1.8542358
1.9572929
2.0658249
2.1779014
2.2905611
2.3996796
2.500037
2.5856846
2.6506212
2.6896661
2.6993095
2.6782881
2.6277204
2.5507808
2.4520549
2.3367888
2.210218
2.0770831
1.9413714
1.8062397
1.6740552
1.5465002
1.4246994
1.3093448
1.2008043
1.0992097
1.0045236
0.91659392
0.83519308
0.76005542
0.69088311
0.62729115
0.56891376
0.51589845
0.46808897
0.42510528
0.38599238
0.35068168
0.3188819
0.29034168
0.26484566
0.2421984
0.22222412
0.20473527
0.18968038
0.17732642
0.16745997
0.1588973
0.15470325
0.16317607
0.172937
0.66677622
0.66787953
0.6690996
0.67037757
0.67177064
0.67331181
0.67502638
0.67693713
0.67907636
0.68148402
0.68420939
0.68730794
0.69083977
0.69487074
0.69946664
0.70469805
0.7106378
0.71736349
0.72495748
0.73350415
0.74309261
0.75381424
0.76576776
0.77905665
0.79379263
0.810106
0.82816302
0.84816572
0.87034106
0.89494397
0.92226272
0.95262276
0.98638459
1.023934
1.0656759
1.1121246
1.1640834
1.2226957
1.2885603
1.3614558
1.4415029
1.5291936
1.6248494
1.7283607
1.83904
1.9554068
2.0749002
2.1936252
2.3062847
2.4064526
2.4872591
2.5424006
2.5672179
2.5595139
2.519856
2.4512999
2.3586773
2.247706
2.1241682
1.9933182
1.859557
1.7263341
1.5961981
1.4709238
1.3516661
1.2391067
1.1335799
1.0351711
0.94379485
0.85925273
0.78128417
0.70958432
0.64375999
0.58341445
0.52855119
0.47915082
0.43486687
0.39459784
0.35826058
0.32556522
0.29623447
0.27004007
0.24677217
0.22624465
0.2082553
0.19272264
0.17992679
0.1697354
0.16070174
0.15550922
0.16459846
0.17785784
0.51389766
0.5148042
0.51580522
0.51685377
0.51799521
0.51925938
0.52066267
0.522225
0.52397194
0.52593623
0.52815658
0.53067596
0.53354616
0.53681748
0.54054412
0.54478386
0.54959752
0.55505118
0.56121769
0.56817498
0.57600513
0.58479526
0.59463647
0.60562363
0.61785736
0.63144344
0.64650761
0.66320847
0.6817368
0.70230741
0.72516434
0.75058493
0.77888473
0.8104204
0.84558592
0.88480278
0.9285314
0.9773551
1.0323495
1.0947165
1.1645662
1.2418211
1.3270407
1.4207912
1.5233052
1.6342955
1.7527278
1.8764864
2.0020117
2.1240816
2.2359605
2.330058
2.3990482
2.43717
2.4412968
2.4114253
2.3504628
2.2634524
2.1565451
2.0360313
1.9076337
1.7761201
1.6451882
1.5175276
1.394973
1.2786846
1.1693161
1.0671564
0.97223956
0.88443059
0.80349456
0.72913168
0.6609477
0.59851211
0.54169217
0.49063713
0.44495882
0.40347727
0.3660592
0.33242414
0.30226596
0.27534226
0.25142771
0.23032484
0.21181682
0.19578919
0.1825258
0.17198984
0.16249294
0.15611719
0.16547615
0.1833063
0.3823334
0.38307845
0.38390472
0.38476777
0.38570785
0.38674789
0.38790174
0.38918564
0.39062004
0.39223146
0.39404961
0.39611261
0.39845906
0.4011313
0.40417409
0.40763267
0.41155827
0.41600627
0.42103861
0.42672256
0.43313286
0.44034891
0.44845414
0.4575367
0.46768867
0.47900559
0.4915886
0.50555958
0.52107029
0.53830027
0.55745277
0.57876032
0.60248902
0.62894314
0.65846917
0.69145824
0.72833759
0.7695645
0.81571641
0.86761053
0.92640491
0.99291314
1.0672086
1.1496408
1.2409122
1.3415648
1.4516648
1.5705845
1.6966545
1.8267004
1.9556741
2.0766614
2.1814875
2.2619247
2.3112029
2.3253308
2.3037744
2.2493076
2.1671761
2.0639332
1.9463268
1.8204867
1.6914841
1.563205
1.4384305
1.3190169
1.2061017
1.1002925
1.0018222
0.91067028
0.82665997
0.74951625
0.67885611
0.61422272
0.555371
0.50255961
0.45538906
0.41263737
0.37408363
0.33946381
0.30844073
0.28075625
0.25616868
0.23446796
0.21542296
0.19888406
0.18512777
0.17422419
0.16428725
0.15654337
0.16559661
0.18944257
0.26893656
0.2695542
0.27023482
0.27094809
0.27172423
0.27258237
0.27353492
0.27459306
0.2757752
0.27710158
0.27859836
0.28029455
0.28222285
0.28441764
0.28691541
0.28975355
0.29297398
0.29662234
0.30075057
0.30541646
0.31068441
0.31662448
0.32331246
0.33082897
0.33925865
0.34869038
0.35921428
0.37092724
0.38394797
0.39842206
0.41451857
0.43243017
0.45237966
0.47462213
0.49945049
0.5271999
0.55825329
0.59303956
0.63202642
0.67573085
0.7248227
0.78046986
0.84387905
0.91525491
0.99481962
1.0834122
1.1817902
1.290303
1.4086838
1.5356778
1.6684975
1.8023138
1.930117
2.0432576
2.1327274
2.1908718
2.212951
2.1979953
2.1487062
2.0705489
1.9704527
1.8555652
1.7323481
1.6060969
1.4808156
1.3593195
1.2434445
1.1342771
1.0323608
0.93786521
0.85072011
0.77070569
0.69746892
0.63054086
0.56958959
0.51492586
0.46616116
0.42208187
0.3823379
0.34668771
0.31476205
0.28628504
0.26099789
0.23867669
0.21907625
0.20201044
0.18773753
0.17644394
0.16609642
0.15676398
0.16479912
0.19658306
0.1711492
0.17165914
0.17222286
0.17281276
0.17345503
0.17416459
0.17495171
0.17582671
0.17680304
0.17789853
0.17913399
0.18053388
0.18212447
0.18393524
0.18599468
0.18833521
0.19098993
0.1939978
0.19740146
0.20124958
0.20559675
0.21050415
0.21603791
0.2222703
0.22927898
0.23714537
0.2459544
0.25579084
0.26674863
0.27894353
0.29251483
0.30762268
0.32445117
0.34321363
0.36415593
0.38756041
0.41375163
0.44310277
0.47603785
0.51302305
0.55456841
0.60136328
0.65442512
0.71488175
0.78334864
0.86019024
0.94617921
1.0421873
1.1488027
1.2660645
1.3930783
1.5274102
1.6644478
1.7971205
1.9163773
2.0125435
2.0772251
2.1050925
2.0948844
2.0493284
1.9741463
1.8766212
1.7642344
1.6436914
1.5204217
1.398469
1.2806225
1.1686544
1.0635724
0.96584221
0.87557069
0.79263821
0.71674946
0.647445
0.58433471
0.52774064
0.47727365
0.4318106
0.39082356
0.35409737
0.32123174
0.29193048
0.26591728
0.24295299
0.22277858
0.20517121
0.19036229
0.17865281
0.16787532
0.15673778
0.1635984
0.20437683
0.086846502
0.087269214
0.087736312
0.088225006
0.088756183
0.089344375
0.08999608
0.090720541
0.091528699
0.092435336
0.09345787
0.09461633
0.095933242
0.097431587
0.099137085
0.10107459
0.10327329
0.10576422
0.10858331
0.11177155
0.11537487
0.11944506
0.12403996
0.12922284
0.13506238
0.14163298
0.14901328
0.1572836
0.16652404
0.17682599
0.18830305
0.20108896
0.21533606
0.23122126
0.24895015
0.26876013
0.29092464
0.31575873
0.34362639
0.37494493
0.41017948
0.44984874
0.49460106
0.54535408
0.60326257
0.66916631
0.74352747
0.82709742
0.92083676
1.025511
1.1414014
1.2679096
1.4028964
1.5419232
1.677847
1.8012539
1.9019039
1.9708256
2.0022939
1.9949367
1.9516338
1.8784127
1.782886
1.672793
1.5549844
1.4349268
1.3166217
1.2027711
1.0950424
0.99434126
0.90105019
0.81521418
0.73663609
0.6648974
0.5995853
0.54100139
0.4887189
0.4418186
0.39953912
0.36169204
0.32784981
0.29769306
0.27092767
0.24729797
0.22653111
0.20836841
0.19300824
0.18085084
0.16962335
0.15688896
0.16271609
0.2033419
0.040460476
0.014197054
0.014546992
0.014934206
0.015339026
0.015779831
0.016267283
0.016807056
0.01740743
0.018077548
0.018829293
0.019677057
0.0206379
0.021730636
0.022974785
0.024390972
0.026001231
0.027828582
0.029899783
0.0322445
0.034896891
0.037895986
0.041285683
0.045115099
0.049439247
0.054318488
0.059818871
0.066011581
0.07297192
0.080775674
0.089498984
0.09923129
0.11008406
0.12218596
0.13568366
0.15074794
0.16757778
0.18640346
0.20749083
0.23114705
0.25772815
0.28764494
0.32136165
0.35939797
0.4023788
0.45116502
0.50691641
0.57060188
0.64276868
0.72418182
0.81587092
0.91872992
1.0332221
1.1589774
1.2940743
1.4341722
1.5720056
1.6978065
1.8008639
1.8718059
1.9047334
1.8983703
1.8558887
1.7836714
1.6896281
1.5816696
1.4666854
1.3500785
1.2357273
1.126189
1.0229911
0.92692368
0.83828556
0.75703503
0.68283861
0.61530171
0.55465942
0.50047983
0.45209481
0.40847933
0.36946826
0.33461424
0.30357171
0.27602873
0.25171186
0.23033431
0.21160288
0.19567701
0.18303004
0.17137365
0.15778222
0.16218811
0.19348765
0.068578249
-0.048308281
-0.048017866
-0.04769742
-0.047361717
-0.046996474
-0.046593013
-0.046144841
-0.045647395
-0.045091688
-0.044468085
-0.043764248
-0.042966042
-0.042057871
-0.041022693
-0.039843479
-0.03850205
-0.036978443
-0.035250697
-0.033293826
-0.031079315
-0.028574009
-0.025741039
-0.022538111
-0.018918506
-0.014829456
-0.010213013
-0.0050060282
0.00085994073
0.0074566187
0.014855322
0.023129324
0.032366979
0.042677112
0.054183824
0.067029314
0.081379666
0.09742854
0.11540036
0.13555477
0.15819259
0.18366346
0.21237295
0.24478382
0.28141562
0.32288176
0.37002158
0.42398424
0.4857926
0.55607229
0.63563176
0.72555719
0.82683048
0.94004531
1.0649925
1.1998785
1.34036
1.4789697
1.6055758
1.7090912
1.7799372
1.812283
1.8051682
1.7621974
1.6901469
1.5971757
1.4912679
1.3792404
1.2663332
1.1562261
1.0512816
0.95286384
0.86164351
0.77781309
0.70118155
0.6314099
0.56862329
0.51253931
0.46262182
0.4176344
0.3774194
0.34152062
0.30956358
0.28121874
0.25619381
0.23418781
0.21487525
0.19837378
0.18519774
0.17307988
0.15904579
0.16198545
0.18324731
0.084121572
-0.10197801
-0.10173797
-0.1014723
-0.10119444
-0.10089226
-0.10055762
-0.10018686
-0.099774241
-0.099313593
-0.098796034
-0.098211558
-0.097547993
-0.096792087
-0.095929487
-0.094945994
-0.093825693
-0.09255223
-0.091107178
-0.089469305
-0.087614427
-0.085514887
-0.083139093
-0.08045142
-0.077411497
-0.073974163
-0.070088729
-0.065699656
-0.060746216
-0.055162755
-0.048881191
-0.041834242
-0.033950037
-0.025140465
-0.015300271
-0.0043097686
0.0079699008
0.021701378
0.037074178
0.054308105
0.073658083
0.095420067
0.11993908
0.14761703
0.17891537
0.2143537
0.25454604
0.30033536
0.35284773
0.41310657
0.48181408
0.55984554
0.64833113
0.74830844
0.86045856
0.98466642
1.119167
1.2594939
1.3978809
1.5238181
1.6259487
1.6947015
1.724571
1.7151321
1.6705449
1.5979946
1.5058208
1.4019723
1.2930809
1.1841303
1.0785357
0.97842967
0.88500355
0.79878792
0.71980685
0.64781694
0.58284686
0.52488053
0.47337672
0.42698911
0.38553512
0.34856177
0.31566381
0.28649442
0.26074181
0.23809051
0.2181855
0.20110163
0.18736581
0.17474215
0.1603654
0.1619103
0.17678939
0.097364514
-0.14792653
-0.14772826
-0.14750892
-0.14727929
-0.14702926
-0.14675276
-0.14644603
-0.14610464
-0.1457228
-0.14529394
-0.14480854
-0.14425707
-0.14362747
-0.14290848
-0.1420869
-0.14115012
-0.14008396
-0.13887265
-0.13749867
-0.13594114
-0.13417694
-0.13217898
-0.12991699
-0.12735651
-0.12445856
-0.1211796
-0.11747063
-0.11327809
-0.10854344
-0.10320398
-0.097195243
-0.090453326
-0.08290652
-0.074467016
-0.065033324
-0.054489368
-0.0426987
-0.029501257
-0.014710655
0.0018895405
0.020550777
0.041565753
0.065276541
0.092082986
0.1224457
0.15688653
0.19603166
0.24074275
0.29211008
0.35112764
0.41857923
0.49541807
0.58280455
0.6818074
0.79315749
0.91676573
1.0507856
1.1904933
1.3277211
1.4515775
1.5505676
1.6153646
1.641052
1.6279426
1.580844
1.507332
1.4158364
1.3141538
1.2086215
1.1038846
1.0030451
0.90798908
0.81971554
0.73855645
0.66442503
0.59731739
0.53746747
0.48432987
0.43652219
0.39380079
0.35572733
0.32186519
0.29185082
0.26535264
0.24204059
0.221533
0.20386028
0.18954211
0.17640953
0.1617151
0.16162441
0.17271435
0.11030557
-0.18710322
-0.18693982
-0.18675905
-0.18657019
-0.18636411
-0.18613604
-0.18588306
-0.18560117
-0.18528579
-0.18493069
-0.1845285
-0.18407022
-0.18354674
-0.18294694
-0.18226089
-0.18147687
-0.18058333
-0.17956687
-0.17841219
-0.17710223
-0.17561665
-0.17393278
-0.17202462
-0.16986264
-0.16741346
-0.16463926
-0.16149762
-0.1579412
-0.15391819
-0.14937202
-0.14424272
-0.13846982
-0.13199192
-0.12473692
-0.11661824
-0.10753709
-0.097379211
-0.086009843
-0.073270971
-0.058978556
-0.04291846
-0.024841486
-0.0044566915
0.018577082
0.044659729
0.074252592
0.10788226
0.14619443
0.19007381
0.24056691
0.29863282
0.36514338
0.44112713
0.52776008
0.6261228
0.73696076
0.86013716
0.99360188
1.1322314
1.2673612
1.3877436
1.4819129
1.541047
1.561076
1.5432202
1.4929813
1.4182691
1.3274918
1.2281725
1.126255
1.0259816
0.93011552
0.84027737
0.75722166
0.68110331
0.61196857
0.5502431
0.4954413
0.44620527
0.4021968
0.36300336
0.32815792
0.2972811
0.27002178
0.24603539
0.22491658
0.20664861
0.19172711
0.17810304
0.16313159
0.16107537
0.16936982
0.12210502
-0.22031979
-0.22018632
-0.22003819
-0.21988298
-0.21971417
-0.2195271
-0.21931927
-0.21908751
-0.2188279
-0.21853493
-0.21820253
-0.21782301
-0.21738796
-0.21688877
-0.21631596
-0.21566034
-0.21491143
-0.21405789
-0.21308718
-0.21198412
-0.21073176
-0.20931049
-0.20769813
-0.2058693
-0.20379533
-0.20144349
-0.198777
-0.1957544
-0.19232991
-0.18845302
-0.18406916
-0.17912118
-0.17355288
-0.16730414
-0.16030165
-0.15246049
-0.14368419
-0.1338592
-0.12285161
-0.11050468
-0.096635732
-0.081031757
-0.063444147
-0.043581977
-0.021103274
0.0043933086
0.033371393
0.066365774
0.10404668
0.1473188
0.19718112
0.25457066
0.32045277
0.3959167
0.48213811
0.5801946
0.69080922
0.81371277
0.94651621
1.0835526
1.2155901
1.3310949
1.4188423
1.4707922
1.4839565
1.4605824
1.4068584
1.3309322
1.2410614
1.1443776
1.0463493
0.95077839
0.8600698
0.77553377
0.69767235
0.62667648
0.56313467
0.50665829
0.45600135
0.4106978
0.37037175
0.33452928
0.30277634
0.27474324
0.25007116
0.2283341
0.20946545
0.19391971
0.17981382
0.16461658
0.16043072
0.1663099
0.13269877
-0.24826649
-0.24815738
-0.24803724
-0.24791092
-0.24777338
-0.24762107
-0.24745139
-0.24726214
-0.24704956
-0.24680935
-0.24653583
-0.24622264
-0.24586254
-0.24544805
-0.24497105
-0.2444235
-0.24379662
-0.24308068
-0.24226473
-0.24133607
-0.24028005
-0.23907985
-0.23771641
-0.23616792
-0.23440962
-0.2324133
-0.230147
-0.22757465
-0.22465565
-0.22134537
-0.21759474
-0.21335126
-0.20856137
-0.20317168
-0.19712141
-0.19033743
-0.18273679
-0.17422397
-0.16468548
-0.15398755
-0.14197381
-0.12846176
-0.11323835
-0.096054325
-0.076617154
-0.054582033
-0.029543995
-0.0010347412
0.031492774
0.068735184
0.11160677
0.16106073
0.21804076
0.28360578
0.35887899
0.44502075
0.54309481
0.65375619
0.77650186
0.9084565
1.0432763
1.1711331
1.2803376
1.3601633
1.4036319
1.4090319
1.3796931
1.3224243
1.2454796
1.156828
1.0631045
0.96924771
0.87859646
0.79315931
0.71390766
0.64128606
0.57605016
0.51791371
0.46586332
0.41927177
0.37780971
0.34096325
0.30832531
0.27950934
0.25414278
0.23178198
0.21230917
0.1961222
0.18153254
0.16615121
0.1598163
0.16339656
0.14254114
-0.27152971
-0.27144226
-0.27134519
-0.27124369
-0.27113276
-0.27100975
-0.27087283
-0.27071953
-0.27054702
-0.27035146
-0.27012804
-0.26987116
-0.26957482
-0.26923209
-0.26883636
-0.26838062
-0.26785717
-0.26725789
-0.26657322
-0.26579234
-0.26490271
-0.26388978
-0.26273708
-0.26142599
-0.25993489
-0.25823955
-0.25631214
-0.25412118
-0.25163119
-0.24880253
-0.24559152
-0.24195039
-0.23782902
-0.23317774
-0.22794445
-0.22206709
-0.21547378
-0.20808304
-0.19979873
-0.19050669
-0.18007291
-0.16834071
-0.15512684
-0.14021698
-0.12335981
-0.10425938
-0.082566082
-0.057869074
-0.02969205
0.0025291335
0.039516567
0.08217974
0.13143815
0.18827345
0.25383434
0.32922761
0.41560825
0.5140075
0.62494748
0.74757111
0.87836152
1.01019
1.1326653
1.2341424
1.3046873
1.3386468
1.3357197
1.3003009
1.239696
1.1621076
1.0750805
0.9846741
0.89526466
0.80969452
0.7295367
0.65560861
0.58884682
0.52912219
0.47573216
0.42787903
0.38528924
0.34744011
0.31391415
0.28431054
0.25824365
0.23525532
0.21517717
0.19833858
0.18325915
0.16772462
0.15925696
0.16031549
0.1520309
-0.29061727
-0.29054817
-0.29047113
-0.29039029
-0.29030219
-0.29020434
-0.29009491
-0.28997245
-0.28983405
-0.28967646
-0.28949568
-0.28928686
-0.28904449
-0.28876303
-0.28843659
-0.28805893
-0.28762367
-0.28712365
-0.28655082
-0.28589589
-0.28514787
-0.28429435
-0.28332114
-0.28221193
-0.28094824
-0.27950887
-0.27786982
-0.27600365
-0.2738793
-0.2714617
-0.26871223
-0.2655889
-0.26204442
-0.25803032
-0.25350133
-0.24840548
-0.24267993
-0.23625416
-0.22904673
-0.22096025
-0.21187958
-0.20166983
-0.19017318
-0.17720488
-0.1625482
-0.14594837
-0.12710443
-0.10566021
-0.081197042
-0.053226923
-0.021164674
0.015731557
0.058354992
0.10768774
0.16469281
0.23050554
0.30630165
0.39322008
0.49221777
0.60360266
0.72602087
0.85515935
0.9830426
1.0988283
1.1911852
1.2512851
1.2750215
1.2635594
1.2222644
1.158767
1.0810474
0.99611129
0.90938999
0.82466302
0.744233
0.6694057
0.60132315
0.54018503
0.48553601
0.43647118
0.39277642
0.35393601
0.31952609
0.28913509
0.2623656
0.23874803
0.21806582
0.20057317
0.18499881
0.16930968
0.15869468
0.15705835
0.16142608
-0.30599223
-0.30593809
-0.30587796
-0.3058149
-0.30574595
-0.30566909
-0.30558325
-0.30548653
-0.30537691
-0.30525147
-0.30510667
-0.30493837
-0.30474179
-0.3045121
-0.30424421
-0.30393278
-0.30357226
-0.30315651
-0.30267859
-0.30213051
-0.30150325
-0.30078691
-0.29996911
-0.29903427
-0.29796511
-0.29674379
-0.29535032
-0.29376101
-0.29194848
-0.28988202
-0.28752818
-0.28485105
-0.28180445
-0.27834111
-0.2744212
-0.27000017
-0.26502451
-0.25943248
-0.25315386
-0.24610558
-0.23818872
-0.22928699
-0.21926401
-0.20796008
-0.19518781
-0.18072696
-0.16431778
-0.1456529
-0.1243682
-0.10003628
-0.07215644
-0.040108304
-0.0030712694
0.039775732
0.089317914
0.14667916
0.21303121
0.2895247
0.3772592
0.47708373
0.58898646
0.71095448
0.83774424
0.96054121
1.0682539
1.1501925
1.1989401
1.2120908
1.1922414
1.1455619
1.0798028
1.0025596
0.9202126
0.83751919
0.75761483
0.68239856
0.6132925
0.5509924
0.49519089
0.44499016
0.40023081
0.36042256
0.3251411
0.29396891
0.26649876
0.24225292
0.22097064
0.20282889
0.18675136
0.17087897
0.15836827
0.15445791
0.16486246
0.050039317
-0.31813062
-0.31808927
-0.31804324
-0.31799482
-0.31794174
-0.31788257
-0.31781616
-0.31774102
-0.31765543
-0.31755677
-0.31744207
-0.3173075
-0.31714923
-0.31696284
-0.31674394
-0.316488
-0.31619012
-0.31584509
-0.31544689
-0.31498885
-0.31446441
-0.31386553
-0.31318047
-0.31239492
-0.31149317
-0.31045839
-0.30927337
-0.30791887
-0.30637131
-0.30460365
-0.30258709
-0.3002903
-0.29767283
-0.2946872
-0.29129286
-0.28745409
-0.28312585
-0.27825349
-0.27277599
-0.2666226
-0.25970839
-0.25193274
-0.24317756
-0.23330433
-0.22215049
-0.20952486
-0.19520209
-0.17891587
-0.16035007
-0.13913055
-0.11481875
-0.086892048
-0.05467961
-0.017375445
0.02578326
0.075741775
0.13374607
0.2009231
0.27838806
0.36719245
0.46801108
0.58037567
0.7014458
0.82495785
0.94135781
1.0395976
1.1099917
1.1467979
1.1493734
1.12162
1.0702871
1.0030313
0.92692776
0.84765858
0.76924936
0.69428797
0.62459415
0.56140786
0.50460002
0.45336766
0.40760483
0.36686631
0.33073559
0.29879528
0.27063139
0.2457616
0.22388603
0.20510481
0.18850883
0.17242618
0.15864687
0.15277364
0.16033744
0.075048508
-0.32746738
-0.32743668
-0.32740251
-0.32736647
-0.3273269
-0.32728256
-0.32723259
-0.32717575
-0.32711036
-0.32703438
-0.32694502
-0.32683916
-0.32671317
-0.32656341
-0.32638599
-0.32617694
-0.32593211
-0.3256469
-0.3253163
-0.32493533
-0.32449863
-0.32399799
-0.32342274
-0.32276167
-0.3220019
-0.32112769
-0.32012179
-0.31896732
-0.31764516
-0.316132
-0.31440294
-0.31243037
-0.31017942
-0.30760327
-0.30466176
-0.30132516
-0.2975546
-0.29330295
-0.28851676
-0.28313493
-0.27708467
-0.27027911
-0.26261589
-0.25397475
-0.24421444
-0.23316872
-0.22064159
-0.20640145
-0.19017353
-0.17163126
-0.15038855
-0.12599094
-0.09788334
-0.065370581
-0.0276937
0.015964161
0.066617882
0.12551802
0.19376697
0.27245397
0.36254064
0.46442752
0.5770257
0.69651011
0.81558078
0.92415065
1.0115849
1.0695634
1.0942067
1.0865906
1.0517095
0.99663459
0.92873207
0.85443877
0.77865832
0.7047393
0.63501512
0.57126451
0.51365115
0.46152445
0.41484321
0.37322837
0.33628206
0.30359466
0.27474971
0.24926426
0.2268051
0.20739922
0.19027381
0.17392779
0.15927608
0.15169111
0.15355981
0.084579361
-0.33428622
-0.33426492
-0.33424097
-0.33421562
-0.33418772
-0.3341563
-0.33412053
-0.33407947
-0.33403168
-0.3339753
-0.33390797
-0.33382689
-0.33372898
-0.33361097
-0.33346951
-0.33330119
-0.33310233
-0.33286901
-0.33259721
-0.3322833
-0.33192201
-0.33150498
-0.3310231
-0.33046708
-0.32982681
-0.32908988
-0.32824019
-0.32725994
-0.32613236
-0.32483879
-0.32335774
-0.32166318
-0.31972384
-0.31750244
-0.31495822
-0.31205825
-0.30877212
-0.30505974
-0.30087348
-0.29616015
-0.29085744
-0.28489036
-0.27817001
-0.2705919
-0.26203311
-0.25234897
-0.24136884
-0.228891
-0.21467634
-0.1984403
-0.17984464
-0.15849011
-0.13390122
-0.1054834
-0.072502228
-0.034275123
0.010052438
0.061631715
0.12165558
0.19121065
0.2713407
0.36285668
0.4657527
0.57813713
0.6950833
0.80833981
0.90760167
0.98306429
1.0280905
1.040744
1.0236658
0.98266749
0.92488427
0.85721273
0.78533211
0.71337468
0.64427853
0.58037224
0.52221467
0.46936972
0.42188241
0.379464
0.34174881
0.30834447
0.27883773
0.25274949
0.22971954
0.20970804
0.19205032
0.17537891
0.15998794
0.15095737
0.14923708
0.092980263
-0.33881612
-0.33880283
-0.33878779
-0.33877178
-0.33875396
-0.33873369
-0.33871031
-0.33868294
-0.33865041
-0.33861108
-0.33856291
-0.33850343
-0.33842997
-0.33833969
-0.33822969
-0.33809695
-0.33793836
-0.33775053
-0.33753015
-0.33727435
-0.33697815
-0.33663375
-0.33623329
-0.3357688
-0.33523162
-0.33461174
-0.33389667
-0.33306988
-0.33211359
-0.33101148
-0.32974589
-0.32829332
-0.32662747
-0.32471721
-0.32251897
-0.32000105
-0.31714047
-0.31390115
-0.31024098
-0.30611334
-0.30146424
-0.29622875
-0.29032955
-0.28367546
-0.27615922
-0.26765451
-0.25801233
-0.24705656
-0.23457852
-0.22032999
-0.20401511
-0.18528255
-0.16371693
-0.13881314
-0.10992901
-0.076346253
-0.037439425
0.0077163817
0.060451388
0.12184298
0.19293169
0.27469068
0.36769261
0.47136064
0.5828242
0.69601423
0.80193409
0.89046888
0.95306429
0.98499517
0.98622407
0.96070834
0.91477393
0.85537254
0.78875522
0.71979286
0.6520801
0.58851914
0.5301439
0.47680058
0.42865036
0.38552232
0.34709973
0.3130189
0.28287705
0.2562041
0.23261966
0.21202425
0.19383849
0.17681103
0.16076666
0.1503256
0.14674415
0.10277718
-0.34128629
-0.34127989
-0.34127247
-0.34126442
-0.34125528
-0.34124459
-0.34123179
-0.34121619
-0.34119675
-0.34117207
-0.34114037
-0.34109952
-0.34104717
-0.34098087
-0.34089812
-0.34079632
-0.34067273
-0.34052453
-0.34034919
-0.34014404
-0.33990415
-0.33962276
-0.33929317
-0.33890849
-0.33846116
-0.33794258
-0.33734268
-0.33664859
-0.33584336
-0.33490967
-0.33383202
-0.33259059
-0.33116266
-0.32952033
-0.3276273
-0.32545204
-0.32296795
-0.32014613
-0.31695078
-0.31334034
-0.30926752
-0.30467616
-0.29949883
-0.29365572
-0.28705285
-0.27957948
-0.27110499
-0.26147504
-0.2505068
-0.23798302
-0.22364479
-0.2071833
-0.18823247
-0.16635488
-0.14100487
-0.1115214
-0.077282969
-0.037533366
0.0087646014
0.062868782
0.12582989
0.19864751
0.28215919
0.37657026
0.48054457
0.59009393
0.69807653
0.79508145
0.87164886
0.9208444
0.93995966
0.93068734
0.89798993
0.84839864
0.78843647
0.72358778
0.65810315
0.59547449
0.53727641
0.48370218
0.43506623
0.39134608
0.35229405
0.31758872
0.28684671
0.25961305
0.23549459
0.21433985
0.19563457
0.17824412
0.16165289
0.14967697
0.14434996
0.11195395
-0.34193172
-0.34193114
-0.34193013
-0.34192879
-0.34192696
-0.34192433
-0.34192048
-0.34191481
-0.34190644
-0.34189417
-0.34187644
-0.34185139
-0.34181702
-0.34177119
-0.34171176
-0.34163646
-0.34154293
-0.3414289
-0.34129261
-0.34113136
-0.34094007
-0.34071304
-0.34044469
-0.34012911
-0.33975967
-0.33932889
-0.33882819
-0.33824722
-0.33757234
-0.33678632
-0.33587266
-0.33481489
-0.33359464
-0.33218828
-0.33056594
-0.32869175
-0.32653805
-0.32408491
-0.32130034
-0.31814694
-0.31458327
-0.31056065
-0.30602019
-0.30089191
-0.29509324
-0.28852686
-0.28107784
-0.2726104
-0.26296373
-0.25194692
-0.23933263
-0.22484944
-0.20817441
-0.18892478
-0.16663487
-0.14071276
-0.11047366
-0.075387973
-0.034663782
0.012969353
0.068658382
0.13338848
0.20809135
0.29338576
0.38894542
0.49248613
0.59884261
0.70000393
0.7865818
0.85023982
0.88593076
0.89292552
0.87437815
0.8359102
0.78394253
0.72436656
0.66202547
0.60099447
0.54343641
0.48994859
0.44104068
0.39687167
0.35728632
0.32202122
0.29072316
0.26295941
0.23833224
0.21664634
0.1974324
0.1796717
0.16264142
0.14909655
0.14157087
0.11987614
-0.34098639
-0.34099066
-0.34099503
-0.3409993
-0.3410036
-0.34100772
-0.34101135
-0.34101402
-0.34101494
-0.34101311
-0.34100714
-0.34099546
-0.3409763
-0.34094786
-0.34090829
-0.34085563
-0.34078786
-0.34070311
-0.34060009
-0.34047616
-0.34032655
-0.34014639
-0.33993094
-0.3396751
-0.33937308
-0.33901832
-0.33860335
-0.33811945
-0.33755571
-0.3368974
-0.33612735
-0.33523195
-0.33419631
-0.33299649
-0.33160507
-0.32999035
-0.32812858
-0.3260007
-0.32357813
-0.32082808
-0.31771402
-0.31419337
-0.31021474
-0.30571679
-0.30062689
-0.29485929
-0.28831269
-0.28086727
-0.27238112
-0.26268572
-0.2515805
-0.23882606
-0.22413646
-0.20717249
-0.18752884
-0.16469752
-0.13804592
-0.10699613
-0.07098896
-0.02905113
0.020158505
0.077630646
0.14430285
0.22098831
0.30796011
0.40417029
0.50623617
0.60787473
0.70054761
0.77538891
0.82559486
0.8481319
0.84407872
0.81771008
0.7749343
0.72177281
0.66353208
0.60482987
0.5484385
0.49540432
0.44647644
0.4020293
0.36202637
0.32628015
0.29448023
0.26622437
0.24111911
0.2189339
0.19922656
0.18108557
0.16369335
0.14864594
0.13866635
0.12708889
-0.33864906
-0.33865734
-0.33866612
-0.33867507
-0.33868439
-0.33869412
-0.33870397
-0.33871353
-0.33872219
-0.33872904
-0.33873292
-0.33873243
-0.33872608
-0.33871231
-0.33868955
-0.33865615
-0.33861036
-0.3385506
-0.33847579
-0.33838351
-0.33826953
-0.33812968
-0.33795986
-0.33775561
-0.33751191
-0.33722298
-0.33688222
-0.33648199
-0.33601316
-0.33546411
-0.33482043
-0.33406943
-0.33319487
-0.33217354
-0.33098308
-0.3296
-0.32799903
-0.32615764
-0.32405423
-0.32166051
-0.31894376
-0.31586655
-0.31238413
-0.30844266
-0.30397824
-0.29891526
-0.29316434
-0.28661961
-0.27915561
-0.27062331
-0.26084534
-0.24961003
-0.23666414
-0.22170602
-0.204378
-0.18424357
-0.16074339
-0.13325396
-0.10131688
-0.064199619
-0.020754263
0.030207851
0.089624784
0.15836836
0.23703472
0.32538713
0.42146415
0.52071692
0.61594897
0.69855126
0.76067984
0.79735722
0.80753543
0.79381787
0.76120148
0.71551336
0.66233221
0.60673571
0.55209273
0.49992691
0.45126949
0.40674351
0.36645956
0.33032585
0.2980892
0.26938732
0.24384012
0.22119103
0.20101231
0.18248445
0.16476577
0.14844713
0.13639007
0.13041486
0.048847528
-0.33512559
-0.33513707
-0.33514947
-0.33516212
-0.33517552
-0.33518975
-0.33520463
-0.33521978
-0.33523471
-0.33524864
-0.33526056
-0.33526925
-0.33527345
-0.33527185
-0.33526311
-0.33524582
-0.33521848
-0.3351798
-0.3351288
-0.33506327
-0.33497956
-0.33487403
-0.33474316
-0.33458309
-0.33438941
-0.33415705
-0.33388015
-0.33355191
-0.33316444
-0.33270871
-0.33217447
-0.33154944
-0.33081459
-0.32994877
-0.32893514
-0.32775513
-0.32638102
-0.32479082
-0.32296917
-0.32089028
-0.31852473
-0.31583964
-0.31279595
-0.30934636
-0.30543457
-0.30099386
-0.29594523
-0.29019504
-0.28363219
-0.27612467
-0.26751529
-0.25761649
-0.24620375
-0.2330085
-0.21771188
-0.19993296
-0.17919145
-0.15488726
-0.12645566
-0.093478785
-0.055094574
-0.0099369182
0.042963624
0.10447777
0.1753584
0.25586037
0.34504915
0.43989769
0.53474998
0.62184802
0.69303199
0.74191121
0.76547432
0.76448477
0.7426901
0.70538414
0.65817816
0.60648273
0.55421119
0.50337035
0.45531072
0.410934
0.37052719
0.33411549
0.30151893
0.27242588
0.24647892
0.22340477
0.20278282
0.18386627
0.16583246
0.14866063
0.13500432
0.12812278
0.068215484
-0.33061113
-0.33062514
-0.3306403
-0.33065592
-0.33067254
-0.33069034
-0.33070916
-0.33072875
-0.33074869
-0.33076826
-0.33078664
-0.33080276
-0.33081553
-0.33082387
-0.33082666
-0.3308227
-0.33081073
-0.33078965
-0.33075856
-0.33071555
-0.33065735
-0.33058088
-0.33048309
-0.33036063
-0.33020965
-0.33002569
-0.3298036
-0.32953742
-0.32922035
-0.32884502
-0.32840352
-0.32788538
-0.3272715
-0.32654204
-0.32568281
-0.3246761
-0.32349729
-0.32212829
-0.32055462
-0.31875279
-0.31669683
-0.31435783
-0.31170149
-0.30868627
-0.30526254
-0.30137134
-0.29694281
-0.29189399
-0.28612635
-0.27952273
-0.27194359
-0.26322234
-0.25315963
-0.2415164
-0.22800736
-0.21229426
-0.19396284
-0.17247904
-0.14724637
-0.11786362
-0.083700142
-0.043705496
0.0033328343
0.058311095
0.12202416
0.19500099
0.27699239
0.36617792
0.45840191
0.54711406
0.62446427
0.68325556
0.71885377
0.7301873
0.71951861
0.6912919
0.65088375
0.6038703
0.5546158
0.50558947
0.45848837
0.41451689
0.37416718
0.33760339
0.30473612
0.27531602
0.24901791
0.22556102
0.20452938
0.18523279
0.16687849
0.14911257
0.13417167
0.12353271
0.072974941
-0.32528086
-0.3252968
-0.32531409
-0.32533194
-0.32535098
-0.32537147
-0.32539334
-0.32541634
-0.32544008
-0.32546408
-0.32548748
-0.32550946
-0.32552905
-0.32554536
-0.32555746
-0.32556435
-0.32556498
-0.32555838
-0.3255438
-0.32551947
-0.32548258
-0.32543049
-0.32536056
-0.32526989
-0.3251551
-0.32501233
-0.32483706
-0.32462418
-0.32436794
-0.3240621
-0.32369965
-0.32327078
-0.32275869
-0.32214644
-0.32142038
-0.3205642
-0.31955983
-0.31838825
-0.31703189
-0.31547296
-0.31368916
-0.31165477
-0.30933952
-0.30670697
-0.30371335
-0.30030659
-0.29642485
-0.29199457
-0.28692833
-0.28112203
-0.27445157
-0.26676878
-0.25789633
-0.24762144
-0.23568904
-0.22179621
-0.20558132
-0.18658655
-0.16423191
-0.1379627
-0.10744144
-0.071937107
-0.030145897
0.018942871
0.076125818
0.14206573
0.2169428
0.29981887
0.38784474
0.47580758
0.55662712
0.62288922
0.66879317
0.69160019
0.69198019
0.6732694
0.64034082
0.59873928
0.55314696
0.50644529
0.46069095
0.41740637
0.37731496
0.34074162
0.30770553
0.27803216
0.2514383
0.22764492
0.20624148
0.1865841
0.16790131
0.14962008
0.13363753
0.12040897
0.076816406
-0.31931057
-0.31932783
-0.31934664
-0.31936602
-0.31938676
-0.31940922
-0.3194332
-0.31945862
-0.31948517
-0.31951236
-0.31953952
-0.31956587
-0.31959065
-0.31961311
-0.31963248
-0.31964795
-0.31965862
-0.3196637
-0.31966248
-0.31965337
-0.31963393
-0.31960192
-0.31955508
-0.31949088
-0.3194064
-0.31929825
-0.31916256
-0.31899491
-0.31879036
-0.31854337
-0.31824749
-0.31789389
-0.3174691
-0.31695803
-0.31634677
-0.31562206
-0.31477032
-0.31376965
-0.31260213
-0.31125605
-0.30971127
-0.30794457
-0.30592929
-0.3036334
-0.30101831
-0.298038
-0.29463767
-0.29075211
-0.28630366
-0.28119976
-0.27532993
-0.26856217
-0.26073843
-0.25166902
-0.24112584
-0.22883624
-0.21447736
-0.1976539
-0.17784975
-0.15447246
-0.12714841
-0.095402659
-0.05825527
-0.014467227
0.036803584
0.096262658
0.16434239
0.24071089
0.32356393
0.40897843
0.49091529
0.56224201
0.61649053
0.64955164
0.6605302
0.65148162
0.62653201
0.59098418
0.54967253
0.50581092
0.46181085
0.41951675
0.37990465
0.3434806
0.31039045
0.28054743
0.25372025
0.22964093
0.20790731
0.18791618
0.16891656
0.15017568
0.13326897
0.11871013
0.082442671
-0.31287325
-0.31289135
-0.31291101
-0.31293131
-0.31295316
-0.31297671
-0.31300205
-0.31302903
-0.31305736
-0.31308662
-0.31311631
-0.31314572
-0.31317415
-0.31320105
-0.3132258
-0.31324774
-0.3132661
-0.31328046
-0.31328998
-0.31329295
-0.31328741
-0.31327153
-0.31324339
-0.3132008
-0.31314122
-0.31306171
-0.31295889
-0.3128289
-0.31266735
-0.31246919
-0.31222862
-0.31193854
-0.31158915
-0.31116592
-0.31065403
-0.31004253
-0.30931861
-0.30846163
-0.30745759
-0.30629695
-0.3049607
-0.30342802
-0.30167541
-0.29967469
-0.29739178
-0.29478593
-0.29180858
-0.28840186
-0.28449675
-0.28001088
-0.27484589
-0.26888407
-0.26198446
-0.25397787
-0.24466058
-0.23378772
-0.22106833
-0.2061556
-0.18860782
-0.16785605
-0.14337381
-0.11487184
-0.081688919
-0.042656777
0.0032696761
0.056813755
0.11853515
0.18849763
0.26567878
0.34728531
0.42841731
0.5025888
0.56313962
0.60496692
0.62576023
0.62622194
0.60953799
0.58056291
0.54409639
0.50357775
0.46174836
0.42076495
0.38187058
0.34577006
0.31275318
0.28283391
0.25584296
0.23153297
0.20951477
0.18922272
0.16993497
0.15081674
0.13298841
0.11711453
0.087591686
-0.30614153
-0.30615983
-0.30617981
-0.30620053
-0.30622273
-0.30624675
-0.30627264
-0.30630028
-0.30632944
-0.3063598
-0.30639085
-0.30642198
-0.30645268
-0.30648244
-0.30651078
-0.30653717
-0.30656106
-0.30658219
-0.30659966
-0.30661173
-0.30661678
-0.30661337
-0.30659983
-0.30657427
-0.3065345
-0.30647792
-0.30640158
-0.30630206
-0.30617543
-0.30601719
-0.30582235
-0.30558522
-0.30529813
-0.30494757
-0.30451927
-0.30400304
-0.30338684
-0.30265429
-0.30179282
-0.3007917
-0.29963496
-0.29830449
-0.29677953
-0.29503516
-0.2930412
-0.2907616
-0.2881533
-0.2851649
-0.28173505
-0.27779039
-0.27324327
-0.26798869
-0.26190081
-0.25482854
-0.24659
-0.23696571
-0.22569284
-0.21246044
-0.19688779
-0.17847208
-0.15663075
-0.13097527
-0.10116274
-0.066314539
-0.025195139
0.022983231
0.078838569
0.14267932
0.21403969
0.29104699
0.36990444
0.44499162
0.50985708
0.55880758
0.5883615
0.59789832
0.58953789
0.56750346
0.53636588
0.4996616
0.46041593
0.42107322
0.38314893
0.34755999
0.31475559
0.28486296
0.25778487
0.23330447
0.21105184
0.19049653
0.17095187
0.15153473
0.13279937
0.11527968
0.091381375
-0.29929213
-0.29931021
-0.29933
-0.29935046
-0.29937239
-0.29939625
-0.29942194
-0.2994494
-0.29947853
-0.29950894
-0.29954023
-0.2995719
-0.2996035
-0.29963458
-0.29966486
-0.29969384
-0.29972115
-0.29974647
-0.29976905
-0.29978727
-0.29979982
-0.2998054
-0.29980261
-0.2997898
-0.29976501
-0.29972599
-0.29967011
-0.29959434
-0.29949523
-0.29936889
-0.29921102
-0.29901673
-0.29877917
-0.29848651
-0.29812604
-0.29768797
-0.29716215
-0.29653722
-0.29579816
-0.29493193
-0.2939279
-0.29277024
-0.29144037
-0.28991615
-0.28817089
-0.28617262
-0.28388316
-0.28125685
-0.27823911
-0.27476463
-0.27075527
-0.26611734
-0.26073848
-0.25448369
-0.24719051
-0.23866275
-0.22866384
-0.21691248
-0.20307384
-0.1867192
-0.16729101
-0.14426407
-0.11737043
-0.086024064
-0.049213039
-0.0059031916
0.044586016
0.10268912
0.16831852
0.24031106
0.31585139
0.39027143
0.45762585
0.51201315
0.54908237
0.567011
0.56680303
0.55190625
0.5264773
0.49400822
0.45774246
0.42037213
0.38367964
0.34880182
0.31635985
0.28660569
0.25952393
0.23493844
0.21250604
0.19173017
0.1719582
0.15229629
0.13279631
0.11380519
0.092658893
0.034521562
-0.2925073
-0.29252472
-0.29254367
-0.29256334
-0.29258446
-0.29260739
-0.29263213
-0.29265864
-0.29268675
-0.29271625
-0.29274669
-0.29277767
-0.2928088
-0.29283975
-0.29287028
-0.29290005
-0.29292867
-0.29295596
-0.29298109
-0.29300272
-0.29301967
-0.29303088
-0.29303508
-0.29303083
-0.2930164
-0.29298977
-0.29294862
-0.29289027
-0.29281168
-0.29270949
-0.29257992
-0.29241858
-0.29221917
-0.29197145
-0.29166449
-0.29128949
-0.29083793
-0.29030034
-0.28966022
-0.28890546
-0.28802917
-0.28701678
-0.28585148
-0.28451359
-0.28297944
-0.28122065
-0.2792033
-0.27688678
-0.2742225
-0.27115228
-0.26760642
-0.26350132
-0.25873662
-0.25319166
-0.24672126
-0.23915017
-0.23026636
-0.21981532
-0.20749641
-0.19294243
-0.17566738
-0.15509332
-0.13077681
-0.10243063
-0.069365207
-0.030450292
0.015152338
0.067945094
0.12808293
0.19492594
0.2664779
0.33900658
0.4072593
0.46545159
0.50868426
0.5341238
0.5416841
0.53394231
0.51447888
0.48659772
0.45367728
0.41860348
0.38340844
0.3494497
0.31752918
0.28803337
0.26103793
0.23641769
0.21386438
0.19291566
0.17294734
0.15307292
0.13305482
0.11305183
0.091365624
0.045467131
-0.28598383
-0.286
-0.28601761
-0.28603587
-0.28605549
-0.28607679
-0.28609982
-0.28612447
-0.28615069
-0.28617816
-0.28620664
-0.28623566
-0.28626493
-0.28629421
-0.28632328
-0.28635192
-0.28637979
-0.28640669
-0.28643185
-0.28645404
-0.2864723
-0.28648565
-0.28649302
-0.28649308
-0.28648428
-0.28646483
-0.28643263
-0.28638529
-0.28632014
-0.28623416
-0.28612399
-0.28598556
-0.28581317
-0.28559816
-0.28533133
-0.28500485
-0.28461091
-0.28413981
-0.28357573
-0.28290955
-0.28213605
-0.28124146
-0.28021056
-0.27902581
-0.27766618
-0.2761064
-0.27431624
-0.27225955
-0.26989301
-0.26716473
-0.26401252
-0.26036174
-0.25612272
-0.25118762
-0.24542658
-0.238683
-0.23076727
-0.22145011
-0.2104586
-0.19746894
-0.1820688
-0.1637149
-0.14184647
-0.11616112
-0.086251292
-0.051220756
-0.010043403
0.037878528
0.092851081
0.15460642
0.22180014
0.29155116
0.35938496
0.41988207
0.46790107
0.49983252
0.51459307
0.51384692
0.50047101
0.47744751
0.4481935
0.41572319
0.38228887
0.34946184
0.31822872
0.28911799
0.26230487
0.23772502
0.21511345
0.19404395
0.17391702
0.15385453
0.13347697
0.11279078
0.088854809
0.046229307
-0.27994027
-0.27995457
-0.27997024
-0.27998643
-0.28000384
-0.28002276
-0.28004317
-0.28006505
-0.2800883
-0.28011269
-0.28013789
-0.2801636
-0.28018952
-0.28021545
-0.28024123
-0.28026669
-0.28029157
-0.28031559
-0.28033805
-0.28035782
-0.28037405
-0.28038589
-0.28039234
-0.2803922
-0.28038406
-0.28036626
-0.28033691
-0.28029382
-0.28023457
-0.28015638
-0.28005611
-0.27993002
-0.27977323
-0.27957904
-0.27933914
-0.27904568
-0.27869151
-0.27826704
-0.27775835
-0.27715826
-0.27646184
-0.27565678
-0.27472947
-0.27366423
-0.27244226
-0.27104099
-0.26943345
-0.26758739
-0.26546415
-0.26301742
-0.26019164
-0.25692012
-0.25312272
-0.24870301
-0.24354483
-0.23750818
-0.23042374
-0.22208618
-0.21224843
-0.20061881
-0.18684388
-0.17045749
-0.15088111
-0.12764021
-0.10045087
-0.06871553
-0.031519907
0.011952775
0.062128522
0.11898742
0.18168342
0.24806683
0.31444624
0.37593187
0.42740531
0.46473334
0.4859818
0.49190944
0.48460323
0.4666134
0.4412906
0.41170374
0.38028424
0.34880188
0.3184264
0.28983287
0.26330329
0.23884348
0.21623974
0.19510475
0.17486343
0.15464098
0.13395621
0.11277121
0.087112041
0.045866989
-0.27463222
-0.27464404
-0.27465695
-0.27467033
-0.27468471
-0.27470028
-0.2747171
-0.27473511
-0.27475415
-0.2747741
-0.27479462
-0.27481541
-0.27483621
-0.27485684
-0.27487722
-0.27489716
-0.27491644
-0.27493475
-0.27495136
-0.27496527
-0.27497566
-0.27498178
-0.27498267
-0.2749772
-0.27496403
-0.2749416
-0.27490814
-0.27486159
-0.27479967
-0.27471974
-0.27461885
-0.27449358
-0.27433991
-0.27415256
-0.27392371
-0.27364525
-0.27331044
-0.27291131
-0.27243815
-0.27188178
-0.27123464
-0.27048846
-0.26963143
-0.26864941
-0.26752548
-0.26623945
-0.26476725
-0.26308012
-0.26114364
-0.25891653
-0.25634928
-0.25338242
-0.24994439
-0.24594903
-0.24129241
-0.23584918
-0.22946794
-0.22196512
-0.21311828
-0.20266232
-0.19028445
-0.17559226
-0.15806616
-0.13713881
-0.11239347
-0.083483136
-0.049760167
-0.010322311
0.035433583
0.08766484
0.14589017
0.20856066
0.27271703
0.33408688
0.3877834
0.42939428
0.45631951
0.46846055
0.46706881
0.45418872
0.43299571
0.40653607
0.37736937
0.34744022
0.31809391
0.29015328
0.26401272
0.23975659
0.21722993
0.19608706
0.17577915
0.15543839
0.13448868
0.11292412
0.086363839
0.04639568
-0.2703817
-0.27039019
-0.27039946
-0.27040906
-0.27041934
-0.27043048
-0.27044245
-0.2704552
-0.27046861
-0.27048246
-0.2704965
-0.27051042
-0.27052398
-0.27053701
-0.2705494
-0.27056101
-0.27057158
-0.27058076
-0.27058778
-0.27059169
-0.27059173
-0.27058711
-0.27057691
-0.27056
-0.27053505
-0.27050054
-0.27045471
-0.27039559
-0.27032093
-0.27022821
-0.27011462
-0.26997704
-0.26981185
-0.26961433
-0.26937739
-0.26909337
-0.26875594
-0.26835912
-0.26789628
-0.2673552
-0.266727
-0.26600747
-0.26518604
-0.26424972
-0.26318323
-0.26196843
-0.26058369
-0.25900318
-0.25719605
-0.25512534
-0.25274682
-0.2500074
-0.2468433
-0.24317776
-0.23891821
-0.23395285
-0.22814655
-0.22133559
-0.21332089
-0.20386218
-0.19267578
-0.17942212
-0.1636614
-0.14483971
-0.1224176
-0.096039691
-0.065275133
-0.029405092
0.012311186
0.060223679
0.11411919
0.1729231
0.23432486
0.29469375
0.34952057
0.39432953
0.42607007
0.44385956
0.44809672
0.44030138
0.42336378
0.40023091
0.373532
0.34535517
0.31720752
0.29005705
0.26441407
0.24044852
0.21807093
0.19698016
0.17665549
0.15624957
0.13510253
0.11324231
0.086001436
0.046124779
-0.26759603
-0.26759997
-0.26760423
-0.26760862
-0.26761331
-0.26761831
-0.2676236
-0.2676291
-0.26763464
-0.26764003
-0.26764497
-0.26764919
-0.26765242
-0.26765446
-0.2676552
-0.26765445
-0.2676519
-0.26764708
-0.26763918
-0.26762723
-0.26761044
-0.26758799
-0.26755887
-0.26752189
-0.26747565
-0.26741858
-0.26734886
-0.26726443
-0.26716304
-0.26704213
-0.26689892
-0.26673036
-0.26653293
-0.26630209
-0.26603137
-0.26571383
-0.26534374
-0.26491584
-0.26442352
-0.2638542
-0.26320059
-0.26246
-0.26162271
-0.26067714
-0.25960995
-0.25840534
-0.2570445
-0.25550494
-0.25375966
-0.25177614
-0.24951519
-0.24692948
-0.24396186
-0.24054331
-0.23659052
-0.23200293
-0.22665916
-0.22041263
-0.21308554
-0.20446204
-0.19428405
-0.18224795
-0.16798088
-0.15099952
-0.13073794
-0.1067109
-0.078548716
-0.045757995
-0.0076665537
0.036256703
0.086036078
0.14096328
0.19927832
0.25797081
0.31299482
0.35997856
0.39567294
0.4184828
0.42794321
0.42510949
0.41247653
0.39281931
0.36877398
0.34253417
0.31574912
0.28952533
0.26449021
0.24090451
0.21875019
0.19777402
0.17748408
0.1570704
0.13580196
0.11371614
0.085761906
0.044839902
0.00070120507
-0.26696177
-0.26695879
-0.26695547
-0.26695198
-0.26694815
-0.26694384
-0.26693894
-0.26693333
-0.26692682
-0.26691914
-0.26691001
-0.26689908
-0.26688607
-0.26687074
-0.26685289
-0.26683226
-0.26680842
-0.2667807
-0.26674817
-0.26670983
-0.26666479
-0.26661209
-0.26655058
-0.26647893
-0.26639569
-0.26629927
-0.26618763
-0.26605847
-0.26590956
-0.26573843
-0.26554233
-0.26531824
-0.26506276
-0.26477166
-0.26443918
-0.26405929
-0.26362688
-0.26313677
-0.26258202
-0.26195158
-0.26123929
-0.26044139
-0.25954798
-0.2585478
-0.25742797
-0.25617357
-0.25476719
-0.25318854
-0.25141387
-0.24941516
-0.24715908
-0.24460565
-0.2417064
-0.23840229
-0.23462107
-0.2302743
-0.22525391
-0.21942835
-0.21263775
-0.20468762
-0.19534306
-0.18432643
-0.17130938
-0.1558817
-0.13752681
-0.1156961
-0.089929569
-0.059834368
-0.024915143
0.015376432
0.061295661
0.11243804
0.16749439
0.22402312
0.27847993
0.32673292
0.36553817
0.39267191
0.40687556
0.40879256
0.40043804
0.38435078
0.36311056
0.33897349
0.31370605
0.28854252
0.26422586
0.24111077
0.21925551
0.198459
0.17825703
0.15789183
0.13656154
0.11435177
0.086033381
0.044019123
-0.26985502
-0.26984091
-0.26982541
-0.26980918
-0.26979152
-0.269772
-0.26975033
-0.26972626
-0.26969935
-0.26966916
-0.26963513
-0.26959666
-0.26955322
-0.26950426
-0.26944925
-0.26938769
-0.26931878
-0.26924156
-0.26915482
-0.26905711
-0.26894705
-0.26882313
-0.26868367
-0.26852702
-0.26835177
-0.26815597
-0.26793645
-0.26768949
-0.26741216
-0.26710233
-0.26675741
-0.26637434
-0.26594975
-0.26547983
-0.26495996
-0.26438555
-0.26375289
-0.26305845
-0.26229804
-0.26146633
-0.26056055
-0.25957777
-0.25851124
-0.25735289
-0.25609264
-0.25471769
-0.2532121
-0.25155634
-0.24972676
-0.24769512
-0.24542801
-0.24288616
-0.24002351
-0.2367858
-0.23310865
-0.22891474
-0.22411029
-0.21858084
-0.21218623
-0.2047546
-0.19607559
-0.18589598
-0.17391746
-0.1597829
-0.14304613
-0.12317958
-0.099656085
-0.072027956
-0.039899712
-0.0028377555
0.039504016
0.087015056
0.13876116
0.19280056
0.2460963
0.29487223
0.33598768
0.36669629
0.38514522
0.39153245
0.38736543
0.37489073
0.35657216
0.33468259
0.31107665
0.28710195
0.26361283
0.24105914
0.21957919
0.19902944
0.17896964
0.15870922
0.13738334
0.11517526
0.087122532
0.039855766
-0.27845933
-0.27844819
-0.27843576
-0.27842265
-0.27840825
-0.27839214
-0.27837393
-0.27835321
-0.27832938
-0.27830169
-0.27826925
-0.27823109
-0.27818628
-0.27813392
-0.27807311
-0.27800292
-0.27792231
-0.27783016
-0.2777249
-0.2776045
-0.27746687
-0.27730979
-0.27713071
-0.27692711
-0.27669656
-0.27643591
-0.27614071
-0.27580557
-0.2754248
-0.27499361
-0.27450761
-0.27396154
-0.27334938
-0.27266448
-0.27189966
-0.27104752
-0.27010146
-0.26905618
-0.26790729
-0.26665105
-0.26528713
-0.26381624
-0.26223715
-0.26054926
-0.25875152
-0.2568416
-0.25481514
-0.2526647
-0.2503787
-0.24794005
-0.24532481
-0.24250081
-0.23942645
-0.23604961
-0.23230664
-0.22812121
-0.22340249
-0.21804254
-0.21191246
-0.20485702
-0.19668767
-0.18717556
-0.17604789
-0.16298313
-0.1475932
-0.12940765
-0.10790226
-0.082572308
-0.052991088
-0.018798134
0.020310856
0.064387476
0.11285879
0.16421057
0.21588543
0.26461022
0.30731126
0.34082835
0.36299885
0.37351797
0.37338815
0.36451758
0.34920011
0.32967884
0.30786446
0.28520024
0.26264519
0.24074321
0.21971477
0.19948064
0.17961797
0.15951873
0.13828211
0.11608509
0.089240152
0.033274228
-0.27881085
-0.2788119
-0.2788129
-0.2788138
-0.27881458
-0.27881512
-0.27881524
-0.27881464
-0.27881288
-0.27880939
-0.27880346
-0.27879434
-0.2787813
-0.27876367
-0.27874083
-0.27871216
-0.27867699
-0.27863467
-0.27858411
-0.27852375
-0.27845208
-0.27836747
-0.278268
-0.27815142
-0.27801519
-0.27785643
-0.27767186
-0.27745738
-0.27720734
-0.27691585
-0.27657781
-0.27618746
-0.27573791
-0.27522108
-0.27462771
-0.27394714
-0.27316833
-0.27228071
-0.27127349
-0.27013475
-0.268857
-0.26743448
-0.26585816
-0.2641205
-0.26221516
-0.26013676
-0.25788079
-0.25544334
-0.25282049
-0.2500073
-0.24699617
-0.24377468
-0.2403229
-0.2366104
-0.23259329
-0.2282116
-0.22338705
-0.21802127
-0.21199376
-0.20515924
-0.19734318
-0.18833551
-0.17788497
-0.16569564
-0.1514188
-0.13463845
-0.11487197
-0.091608813
-0.064377605
-0.032797791
0.0034079761
0.044332748
0.089636206
0.13819797
0.18796917
0.23620594
0.27978523
0.31539116
0.3407286
0.35498489
0.35867656
0.35334162
0.34105773
0.32399289
0.30407961
0.28283596
0.26131592
0.24015366
0.21965167
0.19980343
0.18019406
0.1603035
0.13927081
0.11695776
0.092857574
0.025361781
-0.27710742
-0.27711198
-0.27711687
-0.27712184
-0.27712704
-0.27713247
-0.27713799
-0.27714335
-0.27714823
-0.27715209
-0.27715435
-0.27715434
-0.27715142
-0.27714501
-0.27713458
-0.27711966
-0.27709979
-0.27707432
-0.27704214
-0.27700209
-0.2769531
-0.27689398
-0.27682324
-0.27673904
-0.27663905
-0.27652087
-0.27638192
-0.27621899
-0.2760278
-0.27580343
-0.27554097
-0.27523525
-0.2748804
-0.27446965
-0.27399513
-0.27344758
-0.27281691
-0.27209295
-0.2712646
-0.27031919
-0.26924718
-0.26803951
-0.26668313
-0.26516444
-0.26346931
-0.26158309
-0.25949087
-0.2571779
-0.25462998
-0.25183385
-0.24877717
-0.2454481
-0.2418339
-0.23791858
-0.23367933
-0.22908215
-0.22407686
-0.21859242
-0.21253277
-0.20577358
-0.19815911
-0.18949837
-0.17956039
-0.16807075
-0.15470805
-0.13909594
-0.12079748
-0.099329431
-0.07420883
-0.045019352
-0.011463169
0.026588646
0.06891278
0.11474116
0.16248605
0.20978312
0.25356772
0.29064843
0.31859252
0.33615588
0.34340041
0.34147885
0.33221581
0.31766227
0.29973765
0.28001146
0.25962021
0.23928236
0.21937954
0.19998808
0.18068998
0.16103826
0.14040533
0.1176891
0.098008324
0.015283099
-0.27445122
-0.27445794
-0.27446516
-0.27447257
-0.27448045
-0.27448882
-0.27449758
-0.27450657
-0.27451542
-0.27452377
-0.27453102
-0.27453662
-0.27454
-0.27454066
-0.27453814
-0.27453205
-0.27452214
-0.27450766
-0.27448738
-0.27446035
-0.27442574
-0.27438257
-0.27432961
-0.27426529
-0.27418765
-0.27409452
-0.27398355
-0.27385196
-0.27369631
-0.27351232
-0.27329522
-0.27304006
-0.27274138
-0.27239304
-0.27198798
-0.27151793
-0.2709737
-0.27034581
-0.26962476
-0.26880104
-0.26786405
-0.26680357
-0.26560974
-0.26426989
-0.26276971
-0.26109333
-0.2592231
-0.25713953
-0.25482144
-0.25224626
-0.24939054
-0.24623053
-0.24274265
-0.23890345
-0.23468871
-0.23007108
-0.22501609
-0.21947658
-0.21338608
-0.20665219
-0.1991506
-0.19071999
-0.18115731
-0.17021425
-0.15759522
-0.14295445
-0.12589263
-0.10596176
-0.082692485
-0.055649929
-0.024502113
0.010917436
0.050516399
0.093748757
0.13935659
0.18528901
0.2287626
0.26678574
0.29679822
0.31722622
0.32771925
0.32904578
0.32275102
0.31073218
0.29486174
0.27673579
0.25755895
0.23812604
0.21889195
0.2000274
0.18110678
0.16169566
0.14166754
0.11809868
0.10576552
0.0071473595
-0.27085865
-0.27086715
-0.27087638
-0.27088591
-0.27089604
-0.27090692
-0.27091847
-0.27093051
-0.27094281
-0.27095496
-0.27096649
-0.27097691
-0.27098573
-0.27099252
-0.27099688
-0.27099853
-0.27099729
-0.27099246
-0.27098289
-0.27096774
-0.27094628
-0.27091764
-0.27088081
-0.27083451
-0.27077718
-0.27070692
-0.27062153
-0.27051858
-0.2703952
-0.27024775
-0.27007192
-0.26986308
-0.26961612
-0.26932533
-0.26898419
-0.26858503
-0.26811919
-0.26757767
-0.26695213
-0.26623478
-0.26541323
-0.26447649
-0.26341711
-0.26222307
-0.26088092
-0.25937583
-0.25769123
-0.25580837
-0.25370614
-0.25136079
-0.24874588
-0.24583232
-0.24258868
-0.23898161
-0.23497632
-0.23053657
-0.22562376
-0.22019426
-0.21419471
-0.20755525
-0.20018149
-0.19194638
-0.18268269
-0.17217698
-0.16016616
-0.14633608
-0.13032103
-0.11170718
-0.090049264
-0.064911713
-0.035933567
-0.0028999542
0.034183759
0.07492096
0.11831731
0.16263731
0.2054439
0.24393944
0.27552076
0.298374
0.31178832
0.31616268
0.31274753
0.30325617
0.28948262
0.27302434
0.25513785
0.23668529
0.21818559
0.1999155
0.18144973
0.16221573
0.14309374
0.11940572
0.11184291
-0.26654392
-0.26655369
-0.26656438
-0.26657537
-0.26658714
-0.26659982
-0.26661336
-0.26662762
-0.26664238
-0.26665731
-0.26667199
-0.26668597
-0.26669885
-0.26671024
-0.26671985
-0.26672743
-0.26673284
-0.26673549
-0.26673432
-0.26672858
-0.26671761
-0.26670066
-0.26667683
-0.26664509
-0.26660422
-0.26655255
-0.26648805
-0.26640855
-0.2663116
-0.26619411
-0.26605235
-0.26588217
-0.26567888
-0.26543721
-0.2651512
-0.26481389
-0.26441741
-0.26395364
-0.26341501
-0.26279403
-0.26207842
-0.2612583
-0.26032687
-0.25927206
-0.25808069
-0.25673837
-0.25522899
-0.25353435
-0.25163393
-0.24950455
-0.24712014
-0.24445144
-0.24146574
-0.23812674
-0.23439456
-0.23022589
-0.22557409
-0.2203888
-0.21461435
-0.2081861
-0.20102442
-0.1930266
-0.18405752
-0.17394061
-0.16245092
-0.14931132
-0.13419208
-0.11671418
-0.096461348
-0.073010163
-0.045985139
-0.015130871
0.019612378
0.057972508
0.099171315
0.14176789
0.18364089
0.22220756
0.25490551
0.27975895
0.2957554
0.30295005
0.30229393
0.29529359
0.28363662
0.26889706
0.25236598
0.23496312
0.21725917
0.19964476
0.1817281
0.16258779
0.14477162
0.12223975
0.10086939
-0.26172897
-0.26173959
-0.26175119
-0.26176315
-0.26177598
-0.26178985
-0.26180469
-0.26182041
-0.26183683
-0.26185364
-0.26187047
-0.26188692
-0.26190266
-0.26191735
-0.26193075
-0.26194265
-0.26195298
-0.2619612
-0.26196635
-0.26196778
-0.26196488
-0.26195698
-0.26194331
-0.26192305
-0.2618952
-0.26185818
-0.26181019
-0.26174932
-0.26167342
-0.26157979
-0.2614652
-0.26132599
-0.26115792
-0.26095617
-0.26071524
-0.26042882
-0.2600899
-0.25969119
-0.2592257
-0.25868606
-0.25806092
-0.25734209
-0.2565234
-0.25559308
-0.25453869
-0.2533466
-0.25200138
-0.25048542
-0.24877865
-0.24685825
-0.24469835
-0.2422698
-0.23953985
-0.23647185
-0.2330249
-0.22915357
-0.22480763
-0.21993179
-0.21446528
-0.20834046
-0.20147989
-0.19379101
-0.18515839
-0.17543428
-0.16442919
-0.15190464
-0.13756994
-0.12108372
-0.10206287
-0.080105386
-0.054835341
-0.025969768
0.0066064835
0.042726979
0.081790859
0.1226099
0.16334666
0.20165466
0.23506834
0.2615204
0.27975772
0.28952566
0.29148089
0.28690808
0.27736476
0.26437806
0.24925557
0.23296472
0.21611379
0.19920651
0.18195211
0.16280777
0.1463153
0.12736319
0.08408486
-0.25657862
-0.25658976
-0.2566019
-0.25661449
-0.25662795
-0.25664252
-0.2566582
-0.25667484
-0.25669231
-0.25671034
-0.25672859
-0.25674673
-0.25676443
-0.25678144
-0.25679756
-0.2568126
-0.25682654
-0.25683888
-0.2568488
-0.25685567
-0.25685896
-0.25685809
-0.25685241
-0.25684137
-0.25682394
-0.25679861
-0.25676382
-0.25671793
-0.25665902
-0.25658469
-0.25649208
-0.25637802
-0.25623871
-0.25606973
-0.25586605
-0.25562196
-0.25533116
-0.25498703
-0.25458296
-0.25411169
-0.25356296
-0.25293017
-0.25220774
-0.25138434
-0.25044845
-0.24938751
-0.2481872
-0.24683105
-0.24530009
-0.24357245
-0.24162307
-0.23942332
-0.23694066
-0.23413841
-0.23097535
-0.22740543
-0.22337729
-0.21883379
-0.21371152
-0.20793991
-0.20143982
-0.19412072
-0.18587576
-0.17657443
-0.16605349
-0.15410806
-0.14048523
-0.12488243
-0.10695286
-0.086322455
-0.062625923
-0.035565672
-0.0049831744
0.029040734
0.066050879
0.1050734
0.14453003
0.18231517
0.21609638
0.24377592
0.26391948
0.27600196
0.28039918
0.27816631
0.27071215
0.25949551
0.24582215
0.23069762
0.21475359
0.19859194
0.18212313
0.16291727
0.14736956
0.13558074
0.067618243
-0.2512141
-0.25122549
-0.25123794
-0.25125082
-0.25126464
-0.2512796
-0.25129571
-0.25131288
-0.25133095
-0.25134971
-0.25136884
-0.25138805
-0.25140705
-0.25142566
-0.25144365
-0.25146092
-0.25147746
-0.25149284
-0.2515063
-0.25151729
-0.25152534
-0.25152991
-0.25153054
-0.25152674
-0.25151757
-0.25150155
-0.25147738
-0.2514436
-0.2513985
-0.25133989
-0.25126525
-0.25117181
-0.2510562
-0.25091439
-0.2507418
-0.25053329
-0.25028316
-0.24998534
-0.24963348
-0.24922049
-0.24873715
-0.24817833
-0.24753888
-0.24680788
-0.24597464
-0.24502762
-0.24395364
-0.24273744
-0.24136141
-0.23980511
-0.2380449
-0.23605348
-0.23379946
-0.23124696
-0.22835522
-0.22507823
-0.22136431
-0.21715566
-0.21238779
-0.20698876
-0.20087809
-0.19396509
-0.18614591
-0.17729868
-0.16727666
-0.1558998
-0.14294714
-0.1281523
-0.11120519
-0.091763482
-0.069480723
-0.044056469
-0.015302334
0.016767842
0.051818519
0.089058267
0.12714205
0.16419788
0.19805038
0.22662125
0.24835018
0.26248397
0.26913772
0.26913651
0.26372698
0.25428107
0.24208442
0.22817141
0.21318579
0.19779497
0.18222763
0.16300237
0.1476671
0.14737903
0.050548569
-0.24573269
-0.24574416
-0.24575667
-0.24576964
-0.24578358
-0.24579867
-0.24581492
-0.2458323
-0.24585063
-0.24586972
-0.24588931
-0.24590908
-0.24592889
-0.24594846
-0.2459677
-0.24598648
-0.24600481
-0.24602232
-0.24603834
-0.24605238
-0.246064
-0.24607276
-0.24607821
-0.24607999
-0.24607719
-0.24606852
-0.24605279
-0.24602872
-0.24599476
-0.2459489
-0.24588891
-0.24581236
-0.24571622
-0.24559689
-0.24545021
-0.24527154
-0.24505572
-0.24479712
-0.24448968
-0.24412644
-0.24369923
-0.24320418
-0.24263653
-0.24198574
-0.2412419
-0.24039439
-0.23943103
-0.23833772
-0.2370981
-0.23569318
-0.23410087
-0.2322955
-0.23024737
-0.2279222
-0.22528066
-0.22227783
-0.21886272
-0.2149778
-0.21055845
-0.2055323
-0.19981837
-0.19332578
-0.18595185
-0.17757898
-0.16806991
-0.15726124
-0.14495621
-0.13091901
-0.11487345
-0.096509831
-0.075505678
-0.051567119
-0.024488152
0.0057682886
0.038963724
0.074460813
0.11112033
0.14729087
0.18096784
0.21013116
0.23314389
0.2490676
0.25778174
0.25988697
0.25645951
0.24876916
0.23806391
0.22539748
0.21142005
0.19681361
0.18223519
0.16321516
0.14691773
0.16267596
0.029436627
-0.24021464
-0.24022601
-0.24023844
-0.24025133
-0.24026515
-0.24028015
-0.24029635
-0.24031363
-0.24033195
-0.24035107
-0.24037073
-0.24039074
-0.24041087
-0.24043097
-0.2404509
-0.24047059
-0.24049005
-0.24050897
-0.24052673
-0.2405429
-0.2405571
-0.24056893
-0.24057811
-0.24058421
-0.24058631
-0.24058333
-0.24057422
-0.24055784
-0.24053276
-0.24049716
-0.24044903
-0.24038621
-0.24030603
-0.24020524
-0.24008006
-0.2399263
-0.23973927
-0.23951378
-0.23924402
-0.23892318
-0.23854394
-0.23810366
-0.23759788
-0.23701646
-0.23635021
-0.23558938
-0.23472271
-0.23373716
-0.23261757
-0.23134629
-0.2299027
-0.22826278
-0.22639859
-0.2242777
-0.2218627
-0.21911049
-0.21597175
-0.21239029
-0.20830242
-0.20363634
-0.19831136
-0.1922369
-0.18531114
-0.1774189
-0.16842849
-0.15818715
-0.14651529
-0.13320098
-0.11799706
-0.10062447
-0.080786803
-0.058203323
-0.032660417
-0.0040840813
0.02736472
0.061177213
0.096393379
0.131566
0.16486626
0.19436093
0.21837906
0.23583849
0.2464113
0.25048462
0.24896092
0.24299626
0.23378463
0.22238864
0.20946725
0.19565732
0.18210476
0.16360196
0.14455372
0.18353687
0.013142343
-0.23472772
-0.23473888
-0.23475108
-0.23476369
-0.23477728
-0.23479201
-0.2348079
-0.23482493
-0.23484295
-0.2348618
-0.23488128
-0.23490115
-0.23492125
-0.23494144
-0.23496162
-0.23498183
-0.23500197
-0.23502168
-0.23504047
-0.23505797
-0.23507385
-0.23508783
-0.23509974
-0.23510901
-0.23511472
-0.23511597
-0.23511189
-0.2351014
-0.23508324
-0.23505569
-0.23501694
-0.23496511
-0.23489779
-0.23481205
-0.23470449
-0.2345713
-0.23440817
-0.23421018
-0.23397168
-0.23368657
-0.23334977
-0.23295794
-0.2325052
-0.23198328
-0.23138393
-0.23069812
-0.22991544
-0.22902381
-0.22800921
-0.22685524
-0.22554273
-0.22404922
-0.22234849
-0.22041003
-0.21819839
-0.21567263
-0.21278554
-0.20948301
-0.20570322
-0.20137595
-0.19642178
-0.19075121
-0.18426356
-0.17684555
-0.16836916
-0.15868855
-0.14763598
-0.13501727
-0.12060864
-0.10415784
-0.085394061
-0.06405336
-0.039922233
-0.012901392
0.016908866
0.049106043
0.082884595
0.11698299
0.14974637
0.17934816
0.20411892
0.22287139
0.23510018
0.24099387
0.24128235
0.23700008
0.22927263
0.21915925
0.20733897
0.19434445
0.18173697
0.16429027
0.14234002
0.20248462
-0.22933501
-0.22934579
-0.22935764
-0.22936991
-0.22938307
-0.22939738
-0.22941283
-0.22942937
-0.22944691
-0.2294653
-0.2294843
-0.22950378
-0.22952351
-0.22954343
-0.22956348
-0.22958379
-0.22960424
-0.22962424
-0.22964345
-0.22966161
-0.22967843
-0.22969369
-0.22970724
-0.22971854
-0.22972667
-0.22973088
-0.22973036
-0.22972416
-0.22971112
-0.2296897
-0.22965818
-0.22961483
-0.22955755
-0.22948371
-0.22939023
-0.22927363
-0.22912986
-0.22895415
-0.22874115
-0.22848598
-0.22818576
-0.22783528
-0.22742737
-0.22695619
-0.22641421
-0.22579294
-0.22508273
-0.22427242
-0.22334903
-0.22229735
-0.22109954
-0.21973467
-0.2181782
-0.21640147
-0.21437107
-0.21204822
-0.20938805
-0.20633882
-0.20284114
-0.19882711
-0.19421942
-0.18893052
-0.18286157
-0.17590135
-0.16792478
-0.15879095
-0.1483404
-0.13639187
-0.12273967
-0.10715382
-0.089386765
-0.069192665
-0.046363357
-0.02078369
0.0074926604
0.038150168
0.070515283
0.10349283
0.13559529
0.16511493
0.19041228
0.21022989
0.22391497
0.23147561
0.233474
0.23081888
0.22455557
0.21572522
0.2050445
0.1929031
0.18109481
0.16553224
0.14099122
0.19060723
-0.22408348
-0.22409391
-0.22410529
-0.22411708
-0.22412978
-0.22414355
-0.22415845
-0.22417438
-0.22419132
-0.22420907
-0.22422744
-0.2242463
-0.22426548
-0.22428488
-0.22430448
-0.22432448
-0.22434469
-0.22436455
-0.22438376
-0.22440209
-0.2244193
-0.22443517
-0.22444958
-0.22446201
-0.22447164
-0.22447778
-0.22447969
-0.22447649
-0.22446715
-0.22445034
-0.22442439
-0.22438754
-0.22433796
-0.22427339
-0.22419104
-0.22408765
-0.22395941
-0.22380182
-0.22361002
-0.22337985
-0.2231089
-0.22279161
-0.22242135
-0.22199327
-0.22150012
-0.22093398
-0.2202859
-0.21954555
-0.2187009
-0.21773782
-0.21663974
-0.21538713
-0.21395706
-0.21232267
-0.21045255
-0.2083101
-0.20585282
-0.20303151
-0.19978943
-0.19606142
-0.19177289
-0.18683891
-0.1811632
-0.1746371
-0.1671385
-0.15853053
-0.14865989
-0.13735483
-0.12442339
-0.10965345
-0.09281745
-0.073687128
-0.052062725
-0.0278203
-0.00097843563
0.02821789
0.059206931
0.091040814
0.1223894
0.15166993
0.17729469
0.1979666
0.21291466
0.22198638
0.22558436
0.22449075
0.21966211
0.21210425
0.2025907
0.19136785
0.18015
0.16686034
0.1414747
0.16959007
-0.21900543
-0.21901539
-0.21902628
-0.21903758
-0.21904968
-0.21906288
-0.21907711
-0.21909239
-0.21910858
-0.21912558
-0.21914321
-0.2191613
-0.21917976
-0.21919847
-0.21921742
-0.21923677
-0.21925638
-0.21927576
-0.21929461
-0.21931273
-0.21932988
-0.21934586
-0.21936056
-0.2193735
-0.21938392
-0.2193912
-0.21939464
-0.21939345
-0.21938668
-0.21937318
-0.21935133
-0.21931937
-0.21927571
-0.21921834
-0.21914471
-0.21905179
-0.21893601
-0.21879321
-0.21861899
-0.21840965
-0.21816271
-0.21787276
-0.21753404
-0.21714223
-0.21669033
-0.21617094
-0.21557575
-0.21489518
-0.21411803
-0.21323119
-0.21221922
-0.21106391
-0.20974384
-0.20823384
-0.20650443
-0.20452115
-0.20224385
-0.19962591
-0.19661337
-0.19314399
-0.18914625
-0.18453831
-0.17922701
-0.17310681
-0.16605889
-0.1579502
-0.14863257
-0.13794157
-0.12569574
-0.11169697
-0.095734306
-0.077595416
-0.057090246
-0.034090989
-0.0085903454
0.019223494
0.048882786
0.079568811
0.11009698
0.13901063
0.16478978
0.18612361
0.2021503
0.21257776
0.21765946
0.21805296
0.21462127
0.20831601
0.19998199
0.18976613
0.17892453
0.16794985
0.14475566
0.15176285
-0.21413201
-0.21414144
-0.21415175
-0.21416246
-0.21417397
-0.21418645
-0.21419996
-0.21421443
-0.21422981
-0.21424592
-0.21426266
-0.21427984
-0.2142974
-0.21431526
-0.21433349
-0.21435211
-0.21437089
-0.21438944
-0.21440754
-0.21442503
-0.21444169
-0.21445739
-0.21447193
-0.21448477
-0.2144953
-0.21450295
-0.21450708
-0.21450696
-0.21450168
-0.2144902
-0.21447098
-0.21444241
-0.21440301
-0.21435094
-0.21428385
-0.21419893
-0.21409287
-0.21396186
-0.2138019
-0.21360953
-0.21338218
-0.2131147
-0.21280218
-0.21244067
-0.21202342
-0.21154345
-0.21099304
-0.21036326
-0.20964367
-0.20882205
-0.20788399
-0.20681249
-0.20558754
-0.20418554
-0.20257883
-0.200735
-0.19861619
-0.19617834
-0.19337027
-0.19013278
-0.18639757
-0.1820862
-0.17710899
-0.17136397
-0.16473603
-0.15709608
-0.14830064
-0.13819137
-0.12659509
-0.11332475
-0.098182868
-0.080970892
-0.061508514
-0.039667278
-0.015421024
0.011087425
0.039469014
0.069017294
0.098680431
0.12712537
0.15291066
0.17473313
0.1916651
0.20329599
0.20974239
0.21154151
0.20946179
0.20438194
0.1972221
0.18811565
0.17749049
0.16873006
0.15068229
0.13504745
-0.20949835
-0.20950723
-0.20951694
-0.20952697
-0.20953779
-0.20954952
-0.2095622
-0.20957582
-0.20959023
-0.20960538
-0.20962108
-0.20963721
-0.20965369
-0.20967061
-0.20968801
-0.20970574
-0.20972345
-0.20974088
-0.2097579
-0.20977434
-0.20979006
-0.209805
-0.20981884
-0.20983097
-0.2098409
-0.20984813
-0.20985207
-0.20985199
-0.2098471
-0.20983636
-0.20981835
-0.20979155
-0.20975461
-0.20970581
-0.20964298
-0.20956351
-0.20946433
-0.20934196
-0.20919274
-0.20901335
-0.20880116
-0.20855135
-0.20825973
-0.2079227
-0.20753368
-0.20708614
-0.20657285
-0.20598546
-0.2053142
-0.20454765
-0.20367233
-0.20267233
-0.20152889
-0.2002199
-0.19871937
-0.19699681
-0.19501655
-0.192737
-0.19010972
-0.18707852
-0.18357842
-0.1795345
-0.17486082
-0.16945932
-0.16321888
-0.15601469
-0.14770786
-0.13814555
-0.12716148
-0.11457748
-0.10020699
-0.083863031
-0.065374358
-0.044613718
-0.02154133
0.003736184
0.030895321
0.05932669
0.088098167
0.11599522
0.14166144
0.16381833
0.18149457
0.19418171
0.20187283
0.20499062
0.20421155
0.20032487
0.19431614
0.18642528
0.17590924
0.16909381
0.15923684
0.1158714
-0.20512678
-0.20513506
-0.20514409
-0.20515351
-0.20516359
-0.20517453
-0.20518639
-0.20519907
-0.20521254
-0.20522665
-0.20524127
-0.20525627
-0.20527161
-0.2052874
-0.2053037
-0.20532024
-0.20533668
-0.20535283
-0.20536856
-0.20538373
-0.2053982
-0.20541192
-0.20542454
-0.20543548
-0.2054443
-0.20545053
-0.20545359
-0.20545281
-0.20544741
-0.20543643
-0.20541849
-0.20539215
-0.20535618
-0.20530898
-0.2052485
-0.20517232
-0.20507758
-0.20496108
-0.20481942
-0.20464942
-0.20444837
-0.20421179
-0.20393615
-0.20361809
-0.20325124
-0.20282945
-0.20234595
-0.20179293
-0.20116123
-0.20044012
-0.199617
-0.19867693
-0.19760232
-0.19637239
-0.1949627
-0.19334455
-0.19148434
-0.18934276
-0.18687406
-0.18402498
-0.18073381
-0.17692921
-0.1725291
-0.16743949
-0.16155358
-0.15475099
-0.14689761
-0.13784581
-0.12743545
-0.11549581
-0.10184922
-0.086318375
-0.068740032
-0.048989057
-0.027015807
-0.002898019
0.023095372
0.050438483
0.078306179
0.10559567
0.13103863
0.1533943
0.171667
0.18526992
0.19408676
0.19843249
0.19889711
0.19616833
0.19127086
0.18469573
0.174231
0.16879705
0.17115252
0.093380113
-0.20102317
-0.20103086
-0.20103928
-0.201048
-0.20105736
-0.20106756
-0.20107854
-0.20109031
-0.2011028
-0.20111587
-0.20112939
-0.20114326
-0.20115741
-0.20117195
-0.20118695
-0.20120215
-0.20121721
-0.20123197
-0.20124632
-0.20126008
-0.20127312
-0.20128538
-0.20129653
-0.20130602
-0.20131343
-0.20131829
-0.20132007
-0.20131811
-0.20131167
-0.20129981
-0.2012812
-0.20125448
-0.2012185
-0.20117174
-0.2011123
-0.20103788
-0.20094583
-0.20083317
-0.20069671
-0.20053337
-0.20034038
-0.20011357
-0.19984996
-0.19954638
-0.19919666
-0.19879496
-0.19833495
-0.19780925
-0.19720928
-0.19652496
-0.19574443
-0.19485368
-0.19383618
-0.1926724
-0.19133932
-0.18980993
-0.18805253
-0.18603002
-0.18369913
-0.18100946
-0.17790248
-0.17431039
-0.17015496
-0.1653464
-0.15978232
-0.15334706
-0.14591136
-0.13733281
-0.12745698
-0.11611967
-0.10315076
-0.088380983
-0.071654012
-0.052847124
-0.031903469
-0.0088776167
0.016006925
0.042295941
0.069259298
0.095898117
0.12103247
0.14346898
0.16220387
0.1765901
0.18641624
0.19189701
0.19354338
0.19193607
0.18809562
0.18291776
0.17251871
0.16744917
0.18775816
0.068332731
-0.19719658
-0.19720369
-0.19721145
-0.19721949
-0.19722814
-0.19723751
-0.19724764
-0.1972585
-0.19726997
-0.19728198
-0.19729439
-0.19730707
-0.19732
-0.19733325
-0.19734686
-0.19736061
-0.19737419
-0.19738743
-0.19740023
-0.19741243
-0.19742386
-0.19743444
-0.19744387
-0.19745162
-0.1974573
-0.19746044
-0.19746052
-0.19745691
-0.19744889
-0.19743555
-0.19741558
-0.19738767
-0.19735075
-0.19730339
-0.19724378
-0.19716975
-0.19707882
-0.19696818
-0.19683483
-0.19667577
-0.19648818
-0.19626816
-0.19601321
-0.19572029
-0.19538339
-0.19499696
-0.19455503
-0.19405063
-0.19347562
-0.19282051
-0.19207413
-0.19122328
-0.19025238
-0.18914306
-0.18787363
-0.18641863
-0.18474814
-0.18282716
-0.18061479
-0.17806332
-0.1751173
-0.17171237
-0.16777411
-0.16321694
-0.15794297
-0.15184131
-0.14478773
-0.13664506
-0.12726443
-0.11648767
-0.10415119
-0.090092585
-0.074161468
-0.05623751
-0.036258462
-0.014260166
0.0095717928
0.034844612
0.06091213
0.086871069
0.1116282
0.13404416
0.15312054
0.16816636
0.17888935
0.18541159
0.18817335
0.18765138
0.18480261
0.18106602
0.17091653
0.16462507
0.20965604
0.03868674
-0.1936573
-0.19366377
-0.19367089
-0.19367824
-0.19368615
-0.19369471
-0.19370397
-0.19371387
-0.19372433
-0.19373527
-0.1937465
-0.19375799
-0.19376963
-0.19378152
-0.19379369
-0.19380592
-0.19381792
-0.19382953
-0.19384063
-0.19385108
-0.1938607
-0.19386938
-0.19387684
-0.19388258
-0.19388619
-0.19388724
-0.1938852
-0.19387945
-0.19386929
-0.19385384
-0.1938318
-0.1938019
-0.19376311
-0.19371408
-0.19365308
-0.19357806
-0.19348666
-0.19337625
-0.19324395
-0.19308683
-0.19290204
-0.19268596
-0.19243644
-0.19215054
-0.19182241
-0.19144676
-0.19101792
-0.19052926
-0.18997307
-0.18934033
-0.18862048
-0.18780104
-0.1868673
-0.18580189
-0.18458437
-0.18319068
-0.18159258
-0.17975702
-0.17764532
-0.17521238
-0.17240564
-0.1691641
-0.16541707
-0.16108308
-0.15606877
-0.15026806
-0.14356184
-0.13581825
-0.12689391
-0.11663639
-0.10488807
-0.091492544
-0.076304561
-0.059206037
-0.040130568
-0.019098717
0.0037357257
0.028032657
0.053219818
0.078481224
0.10280715
0.12511644
0.14442682
0.1600178
0.17153014
0.17900112
0.18280798
0.18333597
0.18141284
0.17910704
0.16950349
0.1595319
0.23904774
0.015938316
-0.19041147
-0.19041737
-0.1904238
-0.19043048
-0.19043763
-0.19044541
-0.19045378
-0.19046273
-0.19047217
-0.19048198
-0.19049208
-0.19050232
-0.19051266
-0.19052316
-0.19053384
-0.19054448
-0.19055482
-0.19056471
-0.19057402
-0.19058258
-0.19059022
-0.19059682
-0.1906021
-0.19060557
-0.19060684
-0.19060546
-0.19060092
-0.19059261
-0.19057983
-0.19056171
-0.190537
-0.19050442
-0.19046292
-0.19041122
-0.19034771
-0.19027041
-0.19017707
-0.19006519
-0.189932
-0.18977463
-0.18959019
-0.18937532
-0.18912815
-0.18884582
-0.18852261
-0.18815347
-0.18773298
-0.18725483
-0.18671166
-0.18609489
-0.18539448
-0.18459859
-0.18369329
-0.18266212
-0.18148573
-0.18014139
-0.17860238
-0.17683744
-0.17481
-0.17247737
-0.16978982
-0.16668951
-0.16310937
-0.15897198
-0.15418841
-0.14865743
-0.14226503
-0.13488473
-0.12637865
-0.11659994
-0.10539664
-0.092617746
-0.078122573
-0.061795098
-0.043565665
-0.023442199
-0.0015516969
0.021810997
0.046138609
0.070694299
0.094547738
0.11667809
0.13612764
0.15215889
0.16435878
0.17268783
0.17746624
0.17900942
0.17795614
0.17695081
0.16839473
0.15415358
0.26711796
-0.18746053
-0.18746581
-0.18747161
-0.1874776
-0.18748403
-0.18749099
-0.1874985
-0.1875065
-0.18751492
-0.18752365
-0.18753256
-0.18754156
-0.18755058
-0.18755966
-0.18756882
-0.18757784
-0.18758648
-0.18759456
-0.18760197
-0.18760855
-0.18761416
-0.1876186
-0.18762153
-0.18762254
-0.18762123
-0.18761716
-0.18760982
-0.18759857
-0.18758273
-0.18756146
-0.18753368
-0.18749795
-0.18745302
-0.18739777
-0.18733072
-0.18725
-0.18715342
-0.18703857
-0.18690276
-0.18674316
-0.18655689
-0.18634075
-0.18609314
-0.18581122
-0.1854894
-0.18512284
-0.18470633
-0.18423382
-0.18369827
-0.18309151
-0.18240393
-0.18162428
-0.1807393
-0.17973338
-0.17858818
-0.17728212
-0.17578992
-0.17408196
-0.17212364
-0.16987454
-0.16728755
-0.16430789
-0.16087197
-0.15690625
-0.15232619
-0.14703531
-0.14092474
-0.13387332
-0.12574872
-0.11640963
-0.10570952
-0.093502464
-0.079651949
-0.064043881
-0.046606021
-0.027335733
-0.0063372987
0.016133405
0.039626207
0.063475715
0.086826245
0.10871786
0.12822372
0.14459984
0.15739165
0.1664913
0.17216538
0.17468683
0.17446981
0.17456642
0.16784101
0.14928094
0.2557966
-0.18480487
-0.18480959
-0.18481472
-0.18482005
-0.18482576
-0.18483193
-0.18483858
-0.18484565
-0.18485306
-0.18486069
-0.18486844
-0.1848762
-0.18488388
-0.18489154
-0.18489916
-0.18490654
-0.18491343
-0.18491965
-0.1849251
-0.18492962
-0.18493311
-0.18493527
-0.18493573
-0.1849341
-0.18493002
-0.18492303
-0.18491258
-0.18489807
-0.18487879
-0.18485393
-0.18482251
-0.18478302
-0.184734
-0.18467442
-0.18460291
-0.1845177
-0.18441667
-0.18429744
-0.18415741
-0.18399375
-0.18380358
-0.18358389
-0.18333325
-0.18304881
-0.1827251
-0.18235746
-0.18194086
-0.18146949
-0.18093658
-0.18033428
-0.1796534
-0.17888319
-0.17801102
-0.17702202
-0.17589875
-0.17462074
-0.17316398
-0.1715004
-0.1695972
-0.16741609
-0.16491245
-0.16203437
-0.15872158
-0.15490431
-0.15050225
-0.1454236
-0.13956452
-0.13280923
-0.12503089
-0.1160937
-0.10585648
-0.094178215
-0.080926288
-0.065988492
-0.049290535
-0.030820907
-0.010664489
0.01095652
0.033642091
0.05679115
0.079617596
0.10122174
0.1207122
0.13734709
0.15064159
0.1604284
0.16692129
0.17037867
0.17099317
0.17194896
0.16733493
0.14584848
0.23331861
-0.18244095
-0.1824451
-0.18244961
-0.18245428
-0.18245928
-0.1824647
-0.1824705
-0.18247666
-0.18248307
-0.18248964
-0.18249623
-0.18250276
-0.18250913
-0.18251536
-0.18252144
-0.18252717
-0.18253229
-0.18253665
-0.1825401
-0.18254251
-0.18254374
-0.18254349
-0.18254134
-0.18253696
-0.18252994
-0.18251983
-0.18250607
-0.18248804
-0.18246501
-0.18243619
-0.18240057
-0.18235665
-0.18230294
-0.1822384
-0.18216168
-0.18207105
-0.18196447
-0.18183962
-0.18169391
-0.18152455
-0.18132862
-0.1811033
-0.18084725
-0.1805576
-0.180229
-0.17985691
-0.17943649
-0.17896209
-0.1784272
-0.17782423
-0.17714438
-0.17637733
-0.175511
-0.17453121
-0.17342133
-0.17216188
-0.17073004
-0.16909918
-0.16723815
-0.16511067
-0.16267446
-0.1598803
-0.1566711
-0.15298069
-0.14873285
-0.14384032
-0.13820425
-0.13171411
-0.12424856
-0.11567728
-0.1058644
-0.094673705
-0.081976364
-0.067662081
-0.051654966
-0.033935989
-0.014573409
0.0062397876
0.028147678
0.050606931
0.072895912
0.094173612
0.11358717
0.13040379
0.14411822
0.1545132
0.16174876
0.16609156
0.16755396
0.16915154
0.16659701
0.14473661
0.216155
-0.18036237
-0.18036596
-0.18036987
-0.18037392
-0.18037825
-0.18038291
-0.1803879
-0.18039316
-0.18039863
-0.18040415
-0.18040962
-0.18041494
-0.18042001
-0.18042484
-0.1804294
-0.18043348
-0.18043685
-0.18043933
-0.18044077
-0.18044102
-0.18043993
-0.18043717
-0.18043236
-0.18042512
-0.18041504
-0.18040166
-0.1803844
-0.18036262
-0.18033559
-0.18030249
-0.1802623
-0.18021351
-0.18015461
-0.18008452
-0.18000191
-0.17990508
-0.179792
-0.17966041
-0.17950775
-0.1793312
-0.17912785
-0.17889501
-0.17863139
-0.17833407
-0.17799781
-0.1776182
-0.17719049
-0.17670923
-0.17616807
-0.1755597
-0.17487562
-0.17410591
-0.17323898
-0.17226125
-0.17115685
-0.16990719
-0.16849057
-0.16688163
-0.16505083
-0.16296371
-0.1605802
-0.15785365
-0.15472995
-0.1511464
-0.1470307
-0.1423
-0.13686026
-0.13060619
-0.12342184
-0.11518237
-0.10575717
-0.095014777
-0.082830139
-0.069094914
-0.053732044
-0.036716141
-0.018101127
0.0019454225
0.023106438
0.044890382
0.06663501
0.087555812
0.10684031
0.12377017
0.13782819
0.14875704
0.15666134
0.1618304
0.16416739
0.16626312
0.16569497
0.14550021
0.20187712
-0.17856054
-0.17856359
-0.17856693
-0.17857036
-0.17857403
-0.17857798
-0.17858218
-0.17858659
-0.17859111
-0.17859563
-0.1786
-0.17860415
-0.178608
-0.17861151
-0.17861459
-0.17861705
-0.17861867
-0.17861928
-0.1786187
-0.17861678
-0.17861332
-0.17860803
-0.17860048
-0.17859031
-0.17857708
-0.1785603
-0.17853938
-0.17851367
-0.17848242
-0.17844476
-0.17839968
-0.17834563
-0.17828109
-0.17820494
-0.17811584
-0.17801209
-0.17789169
-0.17775237
-0.17759159
-0.17740653
-0.17719426
-0.17695221
-0.17667909
-0.17637191
-0.17602552
-0.17563558
-0.17519747
-0.17470584
-0.17415452
-0.17353642
-0.17284329
-0.17206557
-0.17119209
-0.17020985
-0.16910362
-0.16785567
-0.16644528
-0.16484832
-0.1630367
-0.16097771
-0.15863332
-0.15595933
-0.15290445
-0.14940927
-0.14540527
-0.14081384
-0.13554566
-0.12950049
-0.12256773
-0.11462795
-0.10555577
-0.095224477
-0.083512794
-0.070314461
-0.055551651
-0.039193588
-0.021281805
-0.0019616968
0.018483948
0.039610016
0.060808799
0.081349615
0.10046126
0.11744404
0.13177562
0.14316863
0.15167113
0.15760002
0.16084068
0.1633393
0.16468892
0.14772387
0.18585953
-0.17702716
-0.17702972
-0.17703248
-0.17703534
-0.17703839
-0.17704164
-0.1770451
-0.17704869
-0.17705231
-0.17705584
-0.17705916
-0.17706216
-0.17706483
-0.17706706
-0.17706869
-0.17706956
-0.17706945
-0.17706819
-0.1770656
-0.17706148
-0.17705565
-0.17704778
-0.17703745
-0.17702426
-0.17700777
-0.17698747
-0.17696275
-0.17693292
-0.17689721
-0.17685474
-0.17680445
-0.17674477
-0.17667414
-0.17659142
-0.17649524
-0.17638387
-0.17625532
-0.17610732
-0.17593732
-0.17574248
-0.17551985
-0.17526697
-0.1749825
-0.17466336
-0.17430448
-0.1739016
-0.17345016
-0.17294491
-0.17237982
-0.17174796
-0.17104134
-0.17025067
-0.16936518
-0.16837235
-0.16725758
-0.16600386
-0.16459144
-0.1629973
-0.16119471
-0.15915257
-0.1568348
-0.15419951
-0.15119807
-0.14777425
-0.14386309
-0.13939011
-0.13427051
-0.12840902
-0.12170023
-0.11403007
-0.10527835
-0.095323094
-0.084046829
-0.071345507
-0.057140916
-0.041397752
-0.02414683
-0.0055141133
0.014247901
0.034735726
0.055391578
0.075535671
0.094438168
0.11142109
0.12596239
0.13775429
0.14678846
0.15340463
0.15757652
0.16039692
0.16352328
0.15181964
0.16728621
-0.17574859
-0.17575067
-0.17575292
-0.17575524
-0.17575769
-0.17576031
-0.17576305
-0.17576586
-0.17576864
-0.17577124
-0.17577354
-0.17577545
-0.17577692
-0.17577786
-0.17577807
-0.17577739
-0.17577561
-0.17577253
-0.17576795
-0.17576167
-0.17575348
-0.17574305
-0.17572994
-0.17571374
-0.17569397
-0.1756701
-0.17564151
-0.17560747
-0.17556718
-0.17551974
-0.17546405
-0.1753985
-0.17532149
-0.17523184
-0.17512814
-0.17500864
-0.17487132
-0.1747139
-0.17453378
-0.17432811
-0.17409392
-0.17382882
-0.1735314
-0.17319846
-0.17282501
-0.17240682
-0.17193939
-0.17141755
-0.17083537
-0.17018606
-0.16946183
-0.16865366
-0.16775112
-0.16674211
-0.16561259
-0.16434625
-0.16292419
-0.16132443
-0.15952151
-0.15748587
-0.15518324
-0.1525739
-0.14961181
-0.14624368
-0.14240805
-0.13803434
-0.13304216
-0.12734102
-0.12083061
-0.11340209
-0.10494041
-0.095328307
-0.08445215
-0.072210258
-0.058524377
-0.043355449
-0.026724986
-0.0087419184
0.010368095
0.030238895
0.050358292
0.070094327
0.088758034
0.10569535
0.12038847
0.13251824
0.14202202
0.14924713
0.1543743
0.15745219
0.16207183
0.15855543
0.14678737
-0.17471007
-0.1747117
-0.17471347
-0.17471528
-0.17471718
-0.17471919
-0.17472127
-0.17472335
-0.17472532
-0.17472705
-0.17472839
-0.17472925
-0.17472958
-0.17472926
-0.17472809
-0.17472591
-0.1747225
-0.17471764
-0.17471113
-0.17470273
-0.17469223
-0.17467926
-0.17466339
-0.17464418
-0.17462115
-0.1745937
-0.17456121
-0.17452291
-0.17447798
-0.17442548
-0.17436426
-0.17429267
-0.17420907
-0.17411223
-0.17400069
-0.17387266
-0.17372608
-0.17355862
-0.17336767
-0.1731503
-0.17290355
-0.17262507
-0.17231336
-0.17196506
-0.17157523
-0.17113969
-0.17065395
-0.17011288
-0.16951064
-0.16884057
-0.16809501
-0.1672652
-0.16634099
-0.16531067
-0.16416072
-0.16287545
-0.16143676
-0.15982363
-0.1580118
-0.15597315
-0.15367513
-0.15108009
-0.1481444
-0.14481766
-0.1410417
-0.13674969
-0.1318655
-0.12630325
-0.11996762
-0.11275484
-0.10455493
-0.095255306
-0.084746216
-0.072928477
-0.059724116
-0.045090998
-0.02904258
-0.011672835
0.0068163906
0.026092432
0.045684697
0.065005936
0.083407046
0.1002594
0.11505223
0.12746282
0.13737903
0.14512941
0.15122824
0.15453735
0.16015438
0.16864338
0.1244574
-0.17389863
-0.17389985
-0.17390116
-0.17390248
-0.17390387
-0.17390531
-0.17390676
-0.17390816
-0.17390937
-0.17391026
-0.17391069
-0.17391054
-0.17390976
-0.17390822
-0.17390573
-0.17390208
-0.17389707
-0.17389047
-0.17388205
-0.17387156
-0.17385875
-0.17384327
-0.17382465
-0.17380243
-0.17377609
-0.17374504
-0.17370859
-0.17366597
-0.1736163
-0.17355861
-0.17349172
-0.17341391
-0.1733235
-0.17321918
-0.17309946
-0.1729625
-0.17280618
-0.17262813
-0.17242565
-0.17219579
-0.17193555
-0.17164261
-0.17131534
-0.17095024
-0.17054241
-0.17008764
-0.16958147
-0.16901879
-0.16839381
-0.16769995
-0.1669297
-0.16607447
-0.16512438
-0.16406808
-0.16289248
-0.16158251
-0.16012077
-0.15848717
-0.15665857
-0.1546082
-0.15230516
-0.14971374
-0.14679267
-0.14349425
-0.13976348
-0.13553717
-0.13074322
-0.12530024
-0.11911771
-0.11209684
-0.10413259
-0.095116998
-0.084944205
-0.073517631
-0.060759898
-0.046626386
-0.031123611
-0.014332373
0.0035666357
0.022270823
0.041347516
0.060251068
0.078370882
0.095104778
0.1099507
0.12258877
0.13286543
0.14105342
0.14812425
0.15169798
0.15752713
0.18275301
0.0997183
-0.17330045
-0.17330128
-0.17330216
-0.17330305
-0.17330395
-0.17330485
-0.17330572
-0.17330646
-0.17330695
-0.17330706
-0.17330661
-0.17330551
-0.17330367
-0.17330096
-0.17329718
-0.17329211
-0.17328554
-0.17327724
-0.17326694
-0.17325439
-0.1732393
-0.17322132
-0.17319996
-0.17317473
-0.1731451
-0.17311042
-0.17306998
-0.17302298
-0.1729685
-0.17290552
-0.17283281
-0.17274861
-0.17265117
-0.17253913
-0.17241092
-0.17226465
-0.17209814
-0.17190893
-0.17169428
-0.17145115
-0.17117652
-0.1708681
-0.1705241
-0.17014084
-0.16971345
-0.1692377
-0.16870912
-0.16812259
-0.16747236
-0.16675191
-0.16595383
-0.16506969
-0.16408984
-0.16300323
-0.16179719
-0.16045719
-0.15896651
-0.15730594
-0.15545335
-0.1533833
-0.15106644
-0.14846894
-0.14555175
-0.14226978
-0.13857107
-0.13439589
-0.12967606
-0.12433452
-0.11828533
-0.11143456
-0.10368198
-0.094924168
-0.085059149
-0.073993049
-0.06164933
-0.047981435
-0.032989903
-0.016743927
0.00059459392
0.018750118
0.037324498
0.055810688
0.073634951
0.090222131
0.10507986
0.11789545
0.12848587
0.13702276
0.14503836
0.14898008
0.1538441
0.20185464
0.072490064
-0.17290154
-0.17290201
-0.17290249
-0.17290296
-0.17290341
-0.17290382
-0.17290413
-0.17290427
-0.17290409
-0.17290344
-0.17290217
-0.17290015
-0.17289729
-0.17289346
-0.17288843
-0.17288199
-0.1728739
-0.17286392
-0.17285178
-0.17283719
-0.17281986
-0.1727994
-0.1727753
-0.17274706
-0.17271411
-0.17267578
-0.17263132
-0.17257988
-0.1725205
-0.17245213
-0.17237348
-0.17228275
-0.17217809
-0.17205807
-0.17192108
-0.17176514
-0.171588
-0.17138713
-0.17115969
-0.17090257
-0.17061271
-0.17028784
-0.16992598
-0.16952328
-0.16907485
-0.16857647
-0.16802359
-0.1674111
-0.16673325
-0.16598356
-0.16515471
-0.16423838
-0.16322513
-0.16210419
-0.16086327
-0.15948832
-0.15796326
-0.1562697
-0.15438652
-0.1522895
-0.1499508
-0.14733838
-0.14441533
-0.14113907
-0.13746055
-0.13332338
-0.12866313
-0.12340686
-0.11747313
-0.11077262
-0.10320981
-0.094685704
-0.085102168
-0.074368099
-0.062408034
-0.049173951
-0.034661249
-0.018928927
-0.0021221252
0.015507916
0.033594501
0.051666307
0.069184609
0.085601503
0.10043484
0.1133812
0.12424358
0.13304348
0.14193424
0.1464558
0.14876083
0.22661114
0.040759707
-0.17268744
-0.17268758
-0.1726877
-0.17268778
-0.17268781
-0.17268776
-0.17268757
-0.17268713
-0.17268632
-0.17268498
-0.17268293
-0.17268003
-0.17267621
-0.1726713
-0.17266506
-0.17265729
-0.17264773
-0.17263611
-0.17262217
-0.17260558
-0.17258602
-0.1725631
-0.17253629
-0.17250506
-0.17246879
-0.17242679
-0.17237828
-0.17232236
-0.17225803
-0.17218419
-0.1720995
-0.17200208
-0.17189002
-0.17176181
-0.17161577
-0.17144983
-0.17126167
-0.17104865
-0.17080784
-0.17053605
-0.17023017
-0.16988792
-0.16950713
-0.16908376
-0.16861291
-0.1680903
-0.16751133
-0.16687086
-0.16616314
-0.16538169
-0.16451926
-0.16356764
-0.16251755
-0.16135848
-0.16007848
-0.15866397
-0.15709948
-0.15536738
-0.15344752
-0.15131686
-0.148949
-0.14631364
-0.14337593
-0.1400957
-0.13642671
-0.13231578
-0.12770206
-0.12251659
-0.1166822
-0.11011406
-0.10272115
-0.094408791
-0.085082625
-0.074654371
-0.063049808
-0.050219876
-0.036155573
-0.020906943
-0.0046041903
0.012523317
0.030137518
0.047800086
0.065005306
0.081232496
0.096010091
0.10904356
0.12014004
0.1291266
0.13877497
0.14414646
0.14161766
0.25872741
0.014738219
-0.17264347
-0.1726433
-0.17264308
-0.17264281
-0.17264246
-0.17264198
-0.17264131
-0.17264035
-0.17263895
-0.17263694
-0.17263415
-0.17263044
-0.17262569
-0.17261974
-0.17261235
-0.17260329
-0.17259229
-0.17257909
-0.17256338
-0.17254482
-0.17252308
-0.17249773
-0.17246823
-0.17243401
-0.17239443
-0.17234876
-0.17229618
-0.17223575
-0.17216642
-0.17208704
-0.17199621
-0.17189201
-0.17177243
-0.17163585
-0.17148049
-0.17130426
-0.17110471
-0.1708791
-0.1706244
-0.1703373
-0.17001465
-0.16965415
-0.16925345
-0.16880824
-0.16831364
-0.16776529
-0.16715853
-0.16648816
-0.16574839
-0.16493278
-0.16403408
-0.1630442
-0.161954
-0.16075318
-0.15943014
-0.15797174
-0.15636307
-0.15458725
-0.15262507
-0.15045463
-0.14805095
-0.14538539
-0.14242509
-0.13913224
-0.13546327
-0.13136809
-0.12678931
-0.12166176
-0.11591234
-0.10946052
-0.10221962
-0.094099113
-0.085008345
-0.074861844
-0.063586799
-0.051133442
-0.037489071
-0.02269583
-0.0068706296
0.0097768596
0.026934665
0.044194874
0.061082739
0.077104454
0.091799519
0.10487968
0.11617514
0.12528846
0.13549605
0.14203842
0.13410786
0.2909298
-0.1727561
-0.17275565
-0.17275512
-0.17275453
-0.17275382
-0.17275295
-0.17275184
-0.17275039
-0.17274844
-0.17274581
-0.17274233
-0.17273782
-0.17273219
-0.17272524
-0.17271674
-0.17270643
-0.17269404
-0.17267928
-0.17266183
-0.17264133
-0.17261742
-0.17258966
-0.17255748
-0.17252028
-0.17247739
-0.17242803
-0.17237135
-0.17230635
-0.17223195
-0.17214692
-0.17204985
-0.17193891
-0.17181183
-0.17166665
-0.17150169
-0.17131481
-0.17110348
-0.17086483
-0.17059568
-0.17029263
-0.16995245
-0.16957284
-0.16915121
-0.16868302
-0.16816336
-0.16758778
-0.16695154
-0.16624937
-0.16547544
-0.16462329
-0.16368572
-0.16265469
-0.16152119
-0.16027516
-0.15890528
-0.15739884
-0.15574151
-0.15391712
-0.15190738
-0.14969151
-0.1472459
-0.14454357
-0.14155359
-0.13824041
-0.13456307
-0.13047442
-0.12592037
-0.12083937
-0.11516223
-0.1088125
-0.10170762
-0.093761082
-0.084885795
-0.074999087
-0.064029662
-0.051927363
-0.038676361
-0.024311874
-0.008938952
0.0072504802
0.023968176
0.040834294
0.057402959
0.073206591
0.08779659
0.10088657
0.11234678
0.12154799
0.13208012
0.14023301
0.1267977
0.28378362
-0.17301164
-0.17301093
-0.17301011
-0.17300922
-0.17300818
-0.17300695
-0.17300543
-0.17300352
-0.17300106
-0.17299785
-0.1729937
-0.17298845
-0.17298197
-0.17297408
-0.17296449
-0.17295297
-0.17293922
-0.17292294
-0.1729038
-0.1728814
-0.17285536
-0.17282521
-0.17279036
-0.17275019
-0.17270398
-0.17265094
-0.17259014
-0.17252056
-0.17244105
-0.17235031
-0.1722469
-0.17212907
-0.17199435
-0.17184043
-0.17166561
-0.17146777
-0.1712443
-0.17099218
-0.17070809
-0.17038848
-0.17003005
-0.16963047
-0.16918693
-0.16869463
-0.16814862
-0.16754433
-0.16687693
-0.16614108
-0.16533089
-0.16443987
-0.16346082
-0.16238578
-0.16120586
-0.1599112
-0.15849078
-0.15693231
-0.15522203
-0.15334447
-0.15128226
-0.14901574
-0.14652265
-0.14377763
-0.14075164
-0.13741133
-0.13371826
-0.12962811
-0.12508994
-0.12004564
-0.1144297
-0.10816955
-0.10118655
-0.09339801
-0.084720281
-0.075073427
-0.064387747
-0.052612967
-0.039730625
-0.025769895
-0.01082523
0.0049274066
0.021221395
0.037702748
0.053952422
0.06952813
0.083994362
0.097061288
0.1086515
0.11792227
0.12854234
0.13828255
0.12026099
0.26612636
-0.17339905
-0.1733981
-0.17339702
-0.17339585
-0.17339452
-0.17339294
-0.17339105
-0.17338871
-0.17338576
-0.17338199
-0.17337722
-0.17337126
-0.17336396
-0.17335514
-0.17334451
-0.1733318
-0.17331672
-0.17329893
-0.17327811
-0.17325385
-0.17322573
-0.17319321
-0.1731557
-0.17311255
-0.173063
-0.17300622
-0.17294125
-0.17286702
-0.1727823
-0.17268574
-0.17257585
-0.1724508
-0.17230804
-0.17214513
-0.17196022
-0.1717511
-0.17151506
-0.17124896
-0.17094933
-0.17061247
-0.17023498
-0.16981453
-0.16934803
-0.16883043
-0.16825669
-0.16762215
-0.16692185
-0.16615037
-0.16530175
-0.16436945
-0.1633463
-0.16222435
-0.16099486
-0.15964816
-0.15817354
-0.15655913
-0.15479173
-0.15285661
-0.1507373
-0.14841528
-0.14586963
-0.1430766
-0.14000901
-0.13663566
-0.13292053
-0.12882202
-0.12429218
-0.11927614
-0.1137119
-0.10753049
-0.100657
-0.093012329
-0.084516125
-0.075091116
-0.064669255
-0.05320034
-0.040663762
-0.027083385
-0.012544245
0.0027921161
0.018678724
0.03478542
0.050718062
0.066058409
0.080385546
0.093400942
0.10508555
0.11441898
0.12494137
0.13600357
0.1149998
0.25504844
-0.17390624
-0.17390507
-0.17390374
-0.17390232
-0.1739007
-0.17389882
-0.17389657
-0.17389383
-0.17389042
-0.17388613
-0.17388076
-0.17387411
-0.17386603
-0.17385631
-0.17384466
-0.17383079
-0.1738144
-0.17379514
-0.17377266
-0.17374658
-0.17371639
-0.1736815
-0.17364133
-0.17359519
-0.1735423
-0.17348178
-0.1734126
-0.17333366
-0.17324367
-0.17314122
-0.17302473
-0.17289228
-0.17274127
-0.17256913
-0.17237386
-0.17215312
-0.17190408
-0.1716235
-0.17130772
-0.1709529
-0.17055553
-0.17011323
-0.16962266
-0.16907848
-0.16847557
-0.16780915
-0.16707412
-0.16626495
-0.16537561
-0.16439952
-0.16332949
-0.16215763
-0.16087533
-0.15947312
-0.15794059
-0.15626633
-0.15443771
-0.15244077
-0.15025996
-0.14787791
-0.14527508
-0.14242929
-0.13931524
-0.13590379
-0.13216127
-0.12804867
-0.12352087
-0.11852607
-0.11300549
-0.1068936
-0.10011893
-0.092605751
-0.084276849
-0.075057519
-0.064881382
-0.0536985
-0.041486503
-0.028264641
-0.014109545
0.00083022395
0.016325572
0.032068289
0.047687331
0.062786972
0.07696259
0.089902489
0.10164627
0.11103866
0.1213505
0.13353661
0.11043071
0.24829577
-0.17452471
-0.17452333
-0.17452178
-0.17452012
-0.17451824
-0.17451606
-0.17451347
-0.17451035
-0.1745065
-0.17450171
-0.17449577
-0.17448845
-0.17447959
-0.174469
-0.17445635
-0.17444134
-0.17442365
-0.17440292
-0.17437878
-0.17435082
-0.17431851
-0.17428123
-0.17423837
-0.17418921
-0.17413292
-0.17406856
-0.1739951
-0.17391133
-0.17381594
-0.17370742
-0.17358413
-0.17344407
-0.17328453
-0.17310283
-0.17289681
-0.172664
-0.17240146
-0.17210577
-0.17177313
-0.1713995
-0.17098127
-0.17051603
-0.17000015
-0.16942797
-0.1687943
-0.16809418
-0.1673224
-0.16647329
-0.16554075
-0.16451814
-0.16339828
-0.16217332
-0.16083478
-0.15937341
-0.15777916
-0.15604107
-0.15414714
-0.15208419
-0.14983766
-0.14739137
-0.14472714
-0.14182442
-0.13865972
-0.13520596
-0.1314317
-0.12730041
-0.12276961
-0.11779035
-0.11230689
-0.10625681
-0.099571847
-0.092179458
-0.084005337
-0.074977252
-0.065030481
-0.054115515
-0.042208559
-0.029324864
-0.015533582
-0.0009715805
0.014148329
0.029538107
0.044848181
0.05970363
0.073717789
0.08656248
0.098332372
0.10778005
0.11780984
0.13100751
0.1059376
0.24121693
-0.17524589
-0.17524432
-0.17524255
-0.17524066
-0.17523854
-0.17523607
-0.17523317
-0.17522968
-0.17522542
-0.17522014
-0.17521363
-0.17520567
-0.17519607
-0.17518461
-0.17517097
-0.17515483
-0.17513586
-0.17511367
-0.17508788
-0.17505804
-0.17502359
-0.17498391
-0.17493833
-0.1748861
-0.17482635
-0.17475811
-0.17468025
-0.17459155
-0.17449061
-0.17437586
-0.17424556
-0.17409763
-0.17392926
-0.17373762
-0.17352043
-0.17327507
-0.17299843
-0.17268694
-0.17233661
-0.17194322
-0.17150302
-0.17101356
-0.17047095
-0.16986917
-0.1692029
-0.16846705
-0.16765625
-0.1667647
-0.1657862
-0.16471407
-0.16354111
-0.16225957
-0.1608611
-0.15933671
-0.15767672
-0.15587068
-0.15390728
-0.15177418
-0.14945787
-0.14694337
-0.14421396
-0.14125068
-0.13803187
-0.13453242
-0.13072307
-0.12656958
-0.12203196
-0.11706388
-0.11161234
-0.10561783
-0.099015013
-0.091734255
-0.083703991
-0.074854331
-0.065122198
-0.054458633
-0.042838734
-0.030274283
-0.0168278
-0.0026256016
0.012134289
0.027182382
0.042189114
0.056798504
0.070643404
0.08337698
0.09514301
0.10464237
0.11432911
0.12844036
0.10150265
0.23309769
-0.17606316
-0.17606141
-0.17605944
-0.17605733
-0.17605497
-0.17605223
-0.17604902
-0.17604518
-0.1760405
-0.17603475
-0.17602769
-0.17601909
-0.17600875
-0.17599643
-0.17598181
-0.17596455
-0.17594428
-0.17592063
-0.17589316
-0.17586142
-0.17582481
-0.17578267
-0.17573433
-0.17567897
-0.17561568
-0.17554344
-0.17546109
-0.17536732
-0.17526066
-0.17513947
-0.17500192
-0.17484582
-0.17466825
-0.17446626
-0.17423741
-0.17397892
-0.1736875
-0.17335941
-0.17299045
-0.17257621
-0.17211279
-0.17159769
-0.17102672
-0.1703935
-0.16969256
-0.16891865
-0.16806623
-0.16712938
-0.1661018
-0.16497676
-0.16374707
-0.16240508
-0.16094262
-0.159351
-0.15762097
-0.15574268
-0.15370554
-0.15149815
-0.1491081
-0.14652172
-0.14372375
-0.14069688
-0.13742122
-0.1338736
-0.13002679
-0.12584872
-0.12130165
-0.11634165
-0.1109182
-0.10497439
-0.098447551
-0.09127072
-0.083374865
-0.074692307
-0.065161596
-0.054734409
-0.043385024
-0.031122252
-0.018002718
-0.0041432405
0.010271608
0.024989356
0.039699156
0.054062036
0.067731747
0.080341621
0.09207699
0.10162541
0.11091685
0.12583198
0.097328992
0.22484577
-0.17697299
-0.17697105
-0.17696888
-0.17696656
-0.17696395
-0.17696095
-0.17695744
-0.17695324
-0.17694816
-0.17694194
-0.17693433
-0.17692508
-0.17691399
-0.17690081
-0.1768852
-0.1768668
-0.17684523
-0.17682008
-0.17679091
-0.17675721
-0.17671839
-0.17667375
-0.17662255
-0.17656396
-0.17649702
-0.17642064
-0.17633361
-0.17623456
-0.17612192
-0.175994
-0.17584885
-0.17568419
-0.17549696
-0.17528406
-0.17504288
-0.1747705
-0.17446344
-0.17411775
-0.173729
-0.17329256
-0.17280435
-0.17226187
-0.17166061
-0.17099374
-0.17025568
-0.16944098
-0.16854392
-0.16755845
-0.16647817
-0.16529633
-0.16400578
-0.16259898
-0.16106801
-0.15940454
-0.15759984
-0.1556447
-0.15352941
-0.15124357
-0.14877599
-0.14611435
-0.14324491
-0.14015203
-0.13681756
-0.13322019
-0.12933459
-0.12513066
-0.12057271
-0.11561892
-0.11022098
-0.1043243
-0.097868598
-0.090789322
-0.083019785
-0.074494385
-0.065153257
-0.054948813
-0.043854752
-0.031877352
-0.019068027
-0.0055350498
0.0085492552
0.022947961
0.037367868
0.05148501
0.064975231
0.077451728
0.08913276
0.098728615
0.10759046
0.1231913
0.093481397
0.21686589
-0.17797297
-0.17797085
-0.17796847
-0.17796593
-0.17796309
-0.17795982
-0.17795599
-0.17795144
-0.17794594
-0.17793924
-0.17793108
-0.17792119
-0.17790935
-0.17789529
-0.17787867
-0.17785911
-0.1778362
-0.17780953
-0.1777786
-0.17774291
-0.17770181
-0.17765457
-0.17760042
-0.17753848
-0.17746774
-0.17738706
-0.17729515
-0.17719056
-0.17707168
-0.17693667
-0.17678353
-0.17660984
-0.17641238
-0.17618791
-0.17593365
-0.17564648
-0.17532273
-0.17495822
-0.17454828
-0.174088
-0.17357314
-0.17300118
-0.17236729
-0.17166415
-0.17088601
-0.17002725
-0.16908196
-0.16804395
-0.16690674
-0.16566358
-0.16430739
-0.16283081
-0.16122624
-0.15948579
-0.15760135
-0.15556449
-0.15336647
-0.15099803
-0.14844927
-0.14570934
-0.14276606
-0.13960545
-0.13621106
-0.13256332
-0.12863866
-0.12440873
-0.11983963
-0.11489137
-0.10951758
-0.10366565
-0.09727744
-0.090290562
-0.082640473
-0.074263527
-0.065101395
-0.055107316
-0.044254626
-0.032547465
-0.020032666
-0.0068108095
0.0069569374
0.02104781
0.035185327
0.049058549
0.062366419
0.074702396
0.086308694
0.09595034
0.10436859
0.12053285
0.089915546
0.20903743
-0.17906386
-0.17906154
-0.17905896
-0.1790562
-0.1790531
-0.17904955
-0.1790454
-0.17904048
-0.17903456
-0.17902736
-0.17901862
-0.17900806
-0.17899544
-0.17898048
-0.17896282
-0.17894205
-0.17891777
-0.1788895
-0.17885676
-0.17881898
-0.1787755
-0.17872554
-0.1786683
-0.17860284
-0.1785281
-0.17844287
-0.1783458
-0.17823536
-0.17810984
-0.17796732
-0.17780565
-0.17762231
-0.17741392
-0.17717704
-0.17690871
-0.17660562
-0.17626388
-0.17587905
-0.17544617
-0.17496006
-0.17441624
-0.17381224
-0.17314286
-0.17240024
-0.17157848
-0.17067172
-0.1696739
-0.16857868
-0.16737954
-0.16606975
-0.16464237
-0.16309032
-0.16140637
-0.15958323
-0.15761352
-0.15548976
-0.15320428
-0.15074913
-0.14811582
-0.14529502
-0.14227616
-0.13904689
-0.13559241
-0.13189472
-0.12793182
-0.12367687
-0.1190975
-0.11415523
-0.10880532
-0.10299688
-0.096673605
-0.089775052
-0.082238631
-0.074002532
-0.065009942
-0.055214983
-0.044590831
-0.033139871
-0.020904894
-0.0079795871
0.0054850723
0.019279145
0.033142129
0.046774123
0.059898041
0.072088489
0.083603205
0.09328776
0.10126551
0.11786781
0.086604321
0.20121407
-0.18024927
-0.18024675
-0.18024394
-0.18024094
-0.18023758
-0.18023373
-0.18022924
-0.18022393
-0.18021755
-0.18020983
-0.18020049
-0.18018923
-0.18017579
-0.18015989
-0.18014113
-0.1801191
-0.18009337
-0.18006344
-0.18002877
-0.17998879
-0.1799428
-0.17988997
-0.17982945
-0.17976025
-0.17968124
-0.17959116
-0.17948858
-0.17937187
-0.17923922
-0.1790886
-0.17891775
-0.17872398
-0.17850373
-0.17825336
-0.17796971
-0.17764925
-0.17728785
-0.17688078
-0.17642277
-0.17590828
-0.17533262
-0.17469337
-0.17398499
-0.17319896
-0.1723292
-0.17136966
-0.17031409
-0.16915606
-0.16788903
-0.16650636
-0.16500134
-0.16336724
-0.16159739
-0.15968521
-0.15762424
-0.15540808
-0.15303037
-0.15048455
-0.14776367
-0.14486
-0.1417646
-0.13846668
-0.13495296
-0.13120686
-0.12720768
-0.12292985
-0.11834217
-0.11340743
-0.10808215
-0.10231691
-0.096056966
-0.089243601
-0.081816013
-0.073714125
-0.064882603
-0.055276527
-0.044869105
-0.033661301
-0.02169235
-0.0090498017
0.0041247224
0.017632811
0.031229354
0.044623551
0.057563029
0.069604653
0.081014666
0.090737281
0.098292376
0.11520317
0.083564981
0.19336475
-0.18153446
-0.18153171
-0.18152865
-0.18152539
-0.18152175
-0.18151757
-0.1815127
-0.18150697
-0.18150011
-0.18149183
-0.18148185
-0.18146984
-0.18145554
-0.18143864
-0.18141873
-0.18139537
-0.1813681
-0.1813364
-0.18129969
-0.18125738
-0.1812087
-0.1811528
-0.18108877
-0.18101556
-0.18093197
-0.18083667
-0.18072812
-0.18060462
-0.18046424
-0.18030482
-0.18012395
-0.17991879
-0.17968556
-0.17942038
-0.17911987
-0.17878027
-0.17839715
-0.17796548
-0.17747962
-0.17693363
-0.17632255
-0.17564412
-0.1748924
-0.17405813
-0.17313505
-0.17211691
-0.1709973
-0.16976974
-0.16842774
-0.16696483
-0.16537465
-0.16365099
-0.16178789
-0.15977968
-0.15762101
-0.1553068
-0.15283211
-0.15019198
-0.14738108
-0.14439334
-0.14122138
-0.1378559
-0.13428495
-0.13049314
-0.12646082
-0.12216334
-0.11757039
-0.11264565
-0.10734668
-0.10162518
-0.09542778
-0.088697273
-0.081374489
-0.073400997
-0.06472293
-0.055296393
-0.045094796
-0.034117996
-0.022402131
-0.010029272
0.0028675537
0.016100225
0.029438577
0.042598989
0.055354552
0.067245348
0.07854136
0.088294765
0.095459605
0.1125429
0.080828763
0.18549357
-0.18292856
-0.18292556
-0.18292223
-0.18291868
-0.18291471
-0.18291017
-0.1829049
-0.18289869
-0.1828913
-0.18288241
-0.18287173
-0.18285893
-0.1828437
-0.18282572
-0.18280457
-0.18277978
-0.18275085
-0.18271724
-0.18267834
-0.1826335
-0.18258192
-0.18252269
-0.18245485
-0.18237727
-0.18228869
-0.18218767
-0.1820726
-0.18194164
-0.18179275
-0.18162362
-0.18143169
-0.18121391
-0.18096626
-0.18068456
-0.18036521
-0.18000418
-0.17959673
-0.17913744
-0.17862027
-0.17803883
-0.17738784
-0.17666528
-0.17586484
-0.17497637
-0.17399343
-0.1729096
-0.17171836
-0.17041321
-0.16898784
-0.16743608
-0.16575207
-0.16393032
-0.1619658
-0.15985399
-0.15759087
-0.1551729
-0.15259678
-0.14985925
-0.1469567
-0.14388466
-0.14063728
-0.13720656
-0.13358166
-0.1297481
-0.12568693
-0.1213741
-0.11677987
-0.1118685
-0.10659825
-0.10092176
-0.094786772
-0.088137428
-0.080916077
-0.073065856
-0.064534358
-0.055278782
-0.045272913
-0.034515773
-0.023040819
-0.010925271
0.001705793
0.014673326
0.027761827
0.040692922
0.053266017
0.065004875
0.076181474
0.085955539
0.092777514
0.10988834
0.078423831
0.17758422
-0.18444268
-0.1844394
-0.18443576
-0.18443188
-0.18442755
-0.18442259
-0.18441686
-0.18441013
-0.18440215
-0.1843926
-0.18438116
-0.18436748
-0.18435123
-0.18433209
-0.18430959
-0.18428325
-0.18425254
-0.18421686
-0.18417556
-0.18412797
-0.18407322
-0.18401035
-0.18393832
-0.18385594
-0.18376184
-0.1836545
-0.18353219
-0.18339294
-0.18323456
-0.18305458
-0.18285024
-0.1826183
-0.1823544
-0.18205405
-0.18171338
-0.18132805
-0.18089296
-0.18040228
-0.17984948
-0.17922762
-0.1785311
-0.17775828
-0.17690246
-0.17595244
-0.17490164
-0.17374352
-0.17247148
-0.17107916
-0.16956053
-0.16790992
-0.16612221
-0.16419285
-0.16211801
-0.15989459
-0.1575202
-0.15499303
-0.15231159
-0.14947445
-0.14647969
-0.14332443
-0.14000414
-0.1365119
-0.1328377
-0.12896758
-0.12488299
-0.12056011
-0.11596942
-0.11107548
-0.10583702
-0.10020733
-0.094135123
-0.087565748
-0.080442972
-0.072711448
-0.064320229
-0.055227696
-0.045408152
-0.034860057
-0.02361454
-0.011744571
0.00063219242
0.013344568
0.026191585
0.038898163
0.051291089
0.062877432
0.07393311
0.08371431
0.090255794
0.10723858
0.076378881
0.16960418
-0.18609147
-0.18608788
-0.18608387
-0.18607962
-0.18607488
-0.18606946
-0.1860632
-0.18605589
-0.18604724
-0.18603694
-0.18602466
-0.18601002
-0.18599267
-0.18597225
-0.18594828
-0.18592023
-0.18588755
-0.18584958
-0.18580564
-0.18575499
-0.18569673
-0.18562981
-0.18555312
-0.18546536
-0.18536509
-0.18525065
-0.18512017
-0.18497156
-0.18480244
-0.18461014
-0.1843917
-0.1841436
-0.18386112
-0.18353937
-0.18317418
-0.18276088
-0.18229395
-0.18176706
-0.18117312
-0.18050457
-0.17975541
-0.17892463
-0.17800517
-0.17698459
-0.17585618
-0.17461335
-0.17324958
-0.17175879
-0.17013541
-0.16837454
-0.16647206
-0.16442469
-0.16223012
-0.15988697
-0.15739473
-0.15475355
-0.15196389
-0.14902616
-0.14594011
-0.14270426
-0.13931515
-0.13576665
-0.13204916
-0.12814894
-0.12404741
-0.11972064
-0.11513902
-0.11026713
-0.10506392
-0.099483204
-0.093474494
-0.086984242
-0.079957553
-0.072340571
-0.064083831
-0.055146963
-0.045504948
-0.035155926
-0.024129008
-0.012493479
-0.00036002108
0.012106872
0.02472075
0.037207846
0.04942369
0.060857142
0.071794271
0.081565224
0.087903262
0.1045908
0.074728828
0.16151938
-0.18789108
-0.18788711
-0.1878827
-0.18787801
-0.18787279
-0.18786683
-0.18785997
-0.18785198
-0.18784258
-0.18783145
-0.18781823
-0.18780259
-0.18778409
-0.18776227
-0.18773666
-0.18770672
-0.18767184
-0.18763133
-0.18758445
-0.18753038
-0.18746818
-0.18739671
-0.18731474
-0.18722091
-0.18711363
-0.18699111
-0.18685133
-0.18669201
-0.18651057
-0.18630411
-0.18606942
-0.18580266
-0.18549866
-0.18515202
-0.18475826
-0.18431234
-0.18380823
-0.18323905
-0.18259705
-0.18187394
-0.18106329
-0.18016501
-0.17917178
-0.17806961
-0.17685178
-0.17551179
-0.17404338
-0.17244095
-0.1706997
-0.16881582
-0.16678651
-0.16461014
-0.16228628
-0.15981558
-0.15719968
-0.15444083
-0.15154152
-0.14850393
-0.14532932
-0.14201732
-0.13856524
-0.13496731
-0.13121396
-0.12729123
-0.12318014
-0.11885632
-0.1142898
-0.10944493
-0.10428071
-0.098751335
-0.092807008
-0.086395215
-0.07946236
-0.071956065
-0.06382838
-0.055040258
-0.045567488
-0.035408129
-0.024589548
-0.013177869
-0.0012771596
0.010953604
0.023342647
0.035615407
0.047657996
0.058938099
0.069762834
0.079501986
0.085727818
0.10194043
0.073515218
0.15329722
-0.18986255
-0.18985814
-0.18985326
-0.18984807
-0.1898423
-0.18983573
-0.18982817
-0.18981941
-0.18980915
-0.18979706
-0.18978279
-0.18976601
-0.1897462
-0.18972281
-0.18969535
-0.18966327
-0.1896259
-0.18958249
-0.18953222
-0.18947425
-0.18940753
-0.1893308
-0.18924276
-0.18914189
-0.18902647
-0.18889455
-0.18874391
-0.18857207
-0.18837619
-0.18815311
-0.1878993
-0.18761057
-0.18728115
-0.18690505
-0.18647745
-0.18599288
-0.18544471
-0.18482544
-0.18412657
-0.18333892
-0.18245562
-0.181478
-0.18039857
-0.17920146
-0.17788011
-0.17642831
-0.17484027
-0.17311121
-0.17123748
-0.16921672
-0.16704792
-0.16473149
-0.16226923
-0.15966413
-0.15692015
-0.15404174
-0.15103335
-0.14789878
-0.14464047
-0.14125883
-0.13775146
-0.1341125
-0.13033199
-0.12639532
-0.12228276
-0.11796921
-0.11342407
-0.10861133
-0.1034899
-0.098014233
-0.092135193
-0.085801251
-0.078960099
-0.071560829
-0.063557043
-0.054911105
-0.04559973
-0.035621122
-0.025001127
-0.013803219
-0.0021251222
0.009878552
0.022050972
0.034114592
0.045988434
0.057114412
0.067836516
0.077517993
0.083736343
0.099281497
0.072784873
0.14490388
-0.19202522
-0.19202032
-0.1920149
-0.19200915
-0.19200274
-0.19199546
-0.19198712
-0.19197749
-0.19196627
-0.1919531
-0.19193764
-0.19191951
-0.19189816
-0.19187298
-0.19184345
-0.19180894
-0.19176874
-0.19172201
-0.19166787
-0.19160539
-0.19153343
-0.19145062
-0.19135549
-0.1912464
-0.19112145
-0.19097848
-0.19081506
-0.19062843
-0.19041547
-0.19017267
-0.18989617
-0.18958132
-0.18922157
-0.18881025
-0.18834214
-0.18781126
-0.18721039
-0.18653123
-0.18576445
-0.18489985
-0.1839301
-0.18285861
-0.18167796
-0.18037
-0.17892852
-0.17734791
-0.17562327
-0.17375101
-0.17172908
-0.16955705
-0.16723616
-0.16476926
-0.16216073
-0.15941612
-0.15654181
-0.1535444
-0.15043008
-0.14720393
-0.14386919
-0.14042651
-0.13687333
-0.1332032
-0.1294053
-0.12546398
-0.12135848
-0.11706271
-0.11254528
-0.10776967
-0.10269466
-0.097274918
-0.091461945
-0.085205174
-0.078453585
-0.071157768
-0.063272917
-0.054762878
-0.04560543
-0.035799088
-0.025368393
-0.01437464
-0.0029094149
0.0088758985
0.020839801
0.03269945
0.044409669
0.055380253
0.066012814
0.07560647
0.081934458
0.096606912
0.072589125
0.13630341
-0.19439957
-0.19439411
-0.19438808
-0.19438167
-0.19437455
-0.19436647
-0.19435724
-0.19434661
-0.1943343
-0.19431994
-0.19430313
-0.19428348
-0.19426037
-0.19423316
-0.19420125
-0.19416397
-0.19412052
-0.19406996
-0.19401131
-0.19394357
-0.19386549
-0.19377552
-0.19367205
-0.19355323
-0.19341696
-0.19326083
-0.19308213
-0.19287779
-0.19264432
-0.19237781
-0.19207396
-0.19172764
-0.19133133
-0.19087741
-0.19036022
-0.18977331
-0.1891087
-0.18835729
-0.18750881
-0.18655191
-0.18547884
-0.184296
-0.18299637
-0.18155897
-0.17997836
-0.17824995
-0.17637013
-0.17433707
-0.17215085
-0.16981348
-0.16732891
-0.16470283
-0.16194242
-0.15905592
-0.15605202
-0.15293923
-0.14972514
-0.14641563
-0.14301417
-0.13952115
-0.13593324
-0.13224295
-0.12843817
-0.12450191
-0.12041209
-0.11614149
-0.11165784
-0.10692406
-0.10189876
-0.096536849
-0.090790443
-0.084609971
-0.077945724
-0.070749796
-0.062979023
-0.054598826
-0.045588124
-0.035945952
-0.025695678
-0.014896895
-0.0036351788
0.0079402007
0.019703556
0.031364327
0.042916583
0.053729926
0.06428896
0.073760634
0.080326197
0.093908899
0.072983815
0.12745802
-0.19700467
-0.19699857
-0.19699185
-0.19698472
-0.19697679
-0.19696779
-0.19695754
-0.1969458
-0.19693225
-0.19691653
-0.19689821
-0.19687683
-0.19685174
-0.19682219
-0.19678756
-0.19674707
-0.19669982
-0.19664478
-0.19658082
-0.19650685
-0.19642149
-0.19632298
-0.19620951
-0.19607899
-0.19592904
-0.19575698
-0.19555975
-0.19533386
-0.19507538
-0.19477992
-0.1944426
-0.19405784
-0.19361777
-0.19311274
-0.19253538
-0.19187973
-0.19113738
-0.19029825
-0.18935101
-0.18828311
-0.18708649
-0.18577172
-0.18433262
-0.18274475
-0.18100393
-0.1791072
-0.17705285
-0.17484137
-0.17247553
-0.16996034
-0.16730284
-0.1645118
-0.16159732
-0.15857017
-0.15544112
-0.15222018
-0.14891575
-0.14553394
-0.14207783
-0.1385469
-0.1349366
-0.13123789
-0.12743708
-0.12351557
-0.11944982
-0.11521138
-0.11076706
-0.10607927
-0.10110645
-0.09580379
-0.090124077
-0.08401876
-0.077439443
-0.070339784
-0.062678296
-0.054422034
-0.045551158
-0.036065377
-0.025987036
-0.015374424
-0.0043072121
0.0070663567
0.018636992
0.030103869
0.041504264
0.052157919
0.062661847
0.071973887
0.078913525
0.091179533
0.07402936
0.11832861
-0.19986131
-0.1998545
-0.199847
-0.19983903
-0.19983017
-0.19982015
-0.19980875
-0.19979573
-0.19978079
-0.19976354
-0.1997435
-0.19972016
-0.19969276
-0.1996605
-0.19962265
-0.19957836
-0.19952658
-0.19946614
-0.19939577
-0.19931424
-0.19922001
-0.19911107
-0.19898533
-0.19884041
-0.19867362
-0.19848188
-0.19826169
-0.19800909
-0.19771961
-0.19738822
-0.19700935
-0.1965769
-0.19608286
-0.19551487
-0.19486311
-0.19412261
-0.19328485
-0.19233878
-0.19127199
-0.19007096
-0.18872734
-0.1872575
-0.18565623
-0.18389497
-0.18197172
-0.17988584
-0.17763815
-0.1752321
-0.17267372
-0.1699714
-0.16713553
-0.16417802
-0.16111173
-0.15794966
-0.15470414
-0.15138605
-0.14800395
-0.14456348
-0.14106668
-0.13751159
-0.13389191
-0.13019678
-0.12641061
-0.12251308
-0.11847914
-0.1142791
-0.10987893
-0.10524052
-0.10032229
-0.095079734
-0.089466368
-0.083434694
-0.076937683
-0.069930556
-0.062373562
-0.05423544
-0.045497684
-0.036160805
-0.026246242
-0.01581136
-0.0049299972
0.0062496162
0.01763517
0.028913024
0.040167989
0.050658966
0.061127969
0.070240025
0.077695899
0.088411259
0.075790289
0.10887503
-0.2029837
-0.20297609
-0.20296771
-0.20295883
-0.20294894
-0.20293774
-0.20292504
-0.20291058
-0.20289406
-0.20287506
-0.20285306
-0.20282744
-0.20279735
-0.20276187
-0.20272018
-0.2026713
-0.20261402
-0.20254698
-0.20246869
-0.20237781
-0.20227258
-0.20215065
-0.20200958
-0.20184665
-0.20165873
-0.20144227
-0.20119324
-0.2009071
-0.2005787
-0.20020227
-0.19977146
-0.19927938
-0.19871723
-0.19806998
-0.19732586
-0.19648067
-0.1955258
-0.19444918
-0.19323724
-0.19187645
-0.19036272
-0.18871623
-0.18692783
-0.18496898
-0.18284119
-0.18054666
-0.17808931
-0.17547604
-0.17271651
-0.16982269
-0.16680834
-0.1636883
-0.16047776
-0.15719136
-0.15384234
-0.15044167
-0.14699737
-0.14351386
-0.13999158
-0.13642663
-0.13281064
-0.12913064
-0.12536909
-0.12150389
-0.1175085
-0.1133521
-0.10899989
-0.10441339
-0.099551048
-0.094368774
-0.088820874
-0.082860934
-0.076443319
-0.069524846
-0.06206752
-0.054041833
-0.045430656
-0.036235458
-0.026476815
-0.016211556
-0.0055077148
0.0054855267
0.01669344
0.027787026
0.038903183
0.049228105
0.059683352
0.068553463
0.076669741
0.085597477
0.078334811
0.099056584
-0.20638198
-0.20637348
-0.20636417
-0.20635426
-0.20634324
-0.20633075
-0.20631658
-0.20630052
-0.20628222
-0.20626125
-0.20623699
-0.20620871
-0.20617543
-0.20613606
-0.20608969
-0.20603512
-0.20597096
-0.2058956
-0.20580732
-0.20570458
-0.20558532
-0.20544677
-0.20528607
-0.20510001
-0.20488495
-0.20463673
-0.20435069
-0.20402153
-0.20364332
-0.20320945
-0.20271267
-0.20214533
-0.2014976
-0.20075118
-0.19989219
-0.19891779
-0.19781965
-0.19658464
-0.1951971
-0.19364499
-0.19194129
-0.1901008
-0.18809863
-0.18591877
-0.18356701
-0.18104824
-0.1783698
-0.1755424
-0.17257942
-0.16949632
-0.16630989
-0.16303738
-0.15969569
-0.15630032
-0.15286459
-0.1493988
-0.14590965
-0.1423998
-0.13886756
-0.13530678
-0.13170679
-0.12805246
-0.12432427
-0.12049842
-0.11654702
-0.11243824
-0.10813666
-0.10360357
-0.098797545
-0.093675015
-0.088191115
-0.082300564
-0.075959139
-0.069125263
-0.061762736
-0.053843832
-0.045352859
-0.036292323
-0.026682042
-0.016578592
-0.0060442699
0.0047699427
0.015807424
0.026721418
0.037705421
0.047860748
0.058323503
0.066909459
0.075827842
0.082733188
0.081734187
0.088832196
-0.21004947
-0.21004002
-0.21002967
-0.21001864
-0.21000635
-0.20999241
-0.20997662
-0.20995871
-0.20993837
-0.20991508
-0.20988814
-0.20985663
-0.20981935
-0.2097751
-0.20972272
-0.20966079
-0.20958761
-0.20950136
-0.2094003
-0.20928232
-0.20914465
-0.20898424
-0.20879771
-0.20858127
-0.20833063
-0.20804091
-0.20770666
-0.20732174
-0.20687933
-0.20637187
-0.20579122
-0.205129
-0.20437465
-0.20350599
-0.20250654
-0.20137542
-0.20010565
-0.19868353
-0.19709102
-0.19531764
-0.19339957
-0.19134383
-0.18910714
-0.18669033
-0.18410247
-0.18135141
-0.17844843
-0.17540811
-0.17224742
-0.16898485
-0.16563967
-0.16223084
-0.1587761
-0.15529099
-0.15178808
-0.14827627
-0.14476036
-0.14124075
-0.13771334
-0.13416955
-0.13059639
-0.1269766
-0.12328881
-0.11950768
-0.11560414
-0.11154555
-0.10729601
-0.10281672
-0.098066537
-0.093002451
-0.087580501
-0.081756549
-0.075487799
-0.068734294
-0.061461628
-0.053643889
-0.045266878
-0.036334198
-0.02686498
-0.016915798
-0.0065433047
0.0040990006
0.014973
0.025712031
0.036570402
0.046552699
0.05704337
0.065304345
0.075158749
0.079815773
0.086062174
0.078161151
-0.21398253
-0.2139721
-0.21396069
-0.21394852
-0.21393489
-0.21391938
-0.2139018
-0.21388186
-0.2138592
-0.21383323
-0.21380306
-0.21376755
-0.21372522
-0.21367459
-0.21361425
-0.21354243
-0.21345699
-0.21335585
-0.21323728
-0.2130985
-0.21293567
-0.21274534
-0.21252354
-0.21226573
-0.21196678
-0.21162098
-0.21122198
-0.21076272
-0.21023548
-0.20963177
-0.20894252
-0.20815867
-0.20727029
-0.20625677
-0.205093
-0.20377352
-0.20230096
-0.20066344
-0.19884106
-0.19682431
-0.19466778
-0.19237632
-0.18989484
-0.18723527
-0.18440912
-0.18142783
-0.17830677
-0.17506415
-0.17172
-0.16829532
-0.16481104
-0.16128699
-0.15774093
-0.15418762
-0.15063818
-0.14709954
-0.1435742
-0.14006004
-0.13655046
-0.13303444
-0.12949677
-0.12591823
-0.1222758
-0.11854285
-0.11468931
-0.11068193
-0.10648452
-0.10205834
-0.097362585
-0.092354907
-0.086992267
-0.081231693
-0.075031811
-0.068354257
-0.061166451
-0.053444299
-0.045175117
-0.036363675
-0.027028465
-0.017226265
-0.0070082138
0.0034690988
0.014186279
0.024754985
0.035493935
0.045300227
0.055837317
0.063735719
0.074646185
0.076845759
0.091393823
0.067002294
-0.21811401
-0.21810252
-0.21808994
-0.21807648
-0.21806134
-0.21804404
-0.21802432
-0.21800191
-0.21797634
-0.2179469
-0.21791243
-0.21787141
-0.21782202
-0.2177624
-0.21769079
-0.21760494
-0.21750218
-0.21737992
-0.21723629
-0.21706798
-0.21687015
-0.21663859
-0.21636853
-0.21605461
-0.21569083
-0.21527057
-0.21478658
-0.21423094
-0.21359514
-0.21286999
-0.21204576
-0.21111281
-0.21006233
-0.2088798
-0.20752846
-0.20599423
-0.20429448
-0.20242073
-0.20035288
-0.19808275
-0.19568004
-0.19314721
-0.19042136
-0.18752362
-0.18446788
-0.18126922
-0.17794656
-0.1745211
-0.17101531
-0.16745186
-0.16385258
-0.16023735
-0.15662318
-0.15302344
-0.14944732
-0.14589943
-0.14237979
-0.13888374
-0.13540222
-0.13192196
-0.12842576
-0.12489266
-0.12129827
-0.11761488
-0.11381169
-0.10985499
-0.1057085
-0.10133361
-0.096689986
-0.091735956
-0.086429439
-0.080728607
-0.074593496
-0.06798731
-0.0608793
-0.053247189
-0.045079819
-0.036383156
-0.027175131
-0.017512868
-0.0074421683
0.0028768908
0.013443593
0.023846684
0.034471932
0.044100066
0.054699146
0.062202619
0.074268389
0.073827442
0.097805401
0.05532061
-0.2224499
-0.22243762
-0.22242423
-0.22240975
-0.22239327
-0.22237426
-0.22235237
-0.22232727
-0.22229838
-0.22226469
-0.22222462
-0.22217606
-0.22211654
-0.22204373
-0.22195528
-0.22184821
-0.22171899
-0.22156431
-0.22138252
-0.22116982
-0.22091971
-0.22062698
-0.22028607
-0.21989082
-0.21943449
-0.21890984
-0.21830911
-0.21762408
-0.21684609
-0.21596604
-0.21497444
-0.21386187
-0.21262071
-0.21124108
-0.20968104
-0.20791945
-0.2059802
-0.20385952
-0.20153969
-0.1990314
-0.1964023
-0.19363235
-0.19067306
-0.18755321
-0.18428746
-0.18089387
-0.17739426
-0.17381206
-0.17017138
-0.16649579
-0.16280728
-0.15912512
-0.15546507
-0.15183868
-0.148253
-0.14471025
-0.14120798
-0.13773916
-0.1342925
-0.13085273
-0.12740094
-0.12391477
-0.12036868
-0.11673416
-0.11297986
-0.10907182
-0.10497375
-0.10064733
-0.096052691
-0.091148895
-0.085894798
-0.080249687
-0.074174981
-0.067635441
-0.060602107
-0.053054512
-0.044983055
-0.036394874
-0.02730743
-0.017778263
-0.0078481193
0.0023192571
0.012741481
0.022983795
0.033500407
0.042949416
0.053622145
0.060705658
0.073997625
0.070770352
0.10536995
0.043062643
-0.22670912
-0.22669556
-0.22668074
-0.22666464
-0.22664614
-0.22662458
-0.22659946
-0.22657016
-0.22653577
-0.22649484
-0.22644519
-0.22638398
-0.22630799
-0.22621419
-0.22609954
-0.22596017
-0.22579163
-0.22559011
-0.22535447
-0.22508043
-0.2247598
-0.22438653
-0.22395449
-0.22345698
-0.22288687
-0.22223661
-0.22149836
-0.22066406
-0.21972538
-0.21867386
-0.21750077
-0.21619729
-0.2147564
-0.21317285
-0.21141426
-0.2094436
-0.2072736
-0.20491752
-0.20235831
-0.19964363
-0.1968209
-0.19383168
-0.1906651
-0.18735137
-0.18390475
-0.18034628
-0.17669992
-0.17299061
-0.1692435
-0.16548251
-0.16172922
-0.15800191
-0.15431486
-0.15067768
-0.14709529
-0.14356764
-0.14009008
-0.13665345
-0.13324459
-0.12984654
-0.12643901
-0.12299849
-0.11949861
-0.11591024
-0.11220168
-0.10833885
-0.10428557
-0.10000381
-0.095454254
-0.090596673
-0.085390829
-0.079797095
-0.073778212
-0.067300451
-0.060336635
-0.052868077
-0.044886729
-0.036400878
-0.027427621
-0.018024919
-0.0082288205
0.0017932975
0.012076694
0.022163241
0.03257549
0.04184595
0.052599174
0.059247111
0.073799446
0.067687242
0.11416885
0.030270313
-0.23112542
-0.23111299
-0.23109944
-0.23108386
-0.23106492
-0.2310417
-0.23101347
-0.23097924
-0.23093739
-0.23088549
-0.23082008
-0.23073639
-0.23062958
-0.23049574
-0.23033065
-0.23012897
-0.22988591
-0.2296011
-0.22927267
-0.22889232
-0.22845273
-0.22794859
-0.22737454
-0.22672482
-0.22599343
-0.22517418
-0.22426064
-0.22324605
-0.22212333
-0.22088508
-0.2195235
-0.21803015
-0.2163973
-0.21462191
-0.21268874
-0.21053857
-0.2081659
-0.20560961
-0.20284416
-0.19995414
-0.19696715
-0.19379225
-0.19045608
-0.18698279
-0.1833887
-0.17969761
-0.17593519
-0.17212749
-0.16830024
-0.16447719
-0.16067938
-0.15692387
-0.15322346
-0.14958595
-0.14601434
-0.14250663
-0.13905628
-0.13565242
-0.13228032
-0.12892172
-0.12555522
-0.12215647
-0.11869847
-0.11515165
-0.11148411
-0.10766175
-0.10364854
-0.099406817
-0.094897778
-0.090081869
-0.084919727
-0.079372729
-0.073404901
-0.066983964
-0.060084488
-0.052689525
-0.044792589
-0.036403067
-0.027537799
-0.018255124
-0.0085868274
0.00129632
0.01144616
0.021382179
0.031693424
0.040787765
0.051622795
0.057830843
0.073632684
0.064608483
0.12424931
0.016684204
-0.23453527
-0.23451959
-0.23450227
-0.23448291
-0.23445959
-0.23443064
-0.2343944
-0.23434885
-0.23429145
-0.23421893
-0.23412699
-0.23400979
-0.23386145
-0.23367754
-0.23345337
-0.23318285
-0.23286169
-0.23249499
-0.2320802
-0.23160374
-0.23106
-0.2304446
-0.2297527
-0.22897922
-0.22811904
-0.22716694
-0.2261174
-0.22496461
-0.2237023
-0.22232377
-0.22082179
-0.21918825
-0.21741421
-0.21549577
-0.21343166
-0.21114883
-0.20862964
-0.20593229
-0.2030155
-0.19999488
-0.19688138
-0.19356608
-0.19010581
-0.1865131
-0.18280972
-0.17902104
-0.1751741
-0.17129557
-0.16741167
-0.1635459
-0.15971878
-0.15594641
-0.1522404
-0.14860713
-0.14504813
-0.14155987
-0.13813438
-0.13475948
-0.13141927
-0.1280945
-0.12476296
-0.12139968
-0.11797719
-0.11446565
-0.11083303
-0.10704528
-0.10306654
-0.098859506
-0.094385856
-0.08960666
-0.08448335
-0.078978239
-0.073056559
-0.066687417
-0.059847103
-0.052520356
-0.044702246
-0.036403196
-0.0276399
-0.018471001
-0.0089245404
0.00082580039
0.010846988
0.020637972
0.030850588
0.039773332
0.050685453
0.056462613
0.073447479
0.061542277
0.13578732
0.0044849412
-0.23847256
-0.23846789
-0.23846109
-0.23844473
-0.23841594
-0.23837268
-0.23831203
-0.23823007
-0.23812235
-0.2379843
-0.23781022
-0.23759054
-0.23731835
-0.23699337
-0.23661302
-0.23617361
-0.23568013
-0.23514477
-0.23456084
-0.23391515
-0.23320638
-0.23243269
-0.23159022
-0.23067455
-0.22968094
-0.22860332
-0.22743558
-0.22617081
-0.22480127
-0.22331924
-0.22171591
-0.21998274
-0.21810943
-0.21608704
-0.21393121
-0.21155289
-0.20892436
-0.20612374
-0.2030907
-0.19997471
-0.19676181
-0.19333632
-0.18977991
-0.18609224
-0.18230313
-0.17843749
-0.17452392
-0.17058939
-0.1666605
-0.16276053
-0.15890944
-0.15512269
-0.15141098
-0.14777957
-0.14422893
-0.14075439
-0.13734694
-0.13399338
-0.13067699
-0.12737774
-0.12407287
-0.12073691
-0.11734207
-0.11385832
-0.11025354
-0.10649372
-0.10254321
-0.098364976
-0.093921137
-0.089173304
-0.084083623
-0.07861528
-0.072734624
-0.066412126
-0.059625758
-0.052361882
-0.044617104
-0.03640279
-0.027735644
-0.018674442
-0.0092440986
0.00037945592
0.010276522
0.019928222
0.030043583
0.038801434
0.049779787
0.055148871
0.073178614
0.058836755
0.14761677
-0.23928049
-0.23927272
-0.2392479
-0.23920703
-0.23914639
-0.23906158
-0.23895157
-0.23881853
-0.23866499
-0.23848913
-0.23828728
-0.23804106
-0.23773978
-0.23738974
-0.2369846
-0.23651832
-0.23600445
-0.23545474
-0.23484709
-0.23417152
-0.23343181
-0.23262645
-0.2317491
-0.23079774
-0.2297691
-0.22865503
-0.22745084
-0.22615056
-0.22474223
-0.2232222
-0.22158005
-0.21980517
-0.21788979
-0.21581637
-0.21361176
-0.21118877
-0.20851471
-0.20566987
-0.20259973
-0.19946401
-0.19621594
-0.19275676
-0.18917429
-0.18546064
-0.18165121
-0.17776816
-0.1738411
-0.16989617
-0.16596003
-0.16205578
-0.15820369
-0.15441885
-0.1507121
-0.14708849
-0.14354828
-0.14008643
-0.13669365
-0.13335636
-0.13005753
-0.12677685
-0.12349132
-0.12017529
-0.11680082
-0.11333782
-0.10975416
-0.10601588
-0.10208747
-0.097932111
-0.093512254
-0.088789958
-0.083728001
-0.078290386
-0.072444642
-0.066162671
-0.059424193
-0.052217266
-0.044540014
-0.036404595
-0.027827762
-0.018868214
-0.0095483456
-4.5538025e-05
0.0097317414
0.019250217
0.029268833
0.037870816
0.048898546
0.053898554
0.072777374
0.056548643
0.14237747
-0.24187716
-0.24177863
-0.24168039
-0.24158452
-0.24147735
-0.24135094
-0.24119968
-0.24101897
-0.24080247
-0.24054471
-0.24024094
-0.23988033
-0.23945973
-0.23899107
-0.23847503
-0.23790668
-0.23730126
-0.23666756
-0.23598149
-0.23524038
-0.23444328
-0.23358451
-0.23266127
-0.2316672
-0.23059645
-0.22944626
-0.22820723
-0.22686874
-0.2254293
-0.22387568
-0.22219575
-0.22038626
-0.21843349
-0.21631918
-0.21406547
-0.21160349
-0.20888364
-0.20597277
-0.20285229
-0.19965521
-0.19632581
-0.19279636
-0.18914298
-0.18536033
-0.18148636
-0.17754255
-0.17356077
-0.16956714
-0.16558907
-0.16164932
-0.15776851
-0.15396094
-0.15023763
-0.14660244
-0.14305542
-0.13959073
-0.13619867
-0.13286499
-0.12957223
-0.12629955
-0.12302369
-0.11971863
-0.11635625
-0.11290629
-0.10933655
-0.1056131
-0.10170054
-0.09756228
-0.093161052
-0.08845938
-0.083420568
-0.07800931
-0.072194048
-0.065947698
-0.059251301
-0.052094126
-0.044475507
-0.036408303
-0.027909573
-0.01903791
-0.0098140592
-0.00041584795
0.009256482
0.018660207
0.028591526
0.037062999
0.048115903
0.052833116
0.072225316
0.054952432
0.13368264
-0.24147577
-0.24143216
-0.24138194
-0.24133914
-0.24129436
-0.24123384
-0.24114635
-0.24102361
-0.24086127
-0.2406536
-0.24039607
-0.24008299
-0.23971091
-0.23928288
-0.23879761
-0.23825057
-0.23765938
-0.23702518
-0.23633748
-0.23559495
-0.23479529
-0.23393058
-0.23300185
-0.23200249
-0.2309248
-0.22976574
-0.22851567
-0.22716723
-0.22571667
-0.22414668
-0.22245382
-0.22062775
-0.21865365
-0.2165192
-0.21423407
-0.21174982
-0.20900976
-0.20605378
-0.2029077
-0.19967164
-0.1962893
-0.19271296
-0.18901063
-0.18518069
-0.18126051
-0.1772742
-0.17325131
-0.16922258
-0.16521292
-0.1612477
-0.15734552
-0.15352258
-0.14978775
-0.1461457
-0.14259557
-0.13913129
-0.13574217
-0.13241394
-0.12912852
-0.12586494
-0.12259937
-0.11930566
-0.11595547
-0.11251841
-0.10896224
-0.10525308
-0.10135558
-0.097233373
-0.092849507
-0.088166822
-0.08314916
-0.077761824
-0.071974023
-0.065759581
-0.059100649
-0.051987478
-0.044420491
-0.036413022
-0.02798265
-0.019187456
-0.010047676
-0.00073960285
0.008839649
0.01814737
0.02799464
0.036370055
0.04740132
0.05197968
0.071467972
0.054208971
0.12788465
-0.2414604
-0.24142596
-0.2413819
-0.24133049
-0.24126602
-0.24118094
-0.24106821
-0.24092272
-0.24074403
-0.24053154
-0.24028278
-0.23999215
-0.23965447
-0.23926393
-0.23881765
-0.23831368
-0.23775671
-0.23714415
-0.23647127
-0.23573872
-0.23494546
-0.23408699
-0.23316016
-0.23216272
-0.23108463
-0.22991892
-0.22866377
-0.22731244
-0.22584902
-0.22427185
-0.222569
-0.2207235
-0.21873634
-0.21658188
-0.21426756
-0.21176394
-0.20900535
-0.20601269
-0.20284487
-0.19958264
-0.19615311
-0.19253995
-0.18879858
-0.18493138
-0.18097132
-0.17695004
-0.17289486
-0.16883534
-0.16480102
-0.16081398
-0.1568954
-0.1530599
-0.14931655
-0.1456703
-0.14211903
-0.13865691
-0.13527262
-0.13195145
-0.12867491
-0.12542156
-0.12216745
-0.11888609
-0.115549
-0.11212565
-0.10858376
-0.1048894
-0.10100744
-0.096901652
-0.092535352
-0.087871847
-0.082875517
-0.077512232
-0.071752109
-0.065569757
-0.058948394
-0.051879174
-0.044363483
-0.036415098
-0.028052204
-0.019332307
-0.010275641
-0.0010560347
0.0084304746
0.017645468
0.027405533
0.035695296
0.046679422
0.051181744
0.070584199
0.053799924
0.12372245
-0.24145499
-0.24143079
-0.24140128
-0.24136977
-0.24133142
-0.24127705
-0.24119466
-0.2410759
-0.24091397
-0.2407095
-0.24046239
-0.24017348
-0.23984045
-0.2394585
-0.23902308
-0.23853174
-0.23798315
-0.2373762
-0.23670824
-0.23598116
-0.23518839
-0.23433051
-0.23340151
-0.23239471
-0.23130995
-0.23013975
-0.22887521
-0.22750985
-0.22603606
-0.22444455
-0.22272171
-0.22085899
-0.21884964
-0.2166721
-0.21432945
-0.21179714
-0.20901306
-0.20597968
-0.20278832
-0.19949065
-0.19601057
-0.1923596
-0.18857405
-0.18466276
-0.18066429
-0.17660296
-0.17251582
-0.16842619
-0.16436594
-0.16035777
-0.15642338
-0.15257593
-0.14882568
-0.1451763
-0.14162576
-0.13816703
-0.13478912
-0.13147639
-0.12821005
-0.12496835
-0.12172693
-0.11845911
-0.11513616
-0.11172749
-0.10820079
-0.10452203
-0.10065633
-0.096567535
-0.092219352
-0.087575487
-0.082600817
-0.077261919
-0.071529659
-0.06537956
-0.058795801
-0.051770352
-0.044305591
-0.036415663
-0.028119426
-0.019473744
-0.010499111
-0.0013664982
0.0080281475
0.017152605
0.026824387
0.035033941
0.045956854
0.05041871
0.069648283
0.053550381
0.11959188
-0.24130592
-0.24128641
-0.24126335
-0.24124047
-0.2412152
-0.24118059
-0.241128
-0.24104529
-0.24092376
-0.240759
-0.2405484
-0.24029319
-0.23999182
-0.23963482
-0.23921813
-0.23874383
-0.2382093
-0.23761321
-0.23695744
-0.23623693
-0.23544896
-0.23459224
-0.23366273
-0.2326538
-0.23156542
-0.23038798
-0.22911475
-0.22773925
-0.22625358
-0.22464365
-0.22290454
-0.22102625
-0.21898855
-0.21678796
-0.21441314
-0.21185267
-0.20903818
-0.20596395
-0.20273901
-0.19939701
-0.19586866
-0.19217249
-0.18833579
-0.18437912
-0.18033861
-0.17623782
-0.17211299
-0.16799269
-0.16390617
-0.15987746
-0.15592672
-0.15206892
-0.14831325
-0.14466205
-0.14111358
-0.13766014
-0.13429021
-0.1309875
-0.12773296
-0.12450431
-0.12127707
-0.1180241
-0.11471654
-0.11132372
-0.10781312
-0.10415107
-0.10030241
-0.096231393
-0.091902071
-0.087278458
-0.082325954
-0.07701191
-0.071307759
-0.065190104
-0.058643943
-0.051662138
-0.044247977
-0.036415879
-0.028185669
-0.019613126
-0.010719649
-0.0016724111
0.0076309948
0.016667342
0.026249066
0.034384857
0.045230481
0.04969248
0.068650913
0.053502508
0.11509603
-0.24107138
-0.24105657
-0.2410383
-0.24101824
-0.24099406
-0.24096214
-0.24091503
-0.240843
-0.24073881
-0.24059683
-0.24041582
-0.24019693
-0.23993303
-0.2396131
-0.23923514
-0.23879833
-0.23829697
-0.23772932
-0.2370966
-0.23639586
-0.23562638
-0.23478307
-0.2338628
-0.23286375
-0.23177606
-0.23059863
-0.22932485
-0.22794389
-0.22644773
-0.22482769
-0.22307446
-0.22117457
-0.21911943
-0.21689095
-0.21448161
-0.21189537
-0.20904797
-0.20593271
-0.20266982
-0.19928479
-0.19570553
-0.19195696
-0.18807264
-0.18406938
-0.17998301
-0.1758417
-0.17167922
-0.16752809
-0.16341612
-0.15936769
-0.15540266
-0.15153611
-0.14777615
-0.14412509
-0.14058076
-0.13713466
-0.13377452
-0.13048364
-0.1272427
-0.12402884
-0.12081718
-0.11758054
-0.11428974
-0.11091392
-0.10742071
-0.10377614
-0.099945468
-0.095893219
-0.091583341
-0.086980582
-0.082050877
-0.076762
-0.071086489
-0.065001356
-0.058492835
-0.0515545
-0.044190599
-0.036415885
-0.028250956
-0.019750654
-0.010937365
-0.0019740464
0.0072387138
0.016189533
0.025678634
0.033748799
0.044497595
0.049007593
0.067578049
0.053718861
0.11049631
-0.24076009
-0.24074803
-0.24073239
-0.2407159
-0.24069667
-0.24066998
-0.24062922
-0.24056623
-0.24047238
-0.24034398
-0.24017856
-0.23997901
-0.23974288
-0.23945767
-0.23911723
-0.23871936
-0.23825575
-0.23772257
-0.23712281
-0.23645234
-0.23570931
-0.23488953
-0.23398903
-0.23300506
-0.23193054
-0.23076106
-0.22948924
-0.22810869
-0.22660774
-0.22498037
-0.22321586
-0.22129786
-0.21922344
-0.21696997
-0.21453172
-0.21190857
-0.2090317
-0.20587486
-0.20257421
-0.19914203
-0.19550992
-0.19170843
-0.18777627
-0.18372293
-0.17959062
-0.17540826
-0.17121013
-0.16702853
-0.16289158
-0.15882479
-0.1548478
-0.15097395
-0.14721215
-0.14356368
-0.14002566
-0.13658898
-0.13324059
-0.12996388
-0.1267383
-0.12354103
-0.12034669
-0.11712782
-0.11385519
-0.11049772
-0.10702294
-0.10339711
-0.099585384
-0.095552448
-0.091262992
-0.086681686
-0.081775255
-0.07651208
-0.070865375
-0.064813025
-0.058342253
-0.0514472
-0.044133298
-0.036415417
-0.028315109
-0.019886056
-0.011152091
-0.0022712043
0.0068513466
0.015719333
0.025113072
0.033126029
0.043757963
0.048363936
0.066434384
0.054213049
0.10594553
-0.24039084
-0.24038048
-0.24036776
-0.24035414
-0.24033775
-0.24031577
-0.2402823
-0.24022837
-0.24014629
-0.24003062
-0.23988101
-0.23970185
-0.23948947
-0.239231
-0.2389209
-0.23855678
-0.23812859
-0.23763037
-0.23706556
-0.2364301
-0.2357193
-0.23492943
-0.23405535
-0.23309135
-0.23203569
-0.23088017
-0.2296163
-0.22823916
-0.22673883
-0.22510706
-0.22333148
-0.22140083
-0.21930242
-0.21702581
-0.21455906
-0.21190143
-0.20898958
-0.20578999
-0.20244793
-0.19896565
-0.19527801
-0.19142679
-0.18743925
-0.18333764
-0.17915775
-0.17493393
-0.17070078
-0.16648896
-0.16232915
-0.15824595
-0.15425833
-0.1503801
-0.1466186
-0.14297561
-0.13944608
-0.13602124
-0.13268738
-0.12942673
-0.12621876
-0.12303995
-0.11986477
-0.11666541
-0.11341236
-0.11007464
-0.10661951
-0.10301346
-0.099221745
-0.095209135
-0.090940704
-0.086381607
-0.081498972
-0.07626193
-0.070644302
-0.064625068
-0.058191988
-0.051340224
-0.044076006
-0.03641438
-0.028378075
-0.020019319
-0.011363849
-0.0025638356
0.0064688327
0.015256697
0.024552311
0.032516256
0.043012028
0.047758658
0.065231102
0.054981833
0.10141418
-0.23996457
-0.2399566
-0.23994633
-0.23993463
-0.23992033
-0.2399004
-0.23986968
-0.23982204
-0.23975005
-0.23964761
-0.23951355
-0.239352
-0.23916119
-0.23892983
-0.2386501
-0.23831732
-0.23792252
-0.2374607
-0.23693333
-0.2363346
-0.2356586
-0.23490074
-0.23405635
-0.23312041
-0.23208775
-0.23095043
-0.22970175
-0.22833308
-0.22683812
-0.22520423
-0.22341906
-0.22147577
-0.2193595
-0.21705933
-0.21455903
-0.21186979
-0.20891787
-0.20567617
-0.20228771
-0.19875257
-0.19500752
-0.19110372
-0.18705968
-0.18290559
-0.17867971
-0.17441337
-0.17014553
-0.16590556
-0.16172444
-0.15762657
-0.15363116
-0.14975116
-0.14599295
-0.14235767
-0.13883994
-0.13542993
-0.13211285
-0.12887096
-0.1256828
-0.1225247
-0.11937059
-0.11619247
-0.11296077
-0.10964413
-0.10621011
-0.10262498
-0.09885425
-0.094862999
-0.090616289
-0.086080106
-0.081221908
-0.076011417
-0.070423409
-0.064437337
-0.058042142
-0.051233522
-0.044018664
-0.036412784
-0.028439911
-0.020150448
-0.011572744
-0.0028520894
0.006091011
0.014801395
0.023996116
0.031919046
0.042260087
0.047188473
0.063976693
0.05602244
0.09681626
-0.23947449
-0.23946721
-0.23945793
-0.23944771
-0.23943541
-0.23941871
-0.23939383
-0.23935382
-0.23929045
-0.23919927
-0.23907916
-0.23893467
-0.23876411
-0.23855604
-0.238303
-0.23800085
-0.23764104
-0.23721619
-0.23672522
-0.23616282
-0.23552358
-0.23480162
-0.23399296
-0.23308962
-0.23208334
-0.23096855
-0.22974017
-0.22838575
-0.22689679
-0.2252646
-0.22347587
-0.22152074
-0.21938688
-0.21706186
-0.21452987
-0.21180199
-0.20880987
-0.205526
-0.20208917
-0.19849578
-0.19469231
-0.19073044
-0.1866292
-0.18242231
-0.17814863
-0.17384185
-0.16953838
-0.16527181
-0.16107204
-0.15696189
-0.15296211
-0.14908323
-0.14533196
-0.14170771
-0.138205
-0.13481255
-0.13151544
-0.1282949
-0.12512923
-0.1219941
-0.1188632
-0.11570833
-0.11249962
-0.10920575
-0.1057942
-0.1022313
-0.098482635
-0.094513652
-0.090289686
-0.085777092
-0.080943922
-0.075760507
-0.070202457
-0.064249842
-0.057892631
-0.051126967
-0.043961248
-0.036410695
-0.028500555
-0.020279606
-0.011778764
-0.0031361887
0.0057177596
0.014353228
0.023444256
0.031333921
0.041502444
0.046649666
0.062678707
0.05737855
0.092304229
0.17295179
-0.23895127
-0.23894543
-0.23893796
-0.23892945
-0.23891907
-0.23890456
-0.23888183
-0.23884514
-0.23878856
-0.23870688
-0.23859787
-0.2384657
-0.23831018
-0.23812143
-0.23789244
-0.23761841
-0.23729126
-0.23690165
-0.23644594
-0.23592017
-0.23531878
-0.23463566
-0.23386262
-0.2329922
-0.23201864
-0.23093323
-0.22972574
-0.22838939
-0.22691247
-0.22528386
-0.22349442
-0.22152923
-0.21937685
-0.21702557
-0.21446237
-0.21169185
-0.20865957
-0.20533116
-0.20184221
-0.19818786
-0.19432295
-0.19029895
-0.18613858
-0.18187928
-0.17755692
-0.17320953
-0.16887305
-0.16458202
-0.16036574
-0.15624759
-0.1522462
-0.14837247
-0.14463186
-0.14102263
-0.1375384
-0.13416698
-0.1308932
-0.12769708
-0.12455658
-0.12144697
-0.11834167
-0.11521211
-0.11202827
-0.10875893
-0.10537133
-0.10183192
-0.098106665
-0.094160851
-0.08996062
-0.085472323
-0.080664896
-0.075509105
-0.069981299
-0.064062446
-0.057743258
-0.051020568
-0.043903766
-0.036408058
-0.02856007
-0.020406722
-0.011982057
-0.0034161279
0.0053489288
0.013912014
0.02289655
0.030760436
0.04073955
0.046138037
0.061338611
0.058969126
0.087208111
0.16726393
-0.23839373
-0.23838874
-0.23838216
-0.2383745
-0.23836473
-0.23835113
-0.23833073
-0.23829873
-0.23824866
-0.23817537
-0.23807678
-0.2379564
-0.23781495
-0.23764451
-0.23743772
-0.23718865
-0.23689038
-0.2365332
-0.23611045
-0.23562124
-0.23505727
-0.23441054
-0.23367335
-0.23283937
-0.23189933
-0.23084266
-0.22966069
-0.22834388
-0.22688105
-0.2252597
-0.22346818
-0.22149386
-0.21932386
-0.21694685
-0.21434751
-0.21153156
-0.20845531
-0.20508567
-0.20153914
-0.19781895
-0.19388755
-0.18979991
-0.18558034
-0.18126544
-0.17689559
-0.17250796
-0.16814133
-0.16382878
-0.15959951
-0.15547711
-0.15147859
-0.14761429
-0.14388876
-0.14029885
-0.13683704
-0.13349107
-0.13024386
-0.1270756
-0.12396342
-0.12088213
-0.11780488
-0.11470289
-0.11154608
-0.10830291
-0.10494095
-0.10142656
-0.097725836
-0.093804414
-0.089628723
-0.085165644
-0.080384511
-0.075256984
-0.069759876
-0.063875091
-0.057593994
-0.050914312
-0.043846125
-0.036404772
-0.028618464
-0.020531841
-0.012182678
-0.0036919861
0.0049843838
0.013477514
0.022352946
0.030198003
0.039971974
0.045648275
0.059959884
0.060286476
0.082422163
0.15994444
-0.23781085
-0.23780641
-0.23780089
-0.23779428
-0.23778601
-0.23777478
-0.23775758
-0.23772964
-0.23768576
-0.23762117
-0.23753312
-0.23742465
-0.23729627
-0.23714093
-0.23695247
-0.23672496
-0.23645198
-0.23612313
-0.23573155
-0.23527477
-0.2347452
-0.23413427
-0.23343422
-0.23263482
-0.23172664
-0.23070046
-0.22954596
-0.22824975
-0.22680098
-0.22518762
-0.22339573
-0.22141229
-0.21922419
-0.21681847
-0.21418019
-0.21131232
-0.20818526
-0.20477736
-0.20117183
-0.19737568
-0.19337597
-0.18922135
-0.18494024
-0.18056986
-0.17615351
-0.17172781
-0.16733382
-0.16300317
-0.15876579
-0.15464381
-0.15065335
-0.14680421
-0.14309817
-0.13953256
-0.1360983
-0.13278171
-0.12956535
-0.12642854
-0.12334802
-0.12029818
-0.11725169
-0.11417977
-0.11105213
-0.10783718
-0.10450248
-0.10101465
-0.097339809
-0.093444018
-0.089293775
-0.084856857
-0.080102694
-0.075003934
-0.069538109
-0.06368752
-0.057444865
-0.050807968
-0.043788261
-0.036400918
-0.028675688
-0.020655004
-0.01238062
-0.0039639119
0.004624029
0.013049539
0.021813337
0.029645935
0.039200517
0.045173998
0.05855469
0.061238876
0.078161011
0.15381907
-0.23722913
-0.23722544
-0.23722051
-0.23721477
-0.23720753
-0.23719716
-0.23718136
-0.23715656
-0.23711779
-0.23705964
-0.23697995
-0.23688081
-0.2367623
-0.23662017
-0.23644853
-0.2362409
-0.23599075
-0.23568738
-0.23532393
-0.23489733
-0.23439953
-0.23382152
-0.23315419
-0.23238843
-0.23151261
-0.23051639
-0.22938638
-0.2281107
-0.22667602
-0.22506851
-0.22327471
-0.22127885
-0.21906814
-0.21663109
-0.21395169
-0.21102927
-0.2078455
-0.2043894
-0.20071853
-0.1968445
-0.19277252
-0.18854893
-0.18420431
-0.17977981
-0.17531781
-0.17085802
-0.16643983
-0.1620961
-0.15785607
-0.15374027
-0.14976434
-0.14593563
-0.14225565
-0.13871994
-0.1353183
-0.13203606
-0.12885502
-0.1257539
-0.12270867
-0.11969358
-0.11668092
-0.11364172
-0.11054552
-0.10736095
-0.10405544
-0.10059569
-0.096948193
-0.093079129
-0.08895564
-0.084545554
-0.079819344
-0.074749865
-0.069315677
-0.063499782
-0.057295607
-0.050701573
-0.043730144
-0.036396365
-0.02873174
-0.020776217
-0.012575951
-0.0042320258
0.0042677701
0.012627917
0.021277596
0.029103544
0.038426092
0.044709538
0.057136094
0.061945058
0.0742287
0.14864649
-0.23665745
-0.23665465
-0.236651
-0.23664617
-0.23663972
-0.2366306
-0.23661686
-0.23659524
-0.23656099
-0.23650975
-0.23643885
-0.23634843
-0.23623943
-0.23610852
-0.23595012
-0.23575905
-0.23552887
-0.23524723
-0.2349077
-0.23450737
-0.23403762
-0.23348983
-0.23285313
-0.23211666
-0.2312689
-0.23029744
-0.22918944
-0.227931
-0.22650682
-0.22490225
-0.22310181
-0.22109078
-0.21885369
-0.21637902
-0.21365159
-0.21066998
-0.20742314
-0.20390609
-0.20016187
-0.19620754
-0.19206107
-0.18776593
-0.1833574
-0.17887934
-0.17437372
-0.16988445
-0.16544739
-0.16109675
-0.15686072
-0.15275861
-0.14880379
-0.14500289
-0.14135579
-0.13785637
-0.13449329
-0.1312509
-0.12811036
-0.12504927
-0.12204353
-0.11906674
-0.11609122
-0.11308756
-0.11002548
-0.10687346
-0.10359906
-0.10016922
-0.096550526
-0.092709617
-0.088613833
-0.084231548
-0.079534038
-0.074494623
-0.069092498
-0.063311703
-0.057146144
-0.050595027
-0.043671631
-0.036391116
-0.028786597
-0.020895534
-0.012768735
-0.0044963655
0.0039154872
0.012212317
0.020745776
0.028570073
0.037649651
0.044250651
0.055712356
0.062478909
0.070494946
0.14368478
-0.23611405
-0.23611165
-0.23610843
-0.23610455
-0.23609923
-0.23609149
-0.23607981
-0.23606117
-0.23603153
-0.23598677
-0.23592369
-0.23584229
-0.23574289
-0.23562247
-0.23547701
-0.23530148
-0.23508772
-0.23482482
-0.23450627
-0.23412886
-0.23368341
-0.23315969
-0.23254742
-0.23183497
-0.23101042
-0.23005928
-0.228968
-0.2277204
-0.22630101
-0.22469302
-0.22287922
-0.2208444
-0.21857332
-0.21605145
-0.2132691
-0.21021939
-0.20689947
-0.20330958
-0.1994835
-0.19544504
-0.1912196
-0.18685163
-0.18237953
-0.17784934
-0.17330558
-0.16879046
-0.16434231
-0.159993
-0.15576905
-0.15168906
-0.14776419
-0.14399928
-0.14039287
-0.13693687
-0.13361921
-0.13042296
-0.12732827
-0.12431238
-0.12135049
-0.11841609
-0.1154811
-0.11251619
-0.10949093
-0.10637386
-0.10313272
-0.099734648
-0.096146327
-0.092334919
-0.088268006
-0.083914756
-0.079246583
-0.074237884
-0.068868493
-0.063123098
-0.056996369
-0.050488167
-0.043612755
-0.036385094
-0.028840237
-0.02101291
-0.012958997
-0.0047570872
0.0035670959
0.011802576
0.020217787
0.028044798
0.036872172
0.043793938
0.054288663
0.062849425
0.066954576
0.13877522
-0.23563968
-0.23563821
-0.23563653
-0.23563395
-0.23562983
-0.23562371
-0.235614
-0.23559814
-0.23557273
-0.23553361
-0.23547733
-0.23540294
-0.23531025
-0.23519734
-0.23506109
-0.23489605
-0.23469505
-0.23444722
-0.23414507
-0.23378532
-0.23335864
-0.23285407
-0.23226107
-0.23156656
-0.23075756
-0.22981945
-0.22873586
-0.2274904
-0.22606592
-0.22444367
-0.22260622
-0.22053685
-0.21821876
-0.21563822
-0.21278657
-0.20965781
-0.2062533
-0.20257719
-0.19866117
-0.19453217
-0.1902223
-0.18578114
-0.18124661
-0.17666814
-0.17209223
-0.16755923
-0.16310902
-0.15877097
-0.1545693
-0.15052121
-0.14663655
-0.1429174
-0.13936033
-0.13595644
-0.13269158
-0.12954836
-0.12650569
-0.12354055
-0.12062747
-0.11773972
-0.11484912
-0.11192631
-0.10894079
-0.10586135
-0.10265575
-0.099291255
-0.095735183
-0.091954562
-0.087917949
-0.083594627
-0.078956828
-0.073979481
-0.068643432
-0.062933717
-0.056846146
-0.050380928
-0.04355336
-0.03637826
-0.028892617
-0.021128383
-0.013146776
-0.0050142467
0.0032224792
0.011398368
0.019693718
0.027526873
0.036094707
0.043336299
0.052869914
0.063057006
0.063622968
0.13404008
-0.23525038
-0.2352503
-0.23524962
-0.23524792
-0.23524518
-0.23524052
-0.23523269
-0.23521982
-0.23519851
-0.23516482
-0.23511585
-0.23504952
-0.23496446
-0.23485933
-0.23473149
-0.23457626
-0.23438649
-0.23415032
-0.23386086
-0.23351398
-0.23309961
-0.2326072
-0.2320247
-0.23133929
-0.2305364
-0.22959978
-0.22851244
-0.22725652
-0.22581278
-0.22416173
-0.2222847
-0.22016309
-0.21778069
-0.21512559
-0.21218675
-0.20896308
-0.20545709
-0.20167995
-0.19766194
-0.1934359
-0.18904031
-0.18452322
-0.17992979
-0.17531053
-0.17071039
-0.16617102
-0.16172923
-0.1574139
-0.1532477
-0.14924401
-0.14541112
-0.14174886
-0.13825162
-0.1349092
-0.13170581
-0.1286231
-0.12563946
-0.12273101
-0.11987212
-0.11703574
-0.11419374
-0.1113166
-0.10837406
-0.10533494
-0.10216727
-0.098838574
-0.095316431
-0.09156833
-0.087563179
-0.083270862
-0.078664384
-0.073719257
-0.068417016
-0.062743511
-0.056695391
-0.050273136
-0.04349335
-0.036370545
-0.028943715
-0.02124197
-0.013332071
-0.0052680044
0.0028815945
0.010999478
0.019173536
0.027015552
0.035318219
0.042874971
0.051460925
0.063114078
0.06049171
0.12953908
-0.23500593
-0.23500679
-0.23500766
-0.23500792
-0.23500701
-0.23500441
-0.23499911
-0.23498916
-0.23497178
-0.2349436
-0.23490078
-0.23484014
-0.23476056
-0.234661
-0.23453869
-0.23438936
-0.23420568
-0.23397629
-0.23369359
-0.23335289
-0.23294419
-0.23245571
-0.23187442
-0.23118659
-0.23037615
-0.22942668
-0.22831984
-0.2270355
-0.22555315
-0.22385269
-0.22191397
-0.21971724
-0.21724706
-0.21449148
-0.21144285
-0.20810162
-0.20447558
-0.20058067
-0.19644912
-0.19211901
-0.1876334
-0.18304312
-0.17839717
-0.17374581
-0.16913294
-0.16460044
-0.16018202
-0.15590515
-0.15178918
-0.14784478
-0.14407744
-0.14048481
-0.13705958
-0.13378901
-0.13065672
-0.12764315
-0.12472602
-0.12188089
-0.11908202
-0.11630219
-0.11351316
-0.11068569
-0.10778955
-0.10479374
-0.10166652
-0.098375918
-0.094889499
-0.091175638
-0.087203293
-0.082943265
-0.078369001
-0.073456827
-0.068189038
-0.062552292
-0.056543841
-0.050164713
-0.0434326
-0.036361831
-0.028993498
-0.021353653
-0.013514978
-0.005518417
0.0025443569
0.010605623
0.018657278
0.026510082
0.034543675
0.042407527
0.050065964
0.063037237
0.057541693
0.12524731
-0.23494841
-0.23495116
-0.23495404
-0.23495623
-0.23495727
-0.23495662
-0.23495351
-0.23494653
-0.23493337
-0.2349104
-0.23487347
-0.23481925
-0.23474554
-0.23465069
-0.23453223
-0.23438578
-0.23420425
-0.23397763
-0.23369691
-0.23335494
-0.23294186
-0.23244563
-0.23185304
-0.23114832
-0.23031466
-0.22933346
-0.22818481
-0.22684744
-0.22530007
-0.22352054
-0.221488
-0.2191841
-0.21659381
-0.21370636
-0.2105182
-0.2070324
-0.20326212
-0.19922986
-0.19497144
-0.1905299
-0.18595438
-0.1812969
-0.17660819
-0.17193693
-0.16732789
-0.16282023
-0.15844444
-0.15422491
-0.15017712
-0.14630948
-0.14262417
-0.1391161
-0.13577594
-0.13258939
-0.12953909
-0.12660404
-0.12376164
-0.12098717
-0.11825468
-0.11553692
-0.11280579
-0.11003209
-0.107186
-0.10423664
-0.10115271
-0.097902431
-0.094453926
-0.090775948
-0.086837992
-0.082611383
-0.078070415
-0.073191995
-0.067959392
-0.062359718
-0.056391296
-0.050055524
-0.043371027
-0.036352087
-0.029041904
-0.021463418
-0.013695487
-0.005765579
0.0022106917
0.010216509
0.018144991
0.02600966
0.033772015
0.041931991
0.0486884
0.062840082
0.054757877
0.12113242
-0.23514829
-0.23515323
-0.23515856
-0.23516304
-0.23516666
-0.23516914
-0.2351697
-0.23516698
-0.2351585
-0.23514071
-0.2351099
-0.23506149
-0.23499227
-0.23490066
-0.23478375
-0.23463694
-0.23445331
-0.23422309
-0.23393591
-0.233583
-0.23315479
-0.23263774
-0.23201637
-0.23127429
-0.23039343
-0.22935344
-0.22813281
-0.22670907
-0.2250593
-0.22316132
-0.2209942
-0.2185402
-0.21578604
-0.21272505
-0.20935735
-0.20569296
-0.2017509
-0.19756045
-0.19316299
-0.18860723
-0.18394517
-0.17922997
-0.1745137
-0.16984252
-0.16525991
-0.16079996
-0.15649039
-0.15235112
-0.14839384
-0.14462362
-0.14103879
-0.13763241
-0.13439259
-0.13130382
-0.1283471
-0.12550109
-0.12274257
-0.12004669
-0.11738748
-0.11473777
-0.1120697
-0.10935441
-0.10656215
-0.10366269
-0.10062494
-0.097417469
-0.094009096
-0.090368693
-0.086466762
-0.082274916
-0.077768209
-0.072924533
-0.067727627
-0.062165711
-0.056237583
-0.049945335
-0.043308518
-0.036341207
-0.02908883
-0.021571296
-0.013873572
-0.0060096354
0.0018805237
0.0098318727
0.01763676
0.025513538
0.033004124
0.041446656
0.047331032
0.062533377
0.052130001
0.11718112
-0.23571768
-0.23572559
-0.23573433
-0.23574254
-0.23574986
-0.23575597
-0.23576022
-0.23576127
-0.23575714
-0.23574465
-0.23571936
-0.2356759
-0.23561005
-0.23551916
-0.23539986
-0.23524724
-0.23505377
-0.23480957
-0.23450398
-0.23412663
-0.23366569
-0.23310629
-0.23243209
-0.23162465
-0.23066327
-0.22952631
-0.22819092
-0.22663308
-0.22482937
-0.22275737
-0.22039737
-0.21773491
-0.21476073
-0.21147294
-0.20787872
-0.20399578
-0.19985158
-0.19548269
-0.19093774
-0.1862691
-0.18153095
-0.17677746
-0.17205731
-0.16741504
-0.16288752
-0.15850503
-0.15429135
-0.15026026
-0.14641991
-0.14277117
-0.13930865
-0.13602331
-0.13290115
-0.12992505
-0.12707502
-0.1243296
-0.1216649
-0.11905622
-0.11647771
-0.11390255
-0.11130312
-0.10865097
-0.10591683
-0.1030708
-0.10008223
-0.096920354
-0.093554277
-0.089953484
-0.086089065
-0.081933411
-0.077462191
-0.072654005
-0.067493658
-0.061969878
-0.056082538
-0.049833965
-0.04324491
-0.03632911
-0.029134252
-0.02167724
-0.014049266
-0.0062506669
0.0015538024
0.0094514226
0.017132618
0.025020975
0.032240822
0.040950094
0.045996193
0.062126707
0.049648797
0.11338798
-0.23677599
-0.23678796
-0.23680121
-0.23681383
-0.2368257
-0.23683672
-0.23684615
-0.23685299
-0.23685512
-0.23684884
-0.23682912
-0.23678958
-0.23672521
-0.23663238
-0.23650652
-0.23634136
-0.23612848
-0.23585701
-0.2355158
-0.23509327
-0.23457492
-0.23394369
-0.23318061
-0.23226483
-0.23117427
-0.22988499
-0.22837217
-0.22661152
-0.22458017
-0.22225728
-0.21962713
-0.21667969
-0.21341205
-0.20983142
-0.2059552
-0.20181
-0.19743349
-0.19287209
-0.18817925
-0.18341125
-0.17862209
-0.173862
-0.16917408
-0.16459775
-0.16016413
-0.15589813
-0.15181636
-0.14792769
-0.14423521
-0.14073555
-0.13742071
-0.13427831
-0.13129277
-0.12844595
-0.12571725
-0.12308469
-0.12052465
-0.11801247
-0.11552272
-0.11302897
-0.11050415
-0.10792029
-0.10524864
-0.10245982
-0.099523808
-0.096410199
-0.093088779
-0.089529737
-0.085704504
-0.081586418
-0.07715185
-0.072380183
-0.067257119
-0.061772079
-0.055925883
-0.049721276
-0.043179983
-0.036315696
-0.029178131
-0.02178122
-0.01422257
-0.0064887637
0.0012304771
0.009074875
0.016632585
0.02453132
0.031482845
0.040441116
0.044685845
0.061629287
0.047305275
0.10974579
-0.23857298
-0.23859051
-0.23861001
-0.23862896
-0.23864723
-0.23866463
-0.23868074
-0.23869404
-0.23870222
-0.23870126
-0.23868534
-0.23864677
-0.23857861
-0.23847574
-0.23833219
-0.23813967
-0.23788769
-0.23756398
-0.23715763
-0.23665443
-0.23603519
-0.23528
-0.2343674
-0.23327412
-0.23197531
-0.23044544
-0.22865974
-0.22659435
-0.22422853
-0.22154691
-0.21854015
-0.21520678
-0.21155557
-0.20760623
-0.20338828
-0.19894098
-0.19431332
-0.18956028
-0.18473887
-0.17990538
-0.17510876
-0.17039096
-0.1657874
-0.16132923
-0.15704071
-0.15293903
-0.14903333
-0.14532754
-0.14181938
-0.13850091
-0.1353617
-0.13238664
-0.12955898
-0.12685978
-0.12426801
-0.12176183
-0.11931801
-0.11691228
-0.11451979
-0.11211485
-0.10967091
-0.10716078
-0.10455629
-0.10182873
-0.098948618
-0.0958863
-0.092612048
-0.089096754
-0.085312605
-0.081233561
-0.076836821
-0.072102718
-0.067017666
-0.061572078
-0.055767369
-0.049606958
-0.043113675
-0.036300799
-0.029220395
-0.021883177
-0.014393534
-0.0067239475
0.0009104509
0.0087019713
0.016136728
0.024043837
0.030730911
0.039918727
0.043401579
0.061049495
0.045090685
0.10624556
-0.24131873
-0.24134476
-0.24137387
-0.24140238
-0.24143015
-0.24145734
-0.24148329
-0.24150617
-0.24152312
-0.24152947
-0.24151743
-0.24147704
-0.2413991
-0.24127587
-0.24109824
-0.24085491
-0.24053281
-0.24012007
-0.23960259
-0.2389597
-0.23816855
-0.23720584
-0.23604651
-0.23466458
-0.23303382
-0.23112889
-0.22892642
-0.22640693
-0.223557
-0.22037066
-0.21685047
-0.21301049
-0.2088757
-0.20448153
-0.19987303
-0.19510331
-0.19023089
-0.18531747
-0.18042198
-0.17559217
-0.17086283
-0.16626227
-0.16181587
-0.15754512
-0.15346556
-0.14958641
-0.14591037
-0.1424348
-0.13915255
-0.13605183
-0.13311925
-0.1303384
-0.12769173
-0.12515987
-0.12272195
-0.12035658
-0.11804123
-0.11575255
-0.11346643
-0.11115799
-0.10880167
-0.10637093
-0.10383851
-0.1011764
-0.098355821
-0.095347836
-0.092123365
-0.088654
-0.084912814
-0.080874376
-0.076516798
-0.071821225
-0.066775064
-0.06136945
-0.055606794
-0.049490892
-0.043045735
-0.036284275
-0.02926092
-0.021983102
-0.014562098
-0.0069562726
0.00059360237
0.0083324375
0.015645094
0.023557856
0.029985663
0.039382087
0.042144653
0.060394924
0.042997222
0.10287892
-0.24583589
-0.2458742
-0.24591659
-0.24595833
-0.24599964
-0.24603986
-0.24607762
-0.24611058
-0.24613394
-0.24614062
-0.24612046
-0.24605931
-0.24594407
-0.24576286
-0.24550113
-0.24514157
-0.24466639
-0.24406694
-0.2433251
-0.24240787
-0.24128856
-0.23994115
-0.23833855
-0.23645437
-0.23426398
-0.23174691
-0.2288882
-0.22568082
-0.22212594
-0.21823592
-0.21403389
-0.20955499
-0.20484426
-0.19995491
-0.19494724
-0.1898842
-0.18483027
-0.17985005
-0.17499364
-0.17028836
-0.16574362
-0.16136778
-0.1571757
-0.15318018
-0.14938869
-0.14580292
-0.14241861
-0.13922733
-0.13621733
-0.1333742
-0.13068247
-0.12812503
-0.12568404
-0.12334036
-0.12107421
-0.11886492
-0.11669107
-0.11453042
-0.11236019
-0.11015642
-0.10789465
-0.10554936
-0.1030941
-0.1005018
-0.09774451
-0.094794004
-0.091622053
-0.088201007
-0.08450456
-0.080508372
-0.076191295
-0.071535386
-0.06652891
-0.061163987
-0.055443821
-0.049372851
-0.042975941
-0.036265992
-0.029299534
-0.022080985
-0.014728229
-0.0071858141
0.00027988134
0.0079660645
0.015157622
0.023072814
0.029247592
0.038830544
0.040916084
0.059672355
0.041017716
0.09963847
-0.25240679
-0.2524686
-0.2525368
-0.25260292
-0.25266727
-0.25272867
-0.2527844
-0.25282993
-0.25285709
-0.25285409
-0.25280356
-0.25268305
-0.25246984
-0.25214612
-0.25168837
-0.25107378
-0.25028852
-0.24931754
-0.24812817
-0.24668474
-0.24495982
-0.24292737
-0.2405631
-0.23784725
-0.23476656
-0.2313154
-0.22749755
-0.22332903
-0.21883653
-0.21405961
-0.20904891
-0.20386492
-0.19857296
-0.19324089
-0.18793545
-0.18271837
-0.17764364
-0.17278115
-0.16817573
-0.16380364
-0.15962098
-0.15561119
-0.15179265
-0.1481787
-0.14476859
-0.14155746
-0.13853457
-0.13568737
-0.13300048
-0.13045798
-0.12804336
-0.12574006
-0.12353037
-0.12139688
-0.119321
-0.11728355
-0.11526464
-0.11324363
-0.11119901
-0.10910837
-0.10694835
-0.10469466
-0.10232194
-0.099803978
-0.097113819
-0.094224127
-0.091107448
-0.087737045
-0.084087457
-0.080135115
-0.075859898
-0.071244743
-0.066278911
-0.060955339
-0.055278184
-0.049252484
-0.04290414
-0.036245739
-0.029336179
-0.02217668
-0.014891967
-0.0074126417
-3.0772935e-05
0.0076026975
0.014674051
0.02258825
0.028517226
0.038263543
0.039716606
0.0588879
0.039145608
0.096517604
-0.26372804
-0.26383618
-0.26395666
-0.26407541
-0.26419294
-0.26430752
-0.26440963
-0.26448478
-0.26451247
-0.26446666
-0.26431453
-0.26401781
-0.26353376
-0.26282995
-0.26188084
-0.2606604
-0.25914546
-0.25730261
-0.25509449
-0.25249649
-0.24949191
-0.24607149
-0.24223524
-0.23799336
-0.23336937
-0.22839754
-0.22312463
-0.21760826
-0.21191346
-0.20611159
-0.20027736
-0.19448364
-0.1887974
-0.18327523
-0.17795973
-0.17290546
-0.16817107
-0.1637794
-0.15971104
-0.15591026
-0.15232269
-0.14890001
-0.14561942
-0.14250551
-0.13958054
-0.1368325
-0.13424667
-0.13180689
-0.12949597
-0.12729841
-0.12519809
-0.12317969
-0.12122781
-0.1193267
-0.11745982
-0.11561025
-0.11375995
-0.11189024
-0.10998135
-0.10801238
-0.10596151
-0.10380578
-0.10152097
-0.099082042
-0.096463018
-0.093637477
-0.090578996
-0.087261636
-0.083660922
-0.079754179
-0.075522148
-0.070948903
-0.06602465
-0.060743143
-0.055109629
-0.049129558
-0.04283001
-0.036223371
-0.029370684
-0.022270109
-0.015053238
-0.0076367918
-0.00033843779
0.0072421144
0.014193976
0.022104039
0.027794889
0.037680628
0.038546766
0.058047077
0.037374869
0.093510143
-0.28672944
-0.28693423
-0.2871699
-0.28737495
-0.28747354
-0.28739995
-0.2871078
-0.28656526
-0.28574145
-0.28460193
-0.28311656
-0.28125171
-0.27898195
-0.27629233
-0.27318433
-0.2696682
-0.265749
-0.26142956
-0.25672437
-0.25165726
-0.24625603
-0.24055726
-0.23460139
-0.22843755
-0.22212113
-0.21571153
-0.20927266
-0.20287125
-0.19657078
-0.19043258
-0.18452021
-0.17889592
-0.17360431
-0.16866748
-0.16409429
-0.15990037
-0.15609487
-0.15262488
-0.14942242
-0.14645673
-0.143708
-0.14112382
-0.13861529
-0.13616083
-0.13382745
-0.13163343
-0.1295604
-0.12759054
-0.12570787
-0.12389822
-0.12214827
-0.12044516
-0.11877664
-0.11712951
-0.11549016
-0.1138442
-0.11217613
-0.1104693
-0.10870614
-0.10686752
-0.10493323
-0.10288181
-0.10069046
-0.09833527
-0.095791417
-0.093033499
-0.090036119
-0.086774272
-0.083224456
-0.079364995
-0.075177689
-0.070647502
-0.065765686
-0.060527098
-0.054937767
-0.049003759
-0.042753331
-0.0361986
-0.029402882
-0.022361199
-0.01521202
-0.007858338
-0.00064317625
0.0068840764
0.013717279
0.021619916
0.027080089
0.037082028
0.037406975
0.057154808
0.03569996
0.090610314
-0.33083071
-0.32964666
-0.3283142
-0.32697429
-0.32546912
-0.32365849
-0.32141242
-0.31860866
-0.3151472
-0.3109893
-0.30614724
-0.30063835
-0.29450257
-0.287782
-0.28055794
-0.27291885
-0.26490308
-0.25655741
-0.24795737
-0.23919845
-0.2303819
-0.22162188
-0.21302512
-0.20470267
-0.19675369
-0.18925941
-0.18228523
-0.17587506
-0.17004563
-0.16479481
-0.16010778
-0.15595327
-0.15228309
-0.14904391
-0.14618944
-0.1436597
-0.14138332
-0.13929948
-0.13736611
-0.13556542
-0.13388834
-0.13231582
-0.13078115
-0.12917872
-0.12755178
-0.12599672
-0.12450507
-0.12306166
-0.12165374
-0.12027067
-0.11890338
-0.1175433
-0.11618134
-0.11480834
-0.11341387
-0.11198649
-0.11051353
-0.10898088
-0.10737319
-0.10567339
-0.10386304
-0.10192233
-0.099829861
-0.097563141
-0.095098462
-0.092411674
-0.089478303
-0.086274442
-0.082777666
-0.07896719
-0.074826016
-0.070340087
-0.065501738
-0.060306765
-0.05476217
-0.048874775
-0.042673813
-0.03617123
-0.029432549
-0.022449868
-0.015368212
-0.0080773243
-0.0009450576
0.0065283628
0.01324399
0.021135427
0.026371763
0.036469171
0.036296907
0.05621552
0.034115794
0.087812722
-0.03676275
-0.056021022
-0.056247289
-0.05478582
-0.05504063
-0.056078823
-0.057311758
-0.058654088
-0.060129426
-0.061765189
-0.063592495
-0.065648443
-0.067961693
-0.070557311
-0.073451143
-0.076637748
-0.080074548
-0.083718647
-0.087530463
-0.091483367
-0.095528653
-0.099564432
-0.10348471
-0.10719991
-0.11063382
-0.11372788
-0.11643882
-0.1187394
-0.12062454
-0.12211026
-0.12322887
-0.12401512
-0.12451477
-0.12478255
-0.12487454
-0.12483107
-0.12467324
-0.12442147
-0.12409501
-0.12370981
-0.12327667
-0.12280673
-0.12229751
-0.12166438
-0.12085829
-0.12000072
-0.11914171
-0.118267
-0.11736836
-0.1164416
-0.11548279
-0.11448771
-0.11345202
-0.11237027
-0.11123582
-0.11004044
-0.1087744
-0.10742639
-0.10598333
-0.10443041
-0.10275109
-0.10092721
-0.098939053
-0.096765388
-0.094383912
-0.09177161
-0.088905164
-0.085761774
-0.082320052
-0.078560363
-0.074466743
-0.070026227
-0.065232321
-0.060081693
-0.054582559
-0.04874227
-0.042591105
-0.036141002
-0.029459519
-0.022535912
-0.015521765
-0.0082938273
-0.0012440865
0.0061746842
0.012774029
0.02065016
0.025669507
0.035843927
0.035215251
0.055233019
0.032617739
0.085112475
-0.026928489
-0.040528304
-0.041428274
-0.041437389
-0.042530126
-0.043840192
-0.045084765
-0.046373274
-0.047756511
-0.049177811
-0.050580207
-0.051959775
-0.053340769
-0.054745243
-0.056166974
-0.057613945
-0.059137898
-0.060785513
-0.0625841
-0.064551261
-0.066689249
-0.068986173
-0.071437403
-0.074068984
-0.076893154
-0.07986688
-0.082936612
-0.086052492
-0.08916634
-0.092227501
-0.095181701
-0.097974247
-0.1005583
-0.10290308
-0.10499272
-0.10682424
-0.10840268
-0.10974364
-0.11086708
-0.1117938
-0.11254172
-0.11312776
-0.11357335
-0.11386911
-0.11391056
-0.11377057
-0.11356684
-0.1132786
-0.11290581
-0.1124513
-0.11191614
-0.1113006
-0.11060481
-0.10982714
-0.1089646
-0.10801218
-0.10696314
-0.10580887
-0.1045387
-0.10313999
-0.10159825
-0.099897057
-0.098018231
-0.095942116
-0.093647676
-0.091113149
-0.08831646
-0.085235955
-0.081851321
-0.07814408
-0.074099417
-0.069705484
-0.064956946
-0.05985157
-0.05439847
-0.048605783
-0.042504911
-0.036107569
-0.029483565
-0.022619245
-0.015672582
-0.008507806
-0.001540332
0.0058228615
0.01230726
0.020163747
0.024973424
0.035207388
0.034159124
0.054212304
0.031201629
0.08250501
-0.028094971
-0.040115044
-0.040801904
-0.040857043
-0.041949665
-0.043221242
-0.044273777
-0.045148297
-0.046000711
-0.046956014
-0.048042857
-0.04921276
-0.050410557
-0.051613447
-0.052823811
-0.054057186
-0.055336274
-0.056683622
-0.058109656
-0.059593729
-0.061122486
-0.062718961
-0.064402678
-0.066180547
-0.068042322
-0.069968133
-0.071973308
-0.074084755
-0.076294096
-0.078577163
-0.080916519
-0.083299842
-0.085709877
-0.088122517
-0.090505834
-0.092825505
-0.095046872
-0.097139743
-0.099080197
-0.10085297
-0.10244819
-0.10385917
-0.1050871
-0.10613857
-0.10693322
-0.10748741
-0.10791194
-0.10819376
-0.10833947
-0.10835488
-0.10824459
-0.10801288
-0.10766278
-0.10719617
-0.10661298
-0.10591113
-0.10508668
-0.10413333
-0.10304288
-0.10180474
-0.10040634
-0.09883303
-0.097068258
-0.095093775
-0.092889977
-0.090436376
-0.087712143
-0.084696771
-0.081371142
-0.077718007
-0.073723662
-0.069377477
-0.064675251
-0.059615879
-0.054209462
-0.048464952
-0.042414812
-0.03607069
-0.029504376
-0.02269964
-0.015820573
-0.0087192738
-0.001833879
0.0054726794
0.011843607
0.019675836
0.024283593
0.034559609
0.03312531
0.053159301
0.029863381
0.079986194
-0.028495513
-0.03882512
-0.038453765
-0.037811456
-0.038343559
-0.039197532
-0.039989916
-0.040681855
-0.041289273
-0.04185319
-0.042451638
-0.043152539
-0.043965752
-0.044850894
-0.045764366
-0.046685127
-0.047615582
-0.048574726
-0.04958743
-0.050677995
-0.051870491
-0.053189346
-0.054647226
-0.05622092
-0.057886631
-0.059657376
-0.061546992
-0.063546944
-0.065629989
-0.067804166
-0.070085646
-0.072443352
-0.07484236
-0.077263628
-0.07969646
-0.082127007
-0.084535428
-0.086898148
-0.089191122
-0.091391027
-0.093474433
-0.095417519
-0.097196865
-0.098799499
-0.10018733
-0.10134474
-0.1023241
-0.10312724
-0.10375755
-0.10422006
-0.10452037
-0.10466427
-0.10465629
-0.10450029
-0.10419825
-0.10375038
-0.10315469
-0.1024071
-0.10150129
-0.10042863
-0.099178273
-0.097737256
-0.096090547
-0.094221377
-0.092111453
-0.089741639
-0.087092267
-0.084144198
-0.080879359
-0.077281884
-0.073339101
-0.069041759
-0.064386775
-0.059374094
-0.054015106
-0.048319338
-0.042320385
-0.036029968
-0.029521683
-0.022776908
-0.015965572
-0.008928277
-0.0021247004
0.0051239342
0.011382926
0.019186073
0.023599881
0.033900496
0.032112524
0.052081056
0.028596525
0.077552172
-0.028938932
-0.038529166
-0.037775507
-0.036887728
-0.037167395
-0.037768406
-0.038353804
-0.038914877
-0.039459346
-0.039973072
-0.040458634
-0.040953994
-0.041514661
-0.042173531
-0.042919583
-0.043713354
-0.04452014
-0.04532565
-0.046134099
-0.046961804
-0.047830787
-0.048764773
-0.049786611
-0.050915099
-0.052167556
-0.053559456
-0.055074893
-0.056686361
-0.058397262
-0.060226344
-0.062172551
-0.064232757
-0.066425834
-0.068741819
-0.071138278
-0.073581631
-0.076049566
-0.07852055
-0.080972089
-0.083381587
-0.085725384
-0.087976394
-0.090104565
-0.092080958
-0.093884882
-0.095506579
-0.096948291
-0.098199766
-0.099257125
-0.10012396
-0.10080425
-0.10130221
-0.10162215
-0.10176799
-0.10174243
-0.10154668
-0.10118005
-0.10063992
-0.099921312
-0.099017211
-0.097918223
-0.096612805
-0.09508737
-0.093326491
-0.091313192
-0.089029598
-0.086457275
-0.08357833
-0.080375954
-0.076835458
-0.072945451
-0.068697895
-0.064090987
-0.05912582
-0.053814813
-0.048168446
-0.042221219
-0.035984969
-0.02953519
-0.022850834
-0.016107481
-0.0091347386
-0.0024128212
0.0047764178
0.010925075
0.018694152
0.022922095
0.033230171
0.031120524
0.050983968
0.027394084
0.075199696
-0.029770913
-0.038904765
-0.037897014
-0.036894134
-0.037061619
-0.037525342
-0.037966504
-0.03839778
-0.038843664
-0.039295103
-0.039736893
-0.04016749
-0.040607367
-0.041094427
-0.041661944
-0.042314606
-0.043028479
-0.043769977
-0.044516857
-0.045263846
-0.046019758
-0.046800611
-0.047625418
-0.048514341
-0.049486688
-0.05055983
-0.051745926
-0.053055351
-0.054496329
-0.056040348
-0.057651628
-0.059341473
-0.061128628
-0.063030388
-0.065079219
-0.067275525
-0.069575438
-0.071944582
-0.074359355
-0.076793703
-0.079217942
-0.081601081
-0.083910041
-0.086106666
-0.088170137
-0.090114621
-0.091916209
-0.093525839
-0.094934942
-0.096146765
-0.097161523
-0.097979618
-0.098602698
-0.099032872
-0.099271998
-0.099320797
-0.099178955
-0.098844236
-0.098312567
-0.097577828
-0.096631753
-0.095463899
-0.094061862
-0.092411415
-0.09049682
-0.088301333
-0.085807839
-0.08299953
-0.079860988
-0.076378608
-0.072542414
-0.068345521
-0.06378746
-0.058870482
-0.053608121
-0.048011705
-0.042116794
-0.035935326
-0.029544473
-0.022921151
-0.01624606
-0.0093386274
-0.0026982926
0.0044299544
0.010469921
0.018199758
0.022250019
0.03254888
0.030148878
0.049870701
0.026252786
0.072924036
-0.030942869
-0.039716234
-0.038460658
-0.037373882
-0.037481992
-0.037865581
-0.038212248
-0.038545762
-0.038899783
-0.039272918
-0.039653973
-0.040034689
-0.04041461
-0.040806933
-0.041238316
-0.041736255
-0.042310873
-0.042947482
-0.043618997
-0.044302457
-0.044988539
-0.045680586
-0.046390409
-0.047134581
-0.047931232
-0.048798269
-0.049752188
-0.050808128
-0.051979406
-0.053272789
-0.054690403
-0.056213339
-0.057797203
-0.059429021
-0.061132779
-0.062950868
-0.064927813
-0.067055737
-0.069289725
-0.071597531
-0.07395041
-0.076316887
-0.078660203
-0.080937226
-0.083134733
-0.085280945
-0.087331492
-0.089201435
-0.090878815
-0.092365945
-0.093658656
-0.094752332
-0.095644079
-0.096332641
-0.096817296
-0.09709711
-0.09717069
-0.097035334
-0.096686993
-0.096119791
-0.095326024
-0.094295999
-0.093018154
-0.091479247
-0.089664562
-0.087558458
-0.085144968
-0.082408448
-0.079334687
-0.075911361
-0.072129735
-0.067984293
-0.063475687
-0.058607553
-0.053394454
-0.047848566
-0.042006575
-0.035880498
-0.029549165
-0.022987543
-0.016381134
-0.0095398978
-0.0029810884
0.0040843798
0.010017293
0.017702606
0.021583381
0.031856819
0.029196757
0.048742496
0.025171098
0.070725747
-0.032421435
-0.040873327
-0.039356799
-0.038198577
-0.03827498
-0.03861016
-0.038895493
-0.039162742
-0.039449617
-0.039758331
-0.04008159
-0.04041318
-0.040749177
-0.041090563
-0.041447155
-0.041839047
-0.042288394
-0.042805485
-0.043380956
-0.043992764
-0.044619937
-0.045251609
-0.045888215
-0.046538477
-0.047216022
-0.04793696
-0.048718302
-0.049576097
-0.050524619
-0.05157651
-0.052744062
-0.054035123
-0.055449896
-0.056963811
-0.058523487
-0.060110914
-0.061753939
-0.063534279
-0.065506468
-0.067615427
-0.0698122
-0.072066356
-0.074340019
-0.076588523
-0.078827549
-0.081075728
-0.083259228
-0.085294736
-0.087160536
-0.088850375
-0.090358298
-0.091675391
-0.092793765
-0.093707404
-0.094411741
-0.09490298
-0.095177506
-0.095231133
-0.095058856
-0.094654385
-0.0940099
-0.09311598
-0.091961519
-0.090533935
-0.08881936
-0.086803054
-0.084470076
-0.081805945
-0.07879751
-0.075433813
-0.071707317
-0.067613809
-0.063155254
-0.058336441
-0.05317313
-0.047678436
-0.041889961
-0.035819952
-0.029548817
-0.023049674
-0.016512462
-0.0097384198
-0.0032612067
0.003739526
0.0095670537
0.01720237
0.020921909
0.031154167
0.028263243
0.047601015
0.024147831
0.068545708
-0.034183225
-0.042311841
-0.040508015
-0.039281736
-0.039342359
-0.03964701
-0.039889231
-0.040108508
-0.040345567
-0.040604269
-0.040879299
-0.041166448
-0.041462546
-0.041765651
-0.042077422
-0.042406542
-0.042769062
-0.043183029
-0.043657366
-0.044185301
-0.04474852
-0.045328526
-0.045914798
-0.046506224
-0.047109383
-0.047735632
-0.048399377
-0.049115926
-0.049900448
-0.050766793
-0.051726951
-0.052791234
-0.053970515
-0.05527299
-0.056695235
-0.058192041
-0.059697175
-0.061224008
-0.062864722
-0.064681599
-0.0666637
-0.068751111
-0.070893457
-0.073047303
-0.0752557
-0.077517999
-0.079734104
-0.081849589
-0.083831851
-0.085656171
-0.087315548
-0.088800433
-0.090098312
-0.091197975
-0.092090475
-0.092768096
-0.093224147
-0.093451956
-0.093444712
-0.093194902
-0.092693963
-0.09193217
-0.090898442
-0.089580467
-0.087964924
-0.086037821
-0.083785063
-0.081193178
-0.078250198
-0.074946238
-0.07127507
-0.067233787
-0.062825612
-0.058056543
-0.052943558
-0.0475006
-0.041766254
-0.035753142
-0.029542901
-0.023107136
-0.016639775
-0.0099340933
-0.0035386144
0.0033952582
0.0091190075
0.016698792
0.020265286
0.030441085
0.027347403
0.04644793
0.023168359
0.066345485
-0.036210291
-0.043984547
-0.041858668
-0.040563957
-0.040619188
-0.040903293
-0.041112712
-0.041295422
-0.041494233
-0.041713465
-0.041948766
-0.042197241
-0.042456981
-0.042726127
-0.043003823
-0.043292454
-0.04359975
-0.043939421
-0.044326201
-0.044767309
-0.045256923
-0.045779543
-0.046319014
-0.046865764
-0.047418328
-0.047981778
-0.048566037
-0.049183771
-0.04984912
-0.050576419
-0.051378645
-0.05226721
-0.053251644
-0.054340752
-0.055544723
-0.056868547
-0.05830284
-0.059771618
-0.061228377
-0.062740383
-0.064413025
-0.066279851
-0.068256966
-0.070280188
-0.072400292
-0.074604494
-0.07677874
-0.078896957
-0.080927117
-0.082824831
-0.084575772
-0.086172813
-0.087600752
-0.08884397
-0.089888892
-0.090723456
-0.091337119
-0.091720133
-0.091863091
-0.091756538
-0.091390533
-0.090754408
-0.089836632
-0.088624805
-0.087105795
-0.085266085
-0.083092296
-0.080571775
-0.077693629
-0.074449051
-0.070833021
-0.066843942
-0.062486253
-0.057767259
-0.052704923
-0.047314301
-0.041634795
-0.035679381
-0.029530837
-0.023159499
-0.016762743
-0.01012675
-0.0038132739
0.0030514371
0.0086729949
0.016191623
0.019613124
0.029717717
0.026448248
0.045284603
0.022223444
0.06418257
-0.038507693
-0.04587835
-0.043389484
-0.042023975
-0.042081977
-0.042353331
-0.042536986
-0.042690389
-0.042858606
-0.043045916
-0.043248388
-0.043463898
-0.043691448
-0.0439297
-0.044177541
-0.044434906
-0.044704633
-0.04499414
-0.045315292
-0.045680137
-0.046094202
-0.046551899
-0.047039624
-0.047543578
-0.048055279
-0.048573196
-0.049101738
-0.049649617
-0.050228332
-0.050850826
-0.051530443
-0.052279804
-0.053109671
-0.054028659
-0.055043951
-0.056164553
-0.057404979
-0.058758259
-0.060165639
-0.061575798
-0.063033869
-0.064624381
-0.06636004
-0.068231126
-0.070240728
-0.072329283
-0.0744034
-0.076457278
-0.07846806
-0.08038363
-0.082173316
-0.083829797
-0.085339047
-0.086682234
-0.087841352
-0.088800096
-0.089543917
-0.090059465
-0.090334211
-0.090356199
-0.090113476
-0.089593936
-0.088785091
-0.087673989
-0.086247365
-0.084491886
-0.082394637
-0.079943701
-0.077128979
-0.073942812
-0.070381303
-0.06644403
-0.0621367
-0.05746784
-0.052456493
-0.047118728
-0.041494731
-0.035597915
-0.029512008
-0.023206268
-0.016881013
-0.010316218
-0.0040850973
0.0027079756
0.0082288296
0.015680567
0.018965068
0.028984224
0.025564793
0.044112502
0.021311523
0.062087854
-0.041083413
-0.047984115
-0.045084928
-0.043645006
-0.043712933
-0.043976845
-0.044139472
-0.044268685
-0.044411751
-0.044572636
-0.044747421
-0.044934655
-0.045133891
-0.045344395
-0.04556511
-0.045795453
-0.046036046
-0.046290123
-0.046564744
-0.046870276
-0.047216784
-0.047608027
-0.048038257
-0.048495471
-0.048967642
-0.049447546
-0.049934065
-0.05043112
-0.050946424
-0.051490386
-0.052074965
-0.052712416
-0.053414494
-0.054191403
-0.055051267
-0.05600084
-0.057048657
-0.058204809
-0.059469307
-0.060828225
-0.062222115
-0.06363871
-0.065166079
-0.066876439
-0.068738462
-0.070657924
-0.072589042
-0.074529814
-0.076463756
-0.07834614
-0.080129679
-0.081799302
-0.083344514
-0.084745071
-0.085979608
-0.0870281
-0.087872054
-0.088494452
-0.088879441
-0.089012102
-0.088878073
-0.088463333
-0.087753968
-0.086736084
-0.08539588
-0.083719926
-0.08169551
-0.079311237
-0.076557705
-0.073428304
-0.069920049
-0.066033794
-0.061776401
-0.057157546
-0.052197411
-0.04691297
-0.041345187
-0.035507921
-0.029485693
-0.023246895
-0.016994152
-0.010502244
-0.0043539974
0.0023647633
0.0077863374
0.015165394
0.018320712
0.028240733
0.024696047
0.042932946
0.020432264
0.060054506
-0.04395175
-0.050302279
-0.046939863
-0.0454205
-0.045505056
-0.045766467
-0.045911459
-0.046020207
-0.046142188
-0.046280988
-0.046432408
-0.046595273
-0.046769548
-0.046955033
-0.047151129
-0.047357083
-0.047572746
-0.047799251
-0.048040094
-0.048302002
-0.048594249
-0.048924955
-0.049296356
-0.049702525
-0.050132637
-0.050576302
-0.05102749
-0.051485398
-0.051953818
-0.052439816
-0.05295299
-0.053504283
-0.054105158
-0.054766566
-0.055498313
-0.056308861
-0.057205043
-0.058193076
-0.059279583
-0.060471838
-0.061755974
-0.063105596
-0.064536465
-0.066097586
-0.067775286
-0.06950894
-0.071282893
-0.07308742
-0.074907109
-0.076713061
-0.078454093
-0.080100016
-0.081641235
-0.083059552
-0.08433196
-0.085435443
-0.086348093
-0.087049536
-0.087520627
-0.087743345
-0.087700675
-0.087376296
-0.086754495
-0.08582008
-0.084558382
-0.082955537
-0.080998804
-0.078677073
-0.075981556
-0.072906363
-0.06944953
-0.065613023
-0.061404733
-0.056835573
-0.0519267
-0.046695987
-0.041185157
-0.035408491
-0.029451108
-0.023280727
-0.017101704
-0.010684558
-0.0046198819
0.0020217527
0.0073453625
0.014645882
0.017679609
0.027487372
0.023841047
0.041747149
0.019584133
0.0580705
-0.047137452
-0.052843097
-0.048957841
-0.047353309
-0.047461124
-0.047724146
-0.047854545
-0.047945809
-0.048050177
-0.048170325
-0.048301916
-0.048443916
-0.048596638
-0.048760119
-0.048934044
-0.049117934
-0.04931144
-0.049514768
-0.049729437
-0.049959142
-0.05021038
-0.050491306
-0.050808417
-0.051162532
-0.0515476
-0.05195374
-0.052372097
-0.052797803
-0.053230516
-0.053673858
-0.054134521
-0.054621429
-0.05514482
-0.055715473
-0.056344051
-0.057040348
-0.057812613
-0.058667258
-0.059609584
-0.060645214
-0.061777588
-0.063003433
-0.064321053
-0.065736702
-0.067239683
-0.068806507
-0.070429212
-0.07209261
-0.073780733
-0.075479702
-0.077148545
-0.078742121
-0.080246006
-0.081647151
-0.082922458
-0.084047096
-0.084996797
-0.085748294
-0.086279483
-0.086569394
-0.086598237
-0.086347272
-0.085798722
-0.084935768
-0.083742612
-0.082204655
-0.080308887
-0.078044247
-0.07540238
-0.072378007
-0.068970055
-0.065181414
-0.061021058
-0.056501003
-0.051643248
-0.046466671
-0.041013525
-0.035298626
-0.029407347
-0.02330702
-0.017203146
-0.01086285
-0.0048825507
0.0016788972
0.006905704
0.014121793
0.017041347
0.026724258
0.022998854
0.040556104
0.018764951
0.056131595
-0.050668092
-0.055617505
-0.051140028
-0.049443588
-0.049581719
-0.04985072
-0.049968641
-0.050044817
-0.050134217
-0.050238743
-0.050353491
-0.050477605
-0.050611551
-0.050755656
-0.050909859
-0.051073915
-0.051247529
-0.051430625
-0.051623669
-0.051828478
-0.052048973
-0.052291307
-0.052562614
-0.052867914
-0.053206874
-0.053573261
-0.053958245
-0.054354248
-0.054757409
-0.055167874
-0.055589219
-0.056027911
-0.056492357
-0.056992396
-0.057538364
-0.058140406
-0.058807778
-0.059548458
-0.060368728
-0.061273178
-0.062265413
-0.063347366
-0.064518897
-0.065778549
-0.067119381
-0.068530822
-0.070003621
-0.071522312
-0.073071194
-0.074643081
-0.076212512
-0.077729961
-0.079170446
-0.08052423
-0.081770585
-0.082884544
-0.083840348
-0.084612632
-0.085176814
-0.085509338
-0.085587821
-0.085391078
-0.084899166
-0.084093468
-0.082956799
-0.081473637
-0.079630428
-0.077416028
-0.074822231
-0.071844299
-0.068481876
-0.064738685
-0.06062462
-0.056152758
-0.051345843
-0.046223734
-0.040829057
-0.035177132
-0.029353412
-0.02332502
-0.017297855
-0.011036708
-0.0051418606
0.0013362001
0.0064672025
0.013592952
0.016405465
0.025951521
0.022168548
0.039360686
0.017972719
0.054237165
-0.054577246
-0.058648277
-0.053502713
-0.051705921
-0.051881343
-0.05215995
-0.052267309
-0.052330098
-0.0524066
-0.05249766
-0.052597926
-0.052706436
-0.052823929
-0.052950826
-0.053087282
-0.053233257
-0.053388604
-0.053553127
-0.05372698
-0.053910897
-0.054106998
-0.054319297
-0.054553599
-0.054816075
-0.055110394
-0.055435138
-0.055784108
-0.056149317
-0.056524473
-0.056906555
-0.057296095
-0.057696779
-0.058114795
-0.05855824
-0.059036445
-0.059559338
-0.060136428
-0.060776339
-0.061486293
-0.062271892
-0.063137034
-0.064084108
-0.065113788
-0.066224828
-0.067413236
-0.0686723
-0.069993054
-0.071362835
-0.072767423
-0.074198628
-0.075644788
-0.077064984
-0.078421352
-0.079701917
-0.080891184
-0.081965229
-0.082897697
-0.083661986
-0.084231719
-0.084581269
-0.084685972
-0.084522372
-0.084068425
-0.083303667
-0.082209414
-0.080769046
-0.078968308
-0.076795747
-0.074243203
-0.071306294
-0.067985162
-0.064284361
-0.0602145
-0.055789586
-0.051033125
-0.04596572
-0.040630315
-0.03504272
-0.029288201
-0.023333783
-0.017385168
-0.011205734
-0.0053975595
0.00099367808
0.0060297164
0.013059162
0.015771521
0.025169305
0.021349242
0.038161743
0.017205886
0.052385896
-0.058893877
-0.061950032
-0.056053515
-0.054147079
-0.054366791
-0.054658658
-0.054756651
-0.054807331
-0.054872387
-0.054951691
-0.055039175
-0.055133885
-0.05523668
-0.055348123
-0.055468383
-0.05559763
-0.055735834
-0.05588298
-0.056039002
-0.056204244
-0.056379727
-0.056567714
-0.056772266
-0.056998783
-0.057252473
-0.05753577
-0.057846417
-0.058178281
-0.058524258
-0.058879048
-0.059240439
-0.05960934
-0.059989461
-0.060386765
-0.060809079
-0.061265297
-0.061764645
-0.062315967
-0.062927178
-0.063604717
-0.064353275
-0.065175801
-0.066073647
-0.067046205
-0.068090645
-0.06920193
-0.070372695
-0.071593038
-0.072850608
-0.074134909
-0.075441956
-0.076745178
-0.077999488
-0.079186
-0.08029419
-0.081302123
-0.082183972
-0.082912691
-0.083460909
-0.083801497
-0.083907985
-0.083755017
-0.083318637
-0.082576621
-0.081508795
-0.080097379
-0.078327306
-0.076186686
-0.073667267
-0.070764831
-0.06747995
-0.063817748
-0.059789542
-0.055410066
-0.050703435
-0.045690958
-0.040415701
-0.03489398
-0.029210427
-0.023332316
-0.017464322
-0.011369398
-0.0056494013
0.00065138162
0.0055931043
0.012520284
0.015139068
0.02437772
0.020540035
0.036960031
0.016463002
0.050575509
-0.063648342
-0.065537912
-0.058799637
-0.056772942
-0.057044387
-0.057353206
-0.057442933
-0.057482206
-0.057537046
-0.057605868
-0.057681985
-0.057764407
-0.057853943
-0.057951233
-0.05805667
-0.058170413
-0.058292602
-0.058423291
-0.058562449
-0.058710193
-0.058867033
-0.059034205
-0.05921413
-0.059410847
-0.059629258
-0.05987367
-0.060145341
-0.060441329
-0.060755698
-0.061082149
-0.061416307
-0.061756562
-0.062104161
-0.062462866
-0.062838482
-0.063238436
-0.063671152
-0.064145179
-0.064668613
-0.06524846
-0.065890114
-0.066597231
-0.067371753
-0.068213721
-0.06912132
-0.070090677
-0.071115828
-0.072188786
-0.073299161
-0.074435696
-0.075594907
-0.076763623
-0.077900683
-0.0789777
-0.079984683
-0.080903501
-0.081709938
-0.08237731
-0.082877916
-0.08318377
-0.083267194
-0.083101376
-0.082660807
-0.081921747
-0.080862662
-0.079464644
-0.077711813
-0.075591763
-0.073096038
-0.070220473
-0.066965897
-0.063337884
-0.059348267
-0.055012428
-0.050354871
-0.045397543
-0.040183422
-0.034729221
-0.029118729
-0.023319486
-0.017534461
-0.011527147
-0.0058970704
0.00030942411
0.0051572335
0.011976167
0.014507674
0.023576944
0.019740113
0.035756311
0.015742618
0.048803701
-0.068855222
-0.069411146
-0.061732788
-0.059574961
-0.059906311
-0.060235484
-0.060317867
-0.06034662
-0.06039229
-0.060451861
-0.060517835
-0.060589197
-0.060666845
-0.060751448
-0.060843378
-0.060942867
-0.061050185
-0.0611654
-0.061288657
-0.061420009
-0.061559632
-0.061708188
-0.061867122
-0.062038978
-0.062227635
-0.062437526
-0.062671979
-0.062931235
-0.063211889
-0.063508193
-0.063814623
-0.064127561
-0.064445967
-0.064771311
-0.065107321
-0.06545961
-0.065835222
-0.06624195
-0.066687709
-0.067179705
-0.067723926
-0.068324659
-0.068984407
-0.069703905
-0.07048199
-0.071315686
-0.072200192
-0.073128888
-0.074093068
-0.075082143
-0.076089495
-0.077110876
-0.078117666
-0.079073173
-0.079962546
-0.080772604
-0.081481679
-0.082064082
-0.082492415
-0.082738505
-0.082774109
-0.082571502
-0.082104083
-0.081346965
-0.080277516
-0.078875866
-0.077125395
-0.075013189
-0.072530525
-0.069673201
-0.066442162
-0.062843316
-0.058888804
-0.054594513
-0.049985201
-0.045083251
-0.039931401
-0.034546619
-0.029011522
-0.023294026
-0.017594669
-0.011678335
-0.0061402168
-3.2073111e-05
0.0047219993
0.011426738
0.013876909
0.022767142
0.018948683
0.034551268
0.01504341
0.047068613
-0.074544292
-0.073586917
-0.06486433
-0.062563914
-0.06296337
-0.063316779
-0.063392317
-0.063410994
-0.063448152
-0.063499361
-0.063556198
-0.063617499
-0.063684267
-0.063757111
-0.063836458
-0.06392261
-0.064015879
-0.064116424
-0.064224355
-0.064339831
-0.064462962
-0.064594025
-0.064733817
-0.064883926
-0.065047009
-0.065226709
-0.065426886
-0.065649925
-0.0658952
-0.066158882
-0.066435558
-0.066720415
-0.067010477
-0.06730512
-0.067605955
-0.067916617
-0.068242491
-0.068590162
-0.068966848
-0.069379633
-0.069834786
-0.070337163
-0.070889891
-0.071494281
-0.072149783
-0.072854069
-0.07360315
-0.074391364
-0.075211353
-0.076053638
-0.076909195
-0.077776897
-0.078640947
-0.079463266
-0.080222202
-0.080907439
-0.081500152
-0.081976302
-0.082309468
-0.082471959
-0.082435564
-0.082172248
-0.081654879
-0.080857888
-0.079757929
-0.078334442
-0.076570252
-0.074452007
-0.071970737
-0.069122129
-0.06590716
-0.062331908
-0.058408686
-0.054153685
-0.049591746
-0.044745533
-0.039657266
-0.034344105
-0.028887072
-0.023254553
-0.017643895
-0.011822248
-0.0063784443
-0.00037293475
0.0042873293
0.010871933
0.013246367
0.021948536
0.018165002
0.0333456
0.014364195
0.045368677
-0.08072878
-0.078066539
-0.068191434
-0.065736463
-0.066212489
-0.06659367
-0.066662978
-0.066671802
-0.066701133
-0.066744623
-0.066793072
-0.066845102
-0.066901747
-0.066963757
-0.067031439
-0.067105078
-0.067185015
-0.067271488
-0.067364687
-0.067464729
-0.067571808
-0.067686018
-0.067807792
-0.067938025
-0.068078394
-0.068231551
-0.068400896
-0.068589678
-0.068799334
-0.069028487
-0.069273061
-0.069528014
-0.069789094
-0.070053844
-0.070321975
-0.07059515
-0.070876901
-0.071172284
-0.071487366
-0.071828672
-0.072202411
-0.072613823
-0.073066577
-0.073562544
-0.074101747
-0.074682426
-0.075301186
-0.075953054
-0.076631509
-0.077328237
-0.078033873
-0.078745849
-0.079456601
-0.080134796
-0.080753585
-0.081301027
-0.081760962
-0.082111852
-0.082328873
-0.08238537
-0.082253741
-0.081906273
-0.081315892
-0.080456896
-0.079305687
-0.077841399
-0.076046564
-0.073907576
-0.071415247
-0.068565175
-0.065358278
-0.061800669
-0.057904705
-0.053686677
-0.049171327
-0.044381388
-0.039358337
-0.034119342
-0.028743421
-0.023199533
-0.017681002
-0.011958116
-0.0066113128
-0.00071293187
0.0038531542
0.010311752
0.01261567
0.021121408
0.01738843
0.032140058
0.013703872
0.043702398
-0.087401572
-0.082833426
-0.071692972
-0.069071357
-0.069633283
-0.070046009
-0.070109609
-0.070108816
-0.070130721
-0.070167318
-0.070208015
-0.070251579
-0.070299005
-0.070350933
-0.070407759
-0.07046974
-0.070537187
-0.070610379
-0.070689547
-0.07077484
-0.070866366
-0.070964314
-0.071068868
-0.071180508
-0.071300247
-0.071429828
-0.0715718
-0.071729307
-0.071904812
-0.072098978
-0.072309726
-0.072532879
-0.072763732
-0.072998545
-0.073235279
-0.07347378
-0.073715722
-0.073964439
-0.074224599
-0.074501712
-0.074801514
-0.075129239
-0.075488951
-0.075883096
-0.076312247
-0.076775117
-0.077268748
-0.077788663
-0.07832901
-0.078882384
-0.079439835
-0.079995384
-0.080545581
-0.081070707
-0.081541549
-0.081940501
-0.082253571
-0.082462364
-0.082544204
-0.082473922
-0.082225091
-0.081770915
-0.081084982
-0.080142052
-0.078918796
-0.077394512
-0.075551748
-0.073376887
-0.070860674
-0.067998604
-0.064791532
-0.061245482
-0.057372685
-0.053189439
-0.048720105
-0.043987336
-0.039031526
-0.033869714
-0.028578435
-0.023127297
-0.017704758
-0.012085098
-0.0068383217
-0.0010518024
0.0034194458
0.0097462115
0.011984495
0.020286071
0.016618345
0.03093537
0.013061339
0.042068492
-0.094546527
-0.087866721
-0.075348077
-0.072549054
-0.073206149
-0.073654066
-0.073712235
-0.073702017
-0.073717222
-0.073747466
-0.073781197
-0.073816965
-0.073855941
-0.073898663
-0.073945511
-0.073996713
-0.074052555
-0.074113312
-0.074179201
-0.074250432
-0.074327178
-0.074409489
-0.074497546
-0.074591589
-0.074692172
-0.074800379
-0.074917951
-0.075047326
-0.075191197
-0.075351377
-0.075527708
-0.075717562
-0.075916733
-0.076120838
-0.076326527
-0.076531999
-0.076737202
-0.076943715
-0.077154557
-0.077373909
-0.077606649
-0.077857656
-0.078131078
-0.078429754
-0.078754752
-0.079105279
-0.079478798
-0.079871198
-0.080276984
-0.080689326
-0.081099777
-0.08149971
-0.081886357
-0.082250176
-0.082564278
-0.082805543
-0.08296007
-0.08301213
-0.08294165
-0.082725521
-0.082339036
-0.081756873
-0.080953887
-0.079905883
-0.078590373
-0.076987275
-0.075079561
-0.072853866
-0.070301018
-0.067416533
-0.064201133
-0.06066072
-0.056807306
-0.052656982
-0.04823354
-0.043559303
-0.038673353
-0.033592272
-0.028389776
-0.023036012
-0.017713856
-0.012202259
-0.0070589654
-0.0013892574
0.0029862069
0.0091754105
0.011352544
0.019442926
0.01585422
0.029732377
0.012435706
0.040465807
-0.10215076
-0.093152622
-0.079145821
-0.076158263
-0.076919327
-0.077405999
-0.077459139
-0.077439696
-0.077448433
-0.077472866
-0.077500191
-0.077528916
-0.07755999
-0.077594206
-0.077631737
-0.077672915
-0.07771784
-0.077766882
-0.077820213
-0.077878052
-0.077940496
-0.078007702
-0.078079758
-0.078156807
-0.078239124
-0.078327298
-0.078422472
-0.078526337
-0.07864114
-0.078769092
-0.078911294
-0.07906684
-0.079232679
-0.079404619
-0.079578494
-0.079751263
-0.079921263
-0.080088418
-0.080254067
-0.080420912
-0.080592561
-0.08077308
-0.080966369
-0.081175408
-0.081401676
-0.081644836
-0.081902682
-0.082171344
-0.082445573
-0.082718825
-0.082983046
-0.083228908
-0.083451964
-0.083647169
-0.08379403
-0.08386843
-0.083854219
-0.083736696
-0.083498524
-0.083119236
-0.082576386
-0.081846661
-0.080906731
-0.079734014
-0.078307381
-0.076607833
-0.074619158
-0.072328527
-0.069727059
-0.066810365
-0.063579111
-0.060039024
-0.056201798
-0.052083162
-0.047706187
-0.043092617
-0.038279835
-0.033283782
-0.028174889
-0.022923725
-0.017706904
-0.012308657
-0.0072726931
-0.0017249458
0.0025534568
0.0085995095
0.010719579
0.01859247
0.015095642
0.028531969
0.011826223
0.038893447
-0.11016373
-0.098643374
-0.083045182
-0.079859499
-0.08073323
-0.081261905
-0.081310509
-0.081281886
-0.081284726
-0.081304052
-0.081325633
-0.081347821
-0.081371865
-0.081398353
-0.081427536
-0.081459486
-0.081494532
-0.081532776
-0.081574506
-0.081619839
-0.081668986
-0.081721992
-0.081778965
-0.081839949
-0.081905108
-0.081974721
-0.082049416
-0.082130303
-0.082219009
-0.082317511
-0.082427488
-0.082549311
-0.082681421
-0.082820411
-0.082962085
-0.083102465
-0.08323862
-0.083368935
-0.083493134
-0.083612246
-0.083728444
-0.083844636
-0.083964026
-0.084089343
-0.084222192
-0.084362553
-0.084508531
-0.084656509
-0.084801355
-0.084936628
-0.085054562
-0.085146091
-0.08520481
-0.08522595
-0.08519553
-0.085092744
-0.084899535
-0.084600714
-0.084181096
-0.08362321
-0.082907379
-0.082012777
-0.080918375
-0.079603659
-0.078049311
-0.076237818
-0.074154112
-0.07178617
-0.069125602
-0.066168271
-0.062914818
-0.059370862
-0.055547676
-0.051460574
-0.047131651
-0.042581848
-0.037846537
-0.03294071
-0.027931012
-0.022788412
-0.017682454
-0.012403312
-0.0074789341
-0.0020585209
0.0021212611
0.0080187122
0.010085445
0.017735289
0.014342293
0.027335129
0.011232171
0.037350732
-0.118576
-0.10433205
-0.087039965
-0.083646765
-0.084641698
-0.085216021
-0.085260155
-0.085222884
-0.085220191
-0.085234935
-0.085251469
-0.085267995
-0.08528572
-0.085305324
-0.085326924
-0.085350712
-0.085376752
-0.085405284
-0.08543642
-0.085470395
-0.085507225
-0.085547027
-0.08558987
-0.085635799
-0.085684806
-0.085737044
-0.085792777
-0.085852616
-0.085917622
-0.085989302
-0.086069282
-0.086158629
-0.086257024
-0.086362254
-0.086470597
-0.086577778
-0.086679913
-0.086774037
-0.086858354
-0.086932262
-0.086996314
-0.087052
-0.087101383
-0.08714656
-0.087188946
-0.087228629
-0.087263993
-0.087291597
-0.0873064
-0.087302018
-0.087270923
-0.087204523
-0.087095074
-0.086936782
-0.086720111
-0.086428954
-0.086045612
-0.0855544
-0.084941363
-0.084191818
-0.08328921
-0.082215601
-0.080952604
-0.079482108
-0.077786905
-0.075851246
-0.073661469
-0.071206571
-0.068478873
-0.065474597
-0.062194533
-0.058644224
-0.054834555
-0.050780307
-0.046502463
-0.042020857
-0.037368534
-0.032559201
-0.02765528
-0.022627945
-0.017639052
-0.012485248
-0.0076771381
-0.002389588
0.0016896852
0.0074333221
0.0094500538
0.016872091
0.013593989
0.026143019
0.010652986
0.035837273
-0.12736752
-0.11020094
-0.091113184
-0.087504092
-0.088629652
-0.089253077
-0.089293562
-0.089247538
-0.089240327
-0.089251357
-0.089263696
-0.089275381
-0.08928778
-0.089301521
-0.089316685
-0.089333257
-0.08935151
-0.089371409
-0.089393169
-0.089416824
-0.089442508
-0.089470225
-0.089499999
-0.089531844
-0.089565705
-0.089601565
-0.089639487
-0.089679743
-0.0897229
-0.089769895
-0.089822047
-0.089880514
-0.089945721
-0.090016583
-0.090090244
-0.090162609
-0.090229236
-0.090286095
-0.090329966
-0.090358651
-0.090371037
-0.090366976
-0.090347085
-0.090312411
-0.090263785
-0.09020115
-0.090123032
-0.090026279
-0.089906081
-0.089756274
-0.089569619
-0.089337968
-0.08905296
-0.088708289
-0.088297063
-0.087806908
-0.087222371
-0.086528739
-0.085712883
-0.084762247
-0.083663316
-0.082401239
-0.080960457
-0.079325397
-0.077481087
-0.075413679
-0.073111051
-0.070563411
-0.067763933
-0.064709453
-0.061401059
-0.057844357
-0.054049917
-0.050031904
-0.045810042
-0.041402774
-0.036840481
-0.032135205
-0.027344703
-0.022440235
-0.017575308
-0.01255354
-0.0078667868
-0.0027177875
0.0012588475
0.0068436907
0.0088134214
0.016003737
0.012850708
0.024956913
0.010088268
0.034352915
-0.13717755
-0.11663535
-0.095521271
-0.091674911
-0.092947723
-0.093625153
-0.093660653
-0.09360462
-0.093591173
-0.093597297
-0.093603933
-0.093609193
-0.093614477
-0.093620377
-0.093626847
-0.093633977
-0.093641655
-0.093650102
-0.093659216
-0.093669061
-0.093679661
-0.09369095
-0.093702899
-0.093715408
-0.093728389
-0.093741662
-0.093755163
-0.093768824
-0.093782877
-0.093797757
-0.093814248
-0.093833302
-0.093855554
-0.09388067
-0.093906747
-0.093930303
-0.093946806
-0.093951515
-0.093940117
-0.09390905
-0.093855649
-0.093778192
-0.093675838
-0.093548419
-0.09339601
-0.093218295
-0.093013938
-0.092780128
-0.092512506
-0.092205321
-0.091851754
-0.091444129
-0.090974203
-0.090435612
-0.089822719
-0.089125781
-0.088332332
-0.087429915
-0.086406594
-0.085251331
-0.083953107
-0.082499995
-0.080879207
-0.079077643
-0.077082504
-0.074881834
-0.072465119
-0.069823886
-0.06695242
-0.063848415
-0.060513516
-0.056953602
-0.053179024
-0.049203313
-0.045044739
-0.040720103
-0.036256698
-0.031664577
-0.026996375
-0.022223286
-0.017489931
-0.012607361
-0.0080474567
-0.0030427588
0.00082887802
0.0062502592
0.0081756629
0.015131234
0.012112571
0.023778249
0.0095376897
0.032897797
-0.1474422
-0.12319229
-0.099896984
-0.095801399
-0.097233917
-0.097968988
-0.097998477
-0.097930869
-0.097910541
-0.097910726
-0.097910847
-0.09790869
-0.097905822
-0.097902749
-0.09789943
-0.09789579
-0.097891793
-0.097887273
-0.097882307
-0.09787678
-0.097870547
-0.097863518
-0.097855559
-0.097846438
-0.09783596
-0.097823863
-0.097809848
-0.097793702
-0.097775248
-0.097754574
-0.097731913
-0.097707812
-0.097682773
-0.097656766
-0.097628663
-0.097595752
-0.097553869
-0.097498046
-0.097423193
-0.097324613
-0.097198269
-0.09704098
-0.096850429
-0.09662509
-0.096364022
-0.09606635
-0.095730701
-0.095354642
-0.094934363
-0.094464753
-0.09393965
-0.093352164
-0.092694907
-0.09196171
-0.091147403
-0.09024453
-0.089243715
-0.088135107
-0.08690859
-0.085554539
-0.084063756
-0.082426685
-0.080632971
-0.078671724
-0.076532147
-0.074204072
-0.071678636
-0.06894891
-0.066010563
-0.062862507
-0.059507318
-0.05595139
-0.052205014
-0.04828103
-0.044196052
-0.039964909
-0.035611433
-0.031143266
-0.026607593
-0.02197535
-0.017381883
-0.012646077
-0.0082188204
-0.0033642143
0.00039989978
0.0056535552
0.0075370282
0.014255758
0.011379894
0.022608714
0.0090012083
0.031472374
-0.15732448
-0.12926242
-0.10379463
-0.099462204
-0.10105652
-0.10184874
-0.10187196
-0.10179289
-0.10176558
-0.10175995
-0.10175366
-0.10174424
-0.10173337
-0.10172154
-0.10170865
-0.10169454
-0.10167906
-0.10166204
-0.10164332
-0.10162278
-0.10160016
-0.10157528
-0.10154778
-0.10151746
-0.10148389
-0.10144668
-0.10140542
-0.10135961
-0.10130887
-0.10125286
-0.10119142
-0.10112455
-0.10105243
-0.10097503
-0.10089159
-0.10080012
-0.10069711
-0.10057777
-0.10043666
-0.10026828
-0.10006752
-0.099829897
-0.099551727
-0.09923016
-0.09886312
-0.098449029
-0.097986297
-0.097472747
-0.096905188
-0.096279307
-0.095589844
-0.094830903
-0.09399628
-0.093080408
-0.092078536
-0.090985099
-0.089793318
-0.088495663
-0.087084028
-0.085550247
-0.083886406
-0.08208453
-0.080136112
-0.078032117
-0.075763535
-0.073321972
-0.0707004
-0.067893762
-0.064899594
-0.061718501
-0.058354417
-0.054814566
-0.051109234
-0.047250482
-0.043253007
-0.039129232
-0.034899151
-0.030567636
-0.0261761
-0.021695117
-0.017250487
-0.012669341
-0.0083807581
-0.003681917
-2.7960741e-05
0.0050542072
0.0068979042
0.013378689
0.010653218
0.021450203
0.0084789499
0.030077559
-0.16621535
-0.13441228
-0.10690579
-0.10236626
-0.10411583
-0.10496041
-0.1049766
-0.10488652
-0.10485261
-0.10484107
-0.10482804
-0.10481136
-0.1047924
-0.10477169
-0.10474913
-0.10472443
-0.1046973
-0.10466758
-0.104635
-0.10459925
-0.10456002
-0.10451697
-0.10446972
-0.10441778
-0.10436067
-0.10429786
-0.10422871
-0.10415259
-0.1040688
-0.10397671
-0.10387575
-0.1037655
-0.10364566
-0.10351593
-0.10337567
-0.10322336
-0.10305619
-0.10286989
-0.10265914
-0.10241809
-0.10214094
-0.1018223
-0.10145746
-0.10104252
-0.10057444
-0.10005098
-0.099470349
-0.09883068
-0.098129521
-0.097363557
-0.096528636
-0.095620014
-0.094632684
-0.093561842
-0.092403195
-0.091152373
-0.089804216
-0.088352682
-0.086791039
-0.085112168
-0.083308887
-0.081374038
-0.07930031
-0.077080236
-0.074706582
-0.07217301
-0.069474776
-0.066609294
-0.063576613
-0.060379614
-0.057024018
-0.05351805
-0.049871956
-0.046096751
-0.042204795
-0.038205682
-0.034115108
-0.029934885
-0.025700423
-0.021381953
-0.017095617
-0.012677186
-0.0085333996
-0.003995786
-0.00045457911
0.0044529222
0.0062588539
0.012501657
0.0099333626
0.020304873
0.0079712844
0.02871474
-0.17307804
-0.1378819
-0.10865357
-0.10395851
-0.10584314
-0.10673068
-0.10674015
-0.10663945
-0.10659834
-0.10658099
-0.10656152
-0.10653711
-0.10650985
-0.10648022
-0.10644783
-0.10641234
-0.10637349
-0.10633095
-0.10628432
-0.10623329
-0.10617742
-0.1061162
-0.10604913
-0.10597565
-0.10589513
-0.10580685
-0.10571007
-0.10560395
-0.10548763
-0.1053602
-0.1052208
-0.10506862
-0.10490296
-0.10472323
-0.1045287
-0.10431817
-0.10408952
-0.1038393
-0.10356283
-0.10325456
-0.10290859
-0.10251921
-0.10208118
-0.10159001
-0.10104212
-0.1004348
-0.099766101
-0.099034407
-0.098237879
-0.097374023
-0.096439565
-0.095430585
-0.094342741
-0.093171509
-0.091912563
-0.090561693
-0.089114016
-0.087563799
-0.085904687
-0.084129915
-0.082232628
-0.080206162
-0.078044285
-0.075741259
-0.073292179
-0.070693505
-0.067943626
-0.065043288
-0.061995745
-0.058806652
-0.055483726
-0.05203609
-0.048473617
-0.044805734
-0.041041913
-0.037188341
-0.033256079
-0.029243593
-0.025180316
-0.021036214
-0.016917891
-0.012670198
-0.0086772051
-0.0043058875
-0.00087985187
0.0038504989
0.0056206235
0.011626509
0.0092214091
0.01917521
0.0074788681
0.027385736
-0.17551404
-0.13842842
-0.10801112
-0.10316579
-0.1051339
-0.10605435
-0.10606159
-0.10595546
-0.10591172
-0.10589189
-0.10586957
-0.10584237
-0.10581176
-0.10577851
-0.1057422
-0.10570238
-0.10565879
-0.10561098
-0.10555871
-0.10550144
-0.1054387
-0.10536997
-0.10529467
-0.10521214
-0.10512172
-0.10502257
-0.10491387
-0.10479466
-0.10466394
-0.10452064
-0.10436368
-0.10419198
-0.10400459
-0.10380062
-0.10357925
-0.1033395
-0.10307985
-0.10279787
-0.10248995
-0.10215142
-0.10177695
-0.1013611
-0.10089863
-0.10038486
-0.09981587
-0.099188552
-0.098500555
-0.097749974
-0.096934864
-0.096052712
-0.095100156
-0.094073022
-0.092966472
-0.091775211
-0.090493949
-0.089117487
-0.087640089
-0.086055478
-0.084357138
-0.082538492
-0.080593287
-0.07851598
-0.076302192
-0.07394891
-0.071454686
-0.068819955
-0.066047275
-0.063141486
-0.060109469
-0.056959691
-0.053701522
-0.050344348
-0.046896856
-0.043366027
-0.039757697
-0.036074075
-0.032321318
-0.028494503
-0.02461726
-0.020659592
-0.016718919
-0.012649617
-0.008813058
-0.0046125009
-0.0013037088
0.0032478667
0.0049841791
0.010755395
0.0085187925
0.018064019
0.0070027211
0.026092985
-0.16891078
-0.13525722
-0.10387728
-0.098401757
-0.10032909
-0.10130701
-0.10133822
-0.10123933
-0.10120216
-0.10119137
-0.10117947
-0.10116335
-0.1011452
-0.10112515
-0.10110318
-0.10107914
-0.1010526
-0.10102341
-0.10099124
-0.1009558
-0.10091667
-0.10087356
-0.10082589
-0.10077325
-0.10071494
-0.10065039
-0.1005788
-0.10049933
-0.10041105
-0.10031292
-0.10020387
-0.10008278
-0.099948533
-0.099800175
-0.099636807
-0.099457563
-0.099261377
-0.099046566
-0.098810481
-0.098549319
-0.09825826
-0.097931879
-0.097564537
-0.097150713
-0.096685258
-0.096163512
-0.095581361
-0.094935042
-0.094220832
-0.093434578
-0.092571391
-0.09162561
-0.090590996
-0.089460973
-0.088229095
-0.086889207
-0.085435166
-0.083860947
-0.082160924
-0.080330064
-0.078364322
-0.07626104
-0.074019368
-0.071640484
-0.069127648
-0.06648619
-0.063723378
-0.060848143
-0.05787053
-0.054800896
-0.051649041
-0.048423233
-0.045129643
-0.041771619
-0.038350542
-0.034864217
-0.031313854
-0.027691357
-0.024015057
-0.020255525
-0.016501536
-0.012617522
-0.0089423433
-0.0049161236
-0.0017261081
0.0026460923
0.0043507531
0.0098907844
0.0078273314
0.0169745
0.0065442951
0.024839718
-0.16481646
-0.13449146
-0.10143957
-0.095101152
-0.09699918
-0.098057371
-0.098114315
-0.098016227
-0.097979932
-0.097972956
-0.097965849
-0.097954801
-0.097941701
-0.097927433
-0.097911693
-0.097894206
-0.097874798
-0.097853252
-0.097829237
-0.097802562
-0.097772822
-0.097739638
-0.097702601
-0.097661168
-0.097614811
-0.097562829
-0.097504518
-0.097438966
-0.097365244
-0.09728228
-0.097188852
-0.097083745
-0.09696569
-0.096833437
-0.096685887
-0.096521968
-0.096340634
-0.096140497
-0.095919442
-0.095674299
-0.09540076
-0.095093572
-0.094746933
-0.094354882
-0.093911621
-0.093411691
-0.092850107
-0.092222291
-0.091523821
-0.090750044
-0.089895679
-0.088954678
-0.087920359
-0.086785687
-0.085543718
-0.084187882
-0.082712106
-0.081111002
-0.079380151
-0.077516423
-0.075518371
-0.073386584
-0.071123995
-0.068735978
-0.066230199
-0.063616197
-0.060904863
-0.058107704
-0.055235998
-0.052299843
-0.04930723
-0.046263259
-0.043169868
-0.040025591
-0.036826746
-0.033566625
-0.030241886
-0.026841865
-0.023380463
-0.019829541
-0.016270035
-0.012576936
-0.0090669914
-0.0052175181
-0.0021470018
0.0020463778
0.003721876
0.0090355073
0.0071492932
0.015910332
0.0061056051
0.023629992
-0.16213919
-0.13510873
-0.099814245
-0.092405899
-0.094282824
-0.095440895
-0.095523519
-0.095421906
-0.095382695
-0.095375287
-0.095368525
-0.095357848
-0.09534487
-0.095330649
-0.095314882
-0.095297415
-0.09527793
-0.095256175
-0.095231868
-0.095204756
-0.095174409
-0.095140424
-0.09510236
-0.095059691
-0.095011784
-0.094957972
-0.094897435
-0.094829302
-0.094752558
-0.094666039
-0.094568502
-0.094458571
-0.094334807
-0.094195764
-0.094040022
-0.093866277
-0.093673244
-0.093459558
-0.093223376
-0.092961998
-0.092671581
-0.092347104
-0.091982651
-0.091571794
-0.09110797
-0.090584771
-0.089996145
-0.08933648
-0.088600523
-0.087783125
-0.086878927
-0.085882162
-0.084786748
-0.083586551
-0.082275784
-0.080849344
-0.079303149
-0.077634351
-0.075841545
-0.073925097
-0.071887445
-0.069733245
-0.067469488
-0.065105342
-0.062651711
-0.060120536
-0.057523897
-0.054873045
-0.052177432
-0.049443868
-0.046675789
-0.043872978
-0.041031647
-0.038144837
-0.03520382
-0.032197918
-0.02912022
-0.02595859
-0.022723693
-0.019389591
-0.016030326
-0.012531903
-0.0091895099
-0.0055176735
-0.002566327
0.0014501502
0.0030994427
0.0081928183
0.0064874918
0.014875718
0.005689401
0.022468944
-0.15993236
-0.13612474
-0.098273134
-0.089668095
-0.091521946
-0.092790572
-0.092899782
-0.092792034
-0.092746658
-0.092736018
-0.092726479
-0.092712527
-0.092696172
-0.092677796
-0.092657576
-0.09263515
-0.092609963
-0.092582023
-0.092550899
-0.092516105
-0.092477268
-0.092433916
-0.09238542
-0.092331226
-0.092270514
-0.092202587
-0.092126453
-0.09204111
-0.091945371
-0.091837968
-0.091717434
-0.091582197
-0.091430551
-0.091260739
-0.091070961
-0.090859513
-0.090624709
-0.090364944
-0.090078349
-0.089762491
-0.089413947
-0.089028118
-0.088599267
-0.088120878
-0.087586073
-0.086987998
-0.086320134
-0.085576469
-0.084751604
-0.083840651
-0.082839005
-0.08174219
-0.080545894
-0.079246194
-0.077839903
-0.076324929
-0.074700635
-0.072968033
-0.071129886
-0.069190872
-0.067157638
-0.065038692
-0.062844185
-0.060585428
-0.058274174
-0.055921718
-0.053537911
-0.051130186
-0.048702803
-0.04625636
-0.043787627
-0.041289765
-0.038752944
-0.036165142
-0.033513689
-0.03078538
-0.02797137
-0.025059521
-0.022058705
-0.018946142
-0.015789962
-0.012487481
-0.0093129259
-0.005817765
-0.0029839194
0.0008591287
0.0024857926
0.0073664701
0.0058453522
0.013875477
0.0052993899
0.02136317
-0.15606115
-0.13523457
-0.095334996
-0.085690545
-0.087497644
-0.088854018
-0.088984469
-0.088868103
-0.088813869
-0.08879731
-0.088781303
-0.088760054
-0.088735365
-0.088708512
-0.08867883
-0.088645875
-0.088609387
-0.088569063
-0.08852423
-0.088474454
-0.088419173
-0.088357857
-0.088289706
-0.088213876
-0.088129617
-0.088035801
-0.087931372
-0.087815133
-0.087685614
-0.087541338
-0.087380631
-0.087201541
-0.087002164
-0.086780304
-0.086533807
-0.086260475
-0.085958226
-0.085624984
-0.085258813
-0.084857428
-0.084417923
-0.083936413
-0.083407908
-0.082826507
-0.082185802
-0.081479375
-0.080701236
-0.079846091
-0.078909577
-0.077888358
-0.076779968
-0.07558269
-0.074295559
-0.072918441
-0.071452264
-0.069899238
-0.068263091
-0.066549088
-0.064763929
-0.062915635
-0.061013289
-0.059066695
-0.057085871
-0.055080401
-0.053058672
-0.051027065
-0.048989214
-0.046945385
-0.044892189
-0.042822664
-0.040726629
-0.038591362
-0.036402511
-0.034145046
-0.031804626
-0.029367761
-0.026825724
-0.024167993
-0.021403033
-0.018512008
-0.01555797
-0.012449568
-0.009440668
-0.006119021
-0.0033993927
0.00027540258
0.001883817
0.0065608015
0.0052270656
0.012915177
0.0049406069
0.020321122
-0.14537562
-0.12749634
-0.087859282
-0.077883751
-0.079574746
-0.080927943
-0.081063574
-0.080944214
-0.080881395
-0.080856413
-0.080833124
-0.080803578
-0.080770347
-0.080734005
-0.080694634
-0.080650846
-0.080603057
-0.08055
-0.080491704
-0.080427319
-0.08035615
-0.080277382
-0.080190094
-0.080093594
-0.079986615
-0.07986789
-0.079736386
-0.07959046
-0.079428526
-0.079248881
-0.07904949
-0.078828401
-0.078583172
-0.07831145
-0.078010784
-0.077678593
-0.077312468
-0.076910232
-0.076469855
-0.075989628
-0.075467685
-0.07490178
-0.074288938
-0.073625441
-0.072907138
-0.072129829
-0.071289826
-0.070384355
-0.069411797
-0.068371791
-0.067265181
-0.066093845
-0.064860552
-0.063568893
-0.062223305
-0.06082909
-0.059392446
-0.057920263
-0.056419798
-0.054898344
-0.053362879
-0.051819571
-0.050273351
-0.048727369
-0.047182558
-0.045637183
-0.04408663
-0.042523273
-0.040936692
-0.039314119
-0.037641079
-0.035902171
-0.034081925
-0.032165559
-0.030139976
-0.02799377
-0.025720191
-0.023311574
-0.020776945
-0.018101739
-0.015344402
-0.012424603
-0.0095762983
-0.0064225166
-0.0038119805
-0.00029841149
0.0012970711
0.0057808331
0.0046377073
0.012001241
0.0046198487
0.019353554
-0.11007095
-0.099459853
-0.067740495
-0.059138979
-0.060510279
-0.061679267
-0.061821756
-0.061739405
-0.061705439
-0.061703242
-0.061701792
-0.061696628
-0.06168881
-0.061678823
-0.061667012
-0.061652752
-0.061635877
-0.061616133
-0.061593187
-0.061566358
-0.061535583
-0.061499918
-0.061458993
-0.061412012
-0.06135811
-0.061296497
-0.061225952
-0.061145537
-0.061053741
-0.060949256
-0.060830388
-0.060695334
-0.06054222
-0.060368905
-0.06017307
-0.059952655
-0.059705346
-0.059429293
-0.059123162
-0.058785963
-0.058417472
-0.058017759
-0.057586848
-0.057124375
-0.056629478
-0.05610098
-0.055537731
-0.054939131
-0.054305335
-0.053637397
-0.052937053
-0.05220669
-0.051449011
-0.050666953
-0.049863615
-0.049042224
-0.048206103
-0.04735843
-0.046501863
-0.045638315
-0.044768604
-0.04389218
-0.043006867
-0.042108677
-0.041191698
-0.040248033
-0.039267926
-0.038239933
-0.037151303
-0.035988391
-0.034737261
-0.03338421
-0.031916355
-0.03032209
-0.028591698
-0.02671722
-0.024694723
-0.022519682
-0.020201818
-0.017730505
-0.015159596
-0.012419008
-0.00972313
-0.0067288834
-0.0042202873
-0.00085896549
0.00072995704
0.0050324194
0.0040834466
0.011141189
0.0043467248
0.018474742
-0.05725652
-0.058289825
-0.041316751
-0.034988628
-0.035376467
-0.036126502
-0.036288469
-0.036276972
-0.036283276
-0.036312182
-0.03634618
-0.036380071
-0.036415071
-0.036452329
-0.036491565
-0.03653269
-0.036576
-0.036621795
-0.036670036
-0.036720559
-0.036773473
-0.036828545
-0.036886012
-0.036945433
-0.037006637
-0.037069456
-0.037133538
-0.03719829
-0.037263487
-0.03732826
-0.03739217
-0.037454318
-0.037513696
-0.037569285
-0.037619932
-0.037664303
-0.037701145
-0.037729394
-0.037748342
-0.037757952
-0.037758907
-0.037752684
-0.037741278
-0.037726777
-0.037710768
-0.037694172
-0.037677154
-0.03765957
-0.03764117
-0.037621844
-0.037601447
-0.037579693
-0.037555853
-0.037528599
-0.037495989
-0.037455481
-0.037404058
-0.037338124
-0.037253466
-0.03714515
-0.037007505
-0.036834039
-0.036617488
-0.036349782
-0.036022126
-0.035625043
-0.03514849
-0.034581997
-0.033914829
-0.033136213
-0.032235616
-0.031203044
-0.03002935
-0.028706503
-0.027227999
-0.02558875
-0.023786873
-0.021820017
-0.019697826
-0.01741258
-0.015013119
-0.012438473
-0.0098836842
-0.0070378878
-0.0046219805
-0.0014019595
0.00018790172
0.0043223897
0.0035717355
0.010343656
0.0041344625
0.017702144
-0.028569587
-0.034120267
-0.027487773
-0.023372442
-0.0232901
-0.023802514
-0.023953455
-0.023963003
-0.023979011
-0.024010861
-0.0240467
-0.024085328
-0.024126951
-0.024171723
-0.024220267
-0.024272536
-0.024329061
-0.024390066
-0.024455625
-0.024526012
-0.024601616
-0.024682768
-0.024769599
-0.024862206
-0.024960827
-0.025065566
-0.025176479
-0.025293658
-0.025416899
-0.025546103
-0.025681055
-0.025821366
-0.025966632
-0.02611634
-0.026269848
-0.026426496
-0.026585622
-0.026746698
-0.02690946
-0.027074227
-0.02724195
-0.027414297
-0.027593391
-0.027781558
-0.027980881
-0.028192886
-0.028418287
-0.028657047
-0.028908662
-0.029172457
-0.029447676
-0.029733344
-0.030028001
-0.030329378
-0.030634252
-0.030938394
-0.031236679
-0.031523089
-0.031790814
-0.032032259
-0.03223918
-0.032402694
-0.032513434
-0.032561583
-0.032537037
-0.032429487
-0.032228577
-0.03192401
-0.031505672
-0.030963752
-0.030288888
-0.029472324
-0.028506103
-0.027383248
-0.026098068
-0.024646115
-0.023025606
-0.021234598
-0.019281326
-0.017159585
-0.014912554
-0.012487059
-0.010059022
-0.0073479352
-0.0050133797
-0.0019218095
-0.00032239429
0.0036587261
0.0031117119
0.0096190951
0.0040044113
0.017064055
-0.023157964
-0.029625393
-0.025814765
-0.022607827
-0.022489477
-0.023043565
-0.023211573
-0.023198015
-0.02318035
-0.023183812
-0.023195391
-0.023208167
-0.023223041
-0.023240378
-0.023260968
-0.023284614
-0.023311375
-0.023341524
-0.023375609
-0.023413406
-0.023455404
-0.02350191
-0.023553238
-0.023609518
-0.023671266
-0.023738891
-0.023812517
-0.023892458
-0.023979004
-0.024072309
-0.024172441
-0.024279317
-0.024392755
-0.024512361
-0.024637587
-0.024767712
-0.024901945
-0.025039481
-0.025179763
-0.025322691
-0.025468969
-0.02562022
-0.025778899
-0.025947691
-0.02612897
-0.026324304
-0.026534402
-0.026759086
-0.026997564
-0.027248657
-0.027511149
-0.027783778
-0.028065148
-0.028353391
-0.028645952
-0.028939416
-0.029229526
-0.029511173
-0.029778462
-0.030024763
-0.030242797
-0.030424674
-0.030561969
-0.030645745
-0.030666627
-0.030614857
-0.030480385
-0.030252965
-0.029922278
-0.029478058
-0.028910259
-0.028209245
-0.027366008
-0.026372399
-0.02522143
-0.023907349
-0.022426791
-0.02077667
-0.018962666
-0.016978857
-0.014862248
-0.012566223
-0.010247967
-0.0076554333
-0.0053889939
-0.0024113406
-0.00079273726
0.0030506963
0.0027142261
0.0089783912
0.0039825035
0.016577178
-0.024591434
-0.031554893
-0.027740327
-0.024516524
-0.024569245
-0.025353015
-0.02558398
-0.025536206
-0.025489055
-0.025470643
-0.025461446
-0.025454284
-0.025447664
-0.025443103
-0.025440873
-0.025440629
-0.025442809
-0.025447011
-0.025453201
-0.025461722
-0.02547262
-0.025486087
-0.025502029
-0.02552094
-0.025542917
-0.025568133
-0.025596953
-0.025629679
-0.025666513
-0.025707839
-0.025753928
-0.025804932
-0.02586107
-0.025922336
-0.025988609
-0.026059551
-0.026134632
-0.026213101
-0.026294105
-0.026376849
-0.026460961
-0.026546867
-0.026636155
-0.026731479
-0.026835965
-0.026952203
-0.02708163
-0.027224367
-0.027379579
-0.027545839
-0.02772157
-0.027905241
-0.028095443
-0.02829065
-0.028488992
-0.028687995
-0.028884492
-0.029074553
-0.0292535
-0.02941594
-0.029555823
-0.029666493
-0.029740723
-0.029770772
-0.029748401
-0.029664936
-0.02951129
-0.02927804
-0.028955465
-0.028533638
-0.028002512
-0.027352081
-0.026572571
-0.025654704
-0.024590031
-0.023371126
-0.0219926
-0.020449642
-0.01874497
-0.016872227
-0.014862185
-0.012673807
-0.010446252
-0.0079541166
-0.0057409827
-0.0028613863
-0.0012132079
0.0025089228
0.002392732
0.0084374635
0.0041357824
0.016347952
-0.02898329
-0.036391277
-0.031212942
-0.027404294
-0.027748754
-0.028618513
-0.028786124
-0.028716009
-0.028663537
-0.028639797
-0.028622805
-0.028606012
-0.028589855
-0.028574877
-0.028561085
-0.028548399
-0.028536576
-0.028525563
-0.028515323
-0.028505859
-0.028497113
-0.028489002
-0.028481633
-0.028474973
-0.028469134
-0.028464191
-0.028460245
-0.028457433
-0.028455968
-0.028455997
-0.028457725
-0.028461366
-0.028467139
-0.028475164
-0.028485567
-0.028498339
-0.028513317
-0.02853018
-0.028548398
-0.028567238
-0.028585945
-0.028603929
-0.028621263
-0.028639043
-0.028659609
-0.028685952
-0.028720724
-0.028765246
-0.028819329
-0.028881627
-0.028950319
-0.029023555
-0.029099756
-0.029177552
-0.0292556
-0.029332301
-0.029405622
-0.029472934
-0.029530976
-0.02957583
-0.029602932
-0.029607105
-0.029582548
-0.029522876
-0.029421087
-0.029269613
-0.029060294
-0.028784461
-0.028432938
-0.027996141
-0.027464122
-0.026826725
-0.026073725
-0.025195084
-0.024181253
-0.023023445
-0.021714512
-0.020248027
-0.018623934
-0.016835287
-0.014907006
-0.012803044
-0.010645593
-0.0082342557
-0.0060585909
-0.0032604677
-0.0015720793
0.0020451554
0.0021620646
0.00800422
0.0044958763
0.016186455
-0.03390497
-0.041838806
-0.034815605
-0.030354368
-0.030611987
-0.03126121
-0.031371055
-0.031314841
-0.031274452
-0.031253853
-0.031237818
-0.031221762
-0.031205352
-0.031189411
-0.03117385
-0.031158511
-0.031143213
-0.031127753
-0.031112205
-0.031096459
-0.031080286
-0.031063708
-0.031046609
-0.031028925
-0.031010644
-0.030991712
-0.030972087
-0.030951804
-0.030930865
-0.030909267
-0.030887096
-0.030864399
-0.030841248
-0.030817705
-0.030793827
-0.030769639
-0.030745111
-0.030720116
-0.03069442
-0.030667637
-0.030639235
-0.03060861
-0.030575232
-0.030539015
-0.030500722
-0.030462248
-0.030426284
-0.030395371
-0.030370811
-0.030352256
-0.030338093
-0.030326173
-0.030314418
-0.030301075
-0.030284686
-0.030263868
-0.030237094
-0.030202484
-0.030157708
-0.030099911
-0.030025699
-0.029931124
-0.029811683
-0.029662307
-0.029477321
-0.029250441
-0.028974709
-0.028642517
-0.028245564
-0.027774914
-0.027221004
-0.026573784
-0.025822835
-0.024957629
-0.023967827
-0.022843614
-0.021576465
-0.020158664
-0.018587869
-0.016856723
-0.014985028
-0.012941469
-0.010832679
-0.0084818563
-0.0063276124
-0.0035946224
-0.0018560974
0.001671333
0.0020397569
0.0077099878
0.0054453482
0.017215042
0.034630714
-0.037689467
-0.045870985
-0.037302094
-0.032055145
-0.032105525
-0.032732115
-0.032863326
-0.032818959
-0.032782384
-0.032766226
-0.032753882
-0.032741044
-0.03272786
-0.032714323
-0.032701088
-0.032687685
-0.032673736
-0.032659632
-0.032644979
-0.032629536
-0.032613562
-0.032596784
-0.032578996
-0.032560259
-0.032540394
-0.032519293
-0.032496934
-0.032473183
-0.032447943
-0.032421184
-0.032392817
-0.032362769
-0.032330998
-0.032297437
-0.032262033
-0.032224706
-0.032185365
-0.032143883
-0.032100074
-0.032053678
-0.032004343
-0.031951629
-0.03189503
-0.031834117
-0.031768764
-0.031699535
-0.031627966
-0.031556421
-0.031487291
-0.031421912
-0.031359974
-0.031299795
-0.031239059
-0.03117549
-0.031107132
-0.031032315
-0.030949457
-0.030856854
-0.030752507
-0.030634018
-0.030498529
-0.030342696
-0.030162671
-0.029954086
-0.029712023
-0.029430989
-0.029104864
-0.028726888
-0.028289597
-0.027784842
-0.027203755
-0.026536822
-0.025773957
-0.024904713
-0.023918553
-0.022805213
-0.021555397
-0.020160648
-0.01861704
-0.016917246
-0.015076961
-0.013069632
-0.010988058
-0.0086778312
-0.0065299927
-0.0038475552
-0.0020512428
0.0013985046
0.0020442808
0.0075612253
0.0070246725
0.015952241
0.031157012
-0.040816537
-0.049134286
-0.039229882
-0.033349389
-0.033072035
-0.033649827
-0.033804386
-0.033774555
-0.033742668
-0.033730543
-0.03372328
-0.033713706
-0.03370369
-0.033694287
-0.033684273
-0.033673549
-0.033662802
-0.033651528
-0.033639568
-0.033627005
-0.033613616
-0.033599358
-0.033584165
-0.0335678
-0.033550326
-0.033531573
-0.033511346
-0.0334896
-0.03346624
-0.033441081
-0.033414041
-0.033384969
-0.033353733
-0.033320172
-0.033284165
-0.033245548
-0.033204135
-0.033159724
-0.033112096
-0.033060966
-0.033006011
-0.032946842
-0.032883011
-0.032814045
-0.032739536
-0.032659331
-0.032573823
-0.032484232
-0.032392556
-0.03230094
-0.032210679
-0.032121531
-0.032031835
-0.031939202
-0.031841187
-0.03173562
-0.031620572
-0.031494196
-0.031354505
-0.031199248
-0.031025783
-0.030831052
-0.030611516
-0.030363168
-0.030081468
-0.029761347
-0.029397132
-0.028982532
-0.028510576
-0.027973611
-0.027363253
-0.026670444
-0.025885486
-0.024998222
-0.023998269
-0.022875383
-0.021620092
-0.020223829
-0.01868193
-0.01698775
-0.015154107
-0.013159504
-0.011084889
-0.0087972764
-0.0066437894
-0.0040016191
-0.0021459547
0.001225199
0.0021415454
0.0073407615
0.0078745079
0.013585107
0.023839603
-0.043801396
-0.051644599
-0.040495346
-0.034286474
-0.033865404
-0.034402702
-0.034566615
-0.034548935
-0.03452587
-0.034518658
-0.034514636
-0.034511204
-0.034506947
-0.034501191
-0.034494647
-0.03448863
-0.034481947
-0.034474151
-0.034465966
-0.034456997
-0.034447199
-0.034436414
-0.034424707
-0.034412042
-0.034398114
-0.034382902
-0.034366397
-0.034348406
-0.034328754
-0.03430736
-0.034284088
-0.034258767
-0.03423122
-0.034201274
-0.034168745
-0.034133396
-0.034095008
-0.034053334
-0.034008071
-0.033958904
-0.033905481
-0.033847388
-0.033784171
-0.033715346
-0.033640411
-0.033558942
-0.033470727
-0.033376014
-0.033275732
-0.033171502
-0.033065136
-0.032957776
-0.032849161
-0.032737642
-0.032620746
-0.032495855
-0.032360525
-0.032212511
-0.032049585
-0.031869386
-0.031669246
-0.03144614
-0.031196596
-0.030916711
-0.030602076
-0.030247792
-0.029848392
-0.029397837
-0.028889439
-0.028315854
-0.027669031
-0.026940244
-0.026120126
-0.025198834
-0.024166282
-0.023012529
-0.021728391
-0.020305788
-0.018740197
-0.017026431
-0.015175837
-0.013172475
-0.011087641
-0.0088090456
-0.0066439554
-0.0040406257
-0.0021383015
0.001122415
0.0022245169
0.006877454
0.007641723
0.011127757
0.017530119
-0.047079398
-0.053849673
-0.041404545
-0.034971956
-0.034678627
-0.03527241
-0.035443262
-0.035429032
-0.035410641
-0.035409916
-0.035413676
-0.035414159
-0.035413621
-0.035413471
-0.035411835
-0.035409174
-0.035406185
-0.035402402
-0.035397452
-0.035391856
-0.035385254
-0.035377731
-0.03536925
-0.03535956
-0.035348717
-0.035336608
-0.035323181
-0.035308252
-0.03529174
-0.035273539
-0.035253472
-0.035231353
-0.035207055
-0.035180383
-0.035151083
-0.035118954
-0.035083713
-0.035045082
-0.035002736
-0.034956323
-0.03490543
-0.03484963
-0.03478842
-0.034721278
-0.034647627
-0.034566915
-0.034478638
-0.034382503
-0.034278577
-0.034167518
-0.034050543
-0.033929084
-0.03380399
-0.03367489
-0.033540057
-0.033396935
-0.033242692
-0.033074615
-0.032890077
-0.032686454
-0.0324609
-0.032210279
-0.031931029
-0.03161917
-0.031270221
-0.030879225
-0.030440673
-0.029948516
-0.029396091
-0.028776129
-0.028080715
-0.027301328
-0.026428894
-0.025453956
-0.024366944
-0.023158597
-0.021820597
-0.02034609
-0.018731714
-0.016974711
-0.015086481
-0.013057314
-0.010951164
-0.0086759682
-0.0065038105
-0.0039525113
-0.002038144
0.0010475278
0.0021961461
0.0061653906
0.0067159089
0.0086441439
0.012566133
-0.050835242
-0.056360623
-0.042485368
-0.035834728
-0.035678036
-0.036333426
-0.036513843
-0.036500408
-0.036486142
-0.03648995
-0.036497252
-0.036503189
-0.036507592
-0.036508965
-0.036511324
-0.03651285
-0.036512092
-0.036510846
-0.036508768
-0.036505315
-0.036501145
-0.036495838
-0.036489393
-0.03648176
-0.036472819
-0.03646268
-0.036451147
-0.036438012
-0.036423349
-0.036406978
-0.036388678
-0.036368348
-0.036345869
-0.036320934
-0.03629337
-0.036262951
-0.036229372
-0.036192352
-0.03615152
-0.03610652
-0.03605691
-0.036002235
-0.035941955
-0.035875508
-0.035802254
-0.035721554
-0.035632731
-0.0355352
-0.03542851
-0.035312557
-0.035187667
-0.035054667
-0.034914499
-0.034767638
-0.03461341
-0.03444993
-0.034274416
-0.034083802
-0.03387498
-0.033644907
-0.033390402
-0.033108071
-0.032794118
-0.032444342
-0.032054032
-0.031617994
-0.031130492
-0.03058526
-0.02997547
-0.02929375
-0.028532196
-0.027682439
-0.026735768
-0.025683337
-0.024516509
-0.023227331
-0.021809207
-0.020257532
-0.018571373
-0.016751562
-0.014811174
-0.012747479
-0.010619445
-0.0083549748
-0.0061959258
-0.0037287233
-0.0018585111
0.00097449411
0.0020295771
0.0052613785
0.0054288232
0.0060781227
0.0072716466
-0.055241159
-0.05929805
-0.043782251
-0.036902378
-0.03691117
-0.03763451
-0.037811287
-0.037791571
-0.037780637
-0.037787808
-0.03779743
-0.037805076
-0.037809692
-0.037814827
-0.037817743
-0.037819201
-0.037820374
-0.037820106
-0.037819151
-0.037816786
-0.037813354
-0.0378088
-0.037803046
-0.03779598
-0.03778774
-0.037778168
-0.037767083
-0.037754515
-0.037740284
-0.037724215
-0.037706294
-0.037686295
-0.037663963
-0.037639181
-0.037611732
-0.037581302
-0.037547624
-0.037510375
-0.037469188
-0.037423678
-0.037373385
-0.037317801
-0.037256369
-0.037188479
-0.037113441
-0.037030527
-0.03693895
-0.036837924
-0.036726684
-0.036604623
-0.036471353
-0.036326878
-0.036171517
-0.036005694
-0.035829301
-0.035641241
-0.035439218
-0.035220124
-0.034980437
-0.034716564
-0.034424813
-0.034101328
-0.03374191
-0.033341961
-0.032896384
-0.032399598
-0.031845506
-0.031227527
-0.030538617
-0.029771326
-0.028917892
-0.027970366
-0.026920832
-0.025761688
-0.024486074
-0.023088392
-0.021565004
-0.019914878
-0.018140925
-0.016248716
-0.014254349
-0.012162387
-0.010028431
-0.007799346
-0.0056911249
-0.0033563721
-0.0015998045
0.00089867698
0.0017260923
0.0042293584
0.0039914646
0.0027524717
0.0027098262
-0.060443609
-0.062719157
-0.045299385
-0.038194828
-0.038392531
-0.039172742
-0.03934931
-0.03932373
-0.039307737
-0.039312875
-0.039320302
-0.039326308
-0.039331077
-0.039334361
-0.039336903
-0.039337202
-0.039336871
-0.039336421
-0.039333711
-0.039330473
-0.039326365
-0.039320625
-0.039313859
-0.039306032
-0.039296849
-0.039286235
-0.039274086
-0.039260224
-0.039244791
-0.039227541
-0.039208121
-0.039186564
-0.03916264
-0.039136029
-0.039106551
-0.039073945
-0.039037834
-0.038997894
-0.038953748
-0.038904939
-0.038850976
-0.03879131
-0.038725337
-0.038652372
-0.038571662
-0.038482376
-0.038383611
-0.038274414
-0.038153772
-0.038020708
-0.037874306
-0.037713849
-0.037538849
-0.037349056
-0.037144149
-0.0369233
-0.036684677
-0.036425372
-0.036141633
-0.035829301
-0.035484013
-0.035101251
-0.034676231
-0.034203813
-0.033678426
-0.03309407
-0.032444334
-0.031722468
-0.030921481
-0.03003428
-0.029053851
-0.027973486
-0.026787087
-0.02548951
-0.024077024
-0.022547797
-0.02090249
-0.019144773
-0.017282275
-0.015325742
-0.013294828
-0.011201157
-0.0090986109
-0.0069527971
-0.0049562772
-0.002823262
-0.0012622289
0.00085185758
0.0013664801
0.0031320986
0.0022971942
0.0021101337
-0.066557975
-0.066604071
-0.046995074
-0.039675894
-0.04009913
-0.040961937
-0.041126451
-0.041081917
-0.041058965
-0.041060655
-0.041067173
-0.041068727
-0.041068593
-0.041067839
-0.041065695
-0.041064593
-0.041062266
-0.041057437
-0.041052691
-0.041047073
-0.041039788
-0.041031643
-0.041022078
-0.041011605
-0.040999745
-0.040986081
-0.040970767
-0.040954121
-0.040935371
-0.040914386
-0.040891405
-0.04086578
-0.040837442
-0.040806198
-0.040771654
-0.040733438
-0.040691271
-0.040644718
-0.040593308
-0.040536512
-0.04047377
-0.040404454
-0.040327839
-0.040243138
-0.040149454
-0.040045812
-0.039931134
-0.039804232
-0.039663831
-0.039508577
-0.039337078
-0.039147961
-0.038939931
-0.038711824
-0.038462527
-0.038190749
-0.037894594
-0.037571211
-0.037216727
-0.036826508
-0.036395516
-0.035918512
-0.035390109
-0.034804714
-0.034156513
-0.033439478
-0.032647463
-0.031774335
-0.030814164
-0.029761445
-0.028611352
-0.02736003
-0.026004899
-0.024544982
-0.022981254
-0.02131699
-0.019558144
-0.017713696
-0.015796208
-0.013821044
-0.011810719
-0.0097816498
-0.0077826628
-0.0057896905
-0.0039692616
-0.0020856707
-0.00076834568
0.00089263606
0.00073543689
0.0023084325
0.003802466
-0.073567743
-0.07061781
-0.048569537
-0.04116116
-0.041896102
-0.042811435
-0.042952052
-0.042899362
-0.042866567
-0.042862453
-0.042860581
-0.042858404
-0.042852344
-0.04284731
-0.042841118
-0.04283404
-0.042825152
-0.042816446
-0.04280679
-0.042795888
-0.042783579
-0.042770062
-0.042755814
-0.042738963
-0.042720963
-0.042701022
-0.0426791
-0.042655133
-0.042628514
-0.042599359
-0.042567101
-0.042531812
-0.042492926
-0.042450074
-0.042402937
-0.042351053
-0.042293986
-0.04223107
-0.042161827
-0.04208554
-0.042001482
-0.041908833
-0.041806675
-0.04169399
-0.041569669
-0.041432466
-0.041281003
-0.041113756
-0.040929071
-0.04072514
-0.040500037
-0.040251718
-0.039978089
-0.039677029
-0.039346427
-0.038984097
-0.038587578
-0.038153808
-0.037678906
-0.037158187
-0.03658648
-0.035958444
-0.035268812
-0.03451246
-0.033684469
-0.032780182
-0.031795339
-0.030726247
-0.029569976
-0.028324594
-0.026989396
-0.025565074
-0.024053883
-0.022459728
-0.020788225
-0.019046697
-0.017244086
-0.015390667
-0.013498244
-0.011581828
-0.009662496
-0.0077611554
-0.0059334658
-0.0041911254
-0.0026510867
-0.0011344806
-0.00034660574
0.0011711619
0.00097867544
0.0025414829
-0.081097275
-0.073428183
-0.049030482
-0.042036911
-0.043146751
-0.044110098
-0.044220297
-0.044136088
-0.044101491
-0.044092692
-0.044082866
-0.044068667
-0.044059411
-0.044045222
-0.044031372
-0.044015799
-0.043999871
-0.043982725
-0.043963602
-0.043943159
-0.04392082
-0.043896612
-0.043870559
-0.043842401
-0.043810699
-0.043776658
-0.043739578
-0.043698641
-0.043654117
-0.043605308
-0.043551897
-0.04349337
-0.043429171
-0.043358957
-0.043282002
-0.043197679
-0.043105187
-0.043003863
-0.042892818
-0.042771085
-0.04263766
-0.04249142
-0.042331131
-0.042155453
-0.041962901
-0.04175188
-0.041520612
-0.041267186
-0.040989532
-0.040685358
-0.040352264
-0.039987653
-0.039588828
-0.039152996
-0.038677378
-0.038159196
-0.03759574
-0.036984186
-0.036321495
-0.03560428
-0.034828968
-0.033992053
-0.033090414
-0.032121462
-0.031083237
-0.029974436
-0.02879446
-0.027543507
-0.02622279
-0.024834669
-0.023382396
-0.021870286
-0.020303441
-0.018687646
-0.017029342
-0.015335898
-0.013616696
-0.011885222
-0.010161704
-0.0084656275
-0.0068191478
-0.005269754
-0.0038931889
-0.0025754464
-0.0012998231
0.00025744355
0.00088505291
0.0028718937
-0.07396573
-0.061504525
-0.04080931
-0.035948372
-0.036945529
-0.037656767
-0.037719441
-0.037658182
-0.037629702
-0.037620394
-0.037613078
-0.037603465
-0.03759075
-0.037578103
-0.037562004
-0.037545867
-0.037528985
-0.037508876
-0.037486483
-0.037463421
-0.037436943
-0.037408238
-0.03737662
-0.037341541
-0.037303683
-0.037261966
-0.037216192
-0.037165946
-0.037110855
-0.0370507
-0.036984543
-0.03691219
-0.036833037
-0.036746339
-0.036651425
-0.036547581
-0.03643406
-0.036309943
-0.036174297
-0.036026079
-0.035864227
-0.03568756
-0.035494784
-0.035284545
-0.035055393
-0.034805732
-0.034533905
-0.034238089
-0.033916397
-0.033566787
-0.033187113
-0.032775137
-0.03232852
-0.031844913
-0.031321985
-0.030757525
-0.030149537
-0.029496299
-0.028796351
-0.02804842
-0.027251411
-0.026404491
-0.025507293
-0.02456008
-0.02356386
-0.022520468
-0.021432741
-0.020304524
-0.019139902
-0.017942146
-0.016716581
-0.015466469
-0.014194921
-0.012905177
-0.011599781
-0.010280928
-0.0089550999
-0.0076363888
-0.006303648
-0.004921977
-0.0033916773
-0.0017539451
-0.00050475227
0.00047047704
0.001367905
0.0030069541
-0.033750419
-0.027869435
-0.018549264
-0.016410719
-0.016869014
-0.017184456
-0.017213102
-0.017187497
-0.01717652
-0.01717388
-0.017172754
-0.017169536
-0.017165867
-0.017161379
-0.017157599
-0.017152455
-0.017146418
-0.017140068
-0.017133295
-0.017125533
-0.017116927
-0.017107773
-0.017097218
-0.017085938
-0.017073481
-0.017059656
-0.017044606
-0.017028119
-0.017009975
-0.016990051
-0.016968306
-0.016944453
-0.016918365
-0.016889812
-0.016858556
-0.016824433
-0.016787132
-0.016746364
-0.01670189
-0.016653344
-0.016600398
-0.016542667
-0.016479782
-0.016411269
-0.016336691
-0.01625553
-0.016167244
-0.016071221
-0.015966805
-0.015853289
-0.015729857
-0.015595605
-0.015449566
-0.015290644
-0.015117651
-0.014929343
-0.014724417
-0.014501599
-0.014259566
-0.01399691
-0.01371197
-0.013402741
-0.01306684
-0.012701487
-0.01230361
-0.011870289
-0.011398822
-0.010883381
-0.010314721
-0.0097115995
-0.0090464827
-0.0083080782
-0.0074916298
-0.0065865764
-0.0055713257
-0.0044029151
-0.003025366
-0.0015477707
-0.0004487586
0.00058583938
0.0016782519
0.0027355775
-0.017621452
-0.014428925
-0.009737207
-0.0086888854
-0.0089229883
-0.0090812645
-0.0090948552
-0.0090808588
-0.0090748997
-0.0090739902
-0.0090721006
-0.0090699964
-0.0090670198
-0.0090642906
-0.009060464
-0.0090568698
-0.0090525926
-0.0090478876
-0.009042749
-0.0090368061
-0.0090304631
-0.0090233041
-0.0090155577
-0.0090069271
-0.0089974136
-0.0089869935
-0.0089754803
-0.0089627688
-0.0089488109
-0.0089334717
-0.0089165562
-0.0088979392
-0.0088774332
-0.008854866
-0.0088300292
-0.0088026386
-0.008772478
-0.0087392224
-0.0087025616
-0.0086621123
-0.0086174771
-0.0085681997
-0.0085137374
-0.0084535344
-0.0083869316
-0.0083131909
-0.0082314695
-0.0081408349
-0.0080402022
-0.0079283523
-0.0078039042
-0.0076652694
-0.0075106544
-0.0073380302
-0.0071451319
-0.0069294148
-0.0066880938
-0.006418116
-0.0061161313
-0.005778365
-0.0054004112
-0.004976985
-0.0045017888
-0.0039668994
-0.0033592487
-0.002655058
-0.001849583
-0.0011376204
-0.00092812125
-0.00049644711
2.80105e-05
0.00052767408
0.00099011132
0.0014188776
0.001815861
0.0022085418
0.0026431885
0.002556885
0.0001121724
0.00017697257
0.00018071607
0.00017733356
0.00017575418
0.00017653961
0.00017762238
0.00017872596
0.00017994907
0.00018105187
0.00018257351
0.00018406643
0.0001855068
0.00018738765
0.0001893307
0.00019152827
0.00019377223
0.00019636831
0.00019925557
0.00020225352
0.00020561409
0.00020934444
0.0002133951
0.00021780593
0.00022265022
0.00022796007
0.00023378188
0.00024014043
0.00024709263
0.00025471907
0.00026304775
0.00027215003
0.00028212066
0.0002930051
0.00030491128
0.00031789851
0.00033209302
0.00034757895
0.00036446831
0.00038287808
0.00040293888
0.00042477436
0.0004485203
0.00047432444
0.00050234125
0.00053271486
0.00056560473
0.00060116893
0.00063955938
0.00068091766
0.00072538208
0.00077306616
0.0008240594
0.00087841159
0.00093613337
0.00099716037
0.0010613614
0.0011285
0.0011982326
0.0012701043
0.0013435088
0.0014173704
0.0014894321
0.0015575865
0.0016310134
0.001743597
0.0018507079
0.0014107604
)
;

boundaryField
{
    airfoil
    {
        type            zeroGradient;
    }
    farfield
    {
        type            freestreamPressure;
        freestreamValue uniform 0;
        supersonic      0;
        value           nonuniform List<scalar> 
748
(
0.00083988283
0.0030962789
0.0012872342
0.0013036063
0.0012747846
0.0012578434
0.001256793
0.0012604433
0.001260953
0.0012592067
0.0012581435
0.0012590853
0.0012574558
0.0012582833
0.0012571962
0.0012555695
0.0012560926
0.001253949
0.0012542932
0.0012530168
0.0012517398
0.0012504612
0.0012490304
0.0012473942
0.0012470208
0.0012440024
0.0012429394
0.0012407953
0.0012385754
0.0012360165
0.0012332413
0.0012302968
0.0012272853
0.0012234501
0.0012198227
0.0012156801
0.0012108188
0.001205974
0.0012001312
0.0011943458
0.0011875845
0.0011801674
0.00117241
0.0011636436
0.0011542239
0.0011437029
0.0011324521
0.0011200718
0.0011064697
0.0010916167
0.0010753741
0.0010577266
0.0010382025
0.0010170102
0.0009936055
0.00096803522
0.0009398199
0.00090881305
0.00087453624
0.00083663581
0.0007945418
0.00074769643
0.00069532694
0.0006365794
0.0005706966
0.0004980092
0.00041919143
0.00032203653
0.00015976626
0.0005890241
0.004902677
0.0013362534
0.0012224705
0.0011114594
0.00099531655
0.00087127371
0.00073791601
0.00059246193
0.00042757878
0.00022674226
-4.0781789e-06
-1.5106445e-05
0.0076612335
0.0005714042
0.00037604483
0.00014820153
-0.00013867507
-0.00051618031
0.011913127
0.00033316822
9.3750635e-05
-0.00026167551
-0.00097862492
0.015420602
0.0001432079
-2.3325831e-05
-0.0003452612
-0.0012958141
0.019776122
-0.00038094685
-0.0014367447
0.024431615
-4.9394327e-05
-0.00025031158
-0.00094741439
0.031195921
-0.0028725068
0.042671042
-0.0043416633
0.050352501
-0.0061784734
0.055120326
-0.0086670428
0.059308253
-0.0096059725
0.064352869
-0.00063172692
-0.0025415695
0.069919938
-0.0041898295
0.07651836
-0.0065985565
0.084949823
-0.0079921908
0.09449461
-0.0091477005
0.1045316
-0.010149318
0.11508497
-0.011123088
0.12616907
-0.012111423
0.13778392
-0.013138866
0.14992322
-0.014214963
0.1625778
-0.015342606
0.17573574
-0.016521278
0.1893767
-0.017748263
0.20348989
-0.019020281
0.21806739
-0.020333518
0.2330648
-0.021684375
0.24840628
-0.023069221
0.26400998
-0.024485154
0.2798878
-0.025929339
0.29602622
-0.027399588
0.3122074
-0.028894107
0.32826337
-0.030411773
0.3440175
-0.031951774
0.35931655
-0.033513785
0.37401661
-0.035098014
0.38798771
-0.03670512
0.40111335
-0.038336241
0.41327703
-0.039992268
0.42432741
-0.041675675
0.43421131
-0.043387919
0.44278199
-0.045131912
0.44995611
-0.046910212
0.4556508
-0.048725378
0.45982817
-0.050581187
0.46250974
-0.052480929
0.46375364
-0.054428166
0.46364949
-0.056427139
0.46216737
-0.058481783
0.45925527
-0.06059685
0.45484374
-0.062777006
0.44882852
-0.065026553
0.44103156
-0.067351784
0.43100737
-0.069757714
0.41800768
-0.072250762
0.40021572
-0.074836369
0.38783342
-0.077521084
0.32410695
-0.080313605
0.041480138
-0.08321929
-0.086246985
-0.089405165
-0.092703249
-0.096149444
-0.099755471
-0.10353015
-0.10748777
-0.11164088
-0.11599808
-0.12056916
-0.12537666
-0.13047005
-0.13586766
-0.14145394
-0.14708216
-0.1531579
-0.16082955
-0.16978764
-0.38908523
-0.17493865
-0.081799319
-0.086009659
-0.090157539
-0.094315852
-0.098471178
-0.10263895
-0.10687157
-0.11123618
-0.11564406
-0.11975472
-0.12359946
-0.12966377
-0.14038806
-0.14644769
-2.4528576e-06
-0.0036329852
-0.013326956
-0.023959775
-0.034163485
-0.044053767
-0.053568989
-0.06271946
-0.071506018
-0.079932645
-0.088006203
-0.095731305
-0.10311573
-0.11016759
-0.11689381
-0.12330164
-0.12939872
-0.13519264
-0.14068984
-0.14589602
-0.15081717
-0.15546131
-0.15983544
-0.16393534
-0.16775136
-0.1712987
-0.17465337
-0.17786292
-0.18066901
-0.18258836
-0.18412859
-0.18793589
-0.19502188
-0.19554795
-0.0005329
-0.0070731357
-0.019283741
-0.034072395
-0.046459913
-0.05739115
-0.066821815
-0.074976183
-0.081844253
-0.087290568
-0.091661426
-0.096413034
-0.10218006
-0.10390877
-0.00052566082
-0.0043141587
-0.010397359
-0.018155127
-0.024292946
-0.029364402
-0.033417828
-0.03714119
-0.040858473
-0.042584147
-0.00030687416
-0.0019505917
-0.0043709703
-0.0074122473
-0.0096743417
-0.01163078
-0.013354625
-0.014278385
-0.00012048286
-0.00064697066
-0.0013643581
-0.0022358904
-0.0028278425
-0.0032453563
-0.0034799118
-0.0035561248
-0.0035575496
-0.0035956918
-0.0035173368
-0.0028013169
-0.0027802553
-0.0056403465
-0.0048635821
-0.0041018762
-0.0034050209
-0.00283513
-0.0023011298
-0.0014064932
-0.0015219889
0.0011340476
0.0024781608
0.003542416
0.0044087404
0.0053108659
0.0060109505
0.0042537171
0.0050508918
0.019746245
0.021724762
0.023361669
0.024624704
0.025379555
0.02544076
0.025020238
0.024937938
0.024456755
0.013243252
0.01817848
0.067723716
0.071142778
0.074525698
0.077880191
0.081204586
0.084496368
0.087756021
0.09098362
0.094179382
0.097343303
0.10047562
0.10357612
0.10664487
0.10968204
0.11268764
0.11566216
0.11860628
0.1215211
0.12440835
0.12727038
0.13010887
0.13292602
0.13572636
0.1385171
0.14130769
0.14411057
0.14694137
0.14981966
0.15276979
0.15582191
0.15901069
0.16237795
0.16597352
0.16985641
0.17409553
0.17877397
0.18404108
0.19019428
0.19688151
0.023491217
0.038954213
0.065739607
0.080275927
0.092480194
0.10426906
0.11485397
0.12418897
0.13271303
0.14080652
0.14871063
0.032301064
0.046156264
0.068868452
0.077205884
0.08442295
0.092818596
0.10056129
0.10709358
0.11291849
0.033952868
0.043511047
0.060445502
0.064319141
0.067344459
0.071892888
0.075977426
0.078843554
0.025416614
0.029880014
0.039151964
0.039601977
0.039088189
0.039334827
0.038904192
0.00053973577
0.00015759289
0.00059338413
0.03674789
0.033085322
0.027470211
0.020827026
0.012484377
0.0013660732
0.0058068344
0.089564816
0.080356694
0.066634646
0.053304984
0.039639196
0.022963565
0.0020288858
0.010194691
0.15490964
0.14510728
0.12846461
0.11439093
0.10128736
0.086471349
0.069335642
0.050477596
0.02843311
0.001742525
0.011646244
0.19282726
0.18381224
0.16687646
0.15388103
0.14304745
0.13107763
0.1174155
0.10252837
0.086502562
0.068959409
0.049870349
0.027895659
0.00092190355
0.010025929
0.19608577
0.19039771
0.17771355
0.16951516
0.16424597
0.15879765
0.15270331
0.14656647
0.14065109
0.1348763
0.12914817
0.12344595
0.11777361
0.11212115
0.10646948
0.10079844
0.095090724
0.089327411
0.083489631
0.077558526
0.071515068
0.065340849
0.059017349
0.052528579
0.045858608
0.038993633
0.031924531
0.024633006
0.017157265
0.0093667764
1.4971922e-05
0.0024923043
0.081525841
0.077823527
0.072515526
0.069183305
0.066751161
0.064347669
0.061760465
0.059131008
0.056540553
0.053974705
0.051384822
0.17293479
0.092274044
0.088996213
0.084870848
0.081400591
0.078452277
0.075632018
0.07285501
0.070185261
0.067652297
0.065242849
0.062939109
0.060732654
0.05862031
0.056598359
0.054660169
0.052801815
0.051018681
0.049306253
0.04766158
0.046080954
0.044560774
-0.018559014
0.043098713
-0.013587147
0.041691715
-0.014175367
0.040337092
-0.014372642
0.039033196
-0.014592625
0.037777432
-0.015010721
0.036567058
-0.015601575
0.035402177
-0.016347934
0.034253286
-0.017237858
0.03310072
-0.018262076
0.031973128
-0.01942316
0.030884882
-0.020724989
0.029833189
-0.022174824
0.02881102
-0.023785079
0.027816384
-0.025569684
0.026848501
-0.027545623
0.025906623
-0.029727324
0.02498902
-0.032130196
0.024094482
-0.034761327
0.023221752
-0.037635633
0.022369815
-0.040759496
0.021537609
-0.044129049
0.020724118
-0.047735671
0.019928618
-0.051572364
0.019150255
-0.055613118
0.018388623
-0.059852436
0.017642985
-0.064279708
0.016913237
-0.069215312
0.016199059
-0.074371914
0.015500558
-0.079325409
0.014817775
-0.083767418
0.014151348
-0.087174422
0.01350191
-0.088343375
0.012870501
-0.084976663
0.012258585
-0.082880872
0.011668021
-0.081497593
0.011101231
-0.080344828
0.010561417
-0.078345903
0.010052669
-0.07291777
0.0095803284
-0.055179739
0.0091514068
-0.028713707
0.0087746227
-0.014336991
0.008464054
-0.011627162
0.0082280358
-0.012351414
0.0081196902
-0.014560323
0.0080440361
-0.017033245
0.032272834
0.017296786
-0.018932568
0.015568879
-0.020499995
0.011918925
-0.021994599
0.008769178
-0.023635056
0.0062893646
-0.02551383
0.0036413917
-0.027716776
0.00020399128
0.0013578004
-0.030316372
0.00016218726
0.0010554449
-0.033368879
0.00029288806
0.0019038944
-0.036862634
7.6164304e-05
0.00019828411
0.0012715132
-0.040601417
6.9382125e-05
0.00022543119
0.0014364711
-0.036992904
-3.9763757e-05
3.7071793e-05
0.00010774541
0.00023706036
0.0015039287
-0.016877262
-3.5412348e-05
4.6238841e-05
0.00013247296
0.00021610414
0.0013679013
-0.0088112648
-7.3181078e-05
-3.9158723e-05
2.2100021e-06
4.1645251e-05
7.8163643e-05
0.00011203637
0.00014340245
0.00017442705
0.00020881191
0.00020208771
0.0012785556
8.8407903e-06
5.608619e-05
1.3960158e-05
1.4187826e-05
1.391781e-05
1.3835941e-05
1.3958801e-05
1.3965732e-05
1.4039354e-05
1.4192851e-05
1.4242724e-05
1.4361757e-05
1.4491011e-05
1.4608432e-05
1.4738725e-05
1.4900739e-05
1.5087972e-05
1.5264176e-05
1.5437623e-05
1.5706832e-05
1.5918415e-05
1.6166403e-05
1.6483354e-05
1.6802702e-05
1.7146542e-05
1.7529257e-05
1.794407e-05
1.8400381e-05
1.8900833e-05
1.9450402e-05
2.0051757e-05
2.070351e-05
2.1424224e-05
2.2201806e-05
2.3067157e-05
2.4003321e-05
2.5018661e-05
2.6136513e-05
2.7363474e-05
2.8687904e-05
3.0134938e-05
3.1712624e-05
3.343232e-05
3.5301439e-05
3.7330844e-05
3.9537909e-05
4.1929002e-05
4.4512707e-05
4.7311483e-05
5.0331955e-05
5.3584568e-05
5.7084447e-05
6.0831058e-05
6.4844463e-05
6.9120855e-05
7.3661169e-05
7.8457433e-05
8.3511269e-05
8.8790044e-05
9.4279785e-05
9.9934713e-05
0.0001057138
0.00011153737
0.00011721805
0.00012259804
0.00012840099
0.00013730716
0.00014583086
0.00011121799
0.00070544774
)
;
    }
    frontAndBack
    {
        type            empty;
    }
}


// ************************************************************************* //
