/*--------------------------------*- C++ -*----------------------------------*\
  =========                 |
  \\      /  F ield         | OpenFOAM: The Open Source CFD Toolbox
   \\    /   O peration     | Website:  https://openfoam.org
    \\  /    A nd           | Version:  8
     \\/     M anipulation  |
\*---------------------------------------------------------------------------*/
/*   Windows 32 and 64 bit porting by blueCAPE: http://www.bluecape.com.pt   *\
|  Based on Windows porting (2.0.x v4) by Symscape: http://www.symscape.com   |
\*---------------------------------------------------------------------------*/
FoamFile
{
    version     2.0;
    format      ascii;
    class       volScalarField;
    location    "3000";
    object      omega;
}
// * * * * * * * * * * * * * * * * * * * * * * * * * * * * * * * * * * * * * //

dimensions      [0 0 -1 0 0 0 0];

internalField   nonuniform List<scalar> 
57360
(
4.7688659
4.7688259
4.768729
4.7685699
4.7683428
4.7680414
4.7676588
4.7671871
4.7666183
4.7659433
4.7651514
4.7642328
4.7631755
4.7619655
4.7605891
4.7590308
4.7572733
4.7552988
4.7530866
4.7506143
4.7478581
4.744792
4.7413865
4.7376098
4.7334284
4.7288054
4.7236997
4.7180679
4.7118617
4.7050272
4.6975086
4.6892448
4.6801686
4.6702067
4.6592804
4.6473049
4.6341878
4.6198292
4.6041208
4.5869473
4.5681838
4.5476955
4.5253384
4.5009583
4.4743912
4.4454607
4.4139796
4.3797511
4.3425659
4.3022039
4.2584348
4.2110178
4.1597042
4.1042373
4.0443541
3.979787
3.9102671
3.8355274
3.7553045
3.6693425
3.5773984
3.4792462
3.3746804
3.2635206
3.1456186
3.0208644
2.8891951
2.7506139
2.6052202
2.4532686
2.2952755
2.1321931
1.9656574
1.7982661
1.6337468
1.47678
1.3323217
1.2045627
1.0960055
1.0071158
0.93661843
0.88214048
0.84086427
0.81000747
0.78710734
0.7701482
0.75758127
0.7482719
0.7414081
0.73639905
0.73279289
0.73022547
0.7284012
0.7270886
0.72611907
0.72537802
0.72479348
0.72432243
0.72394199
0.72364199
0.72342214
0.72328973
0.72325847
0.72334993
0.72359128
0.72402083
0.72468362
0.7256411
0.72696727
0.72876013
0.73114036
0.73427688
0.73838086
0.74375268
0.75080497
0.76022789
0.77289103
0.79042959
0.81579325
0.85531827
4.7692039
4.7691646
4.7690689
4.7689121
4.7686881
4.7683908
4.7680132
4.7675477
4.7669863
4.7663196
4.7655381
4.7646314
4.763587
4.7623923
4.7610332
4.759494
4.757758
4.7558074
4.7536214
4.7511786
4.7484549
4.7454241
4.7420574
4.7383235
4.7341894
4.7296179
4.724568
4.718997
4.7128563
4.7060941
4.6986545
4.6904752
4.6814898
4.6716267
4.6608072
4.6489468
4.6359534
4.6217277
4.6061623
4.5891416
4.5705418
4.5502285
4.528058
4.5038764
4.47752
4.4488127
4.4175675
4.3835875
4.3466635
4.3065745
4.26309
4.2159685
4.1649596
4.109805
4.0502396
3.9859926
3.9167917
3.8423652
3.7624435
3.6767644
3.5850764
3.487143
3.3827462
3.2716911
3.1538117
3.0289786
2.8971082
2.7581837
2.6122913
2.459689
2.3009295
2.1370559
1.969872
1.8022216
1.6381114
1.4824338
1.3401715
1.2153134
1.1099985
1.0243025
0.95664054
0.90445473
0.86485969
0.83509753
0.8127929
0.79605226
0.78345529
0.7739786
0.76688906
0.76164008
0.75779639
0.75499499
0.75293559
0.75138198
0.75016179
0.74915779
0.74829544
0.74752922
0.7468337
0.7461963
0.74561424
0.74509256
0.74464242
0.74428322
0.7440394
0.74394696
0.74404788
0.74440087
0.74507647
0.74616922
0.74779524
0.75011785
0.75333789
0.75775615
0.76377147
0.77206618
0.78348669
0.79964981
0.82346699
0.86124101
4.7693898
4.7693506
4.7692599
4.76911
4.7688943
4.7686063
4.7682393
4.7677857
4.7672374
4.7665857
4.7658212
4.7649326
4.7639085
4.7627364
4.7614019
4.7598906
4.7581853
4.756267
4.7541171
4.751714
4.7490332
4.7460486
4.7427329
4.7390551
4.7349815
4.7304756
4.7254972
4.7200031
4.7139454
4.7072737
4.6999319
4.6918584
4.6829869
4.6732464
4.6625597
4.6508421
4.6380014
4.6239395
4.6085504
4.5917184
4.5733197
4.5532224
4.5312823
4.5073451
4.4812483
4.452817
4.4218636
4.3881915
4.3515925
4.3118447
4.2687165
4.2219673
4.1713448
4.1165885
4.0574323
3.9936033
3.9248251
3.8508213
3.7713171
3.6860437
3.5947413
3.4971631
3.3930777
3.282275
3.1645713
3.0398145
2.9078966
2.7687768
2.6225217
2.4693855
2.3099493
2.1453418
1.9775314
1.8096067
1.6458494
1.4913528
1.3511143
1.2289139
1.1265356
1.0436821
0.97848032
0.92820746
0.88993063
0.86093544
0.83895011
0.82221179
0.809428
0.79967735
0.79229235
0.78675746
0.78264434
0.77958519
0.77727195
0.77546178
0.7739775
0.77269822
0.77154627
0.77047324
0.76945094
0.76846423
0.76750776
0.76658437
0.76570269
0.76488009
0.76413837
0.76351146
0.76303854
0.76277592
0.7627911
0.76317572
0.76404201
0.76554991
0.7678948
0.77137321
0.77636268
0.78355438
0.79377395
0.80862331
0.83098629
0.86715047
4.7700864
4.7700484
4.7699562
4.7698047
4.7695885
4.7693017
4.7689372
4.7684878
4.7679458
4.7673021
4.7665474
4.7656711
4.7646617
4.7635063
4.7621916
4.760703
4.7590235
4.7571351
4.7550188
4.7526528
4.7500136
4.7470751
4.7438104
4.7401892
4.7361777
4.7317401
4.7268373
4.721425
4.7154572
4.7088833
4.7016475
4.6936903
4.6849453
4.6753409
4.6648015
4.6532429
4.640574
4.6266975
4.6115074
4.594889
4.5767201
4.5568683
4.5351906
4.5115338
4.485735
4.4576208
4.4270043
4.393688
4.3574639
4.3181108
4.2753975
4.2290817
4.1789103
4.1246219
4.0659482
4.0026142
3.9343405
3.8608465
3.7818523
3.6970824
3.6062685
3.5091528
3.4054911
3.2950559
3.1776422
3.0530727
2.9212096
2.7819813
2.6354276
2.4817903
2.3216753
2.1562971
1.9877971
1.8195226
1.6560415
1.5026458
1.3643305
1.2446457
1.1450064
1.0647435
1.0017084
0.95303416
0.91576496
0.88725464
0.86535347
0.84843808
0.83534157
0.82523449
0.81750151
0.81164644
0.80723993
0.80390497
0.80132342
0.79924469
0.79748584
0.79592169
0.79447098
0.79308212
0.79172402
0.79037886
0.78903875
0.78770432
0.78638176
0.7850865
0.78383785
0.78266793
0.78161329
0.78072823
0.7800776
0.77975065
0.77985636
0.7805521
0.7820288
0.78458006
0.78857699
0.79468765
0.80374877
0.81734514
0.83834122
0.87302562
4.7695522
4.7695322
4.7694615
4.7693326
4.7691401
4.7688782
4.7685398
4.7681183
4.7676055
4.7669926
4.7662704
4.7654289
4.7644562
4.7633399
4.762067
4.7606225
4.7589904
4.7571533
4.7550913
4.7527828
4.7502053
4.7473335
4.7441397
4.7405948
4.7366653
4.7323154
4.7275064
4.7221952
4.7163359
4.7098785
4.7027677
4.6949446
4.6863441
4.6768945
4.6665204
4.6551391
4.642661
4.6289891
4.6140185
4.597635
4.579717
4.5601326
4.5387412
4.5153904
4.4899174
4.4621502
4.4319025
4.398978
4.3631683
4.3242535
4.2820034
4.2361747
4.1865148
4.1327621
4.0746461
4.01189
3.9442117
3.8713268
3.7929499
3.7087986
3.6185948
3.5220676
3.418957
3.3090148
3.1920091
3.0677319
2.9360087
2.7967289
2.6498985
2.4957442
2.3348979
2.1686725
1.9994059
1.8307322
1.6675249
1.515269
1.3789228
1.2617621
1.1648004
1.0869876
1.0259116
0.97858783
0.94206978
0.9138096
0.89180036
0.87456637
0.8610626
0.85054023
0.84242351
0.83622536
0.83150927
0.82788593
0.82502589
0.8226699
0.82062882
0.81877277
0.81701666
0.81530547
0.81360509
0.81189505
0.81016489
0.80841308
0.80664344
0.80486967
0.80310864
0.80139092
0.79975071
0.7982406
0.79692317
0.79588579
0.79523477
0.79512563
0.79574585
0.79738713
0.80041592
0.80548738
0.81343089
0.82583607
0.84555079
0.87887839
4.7701909
4.770168
4.7700963
4.7699677
4.7697767
4.7695174
4.7691837
4.768768
4.7682629
4.7676597
4.7669494
4.766122
4.765166
4.7640693
4.762819
4.7614001
4.7597966
4.7579919
4.7559662
4.7536984
4.751166
4.7483447
4.7452068
4.7417229
4.7378613
4.7335856
4.7288571
4.7236352
4.7178732
4.7115218
4.7045267
4.6968292
4.688365
4.679064
4.6688511
4.6576445
4.6453545
4.6318858
4.6171354
4.6009891
4.5833259
4.5640155
4.5429181
4.5198827
4.4947475
4.4673407
4.4374779
4.4049633
4.3695887
4.3311355
4.2893734
4.2440589
4.1949389
4.1417505
4.0842229
4.0220765
3.9550256
3.8827807
3.8050509
3.7215457
3.6319753
3.5360546
3.4335058
3.3240579
3.2074502
3.0834394
2.9518117
2.8124138
2.6652154
2.5104298
2.3487237
2.1815296
2.0114146
1.8423345
1.6794853
1.5285234
1.3943135
1.279793
1.1855305
1.1100847
1.0507993
1.0046075
0.96861264
0.9403979
0.9181198
0.90045534
0.88647463
0.8754971
0.86697413
0.860419
0.85538331
0.85146354
0.84831825
0.8456792
0.84335079
0.84119819
0.83913227
0.83709452
0.8350478
0.83296892
0.8308449
0.8286722
0.82645225
0.82419721
0.8219217
0.81965496
0.81742903
0.81529514
0.813314
0.81157152
0.81017195
0.80926957
0.80904928
0.80980191
0.8118907
0.81596258
0.82283613
0.83411276
0.85263003
0.88471807
4.7715016
4.7714663
4.7713798
4.7712377
4.7710348
4.7707651
4.7704223
4.7699997
4.7694895
4.7688838
4.7681727
4.7673466
4.7663948
4.7653059
4.764066
4.7626601
4.7610737
4.7592898
4.7572888
4.7550501
4.7525521
4.7497702
4.7466771
4.7432437
4.739439
4.7352268
4.7305699
4.7254275
4.7197536
4.7134991
4.706611
4.6990308
4.6906949
4.681535
4.6714759
4.6604364
4.6483285
4.6350576
4.6205203
4.6046047
4.5871916
4.5681509
4.5473436
4.5246199
4.4998187
4.4727696
4.4432889
4.4111813
4.3762401
4.3382467
4.2969706
4.2521685
4.2035872
4.150963
4.0940227
4.0324849
3.9660608
3.8944561
3.8173739
3.734515
3.645578
3.5502636
3.448275
3.3393163
3.2230958
3.0993317
2.9677653
2.828196
2.6805543
2.5250407
2.3623695
2.1941195
2.0231288
1.8537159
1.6914104
1.5420025
1.410188
1.2984864
1.2069773
1.1338269
1.0761659
1.030892
0.99520376
0.96684975
0.94416642
0.92598384
0.911477
0.90001961
0.89107828
0.88415917
0.87879867
0.87457813
0.87114376
0.86821839
0.86559975
0.86314801
0.86077
0.85840361
0.85600867
0.85355932
0.8510401
0.84844555
0.84577483
0.84303875
0.84024973
0.83743599
0.83462764
0.83187484
0.82923681
0.82679841
0.82466233
0.82298225
0.8219413
0.82183024
0.82301059
0.82612245
0.83197758
0.84218894
0.85959128
0.89055201
4.7719307
4.7718957
4.771811
4.7716718
4.7714728
4.7712085
4.7708726
4.7704583
4.7699584
4.7693645
4.7686672
4.7678573
4.766924
4.7658555
4.7646387
4.7632592
4.7617023
4.759951
4.757986
4.755788
4.7533348
4.750602
4.7475636
4.7441904
4.740451
4.7363108
4.7317329
4.7266764
4.7210966
4.7149447
4.7081683
4.7007096
4.6925058
4.6834886
4.6735842
4.662713
4.6507878
4.6377143
4.6233893
4.6077032
4.5905377
4.5717637
4.5512433
4.5288275
4.5043567
4.4776616
4.4485595
4.4168564
4.3823458
4.3448105
4.3040202
4.2597323
4.2116945
4.1596417
4.1032992
4.0423838
3.976604
3.9056617
3.8292533
3.7470705
3.6588003
3.5641282
3.4627349
3.3542968
3.2384862
3.114977
2.9834591
2.8436775
2.6955186
2.5391746
2.3754262
2.206038
2.0341723
1.8645563
1.7030569
1.5555393
1.4264299
1.3177432
1.2290305
1.1580796
1.1018544
1.0572737
1.0216798
0.99301783
0.96981445
0.95104755
0.93598289
0.92403331
0.91466958
0.9073849
0.90169829
0.89717555
0.89345079
0.89023794
0.88732823
0.88457673
0.88188625
0.8791911
0.87644811
0.87362885
0.87071538
0.86770046
0.86458108
0.86136685
0.85806821
0.85471251
0.85132822
0.84796468
0.84467998
0.84155829
0.8387013
0.83626252
0.83442412
0.83347755
0.83378382
0.83597641
0.8408667
0.85007641
0.86644487
0.89638626
4.7723294
4.7722952
4.7722122
4.7720756
4.7718805
4.7716214
4.7712919
4.7708854
4.7703951
4.7698121
4.7691282
4.7683335
4.7674173
4.7663684
4.7651738
4.7638195
4.7622906
4.7605701
4.7586401
4.7564811
4.7540704
4.7513847
4.7483984
4.7450824
4.7414054
4.7373346
4.7328325
4.7278583
4.7223688
4.7163158
4.7096462
4.7023044
4.6942278
4.6853484
4.6755944
4.6648861
4.6531374
4.6402549
4.6261369
4.6106746
4.5937504
4.5752365
4.5549962
4.532882
4.5087359
4.4823885
4.4536593
4.4223555
4.3882714
4.3511907
4.3108843
4.2671106
4.219616
4.1681362
4.1123958
4.0521086
3.9869814
3.9167112
3.840988
3.7594939
3.6719032
3.5778834
3.4770915
3.3691717
3.253755
3.1304644
2.998931
2.8588394
2.7100295
2.5526954
2.387713
2.217085
2.0443635
1.8747305
1.7143726
1.5691377
1.443061
1.3375631
1.2516443
1.1827474
1.1277325
1.0836036
1.047895
1.0187723
0.9949553
0.97555753
0.95991815
0.94747403
0.93769024
0.9300425
0.92403151
0.91920765
0.91519329
0.91169376
0.9084939
0.9054438
0.90244228
0.89942008
0.89633115
0.89314449
0.88983985
0.88640833
0.8828448
0.87915789
0.87535613
0.8714663
0.86751542
0.86355231
0.85963423
0.85584502
0.85228579
0.84911043
0.84650076
0.84474955
0.84421851
0.84553438
0.84951404
0.85778575
0.87319979
0.90222573
4.7726997
4.7726661
4.7725846
4.7724506
4.7722593
4.7720049
4.7716815
4.7712826
4.7708011
4.7702289
4.769557
4.7687764
4.7678768
4.7668465
4.7656728
4.7643423
4.7628401
4.7611494
4.7592526
4.75713
4.75476
4.7521194
4.7491823
4.7459208
4.7423038
4.7382989
4.7338689
4.7289741
4.7235709
4.7176121
4.7110456
4.7038161
4.695862
4.6871165
4.6775076
4.6669568
4.6553789
4.6426815
4.6287644
4.6135199
4.596831
4.5785715
4.5586052
4.5367867
4.5129599
4.4869553
4.4585937
4.4276846
4.3940242
4.3573963
4.3175727
4.2743129
4.2273631
4.1764599
4.1213268
4.061676
3.9972112
3.927625
3.8525998
3.7718078
3.6849095
3.5915518
3.491364
3.3839536
3.2689055
3.1457827
3.0141487
2.873621
2.7239952
2.5654822
2.3990937
2.2271372
2.0536306
1.8842459
1.7254409
1.5829202
1.4601902
1.3579985
1.2747976
1.2077445
1.1536731
1.1097409
1.0737156
1.0439984
1.0194956
0.99943852
0.98322039
0.97028736
0.9600906
0.95208556
0.94575423
0.9406324
0.9363311
0.93254738
0.92905994
0.925714
0.92240453
0.91905873
0.91562776
0.91207815
0.90838742
0.90454512
0.90054413
0.8963923
0.89209639
0.88768283
0.88317736
0.87862851
0.87409308
0.86965488
0.86541486
0.86152763
0.85817539
0.8556527
0.85432215
0.85480745
0.85792969
0.86532676
0.87986419
0.9080748
4.7730421
4.7730091
4.7729292
4.7727977
4.7726097
4.7723599
4.7720422
4.7716504
4.7711774
4.7706152
4.7699552
4.7691883
4.7683041
4.7672911
4.7661373
4.7648294
4.7633523
4.7616899
4.7598245
4.7577366
4.7554053
4.7528072
4.7499175
4.7467085
4.7431496
4.7392076
4.7348467
4.7300279
4.7247076
4.7188397
4.712373
4.7052521
4.6974165
4.6888001
4.6793317
4.6689338
4.6575222
4.6450053
4.6312842
4.6162521
4.5997937
4.5817839
4.5620877
4.5405607
4.5170481
4.4913832
4.4633877
4.432872
4.3996343
4.3634596
4.3241207
4.2813779
4.2349793
4.1846605
4.1301447
4.071143
4.0073555
3.9384702
3.8641613
3.7840899
3.6979008
3.6052178
3.5056374
3.3987258
3.2840125
3.1609928
3.0291525
2.8880355
2.7373968
2.5774892
2.4095147
2.2361705
2.0620187
1.8932362
1.7364625
1.5970972
1.4779749
1.3791177
1.2984663
1.2329769
1.179546
1.1355485
1.0990184
1.0685955
1.0433567
1.0226285
1.0058382
0.9924279
0.98182883
0.97347455
0.96682903
0.96141406
0.95683007
0.95276622
0.94899528
0.94535777
0.94174493
0.93808051
0.93431305
0.93040668
0.92633674
0.92209144
0.91766175
0.91305489
0.90827599
0.90335133
0.89830565
0.89318732
0.88805301
0.88298673
0.87808972
0.87351764
0.86945361
0.86619446
0.8641047
0.86380536
0.86612362
0.8727088
0.88644559
0.91393736
4.7733588
4.7733265
4.7732478
4.7731186
4.7729338
4.7726882
4.7723763
4.7719912
4.771526
4.7709735
4.7703247
4.7695705
4.7687008
4.7677049
4.7665705
4.765284
4.7638307
4.7621952
4.76036
4.7583058
4.7560114
4.7534546
4.7506104
4.7474514
4.7439479
4.740067
4.7357731
4.7310274
4.725788
4.7200084
4.7136381
4.706623
4.6989026
4.6904119
4.681081
4.6708329
4.6595841
4.6472445
4.6337164
4.6188938
4.6026627
4.5848997
4.5654716
4.5442349
4.5210359
4.4957108
4.4680823
4.4379622
4.4051508
4.3694348
4.3305879
4.2883719
4.2425361
4.1928165
4.1389354
4.0806027
4.0175153
3.9493554
3.8757894
3.7964657
3.7110099
3.6190188
3.5200532
3.4136293
3.2992113
3.1762162
3.0440411
2.9021514
2.7502699
2.5887277
2.4189916
2.2442472
2.0696775
1.9019447
1.7477279
1.61193
1.4965849
1.4009744
1.3226026
1.2583316
1.2052125
1.1608931
1.1236921
1.0924778
1.0664742
1.0450778
1.0277302
1.0138588
1.0028706
0.99417697
0.98722487
0.98152312
0.97666209
0.97232351
0.96827448
0.96435101
0.96044082
0.95646428
0.95236735
0.94811195
0.94367139
0.93903261
0.93418477
0.92913467
0.92388595
0.91846488
0.91289544
0.90722602
0.90151339
0.89584205
0.89031386
0.88508579
0.88034244
0.87638413
0.87357611
0.87253806
0.87410568
0.87994095
0.89295112
0.91981703
4.7736533
4.7736214
4.7735442
4.773417
4.7732354
4.7729942
4.7726875
4.7723088
4.7718513
4.7713078
4.7706697
4.7699279
4.7690726
4.7680929
4.7669767
4.7657108
4.7642807
4.7626713
4.7608653
4.7588434
4.7565853
4.7540685
4.7512685
4.7481582
4.7447084
4.7408867
4.7366579
4.7319841
4.7268235
4.7211303
4.7148546
4.7079431
4.700336
4.6919694
4.6827741
4.6726741
4.6615866
4.6494231
4.6360872
4.6214737
4.60547
4.5879543
4.5687951
4.5478506
4.524969
4.4999877
4.4727316
4.4430147
4.4106389
4.3753928
4.3370522
4.2953802
4.250127
4.2010296
4.1478101
4.0901767
4.0278229
3.960425
3.88764
3.8091016
3.7244135
3.6331416
3.5348034
3.4288563
3.3146888
3.1916244
3.0589609
2.9160808
2.762691
2.5992539
2.4275984
2.251512
2.0768567
1.910707
1.7595857
1.6276936
1.5161662
1.423582
1.3471212
1.2836726
1.2305277
1.1856479
1.1476383
1.1155744
1.0887975
1.0667477
1.0488642
1.0345509
1.0231884
1.0141668
1.0069171
1.0009361
0.99580495
0.99119821
0.98687773
0.98267516
0.97847486
0.97419396
0.969776
0.96518077
0.96037966
0.95535847
0.95010472
0.94462486
0.93892126
0.93302027
0.92694534
0.92074497
0.91447641
0.90822476
0.90209283
0.89623919
0.89085029
0.88623322
0.8827458
0.88101581
0.88188579
0.88703204
0.89938754
0.92571715
4.7739312
4.7738999
4.7738239
4.7736989
4.7735204
4.773283
4.7729812
4.7726088
4.772159
4.7716243
4.7709965
4.7702668
4.7694252
4.7684611
4.7673627
4.766117
4.7647099
4.7631259
4.7613482
4.7593581
4.7571353
4.7546577
4.751901
4.7488387
4.7454417
4.7416784
4.7375142
4.7329113
4.7278285
4.7222209
4.7160394
4.7092308
4.7017367
4.6934941
4.6844342
4.6744822
4.6635572
4.651571
4.6384285
4.6240264
4.6082535
4.5909892
4.5721039
4.5514579
4.5289013
4.5042732
4.4774011
4.4481012
4.416177
4.3814198
4.3436078
4.302506
4.2578658
4.2094247
4.1569053
4.1000144
4.0384417
3.9718568
3.8999057
3.8222048
3.7383325
3.6478183
3.5501281
3.4446493
3.3306798
3.2074346
3.0740981
2.9299689
2.7747675
2.609163
2.435467
2.2581912
2.0838985
1.919933
1.7724134
1.6446413
1.5368136
1.4468983
1.3718957
1.3088435
1.255345
1.2096965
1.1707744
1.1378299
1.110289
1.0876104
1.0692165
1.0544824
1.0427618
1.0334244
1.0258869
1.0196355
1.0142421
1.0093749
1.0047907
1.0003169
0.99583492
0.99125857
0.98652925
0.98160464
0.9764544
0.97106324
0.96541726
0.95952261
0.95338057
0.94701766
0.94045709
0.93374748
0.92694684
0.92014109
0.91343421
0.90698654
0.9009901
0.89575037
0.8916244
0.88924919
0.88947398
0.89399083
0.9057615
0.93164103
4.7741962
4.7741654
4.7740907
4.7739678
4.7737922
4.7735587
4.7732619
4.7728956
4.7724531
4.7719271
4.7713095
4.7705916
4.7697637
4.7688151
4.7677342
4.7665085
4.7651238
4.7635651
4.7618154
4.7598568
4.7576691
4.7552304
4.7525168
4.7495023
4.7461582
4.7424534
4.7383536
4.7338218
4.7288173
4.7232958
4.7172091
4.7105045
4.7031248
4.6950077
4.6860854
4.6762844
4.6655246
4.6537196
4.6407753
4.6265904
4.6110548
4.5940501
4.5754484
4.5551123
4.532894
4.5086349
4.4821652
4.4533033
4.4218557
4.3876161
4.3503654
4.309871
4.2658861
4.2181495
4.1663839
4.1102947
4.0495675
3.9838643
3.9128184
3.8360261
3.7530358
3.6633329
3.5663211
3.4613039
3.3474705
3.2239084
3.0896743
2.9439891
2.7866326
2.6185854
2.4427917
2.2645987
2.0912315
1.9300788
1.786575
1.6629682
1.5585477
1.4708182
1.3967608
1.3336744
1.2795234
1.2329372
1.1930345
1.159204
1.1309229
1.1076468
1.0887708
1.0736382
1.061576
1.0519359
1.0441216
1.0376093
1.0319625
1.0268433
1.022004
1.017268
1.0125137
1.0076518
1.0026219
0.99737943
0.99189265
0.98614517
0.98012191
0.97382866
0.96726599
0.96046043
0.95343537
0.94623949
0.93893187
0.93159932
0.92434725
0.91733995
0.91077328
0.90494545
0.90022304
0.89724901
0.89688019
0.90082584
0.9120793
0.93759177
4.7744532
4.7744228
4.7743494
4.7742285
4.7740558
4.7738263
4.7735344
4.7731742
4.772739
4.7722217
4.7716143
4.7709082
4.7700939
4.7691608
4.7680976
4.7668918
4.7655297
4.7639962
4.762275
4.760348
4.7581956
4.7557963
4.7531265
4.7501604
4.7468699
4.7432244
4.7391903
4.7347308
4.7298063
4.7243729
4.7183831
4.7117854
4.7045232
4.6965353
4.6877551
4.6781101
4.6675218
4.655905
4.6431673
4.629209
4.613922
4.5971898
4.5788869
4.5588781
4.537018
4.5131511
4.4871102
4.4587168
4.4277806
4.3940984
4.3574542
4.3176183
4.2743465
4.2273791
4.1764391
4.1212307
4.0614348
3.9967049
3.9266591
3.8508698
3.7688491
3.6800289
3.5837377
3.4791762
3.3654028
3.2413539
3.1059459
2.958338
2.7984418
2.6276922
2.4498365
2.2711383
2.0993541
1.941612
1.8023833
1.6827816
1.581302
1.4951749
1.4215222
1.3579929
1.3029341
1.2552868
1.2143705
1.1796705
1.1506842
1.1268463
1.1075176
1.092009
1.0796224
1.0696931
1.0616136
1.0548506
1.04896
1.0435983
1.0385133
1.0335248
1.0285084
1.0233719
1.0180529
1.0125052
1.0066955
1.0006063
0.99422177
0.98754716
0.98058274
0.97335489
0.9658875
0.95822932
0.95044073
0.94260951
0.93484396
0.92731497
0.92020766
0.91383023
0.9085533
0.90502626
0.90411444
0.90754555
0.91834713
0.94357238
4.7747069
4.7746771
4.7746049
4.7744861
4.7743164
4.7740908
4.7738039
4.7734498
4.7730221
4.7725136
4.7719166
4.7712225
4.770422
4.7695048
4.7684596
4.7672742
4.7659351
4.7644275
4.7627354
4.7608409
4.7587248
4.7563658
4.7537409
4.7508247
4.7475896
4.7440055
4.7400392
4.7356549
4.7308132
4.7254715
4.7195829
4.7130966
4.7059573
4.6981049
4.6894739
4.6799932
4.6695858
4.6581681
4.6456494
4.631932
4.6169099
4.600469
4.5824862
4.5628291
4.5413554
4.5179125
4.4923368
4.4644534
4.4340757
4.4010043
4.3650271
4.325918
4.2834357
4.2373229
4.1873034
4.1330797
4.0743279
4.010691
3.9417694
3.8671064
3.7861698
3.6983258
3.6028096
3.4986955
3.3848823
3.2601286
3.1232003
2.9732297
2.8103711
2.6367001
2.4569467
2.2783017
2.1088082
1.9549673
1.8200569
1.704079
1.6049219
1.5197508
1.4459698
1.3816342
1.3254674
1.2766822
1.2347515
1.1992161
1.1695672
1.1452051
1.1254536
1.1095915
1.0968976
1.0866931
1.0783603
1.0713576
1.0652334
1.0596392
1.0543186
1.0490881
1.0438205
1.0384209
1.0328254
1.0269856
1.0208674
1.014452
1.0077231
1.0006853
0.99333879
0.98570983
0.97782309
0.96972734
0.96148447
0.95318483
0.94494242
0.936918
0.92930564
0.92241697
0.91662699
0.91259201
0.9111866
0.91415818
0.924571
0.94958594
4.7749635
4.7749343
4.7748633
4.7747467
4.77458
4.7743585
4.7740767
4.773729
4.7733089
4.7728096
4.7722233
4.7715416
4.7707554
4.7698546
4.7688281
4.7676639
4.7663488
4.7648682
4.7632062
4.7613457
4.7592674
4.7569507
4.7543729
4.7515091
4.7483322
4.7448125
4.7409178
4.7366127
4.7318588
4.726614
4.7208327
4.714465
4.7074566
4.6997488
4.6912773
4.6819727
4.6717596
4.6605562
4.648274
4.6348172
4.6200826
4.6039585
4.586325
4.5670527
4.5460029
4.5230268
4.4979648
4.4706464
4.4408894
4.4084993
4.3732685
4.3349754
4.2933828
4.248236
4.1992604
4.1461567
4.0885954
4.0262072
3.9585706
3.8851935
3.8054882
3.7187388
3.6240636
3.5203788
3.4063875
3.2806397
3.1417496
2.9888879
2.8226159
2.6458826
2.4645573
2.2866548
2.1201356
1.9704946
1.8396872
1.7267389
1.6291742
1.5442952
1.4698939
1.4044519
1.3470371
1.2970819
1.2541625
1.2178388
1.1875739
1.1627259
1.1425806
1.126387
1.113403
1.1029374
1.0943638
1.0871328
1.0807857
1.0749696
1.0694239
1.0639625
1.0584552
1.0528046
1.0469458
1.0408279
1.0344162
1.0276908
1.020635
1.0132527
1.0055446
0.99753637
0.98925377
0.98074571
0.97207879
0.96334361
0.95464895
0.94616217
0.93808019
0.93071828
0.92445612
0.91995734
0.91810647
0.9206718
0.93075673
0.95563525
4.7752295
4.7752007
4.7751312
4.7750168
4.7748533
4.7746359
4.7743596
4.7740185
4.7736065
4.7731168
4.7725417
4.7718731
4.771102
4.7702185
4.7692118
4.7680701
4.7667803
4.7653283
4.7636985
4.761874
4.759836
4.7575644
4.7550368
4.7522289
4.7491142
4.7456637
4.7418458
4.7376259
4.7329664
4.7278262
4.7221607
4.7159213
4.7090549
4.7015042
4.6932065
4.684094
4.6740934
4.663125
4.6511025
4.6379329
4.6235157
4.6077426
4.5904969
4.5716532
4.5510769
4.5286236
4.5041389
4.4774574
4.4484025
4.4167854
4.3824043
4.3450432
4.3044699
4.2604338
4.2126619
4.1608535
4.1046721
4.0437336
3.9775894
3.9057026
3.8274152
3.7419064
3.6481452
3.5448482
3.4304765
3.3033395
3.161917
3.0055343
2.8353934
2.6555835
2.4731959
2.2968053
2.1338207
1.9884099
1.861217
1.7505281
1.6537676
1.5685449
1.4931
1.4263259
1.3675828
1.3164643
1.2726025
1.2355455
1.2047129
1.1794159
1.158905
1.1424014
1.1291442
1.118432
1.1096304
1.1021828
1.0956238
1.0895968
1.0838371
1.0781562
1.0724213
1.0665324
1.0604237
1.054042
1.0473526
1.0403338
1.0329692
1.0252617
1.0172126
1.0088475
1.0001929
0.99130405
0.98223977
0.9730935
0.96397744
0.95506123
0.94654474
0.93874706
0.93205281
0.9271333
0.92488372
0.92709432
0.93690996
0.96172326
4.7755112
4.7754831
4.7754149
4.7753029
4.7751428
4.77493
4.7746594
4.7743256
4.7739222
4.7734427
4.7728797
4.7722252
4.7714703
4.7706055
4.7696202
4.7685026
4.7672402
4.7658191
4.7642241
4.7624386
4.7604444
4.7582217
4.7557487
4.7530017
4.7499549
4.7465799
4.7428459
4.7387193
4.7341634
4.7291382
4.7236002
4.7175022
4.7107926
4.7034157
4.6953107
4.6864118
4.6766479
4.6659417
4.6542099
4.6413623
4.627302
4.6119244
4.595117
4.576759
4.5567207
4.5348635
4.5110388
4.4850876
4.4568402
4.4261149
4.3927174
4.3564386
4.3170528
4.2743144
4.2279532
4.1776667
4.12311
4.0638804
3.9994946
3.9293578
3.8527206
3.7686259
3.6758481
3.5728477
3.457788
3.32871
3.1840141
3.0233735
2.8489485
2.6662307
2.4834681
2.3093479
2.1502256
2.0087556
1.8844368
1.7751217
1.6783797
1.5922458
1.5154222
1.4471675
1.3870698
1.3348258
1.290082
1.2523505
1.2209977
1.1952872
1.1744375
1.1576447
1.1441312
1.1331865
1.1241698
1.1165174
1.109758
1.1035314
1.0975689
1.0916805
1.0857302
1.0796161
1.0732715
1.0666408
1.0596896
1.0523944
1.0447393
1.0367264
1.0283573
1.0196604
1.0106626
1.0014138
0.99197769
0.98244919
0.97294244
0.96362939
0.954713
0.94651629
0.93942909
0.93413077
0.93152778
0.93343341
0.94303619
0.96785275
4.7758171
4.7757896
4.775723
4.7756136
4.7754572
4.7752494
4.7749851
4.7746591
4.7742652
4.773797
4.7732472
4.7726081
4.7718711
4.7710268
4.7700648
4.7689739
4.7677417
4.7663546
4.764798
4.7630557
4.7611098
4.7589412
4.7565287
4.7538494
4.750878
4.747587
4.7439465
4.739924
4.7354838
4.7305873
4.7251923
4.7192531
4.71272
4.7055391
4.6976517
4.6889945
4.6794988
4.6690907
4.6576898
4.64521
4.6315581
4.6166341
4.6003308
4.5825327
4.5631166
4.5419504
4.5188929
4.4937932
4.4664902
4.436811
4.4045707
4.3695691
4.3315888
4.290391
4.2457088
4.1972378
4.1446224
4.0874352
4.0251475
3.9570874
3.8823839
3.799897
3.7081442
3.605255
3.4890284
3.357229
3.2083034
3.0425794
2.8635685
2.6783448
2.4960204
2.3247911
2.169529
2.0313829
1.9090053
1.8001366
1.7026862
1.6151726
1.5367315
1.4669206
1.4054872
1.3521781
1.3066205
1.2682741
1.2364463
1.2103553
1.1891923
1.1721303
1.1583769
1.1472139
1.1379953
1.13015
1.1232019
1.1167871
1.1106333
1.1045495
1.0983962
1.0920704
1.0855039
1.0786393
1.0714425
1.0638882
1.055961
1.0476637
1.039001
1.0299933
1.0206724
1.0110891
1.0013082
0.99142609
0.98155898
0.97188118
0.96259881
0.95403901
0.94659697
0.94096051
0.93804791
0.93969647
0.94914064
0.97402646
4.7761576
4.7761308
4.7760659
4.7759594
4.7758072
4.7756048
4.7753477
4.7750303
4.7746469
4.7741913
4.7736564
4.7730346
4.7723176
4.7714962
4.7705604
4.7694993
4.7683011
4.7669523
4.7654389
4.7637451
4.7618538
4.7597463
4.7574023
4.7547995
4.7519134
4.7487178
4.7451835
4.7412793
4.736971
4.7322212
4.7269896
4.7212322
4.7149013
4.7079453
4.7003082
4.6919295
4.6827437
4.6726804
4.6616633
4.6496106
4.6364343
4.62204
4.6063264
4.5891851
4.5705005
4.550149
4.5279985
4.5039082
4.4777277
4.4492957
4.4184386
4.3849682
4.3486778
4.3093369
4.266683
4.220409
4.1701447
4.1154291
4.0556712
3.9900933
3.917657
3.8369729
3.7462125
3.6430762
3.5249315
3.3893101
3.2349514
3.0632902
2.8796055
2.69253
2.5114718
2.3434744
2.1916845
2.0559603
1.9344852
1.8251711
1.7263894
1.6371438
1.5569408
1.4855607
1.4228447
1.3685449
1.3222447
1.2833406
1.2510797
1.2246386
1.2031867
1.1858748
1.1718976
1.1605302
1.1511229
1.1430963
1.1359715
1.1293799
1.1230466
1.1167796
1.1104358
1.1039119
1.0971377
1.0900543
1.082628
1.0748338
1.0666569
1.0580949
1.0491553
1.0398592
1.0302391
1.0203464
1.0102474
1.00004
0.98984234
0.97983123
0.97021603
0.96132814
0.95356831
0.94763303
0.94445304
0.94589068
0.95522846
0.98024712
4.7765404
4.7765144
4.7764515
4.7763482
4.7762007
4.7760047
4.7757555
4.775448
4.7750767
4.7746355
4.7741175
4.7735154
4.7728213
4.7720262
4.7711205
4.7700938
4.7689343
4.7676296
4.7661658
4.764528
4.7626996
4.7606626
4.7583975
4.755883
4.7530958
4.7500104
4.7465994
4.7428326
4.7386774
4.7340984
4.7290571
4.7235118
4.7174173
4.7107246
4.703381
4.6953293
4.6865081
4.6768512
4.6662872
4.65474
4.6421276
4.6283626
4.6133513
4.596994
4.5791846
4.55981
4.5387499
4.5158763
4.4910522
4.4641311
4.4349545
4.4033488
4.3691213
4.3320522
4.2918841
4.2483052
4.2009238
4.1492312
4.0925471
4.0299435
3.9601453
3.8814141
3.7914513
3.6874077
3.5661764
3.42521
3.2639804
3.0856265
2.8975036
2.7094352
2.5303211
2.3654975
2.216413
2.0820144
1.9603938
1.8498428
1.749241
1.6580292
1.576004
1.5030908
1.4391682
1.383959
1.3369859
1.2975774
1.2649208
1.2381581
1.2164406
1.1988975
1.1847116
1.1731542
1.1635709
1.1553748
1.1480851
1.1413281
1.1348271
1.128389
1.1218675
1.1151589
1.1081911
1.1009077
1.0932698
1.0852522
1.076841
1.0680337
1.0588382
1.0492759
1.03938
1.0292029
1.0188121
1.008307
0.997808
0.98749426
0.9775785
0.96839646
0.96035465
0.95415858
0.95075192
0.95202302
0.9613046
0.98651745
4.7769822
4.776957
4.7768964
4.7767969
4.7766548
4.7764661
4.7762263
4.7759305
4.7755733
4.7751488
4.7746507
4.7740718
4.7734044
4.7726402
4.7717698
4.7707833
4.7696695
4.7684166
4.7670113
4.7654392
4.7636848
4.7617309
4.7595591
4.7571489
4.7544783
4.7515235
4.7482583
4.7446544
4.740681
4.7363049
4.7314901
4.7261974
4.7203846
4.7140064
4.7070136
4.6993536
4.6909696
4.6818008
4.6717822
4.6608443
4.6489129
4.6359092
4.6217493
4.6063443
4.5896003
4.5714175
4.5516907
4.5303079
4.5071501
4.4820892
4.4549863
4.425687
4.3940159
4.3597665
4.3226868
4.2824555
4.2386477
4.1906822
4.1377465
4.0786914
4.0118971
3.9351295
3.8454513
3.7393358
3.6132431
3.4649138
3.2952509
3.1097449
2.9178111
2.7296718
2.5528447
2.3906831
2.2432337
2.1089879
1.9862572
1.8738237
1.7710563
1.6777532
1.5939131
1.5195374
1.4544962
1.3984591
1.3508787
1.3110131
1.2779942
1.250937
1.2289763
1.2112204
1.1968399
1.1851067
1.1753595
1.1670058
1.1595625
1.1526515
1.1459949
1.1393976
1.1327127
1.1258352
1.1186888
1.1112179
1.1033834
1.0951596
1.0865323
1.0774991
1.0680683
1.0582616
1.048113
1.0376759
1.027019
1.0162434
1.0054714
0.99488485
0.98469987
0.97525655
0.96696736
0.96054712
0.95695296
0.95810017
0.96737378
0.99284004
4.7775062
4.7774822
4.7774243
4.7773293
4.7771939
4.777014
4.7767854
4.7765035
4.7761633
4.775759
4.7752846
4.7747335
4.7740984
4.7733713
4.7725434
4.7716054
4.7705467
4.7693562
4.7680213
4.7665287
4.7648636
4.7630102
4.7609509
4.7586669
4.7561377
4.7533409
4.7502525
4.7468461
4.7430934
4.7389638
4.7344242
4.7294389
4.7239695
4.7179748
4.7114104
4.704229
4.6963801
4.6878096
4.6784602
4.668271
4.6571778
4.6451125
4.6320039
4.6177768
4.6023529
4.5856498
4.5675814
4.5480567
4.5269797
4.5042467
4.4797436
4.4533408
4.4248846
4.3941843
4.3609908
4.3249644
4.2856248
4.2422768
4.193903
4.1390177
4.0754889
4.0003735
3.9098841
3.7997348
3.6662025
3.5080351
3.3285123
3.13592
2.9411498
2.7536984
2.579023
2.4185917
2.2715366
2.1363154
2.0116587
1.8968653
1.7917229
1.6962924
1.6106932
1.5349451
1.4688768
1.4120892
1.3639595
1.3236759
1.2903269
1.2630016
1.2408194
1.2228668
1.2083056
1.1964099
1.1865104
1.1780112
1.1704254
1.1633726
1.1565747
1.1498305
1.1429939
1.1359589
1.1286478
1.1210045
1.1129892
1.1045759
1.0957505
1.0865105
1.0768646
1.0668349
1.0564562
1.0457829
1.034885
1.0238651
1.0128478
1.0020175
0.99159351
0.98192067
0.97341747
0.9668083
0.96306428
0.96412857
0.97344062
0.99921752
4.7781471
4.7781243
4.7780697
4.7779805
4.7778532
4.7776842
4.7774695
4.777205
4.7768856
4.7765064
4.7760616
4.775545
4.7749499
4.7742688
4.7734938
4.7726159
4.7716256
4.7705125
4.7692651
4.7678711
4.766317
4.7645883
4.7626689
4.7605418
4.7581882
4.755588
4.7527194
4.7495587
4.7460807
4.742258
4.7380612
4.733459
4.7284177
4.7229015
4.716872
4.7102888
4.703109
4.6952873
4.6867762
4.6775261
4.667485
4.6565994
4.6448137
4.6320711
4.6183131
4.6034801
4.5875107
4.5703419
4.5519072
4.5321346
4.5109424
4.4882323
4.4638773
4.437703
4.409457
4.3787619
4.3450414
4.3074125
4.2645298
4.2143822
4.1540673
4.0796376
3.9862426
3.8689374
3.7244851
3.5538195
3.3635615
3.1646192
2.9681253
2.7817102
2.6085304
2.4486044
2.3006797
2.1634933
2.0362824
1.9188145
1.8112005
1.7136713
1.626397
1.549373
1.4823644
1.4248945
1.3762618
1.3355955
1.3019503
1.2743804
1.251997
1.2338612
1.2191332
1.207087
1.1970481
1.1884173
1.1806998
1.1735158
1.1665858
1.1597066
1.1527309
1.1455514
1.1380895
1.1302884
1.1221079
1.1135218
1.1045158
1.0950877
1.0852464
1.0750146
1.0644279
1.0535415
1.0424269
1.0311884
1.0199525
1.0089063
0.99827259
0.98840081
0.9797157
0.97295145
0.96909367
0.97011438
0.9795095
1.0056524
4.778959
4.778938
4.7788878
4.7788058
4.778689
4.778534
4.7783374
4.7780952
4.777803
4.7774561
4.7770494
4.7765773
4.7760338
4.775412
4.7747048
4.7739044
4.7730021
4.7719885
4.7708536
4.7695863
4.7681747
4.7666061
4.7648662
4.7629403
4.7608119
4.7584635
4.7558765
4.7530305
4.7499041
4.7464742
4.7427162
4.7386042
4.7341107
4.7292066
4.7238614
4.7180436
4.71172
4.7048568
4.6974191
4.6893717
4.680679
4.671306
4.661218
4.6503815
4.6387648
4.6263376
4.6130718
4.5989403
4.5839158
4.5679678
4.5510563
4.5331221
4.5140689
4.4937357
4.4718509
4.4479601
4.4213159
4.3907149
4.3542718
4.3091424
4.2512685
4.1753419
4.0753719
3.9463177
3.7867744
3.6013716
3.4004937
3.1965163
2.9992032
2.8135924
2.6408105
2.4800401
2.3300873
2.1901389
2.0599311
1.9396101
1.8295092
1.7299477
1.6410931
1.5628862
1.4950148
1.4369144
1.3878182
1.3468099
1.3128967
1.2851049
1.2625358
1.2442316
1.2293527
1.2171662
1.2069978
1.1982436
1.1904055
1.1831018
1.176051
1.1690487
1.1619461
1.1546349
1.1470357
1.1390912
1.1307608
1.122018
1.1128486
1.1032505
1.093233
1.0828194
1.072046
1.0609691
1.0496615
1.0382289
1.0268002
1.0155651
1.0047499
0.99470857
0.98587236
0.97898553
0.97504865
0.97606352
0.9855847
1.0121473
4.7800409
4.7800222
4.7799779
4.779906
4.7798036
4.7796679
4.7794959
4.779284
4.7790286
4.7787256
4.7783706
4.7779588
4.7774849
4.7769433
4.7763278
4.7756317
4.7748478
4.773968
4.7729841
4.7718867
4.770666
4.7693114
4.7678113
4.7661535
4.7643249
4.7623114
4.7600982
4.7576695
4.7550086
4.752098
4.7489195
4.7454539
4.7416817
4.7375827
4.7331367
4.7283233
4.7231226
4.7175151
4.7114827
4.705009
4.6980799
4.6906844
4.6828155
4.6744708
4.6656533
4.6563725
4.6466435
4.6364876
4.6259292
4.614992
4.6036897
4.5920109
4.5798922
4.5671744
4.5535306
4.5383529
4.5205798
4.4984475
4.4691637
4.4285601
4.3708994
4.2892263
4.1768192
4.030003
3.8512779
3.6501541
3.4399214
3.2323864
3.0345904
2.8489446
2.675193
2.5122661
2.3593071
2.2160034
2.0825156
1.9592637
1.8467111
1.7452008
1.6548591
1.5755524
1.5068722
1.44819
1.3986719
1.3573596
1.323203
1.2952134
1.2724688
1.2540044
1.2389815
1.2266667
1.2163805
1.2075141
1.1995665
1.192154
1.1849937
1.1778798
1.1706623
1.1632319
1.1555088
1.1474348
1.1389692
1.1300855
1.1207693
1.1110189
1.1008438
1.0902681
1.0793286
1.0680829
1.056605
1.0450022
1.0334056
1.0220075
1.0110378
1.0008552
0.99189739
0.98491913
0.98093641
0.98198174
0.99167032
1.0187047
4.7815266
4.7815114
4.7814763
4.7814191
4.7813383
4.7812312
4.7810957
4.780929
4.7807283
4.7804902
4.7802116
4.7798886
4.7795172
4.7790932
4.7786117
4.7780678
4.7774559
4.7767702
4.7760042
4.7751513
4.7742042
4.7731552
4.771996
4.7707181
4.7693123
4.7677692
4.7660788
4.7642312
4.7622157
4.7600222
4.7576401
4.7550595
4.7522707
4.7492653
4.7460357
4.7425764
4.7388839
4.7349578
4.7308015
4.7264232
4.7218369
4.7170633
4.712132
4.7070818
4.7019632
4.6968381
4.6917814
4.6868797
4.682228
4.6779231
4.6740494
4.6706544
4.667705
4.6650151
4.6621259
4.6581206
4.6513454
4.6390306
4.6168452
4.5785602
4.5162104
4.4214003
4.288233
4.1170863
3.9164899
3.7005008
3.482921
3.2728715
3.0741655
2.8871929
2.7110394
2.5447944
2.388066
2.2409945
2.1040614
1.9778606
1.8629109
1.7595319
1.6677823
1.5874279
1.5179856
1.4587777
1.4088916
1.3672926
1.3329002
1.3047202
1.2818125
1.2631996
1.2480449
1.2356135
1.2252209
1.2162533
1.208207
1.2006964
1.1934375
1.1862231
1.1789024
1.1713651
1.1635307
1.1553409
1.1467546
1.1377451
1.1282982
1.1184125
1.1080979
1.0973789
1.0862934
1.0748998
1.0632734
1.0515234
1.0397828
1.0282466
1.0171482
1.0068514
0.99780039
0.99076055
0.98676385
0.98787441
0.99777027
1.0253271
4.7852893
4.7852794
4.7852587
4.7852266
4.7851802
4.7851204
4.7850445
4.7849511
4.7848389
4.7847059
4.78455
4.7843689
4.7841608
4.7839224
4.7836514
4.7833445
4.7829986
4.7826102
4.7821755
4.7816909
4.7811519
4.7805544
4.7798941
4.7791666
4.778367
4.7774915
4.7765357
4.7754961
4.7743693
4.7731535
4.7718476
4.7704521
4.7689698
4.7674061
4.7657697
4.7640733
4.7623353
4.7605801
4.7588399
4.7571563
4.7555818
4.7541825
4.7530395
4.7522521
4.7519392
4.7522411
4.753321
4.7553624
4.7585648
4.7631317
4.769246
4.7770264
4.7864518
4.7972307
4.808594
4.8189744
4.8255556
4.8237197
4.8065604
4.7648911
4.6884755
4.5691604
4.4053169
4.2046757
3.9822117
3.7538256
3.530795
3.3183894
3.1176649
2.9278487
2.7479368
2.5774049
2.4163207
2.2651851
2.1246976
1.9955438
1.8782416
1.7730536
1.6799441
1.5985895
1.5284517
1.4687458
1.4184978
1.3766222
1.3420058
1.3136522
1.2905937
1.2718436
1.2565686
1.2440321
1.233544
1.2244858
1.2163511
1.208753
1.201406
1.1941021
1.1866893
1.1790569
1.1711237
1.1628312
1.1541379
1.1450173
1.1354554
1.1254508
1.1150139
1.10417
1.0929577
1.0814362
1.0696825
1.0578072
1.0459454
1.0342949
1.0230928
1.0127076
1.0035905
0.99651765
0.99253748
0.99374674
1.0038884
1.0320169
4.7979178
4.7979065
4.7978839
4.7978499
4.797805
4.7977491
4.7976822
4.7976046
4.7975162
4.7974168
4.7973066
4.7971847
4.797051
4.7969051
4.7967464
4.7965741
4.7963881
4.7961874
4.7959721
4.7957414
4.7954954
4.7952346
4.7949592
4.794671
4.7943719
4.7940649
4.7937547
4.7934472
4.7931508
4.792876
4.7926365
4.7924504
4.7923397
4.7923327
4.7924638
4.7927763
4.7933228
4.7941677
4.795389
4.7970812
4.7993579
4.8023549
4.8062336
4.8111848
4.8174319
4.8252336
4.8348843
4.8467115
4.8610654
4.8782952
4.8987039
4.9224634
4.9494668
4.9790849
5.009784
5.0385755
5.0603288
5.0671245
5.0481367
4.9909091
4.8848632
4.7265569
4.5234238
4.2919114
4.0503924
3.8124539
3.5848324
3.3691995
3.1648484
2.970597
2.7857009
2.6100723
2.4441626
2.2887284
2.1445964
2.0124775
1.8928466
1.7858848
1.6914557
1.609136
1.5383187
1.4781251
1.4275255
1.3853806
1.3505503
1.322039
1.2988403
1.279963
1.2645785
1.2519478
1.2413747
1.2322361
1.2240231
1.2163474
1.2089226
1.2015396
1.1940457
1.1863295
1.1783096
1.1699269
1.1611401
1.1519226
1.1422605
1.1321528
1.1216104
1.1106591
1.0993382
1.0877082
1.0758473
1.0638677
1.0519066
1.0401647
1.0288826
1.0184338
1.0092765
1.002198
0.99826367
0.99960373
1.0100283
1.0387766
4.8117038
4.8116666
4.8115958
4.8115009
4.8113926
4.8112736
4.8111513
4.8110267
4.8109013
4.8107774
4.8106561
4.8105396
4.8104292
4.810327
4.8102353
4.810157
4.810095
4.8100534
4.8100363
4.8100491
4.8100985
4.8101914
4.8103377
4.8105472
4.8108339
4.8112128
4.8117025
4.8123253
4.8131074
4.8140808
4.8152827
4.8167579
4.8185597
4.8207511
4.823407
4.8266163
4.8304842
4.835135
4.8407162
4.8474012
4.8553948
4.8649379
4.8763127
4.8898481
4.9059245
4.9249774
4.9474961
4.9740142
5.005085
5.0412316
5.082846
5.1300153
5.182226
5.2378964
5.2936966
5.343682
5.3784481
5.3848944
5.34766
5.2533352
5.0968568
4.8862018
4.6403607
4.3809677
4.1242517
3.8784282
3.6456573
3.4251373
3.2153481
3.0151781
2.824253
2.6428651
2.4717454
2.3118099
2.1639399
2.0288228
1.9068599
1.7981327
1.7023908
1.6191328
1.547644
1.4869619
1.4360098
1.3936002
1.3585651
1.3299103
1.3065798
1.2875842
1.2721004
1.2593858
1.2487376
1.2395284
1.2312468
1.2235033
1.2160105
1.2085584
1.2009939
1.1932049
1.1851097
1.1766491
1.1677816
1.1584808
1.1487329
1.1385372
1.1279052
1.1168632
1.1054514
1.0937314
1.0817824
1.0697186
1.0576793
1.0458677
1.0345282
1.0240395
1.0148668
1.0078088
1.0039483
1.0054501
1.0161936
1.0456087
4.8271883
4.8269651
4.8267976
4.8266229
4.8264428
4.8262697
4.826107
4.8259601
4.8258332
4.8257305
4.8256555
4.825613
4.8256085
4.8256476
4.8257365
4.8258832
4.8260959
4.8263849
4.8267612
4.8272385
4.8278311
4.8285577
4.8294382
4.8304968
4.8317608
4.833263
4.8350408
4.8371382
4.839607
4.8425069
4.8459084
4.8498934
4.8545587
4.8600166
4.8663996
4.8738627
4.8825878
4.892788
4.9047141
4.9186596
4.9349681
4.9540418
4.9763485
5.0024308
5.0329106
5.0684915
5.1099496
5.1581088
5.2137794
5.2776396
5.3500221
5.4305436
5.5175145
5.6070665
5.6920242
5.7607828
5.7969472
5.7811205
5.6962767
5.535891
5.3097208
5.041002
4.7559591
4.4740718
4.2050972
3.9514961
3.7121171
3.4848551
3.2680115
3.0607367
2.8630037
2.6753911
2.4988122
2.3342639
2.1826249
2.0445204
1.9202533
1.8097912
1.7127746
1.6285981
1.556439
1.4952802
1.4439761
1.4013068
1.3660798
1.3372938
1.3138385
1.294733
1.2791595
1.2663707
1.255657
1.2463865
1.2380456
1.2302436
1.2226923
1.2151809
1.2075558
1.1997045
1.1915451
1.1830182
1.1740823
1.1647111
1.1548911
1.144622
1.1339156
1.1227989
1.1113131
1.0995205
1.087502
1.0753732
1.0632755
1.0514151
1.0400399
1.0295339
1.0203694
1.0133569
1.0095972
1.0112905
1.0223877
1.0525155
4.8476532
4.8454556
4.8448108
4.8445036
4.8442782
4.844072
4.8438998
4.8437708
4.8436945
4.8436773
4.8437297
4.8438611
4.8440809
4.8444015
4.8448353
4.8453976
4.8461048
4.8469762
4.8480331
4.8492998
4.8508057
4.8525825
4.8546668
4.8571026
4.859939
4.8632311
4.8670466
4.8714602
4.8765596
4.8824468
4.8892395
4.8970755
4.9061133
4.9165399
4.9285707
4.942459
4.9584997
4.9770379
4.9984754
5.0232834
5.0520108
5.0852957
5.1238788
5.1686104
5.2204573
5.2804959
5.3498844
5.4297949
5.5212722
5.6249719
5.740696
5.8666308
5.9982018
6.1265435
6.2369392
6.3082522
6.3153073
6.236172
6.0630136
5.80925
5.5049887
5.1830417
4.8669741
4.5680761
4.2887476
4.0270683
3.7799749
3.5448717
3.3201761
3.1053289
2.9005803
2.7067077
2.5247334
2.3556822
2.2003965
2.0594185
1.932942
1.820818
1.722592
1.637534
1.5647199
1.503092
1.4514435
1.4085209
1.3731244
1.3442155
1.3206412
1.301434
1.2857802
1.2729266
1.2621566
1.2528337
1.2444424
1.2365909
1.2289901
1.2214288
1.2137527
1.2058492
1.1976361
1.189054
1.1800615
1.1706324
1.1607534
1.1504246
1.1396583
1.1284823
1.1169384
1.1050902
1.0930196
1.080844
1.068707
1.0568175
1.0454273
1.0349254
1.0257918
1.0188488
1.0152157
1.0171291
1.0286138
1.0594995
4.9122312
4.9076092
4.9062411
4.905777
4.9054825
4.9052379
4.9050592
4.9049571
4.9049451
4.9050395
4.9052555
4.9056036
4.9061037
4.9067749
4.9076403
4.908722
4.9100482
4.9116513
4.9135657
4.915833
4.9184992
4.9216176
4.9252482
4.9294604
4.934334
4.9399605
4.9464448
4.9539075
4.9624893
4.9723492
4.9836755
4.9966821
5.0116192
5.0287754
5.0484884
5.0711477
5.0972086
5.1272016
5.1617433
5.2015522
5.2474626
5.300443
5.3616073
5.432227
5.5137294
5.6076674
5.7156525
5.839189
5.9793644
6.1362802
6.3080966
6.4895445
6.6698759
6.830683
6.9449015
6.979726
6.9061926
6.7138317
6.4202633
6.0648857
5.6900722
5.3256232
4.985273
4.6713759
4.3808446
4.10916
3.8523729
3.6077889
3.3740127
3.1507241
2.9383722
2.7378609
2.5502633
2.3765872
2.2176023
2.0737404
1.945066
1.8312999
1.7318685
1.6459574
1.5725304
1.5104316
1.4584403
1.415267
1.3797293
1.3507004
1.327012
1.3077113
1.2919862
1.2790769
1.2682593
1.2588927
1.2504596
1.2425672
1.2349256
1.2273232
1.2196054
1.2116593
1.2034025
1.1947759
1.1857379
1.1762626
1.1663371
1.1559618
1.1451496
1.1339288
1.1223421
1.110454
1.0983481
1.0861431
1.0739849
1.0620853
1.0506996
1.0402225
1.0311413
1.0242907
1.020809
1.0229701
1.0348751
1.066563
5.0335822
5.0279503
5.0257962
5.0251417
5.0247822
5.024492
5.0242972
5.0242163
5.0242755
5.0244879
5.0248796
5.0254692
5.0262926
5.0273694
5.0287376
5.0304386
5.0325094
5.0350017
5.0379683
5.0414768
5.0455931
5.0504005
5.0559934
5.0624737
5.0699652
5.0786074
5.0885553
5.099995
5.1131341
5.1282167
5.145518
5.1653621
5.1881207
5.2142245
5.2441724
5.2785475
5.3180237
5.3633868
5.4155523
5.4755866
5.5447266
5.6244038
5.716262
5.8221631
5.9441652
6.0844505
6.2451444
6.4279511
6.6334687
6.8599918
7.1015897
7.345391
7.568513
7.7363777
7.8060646
7.7387184
7.5193642
7.1704909
6.74398
6.2956905
5.8644762
5.4677138
5.1077624
4.779881
4.4774674
4.1946273
3.9270576
3.6721278
3.4286351
3.1964566
2.9761928
2.7688356
2.5754811
2.3970988
2.2343694
2.0876014
1.9567207
1.8413115
1.7406776
1.6539
1.5798835
1.5173284
1.4649904
1.4215787
1.3859217
1.356772
1.332974
1.3135878
1.2978006
1.2848443
1.2739876
1.2645856
1.2561188
1.2481936
1.2405196
1.2328845
1.2251337
1.2171541
1.2088634
1.2002023
1.1911295
1.1816194
1.1716592
1.1612499
1.1504048
1.139153
1.127538
1.1156254
1.1034999
1.091282
1.0791199
1.067228
1.0558656
1.0454329
1.0364248
1.0296886
1.026382
1.0288176
1.0411748
1.0737087
5.1872025
5.1822136
5.1795603
5.1786673
5.1782396
5.1779747
5.1778717
5.1779686
5.178281
5.1788449
5.179686
5.1808467
5.1823614
5.1842834
5.1866506
5.1895264
5.1929806
5.1970728
5.2018963
5.2075339
5.2140976
5.2217049
5.2304891
5.2406094
5.2522391
5.2655813
5.2808691
5.2983653
5.3183773
5.3412544
5.367404
5.3972895
5.4314572
5.470531
5.5152429
5.5664395
5.625113
5.6924167
5.7697015
5.8585378
5.9607583
6.078477
6.2141162
6.3703834
6.5502084
6.7565314
6.991882
7.2575364
7.5520135
7.8686247
8.1918872
8.4933391
8.7289021
8.8425872
8.7822479
8.526033
8.1018442
7.5778501
7.0284447
6.50542
6.0316264
5.6096742
5.2326182
4.8909655
4.5760796
4.2813653
4.0024064
3.7366855
3.4831749
3.2419149
3.0136253
2.7993613
2.6002237
2.4171302
2.2506631
2.1009996
1.9679224
1.8508781
1.7490475
1.661408
1.5867795
1.5238088
1.4711109
1.4274966
1.3917247
1.3624525
1.3385495
1.3190862
1.3032455
1.2902507
1.279363
1.2699334
1.2614408
1.2534907
1.245792
1.2381325
1.230357
1.2223527
1.214037
1.205351
1.1962536
1.1867192
1.1767357
1.1663042
1.1554388
1.1441691
1.1325396
1.1206167
1.1084867
1.0962717
1.0841221
1.072255
1.0609338
1.0505641
1.0416488
1.0350479
1.0319394
1.0346753
1.0475158
1.0809387
5.4764991
5.4713647
5.4687104
5.4677131
5.4672672
5.4670699
5.4670954
5.4674317
5.4680603
5.4690528
5.470439
5.472279
5.4746075
5.4775107
5.4810451
5.4852897
5.4903344
5.4962747
5.5032421
5.5113456
5.5207477
5.5316085
5.5441259
5.5585166
5.5750333
5.5939621
5.6156335
5.6404315
5.6687874
5.7012146
5.7382893
5.7807
5.8292247
5.88479
5.94846
6.0214897
6.1053419
6.2017346
6.3126752
6.440513
6.5879768
6.7582071
6.9547467
7.1814714
7.4423346
7.7408633
8.0790948
8.4557105
8.8628972
9.2817587
9.6768368
9.992385
10.156423
10.10022
9.7925663
9.2669445
8.6114782
7.9247393
7.2763782
6.6974595
6.1915104
5.7488541
5.3561394
5.0009399
4.6734398
4.3666792
4.0762335
3.7997144
3.5362531
3.2860287
3.0498563
2.8288361
2.62406
2.4363854
2.2662896
2.1138163
1.9786055
1.8599694
1.756971
1.6684882
1.5932583
1.5298628
1.4768219
1.4330547
1.3971581
1.3677623
1.3437602
1.3242279
1.3083423
1.2953172
1.2844063
1.2749567
1.2664458
1.2584781
1.2507624
1.243086
1.2352938
1.2272729
1.218941
1.2102392
1.2011267
1.1915783
1.181582
1.1711396
1.1602657
1.1489906
1.1373595
1.1254402
1.1133199
1.1011227
1.089001
1.077175
1.0659119
1.0556231
1.0468194
1.0403741
1.0374856
1.0405468
1.053901
1.0882557
5.9116005
5.9067913
5.9040431
5.9029092
5.902471
5.9022883
5.9025074
5.9030809
5.9041193
5.9056191
5.9076688
5.910332
5.913666
5.9177705
5.9227328
5.9286648
5.9356901
5.9439567
5.9536016
5.9648297
5.9778368
5.9928646
6.0101808
6.0301048
6.0529867
6.0792426
6.1093493
6.1438494
6.1833848
6.2286804
6.2806036
6.3401352
6.4084429
6.4868803
6.5770348
6.6807713
6.8002771
6.938116
7.0972924
7.2813117
7.494201
7.7405242
8.025268
8.3535347
8.7298871
9.1570139
9.6333615
10.149243
10.681151
11.18501
11.591491
11.810556
11.754604
11.380558
10.725871
9.9002506
9.0318717
8.2148185
7.4930358
6.8728752
6.3418094
5.881527
5.474467
5.1063404
4.7666049
4.4481177
4.1465158
3.8595588
3.5865305
3.3277308
3.0840517
2.8566228
2.6465163
2.4545225
2.2810112
2.1258935
1.9886709
1.8685288
1.7644208
1.6751324
1.5993231
1.5354911
1.4821633
1.4382719
1.4022392
1.3727206
1.3486263
1.3290336
1.3131116
1.300064
1.2891374
1.2796751
1.2711529
1.2631748
1.2554491
1.2477631
1.2399617
1.2319321
1.2235922
1.2148832
1.2057647
1.1962117
1.1862128
1.1757702
1.164899
1.1536302
1.14201
1.130107
1.1180101
1.1058448
1.0937658
1.0819963
1.0708075
1.0606165
1.0519425
1.045672
1.043025
1.0464356
1.0603332
1.0956619
6.465091
6.4595128
6.4564343
6.455277
6.4548398
6.454854
6.455336
6.4563258
6.4579151
6.4601793
6.4631555
6.4669865
6.4717572
6.4775628
6.4845757
6.4929215
6.5027821
6.5143614
6.5278791
6.5436055
6.5618231
6.5828811
6.6071818
6.6351537
6.6673348
6.7043183
6.746795
6.7955722
6.8515752
6.9158968
6.9897873
7.0747328
7.1724533
7.2849729
7.414668
7.564321
7.737203
7.937133
8.168546
8.4365335
8.7468143
9.1055698
9.5190272
9.9925607
10.528995
11.12568
11.769808
12.43179
13.057705
13.564219
13.843807
13.7902
13.345557
12.544857
11.514747
10.415974
9.3761036
8.4608663
7.684436
7.032606
6.4811285
6.0056048
5.5855378
5.2053377
4.8540006
4.5243375
4.2121145
3.9152626
3.6332143
3.3663737
3.1156915
2.8823116
2.6672767
2.4713043
2.2946553
2.1371099
1.9980377
1.8765063
1.7713699
1.6813298
1.6049713
1.5406973
1.4871791
1.4431572
1.4069823
1.3773455
1.3531673
1.3335231
1.3175729
1.3045106
1.2935755
1.2841074
1.2755807
1.2675988
1.2598699
1.2521812
1.2443777
1.2363467
1.2280065
1.2192985
1.2101826
1.2006341
1.1906421
1.1802093
1.1693514
1.1581001
1.1465024
1.1346281
1.1225673
1.1104473
1.098425
1.0867267
1.0756276
1.0655507
1.0570236
1.0509466
1.0485614
1.052345
1.0668153
1.10316
7.1412
7.1350131
7.1318022
7.1306172
7.1303251
7.1306055
7.131539
7.1332149
7.1356866
7.1391007
7.1435498
7.149148
7.1560704
7.1644867
7.1745616
7.1865473
7.2006703
7.2172262
7.2365513
7.2590133
7.2850544
7.3151707
7.3499277
7.3899967
7.4361406
7.4892362
7.5503128
7.6205576
7.7013588
7.7943209
7.9013306
8.0245847
8.1666621
8.3305695
8.5198422
8.7385883
8.9915867
9.2843258
9.6230283
10.014544
10.466076
10.984546
11.575392
12.240435
12.974399
13.759667
14.559395
15.31008
15.917182
16.260853
16.220591
15.721417
14.783298
13.534185
12.162219
10.837831
9.6636284
8.6728025
7.8540504
7.1771918
6.6090296
6.1204779
5.6887907
5.2974497
4.9352161
4.5949916
4.2727413
3.9665895
3.6761106
3.4017962
3.1446391
2.905786
2.6862423
2.4866482
2.3071546
2.1474132
2.0066675
1.8838765
1.777804
1.6870739
1.6102017
1.5455135
1.4918871
1.4477175
1.4114014
1.3816541
1.3574017
1.337715
1.3217451
1.3086755
1.2977388
1.2882715
1.2797467
1.2717674
1.2640417
1.2563567
1.2485578
1.2405325
1.2321993
1.2234999
1.2143946
1.2048593
1.1948832
1.1844697
1.1736351
1.1624117
1.1508476
1.1390136
1.1270011
1.1149391
1.1029869
1.0913738
1.080379
1.0704316
1.0620679
1.0562023
1.0540987
1.0582783
1.0733497
1.1107524
7.9284319
7.9222542
7.9192832
7.918261
7.9182254
7.9190536
7.9208287
7.9236766
7.9277013
7.9330522
7.9399401
7.9485014
7.9589772
7.9716143
7.9867061
8.0045668
8.0255542
8.0501244
8.0787405
8.1119625
8.150442
8.1949145
8.2462309
8.3053741
8.3734743
8.4518617
8.5420381
8.6457942
8.7651613
8.9025545
9.0607487
9.2429804
9.453022
9.6952448
9.9746763
10.297081
10.668955
11.097436
11.590114
12.154515
12.797206
13.522198
14.328456
15.206099
16.131271
17.059894
17.921625
18.617039
19.023106
19.013469
18.496758
17.464353
16.020028
14.358674
12.694248
11.184919
9.9034258
8.8535087
8.0023998
7.3066173
6.7255315
6.2262748
5.784418
5.3828952
5.0104823
4.6603167
4.3286322
4.0137634
3.7154192
3.4341648
3.1710243
2.9271403
2.7034761
2.5005922
2.3185291
2.1568119
2.0145628
1.8906399
1.7837236
1.6923647
1.6150006
1.5500088
1.4962859
1.4519608
1.4155102
1.3856633
1.3613471
1.3416274
1.3256458
1.3125764
1.3016447
1.2921845
1.2836676
1.275697
1.2679804
1.2603053
1.2525173
1.2445043
1.2361849
1.2275014
1.2184145
1.2089002
1.1989486
1.1885634
1.1777615
1.1665761
1.1550561
1.1432732
1.1313205
1.1193286
1.1074592
1.0959444
1.0850679
1.0752649
1.0670804
1.0614433
1.0596406
1.0642384
1.0799393
1.1184415
8.8572751
8.8518831
8.8495025
8.8489622
8.8495732
8.8514879
8.8548454
8.8597656
8.8664994
8.8752245
8.8862124
8.8997615
8.9161823
8.9358349
8.9591886
8.9866781
9.0189062
9.056469
9.1001122
9.1506806
9.209103
9.2765044
9.3541412
9.4434686
9.5461758
9.6641772
9.7997417
9.9554357
10.134255
10.339631
10.575538
10.846525
11.157771
11.515126
11.925107
12.394796
12.93164
13.543021
14.235494
15.013611
15.878038
16.82295
17.832469
18.876359
19.905375
20.847323
21.60579
22.064456
22.100812
21.612741
20.557148
18.988949
17.073544
15.046452
13.130834
11.4675
10.100229
9.0056268
8.1315078
7.4226595
6.8321823
6.3242894
5.8734797
5.4625478
5.0805341
4.7209461
4.3803372
4.0572586
3.7515405
3.4638073
3.1951068
2.9465731
2.7191248
2.5132407
2.3288502
2.1653529
2.0217541
1.896816
1.7891408
1.6972074
1.6193652
1.554246
1.5003753
1.4558969
1.4193231
1.3893891
1.3650203
1.3452771
1.3292922
1.3162299
1.3053098
1.2958626
1.2873595
1.2794031
1.2717013
1.2640419
1.2562708
1.2482761
1.2399771
1.2313164
1.2222549
1.2127694
1.2028503
1.1925018
1.1817416
1.1706035
1.1591374
1.1474161
1.1355341
1.1236237
1.1118489
1.1004452
1.0897003
1.0800559
1.0720658
1.0666738
1.0651905
1.0702285
1.0865865
1.12623
10.026761
10.020543
10.018812
10.019256
10.021146
10.025071
10.031238
10.039885
10.051269
10.065766
10.083718
10.10556
10.13185
10.163075
10.199901
10.243071
10.293396
10.351814
10.419424
10.497435
10.58728
10.690515
10.80903
10.944897
11.100543
11.278749
11.482596
11.715713
11.982167
12.286549
12.634051
13.030383
13.481806
13.994994
14.57676
15.233742
15.971709
16.794593
17.703161
18.693171
19.753015
20.861026
21.982495
23.066944
24.046074
24.833408
25.326699
25.415235
24.994773
23.993062
22.406069
20.33347
17.984747
15.626911
13.489928
11.696785
10.262021
9.1353392
8.2462019
7.528996
6.9317008
6.4165069
5.9574385
5.5375168
5.1462471
4.7775951
4.428455
4.0975786
3.7848935
3.4910672
3.2171622
2.9643009
2.7333546
2.5247175
2.3382079
2.1731002
2.0282857
1.9024349
1.7940736
1.7016143
1.62339
1.5581957
1.5041596
1.4595375
1.422855
1.3928474
1.3684375
1.3486806
1.3327004
1.3196522
1.3087497
1.2993212
1.2908373
1.2829005
1.2752189
1.2675806
1.2598319
1.2518615
1.2435889
1.2349573
1.2259282
1.2164786
1.2065994
1.1962957
1.1855855
1.1745037
1.1631008
1.1514509
1.1396498
1.1278318
1.1161631
1.1048824
1.0942819
1.0848095
1.0770285
1.0718975
1.0707518
1.0762512
1.0932939
1.1341204
11.738278
11.735093
11.734538
11.736494
11.740419
11.747357
11.757617
11.771509
11.789485
11.812028
11.839722
11.873147
11.913061
11.960235
12.015619
12.080229
12.155255
12.242067
12.342138
12.457238
12.589281
12.740542
12.913506
13.11104
13.336334
13.593023
13.885156
14.217212
14.594176
15.0214
15.50462
16.049829
16.662947
17.349555
18.114295
18.96013
19.887379
20.892474
21.966381
23.092925
24.247179
25.393686
26.48515
27.46137
28.248989
28.762118
28.904933
28.578052
27.692113
26.19307
24.100762
21.548526
18.787746
16.120319
13.784411
11.882446
10.396566
9.2487356
8.3509793
7.6287362
7.0261731
6.5043214
6.0372528
5.6085006
5.2081691
4.8307234
4.4733851
4.135074
3.8157839
3.516206
3.2374104
2.9805049
2.746311
2.5351372
2.3466895
2.1801188
2.034205
1.9075294
1.7985434
1.7056013
1.627148
1.5618449
1.5076476
1.4628963
1.426121
1.3960536
1.3716142
1.3518531
1.3358856
1.3228582
1.3119792
1.3025749
1.2941154
1.2862031
1.2785467
1.2709346
1.2632136
1.2552729
1.2470325
1.2384361
1.2294456
1.2200386
1.2102066
1.1999551
1.189303
1.1782857
1.1669548
1.1553857
1.1436753
1.1319599
1.1204082
1.1092619
1.0988179
1.0895305
1.0819726
1.0771182
1.0763276
1.0823093
1.1000639
1.1421152
13.961479
13.959073
13.959499
13.963373
13.970102
13.981209
13.996944
14.01799
14.044829
14.078184
14.118783
14.16755
14.225388
14.29352
14.373151
14.465692
14.572783
14.696158
14.837937
15.000329
15.185949
15.397616
15.638524
15.912246
16.222652
16.574022
16.970958
17.418355
17.921369
18.485147
19.114751
19.814693
20.588656
21.438762
22.364969
23.364147
24.429108
25.54756
26.701139
27.864307
29.003545
30.076788
31.03276
31.810464
32.338772
32.536373
32.31322
31.575696
30.240028
28.260185
25.673238
22.647227
19.483285
16.524342
14.014111
12.026788
10.507038
9.3485756
8.4477569
7.7230539
7.1162575
6.5880948
6.1131461
5.6756777
5.2664796
4.8805251
4.5153342
4.1699541
3.8444121
3.5394076
3.2560147
2.9953265
2.7581134
2.5445967
2.3543725
2.1864688
2.0395573
1.9121314
1.8025767
1.7091986
1.6306731
1.5651987
1.5108509
1.4659878
1.429136
1.3990226
1.3745651
1.3548094
1.3388625
1.3258624
1.3150125
1.3056376
1.2972072
1.2893242
1.2816977
1.2741165
1.2664281
1.2585222
1.2503195
1.241764
1.2328181
1.22346
1.2136819
1.2034897
1.192903
1.1819582
1.1707077
1.159228
1.1476176
1.1360146
1.1245901
1.1135892
1.1033133
1.0942234
1.0869021
1.0823393
1.0819209
1.0884055
1.1068989
1.1502172
16.504069
16.498995
16.501269
16.506859
16.51784
16.534828
16.558357
16.589184
16.628106
16.676098
16.73409
16.803392
16.885204
16.981079
17.092551
17.221642
17.370286
17.540848
17.735856
17.958137
18.210778
18.497223
18.821118
19.186458
19.597493
20.058563
20.574279
21.149021
21.787063
22.492122
23.267025
24.113407
25.030924
26.016976
27.065782
28.167821
29.309188
30.470889
31.628542
32.751753
33.803764
34.741105
35.512896
36.059885
36.313307
36.193945
35.612619
34.475032
32.696448
30.234376
27.14389
23.636012
20.073231
16.843182
14.186485
12.138007
10.600198
9.4395391
8.5394687
7.8137002
7.202997
6.668485
6.1855787
5.7394119
5.3214934
4.9272848
4.554561
4.2024497
3.8709797
3.5608457
3.2731232
3.0088901
2.768865
2.553181
2.361325
2.1922039
2.0443834
1.9162712
1.8061993
1.7125244
1.6339118
1.5682657
1.5137834
1.4688268
1.4319147
1.4017688
1.3773046
1.3575637
1.3416447
1.3286781
1.3178629
1.3085221
1.3001254
1.2922762
1.2846839
1.2771382
1.269487
1.2616208
1.2534607
1.2449513
1.2360557
1.2267526
1.2170346
1.2069083
1.1963943
1.1855293
1.1743671
1.1629851
1.1514835
1.1400021
1.1287146
1.1178695
1.1077728
1.0988924
1.0918207
1.087564
1.0875346
1.0945423
1.1138014
1.158429
19.319523
19.31945
19.323167
19.332779
19.349591
19.374317
19.408071
19.451673
19.506288
19.572996
19.653358
19.748691
19.860732
19.99136
20.142637
20.316818
20.516401
20.74417
21.003059
21.296341
21.627465
22.000119
22.418182
22.885599
23.406371
23.984452
24.623374
25.326358
26.095665
26.932626
27.836932
28.806443
29.836616
30.919989
32.045881
33.199925
34.363697
35.514503
36.625129
37.663559
38.592468
39.36869
39.942102
40.254138
40.235984
39.806958
38.874564
37.339467
35.112279
32.152644
28.537625
24.532755
20.574578
17.095385
14.319324
12.23021
10.68554
9.5274184
8.6295037
7.9026402
7.287579
6.7462687
6.2551122
5.8001478
5.3735834
4.9713244
4.5913438
4.232799
3.8956871
3.5806867
3.2888734
3.0213097
2.7786594
2.5609658
2.3676079
2.1973723
2.0487199
1.9199782
1.8094367
1.7156279
1.6368642
1.5710578
1.51646
1.4714281
1.4344713
1.4043061
1.3798462
1.360129
1.3442454
1.3313184
1.3205428
1.3112407
1.3028821
1.2950707
1.2875167
1.2800107
1.2724011
1.264579
1.2564663
1.2480081
1.2391681
1.2299255
1.2202735
1.2102196
1.1997847
1.1890067
1.1779401
1.1666637
1.1552792
1.1439282
1.1327871
1.1221077
1.1122009
1.1035413
1.096732
1.0927955
1.0931714
1.1007223
1.1207737
1.1667533
22.446716
22.44789
22.454183
22.46857
22.492617
22.527265
22.573884
22.633561
22.707769
22.797991
22.905844
23.033311
23.182413
23.355358
23.554568
23.782678
24.042574
24.337267
24.670066
25.044286
25.463509
25.93126
26.451175
27.026644
27.660839
28.356445
29.115534
29.939193
30.827309
31.778194
32.788332
33.851953
34.960781
36.103704
37.266527
38.431811
39.578678
40.682598
41.715162
42.643593
43.430209
44.031449
44.396373
44.464881
44.165516
43.413587
42.111126
40.152629
37.444548
33.952395
29.784814
25.276953
20.947912
17.262578
14.406648
12.301789
10.762428
9.6115695
8.717088
7.989187
7.3695005
6.8211415
6.3216154
5.8578847
5.4228388
5.0127855
4.6258471
4.2611675
3.9186878
3.5990665
3.3033825
3.0326838
2.7875785
2.5680181
2.3732754
2.2020167
2.0525988
1.9232822
1.8123655
1.7184907
1.6395402
1.5735891
1.5188954
1.473806
1.4368194
1.4066476
1.3822027
1.3625181
1.3466769
1.3337951
1.323064
1.3138049
1.3054883
1.2977187
1.290207
1.2827444
1.2751805
1.2674068
1.2593459
1.2509437
1.2421641
1.2329873
1.223407
1.2134312
1.2030818
1.1923973
1.1814335
1.1702702
1.1590106
1.1477984
1.1368125
1.1263083
1.1166016
1.1081741
1.1016392
1.0980367
1.098834
1.1069477
1.1278181
1.1751929
25.936947
25.939474
25.948958
25.969022
26.001855
26.048595
26.110578
26.189197
26.286349
26.403703
26.543424
26.707667
26.898657
27.11912
27.371741
27.659355
27.985072
28.352058
28.763566
29.222949
29.733381
30.298103
30.919857
31.601261
32.344146
33.149626
34.017856
34.947686
35.93654
36.979926
38.071477
39.202496
40.361861
41.535824
42.70791
43.858652
44.965562
46.002791
46.940735
47.745455
48.377879
48.792579
48.936192
48.745351
48.14448
47.043853
45.339729
42.920895
39.691467
35.627803
30.881673
25.874013
21.209841
17.365811
14.465856
12.363768
10.836671
9.6947167
8.8034538
8.0738969
7.449044
6.893291
6.385251
5.912787
5.4694297
5.0518391
4.6582357
4.2877071
3.9401164
3.6161018
3.3167507
3.0430977
2.7956936
2.5743966
2.3783754
2.2061752
2.0560489
1.9262108
1.8150727
1.7210782
1.6419511
1.5758744
1.5211044
1.4759743
1.4389724
1.4088062
1.3843865
1.3647428
1.3489508
1.3361196
1.3254376
1.3162257
1.3079549
1.3002305
1.2927647
1.2853494
1.2778348
1.2701135
1.2621086
1.2537666
1.2450523
1.2359462
1.2264428
1.2165508
1.2062927
1.1957081
1.1848536
1.1738104
1.1626832
1.1516177
1.1407956
1.1304757
1.1209789
1.1127941
1.1065456
1.1032905
1.1045249
1.113221
1.1349371
1.1837507
29.808039
29.811574
29.823735
29.85022
29.892631
29.952391
30.031168
30.131081
30.253769
30.401494
30.576629
30.781551
31.018974
31.291588
31.60236
31.954319
32.350578
32.794161
33.288228
33.835704
34.439305
35.101441
35.82402
36.608232
37.454616
38.362439
39.329904
40.35366
41.428748
42.548392
43.703674
44.883619
46.074867
47.261624
48.425502
49.545415
50.597251
51.5535
52.38272
53.048914
53.510492
53.71902
53.617517
53.138567
52.202107
50.713566
48.56427
45.638805
41.841708
37.16673
31.823061
26.333311
21.382292
17.42842
14.51366
12.42556
10.912899
9.7790345
8.8896548
8.1573534
7.5266031
6.9630317
6.4462966
5.9651076
5.513586
5.0886919
4.6886902
4.3125717
3.9601012
3.6319002
3.329068
3.0526268
2.8030674
2.5801532
2.3829503
2.209881
2.0590993
1.9287885
1.8175867
1.7234004
1.6441103
1.5779285
1.5231007
1.4779462
1.4409428
1.4107938
1.3864093
1.3668146
1.3510781
1.3383026
1.327674
1.318513
1.3102915
1.3026159
1.2951993
1.2878346
1.280373
1.2727077
1.2647628
1.2564852
1.2478405
1.2388097
1.2293881
1.2195851
1.209424
1.1989451
1.1882063
1.1772898
1.1663022
1.1553911
1.1447408
1.1346139
1.1253364
1.1174047
1.1114541
1.1085594
1.1102466
1.1195444
1.1421329
1.1924295
34.258218
34.262642
34.277498
34.309968
34.361609
34.434703
34.53067
34.651988
34.800873
34.97965
35.190734
35.437089
35.72138
36.046455
36.415381
36.831121
37.296618
37.814821
38.388376
39.019703
39.710828
40.463164
41.277594
42.153991
43.091269
44.087221
45.138006
46.238495
47.381671
48.55868
49.758694
50.968761
52.173632
53.355694
54.494788
55.567899
56.548901
57.407858
58.110668
58.618184
58.885141
58.858999
58.478452
57.671632
56.354232
54.427883
51.780726
48.295654
43.881653
38.558795
32.611017
26.674555
21.494132
17.474627
14.564597
12.494217
10.994206
9.86591
8.976406
8.2400283
7.602562
7.0307077
6.5050665
6.0151326
5.555563
5.123564
4.7173965
4.3359141
3.9787662
3.6465621
3.3404169
3.0613391
2.8097563
2.5853338
2.3870374
2.2131632
2.0617769
1.9311249
1.8198519
1.7254671
1.6460322
1.5797654
1.5248978
1.4797343
1.4427425
1.412622
1.3882819
1.368744
1.3530691
1.3403542
1.329783
1.3206765
1.3125076
1.3048839
1.2975196
1.2902087
1.2828033
1.2751977
1.2673163
1.259107
1.250536
1.241585
1.2322499
1.2225408
1.2124819
1.2021144
1.1914971
1.1807138
1.1698724
1.1591229
1.1486522
1.1387267
1.1296776
1.1220091
1.1163675
1.1138462
1.1160012
1.1259201
1.1494077
1.2012322
39.298237
39.302812
39.320626
39.358871
39.420283
39.506522
39.620337
39.763562
39.938879
40.149047
40.396753
40.684595
41.015757
41.393008
41.819369
42.297676
42.830679
43.420813
44.070388
44.781038
45.554047
46.38992
47.288274
48.24774
49.265784
50.338581
51.460785
52.62534
53.823515
55.044709
56.2762
57.503193
58.708549
59.872659
60.973244
61.984867
62.878432
63.620972
64.174621
64.496066
64.535468
64.235562
63.5305
62.344458
60.590197
58.167814
54.965315
50.867447
45.792496
39.797683
33.259724
26.930172
21.579462
17.527235
14.629766
12.574448
11.082544
9.9561304
9.0641516
8.3222806
7.6772559
7.096637
6.5618603
6.0631356
5.5956038
5.1566655
4.7445296
4.3578772
3.9962252
3.6601787
3.3508721
3.0692958
2.8158108
2.5899802
2.3906701
2.2160476
2.0640993
1.9332741
1.8218622
1.7272901
1.6477307
1.5813986
1.5265084
1.4813506
1.444383
1.4143016
1.3900151
1.3705411
1.3549335
1.3422838
1.3317738
1.3227251
1.3146119
1.307043
1.2997339
1.2924798
1.2851338
1.2775909
1.2697765
1.2616392
1.2531457
1.2442786
1.2350344
1.2254239
1.2154721
1.2052213
1.1947313
1.1840871
1.1733985
1.1628175
1.1525338
1.1428177
1.1340059
1.12661
1.1212885
1.1191531
1.1217912
1.1323502
1.156764
1.2101618
44.884546
44.890063
44.910137
44.954824
45.026012
45.126716
45.258735
45.425101
45.628562
45.871587
46.157375
46.488704
46.868624
47.299946
47.785427
48.327859
48.929546
49.592674
50.318578
51.108524
51.962664
52.88054
53.860609
54.900219
55.995364
57.140556
58.328949
59.551756
60.798451
62.056531
63.311469
64.546366
65.741927
66.87621
67.924174
68.857106
69.642478
70.243115
70.61659
70.714497
70.481834
69.856396
68.768224
67.138918
64.880934
61.896626
58.078484
53.317669
47.547649
40.876002
33.787549
27.134002
21.667049
17.601649
14.715147
12.667852
11.178085
10.049675
9.1529288
8.4042322
7.7508665
7.161033
6.616898
6.1093311
5.6339053
5.1881689
4.7702361
4.3785811
4.0125755
3.6728305
3.3604997
3.0765523
2.8212769
2.5941301
2.3938785
2.2185589
2.066094
1.9352546
1.8236276
1.7288825
1.6492194
1.5828408
1.5279445
1.4828065
1.4458751
1.415843
1.3916184
1.3722153
1.3566804
1.3441001
1.3336549
1.3246671
1.3166124
1.309101
1.3018499
1.2946554
1.2873717
1.2798946
1.2721505
1.2640885
1.2556762
1.2468968
1.2377476
1.2282401
1.2184002
1.2082711
1.1979136
1.1874144
1.1768847
1.1664787
1.1563891
1.1468903
1.1383241
1.1312105
1.1262196
1.1244825
1.1276187
1.138837
1.1642039
1.2192215
51.284028
51.289056
51.311462
51.361678
51.442203
51.555798
51.705171
51.893334
52.122618
52.396756
52.717949
53.089827
53.514919
53.996218
54.536206
55.137382
55.801806
56.530819
57.325638
58.186354
59.112447
60.102426
61.153516
62.261939
63.422247
64.627568
65.869343
67.137244
68.418859
69.699847
70.963439
72.190538
73.359304
74.444743
75.418193
76.247135
76.894427
77.317767
77.469095
77.294108
76.732148
75.716241
74.173333
72.024981
69.187535
65.57148
61.079877
55.615062
49.132127
41.803811
34.229058
27.325018
21.781568
17.707875
14.823202
12.774379
11.280358
10.146193
9.2425763
8.4858671
7.8234645
7.2240135
6.6703225
6.1538674
5.6706109
5.2182041
4.7946277
4.3981204
4.0278956
3.6845836
3.3693572
3.0831578
2.8261967
2.5978182
2.3966894
2.2207171
2.0678843
1.9369964
1.8251567
1.7302573
1.6505108
1.584104
1.5292174
1.4841128
1.447229
1.4172559
1.3931014
1.3737756
1.3583184
1.3458116
1.3354344
1.3265104
1.3185167
1.3110655
1.3038749
1.2967425
1.2895238
1.2821154
1.2744445
1.2664611
1.2581334
1.2494454
1.2403951
1.2309948
1.2212712
1.2112685
1.2010487
1.1906998
1.1803348
1.1701102
1.1602217
1.1509475
1.1426353
1.135813
1.1311632
1.1298367
1.1334857
1.1453825
1.1717299
1.2284144
58.369582
58.373954
58.398252
58.453886
58.543595
58.670373
58.83737
59.047212
59.303486
59.608715
59.966406
60.379395
60.85051
61.382537
61.977802
62.638331
63.365863
64.161325
65.024954
65.95627
66.953799
68.014848
69.135681
70.310899
71.533931
72.796137
74.087276
75.39524
76.705614
78.001733
79.264501
80.472033
81.599317
82.617416
83.49358
84.190354
84.665058
84.869222
84.748091
84.240799
83.280773
81.796759
79.714846
76.960786
73.461644
69.144358
63.92956
57.734548
50.54352
42.607708
34.628558
27.539613
21.940445
17.850862
14.954079
12.893168
11.388653
10.245263
9.3329079
8.5671422
7.8950861
7.2856583
6.722235
6.1968541
5.7058263
5.2468672
4.817789
4.4165672
4.0422476
3.6954938
3.3774946
3.089157
2.8306085
2.6010765
2.3991271
2.2225345
2.0695124
1.9385023
1.8264598
1.7314267
1.6516169
1.5851997
1.530338
1.4852797
1.4484545
1.4185495
1.3944727
1.3752303
1.3598556
1.3474258
1.3371197
1.3282621
1.3203321
1.3129433
1.3058155
1.2987478
1.2915965
1.2842595
1.2766646
1.2687628
1.2605229
1.2519298
1.242982
1.2336928
1.2240897
1.214218
1.2041407
1.1939473
1.1837527
1.1737156
1.1640347
1.1549923
1.146942
1.1404201
1.1361217
1.1352177
1.1393943
1.1519886
1.1793441
1.2377436
66.274984
66.277577
66.303217
66.363131
66.461146
66.600044
66.783101
67.013815
67.294852
67.629853
68.022084
68.473927
68.988817
69.569088
70.216872
70.933873
71.721192
72.579545
73.508198
74.505989
75.570489
76.697954
77.883356
79.120048
80.399856
81.712624
83.046212
84.386487
85.716765
87.017853
88.267954
89.441732
90.509919
91.439303
92.191884
92.724181
92.986587
92.923071
92.471004
91.561872
90.122798
88.079523
85.360895
81.903975
77.65699
72.574399
66.600829
59.670849
51.80544
43.337892
35.039051
27.810414
22.155884
18.032748
15.107411
13.023647
11.502478
10.346634
9.4238382
8.6480638
7.965785
7.3460428
6.7727198
6.2383766
5.7396329
5.2742313
4.8397828
4.4339772
4.0556812
3.7056084
3.3849569
3.0945911
2.8345486
2.6039343
2.4012133
2.2240303
2.0710005
1.9397806
1.8275483
1.7324026
1.6525492
1.5861387
1.5313165
1.486317
1.4495607
1.4197325
1.3957405
1.3765872
1.3612993
1.34895
1.3387178
1.3299292
1.322065
1.3147408
1.3076781
1.3006773
1.2935958
1.2863326
1.2788165
1.2709991
1.2628501
1.254355
1.2455133
1.2363389
1.2268603
1.2171237
1.2071937
1.1971608
1.1871419
1.177298
1.167831
1.1590276
1.1512469
1.1450341
1.1410971
1.1406275
1.1453464
1.1586575
1.187049
1.2472125
74.764605
74.764191
74.789977
74.853927
74.959378
75.110061
75.309233
75.560373
75.867511
76.233347
76.661491
77.155096
77.716761
78.348924
79.053583
79.832271
80.685472
81.613028
82.613934
83.685968
84.825484
86.027867
87.286444
88.593309
89.938346
91.309626
92.692894
94.071525
95.426301
96.735185
97.972559
99.108736
100.10991
100.93729
101.54627
101.8858
101.89761
101.51607
100.66882
99.278165
97.264792
94.554022
91.084155
86.815546
81.733265
75.832346
69.085122
61.442749
52.965847
44.055712
35.507074
28.158136
22.432347
18.252516
15.281416
13.164446
11.620996
10.449839
9.5151233
8.7285139
8.035515
7.4051641
6.8218018
6.2784749
5.7720757
5.3003406
4.8606524
4.450392
4.0682382
3.7149706
3.3917863
3.0994993
2.8380506
2.606418
2.4029679
2.2253073
2.0722923
1.9408378
1.8284332
1.7331961
1.6533183
1.5869312
1.5321627
1.4872338
1.4505563
1.420813
1.3969126
1.3778538
1.3626567
1.350391
1.3402354
1.3315179
1.3237217
1.3164642
1.3094685
1.3025367
1.2955273
1.2883403
1.2809054
1.273175
1.2651197
1.2567258
1.2479933
1.2389373
1.229587
1.2199897
1.2102112
1.2003435
1.1905055
1.1808605
1.1716136
1.1630558
1.1555524
1.1496573
1.1460915
1.1460682
1.151344
1.1653912
1.1948468
1.2568244
83.785014
83.773254
83.796239
83.858611
83.967284
84.12585
84.338277
84.608216
84.939664
85.336575
85.801825
86.339562
86.951736
87.641215
88.409674
89.257909
90.186564
91.194532
92.280194
93.440078
94.669882
95.96326
97.312409
98.707363
100.13625
101.5849
103.03627
104.47146
105.86807
107.19959
108.43592
109.54252
110.47947
111.2007
111.65306
111.77539
111.49785
110.74218
109.423
107.4513
104.74175
101.22419
96.858607
91.64836
85.637821
78.876543
71.363868
63.062054
54.062343
44.801519
36.05441
28.586465
22.766314
18.506144
15.473046
13.313522
11.742961
10.554107
9.6062795
8.8081908
8.1040923
7.4629208
6.8694345
6.3171376
5.803165
5.3252176
4.880426
4.4658447
4.0799558
3.723622
3.3980239
3.1039192
2.8411453
2.6085503
2.4044042
2.2264311
2.0733629
1.9416813
1.829125
1.7338177
1.6539345
1.5875869
1.5328859
1.4880389
1.4514495
1.4217988
1.3979963
1.3790368
1.3639342
1.3517551
1.3416784
1.3330342
1.3253079
1.3181189
1.3111923
1.3043313
1.2973961
1.2902875
1.2829361
1.2752953
1.2673364
1.2590465
1.2504264
1.2414921
1.2322737
1.2228196
1.2131967
1.2034989
1.1938466
1.1844059
1.1753851
1.1670794
1.1598607
1.1542916
1.151107
1.1515416
1.1573888
1.1721915
1.2027398
1.2665828
93.197313
93.141989
93.150913
93.201871
93.306761
93.468288
93.69131
93.979411
94.337078
94.767943
95.276382
95.86486
96.537229
97.295306
98.140879
99.07489
100.09717
101.20643
102.40005
103.67418
105.02297
106.43892
107.91258
109.43221
110.98352
112.54966
114.11156
115.64607
117.12607
118.52038
119.79317
120.90276
121.80082
122.43098
122.72792
122.61601
122.00879
120.81004
118.91634
116.22481
112.64658
108.12724
102.67144
96.358772
89.324566
81.685232
73.456153
64.589451
55.175678
45.643493
36.720857
29.113334
23.165071
18.796604
15.683464
13.47126
11.868427
10.659367
9.6972056
8.8869962
8.1714378
7.5192564
6.9155857
6.354354
5.832906
5.3488793
4.8991295
4.4803681
4.0908733
3.7316047
3.4037102
3.107886
2.8438602
2.6103494
2.4055331
2.2274285
2.074217
1.9423196
1.8296338
1.7342774
1.6544074
1.5881152
1.5334947
1.4887405
1.4522479
1.4226972
1.3989983
1.3801427
1.3651381
1.3530481
1.3430525
1.3344836
1.326829
1.3197103
1.3128544
1.3060662
1.299207
1.2921788
1.2849132
1.2773644
1.2695044
1.2613212
1.2528165
1.244007
1.2349239
1.2256167
1.2161535
1.2066298
1.1971682
1.1879369
1.1791479
1.1711008
1.1641739
1.1589391
1.1561453
1.1570494
1.1634828
1.1790604
1.2107305
1.2764914
102.84448
102.71683
102.70415
102.74396
102.84473
103.01111
103.24711
103.55824
103.94824
104.42236
104.98411
105.63793
106.38656
107.23294
108.17887
109.22517
110.37168
111.61672
112.95719
114.38838
115.9034
117.49352
119.14741
120.85099
122.5875
124.33779
126.07857
127.7813
129.41378
130.93862
132.31173
133.48196
134.38918
134.96277
135.11997
134.76456
133.78625
132.06316
129.46718
125.87874
121.21088
115.44432
108.66489
101.0758
92.939286
84.438551
75.57222
66.239443
56.487583
46.706668
37.578757
29.777111
23.648743
19.13455
15.918311
13.640645
11.998992
10.766494
9.7883855
8.9651949
8.2376904
7.5742444
6.960297
6.3901532
5.8613278
5.3713577
4.9167982
4.4940023
4.1010358
3.7389619
3.4088838
3.1114305
2.846217
2.6118289
2.4063706
2.2283144
2.0748597
1.9427619
1.8299694
1.734585
1.6547464
1.588525
1.5339975
1.4893463
1.4529589
1.4235148
1.3999251
1.3811774
1.3662739
1.3542756
1.3443631
1.3358712
1.3282899
1.3212431
1.3144596
1.3077459
1.3009646
1.2940188
1.286841
1.2793863
1.2716277
1.2635537
1.2551672
1.2464855
1.237541
1.2283842
1.2190846
1.2097392
1.2004727
1.191456
1.1829043
1.1751221
1.1684941
1.1636018
1.1612083
1.1625935
1.1696277
1.1859999
1.2188212
1.2865536
112.6017
112.36826
112.33061
112.35994
112.45961
112.63578
112.89304
113.23711
113.67371
114.20792
114.84456
115.58861
116.44385
117.41347
118.49972
119.70399
121.02594
122.46391
124.01436
125.67162
127.42787
129.27244
131.19196
133.16929
135.18523
137.21656
139.23341
141.20196
143.08241
144.8283
146.38485
147.68738
148.65969
149.21127
149.23515
148.60623
147.18128
144.80269
141.31049
136.56772
130.50279
123.1669
114.78578
105.75017
96.478203
87.188728
77.799715
68.10154
58.063664
48.027964
38.646735
30.588528
24.224504
19.5248
16.180644
13.823559
12.135836
10.876251
9.8803223
9.0431134
8.3030582
7.6280149
7.0036535
6.4246004
5.8884869
5.3927039
4.9334812
4.5067975
4.1104915
3.7457349
3.4135799
3.1145795
2.8482318
2.6129999
2.4070267
2.2290139
2.0752947
1.9430171
1.8301412
1.7347496
1.6549604
1.5888246
1.5344023
1.4898637
1.4535893
1.424258
1.4007824
1.3821467
1.3673471
1.3554425
1.345615
1.3372017
1.3296952
1.3227219
1.3160123
1.3093746
1.3026729
1.2958113
1.2887233
1.2813649
1.2737098
1.2657477
1.2574819
1.248931
1.2401281
1.231125
1.2219927
1.2128297
1.2037627
1.1949654
1.1866566
1.1791453
1.1728232
1.1682813
1.1662976
1.1681754
1.1758251
1.1930118
1.2270143
1.2967733
122.54791
122.18757
122.12015
122.14178
122.24695
122.44144
122.73371
123.12899
123.63418
124.2563
125.00111
125.87436
126.88107
128.02538
129.3105
130.73786
132.30779
134.01832
135.86517
137.84203
139.93906
142.14359
144.43883
146.80418
149.2165
151.64602
154.05563
156.40308
158.63854
160.703
162.5271
164.02807
165.10757
165.64831
165.51036
164.52916
162.51682
159.26855
154.58547
148.31816
140.43823
131.12823
120.84183
110.23108
99.868853
89.929409
80.16019
70.192245
59.902991
49.595269
39.912597
31.540345
24.889259
19.966339
16.470205
14.019992
12.279056
10.988792
9.9731793
9.1208949
8.3676558
7.6806594
7.0457358
6.4577705
5.9144539
5.4129821
4.9492386
4.5188087
4.1192878
3.7519609
3.4178329
3.1173538
2.8499119
2.613868
2.4075559
2.2294995
2.0755274
1.9430941
1.8301584
1.7347805
1.6550581
1.5890221
1.5347165
1.4902997
1.4541455
1.4249329
1.401576
1.3830557
1.3683626
1.3565538
1.3468129
1.3384796
1.3310494
1.3241508
1.3175166
1.3109565
1.3043359
1.2975602
1.2905638
1.2833037
1.2757544
1.2679063
1.2597638
1.2513463
1.2426881
1.233842
1.2248805
1.2159037
1.2070406
1.1984674
1.1904067
1.1831723
1.1771629
1.1729794
1.1714149
1.1737969
1.1820768
1.2000982
1.2353123
1.3071543
133.24505
132.77069
132.67405
132.69356
132.81109
133.03856
133.38296
133.85266
134.45576
135.19959
136.09256
137.14137
138.35268
139.7315
141.28188
143.00616
144.90446
146.97486
149.2121
151.60826
154.15144
156.82533
159.60891
162.47693
165.40041
168.34066
171.25113
174.07798
176.75777
179.21532
181.36129
183.08946
184.27201
184.75561
184.35646
182.85747
180.01126
175.55316
169.24112
160.93044
150.69081
138.93837
126.47722
114.27945
102.99965
92.625131
82.637587
72.485692
61.968208
51.371077
41.348063
32.615253
25.633622
20.45425
16.784327
14.228434
12.427794
11.103651
10.066722
9.1984281
8.4314403
7.7321847
7.086584
6.4897273
5.9392995
5.4322645
4.9641312
4.5300903
4.127466
3.7576761
3.4216646
3.1197534
2.8512584
2.6144373
2.4079775
2.229773
2.0755652
1.9430021
1.8300304
1.7346865
1.6550477
1.5891253
1.5349473
1.4906608
1.4546334
1.4255449
1.402311
1.3839093
1.369325
1.3576137
1.3479609
1.3397091
1.3323564
1.3255338
1.3189763
1.3124952
1.3059573
1.299269
1.292366
1.285206
1.2777644
1.2700326
1.2620159
1.2537344
1.2452237
1.2365377
1.2277504
1.2189636
1.2103084
1.201964
1.1941565
1.187205
1.1815149
1.1776976
1.1765618
1.1794595
1.1883844
1.2072608
1.2437177
1.3177005
146.05332
145.54211
145.43762
145.46813
145.61429
145.89379
146.31323
146.88341
147.61386
148.51383
149.59299
150.85923
152.32122
153.98454
155.85453
157.93378
160.22266
162.71815
165.41449
168.30087
171.36269
174.57935
177.9232
181.36545
184.86792
188.37974
191.84276
195.18894
198.33686
201.19036
203.63465
205.53235
206.71733
206.98849
206.10362
203.77654
199.68248
193.48487
184.90437
173.84551
160.58271
145.93145
131.18813
117.62098
105.76786
95.241871
85.200659
74.935002
64.204869
53.306815
42.917778
33.791085
26.444876
20.981439
17.118951
14.446453
12.580559
11.219924
10.1604
9.2753811
8.4942278
7.7825118
7.1261944
6.5205076
5.9630834
5.4506159
4.9782149
4.5406852
4.1350494
3.762898
3.4250382
3.1217418
2.8522608
2.6147119
2.408303
2.2298386
2.0754167
1.9427503
1.8297661
1.7344761
1.6549374
1.5891415
1.5351013
1.4909531
1.4550589
1.4260992
1.4029923
1.3847119
1.3702385
1.3586263
1.349063
1.3408938
1.3336198
1.3268745
1.3203949
1.3139941
1.3075402
1.300941
1.294133
1.2870748
1.279743
1.2721296
1.2642408
1.2560979
1.2477374
1.2392145
1.2306046
1.2220114
1.2135683
1.2054571
1.1979079
1.1912449
1.1858809
1.1824376
1.1817397
1.1851646
1.1947496
1.2145017
1.2522329
1.3284162
163.45542
163.01869
162.9393
162.99527
163.19161
163.53951
164.05248
164.74068
165.61495
166.68691
167.96671
169.46464
171.18903
173.14765
175.34566
177.78611
180.46891
183.39045
186.54281
189.91344
193.48335
197.22525
201.11071
205.10308
209.14845
213.18643
217.14442
220.93575
224.45752
227.58682
230.17581
232.04609
232.98028
232.71346
230.92471
227.23686
221.227
212.48237
200.71993
185.99966
169.00446
151.19107
134.42728
120.04674
108.13176
97.766445
87.81364
77.483291
66.551874
55.350642
44.584392
35.044038
27.309021
21.539919
17.46942
14.6712
12.735542
11.336457
10.253474
9.3512789
8.555732
7.8314961
7.1645207
6.5501235
5.9858481
5.4680848
4.9915297
4.550572
4.1419331
3.7674368
3.4278065
3.1232562
2.852857
2.6147393
2.4084516
2.2296997
2.0750907
1.9423483
1.8293746
1.7341579
1.6547347
1.5890777
1.5351849
1.4911825
1.4554271
1.4266009
1.4036242
1.3854679
1.3711072
1.3595955
1.3501228
1.3420375
1.3348432
1.3281763
1.3217757
1.3154564
1.3090879
1.3025791
1.2958677
1.2889131
1.2816928
1.2741998
1.2664411
1.2584392
1.2502315
1.2418746
1.2334453
1.2250492
1.216822
1.2089485
1.2016625
1.1952937
1.1902623
1.1872008
1.1869501
1.1909139
1.201174
1.2218226
1.2608605
1.3393053
187.15662
186.847
186.80736
186.90405
187.16236
187.59493
188.21269
189.02938
190.05662
191.30739
192.79269
194.52331
196.5097
198.7588
201.27581
204.06476
207.12391
210.44838
214.02798
217.84565
221.87662
226.09585
230.46638
234.93365
239.43542
243.89643
248.22581
252.31364
256.029
259.213
261.67374
263.17641
263.43325
262.09022
258.72117
252.8269
243.87162
231.38817
215.19474
195.74784
174.49801
153.78846
135.85442
121.55147
110.15226
100.21482
90.443297
80.074167
68.95218
57.455992
46.314483
36.352457
28.213053
22.122121
17.831252
14.899871
12.890899
11.452039
10.345141
9.4255911
8.6156247
7.8789623
7.2014904
6.5785659
6.0076225
5.4846911
5.0039439
4.5594666
4.1479468
3.7713261
3.4300929
3.1243565
2.8531062
2.6146569
2.4083611
2.2293595
2.0745958
1.9418057
1.8288651
1.7337401
1.6544472
1.5889407
1.5352042
1.4913543
1.4557429
1.4270542
1.4042111
1.386181
1.3719347
1.3605249
1.3511439
1.3431433
1.3360298
1.3294422
1.3231217
1.3168851
1.3106032
1.3041863
1.2975728
1.2907234
1.2836164
1.2762457
1.2686193
1.2607606
1.2527082
1.24452
1.2362744
1.2280789
1.2200714
1.2124398
1.205422
1.1993529
1.1946606
1.1919885
1.1921944
1.1967087
1.2076592
1.2292255
1.2696031
1.3503723
217.17166
216.96813
216.97544
217.13188
217.47508
218.01454
218.76446
219.73748
220.94867
222.41048
224.13493
226.13415
228.41687
230.99265
233.86578
237.03736
240.50585
244.26246
248.29091
252.5757
257.09135
261.79363
266.63346
271.54656
276.45511
281.2615
285.84963
290.07784
293.77474
296.73164
298.69205
299.34081
298.2874
295.05286
289.06456
279.67051
266.22939
248.32033
226.14161
201.04195
175.71975
153.31553
135.65333
122.4206
111.99532
102.63254
93.070618
82.667975
71.367173
59.591896
48.085421
37.701131
29.147445
22.722248
18.200872
15.13013
13.045017
11.565576
10.434652
9.4978124
8.6735845
7.9247317
7.2370241
6.6058403
6.0284202
5.500196
5.0152088
4.5675232
4.1534222
3.7747978
3.4320222
3.1251387
2.853085
2.6144872
2.408059
2.2288231
2.0739451
1.9411319
1.8282463
1.7332306
1.654082
1.5887367
1.5351648
1.4914737
1.4560111
1.4274636
1.4047568
1.386855
1.3727245
1.3614175
1.3521293
1.3442143
1.3371825
1.3306752
1.3244358
1.3182829
1.3120889
1.305765
1.299251
1.2925083
1.2855162
1.2782696
1.2707774
1.2630641
1.2551695
1.2471527
1.2390938
1.2311022
1.2233181
1.2159326
1.2091877
1.203424
1.1990772
1.1968021
1.197474
1.2025505
1.2142068
1.2367124
1.2784634
1.3616217
253.86991
253.73988
253.78975
254.02138
254.46909
255.14275
256.05794
257.22957
258.6702
260.39692
262.42093
264.75469
267.40794
270.38714
273.69712
277.33372
281.29536
285.57418
290.14576
294.98433
300.05006
305.29146
310.64118
316.01638
321.31327
326.40451
331.13462
335.31413
338.71115
341.04111
341.95061
341.00184
337.65239
331.244
321.00188
306.11062
285.9174
260.37144
230.71551
199.98394
172.23828
150.36304
134.57096
123.124
113.86341
105.07658
95.695977
85.251482
73.783815
61.747367
49.888092
39.083048
30.107202
23.336875
18.575977
15.360347
13.196674
11.676207
10.521403
9.5675208
8.7293464
7.9686666
7.2710948
6.6319518
6.047974
5.5144416
5.0256168
4.5750166
4.1584147
3.7778512
3.4335885
3.1256062
2.8528021
2.6142637
2.4075694
2.228109
2.0731512
1.9403366
1.827527
1.7326371
1.6536459
1.5884718
1.5350721
1.4915455
1.4562359
1.4278328
1.4052649
1.3874933
1.3734797
1.3622766
1.3530819
1.3452534
1.3383041
1.331878
1.3257206
1.3196525
1.3135473
1.3073178
1.3009044
1.29427
1.2873944
1.2802736
1.2729177
1.2653519
1.2576173
1.2497746
1.2419053
1.2341206
1.2265636
1.2194283
1.2129611
1.2075081
1.2035133
1.2016429
1.2027901
1.2084405
1.2208182
1.2442851
1.287444
1.373058
299.0618
298.95663
299.03323
299.33512
299.88177
300.69457
301.78622
303.17788
304.88345
306.91849
309.29978
312.03595
315.13965
318.61833
322.46875
326.69153
331.27308
336.19739
341.43502
346.94523
352.67416
358.54813
364.47579
370.34046
376.0002
381.27899
385.95936
389.77553
392.39883
393.42309
392.34182
388.52604
381.20721
369.46248
352.28455
328.78826
298.71077
263.28353
226.02105
192.02878
165.26915
146.41148
133.54077
124.07808
115.9
107.58434
98.32779
87.829736
76.207049
63.925424
51.723229
40.497542
31.091049
23.964582
18.955433
15.589608
13.345072
11.78335
10.604963
9.6344239
8.7827578
8.010724
7.3036969
6.6566594
6.0660847
5.5276884
5.0353597
4.5819315
4.1629015
3.7804704
3.4347836
3.1257652
2.8523551
2.6139085
2.4068989
2.2272498
2.072214
1.9394415
1.8267161
1.7319671
1.6531453
1.5881517
1.534931
1.491574
1.4564212
1.4281656
1.4057388
1.3880988
1.3742033
1.3631049
1.3540045
1.3462632
1.3393971
1.3330529
1.3269785
1.3209961
1.3149809
1.3088468
1.3025355
1.2960105
1.2892531
1.2822598
1.2750418
1.2676256
1.2600534
1.2523872
1.2447102
1.2371358
1.2298094
1.2229284
1.2167436
1.2116067
1.2079701
1.2065121
1.208144
1.2143803
1.2274951
1.2519456
1.2965477
1.3846859
355.17762
355.0707
355.17456
355.54952
356.22228
357.20961
358.53322
360.2101
362.26198
364.70429
367.55272
370.81903
374.51393
378.63928
383.19605
388.17313
393.55441
399.3083
405.39125
411.74029
418.27414
424.8869
431.44469
437.77883
443.68056
448.89094
453.09181
455.88751
456.78959
455.1905
450.33602
441.30028
426.96651
406.09692
377.5718
341.00308
297.85901
252.52109
211.40917
179.45079
157.43169
143.0311
133.20687
125.47534
118.13996
110.15611
100.96992
90.413431
78.648593
66.134889
53.596181
41.947294
32.099832
24.605174
19.338939
15.817553
13.489777
11.886681
10.685103
9.6984056
8.8337987
8.050899
7.3346264
6.6796467
6.0829477
5.5401407
5.0444122
4.5882403
4.1668681
3.7826511
3.4356076
3.1256264
2.8518344
2.6133543
2.4060531
2.2262483
2.0711655
1.9384444
1.8258212
1.7312277
1.6525866
1.5877817
1.5347463
1.4915635
1.4565709
1.4284653
1.4061816
1.3886746
1.3748981
1.363905
1.3548995
1.3472461
1.340464
1.3342025
1.3282118
1.322316
1.3163917
1.3103541
1.304146
1.297732
1.291094
1.2842299
1.2771517
1.269887
1.2624794
1.2549921
1.2475103
1.2401492
1.2330569
1.2264342
1.2205362
1.2157208
1.2124489
1.2114108
1.2135368
1.220371
1.234239
1.2596959
1.3057772
1.3965103
426.06279
425.9828
426.14586
426.65551
427.52454
428.78382
430.45392
432.55585
435.11236
438.14112
441.66075
445.68136
450.21131
455.25305
460.79462
466.81577
473.2816
480.13885
487.31612
494.71218
502.20003
509.61206
516.74037
523.32182
529.0303
533.4639
536.12345
536.39427
533.51306
526.53917
514.32023
495.47559
468.49101
432.04677
385.86053
332.18139
276.98024
228.29372
191.53109
166.87808
151.25541
141.14027
133.78376
127.31897
120.55622
112.78234
103.63074
93.017872
81.122331
68.385551
55.513052
43.435694
33.134982
25.258909
19.726613
16.044127
13.630612
11.98611
10.76181
9.7595069
8.882489
8.0889833
7.3634719
6.7010793
6.0988474
5.5517705
5.0527444
4.5939273
4.1703103
3.7843961
3.4360675
3.1251994
2.8512602
2.6126041
2.4050414
2.2251129
2.0700155
1.9373466
1.8248574
1.730426
1.6519756
1.5873669
1.5345224
1.4915178
1.4566885
1.4287351
1.4065962
1.3892233
1.3755665
1.3646794
1.3557693
1.3482044
1.3415068
1.3353287
1.3294225
1.3236141
1.3177818
1.3118418
1.305738
1.2994361
1.2929191
1.2861856
1.2792489
1.2721377
1.2648967
1.2575908
1.2503067
1.2431619
1.2363072
1.2299467
1.2243402
1.2198516
1.2169508
1.2163403
1.2189699
1.2264141
1.2410515
1.2675379
1.3151355
1.4085364
518.29953
518.25758
518.59136
519.36144
520.60528
522.34558
524.60654
527.42089
530.80206
534.7772
539.35785
544.55421
550.36129
556.76758
563.74526
571.25024
579.21197
587.53241
596.08183
604.68787
613.12864
621.1231
628.31678
634.27523
638.45584
640.19552
638.67877
632.90301
621.64552
603.41726
576.48634
539.04628
489.77621
429.13998
361.34868
295.05013
239.70542
199.83025
173.91161
157.8439
147.75699
140.82532
135.15234
129.50508
123.09799
115.45212
106.3182
95.654723
83.637271
70.682976
57.477102
44.964571
34.197265
25.925885
20.118475
16.269254
13.767555
12.081746
10.835229
9.817821
8.9285439
8.1245655
7.3904758
6.7213355
6.1137572
5.5625433
5.0603398
4.5989886
4.1732335
3.7857152
3.4361788
3.1244966
2.850644
2.6116663
2.4038749
2.223854
2.0687676
1.9361719
1.8238349
1.7295683
1.6513178
1.5869121
1.5342633
1.4914405
1.456777
1.4289779
1.4069852
1.3897474
1.3762108
1.3654302
1.3566161
1.3491402
1.3425277
1.3364336
1.3306126
1.3248925
1.319153
1.3133115
1.3073132
1.3011246
1.2947298
1.2881286
1.2813351
1.2743792
1.2673069
1.2601846
1.2531009
1.2461754
1.2395616
1.2334672
1.2281567
1.2240003
1.2214767
1.2213015
1.2244443
1.2325107
1.2479341
1.2754736
1.3246254
1.4207691
647.19812
647.11269
647.60063
648.70546
650.45928
652.89004
656.03103
659.90266
664.52811
669.91551
676.07357
682.99078
690.63842
698.96887
707.91087
717.34931
727.14483
737.09472
746.94001
756.35656
764.93366
772.16092
777.41444
779.92937
778.7749
772.82127
760.70264
740.76262
711.04889
669.41691
613.94585
544.05107
462.58469
377.82702
301.73431
243.17506
203.31806
178.10931
162.63094
153.01546
146.62348
141.69769
137.05497
131.90239
125.71194
118.15154
109.03269
98.326239
86.193797
73.026145
59.487049
46.532985
35.286076
26.605452
20.514066
16.492729
13.900682
12.17383
10.905561
9.8729668
8.9716905
8.1580694
7.416045
6.7403885
6.1276395
5.5724428
5.0671959
4.6034312
4.1756504
3.7866221
3.4359643
3.123653
2.8498858
2.6105505
2.402565
2.2224818
2.0674302
1.9349357
1.8227475
1.7286609
1.6506185
1.5864217
1.533973
1.4913351
1.4568396
1.4291965
1.4073511
1.3902492
1.3768333
1.3661595
1.3574418
1.3500553
1.3435285
1.337519
1.3317839
1.3261528
1.3205069
1.3147649
1.3088731
1.3027991
1.2965279
1.2900602
1.2834115
1.2766127
1.2697111
1.2627748
1.255894
1.2491907
1.2428212
1.2369968
1.2319867
1.2281677
1.2260277
1.2262956
1.2299611
1.2386622
1.2548882
1.2835051
1.3342499
1.4332141
843.86627
843.60601
844.20058
845.67953
848.05822
851.38391
855.67326
860.94205
867.18473
874.3824
882.49526
891.45974
901.17633
911.50105
922.23392
933.13475
943.86529
954.01637
963.08111
970.43022
975.30524
976.79408
973.80102
965.00935
948.84803
923.42468
886.51453
835.6329
768.41631
683.69313
583.70194
476.78923
376.93596
296.75084
240.14554
203.32756
180.30908
166.07744
157.20217
151.40169
147.12883
143.32889
139.26597
134.40857
128.36654
120.8722
111.77081
101.02753
88.785215
75.408078
61.537139
48.137042
36.399026
27.295921
20.91254
16.714277
14.030129
12.26264
10.972418
9.9249063
9.0125596
8.1898503
7.4401541
6.7582016
6.1404797
5.5814683
5.0733233
4.6072708
4.1775799
3.7871339
3.4354466
3.1227575
2.8489292
2.6092679
2.4011234
2.2210067
2.0660121
1.9336379
1.8215997
1.7277141
1.6498823
1.5859
1.533655
1.4912047
1.4568791
1.4293932
1.4076962
1.3907308
1.377436
1.3668693
1.3582483
1.3509516
1.3445109
1.3385866
1.332938
1.3273967
1.3218452
1.3162036
1.3104193
1.3044609
1.2983145
1.2919819
1.2854795
1.2788395
1.2721107
1.2653625
1.2586872
1.2522089
1.246087
1.2405363
1.2358311
1.2323548
1.2306049
1.2313235
1.2355215
1.2448698
1.2619155
1.2916343
1.3440121
1.4458766
1156.8965
1156.2495
1156.7675
1158.4771
1161.3985
1165.485
1170.7404
1177.1082
1184.4939
1192.7954
1201.8439
1211.4204
1221.2401
1230.9596
1240.1429
1248.2528
1254.6574
1258.5895
1259.1514
1255.2846
1245.7446
1229.0536
1203.4605
1166.8724
1116.8131
1050.4833
965.1131
859.05958
734.22033
599.35224
470.58596
364.23773
287.10028
235.72588
202.88453
182.17995
169.16491
160.94493
155.5925
151.78368
148.60049
145.38417
141.63824
136.9657
131.03822
123.606
114.52336
103.74701
91.398795
77.816828
63.617778
49.770097
37.532062
27.994869
21.312583
16.933487
14.156057
12.348052
11.035938
9.9743332
9.0514149
8.2198803
7.4627705
6.7747642
6.1522804
5.5896344
5.0787422
4.6105298
4.1790441
3.7872713
3.4346446
3.1218298
2.8477822
2.6078312
2.3995621
2.2194388
2.0645218
1.9322839
1.8204096
1.726734
1.649114
1.5853507
1.5333127
1.491052
1.4568979
1.4295704
1.4080227
1.3911942
1.3780207
1.3675612
1.3590373
1.3518308
1.3454765
1.3396379
1.3340765
1.3286256
1.3231693
1.317629
1.3119532
1.3061115
1.3000912
1.2938949
1.2875403
1.2810609
1.2745066
1.2679488
1.2614814
1.255231
1.2493599
1.2440868
1.239691
1.2365626
1.235209
1.2363862
1.2411265
1.2511347
1.2690174
1.2998634
1.3539151
1.4587626
1627.927
1626.4304
1626.0623
1626.7971
1628.5969
1631.3263
1634.822
1638.901
1643.3425
1647.7898
1651.9076
1655.2391
1657.2488
1657.3155
1654.7337
1648.6738
1638.1826
1622.1673
1599.3569
1568.2678
1527.1255
1473.8055
1405.7506
1319.9789
1213.3427
1083.4982
931.27952
764.57394
600.55346
459.79052
354.05059
281.80617
234.73886
204.55086
185.18653
172.78009
164.83575
159.64562
156.04295
153.20998
150.5562
147.63185
144.06462
139.5209
133.69539
126.3332
117.27181
106.46568
94.016547
80.236582
65.716454
51.423397
38.679813
28.698843
21.712644
17.150078
14.278658
12.43001
11.096537
10.021497
9.0882321
8.2481402
7.4838913
6.7900862
6.163062
5.5969666
5.0834802
4.6132356
4.1800682
3.7870599
3.4335766
3.1208814
2.8464577
2.6062539
2.3978927
2.217788
2.0629677
1.9308804
1.8191859
1.7257248
1.6483175
1.5847776
1.5329492
1.49088
1.4568984
1.4297303
1.4083325
1.3916411
1.378589
1.3682371
1.3598103
1.3526943
1.346427
1.3406745
1.3352008
1.3298409
1.3244806
1.3190424
1.313476
1.3077521
1.3018589
1.2958004
1.2895951
1.2832778
1.2769001
1.2705347
1.2642776
1.2582579
1.2526409
1.2476491
1.2435671
1.240792
1.2398411
1.2414846
1.2467772
1.2574582
1.2761956
1.3081944
1.363962
1.471878
2197.0324
2193.9631
2191.1746
2188.5401
2185.8737
2182.9524
2179.4955
2175.1665
2169.5688
2162.2533
2152.6757
2140.2677
2124.3277
2104.0768
2078.6501
2047.0292
2008.0518
1960.3348
1902.2371
1831.7421
1746.3881
1643.1833
1518.7145
1369.7447
1195.0047
998.92957
796.08354
609.98477
461.11262
355.02292
284.44794
238.72358
209.06824
189.79242
177.28975
169.16494
163.82614
160.17748
157.44699
155.08554
152.68567
149.91334
146.4609
142.02308
136.29819
129.01772
119.99082
109.15901
96.616991
82.649246
67.818912
53.086889
39.835989
29.403849
22.111804
17.363835
14.39764
12.50884
11.154654
10.066373
9.1229971
8.2746364
7.5035372
6.8041955
6.1728567
5.6034991
5.0875701
4.6154181
4.1806779
3.7865304
3.4324246
3.1197729
2.8449687
2.6045495
2.3961267
2.2160638
2.0613578
1.929434
1.8179335
1.724684
1.6474972
1.5841841
1.5325673
1.490691
1.456883
1.4298748
1.4086273
1.3920733
1.3791427
1.3688982
1.3605689
1.3535435
1.3473635
1.3416976
1.3363121
1.3310439
1.3257803
1.320445
1.3149889
1.3093838
1.303619
1.2976994
1.2916448
1.2854914
1.279292
1.2731211
1.2670768
1.2612906
1.2559308
1.251224
1.2474602
1.2450437
1.2445019
1.2466197
1.2524745
1.2638415
1.2834516
1.3166295
1.3741563
1.4852287
2739.9302
2735.0453
2729.2101
2722.1899
2713.7311
2703.5438
2691.2107
2676.3306
2658.3924
2636.8665
2611.0994
2580.3776
2543.909
2500.7371
2449.7802
2389.7647
2319.1397
2236.0281
2138.0931
2022.4441
1885.5921
1723.6869
1533.5256
1315.2423
1077.2541
840.47738
633.10835
474.32254
364.54148
292.53643
245.97699
215.57071
195.58698
182.47756
173.85776
168.15348
164.27736
161.46462
159.18684
157.06502
154.79882
152.11879
148.7539
144.41416
138.795
131.61876
122.65148
111.80099
99.177889
85.036355
69.910677
54.750135
40.994096
30.107639
22.507959
17.573447
14.513071
12.584795
11.21028
10.108938
9.1557214
8.2994008
7.5217465
6.8171336
6.1817071
5.6092716
5.0910488
4.6171103
4.1808997
3.7857119
3.4312463
3.1184774
2.8433291
2.6027314
2.3942753
2.2142756
2.0596996
1.9279511
1.8166541
1.7236146
1.646659
1.5835734
1.5321697
1.4904873
1.4568535
1.4300059
1.4089089
1.3924923
1.379683
1.3695461
1.3613142
1.3543799
1.3482874
1.3427086
1.3374118
1.3322359
1.3270696
1.321838
1.3164931
1.3110078
1.3053723
1.2995929
1.2936905
1.2877025
1.2816832
1.2757089
1.2698798
1.2643297
1.2592304
1.2548124
1.2513712
1.2493185
1.2491923
1.2517924
1.2582196
1.2702858
1.2907868
1.3251709
1.3845011
1.4988213
3263.3162
3256.4213
3247.4926
3236.2281
3222.2308
3205.0739
3184.2294
3159.1272
3129.1166
3093.4567
3051.3089
3001.732
2943.6152
2875.6958
2796.4416
2704.0271
2596.1892
2470.1317
2322.4046
2148.9237
1945.4232
1709.0353
1442.1516
1158.5486
886.39623
657.83925
489.23816
375.45163
301.57943
253.78887
222.37337
201.53674
187.74534
178.60676
172.48604
168.27426
165.26063
162.94448
160.9442
158.97142
156.78996
154.17795
150.89656
146.67102
141.19005
134.13144
125.22354
114.37232
101.68068
87.381624
71.978435
56.40309
42.147591
30.806774
22.898906
17.77827
14.624982
12.657856
11.263345
10.149191
9.1864413
8.3224792
7.5385709
6.8289515
6.1896598
5.614327
5.0939546
4.6183454
4.1807626
3.7846284
3.4300567
3.1170074
2.8415539
2.6008124
2.3923492
2.2124323
2.0580007
1.9264375
1.8153515
1.722527
1.6458074
1.5829483
1.5317589
1.4902712
1.4568119
1.430125
1.4091787
1.3928996
1.3802115
1.370182
1.3620477
1.3552045
1.3491999
1.3437084
1.3385009
1.3334178
1.3283495
1.3232224
1.3179895
1.3126249
1.30712
1.3014819
1.2957331
1.289912
1.2840747
1.278299
1.2726873
1.2673761
1.2625404
1.2584149
1.2553008
1.2536172
1.253913
1.2570035
1.2640133
1.2767923
1.298203
1.3338206
1.395
1.5126623
3858.6013
3848.8396
3835.7872
3818.9923
3797.8809
3771.773
3739.9637
3701.6052
3655.7625
3601.3754
3537.2731
3462.0798
3374.203
3271.7512
3152.4464
3013.4942
2851.4542
2662.1471
2440.8116
2182.9814
1887.0926
1560.008
1224.0732
916.40524
670.74223
496.77582
382.08743
308.22787
259.96669
227.99682
206.72254
192.49809
183.00908
176.53959
172.04167
168.87751
166.51033
164.54402
162.70587
160.79805
158.64977
156.07897
152.86799
148.75107
143.41359
136.51094
127.72232
116.88591
104.11428
89.672767
74.011074
58.036804
43.290354
31.497833
23.282949
17.977846
14.733316
12.72794
11.313804
10.187155
9.2152084
8.3439352
7.5540711
6.8397048
6.1967657
5.618711
5.0963274
4.6191582
4.1802969
3.7833026
3.4288648
3.1153789
2.8396584
2.5988055
2.3903589
2.2105424
2.0562678
1.9248991
1.8140301
1.7214276
1.6449451
1.5823113
1.5313372
1.4900445
1.45676
1.4302339
1.4094383
1.3932963
1.3807292
1.3708071
1.3627704
1.3560185
1.350102
1.3446983
1.3395804
1.3345908
1.3296211
1.3245991
1.3194791
1.3142361
1.3088627
1.3033673
1.2977733
1.2921207
1.286467
1.280892
1.2755001
1.2704305
1.2658615
1.2620322
1.2592496
1.2579405
1.2586649
1.2622538
1.2698567
1.2833622
1.3057016
1.3425811
1.4056565
1.5267584
4605.1087
4590.7687
4571.1054
4545.3159
4512.6573
4472.0916
4422.5153
4362.6897
4291.2807
4206.7164
4107.2604
3990.8262
3855.0355
3696.9489
3513.0182
3298.9249
3049.5919
2759.6825
2425.3981
2048.9304
1646.3662
1253.5397
916.32908
663.49046
492.16578
381.50083
310.45654
263.48321
231.88858
210.66993
196.39154
186.71394
180.06574
175.49618
172.31202
169.9385
167.98012
166.18871
164.40524
162.50647
160.3649
157.82234
154.6745
150.66289
145.47157
138.73854
130.10446
119.3338
106.49231
91.90176
75.99979
59.643423
44.416884
32.177711
23.658627
18.171746
14.837964
12.794967
11.361639
10.222876
9.2420901
8.363836
7.5683125
6.849455
6.2030783
5.6224697
5.0982079
4.6195825
4.1795383
3.7819425
3.4275077
3.1136068
2.8376572
2.5967227
2.3883143
2.208614
2.0545076
1.923341
1.8126943
1.7203195
1.6440748
1.5816649
1.5309068
1.4898091
1.4566993
1.4303339
1.4096889
1.3936838
1.3812374
1.3714225
1.3634834
1.3568229
1.3509948
1.3456792
1.3406514
1.3357557
1.3308852
1.3259691
1.3209627
1.3158422
1.3106014
1.3052498
1.299812
1.2943293
1.2888611
1.2834886
1.2783188
1.2734935
1.2691944
1.2656651
1.2632184
1.262289
1.2634486
1.2675442
1.2757508
1.2899968
1.3132843
1.3514546
1.4164743
1.5411166
5580.9262
5558.8076
5527.5379
5486.0558
5433.0118
5366.8757
5286.048
5188.664
5072.6555
4935.7093
4775.1147
4587.6972
4369.6125
4116.2679
3822.2207
3481.5346
3089.1385
2644.6682
2160.2622
1669.7001
1226.4015
877.16899
633.28156
474.56734
373.29442
307.85319
263.7032
233.36216
212.78582
198.903
189.43482
182.9401
178.54526
175.4874
173.18199
171.25556
169.49028
167.76011
165.9805
164.07163
161.93124
159.41529
156.32802
152.4175
147.37039
140.81299
132.3524
121.68546
108.80752
94.076901
77.937683
61.216422
45.522359
32.843624
24.024686
18.359576
14.938796
12.858879
11.406868
10.256414
9.2671621
8.3822585
7.5813645
6.8582621
6.208652
5.625651
5.0996359
4.6196515
4.1785186
3.7805769
3.4259844
3.1117076
2.8355647
2.5945757
2.3862249
2.2066549
2.0527263
1.9217683
1.8113479
1.719206
1.6431986
1.5810113
1.5304695
1.4895667
1.4566313
1.4304264
1.4099317
1.3940631
1.3817371
1.3720292
1.3641877
1.3576187
1.3518792
1.346652
1.3417147
1.3369134
1.3321427
1.3273331
1.3224411
1.3174441
1.3123369
1.3071301
1.3018498
1.2965386
1.2912574
1.2860896
1.2811442
1.2765658
1.2725397
1.269314
1.2672077
1.2666635
1.2682649
1.2728755
1.2816965
1.2966972
1.3209527
1.3604433
1.427457
1.5557444
6902.194
6865.8459
6812.8718
6741.5566
6649.7707
6535.3091
6395.5934
6227.8701
6029.0018
5795.3035
5522.533
5205.6086
4838.6242
4415.0951
3929.3436
3380.3076
2779.5114
2162.431
1590.825
1127.6948
798.04172
582.68328
446.21526
359.11093
300.23622
259.39762
231.451
212.43034
199.58937
190.89415
185.04189
181.10444
178.31004
176.13761
174.27629
172.55126
170.86459
169.15572
167.37571
165.46634
163.3395
160.85986
157.8373
154.02667
149.12081
142.74
134.46022
123.92166
111.05447
96.191483
79.818637
62.750326
46.60256
33.493196
24.380065
18.540989
15.035682
12.919657
11.449526
10.287847
9.2905069
8.3992809
7.5932993
6.86619
6.2135413
5.6283009
5.1006522
4.6193971
4.1772677
3.7792151
3.4243117
3.1096976
2.8333946
2.592376
2.3840999
2.2046722
2.0509297
1.9201858
1.8099951
1.7180901
1.6423155
1.5803527
1.5300273
1.4893188
1.4565573
1.4305126
1.4101678
1.3944353
1.3822293
1.3726281
1.3648841
1.3584066
1.352756
1.3476175
1.3427711
1.3380646
1.3333944
1.328692
1.3239151
1.3190424
1.3140697
1.3090089
1.3038874
1.2987492
1.2936568
1.2886955
1.2839767
1.2796478
1.2758979
1.2729796
1.2712181
1.2710646
1.2731145
1.2782486
1.2876948
1.3034646
1.3287084
1.3695497
1.4386085
1.5706493
8777.1636
8711.9762
8613.3821
8478.9136
8305.6479
8090.1755
7828.7492
7517.2829
7150.9234
6724.2373
6230.834
5664.1056
5018.8454
4295.8912
3511.9478
2712.9757
1976.7541
1382.4322
961.6251
689.0504
518.16278
410.20995
338.41833
287.28199
250.80703
226.16202
209.93917
199.12021
191.80091
186.86746
183.4301
180.86575
178.78694
176.96612
175.27329
173.63184
171.9913
170.31201
168.55545
166.67208
164.58251
162.15731
159.20999
155.50167
150.73461
144.52935
136.43655
126.04416
113.21029
98.234899
81.647731
64.240789
47.653853
34.124435
24.723869
18.715694
15.128535
12.977308
11.489678
10.317258
9.3122121
8.4149832
7.6041891
6.8733017
6.2177998
5.6304663
5.1012955
4.6188512
4.1758124
3.7778638
3.4225077
3.1075932
2.8311603
2.590134
2.3819478
2.2026731
2.0491235
1.9185979
1.8086393
1.7169726
1.6414271
1.5796922
1.5295817
1.4890668
1.4564787
1.4305936
1.4103982
1.3948013
1.3827148
1.3732201
1.3655735
1.3591877
1.3536259
1.3485765
1.3438214
1.3392103
1.3346409
1.3300463
1.3253854
1.3206378
1.3158006
1.3108869
1.3059254
1.3009616
1.2960596
1.2913068
1.2868169
1.2827402
1.2792696
1.2766624
1.2752503
1.2754929
1.277998
1.2836641
1.2937465
1.3103003
1.336553
1.3787761
1.4499326
1.5858389
11624.78
11488.957
11275.618
10983.281
10609.334
10150.443
9602.6387
8961.6333
8222.5297
7380.9571
6436.234
5398.9945
4305.247
3231.5952
2287.1581
1561.7917
1069.9117
760.53384
569.53099
449.45513
369.81395
310.28383
266.86864
239.11257
220.82248
208.20412
199.52976
193.54421
189.27954
186.08078
183.53703
181.39473
179.49941
177.75665
176.10446
174.49634
172.89215
171.25314
169.53925
167.7031
165.67114
163.31791
160.45761
156.85543
152.22479
146.19159
138.28718
128.05225
115.27062
100.20403
83.418639
65.683416
48.673222
34.735722
25.05543
18.883456
15.217295
13.031881
11.527402
10.344739
9.332368
8.42945
7.6141068
6.8796607
6.2214821
5.6321922
5.1016046
4.6180476
4.1743228
3.7763969
3.4205897
3.1054103
2.8288744
2.5878601
2.3797768
2.2006637
2.0473128
1.9170087
1.8072838
1.7158561
1.6405392
1.5790321
1.5291345
1.4888121
1.4563966
1.4306705
1.4106239
1.3951619
1.3831944
1.3738059
1.3662566
1.3599625
1.3544899
1.3495297
1.3448662
1.3403509
1.335883
1.3313969
1.3268525
1.3222309
1.3175301
1.3127646
1.3079643
1.3031763
1.2984665
1.293924
1.2896653
1.2858435
1.2826553
1.2803629
1.2793046
1.2799488
1.2829161
1.2891228
1.2998527
1.3172055
1.3444883
1.3881251
1.4614336
1.6013216
16410.897
16031.629
15427.324
14621.572
13630.575
12467.322
11144.17
9675.3986
8085.2882
6426.7494
4803.5478
3367.5704
2254.4665
1498.3338
1028.7884
745.01332
571.04893
460.76904
376.90219
314.30607
275.66552
250.09401
231.9583
218.86108
209.41513
202.46251
197.16545
192.98897
189.59947
186.77804
184.36945
182.25846
180.35945
178.60798
176.9527
175.34941
173.75757
172.13675
170.44589
168.64153
166.65815
164.37442
161.60198
158.10497
153.60575
147.73834
140.0195
129.9475
117.23263
102.09519
85.12441
67.074396
49.65829
35.325728
25.374232
19.044129
15.301959
13.083446
11.562794
10.370392
9.3510689
8.4427641
7.6231247
6.8853295
6.2246406
5.6335233
5.1016172
4.6170206
4.1728421
3.7747988
3.4185751
3.1031635
2.8265491
2.5855641
2.3775947
2.1986505
2.0455025
1.9154221
1.8059317
1.7147427
1.639655
1.5783739
1.5286869
1.4885559
1.456312
1.4307441
1.4108457
1.395518
1.383669
1.3743863
1.3669342
1.3607317
1.3553484
1.3504777
1.3459062
1.3414872
1.3371213
1.3327442
1.3283171
1.3238222
1.3192588
1.3146426
1.3100048
1.305394
1.3008779
1.2965477
1.2925223
1.2889581
1.2860555
1.2840817
1.2833818
1.2844331
1.2878695
1.2946255
1.3060143
1.3241813
1.3525159
1.3975992
1.4731155
1.6171057
25897.974
23873.087
21241.031
18221.384
14937.364
11547.797
8311.8372
5555.9141
3521.4189
2217.4806
1458.2429
1027.356
775.33934
619.63558
505.40307
412.90437
348.40707
307.90358
281.01423
262.05891
247.66766
236.13071
226.52428
218.35681
211.35625
205.35057
200.21253
195.83833
192.12897
188.97509
186.26356
183.89834
181.80011
179.90068
178.13877
176.45887
174.81174
173.15024
171.42805
169.60523
167.62705
165.38067
162.67614
159.27167
154.89316
149.18168
141.64171
131.7323
119.09418
103.90302
86.76088
68.414296
50.607157
35.893582
25.679933
19.197637
15.382551
13.132101
11.59596
10.39432
9.3684067
8.4550067
7.631316
6.8903679
6.2273265
5.634503
5.1013692
4.6158048
4.1713747
3.7730865
3.4164814
3.1008677
2.8241959
2.5832549
2.3754086
2.1966392
2.0436971
1.9138418
1.804586
1.7136349
1.6387762
1.5777192
1.5282401
1.4882993
1.4562259
1.4308154
1.4110644
1.3958704
1.3841392
1.374962
1.3676068
1.361496
1.3562021
1.3514212
1.346942
1.3426196
1.3383562
1.3340888
1.3297797
1.3254123
1.3209873
1.3165213
1.3120471
1.307615
1.3032942
1.2991783
1.2953885
1.2920845
1.2894705
1.2878191
1.2874821
1.2889463
1.2928586
1.3001729
1.3122322
1.3312291
1.3606376
1.407201
1.4849826
1.6331999
66064.407
28634.893
14251.846
7888.1951
4812.6399
3172.9159
2215.7303
1611.8734
1206.7486
933.47435
752.20576
626.9368
534.46181
464.26854
410.85775
369.63199
337.07492
310.73653
289.05992
271.08106
256.08326
243.46049
232.70462
223.47133
215.56201
208.82834
203.13528
198.35403
194.35157
190.9598
188.04905
185.53865
183.34074
181.36931
179.54728
177.8087
176.1007
174.37387
172.58091
170.68968
168.66081
166.39852
163.72047
160.38036
156.10317
150.53311
143.16199
133.40922
120.85517
105.62826
88.326686
69.700671
51.51853
36.438653
25.972362
19.343992
15.459148
13.177963
11.627016
10.416626
9.3844787
8.4662635
7.6387489
6.8948369
6.2295903
5.6351724
5.1008956
4.6144276
4.1699239
3.7712798
3.4143259
3.0985362
2.8218254
2.5809417
2.3732254
2.1946351
2.0419011
1.9122712
1.8032491
1.7125347
1.6379046
1.5770693
1.5277954
1.4880433
1.4561392
1.4308851
1.4112807
1.3962195
1.3846056
1.3755335
1.3682751
1.362256
1.3570516
1.3523606
1.3479741
1.3437488
1.3395884
1.3354312
1.3312408
1.3270017
1.3227158
1.3184012
1.3140919
1.3098398
1.305716
1.3018162
1.2982643
1.295223
1.2929009
1.2915756
1.2916062
1.2934888
1.2978843
1.3057658
1.3185073
1.33835
1.368855
1.4169329
1.4970393
1.6496134
2994628.9
465398.11
145478.55
61858.861
30996.755
17031.685
9879.6961
5953.1427
3725.0216
2439.2031
1681.893
1221.4223
929.9733
737.56396
605.36522
511.31097
442.30322
389.00582
346.55677
313.23554
287.4382
267.43223
251.3349
238.0017
226.98172
217.8948
210.41916
204.27915
199.23383
195.06887
191.59477
188.65046
186.10101
183.83436
181.75774
179.79499
177.88353
175.97067
174.01166
171.97426
169.82275
167.4774
164.76992
161.453
157.24981
151.80232
144.58776
134.98693
122.52125
107.26751
89.820238
70.931899
52.391524
36.96066
26.251523
19.483272
15.53186
13.221165
11.656077
10.43742
9.399378
8.4766137
7.6454966
6.8987941
6.2314801
5.6355713
5.1002303
4.6129168
4.1684941
3.769397
3.4121243
3.0961823
2.8194483
2.578632
2.3710518
2.1926434
2.0401182
1.9107134
1.8019237
1.7114443
1.6370417
1.5764256
1.5273537
1.4877888
1.4560528
1.430954
1.4114953
1.3965661
1.3850688
1.3761014
1.3689396
1.3630122
1.3578973
1.3532966
1.349003
1.3448752
1.3408183
1.3367718
1.3327008
1.3285908
1.3244449
1.3202826
1.3161394
1.3120687
1.3081436
1.3044617
1.3011499
1.298374
1.2963469
1.2953516
1.2957544
1.2980612
1.3029469
1.3114048
1.3248407
1.3455453
1.37717
1.4267979
1.5092902
1.6663556
2973268.7
485287.79
151198.55
65034.651
33431.239
19133.492
11723.174
7507.7269
4951.6127
3340.836
2308.899
1644.469
1213.6497
929.73024
737.93
604.556
509.07315
438.84751
385.99054
345.42747
313.80853
288.84318
268.90907
252.84113
239.78685
229.1104
220.32496
213.04908
206.97975
201.8726
197.53004
193.79132
190.52515
187.62282
184.99245
182.55505
180.24196
177.99231
175.75253
173.47632
171.12348
168.62923
165.83792
162.50132
158.34204
152.99631
145.92455
136.46937
124.09403
108.8214
91.241243
72.107249
53.225846
37.459642
26.517533
19.615628
15.600832
13.261844
11.683268
10.456811
9.4131994
8.4861389
7.6516238
6.9022975
6.2330417
5.6357396
5.0994038
4.6113922
4.1670015
3.7674568
3.4098927
3.0938182
2.8170743
2.5763338
2.3688934
2.1906688
2.0383524
1.9091713
1.8006121
1.7103654
1.636189
1.575789
1.5269161
1.4875368
1.4559673
1.4310228
1.4117089
1.3969108
1.3855293
1.3766662
1.3696009
1.363765
1.3587398
1.3542295
1.3500292
1.3459992
1.3420463
1.3381111
1.3341601
1.3301799
1.326175
1.3221661
1.3181901
1.3143022
1.3105772
1.3071153
1.3040457
1.3015379
1.299809
1.2991475
1.2999272
1.302664
1.3080472
1.3170908
1.331233
1.3528163
1.3855844
1.4367987
1.52174
1.6834362
2953301.2
482183.38
150481.78
64999.439
33683.674
19525.667
12180.095
7981.0197
5403.689
3739.9689
2634.3332
1892.4953
1394.6785
1059.6023
831.35835
672.77363
559.94871
477.73549
416.48821
369.96574
334.03491
305.89181
283.58201
265.70853
251.24874
239.43633
229.68782
221.55373
214.68599
208.81586
203.73669
199.2893
195.34999
191.81933
188.61409
185.66121
182.89421
180.25178
177.67677
175.11677
172.52298
169.83656
166.91849
163.52622
159.38383
154.11983
147.17681
137.86025
125.57594
110.29151
92.59026
73.226713
54.021719
37.935805
26.770689
19.74127
15.666227
13.300149
11.708713
10.474908
9.4260354
8.4949185
7.6571986
6.9053995
6.2343218
5.6357127
5.0984462
4.6098858
4.1654418
3.7654762
3.4076452
3.0914561
2.8147124
2.5740546
2.3667562
2.1887158
2.0366071
1.9076478
1.7993165
1.7092998
1.6353479
1.5751598
1.5264835
1.4872882
1.4558836
1.4310921
1.4119218
1.3972539
1.3859877
1.3772283
1.3702592
1.3645149
1.3595795
1.3551598
1.3510531
1.3471213
1.3432728
1.3394495
1.3356191
1.3317695
1.3279064
1.3240518
1.3202443
1.3165405
1.3130173
1.3097771
1.3069521
1.3047151
1.3032876
1.3029636
1.304125
1.3072975
1.3131857
1.3228244
1.3376855
1.3601643
1.3941
1.446938
1.5343933
1.7008654
2934022.4
479039.15
149505.8
64581.938
33475.985
19422.304
12143.006
7993.3816
5453.2178
3812.8154
2715.0313
1968.2297
1458.7033
1110.6817
871.18938
703.83571
584.49772
497.53224
432.83101
383.79069
346.01828
316.52099
293.20798
274.57948
259.533
247.23888
237.06277
228.51539
221.22189
214.89915
209.33801
204.38636
199.93287
195.89255
192.196
188.78158
185.59113
182.56831
179.65789
176.80649
173.96183
171.06697
167.9958
164.52295
160.3763
155.1762
148.34864
139.16339
126.97001
111.68006
93.868786
74.291096
54.779714
38.389709
27.011341
19.860484
15.728232
13.336215
11.732536
10.491819
9.4379763
8.5030302
7.6622817
6.9081551
6.235363
5.6355268
5.0973868
4.6084027
4.1638327
3.7634723
3.4053963
3.0891059
2.8123716
2.5718007
2.3646455
2.1867885
2.0348856
1.9061453
1.7980389
1.708249
1.6345193
1.5745377
1.526057
1.4870436
1.4558023
1.4311625
1.4121348
1.3975961
1.3864443
1.3777883
1.3709152
1.3652623
1.3604168
1.3560879
1.352075
1.3482419
1.3444981
1.3407874
1.3370782
1.3333599
1.3296395
1.3259402
1.3223023
1.318784
1.3154642
1.3124476
1.3098694
1.3079057
1.3067828
1.3068004
1.3083481
1.3119624
1.3183629
1.3286062
1.3441989
1.3675904
1.4027186
1.4572186
1.5472554
1.7186539
2915408.8
475972.62
148570.94
64209.201
33309.834
19349.649
12119.047
7997.0913
5473.84
3843.4588
2749.6538
2001.5406
1487.4619
1134.0128
889.65797
718.48628
596.34565
507.38813
441.29463
391.29652
352.87435
322.94387
299.34772
280.53396
265.35853
252.95716
242.66656
233.97469
226.49096
219.92599
214.07393
208.79171
203.97965
199.56498
195.49056
191.70534
188.1602
184.80607
181.59299
178.47021
175.38585
172.28494
169.05252
165.48543
161.31937
156.1684
149.44408
140.38291
128.27957
112.98973
95.078859
75.301764
55.500873
38.821971
27.240039
19.973555
15.787023
13.370169
11.754883
10.507649
9.449115
8.5105444
7.6669404
6.9106133
6.2362053
5.6352154
5.096252
4.6069447
4.1621926
3.7614622
3.4031588
3.0867794
2.8100597
2.5695788
2.3625661
2.1848909
2.033191
1.9046663
1.796781
1.7072146
1.6337034
1.5739242
1.5256378
1.4868036
1.4557239
1.4312344
1.4123482
1.3979377
1.3868996
1.3783465
1.3715691
1.3660076
1.361252
1.3570141
1.3530953
1.3493611
1.3457227
1.3421249
1.3385376
1.3349514
1.3313744
1.3278316
1.3243643
1.3210328
1.317918
1.315127
1.3127977
1.3111102
1.3102951
1.3106582
1.3125971
1.316659
1.3235793
1.3344371
1.3507741
1.3750961
1.4114422
1.4676438
1.5603312
1.7368125
2896606.9
472944.85
147641.57
63806.667
33098.214
19224.515
12040.456
7947.4771
5444.742
3829.4477
2746.127
2004.1312
1492.7128
1139.9071
895.35287
723.76237
601.23291
511.99747
445.73386
395.65122
357.20823
327.29944
303.74806
284.98727
269.85785
257.48265
247.18524
238.44164
230.85331
224.13075
218.07629
212.55743
207.48328
202.78966
198.42707
194.35155
190.52041
186.89085
183.41855
180.0566
176.75553
173.4628
170.07502
166.41058
162.21277
157.09954
150.46744
141.52311
129.50856
114.22386
96.222973
76.260547
56.186439
39.233489
27.457348
20.080838
15.842751
13.4022
11.775916
10.522506
9.4595333
8.5175383
7.67123
6.9128234
6.2368889
5.6348103
5.0950688
4.6055127
4.1605399
3.7594603
3.400945
3.0844856
2.8077848
2.5673948
2.3605229
2.1830266
2.031526
1.9032129
1.7955447
1.7061978
1.6329013
1.5733217
1.5252266
1.4865689
1.4556489
1.4313083
1.4125624
1.3982792
1.3873539
1.3789033
1.3722213
1.3667511
1.3620855
1.3579388
1.3541144
1.3504795
1.3469468
1.3434625
1.3399977
1.3365442
1.3331116
1.329726
1.3264307
1.3232874
1.3203792
1.3178156
1.3157375
1.3143287
1.3138247
1.3145372
1.3168721
1.3213878
1.3288357
1.3403177
1.3574122
1.3826826
1.4202727
1.4782163
1.5736261
1.755353
2878646.7
470036.86
146753.29
63429.216
32905.526
19115.105
11973.008
7903.5921
5415.7508
3810.7976
2734.9257
1997.9838
1489.6956
1138.7406
895.30602
724.47627
602.52313
513.75696
447.89813
398.17034
360.03847
330.39991
307.07697
288.50131
273.51224
261.2297
250.97449
242.2183
234.55847
227.71158
221.49544
215.79051
210.51255
205.60247
201.01512
196.71057
192.64983
188.79475
185.10511
181.53787
178.04683
174.582
171.04935
167.28987
163.05886
157.97492
151.42481
142.58827
130.66126
115.38616
97.304337
77.169606
56.838025
39.625283
27.663885
20.182732
15.895629
13.432508
11.795771
10.536492
9.4693171
8.524081
7.6752076
6.914831
6.2374523
5.634341
5.0938614
4.6041084
4.1588905
3.757482
3.3987673
3.0822334
2.805554
2.5652542
2.3585201
2.1811991
2.0298933
1.9017874
1.7943315
1.7051998
1.6321141
1.5727309
1.5248241
1.48634
1.4555778
1.4313847
1.4127777
1.3986207
1.3878076
1.3794589
1.3728721
1.3674931
1.3629176
1.3588622
1.3551324
1.3515972
1.3481707
1.3448003
1.3414586
1.3381386
1.3348512
1.3316239
1.3285016
1.3255478
1.3228478
1.3205135
1.3186889
1.3175616
1.3173719
1.3184377
1.3211736
1.3261492
1.3341323
1.3462488
1.3641141
1.3903513
1.429212
1.4889394
1.5871455
1.7742871
2862022.7
467278.33
145888.29
63052.864
32708.129
18996.24
11894.294
7848.157
5375.4156
3781.4642
2714.0798
1983.6359
1480.0975
1132.5215
891.48194
722.38423
601.73327
513.96904
448.89827
399.80123
362.17528
332.93937
309.92993
291.5875
276.75942
264.57281
254.3539
245.57769
237.83442
230.8538
224.48282
218.61256
213.15992
208.06885
203.29727
198.80611
194.55789
190.51686
186.64557
182.90366
179.24881
175.63197
171.96799
168.12065
163.8562
158.79601
152.31993
143.5844
131.74281
116.48064
98.325807
78.031036
57.457394
39.998464
27.860444
20.279648
15.945877
13.461256
11.814566
10.549705
9.4785506
8.5302372
7.6789314
6.9166811
6.2379285
5.6338379
5.0926539
4.6027313
4.1572615
3.7555403
3.3966356
3.0800325
2.8033737
2.5631626
2.3565619
2.1794113
2.0282954
1.9003913
1.7931429
1.7042217
1.6313424
1.5721527
1.5244307
1.4861174
1.4555111
1.4314639
1.4129947
1.3989627
1.3882609
1.3800136
1.3735218
1.368234
1.3637485
1.3597846
1.3561497
1.3527145
1.3493946
1.3461387
1.3429207
1.3397349
1.3365935
1.3335255
1.3305773
1.3278144
1.3253241
1.3232209
1.3216522
1.320809
1.3209369
1.3223602
1.3255019
1.3309436
1.3394699
1.3522309
1.3708807
1.3981035
1.4382622
1.4998163
1.600895
1.7936272
2846032.2
464624.98
145056.89
62693.056
32520.183
18884.187
11820.134
7795.1789
5335.6846
3751.1195
2691.1231
1966.673
1467.921
1124.0384
885.81374
718.85752
599.84001
513.34736
449.27087
400.95787
363.94851
335.18955
312.53706
294.44704
279.7795
267.67545
257.47731
248.64683
240.7898
233.67438
227.15236
221.11936
215.50311
210.2513
205.32131
200.67199
196.26621
192.06938
188.04512
184.15479
180.35832
176.60761
172.82848
168.90119
164.60483
159.56477
153.15634
144.51588
132.7576
117.51126
99.290554
78.847751
58.046386
40.354311
28.047664
20.371854
15.993685
13.4886
11.832424
10.56224
9.4873087
8.5360723
7.6824499
6.9184159
6.2383532
5.6333264
5.0914677
4.6013804
4.1556706
3.7536475
3.394561
3.0778898
2.8012512
2.5611245
2.3546522
2.1776664
2.0267345
1.8990266
1.7919802
1.7032646
1.6305873
1.5715875
1.5240471
1.4859014
1.455449
1.4315462
1.4132134
1.3993055
1.3887142
1.3805678
1.3741706
1.3689738
1.3645785
1.3607062
1.3571665
1.3538317
1.3506187
1.3474779
1.3443842
1.3413332
1.3383386
1.3354308
1.3326579
1.3300873
1.3278083
1.3259382
1.3246274
1.3240712
1.32452
1.3263047
1.3298574
1.3357714
1.3448489
1.3582648
1.377713
1.4059406
1.4474253
1.5108502
1.6148805
1.8133864
2829858.6
462027.43
144240.6
62338.311
32332.927
18771.229
11744.229
7740.0573
5293.3759
3718.1067
2665.5727
1947.3925
1453.8266
1114.0791
879.04912
714.54581
597.40995
512.36384
449.41284
401.97175
365.63464
337.38071
315.09164
297.24162
282.7099
270.65668
260.43021
251.4999
243.50771
236.24647
229.57246
223.38516
217.61537
212.21219
207.13379
202.34185
197.79928
193.46915
189.31446
185.29689
181.37691
177.5095
173.63082
169.63197
165.30625
160.28379
153.93819
145.38824
133.70908
118.48155
100.20312
79.62326
58.607154
40.693947
28.226307
20.459865
16.039332
13.514702
11.849459
10.574191
9.4956699
8.5416479
7.6858146
6.9200747
6.2387574
5.6328327
5.0903244
4.6000515
4.1541358
3.7518155
3.3925524
3.0758137
2.7991916
2.559145
2.3527943
2.1759673
2.0252128
1.8976949
1.7908447
1.7023294
1.6298492
1.5710361
1.5236736
1.4856924
1.4553919
1.431632
1.4134343
1.3996492
1.3891676
1.3811216
1.3748188
1.369713
1.3654079
1.3616273
1.358183
1.3549489
1.3518433
1.348818
1.3458491
1.3429338
1.3400868
1.3373402
1.3347437
1.3323666
1.3303005
1.3286654
1.3276149
1.3273483
1.3281213
1.3302716
1.3342403
1.340633
1.3502698
1.3643512
1.3846119
1.4138639
1.4567034
1.5220444
1.6291078
1.8335781
2814538.2
459543.68
143461.92
61999.3
32153.663
18662.472
11671.24
7686.5174
5251.9891
3685.2218
2639.6804
1927.5155
1439.0914
1103.5624
871.87834
709.95794
594.81735
511.31393
449.55342
403.0284
367.3834
339.63621
317.69423
300.05675
285.62355
273.58127
263.27724
254.20793
246.0589
238.63498
231.79846
225.4532
219.53222
213.98542
208.77075
203.84946
199.18349
194.73483
190.46551
186.33707
182.3105
178.34306
174.37763
170.31495
165.96278
160.95626
154.66854
146.20347
134.60283
119.39708
101.06704
80.360167
59.141724
41.018667
28.397256
20.544116
16.083041
13.539718
11.865781
10.58565
9.5037042
8.5470225
7.6890731
6.921695
6.2391712
5.632381
5.0892438
4.5987402
4.1526749
3.7500562
3.3906185
3.0738107
2.7972011
2.5572279
2.3509919
2.1743163
2.0237322
1.8963978
1.7897375
1.7014169
1.6291287
1.570499
1.5233105
1.4854909
1.4553402
1.4317214
1.4136575
1.3999941
1.3896214
1.3816753
1.3754666
1.3704516
1.3662367
1.3625481
1.3591994
1.3560663
1.3530686
1.3501592
1.3473158
1.3445367
1.3418381
1.3392537
1.3368348
1.3346525
1.332801
1.3314027
1.3306148
1.3306406
1.3317412
1.3342612
1.338651
1.3455288
1.3557332
1.3704908
1.3915784
1.4218749
1.4660987
1.5334025
1.6435835
1.8542163
2799639.1
457114.78
142707.88
61674.921
31981.657
18557.362
11599.506
7633.4495
5210.5195
3652.1413
2613.4221
1907.2948
1424.0752
1092.8658
864.62203
705.39038
592.31775
510.40636
449.86959
404.27281
369.31521
342.05363
320.42658
302.95791
288.5758
276.49291
266.06637
256.82496
248.49338
240.88771
233.87619
227.36699
221.29395
215.60654
210.26161
205.21924
200.44012
195.88475
191.51396
187.28838
183.16871
179.11434
175.07286
170.95309
166.57741
161.58554
155.35214
146.9686
135.44336
120.26158
101.88608
81.061434
59.652322
41.329822
28.561197
20.625041
16.125049
13.563787
11.881498
10.596696
9.5114804
8.5522521
7.6922688
6.9233129
6.2396239
5.6319938
5.088243
4.5974448
4.1513026
3.7483809
3.3887674
3.0718877
2.7952846
2.5553776
2.349248
2.1727159
2.0222948
1.8951367
1.7886598
1.700528
1.628427
1.5699765
1.5229584
1.4852971
1.4552942
1.4318148
1.4138832
1.4003404
1.3900758
1.382229
1.3761142
1.3711899
1.3670652
1.3634687
1.3602159
1.3571841
1.3542946
1.3515017
1.3487843
1.3461421
1.3435928
1.3411715
1.3389312
1.3369452
1.3353098
1.3341503
1.3336272
1.3339482
1.3353798
1.3382736
1.3430897
1.3504592
1.3612395
1.3766843
1.3986135
1.4299751
1.4756132
1.5449279
1.6583137
1.8753158
2785629.9
454848.95
141991.85
61362.086
31816.747
18456.345
11530.322
7582.0897
5170.1638
3619.7367
2587.6438
1887.3545
1409.2769
1082.3753
857.59254
701.07288
590.09724
509.79529
450.48327
405.80384
371.50867
344.69447
323.33323
305.98234
291.59924
279.41823
268.82119
259.37814
250.84142
243.03642
235.83865
229.15895
222.93179
217.10497
211.6338
206.47617
201.5913
196.93796
192.47557
188.16315
183.96094
179.82952
175.72137
171.55214
167.15264
162.17227
155.99041
147.68556
136.23563
121.07958
102.66362
81.729753
60.141046
41.628709
28.718966
20.703005
16.165587
13.587049
11.896714
10.607417
9.5190647
8.5573901
7.6954444
6.9249628
6.240141
5.6316921
5.0873416
4.5961641
4.1500266
3.7468037
3.387007
3.0700498
2.7934472
2.5535978
2.3475654
2.1711683
2.0209019
1.8939128
1.7876125
1.6996635
1.6277441
1.5694692
1.5226175
1.4851111
1.455254
1.4319124
1.4141117
1.4006883
1.3905308
1.382783
1.3767617
1.371928
1.3678936
1.3643893
1.3612326
1.3583025
1.3555216
1.3528456
1.3502549
1.3477503
1.345351
1.3430937
1.3410332
1.3392448
1.337827
1.3369082
1.3366523
1.3372713
1.3390373
1.3423092
1.3475568
1.3554246
1.3667892
1.3829324
1.4057182
1.4381657
1.4852494
1.5566244
1.6733051
1.896892
2771996.7
452658.1
141315.32
61063.004
31657.587
18358.971
11463.451
7532.174
5130.8347
3588.0558
2562.4191
1867.9284
1394.9365
1072.3314
851.0076
697.19347
588.31113
509.60848
451.50057
407.70578
374.02713
347.60545
326.4487
309.15045
294.70782
282.37012
271.5566
261.88446
253.12109
245.10147
237.7069
230.85078
224.46704
218.50147
212.9066
207.63842
202.65359
197.90915
193.36252
188.9713
184.69464
180.49427
176.32719
172.11385
167.69139
162.72251
156.58861
148.35912
136.98301
121.85467
103.40346
82.368708
60.609995
41.916737
28.871295
20.778432
16.204838
13.609652
11.911527
10.617885
9.5265191
8.5624837
7.6986428
6.9266744
6.2407474
5.631497
5.0865551
4.5949434
4.1488153
3.7453347
3.3853458
3.0683032
2.7916932
2.551892
2.3459468
2.1696758
2.0195552
1.8927273
1.7865965
1.6988239
1.6270809
1.5689774
1.522288
1.4849333
1.4552199
1.4320143
1.414343
1.4010379
1.3909868
1.3833373
1.3774093
1.3726661
1.368722
1.3653101
1.3622497
1.3594215
1.3567496
1.3541911
1.3517275
1.3493612
1.3471127
1.3450204
1.3431409
1.3415513
1.3403529
1.3396766
1.3396902
1.34061
1.3427139
1.346368
1.3520525
1.3604253
1.3723829
1.3892357
1.4128935
1.4464484
1.4950092
1.5684956
1.6885646
1.9189606
2759295.1
450525.21
140659.62
60779.864
31504.677
18265.274
11399.254
7484.1114
5092.9582
3557.6255
2538.2383
1849.3959
1381.4017
1062.9938
845.07444
693.92676
587.09917
509.95716
453.01188
410.04631
376.92245
350.8213
329.79386
312.47377
297.90268
285.35413
274.28578
264.3557
255.34503
247.09636
239.49618
232.45832
225.91543
219.81085
214.09419
208.71869
203.6386
198.80855
194.18383
189.7203
185.37614
181.11331
176.89165
172.63888
168.19773
163.24032
157.15197
148.99431
137.6894
122.59081
104.10935
82.981059
61.061411
42.195123
29.018952
20.851705
16.24306
13.631712
11.926032
10.628178
9.5339024
8.5675848
7.701896
6.92848
6.2414681
5.6314256
5.0858986
4.5938462
4.1476199
3.7439815
3.3837937
3.0666526
2.7900267
2.5502633
2.3443948
2.16824
2.0182563
1.8915815
1.7856125
1.6980099
1.6264376
1.5685014
1.5219697
1.4847639
1.4551921
1.4321207
1.4145775
1.4013893
1.3914438
1.3838921
1.378057
1.3734043
1.3695505
1.3662311
1.3632673
1.3605413
1.3579788
1.3555382
1.3532023
1.3509749
1.3488781
1.3469518
1.3452542
1.3438649
1.3428874
1.3424557
1.342741
1.3439645
1.3464097
1.3504504
1.3565771
1.3654616
1.3780211
1.395595
1.4201403
1.4548247
1.5048953
1.5805453
1.7040992
1.9415388
2746882.3
448513.8
140032.25
60506.787
31358.394
18174.87
11337.354
7438.0482
5056.6725
3528.645
2515.3641
1832.0122
1368.8977
1054.5862
839.97274
691.4259
586.59152
510.95047
455.09866
412.89008
380.23732
354.37066
333.38538
315.96087
301.1887
288.37373
277.01348
266.79854
257.52143
249.03162
241.2175
233.99333
227.28916
221.04511
215.20798
209.72761
204.55587
199.64457
194.94687
190.41684
186.01113
181.69201
177.42059
173.13233
168.67604
163.72906
157.68199
149.59386
138.35961
123.29181
104.78429
83.569362
61.497304
42.465196
29.162666
20.923254
16.280402
13.653366
11.940316
10.638365
9.541271
8.5727326
7.7052451
6.9304064
6.2423244
5.6314965
5.0853859
4.5928903
4.1464327
3.7427521
3.3823579
3.0651043
2.788452
2.5487145
2.3429115
2.1668627
2.0170065
1.8904762
1.7846615
1.6972222
1.6258148
1.5680412
1.5216626
1.4846033
1.4551708
1.4322318
1.414815
1.4017427
1.3919019
1.3844476
1.3787052
1.3741426
1.3703792
1.3671525
1.3642855
1.361662
1.3592093
1.356887
1.3546794
1.3525917
1.3506473
1.3488878
1.3473734
1.3461856
1.3454306
1.3452454
1.3458049
1.3473348
1.3501248
1.3545565
1.3611309
1.3705341
1.3837042
1.402011
1.4274598
1.463296
1.5149099
1.5927777
1.7199163
1.9646436
2735447.9
446655.25
139444.54
60249.927
31220.758
18089.581
11278.725
7394.5762
5022.6604
3501.5039
2494.188
1816.1262
1357.6858
1047.3303
835.90369
689.84616
586.92274
512.69375
457.84467
416.29498
384.01056
358.27469
337.23263
319.61651
304.56587
291.42985
279.74147
269.21672
259.65625
250.91401
242.87943
235.46495
228.59751
222.21382
216.25713
210.67399
205.41352
200.42475
195.65842
191.0663
186.60411
182.23354
177.91786
173.59738
169.12659
164.18989
158.18318
150.16159
138.99596
123.9607
105.43181
84.136779
61.919691
42.728169
29.303216
20.993356
16.317089
13.674727
11.954466
10.64851
9.5486746
8.5779754
7.7087203
6.9324788
6.2433366
5.6317271
5.0850313
4.5920854
4.1453003
3.7416095
3.3810444
3.063664
2.7869731
2.5472485
2.3414987
2.1655458
2.0158068
1.8894123
1.7837439
1.6964609
1.6252127
1.5675968
1.5213673
1.4844518
1.4551561
1.4323476
1.4150559
1.4020982
1.3923613
1.3850037
1.3793537
1.3748813
1.3712083
1.3680743
1.3653043
1.3627837
1.3604411
1.3582377
1.3561589
1.3542115
1.3524203
1.3508286
1.3494985
1.3485136
1.3479827
1.3480458
1.3488819
1.3507211
1.3538595
1.3586866
1.365714
1.3756429
1.3894328
1.4084844
1.4348529
1.4718639
1.5250555
1.6051966
1.7360236
1.9882936
2724259
444838
138874.76
60000.942
31088.733
18008.843
11223.568
7353.768
4991.0349
3476.5879
2474.9444
1802.0176
1348.0406
1041.45
833.05681
689.36497
588.22632
515.29704
461.3332
420.31552
388.27546
362.54974
341.34127
323.43869
308.03275
294.52058
282.46998
271.61191
261.7528
252.7486
244.48798
236.88034
229.84823
223.32466
217.24916
211.56519
206.21829
201.15533
196.32401
191.67417
187.15981
182.74277
178.38723
174.03784
169.55369
164.62678
158.65855
150.70083
139.60224
124.60106
106.05494
84.685907
62.330484
42.985186
29.441263
21.062444
16.353286
13.695911
11.968557
10.658678
9.5561656
8.5833437
7.7123546
6.9347248
6.2445258
5.632131
5.0848449
4.5914454
4.1443082
3.7404812
3.3798568
3.0623392
2.7855932
2.5458679
2.3401582
2.1642904
2.0146587
1.8883907
1.7828605
1.6957268
1.6246316
1.5671685
1.5210843
1.4843096
1.4551481
1.4324684
1.4153001
1.4024559
1.3928219
1.3855606
1.3800027
1.3756204
1.3720378
1.3689967
1.3663239
1.3639065
1.3616744
1.3595902
1.3576408
1.3558343
1.3541971
1.3527742
1.3516295
1.3508489
1.3505437
1.3508572
1.3519721
1.3541236
1.3576139
1.3628407
1.3703269
1.3807886
1.3952073
1.415016
1.4423207
1.48053
1.5353345
1.6178063
1.7524289
2.0125078
2714084.7
443152.28
138349.73
59769.759
30965.364
17933.388
11172.502
7316.2434
4962.2466
3454.2878
2458.0921
1790.0037
1340.2685
1037.2005
831.65253
690.1585
590.65771
518.87908
465.64729
425.01082
393.06257
367.20575
345.71041
327.42275
311.58504
297.64388
285.19781
273.98449
263.81309
254.53918
246.04779
238.24434
231.04688
224.38371
218.19037
212.40704
206.97622
201.84169
196.94867
192.24477
187.68274
183.22347
178.83165
174.45438
169.95817
165.04065
159.10941
151.21389
140.18214
125.21598
106.65638
85.219116
62.731593
43.237545
29.577385
21.130831
16.389232
13.717021
11.982674
10.668926
9.5637873
8.5888845
7.7161752
6.9371651
6.2459082
5.6327235
5.0848412
4.5909757
4.1434757
3.7393836
3.3787758
3.0611316
2.7843175
2.5445755
2.3388918
2.1630978
2.0135627
1.8874122
1.7820118
1.6950201
1.6240721
1.5667564
1.5208139
1.4841767
1.455147
1.432594
1.4155478
1.4028157
1.393284
1.3861185
1.3806524
1.37636
1.3728678
1.3699197
1.3673444
1.3650303
1.3629091
1.3609447
1.3591253
1.3574603
1.3559779
1.3547247
1.3537665
1.3531914
1.3531136
1.3536794
1.3550755
1.3575422
1.3613881
1.3670191
1.3749697
1.3859713
1.4010283
1.4216063
1.4498643
1.489296
1.5457494
1.6306112
1.7691402
2.0373062
2704078.8
441571.6
137848.77
59553.038
30850.419
17863.981
11125.617
7282.36
4936.7833
3435.0452
2444.015
1780.478
1334.654
1034.8618
831.91459
692.43227
594.38066
523.56925
470.87854
430.43308
398.39645
372.25127
350.33565
331.56066
315.21593
300.79516
287.92152
276.33315
265.83808
256.28737
247.56221
239.56141
232.19821
225.39574
219.08568
213.20478
207.69205
202.48843
197.53668
192.78188
188.1755
183.67742
179.2528
174.85085
170.34345
165.43492
159.53893
151.70403
140.73876
125.80853
107.23883
85.738583
63.124827
43.486267
29.712314
21.198869
16.425065
13.73818
11.996883
10.679302
9.5715876
8.5946241
7.7202122
6.9398215
6.2475021
5.6335185
5.0850296
4.590687
4.1428102
3.7384236
3.3777065
3.0600455
2.7831484
2.5433746
2.3377014
2.1619694
2.0125198
1.8864773
1.7811983
1.6943412
1.6235341
1.5663606
1.5205561
1.4840534
1.4551527
1.4327247
1.4157989
1.4031779
1.3937475
1.3866773
1.3813027
1.3771001
1.3736984
1.3708434
1.3683657
1.3661554
1.3641454
1.3623011
1.3606122
1.3590895
1.3577627
1.35668
1.3559094
1.3555414
1.3556925
1.3565126
1.3581924
1.3609772
1.3651822
1.371222
1.3796426
1.3911915
1.4068962
1.4282562
1.4574847
1.4981634
1.556303
1.6436155
1.7861662
2.0627099
2695162.7
440077.45
137382.63
59349.42
30744.067
17800.252
11084.108
7252.9975
4915.2844
3419.4309
2433.2521
1773.8572
1331.6099
1034.74
834.14373
696.4154
599.58812
529.50461
477.12153
436.63494
404.29954
377.68439
355.20871
335.84244
318.91675
303.96801
290.63757
278.65656
267.82737
257.99499
249.03329
240.83465
233.30577
226.36484
219.9396
213.96248
208.37
203.09963
198.09165
193.289
188.64119
184.10732
179.65249
175.22814
170.71037
165.81049
159.94874
152.17312
141.27402
126.38147
107.80506
86.246732
63.511944
43.732421
29.846589
21.266869
16.460957
13.759469
12.01125
10.68987
9.5796002
8.6006002
7.7244893
6.9427146
6.2493238
5.6345273
5.0854186
4.5905875
4.1423186
3.7376193
3.3766927
3.0590338
2.7820881
2.5422677
2.3365898
2.160906
2.0115306
1.8855868
1.7804203
1.6936903
1.6230177
1.5659814
1.520311
1.4839394
1.4551654
1.4328605
1.4160536
1.4035421
1.3942123
1.3872369
1.3819536
1.3778408
1.3745295
1.3717678
1.3693879
1.3672816
1.3653833
1.3636596
1.3621017
1.3607219
1.3595514
1.3586403
1.3580585
1.3578987
1.3582804
1.3593567
1.3613226
1.3644285
1.3689964
1.3754495
1.3843459
1.3964495
1.4128116
1.4349664
1.465183
1.5071339
1.5669979
1.656824
1.8035156
2.0887406
2686322.5
438665.17
136944.14
59159.627
30645.734
17742.61
11047.304
7228.5731
4898.3543
3408.0597
2426.2499
1770.6054
1331.5105
1037.2327
838.64709
702.39089
606.49011
536.84197
484.46711
443.66161
410.78318
383.49994
360.31431
340.25309
322.67868
307.15566
293.34093
280.95142
269.78013
259.66233
250.46261
242.06622
234.37261
227.29446
220.7551
214.68406
209.0135
203.67889
198.61711
193.76911
189.08268
184.51584
180.03301
175.58809
171.06078
166.16942
160.3407
152.62333
141.79024
126.93705
108.35769
86.745855
63.894479
43.977178
29.98079
21.335113
16.497082
13.780991
12.025839
10.700661
9.5878709
8.6068411
7.7290319
6.9458657
6.2513855
5.6357644
5.0860194
4.5906836
4.142007
3.736976
3.3758111
3.0580276
2.7811393
2.5412557
2.3355593
2.1599093
2.0105957
1.8847408
1.7796781
1.6930677
1.6225231
1.5656181
1.520078
1.4838343
1.4551844
1.4330008
1.4163113
1.4039085
1.3946785
1.3877974
1.3826052
1.378582
1.3753612
1.3726929
1.3704111
1.3684091
1.3666228
1.3650202
1.3635938
1.3623576
1.3613442
1.3606055
1.3602136
1.3602634
1.3608774
1.3622119
1.3644663
1.3678963
1.3728307
1.3797018
1.3890799
1.4017457
1.4187749
1.4417377
1.4729604
1.5162093
1.5778368
1.6702413
1.8211974
2.1154217
2677657
437307.55
136537.07
58984.656
30556.57
17692.599
11017.071
7209.6564
4886.8103
3401.504
2423.6845
1771.2761
1334.8593
1042.7648
845.84323
710.68714
615.34136
545.74039
493.00487
451.54783
417.84838
389.68385
365.63358
344.77598
326.49096
310.3521
296.02318
283.21424
271.69548
261.28961
251.85163
243.25808
235.40077
228.18686
221.5356
215.37231
209.62602
204.22892
199.11584
194.22506
189.50257
184.90525
180.39674
175.93272
171.39653
166.51339
160.71691
153.05688
142.28986
127.47779
108.89883
87.237976
64.274119
44.221397
30.115674
21.403874
16.533509
13.80282
12.040715
10.711741
9.5964292
8.6133754
7.7338625
6.9492875
6.2537047
5.6372376
5.0868413
4.5909834
4.1418807
3.7364994
3.3750748
3.0571185
2.7802133
2.5403405
2.3346113
2.1589808
2.0097162
1.88394
1.778972
1.6924736
1.6220505
1.5652716
1.5198579
1.4837388
1.4552104
1.4331462
1.4165724
1.4042771
1.3951462
1.3883589
1.3832575
1.3793238
1.3761935
1.3736188
1.3714353
1.3695379
1.3678639
1.3663828
1.3650885
1.3639964
1.3631409
1.3625757
1.3623747
1.3626356
1.3634834
1.3650782
1.3676236
1.3713806
1.3766853
1.383979
1.3938448
1.4070803
1.4247866
1.4485707
1.480818
1.5253912
1.5888226
1.6838722
1.839221
2.1427771
2670567.7
436121.38
136160.9
58827.838
30478.675
17650.525
10994.005
7197.3158
4881.2802
3400.6201
2426.2007
1776.5136
1342.3119
1051.9504
856.22862
721.70931
626.42051
556.37252
502.81563
460.31272
425.48255
396.20992
371.14258
349.38878
330.33784
313.54729
298.68227
285.44293
273.57137
262.87617
253.20074
244.4115
236.3924
229.0447
222.2835
216.02975
210.20978
204.75269
199.59053
194.65964
189.90376
185.27756
180.74536
176.26378
171.71927
166.84422
161.07915
153.47588
142.77521
128.00568
109.43082
87.725158
64.652336
44.466181
30.25148
21.473478
16.570468
13.825038
12.055923
10.72315
9.6053122
8.6202308
7.7389999
6.9530034
6.2562929
5.6389606
5.0878907
4.5914945
4.1419465
3.7361937
3.3744879
3.0563353
2.779325
2.539488
2.333747
2.1581217
2.0088934
1.8831848
1.7783019
1.6919083
1.6216001
1.5649419
1.5196506
1.4836528
1.4552433
1.4332968
1.4168372
1.404648
1.3956154
1.3889215
1.3839105
1.3800663
1.3770266
1.3745455
1.3724605
1.3706679
1.3691066
1.3677474
1.3665858
1.3656385
1.3649417
1.3645508
1.364542
1.3650152
1.3660985
1.3679556
1.3707943
1.3748815
1.3805602
1.3882814
1.3986408
1.4124538
1.4308474
1.4554663
1.4887569
1.5346816
1.599958
1.6977217
1.8575964
2.1708321
2663441.1
435026.02
135822.04
58685.466
30409.781
17616.529
10977.655
7191.7816
4882.199
3405.9322
2434.6194
1787.197
1354.7281
1065.5822
870.4964
735.96136
640.04931
568.90312
513.95737
469.95261
433.65632
403.04491
376.8102
354.07197
334.20162
316.7355
301.31485
287.63161
275.40651
264.42214
254.51066
245.52723
237.34895
229.86956
223.00048
216.65892
210.76739
205.25211
200.04309
195.07434
190.28773
185.63573
181.08185
176.58256
172.03051
167.16339
161.42905
153.88192
143.24808
128.52301
109.9555
88.209255
65.030546
44.712279
30.389014
21.544178
16.608073
13.847707
12.071536
10.734927
9.6145515
8.6274338
7.7444705
6.9570218
6.2591644
5.6409417
5.0891802
4.5922213
4.1422095
3.7360636
3.3740551
3.0556834
2.7785409
2.5386373
2.3329681
2.1573329
2.0081286
1.8824763
1.777668
1.6913721
1.6211721
1.564629
1.5194561
1.4835763
1.4552833
1.4334525
1.4171052
1.4050211
1.3960861
1.3894851
1.3845643
1.3808094
1.3778603
1.375473
1.3734866
1.3717992
1.3703509
1.3691142
1.3680857
1.3672839
1.3667465
1.3665308
1.3667152
1.3674021
1.3687227
1.370844
1.3739787
1.378399
1.3844556
1.3926089
1.4034681
1.4178665
1.4369576
1.4624252
1.4967783
1.5440821
1.6112461
1.7117951
1.8763334
2.1996137
2656540.9
433959.81
135500.22
58557.677
30351.258
17590.114
10969.6
7193.5698
4890.6598
3418.6002
2450.1088
1804.7286
1373.5233
1084.9105
889.59206
754.07547
656.577
583.48089
526.45318
480.43598
442.32332
410.14612
382.60585
358.80069
338.06687
319.90276
303.91552
289.78018
277.19886
265.92645
255.78076
246.60669
238.27124
230.66285
223.68851
217.2615
211.30029
205.72921
200.47522
195.47068
190.65537
185.9801
181.40647
176.89188
172.33251
167.47207
161.76785
154.27676
143.71048
129.03159
110.47475
88.691678
65.410293
44.960764
30.528665
21.616227
16.646455
13.87093
12.087593
10.747108
9.6241791
8.6350035
7.7502887
6.9613682
6.262329
5.6431917
5.0907133
4.5931736
4.1426748
3.7361138
3.3737789
3.0551665
2.7778697
2.53787
2.3321955
2.1566154
2.0074225
1.8818148
1.7770706
1.690865
1.6207666
1.5643331
1.5192747
1.4835092
1.4553294
1.4336127
1.4173766
1.4053966
1.3965582
1.3900497
1.3852189
1.3815532
1.3786946
1.3764013
1.3745138
1.3729318
1.3715969
1.3704829
1.3695882
1.3689324
1.3685552
1.3685158
1.3688946
1.3697966
1.3713559
1.3737436
1.3771766
1.3819332
1.3883715
1.3969619
1.4083269
1.4233186
1.4431178
1.4694481
1.5048833
1.5535946
1.6226899
1.7260974
1.8954429
2.2291494
2651276.9
433026.04
135217.16
58444.396
30304.422
17573.547
10970.113
7204.6103
4908.4672
3440.9738
2475.5999
1831.8821
1401.1766
1111.8984
914.84108
776.80844
676.35585
600.19759
540.28276
491.70549
451.42252
417.46542
388.495
363.55035
341.91722
323.03978
306.4793
291.88621
278.94617
267.3878
257.01134
247.64945
239.15983
231.42547
224.34891
217.83826
211.81018
206.18509
200.88843
195.84995
191.00814
186.31151
181.72016
177.19161
172.62587
167.77239
162.0978
154.6617
144.16395
129.53322
110.9904
89.174556
65.792659
45.212512
30.670834
21.689911
16.685763
13.894762
12.104136
10.759737
9.6342138
8.6429656
7.7564761
6.966047
6.2658006
5.6457197
5.0925005
4.5943556
4.1433474
3.736348
3.3736631
3.0547866
2.7773156
2.5371977
2.3314624
2.1559305
2.0067755
1.8812014
1.7765102
1.6903873
1.6203838
1.5640542
1.519106
1.4834508
1.4553825
1.4337778
1.4176514
1.4057742
1.3970318
1.3906152
1.3858741
1.3822976
1.3795297
1.3773303
1.3755419
1.3740656
1.3728444
1.3718537
1.3710932
1.3705842
1.370368
1.3705057
1.3710799
1.3721984
1.3739982
1.3766543
1.3803882
1.3854842
1.3923081
1.4013404
1.4132175
1.4288106
1.4493284
1.476536
1.5130731
1.563221
1.6342925
1.7406344
1.9149356
2.2594691
2645766.1
432186.58
134967.45
58350.634
30270.035
17570.844
10984.811
7231.2017
4942.8652
3480.8014
2518.1518
1874.8488
1442.337
1149.5465
947.94309
804.95207
699.63485
619.07428
555.36609
503.66635
460.87786
424.94907
394.43971
368.30076
345.73742
326.13206
308.99747
293.94644
280.64518
268.80455
258.20055
248.65418
240.0151
232.15744
224.98125
218.3904
212.2974
206.62085
201.28339
196.21316
191.34588
186.6292
182.02148
177.48031
172.90863
168.06287
162.41784
155.03727
144.60911
130.02931
111.50444
89.659201
66.179099
45.468262
30.816012
21.765399
16.72608
13.919255
12.121215
10.772826
9.6446855
8.6513388
7.7630459
6.9710765
6.2695859
5.6485329
5.0945487
4.5957714
4.1442321
3.7367709
3.3737101
3.0545468
2.776879
2.5366244
2.330806
2.1552543
2.0061792
1.8806362
1.7759879
1.6899389
1.6200238
1.5637921
1.5189503
1.4834019
1.4554424
1.4339482
1.4179298
1.4061542
1.3975068
1.3911818
1.3865301
1.3830426
1.3803653
1.3782601
1.3765709
1.3752006
1.3740935
1.3732265
1.3726007
1.3722391
1.3721846
1.3725004
1.3732713
1.3746075
1.3766496
1.379576
1.3836134
1.3890519
1.3962653
1.4057445
1.4181401
1.4343428
1.4555901
1.4836894
1.5213491
1.5729634
1.6460571
1.7554115
1.934823
2.2906035
2641696.7
431496.71
134803.77
58323.112
30299.055
17627.508
11057.505
7311.6481
5026.4498
3563.8517
2597.3561
1946.8944
1505.0666
1202.165
990.83597
839.17326
726.53814
639.99983
571.56841
516.20036
470.60529
432.53664
400.39944
373.02055
349.50654
329.16605
311.45691
295.95149
282.2912
270.17009
259.34456
249.61887
240.83337
232.85659
225.58448
218.91608
212.76132
207.03565
201.65973
196.55945
191.66922
186.93412
182.31051
177.75789
173.18135
168.34388
162.72852
155.40472
145.04732
130.52141
112.01775
90.146797
66.570462
45.728523
30.964517
21.842912
16.767543
13.94446
12.138846
10.78641
9.6556113
8.6601399
7.770011
6.976464
6.2736986
5.6516388
5.0968642
4.5974302
4.1453333
3.7373873
3.3739243
3.0544501
2.7765638
2.5361518
2.3302322
2.1546395
2.0055836
1.8801204
1.7755045
1.6895203
1.6196867
1.5635472
1.5188072
1.4833625
1.4555094
1.4341238
1.4182118
1.4065365
1.3979835
1.3917493
1.3871868
1.3837882
1.3812016
1.3791905
1.3776009
1.3763368
1.3753442
1.3746012
1.3741107
1.3738971
1.3740052
1.3744999
1.3754686
1.377024
1.37931
1.3825089
1.3868522
1.3926364
1.4002434
1.4101744
1.4230949
1.4399156
1.4619033
1.4909094
1.5297124
1.5828235
1.6579869
1.7704347
1.9551169
2.3225849
2637607
434798.93
136868.1
59661.283
31228.648
18303.059
11559.969
7692.5433
5318.37
3788.2316
2768.9577
2077.021
1602.8693
1275.2877
1045.4254
879.90469
756.94267
662.75115
588.66792
529.14134
480.48059
440.14184
406.31621
377.66805
353.19171
332.11753
313.84037
297.88419
283.87126
271.47776
260.43623
250.53727
241.61103
233.51941
226.15553
219.41346
213.1997
207.42777
202.01594
196.88803
191.97647
187.22498
182.58749
178.02506
173.44445
168.61468
163.02979
155.76378
145.47993
131.01015
112.53177
90.638304
66.967617
45.993858
31.116578
21.922436
16.810145
13.970388
12.157076
10.800508
9.6670105
8.6693807
7.7773822
6.9822228
6.2781422
5.6550451
5.0994519
4.599334
4.1466554
3.738201
3.3743079
3.0544997
2.7763713
2.5357816
2.3297423
2.1540926
2.0050238
1.8796175
1.7750604
1.6891318
1.6193729
1.5633199
1.5186776
1.4833324
1.4555831
1.4343042
1.4184971
1.4069211
1.3984614
1.3923176
1.387844
1.3845343
1.3820383
1.3801216
1.3786317
1.3774741
1.3765963
1.3759779
1.3756231
1.3755582
1.3758295
1.3765042
1.3776718
1.3794478
1.3819793
1.3854528
1.3901047
1.3962378
1.4042422
1.4146303
1.4280821
1.4455291
1.4682686
1.4981965
1.5381643
1.5928035
1.6700853
1.7857098
1.9758293
2.3554478
2785116.5
459110.04
144395.67
62826.23
32803.516
19178.04
12092.23
8044.0572
5568.523
3975.3858
2913.5946
2189.9279
1690.1952
1341.55
1094.736
916.13343
783.41053
682.10962
602.9144
539.72142
488.42605
446.18266
410.96409
381.28841
356.04748
334.39619
315.6784
299.38007
285.09567
272.49316
261.28989
251.26123
242.22959
234.05166
226.61942
219.82255
213.56569
207.76013
202.32242
197.17501
192.24884
187.4865
182.83961
178.26976
173.6878
168.86745
163.31271
156.10365
145.89249
131.47868
113.02731
91.117514
67.356748
46.253906
31.264973
22.000632
16.852108
13.996078
12.175283
10.814723
9.6785983
8.6788453
7.7849792
6.9882146
6.2828117
5.6586661
5.1022415
4.6014273
4.1481512
3.7391719
3.3748273
3.054667
2.7762775
2.5354934
2.3293184
2.1535986
2.0045036
1.8791119
1.7746362
1.6887672
1.6190769
1.5631063
1.5185585
1.4833116
1.4556659
1.4344931
1.4187912
1.4073136
1.3989478
1.3928949
1.3885106
1.3852902
1.3828852
1.3810633
1.3796734
1.3786228
1.3778602
1.377367
1.3771486
1.377233
1.3776685
1.3785242
1.3798918
1.3818899
1.3846688
1.388419
1.3933822
1.3998676
1.4082738
1.4191242
1.4331143
1.4511966
1.4746996
1.5055656
1.5467207
1.6029213
1.6823735
1.8012636
1.9969989
2.3892672
2805192
458133.25
143082.53
61877.991
32132.082
18694.137
11739.478
7786.851
5384.4627
3850.9682
2836.2793
2147.2841
1670.3997
1334.7323
1094.0314
917.64942
785.35551
683.84167
604.29358
540.78393
489.24656
446.83082
411.49289
381.73565
356.43895
334.74839
316.00121
299.67695
285.363
272.73595
261.51742
251.47463
242.43069
234.24582
226.80349
219.99855
213.73611
207.92721
202.48821
197.34128
192.41694
187.65707
183.01281
178.4448
173.86553
169.05026
163.50823
156.32342
146.14499
131.75715
113.31774
91.392105
67.580998
46.410524
31.357197
22.051454
16.88126
14.01513
12.189449
10.826148
9.6881472
8.6867785
7.791411
6.9933312
6.2868139
5.6617707
5.1046183
4.6031895
4.1493683
3.7398995
3.3751288
3.0546361
2.7759994
2.5350341
2.3287337
2.1529573
2.0038502
1.8784854
1.7741225
1.688329
1.6187262
1.5628596
1.5184291
1.4833032
1.4557841
1.4347401
1.4191648
1.4078083
1.3995577
1.3936171
1.3893438
1.3862349
1.3839443
1.3822418
1.3809785
1.3800634
1.3794472
1.3791128
1.379068
1.3793426
1.3799872
1.3810736
1.3826965
1.384978
1.3880727
1.3921764
1.3975374
1.4044733
1.4133935
1.4248358
1.4395154
1.4584124
1.4828954
1.5149665
1.5576488
1.6158607
1.6981136
1.8212287
2.0242532
2.433058
2824876.4
461322.63
144084.85
62322.506
32371.919
18839.065
11833.472
7850.5714
5428.5552
3881.281
2856.6868
2160.5826
1678.6947
1339.6009
1096.6146
918.76032
785.56805
683.5515
603.76629
540.18886
488.68537
446.358
411.13254
381.49224
356.3054
334.71107
316.0429
299.77769
285.50125
272.88766
261.67574
251.63977
242.59874
234.41381
226.96873
220.16092
213.89629
208.08616
202.64707
197.50163
192.58055
187.82548
183.18565
178.61957
174.03563
169.2112
163.65235
156.4429
146.23891
131.83371
113.37371
91.419533
67.597839
46.43269
31.37226
22.063798
16.891702
14.023779
12.19671
10.832369
9.693533
8.6913043
7.7950458
6.9961742
6.2889731
5.6633793
5.1057724
4.6039574
4.1497799
3.7399811
3.3749259
3.0542168
2.7754275
2.5343593
2.3279897
2.1522033
2.0031203
1.8778095
1.773566
1.6878725
1.6183699
1.5626176
1.5183112
1.4833118
1.4559227
1.4350099
1.419563
1.4083286
1.4001938
1.3943658
1.3902037
1.3872067
1.3850306
1.3834479
1.3823115
1.3815323
1.3810629
1.380888
1.3810173
1.3814829
1.3823374
1.3836554
1.3855346
1.3881008
1.3915129
1.3959721
1.4017332
1.4091224
1.4185601
1.4305987
1.4459737
1.4656927
1.4911654
1.5244551
1.5686837
1.6289349
1.7140331
1.841451
2.051927
2.4777725
2845367
464647.36
145116.68
62765.318
32598.829
18968.482
11912.361
7900.8259
5461.5109
3903.3601
2871.6893
2170.8121
1685.5387
1343.9174
1099.0356
919.82626
785.74415
683.2088
603.17345
539.52633
488.0647
445.84165
410.74896
381.24792
356.19294
334.71486
316.14268
299.95066
285.7223
273.1274
261.91272
251.87251
242.82682
234.6327
227.1767
220.35868
214.08535
208.26839
202.82487
197.6782
192.75886
188.00654
183.37116
178.80737
174.2171
169.37442
163.7795
156.51133
146.23141
131.74979
113.22316
91.207274
67.386568
46.289697
31.289753
22.027879
16.88057
14.022705
12.197516
10.833703
9.6949889
8.6926058
7.7960342
6.9968588
6.2893815
5.6635647
5.1057639
4.6037784
4.1494245
3.7394487
3.3742452
3.0534291
2.7745786
2.5334845
2.3270987
2.1513466
2.0023218
1.8770909
1.7729692
1.6874009
1.6180107
1.5623817
1.5182053
1.4833372
1.456081
1.4353009
1.4199831
1.4088701
1.4008509
1.3951352
1.391084
1.3881986
1.3861371
1.3846741
1.3836645
1.3830214
1.382699
1.3826839
1.3829878
1.3836447
1.3847098
1.3862601
1.3883966
1.3912486
1.3949794
1.3997957
1.405959
1.4138041
1.4237625
1.4364017
1.4524772
1.4730252
1.4994969
1.5340178
1.5798106
1.6421281
1.7301143
1.8619104
2.0799961
2.5233843
2866592.4
468108.11
146195.55
63229.257
32836.862
19104.052
11994.803
7952.9896
5495.4528
3926.0058
2887.2389
2181.8373
1693.5388
1349.7246
1103.1591
922.66379
787.64888
684.47992
604.04428
540.16556
488.58651
446.31875
411.22382
381.74193
356.71355
335.26042
316.70592
300.52078
286.28616
273.66917
262.4079
252.31083
243.21668
234.98007
227.48607
220.63535
214.33485
208.49612
203.03642
197.87994
192.95749
188.20743
183.57524
179.00745
174.40862
169.53973
163.89281
156.53759
146.13483
131.5278
112.89544
90.785039
66.963119
45.978772
31.098385
21.932016
16.839984
14.005852
12.189385
10.828905
9.6917206
8.6901092
7.7943331
6.9954394
6.2880819
5.662362
5.1046237
4.6026743
4.148319
3.7383174
3.3730957
3.0522793
2.7734557
2.5324124
2.3260618
2.1503877
2.0014547
1.876329
1.7723301
1.6869135
1.6176477
1.5621509
1.5181104
1.4833788
1.4562583
1.4356125
1.4204233
1.4094322
1.4015283
1.3959245
1.3919839
1.3892099
1.3872628
1.3859195
1.385037
1.3845301
1.3843548
1.3844999
1.3849787
1.3858275
1.3871037
1.3888871
1.3912819
1.3944208
1.3984717
1.4036467
1.4102143
1.4185178
1.4290003
1.442244
1.4590254
1.4804092
1.5078891
1.5436538
1.5910286
1.655439
1.7463555
1.8826049
2.1084595
2.5699007
2888948.2
471748.17
147328.17
63718.128
33089.842
19250.639
12086.528
8013.7142
5537.5225
3956.3834
2910.0125
2199.4101
1707.2945
1360.4737
1111.4739
929.05032
792.56658
688.31883
607.11197
542.69016
490.7301
448.19302
412.90367
383.27586
358.13153
336.57988
317.93574
301.66421
287.34252
274.63468
263.27536
253.06231
243.85378
235.52294
227.94908
221.03114
214.67504
208.7915
203.29738
198.11736
193.18216
188.42883
183.79779
179.22691
174.60968
169.70613
163.99031
156.51965
145.95126
131.16977
112.39306
90.157784
66.3342
45.506696
30.801936
21.778523
16.771213
13.974861
12.173111
10.818549
9.6841925
8.6841651
7.789464
6.9913755
6.2846757
5.6594848
5.1023322
4.6006727
4.1464852
3.7366041
3.3714892
3.0507771
2.7720641
2.5311446
2.3248806
2.1493268
2.0005184
1.875523
1.7716601
1.6863966
1.6172799
1.5619241
1.5180255
1.4834357
1.4564539
1.4359428
1.4208834
1.4100142
1.4022256
1.3967335
1.3929031
1.3902403
1.3884075
1.387184
1.3864286
1.386058
1.3860303
1.3863358
1.3869899
1.3880311
1.3895191
1.3915364
1.3941902
1.3976171
1.4019895
1.4075249
1.4144988
1.4232633
1.4342729
1.4481253
1.4656176
1.4878441
1.5163412
1.5533622
1.6023367
1.6688664
1.7627555
1.9035332
2.1373157
2.6173295
2912108.1
475528.24
148506.67
64225.948
33351.951
19401.891
12180.492
8075.3949
5579.9281
3986.9153
2933.0856
2217.6564
1722.1901
1372.7999
1121.7007
937.54176
799.64901
694.27985
612.19004
547.0737
494.56344
451.58395
415.93165
385.99877
360.59125
338.80656
319.95118
303.48426
288.97881
276.09553
264.56562
254.18157
244.79732
236.30653
228.60125
221.57409
215.1278
209.17166
203.621
198.39935
193.43903
188.67407
184.0389
179.46294
174.82618
169.87269
164.06991
156.45343
145.67559
130.67578
111.71867
89.327646
65.507104
44.883006
30.407251
21.57162
16.676623
13.930907
12.149265
10.802974
9.672642
8.6749546
7.7818698
6.9850686
6.2794477
5.655134
5.0986765
4.5975362
4.1437473
3.7342999
3.3694401
3.0489328
2.770412
2.5296843
2.3235572
2.1481649
1.9995129
1.8746722
1.7709632
1.6858541
1.6168963
1.5617001
1.5179498
1.4835068
1.4566656
1.4362918
1.421363
1.4106158
1.4029422
1.3975616
1.3938414
1.3912896
1.3895712
1.3884673
1.3878392
1.3876051
1.3877251
1.3881914
1.3890212
1.3902553
1.3919557
1.3942076
1.3971214
1.4008374
1.4055325
1.41143
1.4188121
1.42804
1.43958
1.4540449
1.4722534
1.4953292
1.5248524
1.5631421
1.6137339
1.6824089
1.7793126
1.9246933
2.1665636
2.6656794
2936053.3
479439.92
149729.38
64753.947
33625.939
19561.088
12280.485
8142.095
5626.8619
4021.7127
2960.2518
2239.8261
1740.81
1388.628
1135.1818
949.02612
809.45638
702.70011
619.47095
553.41849
500.13464
456.50895
420.30904
389.90495
364.08522
341.93424
322.74864
305.98028
291.19686
278.05504
266.28249
255.66738
246.05478
237.34999
229.46114
222.27956
215.7061
209.64749
204.01708
198.73626
193.73481
188.94884
184.30223
179.71597
175.05495
170.04445
164.12965
156.33583
145.30544
130.04535
110.87236
88.299293
64.490751
44.119312
29.922889
21.316577
16.559157
13.875339
12.118491
10.782544
9.6573178
8.6626673
7.7717267
6.9766611
6.2725089
5.6493957
5.0938789
4.5934636
4.140244
3.7312685
3.366812
3.0467295
2.7685081
2.5280368
2.3220949
2.1469035
1.9984385
1.8737761
1.7702389
1.6852967
1.6165023
1.5614674
1.5178769
1.4835902
1.4568945
1.4366588
1.4218614
1.4112364
1.403678
1.3984088
1.3947986
1.3923576
1.3907534
1.3897694
1.3892686
1.3891713
1.3894392
1.3900665
1.3910725
1.3924999
1.3944133
1.3969005
1.4000751
1.4040813
1.4091005
1.4153616
1.4231539
1.4328477
1.444921
1.4600025
1.4789321
1.5028639
1.5334222
1.5729926
1.625219
1.6960654
1.7960253
1.9460834
2.1962014
2.7149878
2961179.2
483526.45
151002.66
65304.217
33911.415
19726.871
12384.764
8211.8816
5676.254
4058.7036
2989.5559
2264.1878
1761.7108
1406.802
1151.0212
962.81723
821.46619
713.17999
628.64786
561.48814
507.26054
462.82491
425.92359
394.90563
368.54275
345.90604
326.28177
309.11397
293.96442
280.48529
268.40069
257.49535
247.61
238.64528
230.52278
223.14577
216.4114
210.22198
204.48907
199.13312
194.07991
189.25856
184.59254
179.98921
175.29601
170.21741
164.17279
156.16314
144.83796
129.27884
109.855
87.077209
63.295754
43.229219
29.358979
21.019465
16.422067
13.809682
12.081515
10.757669
9.6384974
8.6475128
7.7592007
6.9662874
6.2639659
5.6423545
5.0880173
4.5885174
4.1360232
3.7276453
3.3637101
3.0440848
2.7663019
2.5262082
2.3204972
2.1455445
1.9972959
1.8728345
1.7694863
1.684724
1.6161023
1.5612351
1.5178077
1.4836795
1.4571343
1.4370409
1.4223768
1.4118749
1.4044323
1.3992746
1.3957741
1.393444
1.3919541
1.3910899
1.3907165
1.3907561
1.3911722
1.3919608
1.3931432
1.3947643
1.396891
1.3996139
1.4030499
1.4073468
1.4126909
1.4193164
1.4275201
1.4376812
1.4502895
1.4659894
1.4856427
1.5104334
1.5420306
1.5828862
1.6367526
1.7097755
1.8127938
1.9675113
2.2257411
2.7617913
2987118.3
487773.64
152326.46
65876.539
34208.492
19899.937
12494.03
8285.5153
5728.9168
4098.6856
3021.7363
2291.3625
1785.3536
1427.6178
1169.3662
978.9505
835.63363
725.62439
639.59753
571.14631
515.80173
470.39583
432.64643
400.88114
373.85425
350.6228
330.46197
312.80697
297.21297
283.32707
270.86932
259.62093
249.41869
240.15664
231.76573
224.16068
217.23579
210.89035
205.03494
199.58913
194.47391
189.60868
184.91444
180.28629
175.55125
170.3901
164.19407
155.93646
144.26943
128.37657
108.66832
85.666752
61.934562
42.228039
28.726433
20.687245
16.269154
13.735581
12.039117
10.728791
9.6164835
8.6297206
7.7444746
6.9540932
6.253934
5.6341011
5.0811642
4.5827555
4.1311302
3.7234723
3.3601662
3.0410875
2.7637828
2.5241744
2.3187686
2.1440902
1.996086
1.8718473
1.7687049
1.684135
1.6156954
1.5610031
1.5177442
1.4837784
1.4573868
1.4374379
1.4229083
1.4125302
1.4052037
1.4001575
1.3967671
1.3945479
1.3931725
1.3924283
1.3921825
1.392359
1.3929234
1.3938734
1.3952325
1.3970475
1.3993878
1.4023469
1.4060446
1.4106328
1.4163023
1.4232931
1.431909
1.4425383
1.4556829
1.4720028
1.4923816
1.5180335
1.5506719
1.5928155
1.648324
1.7235233
1.8295911
1.9889257
2.2550494
2.8065009
3013878.3
492156.73
153695.26
66467.947
34515.843
20079.423
12607.709
8362.4604
5784.3419
4141.18
3056.3387
2320.9324
1811.3649
1450.7373
1189.9079
997.1408
851.69822
739.79682
652.1051
582.1985
525.58262
479.06378
440.33552
407.70414
379.90584
355.98295
335.1987
316.97895
300.87147
286.51774
273.63335
261.99572
251.43769
241.84758
233.1618
225.30273
218.16335
211.6418
205.64853
200.10201
194.91873
190.0066
185.27082
180.61056
175.82245
170.5624
164.18974
155.64848
143.59792
127.33971
107.31471
84.074145
60.421501
41.131847
28.037863
20.327527
16.104317
13.654712
11.992104
10.696375
9.591598
8.6095348
7.7277418
6.940234
6.2425379
5.6247335
5.0733971
4.5762381
4.1256128
3.7187874
3.3562097
3.0377632
2.7610087
2.5219146
2.3169143
2.1425436
1.9948101
1.8708148
1.7678941
1.6835288
1.6152804
1.5607698
1.5176847
1.4838866
1.4576517
1.4378492
1.4234554
1.4132017
1.4059918
1.4010572
1.3977771
1.3956692
1.3944083
1.3937842
1.393666
1.3939797
1.3946925
1.3958042
1.39734
1.3993491
1.4019034
1.4050989
1.4090588
1.4139387
1.4199341
1.4272908
1.4363197
1.4474182
1.4611002
1.4780415
1.4991473
1.5256621
1.5593438
1.6027772
1.6599286
1.7373019
1.8464058
2.010305
2.2840792
2.849274
3041659.9
496689
155113.21
67081.543
34835.03
20265.873
12726.097
8442.9677
5842.7632
4186.4019
3093.5458
2353.0358
1839.8166
1476.1628
1212.5929
1017.2924
869.53623
755.55788
666.02538
594.49906
536.46159
488.69344
448.86332
415.25547
386.58726
361.88512
340.39955
321.54618
304.86473
289.99038
276.63377
264.56818
253.6224
243.67956
234.67851
226.54602
219.17459
212.46287
206.32147
200.66708
195.41114
190.4516
185.67594
180.96315
176.11098
170.73382
164.15725
155.29611
142.82295
126.16917
105.79728
82.306653
58.772818
39.956382
27.30761
19.948856
15.931491
13.568761
11.941288
10.660897
9.5641752
8.5872117
7.7092045
6.9248719
6.2299077
5.6143549
5.0647966
4.5690297
4.1195219
3.7136303
3.351871
3.0341356
2.7579995
2.5194485
2.3149398
2.1409077
1.9934696
1.8697371
1.7670534
1.6829044
1.6148564
1.5605343
1.5176283
1.4840028
1.4579281
1.4382741
1.4240173
1.4138889
1.4067955
1.4019733
1.3988038
1.3968073
1.3956612
1.3951573
1.3951669
1.3956178
1.3964792
1.3977526
1.3994654
1.4016689
1.4044373
1.4078695
1.4120919
1.417264
1.4235858
1.4313089
1.4407514
1.45232
1.4665403
1.4841041
1.5059382
1.5333175
1.5680437
1.6127679
1.6715619
1.7511046
1.863227
2.0316288
2.3127905
2.8902284
3070670.3
501411.67
156588.44
67719.581
35166.394
20459.503
12849.277
8527.0672
5904.1674
4234.326
3133.3236
2387.6141
1870.6251
1503.7895
1237.2942
1039.2641
888.99912
772.75743
681.21099
607.90666
548.30431
499.15852
458.11206
423.42612
393.798
368.23738
345.98095
326.43324
309.12518
293.68498
279.81773
267.29221
255.93305
245.61868
236.2869
227.86633
220.25085
213.34045
207.04535
201.27944
195.94826
190.9391
186.12012
181.34537
176.41812
170.90343
164.09379
154.87369
141.94046
124.86899
104.12013
80.373033
57.006779
38.715124
26.552642
19.56099
15.754391
13.479312
11.887458
10.622834
9.5345576
8.5630154
7.6890745
6.9081779
6.2161787
5.6030728
5.0554482
4.5611977
4.1129105
3.7080425
3.3471821
3.0302295
2.7547729
2.5168001
2.3128514
2.139186
1.9920661
1.8686148
1.7661824
1.682261
1.6144219
1.5602949
1.5175741
1.4841263
1.4582153
1.4387119
1.4245939
1.4145914
1.4076151
1.4029054
1.3998469
1.3979621
1.3969309
1.3965474
1.3966849
1.3972731
1.3982831
1.3997185
1.4016084
1.4040064
1.4069892
1.4106583
1.4151435
1.420608
1.4272566
1.4353467
1.4452035
1.4572427
1.4720022
1.4901894
1.5127529
1.5409977
1.5767694
1.6227846
1.6832194
1.7649247
1.8800441
2.0528781
2.3411519
2.9294705
3100741.3
506316.33
158116.22
68379.269
35509.211
20660.171
12977.271
8614.8061
5968.6162
4285.0217
3175.7357
2424.7142
1903.798
1533.5823
1263.9428
1062.9628
909.97853
791.2787
697.54251
622.30264
560.99563
510.34879
467.97766
432.11869
401.44782
374.95673
351.8672
331.57173
313.59164
297.54733
283.13776
270.12665
258.33427
247.63482
237.9609
229.24204
221.37611
214.2636
207.81319
201.93508
196.52824
191.46896
186.60804
181.77416
176.74277
171.06971
163.99605
154.37671
140.95029
123.44203
102.28632
78.285315
55.143804
37.41552
25.790984
19.175792
15.576266
13.387807
11.831367
10.582657
9.5030899
8.5372139
7.6675663
6.8903241
6.2014906
5.5909972
5.0454391
4.5528111
4.1058339
3.702068
3.3421768
3.0260712
2.7513455
2.513995
2.3106556
2.1373822
1.9906014
1.8674483
1.7652809
1.6815977
1.613976
1.5600508
1.517521
1.4842557
1.4585127
1.4391622
1.4251832
1.4153078
1.4084496
1.4038533
1.4009062
1.3991333
1.3982171
1.3979542
1.3982196
1.3989453
1.4001041
1.4017014
1.4037686
1.4063613
1.4095586
1.4134648
1.418213
1.4239703
1.4309461
1.4394035
1.449675
1.4621855
1.4774848
1.4962962
1.5195898
1.5487007
1.5855182
1.6328239
1.6948966
1.7787556
1.8968462
2.0740347
2.369136
2.9671003
3131492.7
511352.3
159687.7
69059.035
35863.443
20867.708
13109.968
8706.1529
6036.1263
4338.5348
3220.8268
2464.3459
1939.3152
1565.4892
1292.4603
1088.2928
932.36882
811.01234
714.90948
637.57879
574.43147
522.16538
478.36706
441.24657
409.45691
381.97028
357.99239
336.90271
318.2119
301.53183
286.55454
273.03797
260.79734
249.70199
239.67888
230.65768
222.53951
215.22486
208.62029
202.63155
197.15023
192.04071
187.13536
182.2356
177.08477
171.23129
163.86076
153.80077
139.85009
121.88798
100.30163
76.060202
53.206348
36.071933
25.030353
18.800255
15.399639
13.295532
11.773722
10.540825
9.470115
8.510077
7.644896
6.8714868
6.1859833
5.5782404
5.0348574
4.5439406
4.0983481
3.6957508
3.3368895
3.0216876
2.7477325
2.5110618
2.308359
2.1355001
1.9890777
1.8662382
1.7643484
1.6809138
1.6135176
1.5598009
1.5174677
1.4843899
1.4588193
1.439623
1.4257855
1.4160385
1.4092988
1.4048166
1.4019812
1.4003205
1.3995196
1.3993772
1.3997708
1.400634
1.4019416
1.4037011
1.4059456
1.4087331
1.412145
1.4162886
1.4213
1.4273502
1.4346535
1.4434785
1.4541652
1.4671474
1.482987
1.502423
1.5264473
1.5564246
1.5942879
1.6428827
1.7065889
1.7925907
1.9136234
2.0950818
2.3967216
3.0032105
3163135.4
516525.6
161306.94
69760.929
36229.366
21082.402
13247.502
8801.2287
6106.8446
4394.9904
3268.6872
2506.565
1977.1869
1599.482
1322.7879
1115.1729
956.07727
831.86032
733.21269
653.63739
588.5177
534.51885
489.1966
450.73231
417.75419
389.21351
364.29863
342.37482
322.941
305.59962
290.03498
275.99847
263.29953
251.8019
241.42637
232.10224
223.73333
216.21944
209.46426
203.3683
197.81487
192.65551
187.70314
182.73032
177.44482
171.38699
163.68463
153.14141
138.64065
120.21126
98.171067
73.713131
51.218212
34.714976
24.27233
18.432782
15.22654
13.203624
11.71517
10.497776
9.4359696
8.4818719
7.6212794
6.8518409
6.1697985
5.5649142
5.0237934
4.534658
4.0905099
3.6891365
3.3313558
3.0171052
2.7439509
2.5080287
2.3059684
2.1335439
1.9874967
1.8649852
1.7633847
1.6802082
1.6130456
1.559544
1.5174132
1.4845278
1.4591325
1.4400947
1.4264005
1.4167817
1.4101623
1.4057949
1.4030716
1.4015233
1.4008379
1.4008163
1.4013381
1.4023389
1.4037955
1.4057172
1.4081391
1.4111214
1.4147481
1.4191291
1.4244038
1.4307473
1.4383782
1.4475711
1.4586732
1.4721275
1.4885077
1.5085687
1.5333238
1.5641675
1.6030757
1.6529575
1.718292
1.8064237
1.9303658
2.1160041
2.4238912
3.0378865
3196079.2
521894.56
162984.39
70487.271
36607.798
21304.691
13390.195
8900.2371
6180.9181
4454.4892
3319.3871
2551.4037
2017.3977
1635.5075
1354.8486
1143.5128
981.00612
853.72213
752.35336
670.38401
603.16487
547.32619
500.38975
460.50609
426.27671
396.63029
370.73646
347.94492
327.74193
309.7195
293.55325
278.98727
265.82441
253.9221
243.19424
233.5695
224.95398
217.24596
210.34543
204.14682
198.5243
193.31563
188.31349
183.26306
177.83625
171.53361
163.46457
152.39417
137.324
118.41807
95.900845
71.261545
49.203867
33.360883
23.528319
18.078281
15.059025
13.113073
11.656302
10.453931
9.4009819
8.4528609
7.5969306
6.8315604
6.1530753
5.551131
5.0123362
4.525035
4.0823769
3.682271
3.3256117
3.0123481
2.7400195
2.5049234
2.3034906
2.1315175
1.9858608
1.8636899
1.7623896
1.6794804
1.612559
1.5592788
1.5173562
1.484667
1.4594526
1.4405767
1.427026
1.4175376
1.4110398
1.4067878
1.4041772
1.4027415
1.4021717
1.402271
1.4029212
1.4040597
1.4056653
1.4077492
1.4103486
1.4135259
1.4173674
1.4219858
1.427524
1.4341608
1.4421195
1.4516805
1.4631981
1.4771247
1.4940457
1.5147319
1.5402177
1.5719274
1.6118793
1.6630451
1.7300014
1.820248
1.9470636
2.1367869
2.4506316
3.0712061
3230083.8
527447.95
164716.39
71237.225
36998.658
21534.47
13538.146
9003.3145
6258.4333
4517.1136
3372.9756
2598.8598
2059.9117
1673.4989
1388.5559
1173.2175
1007.0571
876.49988
772.238
687.73007
618.29069
560.51179
511.87804
470.50675
434.97035
404.17336
377.2651
353.57844
332.58591
313.86798
297.09074
281.99011
268.36159
256.05555
244.97827
235.05763
226.20161
218.30604
211.2664
204.97027
199.28189
194.02414
188.96814
183.83034
178.24482
171.66909
163.19841
151.55814
135.90606
116.51288
93.497284
68.724779
47.188081
32.024522
22.806011
17.740794
14.898706
13.024694
11.597644
10.409683
9.3654666
8.4232998
7.5720584
6.8108148
6.1359521
5.5370001
5.0005739
4.5151419
4.0740059
3.6752004
3.3196933
3.0074388
2.7359597
2.5017737
2.3009325
2.1294253
1.9841718
1.8623529
1.7613626
1.6787293
1.6120564
1.5590042
1.5172946
1.4848072
1.4597786
1.4410664
1.4276622
1.4183068
1.4119308
1.407795
1.4052973
1.4039746
1.4035208
1.4037413
1.4045198
1.4057961
1.4075507
1.4097968
1.4125738
1.415946
1.4200023
1.4248583
1.4306601
1.4375901
1.4458767
1.4558059
1.4677392
1.4821381
1.4996
1.5209112
1.5471274
1.5797023
1.6206961
1.6731423
1.7417126
1.8340575
1.9637079
2.1574174
2.476932
3.1032435
3265144.2
533171.9
166504.89
72010.986
37401.861
21771.985
13691.417
9110.5288
6339.4555
4582.9139
3429.4752
2648.9202
2104.6722
1713.3738
1423.816
1204.1882
1034.1303
900.09921
792.77787
705.59325
633.82026
574.0084
523.60174
480.68157
443.78949
411.80382
383.85194
359.24868
337.45151
318.02847
300.63519
284.99854
270.90593
258.19995
246.7785
236.56847
227.4794
219.40374
212.23165
205.84329
200.09211
194.78494
189.66989
184.43338
178.67009
171.79168
162.88475
150.64455
134.40338
114.48992
90.967057
66.124093
45.194021
30.720344
22.112672
17.42367
14.746781
12.939143
11.539665
10.365402
9.3297239
8.3934334
7.5468631
6.7897704
6.1185625
5.5226301
4.9885924
4.5050488
4.0654537
3.6679708
3.3136343
3.0024001
2.7318183
2.4985823
2.2983007
2.1272711
1.9824319
1.8609749
1.7603035
1.677954
1.6115366
1.5587184
1.5172278
1.4849477
1.4601102
1.4415649
1.4283098
1.4190872
1.4128349
1.4088158
1.4064317
1.4052226
1.4048848
1.4052265
1.4061336
1.4075476
1.4094513
1.4118597
1.4148141
1.4183813
1.4226525
1.4277461
1.4338113
1.4410347
1.4496492
1.4599466
1.4722955
1.4871667
1.5051693
1.5271052
1.5540513
1.5874902
1.6295237
1.6832459
1.7534213
1.8478461
1.9802898
2.1778833
2.5027855
3.1340675
3301426.9
539076.71
168348.78
72809.675
37818.475
22017.489
13850.173
9222.0497
6424.1305
4651.9675
3488.9003
2701.5468
2151.6055
1755.0366
1460.5214
1236.3148
1062.1228
924.4239
813.88438
723.89469
649.68416
587.75541
535.50857
490.98636
452.6973
419.49147
390.47286
364.93682
342.32475
322.19121
304.18046
288.00956
273.45708
260.3571
248.59851
238.10696
228.79306
220.54499
213.24708
206.77155
200.96023
195.60252
190.42195
185.07403
179.1165
171.91501
162.51801
149.65214
132.82039
112.35443
88.319183
63.482507
43.239881
29.464508
21.456235
17.129525
14.60408
12.856925
11.482772
10.321429
9.294037
8.3634951
7.5215383
6.7685849
6.1010354
5.5081235
4.9764761
4.4948245
4.0567761
3.6606266
3.3074663
2.9972579
2.7276783
2.4953179
2.2956019
2.1250591
1.9806429
1.8595563
1.7592118
1.6771534
1.6109984
1.5584204
1.5171548
1.4850873
1.4604445
1.4420717
1.4289662
1.4198789
1.4137512
1.40985
1.4075802
1.4064848
1.4062633
1.4067264
1.4077621
1.409314
1.4113668
1.4139374
1.4170693
1.4208314
1.4253175
1.4306485
1.4369772
1.4444939
1.4534362
1.4641017
1.4768662
1.4922094
1.5107524
1.5333126
1.5609877
1.5952891
1.6383595
1.6933525
1.7651231
1.8616078
1.9968011
2.1981739
2.5281861
3.1637413
3338854.1
545178.61
170250.62
73633.054
38248.646
22271.161
14014.598
9337.9214
6512.5144
4724.2948
3551.2193
2756.6646
2200.613
1798.3799
1498.5629
1269.4932
1090.9378
949.38538
835.47907
742.56591
665.8232
601.70231
547.55626
501.38647
461.66585
427.21451
397.11149
370.63138
347.19824
326.35229
307.72562
291.02469
276.01857
262.53215
250.44473
239.68039
230.15005
221.73696
214.31944
207.7614
201.89202
196.48163
191.22756
185.75325
179.57844
172.0218
162.09567
148.58183
131.16273
110.11131
85.563501
60.8246
41.330941
28.280427
20.848124
16.859967
14.471008
12.778413
11.427325
10.27808
9.2586699
8.3337044
7.4962674
6.74741
6.0834935
5.4935812
4.9643057
4.4845359
4.0480272
3.6532096
3.3012176
2.9920387
2.7235775
2.4919883
2.2928428
2.1227931
1.9788068
1.8580976
1.7580869
1.6763265
1.6104405
1.5581089
1.517074
1.4852235
1.4607818
1.4425838
1.4296316
1.4206817
1.4146795
1.4108972
1.4087422
1.407761
1.4076561
1.4082407
1.4094051
1.4110949
1.4132967
1.4160295
1.4193389
1.4232959
1.4279966
1.4335651
1.4401572
1.4479671
1.4572371
1.4682705
1.4814503
1.4972653
1.5163483
1.539532
1.5679349
1.6030969
1.647201
1.7034591
1.7768139
1.8753367
2.0132339
2.2182794
2.5531314
3.1923245
3377255.5
551465.27
172213.88
74481.586
38691.917
22533.093
14184.736
9458.1675
6604.5786
4799.8777
3616.384
2814.1933
2251.5877
1843.2857
1537.8264
1303.6187
1120.4798
974.90043
857.49083
761.54607
682.18642
615.80747
559.71155
511.8561
470.67585
434.95921
403.75898
376.32755
352.07062
330.51313
311.27421
294.04913
278.59684
264.73262
252.32578
241.29782
231.5589
222.98744
215.45603
208.81973
202.89359
197.4271
192.0899
186.47233
180.0553
172.10949
161.61496
147.43658
129.43922
107.76627
82.711048
58.176828
39.444726
27.190199
20.307891
16.615134
14.34762
12.703873
11.373635
10.235642
9.2238663
8.3042674
7.4712208
6.7263879
6.0660541
5.4790974
4.9521587
4.4742483
4.0392582
3.6457574
3.2949182
2.9868014
2.7195209
2.4886028
2.2900294
2.1204767
1.976925
1.8565988
1.7569282
1.6754722
1.6098614
1.5577824
1.5169835
1.4853562
1.4611195
1.4431017
1.4303058
1.421494
1.4156195
1.4119572
1.4099174
1.4090508
1.4090628
1.4097691
1.4110621
1.4128898
1.4152406
1.4181357
1.4216224
1.4257741
1.4306895
1.4364953
1.4433506
1.4514536
1.461051
1.4724521
1.4860469
1.5023333
1.5219557
1.545762
1.5748914
1.6109117
1.6560456
1.7135623
1.7884895
1.8890275
2.0295806
2.2381909
2.5776194
3.2198713
3416659.4
557907.24
174229.67
75355.551
39148.63
22803.2
14360.618
9582.8976
6700.3833
4878.6754
3684.3063
2874.0123
2304.396
1889.6201
1578.1869
1338.5788
1150.6522
1000.888
879.8524
780.78067
698.73041
630.03704
571.94918
522.37693
479.71521
442.71896
410.41295
382.0264
356.9457
334.67964
314.83362
297.09115
281.20073
266.96789
254.25205
242.96943
233.02841
224.3044
216.66458
209.95383
203.97119
198.44368
193.01204
187.23262
180.54682
172.17663
161.07278
146.22168
127.64594
105.319
79.78855
55.569304
37.616118
26.17202
19.822178
16.393045
14.233761
12.633494
11.321973
10.194376
9.1898484
8.2753706
7.4465584
6.7056516
6.0488264
5.4647624
4.9401093
4.4640219
4.0305165
3.6383033
3.2886014
2.9816934
2.7154276
2.4851702
2.2871679
2.118113
1.974999
1.8550601
1.7557348
1.6745891
1.6092598
1.5574392
1.5168824
1.4854829
1.4614579
1.4436251
1.4309865
1.4223159
1.4165708
1.4130291
1.4111056
1.4103538
1.410483
1.4113111
1.4127329
1.4146985
1.4171983
1.4202554
1.4239194
1.4282657
1.4333956
1.4394386
1.4465569
1.4549526
1.4648773
1.4766458
1.4906552
1.5074124
1.5275733
1.5520012
1.5818554
1.6187315
1.664891
1.723659
1.8001456
1.9026746
2.0458341
2.2579004
2.6016507
3.2464342
3457537.5
564563.32
176310.09
76257.55
39620.072
23082.3
14542.638
9712.2673
6800.0038
4960.6961
3754.9333
2936.0256
2358.9241
1937.2716
1619.5438
1374.2871
1181.3837
1027.2891
902.51558
800.2316
715.42612
644.37021
584.25496
532.94057
488.78041
450.49414
417.07717
387.73441
361.83198
338.86169
318.41455
300.1618
283.84125
269.24869
256.23454
244.70509
234.56698
225.69637
217.95354
211.17124
205.13092
199.53589
193.99687
188.03543
181.05295
172.22253
160.464
144.94109
125.79028
102.7699
76.815445
53.029896
35.871979
25.2212
19.38245
16.192541
14.129254
12.567408
11.272575
10.154515
9.156816
8.2471886
7.4224276
6.685323
6.0319107
5.4506603
4.9282269
4.4539129
4.0218449
3.6308817
3.2822972
2.976761
2.7113059
2.4816997
2.2842637
2.1157051
1.9730297
1.8534813
1.7545057
1.6736759
1.6086339
1.5570779
1.5167688
1.4856033
1.4617962
1.444151
1.4316742
1.4231472
1.4175323
1.4141129
1.412306
1.4116698
1.4119165
1.4128665
1.4144171
1.4165205
1.4191692
1.4223882
1.4262293
1.4307701
1.4361144
1.4423942
1.4497753
1.4584636
1.4687152
1.4808506
1.4952741
1.5125014
1.5332
1.5582482
1.5888252
1.6265541
1.6737346
1.733746
1.8117784
1.9162727
2.0619877
2.2774011
2.6252269
3.2720609
3499504.9
571433.89
178455.17
77187.091
40106.359
23370.528
14730.834
9846.2711
6903.3441
5045.8328
3828.1248
3000.0834
2415.0258
1986.1104
1661.7862
1410.6518
1212.5981
1054.0427
925.43348
819.86411
732.24858
658.79
596.61897
543.54317
497.87225
458.28932
423.75913
393.46121
366.74067
343.07152
322.02987
303.27417
286.53111
271.58649
258.28149
246.51255
236.18432
227.17327
219.33169
212.47914
206.3784
200.70783
195.047
188.88183
181.57366
172.2523
159.81097
143.61084
123.86278
100.11915
73.811817
50.583432
34.220731
24.34057
18.988232
16.012848
14.033846
12.505694
11.225643
10.116267
9.1249461
8.2198736
7.3989586
6.6655142
6.0154018
5.4368699
4.9165747
4.4439693
4.0132815
3.6235307
3.2762069
2.9718855
2.7071667
2.4781993
2.2813217
2.1132555
1.9710181
1.8518618
1.7532398
1.6727308
1.6079822
1.5566971
1.5166417
1.4857164
1.4621317
1.44468
1.4323685
1.4239864
1.418504
1.4152076
1.4135184
1.4129984
1.4133627
1.4144348
1.4161142
1.4183553
1.4211528
1.4245337
1.4285517
1.4332869
1.4388452
1.4453617
1.4530054
1.4619858
1.4725639
1.4850657
1.4999027
1.5175994
1.5388346
1.5645015
1.5957992
1.6343776
1.6825739
1.7438204
1.8233838
1.9298168
2.078035
2.2966869
2.6483496
3.2967969
3542809.1
578519.22
180667.26
78146.456
40607.997
23667.891
14925.295
9984.9761
7010.4195
5134.0011
3903.7694
3066.0538
2472.5735
2036.0222
1704.8166
1447.5925
1244.2324
1081.1011
948.5715
839.65399
749.18267
673.28884
609.0392
554.18713
506.99687
466.11338
430.4697
399.21917
371.68489
347.32256
325.69296
306.44133
289.28286
273.99322
260.40407
248.40205
237.89002
228.74367
220.80646
213.8838
207.71868
201.9632
196.16458
189.77245
182.10795
172.26003
159.11763
142.24571
121.85496
97.368704
70.799675
48.250173
32.670168
23.531005
18.638541
15.852898
13.947184
12.448386
11.18135
10.079813
9.0943919
8.1935638
7.3762722
6.6463273
5.9993843
5.4234627
4.9052089
4.4342323
4.0048663
3.6162843
3.270434
2.9670303
2.7030213
2.4746761
2.2783461
2.1107661
1.9689643
1.850201
1.7519357
1.6717523
1.6073027
1.5562947
1.5164998
1.4858213
1.4624644
1.4452114
1.4330673
1.4248335
1.4194858
1.4163131
1.4147425
1.4143391
1.4148214
1.4160156
1.4178238
1.4202026
1.4231488
1.4266914
1.4308862
1.4358155
1.4415876
1.4483405
1.4562463
1.4655185
1.4764226
1.4892903
1.50454
1.5227051
1.5444757
1.5707596
1.6027756
1.6422
1.6914065
1.7538789
1.8349581
1.943302
2.0939706
2.3157521
2.6710232
3.3206854
3587504
585810.8
182948.06
79135.284
41125.07
23974.632
15126.124
10128.37
7121.1842
5225.1325
3981.7476
3133.8079
2531.4459
2086.8986
1748.5473
1485.0423
1276.2367
1108.4289
971.90428
859.58474
766.21998
687.86434
621.51854
564.87936
516.16391
473.97797
437.22194
405.02205
376.67879
351.62902
329.41761
309.67634
292.10875
276.48013
262.61264
250.38329
239.69296
230.41555
222.38479
215.39105
209.1564
203.30534
197.35147
190.70738
182.65398
172.24226
158.38134
140.84838
119.769
94.522421
67.802552
46.036759
31.235531
22.797652
18.331963
15.711373
13.868862
12.395488
11.139844
10.045308
9.0652827
8.1683772
7.3544725
6.6278519
5.9839346
5.4105017
4.894178
4.4247407
3.996639
3.6093776
3.2648369
2.9622065
2.6988794
2.4711366
2.2753404
2.1082384
1.9668684
1.8484977
1.7505915
1.6707383
1.6065937
1.5558692
1.5163414
1.4859151
1.4627938
1.4457452
1.4337708
1.4256885
1.420476
1.4174291
1.415978
1.4156917
1.4162923
1.4176086
1.4195456
1.422062
1.4251568
1.4288608
1.4332322
1.4383553
1.444341
1.4513299
1.4594975
1.469061
1.4802906
1.4935235
1.5091851
1.5278175
1.5501221
1.5770212
1.6097527
1.6500192
1.7002299
1.7639186
1.8464974
1.9567237
2.1097886
2.3345923
2.6932514
3.3437645
3633631.9
593332.76
185298.36
80153.7
41657.86
24291.097
15333.403
10276.485
7235.6018
5319.1414
4061.9464
3203.2184
2591.5235
2138.6448
1792.9055
1522.945
1308.5695
1135.9964
995.41409
879.64795
783.35785
702.51915
634.06416
575.63019
525.38614
481.89745
444.03104
410.8853
381.73764
356.00565
333.21789
312.9924
295.02093
279.05833
264.91725
252.46545
241.60146
232.19625
224.07299
217.00611
210.69564
204.7371
198.60912
191.68644
183.20964
172.19452
157.60238
139.42543
117.60613
91.584208
64.845596
43.914517
29.946764
22.15747
18.066125
15.586749
13.798444
12.346983
11.101253
10.012884
9.0377254
8.1444176
7.3336511
6.6101681
5.9691196
5.3980365
4.883522
4.415537
3.988632
3.6029721
3.2593312
2.9574265
2.6947499
2.467586
2.2723075
2.1056731
1.9647296
1.8467505
1.7492054
1.6696867
1.605853
1.5554188
1.5161645
1.4859977
1.4631188
1.446278
1.4344791
1.4265496
1.4214749
1.4185553
1.4172245
1.4170558
1.4177746
1.4192133
1.421279
1.423933
1.4271762
1.4310415
1.4355893
1.4409058
1.4471047
1.4543293
1.4627582
1.4726125
1.4841669
1.4977643
1.5138369
1.5329355
1.5557725
1.5832847
1.6167289
1.6578331
1.7090416
1.7739366
1.8579981
1.9700772
2.1254838
2.3532034
2.7150393
3.3660724
3681160.6
601082.15
187721.27
81204.069
42207.537
24617.423
15547.197
10429.322
7353.5886
5415.8943
4144.2286
3274.161
2652.7054
2191.1792
1837.8268
1561.2548
1341.2012
1163.7858
1019.0919
899.84156
800.60035
717.26195
646.68742
586.45307
534.67838
489.88735
450.91278
416.82466
386.87671
360.46692
337.10732
316.40201
298.03078
281.73806
267.32709
254.65682
243.62307
234.09243
225.87677
218.73369
212.34002
206.26088
199.93865
192.70927
183.77268
172.11052
156.78407
137.972
115.3596
88.574464
61.957966
41.836163
28.808289
21.626793
17.836482
15.477428
13.735514
12.302836
11.065681
9.9826485
9.0118022
8.1217704
7.3138869
6.5933435
5.9549931
5.3861071
4.873281
4.4066616
3.9812018
3.5968178
3.253926
2.9527013
2.6906399
2.4640287
2.2692493
2.1030705
1.962547
1.8449574
1.7477751
1.6685952
1.6050784
1.5549414
1.515968
1.4860678
1.4634361
1.4468104
1.4351905
1.4274168
1.422482
1.4196912
1.4184816
1.4184311
1.4192683
1.4208293
1.4230238
1.4258152
1.4292066
1.433233
1.4379567
1.4434665
1.4498782
1.457338
1.4660278
1.4761723
1.4880509
1.5020119
1.5184944
1.538058
1.5614257
1.5895487
1.6237025
1.6656399
1.7178393
1.7839299
1.8694565
1.9833585
2.1410519
2.3715818
2.7363924
3.3876441
3730011.3
609070.13
190215.51
82285.765
42774.138
24953.854
15767.774
10586.957
7475.1236
5515.3028
4228.4858
3346.5371
2714.9026
2244.4288
1883.2595
1599.937
1374.1099
1191.7862
1042.9347
920.16863
817.95548
732.10444
659.40285
597.36424
544.05757
497.9649
457.8842
422.85646
392.11152
365.02731
341.09923
319.91729
301.14921
284.52903
269.85076
256.96516
245.76481
236.11031
227.80147
220.57815
214.0928
207.87877
201.34093
193.77562
184.34156
171.97963
155.92757
136.48799
113.01938
85.514336
59.172042
39.880679
27.75724
21.158514
17.636691
15.381987
13.679685
12.262999
11.033216
9.9546872
8.9875803
8.1005095
7.2952461
6.5774324
5.9415985
5.3747476
4.8634942
4.3981957
3.9744443
3.5908446
3.2486346
2.9480402
2.6865553
2.4604676
2.2661665
2.1004298
1.9603188
1.8431161
1.7462979
1.6674613
1.6042677
1.5544351
1.5157501
1.4861231
1.4637458
1.4473415
1.4359044
1.4282896
1.4234971
1.4208366
1.4197491
1.4198168
1.4207728
1.4224563
1.4247795
1.4277082
1.4312475
1.4354347
1.4403341
1.4460368
1.4526609
1.4603555
1.4693055
1.4797397
1.4919416
1.5062654
1.5231567
1.5431837
1.5670804
1.5958117
1.6306717
1.6734375
1.7266206
1.7938955
1.8808693
1.9965632
2.1564881
2.3897249
2.757316
3.4085116
3780246.8
617291.42
192784.95
83399.788
43357.48
25300.526
15995.105
10749.304
7600.1443
5617.3006
4314.6227
3420.2486
2778.0401
2298.3449
1929.1722
1638.9746
1407.2868
1219.9967
1066.9484
940.63925
835.43644
747.06234
672.22776
608.38156
553.54162
506.14773
464.96224
428.99683
397.45711
369.70077
345.20631
323.54955
304.38624
287.44002
272.49594
259.39739
248.0331
238.25556
229.85195
222.54348
215.95693
209.59236
202.81623
194.88493
184.91732
171.8219
155.05236
134.95238
110.57473
82.4193
56.513898
38.050185
26.796519
20.748853
17.464459
15.299363
13.630602
12.227411
11.003921
9.9290652
8.9651122
8.0806908
7.2777772
6.5624742
5.9289667
5.3639951
4.8541943
4.3906356
3.9679753
3.5850611
3.2434678
2.9434501
2.6824999
2.4569045
2.2630593
2.0977496
1.9580426
1.8412238
1.744771
1.666282
1.6034183
1.553898
1.5155094
1.486163
1.4640495
1.4478718
1.4366203
1.4291678
1.4245197
1.4219911
1.421026
1.4212127
1.4222878
1.4240938
1.4265456
1.4296114
1.4332985
1.4376461
1.442721
1.448616
1.4554522
1.463381
1.4725907
1.4833137
1.4958383
1.5105237
1.5278227
1.5483116
1.5727352
1.6020723
1.6376347
1.6812238
1.7353831
1.8038308
1.892233
2.0096874
2.1717884
2.4076303
2.7778165
3.4287074
3832131.2
625765.91
195435.5
84548.735
43959.129
25657.975
16229.377
10916.465
7728.6216
5721.8359
4402.5768
3495.2382
2842.0742
2352.9004
1975.551
1678.3614
1440.7357
1248.4256
1091.1433
961.26614
853.05789
762.15238
685.17955
619.5226
563.14811
514.45276
472.16304
435.26096
402.92753
374.50012
349.44014
327.30919
307.75099
290.47896
275.26949
261.95982
250.43382
240.53331
232.03257
224.63335
217.935
211.40269
204.36384
196.03507
185.49792
171.65119
154.16602
133.34506
108.01797
79.307917
54.004929
36.345153
25.920808
20.393965
17.317347
15.228501
13.587921
12.195997
10.97784
9.9058617
8.9444307
8.0623519
7.2615158
6.548497
5.9171271
5.3538831
4.8457529
4.3837213
3.9617907
3.57948
3.238434
2.9389364
2.6784765
2.4533399
2.2599262
2.0950275
1.9557154
1.8392772
1.743191
1.6650544
1.6025276
1.5533278
1.5152445
1.4861875
1.4643428
1.4483969
1.4373378
1.4300508
1.4255496
1.4231537
1.4223123
1.4226185
1.4238132
1.4257415
1.4283218
1.4315243
1.4353589
1.4398668
1.4451166
1.4512037
1.4582513
1.4664138
1.4758826
1.4868937
1.4997399
1.5147861
1.5324913
1.5534405
1.5783889
1.6083289
1.64459
1.6889968
1.7441244
1.8137328
1.9035443
2.0227274
2.186949
2.4252962
2.7979003
3.448259
3886092.5
634544.7
198171.68
85734.301
44579.907
26026.719
16470.878
11088.577
7860.599
5828.8607
4492.2994
3571.4659
2906.9686
2408.0683
2022.3785
1718.0886
1474.4553
1277.0777
1115.5282
982.06008
870.83298
777.38986
698.27428
630.80397
572.89362
522.89599
479.50174
441.66299
408.53589
379.43721
353.81134
331.20561
311.25171
293.65302
278.17753
264.65809
252.97224
242.94792
234.34736
226.85126
220.02944
213.31041
205.98225
197.22238
186.0771
171.45981
153.2662
131.6627
105.34412
76.200823
51.654317
34.772397
25.130471
20.090741
17.192982
15.168411
13.551316
12.168671
10.954881
9.8851368
8.9256439
8.045517
7.2464747
6.5355219
5.906108
5.3445133
4.8384217
4.3772077
3.9559003
3.5741104
3.2335386
2.9345015
2.6744858
2.4497726
2.256765
2.0922604
1.9533335
1.8372723
1.7415542
1.6637751
1.6015928
1.5527224
1.5149529
1.4861936
1.4646268
1.4489173
1.4380565
1.4309385
1.4265865
1.4243243
1.4236075
1.4240341
1.425348
1.4273989
1.4301075
1.4334466
1.4374284
1.4420961
1.4475205
1.4537992
1.4610578
1.4694533
1.4791804
1.4904789
1.5036458
1.5190514
1.5371615
1.5585692
1.5840401
1.61458
1.6515357
1.6967547
1.7528423
1.8235989
1.9148
2.0356798
2.2019667
2.4427212
2.8175745
3.4671952
3941483.2
643570.42
200990.61
86956.043
45219.647
26406.5
16719.389
11265.489
7995.9841
5938.2967
4583.7104
3648.8645
2972.689
2463.8297
2069.6503
1758.1609
1508.4524
1305.9626
1140.1146
1003.0331
888.77547
792.7913
711.52943
642.24275
582.79424
531.4928
486.9926
448.21597
414.29398
384.52276
358.32958
335.24744
314.89622
296.96955
281.22776
267.49833
255.65151
245.50316
236.8003
229.20066
222.24231
215.31566
207.66928
198.442
186.64694
171.24297
152.35924
129.90276
102.54409
73.120631
49.435646
33.361838
24.439809
19.836009
17.088942
15.118167
13.520482
12.145345
10.934984
9.8668839
8.9088004
8.0301888
7.2326564
6.5235687
5.8959294
5.3365764
4.8316241
4.3710887
3.9503124
3.5689571
3.2287843
2.9301466
2.6705265
2.4462002
2.2535722
2.0894439
1.9508923
1.8352047
1.7398565
1.6624406
1.6006109
1.5520793
1.514633
1.4861806
1.4648964
1.449433
1.438776
1.4318304
1.4276301
1.4255031
1.424912
1.4254586
1.4268922
1.4290653
1.4319022
1.4353777
1.4395063
1.4443335
1.4499321
1.4564019
1.4638708
1.4724988
1.4824835
1.4940684
1.5075549
1.5233188
1.5418323
1.5636965
1.5896876
1.6208242
1.6584702
1.7044954
1.7615343
1.8334263
1.9259972
2.0485408
2.2168379
2.4599042
2.8368455
3.4855417
3997997.7
652827.87
203890.07
88213.454
45878.25
26797.579
16975.154
11447.28
8134.744
6050.1105
4676.7678
3727.4064
3039.2144
2520.1758
2117.3652
1798.5862
1542.7401
1335.0928
1164.915
1024.1967
906.89849
808.37337
724.96182
653.85556
592.86582
540.25784
494.6493
454.93219
420.21281
389.76651
363.00337
339.44214
318.69086
300.43362
284.4234
270.48298
258.47571
248.20362
239.3957
231.68477
224.57535
217.41847
209.42269
199.68843
187.19612
170.99954
151.41966
128.04463
99.64748
70.095615
47.251496
32.150089
23.885753
19.624604
17.002769
15.076938
13.495139
12.125926
10.918121
9.8510871
8.8938923
8.0163515
7.2200665
6.5126523
5.8872601
5.3295167
4.8253348
4.365373
3.9450316
3.5640226
3.2241714
2.9258697
2.6665957
2.4426183
2.2503427
2.0865726
1.9483865
1.8330694
1.7380933
1.6610469
1.599579
1.5513962
1.5142833
1.4861467
1.465153
1.4499436
1.4394958
1.4327265
1.428679
1.4266898
1.4262245
1.4268919
1.428445
1.4307405
1.4337054
1.437317
1.4415922
1.4465785
1.4523508
1.4590111
1.4666898
1.4755495
1.485791
1.4976613
1.5114665
1.5275872
1.5465024
1.5688213
1.5953299
1.6270599
1.6653918
1.7122169
1.7701984
1.8432126
1.9371326
2.0613075
2.2315599
2.4768441
2.8557201
3.5033223
4056464.9
662396.44
206879.44
89510.2
46557.434
27200.579
17238.542
11634.19
8277.0058
6164.3318
4771.4978
3807.1129
3106.5686
2577.1349
2165.5509
1839.3887
1577.3412
1364.4907
1189.9491
1045.5677
925.22015
824.15664
738.59078
665.66023
603.12461
549.20561
502.48466
461.82318
426.30258
395.17745
367.84065
343.79667
322.64178
304.05069
287.76943
273.61674
261.44954
251.05382
242.13737
234.30622
227.02985
219.61875
211.24071
200.95674
187.70465
170.72492
150.45138
126.07351
96.664157
67.158045
45.151884
31.060943
23.424206
19.447381
16.932247
15.044009
13.475029
12.11032
10.90425
9.8377278
8.8808939
8.0039855
7.2087093
6.5032272
5.8799533
5.3231
4.8195543
4.3600611
3.9400578
3.5593053
3.2196968
2.9216669
2.6626881
2.4390213
2.2470701
2.0836404
1.9458099
1.8308606
1.7362597
1.6595901
1.5984936
1.5506708
1.5139019
1.4860899
1.4653961
1.4504485
1.4402156
1.4336249
1.4297339
1.427883
1.427545
1.4283333
1.4300062
1.432424
1.4355167
1.4392642
1.4436855
1.4488304
1.4547759
1.4616262
1.4695141
1.4786047
1.4891021
1.5012569
1.5153795
1.5318557
1.5511709
1.5739422
1.6009657
1.6332856
1.6722987
1.7199174
1.7788321
1.8529549
1.9482035
2.0739767
2.2461302
2.4935415
2.8742059
3.5205603
4117141.5
672292.57
209968.4
90849.784
47258.194
27616.082
17509.741
11826.237
8422.7888
6280.9827
4867.9077
3887.9919
3174.7686
2634.7304
2214.2365
1880.5954
1612.2807
1394.18
1215.2356
1067.1609
943.75565
840.15948
752.43368
677.67242
613.5847
558.3488
510.50984
468.89888
432.57211
400.76343
372.84837
348.31714
326.75442
307.8257
291.27046
276.90425
264.57783
254.0584
245.02896
237.0672
229.60648
221.91588
213.12168
202.24595
188.18005
170.42803
149.43406
123.97088
93.604511
64.340057
43.183647
30.058269
23.022865
19.299281
16.875825
15.018776
13.459913
12.098421
10.893309
9.8267627
8.8697694
7.9930722
7.1987707
6.4957349
5.8734468
5.3173072
4.8142809
4.3551505
3.9353877
3.5548009
3.2153552
2.9175316
2.6587965
2.4354013
2.2437469
2.0806395
1.9431554
1.8285721
1.7343503
1.6580656
1.5973515
1.5499005
1.5134876
1.4860115
1.4656273
1.4509474
1.4409356
1.4345263
1.4307932
1.4290829
1.4288726
1.4297825
1.4315754
1.4341154
1.4373355
1.4412186
1.4457857
1.4510888
1.457207
1.4642466
1.4723429
1.4816637
1.4924161
1.5048544
1.519293
1.5361233
1.5558367
1.5790582
1.6065937
1.6394998
1.6791892
1.7275947
1.7874334
1.8626509
1.9592071
2.0865454
2.2605462
2.5099953
2.8923092
3.5372782
4179573.6
682479.46
213152.3
92230.247
47980.089
28044.006
17788.785
12023.467
8572.1167
6400.0703
4965.9966
3970.0682
3243.8424
2692.9898
2263.4531
1922.2422
1647.5945
1424.1934
1240.8041
1089.001
962.52697
856.40126
766.50676
689.9062
624.2585
567.69857
518.73487
476.16813
439.02932
406.53141
378.03265
353.00901
331.03365
311.76315
294.93101
280.35036
267.86571
257.22203
248.07381
239.96932
232.3051
224.30801
215.06227
203.55441
188.65448
170.1161
148.3204
121.71763
90.482451
61.669074
41.343416
29.138461
22.677468
19.177827
16.832227
15.000692
13.449558
12.090107
10.885219
9.81814
8.860485
7.9835835
7.1912989
6.4892216
5.8676908
5.3121319
4.8095065
4.3506334
3.9310132
3.5505011
3.2111378
2.9134545
2.6549116
2.4317489
2.2403636
2.0775611
1.940415
1.8261968
1.7323593
1.6564689
1.5961493
1.5490832
1.5130383
1.4859089
1.4658427
1.4514404
1.4416529
1.4354292
1.4318574
1.4302896
1.4302074
1.4312392
1.4331521
1.4358143
1.4391615
1.4431797
1.4478922
1.453353
1.4596432
1.4668716
1.4751755
1.4847258
1.4957321
1.5084527
1.5232061
1.5403889
1.5604986
1.584168
1.6122125
1.645701
1.6860617
1.7352471
1.7959999
1.8722982
1.9701405
2.0990108
2.2748057
2.5262065
2.9100378
3.5534956
4243894.7
692987.93
216430.89
93651.758
48724.274
28484.858
18075.976
12226.108
8725.0718
6521.6411
5065.83
4053.3816
3313.8284
2751.9543
2313.2355
1964.3592
1683.3085
1454.5547
1266.6837
1111.1337
981.5704
872.88824
780.81833
702.37081
635.15532
577.26388
527.1683
483.63891
445.68137
412.48773
383.39902
357.87707
335.48369
315.86705
298.75538
283.9603
271.31871
260.54915
251.27481
243.01398
235.12518
226.792
217.05611
204.87111
189.11262
169.77975
147.10387
119.30239
87.315571
59.165706
39.629721
28.297349
22.384922
19.080547
16.800243
14.989257
13.443737
12.085248
10.879892
9.8118059
8.853005
7.9768171
7.1850969
6.4835995
5.8626725
5.3075598
4.8052181
4.3464975
3.926923
3.5463944
3.2070328
2.909424
2.6510215
2.4280527
2.2369096
2.0743954
1.9375799
1.8237271
1.7302803
1.6547951
1.5948833
1.5482161
1.5125526
1.4857809
1.4660434
1.4519244
1.4423692
1.4363342
1.4329267
1.4315016
1.431549
1.432703
1.434736
1.4375198
1.4409941
1.4451471
1.4500044
1.4556224
1.4620841
1.4695005
1.4780114
1.48779
1.4990494
1.5120511
1.527118
1.5446515
1.5651555
1.5892703
1.6178208
1.6518878
1.6929144
1.7428726
1.8045296
1.8818942
1.9810014
2.1113706
2.2889069
2.5421751
2.9273982
3.5692325
4310175.2
703821.54
219814.12
95117.223
49491.012
28939.098
18371.56
12434.217
8881.7256
6645.7829
5167.4669
4137.9863
3384.7791
2811.6685
2363.6163
2006.9691
1719.4381
1485.2684
1292.8644
1133.5346
1000.8727
889.63124
795.37971
715.07742
646.28601
587.05476
535.81915
491.31927
452.53551
418.63892
388.9533
362.92643
340.10909
320.14154
302.74771
287.73945
274.94197
264.04342
254.63499
246.20314
238.0662
229.36379
219.09515
206.18284
189.54097
169.41416
145.77609
116.71156
84.12326
56.827634
38.057996
27.542484
22.143185
19.004996
16.778759
14.98401
13.442226
12.083702
10.877236
9.8077099
8.8483977
7.9718761
7.1799375
6.4788437
5.8583704
5.3035714
4.8013977
4.3427267
3.9231012
3.5424655
3.2030253
2.9054254
2.6471123
2.4242993
2.2333723
2.071131
1.9346402
1.8211547
1.7281067
1.6530392
1.59355
1.5472971
1.512029
1.4856274
1.4662273
1.4524012
1.4430817
1.4372416
1.4339994
1.4327194
1.4328971
1.4341736
1.4363263
1.4392318
1.4428327
1.4471201
1.4521218
1.4578963
1.4645289
1.4721326
1.4808496
1.4908558
1.5023671
1.5156486
1.5310275
1.54891
1.5698063
1.5943639
1.6234172
1.6580584
1.6997456
1.7504693
1.8130203
1.8914366
1.9917869
2.123622
2.3028478
2.557902
2.9443978
3.5845078
4378560.2
714988.76
223303.83
96629.287
50281.54
29407.047
18675.691
12647.933
9042.2081
6772.5727
5270.9714
4223.9499
3456.752
2872.1759
2414.6331
2050.1004
1756.0006
1516.3451
1319.351
1156.2086
1020.443
906.64026
810.20118
728.03618
657.66029
597.08061
544.69646
499.21764
459.59942
424.9919
394.70171
368.16275
344.91507
324.59138
306.91202
291.69037
278.7384
267.70936
258.15888
249.53944
241.12748
232.01841
221.16949
207.47248
189.93103
169.01715
144.32383
113.93868
80.928566
54.584771
36.682479
26.907527
21.949475
18.948582
16.766753
14.984531
13.444794
12.085331
10.877173
9.8066099
8.8464101
7.9681676
7.1757643
6.4749238
5.8547574
5.3001415
4.798022
4.3392991
3.9195284
3.5386957
3.1990969
2.9014412
2.6431672
2.4204732
2.2297375
2.0677554
1.9315851
1.8184708
1.7258316
1.6511958
1.5921456
1.5463238
1.5114664
1.4854483
1.4663952
1.4528682
1.4437922
1.4381497
1.4350761
1.4339427
1.4342514
1.4356502
1.4379227
1.4409496
1.4446768
1.4490981
1.4542437
1.4601742
1.466977
1.4747672
1.4836894
1.4939222
1.5056843
1.5192444
1.5349337
1.5531635
1.5744498
1.5994476
1.6290003
1.6642115
1.7065537
1.7580354
1.8214699
1.9009231
2.0024949
2.1357627
2.3166269
2.5733879
2.9610433
3.5993387
4448889.7
726475.32
226895.87
98187.389
51096.63
29889.219
18988.596
12867.45
9206.611
6902.0761
5376.3965
4311.3124
3529.7848
2933.5151
2466.32
2093.7793
1793.0124
1547.7912
1346.142
1179.1553
1040.2873
923.92335
825.29213
741.25718
669.28817
607.35091
553.80911
507.34239
466.88085
431.55381
400.65078
373.59194
349.90684
329.22128
311.2529
295.81808
282.71338
271.55197
261.85034
253.02479
244.30811
234.75097
223.26831
208.71276
190.27772
168.566
142.71563
111.01084
77.763587
52.303879
35.533114
26.436649
21.796813
18.908665
16.76333
14.990418
13.451222
12.090016
10.880038
9.8090829
8.8460206
7.9655746
7.1725366
6.4718027
5.8517994
5.2972401
4.7950641
4.33619
3.9161802
3.5350621
3.1952262
2.897451
2.6391671
2.4165569
2.2259895
2.0642548
1.9284028
1.8156656
1.7234474
1.6492597
1.5906667
1.5452939
1.5108638
1.4852419
1.4665478
1.453327
1.4445011
1.439059
1.4361569
1.4351713
1.435611
1.4371325
1.4395249
1.4426727
1.4465258
1.4510806
1.4563695
1.4624554
1.4694277
1.4774036
1.4865302
1.4969885
1.5090002
1.5228376
1.5388357
1.5574108
1.5790849
1.6045201
1.6345687
1.6703455
1.7133369
1.7655688
1.8298764
1.9103515
2.0131226
2.1477905
2.330243
2.5886338
2.9773413
3.6137417
4521392
738318.63
230598.18
99792.687
51936.095
30385.583
19310.524
13092.878
9375.0376
7034.3853
5483.8205
4400.152
3603.946
2995.7422
2518.7176
2138.0313
1830.4909
1579.6149
1373.2365
1202.3755
1060.4133
941.48939
840.66242
754.75063
681.17967
617.8753
563.16621
515.70198
474.38763
438.33176
406.807
379.21995
355.08998
334.03653
315.7757
300.1283
286.87281
275.57651
265.71304
256.66057
247.60684
237.55752
225.38456
209.87774
190.5756
168.05859
140.92486
107.93374
74.67451
50.126561
34.469123
26.035623
21.673477
18.883077
16.767739
15.001299
13.461306
12.097614
10.887411
9.8135746
8.8470391
7.9640338
7.1702027
6.4694376
5.8494582
5.2948313
4.7924906
4.3333682
3.9130285
3.5315383
3.1913878
2.893431
2.6350903
2.4125305
2.2221108
2.0606139
1.9250806
1.8127291
1.7209464
1.6472252
1.5891095
1.5442055
1.5102197
1.4850084
1.4666826
1.453778
1.4452059
1.4399698
1.4372416
1.4364042
1.4369758
1.4386203
1.441132
1.4444007
1.4483793
1.453067
1.4584987
1.4647393
1.4718803
1.4800412
1.4893711
1.5000538
1.512314
1.5264271
1.5427324
1.5616509
1.5837104
1.6095801
1.640121
1.6764589
1.7200936
1.7730679
1.8382376
1.9197194
2.0236682
2.1597034
2.3436946
2.603641
2.9932989
3.6277327
4596384
750549.8
234420.07
101448.71
52801.501
30897.088
19641.98
13324.498
9547.6536
7169.611
5593.347
4490.5608
3679.3115
3058.913
2571.8673
2182.8879
1868.4512
1611.8152
1400.6249
1225.8636
1080.825
959.34445
856.31939
768.52457
693.34325
628.66212
572.77563
524.3038
482.12671
445.33239
413.17662
385.05267
360.47021
339.04298
320.48653
304.6277
291.22342
279.7884
269.74998
260.44666
251.02061
240.4334
227.52033
211.0358
190.8325
167.40187
138.91612
104.71802
71.70098
48.074011
33.479559
25.68823
21.576802
18.870588
16.779328
15.016836
13.474878
12.1102
10.897263
9.8198125
8.8493679
7.9634704
7.1687101
6.4677811
5.8476894
5.2928741
4.7902638
4.3307986
3.9100404
3.5280931
3.1875529
2.8893549
2.6309123
2.408372
2.2180819
2.0568162
1.9216049
1.8096504
1.7183206
1.6450868
1.5874706
1.5430564
1.5095337
1.4847473
1.4668012
1.4542219
1.4459079
1.4408822
1.4383289
1.4376414
1.4383457
1.4401127
1.4427438
1.446133
1.4502366
1.4550568
1.4606306
1.4670252
1.4743341
1.4826791
1.4922114
1.5031174
1.5156247
1.5300122
1.5466229
1.5658828
1.5883251
1.6146263
1.6456559
1.6825502
1.726822
1.7805306
1.8465517
1.9290249
2.0341292
2.1714992
2.3569806
2.6184108
3.0089227
3.6413265
4673538.2
763146.51
238361.55
103157.22
53694.082
31424.244
19983.023
13562.51
9724.6302
7307.8937
5705.0851
4582.6191
3755.9409
3123.074
2625.802
2228.3676
1906.8976
1644.3833
1428.2913
1249.6118
1101.5255
977.49326
872.26904
782.58559
705.78596
639.71888
582.64484
533.15502
490.10493
452.56216
419.76587
391.0963
366.05376
344.2471
325.39242
309.32398
295.77272
284.19317
273.96322
264.38084
254.54303
243.36752
229.65767
212.16415
191.03228
166.5844
136.67304
101.38138
68.879327
46.141637
32.558769
25.392049
21.504921
18.869998
16.797485
15.036739
13.493356
12.126414
10.909181
9.8276785
8.852897
7.9638028
7.1679981
6.4667785
5.8464439
5.2913229
4.7883398
4.3284406
3.9071783
3.5246919
3.183689
2.8851921
2.6266058
2.4040572
2.2138817
2.0528439
1.9179613
1.8064185
1.7155618
1.642839
1.5857466
1.5418452
1.5088051
1.4844589
1.4669041
1.4546554
1.4466078
1.4417966
1.4394193
1.438883
1.4397203
1.4416095
1.4443598
1.447869
1.4520973
1.4570493
1.4627646
1.4693124
1.4767885
1.4853166
1.4950503
1.5061784
1.5189315
1.5335917
1.5505061
1.5701052
1.5929279
1.6196576
1.651172
1.6886178
1.7335206
1.7879553
1.8548165
1.9382657
2.0445035
2.1831763
2.3701002
2.6329443
3.0242194
3.6545378
4752918.5
776129.32
242421.72
104916.75
54613.423
31966.929
20333.864
13807.016
9906.0758
7449.3517
5819.1429
4676.419
3833.9107
3188.2861
2680.5656
2274.4926
1945.834
1677.3082
1456.2155
1273.6088
1122.5158
995.93872
888.51609
796.93981
718.51438
651.05204
592.78039
542.26222
498.32872
460.02738
426.58101
397.35718
371.84742
349.65636
330.5017
314.22638
300.52947
288.7966
278.354
268.45946
258.16594
246.34656
231.7748
213.23899
191.16173
165.59506
134.17523
97.943633
66.236561
44.330803
31.706831
25.146514
21.455881
18.880124
16.821653
15.061368
13.517019
12.14513
10.922993
9.8370451
8.8574982
7.964947
7.1680034
6.4663726
5.8456659
5.2901246
4.7866702
4.3262487
3.9043995
3.5212945
3.1797591
2.8809091
2.6221405
2.3995593
2.2094874
2.048678
1.9141344
1.8030214
1.7126616
1.6404763
1.5839344
1.5405704
1.5080335
1.4841438
1.4669923
1.4550833
1.4473061
1.4427105
1.4405129
1.4401289
1.4410985
1.4431104
1.4459795
1.4496084
1.4539606
1.4590439
1.4649
1.4716004
1.4792427
1.4879529
1.497887
1.509236
1.5222335
1.5371648
1.554381
1.5743171
1.5975176
1.6246725
1.6566678
1.6946602
1.7401876
1.7953401
1.8630302
1.9474398
2.0547891
2.1947329
2.3830525
2.6472431
3.0391953
3.6673795
4834830.3
789527.92
246604.84
106729.08
55560.634
32525.914
20695.022
14058.266
10092.156
7594.1119
5935.6243
4772.0468
3913.2926
3254.5991
2736.1859
2321.276
1985.2571
1710.57
1484.3735
1297.8431
1143.7956
1014.6821
905.06409
811.5924
731.53453
662.66785
603.18859
551.63146
506.80391
467.73377
433.62784
403.84147
377.85813
355.27908
335.82441
319.34592
305.50321
293.60386
282.92238
272.67774
261.87972
249.35483
233.84501
214.2426
191.22293
164.42101
131.39844
94.427646
63.761866
42.673097
30.943214
24.951993
21.427465
18.899826
16.851273
15.092709
13.543722
12.166038
10.938579
9.8477642
8.8630321
7.9668139
7.1686566
6.4664967
5.8452939
5.2892215
4.7851994
4.3241712
3.9016561
3.517857
3.1757221
2.8764691
2.6174832
2.3948494
2.2048743
2.0442982
1.9101082
1.7994473
1.7096117
1.6379935
1.5820312
1.5392308
1.5072189
1.4838023
1.4670648
1.4555023
1.4480006
1.4436255
1.4416097
1.4413776
1.4424804
1.4446148
1.4476024
1.4513505
1.4558262
1.46104
1.4670362
1.4738883
1.481696
1.4905874
1.5007206
1.5122893
1.5255297
1.5407306
1.5582466
1.5785174
1.602093
1.6296698
1.662142
1.7006759
1.7468215
1.8026832
1.8711909
1.9565452
2.064984
2.2061671
2.3958367
2.6613091
3.0538562
3.6798649
4919531
803342.38
250916.09
108597.62
56536.549
33101.588
21066.622
14316.458
10283.049
7742.3201
6054.6421
4869.5909
3994.1479
3322.055
2792.6864
2368.7219
2025.1545
1744.1442
1512.7396
1322.3048
1165.3668
1033.7267
921.91786
826.54951
744.85345
674.57407
613.87698
561.26982
515.53706
475.6873
440.91194
410.5549
384.09261
361.12424
341.37284
324.69574
310.70317
298.6183
287.66741
277.03106
265.67464
252.37452
235.82793
215.16585
191.20954
163.03045
128.34502
90.863538
61.332139
41.255013
30.329171
24.806725
21.41699
18.928083
16.8883
15.128421
13.573023
12.188989
10.955811
9.8596785
8.8693475
7.969308
7.1698861
6.4670797
5.8452587
5.2885481
4.7838659
4.3221506
3.8988946
3.5143296
3.1715332
2.871831
2.612598
2.3898964
2.2000163
2.0396831
1.905866
1.7956838
1.7064037
1.6353855
1.5800345
1.5378258
1.5063617
1.4834347
1.4671219
1.4559154
1.4486931
1.4445421
1.4427099
1.4426296
1.4438657
1.4461225
1.4492281
1.4530948
1.4576932
1.4630369
1.4691726
1.4761754
1.4841477
1.4932191
1.5035503
1.5153374
1.5288193
1.5442879
1.5621018
1.582705
1.6066529
1.6346483
1.6675931
1.7066633
1.7534204
1.8099828
1.8792965
1.9655799
2.0750863
2.2174777
2.4084523
2.6751437
3.0682088
3.6920055
5006876.5
817568.22
255359.92
110522.94
57541.701
33694.207
21448.951
14581.81
10478.878
7894.0764
6176.2963
4969.1321
4076.5391
3390.6993
2850.0963
2416.8396
2065.5155
1778.0066
1541.295
1346.992
1187.2375
1053.0826
939.08848
841.82279
758.4831
686.78225
624.85645
571.18744
524.53741
483.89628
448.44084
417.50448
390.55801
367.20079
347.16292
330.28944
316.13395
303.84067
292.5884
281.51601
269.54269
255.392
237.68124
216.00126
191.09616
161.37229
125.03793
87.296191
58.806661
40.083421
29.903442
24.701309
21.421585
18.96446
16.932678
15.167419
13.604677
12.21382
10.974562
9.8726097
8.8762717
7.9723331
7.1716104
6.4680433
5.8454857
5.2880327
4.7826023
4.3201225
3.8960556
3.5106577
3.1671422
2.8669502
2.6074459
2.384667
2.1948856
2.0348104
1.9013906
1.7917186
1.7030294
1.6326477
1.5779422
1.5363551
1.5054625
1.483042
1.4671659
1.4563204
1.4493843
1.4454606
1.4438115
1.4438846
1.4452541
1.4476328
1.450856
1.4548406
1.4595613
1.4650341
1.4713082
1.4784611
1.4865969
1.4958474
1.5063754
1.5183795
1.5321013
1.5478359
1.5659456
1.5868788
1.611196
1.6396065
1.6730198
1.712621
1.7599829
1.8172372
1.8873453
1.974542
2.0850941
2.2286627
2.4208989
2.6887486
3.0822587
3.7038135
5096538.7
832216.72
259936.1
112505.18
58576.776
34304.282
21842.235
14854.449
10679.794
8049.5053
6300.6802
5070.7489
4160.536
3460.5797
2908.4433
2465.6395
2106.3342
1812.1418
1570.0302
1371.9122
1209.4225
1072.7639
956.59001
857.42624
772.43719
699.30563
636.13992
581.39694
533.81736
492.37326
456.22729
424.7031
397.26661
373.51859
353.19799
336.12986
321.80241
309.27683
297.6862
286.12748
273.47537
258.40909
239.4971
216.74436
190.74846
159.39193
121.48771
83.797497
56.401487
38.967896
29.531267
24.621723
21.439098
19.011084
16.981534
15.209231
13.638476
12.240358
10.994695
9.8863575
8.8836183
7.9757885
7.1737447
6.4692991
5.8458911
5.2875962
4.7813324
4.3180165
3.8930734
3.5067814
3.1624949
2.8617788
2.6019849
2.3791255
2.1894527
2.0296567
1.8966644
1.7875391
1.6994809
1.6297758
1.5757529
1.5348187
1.5045222
1.4826259
1.4671968
1.45672
1.4500748
1.446379
1.4449153
1.4451425
1.4466451
1.4491454
1.4524855
1.4565875
1.4614296
1.4670308
1.4734426
1.4807446
1.4890429
1.4984714
1.509195
1.5214147
1.5353748
1.5513735
1.5697769
1.5910375
1.6157212
1.6445432
1.6784206
1.7185474
1.7665073
1.8244446
1.8953354
1.9834297
2.0950057
2.2397211
2.4331759
2.7021255
3.0960124
3.7152995
5188572.4
847277.02
264644.13
114544.96
59641.889
34932.195
22246.664
15134.494
10885.93
8208.7089
6427.878
5174.5287
4246.2019
3531.7447
2967.7607
2515.1386
2147.613
1846.5458
1598.9517
1397.0859
1231.9446
1092.7897
974.43889
873.37409
786.72798
712.15511
647.73747
591.90813
543.38706
501.129
464.28298
432.16333
404.23186
380.09142
359.49024
342.22773
327.71647
314.92762
302.95402
290.8522
277.45232
261.39583
241.24347
217.37119
190.14735
157.06676
117.71708
80.424164
54.120863
37.916135
29.20953
24.567529
21.470036
19.066158
17.034185
15.253586
13.674215
12.268414
11.016081
9.9006972
8.8911751
7.9795677
7.1761952
6.470753
5.8463825
5.2871493
4.7799722
4.3157534
3.8898756
3.5026343
3.1575322
2.856265
2.5961705
2.3732345
2.1836872
2.0241981
1.8916696
1.7831333
1.695751
1.6267663
1.5734657
1.5332176
1.5035425
1.482188
1.4672167
1.4571154
1.4507659
1.4472984
1.4460215
1.4464029
1.4480385
1.4506598
1.4541163
1.4583349
1.4632976
1.4690264
1.4755751
1.4830252
1.491485
1.5010903
1.5120082
1.524442
1.5386387
1.5548998
1.5735946
1.5951802
1.6202272
1.6494571
1.6837941
1.7244411
1.7729919
1.8316032
1.903265
1.992241
2.1048194
2.2506516
2.4452832
2.7152764
3.1094751
3.7264747
5283463.1
862784.06
269492.74
116645.76
60738.296
35578.26
22662.583
15422.279
11097.452
8371.8135
6558.0109
5280.5615
4333.6192
3604.2738
3028.1187
2565.3921
2189.3894
1881.2483
1628.0986
1422.5587
1254.8404
1113.1865
992.65318
889.67854
801.36436
725.33773
659.65549
602.7277
553.25405
510.17242
472.61869
439.89847
411.47006
386.93848
366.05922
348.59767
333.88183
320.78922
308.38111
295.67408
281.44967
264.3141
242.88469
217.86326
189.27816
154.36833
113.75266
77.229199
51.961702
36.923377
28.938562
24.537282
21.515543
19.127082
17.090093
15.30021
13.711668
12.29779
11.038594
9.9153722
8.8987069
7.9835616
7.1788568
6.4722984
5.8468576
5.2865951
4.7784295
4.3132471
3.8863827
3.4981453
3.1521904
2.8503532
2.5899557
2.3669548
2.1775575
2.0184101
1.8863883
1.7784891
1.6918326
1.6236163
1.5710805
1.531553
1.5025252
1.4817299
1.4672273
1.457508
1.4514546
1.4482194
1.4471302
1.4476658
1.4494338
1.4521755
1.4557476
1.4600821
1.4651647
1.4710203
1.4777049
1.4853022
1.4939223
1.5037033
1.5148142
1.5274606
1.5418923
1.5584137
1.5773977
1.5993055
1.6247128
1.6543469
1.689139
1.7303004
1.7794351
1.8387114
1.9111323
2.0009742
2.1145334
2.2614527
2.4572203
2.7282029
3.1226528
3.7373486
5381498.4
878774.12
274487.78
118809.38
61867.49
36243.096
23090.291
15717.986
11314.526
8539.0001
6691.2261
5388.9716
4422.8979
3678.2642
3089.6102
2616.492
2231.7524
1916.3434
1657.578
1448.4228
1278.1646
1133.9826
1011.2472
906.34744
816.35187
738.8592
671.90081
613.86368
563.4275
519.51366
481.24593
447.92249
418.99951
394.08484
372.92801
355.25117
340.29898
326.85454
313.95548
300.57579
285.44067
267.11467
244.39448
218.22707
188.1234
151.2604
109.62565
74.246389
49.937534
35.999625
28.721183
24.530794
21.573172
19.192936
17.148869
15.348816
13.7506
12.328267
11.062122
9.9301492
8.9059485
7.987659
7.1816136
6.4738175
5.8472044
5.285826
4.7766024
4.3104028
3.8825083
3.4932364
3.1464018
2.8439852
2.5832909
2.3602457
2.1710309
2.0122678
1.8808028
1.7735953
1.6877199
1.6203238
1.5685978
1.5298269
1.5014727
1.481254
1.4672305
1.457897
1.4521432
1.4491424
1.4482413
1.4489308
1.4508307
1.4536921
1.457379
1.4618286
1.4670303
1.4730117
1.4798313
1.4875748
1.4963542
1.5063096
1.5176121
1.5304696
1.5451345
1.5619141
1.581185
1.6034124
1.6291768
1.6592112
1.6944537
1.7361239
1.7858353
1.8457675
1.9189355
2.0096275
2.1241463
2.2721236
2.4689872
2.7409073
3.1355501
3.7479302
5482064.3
895192.01
279617.95
121031.53
63027.872
36926.402
23529.804
16021.53
11537.155
8710.3023
6827.5673
5499.8038
4514.0797
3753.7451
3152.2594
2668.4885
2274.8322
1952.1221
1687.9325
1475.0497
1301.8661
1155.142
1030.2002
923.37355
831.69345
752.72952
684.48767
625.33267
573.92499
529.17056
490.18224
456.2527
426.83907
401.55772
380.11599
362.19099
346.96493
333.11741
319.66638
305.53999
289.39745
269.7178
245.75556
218.49261
186.64539
147.71383
105.37484
71.422617
48.125476
35.195017
28.56019
24.548065
21.639563
19.262935
17.210119
15.399113
13.790755
12.359605
11.08636
9.9448996
8.9127692
7.9917559
7.1843328
6.4751814
5.8472971
5.2847229
4.7743786
4.3071164
3.8781586
3.4878254
3.140094
2.8370993
2.5761249
2.3530651
2.1640742
2.0057462
1.8748957
1.7684413
1.6834078
1.6168879
1.5660191
1.528042
1.5003879
1.4807628
1.4672282
1.4582843
1.4528327
1.4500675
1.4493548
1.4501978
1.4522288
1.455209
1.4590098
1.4635737
1.4688936
1.4749999
1.4819535
1.4898422
1.4987798
1.5089083
1.5204009
1.533468
1.5483643
1.5654001
1.5849556
1.6074997
1.6336179
1.6640487
1.6997369
1.7419101
1.792191
1.8527698
1.926673
2.0181993
2.1336563
2.2826628
2.4805839
2.7533911
3.1481732
3.7582298
5585453
912083.9
284894.34
123317.66
64220.775
37628.861
23981.499
16333.339
11765.654
8885.9089
6967.1545
5613.1318
4607.1839
3830.6819
3215.9625
2721.1854
2318.3277
1988.1781
1718.6395
1502.0959
1325.9345
1176.6734
1049.531
940.77954
847.4134
766.97362
697.44154
637.16067
584.7733
539.17077
499.45562
464.91551
435.00849
409.35861
387.62262
369.42527
353.88484
339.57413
325.50201
310.551
293.31401
272.17595
246.96718
218.49788
184.74172
143.7703
101.05305
68.499982
46.649237
34.626475
28.451416
24.586263
21.71328
19.336489
17.273456
15.450776
13.831861
12.391526
11.110559
9.9593146
8.9192989
7.9957357
7.1868656
6.4762435
5.8469966
5.283154
4.7716353
4.3032757
3.8732334
3.4818237
3.1331914
2.8296315
2.5684043
2.3453698
2.1566537
1.9988205
1.8686503
1.7630174
1.6788924
1.6133087
1.563347
1.5262018
1.4992741
1.4802592
1.467223
1.4586713
1.4535241
1.4509953
1.4504707
1.4514664
1.4536276
1.4567257
1.4606396
1.4653168
1.470754
1.4769844
1.484071
1.4921037
1.5011982
1.5114986
1.5231799
1.5364548
1.5515807
1.5688707
1.5887082
1.6115662
1.6380348
1.6688581
1.7049873
1.7476574
1.7985005
1.8597166
1.9343429
2.0266878
2.1430621
2.2930696
2.4920101
2.7656561
3.160527
3.7682548
5691702
929445.06
290321.05
125668.54
65447.224
38350.866
24445.506
16653.595
12000.191
9065.9584
7110.1305
5729.0631
4702.2646
3909.0907
3280.7064
2774.5463
2362.1952
2024.4752
1749.6623
1529.5468
1350.3991
1198.5994
1069.2567
958.58127
863.52735
781.60717
710.77849
649.36436
595.99002
549.53344
509.08824
473.93796
443.54065
417.51954
395.46688
376.9554
361.04664
346.20512
331.43931
315.58241
297.16631
274.5236
247.99467
218.13503
182.35649
139.44926
96.747552
65.569713
45.334776
34.199869
28.380243
24.638335
21.792985
19.413026
17.338458
15.503458
13.873611
12.423776
11.134323
9.9729037
8.9253418
7.9994412
7.1890435
6.4768421
5.8461494
5.2809745
4.7682388
4.2987602
3.8676254
3.4751395
3.1256156
2.8215162
2.5600749
2.3371162
2.1487356
1.9914663
1.8620508
1.7573154
1.6741712
1.6095877
1.5605851
1.5243103
1.4981353
1.4797462
1.4672144
1.4590596
1.4542181
1.451926
1.4515892
1.4527365
1.4550261
1.4582413
1.4622675
1.4670571
1.4726108
1.4789643
1.4861829
1.4943585
1.5036088
1.5140796
1.5259482
1.5394293
1.5547828
1.5723247
1.5924417
1.6156108
1.6424264
1.673638
1.7102032
1.7533645
1.8047622
1.8666063
1.9419438
2.0350914
2.1523622
2.3033429
2.503266
2.7777045
3.1726162
3.7780142
5800616.8
947246.09
295889.49
128081.21
66706.672
39092.167
24921.897
16982.25
12240.77
9250.5437
7256.5657
5847.6447
4799.366
3988.993
3346.4891
2828.5483
2406.4103
2061.0165
1781.0276
1557.4326
1375.2886
1220.9475
1089.4045
976.80425
880.0598
796.65416
724.52182
661.96633
607.597
560.28029
519.10343
483.34957
452.48292
426.07529
403.65212
384.77086
368.43292
352.98865
337.45146
320.5971
300.90012
276.71239
248.8068
217.37913
179.45556
134.78706
92.558986
62.77847
44.071
33.825429
28.338037
24.702518
21.877884
19.49197
17.40467
15.556774
13.915669
12.456102
11.1572
9.9852496
8.9307012
8.002695
7.1906781
6.4767943
5.8445844
5.2780274
4.7640459
4.2934413
3.8612235
3.4676767
3.1172855
2.812686
2.5510816
2.3282601
2.1402862
1.9836597
1.8550826
1.7513283
1.6692434
1.6057277
1.557738
1.5223726
1.4969756
1.4792268
1.4672072
1.4594509
1.4549157
1.4528601
1.4527084
1.4540066
1.4564243
1.4597556
1.463893
1.4687941
1.4744632
1.4809388
1.4882884
1.4966059
1.5060106
1.5166505
1.5287048
1.5423903
1.5579695
1.5757611
1.5961551
1.6196323
1.6467914
1.6783872
1.7153835
1.7590297
1.8109746
1.8734372
1.9494738
2.0434086
2.1615551
2.3134816
2.5143516
2.789538
3.184446
3.7875157
5912937.9
965571.37
301614.22
130561.03
68000.74
39853.567
25411.26
17319.706
12487.634
9439.833
7406.5791
5968.9637
4898.5401
4070.4085
3413.2984
2883.1572
2450.9442
2097.8068
1812.7685
1585.7921
1400.6405
1243.7535
1110.0094
995.4837
897.04637
812.15083
738.70833
675.00369
619.63169
571.44831
529.53539
493.17657
461.84323
435.03034
412.19032
392.87592
376.03035
359.90114
343.50802
325.55232
304.44254
278.69844
249.39919
216.20942
175.99341
129.82646
88.569985
60.125245
42.863912
33.505849
28.325011
24.777645
21.967085
19.572687
17.471596
15.610289
13.957639
12.488237
11.178651
9.9958735
8.9351686
8.0052913
7.1915531
6.4758965
5.8421156
5.2741429
4.7589042
4.2871853
3.8539116
3.4593373
3.1081186
2.8030723
2.541368
2.318757
2.1312721
1.9753781
1.8477327
1.7450515
1.66411
1.6017333
1.5548115
1.5203943
1.4957999
1.4787049
1.4672023
1.4598466
1.4556179
1.4537958
1.4538294
1.4552771
1.4578218
1.461268
1.4655155
1.4705272
1.4763107
1.4829073
1.4903869
1.4988449
1.5084029
1.5192104
1.5314488
1.545337
1.5611399
1.5791789
1.5998473
1.6236294
1.6511285
1.6831043
1.7205265
1.7646516
1.8171362
1.8802077
1.9569313
2.0516377
2.1706397
2.3234851
2.5252671
2.8011586
3.196021
3.7967672
6028206.9
984381.03
307486.59
133105.12
69328.474
40634.995
25913.421
17665.994
12740.868
9633.894
7560.2547
6093.0956
4999.8283
4153.3474
3481.1108
2938.3375
2495.7783
2134.8658
1844.9274
1614.6685
1426.497
1267.0583
1131.1111
1014.658
914.52436
828.13319
753.37298
688.51064
632.12784
583.07192
540.42069
503.4574
471.64927
444.40163
421.10823
401.27873
383.79441
366.90766
349.57702
330.40549
307.67828
280.45051
249.82394
214.58873
171.90711
124.62058
84.845723
57.621425
41.722657
33.247592
28.338514
24.862009
22.059598
19.654487
17.538674
15.663512
13.999078
12.519927
11.198031
10.004227
8.938525
8.0069907
7.1914286
6.473927
5.8385408
5.26914
4.7526553
4.2798552
3.8455725
3.4500219
3.0980319
2.7926058
2.5308778
2.3085624
2.1216607
1.9666001
1.8399901
1.7384819
1.6587739
1.5976106
1.5518128
1.5183819
1.4946133
1.4781837
1.4672029
1.4602484
1.456323
1.4547346
1.4549521
1.4565479
1.4592181
1.462778
1.4671346
1.4722557
1.4781525
1.4848691
1.4924775
1.501075
1.5107848
1.5217585
1.5341794
1.5482684
1.5642929
1.582577
1.603517
1.627601
1.6554365
1.687788
1.725631
1.7702288
1.8232453
1.8869163
1.9643148
2.0597772
2.1796144
2.3333525
2.5360124
2.8125679
3.2073458
3.805775
6146267.6
1003660.8
313506.51
135714.03
70689.787
41436.315
26428.299
18021.1
13000.573
9832.8415
7717.6832
6220.1007
5103.2605
4237.8069
3549.9008
2994.056
2540.9091
2172.2342
1877.5654
1644.1219
1452.9181
1290.9196
1152.7639
1034.3789
932.54266
844.64633
768.55618
702.52277
645.11668
595.18024
551.79324
514.24919
481.92139
454.13629
430.30695
409.89348
391.69988
373.98517
355.63763
335.15046
310.66668
281.9593
249.91302
212.39441
167.18777
119.2385
81.342463
55.360362
40.711257
33.058889
28.374526
24.953739
22.154359
19.7366
17.605259
15.715864
14.039454
12.550942
11.215045
10.009702
8.9405467
8.0075101
7.1900317
6.4706413
5.8336454
5.2628326
4.7451382
4.2713121
3.8360883
3.439631
3.0869414
2.7812167
2.5195541
2.2976319
2.1114203
1.9573063
1.8318459
1.7316195
1.6532405
1.5933677
1.5487502
1.5163428
1.4934213
1.4776673
1.4672111
1.4606564
1.4570341
1.455678
1.4560772
1.457819
1.460613
1.464285
1.4687495
1.4739789
1.479988
1.4868235
1.4945594
1.503295
1.5131555
1.5242939
1.5368955
1.5511836
1.5674275
1.5859543
1.6071633
1.631546
1.659714
1.6924369
1.7306956
1.7757597
1.8293004
1.8935613
1.9716227
2.0678257
2.1884782
2.343083
2.5465879
2.823768
3.2184247
3.8145472
6267369.2
1023436.3
319681.76
138388.81
72085.887
42257.853
26956.254
18385.198
13266.859
10036.796
7878.9767
6350.063
5208.9018
4323.8238
3619.6729
3050.3109
2586.3678
2209.9875
1910.7712
1674.2402
1479.991
1315.4229
1175.0514
1054.7266
951.1775
861.76261
784.32591
717.10281
658.65431
607.81885
563.67676
525.52124
492.61423
464.20825
439.76302
418.69305
399.71591
381.10151
361.65375
339.75621
313.46118
283.17648
249.46808
209.51195
161.88053
113.74892
77.700406
53.518499
40.00441
32.937668
28.428675
25.050916
22.250225
19.818144
17.670603
15.766672
14.078103
12.579366
11.229216
10.012794
8.9410144
8.0065204
7.1870693
6.465782
5.82721
5.2550335
4.7361925
4.2614194
3.8253415
3.4280643
3.0747623
2.7688345
2.5073395
2.2859219
2.1005205
1.9474792
1.8232943
1.7244669
1.6475176
1.5890142
1.5456332
1.5142846
1.4922297
1.4771598
1.4672298
1.461073
1.4577517
1.4566255
1.457204
1.4590898
1.4620059
1.4657886
1.4703595
1.4756961
1.4818164
1.4887696
1.4966319
1.5055044
1.515514
1.5268156
1.5395964
1.5540815
1.5705427
1.5893098
1.6107849
1.6354631
1.66396
1.6970497
1.7357188
1.7812429
1.8353001
1.9001413
1.9788534
2.0757816
2.1972296
2.3526759
2.5569938
2.8347607
3.2292622
3.8230895
6391154.4
1043657.2
326001.83
141126.63
73515.303
43099.407
27497.153
18758.335
13539.823
10245.857
8044.2173
6483.0556
5316.7959
4411.4048
3690.4127
3107.0973
2632.1973
2248.2197
1944.656
1705.1265
1507.8179
1340.6679
1198.0679
1075.7881
970.50621
879.54804
800.73648
732.29426
672.77737
621.02663
576.13206
537.29784
503.68347
474.54889
449.40884
427.62147
407.79832
388.21573
367.57171
344.14162
315.99486
284.05924
248.44924
205.88406
156.02688
108.28389
74.039995
51.861883
39.470766
32.856443
28.495729
25.151586
22.345869
19.898049
17.733794
15.815114
14.11436
12.603811
11.239347
10.013348
8.9395897
8.0036606
7.1822272
6.4590869
5.8190166
5.2455598
4.7256639
4.2500427
3.8132156
3.4152216
3.0614087
2.7553872
2.4941765
2.2733892
2.088933
1.9371047
1.8143328
1.71703
1.6416157
1.5845621
1.5424725
1.512216
1.4910446
1.476665
1.4672614
1.4614997
1.4584763
1.4575772
1.4583322
1.4603597
1.4633961
1.4672882
1.4719643
1.4774067
1.483637
1.4907068
1.4986942
1.5077023
1.5178597
1.5293229
1.5422809
1.5569612
1.5736376
1.5926424
1.6143807
1.6393511
1.668173
1.7016252
1.7406992
1.7866769
1.8412428
1.9066546
1.9860054
2.0836436
2.2058677
2.3621306
2.5672303
2.8455481
3.2398622
3.8314081
6517679
1064334.4
332468.66
143928.67
74977.709
43960.533
28050.883
19140.569
13819.604
10460.197
8213.5711
6619.1966
5427.0057
4500.5747
3762.1209
3164.4412
2678.4891
2287.0781
1979.3802
1736.9446
1536.5625
1366.8119
1221.9601
1097.6947
990.64117
898.09379
817.85714
748.1456
687.51409
634.80736
589.1175
549.50763
515.0541
485.0888
459.18866
436.63702
415.91404
395.29126
373.33164
348.18848
318.20919
284.61162
246.81785
201.43311
149.68496
102.98973
70.541206
50.253712
38.996208
32.801438
28.572971
25.253812
22.439765
19.975048
17.793718
15.860203
14.147564
12.623063
11.244313
10.01092
8.9358514
7.9985497
7.1751903
6.4503015
5.808858
5.2342376
4.7134021
4.2370507
3.7995946
3.4010009
3.046794
2.7408025
2.4800075
2.2599923
2.0766323
1.9261722
1.804963
1.7093184
1.6355483
1.580025
1.5392798
1.5101458
1.4898722
1.4761869
1.4673084
1.4619379
1.4592085
1.4585331
1.4594616
1.4616283
1.4647832
1.4687829
1.473563
1.4791101
1.4854491
1.4926342
1.5007456
1.5098879
1.5201915
1.5318147
1.5449483
1.5598216
1.576711
1.5959509
1.6179496
1.6432088
1.6723518
1.7061618
1.7456355
1.7920602
1.847127
1.9130997
1.9930773
2.0914102
2.2143912
2.3714463
2.5772976
2.8561313
3.2502292
3.8395087
6647213.6
1085503.2
339081.41
146794.76
76473.441
44841.309
28617.589
19531.979
14106.3
10679.914
8387.0999
6758.5248
5539.5665
4591.366
3834.8507
3222.4634
2725.4497
2326.8307
2015.2301
1769.9718
1566.4898
1394.0953
1246.9317
1120.6061
1011.6953
917.46726
835.71596
764.65678
702.85445
649.16983
602.57068
562.00941
526.59892
495.73523
469.04249
445.70179
424.0351
402.29634
378.87819
351.7223
320.06438
284.90301
244.49425
196.04392
142.92836
97.977286
67.207322
48.706606
38.586769
32.769837
28.658176
25.355206
22.530002
20.047547
17.849011
15.900717
14.177002
12.636211
11.243021
10.005099
8.9293558
7.9908132
7.1656619
6.4391922
5.7965417
5.2209029
4.6992611
4.222311
3.7843591
3.3852979
3.030828
2.7250062
2.4647751
2.2456909
2.0635961
1.9146753
1.7951909
1.7013457
1.6293317
1.5754185
1.5360682
1.5080837
1.4887188
1.4757294
1.4673729
1.4623889
1.4599488
1.4594933
1.4605918
1.4628952
1.4661664
1.4702723
1.4751549
1.4808055
1.4872519
1.4945512
1.5027851
1.5120603
1.5225087
1.5342902
1.5475976
1.562662
1.5797619
1.5992344
1.6214904
1.647035
1.6764953
1.7106585
1.7505263
1.7973915
1.8529512
1.9194752
2.0000674
2.0990801
2.222799
2.3806224
2.5871962
2.8665126
3.2603668
3.8473984
6779925.4
1107155.5
345844.57
149724.2
78002.238
45741.814
29197.141
19932.527
14399.864
10905.014
8564.9247
6901.2727
5654.8006
4684.1712
3909.0706
3281.7122
2773.6996
2368.1242
2052.8149
1804.7425
1598.047
1422.8665
1273.2288
1144.6706
1033.7303
937.66001
854.25299
781.73226
718.67591
663.92167
616.28409
574.65214
538.21644
506.4257
478.93249
454.78961
432.13797
409.20836
384.22444
354.97227
321.50838
284.51671
241.23589
189.67301
135.85658
93.260064
64.106851
47.27009
38.251825
32.75984
28.742863
25.452746
22.614215
20.113557
17.897956
15.935141
14.200172
12.642524
11.235655
9.995559
8.9196593
7.9801045
7.1533748
6.4255432
5.7818858
5.2053932
4.6830936
4.2056887
3.7673871
3.368004
3.0134178
2.7079217
2.4484208
2.2304467
2.0498055
1.9026121
1.7850268
1.6931291
1.6229849
1.5707597
1.5328508
1.506039
1.4875905
1.475296
1.467457
1.4628537
1.4606976
1.4604577
1.4617224
1.4641597
1.4675453
1.4717557
1.4767394
1.4824921
1.4890448
1.4964569
1.5048121
1.5142188
1.5248103
1.5367486
1.5502277
1.5654811
1.5827892
1.6024917
1.6250021
1.6508286
1.680602
1.7151137
1.7553701
1.8026693
1.8587139
1.9257795
2.0069744
2.106652
2.2310901
2.3896585
2.5969261
2.8766939
3.2702788
3.8550811
6915288.1
1129244.5
352744.45
152712.72
79562.429
46661.202
29788.985
20341.993
14700.492
11136.136
8748.137
7048.9133
5774.4289
4780.8007
3986.5531
3343.8639
2824.7773
2412.2804
2093.1439
1841.9505
1631.6527
1453.308
1300.8439
1169.7394
1056.5043
958.38156
873.16713
799.09378
734.75248
678.81699
630.0014
587.25612
549.80188
517.10252
488.81856
463.85944
440.16937
415.94754
389.25443
357.84525
322.4654
283.29829
236.87143
182.34191
128.55031
88.454741
61.448307
46.149395
37.995029
32.763893
28.819589
25.541471
22.689367
20.17057
17.938525
15.961911
14.214047
12.640527
11.22274
9.9819438
8.9063651
7.9661182
7.1380846
6.4091537
5.7647134
5.1875474
4.6647502
4.1870447
3.7485504
3.3490061
2.9944672
2.6894718
2.4308885
2.2142251
2.0352467
1.8899865
1.7744867
1.6846898
1.6165293
1.5660671
1.5296419
1.5040213
1.4864933
1.4748901
1.4675623
1.4633335
1.4614551
1.4614261
1.4628532
1.4654214
1.4689192
1.4732324
1.4783157
1.4841692
1.490827
1.4983506
1.5068257
1.5163624
1.5270956
1.5391888
1.5528379
1.5682781
1.5857921
1.6057218
1.6284834
1.6545884
1.6846708
1.7195263
1.7601657
1.8078922
1.8644137
1.9320112
2.0137969
2.1141245
2.2392634
2.3985539
2.6064878
2.8866762
3.2799691
3.8625628
7052906.1
1151723.2
359770.07
155757.06
81152.702
47599.334
30394.464
20762.749
15011.629
11377.476
8941.2859
7205.9642
5902.5527
4884.7041
4070.0897
3411.2573
2880.8602
2461.2585
2136.9995
1881.0686
1666.5268
1484.5049
1328.8214
1194.8856
1079.1668
978.88525
891.82637
816.22186
750.57571
693.43904
643.49705
599.71209
561.29988
527.72178
498.64195
472.83352
448.04025
422.39126
393.76727
360.22056
322.88673
281.12581
231.20654
174.04727
121.14142
83.430923
59.069843
45.307992
37.784095
32.770384
28.885771
25.611248
22.748531
20.215908
17.968703
15.979824
14.217356
12.628777
11.203736
9.9638474
8.8891329
7.9485795
7.1195639
6.3898261
5.7448464
5.1672003
4.6440766
4.1662352
3.7277187
3.3281902
2.9738811
2.6695829
2.4121279
2.1970004
2.0199167
1.8768127
1.7635949
1.6760557
1.6099907
1.5613614
1.5264562
1.5020404
1.485433
1.474515
1.4676913
1.463829
1.4622213
1.4623983
1.4639836
1.4666797
1.4702874
1.4747017
1.4798832
1.4858362
1.4925977
1.5002314
1.5088252
1.5184903
1.5293636
1.54161
1.5554271
1.571052
1.5887694
1.6089235
1.6319333
1.6583131
1.6887005
1.7238949
1.7649117
1.8130588
1.8700492
1.9381688
2.0205334
2.1214965
2.2473179
2.4073082
2.6158817
2.8964619
3.2894408
3.8698485
7189478.1
1174045.8
366751.22
158784.64
82736.718
48537.05
31003.939
21190.398
15331.188
11627.452
9142.1707
7369.0777
6034.6832
4990.5847
4154.0566
3478.3197
2936.5337
2509.7761
2179.7642
1918.3518
1699.4146
1513.725
1354.913
1218.3003
1100.2959
998.0784
909.40405
832.48354
765.70724
707.53019
656.62173
611.92364
572.636
538.21753
508.33366
481.63626
455.67204
428.42699
397.5059
362.00008
322.77853
277.78018
223.93483
164.78804
113.79312
78.473744
56.661677
44.504018
37.581243
32.767177
28.934479
25.661621
22.786883
20.241211
17.985143
15.988175
14.209119
12.606489
11.178377
9.9409385
8.8676521
7.9272269
7.0975855
6.3673581
5.7220981
5.1441771
4.6209092
4.1431087
3.7047552
3.3054382
2.9515638
2.6481845
2.392096
2.1787576
2.0038243
1.8631167
1.7523861
1.667262
1.6033997
1.5566661
1.5233102
1.5001067
1.4844157
1.4741738
1.4678448
1.4643433
1.4629988
1.4633739
1.4651132
1.4679341
1.4716495
1.476163
1.4814412
1.4874923
1.4943562
1.5020988
1.5108097
1.5206018
1.5316135
1.5440113
1.5579944
1.5738018
1.5917201
1.6120958
1.6353506
1.6620016
1.6926897
1.7282182
1.7696067
1.8181676
1.875619
1.944251
2.0271826
2.1287665
2.2552527
2.4159208
2.625108
2.9060522
3.298698
3.8769429
7302001.6
1192439.5
372502.24
161280.68
84047.234
49318.531
31518.059
21557.116
15609.858
11848.222
9320.4906
7513.4508
6150.5531
5082.2123
4225.8018
3535.2375
2983.8258
2551.4008
2216.9372
1950.9282
1728.2301
1539.464
1378.0637
1239.2723
1119.4431
1015.7133
925.80601
847.89765
780.25064
721.22109
669.47496
623.95022
583.84654
548.62877
517.95647
490.33218
463.08165
434.06324
400.70248
363.00656
321.43124
272.69983
214.74393
154.54723
106.52599
73.590657
54.265641
43.753492
37.386668
32.749899
28.962058
25.690543
22.805903
20.24969
17.984832
15.981769
14.188712
12.573543
11.146635
9.9129073
8.841577
7.9017218
7.0718176
6.3414255
5.6961482
5.1181621
4.5949401
4.1173693
3.6793822
3.280499
2.9272987
2.6250994
2.3706598
2.1594069
1.9869189
1.8488775
1.7408584
1.6583164
1.5967665
1.5519901
1.5202103
1.4982242
1.4834436
1.4738673
1.4680219
1.4648733
1.4637873
1.4643556
1.4662429
1.4691855
1.4730064
1.4776174
1.4829907
1.4891386
1.4961035
1.5039536
1.5127801
1.5226978
1.5338463
1.5463936
1.5605407
1.5765282
1.594645
1.6152395
1.638736
1.6656545
1.6966391
1.7324969
1.7742512
1.8232192
1.8811234
1.9502582
2.033745
2.1359354
2.2630687
2.4243933
2.634169
2.9154505
3.3077443
3.8838506
7410857.7
1210197.4
378056.63
163690.49
85312.352
50072.963
32014.111
21910.525
15877.893
12059.851
9490.5559
7650.1982
6259.3918
5167.5686
4292.353
3588.2717
3028.5185
2591.3856
2253.0157
1982.6773
1756.4352
1564.8039
1400.9993
1260.2003
1138.7142
1033.6498
942.7115
863.90381
795.35411
735.42853
682.79958
636.4087
595.46397
559.4431
527.92613
499.22346
470.48315
439.42299
403.54437
363.48454
318.96108
266.00812
204.1907
144.1042
99.496506
69.447956
52.376169
43.195059
37.257862
32.753286
28.994047
25.718235
22.821912
20.254703
17.980862
15.968943
14.162102
12.536824
11.112434
9.8824401
8.8129302
7.8735896
7.0433842
6.3128422
5.6675756
5.0895576
4.5664374
4.0891834
3.6516885
3.2534021
2.901075
2.6002999
2.3477924
2.1389336
1.9692005
1.8341073
1.72903
1.6492376
1.5901068
1.547345
1.5171639
1.4963974
1.4825194
1.4735971
1.4682234
1.4654187
1.4645854
1.4653436
1.4673738
1.4704351
1.4743593
1.479066
1.484533
1.4907763
1.4978409
1.5057971
1.5147379
1.5247796
1.5360631
1.5487581
1.5630672
1.5792326
1.5975452
1.6183557
1.6420906
1.6692729
1.7005497
1.7367317
1.7788461
1.8282144
1.8865633
1.9561911
2.0402216
2.1430041
2.2707671
2.4327272
2.643067
2.9246605
3.3165854
3.8905774
7519532.6
1227958.4
383611.68
166103
86578.514
50827.143
32509.335
22262.664
16144.247
12269.503
9658.4908
7784.7557
6366.0527
5250.9454
4357.4407
3640.6129
3073.0449
2631.4822
2289.438
2014.938
1785.1364
1590.6148
1424.4797
1281.749
1158.6852
1052.3672
960.41957
880.66701
811.15099
750.26406
696.68698
649.36689
607.53069
570.68277
538.21641
508.22397
477.76537
444.22773
405.99488
363.62994
315.39677
257.71298
192.72034
134.06188
92.600178
66.080187
51.119176
42.818801
37.193017
32.780492
29.034818
25.749055
22.838915
20.259823
17.976708
15.952548
14.131851
12.498437
11.077503
9.8508781
8.782818
7.8437623
7.0130653
6.2822608
5.6369325
5.0588353
4.5358101
4.058913
3.6219982
3.2244382
2.8731528
2.574026
2.3237213
2.1175538
1.9508687
1.8189813
1.7170457
1.6401374
1.5835014
1.5427853
1.5142057
1.4946466
1.4816541
1.4733687
1.4684509
1.465978
1.4653905
1.4663332
1.4685039
1.4716793
1.4757044
1.4805049
1.486064
1.4924011
1.4995641
1.507625
1.5166786
1.5268425
1.5382594
1.5511001
1.5655691
1.5819101
1.6004158
1.6214393
1.6454093
1.6728515
1.7044162
1.7409173
1.7833861
1.8331478
1.8919333
1.9620443
2.0466066
2.1499672
2.2783428
2.440918
2.6517984
2.93368
3.3252215
3.8971256
7628358.6
1245744.5
389171.86
168516.88
87844.883
51581.106
33003.898
22613.885
16409.419
12477.72
9824.7827
7917.4977
6470.7876
5332.4877
4421.1277
3692.2344
3117.3211
2671.558
2326.0187
2047.5058
1814.2248
1616.8751
1448.4947
1303.9207
1179.3746
1071.9028
978.91956
898.11248
827.56094
765.66146
711.08271
662.76714
619.96424
582.2161
548.71651
517.30488
484.9434
448.73091
407.95574
362.87916
310.32666
247.60355
180.60343
124.80393
86.322654
63.006263
50.103692
42.553333
37.173134
32.82396
29.080604
25.780823
22.855466
20.263977
17.971989
15.931985
14.096062
12.458147
11.041501
9.8178262
8.7508884
7.8119203
6.9805571
6.2493922
5.6039421
5.0257321
4.5028132
4.026333
3.5901149
3.1934465
2.8434147
2.5462085
2.2984255
2.0952865
1.9319691
1.8035566
1.7049611
1.6310622
1.5769842
1.5383334
1.511349
1.492979
1.4808511
1.4731835
1.4687052
1.4665534
1.4662014
1.4673228
1.4696316
1.4729171
1.4770407
1.4819332
1.4875827
1.4940123
1.5012722
1.5094363
1.5186011
1.5288857
1.5404341
1.5534187
1.5680453
1.5845595
1.6032558
1.6244892
1.6486909
1.6763892
1.7082374
1.7450526
1.7878696
1.8380178
1.8972317
1.9678164
2.0528989
2.1568236
2.285795
2.4489653
2.6603638
2.9425106
3.333655
3.9034999
7737099.3
1263506
394722.09
170926.48
89108.442
52333.429
33497.289
22963.945
16673.423
12684.635
9989.5841
8048.5409
6573.6453
5412.2072
4483.3763
3742.9771
3161.2138
2711.5672
2362.7544
2080.4585
1843.8939
1643.7177
1473.0832
1326.7725
1200.8678
1092.2074
998.06231
916.14736
844.53771
781.60114
725.97457
676.59146
632.73526
594.00246
559.36663
526.36644
491.85306
452.86087
409.30613
360.82844
303.38368
235.8156
168.23748
116.43002
80.834603
60.372897
49.349164
42.390706
37.189831
32.878867
29.128795
25.811953
22.870382
20.266163
17.966507
15.906729
14.053597
12.415933
11.004036
9.7828558
8.7167508
7.7777006
6.945515
6.2139086
5.5682897
4.989948
4.4671629
3.9911849
3.5558139
3.1602467
2.8117315
2.5167739
2.2718841
2.0721529
1.9125483
1.7878883
1.6928276
1.6220525
1.5705837
1.5340072
1.5086038
1.4913996
1.4801123
1.4730422
1.468987
1.4671433
1.4670198
1.4683134
1.4707548
1.4741478
1.4783676
1.4833501
1.4890885
1.495609
1.5029643
1.5112302
1.5205047
1.5309083
1.5425864
1.5557129
1.570495
1.5871799
1.606064
1.6275043
1.6519343
1.6798848
1.7120119
1.749136
1.7922955
1.8428233
1.9024574
1.973506
2.0590972
2.1635722
2.2931228
2.4568688
2.6687634
2.9511541
3.3418903
3.909704
7845220.2
1281187.7
400249.49
173324.96
90366.223
53082.528
33988.643
23312.514
16936.14
12890.263
10152.957
8177.9377
6674.679
5490.1918
4544.3056
3792.9394
3204.7639
2751.4796
2399.5558
2113.6683
1874.0413
1671.2469
1498.4415
1350.4219
1223.087
1113.1195
1017.7789
934.75983
862.09534
798.10147
741.37297
690.837
645.82782
606.01454
570.11567
535.28147
498.11988
456.42137
410.06958
357.27636
294.2793
222.51365
155.95522
108.02729
76.55575
58.663032
48.851429
42.30997
37.232736
32.940434
29.176892
25.840875
22.882526
20.265252
17.955524
15.875785
14.006836
12.371919
10.964633
9.7455016
8.6799866
7.7407108
6.9075603
6.175448
5.5296278
4.951154
4.4285554
3.9531958
3.5188642
3.1246624
2.7779882
2.4856719
2.2441038
2.0482003
1.8926739
1.7720463
1.6807051
1.6131535
1.5643298
1.5298244
1.5059796
1.4899126
1.4794392
1.4729451
1.4692952
1.4677462
1.467843
1.4693027
1.4718738
1.4753714
1.4796843
1.4847548
1.4905805
1.4971904
1.5046397
1.5130059
1.5223885
1.5329094
1.5447155
1.5579818
1.5729171
1.5897703
1.6088394
1.6304836
1.6551384
1.6833371
1.7157387
1.7531666
1.7966625
1.8475628
1.907609
1.9791119
2.0652003
2.1702118
2.3003255
2.4646282
2.6769977
2.9596115
3.349929
3.915742
7952797
1298752.8
405738.57
175706.35
91615.999
53826.835
34476.868
23659.091
17197.35
13094.535
10314.897
8305.6833
6773.9175
5566.5275
4604.0469
3842.2614
3248.0962
2791.3849
2436.4679
2147.1422
1904.6308
1699.4072
1524.5426
1374.7638
1245.9132
1134.6233
1038.1038
953.99487
880.2694
815.18263
757.28411
705.5004
659.23429
618.24582
580.96066
544.07805
503.99662
459.29766
409.65741
351.7643
282.70747
208.07948
144.36595
100.18567
72.750314
57.357097
48.503962
42.28495
37.293095
33.004815
29.222813
25.866201
22.890829
20.260566
17.93643
15.836473
13.956302
12.325837
10.922775
9.7052753
8.6401383
7.7005129
6.8662753
6.1336096
5.487573
4.9089869
4.3866559
3.9120693
3.4790231
3.0865173
2.7420825
2.4528717
2.215114
2.0234963
1.8724283
1.7561087
1.6686568
1.6044099
1.5582508
1.525801
1.5034845
1.4885212
1.4788324
1.4728917
1.469629
1.4683634
1.4686721
1.4702913
1.4729864
1.4765867
1.48099
1.4861467
1.4920579
1.4987558
1.5062976
1.5147626
1.5242517
1.5348882
1.5468203
1.5602244
1.5753108
1.5923297
1.6115811
1.6334259
1.658302
1.6867449
1.7194164
1.7571429
1.8009692
1.852235
1.9126852
1.9846327
2.0712069
2.1767416
2.3074022
2.4722432
2.6850673
2.9678848
3.3577743
3.921617
8059185
1316115.6
411167.27
178063.62
92853.55
54564.354
34961.169
24003.06
17456.67
13297.24
10475.264
8431.6815
6871.3225
5641.2627
4662.7101
3891.0963
3291.358
2831.4235
2473.6163
2180.9449
1935.6285
1728.0458
1551.1853
1399.7036
1269.3831
1156.8015
1059.1138
973.90231
899.07825
832.83728
773.68764
720.56137
672.93699
630.6621
591.80709
552.55243
509.35901
461.32288
407.51804
343.76772
268.80993
193.09995
133.87421
93.216053
69.391314
56.356633
48.28298
42.304089
37.364811
33.068782
29.264659
25.886616
22.894247
20.25177
17.906929
15.787173
13.901899
12.277211
10.877874
9.6616358
8.5967005
7.6566197
6.821191
6.0879447
5.4416974
4.8630465
4.3411
3.8674909
3.4360412
3.045644
2.703933
2.418372
2.1849729
1.9981321
1.8519094
1.7401618
1.6567483
1.595866
1.5523734
1.5219513
1.5011249
1.4872279
1.4782918
1.4728812
1.469989
1.4689921
1.4695041
1.4712769
1.474093
1.4777922
1.482284
1.487525
1.4935202
1.5003045
1.5079372
1.5164994
1.5260934
1.5368438
1.5489
1.5624399
1.577675
1.5948572
1.614288
1.6363303
1.661424
1.6901071
1.723044
1.7610637
1.8052144
1.8568388
1.9176847
1.9900672
2.077116
2.1831603
2.3143524
2.4797135
2.6929723
2.9759752
3.3654291
3.9273326
8164233.3
1333278
416532.62
180392.88
94075.88
55293.425
35440.376
24343.794
17713.723
13498.088
10633.83
8555.7751
6966.8205
5714.4333
4720.3958
3939.5337
3334.6414
2871.6748
2511.0654
2215.1475
1967.1086
1757.2381
1578.4423
1425.3077
1293.5542
1179.6999
1080.8401
994.49387
918.50914
851.02921
790.53961
735.99868
686.95247
643.25108
602.50648
560.2648
513.9216
462.43126
403.33448
332.87299
252.78984
178.08067
123.77638
87.626437
66.996711
55.682117
48.170213
42.355569
37.442067
33.129363
29.300656
25.900831
22.891729
20.238987
17.866596
15.726665
13.843734
12.225438
10.829284
9.6140007
8.5491126
7.6084879
6.771785
6.0379543
5.3915252
4.8128921
4.2914929
3.819128
3.3896697
3.0018926
2.6634882
2.3822056
2.1537705
1.9722225
1.8312291
1.7242974
1.6450457
1.5875642
1.5467217
1.5182869
1.4989057
1.4860339
1.4778168
1.472912
1.4703732
1.4696333
1.4703402
1.4722599
1.4751916
1.4789874
1.4835655
1.4888889
1.4949664
1.5018355
1.5095577
1.5182156
1.5279129
1.5387754
1.5509538
1.5646274
1.5800088
1.5973517
1.616959
1.6391956
1.6645034
1.6934226
1.7266201
1.7649279
1.8093969
1.8613728
1.9226063
1.9954143
2.0829263
2.1894672
2.3211752
2.4870388
2.7007133
2.983884
3.3728959
3.9328919
8267750.8
1350158.7
421811
182685.62
95279.703
56011.704
35912.98
24680.387
17967.962
13696.692
10790.313
8677.7477
7060.2981
5786.0101
4777.1559
3987.6638
3378.0151
2912.1897
2548.8736
2249.8067
1999.1272
1787.0378
1606.365
1451.6237
1318.4702
1203.3586
1103.3171
1015.7941
938.56931
869.74016
807.80188
751.80541
701.4102
656.07772
612.96407
567.46747
517.52106
461.80603
396.44864
318.69516
235.17009
163.76916
114.08869
82.955263
65.367008
55.241363
48.133348
42.427291
37.519635
33.183856
29.329071
25.907496
22.881823
20.213073
17.814428
15.65979
13.782082
12.169771
10.776294
9.5617251
8.4967443
7.5555038
6.7174695
5.983081
5.3365317
4.7580398
4.2374098
3.7666359
3.3396686
2.9551424
2.6207369
2.3444474
2.1216317
1.9459057
1.8105114
1.7086113
1.6336143
1.579544
1.5413168
1.5148176
1.4968301
1.4849397
1.4774064
1.4729824
1.4707804
1.4702838
1.4711772
1.4732382
1.4762824
1.4801718
1.4848338
1.4902378
1.4963958
1.5033483
1.5111584
1.5199104
1.5297093
1.5406821
1.5529808
1.5667858
1.5823113
1.5998122
1.6195932
1.6420209
1.6675391
1.6966903
1.7301438
1.7687342
1.8135154
1.8658358
1.9274486
2.0006726
2.0886368
2.1956612
2.3278701
2.4942189
2.7082908
2.991613
3.3801774
3.9382983
8369117.6
1366694.2
426982.12
184931.05
96459.375
56716.232
36377.306
25011.797
18218.727
13892.652
10944.438
8797.4516
7151.7452
5856.1193
4833.1525
4035.6575
3421.6379
2953.1095
2587.1538
2285.0204
2031.7702
1817.5201
1635.0171
1478.7041
1344.1695
1227.8001
1126.553
1037.8018
959.25659
888.96945
825.45209
767.86367
715.98561
668.80449
622.84729
573.92091
520.03419
458.85014
386.17403
301.3951
216.79183
150.84253
105.52357
78.832325
64.120185
54.958345
48.149834
42.510075
37.593086
33.229749
29.348186
25.905262
22.864022
20.171372
17.746931
15.585624
13.716349
12.109391
10.718137
9.5040945
8.4388957
7.4969804
6.6575819
5.9226999
5.2761316
4.6979611
4.1783998
3.709668
3.285821
2.9053143
2.5757191
2.3052196
2.0887173
1.9193415
1.7898899
1.6932004
1.6225161
1.5718408
1.5361762
1.5115501
1.4948995
1.4839446
1.4770589
1.4730896
1.4712102
1.4709448
1.472016
1.4742118
1.4773635
1.4813439
1.4860877
1.4915704
1.4978075
1.5048418
1.5127384
1.5215829
1.5314817
1.542563
1.5549801
1.5689144
1.5845816
1.6022379
1.6221896
1.644805
1.6705299
1.699909
1.7336138
1.7724815
1.8175687
1.8702266
1.9322106
2.0058411
2.0942464
2.2017413
2.3344362
2.5012536
2.7157051
2.9991631
3.3872756
3.9435548
8467853.7
1382841
432031.46
187122.95
97611.409
57404.819
36831.92
25336.966
18465.269
14085.457
11095.89
8914.7676
7241.2136
5924.9668
4888.7269
4083.9355
3466.0414
2994.831
2626.0447
2320.8923
2065.1196
1848.7562
1664.4627
1506.6033
1370.6914
1253.0398
1150.5304
1060.4639
980.48964
908.63439
843.44613
784.18879
730.71017
681.40881
632.12789
579.34734
520.86321
452.89902
371.8446
281.31044
198.43238
138.51411
98.724387
75.934672
63.293379
54.813725
48.204905
42.596194
37.658398
33.264629
29.356272
25.89274
22.838497
20.113297
17.66238
15.503768
13.645664
12.043353
10.653968
9.4402966
8.3747692
7.4321406
6.5913732
5.8561155
5.2096808
4.6320873
4.1139956
3.6478899
3.2279494
2.8523887
2.5285355
2.2646963
2.0552232
1.8927083
1.7695034
1.6781597
1.6118085
1.564485
1.5313138
1.5084888
1.4931138
1.4830471
1.476773
1.4732314
1.4716586
1.471613
1.4728536
1.4751804
1.4784349
1.4825034
1.4873267
1.4928864
1.4992009
1.5063155
1.514297
1.5232324
1.5332294
1.5444174
1.5569508
1.5710123
1.5868187
1.6046277
1.6247471
1.647547
1.6734749
1.7030776
1.7370289
1.7761686
1.8215556
1.8745439
1.936891
2.0109185
2.0997539
2.2077068
2.340873
2.5081427
2.7229568
3.0065359
3.3941934
3.9486647
8563578.9
1398501.3
436929.54
189250.48
98730.269
58074.689
37275.372
25655.074
18707.016
14274.715
11244.412
9029.486
7328.6239
5992.5619
4943.9732
4132.7257
3511.7452
3037.7619
2665.486
2357.4127
2099.2032
1880.7947
1694.7605
1535.3797
1398.085
1279.1083
1175.2504
1083.7416
1002.1887
928.63539
861.72499
800.82164
745.556
693.61491
640.64067
583.44085
519.09673
443.00603
353.20159
259.34663
181.1723
126.86493
93.093462
73.991817
62.765656
54.763287
48.281534
42.67829
37.711794
33.286094
29.351495
25.868039
22.795305
20.037669
17.566485
15.415784
13.567167
11.970658
10.582843
9.3694171
8.3034721
7.3601117
6.5180025
5.7825536
5.1364762
4.5598111
4.0437274
3.5809995
3.1659383
2.7964202
2.479358
2.2231051
2.0213776
1.866198
1.7494923
1.6635796
1.6015427
1.5575016
1.5267393
1.5056358
1.4914712
1.4822448
1.4765471
1.4734059
1.4721234
1.472289
1.4736906
1.4761415
1.479496
1.483649
1.4885503
1.4941849
1.5005753
1.5077686
1.5158334
1.5248581
1.5349516
1.5462444
1.5588921
1.5730785
1.5890216
1.6069807
1.6272649
1.6502458
1.6763729
1.706195
1.7403881
1.7797943
1.825475
1.8787866
1.9414886
2.0159037
2.1051584
2.2135566
2.34718
2.5148859
2.7300462
3.0137326
3.4009326
3.95363
8655717.7
1413571.5
441646.52
191298.94
99808.685
58721.897
37705.257
25964.756
18943.224
14459.957
11389.619
9141.3087
7413.7302
6058.6958
4998.5643
4181.4842
3557.753
3081.1598
2705.5393
2394.6606
2134.1079
1913.7229
1725.9888
1565.0973
1426.3949
1306.0281
1200.7164
1107.6235
1024.3327
948.94399
880.25278
817.72361
760.38671
705.1272
648.0016
585.66035
513.81787
428.18231
330.50044
236.70648
165.78147
116.82924
88.284491
72.561486
62.437924
54.77528
48.366703
42.750124
37.749753
33.291724
29.33198
25.830198
22.728224
19.940386
17.460919
15.321059
13.480578
11.8887
10.503714
9.2904029
8.2239968
7.2799214
6.4365244
5.7011576
5.0557535
4.4805063
3.9671455
3.508754
3.0997586
2.7375554
2.4284352
2.180726
1.9874358
1.8400102
1.7299938
1.6495428
1.5917619
1.5509092
1.5224584
1.5029905
1.4899687
1.4815343
1.476379
1.4736127
1.472602
1.4729691
1.474524
1.4770952
1.4805449
1.4847803
1.489757
1.4954651
1.5019297
1.5092002
1.5173468
1.5264592
1.5366474
1.5480432
1.5608031
1.5751121
1.5911896
1.609296
1.6297418
1.6529004
1.679223
1.7092602
1.7436903
1.7833575
1.8293257
1.8829535
1.9460023
2.0207957
2.1104588
2.21929
2.3533563
2.5214831
2.7369736
3.0207544
3.4074955
3.9584537
8744501.8
1428017.9
446165.6
193262.31
100843.25
59344.138
38120.119
26264.898
19173.126
14640.68
11531.19
9250.0981
7496.5433
6123.4451
5052.6348
4230.3108
3604.1484
3125.128
2746.3142
2432.7497
2169.9435
1947.6446
1758.2392
1595.8265
1455.6607
1333.8003
1226.8891
1132.0484
1046.8783
969.57364
899.06185
834.77538
774.88538
715.83517
653.87726
584.94329
503.82314
407.70472
304.59515
214.58427
150.79873
109.27084
85.324862
71.674355
62.275465
54.82781
48.449502
42.806067
37.768856
33.279024
29.295788
25.77937
22.636847
19.818436
17.345742
15.218293
13.385044
11.796813
10.413833
9.2020682
8.1351954
7.1904916
6.3458857
5.6109884
4.9667045
4.3935456
3.8838527
3.4310038
3.0294922
2.6760458
2.3760947
2.1378861
1.9536727
1.8143457
1.7111367
1.6361219
1.5825006
1.5447204
1.5184728
1.5005503
1.4886021
1.4809115
1.476266
1.47385
1.4730951
1.4736536
1.4753543
1.4780393
1.4815816
1.4858968
1.4909467
1.4967263
1.5032635
1.5106097
1.5188364
1.5280349
1.5383161
1.5498129
1.562683
1.5771124
1.5933217
1.6115726
1.632177
1.6555098
1.682024
1.7122721
1.7469343
1.7868571
1.8331066
1.8870434
1.9504309
2.0255932
2.1156541
2.2249061
2.3594016
2.5279341
2.7437396
3.0276024
3.4138845
3.9631386
8828455.2
1441727.5
450452.58
195126.94
101826.91
59937.464
38517.257
26554.107
19395.905
14816.31
11668.759
9355.6744
7577.0392
6186.8616
5106.2453
4279.3292
3651.0497
3169.7709
2787.9215
2471.7947
2206.8238
1982.6666
1791.608
1627.6457
1485.9336
1362.4361
1253.7272
1156.9159
1069.6946
990.46837
918.31226
852.00656
788.78459
725.24622
657.42224
579.86925
487.61035
381.72003
277.13991
194.5568
137.49298
102.79059
83.164237
71.086909
62.210723
54.89732
48.519838
42.84083
37.765681
33.245349
29.240192
25.698402
22.518985
19.681842
17.221389
15.105773
13.279022
11.694151
10.312719
9.101288
8.0357895
7.0905775
6.2449291
5.5110362
4.8684956
4.2983372
3.7935406
3.3477254
2.9553553
2.6122577
2.3227405
2.0949514
1.9203725
1.7893985
1.6930376
1.6233772
1.573784
1.5389413
1.5147804
1.4983108
1.4873664
1.4803714
1.4762046
1.4741161
1.4736014
1.4743418
1.4761809
1.4789739
1.4826054
1.4869971
1.4921186
1.497968
1.5045762
1.5119963
1.5203016
1.5295844
1.5399569
1.5515528
1.5645309
1.5790785
1.5954171
1.6138096
1.6345695
1.6580731
1.684775
1.7152296
1.7501191
1.7902919
1.8368164
1.8910553
1.9547733
2.0302953
2.1207434
2.230404
2.3653153
2.5342389
2.7503446
3.0342782
3.4201016
3.9676872
8906094.2
1454482.3
454456.69
196872.75
102749.85
60496.062
38893.601
26830.404
19610.386
14986.139
11801.839
9457.7604
7655.1344
6249.0057
5159.5189
4328.6193
3698.5667
3215.2154
2830.4884
2511.9196
2244.8707
2018.8993
1826.1871
1660.6247
1517.2599
1391.9662
1281.2665
1182.2955
1092.8795
1011.629
937.64379
868.79991
801.82988
732.97808
657.23545
568.72621
464.25939
351.26713
249.93202
176.41733
126.84518
97.96515
81.692746
70.742225
62.212536
54.967779
48.569322
42.849469
37.73675
33.187986
29.164441
25.582925
22.368374
19.530917
17.086246
14.98154
13.160746
11.579052
10.199093
8.9878953
7.9224188
6.9787925
6.1324018
5.4002333
4.760304
4.1943679
3.6960366
3.2590554
2.8777161
2.5466743
2.2688437
2.0523131
1.8878185
1.7653485
1.6757963
1.6113554
1.5656276
1.5335719
1.5113757
1.4962656
1.4862559
1.4799088
1.476191
1.4744081
1.4741173
1.4750298
1.4770008
1.4798982
1.4836145
1.4880807
1.4932715
1.499189
1.5058666
1.5133593
1.5217416
1.5311071
1.5415689
1.5532621
1.5663461
1.5810094
1.5974747
1.6160061
1.6369184
1.6605893
1.687475
1.7181318
1.7532435
1.7936609
1.8404542
1.894988
1.9590285
2.034901
2.1257257
2.2357831
2.3710967
2.5403971
2.756789
3.0407824
3.4261484
3.9721015
8978609.4
1466338.6
458160.8
198488.62
103605.77
61016.388
39247.346
27092.496
19815.502
15149.451
11930.048
9556.191
7730.8515
6310.0062
5212.6417
4378.4108
3746.8846
3261.6117
2874.1502
2553.2495
2284.197
2056.4464
1862.0631
1694.8199
1549.6553
1422.3601
1309.4411
1208.1385
1116.531
1033.4267
957.18886
885.00612
813.30319
737.3769
651.28531
549.7768
433.93988
318.41965
224.82374
159.51094
118.53417
94.970606
80.78741
70.567923
62.247539
55.023828
48.590049
42.827099
37.678448
33.103697
29.058403
25.431296
22.188867
19.366
16.938091
14.843365
13.028184
11.449577
10.071081
8.8601652
7.7947327
6.8520848
6.0069962
5.2774911
4.6413656
4.0812606
3.5913504
3.1653211
2.7971018
2.4798875
2.2149272
2.0103727
1.8562806
1.7423546
1.659493
1.6000885
1.5580379
1.528607
1.5082501
1.4944072
1.4852647
1.4795182
1.4762206
1.4747249
1.4746427
1.475718
1.4778142
1.4808117
1.4846089
1.4891472
1.4944051
1.5003889
1.5071343
1.5146979
1.5231556
1.5326021
1.5431515
1.5549399
1.5681277
1.5829045
1.5994939
1.6181613
1.6392228
1.6630574
1.690123
1.7209775
1.7563067
1.7969631
1.8440188
1.8988404
1.9631954
2.0394091
2.1306001
2.2410426
2.3767455
2.5464086
2.7630731
3.0471166
3.4320274
3.9763839
9044822.4
1477147.6
461535.29
199956.54
104386.01
61494.205
39575.329
27338.556
20010.068
15305.354
12052.852
9650.7443
7804.1676
6370.0627
5266.1025
4428.9873
3796.0102
3308.9688
2918.9657
2595.8828
2324.9195
2095.415
1899.3142
1730.2729
1583.1308
1453.6281
1338.3079
1234.5641
1140.7001
1055.5305
976.35777
899.89075
821.98909
736.52163
637.57783
522.19519
398.02121
285.63347
202.79024
145.56682
111.82861
92.833142
80.207453
70.489001
62.286916
55.052242
48.574711
42.768824
37.58698
32.989741
28.90473
25.237947
21.989094
19.186366
16.774234
14.688773
12.879021
11.303475
9.9265105
8.7160326
7.6509003
6.708795
5.867141
5.1417531
4.5110457
3.9588398
3.4797216
3.0670577
2.7141927
2.4125809
2.1615442
1.9695239
1.8260044
1.7205493
1.6441865
1.5895941
1.5510125
1.5240367
1.5053923
1.4927266
1.4843865
1.4791944
1.4762883
1.475064
1.4751765
1.4764057
1.47862
1.4817119
1.4855878
1.4901958
1.4955187
1.501567
1.5083786
1.5160115
1.524543
1.5340687
1.5447039
1.5565855
1.569875
1.5847628
1.6014737
1.6202742
1.6414816
1.6654765
1.6927181
1.7237658
1.7593075
1.8001973
1.8475093
1.9026115
1.9672728
2.0438188
2.1353656
2.2461816
2.3822611
2.5522735
2.7691975
3.0532817
3.4377401
3.9805367
9103421
1486670.2
464516.99
201254.3
105078.87
61922.595
39873.548
27566.152
20192.879
15453.189
12169.819
9741.2344
7875.0507
6429.0681
5319.5996
4480.2513
3846.159
3357.5477
2965.1917
2640.0538
2367.2352
2135.9585
1938.0371
1767.0073
1617.6256
1485.6341
1367.7245
1261.5904
1165.705
1077.8404
994.64641
912.41924
825.82297
728.12436
614.2825
486.08161
358.91829
255.08887
181.98865
135.16839
107.87806
91.536863
79.881385
70.463191
62.309197
55.041592
48.516321
42.669647
37.458224
32.840958
28.701825
24.999456
21.768792
18.989048
16.59161
14.514977
12.710587
11.138163
9.7628957
8.5531427
7.4887701
6.5478794
5.710777
4.992074
4.3689231
3.827201
3.3616482
2.965003
2.6297938
2.3454999
2.109253
1.9301349
1.7972009
1.7000343
1.6299135
1.5798757
1.5445415
1.5198471
1.5027892
1.4912136
1.4836149
1.4789327
1.476389
1.4754211
1.4757152
1.477089
1.4794177
1.4825988
1.4865505
1.4912251
1.4966117
1.5027226
1.5095989
1.5172995
1.525903
1.5355063
1.5462254
1.5581982
1.5715871
1.5865835
1.6034133
1.622344
1.6436942
1.6678456
1.6952592
1.7264958
1.7622449
1.8033625
1.8509244
1.9063003
1.9712599
2.048129
2.1400215
2.2511995
2.387643
2.5579915
2.7751624
3.0592788
3.4432883
3.9845619
9153009.6
1494750.6
467045.88
202359.52
105672.01
62294.568
40138.38
27772.947
20362.312
15592.076
12280.483
9827.4211
7943.4063
6487.092
5373.2187
4532.3599
3897.4913
3407.5308
3013.0085
2685.9231
2411.2768
2178.1657
1978.2763
1805.0369
1653.1581
1518.4494
1397.8206
1289.2208
1190.8396
1099.2925
1010.855
920.95066
822.71578
709.90077
580.33702
443.09741
319.79207
228.54162
164.76995
126.65179
105.01545
90.670531
79.686723
70.445576
62.294466
54.981151
48.407906
42.524293
37.287314
32.627549
28.443896
24.732681
21.528066
18.770375
16.386768
14.318781
12.519805
10.95068
9.5774149
8.3688614
7.3059802
6.3673723
5.5368496
4.827734
4.2148889
3.6867672
3.2379147
2.860086
2.5447996
2.2794112
2.0585893
1.8925313
1.7700389
1.6808785
1.6166885
1.5709241
1.5386081
1.5160214
1.5004264
1.4898573
1.4829432
1.4787296
1.4765187
1.4757921
1.4762585
1.4777682
1.4802042
1.4834717
1.4874955
1.4922348
1.4976829
1.5038552
1.5107943
1.518561
1.527235
1.536914
1.5477152
1.5597772
1.5732633
1.5883659
1.6053119
1.6243698
1.6458595
1.6701639
1.6977454
1.7291664
1.765118
1.8064578
1.8542634
1.9099057
1.9751557
2.0523388
2.1445669
2.2560957
2.3928908
2.5635624
2.7809681
3.0651088
3.4486738
3.9884614
9192241.9
1501184.7
469061.05
203247.43
106155.08
62603.802
40365.815
27956.834
20517.038
15721.133
12384.445
9909.2479
8009.3642
6544.2626
5427.1715
4585.5053
3950.2414
3459.1356
3062.6204
2733.6706
2457.1773
2222.1065
2020.0173
1844.2577
1689.5586
1551.9104
1428.5406
1317.5091
1215.7149
1119.1327
1023.5819
922.84439
809.6992
679.57249
536.02739
396.40856
283.44181
203.70669
152.1158
121.65643
103.26731
90.149945
79.56726
70.406016
62.226348
54.860902
48.242437
42.327253
37.068625
32.347067
28.123989
24.43683
21.262866
18.526123
16.155859
14.096512
12.303138
10.73765
9.3668884
8.1602967
7.1000244
6.1653506
5.3446906
4.6483487
4.0492384
3.5383445
3.1095824
2.7533819
2.4601346
2.2150643
2.0100391
1.8569823
1.7446405
1.6631184
1.6045065
1.5627191
1.5331906
1.5125407
1.4982885
1.4886461
1.4823642
1.4785816
1.4766759
1.4761739
1.4768046
1.4784422
1.4809797
1.4843301
1.4884225
1.4932244
1.498732
1.5049639
1.5119644
1.5197955
1.5285383
1.5382913
1.5491726
1.5613217
1.5749028
1.5901092
1.6071686
1.6263508
1.6479767
1.6724305
1.7001759
1.7317768
1.7679257
1.8094822
1.857525
1.9134267
1.9789591
2.0564473
2.149001
2.2608693
2.3980041
2.5689863
2.7866153
3.0707728
3.4538982
3.9922371
9222013.3
1505965.6
470551.09
203904.98
106519.18
62845.174
40551.958
28115.343
20655.79
15839.622
12481.331
9986.6213
8073.0551
6600.8594
5481.7023
4639.9672
4004.638
3512.5753
3114.2211
2783.4506
2505.0435
2267.8272
2063.2486
1884.6217
1726.7998
1586.0943
1460.021
1345.8331
1239.1678
1135.756
1030.2809
915.00419
783.74134
636.0339
483.80901
350.1566
251.98548
183.43325
141.95872
118.05953
102.07821
89.802793
79.458369
70.315607
62.089489
54.670941
48.012563
42.071919
36.763431
31.991913
27.765062
24.112257
20.9682
18.251517
15.894462
13.84394
12.056542
10.495259
9.1277888
7.9243423
6.8683743
5.9400947
5.1342158
4.4540099
3.8727673
3.3831438
2.9796117
2.649494
2.3783225
2.1531561
1.9640164
1.823691
1.7210791
1.6467594
1.5933444
1.5552313
1.5282628
1.5093846
1.49636
1.4875684
1.4818702
1.4784848
1.4768586
1.4765653
1.4773518
1.4791104
1.4817432
1.4851717
1.4893309
1.4941933
1.4997583
1.5060482
1.5131083
1.5210023
1.5298121
1.5396374
1.5505969
1.5628311
1.5765049
1.5918126
1.6089828
1.6282862
1.650045
1.6746445
1.7025497
1.7343259
1.7706672
1.8124346
1.8607084
1.9168625
1.9826692
2.0604536
2.1533228
2.2655198
2.4029823
2.5742631
2.7921043
3.0762716
3.458963
3.9958912
9238898.2
1508713.8
471415.92
204292.46
106744.38
63009.051
40691.897
28245.335
20776.537
15946.434
12570.548
10059.326
8134.457
6657.0155
5537.0783
4695.9832
4060.9406
3568.0996
3168.0141
2835.3956
2554.9125
2315.2694
2107.844
1925.9927
1764.7794
1620.8405
1491.694
1372.9805
1259.7539
1147.0351
1027.4372
893.6193
742.28982
580.32815
428.13037
307.95052
223.1658
168.49613
135.94407
115.84142
101.3293
89.551446
79.317734
70.151164
61.869847
54.401334
47.710365
41.742199
36.366961
31.559108
27.366217
23.753327
20.63824
17.941222
15.597508
13.556218
11.775436
10.21926
8.8562828
7.6577919
6.6086624
5.6903332
4.9061276
4.245434
3.6868394
3.2290383
2.8560311
2.5514131
2.3013577
2.094293
1.920845
1.7927902
1.6993815
1.6317794
1.5831648
1.5484242
1.5237956
1.5065322
1.4946256
1.4866125
1.4814529
1.4784349
1.4770645
1.4769635
1.4778962
1.4797691
1.4824941
1.4859966
1.4902201
1.4951407
1.5007611
1.5071074
1.5142255
1.5221808
1.5310559
1.5409516
1.5519874
1.5643046
1.5780689
1.5934753
1.6107535
1.6301752
1.6520635
1.676805
1.7048659
1.7368129
1.7733416
1.8153142
1.8638127
1.9202119
1.9862852
2.0643568
2.1575318
2.2700466
2.4078252
2.5793926
2.7974351
3.0816065
3.46387
3.9994249
9240562.5
1509061.1
471546.59
204370.55
106813.92
63084.852
40780.101
28343.676
20877.484
16040.656
12651.806
10127.393
8193.7562
6712.9884
5593.5714
4753.8923
4119.4484
3625.955
3224.202
2889.6288
2606.7862
2364.2896
2153.5384
1968.1111
1803.4919
1656.5076
1523.0344
1397.5472
1275.003
1148.798
1010.5097
854.88421
684.7326
516.44626
374.38273
271.36373
200.42256
157.21281
131.7255
114.33005
100.79655
89.307726
79.104867
69.891031
61.553813
54.041885
47.328264
41.29785
35.867695
31.072941
26.926733
23.353224
20.266427
17.589138
15.259184
13.22784
11.454694
9.9050021
8.5483588
7.3575601
6.3189948
5.4172343
4.6605121
4.0240977
3.5046086
3.0827029
2.7395626
2.4595215
2.2295185
2.0389671
1.8807481
1.7643429
1.6795322
1.6181339
1.573919
1.5422562
1.5197581
1.5039621
1.4930709
1.4857674
1.4811042
1.4784269
1.477291
1.4773676
1.4784379
1.4804186
1.4832315
1.4868041
1.4910894
1.4960656
1.5017399
1.5081409
1.5153154
1.5233302
1.532269
1.5422333
1.5533435
1.5657415
1.5795939
1.5950966
1.6124801
1.632017
1.6540315
1.6789112
1.7071237
1.739237
1.7759478
1.81812
1.8668368
1.9234742
1.989806
2.0681562
2.1616271
2.2744489
2.4125323
2.5843747
2.8026085
3.0867781
3.4686206
4.0028405
9227942
1507035.2
470928.59
204123.24
106714.3
63065.079
40811.666
28407.66
20957.092
16121.407
12724.716
10190.91
8251.3254
6769.174
5651.534
4814.005
4180.4594
3686.3869
3282.9535
2946.2392
2660.6866
2414.8696
2200.3201
2010.9872
1842.7296
1691.5149
1551.4462
1416.8424
1281.3511
1136.2135
974.68242
796.48571
613.88461
450.75047
327.17221
239.09448
183.3163
150.34182
129.0865
113.33688
100.36986
89.012589
78.787411
69.515656
61.128028
53.580557
46.82423
40.72987
35.278688
30.533287
26.438738
22.903919
19.845409
17.188295
14.872879
12.852635
11.088684
9.5475705
8.2000659
7.0210374
5.9983081
5.1234782
4.3982362
3.8089866
3.3318212
2.9449987
2.630659
2.3740559
2.1629565
1.9875351
1.8438464
1.7383476
1.6614797
1.60576
1.5655505
1.536683
1.5161181
1.501653
1.4916818
1.4850231
1.4808157
1.4784557
1.4775362
1.477776
1.4789757
1.4810578
1.4839529
1.4875933
1.4919372
1.4969676
1.5026943
1.5091481
1.5163774
1.5244501
1.5334508
1.5434819
1.5546645
1.5671412
1.5810795
1.5966759
1.6141618
1.6338109
1.6559481
1.6809624
1.7093223
1.7415972
1.7784851
1.8208512
1.86978
1.9266485
1.9932309
2.0718508
2.1656081
2.2787263
2.4171032
2.5892094
2.8076245
3.0917873
3.4732162
4.0061391
9199695.3
1502392.2
469485.23
203517.55
106429.23
62940.91
40781.233
28434.183
21013.711
16187.961
12789.165
10249.898
8307.3246
6825.9278
5711.4302
4876.7028
4244.24
3749.5544
3344.2976
3005.0966
2716.3431
2466.6714
2247.8718
2054.312
1881.8945
1724.3789
1574.9236
1427.2142
1272.5673
1102.9066
915.65873
719.48819
536.35086
389.69317
285.40863
215.26651
172.1657
145.84872
127.31511
112.59028
99.934097
88.611491
78.335751
69.006542
60.579416
53.009389
46.168084
40.021348
34.617675
29.935867
25.892851
22.396464
19.366824
16.730761
14.43117
12.423805
10.67141
9.14205
7.8079324
6.6465599
5.6468178
4.8126003
4.1446652
3.6054043
3.1695426
2.8165317
2.5296209
2.2951126
2.1017001
1.9402055
1.8101645
1.7147476
1.6451442
1.5945825
1.5579983
1.5316585
1.5128435
1.4995838
1.4904454
1.4843707
1.4805797
1.478515
1.4777981
1.4781874
1.4795084
1.4816859
1.4846582
1.4883639
1.4927635
1.4978462
1.5036237
1.5101284
1.5174108
1.5255397
1.5346007
1.5446967
1.5559497
1.568503
1.5825248
1.5982123
1.6157979
1.635556
1.6578126
1.6829577
1.7114609
1.7438927
1.7809526
1.8235069
1.8726413
1.9297338
1.996559
2.07544
2.1694739
2.2828783
2.4215376
2.5938967
2.8124836
3.096635
3.4776581
4.0093226
9152375.9
1494648.8
467087.17
202503.25
105937.42
62700.477
40682.579
28419.491
21045.235
16239.253
12844.808
10304.64
8362.2194
6883.7237
5773.6308
4942.3552
4311.1003
3815.6244
3408.2224
3065.9832
2773.3603
2519.2784
2296.0594
2098.291
1919.5536
1751.9785
1588.7693
1421.6711
1241.1676
1042.9084
832.68301
630.20482
461.09903
337.9464
251.3158
197.1401
164.77733
142.86606
126.0575
111.92773
99.408555
88.060969
77.723597
68.34566
59.892058
52.248238
45.343443
39.219725
33.886559
29.26974
25.27813
21.820799
18.821193
16.20763
13.925868
11.93408
10.196825
8.6840348
7.3696208
6.2340609
5.2721984
4.5139232
3.9052357
3.4146798
3.0185668
2.6976995
2.4365705
2.2226478
2.045655
1.897046
1.7796435
1.6934421
1.6304254
1.5845183
1.5511989
1.5271371
1.5099027
1.4977338
1.4893491
1.4838026
1.48039
1.4785984
1.478073
1.4786003
1.4800348
1.4823018
1.4853468
1.489114
1.4935676
1.4987008
1.5045274
1.5110816
1.5184154
1.5265988
1.5357182
1.5458773
1.5571986
1.5698263
1.5839292
1.5997053
1.6173878
1.6372517
1.6596243
1.6848963
1.7135386
1.7461227
1.7833494
1.8260862
1.8754199
1.9327293
1.9997895
2.0789229
2.1732239
2.2869042
2.4258352
2.5984364
2.8171861
3.1013221
3.4819476
4.0123922
9085201.1
1483658.3
463658.38
201043.43
105218.16
62333.025
40509.495
28360.365
21049.979
16274.551
12891.426
10355.242
8416.4359
6943.1003
5838.703
5011.3944
4381.337
3884.7677
3474.7682
3128.828
2831.6258
2572.5819
2344.4221
2140.2182
1951.128
1769.2411
1586.1466
1391.4482
1179.3149
953.36391
731.14183
539.13712
395.72767
292.93297
226.45566
186.32964
160.18847
140.87181
125.05202
111.21868
98.725576
87.322886
76.926198
67.513826
59.003386
51.280522
44.370507
38.325658
33.072998
28.521754
24.582514
21.165588
18.197874
15.609066
13.348208
11.376104
9.6594403
8.1703798
6.884715
5.7857878
4.91885
4.2328199
3.6816173
3.2378236
2.8794026
2.5886631
2.3514566
2.1564889
1.9946085
1.8580022
1.7521579
1.6742981
1.61721
1.5754803
1.5450895
1.5230743
1.5072648
1.496083
1.4883809
1.4833121
1.4802422
1.478701
1.4783557
1.4790114
1.4805513
1.482905
1.4860181
1.4898434
1.494349
1.4995307
1.5054048
1.5120066
1.5193902
1.5276264
1.5368025
1.5470228
1.5584105
1.5711105
1.5852921
1.6011542
1.6189306
1.6388973
1.6613823
1.6867775
1.7155546
1.7482865
1.7856748
1.8285883
1.8781149
1.9356342
2.0029216
2.0822987
2.1768575
2.2908035
2.4299955
2.6028284
2.8217325
3.1058493
3.4860861
4.0153492
8996129.3
1469065.3
459104.3
199101.88
104252.92
61827.802
40255.767
28253.184
21025.914
16292.99
12928.975
10402.018
8470.4543
7004.6271
5907.0899
5084.1326
4455.0986
3956.9268
3543.6799
3193.227
2890.6745
2625.9842
2391.2118
2176.3587
1971.7986
1768.5548
1555.671
1325.9687
1081.5569
838.35499
622.91199
456.84618
339.54733
260.34433
210.59603
179.34411
157.08517
139.34804
124.07391
110.35596
97.82872
86.363574
75.919084
66.466881
57.863562
50.103382
43.277774
37.332912
32.16196
27.677289
23.792443
20.418108
17.485111
14.924544
12.689324
10.743201
9.0553184
7.6003473
6.3558182
5.3611578
4.589294
3.9712673
3.4750771
3.0754659
2.7522447
2.4893561
2.274074
2.0963553
1.9482451
1.8229211
1.727533
1.6571619
1.6053777
1.567381
1.5396088
1.5194278
1.504901
1.4946121
1.487529
1.4828927
1.4801331
1.4788203
1.4786419
1.4794196
1.4810578
1.4834923
1.4866714
1.4905517
1.4951072
1.5003353
1.506255
1.5129028
1.5203345
1.528622
1.537853
1.5481327
1.5595848
1.5723548
1.5866128
1.6025583
1.6204257
1.6404921
1.6630861
1.6886006
1.7175083
1.7503832
1.787928
1.8310125
1.8807256
1.9384478
2.0059546
2.0855669
2.1803741
2.2945757
2.4340184
2.607073
2.8261228
3.1102172
3.4900746
4.0181955
8882517.9
1450511.1
453320.75
196631.45
103018.58
61172.387
39914.427
28094.061
20970.927
16293.505
12957.231
10445.365
8524.9422
7069.0031
5979.3903
5160.959
4532.5704
4032.0677
3614.7364
3258.8573
2950.12
2678.5397
2432.5008
2200.2114
1971.8259
1735.9273
1484.0069
1217.2595
950.78969
711.29649
522.58737
388.96898
296.29781
236.94897
200.19693
174.68888
154.83415
137.99535
122.97138
109.25843
96.671182
85.152633
74.679633
65.114681
56.444653
48.772285
42.065357
36.224207
31.135612
26.720009
22.892771
19.564334
16.67036
14.143465
11.941223
10.03061
8.3834749
6.9768933
5.8465645
4.9753541
4.2841656
3.7308077
3.2863622
2.9278197
2.6369849
2.3995084
2.2040942
2.0419002
1.9061588
1.7915786
1.7055625
1.6418691
1.5948074
1.5601351
1.5346984
1.5161582
1.5027841
1.4933027
1.4867819
1.482538
1.4800593
1.4789545
1.4789308
1.4798234
1.4815536
1.4840639
1.4873061
1.4912383
1.4958414
1.5011142
1.5070773
1.5137696
1.521248
1.529585
1.5388693
1.5492064
1.560721
1.5735588
1.5878907
1.6039169
1.6218726
1.6420354
1.6647349
1.6903648
1.719399
1.7524121
1.7901081
1.8333579
1.8832512
1.9411692
2.0088877
2.0887266
2.183773
2.2982202
2.4379034
2.6111697
2.8303576
3.1144269
3.4939147
4.020932
8743018
1427726.2
446220.79
193594.16
101494.35
60355.387
39478.991
27878.971
20882.733
16275.088
12976.081
10485.876
8580.9876
7137.5564
6056.8454
5242.9175
4614.5026
4110.5956
3688.0837
3325.7658
3009.4898
2725.3457
2459.0838
2199.3804
1934.4634
1654.4653
1360.2604
1067.0581
802.14412
590.87705
440.21227
334.21729
265.36045
222.75003
193.69179
171.51816
152.99127
136.58149
121.62171
107.85846
95.211557
83.657122
73.067271
63.423925
54.831883
47.294977
40.713794
34.978257
29.974246
25.631778
21.866905
18.589391
15.741119
13.256437
11.0984
9.2373199
7.647611
6.373846
5.3910758
4.6203536
4.0051544
3.5123019
3.1156736
2.7947001
2.5332478
2.3186841
2.1411049
1.9927603
1.867858
1.7637058
1.6860242
1.6282531
1.5853801
1.553661
1.5303037
1.5132288
1.5008892
1.4921375
1.4861283
1.4822417
1.4800172
1.4791015
1.4792212
1.4802215
1.4820377
1.484619
1.48792
1.4919024
1.4965512
1.5018665
1.5078714
1.5146066
1.52213
1.530515
1.5398507
1.5502435
1.5618184
1.5747218
1.5891253
1.6052296
1.6232705
1.6435265
1.6663281
1.6920696
1.7212258
1.7543725
1.7922146
1.8356239
1.885691
1.9437978
2.0117201
2.0917773
2.1870536
2.3017368
2.4416503
2.6151189
2.8344371
3.1184788
3.497607
4.0235599
8575732.7
1400385.1
437703.28
189948.91
99660.331
59364.87
38941.724
27602.852
20758.147
16236.4
12985.861
10525.069
8640.9173
7213.0322
6142.1278
5332.2829
4702.6794
4193.7234
3764.2787
3393.0362
3062.2078
2754.0762
2455.2813
2153.5941
1838.0306
1509.8401
1185.3508
893.01446
659.18493
491.79545
373.50277
295.53525
246.85522
214.02594
189.36829
169.0436
151.17952
134.91851
119.92631
106.09969
93.408668
81.72742
71.042979
61.477147
53.034685
45.649732
39.197788
33.571507
28.656059
24.392885
20.697515
17.478716
14.686665
12.257425
10.160226
8.3683189
6.9388422
5.8356419
4.9793034
4.297831
3.7532023
3.3158752
2.962693
2.6755773
2.4404434
2.2463232
2.0846393
1.9486157
1.832947
1.7390116
1.6686915
1.6161511
1.576983
1.5478822
1.526374
1.5106066
1.4991939
1.4911006
1.4855573
1.4819974
1.4800038
1.479259
1.4795112
1.4806125
1.4825093
1.485157
1.4885133
1.4925435
1.4972354
1.5025915
1.5086365
1.5154132
1.5229801
1.5314113
1.5407968
1.5512433
1.5628765
1.5758434
1.590316
1.6064956
1.6246189
1.644965
1.6678649
1.6937141
1.7229882
1.7562637
1.7942466
1.8378096
1.8880442
1.9463328
2.0144513
2.0947183
2.1902154
2.305125
2.4452589
2.6189202
2.8383612
3.1223736
3.5011528
4.0260806
8379045.9
1368261
427683.4
185655.66
97495.107
58187.583
38293.296
27259.391
20593.724
16176.884
12988.618
10566.913
8709.8366
7300.8892
6240.1835
5432.9422
4799.7099
4282.5476
3842.0445
3452.5112
3091.7943
2743.834
2395.1218
2034.4421
1664.2673
1303.1065
981.10808
724.94359
541.90016
412.9907
326.83816
272.2117
235.54886
208.31716
186.11265
166.73483
149.1345
132.86724
117.80727
103.92939
91.092825
79.29748
68.696829
59.303214
51.032842
43.807685
37.4892
31.978067
27.157697
22.983197
19.368259
16.220379
13.500881
11.146787
9.1337461
7.5380089
6.3073455
5.3598592
4.6080892
4.0086555
3.5282714
3.1409915
2.8266646
2.5696529
2.3578281
2.1817809
2.0341805
1.9092171
1.8021042
1.7171946
1.6533436
1.6054085
1.5695104
1.5427279
1.5228627
1.5082611
1.4976782
1.4901779
1.4850581
1.4817982
1.4800158
1.479425
1.4797991
1.4809953
1.4829674
1.4856772
1.4890855
1.4931612
1.4978941
1.5032888
1.5093724
1.5161889
1.5237977
1.5322736
1.5417071
1.5522054
1.5638949
1.5769229
1.5914621
1.6077145
1.6259173
1.6463501
1.6693449
1.6952979
1.7246854
1.7580851
1.7962036
1.8399145
1.8903102
1.9487735
2.0170806
2.0975489
2.1932579
2.3083842
2.4487288
2.6225737
2.8421307
3.1261122
3.5045531
4.0284949
8151745.6
1331119.9
416099.03
180686.95
94980.96
56811.197
37524.849
26842.525
20387.231
16098.556
12989.814
10619.033
8796.4119
7409.8581
6358.695
5550.1867
4907.874
4374.9943
3909.2269
3480.2775
3068.7176
2659.5977
2241.9739
1820.5646
1417.0248
1063.3975
785.68926
588.76208
451.32116
358.42955
298.41014
258.05541
228.26251
204.14255
183.20189
164.22444
146.66193
130.31704
115.19321
101.14316
88.170652
76.475223
66.072873
56.881904
48.791689
41.735939
35.557426
30.170834
25.45621
21.384799
17.867012
14.808895
12.186145
9.9347688
8.1654585
6.8035018
5.7602114
4.9347284
4.2779293
3.7524852
3.3294761
2.9865658
2.7065017
2.4759452
2.2845689
2.1243688
1.9891404
1.8740326
1.7749493
1.697953
1.6397711
1.5958815
1.5628651
1.5381333
1.5197272
1.5061648
1.4963244
1.4893569
1.4846213
1.481637
1.4800496
1.4795981
1.4800833
1.481369
1.4834111
1.4861789
1.4896362
1.4937552
1.4985262
1.5039578
1.5100785
1.5169333
1.5245825
1.5331014
1.5425811
1.5531294
1.5648729
1.5779599
1.5925634
1.6088858
1.6271649
1.6476813
1.6707675
1.6968203
1.726317
1.7598359
1.7980847
1.8419379
1.8924883
1.9511194
2.0196073
2.1002687
2.1961804
2.3115141
2.4520599
2.6260795
2.8457457
3.1296948
3.5078088
4.030804
7892329.1
1288741
402886.16
175016.08
92105.154
55228.167
36632.217
26352.073
20142.914
16009.805
13000.455
10693.11
8911.4887
7549.111
6505.5039
5687.5225
5020.0678
4447.3848
3927.7608
3433.052
2946.3122
2457.5154
1974.7658
1523.6067
1137.2595
839.46189
630.95058
487.26792
389.44855
324.99004
281.30052
249.06631
223.05515
200.52767
180.12912
161.24249
143.61046
127.17581
111.82337
97.62516
84.783354
73.316657
63.148764
54.172678
46.271866
39.400189
33.371635
28.12468
23.533065
19.586482
16.190772
13.250015
10.757532
8.8125682
7.3204566
6.1779246
5.2761561
4.5600272
3.9879537
3.5279009
3.1552614
2.8511183
2.6009055
2.3933743
2.2198031
2.073411
1.9489546
1.8424753
1.751091
1.6810063
1.6277804
1.5874388
1.556959
1.5340397
1.5169289
1.5042928
1.4951164
1.4886274
1.4842386
1.4815065
1.4801005
1.4797775
1.4803624
1.4817302
1.48384
1.4866616
1.4901646
1.4943241
1.4991312
1.504598
1.5107543
1.517646
1.5253339
1.5338942
1.5434183
1.5540146
1.5658103
1.5789539
1.5936191
1.6100088
1.6283615
1.6489581
1.672132
1.6982807
1.7278822
1.7615157
1.7998896
1.8438791
1.8945778
1.9533697
2.0220308
2.102877
2.1989827
2.3145143
2.4552518
2.6294374
2.8492064
3.1331224
3.5109211
4.0330088
7600565.3
1241090.3
388024.06
168635.33
88865.476
53441.036
35622.542
25800.671
19878.845
15932.402
13042.787
10808.182
9067.4748
7720.5301
6667.8683
5817.3112
5095.4028
4448.4603
3842.0609
3255.0866
2677.7691
2122.7464
1619.6919
1201.4976
885.74217
667.55843
519.8578
419.14498
351.46833
305.02066
270.57159
242.73683
218.63865
196.78749
176.52338
157.58161
139.78877
123.08459
107.62346
93.578291
80.993719
69.794007
59.877376
51.130689
43.434301
36.768372
30.905808
25.822397
21.380419
17.590166
14.351297
11.588261
9.4683926
7.8536272
6.6101053
5.6305074
4.8538072
4.2340243
3.7359569
3.3326905
3.0036195
2.7329363
2.5084763
2.3208332
2.1626827
2.0282832
1.9131466
1.8138972
1.7301644
1.6660963
1.6171955
1.5799614
1.5517127
1.5303945
1.5144328
1.5026222
1.4940399
1.4879802
1.4839038
1.4814007
1.4801627
1.4799605
1.4806348
1.4820786
1.4842509
1.4871249
1.4906705
1.4948671
1.4997087
1.5052092
1.5113995
1.5183265
1.5260517
1.5346516
1.5442184
1.5548608
1.5667065
1.5799045
1.5946289
1.6110832
1.6295063
1.65018
1.673438
1.6996786
1.7293805
1.7631238
1.8016174
1.8457375
1.8965782
1.9555239
2.0243506
2.1053733
2.2016642
2.3173844
2.4583044
2.6326474
2.852513
3.1363952
3.5138906
4.0351105
7276945.6
1188224.7
371533.39
161555.51
85272.174
51460.767
34510.108
25207.044
19618.245
15891.595
13139.217
10978.438
9265.2769
7907.4276
6808.676
5881.1914
5058.0149
4299.3931
3582.9577
2897.1963
2259.7214
1702.5271
1255.3258
927.52276
699.53592
547.99466
446.87671
377.4935
329.00612
292.63449
263.07171
237.408
214.12014
192.42576
172.10321
152.91575
134.80853
118.07575
102.80692
89.040388
76.76206
65.853434
56.210383
47.715235
40.24689
33.81783
28.14708
23.262894
19.008768
15.417359
12.446772
10.121272
8.3980738
7.0535882
5.9958783
5.1581553
4.4901053
3.9533914
3.5188294
3.1641479
2.8723052
2.63022
2.4278068
2.2572413
2.112397
1.9884206
1.8814363
1.7884012
1.7118359
1.6529895
1.607858
1.5733434
1.5470554
1.5271506
1.5122079
1.5011324
1.4930815
1.4874072
1.483612
1.4813159
1.4802314
1.4801422
1.4808999
1.4824136
1.484644
1.4875661
1.4911524
1.4953838
1.5002581
1.5057908
1.5120137
1.5189744
1.5267353
1.5353733
1.5449809
1.5556675
1.5675611
1.5808112
1.5955923
1.6121084
1.630599
1.6513464
1.6746849
1.7010134
1.7308115
1.7646596
1.8032678
1.8475126
1.8984889
1.9575815
2.0265662
2.1077572
2.2042244
2.3201242
2.4612176
2.6357097
2.8556659
3.1395142
3.5167183
4.03711
6922851.4
1130365.1
353487.24
153818.56
81358.356
49320.209
33328.067
24603.234
19389.117
15907.132
13295.921
11191.287
9469.003
8047.5177
6839.147
5771.7119
4809.0656
3926.9917
3111.7966
2383.8197
1774.156
1301.1116
963.41061
729.83162
574.91303
473.34089
403.26291
353.23401
315.14654
283.92986
256.71047
231.93677
208.8713
187.08921
166.35917
146.85642
128.83065
112.36603
97.402196
83.96656
72.03566
61.448066
52.11141
43.90005
36.695251
30.545784
25.105545
20.469212
16.453628
13.254375
10.800742
8.9495065
7.5056219
6.3706096
5.4722393
4.7558596
4.1801709
3.7138262
3.3329637
3.0193551
2.7590223
2.5411994
2.3575517
2.2015821
2.0681766
1.9532545
1.8534967
1.7661477
1.6957992
1.6414775
1.5996274
1.5674903
1.5429241
1.524266
1.5102262
1.4998051
1.4922293
1.4869008
1.4833589
1.4812498
1.4803047
1.4803198
1.4811563
1.4827347
1.485019
1.4879861
1.4916093
1.4958737
1.5007792
1.5063424
1.5125965
1.5195895
1.5273844
1.5360587
1.5457054
1.5564343
1.5683737
1.5816735
1.5965088
1.6130841
1.6316392
1.6524569
1.6758722
1.7022847
1.7321745
1.7661227
1.8048401
1.8492038
1.9003094
1.9595418
2.0286769
2.1100281
2.2066629
2.3227333
2.4639909
2.638624
2.8586652
3.1424795
3.5194048
4.039008
6540039.9
1067854.6
334016.11
145502.45
77188.926
47080.58
32130.873
24028.261
19205.689
15962.577
13464.832
11369.302
9574.2877
8015.3207
6625.8667
5380.9614
4289.9057
3323.931
2500.7822
1839.4162
1350.4874
997.84063
755.94885
600.69274
498.94068
428.84257
377.58116
337.92355
305.10198
276.34692
250.08913
225.54288
202.22324
180.00674
159.12791
139.783
122.07247
105.9767
91.363827
78.312167
66.782022
56.553837
47.569724
39.686807
32.794876
26.979546
21.823267
17.495809
14.032395
11.479
9.504111
7.9641173
6.7538925
5.7958372
5.031452
4.416673
3.9181627
3.5105872
3.1746119
2.8954116
2.6615626
2.4642156
2.2964754
2.1529338
2.0293147
1.922203
1.8288215
1.7467592
1.6817801
1.6313765
1.5923799
1.5623193
1.5392634
1.5217037
1.508463
1.4986238
1.4914721
1.4864539
1.48314
1.4811999
1.4803816
1.4804925
1.4814025
1.483041
1.4853758
1.4883832
1.4920409
1.4963364
1.5012714
1.5068638
1.5131474
1.5201712
1.5279986
1.5367076
1.5463917
1.5571608
1.5691439
1.5824912
1.5973782
1.6140097
1.6326263
1.653511
1.6769996
1.7034921
1.733469
1.7675126
1.8063338
1.8508107
1.9020391
1.9614045
2.0306824
2.1121856
2.2089794
2.3252112
2.4666243
2.6413904
2.8615112
3.1452919
3.5219511
4.0408053
6132324.5
1001287.3
313324.8
136721.19
72855.342
44821.154
30978.476
23506.519
19041.72
15975.652
13516.782
11353.101
9408.7916
7642.1236
6042.7271
4688.7026
3549.005
2621.7875
1917.2819
1392.8898
1023.8279
785.40657
630.3303
526.88741
454.90902
402.03074
360.71324
326.34252
296.04593
268.33069
242.21488
217.22609
193.59746
171.45375
150.81805
131.82595
114.53449
98.877836
84.667975
72.071556
61.006103
51.184024
42.613435
35.116217
28.600873
23.183214
18.380438
14.855776
12.152099
10.060623
8.4288294
7.1461514
6.1297673
5.3178542
4.6639172
4.132838
3.6979573
3.3389327
3.0401584
2.789594
2.5778959
2.3977682
2.2434784
2.1104929
1.9952072
1.8947541
1.80688
1.729891
1.6695412
1.6225253
1.5860068
1.5577573
1.5360244
1.5194311
1.5068965
1.4975736
1.4908002
1.4860598
1.4829511
1.4811637
1.4804604
1.480659
1.4816372
1.4833319
1.485712
1.4887567
1.4924466
1.4967715
1.5017344
1.5073545
1.5136662
1.5207193
1.5285777
1.5373197
1.5470392
1.5578467
1.5698713
1.5832638
1.5981999
1.614885
1.63356
1.6545084
1.6780665
1.7046349
1.7346948
1.7688287
1.8077485
1.8523327
1.9036777
1.9631689
2.0325822
2.1142292
2.2111735
2.327558
2.4691178
2.644009
2.8642041
3.1479516
3.5243577
4.0425029
5705042.2
931564.73
291705.66
127622.42
68453.452
42605.759
29895.411
23009.584
18806.396
15795.365
13262.337
10950.428
8823.6051
6883.1093
5170.2223
3813.0094
2773.6669
1990.6605
1427.5286
1057.7157
817.57492
660.2305
554.39791
480.3612
425.7871
383.01649
347.20534
315.60355
286.35482
258.43931
231.93691
206.97703
183.61459
161.82507
141.55352
123.01407
106.23273
91.091759
77.347068
65.29009
54.758638
45.399814
37.318491
30.276628
24.214227
19.366353
15.663498
12.82193
10.620865
8.9025632
7.5499632
6.4764248
5.6172445
4.9238532
4.3595839
3.8966025
3.5136572
3.1944255
2.9262934
2.6994501
2.5062146
2.3405329
2.1975998
2.0735757
1.9653769
1.8705288
1.7870732
1.7152461
1.6588757
1.6147838
1.5804135
1.5537406
1.5331643
1.5174193
1.5055073
1.4966417
1.4902047
1.4857125
1.4827879
1.4811383
1.4805392
1.4808179
1.4818594
1.4836049
1.4860266
1.4891059
1.4928261
1.4971786
1.502168
1.5078142
1.5141526
1.5212335
1.5291212
1.5378946
1.5476478
1.5584916
1.5705557
1.583991
1.5989738
1.6157096
1.6344399
1.6554487
1.6790727
1.705713
1.7358513
1.7700708
1.8090838
1.8537695
1.9052245
1.9648348
2.0343759
2.1161587
2.2132448
2.3297732
2.4714711
2.6464798
2.8667441
3.1504594
3.5266255
4.0441014
5265568.7
859886.23
269536.5
118376.85
64066.456
40450.834
28829.862
22418.211
18322.394
15208.937
12488.527
9986.6824
7721.8138
5757.142
4148.6562
2922.4825
2052.9009
1469.8715
1090.6426
845.90236
686.01851
578.67249
503.56567
448.11318
404.34068
367.56259
334.5927
303.57393
274.15609
246.295
220.06836
195.49921
172.57117
151.22619
131.39322
113.42055
97.247027
82.701282
69.496313
58.071187
48.144701
39.32334
31.818473
25.386942
20.327798
16.46534
13.495949
11.193087
9.3917537
7.9708045
6.8403859
5.933463
5.1997148
4.6011365
4.1088489
3.7007709
3.359911
3.0731087
2.8301031
2.6228386
2.4449471
2.2913579
2.1580028
2.0415949
1.9394647
1.8494486
1.7698147
1.7025679
1.6496054
1.6080307
1.5755176
1.5502137
1.5306458
1.5156434
1.5042784
1.4958164
1.4896776
1.4854067
1.4826468
1.481121
1.4806161
1.4809678
1.4820668
1.4838588
1.4863189
1.4894305
1.493179
1.4975575
1.5025717
1.5082426
1.5146063
1.5217134
1.5296289
1.538432
1.548217
1.5590953
1.5711967
1.5846725
1.5996993
1.6164831
1.6352657
1.6563315
1.6800177
1.7067258
1.7369381
1.7712383
1.8103393
1.8551206
1.9066794
1.9664017
2.0360631
2.1179736
2.2151931
2.3318566
2.473684
2.6488027
2.8691314
3.1528154
3.528755
4.0456013
4822831.7
787701.11
247277.83
109177.07
59756.2
38314.299
27646.02
21523.924
17349.789
13998.999
11042.531
8401.6391
6144.142
4345.1422
3016.0725
2098.8121
1496.4852
1110.968
864.90942
705.40122
598.78838
524.26028
468.85915
424.89104
387.09233
352.4083
319.96966
289.35595
260.31387
232.84721
207.07426
182.99087
160.58139
139.77332
120.47762
103.20035
87.726974
73.860372
61.290434
50.590202
41.344733
33.431596
26.540143
21.291083
17.282577
14.19356
11.791739
9.908059
8.417988
7.2291564
6.2725943
5.4964719
4.861587
4.3380931
3.9031162
3.5390101
3.2320693
2.9715766
2.7490942
2.5579328
2.3927509
2.2492517
2.1239514
2.0140037
1.9170731
1.8312464
1.7549736
1.6916304
1.6415773
1.6021614
1.5712481
1.5471283
1.5284361
1.5140812
1.5031951
1.4950876
1.4892122
1.4851373
1.4825244
1.4811095
1.4806894
1.481107
1.4822584
1.4840931
1.4865885
1.48973
1.4935048
1.4979076
1.5029452
1.5086394
1.5150269
1.5221589
1.5301005
1.5389316
1.5487467
1.5596575
1.571794
1.585308
1.6003763
1.6172053
1.636037
1.6571565
1.6809012
1.7076731
1.737955
1.772331
1.8115146
1.8563856
1.9080418
1.9678693
2.0376435
2.1196738
2.2170181
2.3338081
2.4757566
2.6509779
2.8713663
3.1550202
3.5307468
4.0470034
4387027.2
716700.81
225459.89
100217.27
55539.792
36085.45
26151.051
20116.285
15734.449
12129.033
9043.6004
6484.7159
4502.3384
3077.9473
2120.0688
1505.1996
1118.8608
875.71376
719.63539
615.86005
543.19985
488.88893
444.47437
405.20996
369.27681
335.71173
304.04775
274.02695
245.39804
218.36371
193.127
169.62705
147.84927
127.69464
109.05848
92.604949
77.927205
64.907446
53.420843
43.428181
34.848463
27.732417
22.309194
18.155802
14.944755
12.440236
10.469693
8.9058298
7.6540716
6.6436856
5.8214058
5.1468446
4.5891697
4.1246821
3.7350413
3.4059571
3.1262193
2.8869738
2.6811805
2.5032031
2.3484979
2.213374
2.094809
1.9903101
1.8978128
1.8156067
1.7422814
1.6822426
1.6346607
1.5970864
1.5675437
1.5444427
1.526507
1.5127135
1.5022442
1.4944466
1.4888021
1.4849003
1.4824176
1.4811016
1.4807574
1.4812344
1.4824333
1.484307
1.4868349
1.490004
1.4938033
1.4982288
1.5032883
1.5090043
1.5154142
1.5225695
1.5305358
1.5393932
1.5492366
1.5601779
1.5723474
1.5858972
1.6010044
1.6178758
1.6367537
1.6579234
1.6817229
1.7085545
1.7389015
1.7733485
1.8126093
1.8575643
1.9093115
1.9692372
2.0391167
2.1212587
2.2187195
2.3356274
2.4776886
2.6530052
2.8734489
3.1570741
3.5326017
4.0483084
3970590.7
648903.93
204672.99
91663.808
51367.633
33590.399
24139.834
18058.517
13491.864
9810.6935
6878.1508
4676.1919
3139.1259
2135.0093
1507.4247
1121.9086
883.48176
732.18427
632.16968
562.0186
508.08529
462.72765
422.52506
385.63838
351.07928
318.38034
287.33169
257.82676
229.57475
203.0867
178.53982
155.76329
134.76221
115.55232
98.140962
82.51655
68.636136
56.410175
45.690508
36.43285
29.075563
23.45998
19.143272
15.794241
13.172938
11.103293
9.4551231
8.131496
7.0597199
6.1848957
5.4652698
4.8688632
4.3710139
3.9525707
3.5985606
3.2971983
3.0391453
2.8169539
2.6246454
2.4573892
2.3112558
2.1830255
2.0700398
1.9700904
1.8813362
1.802241
1.7315068
1.6742438
1.6287449
1.5927295
1.564352
1.5421208
1.5248337
1.5115236
1.5014144
1.4938856
1.4884423
1.4846917
1.4823238
1.4810954
1.4808188
1.481349
1.4825909
1.4845
1.4870576
1.4902521
1.4940741
1.4985207
1.5036006
1.5093371
1.5157679
1.522945
1.5309345
1.5398165
1.5496864
1.5606562
1.5728566
1.5864399
1.6015835
1.6184944
1.6374154
1.658632
1.6824825
1.7093699
1.7397775
1.7742906
1.8136233
1.8586564
1.9104882
1.9705053
2.0404826
2.1227284
2.2202973
2.3373145
2.47948
2.654885
2.8753795
3.1589776
3.5343201
4.0495167
3586937.2
586483.76
185513.58
83637.295
47150.031
30680.71
21531.932
15427
10882.436
7434.9628
4932.8042
3240.3742
2169.3331
1519.9753
1131.1465
895.42086
747.88469
650.60967
580.84925
526.37199
480.7748
439.84783
401.91902
366.35285
332.59824
300.48313
269.9778
241.10095
213.88728
188.37822
164.61349
142.63035
122.45572
104.09951
87.552144
72.78307
59.741794
48.341317
38.379944
30.715739
24.85254
20.328288
16.805606
14.038694
11.846649
10.095341
8.684589
7.5390266
6.6015497
5.828582
5.1866368
4.6498009
4.1978847
3.8150512
3.4887955
3.209179
2.9682527
2.759619
2.5780974
2.419467
2.2802669
2.1576392
2.0492092
1.952994
1.8673392
1.7908722
1.7224566
1.6674994
1.6237365
1.5890262
1.5616283
1.5401318
1.523395
1.5104967
1.5006959
1.4933979
1.4881281
1.4845086
1.4822405
1.4810891
1.4808724
1.48145
1.4827304
1.4846716
1.4872562
1.490474
1.4943169
1.498783
1.5038819
1.5096374
1.5160878
1.5232853
1.5312963
1.5402013
1.5500959
1.5610922
1.5733214
1.5869359
1.6021133
1.619061
1.6380219
1.659282
1.6831799
1.7101189
1.7405828
1.775157
1.8145563
1.8596617
1.9115717
1.9716732
2.0417409
2.1240825
2.2217513
2.3388692
2.481131
2.6566171
2.8771582
3.1607309
3.5359023
4.0506288
3250170.9
531669.6
168549.77
76228.937
42840.115
27360.916
18490.307
12557.412
8332.3761
5382.3379
3449.0686
2264.3396
1568.908
1163.8162
921.81573
772.55053
672.81871
600.78781
545.53911
499.42674
458.09752
419.54467
382.98331
348.14368
314.95327
283.4103
253.53555
225.35839
198.9114
174.22559
151.32693
130.23395
110.9541
93.479778
77.785214
63.827016
51.557728
40.958781
32.857706
26.641339
21.828015
18.0683
15.106303
12.753081
10.868091
9.3460359
8.1074462
7.091921
6.253225
5.5557194
4.9717435
4.4796841
4.0625407
3.7068546
3.4019028
3.1390894
2.9114818
2.7134561
2.5404234
2.3886175
2.2549284
2.1367717
2.0319869
1.938762
1.8555812
1.7811915
1.7149716
1.6618975
1.6195578
1.5859222
1.559335
1.5384494
1.5221725
1.5096203
1.5000797
1.4929776
1.4878555
1.4843481
1.4821659
1.4810812
1.480917
1.4815366
1.4828513
1.4848212
1.4874302
1.4906692
1.4945313
1.4990155
1.504132
1.5099051
1.5163736
1.52359
1.5316211
1.5405474
1.5504648
1.5614858
1.5737417
1.5873849
1.6025936
1.6195752
1.638573
1.6598733
1.6838149
1.7108014
1.741317
1.7759476
1.8154081
1.8605799
1.9125619
1.9727409
2.0428916
2.1253211
2.2230813
2.3402915
2.4826415
2.6582018
2.8787853
3.1623346
3.5373493
4.0516454
2974298.6
486644.26
154319.76
69580.842
38558.079
23882.511
15410.073
9901.0069
6220.9257
3880.7738
2490.4064
1697.807
1247.2857
983.73091
817.53878
705.49712
627.31585
568.92233
520.92472
478.19441
438.41601
400.7096
364.79001
330.57846
298.06093
267.24653
238.15493
210.80944
185.23187
161.43933
139.44202
119.24152
100.82907
84.182801
69.262823
56.0029
44.560342
35.791994
29.045471
23.808996
19.709821
16.474031
13.898797
11.832836
10.1625
8.8018013
7.6852229
6.7624943
5.9947798
5.3518749
4.8101312
4.3509139
3.9594455
3.6239349
3.3349169
3.0847491
2.8672254
2.677278
2.5107459
2.3641938
2.2347682
2.1200853
2.0181423
1.9272516
1.8459956
1.7731946
1.7089232
1.6573466
1.6161447
1.5833729
1.5574408
1.5370517
1.5211509
1.5088834
1.4995583
1.4926194
1.4876211
1.484208
1.4820984
1.4810704
1.4809515
1.4816079
1.482953
1.4849484
1.4875793
1.4908375
1.4947171
1.4992178
1.5043504
1.5101398
1.516625
1.523859
1.5319085
1.5408545
1.550793
1.5618368
1.5741171
1.5877869
1.6030242
1.620037
1.6390686
1.6604057
1.6843872
1.7114172
1.7419802
1.7766622
1.8161786
1.8614111
1.9134586
1.9737082
2.0439345
2.126444
2.2242874
2.3415816
2.4840115
2.6596392
2.8802612
3.163789
3.538661
4.0525668
2772281.5
453428.84
143398.33
64011.484
34670.013
20706.975
12778.224
7870.0114
4826.8095
3021.9947
1997.3344
1422.8833
1093.1326
887.57674
751.87729
661.05172
596.20974
544.86517
500.18398
459.03211
420.19084
383.24886
348.07898
314.64466
282.94134
252.97791
224.76793
198.324
173.65418
150.75971
129.63382
110.26131
92.618853
76.675762
62.396845
49.748869
39.94276
32.386185
26.515812
21.917467
18.286118
15.395487
13.076516
11.202007
9.6755834
8.4237206
7.3899424
6.5305766
5.8116296
5.2064704
4.6941029
4.2578713
3.8844831
3.5632668
3.2856065
3.0445067
2.8342571
2.6501716
2.4883843
2.3456892
2.2194122
2.1073101
2.0074919
1.9183597
1.8385674
1.7669912
1.704207
1.6537732
1.6134454
1.5813418
1.5559201
1.5359207
1.5203173
1.5082768
1.499125
1.4923185
1.4874216
1.4840862
1.4820367
1.4810559
1.4809749
1.4816633
1.4830348
1.4850528
1.4877031
1.4909785
1.4948739
1.4993896
1.504537
1.5103414
1.5168419
1.524092
1.5321584
1.5411225
1.5510803
1.5621448
1.5744475
1.5881415
1.603405
1.6204461
1.6395085
1.660879
1.6848969
1.7119663
1.7425721
1.7773008
1.8168677
1.862155
1.9142618
1.9745752
2.0448698
2.1274514
2.2253698
2.3427396
2.4852414
2.6609296
2.8815861
3.1650945
3.5398384
4.0533935
2654925.8
433946.78
136624.93
60180.203
31813.849
18411.848
11010.379
6628.8762
4040.6718
2563.4863
1741.024
1280.314
1002.1553
823.83001
708.64138
630.79017
572.91824
524.99806
482.0768
442.05397
404.15299
368.11239
333.84588
301.32562
270.54562
241.5084
214.218
188.67568
164.87704
142.81002
122.45372
103.77759
86.740916
71.292401
57.370624
45.960033
37.155161
30.321923
24.976376
20.76138
17.411906
14.72991
12.566382
10.808441
9.3699967
8.1849589
7.2022554
6.3821666
5.6936062
5.1120946
4.6182364
4.1965744
3.8347174
3.5226768
3.2523557
3.0171562
2.8116733
2.631457
2.4728249
2.3327142
2.2085632
2.0982179
1.9998586
1.9119458
1.8331807
1.7624764
1.70074
1.6511185
1.6114184
1.5797995
1.554752
1.5350414
1.519661
1.5077927
1.4987741
1.4920708
1.4872537
1.4839806
1.4819796
1.4810371
1.480987
1.481702
1.4830963
1.4851337
1.4878011
1.4910917
1.4950013
1.4995306
1.5046915
1.5105094
1.517024
1.5242886
1.5323706
1.5413511
1.5513265
1.5624098
1.5747328
1.5884486
1.6037358
1.6208025
1.6398927
1.6612932
1.6853437
1.7124486
1.7430929
1.7778633
1.8174755
1.8628119
1.9149717
1.975342
2.0456975
2.1283435
2.2263287
2.3437658
2.4863317
2.6620738
2.8827608
3.1662519
3.5408819
4.054126
2629986.2
429444.71
134477.45
58438.065
30262.079
17130.672
10068.043
6011.7694
3673.7984
2358.1219
1628.1913
1208.8196
951.03789
787.33229
681.76119
609.44986
554.60486
508.47566
466.84804
427.94943
391.11731
356.12021
322.87588
291.35312
261.53994
233.43156
207.02441
182.31232
159.28413
137.92187
118.19957
100.08243
83.526142
68.476384
54.869088
44.134194
35.818983
29.336108
24.243015
20.211269
16.995804
14.412549
12.322332
10.61924
9.2221509
8.068534
7.109886
6.3083534
5.6342146
5.0639925
4.5790356
4.1644404
3.8082322
3.5007361
3.2340944
3.0018918
2.7988643
2.6206706
2.4637136
2.3249965
2.2020106
2.0926439
1.9951118
1.9079035
1.8297448
1.7595676
1.6984621
1.6493393
1.6100325
1.5787236
1.5539204
1.5344023
1.5191737
1.5074252
1.4985011
1.4918725
1.4871148
1.4838888
1.4819255
1.4810132
1.4809878
1.4817235
1.4831369
1.4851908
1.4878729
1.4911769
1.495099
1.4996404
1.5048134
1.5106435
1.5171708
1.5244487
1.5325446
1.5415399
1.5515312
1.5626315
1.5749727
1.5887082
1.6040165
1.6211061
1.6402209
1.6616482
1.6857277
1.712864
1.7435424
1.7783497
1.818002
1.8633817
1.9155882
1.9760088
2.0464179
2.1291206
2.2271646
2.3446609
2.487283
2.6630723
2.8837861
3.167262
3.5417926
4.0547651
2702004.9
440804.17
137435.72
59131.469
30211.538
16903.13
9877.2829
5901.1216
3620.5618
2332.9818
1613.787
1195.8287
937.15061
772.98284
667.19424
595.01018
540.71015
495.46568
454.91788
417.17276
381.49624
347.62227
315.45214
284.945
256.08155
228.85085
203.24439
179.25242
156.86157
136.05311
116.80178
99.074801
82.830932
68.020084
54.583564
43.971968
35.727241
29.285791
24.216605
20.198112
16.989542
14.409491
12.320429
10.617428
9.219945
8.0657743
7.1065875
6.3046129
5.6301588
5.0597493
4.5747203
4.1601496
3.8040422
3.4967046
3.2302628
2.9982877
2.7955038
2.6175611
2.4608553
2.3223844
2.1996356
2.0904949
1.9931769
1.9061724
1.8282096
1.7582226
1.6973422
1.6484128
1.6092709
1.5781017
1.5534163
1.5339968
1.5188504
1.5071703
1.498303
1.4917215
1.4870028
1.4838092
1.4818727
1.4809829
1.4809761
1.4817276
1.4831562
1.4852237
1.4879181
1.4912336
1.4951666
1.4997187
1.5049023
1.5107434
1.517282
1.5245718
1.5326802
1.5416888
1.5516942
1.5628096
1.575167
1.5889198
1.6042469
1.6213566
1.6404932
1.661944
1.6860489
1.7132127
1.7439208
1.7787604
1.8184475
1.8638647
1.9161118
1.976576
2.0470315
2.1297832
2.2278781
2.3454255
2.4880963
2.6639264
2.8846636
3.1681268
3.5425725
4.0553124
2880438.7
469661.59
146117.96
62572.796
31793.923
17740.75
10393.28
6247.068
3848.0297
2471.8359
1691.8528
1239.6743
960.14218
780.89663
665.39823
587.98944
531.61646
486.16161
446.31645
409.63073
375.10378
342.36102
311.26267
281.75074
253.7969
227.38468
202.50216
179.13794
157.27849
136.90621
117.99857
100.52726
84.456447
69.741901
56.330867
45.360738
36.807592
30.123933
24.866489
20.70188
17.379967
14.712035
12.554859
10.799068
9.3606694
8.1747824
7.1910026
6.3699516
5.6806949
5.0987957
4.6048457
4.1833476
3.821861
3.510348
3.2406671
3.0061821
2.8014564
2.6220148
2.464155
2.3247987
2.201373
2.0917175
1.9940109
1.9067173
1.8285449
1.7584135
1.6973604
1.6483244
1.6091232
1.5779265
1.5532343
1.533821
1.5186885
1.5070261
1.4981782
1.4916163
1.4869164
1.4837403
1.4818199
1.4809445
1.4809505
1.4817134
1.4831533
1.4852315
1.4879359
1.4912609
1.4952032
1.4997645
1.5049575
1.5108082
1.5173567
1.524657
1.5327764
1.5417967
1.5518145
1.5629432
1.5753147
1.5890827
1.6044261
1.6215533
1.6407087
1.6621798
1.6863065
1.7134938
1.7442274
1.7790944
1.8188111
1.8642604
1.9165419
1.9770429
2.0475377
2.1303308
2.2284686
2.3460592
2.4887711
2.6646358
2.8853929
3.1688462
3.5432215
4.0557682
3175737.5
517766.93
161107.54
69042.305
35172.99
19753.384
11703.263
7128.9393
4426.7583
2829.312
1899.2989
1360.5521
1032.364
820.65723
682.70704
591.83797
528.8221
480.98403
440.9442
404.993
371.51288
339.87062
309.82885
281.29265
254.21827
228.58275
204.37247
181.57722
160.18588
140.18304
121.54736
104.25643
88.283261
73.593495
60.14415
48.394006
39.13975
31.912949
26.240972
21.75976
18.195509
15.341753
13.041881
11.176343
9.6534057
8.4022962
7.3681103
6.5080361
5.7885139
5.1830988
4.6708444
4.2350731
3.8624378
3.5422027
3.265688
3.0258418
2.8169059
2.6341554
2.4736935
2.3322903
2.2072538
2.0963304
1.9976258
1.9095465
1.8307565
1.7601409
1.6985166
1.6490725
1.6095872
1.5781957
1.5533725
1.5338733
1.5186864
1.5069915
1.4981258
1.4915559
1.4868546
1.4836812
1.481766
1.4808971
1.4809101
1.4816799
1.4831274
1.4852134
1.4879254
1.491258
1.4952078
1.4997768
1.5049776
1.5108365
1.5173936
1.5247029
1.5328318
1.5418621
1.5518907
1.5630307
1.5754144
1.5891953
1.6045525
1.6216945
1.6408658
1.6623539
1.686499
1.713706
1.7444607
1.7793504
1.8190917
1.8645672
1.9168769
1.9774081
2.047935
2.1307618
2.2289345
2.3465602
2.4893054
2.6651984
2.8859721
3.169418
3.5437378
4.0561309
3593768.4
586023.61
182604.16
78575.415
40372.718
23008.773
13930.768
8717.2409
5551.1366
3590.5406
2386.3486
1658.1693
1219.057
942.89629
758.58292
633.26015
547.80324
487.57554
442.09521
404.64583
371.45231
340.68906
311.60198
283.92272
257.56837
232.52066
208.78331
186.3665
165.28214
145.54353
127.09482
109.90122
93.947742
79.214005
65.670783
53.278344
42.918778
34.80056
28.450748
23.455318
19.499421
16.346364
13.817389
11.776155
10.118227
8.763238
7.6489742
6.7270511
5.9596617
5.3171203
4.7760058
4.3177493
3.9275557
3.5935786
3.3062855
3.0579681
2.8423616
2.6543496
2.4897319
2.3450423
2.2174051
2.1044221
2.0040851
1.9147101
1.8348883
1.7634469
1.7008417
1.6506767
1.6106749
1.5789164
1.5538349
1.5341559
1.5188454
1.5070668
1.4981457
1.4915403
1.4868171
1.4836314
1.4817104
1.4808399
1.4808541
1.4816264
1.4830776
1.4851684
1.4878856
1.4912236
1.4951792
1.4997542
1.5049614
1.510827
1.5173912
1.5247079
1.5328447
1.5418835
1.5519209
1.5630704
1.5754642
1.5892559
1.6046244
1.6217787
1.640963
1.662465
1.6866248
1.7138477
1.7446194
1.7795273
1.8192879
1.8647842
1.9171161
1.9776709
2.0482227
2.1310758
2.2292755
2.3469283
2.4896994
2.6656142
2.886401
3.1698423
3.5441213
4.0564007
4134986.1
674394.13
210400.59
90878.78
47073.01
27200.297
16801.79
10780.673
7046.1046
4645.3622
3095.8031
2112.0858
1498.6896
1117.3963
875.89333
712.43456
596.69482
515.19744
456.81115
412.80299
377.10335
345.9875
317.46559
290.61966
265.07919
240.70499
217.44387
195.27612
174.19817
154.21493
135.41241
117.84184
101.5148
86.433455
72.59158
59.973685
48.465706
39.033746
31.668436
25.913909
21.385966
17.796668
14.934699
12.638705
10.785302
9.2801317
8.0503327
7.0393754
6.2032612
5.5075676
4.9252532
4.4349867
4.0198598
3.6664123
3.3638757
3.1035936
2.8785734
2.6831381
2.5126552
2.3633244
2.2320105
2.1161137
2.0134675
1.9222621
1.8409865
1.7683817
1.7043825
1.6531675
1.6124063
1.5801014
1.5546296
1.5346738
1.5191684
1.5072539
1.4982391
1.4915699
1.4868041
1.4835907
1.4816526
1.4807723
1.4807815
1.4815518
1.483003
1.4850955
1.4878153
1.4911567
1.4951161
1.4996954
1.5049072
1.5107778
1.5173474
1.5246699
1.532813
1.5418583
1.5519028
1.5630598
1.5754614
1.5892616
1.6046391
1.6218028
1.6409972
1.66251
1.6866813
1.7139163
1.744701
1.7796226
1.8193978
1.8649095
1.9172577
1.9778297
2.0483996
2.1312715
2.2294906
2.3471628
2.4899524
2.6658829
2.8866797
3.1701189
3.5443723
4.0565779
4793861.8
781971.76
244159.28
105735.77
55108.552
32218.764
20275.957
13345.824
8987.924
6098.3491
4141.1892
2826.0429
1963.3818
1409.9863
1057.444
830.34088
678.21209
569.96023
490.67349
432.42424
388.39362
353.23195
323.27187
296.32476
271.26314
247.58314
225.08048
203.6703
183.31025
163.97461
145.64837
128.31894
111.97684
96.616819
82.238146
68.844635
56.545787
45.398868
36.269111
29.333688
23.99956
19.794871
16.467206
13.818978
11.696119
9.9842091
8.5956538
7.4625331
6.532316
5.7640425
5.1256422
4.5919575
4.1431388
3.7634774
3.440489
3.1642047
2.9266284
2.7213135
2.5430369
2.3875447
2.251352
2.1315892
2.0258813
1.9322564
1.8490744
1.7749726
1.7092041
1.6565876
1.6148092
1.5817689
1.5557682
1.5354342
1.5196601
1.5075557
1.4984077
1.4916458
1.4868162
1.4835594
1.4815924
1.4806936
1.4806915
1.4814551
1.4829023
1.4849933
1.487713
1.4910554
1.4950166
1.4995982
1.5048127
1.5106865
1.5172595
1.5245858
1.5327331
1.5417829
1.5518322
1.5629944
1.5754016
1.5892076
1.6045913
1.6217616
1.640963
1.6624832
1.6866625
1.7139059
1.7446994
1.7796303
1.8194154
1.8649374
1.9172964
1.9778797
2.0484613
2.1313453
2.2295766
2.3472609
2.490062
2.6660029
2.8868069
3.1702476
3.5444906
4.056662
5559153.7
906931.15
283304.31
122857.07
64265.859
37871.902
24180.464
16277.028
11295.727
7928.5085
5556.2974
3869.1918
2689.959
1891.3045
1365.5554
1023.9012
800.50693
651.58838
547.92343
471.35648
413.15452
368.50584
333.11509
303.59353
277.63908
253.90167
231.69686
210.71709
190.8288
171.96711
154.09385
137.18355
121.21846
106.18621
92.077769
78.885013
66.598982
55.199408
44.667989
35.20663
28.009736
22.623357
18.537521
15.395639
12.9071
10.91594
9.315183
8.0193619
6.9639942
6.0993866
5.3866875
4.7956692
4.3025322
3.8885333
3.5388762
3.241817
2.9880068
2.7699657
2.581681
2.4182946
2.2758584
2.1511468
2.0415118
1.9447708
1.859121
1.783072
1.7153932
1.6609959
1.6179225
1.5839443
1.5572673
1.536448
1.5203272
1.5079764
1.4986542
1.4917698
1.4868545
1.4835381
1.4815299
1.4806033
1.4805827
1.4813348
1.4827739
1.48486
1.4875769
1.4909179
1.4948785
1.49946
1.5046749
1.5105494
1.5171235
1.524451
1.5325997
1.5416513
1.5517025
1.5628669
1.5752765
1.5890849
1.604471
1.6216439
1.6408482
1.6623715
1.6865541
1.7138011
1.7445985
1.7795336
1.8193231
1.8648498
1.9172138
1.9778022
2.0483892
2.1312787
2.2295158
2.3472062
2.4900135
2.6659608
2.8867716
3.1702195
3.5444704
4.0566512
6414168
1046496.5
326939.27
141817.07
74265.687
43916.358
28269.415
19325.198
13743.025
9976.2434
7271.2689
5258.417
3754.8403
2656.897
1883.6389
1358.4072
1012.5717
784.89709
632.52192
527.96445
453.29282
396.58606
351.81562
316.03406
286.51297
261.0729
238.24211
217.16756
197.41874
178.79691
161.208
144.59921
128.93406
114.18384
100.3241
87.332907
75.190239
63.878206
53.383107
43.69432
34.782292
27.543939
22.019289
17.79434
14.590645
12.144103
10.249927
8.7391878
7.5194874
6.5296732
5.7204928
5.0551653
4.5047449
4.04651
3.6626484
3.3390721
3.0646449
2.8305224
2.6296495
2.4563739
2.3061406
2.1752596
2.0607264
1.9600835
1.871315
1.7927635
1.7230622
1.6664701
1.6217982
1.5866622
1.5591498
1.5377302
1.5211796
1.5085222
1.4989822
1.4919439
1.48692
1.4835274
1.4814657
1.4805015
1.4804549
1.4811895
1.482616
1.4846934
1.4874042
1.4907411
1.4946985
1.4992771
1.5044895
1.5103616
1.5169332
1.5242583
1.5324044
1.5414533
1.5515017
1.5626632
1.57507
1.588876
1.6042603
1.6214315
1.6406339
1.6621552
1.6863356
1.7135803
1.7443753
1.7793079
1.8190949
1.8646191
1.9169806
1.9775668
2.0481518
2.1310398
2.2292762
2.346967
2.4897767
2.6657293
2.8865503
3.1700162
3.5442999
4.0565395
7336942
1197146
373993.48
162178.34
84889.461
50208.103
32405.432
22324.68
16123.299
11996.947
9042.2421
6801.4111
5051.2361
3687.522
2654.1321
1902.6796
1378.3322
1022.9152
784.65135
623.86867
513.63316
436.32766
380.17483
336.6079
300.95136
271.39679
246.21109
223.98122
203.76233
185.0124
167.45558
150.95706
135.44415
120.86887
107.19347
94.384823
82.412439
71.248808
60.869856
51.253766
42.379903
34.240261
27.042921
21.534924
17.337416
14.11164
11.616206
9.7037619
8.229311
7.0758063
6.1420023
5.3813347
4.7580149
4.2435723
3.8163758
3.4593286
3.1590005
2.9047836
2.6882643
2.5027608
2.3429344
2.204497
2.0839879
1.9786013
1.8860542
1.8044832
1.7323617
1.6731117
1.6265048
1.5899685
1.5614465
1.5393014
1.522231
1.5092023
1.4993979
1.492172
1.4870154
1.4835287
1.4814004
1.4803888
1.4803082
1.4810177
1.482426
1.48449
1.487191
1.4905207
1.4944732
1.499049
1.504259
1.5101288
1.5166983
1.5240211
1.5321649
1.5412112
1.551257
1.5624156
1.5748192
1.5886215
1.6040016
1.6211681
1.6403654
1.6618812
1.6860557
1.7132941
1.7440823
1.7790076
1.8187868
1.8643029
1.9166558
1.977233
2.0478088
2.1306877
2.2289153
2.3465984
2.4894025
2.6653538
2.8861811
3.1696673
3.5439978
4.0563356
8302834.5
1354903.5
423241.77
183444.91
95913.335
56639.904
36521.959
25205.087
18335.739
13851.963
10698.112
8316.794
6421.5658
4877.9759
3630.3305
2653.1531
1921.0172
1396.4794
1033.4589
786.79016
619.44208
504.5039
423.72744
365.14432
321.35503
286.73016
257.57245
232.62436
210.81971
191.25594
173.32495
156.67751
141.13036
126.58436
112.97776
100.26453
88.405128
77.363352
67.104664
57.595478
48.804366
40.704188
33.271147
26.424997
20.986275
16.838549
13.665228
11.218949
9.3186709
7.8330835
6.6857537
5.7884493
5.0726321
4.4870766
4.0054957
3.6066701
3.274114
2.9949949
2.7591753
2.5586688
2.3871388
2.2395321
2.1118083
2.0007208
1.9036518
1.8184816
1.7434856
1.6810528
1.6321325
1.5939253
1.5642007
1.5411933
1.523506
1.5100353
1.4999149
1.4924638
1.4871477
1.4835465
1.4813361
1.4802659
1.480144
1.4808246
1.4822127
1.4842624
1.4869537
1.4902766
1.4942239
1.498795
1.5040008
1.5098668
1.5164324
1.5237513
1.5318909
1.5409328
1.5509738
1.5621271
1.5745249
1.588321
1.6036941
1.620853
1.640042
1.6615489
1.6857138
1.7129417
1.7437186
1.7786318
1.8183979
1.8638999
1.9162379
1.9767993
2.0473586
2.1302204
2.2284311
2.3460983
2.4888892
2.6648326
2.8856626
3.169172
3.543564
4.0560394
9285863.7
1515429.2
473325.26
205056.33
107081.63
63097.14
40572.705
27943.195
20345.703
15467.933
12109.661
9619.2448
7647.3627
6019.3327
4656.5912
3527.5982
2618.6527
1916.9389
1400.4245
1035.554
784.23814
612.43158
494.072
410.97892
351.10547
306.51721
272.24756
244.30383
219.97973
198.54739
179.48958
162.22226
146.35478
131.65425
117.98145
105.25535
93.419351
82.427129
72.235851
62.802791
54.085262
46.041854
38.633632
31.825991
25.63015
20.332866
16.272532
13.170152
10.783662
8.937781
7.5010748
6.3736271
5.4864882
4.7907773
4.2370992
3.7861342
3.4135747
3.1038012
2.8443671
2.6255845
2.439868
2.2812039
2.1448234
2.0269295
1.9244875
1.8350607
1.7566807
1.6904753
1.6388204
1.5986416
1.5674966
1.5434718
1.525063
1.5110715
1.5005715
1.492845
1.4873298
1.4835897
1.481283
1.4801459
1.4799769
1.4806235
1.4819875
1.4840182
1.4866959
1.4900093
1.493949
1.4985137
1.5037138
1.5095743
1.5161345
1.5234479
1.5315816
1.5406172
1.5506513
1.5617972
1.574187
1.5879742
1.6033376
1.620486
1.6396637
1.6611582
1.6853096
1.712523
1.743284
1.7781801
1.8179278
1.86341
1.9157266
1.9762654
2.0468008
2.1296379
2.2278236
2.3454667
2.4882364
2.6641656
2.8849951
3.16853
3.5429982
4.0556508
10260301
1674364.2
522763.83
226372.68
118086.64
69431.764
44496.446
30522.863
22150.84
16828.795
13224.893
10607.164
8573.5391
6910.935
5511.4845
4324.2363
3327.4617
2511.2802
1866.1841
1376.9846
1021.4262
771.7251
599.28922
480.02013
396.27315
336.08439
291.52452
257.3037
230.09532
207.24697
186.92264
168.50963
151.68705
136.45324
122.48973
109.60999
97.700052
86.678907
76.489649
67.081859
58.407231
50.41982
43.078291
36.349717
30.214417
24.644162
19.556075
15.633301
12.633809
10.328882
8.5479646
7.1643223
6.0825788
5.2303588
4.5531066
4.0149288
3.5843219
3.2350253
2.9466374
2.7055525
2.5026384
2.3306716
2.1839491
2.0579702
1.949175
1.854733
1.7723826
1.7017424
1.6468974
1.6044178
1.5715765
1.5462977
1.5269573
1.512303
1.5013416
1.493294
1.4875559
1.4836595
1.481243
1.4800287
1.4798053
1.4804128
1.4817476
1.4837568
1.4864164
1.4897176
1.4936479
1.4982045
1.5033974
1.509251
1.5158043
1.5231104
1.5312366
1.5402641
1.5502894
1.5614258
1.5738052
1.5875811
1.6029323
1.6200673
1.6392305
1.6607091
1.6848433
1.712038
1.7427788
1.7776529
1.8173767
1.8628332
1.9151222
1.9756314
2.0461356
2.1289401
2.2270927
2.3447036
2.4874447
2.6633531
2.8841784
3.1677412
3.5423005
4.0551697
11201101
1827548
570084.61
246707.17
128574.02
75457.927
48203.655
32915.705
23762.69
17971.391
14094.029
11331.037
9235.0146
7557.5103
6161.4895
4972.6235
3952.7112
3084.4589
2361.1571
1778.3161
1327.2093
991.87297
751.26642
581.47531
462.53539
379.22474
319.63858
275.72561
242.23783
215.67416
193.85673
174.91538
157.57141
141.66764
127.09979
113.67303
101.4863
90.323767
80.065967
70.630416
61.955767
53.991671
46.693409
40.020269
33.930329
28.368167
23.272972
18.643663
14.913222
12.047924
9.8453973
8.1438435
6.8231089
5.7921659
4.98202
4.3405081
3.8279334
3.414549
3.0796592
2.806173
2.5800836
2.3911233
2.2316584
2.09593
1.9795352
1.8790678
1.7918612
1.7158201
1.656728
1.6111901
1.5762128
1.5494459
1.5290747
1.513697
1.5022258
1.4938198
1.4878301
1.4837568
1.4812161
1.4799143
1.479629
1.480192
1.4814936
1.4834761
1.4861154
1.4894015
1.4933203
1.4978673
1.5030515
1.5088967
1.5154416
1.522739
1.5308559
1.5398735
1.5498882
1.561013
1.5733798
1.587142
1.6024783
1.6195971
1.6387425
1.6602019
1.6843151
1.711487
1.742203
1.7770502
1.8167448
1.8621697
1.9144248
1.9748977
2.0453633
2.1281275
2.2262389
2.3438094
2.4865139
2.6623951
2.8832126
3.166806
3.5414705
4.0545958
12086142
1971372.6
614133.81
265521.31
138251.58
81009.688
51606.786
35089.721
25192.561
18940.779
14783.747
11863.685
9694.9228
8000.5784
6620.5623
5460.2047
4463.1274
3597.2123
2846.7253
2209.8534
1685.9358
1269.5416
955.1985
728.11735
562.85707
443.38019
360.66477
302.09103
259.28072
226.84496
201.30702
180.33164
162.53534
146.59548
131.68014
117.87816
105.27008
93.69325
83.170063
73.615956
64.891185
56.913567
49.625759
42.979797
36.923747
31.396737
26.346089
21.754546
17.614319
14.113965
11.410281
9.3287679
7.7191241
6.4695838
5.4949098
4.7299746
4.125243
3.6432332
3.25564
2.9409919
2.6830991
2.4697539
2.2916794
2.1417785
2.0145876
1.9058765
1.812347
1.73141
1.6675951
1.6187484
1.5814305
1.5530135
1.5314814
1.5152865
1.5032402
1.49443
1.4881566
1.4838841
1.4812034
1.4798032
1.4794483
1.4799614
1.4812261
1.4831796
1.4857952
1.4890616
1.4929664
1.4975022
1.5026762
1.5085115
1.5150465
1.5223337
1.5304397
1.5394457
1.5494478
1.560559
1.572911
1.5866571
1.6019759
1.6190755
1.6382001
1.6596368
1.6837253
1.7108703
1.741557
1.7763723
1.8160325
1.86142
1.9136347
1.9740644
2.0444842
2.1272002
2.2252624
2.3427843
2.4854444
2.6612919
2.8820979
3.1657241
3.5405088
4.0539296
12898924
2103204
654203.68
282534.63
146964.53
85996.407
54657.021
37029.245
26452.541
19770.691
15341.853
12257.992
10002.546
8277.7391
6907.1424
5780.898
4827.47
3999.9782
3269.3714
2626.2631
2071.6633
1603.2078
1225.5036
932.3836
709.14379
541.63295
422.14988
340.6066
283.56431
242.27872
211.23361
186.91722
167.08596
150.23359
135.39944
121.72082
108.85233
96.978318
86.16651
76.304081
67.375832
59.320409
52.008828
45.36379
39.324373
33.828481
28.825418
24.287762
20.187759
16.491601
13.245401
10.72335
8.776325
7.267678
6.0954043
5.1809972
4.4639608
3.8979462
3.4476317
3.0862177
2.7934409
2.5539871
2.3562682
2.1914936
2.0529666
1.9355595
1.8353189
1.7491737
1.6799957
1.6273558
1.5873661
1.5570698
1.5342175
1.5170957
1.504399
1.4951331
1.4885404
1.4840442
1.4812066
1.4796962
1.4792636
1.4797212
1.480945
1.4828662
1.4854554
1.4886999
1.4925868
1.4971091
1.5022715
1.5080956
1.5146192
1.5218946
1.5299882
1.5389808
1.5489685
1.5600641
1.5723991
1.5861267
1.6014253
1.618503
1.6376036
1.6590142
1.6830742
1.7101882
1.7408411
1.7756197
1.8152399
1.8605843
1.9127524
1.9731321
2.0434985
2.1261587
2.2241634
2.3416286
2.4842365
2.6600436
2.8808344
3.1644957
3.5394146
4.0531702
13624313
2221006
689861.9
297595.51
154650.43
90383.8
57337.187
38730.436
27550.768
20480.646
15797.97
12551.659
10200.606
8432.0019
7057.8533
5957.3621
5048.06
4272.4602
3591.4092
2983.7076
2440.4404
1955.5023
1533.2861
1181.2342
904.542
686.31997
517.15889
398.78765
319.13672
264.20478
224.87136
195.51252
172.63183
154.00896
138.22618
124.40494
111.81454
99.962083
88.921736
78.82536
69.688919
61.381969
53.964327
47.285393
41.243345
35.765305
30.798629
26.308698
22.258187
18.602175
15.302237
12.324212
9.9981579
8.1962457
6.7973973
5.7095101
4.8609989
4.1961301
3.6718754
3.2553141
2.9214289
2.6512844
2.4305774
2.2485036
2.0968838
1.9695051
1.8616203
1.7695775
1.6941994
1.6371825
1.5941241
1.5616784
1.537322
1.5191486
1.5057171
1.4959379
1.4889867
1.4842402
1.4812277
1.4795947
1.4790757
1.4794717
1.4806501
1.4825359
1.4850957
1.4883159
1.492183
1.4966886
1.5018377
1.5076491
1.5141599
1.521422
1.5295015
1.5384791
1.5484505
1.5595285
1.5718443
1.585551
1.6008268
1.6178797
1.6369533
1.6583343
1.6823622
1.709441
1.7400557
1.7747926
1.8143677
1.859663
1.9117782
1.972101
2.0424068
2.1250033
2.2229424
2.3403424
2.4828903
2.6586504
2.8794221
3.1631206
3.5381882
4.0523179
14253184
2323438.7
720802.88
310626.8
161278.81
94160.691
59641.734
40190.971
28489.442
21079.543
16169.547
12771.783
10325.648
8506.5924
7117.7614
6030.0635
5153.2345
4422.8679
3793.4487
3234.7101
2728.8482
2265.0133
1839.8591
1458.6794
1130.9178
863.93745
657.54369
494.81337
375.7843
297.6314
244.81006
207.53762
179.98224
158.62004
141.27807
126.59919
113.70928
102.13484
91.340992
81.125303
71.759709
63.286477
55.672005
48.858315
42.776809
37.29861
32.353777
27.899537
23.892279
20.280436
17.014038
14.049661
11.373114
9.2527799
7.6040598
6.3218677
5.3236249
4.5446424
3.9341878
3.4529088
3.070606
2.7642866
2.5165331
2.3141873
2.1473131
2.0083985
1.8917439
1.7930032
1.7104781
1.6483961
1.6018096
1.5669049
1.5408361
1.5214707
1.50721
1.4968541
1.4895017
1.484476
1.4812689
1.4794998
1.4788853
1.4792132
1.4803417
1.4821884
1.484716
1.4879094
1.4917543
1.496241
1.501375
1.5071723
1.5136689
1.5209162
1.5289801
1.5379409
1.5478942
1.5589525
1.571247
1.5849305
1.6001809
1.6172061
1.6362495
1.6575976
1.6815895
1.7086292
1.7392011
1.7738916
1.8134161
1.8586565
1.9107125
1.9709715
2.0412095
2.1237344
2.2215997
2.3389264
2.4814061
2.6571125
2.8778613
3.161599
3.5368292
4.0513721
14779781
2409419.7
746883.61
321593.13
166845.18
97325.189
61568.559
41409.189
29268.713
21571.22
16466.158
12935.765
10403.153
8534.1309
7124.5816
6038.8329
5180.9531
4482.0387
3892.9456
3378.9522
2916.711
2491.1671
2092.6727
1719.0544
1375.5559
1072.4397
820.52586
624.3336
466.31044
350.05975
275.0721
225.15638
190.32969
164.76552
145.01591
128.99666
115.42644
103.53705
92.86912
82.972722
73.620316
64.985992
57.200964
50.228683
44.022985
38.511415
33.570291
29.137994
25.163889
21.591816
18.366236
15.44057
12.792222
10.419533
8.5078458
7.0159814
5.8532518
4.9464474
4.2378718
3.6820293
3.2434745
2.8949134
2.6155104
2.3894526
2.2047793
2.0524549
1.9256476
1.8191749
1.7291084
1.661175
1.6105361
1.5728209
1.5448044
1.5240902
1.5088954
1.4978926
1.490092
1.4847556
1.4813326
1.4794132
1.4786932
1.4789463
1.48002
1.481824
1.4843164
1.4874805
1.4913011
1.4957677
1.5008838
1.5066655
1.5131465
1.5203775
1.5284242
1.5373665
1.5472999
1.5583366
1.5706076
1.5842654
1.5994879
1.6164826
1.6354927
1.6568045
1.6807567
1.7077531
1.7382779
1.772917
1.8123856
1.8575654
1.9095558
1.9697442
2.0399068
2.1223524
2.2201357
2.3373807
2.4797845
2.6554301
2.8761519
3.1599307
3.5353377
4.0503329
15202564
2479064.2
768055.26
330489.11
171351.71
99881.169
63121.235
42387.102
29890.105
21958.009
16692.926
13052.476
10446.493
8532.8093
7101.341
6011.235
5162.3489
4482.6908
3920.9987
3440.8802
3016.3802
2629.3954
2267.5243
1922.8304
1593.4829
1284.3663
1005.9513
770.37454
584.23018
432.54998
321.92839
251.62296
205.38916
173.38886
149.9916
131.92734
117.25327
104.80292
93.875643
84.03935
74.986527
66.472056
58.5682
51.442602
45.086319
39.484392
34.520462
30.093673
26.14072
22.60048
19.413766
16.53196
13.927193
11.584297
9.4888745
7.7819885
6.4452186
5.4004885
4.5837556
3.9442569
3.4417387
3.0446819
2.7287114
2.4751543
2.2697982
2.1018671
1.963201
1.8476071
1.7503576
1.6757124
1.6204278
1.5795052
1.5492769
1.5270379
1.5107924
1.4990652
1.490765
1.4850835
1.4814217
1.4793365
1.4785006
1.4786716
1.4796855
1.481443
1.4838972
1.4870292
1.4908226
1.4952684
1.5003647
1.5061291
1.512593
1.5198063
1.5278341
1.5367563
1.546668
1.557681
1.5699263
1.5835562
1.5987482
1.6157095
1.6346833
1.6559553
1.6798642
1.7068133
1.7372864
1.7718693
1.8112767
1.85639
1.9083085
1.9684195
2.0384994
2.1208577
2.2185508
2.3357057
2.4780253
2.6536034
2.8742941
3.1581156
3.5337132
4.0491997
15523927
2532203.8
784342.71
337339.66
174820.68
101843.57
64308.551
43130.584
30357.608
22243.248
16853.172
13126.073
10461.423
8510.8175
7059.4692
5962.681
5117.1818
4448.779
3904.8265
3448.1415
3052.0456
2696.7579
2368.5028
2057.6502
1757.1871
1465.4522
1186.9155
931.83148
712.86567
537.91712
395.22974
292.45382
227.87648
185.86454
156.93969
135.80874
119.45571
106.11911
94.754357
84.738946
75.709645
67.463549
59.736419
52.525764
46.026796
40.290247
35.269942
30.828621
26.882858
23.364325
20.210163
17.36947
14.81015
12.509591
10.444504
8.6006882
7.0892747
5.9012306
4.9697156
4.2394078
3.6661458
3.2146841
2.857271
2.5723437
2.3433197
2.157539
2.005382
1.8795545
1.774526
1.6922146
1.6316196
1.5870443
1.5543078
1.5303482
1.5129222
1.5003851
1.4915286
1.4854645
1.4815391
1.4792714
1.4783085
1.47839
1.4793388
1.4810459
1.4834588
1.4865564
1.4903212
1.4947437
1.4998187
1.5055635
1.5120088
1.5192028
1.5272103
1.5361107
1.5459987
1.5569862
1.5692037
1.5828032
1.5979621
1.6148874
1.6338216
1.6550506
1.6789124
1.7058101
1.7362272
1.7707489
1.8100898
1.8551309
1.9069711
1.9669979
2.0369878
2.1192509
2.2168455
2.3339018
2.476129
2.6516326
2.8722877
3.1561538
3.5319556
4.0479725
15747725
2569448.8
795967.87
342249.76
177296.47
103239.23
65148.126
43650.853
30678.556
22431.87
16950.429
13159.333
10450.71
8471.6506
7004.1776
5900.9078
5056.4001
4394.8479
3862.6106
3422.0401
3046.0071
2714.4236
2412.9877
2131.5018
1861.7972
1597.6204
1337.487
1085.5939
852.04063
649.84444
487.5497
355.5931
262.13519
204.26838
166.88801
141.18245
122.34449
107.68002
95.637335
85.309419
76.169858
67.92579
60.437497
53.432393
46.867077
40.98953
35.877042
31.39707
27.442782
23.934322
20.804113
17.998221
15.480582
13.223661
11.199259
9.3849688
7.7683391
6.439071
5.3902438
4.5650094
3.916033
3.4052041
3.0018986
2.6818698
2.4261929
2.2202623
2.0529006
1.9156038
1.8019247
1.7108957
1.644254
1.5955306
1.5599562
1.5340578
1.5153079
1.5018663
1.4923915
1.4859039
1.4816878
1.47922
1.4781183
1.4781023
1.4789805
1.4806331
1.4830019
1.4860626
1.4897969
1.4941939
1.499246
1.5049694
1.5113946
1.5185678
1.5265533
1.53543
1.5452927
1.5562527
1.5684401
1.582007
1.5971302
1.6140165
1.6329083
1.6540908
1.6779018
1.7047441
1.7351007
1.7695565
1.8088256
1.8537886
1.9055443
1.96548
2.0353723
2.1175324
2.2150202
2.3319695
2.4740962
2.649518
2.8701332
3.1540448
3.5300643
4.0466505
15880032
2591665.3
803159.12
345303.19
178838.14
104104.2
65661.481
43961.712
30862.208
22530.208
16988.888
13155.043
10416.343
8417.2719
6938.0723
5829.8396
4985.7659
4328.9504
3805.0084
3375.874
3014.0572
2699.5073
2418.3011
2160.0162
1916.4175
1680.0269
1445.5564
1211.7611
982.83669
768.99453
583.5193
434.70099
314.97602
232.015
181.40026
148.80079
126.31062
109.7073
96.659491
85.843009
76.498487
68.198035
60.714005
53.9084
47.534382
41.617039
36.393746
31.846034
27.864972
24.354176
21.238267
18.459292
15.977046
13.760185
11.777411
10.001458
8.412373
6.9995691
5.8368534
4.9160109
4.1889288
3.6153511
3.1625648
2.8041128
2.5189442
2.2905645
2.1062105
1.9561003
1.8327939
1.7319724
1.6584761
1.6050607
1.5662845
1.5382064
1.5179742
1.5035243
1.4933631
1.4864074
1.4818714
1.4791841
1.4779308
1.4778094
1.4786113
1.4802053
1.4825269
1.4855481
1.4892499
1.4936194
1.4986471
1.5043479
1.5107517
1.5179022
1.5258638
1.5347152
1.5445505
1.5554808
1.5676361
1.5811679
1.5962529
1.6130975
1.6319436
1.6530763
1.676833
1.7036158
1.7339076
1.7682926
1.8074845
1.8523637
1.9040285
1.9638662
2.0336537
2.1157028
2.2130753
2.3299091
2.4719268
2.6472596
2.8678302
3.1517886
3.5280392
4.0452335
15926954
2599888.3
806184.31
346633.88
179510.7
104472.26
65871.841
44078.859
30919.165
22545.254
16973.254
13116.348
10360.482
8349.4528
6863.0728
5751.9913
4908.8317
4256.0283
3738.6743
3318.1479
2966.6415
2664.5513
2398.3699
2157.5485
1934.1171
1721.172
1511.8865
1301.7233
1089.8015
880.64307
684.88647
515.97839
380.95641
274.81503
203.15759
159.8433
131.90586
112.48183
97.976853
86.433774
76.757407
68.331888
60.817085
54.020258
47.847435
42.116975
36.85293
32.217901
28.18708
24.660063
21.548616
18.788293
16.334306
14.151826
12.207378
10.470609
8.9168509
7.5287545
6.2977406
5.2851822
4.4804091
3.8428109
3.3382594
2.9387701
2.621583
2.3685121
2.1652597
2.0007253
1.8663615
1.7556193
1.6744246
1.6157313
1.573357
1.5428356
1.5209473
1.5053755
1.4944535
1.4869813
1.4820935
1.4791657
1.4777471
1.477511
1.4782318
1.4797628
1.482034
1.4850131
1.4886805
1.4930206
1.4980223
1.5036991
1.5100795
1.5172057
1.5251419
1.5339662
1.5437723
1.5546711
1.5667921
1.5802865
1.5953307
1.6121308
1.6309283
1.6520078
1.6757064
1.7024258
1.7326482
1.7669576
1.8060671
1.8508568
1.9024244
1.9621572
2.0318324
2.1137625
2.2110116
2.3277211
2.4696215
2.6448578
2.8653792
3.1493854
3.5258799
4.0437211
15898605
2595564
805482.58
346413.88
179394.85
104394.26
65808.517
44020.928
30861.598
22485.179
16908.839
13046.672
10285.41
8269.8502
6780.6088
5668.954
4827.5812
4178.6888
3667.0475
3253.5511
2910.0822
2617.4213
2362.4468
2135.042
1926.9604
1731.898
1543.8901
1356.6697
1166.3426
972.55755
780.52564
601.62857
449.28222
328.07451
236.19613
176.15732
139.94073
116.38444
99.783583
87.189222
77.011329
68.370395
60.775204
53.990647
47.869323
42.333192
37.220353
32.543422
28.443387
24.8821
21.764487
19.014835
16.58209
14.427806
12.516614
10.816142
9.2986753
7.9424034
6.7327074
5.6630899
4.7844689
4.0838234
3.5269052
3.084813
2.733659
2.4539243
2.2299534
2.0493847
1.9025572
1.7819498
1.6922196
1.6276338
1.5812373
1.5479874
1.5242544
1.507437
1.4956738
1.4876324
1.4823586
1.479168
1.4775689
1.4772083
1.4778423
1.4793063
1.4815235
1.4844568
1.488089
1.4923978
1.497372
1.5030231
1.5093784
1.5164789
1.524388
1.5331835
1.5429587
1.5538239
1.5659085
1.5793632
1.5943641
1.6111169
1.6298627
1.6508858
1.6745227
1.7011746
1.7313233
1.7655523
1.8045741
1.8492684
1.9007326
1.9603536
2.029909
2.1117123
2.2088293
2.3254059
2.4671805
2.6423128
2.8627799
3.1468348
3.5235862
4.0421128
15802984
2580184
801383.31
344778.4
178567.84
103912.4
65498.545
43805.369
30701.328
22357.75
16800.886
12949.483
10193.512
8180.1027
6692.049
5582.0225
4743.467
4098.7188
3592.4317
3185.0876
2848.2672
2563.0627
2316.6733
2099.358
1903.2707
1722.1562
1550.6262
1382.8735
1213.5145
1039.2703
860.54564
683.63624
520.91399
385.29295
277.51568
199.93622
151.41303
121.87438
102.30675
88.228101
77.319675
68.350119
60.653935
53.862267
47.779263
42.306099
37.357786
32.800087
28.660793
25.047708
21.909991
19.16278
16.744818
14.612875
12.729566
11.060967
9.5774262
8.2542107
7.0725152
6.0205141
5.093681
4.3335043
3.7253958
3.2404738
2.8542682
2.5464243
2.3002524
2.1023253
1.9420124
1.8110118
1.7119458
1.6408454
1.5899843
1.553703
1.5279229
1.5097265
1.4970351
1.4883682
1.4826718
1.4791945
1.4773995
1.4769044
1.4774434
1.4788363
1.4809965
1.4838821
1.4874758
1.4917512
1.4966963
1.5023202
1.5086489
1.515722
1.5236025
1.5323675
1.54211
1.5529398
1.5649858
1.5783985
1.5933536
1.6100563
1.6287475
1.6497108
1.6732823
1.6998627
1.7299334
1.7640772
1.8030061
1.8475992
1.8989536
1.9584561
2.0278842
2.1095525
2.2065291
2.3229641
2.4646041
2.6396249
2.8600325
3.1441365
3.5211576
4.0404081
15649807
2555250.6
794398.38
341913.65
177117.84
103076.92
64972.275
43451.654
30450.552
22171.081
16654.708
12828.373
10087.057
8081.886
6598.6442
5492.3097
4657.6036
4017.3942
3516.3964
3114.7598
2783.7894
2504.8366
2265.3783
2056.003
1869.2497
1698.8595
1539.9013
1387.5694
1236.2544
1081.2645
920.00036
753.92019
590.83181
444.1052
325.1463
230.84861
167.14803
129.31123
105.72069
89.63576
77.757946
68.353425
60.487212
53.657803
47.598499
42.170903
37.298212
32.881119
28.826611
25.179429
22.006819
19.251523
16.842015
14.727194
12.866813
11.225453
9.7720732
8.4801345
7.3280273
6.3000217
5.3869791
4.5860624
3.9298409
3.4032662
2.9819934
2.6453104
2.3759125
2.1595833
1.9848765
1.8427472
1.7336325
1.6554192
1.5996471
1.5600199
1.5319788
1.5122615
1.4985487
1.4891959
1.4830379
1.4792486
1.4772414
1.4766006
1.4770357
1.4783532
1.4804532
1.483289
1.4868412
1.4910805
1.4959958
1.5015909
1.5078913
1.5149355
1.5227858
1.5315187
1.5412266
1.5520191
1.5640245
1.577393
1.5922997
1.6089497
1.6275831
1.6484833
1.6719859
1.6984909
1.7284792
1.7625329
1.8013637
1.8458498
1.8970882
1.9564652
2.0257587
2.107284
2.2041116
2.3203961
2.4618929
2.6367941
2.857137
3.1412903
3.5185932
4.038606
15444886
2521968.9
784767.06
337958.27
175117.92
101928.58
64254.686
42975.918
30120.281
21932.672
16475.316
12686.544
9968.3126
7976.7119
6501.5511
5400.7629
4570.8926
3935.656
3440.0082
3043.8631
2718.2679
2444.7883
2211.1446
2008.2015
1828.8148
1667.0889
1517.9013
1377.1642
1240.4275
1102.2993
958.69222
807.84749
652.65164
502.77264
372.10097
268.74504
190.22492
139.81705
110.38198
91.596792
78.43498
68.429379
60.309269
53.401017
47.346321
41.956593
37.130428
32.802472
28.868177
25.273919
22.073574
19.298148
16.889392
14.78682
12.945044
11.326709
9.8995251
8.6357509
7.5120675
6.5100343
5.6169152
4.8259984
4.1357488
3.5701566
3.1148961
2.7494765
2.4563741
2.2209085
2.0310085
1.8769504
1.7572323
1.6713712
1.610258
1.5669684
1.5364454
1.5150581
1.5002255
1.4901223
1.4834608
1.4793326
1.4770955
1.4762971
1.4766207
1.4778569
1.479893
1.4826778
1.4861858
1.4903876
1.4952708
1.5008354
1.5071061
1.51412
1.5219385
1.5306376
1.5403092
1.5510624
1.5630251
1.576347
1.591203
1.6077974
1.6263702
1.6472041
1.670634
1.6970597
1.7269613
1.7609202
1.7996476
1.844021
1.895137
1.9543817
2.023533
2.1049073
2.2015772
2.3177023
2.4590471
2.6338208
2.8540934
3.1382961
3.515893
4.0367064
15195778
2481515.9
772844.5
333046.63
172636.08
100506.24
63370.517
42393.736
29720.683
21648.922
16266.91
12526.895
9839.2056
7865.9127
6401.7474
5308.1755
4484.0287
3854.1758
3363.9923
2973.2462
2652.7433
2384.2248
2155.6332
1958.0621
1784.6235
1629.7101
1488.4901
1357.0074
1231.4861
1107.1839
979.36188
844.58114
702.13456
556.86406
420.51485
306.61674
218.11238
155.48059
117.16678
94.459805
79.490608
68.64694
60.159527
53.117441
47.041593
41.679556
36.896819
32.615825
28.780889
25.28747
22.113953
19.317717
16.900373
14.804559
12.977524
11.378583
9.9740044
8.7350359
7.6373024
6.6606936
5.7898552
5.0148302
4.3309756
3.7376541
3.2506458
2.8574157
2.540738
2.2857658
2.0800296
1.9132432
1.7825994
1.6886663
1.6218246
1.5745676
1.541341
1.5181303
1.5020749
1.4911537
1.4839446
1.4794488
1.4769631
1.4759951
1.4761997
1.47735
1.4793191
1.4820489
1.4855103
1.4896727
1.4945217
1.5000544
1.5062938
1.5132757
1.5210609
1.5297247
1.5393582
1.5500702
1.5619881
1.5752613
1.590064
1.6066002
1.6251093
1.6458736
1.6692274
1.6955698
1.7253803
1.7592397
1.7978584
1.8421135
1.8931007
1.9522062
2.0212078
2.102423
2.1989267
2.3148834
2.4560672
2.6307054
2.8509018
3.1351536
3.5130562
4.0347085
14914840
2435547.1
759122.5
327336.76
169746.5
98852.359
62343.717
41720.482
29261.683
21326.58
16034.013
12352.339
9701.5542
7750.8547
6300.2868
5215.4057
4397.7691
3773.6678
3289.0679
2903.6781
2588.0946
2324.2004
2100.1435
1907.222
1738.7653
1589.4406
1454.7109
1330.5145
1213.599
1100.2836
985.72865
865.77314
737.70184
602.32836
467.06704
345.49016
248.918
174.48731
126.18111
98.333366
81.005262
69.059847
60.073842
52.831828
46.702546
41.354178
36.610897
32.375507
28.587507
25.19894
22.110383
19.319063
16.887077
14.791046
12.974773
11.392074
10.007028
8.7898025
7.7152176
6.7621819
5.9136723
5.1572337
4.4853947
3.8951932
3.3864913
2.9673387
2.6277963
2.3533536
2.1313436
1.951065
1.8094733
1.7072053
1.6343219
1.5828206
1.5466765
1.5214888
1.5041052
1.4922956
1.484493
1.4795996
1.4768461
1.4756961
1.4757737
1.4768329
1.4787314
1.4814029
1.4848151
1.488936
1.4937489
1.4992482
1.5054547
1.5124033
1.5201536
1.5287803
1.5383741
1.549043
1.5609141
1.5741363
1.5888833
1.6053586
1.6238011
1.6444925
1.6677666
1.6940218
1.723737
1.7574921
1.7959969
1.8401279
1.8909802
1.9499395
2.018784
2.0998319
2.1961607
2.3119399
2.4529536
2.6274478
2.847562
3.1318625
3.5100825
4.0326116
14604984
2384909.7
743792.33
320946.98
166508.27
96998.053
61195.181
40968.981
28751.466
20970.884
15779.943
12164.971
9556.8537
7632.4286
6197.7042
5122.8128
4312.353
3694.311
3215.3979
2835.3545
2524.5944
2265.1052
2045.2337
1856.472
1692.3444
1547.7006
1418.24
1300.1675
1190.1962
1085.3259
981.51991
874.26361
760.01004
636.96621
508.10088
383.85009
278.45653
197.63643
139.65603
103.93215
83.218981
69.763371
60.098444
52.571283
46.347547
40.994229
36.283786
32.093722
28.35345
25.017751
22.023259
19.297881
16.859808
14.755967
12.945381
11.375899
10.007755
8.8096526
7.7556072
6.8238661
5.9964367
5.2591872
4.6023232
4.0205313
3.5121095
3.0770084
2.7161445
2.4226415
2.1841591
1.9896875
1.8374726
1.7268149
1.6476833
1.5917093
1.5524522
1.5251391
1.5063223
1.4935529
1.4851092
1.4797873
1.4767462
1.4754011
1.4753436
1.4763062
1.4781301
1.4807401
1.4841004
1.488178
1.4929524
1.4984179
1.5045894
1.5115031
1.5192171
1.5278052
1.5373575
1.5479814
1.5598037
1.5729726
1.5876614
1.6040732
1.6224462
1.6430615
1.6662524
1.6924165
1.722032
1.7556782
1.7940639
1.838065
1.8887761
1.9475824
2.0162622
2.0971347
2.1932798
2.3088724
2.4497068
2.6240484
2.8440741
3.1284223
3.5069708
4.030415
14272231
2330625.3
727255.42
314008.08
162979.64
94977.256
59942.252
40150.377
28197.391
20586.527
15507.646
11966.645
9406.2748
7511.4363
6094.6136
5030.8663
4228.1674
3616.4464
3143.3012
2768.6057
2462.6114
2207.3704
1991.4254
1806.4486
1646.1342
1505.5068
1380.4615
1267.4364
1163.1612
1064.9819
969.66601
872.90965
770.86155
660.45369
541.42683
419.96819
309.33616
221.71274
155.05008
111.48562
86.26858
70.832014
60.275724
52.362029
45.994361
40.612667
35.92529
31.777697
28.084357
24.79333
21.864389
19.214953
16.817017
14.707901
12.896928
11.337087
9.9834496
8.8022415
7.7664878
6.8538379
6.0457122
5.3269782
4.6861795
4.1159162
3.6126369
3.1753945
2.8037602
2.4923039
2.237464
2.0282749
1.8661012
1.7472426
1.6617949
1.6011895
1.5586552
1.5290806
1.5087291
1.4949288
1.4857962
1.4800142
1.4766648
1.4751112
1.47491
1.4757705
1.4775157
1.4800608
1.4833655
1.4873991
1.4921337
1.4975631
1.5036985
1.5105758
1.518252
1.5267998
1.5363088
1.546886
1.5586574
1.5717708
1.5863991
1.6027447
1.6210452
1.6415813
1.6646854
1.6907546
1.7202661
1.7537986
1.7920601
1.8359257
1.8864892
1.9451356
2.0136431
2.094332
2.1902847
2.3056814
2.446327
2.6205075
2.8404383
3.1248329
3.5037207
4.0281176
13921906
2273510.3
709702.86
306598.81
159206.32
92814.059
58601.555
39275.07
27605.687
20177.349
15219.473
11759.025
9250.84
7388.6005
5991.5383
4939.978
4145.5517
3540.3469
3073.0095
2703.6415
2402.3549
2151.2338
1939.0177
1757.5528
1600.6894
1463.6015
1342.3422
1233.5374
1134.1449
1041.3938
952.63418
864.4073
772.75737
674.00592
565.9584
451.22449
339.52865
244.87904
173.26179
122.01708
90.50899
72.393763
60.661628
52.233584
45.661221
40.222093
35.544714
31.434586
27.786634
24.539382
21.649785
19.07615
16.743216
14.650215
12.836202
11.281582
9.9399282
8.7736486
7.7542765
6.8587865
6.0681407
5.3666327
4.741755
4.1844898
3.6894416
3.2541402
2.8771994
2.555233
2.2863912
2.0658627
1.8947679
1.7681594
1.6764917
1.6111871
1.5652565
1.5333042
1.5113244
1.4964248
1.4865558
1.4802819
1.4766032
1.4748273
1.4744736
1.4752261
1.4768886
1.4793657
1.4826133
1.4866001
1.491293
1.4966844
1.5027823
1.5096218
1.5172586
1.5257646
1.5352287
1.5457573
1.5574758
1.5705316
1.5850969
1.6013736
1.6195989
1.6400525
1.6630664
1.6890367
1.71844
1.7518541
1.7899862
1.8337106
1.8841203
1.9425999
2.0109276
2.0914247
2.187176
2.3023675
2.4428149
2.6168253
2.8366544
3.1210939
3.5003316
4.0257189
13559394
2214353.6
691426.98
298849.58
155247.07
90539.686
57190.029
38352.333
26981.775
19746.347
14917.16
11542.84
9091.0048
7264.1723
5888.6651
4850.3327
4064.7366
3466.4057
3005.2108
2641.6666
2345.4946
2098.1745
1888.7377
1709.867
1555.9286
1422.0253
1304.1185
1198.9646
1103.6912
1015.6066
932.37739
851.06843
768.10307
679.40823
581.94987
476.14856
367.47526
268.84785
191.75302
133.66349
96.0949
74.522597
61.296548
52.21073
45.364713
39.834317
35.150869
31.071317
27.466477
24.263381
21.414877
18.884443
16.623662
14.581388
12.768928
11.214766
9.8819699
8.7287257
7.7240789
6.8441028
6.0692883
5.383549
4.7737655
4.2298035
3.7446912
3.3143151
2.936242
2.6082585
2.3303094
2.1014659
1.922821
1.7891717
1.6915594
1.6215958
1.5722083
1.537791
1.5141023
1.49804
1.4873889
1.4805915
1.4765622
1.4745499
1.4740348
1.4746734
1.4762489
1.4786553
1.4818438
1.4857812
1.4904308
1.4957825
1.5018414
1.5086417
1.5162376
1.5247002
1.5341177
1.5445958
1.5562595
1.5692555
1.5837554
1.5999607
1.6181078
1.6384758
1.6613959
1.6872636
1.7165545
1.7498456
1.7878432
1.8314206
1.8816702
1.9399761
2.0081165
2.0884134
2.1839545
2.2989313
2.4391709
2.613002
2.8327222
3.117205
3.4968027
4.0232182
13189876
2153982.1
672684.35
290863.03
151151.77
88180.698
55723.174
37391.833
26331.046
19296.309
14601.802
11318.462
8926.7466
7138.0517
5785.9065
4761.8965
3985.8
3394.7606
2940.0441
2582.732
2291.7029
2048.0969
1841.516
1664.8302
1512.8314
1381.3108
1266.2683
1164.2537
1072.5206
988.55914
910.01701
834.31315
758.56696
678.70903
590.78061
494.04913
391.30658
291.92574
209.14448
147.25527
103.86274
77.485268
62.272818
52.331873
45.124575
39.461555
34.752317
30.694416
27.129243
23.969735
21.162938
18.671448
16.464362
14.476763
12.69433
11.141452
9.8137685
8.6714073
7.6799713
6.8140891
6.0536843
5.3823297
4.7865375
4.2554722
3.7809721
3.3574687
2.98151
2.6514438
2.3685301
2.1341851
1.9495922
1.8098406
1.7067395
1.6322776
1.579443
1.5425108
1.5170506
1.4997704
1.4882946
1.4809432
1.4765423
1.4742795
1.4735939
1.4741124
1.475596
1.4779288
1.4810574
1.4849429
1.4895475
1.4948578
1.5008764
1.507636
1.5151895
1.5236072
1.5329765
1.5434023
1.5550091
1.5679431
1.5823754
1.5985067
1.6165727
1.636852
1.6596749
1.6854361
1.7146104
1.7477738
1.7856317
1.8290565
1.8791399
1.9372651
2.0052105
2.085299
2.1806209
2.2953734
2.4353954
2.6090379
2.8286419
3.1131655
3.493133
4.0206139
12814346
2092753
653648.65
282711.35
146959.67
85760.385
54214.884
36402.059
25658.895
18830.529
14275.227
11086.781
8758.369
7010.2902
5683.2419
4674.6875
3908.752
3325.4305
2877.5191
2526.1152
2239.8615
2000.0818
1796.6417
1622.4621
1472.3896
1342.5344
1229.5581
1130.1349
1041.3523
960.83957
886.38263
815.4556
745.56838
673.10307
593.54355
505.59972
410.29948
313.2176
227.0171
161.25869
112.09787
81.068723
63.553919
52.600435
44.950903
39.113144
34.356548
30.309798
26.779738
23.662367
20.89712
18.443606
16.270021
14.342624
12.607205
11.064369
9.7391046
8.605
7.6252376
6.7721842
6.0249622
5.3667692
4.7838385
4.2649089
3.8010144
3.3854716
3.0139612
2.6849863
2.4005313
2.1632641
1.9744456
1.829709
1.7217416
1.6430657
1.5868732
1.5474212
1.5201505
1.5016085
1.4892705
1.4813366
1.4765438
1.4740164
1.4731511
1.4735443
1.4749325
1.477189
1.4802542
1.4840847
1.4886437
1.493911
1.4998878
1.5066053
1.514115
1.5224862
1.5318055
1.5421773
1.5537253
1.5665952
1.5809575
1.5970121
1.6149943
1.6351817
1.657904
1.683555
1.7126085
1.7456396
1.7833527
1.8266193
1.87653
1.9344677
2.0022106
2.0820824
2.1771759
2.2916945
2.4314888
2.6049332
2.8244133
3.1089752
3.4893219
4.0179055
12438117
2031330.3
634508.13
274491.2
142717.92
83305.021
52681.706
35393.463
24972.096
18353.125
13939.86
10849.104
8586.6279
6881.2722
5580.8348
4588.6857
3833.441
3258.0503
2816.971
2471.2772
2189.6439
1953.7226
1753.5656
1582.1317
1434.2568
1306.0946
1194.6618
1097.1734
1010.8132
933.13511
862.07131
795.3021
730.35081
663.91921
591.83239
511.86062
424.05074
331.51074
244.19152
173.90872
121.5784
86.271676
65.38191
53.081568
44.865943
38.8
33.970718
29.922862
26.422299
23.34491
20.620794
18.205823
16.067685
14.179733
12.492791
10.982507
9.6612837
8.532456
7.5625698
6.7211526
5.9860328
5.3399378
4.7688287
4.2611623
3.8074768
3.400347
3.0348154
2.7093148
2.4260438
2.1881374
1.9968234
1.8483317
1.7362585
1.6537711
1.5943928
1.5524674
1.5233758
1.5035425
1.4903118
1.48177
1.4765663
1.4737609
1.4727074
1.4729694
1.4742586
1.476436
1.4794349
1.4832087
1.4877195
1.4929423
1.498876
1.5055499
1.5130144
1.5213376
1.5306054
1.5409213
1.5524087
1.5652124
1.5795023
1.5954778
1.6133733
1.6334657
1.656084
1.681621
1.7105495
1.7434438
1.781007
1.8241097
1.8738416
1.9315849
1.9991176
2.0787642
2.1736203
2.2878952
2.4274519
2.6006883
2.8200364
3.1046335
3.4853684
4.0150918
12063498
1970113.6
615408.28
266264.5
138462.04
80837.825
51137.898
34375.627
24276.942
17868.226
13598.222
10606.827
8412.1813
6751.31
5478.8105
4503.9089
3759.7116
3192.3062
2757.9212
2417.8353
2140.8289
1908.789
1711.9738
1543.4101
1397.935
1271.6792
1161.7255
1065.7417
981.29677
905.95392
837.67406
774.5053
713.83746
652.33166
586.54039
513.63981
433.06769
346.31312
260.08462
186.49273
131.64614
92.068357
67.620866
53.768666
44.879101
38.530612
33.60118
29.538442
26.060755
23.020491
20.336532
17.959879
15.856422
13.998632
12.357714
10.886138
9.5810226
8.4564316
7.4942788
6.6632424
5.9392372
5.3043047
4.744098
4.2468459
3.8027979
3.4041143
3.0454542
2.7250891
2.4450706
2.2084555
2.0162825
1.8653053
1.749985
1.6641911
1.6018807
1.5575831
1.5266925
1.5055562
1.4914111
1.4822403
1.4766088
1.4735135
1.4722637
1.4723875
1.4735745
1.4756699
1.4785997
1.482315
1.4867747
1.4919518
1.4978412
1.5044704
1.5118883
1.5201621
1.5293767
1.5396351
1.5510599
1.5637953
1.5780106
1.5939044
1.6117104
1.6317049
1.6542158
1.6796349
1.7084344
1.7411872
1.7785955
1.8215286
1.8710755
1.9286175
1.9959323
2.0753454
2.1699549
2.2839763
2.4232849
2.5963034
2.8155114
3.1001403
3.4812719
4.0121718
11691891
1909438.9
596463.88
258086.45
134225.63
78378.313
49596.48
33357.39
23579.563
17379.892
13252.707
10361.259
8235.7466
6620.7834
5377.3806
4420.4139
3687.589
3128.1726
2700.2889
2365.6792
2093.2904
1865.1334
1671.6769
1506.0394
1363.0864
1238.928
1130.619
1035.925
952.98578
879.6012
813.62656
753.39271
696.55871
639.38494
578.64343
511.88356
438.03499
357.51233
274.1864
198.98728
141.27259
98.005097
70.339713
54.659965
44.990732
38.308803
33.252414
29.16054
25.698437
22.691866
20.046661
17.707883
15.639058
13.811963
12.201313
10.772964
9.4980781
8.3791138
7.4224195
6.600309
5.8864704
5.2618591
4.7117457
4.2241399
3.7891214
3.3986786
3.0473163
2.7331472
2.4578609
2.224086
2.0325178
1.8802935
1.7626362
1.6741208
1.609206
1.5626919
1.5300594
1.5076287
1.4925582
1.4827427
1.4766693
1.4732735
1.4718194
1.4717987
1.47288
1.4748904
1.4777478
1.4814042
1.4858113
1.490941
1.4967845
1.5033676
1.5107375
1.5189603
1.5281201
1.5383193
1.5496796
1.5623447
1.576483
1.5922926
1.6100064
1.6298999
1.6523
1.6775977
1.706264
1.7388707
1.776119
1.8188771
1.8682327
1.9255664
1.9926557
2.0718268
2.1661804
2.2799383
2.4189884
2.5917787
2.8108376
3.0954945
3.4770309
4.0091442
11325636
1849614.6
577777.13
250014.17
130037.37
75943.028
48068.762
32346.43
22885.222
16891.592
12905.477
10113.557
8057.8203
6489.8858
5276.6689
4338.4822
3617.5272
3066.3613
2644.4422
2314.7085
2046.8169
1822.5206
1632.4213
1469.7315
1329.3706
1207.4619
1101.0403
1007.8603
926.18098
854.30722
790.325
732.50617
678.83327
625.41885
568.9584
507.61405
439.74188
365.13971
285.92094
210.59475
149.81831
104.66405
74.040786
55.88101
45.232625
38.144501
32.929408
28.792776
25.338281
22.361456
19.753217
17.451608
15.417198
13.62083
12.037796
10.645183
9.401371
8.3003295
7.348859
6.5339659
5.8292822
5.2142126
4.6734703
4.1948334
3.7682707
3.3857537
3.0418076
2.7344321
2.4648584
2.2350941
2.0453704
1.8930458
1.773965
1.6833641
1.6162334
1.5677102
1.5334289
1.5097343
1.4937399
1.4832707
1.4767446
1.4730393
1.4713736
1.4712034
1.4721744
1.4740969
1.476882
1.4804765
1.4848297
1.4899103
1.4957066
1.5022421
1.5095625
1.5177329
1.5268364
1.5369746
1.5482686
1.5608612
1.5749203
1.5906432
1.6082621
1.6280515
1.6503375
1.6755101
1.7040391
1.7364953
1.7735785
1.8161559
1.865314
1.9224326
1.9892887
2.0682093
2.1622978
2.2757819
2.414563
2.5871145
2.8060154
3.0906961
3.4726447
4.006008
10966139
1790871.5
559422.02
242077.88
125917
73546.036
46563.872
31349.261
22198.771
16406.921
12558.926
9865.0419
7879.0128
6358.8584
5176.721
4257.9815
3549.2384
3006.3725
2590.2701
2265.2466
2001.7318
1781.1845
1594.3519
1434.5486
1296.7611
1177.138
1072.6955
981.14532
900.76464
830.18066
767.80291
711.95028
660.80382
610.83249
558.2902
501.42372
438.78698
369.73104
295.20241
221.11206
158.21719
111.51813
77.995906
57.326795
45.595369
38.041035
32.635994
28.438308
24.982869
22.031399
19.457993
17.192596
15.192217
13.426415
11.870315
10.501453
9.294744
8.2202409
7.2750387
6.4656369
5.7689574
5.1626764
4.6306505
4.1603852
3.7417655
3.366831
3.0302348
2.7299176
2.4666393
2.2417082
2.0548213
1.9034065
1.7837755
1.6917445
1.6228311
1.5725507
1.5367483
1.5118435
1.4949406
1.4838164
1.4768313
1.4728096
1.4709261
1.4706017
1.4714595
1.4732921
1.476002
1.4795314
1.4838302
1.4888604
1.494608
1.5010945
1.508364
1.5164805
1.5255261
1.5356016
1.5468273
1.5593455
1.5733232
1.588957
1.6064782
1.6261605
1.6483291
1.6733729
1.7017606
1.7340617
1.770975
1.8133661
1.8623205
1.919217
1.9858323
2.0644938
2.1583077
2.271508
2.4100091
2.5823109
2.8010447
3.0857441
3.4681123
4.0027621
10614427
1733412.4
541457.55
234306.8
121881.55
71197.958
45089.011
30371.319
21524.358
15929.08
12215.325
9617.108
7699.9733
6227.8728
5077.5072
4178.8158
3482.5957
2948.0462
2537.6721
2217.2903
1958.0852
1741.2012
1557.5422
1400.5374
1265.2542
1147.8853
1045.4506
955.62865
876.65641
807.21695
746.14466
691.96346
642.97834
596.05016
546.89105
493.73558
435.66212
371.74065
302.12185
230.36982
166.48343
118.09022
81.834394
58.914619
46.044726
37.989709
32.371856
28.098917
24.634232
21.703528
19.162562
16.932214
14.965348
13.229952
11.70093
10.356619
9.177997
8.1287003
7.2004999
6.3966407
5.7066247
5.1083281
4.5844112
4.1219848
3.7108584
3.3431751
3.0137657
2.7205511
2.4638501
2.2442774
2.0609734
1.9113154
1.7919314
1.6991154
1.6288767
1.5771262
1.5399618
1.5139233
1.4961419
1.4843704
1.4769249
1.4725823
1.470476
1.4699931
1.470735
1.4724756
1.4751081
1.4785713
1.4828134
1.4877917
1.4934892
1.4999253
1.5071426
1.5152037
1.5241898
1.5342009
1.5453567
1.5577983
1.5716924
1.5872346
1.6046555
1.6242279
1.6462758
1.6711871
1.6994294
1.731571
1.7683093
1.8105086
1.8592531
1.9159207
1.9822874
2.0606813
2.1542111
2.2671171
2.4053273
2.5773685
2.7959252
3.0806382
3.4634323
3.9994047
10270663
1677267.3
523924.3
226724.4
117942.63
68905.803
43649.217
29416.311
20864.917
15460.501
11876.62
9371.0522
7521.3865
6097.2151
4979.0781
4100.9362
3417.543
2891.3432
2486.6251
2170.8185
1915.8673
1702.5706
1521.9965
1367.6976
1234.8317
1119.6502
1019.1964
931.13441
853.66145
785.44633
725.48293
672.61712
625.45702
581.08454
534.98929
485.15735
431.09563
371.73123
306.72075
238.07468
174.11852
123.76477
85.968431
61.056029
46.656959
38.003069
32.139461
27.776157
24.293968
21.379355
18.868265
16.671629
14.737616
13.032297
11.530073
10.209305
9.0504003
8.0307616
7.1244522
6.327803
5.6432803
5.0520694
4.5356745
4.0806061
3.6765772
3.3158425
2.9934142
2.7072108
2.4571569
2.2432275
2.0640271
1.9168
1.7983588
1.7053657
1.634264
1.5813539
1.5430128
1.5159385
1.4973238
1.4849221
1.4770199
1.472355
1.4700221
1.4693773
1.47
1.471646
1.4741994
1.4775961
1.4817789
1.4867048
1.4923508
1.4987353
1.505899
1.5139032
1.5228283
1.5327734
1.5438572
1.5562204
1.5700287
1.5854769
1.6027948
1.6222542
1.6441782
1.6689535
1.6970465
1.7290241
1.7655824
1.8075844
1.8561129
1.9125445
1.978655
2.0567727
2.1500088
2.2626102
2.4005182
2.5722874
2.7906569
3.0753776
3.4586039
3.9959342
9935634.4
1622587.7
506859.28
219342.92
114108.75
66675.195
42248.226
28486.995
20222.87
15003.232
11544.518
9128.1352
7343.9706
5967.1711
4881.4955
4024.3351
3354.06
2836.2581
2437.14
2125.8452
1875.0844
1665.2959
1487.7188
1336.0352
1205.4999
1092.4316
993.91
907.6004
831.66371
764.71627
705.77358
654.0308
608.36268
566.03474
522.78893
476.05583
425.42625
370.08688
309.33778
244.168
180.94521
128.96499
90.327452
63.542343
47.42895
38.087861
31.941904
27.471682
23.963441
21.060149
18.576247
16.41185
14.509905
12.834242
11.35855
10.061177
8.9228909
7.925732
7.0406539
6.2588419
5.5798361
4.9946942
4.4852044
4.0370505
3.6397666
3.2857052
2.9700405
2.6906813
2.4472044
2.2390216
2.0642522
1.9199619
1.8030441
1.7104239
1.6389076
1.5851594
1.5458464
1.5178533
1.4984648
1.4854595
1.4771104
1.4721243
1.4695628
1.4687539
1.4692557
1.4708058
1.4732784
1.4766062
1.4807286
1.4856003
1.4911935
1.4975249
1.5046336
1.5125797
1.5214422
1.5313196
1.5423297
1.5546124
1.5683328
1.5836847
1.600897
1.6202405
1.6420373
1.666673
1.6946127
1.7264219
1.7627953
1.8045944
1.8529008
1.9090896
1.974936
2.0527689
2.1457017
2.2579878
2.3955824
2.5670679
2.7852394
3.0699617
3.4536255
3.9923499
9611084.4
1569592.2
490302.71
212180.2
110389.99
64511.43
40889.192
27585.605
19599.864
14558.773
11220.408
8889.4505
7168.3627
5837.9756
4784.7823
3948.9577
3292.0783
2782.7655
2389.2086
2082.3624
1835.7258
1629.3661
1454.7006
1305.542
1177.2455
1066.2028
969.53928
884.93671
810.54115
744.9303
687.09616
636.33649
591.80816
551.17609
510.49623
466.52522
418.84323
367.08483
310.28293
248.73728
186.95216
134.02887
94.595861
66.012369
48.279835
38.228889
31.777476
27.186143
23.643665
20.746938
18.287462
16.153727
14.282964
12.636443
11.186929
9.9126069
8.7943039
7.8140913
6.952618
6.1883887
5.5167672
4.9369083
4.433645
3.9919789
3.6011199
3.2534819
2.9443641
2.671645
2.4345896
2.2321279
2.0619604
1.9209604
1.8060279
1.7142584
1.642746
1.5884796
1.5484119
1.5196322
1.4995428
1.48597
1.4771893
1.4718867
1.4690965
1.4681221
1.4685016
1.4699545
1.4723447
1.475601
1.4796631
1.4844787
1.4900178
1.4962949
1.5033473
1.5112337
1.5200322
1.5298402
1.5407748
1.5529752
1.5666054
1.5818586
1.5989627
1.6181876
1.639854
1.6643466
1.6921289
1.7237654
1.7599491
1.8015398
1.8496178
1.905557
1.9711316
2.0486709
2.1412908
2.2532509
2.3905203
2.5617101
2.7796729
3.0643898
3.448496
3.98865
9297637.7
1518342.1
474282.75
205251.08
106790.71
62417.027
39574.105
26713.418
18996.967
14128.213
10905.392
8655.976
6995.2746
5709.9932
4689.0385
3874.7767
3231.5649
2730.8386
2342.8186
2040.3622
1797.7792
1594.7675
1422.9252
1276.2014
1150.0531
1040.948
946.06361
863.10967
790.23202
725.97627
669.28472
619.45404
575.88359
536.6954
498.28586
456.73393
411.55727
362.96623
309.81013
251.90091
192.10357
138.89114
98.5953
68.3178
49.156409
38.402188
31.638939
26.918143
23.334937
20.440438
18.002675
15.897968
14.057422
12.439458
11.015729
9.7641549
8.6656809
7.7028671
6.8595603
6.1129842
5.4539461
4.8793472
4.3815637
3.9459422
3.5612114
3.2197642
2.916982
2.6506836
2.4198471
2.2229956
2.057481
1.9199943
1.8073952
1.7168749
1.6457431
1.5912657
1.5506649
1.5212419
1.5005357
1.4864403
1.4772489
1.4716379
1.4686208
1.4674809
1.467737
1.4690908
1.4713973
1.474583
1.4785837
1.4833406
1.4888243
1.4950458
1.5020405
1.5098659
1.5185989
1.528336
1.5391934
1.5513095
1.5648475
1.5799996
1.5969929
1.6160962
1.6376292
1.661975
1.6895962
1.7210556
1.7570446
1.7984216
1.846265
1.9019476
1.9672427
2.0444797
2.1367769
2.2484001
2.3853326
2.5562145
2.7739571
3.0586612
3.4432141
3.9848328
8993937
1468744.8
458789.29
198549.95
103309.87
60392.2
38303.335
25871.062
18414.805
13712.201
10600.199
8428.5027
6825.3249
5583.5358
4594.3513
3801.7745
3172.4636
2680.4267
2297.9384
1999.8127
1761.2099
1561.4627
1392.3572
1247.9799
1123.8903
1016.6326
923.43971
842.05666
770.64271
707.73148
652.22795
603.38759
560.6351
522.56077
485.96179
446.76153
404.0319
358.1699
308.25393
253.73109
196.29881
143.30818
102.01707
70.649662
50.251297
38.634052
31.527257
26.666833
23.037189
20.141065
17.722451
15.645141
13.833799
12.243753
10.845375
9.6162183
8.5372927
7.5914242
6.7626702
6.0348319
5.3898219
4.8222917
4.3294707
3.8994097
3.5205151
3.1850386
2.8883858
2.6282851
2.4034438
2.2120392
2.0511425
1.9172859
1.8072649
1.7183118
1.6478875
1.5934845
1.552569
1.5226523
1.5014223
1.4868568
1.4772814
1.4713735
1.4681336
1.4668295
1.466962
1.4682165
1.4704386
1.473552
1.4774894
1.4821867
1.4876136
1.4937782
1.5007141
1.508477
1.5171431
1.5268076
1.5375861
1.549616
1.5630596
1.5781085
1.5949884
1.6139673
1.6353636
1.6595594
1.6870155
1.7182934
1.7540829
1.7952407
1.8428435
1.8982627
1.9632705
2.0401963
2.1321609
2.2434362
2.3800199
2.5505813
2.7680918
3.0527752
3.4377787
3.980896
8700163.6
1420821.6
443822.89
192076.78
99949.094
58437.882
37077.377
25058.932
17853.81
13311.186
10305.419
8207.7284
6659.1327
5459.0076
4500.879
3729.9564
3114.727
2631.4962
2254.5421
1960.6912
1725.9866
1529.4181
1362.9616
1220.8431
1098.7257
993.23003
901.64662
821.7614
751.75561
690.15921
635.83937
587.98657
545.99962
508.88691
473.81362
436.74255
396.26369
352.83788
305.81884
254.39947
199.50644
147.14498
104.92449
73.107173
51.593732
38.946717
31.447884
26.432819
22.750458
19.849059
17.447185
15.395679
13.612509
12.049711
10.676221
9.4691391
8.4094985
7.480393
6.6663245
5.9531428
5.3226651
4.7657086
4.2778154
3.8527898
3.4794267
3.1497066
2.8589813
2.6048563
2.3857788
2.19963
2.0432578
1.9130654
1.805779
1.7186345
1.6491909
1.5951187
1.5540971
1.5238381
1.5021832
1.4872063
1.4772784
1.4710886
1.4676324
1.4661665
1.4661758
1.4673299
1.4694667
1.472507
1.4763809
1.4810174
1.4863863
1.4924928
1.4993685
1.5070677
1.5156654
1.5252558
1.5359536
1.5478955
1.5612428
1.576186
1.5929501
1.6118017
1.6330584
1.6571005
1.6843878
1.7154799
1.7510651
1.7919982
1.8393543
1.8945031
1.9592158
2.0358218
2.1274438
2.2383602
2.3745827
2.5448107
2.7620769
3.0467309
3.4321876
3.9768386
8417569.6
1374667.2
429408.15
185842.48
96711.768
56555.656
35897.051
24277.397
17314.291
12925.552
10021.509
7994.209
6497.2795
5336.8376
4408.8507
3659.4322
3058.4357
2584.1533
2212.8014
1923.115
1692.0954
1498.6063
1334.7053
1194.7593
1074.5335
970.72405
880.67869
802.22465
733.56697
673.23484
620.06284
573.18254
531.96005
495.71971
461.95733
426.78178
388.31581
347.04277
302.63786
254.08925
201.78346
150.41332
107.59213
75.535042
52.989982
39.313017
31.39809
26.215811
22.474646
19.564507
17.177114
15.149885
13.393866
11.857627
10.508548
9.3231874
8.2825535
7.3699629
6.5702225
5.8693943
5.2538134
4.7080942
4.2267697
3.8064527
3.4382824
3.1141003
2.8291011
2.5807334
2.3671895
2.1860926
2.0341145
1.9075603
1.8030922
1.717928
1.6496847
1.5961662
1.5552322
1.5247789
1.5028012
1.4874763
1.4772317
1.4707782
1.4671144
1.4654908
1.4653785
1.4664328
1.4684841
1.4714507
1.4752586
1.4798332
1.485143
1.4911902
1.4980045
1.5056387
1.5141665
1.5236813
1.5342968
1.5461487
1.5593976
1.5742329
1.5908787
1.6096004
1.6307142
1.6545994
1.681714
1.7126161
1.7479921
1.7886952
1.8357986
1.8906701
1.9550799
2.0313572
2.1226266
2.2331727
2.3690216
2.538903
2.755912
3.0405275
3.4264398
3.9726589
8146117.2
1330298.5
415543.69
179845.2
93598.269
54745.784
34762.393
23526.609
16796.287
12555.364
9748.6796
7788.3194
6340.2435
5217.4357
4318.5406
3590.4259
3003.9163
2538.605
2172.7834
1887.073
1659.4233
1468.9248
1307.5017
1169.6573
1051.2565
949.06929
860.49776
783.4089
716.03338
656.90929
604.85951
558.98519
518.62343
483.13644
450.39395
416.91417
380.24815
340.86599
298.82374
252.93991
203.20904
153.13726
110.09732
77.808776
54.306461
39.691214
31.367391
26.013319
22.209117
19.287296
16.912337
14.907954
13.178092
11.667727
10.342575
9.1785768
8.1566688
7.2603576
6.4747479
5.7862484
5.1825241
4.6487463
4.1763494
3.7607146
3.3973713
3.0784936
2.7990199
2.5561938
2.3479578
2.1717064
2.0239712
1.9009867
1.7993629
1.716291
1.6494163
1.5966391
1.5559668
1.5254605
1.5032618
1.4876555
1.4771333
1.4704375
1.4665769
1.4648011
1.464569
1.4655236
1.4674896
1.4703841
1.4741233
1.4786348
1.4838843
1.4898711
1.4966227
1.5041906
1.5126471
1.5220848
1.5326163
1.5443765
1.5575249
1.5722502
1.5887752
1.6073642
1.6283322
1.652057
1.6789951
1.7097029
1.7448651
1.7853328
1.8321773
1.8867648
1.9508638
2.0268035
2.1177102
2.2278747
2.3633374
2.5328586
2.7495971
3.0341642
3.4205333
3.9683548
7885095.3
1287648.6
402214.78
174079.47
90605.437
53006.71
33672.795
22806.309
16299.88
12200.83
9487.221
7590.4505
6188.4705
5101.1749
4230.1054
3522.8255
2950.7763
2494.5133
2134.2234
1852.3904
1627.9735
1440.3483
1281.3052
1145.4806
1028.8348
928.20591
841.04648
765.26178
699.10999
641.14432
590.18579
545.31056
505.8119
471.038
439.20043
407.21652
372.13458
334.40316
294.48049
251.06516
203.85522
155.31839
112.40011
79.868627
55.481196
40.048024
31.342202
25.820707
21.95233
19.016906
16.652718
14.66991
12.965284
11.48014
10.178444
9.035457
8.0319986
7.1517331
6.3800335
5.703587
5.1102674
4.5884804
4.1252556
3.7156839
3.3569513
3.0431168
2.768962
2.5314651
2.3283181
2.1567082
2.0130546
1.8935434
1.7947472
1.7138292
1.648445
1.5965614
1.5563031
1.5258746
1.5035543
1.487734
1.476976
1.4700616
1.4660174
1.464096
1.463747
1.464604
1.4664855
1.4693056
1.4729752
1.4774227
1.4826108
1.488536
1.4952238
1.5027241
1.511108
1.5204671
1.5309129
1.5425796
1.5556256
1.5702386
1.5866403
1.605094
1.6259132
1.6494742
1.6762321
1.7067415
1.7416851
1.7819121
1.8284917
1.8827882
1.9465687
2.0221618
2.1126957
2.222467
2.3575305
2.5266778
2.7431319
3.0276399
3.414467
3.9639241
7634073.3
1246646.7
389408.35
168540.54
87730.997
51337.401
32627.8
22116.413
15825.19
11862.209
9237.4491
7400.9851
6042.3911
4988.4247
4143.7325
3456.6171
2898.8635
2451.6954
2096.9733
1818.9555
1597.6548
1412.7922
1256.0329
1122.1468
1007.187
908.05683
822.25592
747.72484
682.74838
625.89622
575.98932
532.08025
493.41742
459.32194
428.29677
397.56453
364.03614
327.89931
289.7866
248.60649
203.78969
156.94513
114.41905
81.636635
56.52565
40.402224
31.317068
25.633816
21.702434
18.752635
16.398028
14.43572
12.755491
11.294946
10.01625
8.8939319
7.9086541
7.0442087
6.2862178
5.6216477
5.0386677
4.5266339
4.0732719
3.6713854
3.3172351
3.0081632
2.7391105
2.5067334
2.3084628
2.1412963
2.0015597
1.8854086
1.7893921
1.7106501
1.646838
1.5959663
1.5562513
1.5260186
1.5036706
1.4877033
1.4767528
1.4696459
1.4654329
1.4633741
1.4629122
1.4636728
1.4654724
1.4682155
1.4718148
1.4761974
1.4813231
1.4871856
1.4938085
1.5012399
1.5095499
1.5188288
1.5291874
1.5407587
1.5537004
1.568199
1.5844751
1.6027907
1.6234581
1.646852
1.673426
1.7037328
1.7384531
1.7784341
1.8247428
1.8787414
1.9421956
2.0174332
2.107584
2.2169504
2.3516017
2.5203606
2.7365162
3.020954
3.4082388
3.9593642
7393247.4
1207307.8
377120.66
163227.41
84974.392
49737.34
31627.404
21457.228
15372.61
11539.992
8999.9312
7220.4975
5902.5505
4879.6482
4059.7004
3391.8625
2848.0845
2409.9693
2060.8176
1786.5459
1568.2515
1386.0534
1231.4963
1099.4836
986.15776
888.48349
804.00399
730.69215
666.85637
611.0807
562.18664
519.20671
481.34997
447.9089
417.64154
388.02135
355.94489
321.2975
284.82988
245.64472
203.00258
157.94499
116.02626
82.988858
57.521457
40.827214
31.300497
25.450407
21.456982
18.493026
16.147506
14.20501
12.548546
11.112092
9.8560041
8.7540509
7.7867071
6.9378723
6.1934011
5.5405283
4.9676812
4.4644225
4.0209777
3.6268528
3.2782962
2.9738056
2.7096207
2.4821539
2.2885537
2.1256389
1.9896563
1.8767429
1.7834368
1.7068615
1.6446682
1.5948957
1.5558295
1.5258959
1.5036073
1.4875578
1.4764586
1.4691868
1.4648214
1.4626343
1.462064
1.462732
1.4644482
1.4671142
1.4706425
1.4749593
1.4800216
1.4858204
1.4923771
1.4997385
1.5079732
1.5171706
1.5274404
1.5389147
1.55175
1.566132
1.5822801
1.6004551
1.6209677
1.6441914
1.6705778
1.7006778
1.7351702
1.7748999
1.8209317
1.8746257
1.9377456
2.0126187
2.102376
2.2113258
2.3455515
2.5139074
2.7297496
3.0141051
3.4018472
3.9546738
7165907.2
1170208
365534.01
158218.89
82376.959
48231.241
30687.807
20840.016
14950.67
11241.068
8780.5615
7054.2721
5773.7876
4779.2053
3981.7413
3331.5595
2800.714
2371.0458
2027.0576
1756.1401
1540.5021
1360.7085
1208.1531
1077.8588
966.04661
869.73354
786.49817
714.33819
651.58014
596.81861
548.87409
506.76093
469.65253
436.81129
407.25947
378.69469
347.98613
314.7363
279.78712
242.44131
201.8174
158.52622
117.3342
84.079937
58.54567
41.346655
31.315049
25.281106
21.221368
18.241496
15.90369
13.979801
12.346107
10.932961
9.6988752
8.6168065
7.6670061
6.8334522
6.102214
5.4607854
4.8978588
4.4032788
3.9680973
3.5821691
3.2403437
2.9403391
2.6807471
2.4579549
2.2688067
2.109944
1.9775439
1.8677325
1.7770459
1.7025985
1.6420366
1.5934174
1.5550783
1.5255276
1.503373
1.4872996
1.4760926
1.4686822
1.4641807
1.4618745
1.4612006
1.461777
1.4634103
1.4659987
1.4694554
1.4737056
1.4787034
1.4844375
1.4909269
1.498217
1.5063751
1.5154895
1.5256689
1.5370443
1.5497714
1.5640347
1.5800525
1.5980842
1.6184391
1.6414892
1.6676843
1.6975735
1.7318334
1.7713065
1.8170554
1.8704378
1.9332156
2.0077152
2.0970686
2.2055897
2.3393762
2.5073143
2.722828
3.007089
3.3952875
3.9498488
6972237.5
1138610.8
355667.61
153953.25
80164.896
46948.098
29886.625
20313.373
14590.618
10986.285
8594.1749
6913.7881
5665.6998
4695.4641
3917.1849
3282.0607
2762.3382
2339.8959
2000.1158
1731.6787
1517.8765
1339.7495
1188.5566
1059.4333
948.67069
853.32852
771.01029
699.72816
637.81552
583.86792
536.6989
495.3052
458.83302
426.52574
397.59028
369.95154
340.54707
308.61789
275.08176
239.47616
200.76623
159.18247
118.7408
85.28171
59.746795
42.018587
31.417132
25.16451
21.021705
18.016789
15.680778
13.7712
12.156994
10.764596
9.5504907
8.4866975
7.5531472
6.7338252
6.0149624
5.3842732
4.8306842
4.3442673
3.9162472
3.538565
3.2033557
2.9082463
2.6529282
2.4344877
2.2495124
2.0944581
1.9654344
1.858559
1.7703707
1.6979801
1.6390298
1.591588
1.5540299
1.5249283
1.5029721
1.486928
1.4756526
1.4681304
1.4635099
1.4610945
1.460322
1.4608092
1.4623603
1.4648712
1.4682558
1.4724386
1.4773711
1.4830394
1.4894605
1.4966781
1.5047583
1.5137882
1.5238756
1.5351505
1.5477675
1.56191
1.5777951
1.5956809
1.6158753
1.6387486
1.6647489
1.6944231
1.7284457
1.767657
1.813117
1.8661811
1.9286089
2.0027258
2.0916648
2.1997451
2.3330787
2.5005837
2.7157531
2.9999066
3.3885588
3.9448881
6789071.2
1108668.5
346312.31
149906.6
78064.059
45727.194
29121.689
19807.857
14242.451
10737.81
8411.0018
6775.0072
5558.7661
4612.8183
3853.8869
3234.1639
2726.0832
2311.4221
1976.2797
1710.5578
1498.6102
1321.992
1171.9321
1043.7084
933.70855
839.05489
757.38929
686.74456
625.463
572.14062
525.58516
484.7825
448.86568
417.07264
388.64529
361.74127
333.52851
302.79135
270.52467
236.54027
199.64727
159.7505
120.13739
86.565634
61.026972
42.764458
31.582601
25.091881
20.853631
17.816257
15.477132
13.578241
11.980685
10.606755
9.4107759
8.3637415
7.4451953
6.6390791
5.9317458
5.3110985
4.7662736
4.2875609
3.8664282
3.4956308
3.1669565
2.8775182
2.6262431
2.4118273
2.2307482
2.0792649
1.9534167
1.8493133
1.7634984
1.6930833
1.6357088
1.5894501
1.5527094
1.5241101
1.5024077
1.4864419
1.4751362
1.4675294
1.462808
1.4602944
1.4594288
1.4598296
1.4612997
1.4637335
1.4670458
1.4711606
1.476027
1.4816285
1.4879802
1.4951241
1.5031252
1.5120693
1.5220632
1.5332359
1.545741
1.5597605
1.5755107
1.5932481
1.6132791
1.6359724
1.6617742
1.6912295
1.7250103
1.7639546
1.8091198
1.8618586
1.9239286
1.9976537
2.0861677
2.193795
2.3266615
2.4937176
2.7085263
2.9925579
3.3816612
3.9397895
6612263.4
1079764.5
337281.44
146000
76035.211
44547.476
28381.685
19317.303
13902.722
10493.199
8228.4694
6634.7412
5449.0649
4526.7765
3787.0965
3183.1278
2687.3281
2281.2704
1951.6329
1689.3766
1479.8486
1305.1296
1156.4669
1029.2933
920.11285
826.13273
745.05508
674.95247
614.19145
561.38049
515.33123
475.02716
439.59452
408.26319
380.28331
354.0194
326.87174
297.19492
266.04766
233.54418
198.36177
160.13438
121.44621
87.884715
62.311036
43.520854
31.782772
25.049623
20.709287
17.634516
15.288787
13.397971
11.814999
10.457848
9.2785905
8.2471322
7.3425877
6.5488253
5.8522981
5.2410827
4.7045118
4.2330757
3.8184349
3.453459
3.131709
2.8479205
2.6006897
2.3900073
2.2125596
2.0644234
1.9415609
1.8400725
1.7565077
1.6879815
1.6321356
1.5870505
1.5511482
1.5230905
1.5016881
1.4858438
1.4745433
1.4668783
1.4620742
1.4594735
1.4585207
1.4588382
1.4602288
1.462586
1.4658259
1.4698722
1.4746718
1.4802056
1.4864869
1.4935561
1.5014767
1.5103336
1.5202325
1.5313014
1.5436926
1.5575873
1.5732003
1.5907867
1.6106515
1.6331617
1.6587615
1.6879938
1.7215283
1.7602004
1.8050648
1.8574716
1.9191759
1.9925
2.0805784
2.1877401
2.3201253
2.4867164
2.7011474
2.9850421
3.3745917
3.9345498
6441146.6
1051844.5
328563.4
142229.07
74077.328
43409.345
27667.763
18844.009
13574.554
10256.234
8050.7054
6497.0853
5340.3199
4440.4105
3719.0652
3130.338
2646.6724
2249.3991
1925.6386
1667.2517
1460.5265
1288.0649
1141.125
1015.2726
907.11511
813.943
733.52469
663.98364
603.72401
551.38003
505.77904
465.91202
430.9049
399.98247
372.39902
346.70862
320.52357
291.79726
261.63458
230.46569
196.88054
160.29314
122.62277
89.199203
63.559796
44.252859
31.997822
25.027485
20.58283
17.467595
15.112704
13.22796
11.657985
10.316331
9.1527377
8.1359653
7.2446585
6.4625855
5.7762849
5.1739977
4.6452479
4.1807217
3.7722766
3.4129977
3.0972983
2.8188084
2.5761992
2.3690406
2.194974
2.0499746
1.9299199
1.8308974
1.749463
1.6827374
1.6283656
1.5844333
1.5493773
1.5218888
1.5008232
1.4851379
1.4738751
1.466177
1.4613079
1.4586312
1.4575974
1.4578347
1.4591476
1.461429
1.4645967
1.4685741
1.473306
1.4787713
1.4849812
1.4919745
1.4998135
1.5085819
1.5183844
1.5293477
1.5416232
1.5553911
1.5708646
1.5882976
1.6079935
1.6303174
1.6557117
1.684717
1.7180008
1.7563956
1.8009533
1.8530212
1.9143519
1.9872658
2.0748978
2.1815815
2.3134706
2.4795803
2.6936157
2.977358
3.3673487
3.9291667
6276058.7
1024918
320155.3
138593.05
72189.686
42312.035
26979.554
18387.886
13258.296
10027.686
7878.9147
6363.5823
5234.3013
4355.5903
3651.5841
3077.348
2605.3831
2216.7631
1898.9149
1644.4815
1440.6707
1270.6213
1125.5936
1001.2629
894.31743
802.11319
722.47424
653.57255
593.85306
541.98233
496.81167
457.34738
422.72242
392.16235
364.9269
339.74252
314.39177
286.59733
257.35875
227.33888
195.21817
160.21679
123.63634
90.468451
64.743842
44.944382
32.219
25.018216
20.469925
17.3127
14.946813
13.066531
11.508235
10.181017
9.0322281
8.0294324
7.1507651
6.3798653
5.7033375
5.1095781
4.5882974
4.1303748
3.7278568
3.3740118
3.0634054
2.7905645
2.5527056
2.3489186
2.1780046
2.0359459
1.9185329
1.821836
1.742417
1.6774042
1.6244477
1.5816392
1.5474269
1.5205249
1.4998245
1.4843297
1.4731336
1.4654258
1.4605087
1.4577672
1.4566584
1.4568191
1.4580561
1.4602627
1.4633584
1.4672666
1.4719304
1.4773264
1.4834639
1.4903802
1.4981364
1.506815
1.5165194
1.5273756
1.5395338
1.5531728
1.5685047
1.5857818
1.605306
1.6274406
1.6526259
1.6814003
1.7144288
1.7525412
1.7967864
1.8485087
1.9094578
1.9819523
2.069127
2.17532
2.3066983
2.4723095
2.6859312
2.9695041
3.3599289
3.923637
6117257.3
998973.06
312053.57
135090.51
70371.483
41255.092
26316.825
17948.658
12953.748
9807.4748
7713.1565
6234.4717
5131.4306
4272.8912
3585.3309
3024.872
2564.154
2183.9908
1872.001
1621.4877
1420.5623
1252.9385
1109.8866
987.17904
881.56694
790.45432
711.70665
643.53436
584.41794
533.05571
488.32535
449.25302
414.98446
384.75202
357.82374
333.08531
308.45724
281.5961
253.24541
224.20256
193.41118
159.91855
124.46983
91.650487
65.811433
45.615315
32.46957
25.021235
20.367918
17.167788
14.789624
12.912516
11.364779
10.051071
8.9163369
7.9269095
7.0603793
6.3002281
5.6331073
5.0475546
4.5334595
4.081889
3.6850732
3.3364441
3.0306536
2.7631844
2.5298011
2.329596
2.1616545
2.0223539
1.9074283
1.8129256
1.7354129
1.6720268
1.6204247
1.578705
1.5453257
1.5190187
1.4987042
1.4834258
1.4723219
1.4646259
1.4596766
1.4568811
1.4557037
1.4557913
1.4569546
1.4590875
1.4621115
1.4659504
1.4705455
1.4758713
1.4819356
1.4887739
1.4964461
1.5050335
1.5146386
1.525386
1.5374251
1.5509333
1.5661214
1.5832402
1.6025899
1.6245322
1.6495051
1.6780448
1.7108136
1.7486384
1.7925653
1.8439352
1.9044949
1.9765607
2.0632672
2.1689565
2.2998089
2.4649044
2.6780934
2.961479
3.3523306
3.9179578
5964576.9
974017.89
304260.24
131719.16
68620.937
40237.9
25679.173
17526.096
12660.714
9595.4681
7553.3817
6109.7697
5031.7968
4192.4811
3520.5536
2973.2024
2523.283
2151.3784
1845.1861
1598.5389
1400.4313
1235.1885
1094.1081
973.05531
868.83663
778.89276
701.11866
633.75258
575.30275
524.49435
480.22986
441.55638
407.63573
377.71183
351.06451
326.73182
302.76005
276.77782
249.25053
221.10608
191.50703
159.38891
125.10006
92.704041
66.718901
46.309879
32.787241
25.042771
20.276355
17.031583
14.640053
12.765059
11.226914
9.9258968
8.8045455
7.8279402
6.9731009
6.2233283
5.5653011
4.987686
4.4805421
4.0351167
3.643815
3.3002253
2.9991199
2.7363447
2.5073838
2.3110201
2.1459146
2.0092064
1.8966254
1.8041946
1.7284851
1.6666428
1.6163337
1.5756639
1.5431005
1.5173896
1.497475
1.4824335
1.4714439
1.4637786
1.4588116
1.4559732
1.4547332
1.4547513
1.4558432
1.4579036
1.4608566
1.4646259
1.4691518
1.4744069
1.4803969
1.4871562
1.4947433
1.5032383
1.5127425
1.5233797
1.5352979
1.5486734
1.5637155
1.5806737
1.5998464
1.6215932
1.6463503
1.6746514
1.7071561
1.7446885
1.7882911
1.8393018
1.8994642
1.9710921
2.0573194
2.162492
2.2928032
2.457365
2.6701017
2.9532814
3.344551
3.9121259
5817451.3
949993
296754.4
128472.91
66935.77
39258.737
25065.55
17119.592
12378.821
9391.4202
7399.4356
5989.4357
4935.459
4114.5228
3457.5357
2922.7523
2483.131
2119.1407
1818.6274
1575.7812
1380.4149
1217.491
1078.3509
958.9504
856.14764
767.41403
690.66646
624.16313
566.43268
516.2219
472.45444
434.19707
400.62851
371.00655
344.62505
320.66866
297.29833
272.13005
245.36222
218.0435
189.52546
158.66627
125.52594
93.61256
67.490556
47.037283
33.170984
25.086712
20.195721
16.903435
14.49735
12.62353
11.094124
9.8050574
8.6964739
7.73219
6.888633
6.1489027
5.4996889
4.9297739
4.4293776
3.9899197
3.6039711
3.2652648
2.9686727
2.7100597
2.4857223
2.2931294
2.1307672
1.9965032
1.8861355
1.7956633
1.7216604
1.6612827
1.6122059
1.572545
1.5407757
1.5156562
1.4961495
1.4813608
1.4705034
1.4628851
1.4579154
1.4550439
1.4537468
1.4536992
1.4547221
1.4567115
1.4595939
1.4632938
1.4677501
1.4729336
1.4788486
1.4855279
1.4930287
1.50143
1.5108321
1.5213574
1.5331531
1.546394
1.5612881
1.5780832
1.5970762
1.6186247
1.6431626
1.6712213
1.7034576
1.7406924
1.7839651
1.8346099
1.8943671
1.9655476
2.0512847
2.1559274
2.2856817
2.4496916
2.6619558
2.94491
3.3365876
3.9061372
5675741.3
926854.8
289526.98
125348.47
65314.393
38316.635
24475.251
16728.704
12107.772
9195.1363
7251.203
5873.4209
4842.4332
4039.101
3396.4124
2873.6765
2443.8578
2087.4248
1792.4475
1553.3222
1360.6115
1199.9319
1062.6869
944.91892
843.53324
756.02819
680.33779
614.73486
557.76349
508.18729
464.94764
427.12883
393.9266
364.61546
338.50869
314.89097
292.04542
267.63936
241.57621
215.01209
187.48144
157.78387
125.761
94.381636
68.176853
47.774176
33.591985
25.150744
20.12595
16.782949
14.361
12.487466
10.966023
9.6882285
8.5918417
7.63941
6.8067538
6.0767531
5.4360935
4.873662
4.3798295
3.9461799
3.565442
3.2314836
2.9392764
2.6847621
2.4646646
2.2755857
2.1161752
1.9842397
1.875964
1.7873457
1.7149594
1.6559712
1.6080677
1.5693736
1.5383734
1.513836
1.4947404
1.4802156
1.4695048
1.4619481
1.4569905
1.4540938
1.4527447
1.4526344
1.4535912
1.4555113
1.458324
1.4619545
1.4663408
1.4714522
1.4772914
1.4838897
1.4913031
1.4996095
1.508908
1.5193201
1.5309916
1.544096
1.5588399
1.5754697
1.5942803
1.6156276
1.6399431
1.6677556
1.6997191
1.7366514
1.7795884
1.8298606
1.8892046
1.9599285
2.0451642
2.1492638
2.2784452
2.4418847
2.6536551
2.936363
3.3284375
3.8999887
5539511.5
904608.92
282577.91
122343.15
63755.038
37411.001
23907.91
16353.151
11847.411
9006.5327
7108.6553
5761.6943
4752.6953
3966.1846
3337.1244
2825.848
2405.3965
2056.2759
1766.7239
1531.2521
1341.1139
1182.5965
1047.191
931.02152
831.03795
744.76175
670.14085
605.45946
549.27338
500.35953
457.67395
420.31665
387.50003
358.51727
332.70509
309.38629
286.98489
263.29576
237.89027
212.01439
185.38834
156.76802
125.82465
95.025011
68.81241
48.494313
34.020616
25.228751
20.065967
16.669694
14.230607
12.356512
10.842317
9.5751639
8.4904373
7.5494142
6.7272961
6.0067284
5.3743791
4.819228
4.3317883
3.9038002
3.5281421
3.1988084
2.9108656
2.6603222
2.4439713
2.2585273
2.1021066
1.9724064
1.8661116
1.7792506
1.7083972
1.6507278
1.6039409
1.5661715
1.5359134
1.5119452
1.4932597
1.4790062
1.468453
1.4609711
1.4560382
1.4531233
1.4517272
1.4515583
1.4524497
1.4543032
1.4570473
1.4606086
1.4649246
1.4699634
1.4757259
1.4822423
1.4895672
1.4977775
1.506971
1.5172684
1.528814
1.5417802
1.5563719
1.572834
1.5914598
1.6126029
1.6366927
1.6642553
1.6959418
1.7325667
1.7751623
1.8250552
1.8839782
1.954236
2.038959
2.142502
2.2710944
2.433944
2.6451993
2.9276396
3.3200979
3.8936777
5408593
883227.66
275897.32
119454.41
62256.389
36540.698
23362.933
15992.492
11597.431
8825.4171
6971.6476
5654.162
4666.1746
3895.7173
3279.6332
2779.2441
2367.7334
2025.6881
1741.4643
1509.5968
1321.9643
1165.5356
1031.9142
917.30558
818.70129
733.64376
660.09256
596.34116
540.95486
492.72131
450.60919
413.73214
381.31755
352.67525
327.16115
304.12325
282.12544
259.10003
234.30656
209.05725
183.25986
155.64129
125.73726
95.556088
69.411858
49.180233
34.436019
25.313859
20.01397
16.563086
14.105814
12.230379
10.722767
9.4656687
8.3920962
7.4620591
6.6501319
5.9387135
5.3144408
4.7663766
4.2851673
3.8627019
3.4919994
3.1671751
2.8833827
2.6366859
2.4238663
2.2419732
2.0884058
1.9609863
1.8565764
1.7713828
1.7019845
1.6455679
1.5998433
1.5629572
1.5334129
1.5099985
1.4917188
1.4777405
1.4673534
1.4599574
1.4550599
1.4521329
1.4506948
1.4504711
1.4512999
1.4530864
1.4557639
1.4592565
1.4635021
1.4684676
1.4741527
1.4805862
1.4878217
1.4959346
1.505022
1.5152032
1.5266214
1.5394474
1.5538849
1.5701772
1.5886156
1.6095517
1.6334125
1.6607215
1.6921268
1.7284394
1.7706878
1.8201948
1.8786888
1.9484712
2.0326703
2.1356429
2.26363
2.4258703
2.6365879
2.9187373
3.3115657
3.8871992
5282708.9
862669.6
269477.59
116678.55
60816.215
35704.506
22839.527
15646.272
11357.532
8651.5662
6840.0218
5550.7266
4582.8104
3827.6705
3223.942
2733.8929
2330.9016
1995.679
1716.6716
1488.3613
1303.1771
1148.7701
1016.8872
903.81386
806.5776
722.71856
650.21268
587.38312
532.80211
485.26078
443.7363
407.35401
375.35421
347.06098
321.84656
299.08031
277.4599
255.05005
230.82745
206.14881
181.10973
154.42378
125.51798
95.985481
69.977653
49.822725
34.826032
25.400145
19.967898
16.462406
13.986263
12.108814
10.607175
9.3595824
8.2966859
7.3772309
6.5751609
5.8726178
5.2561966
4.7150327
4.2398975
3.8228205
3.4569553
3.1365298
2.8567797
2.613818
2.4044325
2.2257747
2.0750617
1.9499585
1.8473543
1.763744
1.6957287
1.6405029
1.5957893
1.5597462
1.5308872
1.5080094
1.4901286
1.4764262
1.4662109
1.4589108
1.4540578
1.4511234
1.4496479
1.4493732
1.4501418
1.4518633
1.4544735
1.4578987
1.4620737
1.4669656
1.4725725
1.4789223
1.4860671
1.4940816
1.5030617
1.5131253
1.5244143
1.5370985
1.5513799
1.5675001
1.5857486
1.6064748
1.6301035
1.6571553
1.6882751
1.7242706
1.7661663
1.8152806
1.8733379
1.9426354
2.0262992
2.1286878
2.2560526
2.4176637
2.6278202
2.909655
3.3028381
3.8805501
5161993.9
842936.73
263313.78
114013.21
59433.165
34901.759
22337.231
15314.157
11127.438
8484.7754
6713.6271
5451.2783
4502.5299
3761.9972
3170.0319
2689.8012
2294.9198
1966.2586
1692.3413
1467.5366
1284.7493
1132.3101
1002.1367
890.58797
794.7077
712.02474
640.53135
578.59731
524.81426
477.96897
437.04141
401.16466
369.58963
341.6525
316.73971
294.24014
272.97776
251.14091
227.45359
203.29662
178.95094
153.13344
125.184
96.321172
70.506916
50.417798
35.184674
25.483179
19.925774
16.366863
13.871586
11.991588
10.495369
9.256769
8.2040947
7.2948358
6.5023016
5.8083687
5.1995808
4.6651361
4.1959231
3.7841044
3.4229613
3.1068272
2.8310151
2.5916821
2.3856235
2.2099911
2.0621038
1.9392239
1.8384361
1.7563343
1.6896343
1.6355413
1.5917903
1.5565516
1.5283492
1.5059896
1.4884988
1.4750709
1.4650312
1.4578368
1.4530337
1.4500957
1.4485872
1.4482651
1.4489759
1.4506341
1.4531782
1.456535
1.4606395
1.4654578
1.4709857
1.477251
1.4843044
1.4922195
1.5010909
1.5110354
1.5221938
1.5347343
1.5488577
1.5648036
1.5828597
1.6033734
1.6267668
1.6535578
1.684388
1.7200615
1.7615989
1.8103139
1.8679265
1.9367298
2.0198468
2.1216374
2.2483631
2.4093243
2.6188959
2.9003911
3.293912
3.8737253
5046045
823987.88
257393.42
111452.87
58104.924
34130.937
21855.195
14995.566
10906.763
8324.7945
6592.2989
5355.6947
4425.2524
3698.6571
3117.8916
2646.982
2259.8099
1937.4413
1668.4756
1447.1252
1266.6959
1116.1866
987.70623
877.66956
783.10729
701.56181
631.06044
570.00254
517.00257
470.84756
430.51815
395.15224
364.00839
336.43262
311.82362
289.58781
268.66681
247.3615
224.18326
200.51027
176.79514
151.78603
124.75043
96.569385
70.995071
50.96377
35.50984
25.560297
19.885919
16.275678
13.761407
11.878479
10.387194
9.1571098
8.114228
7.2147947
6.4314857
5.7459061
5.1445391
4.6166374
4.1531981
3.7465101
3.3899756
3.0780283
2.806053
2.5702466
2.3674142
2.1947064
2.0494331
1.9288032
1.8298101
1.7491522
1.6837038
1.6306895
1.5878553
1.5533838
1.52581
1.5039497
1.4868384
1.4736813
1.4638193
1.4567395
1.4519891
1.4490509
1.447514
1.4471473
1.4478026
1.4493992
1.4518782
1.4551671
1.459201
1.4639446
1.4693933
1.4755733
1.4825343
1.4903487
1.4991102
1.5089344
1.5199606
1.5323558
1.5463191
1.5620886
1.57995
1.6002483
1.6234033
1.6499299
1.6804665
1.7158133
1.7569867
1.805296
1.8624561
1.9307555
2.0133143
2.1144928
2.2405622
2.4008525
2.6098145
2.8909434
3.2847838
3.8667215
4934308.2
805758.83
251703.57
108993.37
56829.127
33390.798
21392.526
14689.968
10695.184
8171.3666
6475.8473
5263.8379
4350.8847
3637.606
3067.5283
2605.468
2225.6073
1909.263
1645.1048
1427.1554
1249.0488
1100.426
973.60622
865.05197
771.78183
691.35443
621.83213
561.62499
509.3782
463.89842
424.16205
389.30753
358.59796
331.38654
307.08201
285.10505
264.50172
243.66227
221.02968
197.84238
174.66867
150.40294
124.23297
96.736012
71.437065
51.456435
35.803799
25.632992
19.84738
16.188169
13.655359
11.769275
10.282506
9.0604975
8.027001
7.1370384
6.3626547
5.6851787
5.0910256
4.5694947
4.1116839
3.7100017
3.3579641
3.0501006
2.7818627
2.5494844
2.3497809
2.1798997
2.0371262
1.9186725
1.8214132
1.7421919
1.6779386
1.6259518
1.5839913
1.5502518
1.5232792
1.5018989
1.4851556
1.4722637
1.4625826
1.4556218
1.4509255
1.4479903
1.4464289
1.4460198
1.4466225
1.4481592
1.450574
1.4537954
1.4577585
1.4624272
1.4677959
1.4738898
1.4807574
1.4884702
1.4971205
1.5068229
1.5177154
1.5299636
1.543765
1.559356
1.5770203
1.5971006
1.6200141
1.6462728
1.6765117
1.7115271
1.752331
1.8002279
1.8569277
1.9247139
2.0067029
2.1072551
2.2326505
2.3922484
2.6005753
2.8813108
3.2754503
3.859533
4827141.3
788265.49
246240.37
106632.74
55604.925
32680.639
20948.61
14396.784
10492.205
8024.1115
6364.0513
5175.7011
4279.6794
3579.4274
3019.6988
2565.7682
2192.4935
1881.7462
1622.1831
1407.5664
1231.7609
1085.0086
959.84274
852.73455
760.71911
681.39309
612.83406
553.46129
501.94954
457.12807
417.97339
383.62498
353.34873
326.50281
302.50347
280.78305
260.48213
240.07559
217.98168
195.26138
172.59342
149.00537
123.63112
96.820321
71.824741
51.883924
36.076728
25.710482
19.810765
16.103947
13.553124
11.663773
10.181172
8.9668346
7.9423384
7.0615055
6.2957567
5.6261418
5.0390007
4.5236717
4.0713469
3.6745471
3.3268966
3.0230147
2.7584167
2.529371
2.3327019
2.1655535
2.0251888
1.9087882
1.8132577
1.7354331
1.6723376
1.621331
1.5802036
1.5471625
1.5207647
1.4998453
1.4834574
1.4708244
1.4613287
1.4544861
1.4498444
1.4469154
1.4453328
1.4448843
1.4454358
1.4469145
1.4492662
1.4524205
1.4563128
1.4609061
1.4661943
1.4722012
1.4789745
1.4865845
1.4951226
1.5047018
1.5154592
1.5275586
1.5411963
1.5566067
1.5740715
1.5939312
1.6166002
1.6425876
1.6725247
1.7072041
1.747633
1.795111
1.8513426
1.9186061
2.0000137
2.0999253
2.2246289
2.3835124
2.5911779
2.871491
3.2659082
3.8521561
4724251.6
771468.66
240996.9
104365.9
54429.802
31999.107
20522.668
14115.61
10297.564
7882.8868
6256.8127
5091.1793
4211.4592
3523.7931
2973.9202
2527.6049
2160.4936
1854.9992
1599.8057
1388.4192
1214.8652
1069.9427
946.40127
840.70927
749.92248
671.67713
604.06265
545.5074
494.71485
450.53671
411.95156
378.10115
348.25436
321.77324
298.07983
276.6156
256.60601
236.60664
215.0294
192.75382
170.56474
147.60148
122.96106
96.824444
72.15012
52.235532
36.343345
25.804892
19.778135
16.023029
13.454471
11.561793
10.083063
8.8760292
7.8601696
6.9881399
6.2307454
5.5687551
4.9884288
4.4791364
4.0321574
3.6401183
3.2967462
2.9967456
2.7356911
2.5098843
2.3161582
2.1516524
2.0136109
1.8991911
1.8053195
1.7288661
1.6668992
1.6168281
1.5764958
1.5441213
1.518273
1.4977951
1.4817488
1.4693743
1.4600613
1.4533344
1.4487475
1.4458277
1.4442272
1.4437406
1.4442426
1.4456654
1.4479553
1.451043
1.4548644
1.459382
1.4645889
1.4705081
1.4771862
1.4846925
1.493117
1.5025718
1.5131925
1.5251417
1.5386139
1.5538416
1.5711047
1.5907411
1.6131626
1.6388752
1.6685067
1.7028453
1.7428938
1.7899465
1.8457021
1.9124334
1.993248
2.0925043
2.2164981
2.3746449
2.5816216
2.8614824
3.2561537
3.8445849
4625593.7
755358.46
235964.91
102190.47
53302.243
31345.259
20114.274
13846.18
10111.098
7747.5715
6153.9953
5010.0693
4145.9256
3470.2693
2929.7977
2490.7504
2129.512
1829.0162
1578.0061
1369.754
1198.3963
1055.2507
933.29235
828.98408
739.39946
662.21168
595.52274
537.77222
487.67943
444.1221
406.09245
372.73151
343.3096
317.19182
293.80465
272.59678
252.86889
233.25316
212.16736
190.31395
168.57648
146.19526
122.23755
96.753529
72.409993
52.514445
36.612295
25.921254
19.751515
15.945692
13.359271
11.463178
9.9880638
8.7879949
7.7804291
6.9168894
6.1675774
5.5129819
4.9392776
4.4358598
3.9940885
3.6066904
3.2674895
2.9712703
2.7136647
2.4910047
2.3001323
2.1381825
2.0023825
1.8898743
1.7976042
1.7224824
1.6616082
1.6124518
1.5728771
1.5411324
1.5158086
1.4957559
1.4800448
1.4679206
1.4587818
1.4521688
1.4476371
1.444729
1.443113
1.4425909
1.4430448
1.4444116
1.4466418
1.4496634
1.4534139
1.4578554
1.4629806
1.4688113
1.4753933
1.4827947
1.4911046
1.5004337
1.5109164
1.5227137
1.5360185
1.5510616
1.5681206
1.5875312
1.6097023
1.6351368
1.6644586
1.698452
1.7381147
1.7847356
1.8400075
1.906197
1.9864068
2.0849934
2.208259
2.365646
2.5719059
2.8512831
3.2461829
3.8368147
4531052.8
739913.99
231137.49
100103.99
52220.566
30718.36
19722.957
13588.041
9932.4931
7617.9634
6055.4909
4932.3762
4083.2307
3418.9628
2887.2895
2455.1135
2099.4631
1803.7375
1556.7465
1351.546
1182.3414
1040.9295
920.51803
817.56325
729.15632
653.00358
587.22043
530.25799
480.84554
437.88769
400.39672
367.51392
338.51042
312.75323
289.67192
268.72043
249.26519
230.0113
209.39209
187.93911
166.62593
144.78953
121.47097
96.61423
72.60681
52.735227
36.882799
26.055898
19.731684
15.872209
13.267459
11.367803
9.8960647
8.7026502
7.7030547
6.847705
6.1062126
5.4587881
4.8915171
4.3938147
3.9571153
3.5742395
3.2391034
2.9465677
2.6923175
2.4727142
2.2846087
2.1251307
1.9914946
1.8808315
1.7901075
1.7162715
1.6564665
1.6081922
1.5693461
1.538212
1.5133913
1.4937445
1.4783505
1.4664613
1.4574931
1.4509917
1.4465151
1.4436207
1.4419912
1.4414355
1.4418419
1.4431556
1.4453262
1.4482823
1.4519618
1.456327
1.4613698
1.4671113
1.4735964
1.480892
1.4890861
1.4982883
1.5086314
1.5202753
1.533411
1.5482675
1.5651202
1.5843025
1.6062203
1.6313733
1.6603817
1.6940253
1.7332968
1.7794795
1.8342599
1.8998982
1.9794914
2.0773935
2.1999123
2.3565161
2.5620304
2.840891
3.2359916
3.8288406
4440137.7
725076.46
226506.31
98102.38
51182.9
30117.224
19347.851
13340.749
9761.4628
7493.8416
5961.1177
4857.8951
4023.0904
3369.6637
2846.3265
2420.6763
2070.343
1779.1579
1536.0184
1333.7916
1166.7159
1027.0154
908.10014
806.44925
719.1937
644.05277
579.15403
522.9602
474.2103
431.83437
394.86551
362.4478
333.85409
308.45278
285.67503
264.97768
245.78889
226.87943
206.70175
185.62831
164.71251
143.38692
120.66919
96.413921
72.7466
52.914141
37.149131
26.201095
19.718083
15.802656
13.178986
11.275562
9.8069688
8.6199183
7.6279872
6.7805399
6.0466128
5.4061412
4.8451192
4.352976
3.9212146
3.5427445
3.2115682
2.9226187
2.6716316
2.4549964
2.2695724
2.1124855
1.9809384
1.8720564
1.7828255
1.710231
1.6514576
1.6040402
1.5659057
1.5353586
1.5110168
1.4917546
1.476661
1.4649996
1.4561981
1.4498056
1.4453838
1.4425044
1.4408632
1.4402746
1.4406365
1.4418975
1.4440083
1.4469
1.4505088
1.4547973
1.4597573
1.4654089
1.4717961
1.4789849
1.4870622
1.4961361
1.5063385
1.5178274
1.5307922
1.5454602
1.5621045
1.5810559
1.6027176
1.6275858
1.6562769
1.6895662
1.7284414
1.7741795
1.8284607
1.8935383
1.9725031
2.0697058
2.1914589
2.3472555
2.5519946
2.8303043
3.2255765
3.8206558
4353076.2
710853.46
222066.26
96182.86
50188.154
29540.866
18988.344
13103.947
9597.7493
7375.0124
5870.6859
4786.4351
3965.2957
3322.1972
2806.8082
2387.3908
2042.1408
1755.2935
1515.8459
1316.5073
1151.5201
1013.4908
896.03646
795.65801
709.52382
635.36701
571.32765
515.88004
467.7734
425.9621
389.49935
357.53349
329.34025
304.29027
281.81747
261.38537
242.44292
223.83855
204.08949
183.37916
162.83593
141.98998
119.83875
96.160056
72.836571
53.06368
37.405221
26.349043
19.709326
15.736874
13.093782
11.186363
9.7206871
8.5397263
7.5551701
6.7153492
5.9887414
5.3550104
4.8000568
4.3133193
3.8863642
3.512184
3.1848639
2.8994046
2.6515899
2.4378358
2.2550104
2.1002358
1.970706
1.8635433
1.775754
1.7043585
1.6465806
1.5999894
1.5625397
1.5325569
1.5086754
1.4897831
1.4749795
1.4635393
1.4548995
1.4486128
1.444245
1.4413819
1.4397301
1.4391106
1.4394286
1.4406371
1.4426899
1.4455167
1.4490554
1.453267
1.4581436
1.4637046
1.4699932
1.4770742
1.4850335
1.4939781
1.5040383
1.5153707
1.528163
1.5426405
1.5590742
1.5777923
1.5991952
1.6237753
1.6521454
1.6850761
1.7235495
1.7688367
1.822611
1.8871185
1.9654431
2.0619313
2.1828997
2.3378645
2.5417977
2.819521
3.2149331
3.8122554
4269711.9
697228.04
217808.73
94342.433
49234.123
28988.391
18644.005
12877.271
9441.092
7261.2558
5784.0345
4717.8731
3909.7557
3276.4928
2768.6837
2355.2311
2014.8492
1732.1506
1496.2407
1299.6987
1136.7542
1000.3563
884.32916
785.1935
700.1514
626.95035
563.74403
509.01921
461.53557
420.27101
384.2982
352.77048
324.96729
300.26206
278.09144
257.92348
239.21708
220.89695
201.55465
181.19083
160.99686
140.60134
118.98538
95.859752
72.883454
53.191794
37.64652
26.493537
19.70373
15.67452
13.011738
11.100118
9.6371377
8.462007
7.4845492
6.6520902
5.9325631
5.3053661
4.7563041
4.2748217
3.852543
3.482539
3.1589719
2.876908
2.6321762
2.4212181
2.2409099
2.0883714
1.9607894
1.8552868
1.7688893
1.6986514
1.6418343
1.5960396
1.5592493
1.5298092
1.5063702
1.4878337
1.4733098
1.4620833
1.4536001
1.4474156
1.4431009
1.4402546
1.4385927
1.4379438
1.438218
1.4393764
1.4413708
1.4441338
1.4476022
1.4517366
1.4565293
1.4619991
1.4681882
1.4751606
1.4830009
1.4918149
1.5017315
1.512906
1.5255242
1.5398094
1.5560304
1.5745128
1.5956539
1.6199429
1.6479883
1.6805559
1.7186224
1.7634525
1.8167122
1.88064
1.9583125
2.0540713
2.1742354
2.3283436
2.5314394
2.8085388
3.2040569
3.8036321
4189688.3
684149.8
213722.94
92576.802
48319.318
28458.899
18314.176
12660.252
9291.1636
7152.3495
5700.9989
4652.0822
3856.3787
3232.4894
2731.9147
2324.1708
1988.4535
1709.723
1477.201
1283.3632
1122.415
987.61123
872.97892
775.05617
691.07671
618.80293
556.40345
502.37883
455.50089
414.76346
379.2603
348.15599
320.73193
296.36366
274.49001
254.58219
236.10544
218.05505
199.09681
179.06328
159.19665
139.22386
118.11427
95.519576
72.893059
53.302906
37.870249
26.63025
19.699676
15.615147
12.932711
11.016735
9.5562439
8.3866958
7.4160731
6.5907211
5.8780441
5.2571793
4.713836
4.2374606
3.8197304
3.4537898
3.1338747
2.8551124
2.6133753
2.4051294
2.2272592
2.0768827
1.9511818
1.8472815
1.7622278
1.6931074
1.6372174
1.5921906
1.5560354
1.5271174
1.5041039
1.4859095
1.4716547
1.4606344
1.452302
1.4462161
1.4419533
1.4391241
1.437453
1.436775
1.4370073
1.4381147
1.4400528
1.4427512
1.4461494
1.4502067
1.4549151
1.460293
1.4663818
1.4732446
1.4809649
1.4896472
1.4994191
1.510434
1.5228765
1.5369675
1.5529738
1.5712181
1.5920949
1.6160895
1.6438065
1.6760068
1.7136612
1.758028
1.8107656
1.8741043
1.9511127
2.0461268
2.165467
2.3186932
2.5209191
2.7973556
3.1929435
3.7947801
4112812.3
671592.95
209802.24
90882.86
47442.288
27951.37
17998.17
12452.462
9147.673
7048.1024
5621.4394
4588.9639
3805.0906
3190.1389
2696.4719
2294.1917
1962.9439
1688.0091
1458.7273
1267.4996
1108.5007
975.25523
861.98577
765.24575
682.29922
610.92474
549.30658
495.9601
449.66974
409.43977
374.38563
343.68836
316.63101
292.59066
271.00763
251.35516
233.10316
215.3109
196.71501
176.99657
157.43685
137.86049
117.23028
95.145438
72.87008
53.399223
38.074991
26.756464
19.695787
15.558275
12.856529
10.936119
9.4779303
8.3137311
7.3496919
6.5312018
5.8251511
5.210422
4.6726279
4.201214
3.7879062
3.425918
3.1095548
2.8340018
2.5951728
2.3895567
2.2140469
2.0657605
1.941876
1.8395223
1.7557657
1.6877241
1.6327285
1.5884422
1.5528985
1.5244828
1.5018784
1.4840128
1.4700169
1.4591949
1.4510075
1.4450164
1.4408041
1.4379917
1.4363117
1.4356045
1.4357964
1.4368546
1.4387361
1.4413705
1.4446984
1.4486776
1.4533015
1.4585869
1.4645747
1.4713271
1.4789263
1.4874757
1.4971015
1.5079557
1.5202207
1.5341159
1.5499053
1.5679093
1.5885189
1.6122163
1.6396013
1.6714299
1.7086672
1.7525644
1.8047723
1.8675125
1.943845
2.038099
2.1565954
2.3089137
2.5102361
2.7859696
3.1815884
3.7856922
4038867.6
659539.46
206041.48
89258.44
46600.997
27464.782
17695.415
12253.55
9010.3474
6948.2846
5545.1921
4528.4053
3755.8117
3149.3842
2662.3145
2265.2665
1938.302
1666.998
1440.8162
1252.105
1095.0081
963.28648
851.34773
755.76036
673.81737
603.31441
542.4523
489.7612
444.0381
404.29727
369.67438
339.36731
312.66284
288.93991
267.63998
248.23755
230.20605
212.66183
194.40782
174.99058
155.71895
136.51403
116.33781
94.742561
72.818316
53.481641
38.260289
26.870668
19.690985
15.503442
12.783006
10.858171
9.4021253
8.2430536
7.2853574
6.4734929
5.7738516
5.1650668
4.6326562
4.1660607
3.7570512
3.3989059
3.0859953
2.8135605
2.577554
2.3744874
2.2012624
2.0549961
1.9328652
1.8320044
1.7494996
1.682499
1.6283662
1.5847936
1.5498389
1.5219065
1.4996954
1.4821458
1.4683985
1.4577669
1.4497185
1.4438184
1.4396549
1.4368588
1.43517
1.4344345
1.4345854
1.4355962
1.4374207
1.4399921
1.4432493
1.4471506
1.4516889
1.4568814
1.4627675
1.4694085
1.4768857
1.4853012
1.4947796
1.5054716
1.5175577
1.5312552
1.5468258
1.5645871
1.5849271
1.608324
1.6353735
1.6668263
1.7036414
1.7470631
1.7987337
1.860866
1.9365106
2.0299892
2.1476217
2.2990054
2.4993903
2.7743786
3.1699867
3.7763617
3968109.6
647994.59
202436.99
87701.063
45794.601
26998.596
17405.531
12063.172
8878.9333
6852.7332
5472.1346
4470.3139
3708.4809
3110.1846
2629.4154
2237.3754
1914.5148
1646.6847
1423.4677
1237.1818
1081.9412
951.70649
841.06267
746.59735
665.6284
595.9692
535.83759
483.77887
438.60251
399.33281
365.12443
335.19156
308.82582
285.40891
264.38366
245.22549
227.41034
210.10501
192.17361
173.04507
154.0443
135.18717
115.44094
94.315628
72.740848
53.550461
38.42627
26.972226
19.684481
15.450238
12.711955
10.782791
9.3287564
8.1746062
7.2230227
6.4175565
5.7241142
5.1210867
4.5938971
4.1319796
3.7271461
3.3727352
3.0631801
2.7937736
2.5605056
2.3599094
2.1888953
2.044581
1.9241431
1.8247229
1.743426
1.6774298
1.6241291
1.5812443
1.5468566
1.5193892
1.4975561
1.4803099
1.4668012
1.4563522
1.4484369
1.4426239
1.4385073
1.4357268
1.4340287
1.4332657
1.4333768
1.43434
1.4361084
1.4386158
1.4418022
1.4456259
1.4500784
1.455177
1.4609608
1.4674896
1.4748438
1.4831242
1.4924542
1.5029825
1.5148882
1.5283862
1.5437361
1.5612526
1.5813203
1.6044138
1.6311243
1.6621971
1.6985851
1.7415251
1.7926511
1.8541661
1.9291109
2.0217985
2.1385467
2.2889692
2.4883809
2.7625799
3.1581336
3.7667805
3900440.3
636934.33
198983.12
86208.671
45021.862
26552.012
17127.935
11880.959
8753.1974
6761.2783
5402.1375
4414.584
3663.0189
3072.4824
2597.7315
2210.4859
1891.5599
1627.0583
1406.682
1222.7385
1069.3116
940.52042
831.1283
737.75241
657.72722
588.88409
529.45779
478.00871
433.35903
394.54285
360.73289
331.15897
305.11808
281.9955
261.23589
242.31566
224.71267
207.63758
190.01064
171.15952
152.41397
133.88226
114.54327
93.868723
72.64028
53.605692
38.57344
27.061065
19.675737
15.398307
12.643192
10.709874
9.257753
8.1083333
7.1626425
6.363355
5.6759075
5.0784554
4.5563277
4.0989501
3.698172
3.3473891
3.0410931
2.774626
2.5440141
2.345811
2.1769355
2.0345071
1.9157032
1.8176729
1.7375414
1.6725139
1.6200155
1.5777935
1.5439517
1.5169315
1.4954616
1.4785066
1.4652266
1.4549525
1.4471644
1.4414346
1.4373629
1.4345968
1.4328887
1.4320985
1.4321709
1.4330858
1.4347994
1.4372431
1.440358
1.4441039
1.4484704
1.4534746
1.4591551
1.4655709
1.4728012
1.4809455
1.4901258
1.5004892
1.5122129
1.5255099
1.5406371
1.5579065
1.5776995
1.6004867
1.6268547
1.6575435
1.6934995
1.7359518
1.7865257
1.8474142
1.9216471
2.0135282
2.1293716
2.2788052
2.4772077
2.7505717
3.1460245
3.7569409
3835550.4
626331.43
195671.26
84777.711
44281.027
26123.956
16862.019
11706.561
8632.8679
6673.7075
5335.0542
4361.1166
3619.3507
3036.2279
2567.2304
2184.5794
1869.4293
1608.1174
1390.4623
1208.773
1057.1075
929.72272
821.54624
729.22518
650.11169
582.05574
523.30901
472.44671
428.30365
389.92382
356.49664
327.26693
301.53746
278.69752
258.19426
239.50525
222.1099
205.25677
187.91719
169.33333
150.82877
132.60141
113.64805
93.405474
72.518787
53.647306
38.70249
27.137488
19.664428
15.347365
12.57655
10.639322
9.1890457
8.0441803
7.1041725
6.3108516
5.6292009
5.0371464
4.519925
4.0669518
3.6701106
3.3228504
3.0197184
2.7561038
2.5280666
2.3321806
2.1653734
2.0247665
1.9075394
1.8108498
1.7318422
1.667749
1.6160238
1.5744402
1.5411238
1.5145336
1.4934126
1.4767369
1.4636761
1.4535692
1.4459025
1.440252
1.436223
1.4334701
1.4317511
1.4309333
1.4309684
1.431836
1.4334943
1.4358745
1.4389179
1.4425854
1.4468652
1.4517746
1.4573512
1.4636532
1.4707586
1.4787657
1.4877951
1.4979924
1.5095327
1.5226269
1.5375295
1.5545497
1.5740655
1.5965435
1.6225657
1.6528665
1.6883856
1.7303444
1.7803589
1.8406114
1.9141206
2.0051796
2.1200972
2.2685143
2.4658702
2.738352
3.1336531
3.7468346
3773316.5
616170.02
192495.65
83405.452
43570.794
25713.755
16607.355
11539.616
8517.6869
6589.8372
5270.7432
4309.8094
3577.4052
3001.3666
2537.8774
2159.6326
1848.1074
1589.8539
1374.8033
1195.2795
1045.3214
919.30633
812.31057
721.01041
642.77712
575.4795
517.38678
467.08883
423.43259
385.47197
352.4124
323.51265
298.08154
275.51276
255.25638
236.79157
219.5991
202.95986
185.89146
167.5655
149.28922
131.34637
112.75812
92.929105
72.378346
53.675293
38.814117
27.202059
19.650458
15.297192
12.511873
10.571034
9.122565
7.9820936
7.0475691
6.2600107
5.5839642
4.9971343
4.4846666
4.0359646
3.6429434
3.2991022
2.9990405
2.7381929
2.5126505
2.3190073
2.1541995
2.0153514
1.8996456
1.804249
1.7263251
1.6631324
1.6121523
1.5711834
1.5383725
1.5121956
1.4914097
1.4750018
1.4621507
1.4522036
1.4446526
1.4390776
1.4350889
1.4323478
1.4306177
1.4297724
1.4297697
1.4305907
1.4321932
1.4345104
1.4374823
1.4410707
1.4452636
1.4500775
1.4555496
1.4617369
1.4687166
1.4765856
1.485463
1.4954927
1.5068482
1.519738
1.5344143
1.5511832
1.5704193
1.5925853
1.6182584
1.6481671
1.6832447
1.7247041
1.7741519
1.8337593
1.9065328
1.9967539
2.110725
2.2580969
2.454368
2.7259181
3.1210148
3.7364529
3713669.5
606419.18
189449.68
82090.283
42890.259
25320.846
16363.535
11379.808
8407.4467
6509.5167
5209.0943
4260.5797
3537.1211
2967.8578
2509.6414
2135.6222
1827.5757
1572.255
1359.6982
1182.2528
1033.9483
909.26553
803.41494
713.10176
635.71762
569.15025
511.68632
461.93061
418.74196
381.18383
348.47695
319.89336
294.74788
272.43899
252.42006
234.17214
217.1772
200.74309
183.92709
165.85677
147.80021
130.11961
111.87652
92.442608
72.220765
53.689693
38.908801
27.255619
19.634042
15.247647
12.449029
10.504917
9.0582431
7.9220206
6.9927894
6.2107964
5.5401676
4.9583932
4.45053
4.0059685
3.6166525
3.2761283
2.9790448
2.720879
2.4977535
2.3062803
2.1434046
2.0062544
1.8920158
1.7978658
1.7209865
1.6586617
1.6083993
1.5680221
1.5356973
1.5099176
1.4894532
1.473302
1.4606515
1.4508569
1.443416
1.4379126
1.4339618
1.4312311
1.4294886
1.4286155
1.4285747
1.4293504
1.4308975
1.4331509
1.4360516
1.4395603
1.4436661
1.448384
1.4537508
1.4598228
1.4666758
1.4744056
1.4831299
1.4929909
1.5041602
1.5168441
1.5312922
1.5478077
1.5667618
1.5886131
1.6139337
1.6434466
1.6780778
1.7190322
1.767906
1.8268591
1.8988851
1.9882526
2.1012559
2.2475538
2.4427009
2.7132679
3.1081038
3.725787
3656370.6
597059.58
186527.3
80828.119
42237.627
24944.202
16129.977
11226.837
8301.9348
6432.597
5150.0004
4213.3455
3498.4364
2935.653
2482.4859
2112.5195
1807.8125
1555.3045
1345.1357
1169.6863
1022.9816
899.59296
794.85185
705.49216
628.92626
563.06169
506.20226
456.96719
414.22727
377.05546
344.68681
316.40608
291.53398
269.47391
249.68292
231.6442
214.8407
198.60196
182.01797
164.20882
146.36733
128.92855
111.0078
91.945489
72.046797
53.690328
38.986516
27.299362
19.615838
15.198682
12.387905
10.440883
8.996014
7.8639095
6.9397912
6.1631741
5.4977817
4.9208979
4.4174932
3.9769439
3.59122
3.2539122
2.9597162
2.7041492
2.4833634
2.2939888
2.1329797
1.997468
1.8846443
1.7916957
1.715823
1.6543342
1.6047628
1.564955
1.5330977
1.5076995
1.4875435
1.471638
1.4591793
1.44953
1.4421938
1.4367582
1.4328428
1.4301208
1.4283657
1.4274646
1.4273851
1.4281158
1.4296077
1.4317974
1.4346264
1.4380552
1.4420732
1.4466946
1.4519555
1.4579113
1.4646368
1.4722266
1.4807967
1.4904877
1.5014693
1.5139458
1.5281639
1.5444241
1.5630939
1.5846277
1.6095927
1.638706
1.6728862
1.7133298
1.7616226
1.8199123
1.8911788
1.9796769
2.0916911
2.2368858
2.4308684
2.7003991
3.0949148
3.7148269
3601323.1
588082.41
183726.04
79617.99
41611.77
24583.14
15906.217
11080.378
8200.9236
6358.9215
5093.3465
4168.0202
3461.2873
2904.7037
2456.3744
2090.2971
1788.7968
1538.9873
1331.1063
1157.5723
1012.4138
890.28113
786.61338
698.17398
622.3962
557.20744
500.92863
452.19339
409.88453
373.08491
341.03979
313.04706
288.43643
266.6148
247.04258
229.20541
212.58728
196.53553
180.17025
162.61805
144.98397
127.77426
110.15456
91.440092
71.857207
53.676877
39.046789
27.334867
19.596928
15.150365
12.328421
10.37885
8.9358135
7.8077095
6.8885332
6.1171089
5.4567772
4.8846235
4.3855344
3.9488712
3.5666284
3.2324382
2.9410401
2.6879901
2.4694684
2.2821227
2.1229161
1.9889849
1.8775252
1.7857342
1.7108312
1.6501474
1.6012411
1.5619809
1.5305729
1.505541
1.4856807
1.4700104
1.4577347
1.4482239
1.4409871
1.4356155
1.4317332
1.4290184
1.4272497
1.4263195
1.4262025
1.4268873
1.4283243
1.4304501
1.4332069
1.4365557
1.4404853
1.4450098
1.4501642
1.4560031
1.4626003
1.470049
1.4784639
1.4879838
1.4987764
1.5110439
1.5250304
1.5410333
1.5594165
1.5806302
1.6052365
1.6339463
1.6676711
1.7075982
1.7553029
1.8129202
1.8834154
1.9710284
2.0820319
2.2260935
2.4188706
2.6873096
3.0814414
3.7035625
3548665.1
579483.9
181041.72
78458.927
41012.414
24237.389
15691.989
10940.218
8104.2356
6288.3491
5039.0342
4124.533
3425.6171
2874.968
2431.2743
2068.9305
1770.5104
1523.2894
1317.6003
1145.904
1002.2385
881.32251
778.69182
691.13931
616.11999
551.58079
495.85963
447.60441
405.70975
369.26814
337.53254
309.81392
285.45265
263.85908
244.49675
226.85368
210.41498
194.54284
178.38533
161.08157
143.64642
126.65458
109.31795
90.93038
71.653384
53.649092
39.089095
27.363915
19.578594
15.102854
12.270522
10.318746
8.8775796
7.7533703
6.8389744
6.0725669
5.4171252
4.8495452
4.3546316
3.9217312
3.5428603
3.2116899
2.923002
2.6723886
2.4560571
2.2706719
2.1132051
1.9807982
1.8706527
1.7799769
1.7060075
1.6460986
1.5978322
1.5590986
1.5281221
1.5034417
1.4838648
1.4684194
1.4563183
1.4469393
1.4397968
1.4344856
1.4306338
1.4279242
1.4261413
1.4251821
1.4250263
1.4256646
1.4270478
1.4291097
1.431794
1.4350622
1.4389031
1.4433301
1.4483774
1.4540987
1.4605668
1.4678735
1.4761321
1.4854797
1.4960822
1.5081391
1.5218924
1.537636
1.5557304
1.5766213
1.6008659
1.6291686
1.6624335
1.7018386
1.7489482
1.8058842
1.8755964
1.9623085
2.0722796
2.2151779
2.4067073
2.6739971
3.0676778
3.6919838
3498142.4
571236.5
178467.22
77347.467
40437.654
23906.078
15486.829
10806.029
8011.6565
6220.7568
4987.0086
4082.9066
3391.4572
2846.4346
2407.1587
2048.3889
1752.9244
1508.1873
1304.6
1134.669
992.44469
872.70668
771.07735
684.37947
610.08983
546.17499
490.98949
443.19526
401.69825
365.60016
334.16105
306.70412
282.58048
261.20463
242.04334
224.58705
208.32191
192.62251
176.6628
159.59736
142.35251
125.56786
108.49855
90.419253
71.436877
53.606977
39.11336
27.388178
19.561965
15.05636
12.214183
10.260504
8.8212536
7.7008438
6.7910745
6.0295145
5.3787973
4.8156382
4.3247636
3.8955046
3.5198983
3.1916521
2.9055877
2.657332
2.4431179
2.2596264
2.1038385
1.972901
1.8640215
1.7744193
1.7013486
1.6421853
1.5945343
1.5563067
1.5257445
1.5014012
1.4820957
1.4668652
1.4549308
1.445677
1.4386238
1.4333692
1.4295454
1.4268396
1.425041
1.4240528
1.4238586
1.4244495
1.4257787
1.4277767
1.4303883
1.4335755
1.4373271
1.4416561
1.4465957
1.4521987
1.4585369
1.4657008
1.4738021
1.4829763
1.4933872
1.5052323
1.5187506
1.5342331
1.5520365
1.5726022
1.596482
1.624374
1.6571745
1.6960523
1.74256
1.7988057
1.8677233
1.9535186
2.0624355
2.2041401
2.3943781
2.6604596
3.0536176
3.6800794
3449739.9
563327.98
175999.61
76281.908
39886.728
23588.592
15290.298
10677.501
7923.0058
6156.0287
4937.1931
4043.0977
3358.7843
2819.0891
2384.0092
2028.6496
1736.0147
1493.6596
1292.088
1123.8522
983.01911
864.42171
763.75913
677.8848
604.29736
540.9828
486.31197
438.96039
397.84505
362.07636
330.92127
303.71444
279.81748
258.64939
239.68043
222.40355
206.30607
190.77282
175.00156
158.16391
141.10073
124.51296
107.69666
89.908819
71.2092
53.550811
39.120253
27.408896
19.54773
15.01108
12.15939
10.20407
8.7667782
7.6500813
6.7447937
5.9879181
5.3417652
4.7828783
4.2959089
3.8701728
3.4977257
3.1723097
2.8887838
2.6428079
2.4306401
2.2489768
2.0948081
1.9652865
1.857626
1.7690572
1.696851
1.6384048
1.5913453
1.5536037
1.5234393
1.4994191
1.4803734
1.4653482
1.4535723
1.4444375
1.4374687
1.4322673
1.428469
1.4257651
1.4239493
1.4229321
1.4226995
1.4232434
1.4245174
1.4264514
1.4289901
1.432096
1.4357579
1.4399881
1.4448195
1.4503037
1.4565111
1.4635313
1.4714743
1.480474
1.4906922
1.502324
1.5156058
1.5308253
1.5483356
1.5685736
1.5920857
1.6195636
1.6518955
1.6902405
1.7361395
1.7916862
1.8597975
1.9446604
2.0525012
2.1929808
2.3818835
2.6466946
3.039255
3.6678372
3403354
555751.89
173635.37
75261.117
39359.04
23284.53
15102.15
10554.474
7838.148
6094.0372
4889.459
4004.9447
3327.462
2792.8634
2361.7939
2009.6956
1719.7694
1479.695
1280.0543
1113.4443
973.95177
856.45667
756.72688
671.64577
598.73404
535.99667
481.82044
434.89389
394.14477
358.69203
327.80908
300.84153
277.161
256.19115
237.40604
220.30127
204.3654
188.99187
173.40021
156.77985
139.88999
123.48904
106.91246
89.400651
70.971791
53.481184
39.11118
27.426727
19.536029
14.967152
12.106138
10.149391
8.7141004
7.6010368
6.7000928
5.9477449
5.3060007
4.7512414
4.2680466
3.8457169
3.4763256
3.1536471
2.8725763
2.6288043
2.4186126
2.2387135
2.0861058
1.957948
1.8514609
1.7638861
1.6925115
1.6347545
1.5882634
1.5509884
1.5212054
1.4974949
1.4786975
1.4638682
1.4522434
1.4432215
1.4363324
1.4311806
1.4274051
1.4247014
1.4228678
1.42182
1.4215495
1.4220463
1.4232646
1.4251344
1.4276
1.4306243
1.434196
1.4383271
1.4430496
1.4484142
1.4544901
1.4613657
1.4691495
1.4779736
1.4879979
1.499415
1.5124587
1.5274135
1.5446287
1.5645366
1.5876781
1.6147383
1.6465974
1.6844044
1.7296881
1.7845271
1.8518205
1.9357351
2.042478
2.1817014
2.3692235
2.6327001
3.0245831
3.6552459
3358762.5
548480
171365.96
74281.776
38853.045
22993.135
14921.946
10436.704
7756.8957
6034.6431
4843.6939
3968.3427
3297.4033
2767.6898
2340.4668
1991.4959
1704.1681
1466.2802
1268.489
1103.4381
965.23556
848.80347
749.97198
665.65419
593.39222
531.2096
477.50858
430.99023
390.59257
355.44277
324.82067
298.08213
274.60838
253.82777
235.21826
218.2783
202.49788
187.27775
171.85734
155.44396
138.71932
122.49547
106.14609
88.895964
70.725945
53.398941
39.087992
27.441826
19.526544
14.924628
12.054414
10.096419
8.6631682
7.5536639
6.656933
5.9089623
5.2714762
4.7207035
4.2411557
3.8221186
3.4556815
3.1356496
2.8569519
2.6153089
2.4070251
2.2288274
2.0777239
1.9508791
1.8455209
1.7589021
1.6883266
1.631232
1.5852865
1.5484593
1.519042
1.4956279
1.477068
1.4624254
1.4509442
1.4420293
1.4352153
1.4301097
1.4263546
1.4236492
1.4217969
1.4207183
1.4204083
1.4208589
1.4220206
1.423826
1.4262184
1.4291608
1.4326419
1.4366732
1.4412863
1.4465306
1.4524744
1.4592045
1.4668282
1.4754757
1.4853048
1.496506
1.5093101
1.5239984
1.5409165
1.5604919
1.58326
1.6098993
1.6412814
1.6785453
1.7232072
1.7773299
1.843794
1.9267448
2.0323675
2.170303
2.3563982
2.6184744
3.0095951
3.6422926
3316141.5
541522.62
169192.97
73343.697
38368.388
22714.069
14749.405
10323.999
7679.1208
5977.7435
4799.8132
3933.2222
3268.5502
2743.5194
2319.9876
1974.0206
1689.187
1453.3972
1257.3792
1093.8228
956.8609
841.45359
743.48643
659.90245
588.26484
526.61508
473.37034
427.24384
387.18343
352.32413
321.95202
295.43285
272.15678
251.55688
233.11505
216.33273
200.70154
185.6286
170.37143
154.15502
137.58783
121.53179
105.39767
88.395729
70.472863
53.305076
39.052658
27.453985
19.518658
14.883476
12.004197
10.045109
8.6139314
7.5079183
6.6152766
5.871538
5.2381645
4.6912412
4.2152156
3.7993595
3.4357772
3.1183029
2.8418975
2.6023102
2.3958672
2.2193096
2.0696548
1.9440733
1.8398008
1.7541007
1.6842931
1.6278344
1.5824126
1.5460149
1.5169479
1.4938175
1.4754843
1.4610198
1.4496751
1.4408615
1.4341182
1.4290554
1.4253181
1.422609
1.4207371
1.4196275
1.4192781
1.4196813
1.4207865
1.4225266
1.4248458
1.4277059
1.431096
1.4350272
1.4395302
1.4446535
1.4504644
1.4570484
1.464511
1.4729809
1.4826138
1.4935976
1.5061607
1.5205809
1.5371998
1.5564405
1.5788326
1.6050475
1.6359487
1.6726645
1.716698
1.7700961
1.8357196
1.9176908
2.0221713
2.1587867
2.3434078
2.6040148
2.9942848
3.6289627
3275321.9
534857.61
167112.33
72445.343
37904.099
22446.789
14584.219
10216.12
7604.6744
5923.2421
4757.7429
3899.5318
3240.8572
2720.315
2300.324
1957.2419
1674.8039
1441.0276
1246.7102
1084.5876
948.81826
834.39738
737.26141
654.38243
583.34457
522.20655
469.39983
423.64943
383.91259
349.33194
319.19951
292.89039
269.80339
249.37608
231.0943
214.46262
198.97444
184.04255
168.94103
152.91184
136.49471
120.59754
104.6673
87.900741
70.213657
53.200668
39.007042
27.462821
19.51162
14.843591
11.955447
9.9954142
8.5663421
7.4637562
6.5750859
5.8354404
5.206038
4.662831
4.1902061
3.7774217
3.4165966
3.1015922
2.8274001
2.5897966
2.3851286
2.2101514
2.061891
1.9375247
1.8342955
1.7494781
1.6804077
1.6245594
1.57964
1.5436538
1.5149223
1.492063
1.4739464
1.4596513
1.4484361
1.4397183
1.4330413
1.4280181
1.4242962
1.4215818
1.419689
1.418548
1.4181588
1.4185137
1.4195626
1.4212373
1.4234825
1.4262601
1.4295589
1.4333894
1.4377816
1.4427835
1.4484608
1.4548978
1.4621985
1.4704897
1.4799253
1.4906906
1.5030112
1.5171616
1.5334796
1.5523832
1.5743966
1.6001841
1.6306004
1.6667631
1.710162
1.7628271
1.8275988
1.908575
2.0118912
2.1471541
2.330253
2.5893201
2.9786448
3.6152433
3236136.8
528458.01
165116.16
71583.741
37459.182
22190.77
14426.076
10112.864
7533.4064
5871.0443
4717.4196
3867.2138
3214.2794
2698.0397
2281.446
1941.1334
1660.9971
1429.1539
1236.4674
1075.7199
941.09678
827.6253
731.2883
649.08659
578.62444
517.97757
465.5913
420.20179
380.77539
346.46198
316.55933
290.45147
267.54536
247.28293
229.15391
212.66601
197.31466
182.51785
167.56464
151.71321
135.43908
119.69232
103.95505
87.41168
69.949356
53.086771
38.952752
27.467885
19.50466
14.804822
11.908113
9.9472872
8.5203527
7.4211348
6.536324
5.8006381
5.1750706
4.63545
4.1661069
3.7562876
3.3981241
3.0855041
2.8134475
2.5777571
2.3747994
2.2013441
2.0544253
1.9312271
1.8290002
1.7450302
1.6766673
1.6214045
1.5769666
1.5413746
1.512964
1.4903639
1.4724537
1.4583198
1.4472275
1.4386001
1.4319853
1.4269985
1.4232895
1.4205678
1.4186527
1.41748
1.417051
1.4173574
1.4183489
1.4199583
1.422129
1.4248239
1.4280309
1.4317602
1.4360413
1.4409209
1.446464
1.4527532
1.4598912
1.4680029
1.47724
1.4877856
1.4998623
1.5137414
1.5297565
1.548321
1.5699531
1.59531
1.6252376
1.6608424
1.7036005
1.7555245
1.8194334
1.8993991
2.0015288
2.1354067
2.3169343
2.5743879
2.9626683
3.6011182
3198640.2
522330.38
163203.75
70758.468
37033.034
21945.668
14274.77
10014.096
7465.2117
5821.057
4678.7732
3836.2168
3188.777
2676.6593
2263.3227
1925.6677
1647.7412
1417.7556
1226.6382
1067.215
933.68925
821.12588
725.55699
644.00617
574.09693
513.92164
461.93895
416.89574
377.76717
343.7101
314.02785
288.11285
265.37985
245.27497
227.29171
210.94096
195.72038
181.05273
166.24077
150.55792
134.42007
118.81568
103.26094
86.92908
69.680843
52.964353
38.891078
27.468756
19.497066
14.766985
11.86213
9.900678
8.4759164
7.3800118
6.4989545
5.7671002
5.1452355
4.6090754
4.1428985
3.7359397
3.3803441
3.0700239
2.8000269
2.5661805
2.3648705
2.1928794
2.0472505
1.9251747
1.82391
1.7407531
1.6730688
1.6183671
1.5743905
1.5391758
1.5110721
1.4887195
1.4710059
1.4570252
1.4460493
1.4375072
1.4309505
1.4259969
1.4222984
1.419568
1.4176291
1.4164235
1.4159549
1.4162127
1.4171466
1.4186902
1.420786
1.4233977
1.4265124
1.4301402
1.4343096
1.4390664
1.4444745
1.4506153
1.4575897
1.4655209
1.4745585
1.4848832
1.4967147
1.5103209
1.5260314
1.5442547
1.565503
1.5904263
1.6198615
1.6549038
1.6970149
1.7481899
1.811225
1.8901649
1.9910862
2.1235461
2.3034524
2.5592172
2.9463483
3.5865722
3162751.6
516465.84
161372.83
69968.392
36624.992
21711.056
14129.988
9919.621
7399.9735
5773.1983
4641.7425
3806.5004
3164.3147
2656.1424
2245.9275
1910.8225
1635.018
1406.8177
1217.2089
1059.0574
926.58366
814.89134
720.05926
639.13298
569.75461
510.03208
458.43682
413.72608
374.88335
341.07225
311.60138
285.87127
263.30399
243.34969
225.50552
209.28555
194.18974
179.64547
164.96792
149.44476
133.43679
117.96713
102.58495
86.453398
69.408918
52.834281
38.822999
27.465072
19.488215
14.729888
11.817424
9.8555351
8.4329868
7.3403463
6.4629421
5.7347963
5.116507
4.583685
4.1205614
3.716361
3.3632415
3.0551387
2.7871267
2.5550564
2.3553322
2.1847493
2.04036
1.9193616
1.8190202
1.736643
1.6696091
1.6154449
1.5719098
1.537056
1.5092456
1.487129
1.4696026
1.4557674
1.4449016
1.4364398
1.4299373
1.4250139
1.4213236
1.4185826
1.4166193
1.4153797
1.4148705
1.41508
1.415956
1.4174332
1.4194538
1.4219817
1.425004
1.4285298
1.4325869
1.4372204
1.4424929
1.4484845
1.4552945
1.4630443
1.4718814
1.4819841
1.4935691
1.5069009
1.522305
1.5401851
1.5610472
1.585534
1.6144731
1.6489483
1.6904066
1.7408247
1.8029753
1.8808744
1.9805651
2.1115741
2.2898084
2.5438058
2.9296771
3.5715888
3128272.9
510843.61
159618.43
69211.398
36234.323
21486.505
13991.464
9829.2737
7337.5823
5727.3977
4606.2738
3778.0147
3140.8518
2636.4574
2229.2347
1896.5762
1622.8094
1396.3234
1208.1626
1051.2314
919.76736
808.91153
714.78671
634.45956
565.59065
506.30268
455.07931
410.68772
372.11935
338.54429
309.27627
283.72343
261.31492
241.50458
223.79313
207.69776
192.72096
178.29437
163.7446
148.37249
132.48827
117.14618
101.92697
85.984982
69.134262
52.697294
38.749259
27.456519
19.47758
14.693335
11.773915
9.8118059
8.3915181
7.3020974
6.4282517
5.7036969
5.0888596
4.5592569
4.0990766
3.6975349
3.3468017
3.0408353
2.774735
2.5443744
2.3461755
2.1769461
2.0337469
1.9137825
1.8143262
1.7326962
1.6662852
1.6126356
1.5695228
1.5350139
1.5074834
1.4855918
1.4682435
1.4545463
1.4437844
1.4353981
1.4289459
1.4240497
1.4203654
1.4176123
1.4156232
1.4143497
1.4137997
1.4139596
1.4147775
1.4161874
1.4181329
1.4205767
1.4235059
1.4269294
1.4308737
1.4353834
1.4405196
1.4463613
1.4530061
1.4605737
1.4692094
1.4790889
1.4904261
1.5034822
1.5185783
1.5361131
1.5565867
1.5806342
1.6090737
1.6429773
1.6837771
1.7334305
1.7946861
1.8715294
1.9699676
2.0994924
2.2760031
2.5281529
2.9126479
3.5561495
3095284.4
505457.88
157938.25
68486.547
35860.388
21271.679
13859.026
9742.9166
7277.9403
5683.5925
4572.3175
3750.7221
3118.3593
2617.5783
2213.2214
1882.9083
1611.0967
1386.2555
1199.4841
1043.7232
913.22849
803.17593
709.73001
629.97795
561.59796
502.72709
451.86076
407.77557
369.4706
336.12217
307.04884
281.66611
259.40972
239.73711
222.15233
206.1757
191.31221
176.99777
162.56929
147.33981
131.57351
116.35221
101.28685
85.52409
68.857447
52.553989
38.67035
27.442863
19.464738
14.657142
11.731518
9.7694347
8.351465
7.2652257
6.3948492
5.6737724
5.0622687
4.5357698
4.0784256
3.6794449
3.33101
3.0271009
2.7628405
2.5341243
2.3373915
2.1694619
2.0274049
1.9084317
1.8098237
1.728909
1.6630941
1.6099367
1.5672277
1.5330481
1.5057846
1.4841072
1.4669281
1.4533615
1.4426978
1.4343823
1.4279768
1.4231049
1.4194244
1.4166574
1.414642
1.4133332
1.4127412
1.4128521
1.4136113
1.4149539
1.4168234
1.4191829
1.4220187
1.4253393
1.4291705
1.4335557
1.4385551
1.4442462
1.4507251
1.4581097
1.4665429
1.4761983
1.4872865
1.5000653
1.5148518
1.5320395
1.5521223
1.5757277
1.6036643
1.636992
1.6771277
1.726009
1.7863593
1.862132
1.959296
2.0873031
2.2620377
2.5122568
2.8952523
3.5402374
3063814.8
500316.38
156332.55
67793.715
35502.851
21066.287
13732.488
9660.446
7220.9661
5641.7193
4539.8333
3724.5901
3096.8086
2599.4801
2197.8647
1869.7981
1599.8602
1376.5966
1191.157
1036.5188
906.95466
797.67401
704.87985
625.67996
557.76932
499.29892
448.77541
404.98453
366.93263
333.80187
304.91549
279.69603
257.58554
238.04473
220.58088
204.71737
189.96173
175.75397
161.44048
146.34546
130.69146
115.58456
100.66435
85.070873
68.578904
52.404847
38.58661
27.423908
19.449338
14.621135
11.690149
9.7283661
8.3127819
7.2296927
6.3627013
5.644995
5.0367098
4.5132029
4.0585902
3.6620754
3.3158527
3.0139229
2.7514322
2.5242965
2.3289716
2.1622896
2.0213276
1.903304
1.8055082
1.7252781
1.6600332
1.6073462
1.5650226
1.5311573
1.5041482
1.4826746
1.465656
1.4522131
1.4416419
1.4333926
1.4270301
1.4221798
1.4185011
1.4157189
1.4136755
1.4123314
1.4116962
1.4117576
1.4124579
1.4137328
1.4155261
1.4178009
1.4205429
1.4237601
1.4274776
1.4317379
1.4365999
1.4421397
1.448452
1.4556527
1.4638826
1.4733127
1.4841508
1.4966511
1.5111264
1.5279652
1.5476551
1.5708157
1.5982461
1.6309938
1.6704599
1.7185617
1.7779965
1.8526842
1.9485522
2.0750086
2.2479139
2.4961167
2.877484
3.5238317
3033685
495399.94
154797.16
67131.306
35161.064
20870.042
13611.638
9581.7232
7166.5848
5601.7227
4508.7768
3699.5849
3076.1702
2582.1368
2183.1399
1857.2229
1589.0795
1367.3274
1183.1655
1029.6041
900.93375
792.39471
700.22673
621.55703
554.09728
496.01173
445.81771
402.30964
364.50097
331.57942
302.87269
277.81003
255.8395
236.42491
219.07659
203.32082
188.66772
174.56132
160.35663
145.38812
129.84105
114.84252
100.05917
84.625409
68.298991
52.250227
38.498227
27.399499
19.431103
14.585154
11.649722
9.6885452
8.2754252
7.1954603
6.331776
5.6173368
5.0121596
4.491536
4.0395531
3.645411
3.301316
3.0012891
2.740499
2.5148815
2.3209079
2.1554217
2.0155089
1.8983946
1.8013755
1.7217999
1.6570997
1.6048617
1.562906
1.5293402
1.5025733
1.4812933
1.4644269
1.4511007
1.4406165
1.432429
1.4261062
1.4212747
1.4175957
1.414797
1.412725
1.4113439
1.4106652
1.4106766
1.4113177
1.4125246
1.4142412
1.4164307
1.4190787
1.4221921
1.4257955
1.4299303
1.4346544
1.4400423
1.4461873
1.4532033
1.461229
1.4704329
1.4810198
1.4932403
1.5074029
1.523891
1.5431858
1.5658992
1.5928201
1.6249838
1.663775
1.7110904
1.7695998
1.843188
1.9377388
2.0626109
2.2336334
2.4797319
2.8593344
3.5069119
3004813.7
490687.91
153326.82
66497.255
34834.154
20682.513
13496.278
9506.6183
7114.7095
5563.5459
4479.1045
3675.6706
3056.4152
2565.5222
2169.0248
1845.1616
1578.7354
1358.4311
1175.4938
1022.9658
895.15361
787.32722
695.76079
617.60083
550.5745
492.85889
442.98175
399.74576
362.17104
329.45072
300.9167
276.00479
254.16871
234.87509
217.63716
201.98404
187.4284
173.41814
159.31617
144.46644
129.02111
114.12531
99.470942
84.187699
68.017929
52.090367
38.405286
27.369512
19.409813
14.549053
11.610155
9.6499171
8.2393517
7.1624924
6.302042
5.5907718
4.9885957
4.4707498
4.0212974
3.6294367
3.2873869
2.9891883
2.730031
2.5058699
2.3131919
2.1488517
2.0099431
1.8936983
1.7974217
1.7184712
1.654291
1.6024813
1.5608762
1.5275956
1.5010589
1.4799627
1.4632403
1.4500243
1.4396218
1.4314918
1.4252051
1.4203899
1.4167087
1.413892
1.4117906
1.4103722
1.4096494
1.4096094
1.4101909
1.4113295
1.4129692
1.415073
1.4176264
1.4206357
1.4241245
1.4281334
1.432719
1.4379545
1.4439314
1.4507619
1.4585827
1.4675594
1.477894
1.4898334
1.5036819
1.5198176
1.5387154
1.5609791
1.5873876
1.6189633
1.6570746
1.7035965
1.7611709
1.8336458
1.9268579
2.0501125
2.2191978
2.4631017
2.840797
3.4894564
2977192.7
486182.95
151921.88
65891.16
34521.787
20503.46
13386.238
9435.0368
7065.2772
5527.146
4450.7842
3652.8208
3037.5183
2549.6133
2155.4967
1833.5926
1568.8075
1349.8893
1168.1258
1016.5895
889.60169
782.4603
691.47233
613.80258
547.1933
489.83377
440.26165
397.28766
359.93824
327.41172
299.04395
274.27707
252.57028
233.39275
216.26039
200.70507
186.24197
172.32272
158.31757
143.57906
128.23047
113.43208
98.899213
83.757648
67.73589
51.925444
38.307799
27.333843
19.385302
14.512706
11.571371
9.6124293
8.2045204
7.1307546
6.2734702
5.5652746
4.9659963
4.4508256
4.0038068
3.6141386
3.2740527
2.9776091
2.720018
2.4972532
2.3058162
2.1425725
2.0046244
1.8892105
1.7936429
1.7152889
1.6516044
1.600203
1.5589316
1.5259222
1.4996043
1.4786822
1.4620959
1.4489837
1.4386576
1.4305811
1.4243272
1.4195256
1.4158402
1.4130044
1.4108727
1.4094163
1.4086488
1.4085561
1.409078
1.410148
1.4117104
1.4137281
1.4161865
1.4190912
1.4224652
1.4263476
1.4307941
1.4358766
1.4416849
1.4483293
1.4559442
1.4646928
1.474774
1.4864312
1.4999642
1.515746
1.5342448
1.5560564
1.5819496
1.6129336
1.6503601
1.6960819
1.7527119
1.8240596
1.9159124
2.0375162
2.2046093
2.4462261
2.8218633
3.4714413
2950850.8
481885.82
150581.06
65312.817
34223.85
20332.728
13281.374
9366.8993
7018.2409
5492.4924
4423.7888
3631.0101
3019.4538
2534.3846
2142.5315
1822.4945
1559.2761
1341.6841
1161.0456
1010.4613
884.26574
777.78304
687.35159
610.15369
543.94602
486.92967
437.65159
394.93019
357.79806
325.45833
297.25075
272.62362
251.04133
231.97535
214.94418
199.48244
185.10676
171.27297
157.35913
142.72456
127.4679
112.76194
98.343497
83.335105
67.452926
51.755544
38.205722
27.292416
19.357432
14.476001
11.533296
9.5760318
8.1708919
7.100214
6.2460324
5.5408214
4.9443411
4.4317458
3.987066
3.5995027
3.2613013
2.9665407
2.7104505
2.4890228
2.2987732
2.1365781
1.9995474
1.8849267
1.7900353
1.7122499
1.6490376
1.5980247
1.5570707
1.5243189
1.4982084
1.4774512
1.4609934
1.4479786
1.437724
1.4296968
1.4234727
1.4186821
1.4149905
1.4121342
1.4099715
1.4084766
1.4076638
1.4075181
1.4079792
1.4089803
1.410465
1.4123964
1.4147595
1.4175592
1.4208177
1.4245732
1.4288802
1.4338091
1.4394481
1.4459057
1.4533139
1.4618336
1.4716605
1.4830343
1.4962505
1.5116768
1.5297748
1.5511321
1.5765072
1.606896
1.6436329
1.6885482
1.7442247
1.8144318
1.9049046
2.0248245
2.1898706
2.4291051
2.802526
3.4528432
2925743.3
477783.38
149301
64761.282
33939.761
20170.06
13181.6
9302.1405
6973.5458
5459.5433
4398.0885
3610.2093
3002.1976
2519.8117
2130.1064
1811.8453
1550.1212
1333.7966
1154.2361
1004.5661
879.13259
773.28397
683.38836
606.64523
540.82495
484.13972
435.14556
392.66803
355.7457
323.58646
295.53391
271.04134
249.57862
230.62012
213.68603
198.31344
184.02074
170.26772
156.43933
141.90154
126.73214
112.11392
97.803232
82.919855
67.169048
51.58071
38.098981
27.245166
19.326112
14.438844
11.495867
9.5406785
8.1384304
7.0708408
6.219703
5.5173902
4.923611
4.4134938
3.9710602
3.5855162
3.2491212
2.9559724
2.7013192
2.4811705
2.2920558
2.1308622
1.9947069
1.8808425
1.7865954
1.7093513
1.6465883
1.5959447
1.5552921
1.5227847
1.4968705
1.4762691
1.4599323
1.447009
1.4368209
1.4288392
1.4226416
1.4178598
1.4141602
1.4112816
1.4090872
1.4075533
1.4066946
1.4064952
1.4068948
1.4078266
1.4092335
1.4110782
1.4133456
1.4160399
1.4191827
1.4228108
1.4269777
1.4317524
1.4372216
1.4434916
1.4506926
1.4589824
1.468554
1.4796434
1.4925416
1.5076109
1.5253064
1.5462073
1.5710615
1.6008517
1.6368945
1.6809971
1.7357112
1.8047647
1.8938374
2.0120407
2.1749839
2.4117389
2.7827782
3.4336359
2901820
473875.3
148081.8
64235.598
33669.014
20015.244
13086.78
9240.6642
6931.1412
5428.2627
4373.6506
3590.3921
2985.7213
2505.8699
2118.1967
1801.6218
1541.3208
1326.2074
1147.6803
998.88915
874.18921
768.95135
679.57254
603.26825
537.82215
481.45697
432.73736
390.4958
353.77656
321.79218
293.89016
269.52716
248.17908
229.32425
212.48354
197.19603
182.98209
169.30522
155.55659
141.1086
126.02194
111.48708
97.277877
82.511662
66.884219
51.400958
37.987501
27.192062
19.291283
14.401162
11.459028
9.5063293
8.1071038
7.0426072
6.1944587
5.4949604
4.9037883
4.3960538
3.9557757
3.5721668
3.2375012
2.9458946
2.6926151
2.4736884
2.2856574
2.1254188
1.9900979
1.8769537
1.7833197
1.7065903
1.6442542
1.5939612
1.5535945
1.5213185
1.49559
1.4751354
1.4589123
1.4460745
1.4359483
1.4280082
1.4218342
1.4170587
1.4133495
1.4104476
1.4082198
1.4066465
1.4057414
1.405488
1.4058256
1.4066872
1.408016
1.4097738
1.4119451
1.4145337
1.4175602
1.4210606
1.425087
1.429707
1.4350057
1.4410876
1.4480805
1.4561398
1.4654552
1.4762591
1.4888381
1.5035491
1.5208403
1.5412828
1.5656137
1.594802
1.6301464
1.6734304
1.7271737
1.795061
1.8827136
1.999168
2.1599525
2.3941286
2.7626122
3.413792
2879051.1
470156.49
146921.21
63735.021
33411.46
19868.102
12996.784
9182.4127
6890.9926
5398.6198
4350.4453
3571.5291
2969.9979
2492.5291
2106.774
1791.7971
1532.851
1318.8951
1141.3595
993.41446
869.42157
764.77315
675.89359
600.01372
534.92974
478.87457
430.42096
388.40824
351.88605
320.07145
292.31559
268.07775
246.84002
228.08514
211.33434
196.12816
181.98895
168.38374
154.70931
140.34431
125.33605
110.88044
96.76684
82.11028
66.598403
51.216299
37.871217
27.133096
19.252912
14.362898
11.422733
9.4729491
8.076884
7.0154901
6.170278
5.4735138
4.8848564
4.3794116
3.9411995
3.5594429
3.2264311
2.936298
2.6843301
2.4665692
2.2795712
2.1202424
1.9857157
1.8732564
1.780205
1.7039644
1.6420333
1.5920726
1.5519764
1.5199192
1.4943659
1.4740496
1.4579332
1.4451752
1.4351061
1.427204
1.4210506
1.4162792
1.4125586
1.4096324
1.4073705
1.4057561
1.4048045
1.4044965
1.4047717
1.4055628
1.406813
1.4084835
1.4105584
1.413041
1.4159508
1.419323
1.4232084
1.4276733
1.432801
1.4386941
1.4454783
1.4533063
1.4623646
1.4728821
1.4851408
1.4994921
1.5163776
1.5363597
1.5601649
1.5887482
1.6233901
1.6658498
1.7186141
1.7853228
1.8715361
1.9862094
2.1447796
2.3762752
2.7420214
3.3932821
2857351.4
466612.2
145815.99
63258.997
33166.728
19728.431
12911.526
9127.3402
6853.0568
5370.5791
4328.4435
3553.5887
2954.9946
2479.7604
2095.8102
1782.345
1524.6874
1311.838
1135.2548
988.12568
864.81596
760.73709
672.34069
596.87213
532.1395
476.38537
428.19029
386.40004
350.06957
318.42021
290.80644
266.68974
245.5586
226.90033
210.23615
195.10782
181.03954
167.50161
153.89597
139.60735
124.67328
110.2931
96.269598
81.715493
66.311568
51.026769
37.750099
27.068315
19.21102
14.324022
11.386952
9.4405132
8.047749
6.9894688
6.1471435
5.4530338
4.8668009
4.3635537
3.9273197
3.5473335
3.2159008
2.9271737
2.676456
2.4598057
2.273791
2.1153277
1.9815558
1.8697469
1.7772483
1.7014711
1.6399235
1.5902773
1.5504368
1.518586
1.4931977
1.4730112
1.4569946
1.4443108
1.4342944
1.4264266
1.4202909
1.4155214
1.4117876
1.4088359
1.4065391
1.4048834
1.4038837
1.4035211
1.4037334
1.4044536
1.4056246
1.4072076
1.4091858
1.4115619
1.4143547
1.4175983
1.4213424
1.4256516
1.4306078
1.4363116
1.4428864
1.4504823
1.4592828
1.4695129
1.4814503
1.4954406
1.5119189
1.5314388
1.5547161
1.5826915
1.6166271
1.658257
1.7100345
1.7755528
1.860308
1.9731687
2.1294688
2.3581808
2.7209987
3.3720747
2836692.7
463241
144764.8
62806.648
32934.347
19596.037
12830.89
9075.3611
6817.2859
5344.1031
4307.6083
3536.5339
2940.6741
2467.5267
2085.2709
1773.2343
1516.8022
1305.0118
1129.3449
983.00509
860.35727
756.8305
668.90294
593.83421
529.44344
473.98243
426.03941
384.46613
348.32266
316.83445
289.35907
265.35985
244.33191
225.76732
209.1868
194.13306
180.13207
166.6572
153.11508
138.89644
124.03255
109.72421
95.785668
81.327145
66.023747
50.832485
37.624195
26.997817
19.165663
14.284534
11.351669
9.4090036
8.0196824
6.9645279
6.1250398
5.4335065
4.8496085
4.3484682
3.914125
3.5358285
3.205901
2.9185129
2.6689855
2.4533914
2.2683112
2.1106697
1.9776139
1.8664216
1.7744467
1.6991079
1.637923
1.5885737
1.5489744
1.517318
1.4920847
1.4720198
1.4560962
1.4434811
1.4335131
1.4256761
1.4195553
1.4147855
1.4110371
1.4080583
1.4057257
1.4040282
1.4029799
1.4025615
1.4027109
1.4033598
1.4044513
1.4059462
1.4078276
1.4100969
1.4127723
1.415887
1.4194892
1.4236424
1.4284265
1.4339405
1.4403052
1.4476684
1.4562103
1.4661522
1.4777672
1.4913955
1.5074652
1.5265213
1.5492685
1.5766333
1.6098588
1.6506539
1.7014371
1.7657536
1.8490324
1.9600496
2.1140239
2.3398471
2.6995375
3.350138
2817122.1
460047.32
143768.94
62377.972
32714.219
19470.846
12754.824
9026.437
6783.6361
5319.1536
4287.894
3520.3195
2926.9925
2455.7851
2075.1168
1764.4299
1509.1649
1298.3904
1123.6085
978.03473
856.03044
753.04039
665.5696
590.8906
526.83354
471.65899
423.96238
382.6014
346.64095
315.31037
287.97009
264.08489
243.15714
224.68375
208.1843
193.20209
179.26486
165.84901
152.36532
138.21049
123.41294
109.17312
95.314765
80.945229
65.735108
50.633664
37.493648
26.921782
19.116958
14.24446
11.316886
9.3784146
7.9926741
6.9406558
6.1039547
5.4149195
4.8332676
4.3341438
3.9016053
3.5249183
3.1964231
2.910308
2.6619111
2.4473197
2.2631259
2.1062635
1.973886
1.8632773
1.7717974
1.6968729
1.6360301
1.5869606
1.5475883
1.5161144
1.4910263
1.4710749
1.4552378
1.4426862
1.4327621
1.4249525
1.4188439
1.4140717
1.4103072
1.4073004
1.4049312
1.4031905
1.402093
1.4016189
1.4017043
1.4022815
1.4032934
1.4046999
1.4064839
1.4086462
1.4112039
1.4141892
1.4176493
1.4216459
1.4262575
1.4315811
1.4377354
1.4448652
1.4531478
1.4628006
1.4740923
1.4873575
1.5030172
1.521608
1.5438232
1.5705748
1.6030868
1.6430422
1.6928241
1.7559279
1.8377127
1.946856
2.0984494
2.3212775
2.6776319
3.3274368
2798602.4
457025.55
142826.23
61972.091
32506.054
19352.681
12683.237
8980.5224
6752.0721
5295.6817
4269.2527
3504.8952
2913.8993
2444.4882
2065.3055
1755.8938
1501.7424
1291.9458
1118.0222
973.19552
851.81959
749.35381
662.32947
588.03206
524.30207
469.40846
421.9536
380.80103
345.02023
313.84427
286.63623
262.86185
242.03156
223.64734
207.22669
192.31325
178.43655
165.07576
151.64562
137.54872
122.81388
108.63943
94.856774
80.56988
65.445987
50.430693
37.358711
26.840479
19.065077
14.20386
11.282621
9.3487494
7.966721
6.9178456
6.0838791
5.3972631
4.817768
4.3205707
3.889751
3.5145941
3.1874588
2.9025512
2.6552264
2.4415849
2.2582303
2.1021049
1.9703684
1.8603108
1.7692981
1.6947638
1.6342431
1.5854367
1.5462773
1.5149744
1.490022
1.4701762
1.4544191
1.4419257
1.4320415
1.4242559
1.4181568
1.4133802
1.409598
1.4065623
1.4041558
1.4023714
1.4012239
1.4006932
1.4007144
1.4012195
1.402151
1.4034687
1.4051552
1.4072101
1.4096498
1.4125054
1.4158229
1.4196626
1.4241013
1.429234
1.4351771
1.442073
1.4500956
1.4594587
1.4704262
1.4833273
1.4985759
1.5166998
1.5383812
1.5645172
1.5963126
1.6354238
1.6841977
1.7460785
1.8263522
1.9335921
2.0827499
2.302475
2.6552767
3.3039337
2781106
454168.48
141935.35
61588.557
32309.605
19241.46
12616.058
8937.5404
6722.5215
5273.6208
4251.6137
3490.1896
2901.3264
2433.5756
2055.7828
1747.5807
1494.4973
1285.6472
1112.5609
968.46819
847.70968
745.75791
659.17202
585.24972
521.84153
467.22454
420.00788
379.06058
343.45675
312.433
285.35472
261.6881
240.95283
222.65621
206.31242
191.46532
177.64611
164.33661
150.95529
136.9107
122.23516
108.12314
94.411928
80.201519
65.156937
50.224137
37.219814
26.754293
19.010262
14.162831
11.248915
9.3200235
7.9418263
6.8960937
6.0648066
5.380529
4.8031009
4.3077402
3.8785536
3.5048477
3.1790006
2.8952362
2.648925
2.4361815
2.2536196
2.0981896
1.9670578
1.8575194
1.7669462
1.6927789
1.6325606
1.5840007
1.5450406
1.5138973
1.4890711
1.4693233
1.4536399
1.4411996
1.4313511
1.4235863
1.4174941
1.4127111
1.4089099
1.4058442
1.4033995
1.4015709
1.4003726
1.3997843
1.3997409
1.4001736
1.4010243
1.4022531
1.4038416
1.4057889
1.4081102
1.4108359
1.4140104
1.4176928
1.4219582
1.4268995
1.4326311
1.4392924
1.4470544
1.456127
1.4667696
1.4793056
1.4941421
1.5117978
1.5329436
1.558462
1.5895376
1.6278005
1.6755601
1.736208
1.8149544
1.9202623
2.0669305
2.2834439
2.6324666
3.2795887
2764567.7
451471.3
141094.85
61227.145
32124.678
19136.972
12553.167
8897.3869
6694.8875
5252.8758
4234.8822
3476.114
2889.1939
2422.9764
2046.4891
1739.4407
1487.3889
1279.4608
1107.1982
963.83217
843.68444
742.24016
656.08721
582.53552
519.44534
465.10188
418.12068
377.37638
341.9475
311.07401
284.12336
260.56155
239.91922
221.7091
205.44059
190.65756
176.893
163.63123
150.29426
136.29673
121.67724
107.62477
93.980839
79.840871
64.868828
50.014826
37.077531
26.66371
18.952823
14.1215
11.215823
9.2922615
7.9179989
6.8754013
6.0467332
5.3647108
4.7892587
4.2956442
3.8680052
3.4956717
3.1710416
2.8883561
2.6430012
2.4311042
2.2492892
2.094514
1.963951
1.8549003
1.7647398
1.6909165
1.6309812
1.5826517
1.5438774
1.5128825
1.4881734
1.4685159
1.4529001
1.4405079
1.4306911
1.4229437
1.416856
1.4120646
1.4082429
1.4051462
1.402662
1.4007888
1.3995394
1.3988931
1.3987841
1.399144
1.3999138
1.4010533
1.4025435
1.4043829
1.4065856
1.4091809
1.4122121
1.4157368
1.4198285
1.4245781
1.4300975
1.4365239
1.4440247
1.4528061
1.4631231
1.4752932
1.4897165
1.5069028
1.5275116
1.5524102
1.5827635
1.6201741
1.6669135
1.7263194
1.8035231
1.9068711
2.0509965
2.2641885
2.6091974
3.2543606
2749030.7
448937.36
140304.03
60887.413
31951.182
19039.18
12494.473
8859.9863
6669.0694
5233.3349
4218.9456
3462.5572
2877.4005
2412.6023
2037.3491
1731.4114
1480.368
1273.3588
1101.9282
959.27572
839.72358
738.78575
653.06444
579.88179
517.10786
463.03604
416.2887
375.74578
340.4903
309.76564
282.9413
259.48406
238.93059
220.80359
204.61048
189.89015
176.1777
162.96022
149.66333
135.70787
121.14129
107.14552
93.564628
79.48901
64.58285
49.803819
36.932616
26.569341
18.893134
14.08003
11.183417
9.2654963
7.8952526
6.8557712
6.0296565
5.3498032
4.7762349
4.2842757
3.8580988
3.4870594
3.1635753
2.8819053
2.63745
2.4263487
2.2452352
2.0910746
1.9610449
1.8524513
1.7626769
1.6891749
1.6295037
1.5813886
1.5427868
1.5119294
1.4873282
1.4677537
1.4521993
1.4398503
1.4300613
1.4223283
1.4162424
1.4114408
1.4075971
1.4044685
1.4019445
1.4000252
1.3987239
1.3980193
1.3978445
1.3981311
1.3988197
1.3998695
1.4012612
1.4029923
1.4050761
1.4075407
1.4104284
1.4137951
1.4177126
1.42227
1.427577
1.4337678
1.4410069
1.4494967
1.4594873
1.4712907
1.4852999
1.5020158
1.5220862
1.5463633
1.5759918
1.6125465
1.6582605
1.7164156
1.7920618
1.8934233
2.0349541
2.2447151
2.5854661
3.228204
2734464.2
446560.01
139562.36
60568.83
31788.624
18947.826
12439.797
8825.1655
6644.896
5214.8162
4203.6352
3449.3703
2865.8189
2402.3489
2028.2816
1723.431
1473.3909
1267.3062
1096.7186
954.78182
835.82094
735.38797
650.09808
577.28416
514.8261
461.02526
414.51078
374.16828
339.08514
308.50819
281.80936
258.45679
237.98839
219.94087
203.82312
189.16457
175.50184
162.32538
149.06443
135.1463
120.62948
106.68736
93.164927
79.147392
64.300501
49.592421
36.785959
26.471889
18.831622
14.038601
11.151782
9.2397664
7.8736046
6.8372095
6.0135761
5.3358026
4.7640242
4.2736286
3.8488283
3.4790048
3.1565964
2.8758788
2.6322667
2.4219108
2.2414543
2.0878687
1.9583373
1.8501704
1.7607558
1.6875529
1.6281268
1.5802105
1.5417683
1.5110375
1.4865353
1.4670364
1.4515375
1.4392269
1.4294617
1.4217399
1.4156535
1.4108397
1.4069726
1.4038112
1.4012466
1.3992806
1.3979269
1.3971629
1.3969219
1.397135
1.397742
1.398702
1.3999948
1.4016174
1.403582
1.4059157
1.4086594
1.4118678
1.4156109
1.4199757
1.4250698
1.4310247
1.4380016
1.4461991
1.4558628
1.4672989
1.4808932
1.4971377
1.5166684
1.5403224
1.5692238
1.6049195
1.6496031
1.7064994
1.7805743
1.8799239
2.0188093
2.2250297
2.5612701
3.2010708
2720873.8
444338.29
138870.03
60271.529
31637.024
18862.779
12389.01
8792.75
6622.1745
5197.1304
4188.7696
3436.3986
2854.3209
2392.1154
2019.211
1715.4468
1466.42
1261.2785
1091.5552
950.34409
831.97558
732.04736
647.18904
574.7443
512.60215
459.07207
412.78995
372.64697
337.73525
307.30514
280.73112
257.48266
237.0962
219.12529
203.08217
188.48412
174.86875
161.72995
148.50082
134.61533
120.14491
106.25299
92.783873
78.81776
64.023561
49.382128
36.638578
26.372128
18.768752
13.997411
11.121008
9.2151155
7.853074
6.8197235
5.998493
5.3227064
4.7526222
4.2636982
3.8401886
3.4715031
3.1501003
2.8702723
2.6274475
2.4177874
2.2379432
2.0848933
1.955826
1.8480557
1.7589751
1.6860493
1.6268499
1.5791168
1.5408212
1.5102063
1.4857944
1.4663637
1.4509145
1.4386376
1.4288925
1.4211788
1.4150894
1.4102616
1.4063699
1.4031744
1.4005685
1.3985552
1.3971487
1.3963247
1.3960169
1.3961558
1.3966809
1.3975507
1.3987446
1.4002584
1.4021035
1.4043061
1.4069056
1.4099553
1.4135236
1.4176956
1.4225764
1.4282949
1.4350093
1.4429141
1.4522503
1.4633184
1.4764972
1.4922693
1.5112594
1.5342889
1.5624613
1.5972951
1.6409437
1.6965739
1.7690647
1.8663781
2.002569
2.2051395
2.5366089
3.1729092
2708161
442264.82
138224.56
59994.467
31495.864
18783.513
12341.55
8762.2344
6600.46
5179.9015
4174.046
3423.4012
2842.7295
2381.778
2010.0543
1707.4067
1459.4262
1255.2595
1086.4311
945.96405
828.19358
728.77366
644.34876
572.27371
510.44754
457.18762
411.13679
371.192
336.45017
306.16535
279.71473
256.56919
236.26439
218.36484
202.39189
187.8539
174.28351
161.17874
147.977
134.11931
119.69151
105.84574
92.423969
78.502122
63.753978
49.174538
36.491527
26.270851
18.705
13.956665
11.091189
9.191589
7.8336837
6.8033226
5.9844102
5.3105143
4.7420268
4.2544813
3.8321764
3.4645508
3.1440836
2.8650827
2.6229895
2.4139756
2.2347
2.0821469
1.9535093
1.8461057
1.7573335
1.684663
1.6256719
1.5781067
1.539945
1.5094355
1.485105
1.4657356
1.4503302
1.4380823
1.4283534
1.4206449
1.4145502
1.4097068
1.4057893
1.4025588
1.3999112
1.3978498
1.3963891
1.3955047
1.3951295
1.3951939
1.3956368
1.3964163
1.3975108
1.3989155
1.4006409
1.402712
1.4051671
1.408058
1.4114512
1.41543
1.4200972
1.425579
1.4320303
1.439642
1.4486503
1.45935
1.4721126
1.4874117
1.5058602
1.528264
1.5557058
1.5896751
1.6322849
1.6866423
1.757537
1.8527913
1.9862404
2.185053
2.5114826
3.1436648
2696336.8
440339.24
137625.61
59737.503
31365.176
18710.266
12297.53
8733.5543
6579.5962
5162.9568
4159.3136
3410.2611
2830.9636
2371.3008
2000.8097
1699.3294
1452.4385
1249.2875
1081.3987
941.69416
824.519
725.60484
641.61066
569.90306
508.38996
455.39696
409.57392
369.82367
335.24797
305.1048
278.7742
255.72874
235.50465
217.67053
201.76141
187.28136
173.75274
160.67768
147.49842
133.66324
119.27363
105.46923
92.0879
78.202538
63.493708
48.971262
36.345859
26.168854
18.640837
13.91657
11.062423
9.1692369
7.8154591
6.788021
5.9713347
5.2992293
4.7322395
4.2459779
3.8247912
3.458147
3.1385451
2.860309
2.6188915
2.4104742
2.2317231
2.079628
1.9513859
1.8443195
1.7558302
1.6833933
1.6245924
1.5771798
1.5391392
1.5087247
1.4844671
1.4651518
1.4497845
1.4375609
1.4278446
1.4201382
1.4140359
1.4091751
1.4052307
1.4019644
1.3992741
1.3971636
1.3956486
1.3947029
1.3942597
1.3942492
1.3946097
1.3952985
1.3962935
1.3975889
1.3991944
1.4011339
1.4034443
1.406176
1.4093939
1.4131792
1.4176325
1.4228773
1.4290653
1.4363835
1.4450635
1.4553943
1.4677402
1.4825658
1.5004719
1.522249
1.5489586
1.5820613
1.6236288
1.6767074
1.7459951
1.8391691
1.9698313
2.1647796
2.4858935
3.113278
2685482.8
438570.5
137072.76
59498.696
31242.303
18640.322
12254.707
8705.0177
6558.3486
5145.4303
4144.0123
3396.6703
2818.891
2360.6481
1991.5009
1691.2739
1445.5523
1243.5029
1076.5525
937.5898
821.02095
722.61161
639.04198
567.69277
506.48284
453.74678
408.14176
368.57665
334.1582
304.14851
277.93056
254.97891
234.83095
217.05622
201.20369
186.77582
173.28395
160.23336
147.07086
133.25242
118.89582
105.12715
91.778339
77.920986
63.244674
48.77384
36.202631
26.067013
18.576705
13.877344
11.034826
9.1481236
7.7984392
6.7738434
5.9592827
5.2888631
4.7232677
4.2381938
3.8180367
3.4522942
3.1334865
2.8559514
2.6151536
2.4072828
2.2290121
2.0773358
1.9494553
1.8426964
1.7544646
1.6822398
1.6236107
1.5763356
1.5384036
1.5080736
1.4838803
1.4646122
1.4492773
1.4370735
1.4273661
1.4196589
1.4135466
1.4086668
1.4046939
1.4013908
1.3986573
1.3964969
1.394927
1.3939195
1.3934081
1.3933224
1.3936
1.3941978
1.3950929
1.3962788
1.3977642
1.3995718
1.4017374
1.4043097
1.4073519
1.4109435
1.4151827
1.4201902
1.4261146
1.433139
1.4414904
1.4514519
1.4633808
1.4777323
1.4950955
1.5162451
1.5422215
1.5744558
1.614978
1.6667725
1.7344434
1.8255173
1.9533495
2.1443293
2.4598458
3.0816862
2675435.6
436942.54
136567.43
59282.19
31131.832
18577.394
12215.427
8677.87
6537.3646
5127.7621
4128.5486
3382.9864
2806.8533
2350.1997
1982.515
1683.6144
1439.1106
1238.2035
1072.1586
933.87151
817.86975
719.93315
636.75808
565.73917
504.80633
452.30325
406.89444
367.49508
333.2167
303.32542
277.20719
254.3386
234.25823
216.5358
200.73064
186.34596
172.88423
159.85177
146.69953
132.89139
118.56176
104.82282
91.497791
77.659251
63.008599
48.583904
36.06338
25.965313
18.512675
13.83927
11.008564
9.1283534
7.7826922
6.7608351
5.9482868
5.279438
4.7151275
4.23114
3.8119202
3.4469971
3.1289102
2.8520117
2.6117759
2.4044012
2.2265662
2.0752697
1.9477164
1.8412356
1.7532359
1.6812016
1.6227264
1.5755739
1.537738
1.5074821
1.4833446
1.4641167
1.4488086
1.43662
1.4269179
1.419207
1.4130825
1.4081819
1.4041797
1.400839
1.3980609
1.3958504
1.3942245
1.3931549
1.392575
1.3924134
1.3926079
1.3931144
1.3939094
1.3949856
1.3963506
1.3980261
1.4000466
1.4024593
1.4053258
1.4087234
1.4127482
1.4175181
1.4231787
1.4299091
1.4379315
1.4475236
1.4590351
1.4729122
1.489732
1.5102535
1.5354959
1.5668604
1.6063348
1.6568407
1.7228861
1.8118418
1.9368038
2.1237139
2.4333461
3.0488215
2666162.8
435446.31
136095.23
59071.452
31018.196
18509.46
12171.901
8647.9074
6514.9354
5109.756
4113.5168
3370.2353
2796.0006
2341.006
1974.7737
1677.1365
1433.7577
1233.8427
1068.5606
930.84805
815.31886
717.77373
634.92259
564.17267
503.46434
451.14899
405.8979
366.6315
332.4654
302.6691
276.63105
253.82948
233.80402
216.12468
200.35581
186.00228
172.56194
159.53998
146.39051
132.58467
118.2772
104.56218
91.250224
77.419987
62.787889
48.403153
35.928726
25.865536
18.450082
13.802699
10.983821
9.1100213
7.7682653
6.7490166
5.93835
5.2709479
4.7078077
4.2248021
3.806427
3.4422407
3.1248023
2.8484764
2.6087475
2.40182
2.2243777
2.0734235
1.9461648
1.8399336
1.7521419
1.6802774
1.6219387
1.5748939
1.537142
1.5069502
1.4828601
1.4636656
1.4483788
1.4362009
1.4265004
1.4187829
1.412644
1.4077211
1.4036883
1.4003093
1.3974862
1.3952248
1.3935421
1.3924099
1.3917607
1.3915231
1.391634
1.3920489
1.3927437
1.3937099
1.3949543
1.3964975
1.3983727
1.4006255
1.403316
1.4065195
1.4103297
1.4148619
1.4202584
1.4266945
1.4343879
1.4436102
1.4547041
1.4681066
1.4843828
1.5042758
1.5287835
1.5592771
1.5977018
1.6469154
1.7113277
1.7981491
1.9202032
2.1029461
2.4064035
3.0146108
2656530
433839.48
135577.67
58842.747
30899.737
18442.682
12131.739
8621.8847
6496.5344
5095.7324
4102.3704
3361.0956
2788.442
2334.7629
1969.5838
1672.8137
1430.212
1230.9195
1066.1076
928.77578
813.55997
716.27311
633.63662
563.06607
502.50788
450.3194
405.17575
366.00077
331.91272
302.18329
276.20259
253.44973
233.46491
215.8181
200.07475
185.74127
172.31328
159.29439
146.14063
132.3317
118.03819
104.33751
91.029438
77.198983
62.578635
48.227785
35.794654
25.764728
18.386628
13.765815
10.959359
9.0922425
7.7544992
6.7378815
5.9290744
5.2630746
4.7010515
4.2189724
3.8013882
3.4378894
3.1210543
2.8452608
2.6060013
2.3994875
2.2224078
2.0717682
1.9447793
1.8387755
1.751172
1.6794603
1.6212432
1.5742936
1.5366148
1.5064779
1.4824277
1.4632602
1.4479895
1.4358182
1.426116
1.4183893
1.412234
1.4072872
1.4032231
1.3998053
1.3969369
1.3946244
1.392885
1.3916899
1.3909716
1.3906579
1.3906854
1.3910089
1.3916034
1.3924597
1.3935836
1.3949947
1.3967245
1.3988176
1.4013322
1.4043415
1.4079371
1.4122316
1.4173641
1.423506
1.4308703
1.439723
1.4503995
1.4633275
1.4790602
1.498325
1.522098
1.5517206
1.5890947
1.6370138
1.6997876
1.7844616
1.9035755
2.0820617
2.3790574
2.9790064
2655785.3
433882.03
135735.53
59009.067
31036.12
18540.201
12194.619
8659.5445
6518.0857
5107.8735
4109.1331
3364.6796
2790.169
2335.4174
1969.5307
1672.26
1429.544
1230.2241
1065.396
928.08259
812.90131
715.65458
633.06622
562.544
502.03066
449.88658
404.78403
365.64526
331.59243
301.89394
275.94043
253.21232
233.24845
215.61877
199.88965
185.56817
172.14756
159.13054
145.97434
132.1629
117.87762
104.1866
90.882223
77.052887
62.440549
48.111946
35.706755
25.69729
18.343651
13.741011
10.942828
9.0801141
7.7450235
6.7301513
5.9225909
5.2575398
4.6962805
4.2148407
3.797807
3.434788
3.1183771
2.8429588
2.6040318
2.3978115
2.2209893
2.0705736
1.9437764
1.8379342
1.7504639
1.6788599
1.6207282
1.5738451
1.536217
1.5061179
1.4820947
1.4629451
1.4476842
1.4355159
1.4258104
1.418075
1.4119056
1.4069391
1.4028491
1.3993994
1.3964937
1.3941395
1.3923539
1.3911082
1.3903345
1.3899603
1.3899215
1.3901726
1.390688
1.3914577
1.3924866
1.3937935
1.3954091
1.3973765
1.3997526
1.4026094
1.4060364
1.4101442
1.4150693
1.4209803
1.4280864
1.436649
1.4469981
1.459554
1.4748607
1.493633
1.5168302
1.5457704
1.5823217
1.6292267
1.6907169
1.7737073
1.8905124
2.0656443
2.3575063
2.9508097
2650980.9
433060.02
135478.05
58917.167
31024.59
18563.907
12227.821
8688.3893
6538.6491
5121.0272
4117.0661
3369.2107
2792.6311
2336.6761
1970.0454
1672.2816
1429.2347
1229.8037
1064.9176
927.5814
812.40273
715.17477
632.61007
562.11862
501.63895
449.52515
404.45192
365.34358
331.31647
301.64204
275.71184
253.00318
233.05612
215.44031
199.72267
185.4113
171.99776
158.98254
145.82432
132.01076
117.73324
104.05169
90.751905
76.924712
62.320193
48.011788
35.631728
25.639515
18.30669
13.719856
10.928655
9.0696737
7.7368074
6.7234257
5.9169326
5.2527064
4.6921064
4.211224
3.7946679
3.4320727
3.116032
2.840942
2.6023048
2.3963406
2.2197426
2.0695212
1.9428901
1.8371874
1.7498319
1.6783204
1.6202617
1.5734352
1.53585
1.5057827
1.4817817
1.4626463
1.4473925
1.435225
1.4255147
1.4177694
1.4115849
1.4065981
1.4024821
1.3990007
1.3960582
1.3936627
1.3918315
1.3905356
1.3897068
1.3892723
1.3891676
1.3893467
1.3897831
1.3904664
1.3914008
1.392604
1.3941056
1.3959479
1.3981862
1.4008911
1.4041503
1.4080724
1.4127913
1.4184728
1.4253225
1.4335973
1.4436217
1.4558089
1.4706939
1.4889792
1.5116079
1.5398748
1.5756153
1.6215229
1.6817524
1.763093
1.8776413
2.0495071
2.336425
2.9238223
2645766.1
432214.26
135177.73
58768.052
30947.815
18535.651
12228.329
8701.7919
6553.7666
5133.1554
4125.3748
3374.3803
2795.6437
2338.3393
1970.8733
1672.633
1429.2802
1229.5939
1064.5899
927.2054
812.00332
714.77853
632.22793
561.75502
501.29737
449.20762
404.15892
365.07325
331.06832
301.41555
275.50337
252.81116
232.87916
215.27483
199.56715
185.26545
171.85831
158.84524
145.68604
131.87159
117.60066
103.9285
90.634228
76.810447
62.213789
47.923676
35.566751
25.589198
18.274487
13.701373
10.916198
9.0603731
7.7294441
6.717358
5.9117992
5.2482962
4.6882937
4.2079154
3.7917976
3.4295819
3.1138794
2.8390881
2.6007169
2.3949865
2.2185923
2.0685491
1.9420691
1.836493
1.7492419
1.6778141
1.6198212
1.5730455
1.5354987
1.5054594
1.4814779
1.4623544
1.447106
1.434938
1.4252218
1.4174657
1.4112657
1.4062582
1.4021159
1.3986026
1.395623
1.393186
1.391309
1.3899628
1.3890789
1.3885842
1.3884137
1.3885207
1.3888785
1.3894756
1.3903156
1.3914153
1.3928034
1.3945209
1.396622
1.3991755
1.4022677
1.406005
1.4105189
1.4159722
1.4225671
1.4305563
1.4402585
1.4520803
1.4665475
1.484351
1.5064177
1.53402
1.5689612
1.6138867
1.6728774
1.7525997
1.8649399
2.0336232
2.3157799
2.8979619
2641988.7
431515.2
134946.68
58647.993
30874.764
18494.392
12212.613
8703.1471
6562.9004
5143.2275
4133.421
3379.8758
2799.0668
2340.3688
1972.017
1673.2383
1429.568
1229.667
1064.4302
926.95351
811.70997
714.46855
631.9182
561.45075
501.00717
448.93521
403.90373
364.83566
330.84897
301.21169
275.31527
252.63749
232.71641
215.12208
199.42316
185.12981
171.72951
158.71885
145.55985
131.7447
117.48028
103.8172
90.529199
76.709686
62.121421
47.847757
35.511548
25.546548
18.246915
13.685598
10.905399
9.0522289
7.7229218
6.7119341
5.9071944
5.2443251
4.6848475
4.2049152
3.7891863
3.427317
3.1119189
2.8373983
2.5992671
2.3937478
2.2175404
2.0676558
1.9413129
1.8358517
1.7486936
1.6773407
1.6194066
1.5726758
1.535163
1.5051481
1.4811832
1.4620694
1.4468246
1.4346548
1.4249317
1.4171641
1.4109478
1.4059192
1.4017504
1.3982049
1.3951881
1.3927095
1.3907865
1.3893899
1.388451
1.387896
1.3876597
1.3876949
1.387974
1.3884852
1.389231
1.3902275
1.3915024
1.3930955
1.3950598
1.3974628
1.4003886
1.403942
1.408252
1.4134785
1.4198203
1.4275258
1.4369085
1.448368
1.4624216
1.4797483
1.5012595
1.5282057
1.5623588
1.6063176
1.6640905
1.7422255
1.852405
2.0179871
2.2955629
2.873174
2637957.4
430843.87
134720.41
58544.391
30813.039
18455.122
12192.216
8697.8319
6567.2168
5151.1734
4140.978
3385.571
2802.885
2342.7623
1973.4549
1674.0848
1430.048
1229.9087
1064.5072
926.86365
811.52362
714.24348
631.6762
561.20933
500.76873
448.70383
403.68483
364.63018
330.65578
301.03166
275.14703
252.48018
232.56892
214.98198
199.28968
185.00487
171.61073
158.60335
145.44519
131.63057
117.3718
103.71744
90.436563
76.623051
62.042786
47.784233
35.466252
25.511203
18.22405
13.672469
10.89628
9.0452344
7.7172532
6.7071722
5.9031057
5.2407833
4.6817626
4.2022228
3.786841
3.4252746
3.1101519
2.8358728
2.5979553
2.3926261
2.2165831
2.0668434
1.9406223
1.8352618
1.7481872
1.6769002
1.6190176
1.5723263
1.5348425
1.5048486
1.4808975
1.4617912
1.4465484
1.4343753
1.4246444
1.4168644
1.4106314
1.4055812
1.4013855
1.3978076
1.3947534
1.392233
1.390264
1.3888169
1.3878228
1.3872077
1.3869057
1.3868691
1.3870698
1.3874952
1.3881471
1.3890407
1.3902027
1.3916719
1.3934999
1.3957528
1.3985131
1.4018834
1.4059906
1.4109918
1.4170822
1.424506
1.4335716
1.4446721
1.458316
1.475171
1.4961331
1.5224316
1.5558077
1.5988146
1.6553907
1.7319685
1.8400339
2.0025941
2.2757662
2.8494074
2634216.2
430281.49
134539.48
58457.618
30759.638
18419.643
12170.333
8688.6248
6567.7315
5156.8594
4147.8127
3391.3854
2807.0571
2345.4907
1975.1734
1675.1612
1430.7202
1230.3134
1064.7227
926.93418
811.49108
714.11235
631.5079
561.02504
500.57971
448.51764
403.50322
364.4555
330.48958
300.87442
274.99893
252.33944
232.43555
214.85413
199.16729
184.88948
171.50215
158.49816
145.34222
131.52877
117.27534
103.62925
90.356824
76.550078
61.978272
47.732603
35.430751
25.48346
18.20577
13.661986
10.888852
9.0394048
7.7124196
6.7030534
5.8995473
5.2376767
4.6790405
4.1998375
3.7847573
3.4234609
3.1085745
2.8345109
2.5967823
2.3916199
2.2157238
2.0661094
1.9399957
1.8347249
1.7477221
1.6764926
1.6186543
1.5719965
1.5345374
1.5045608
1.4806206
1.4615198
1.4462772
1.4340996
1.4243597
1.4165666
1.4103162
1.4052441
1.4010212
1.3974107
1.394319
1.3917565
1.3897413
1.3882437
1.3871945
1.3865193
1.3861516
1.3860434
1.3861658
1.3865056
1.3870638
1.3878548
1.3889043
1.39025
1.3919423
1.3940457
1.3966412
1.3998294
1.4037349
1.408512
1.4143526
1.4214969
1.430248
1.4409926
1.4542307
1.470619
1.4910384
1.5166973
1.5493073
1.5913771
1.6467767
1.7218268
1.8278233
1.9874391
2.2563818
2.8266139
2631998.5
429893.23
134401.06
58389.058
30715.493
18388.233
12149.167
8677.4495
6565.4879
5160.4825
4153.6923
3397.0406
2811.4356
2348.5184
1977.1757
1676.4759
1431.5844
1230.8787
1065.0741
927.11903
811.55614
714.10195
631.43755
560.90125
500.44219
448.37184
403.35673
364.31183
330.34943
300.73946
274.86924
252.21562
232.31581
214.73814
199.05544
184.78392
171.40316
158.4035
145.25065
131.43926
117.19047
103.55276
90.289459
76.491058
61.927504
47.693395
35.405145
25.463064
18.192157
13.654144
10.883097
9.0347135
7.7084452
6.6996024
5.8965115
5.2350004
4.676677
4.1977645
3.7829361
3.4218701
3.1071905
2.8333101
2.5957477
2.3907291
2.2149606
2.0654556
1.939434
1.8342396
1.7472985
1.6761174
1.6183164
1.5716865
1.5342476
1.5042846
1.4803527
1.461255
1.4460109
1.4338275
1.4240777
1.4162707
1.4100023
1.4049078
1.4006576
1.3970142
1.3938847
1.3912801
1.3892186
1.3876704
1.3865661
1.3858307
1.3853975
1.3852177
1.385262
1.3855164
1.3859812
1.3866699
1.3876072
1.3888298
1.3903869
1.3923415
1.3947729
1.39778
1.4014849
1.4060393
1.4116318
1.4184985
1.4269376
1.4373294
1.4501656
1.4660921
1.4859751
1.5110026
1.5428572
1.5840043
1.6382474
1.7117986
1.8157703
1.9725173
2.2374013
2.8047477
2629704.8
429523.44
134279.16
58329.614
30678.582
18361.582
12129.982
8665.8727
6561.5523
5162.3428
4158.4875
3402.385
2815.9527
2351.8069
1979.4351
1678.0166
1432.6333
1231.597
1065.558
927.41891
811.71956
714.1732
631.44153
560.86448
500.37182
448.27149
403.24703
364.19705
330.23506
300.62677
274.7584
252.10717
232.20947
214.63355
198.95323
184.6879
171.31389
158.31884
145.17031
131.36185
117.11729
103.48788
90.234693
76.445875
61.890842
47.666136
35.389309
25.450163
18.18314
13.648966
10.879022
9.0312059
7.7053093
6.6968027
5.8939999
5.2327553
4.674686
4.1959941
3.781379
3.4205032
3.1059984
2.832275
2.5948491
2.3899551
2.2142933
2.0648808
1.9389368
1.8338061
1.7469163
1.6757749
1.6180039
1.5713961
1.5339728
1.50402
1.4800934
1.4609967
1.4457495
1.4335589
1.4237982
1.4159765
1.4096897
1.4045724
1.4002944
1.3966181
1.3934506
1.3908037
1.3886958
1.3870969
1.3859374
1.385142
1.3846433
1.3843921
1.3843584
1.3845276
1.3848993
1.3854859
1.3863115
1.3874114
1.3888338
1.3906401
1.3929083
1.3957351
1.3992405
1.4035735
1.4089196
1.4155108
1.4236404
1.4336824
1.4461206
1.4615902
1.480943
1.5053472
1.5364569
1.5766954
1.6298017
1.7018822
1.8038722
1.9578243
2.2188173
2.7837658
2627606.3
429231.31
134191.36
58285.03
30649.524
18339.446
12112.662
8654.3444
6556.3668
5162.7232
4162.2566
3407.295
2820.4697
2355.3026
1981.9381
1679.7675
1433.8461
1232.4494
1066.1647
927.83016
811.97964
714.3239
631.51077
560.88161
500.35097
448.22697
403.18406
364.11793
330.14613
300.53518
274.66542
252.01376
232.11615
214.54024
198.86069
184.60057
171.23347
158.24423
145.10093
131.29633
117.05562
103.43439
90.192538
76.414405
61.868083
47.651315
35.38332
25.444712
18.178784
13.646408
10.87665
9.0288444
7.7030428
6.6946538
5.892017
5.2309498
4.6730471
4.1945369
3.7800828
3.4193634
3.1049982
2.8314001
2.5940899
2.3892965
2.2137223
2.0643847
1.9385043
1.8334245
1.7465751
1.6754646
1.6177166
1.5711252
1.533713
1.5037667
1.4798427
1.4607449
1.4454929
1.4332939
1.4235212
1.4156841
1.4093782
1.4042377
1.3999318
1.3962222
1.3930165
1.3903272
1.3881727
1.3865231
1.3853085
1.384453
1.383889
1.3835665
1.3834551
1.3835393
1.383818
1.3843029
1.3850171
1.3859948
1.3872829
1.3889417
1.3910474
1.3936948
1.3970019
1.4011149
1.4062161
1.4125338
1.4203564
1.4300518
1.4420958
1.4571132
1.475942
1.4997307
1.5301059
1.5694498
1.6214383
1.6920759
1.7921261
1.9433556
2.2006217
2.7636274
2626949.2
429069.78
134138.74
58253.916
30627.013
18320.715
12097.547
8643.5275
6550.6053
5161.9193
4165.0382
3411.7311
2824.9441
2358.9611
1984.6458
1681.7072
1435.2203
1233.4371
1066.8859
928.34172
812.32673
714.54914
631.64613
560.95431
500.37616
448.2217
403.15455
364.07288
330.09025
300.47098
274.59235
251.93561
232.0353
214.45734
198.77748
184.52172
171.16196
158.17881
145.04228
131.24243
117.00541
103.39225
90.162667
76.39696
61.859325
47.648736
35.387192
25.446752
18.179066
13.646534
10.875974
9.0276666
7.7016271
6.6931765
5.8905637
5.2295675
4.6717812
4.1933824
3.7790524
3.4184464
3.1041884
2.83069
2.593469
2.3887525
2.2132473
2.0639684
1.9381354
1.8330947
1.7462749
1.6751867
1.6174543
1.5708737
1.5334679
1.5035248
1.4796005
1.4604994
1.4452409
1.4330322
1.4232467
1.4153933
1.4090678
1.4039038
1.3995695
1.3958265
1.3925825
1.3898506
1.3876495
1.3859491
1.3846793
1.3837639
1.3831345
1.3827409
1.3825519
1.3825513
1.3827373
1.3831209
1.383724
1.3845799
1.3857344
1.3872463
1.3891902
1.3916591
1.3947689
1.3986632
1.4035213
1.4095675
1.4170855
1.4264373
1.4380909
1.452661
1.4709718
1.4941528
1.5238037
1.5622666
1.6131564
1.6823779
1.7805294
1.9291068
2.1828064
2.7442939
2626330.6
428981.83
134099.25
58234.273
30611.96
18307.29
12085.255
8633.6569
6544.5956
5160.2694
4166.9541
3415.6251
2829.2351
2362.6764
1987.5056
1683.8153
1436.7397
1234.5456
1067.7125
928.94457
812.75346
714.84403
631.84126
561.07641
500.44424
448.25285
403.15701
364.05484
330.05713
300.42615
274.53951
251.87622
231.97032
214.38737
198.70265
184.45072
171.09875
158.12285
144.99379
131.2
116.96632
103.36127
90.14522
76.393142
61.864639
47.658483
35.401028
25.456407
18.184039
13.649356
10.877016
9.0276657
7.7010814
6.6923579
5.8896376
5.2286272
4.670875
4.192541
3.7782824
3.4177532
3.1035719
2.8301434
2.5929836
2.3883256
2.212868
2.0636303
1.937831
1.8328164
1.7460157
1.6749408
1.6172171
1.5706413
1.5332376
1.5032939
1.4793667
1.4602601
1.4449935
1.4327739
1.4229744
1.4151041
1.4087584
1.4035704
1.3992076
1.3954309
1.3921485
1.3893738
1.387126
1.3853748
1.3840498
1.3830745
1.3823799
1.3819153
1.3816488
1.3815637
1.3816573
1.3819398
1.3824322
1.3831668
1.3841881
1.3855537
1.3873366
1.3896281
1.3925417
1.3962187
1.4008352
1.4066119
1.4138278
1.4228389
1.4341059
1.4482334
1.4660321
1.4886132
1.5175499
1.5551452
1.6049546
1.6727864
1.7690793
1.9150737
2.165364
2.7257289
2626699.6
429030.59
134105.59
58230.066
30604.677
18297.791
12075.14
8624.7201
6538.5681
5157.9475
4168.0548
3418.9124
2833.2416
2366.3765
1990.4894
1686.0756
1438.3926
1235.7663
1068.6354
929.63537
813.26041
715.20684
632.09275
561.24741
500.5544
448.31831
403.18855
364.06221
330.04557
300.39976
274.50212
251.82954
231.91582
214.32674
198.63827
184.38883
171.04439
158.07633
144.95635
131.16904
116.9382
103.3413
90.140034
76.403192
61.884065
47.68078
35.424945
25.473809
18.193812
13.654898
10.879814
9.0288708
7.7014091
6.6922144
5.8892431
5.2281262
4.6703329
4.1920061
3.7777789
3.4172872
3.1031469
2.8297585
2.5926374
2.3880129
2.2125857
2.0633714
1.9375907
1.832589
1.7457973
1.6747267
1.6170047
1.5704281
1.5330218
1.5030741
1.4791412
1.460027
1.4447506
1.4325187
1.4227043
1.4148164
1.4084499
1.4032376
1.398846
1.3950355
1.3917143
1.3888967
1.3866021
1.3848
1.38342
1.3823847
1.3816251
1.3810896
1.3807458
1.3805764
1.3805779
1.3807596
1.3811417
1.3817555
1.3826442
1.3838641
1.3854868
1.3876016
1.3903202
1.3937812
1.3981577
1.4036669
1.4105831
1.4192567
1.4301408
1.4438303
1.4611229
1.4831116
1.511344
1.548085
1.5968321
1.6633001
1.7577734
1.9012522
2.1482868
2.7078977
2627170.9
429106.59
134129.49
58234.811
30602.35
18292.012
12067.571
8617.1309
6532.8236
5155.1956
4168.455
3421.6311
2836.9545
2370.028
1993.5619
1688.4556
1440.1574
1237.0815
1069.6438
930.40372
813.83319
715.62747
632.39661
561.46246
500.70121
448.41507
403.24695
364.09195
330.05327
300.38966
274.47868
251.7949
231.87149
214.27428
198.5804
184.33269
170.996
158.0365
144.92651
131.14784
116.92128
103.3325
90.146684
76.426818
61.918288
47.716994
35.460276
25.500096
18.208697
13.663368
10.884454
9.0313507
7.702648
6.692762
5.8894058
5.2280608
4.670164
4.1917846
3.7775394
3.4170492
3.1029132
2.8295372
2.5924303
2.3878168
2.2123982
2.0631913
1.9374144
1.8324136
1.7456193
1.6745445
1.6168168
1.5702337
1.5328204
1.5028651
1.4789237
1.4597998
1.444512
1.4322666
1.4224364
1.41453
1.4081423
1.4029053
1.3984846
1.39464
1.39128
1.3884194
1.3860778
1.3842248
1.3827896
1.3816946
1.38087
1.3802638
1.3798429
1.3795894
1.379499
1.3795803
1.3798524
1.3803458
1.3811025
1.3821774
1.3836406
1.3855797
1.3881044
1.3913507
1.3954889
1.4007326
1.4073515
1.4156905
1.4261954
1.4394515
1.4562439
1.4776476
1.5051854
1.5410851
1.5887877
1.653917
1.7466091
1.8876384
2.1315672
2.6907675
2628555.2
429298.92
134177.79
58252.715
30607.494
18290.422
12062.457
8610.9129
6527.5291
5152.1394
4168.2233
3423.7436
2840.266
2373.5236
1996.647
1690.9126
1442.0125
1238.4766
1070.7169
931.23384
814.46532
716.09888
632.74302
561.71424
500.88069
448.5403
403.3297
364.14224
330.07829
300.39451
274.46751
251.77023
231.83533
214.2288
198.52816
184.28143
170.95284
158.00264
144.90365
131.13519
116.91381
103.33329
90.163656
76.462292
61.96565
47.766322
35.506686
25.535801
18.230727
13.675909
10.891515
9.035356
7.7049682
6.694111
5.8901589
5.2284613
4.6703741
4.1918886
3.7775758
3.4170457
3.102876
2.8294833
2.5923616
2.3877373
2.2123086
2.0630904
1.9373023
1.8322892
1.7454819
1.6743943
1.6166534
1.5700581
1.5326333
1.5026668
1.4787142
1.4595785
1.4442776
1.4320174
1.4221704
1.4142448
1.4078353
1.4025733
1.3981233
1.3942444
1.3908454
1.3879416
1.385553
1.3836491
1.3821588
1.381004
1.3801145
1.3794378
1.37894
1.3786026
1.3784207
1.3784018
1.3785644
1.3789379
1.379563
1.3804935
1.381798
1.3835624
1.3858942
1.3889272
1.3928288
1.3978088
1.4041329
1.4121402
1.4222696
1.4350969
1.4513948
1.472221
1.4990738
1.5341449
1.5808203
1.6446358
1.735584
1.8742285
2.1151979
2.6743074
2630094.6
429582.96
134259.35
58283.374
30619.646
18292.738
12059.774
8606.1764
6522.7063
5148.9047
4167.4628
3425.246
2843.1507
2376.8244
1999.6833
1693.4028
1443.9376
1239.9335
1071.8392
932.10709
815.13904
716.61188
633.1282
561.99876
501.08738
448.68829
403.43181
364.20926
330.11745
300.41128
274.46645
251.75402
231.80622
214.18891
198.48018
184.23383
170.91377
157.97396
144.88722
131.13057
116.91554
103.3434
90.190715
76.509454
62.026224
47.828831
35.564263
25.581034
18.259535
13.692443
10.900943
9.0409206
7.7083508
6.6962388
5.8915446
5.2293915
4.6710269
4.1923552
3.7779228
3.4173027
3.1030455
2.8295999
2.5924393
2.3877811
2.2123187
2.0630695
1.9372556
1.8322169
1.7453856
1.6742754
1.6165147
1.5699012
1.5324603
1.502479
1.4785125
1.4593628
1.4440472
1.4317711
1.4219062
1.4139608
1.407529
1.4022415
1.397762
1.3938486
1.3904104
1.3874633
1.3850276
1.3830727
1.3815273
1.3803128
1.3793586
1.3786115
1.378037
1.377616
1.3773427
1.3772241
1.3772776
1.3775315
1.3780257
1.3788125
1.3799591
1.3815497
1.3836897
1.3865108
1.3901772
1.3948956
1.4009273
1.4086058
1.4183632
1.4307663
1.4465754
1.4668314
1.4930087
1.5272636
1.5729291
1.6354547
1.7246955
1.8610187
2.0991715
2.6584877
2632481.3
429933.41
134367.75
58327.502
30637.339
18298.784
12059.584
8602.7888
6518.4265
5145.5787
4166.1522
3426.0904
2845.5309
2379.8303
2002.6095
1695.8973
1445.8999
1241.423
1072.9884
933.01011
815.84396
717.1548
633.53968
562.30675
501.31459
448.8535
403.54902
364.28869
330.16723
300.43721
274.47291
251.74395
231.78203
214.15298
198.43514
184.18864
170.87776
157.94943
144.87633
131.13344
116.92587
103.36245
90.227662
76.568226
62.099984
47.904557
35.633
25.635962
18.295262
13.712994
10.912813
9.0480358
7.7128195
6.6991581
5.8935338
5.230811
4.6720722
4.1931579
3.7785493
3.4178023
3.1034429
2.8299147
2.5926842
2.387963
2.2124389
2.0631341
1.937277
1.8322
1.745331
1.6741888
1.6164005
1.569763
1.5323012
1.5023017
1.4783185
1.4591526
1.4438207
1.4315274
1.4216438
1.4136778
1.4072232
1.4019099
1.3974005
1.3934524
1.3899749
1.3869843
1.3845014
1.3824955
1.380895
1.379621
1.3786022
1.3777848
1.3771339
1.3766294
1.3762652
1.3760471
1.3759919
1.3761268
1.3764905
1.3771343
1.3781237
1.3795414
1.3814908
1.3841012
1.3875342
1.391993
1.3977345
1.4050873
1.4144763
1.4264596
1.4417856
1.4614785
1.4869895
1.5204407
1.5651128
1.6263725
1.7139415
1.848005
2.0834804
2.6432804
2635069
430321.77
134497.73
58382.574
30661.739
18309.29
12062.341
8601.0921
6514.9776
5142.37
4164.4556
3426.3501
2847.3575
2382.4577
2005.352
1698.3149
1447.8374
1242.9095
1074.1343
933.91554
816.55633
717.7077
633.96327
562.62642
501.55288
449.02835
403.67432
364.37525
330.22281
300.46763
274.48303
251.73704
231.76027
214.11877
198.39143
184.14409
170.84307
157.92807
144.87025
131.1431
116.94435
103.39001
90.274118
76.638392
62.18682
47.993576
35.71302
25.700732
18.338032
13.737663
10.927136
9.0567537
7.7183742
6.7028787
5.8961359
5.2327141
4.6735192
4.1942928
3.779461
3.4185414
3.1040455
2.8304051
2.5930767
2.3882709
2.2126707
2.0632984
1.9373797
1.8322471
1.7453229
1.6741367
1.6163127
1.5696441
1.5321563
1.5021348
1.4781319
1.4589479
1.443598
1.4312861
1.4213829
1.4133957
1.4069176
1.4015782
1.3970387
1.3930558
1.3895388
1.3865046
1.3839744
1.3819175
1.380262
1.3789284
1.3778451
1.3769576
1.3762305
1.3756429
1.3751879
1.3748707
1.3747072
1.3747235
1.3749574
1.3754588
1.3762918
1.3775375
1.3792975
1.3816985
1.3848997
1.3891007
1.3945545
1.4015843
1.4106086
1.4221766
1.4370249
1.4561619
1.4810159
1.5136753
1.5573706
1.6173874
1.7033196
1.8351842
2.0681178
2.6286589
2638448.4
430878.38
134666.76
58449.633
30693.461
18323.862
12067.434
8600.9002
6512.2235
5139.1761
4162.3243
3425.9621
2848.5456
2384.6109
2007.7966
1700.5736
1449.703
1244.3535
1075.2515
934.80083
817.2549
718.25299
634.38188
562.9431
501.78994
449.20243
403.79895
364.46146
330.2783
300.49787
274.49279
251.72943
231.7376
214.08369
198.34704
184.09853
170.80804
157.90845
144.86782
131.15868
116.97031
103.4256
90.32973
76.719787
62.286723
48.095924
35.804351
25.775507
18.387975
13.766511
10.94399
9.0670789
7.7250475
6.7074045
5.8993572
5.2351084
4.6753683
4.1957631
3.7806546
3.4195213
3.1048562
2.8310705
2.593618
2.3887033
2.2130073
2.063549
1.9375536
1.8323517
1.7453664
1.6741269
1.6162574
1.5695473
1.5320265
1.501979
1.4779528
1.4587484
1.4433789
1.4310473
1.4211234
1.4131142
1.4066123
1.4012463
1.3966765
1.3926586
1.3891018
1.386024
1.3834465
1.3813385
1.379628
1.378235
1.3770873
1.3761299
1.3753267
1.3746562
1.3741108
1.3736949
1.3734234
1.3733217
1.3734263
1.3737859
1.3744634
1.3755381
1.3771096
1.3793027
1.3822736
1.3862188
1.3913872
1.398097
1.4067601
1.4179171
1.4322933
1.4508813
1.4750872
1.5069669
1.5497014
1.6084981
1.6928275
1.8225528
2.053077
2.614598
2642057.1
431491.1
134852.55
58527.088
30731.352
18342.527
12075.243
8602.3832
6510.3221
5136.2193
4159.9051
3424.9221
2849.0135
2386.1783
2009.8373
1702.5881
1451.4198
1245.6969
1076.292
935.62261
817.90414
718.76209
634.77373
563.23975
502.00936
449.36148
403.91134
364.53736
330.32483
300.52087
274.49651
251.71663
231.71047
214.04447
198.29895
184.04933
170.77061
157.88911
144.86802
131.17948
117.00311
103.46864
90.394193
76.812269
62.399664
48.211632
35.907058
25.860506
18.445279
13.799636
10.963413
9.0790633
7.7328499
6.7127515
5.903201
5.237999
4.677621
4.1975699
3.7821333
3.4207448
3.1058709
2.8319118
2.5943081
2.389262
2.2134487
2.0638868
1.9377983
1.8325135
1.7454554
1.674153
1.6162296
1.5694747
1.5319164
1.5018378
1.4777821
1.4585545
1.4431633
1.4308106
1.4208652
1.4128332
1.4063069
1.4009141
1.3963137
1.3922606
1.388664
1.3855424
1.3829174
1.3807583
1.3789929
1.3775405
1.3763286
1.3753015
1.3744224
1.3736693
1.3730338
1.3725195
1.3721405
1.3719211
1.371897
1.3721156
1.3726383
1.3735429
1.3749271
1.3769136
1.3796558
1.3833472
1.3882326
1.3946251
1.4029305
1.4136808
1.4275905
1.4456363
1.4692031
1.5003147
1.5421043
1.5997031
1.6824631
1.8101071
2.0383507
2.6010735
2646409.9
432173.57
135064.09
58619.112
30776.808
18365.561
12086.026
8605.6486
6509.3495
5133.4654
4157.0653
3423.1218
2848.6544
2387.0158
2011.3338
1704.2327
1452.882
1246.8566
1077.1933
936.33501
818.46254
719.1948
635.10482
563.48756
502.19005
449.48909
403.997
364.59035
330.35222
300.52774
274.48634
251.69182
231.67319
213.99688
198.24398
183.9938
170.72839
157.86817
144.86938
131.20436
117.04199
103.51854
90.467019
76.915556
62.52552
48.340775
36.021227
25.955896
18.510114
13.837138
10.985489
9.0927383
7.7418021
6.7189288
5.9076803
5.241388
4.6802802
4.1997161
3.7838981
3.4222102
3.107095
2.8329279
2.5951483
2.389946
2.2139948
2.0643116
1.9381137
1.8327326
1.7455897
1.6742146
1.6162294
1.5694228
1.5318222
1.5017081
1.4776226
1.4583688
1.4429522
1.4305762
1.420608
1.4125525
1.4060014
1.4005814
1.3959502
1.3918616
1.388225
1.3850595
1.3823869
1.3801768
1.3783564
1.3768449
1.3755688
1.3744722
1.3735175
1.372682
1.3719567
1.3713444
1.3708582
1.3705218
1.3703696
1.3704478
1.3708165
1.3715519
1.37275
1.3745311
1.3770463
1.3804857
1.3850903
1.3911685
1.3991197
1.4094677
1.4229161
1.4404267
1.4633631
1.4937182
1.5345783
1.5910008
1.6722242
1.7978441
2.023932
2.5880625
2651020.4
432953.88
135299.06
58717.923
30825.959
18391.412
12098.887
8610.8758
6509.7916
5131.3204
4154.1182
3420.6107
2847.346
2386.9338
2012.0792
1705.3203
1453.9462
1247.7238
1077.8652
936.85989
818.86936
719.50542
635.33494
563.65075
502.30026
449.55808
404.03391
364.60241
330.34515
300.5056
274.45209
251.64724
231.61936
213.9354
198.17766
183.92831
170.67851
157.84351
144.87039
131.23229
117.0862
103.57459
90.547685
77.029388
62.664272
48.483423
36.146974
26.061931
18.582692
13.879151
11.010276
9.1081463
7.7519335
6.7259571
5.9127961
5.2452822
4.6833503
4.2022034
3.7859507
3.4239201
3.1085255
2.834123
2.5961374
2.3907559
2.214647
2.0648228
1.9385001
1.8330087
1.7457697
1.6743117
1.6162565
1.5693918
1.5317434
1.5015899
1.4774713
1.4581889
1.4427464
1.430346
1.4203524
1.4122722
1.4056954
1.4002479
1.3955857
1.3914615
1.3877848
1.3845751
1.381855
1.3795939
1.3777186
1.3761479
1.3748079
1.3736419
1.3726117
1.3716942
1.3708794
1.3701694
1.3695766
1.3691236
1.3688438
1.3687823
1.3689978
1.3695649
1.370578
1.3721551
1.3744449
1.3776342
1.3819605
1.3877271
1.3953275
1.4052775
1.4182699
1.4352519
1.4575666
1.4871764
1.5271223
1.58239
1.6621087
1.7857604
2.0098143
2.5755433
2656335.3
433825.11
135563.3
58829.199
30881.342
18421.264
12114.343
8617.4145
6510.7644
5129.0794
4150.6758
3417.4454
2845.2002
2385.9426
2011.957
1705.6528
1454.4147
1248.1321
1078.1786
937.09697
819.03932
719.61752
635.40021
563.67894
502.29775
449.53206
403.99137
364.54827
330.28306
300.43776
274.37955
251.57095
231.53984
213.85318
198.09458
183.84883
170.61788
157.81292
144.86969
131.26201
117.1344
103.63572
90.635315
77.153472
62.815859
48.639668
36.284457
26.178849
18.663237
13.925799
11.037872
9.1253386
7.763271
6.7338453
5.9185646
5.2496877
4.6868345
4.2050346
3.7882917
3.4258761
3.110166
2.8354943
2.5972773
2.3916927
2.2154037
2.0654214
1.9389577
1.8333419
1.7459948
1.6744441
1.6163107
1.5693813
1.5316799
1.5014827
1.4773279
1.4580144
1.4425443
1.430118
1.4200991
1.4119934
1.4053891
1.3999135
1.39522
1.3910599
1.387343
1.3840892
1.3813214
1.3790092
1.3770791
1.3754493
1.3740455
1.3728103
1.3717051
1.3707057
1.3698017
1.3689944
1.3682954
1.3677263
1.3673195
1.3671189
1.367182
1.367582
1.3684111
1.3697856
1.3718514
1.3747926
1.3788428
1.3843008
1.3915537
1.4011099
1.4136516
1.4301117
1.4518132
1.4806889
1.5197355
1.5738692
1.6521145
1.7738528
1.9959913
2.563495
2662688.5
434810.49
135862.04
58954.505
30944.805
18455.21
12132.154
8625.2881
6512.1653
5126.6055
4146.322
3412.8972
2841.5042
2383.48
2010.6209
1705.0622
1454.1655
1247.9827
1078.04
936.95173
818.87603
719.4319
635.21362
563.49495
502.11902
449.35999
403.82676
364.39208
330.13623
300.29983
274.25012
251.44877
231.42312
213.74124
197.98825
183.75044
170.5428
157.77367
144.86537
131.29456
117.18671
103.69951
90.72742
77.286444
62.980104
48.809597
36.433835
26.306939
18.752022
13.977246
11.068363
9.1443736
7.7758468
6.7426182
5.9249961
5.2546091
4.6907376
4.2082123
3.7909255
3.4280788
3.1120165
2.8370446
2.5985681
2.392756
2.2162671
2.0661072
1.9394863
1.8337323
1.7462652
1.6746117
1.6163918
1.5693911
1.5316313
1.5013864
1.4771922
1.4578452
1.4423454
1.4298918
1.4198466
1.4117146
1.4050834
1.3995786
1.3948529
1.3906569
1.3868994
1.3836013
1.3807859
1.3784225
1.3764377
1.374749
1.3732816
1.3719774
1.3707972
1.3697163
1.3687234
1.3678192
1.3670144
1.3663297
1.3657965
1.3654577
1.3653692
1.3656028
1.3662491
1.3674223
1.3692659
1.3719608
1.3757373
1.3808892
1.3877982
1.3969647
1.409061
1.4250057
1.4461024
1.4742548
1.5124169
1.5654372
1.6422396
1.762118
1.9824569
2.5518979
2669525.9
435874.04
136184.75
59090.766
31013.48
18492.544
12151.943
8634.1477
6513.5894
5123.2339
4140.4378
3406.3631
2835.6198
2378.8969
2007.3792
1702.8702
1452.6318
1246.8425
1077.1269
936.17334
818.199
718.84268
634.69045
563.03021
501.70559
448.99206
403.49877
364.08793
329.86437
300.0599
274.03852
251.26057
231.25433
213.5887
197.8506
183.62766
170.44961
157.72332
144.85599
131.32728
117.24252
103.76825
90.825335
77.42779
63.15675
48.99332
36.595296
26.446466
18.849304
14.033672
11.101869
9.1653114
7.7896992
6.7522965
5.9321019
5.2600596
4.6950656
4.211741
3.7938522
3.4305314
3.1140777
2.8387745
2.6000107
2.3939473
2.2172366
2.0668805
1.9400862
1.8341801
1.7465806
1.6748144
1.6164997
1.5694209
1.5315975
1.5013008
1.4770638
1.4576809
1.4421496
1.4296673
1.4195947
1.4114357
1.4047769
1.399243
1.3944851
1.390252
1.3864539
1.3831114
1.3802482
1.3778337
1.3757942
1.3740467
1.3725157
1.3711428
1.3698879
1.3687257
1.3676444
1.3666437
1.3657335
1.3649338
1.3642748
1.3637982
1.363559
1.3636272
1.3640919
1.3650651
1.366688
1.3691386
1.3726435
1.3774923
1.3840607
1.3928417
1.4044976
1.4199335
1.4404336
1.4678737
1.5051656
1.5570924
1.6324819
1.7505533
1.969204
2.5407331
2676086
436966.44
136532.73
59238.051
31087.014
18532.701
12173.266
8643.0957
6514.0159
5117.8618
4131.8067
3396.6727
2826.4658
2371.1353
2001.2558
1698.1975
1449.0785
1244.1211
1074.9631
934.3702
816.67787
717.55024
633.58521
562.0823
500.8936
448.29786
402.90515
363.58699
329.4396
299.69948
273.72829
250.98365
231.01626
213.38325
197.67324
183.47563
170.33539
157.65965
144.84015
131.3595
117.30134
103.84163
90.928512
77.577268
63.346113
49.191174
36.769
26.597504
18.955377
14.095271
11.138509
9.1882287
7.8048695
6.7629038
5.9399002
5.2660446
4.6998231
4.2156242
3.7970775
3.4332343
3.1163537
2.8406848
2.6016063
2.3952668
2.2183127
2.067742
1.9407575
1.8346847
1.7469414
1.6750519
1.6166342
1.5694705
1.5315782
1.5012253
1.4769425
1.4575211
1.4419565
1.4294441
1.4193431
1.4111561
1.4044693
1.3989059
1.3941157
1.389846
1.3860061
1.382619
1.379708
1.3772425
1.3751483
1.3733421
1.3717478
1.3703064
1.368977
1.3677339
1.3665643
1.3654675
1.3644524
1.3635381
1.3627539
1.3621405
1.3617513
1.3616551
1.3619393
1.3627138
1.3641176
1.3663258
1.3695615
1.3741098
1.380341
1.3887406
1.3999613
1.4148947
1.4348064
1.4615446
1.4979806
1.5488335
1.6228396
1.7391556
1.9562268
2.5299826
2683266.9
438142.41
136904.15
59395.296
31164.864
18574.173
12194.634
8650.6696
6511.4152
5108.2175
4117.995
3381.4053
2811.7711
2358.134
1990.403
1689.4379
1442.1432
1238.7384
1070.6926
930.84395
813.73959
715.0943
631.53006
560.3622
499.45647
447.0982
401.9096
362.76721
328.76528
299.14683
273.27722
250.61841
230.71414
213.11645
197.44963
183.29161
170.19907
157.58188
144.81782
131.39145
117.36341
103.91972
91.036503
77.734341
63.548241
49.40351
36.956471
26.76024
19.070068
14.16227
11.178425
9.213206
7.8214092
6.7744695
5.9484047
5.2725774
4.7050197
4.219866
3.8006026
3.4361914
3.1188438
2.8427786
2.6033555
2.3967152
2.2194965
2.0686915
1.9415007
1.835247
1.7473472
1.6753244
1.616795
1.5695397
1.531573
1.5011599
1.476828
1.4573656
1.4417658
1.4292219
1.4190914
1.4108757
1.4041601
1.3985669
1.3937441
1.3894377
1.3855568
1.3821241
1.3791651
1.3766485
1.3744998
1.372635
1.3709776
1.3694677
1.3680642
1.3667404
1.365483
1.3642905
1.363171
1.3621426
1.3612339
1.3604842
1.3599458
1.3596862
1.359791
1.3603682
1.3615545
1.3635222
1.366491
1.3707416
1.3766388
1.3846612
1.3954516
1.4098889
1.4292202
1.4552671
1.4908609
1.5406594
1.6133107
1.7279218
1.9435194
2.5196294
2691515
439429.83
137289.86
59555.14
31240.417
18610.732
12209.389
8649.8121
6498.5915
5087.0465
4092.297
3354.4802
2786.1573
2335.2527
1970.852
1673.3126
1429.3481
1228.6511
1062.5599
924.21755
808.31076
710.63772
627.86914
557.36542
497.01013
445.1118
400.30495
361.48239
327.74161
298.33603
272.63899
250.11916
230.31976
212.8073
197.19192
183.07954
170.04436
157.49151
144.79027
131.4248
117.43042
104.00362
91.149443
77.898703
63.763363
49.6308
37.157354
26.935892
19.194288
14.234937
11.221784
9.2403454
7.8393704
6.7870285
5.9576391
5.2796685
4.7106606
4.224475
3.8044316
3.4394056
3.1215518
2.8450552
2.6052606
2.3982942
2.2207882
2.0697301
1.9423159
1.8358668
1.7477981
1.6756315
1.6169821
1.5696283
1.5315817
1.5011041
1.4767199
1.457214
1.4415772
1.4290003
1.4188392
1.4105941
1.4038492
1.3982256
1.3933699
1.3890267
1.3851047
1.3816271
1.3786193
1.3760515
1.3738482
1.371925
1.3702046
1.3686266
1.3671492
1.365745
1.3644002
1.3631123
1.3618888
1.360747
1.3597143
1.3588291
1.3581424
1.3577204
1.3576469
1.3580281
1.3589985
1.3607276
1.3634316
1.3673873
1.3729539
1.380603
1.3909683
1.4049157
1.4236745
1.4490403
1.4838057
1.5325685
1.6038934
1.7168493
1.9310759
2.5096569
2700227.2
440824.26
137707.37
59723.964
31319.077
18644.329
12213.15
8630.1253
6460.8671
5037.7325
4038.0908
3300.4257
2735.8379
2290.8467
1933.1804
1642.7272
1405.1126
1209.3604
1047.1255
911.86035
798.41849
702.72996
621.56377
552.35399
493.04768
441.99617
397.87189
359.59671
326.29106
297.22864
271.79979
249.48644
229.84138
212.44587
196.91682
182.86647
169.88322
157.39438
144.76176
131.46294
117.50502
104.09528
91.26796
78.070452
63.992033
49.873776
37.372421
27.124967
19.328566
14.313592
11.268776
9.2697513
7.8588214
6.8006171
5.9676234
5.2873343
4.7167576
4.2294536
3.8085714
3.4428796
3.1244795
2.847519
2.6073223
2.4000045
2.2221892
2.0708583
1.9432034
1.8365442
1.7482943
1.6759734
1.6171952
1.5697359
1.531604
1.5010576
1.4766177
1.457066
1.4413902
1.428779
1.4185862
1.4103109
1.4035361
1.3978818
1.3929928
1.3886126
1.3846493
1.3811268
1.3780707
1.3754511
1.3731933
1.3712118
1.3694286
1.3677827
1.3662316
1.3647474
1.3633155
1.3619327
1.3606057
1.3593509
1.3581949
1.3571749
1.3563408
1.3557573
1.3555066
1.3556933
1.3564493
1.3579417
1.3603833
1.3640467
1.369286
1.3765659
1.3865109
1.3999746
1.4181688
1.4428636
1.476814
1.5245597
1.5945858
1.7059352
1.91889
2.5000496
2709380.1
442471.63
138272.68
59934.378
31374.529
18612.964
12128.873
8511.9282
6321.3638
4889.2371
3892.0599
3165.1669
2616.5887
2190.5567
1852.0044
1578.4718
1354.8492
1170.3419
1016.9578
888.59547
780.51863
688.98784
611.04852
544.33944
486.97009
437.41504
394.44275
357.05038
324.41556
295.85828
270.80529
248.7683
229.32073
212.06772
196.64904
182.68152
169.73353
157.30172
144.74014
131.51186
117.59258
104.19913
91.394546
78.250492
64.235148
50.133516
37.602692
27.328614
19.473536
14.398622
11.319617
9.3015587
7.8798355
6.8152804
5.9783872
5.2955902
4.7233212
4.2348123
3.8130245
3.4466183
3.1276309
2.8501702
2.6095427
2.4018472
2.2237005
2.0720766
1.944164
1.8372797
1.7488357
1.6763499
1.6174342
1.5698623
1.5316395
1.50102
1.4765212
1.456921
1.4412044
1.4285574
1.418332
1.4100256
1.4032204
1.3975349
1.3926125
1.3881949
1.3841903
1.3806227
1.3775185
1.3748475
1.3725348
1.370495
1.3686492
1.3669357
1.3653112
1.3637473
1.3622286
1.3607513
1.3593213
1.3579541
1.3566754
1.3555213
1.3545407
1.3537966
1.35337
1.3533634
1.3539067
1.3551643
1.3573457
1.3607195
1.3656348
1.3725494
1.3820791
1.3950651
1.4127025
1.4367363
1.4698848
1.5166316
1.585386
1.6951766
1.9069563
2.4907925
2718246.9
438773.01
133643.91
55812.55
28006.736
15963.948
10077.61
6938.9386
5131.5099
4004.9691
3245.013
2695.4483
2276.1255
1943.6141
1672.8775
1448.6252
1260.7814
1102.2229
967.63369
852.88168
754.65297
670.26381
597.50276
534.55431
479.91772
432.34854
390.81727
354.46886
322.58916
294.58554
269.92853
248.16003
228.89362
211.76485
196.43067
182.52654
169.62088
157.23021
144.73612
131.57382
117.69709
104.32892
91.541377
78.44359
64.494708
50.411435
37.848306
27.549245
19.631053
14.490492
11.374571
9.3359145
7.9024998
6.8310694
5.9899597
5.3044572
4.730363
4.2405586
3.8177988
3.4506255
3.1310081
2.8530138
2.6119235
2.4038247
2.2253227
2.0733859
1.9451981
1.8380736
1.7494226
1.6767609
1.6176988
1.5700073
1.5316879
1.500991
1.47643
1.4567788
1.4410194
1.4283352
1.4180761
1.4097379
1.4029016
1.3971845
1.3922283
1.3877733
1.3837272
1.3801145
1.3769621
1.37424
1.3718725
1.3697743
1.367866
1.366085
1.3643875
1.3627442
1.3611391
1.3595677
1.3580352
1.3565562
1.3551554
1.353868
1.3527416
1.3518381
1.3512367
1.3510382
1.3513704
1.352395
1.3543185
1.3574055
1.362
1.3685533
1.3776725
1.3901869
1.407275
1.4306576
1.4630173
1.5087831
1.5762923
1.684571
1.8952692
2.4818713
66993.007
53635.284
37267.199
24525.72
15778.709
10209.577
6877.5301
4966.4959
3850.143
3144.7388
2654.092
2284.4561
1990.1945
1748.2025
1541.8722
1360.9729
1202.3091
1063.1865
941.02988
833.96807
740.68072
659.77759
589.65169
528.72158
475.61242
429.1905
388.51575
352.80463
321.39991
293.74346
269.34174
247.75778
228.61703
211.57315
196.29582
182.43315
169.55602
157.19563
144.75949
131.64896
117.82708
104.50123
91.724394
78.656378
64.769953
50.709153
38.110457
27.788268
19.802496
14.589803
11.433949
9.3729972
7.9269177
6.8480442
6.0023776
5.3139564
4.737899
4.246703
3.8229006
3.4549067
3.1346165
2.8560504
2.6144681
2.405938
2.2270577
2.0747874
1.9463065
1.8389261
1.750055
1.6772065
1.6179889
1.5701705
1.5317489
1.5009701
1.4763434
1.4566387
1.4408347
1.4281119
1.4178181
1.4094473
1.4025794
1.3968303
1.39184
1.3873473
1.3832595
1.3796017
1.3764011
1.3736277
1.371206
1.3690493
1.3670786
1.3652304
1.3634601
1.3617377
1.3600467
1.3583816
1.3567471
1.3551569
1.3536346
1.3522147
1.3509434
1.3498814
1.3491064
1.3487174
1.34884
1.3496336
1.3513014
1.3541042
1.3583811
1.3645771
1.3732907
1.3853395
1.4018858
1.4246269
1.4562105
1.5010127
1.5673029
1.6741157
1.8838234
2.4732725
9774.7363
14770.71
16023.652
14969.787
12763.536
10144.298
7577.6755
5465.328
3959.3463
3002.3965
2419.1056
2045.8256
1782.7906
1579.1873
1409.9217
1262.5611
1131.3782
1013.7843
908.55269
813.80134
728.3816
652.37872
585.22959
525.98285
473.74986
427.78533
387.40962
351.94932
320.76576
293.29394
269.03611
247.56042
228.49215
211.4949
196.24608
182.40178
169.529
157.20006
144.81281
131.73391
117.99628
104.73583
91.954431
78.896303
65.06436
51.02871
38.391026
28.047191
19.989302
14.697289
11.498116
9.4130104
7.9532061
6.8662745
6.0156832
5.3241147
4.7459457
4.2532565
3.828339
3.4594676
3.1384595
2.8592857
2.6171779
2.4081899
2.2289068
2.0762822
1.9474896
1.8398379
1.7507332
1.6776867
1.6183043
1.5703517
1.531822
1.5009568
1.4762611
1.4565003
1.4406498
1.427887
1.4175573
1.4091532
1.4022531
1.3964715
1.3914468
1.3869163
1.3827867
1.3790837
1.3758348
1.3730104
1.3705344
1.3683199
1.3662865
1.3643713
1.3625285
1.3607274
1.3589508
1.3571926
1.3554565
1.3537556
1.3521126
1.3505609
1.3491456
1.3479261
1.3469787
1.3464005
1.3463152
1.3468796
1.3482941
1.3508154
1.354778
1.3606205
1.3689332
1.3805223
1.3965343
1.4186435
1.4494634
1.4933193
1.5584162
1.663808
1.8726132
2.4649829
5483.2034
7421.1134
8655.2374
9148.7938
8997.9115
8347.948
7350.2646
6155.2079
4908.9814
3755.5573
2843.2694
2207.3848
1794.8868
1524.9011
1335.4051
1190.0716
1069.8609
965.30784
871.85794
787.22293
710.30026
640.71985
578.30059
522.25041
471.86239
426.9492
387.13867
351.92694
320.81316
293.3349
269.05878
247.57352
228.50411
211.50711
196.25632
182.39621
169.53283
157.23451
144.89298
131.83433
118.22151
105.04674
92.238436
79.169379
65.382149
51.372529
38.69249
28.326996
20.193521
14.814132
11.567531
9.4561933
7.9815022
6.8858405
6.029925
5.3349626
4.7545235
4.2602326
3.8341226
3.4643159
3.142543
2.862722
2.6200571
2.4105821
2.2308721
2.0778714
1.9487487
1.8408093
1.7514575
1.6782014
1.618645
1.5705506
1.5319069
1.5009508
1.4761826
1.4563631
1.4404641
1.4276599
1.4172933
1.4088551
1.4019222
1.3961078
1.3910483
1.3864797
1.3823083
1.37856
1.3752628
1.3723873
1.3698572
1.3675851
1.3654895
1.3635072
1.3615922
1.3597128
1.3578509
1.356
1.354163
1.352352
1.350589
1.3489062
1.3473478
1.3459718
1.3448531
1.3440872
1.3437956
1.3441328
1.3452961
1.3475386
1.3511901
1.356683
1.3645996
1.3757349
1.3912199
1.4127065
1.4427752
1.4857016
1.5496302
1.6536454
1.8616335
2.4569901
4292.3653
5215.9742
5881.1897
6290.3428
6447.0809
6364.5375
6064.331
5574.588
4931.4705
4184.2342
3403.0658
2674.0778
2079.6934
1654.4174
1369.009
1175.9598
1037.2749
929.55426
839.87481
761.48176
691.03931
627.03698
568.81285
515.93627
468.06385
425.01778
386.45199
351.89051
321.03618
293.63917
269.35621
247.82367
228.6935
211.63736
196.32281
182.43
169.57488
157.29971
145.00362
131.9807
118.51893
105.43437
92.578947
79.480875
65.727952
51.7433
39.017771
28.626293
20.419038
14.943102
11.642819
9.5028411
8.0119693
6.9068378
6.0451599
5.346536
4.7636542
4.2676476
3.8402625
3.4694591
3.1468726
2.8663651
2.6231084
2.4131178
2.2329553
2.0795565
1.9500846
1.8418412
1.7522281
1.6787508
1.6190107
1.5707668
1.5320031
1.5009515
1.4761073
1.4562265
1.440277
1.4274299
1.4170255
1.4085523
1.4015861
1.3957384
1.3906439
1.3860369
1.3818236
1.3780299
1.3746845
1.3717579
1.3691738
1.3668442
1.364687
1.3626378
1.3606507
1.3586933
1.3567467
1.3548035
1.352866
1.3509455
1.3490631
1.3472501
1.3455495
1.3440181
1.3427294
1.3417771
1.3412808
1.3413926
1.342307
1.3442735
1.347617
1.3527642
1.3602893
1.3709766
1.385942
1.4068152
1.4361449
1.4781585
1.5409434
1.6436253
1.8508792
2.4492821
3562.7753
4104.6812
4500.9858
4771.3084
4922.9091
4958.8098
4880.7464
4690.5967
4391.755
3991.398
3504.8211
2961.8078
2411.8619
1916.8823
1524.2547
1244.8154
1053.8939
920.15782
820.44175
740.58749
672.68121
612.56039
558.16029
508.50946
463.16833
421.9321
384.61184
350.96659
320.78875
293.82116
269.70364
248.16031
228.95548
211.81302
196.44711
182.52224
169.65923
157.39757
145.12379
132.20278
118.92226
105.89267
92.976649
79.83619
66.107105
52.144202
39.370128
28.939106
20.671745
15.090251
11.724951
9.5533108
8.0447962
6.9293749
6.0614538
5.3588746
4.7733649
4.275518
3.8467713
3.4749061
3.1514555
2.8702194
2.6263362
2.4157998
2.2351588
2.0813395
1.9514985
1.8429342
1.7530456
1.679335
1.6194014
1.5710001
1.5321102
1.5009584
1.4760346
1.4560898
1.4400879
1.4271965
1.4167531
1.4082443
1.4012442
1.3953628
1.3902329
1.3855874
1.3813319
1.3774929
1.3740992
1.3711216
1.3684836
1.3660966
1.3638781
1.3617627
1.3597033
1.3576683
1.3556373
1.3536024
1.351565
1.3495356
1.3475346
1.3455921
1.3437503
1.3420645
1.3406069
1.3394696
1.3387703
1.3386587
1.3393265
1.3410195
1.3440583
1.3488636
1.356002
1.366247
1.3806999
1.400969
1.4295715
1.4706886
1.5323541
1.6337454
1.8403451
2.4418476
3011.7972
3371.1423
3636.8062
3825.857
3946.1881
4001.2067
3991.7017
3916.9207
3775.1273
3564.5451
3284.8655
2940.0936
2543.5858
2123.5495
1722.9101
1384.7864
1129.5647
949.25606
823.03815
730.84826
658.95039
599.18742
547.0279
500.10536
457.27827
418.0474
382.19215
349.57504
320.06912
293.5037
269.63948
248.29935
229.20865
212.06919
196.64683
182.67113
169.78372
157.52538
145.27008
132.5021
119.41858
106.41543
93.433097
80.242619
66.5267
52.579055
39.752606
29.259386
20.95523
15.262422
11.815245
9.6080422
8.0802062
6.9535794
6.078883
5.3720271
4.7836866
4.2838651
3.8536633
3.4806674
3.1562992
2.8742913
2.6297452
2.4186316
2.2374854
2.0832219
1.9529918
1.8440893
1.7539102
1.6799541
1.6198168
1.5712501
1.5322278
1.5009709
1.4759639
1.4559524
1.4398962
1.4269589
1.4164756
1.4079303
1.4008957
1.3949801
1.3898145
1.3851303
1.3808326
1.3769481
1.3735061
1.3704776
1.3677859
1.3653417
1.363062
1.3608808
1.3587498
1.3566372
1.3545223
1.3523961
1.3502593
1.3481218
1.3460028
1.3439317
1.3419495
1.3401104
1.3384851
1.3371643
1.3362637
1.3359306
1.3363539
1.3377762
1.3405135
1.3449808
1.351737
1.3615455
1.375493
1.395167
1.4230541
1.4632907
1.5238606
1.6240031
1.8300267
2.4346755
2572.2005
2828.344
3021.4469
3163.4357
3260.4064
3315.5153
3329.8731
3303.1084
3233.7857
3119.5713
2957.7499
2746.1296
2485.038
2180.9673
1851.3827
1526.5342
1241.1367
1017.1032
854.39862
738.92989
654.81592
590.08122
537.08816
491.37269
450.49633
413.2292
379.0177
347.63408
318.97702
292.95527
269.4405
248.28538
229.28651
212.20434
196.82533
182.86674
169.96532
157.69973
145.47561
132.87471
119.98094
107.00002
93.952716
80.710497
66.996656
53.052481
40.168527
29.589291
21.267968
15.46225
11.915188
9.6675857
8.1184646
6.9796016
6.0975367
5.3860485
4.7946545
4.292713
3.8609552
3.4867553
3.1614125
2.8785872
2.63334
2.4216174
2.2399377
2.0852061
1.9545662
1.8453072
1.7548227
1.6806082
1.620257
1.5715166
1.5323554
1.5009884
1.4758946
1.4558136
1.4397009
1.4267165
1.416192
1.4076095
1.4005399
1.3945897
1.389388
1.3846648
1.3803248
1.3763948
1.3729046
1.3698252
1.3670798
1.3645787
1.3622381
1.3599914
1.3577895
1.3555993
1.353401
1.351184
1.3489484
1.3467033
1.344467
1.3422682
1.3401465
1.3381552
1.3363636
1.3348607
1.3337603
1.3332077
1.3333889
1.3345431
1.336982
1.3411151
1.3474939
1.3568714
1.3703206
1.3894084
1.4165917
1.4559635
1.5154614
1.6143961
1.8199184
2.4277554
2213.6786
2404.5662
2552.2446
2664.4302
2745.2545
2797.1165
2821.048
2817.0898
2784.3834
2721.3125
2625.5977
2494.537
2325.6416
2118.0683
1875.4125
1609.5862
1342.9931
1103.2805
910.24019
766.89276
663.77454
588.39935
530.638
483.71374
443.51171
407.70412
375.0796
345.07433
317.46263
292.15767
269.09893
248.20318
229.33629
212.31819
196.94929
182.97898
170.08517
157.86479
145.7459
133.33055
120.602
107.64962
94.54717
81.25365
67.527978
53.570103
40.621641
29.937655
21.607059
15.688456
12.026236
9.7325801
8.1598814
7.0076141
6.1175185
5.4010022
4.8063096
4.3020885
3.8686659
3.4931831
3.1668056
2.8831148
2.6371269
2.4247611
2.2425193
2.0872946
1.9562231
1.8465894
1.7557835
1.6812977
1.6207218
1.5717992
1.5324924
1.5010104
1.4758258
1.4556726
1.4395015
1.4264682
1.4159016
1.4072811
1.4001759
1.3941906
1.3889526
1.3841902
1.3798077
1.3758322
1.3722937
1.3691635
1.3663646
1.3638067
1.3614055
1.3590936
1.3568213
1.3545542
1.3522725
1.3499653
1.3476315
1.3452794
1.3429267
1.3406009
1.3383408
1.3361984
1.3342416
1.332558
1.3312596
1.3304894
1.3304308
1.3313196
1.3334634
1.337266
1.3432719
1.3522242
1.365182
1.3836924
1.4101834
1.448706
1.5071546
1.6049219
1.8100161
2.4210773
1917.5427
2063.8082
2180.3206
2271.7267
2340.689
2388.7806
2416.8036
2424.8504
2412.4487
2378.5629
2321.601
2239.4523
2129.66
1989.8738
1818.9813
1619.3286
1399.8813
1178.1461
976.38379
811.40925
686.9952
596.42466
529.81054
478.71938
437.30981
401.93182
370.4681
341.78774
315.35346
290.95186
268.51204
247.99527
229.33493
212.41614
197.07839
183.10332
170.19769
157.97236
145.95369
133.78135
121.26165
108.36882
95.245654
81.891869
68.118691
54.136902
41.116222
30.314658
21.971293
15.938891
12.149817
9.8037809
8.2048287
7.0378198
6.1389466
5.416962
4.8186988
4.3120233
3.8768172
3.4999664
3.1724898
2.8878826
2.6411122
2.428068
2.2452337
2.08949
1.9579645
1.847937
1.7567935
1.6820227
1.6212112
1.5720975
1.5326383
1.501036
1.4757569
1.4555286
1.4392969
1.4262134
1.4156035
1.4069443
1.3998028
1.3937821
1.3885072
1.3837054
1.3792804
1.3752593
1.3716726
1.3684917
1.3656394
1.363025
1.3605634
1.3581866
1.3558442
1.3535011
1.3511361
1.3487392
1.3463078
1.3438495
1.3413811
1.3389291
1.3365316
1.3342391
1.3321186
1.3302557
1.328761
1.3277752
1.327479
1.3281051
1.3299569
1.333433
1.3390706
1.3476032
1.3600765
1.3780182
1.4038282
1.4415167
1.4989389
1.5955784
1.8003148
2.4146315
1670.6523
1784.6917
1878.2762
1954.0784
2013.6305
2057.8913
2087.3094
2101.9741
2101.5721
2085.4
2052.3714
2000.9761
1929.3032
1835.1581
1716.4527
1572.1345
1404.049
1219.5162
1032.8824
862.37247
721.88395
614.87449
536.21568
477.94778
433.08661
396.6756
365.55426
337.85397
312.55916
289.18289
267.53336
247.55353
229.21641
212.46744
197.19989
183.23958
170.33022
158.11512
146.19322
134.20993
121.89155
109.13184
96.017895
82.600908
68.774452
54.758446
41.657287
30.729205
22.361128
16.213564
12.287603
9.8821021
8.2537434
7.0704521
6.1619587
5.4340123
4.8318765
4.3225527
3.8854333
3.5071228
3.1784785
2.8929007
2.6453031
2.4315436
2.2480854
2.0917955
1.9597928
1.8493514
1.7578535
1.6827838
1.6217251
1.5724113
1.5327926
1.5010647
1.475687
1.4553806
1.4390862
1.425951
1.4152968
1.406598
1.3994198
1.393363
1.388051
1.3832095
1.3787418
1.3746751
1.3710402
1.3678088
1.3649033
1.3622325
1.3597108
1.3572694
1.3548574
1.3524388
1.3499912
1.3475048
1.3449765
1.3424126
1.3398292
1.3372521
1.3347181
1.3322768
1.3299937
1.3279531
1.3262638
1.3250643
1.3245329
1.324899
1.3264621
1.3296153
1.3348892
1.3430076
1.3550033
1.3723849
1.397525
1.4343946
1.4908124
1.586363
1.79081
2.4084087
1462.6495
1552.6395
1628.6476
1692.1217
1743.8225
1784.229
1813.5774
1831.8204
1838.704
1833.73
1816.1062
1784.7693
1738.301
1674.9832
1592.8658
1490.1426
1365.9521
1221.9735
1064.5988
906.01794
761.35417
641.90377
550.38421
482.59377
432.01114
392.84487
360.92752
333.56428
309.14082
286.77064
266.02691
246.74475
228.87919
212.40937
197.28118
183.37347
170.47566
158.29208
146.47103
134.65177
122.52265
109.91235
96.843184
83.382914
69.501619
55.441269
42.25053
31.188244
22.770682
16.519662
12.446402
9.9690117
8.3071805
7.1057925
6.1867152
5.4522498
4.8459039
4.3337183
3.8945429
3.5146724
3.1847857
2.8981795
2.6497084
2.4351943
2.2510789
2.0942145
1.9617102
1.8508342
1.7589644
1.6835812
1.6222635
1.5727402
1.5329547
1.5010956
1.4756152
1.4552278
1.4388685
1.4256799
1.4149804
1.4062412
1.3990256
1.3929324
1.3875829
1.3827015
1.3781909
1.3740786
1.3703956
1.3671136
1.3641551
1.3614282
1.3588467
1.3563411
1.3538599
1.3513663
1.348837
1.3462613
1.3436366
1.3409679
1.3382704
1.335569
1.3328995
1.3303105
1.3278661
1.3256494
1.3237672
1.322356
1.3215918
1.3217006
1.3229781
1.3258123
1.330727
1.3384368
1.3499617
1.3667918
1.3912729
1.4273384
1.4827738
1.5772737
1.7814971
2.4024002
1285.8619
1357.4725
1419.6196
1473.0044
1517.9359
1554.5634
1582.902
1602.8534
1614.1459
1616.3737
1608.9451
1591.0654
1561.6993
1519.544
1463.0452
1390.484
1300.3149
1191.9123
1066.9853
931.36156
795.66304
672.55852
571.08203
493.11309
435.00881
391.33754
357.28838
329.37514
305.32275
283.75693
263.91989
245.44786
228.20315
212.14951
197.26321
183.47342
170.62966
158.49939
146.77454
135.10325
123.15596
110.70853
97.716321
84.238436
70.306089
56.19246
42.902323
31.695852
23.177694
16.866005
12.644392
10.067162
8.3658873
7.1441745
6.2133994
5.4717863
4.8608522
4.345566
3.9041776
3.5226376
3.1914283
2.9037315
2.6543366
2.4390267
2.2542194
2.0967508
1.9637196
1.8523873
1.7601274
1.6844155
1.6228264
1.5730837
1.533124
1.501128
1.4755406
1.4550691
1.4386427
1.4253992
1.4146531
1.4058728
1.3986192
1.392489
1.3871016
1.38218
1.3776266
1.3734686
1.3697375
1.3664052
1.3633937
1.360611
1.3579701
1.3554006
1.3528505
1.3502824
1.3476723
1.3450076
1.3422871
1.3395144
1.3367036
1.3338788
1.3310749
1.3283394
1.3257352
1.3233438
1.3212704
1.3196496
1.3186548
1.3185091
1.3195043
1.3220233
1.3265833
1.33389
1.3449509
1.3612378
1.3850709
1.4203467
1.4748213
1.568308
1.7723721
2.3965974
1134.3334
1191.6739
1242.6935
1287.6825
1326.6746
1359.6168
1386.4032
1406.8385
1420.6677
1427.5144
1426.9117
1418.2385
1400.7156
1373.3584
1334.9698
1284.1451
1219.3684
1139.344
1043.7068
934.26959
816.50465
699.82656
594.86984
508.73247
442.49893
392.89551
355.34255
325.83202
301.45666
280.30935
261.23355
243.59118
227.07802
211.58026
197.06324
183.48798
170.76378
158.7198
147.09388
135.56167
123.79031
111.51645
98.631617
85.166176
71.192691
57.019279
43.619591
32.255847
23.591353
17.243477
12.882488
10.179153
8.4308075
7.1860082
6.2422292
5.4927498
4.8768014
4.3581491
3.9143732
3.5310437
3.1984244
2.9095704
2.6591985
2.4430491
2.2575129
2.0994087
1.9658239
1.8540128
1.7613436
1.6852871
1.6234138
1.5734417
1.5332997
1.5011609
1.4754622
1.4549033
1.4384077
1.4251076
1.4143138
1.4054915
1.3981994
1.3920317
1.386606
1.3816439
1.3770475
1.3728439
1.3690647
1.3656821
1.362618
1.3597797
1.3570796
1.3544467
1.3518282
1.3491861
1.3464956
1.3437431
1.3409271
1.338051
1.3351278
1.3321806
1.3292433
1.3263625
1.3235998
1.3210353
1.3187726
1.3169443
1.3157213
1.3153238
1.3160398
1.3182475
1.3224574
1.3293664
1.3399699
1.3557221
1.3789178
1.4134184
1.4669535
1.5594639
1.7634302
2.3909921
1003.5071
1049.6555
1091.6318
1129.5518
1163.2909
1192.7011
1217.5794
1237.7118
1252.8076
1262.5362
1266.4859
1264.1594
1254.9442
1238.0877
1212.6668
1177.5769
1131.5454
1073.2469
1001.6239
916.56441
820.03033
717.24962
616.62982
527.07474
454.03873
397.91098
355.69301
323.49449
297.96976
276.6984
258.08976
241.17836
225.43262
210.60034
196.58476
183.34468
170.82843
158.92112
147.41368
136.02158
124.42372
112.33252
99.583024
86.163159
72.164902
57.928976
44.40975
32.873873
24.035889
17.64535
13.152057
10.307136
8.5030419
7.2317846
6.2734596
5.5152885
4.8938427
4.3715267
3.9251703
3.5399193
3.2057948
2.9157114
2.6643055
2.4472695
2.2609657
2.102193
1.9680267
1.8557129
1.7626145
1.686197
1.624026
1.5738136
1.5334812
1.5011935
1.4753789
1.4547294
1.438162
1.4248037
1.4139611
1.4050961
1.3977647
1.3915591
1.3860946
1.3810918
1.3764522
1.372203
1.3683759
1.3649432
1.3618266
1.358933
1.3561741
1.3534781
1.3507916
1.348076
1.3453058
1.3424665
1.3395553
1.3365766
1.3335418
1.3304732
1.3274037
1.3243789
1.321459
1.3187231
1.3162728
1.314239
1.3127903
1.3121438
1.3125839
1.314484
1.3183484
1.3248652
1.335018
1.3502438
1.3728126
1.4065522
1.4591687
1.5507391
1.7546676
2.3855766
890.02933
927.2874
961.84612
993.74588
1022.819
1048.8586
1071.6454
1090.9209
1106.4084
1117.7911
1124.7092
1126.7348
1123.3748
1114.0315
1097.9877
1074.3798
1042.1878
1000.2622
947.45432
882.92961
806.82427
721.26604
631.2857
544.40006
468.00659
406.16595
358.70417
322.85924
295.30967
273.25897
254.69393
238.29297
223.25434
209.1378
195.73352
182.95415
170.75371
159.05695
147.70845
136.47165
125.05156
113.15234
100.56386
87.224676
73.224569
58.928527
45.280836
33.557246
24.527885
18.071386
13.449227
10.454066
8.5839625
7.2821136
6.3073914
5.5395717
4.9120811
4.3857663
3.9366143
3.5492958
3.2135621
2.9221713
2.6696699
2.4516979
2.2645848
2.105109
1.9703315
1.8574902
1.7639415
1.6871455
1.6246629
1.5741992
1.5336678
1.5012247
1.4752896
1.454546
1.4379045
1.4244863
1.4135937
1.4046851
1.3973138
1.3910697
1.3855659
1.3805222
1.3758394
1.3715445
1.3676696
1.3641869
1.3610181
1.3580695
1.3552521
1.3524935
1.3497395
1.3469509
1.3441016
1.3411764
1.3381706
1.33509
1.3319446
1.3287555
1.325555
1.3223873
1.3193118
1.316406
1.3137701
1.3115329
1.3098608
1.3089682
1.3091357
1.310732
1.3142553
1.3203855
1.3300941
1.3448017
1.3667543
1.3997468
1.4514654
1.5421316
1.7460799
2.3803432
791.00769
821.17849
849.64042
876.42875
901.36445
924.24798
944.84869
962.92042
978.18923
990.36017
999.10422
1004.0573
1004.7976
1000.8416
991.61612
976.44034
954.50526
924.87336
886.51131
838.43102
780.01067
711.63116
635.5785
556.69254
481.67075
416.57868
364.31179
324.26139
293.8882
270.3508
251.30865
235.08913
220.59657
207.16712
194.43592
182.22557
170.45619
159.06478
147.93871
136.89091
125.66373
113.9692
101.56639
88.344099
74.371381
60.02408
46.241401
34.314382
25.077453
18.520528
13.775284
10.62546
8.6755145
7.3377742
6.3443922
5.5657986
4.9316346
4.4009435
3.9487552
3.5592085
3.2217518
2.9289686
2.6753058
2.4563443
2.2683782
2.1081623
1.9727426
1.8593473
1.7653264
1.6881338
1.6253246
1.5745981
1.5338587
1.5012535
1.4751929
1.4543518
1.4376337
1.4241539
1.41321
1.4042569
1.3968452
1.3905619
1.3850184
1.3799334
1.3752073
1.3708669
1.3669442
1.3634117
1.3601909
1.3571876
1.3543121
1.3514913
1.3486703
1.3458093
1.3428816
1.3398711
1.3367718
1.3335898
1.3303347
1.3270263
1.3236958
1.3203866
1.317157
1.3140829
1.3112632
1.3088249
1.3069319
1.3057959
1.3056941
1.3069905
1.3101774
1.3159262
1.3251975
1.339395
1.3607416
1.393001
1.443842
1.5336388
1.7376635
2.3752848
704.23416
728.73028
752.16986
774.60412
795.8914
815.84781
834.26585
850.91285
865.54285
877.87666
887.62127
894.4541
898.0128
897.8908
893.62246
884.6576
870.35391
849.95546
822.60121
787.36558
743.41241
690.32743
628.72152
561.02293
491.86832
427.17121
371.81535
327.73457
294.00884
268.31564
248.22294
231.77147
217.57189
204.7163
192.65495
181.0837
169.84979
158.86884
148.04936
137.24549
126.24189
114.7722
102.58088
89.512802
75.602539
61.22028
47.300113
35.154547
25.691344
18.988319
14.135929
10.831265
8.7811265
7.3998804
6.3849289
5.5942058
4.9526403
4.4171435
3.9616496
3.5696961
3.2303913
2.9361237
2.6812283
2.4612205
2.2723544
2.1113591
1.9752643
1.8612874
1.7667711
1.6891627
1.6260115
1.5750097
1.5340531
1.5012787
1.4750875
1.4541453
1.4373479
1.4238047
1.4128084
1.40381
1.396357
1.3900339
1.3844503
1.3793237
1.3745542
1.3701683
1.366198
1.3626159
1.3593434
1.3562857
1.3533524
1.3504699
1.3475825
1.3446497
1.3416441
1.3385491
1.3353576
1.3320747
1.3287108
1.3252841
1.3218249
1.3183756
1.3149933
1.3117527
1.3087512
1.3061138
1.3040024
1.302626
1.3022582
1.3032586
1.3061136
1.3114866
1.3203269
1.3340226
1.3547735
1.3863134
1.4362969
1.5252589
1.7294136
2.3703943
627.87436
647.81785
667.11654
685.86155
703.94866
721.22533
737.52258
752.6377
766.34362
778.39863
788.53828
796.47618
801.89918
804.45875
803.7622
799.36331
790.74064
777.28601
758.29621
732.9794
700.51462
660.21266
611.85607
556.27551
496.01201
435.46725
379.80079
332.84814
295.76501
267.42531
245.7212
228.57232
214.33808
201.86417
190.39785
179.48186
168.85878
158.38876
147.97232
137.48721
126.75637
115.54357
103.59415
90.719404
76.912128
62.519662
48.465277
36.087094
26.372363
19.452225
14.531676
11.09471
8.9078606
7.4702656
6.429635
5.6250819
4.975256
4.434462
3.9753596
3.5808013
3.2395111
2.9436588
2.6874539
2.4663386
2.2765226
2.1147064
1.9779017
1.8633139
1.7682776
1.6902332
1.6267237
1.5754339
1.5342501
1.5012992
1.474972
1.4539248
1.4370456
1.4234371
1.4123871
1.4033424
1.3958475
1.389484
1.3838597
1.3786912
1.3738783
1.3694469
1.3654291
1.3617977
1.3584737
1.355362
1.3523714
1.3494277
1.3464744
1.3434703
1.3403876
1.3372089
1.3339263
1.330543
1.3270713
1.3235274
1.3199408
1.3163527
1.3128193
1.309414
1.3062326
1.3033984
1.3010712
1.2994572
1.2988268
1.2995352
1.3020629
1.3070655
1.3154815
1.3286833
1.3488488
1.3796827
1.4288287
1.5169898
1.7213269
2.3656651
560.59742
576.86181
592.73636
608.35009
623.63309
638.48191
652.75368
666.28702
678.88899
690.3499
700.43701
708.89831
715.46051
719.82365
721.65441
720.57856
716.16655
707.92611
695.28275
677.58084
654.09856
624.11399
587.0799
542.96938
492.81385
439.23271
386.35742
338.61213
298.91554
267.80787
244.04442
225.72783
211.08123
198.73064
187.71586
177.41035
167.42979
157.55014
147.63242
137.55448
127.16412
116.25574
104.58711
91.948847
78.290779
63.921981
49.744249
37.121881
27.128118
19.954672
14.941136
11.39606
9.0628217
7.551797
6.4794372
5.658803
4.9996697
4.453009
3.9899555
3.5925707
3.2491437
2.9515976
2.6940002
2.4717118
2.2808925
2.1182115
1.9806599
1.8654303
1.7698481
1.6913465
1.6274616
1.5758701
1.5344487
1.5013136
1.4748449
1.4536886
1.4367248
1.4230491
1.4119441
1.4028523
1.3953147
1.3889101
1.3832445
1.3780339
1.3731775
1.3687007
1.3646356
1.360955
1.35758
1.3544145
1.3513672
1.3483627
1.345344
1.3422694
1.3391102
1.3358486
1.3324759
1.3289933
1.3254146
1.3217547
1.3180419
1.3143166
1.3106337
1.3070654
1.3037061
1.3006774
1.298137
1.2962885
1.2953988
1.295819
1.2980241
1.3026618
1.3106601
1.3233761
1.3429663
1.3731075
1.4214356
1.5088291
1.7133992
2.3610907
501.1241
514.41555
527.46899
540.44044
553.29627
565.96755
578.35525
590.32605
601.72827
612.38372
622.09565
630.64805
637.80234
643.3003
646.85514
648.1499
646.82612
642.47697
634.63387
622.75596
606.23454
584.41407
556.6695
522.59278
482.33816
437.11875
389.59051
343.57292
302.7844
269.34969
243.3352
223.44857
207.9965
195.46352
184.69811
174.89908
165.54111
156.29523
146.95657
137.3771
127.40906
116.86908
105.5323
93.180398
79.724245
65.42289
51.142418
38.268876
27.969136
20.517683
15.365942
11.722551
9.2516381
7.649134
6.5358135
5.6958899
5.0261145
4.47291
4.0055133
3.6050549
3.2593247
2.9599654
2.7008859
2.4773543
2.2854749
2.1218821
1.9835446
1.8676403
1.7714851
1.6925039
1.6282253
1.5763179
1.534648
1.5013206
1.4747044
1.4534349
1.4363835
1.4226387
1.4114774
1.4023375
1.3947563
1.3883099
1.3826025
1.3773495
1.3724495
1.3679276
1.3638153
1.3600859
1.35666
1.3534413
1.3503376
1.3472729
1.3441895
1.341045
1.3378101
1.3344663
1.3310045
1.327424
1.323739
1.3199643
1.3161267
1.3122655
1.3084347
1.3047054
1.3011703
1.2979495
1.2951985
1.2931184
1.291973
1.292109
1.2939961
1.2982743
1.3058615
1.3180998
1.3371247
1.3665866
1.414116
1.500775
1.7056267
2.3566649
448.40963
459.29776
470.03169
480.78407
491.55622
502.30484
512.96496
523.44011
533.61199
543.3396
552.4571
560.78516
568.12051
574.24005
578.90018
581.83
582.72615
581.24809
577.00818
569.56236
558.4025
542.96543
522.65939
496.95521
465.58076
428.86535
388.17616
346.16077
306.28946
271.60783
243.56624
221.88131
205.26727
192.22402
181.46119
172.01205
163.20437
154.59183
145.88456
136.88428
127.42553
117.33157
106.39159
94.38571
81.192233
67.012948
52.662122
39.537811
28.907197
21.152014
15.814821
12.065966
9.475132
7.7687437
6.6013219
5.7371517
5.0549028
4.4943174
4.0221205
3.6183096
3.2700914
2.9687891
2.708131
2.4832808
2.2902809
2.1257265
1.9865616
1.8699483
1.7731912
1.6937066
1.6290152
1.5767768
1.5348469
1.5013185
1.4745487
1.4531617
1.4360198
1.4222038
1.4109847
1.4017957
1.3941702
1.3876811
1.3819312
1.3766356
1.3716921
1.367125
1.3629659
1.3591879
1.3557115
1.35244
1.3492804
1.3461561
1.3430086
1.3397949
1.3364851
1.33306
1.32951
1.325833
1.3220425
1.3181543
1.3141932
1.3101978
1.3062208
1.3023323
1.2986236
1.295213
1.2922541
1.2899455
1.2885479
1.2884038
1.2899775
1.2939019
1.3010845
1.3128531
1.3313227
1.3601184
1.4068685
1.4928252
1.6980063
2.3523818
401.65498
410.59318
419.41407
428.31235
437.29969
446.36324
455.46426
464.53856
473.49861
482.23283
490.61491
498.49438
505.70359
512.05572
517.34167
521.33118
523.76752
524.36306
522.79335
518.6897
511.63162
501.14307
486.70405
467.78703
443.95722
415.07709
381.63845
345.13565
308.15902
273.7962
244.46427
221.05391
203.03585
189.17016
178.13766
168.84029
160.46346
152.43787
144.37672
136.01355
127.14466
117.58091
107.11503
95.526422
82.66638
68.675935
54.301301
40.937009
29.954357
21.866183
16.299314
12.424002
9.7282896
7.9163105
6.680255
5.7840011
5.0865015
4.5174242
4.0398777
3.6323957
3.2814844
2.9780969
2.7157557
2.4895065
2.2953216
2.1297531
1.9897173
1.8723583
1.774969
1.694956
1.6298316
1.5772463
1.5350442
1.5013059
1.4743759
1.4528669
1.4356312
1.4217419
1.4104636
1.4012244
1.3935536
1.3870211
1.3812281
1.3758896
1.3709026
1.3662906
1.3620849
1.3582586
1.3547322
1.3514083
1.3481933
1.34501
1.3417991
1.3385169
1.335133
1.3316276
1.3279903
1.3242183
1.320323
1.3163226
1.3122395
1.3081114
1.3039901
1.2999444
1.2960642
1.2924663
1.2893024
1.2867684
1.2851221
1.2847021
1.2859672
1.2895433
1.2963279
1.3076347
1.325559
1.3537015
1.3996913
1.4849776
1.6905336
2.3482354
360.15825
367.50607
374.75748
382.10468
389.57583
397.17743
404.8917
412.67815
420.47591
428.20725
435.77263
443.05476
449.91715
456.20725
461.74987
466.35084
469.79298
471.83293
472.1977
470.57828
466.62405
459.93818
450.07527
436.55821
418.92332
396.8298
370.27131
339.89073
307.27634
274.91052
245.47597
220.81447
201.36411
186.43607
174.86344
165.49266
157.38863
149.86079
142.41973
134.71965
126.50285
117.54985
107.64227
96.553039
84.108351
70.386835
56.051359
42.472093
31.122517
22.668937
16.827016
12.802172
10.006109
8.0932707
6.7782522
5.8389952
5.1217111
4.5425101
4.0589087
3.6473803
3.2935461
2.9879182
2.7237814
2.4960472
2.3006091
2.1339707
1.9930177
1.8748748
1.7768213
1.6962536
1.630675
1.5777259
1.5352387
1.5012809
1.4741839
1.4525479
1.4352152
1.4212504
1.4099115
1.4006209
1.3929039
1.3863269
1.3804903
1.3751086
1.3700782
1.3654215
1.3611695
1.3572952
1.3537192
1.3503434
1.3470737
1.3438319
1.3405584
1.3372085
1.3337514
1.3301666
1.326443
1.3225774
1.3185785
1.3144671
1.3102635
1.3060045
1.3017407
1.2975397
1.2934904
1.2897078
1.2863416
1.2835854
1.2816941
1.2810022
1.2819636
1.2851969
1.2915903
1.3024433
1.3198322
1.3473345
1.3925828
1.4772303
1.683205
2.3442203
323.22461
329.28238
335.24608
341.30816
347.50481
353.8537
360.35345
366.98254
373.7041
380.46262
387.18599
393.78543
400.15707
406.1753
411.69951
416.56743
420.59893
423.58763
425.30436
425.4891
423.84868
420.04986
413.71781
404.43798
391.77618
375.33245
354.86029
330.48081
302.97205
273.97909
245.82938
220.78871
200.1847
184.10246
171.76181
162.08537
154.06867
146.91319
140.02719
132.9802
125.45014
117.1737
107.90664
97.40537
85.46829
72.10975
57.895017
44.143916
32.422256
23.569734
17.407542
13.208157
10.305015
8.2956414
6.899548
5.9061956
5.1620391
4.5700435
4.0793842
3.6633436
3.3063221
2.9982825
2.7322289
2.5029182
2.3061548
2.138388
1.9964695
1.8775022
1.7787509
1.6976008
1.6315454
1.5782148
1.5354289
1.5012416
1.4739704
1.4522024
1.4347693
1.4207266
1.4093254
1.3999823
1.3922179
1.3855956
1.3797147
1.3742897
1.3692159
1.3645148
1.3602168
1.356295
1.3526698
1.3492427
1.3459188
1.3426193
1.3392838
1.3358671
1.3323376
1.3286744
1.3248657
1.3209077
1.3168067
1.3125855
1.308263
1.3038747
1.2994703
1.2951163
1.2909001
1.2869354
1.2833698
1.2803949
1.2782622
1.2773027
1.2779652
1.2808615
1.2868702
1.2972775
1.3141409
1.3410159
1.3855415
1.469581
1.6760172
2.3403309
290.34829
295.34937
300.25919
305.2561
310.38387
315.6679
321.11467
326.72033
332.46133
338.30387
344.19853
350.08128
355.87226
361.4768
366.78227
371.65937
375.95707
379.50653
382.11413
383.56249
383.60449
381.96171
378.3182
372.32097
363.58537
351.72057
336.39119
317.44481
295.12481
270.32525
244.70833
220.40335
199.26006
182.1596
168.92246
158.73034
150.60291
143.66739
137.23768
130.79787
123.95657
116.39834
107.84175
98.015823
86.685135
73.796365
59.803604
45.946128
33.861914
24.580945
18.064393
13.648516
10.618441
8.5162499
7.0437203
5.9900437
5.2101503
4.6009249
4.1015847
3.6803911
3.3198641
3.0092206
2.7411188
2.5101345
2.3119699
2.1430133
2.0000787
1.8802447
1.7807605
1.6989988
1.632443
1.5787124
1.5356134
1.501186
1.4737328
1.4518275
1.4342903
1.4201674
1.4087023
1.3993054
1.3914924
1.3848238
1.378898
1.3734294
1.3683124
1.3635672
1.3592236
1.3552547
1.3515809
1.348103
1.3447256
1.3413691
1.3379724
1.3344898
1.3308889
1.3271483
1.3232557
1.3192065
1.3150051
1.3106753
1.3062355
1.3017197
1.2971767
1.2926718
1.2882913
1.2841471
1.2803853
1.2771948
1.2748247
1.2736019
1.2739704
1.2765354
1.2821661
1.2921358
1.3084836
1.3347441
1.3785655
1.4620277
1.6689668
2.3365623
260.99561
265.13849
269.18245
273.3038
277.54468
281.93119
286.48076
291.19343
296.06412
301.06956
306.17924
311.3496
316.52401
321.63125
326.58594
331.28522
335.61001
339.42084
342.55918
344.8426
346.06565
345.99368
344.36164
340.87063
335.18959
326.96365
315.84598
301.56661
284.0668
263.7047
241.46797
218.99456
198.17923
180.47031
166.37302
155.51924
147.09164
140.208
134.10936
128.19904
122.01551
115.18726
107.38931
98.315131
87.688912
75.385291
61.734709
47.862173
35.445522
25.714699
18.808841
14.135046
10.951802
8.7512069
7.2061624
6.0925778
5.2696624
4.6368707
4.1260595
3.6986933
3.3342366
3.0207649
2.7504712
2.51771
2.3180647
2.1478545
2.003851
1.8831066
1.7828526
1.700449
1.633368
1.5792176
1.5357905
1.5011117
1.4734686
1.4514204
1.4337753
1.4195695
1.4080387
1.3985866
1.3907238
1.3840077
1.3780364
1.3725242
1.3673643
1.3625753
1.3581865
1.3541711
1.3504491
1.346921
1.3434908
1.3400781
1.3366211
1.3330734
1.3294022
1.3255854
1.32161
1.3174709
1.3131709
1.3087338
1.3041784
1.299537
1.2948575
1.290204
1.2856616
1.2813408
1.2773858
1.2739833
1.2713795
1.2698979
1.2699775
1.2722169
1.2774765
1.2870166
1.3028587
1.3285175
1.3716531
1.4545684
1.6620499
2.3329092
234.77724
238.21125
241.54879
244.94962
248.45214
252.08784
255.87439
259.82087
263.9253
268.18076
272.56729
277.05783
281.61329
286.1838
290.70636
295.1038
299.28174
303.13109
306.52209
309.30613
311.3115
312.34318
312.17891
310.56673
307.22456
301.84245
294.09631
283.6837
270.40088
254.28126
235.78877
215.97858
196.42251
178.7551
164.04896
152.50303
143.62462
136.62452
130.71443
125.23034
119.64339
113.5255
106.50631
98.239867
88.405952
76.80414
63.630898
49.861987
37.169718
26.980898
19.650649
14.678241
11.313383
9.0014054
7.3821051
6.2118184
5.3434008
4.6805536
4.1539197
3.7185909
3.3495435
3.0329543
2.7603058
2.5256574
2.3244483
2.1529184
2.0077918
1.8860913
1.7850294
1.7019522
1.6343203
1.5797293
1.5359583
1.5010162
1.4731747
1.4509776
1.4332206
1.4189293
1.4073309
1.3978221
1.3899081
1.3831435
1.3771261
1.3715702
1.3663676
1.3615354
1.3571019
1.3530404
1.3492709
1.3456933
1.342211
1.3387429
1.3352265
1.3316148
1.3278743
1.3239823
1.3199255
1.315698
1.311301
1.3067579
1.3020889
1.2973239
1.29251
1.2877103
1.2830087
1.2785141
1.2743691
1.2707582
1.2679248
1.2661888
1.2659846
1.2679044
1.2727997
1.2819183
1.2972646
1.3223346
1.3648027
1.4472007
1.6552634
2.3293668
211.24676
214.10126
216.86004
219.66702
222.56283
225.57383
228.72011
232.01404
235.46104
239.05761
242.79665
246.66076
250.62605
254.6589
258.71517
262.73768
266.65731
270.38769
273.82809
276.85783
279.33713
281.10466
281.97527
281.73799
280.15409
276.9578
271.86053
264.5693
254.82686
242.4966
227.70166
210.9999
193.48453
176.62274
161.77272
149.66737
140.26591
133.00244
127.13248
121.95323
116.87678
111.42071
105.16999
97.739828
88.765897
77.973564
65.420083
51.899106
39.020095
28.384965
20.598553
15.284311
11.711902
9.2728175
7.5701603
6.3436903
5.4312714
4.7346774
4.1870752
3.7408154
3.3659996
3.0458509
2.7706447
2.5339875
2.3311279
2.1582103
2.0119049
1.8892018
1.787293
1.7035094
1.6352994
1.5802464
1.5361147
1.5008969
1.4728479
1.4504959
1.4326227
1.4182431
1.406575
1.3970077
1.389041
1.3822268
1.3761628
1.3705632
1.3653184
1.3604433
1.3559658
1.3518589
1.3480424
1.3444161
1.3408825
1.3373598
1.3337849
1.3301102
1.3263016
1.3223358
1.3181988
1.3138843
1.3093922
1.3047447
1.2999638
1.2950773
1.2901313
1.285188
1.2803298
1.2756645
1.2713328
1.2675172
1.2644583
1.2624726
1.2619898
1.2635959
1.2681339
1.2768392
1.2916997
1.3161935
1.3580124
1.4399227
1.648604
2.3259303
189.63529
192.11185
194.47343
196.85374
199.29127
201.81672
204.45293
207.21605
210.11489
213.15394
216.33113
219.63971
223.06577
226.58903
230.17976
233.79893
237.39592
240.90777
244.25561
247.34573
250.06637
252.28589
253.852
254.58935
254.29765
252.75106
249.69973
244.8769
238.02082
228.92084
217.50779
203.99076
189.00651
173.65518
159.26447
146.91222
137.03453
129.41132
123.44289
118.43799
113.76767
108.90044
103.37915
96.783432
88.70936
78.814309
67.018758
53.909257
40.967315
29.925034
21.660537
15.966798
12.153524
9.5674788
7.7712672
6.4852186
5.5304163
4.8001325
4.227794
3.766724
3.3840964
3.0595929
2.7815245
2.542712
2.3381091
2.1637341
2.0161933
1.8924403
1.7896443
1.7051206
1.6363047
1.5807671
1.5362572
1.5007506
1.4724848
1.4499712
1.4319775
1.4175064
1.4057664
1.3961388
1.3881178
1.381253
1.3751419
1.3694988
1.3642121
1.3592948
1.3547738
1.3506221
1.3467595
1.3430852
1.3395011
1.3359248
1.3322924
1.3285558
1.3246803
1.320642
1.3164263
1.3120264
1.3074411
1.3026908
1.2978
1.2927942
1.2877184
1.282634
1.2776222
1.2727893
1.2682744
1.2642578
1.2609777
1.258747
1.257991
1.2592895
1.2634771
1.2717775
1.2861621
1.3100925
1.3512805
1.4327321
1.6420676
2.3225952
168.43323
170.60342
172.6834
174.7731
176.9073
179.11495
181.41788
183.83096
186.36446
189.02427
191.81244
194.72712
197.76109
200.90251
204.13244
207.4248
210.74419
214.04468
217.26827
220.34272
223.18101
225.67833
227.71199
229.1375
229.78963
229.47885
227.9922
225.09641
220.54729
214.11559
205.63904
195.11613
182.83718
169.50064
156.18147
144.03974
133.87972
125.88666
119.71378
114.75621
110.37739
106.00799
101.15289
95.360407
88.194178
79.254889
68.338023
55.811182
42.963442
31.587915
22.840952
16.735365
12.645388
9.8891779
7.9877085
6.6358036
5.6376951
4.8752457
4.277329
3.7981185
3.4048087
3.0745196
2.7930361
2.5518522
2.3453969
2.1694917
2.0206583
1.8958078
1.7920841
1.7067857
1.6373352
1.5812897
1.5363832
1.5005741
1.4720816
1.4493994
1.4312804
1.4167146
1.4049003
1.3952103
1.3871334
1.3802168
1.3740584
1.368372
1.363044
1.3580852
1.3535215
1.3493257
1.3454177
1.3416962
1.3380626
1.3344336
1.3307449
1.3269476
1.3230064
1.3188969
1.3146041
1.3101204
1.3054438
1.3005924
1.2955939
1.290471
1.285268
1.2800452
1.2748828
1.2698855
1.265191
1.2609775
1.2574804
1.2550096
1.2539859
1.254983
1.2588275
1.2667312
1.2806501
1.3040298
1.3446049
1.4256269
1.6356517
2.3193569
148.89559
150.76416
152.56798
154.38485
156.24545
158.17484
160.1917
162.30947
164.53876
166.88562
169.35312
171.94197
174.65011
177.46998
180.39051
183.39454
186.45795
189.54775
192.62181
195.62621
198.49354
201.14227
203.47387
205.37237
206.70135
207.30371
207.00065
205.59148
202.85938
198.58319
192.56739
184.69918
175.04445
163.96824
152.21048
140.78952
130.67627
122.41702
115.99329
110.97562
106.77286
102.79922
98.528803
93.483166
87.201317
79.241427
69.29405
57.512986
44.941658
33.345882
24.137229
17.594621
13.194127
10.243216
8.222435
6.7965377
5.7516015
4.9572791
4.3348682
3.8362801
3.4295403
3.0913456
2.8054234
2.5614711
2.3530041
2.1754846
2.0253001
1.8993042
1.794612
1.708504
1.6383893
1.5818118
1.5364898
1.5003638
1.471634
1.448776
1.4305266
1.4158626
1.4039712
1.3942167
1.3860822
1.3791129
1.3729069
1.3671775
1.361809
1.3568094
1.3522037
1.3479647
1.3440121
1.3402444
1.3365622
1.3328817
1.3291378
1.325281
1.3212755
1.3170964
1.3127279
1.3081622
1.3033963
1.2984458
1.2933417
1.2881042
1.2827766
1.2774183
1.2721083
1.2669501
1.2620797
1.2576732
1.2539639
1.2512579
1.2499721
1.2506742
1.2541828
1.2616984
1.2751616
1.2980035
1.337984
1.4186047
1.6293526
2.3162111
131.22417
132.8265
134.39575
135.98739
137.62867
139.33811
141.13097
143.01777
145.00556
147.09993
149.3051
151.62191
154.04951
156.58518
159.22205
161.94978
164.7523
167.60797
170.48673
173.3498
176.14775
178.81843
181.28558
183.45731
185.22399
186.45732
187.00828
186.70795
185.36793
182.78759
178.76904
173.15118
165.8715
157.06188
147.15261
136.90186
127.23991
118.93452
112.29743
107.15172
103.02056
99.337301
95.558453
91.184179
85.735858
78.743592
69.818152
58.921333
46.819311
35.154389
25.537195
18.545337
13.803342
10.634401
8.4791732
6.9693304
5.8722768
5.04436
4.3982454
3.8809325
3.4594532
3.1111623
2.819225
2.5717527
2.3609781
2.1817218
2.0301187
1.9029284
1.7972268
1.7102742
1.6394654
1.582331
1.5365736
1.5001156
1.4711376
1.448096
1.4297109
1.4149446
1.4029733
1.3931519
1.3849581
1.3779354
1.3716817
1.3659098
1.3605014
1.3554621
1.3508153
1.3465339
1.3425377
1.3387246
1.3349949
1.331264
1.3274661
1.3235512
1.3194828
1.3152356
1.3107933
1.3061474
1.3012943
1.2962467
1.2910394
1.2856898
1.2802404
1.2747495
1.2692952
1.2639797
1.2589372
1.2543422
1.2504251
1.2474893
1.2459471
1.2463607
1.2495408
1.2566768
1.2696946
1.2920117
1.3314156
1.4116634
1.6231671
2.3131535
115.43312
116.84765
118.25885
119.71087
121.21868
122.79609
124.45176
126.19153
128.02013
129.94086
131.9549
134.06407
136.26741
138.56343
140.94875
143.41643
145.95737
148.55679
151.19574
153.84752
156.47775
159.04166
161.48331
163.73289
165.70601
167.3007
168.39705
168.85545
168.51712
167.20649
164.73964
160.94257
155.68969
148.96946
140.97687
132.19459
123.37217
115.3219
108.60236
103.31971
99.180679
95.687789
92.302497
88.511746
83.825159
77.757257
69.865058
59.952754
48.504868
36.952079
27.016761
19.583435
14.476737
11.065912
8.7599543
7.156004
6.0006698
5.1359957
4.4655761
3.9304548
3.4945665
3.1349625
2.8352943
2.5831176
2.3694678
2.1882441
2.0351225
1.9066809
1.7999275
1.7120946
1.6405612
1.5828443
1.5366311
1.4998253
1.4705874
1.4473539
1.4288271
1.4139545
1.4018999
1.3920093
1.3837547
1.3766777
1.3703764
1.3645628
1.3591155
1.3540373
1.3493504
1.3450277
1.3409888
1.3371315
1.3333554
1.3295753
1.3257247
1.3217531
1.3176234
1.3133098
1.3087954
1.3040712
1.2991332
1.2939906
1.2886826
1.2832235
1.2776552
1.272035
1.2664398
1.2609706
1.2557602
1.250981
1.2468611
1.2437007
1.2419082
1.24204
1.2448991
1.2516643
1.2642471
1.2860522
1.3248976
1.4048008
1.6170916
2.3101799
101.67856
103.00597
104.35914
105.76251
107.22657
108.75718
110.35612
112.02639
113.76849
115.5827
117.46938
119.42754
121.45735
123.55672
125.72311
127.95289
130.2398
132.57526
134.94701
137.33819
139.7258
142.0801
144.3618
146.52154
148.49687
150.21141
151.57217
152.46866
152.77166
152.33369
150.99325
148.58432
144.95858
140.02781
133.83215
126.62529
118.92571
111.44414
104.84805
99.489317
95.302224
91.914617
88.826661
85.525537
81.515038
76.303645
69.417801
60.544377
49.908395
38.664678
28.539102
20.69855
15.215294
11.539912
9.0662774
7.3581068
6.137936
5.2325739
4.5360436
3.9831403
3.5337055
3.1629073
2.854452
2.5962388
2.3788126
2.1951799
2.0403515
1.9105722
1.8027161
1.7139646
1.6416749
1.5833492
1.5366586
1.4994883
1.4699782
1.4465438
1.427869
1.4128853
1.400744
1.3907817
1.3824648
1.3753331
1.3689846
1.3631299
1.3576447
1.3525288
1.3478029
1.3434399
1.3393594
1.3354591
1.3316378
1.3278098
1.323908
1.3198811
1.3156918
1.3113135
1.306729
1.3019286
1.2969078
1.2916727
1.2862666
1.2807009
1.2750168
1.2692705
1.263538
1.2579191
1.2525449
1.2475862
1.2432686
1.2398892
1.2378524
1.2377092
1.2402552
1.2466585
1.2588166
1.280123
1.3184282
1.3980145
1.611123
2.3072864
90.170633
91.513176
92.887337
94.309819
95.783623
97.30955
98.888057
100.51817
102.19843
103.92816
105.70632
107.53198
109.40399
111.32118
113.28189
115.28354
117.32258
119.3939
121.48987
123.60017
125.71032
127.8007
129.84538
131.81012
133.6514
135.31363
136.72825
137.81091
138.46071
138.55924
137.97139
136.55069
134.15114
130.65263
126.0072
120.30752
113.85948
107.1963
100.95787
95.646349
91.419551
88.076555
85.197912
82.291966
78.864598
74.425195
68.487799
60.66135
50.953125
40.211877
30.055488
21.872479
16.014905
12.057571
9.4001539
7.577103
6.285225
5.3348384
4.6096881
4.0380556
3.5754191
3.1941593
2.8769062
2.6117782
2.3895482
2.2028126
2.0459239
1.9146455
1.8056071
1.7158889
1.6428072
1.5838438
1.5366529
1.4991002
1.4693043
1.4456593
1.4268294
1.4117296
1.3994979
1.3894614
1.381081
1.3738943
1.3674989
1.3616041
1.3560823
1.3509298
1.3461663
1.341764
1.3376433
1.3337011
1.3298359
1.3259614
1.3220098
1.3179294
1.3136821
1.3092411
1.3045884
1.2997141
1.2946129
1.2892878
1.2837863
1.2781171
1.2723203
1.2664515
1.2605856
1.254821
1.2492875
1.244154
1.239644
1.2360514
1.2337767
1.2333656
1.2356063
1.2416567
1.253401
1.2742217
1.312005
1.3913021
1.605258
2.3044688
81.069992
82.491583
83.920229
85.367305
86.836412
88.328778
89.845745
91.387221
92.953579
94.544958
96.161374
97.80354
99.471437
101.16567
102.88617
104.6327
106.40416
108.19831
110.01123
111.837
113.66664
115.48727
117.28136
119.0252
120.6877
122.22871
123.59731
124.73009
125.54962
125.96275
125.86065
125.12043
123.61132
121.20917
117.8252
113.4549
108.24379
102.53985
96.866016
91.760794
87.55093
84.223733
81.48073
78.879667
75.940414
72.179159
67.110288
60.298375
51.584207
41.515857
31.507842
23.07874
16.867396
12.617641
9.7628415
7.8144798
6.4436291
5.4436142
4.6869656
4.0950311
3.6187836
3.2275355
2.9020635
2.6299366
2.4021942
2.2115686
2.0520803
1.9190128
1.8086486
1.7178872
1.6439658
1.5843303
1.5366125
1.4986571
1.4685604
1.4446938
1.4257009
1.4104793
1.3981533
1.3880403
1.3795952
1.3723534
1.3659118
1.359978
1.3544209
1.3492333
1.3444333
1.3399932
1.3358333
1.3318506
1.3279431
1.3240235
1.3200238
1.3158915
1.3115882
1.3070864
1.3023678
1.2974218
1.2922426
1.2868303
1.2812365
1.2754669
1.2695609
1.2635732
1.2575778
1.2516718
1.2459838
1.2406806
1.2359835
1.2321837
1.2296777
1.229006
1.2309496
1.2366565
1.2479977
1.2683461
1.3056257
1.3846614
1.5994933
2.3017232
74.070042
75.562746
76.997045
78.388074
79.746918
81.083231
82.405293
83.719543
85.031849
86.34677
87.669227
89.003385
90.353923
91.724867
93.120078
94.543376
95.997045
97.482734
99.000497
100.54803
102.12036
103.70921
105.30167
106.88006
108.41976
109.88924
111.24771
112.44432
113.41655
114.08909
114.37279
114.16534
113.35382
111.82274
109.47099
106.24388
102.18314
97.485195
92.526288
87.79184
83.695184
80.391948
77.73195
75.354299
72.810309
69.629849
65.336133
59.474882
51.771583
42.507839
32.831162
24.281299
17.75916
13.217068
10.154134
8.0706764
6.6139125
5.5596233
4.7684416
4.154317
3.6635178
3.2622004
2.9289971
2.6502976
2.4169199
2.2218443
2.0591566
1.9238786
1.8119465
1.720011
1.6451747
1.584819
1.5365405
1.4981578
1.4677423
1.4436411
1.424476
1.4091261
1.3967017
1.3865096
1.377999
1.3707021
1.3642151
1.3582436
1.3526526
1.3474314
1.3425963
1.3381198
1.3339223
1.3299005
1.325952
1.3219891
1.3179429
1.3137606
1.3094032
1.3048428
1.3000606
1.2950454
1.2897909
1.2842943
1.2786112
1.2727446
1.266733
1.2606304
1.2545096
1.2484669
1.2426291
1.2371615
1.2322832
1.2282824
1.2255519
1.2246272
1.2262821
1.2316548
1.2426039
1.2624936
1.2992882
1.3780898
1.5938258
2.2990459
68.069674
69.502839
70.773792
71.912031
72.945488
73.901766
74.803036
75.66772
76.510816
77.345953
78.184336
79.03729
79.914704
80.827029
81.783435
82.792908
83.862995
85.000487
86.20989
87.493631
88.85092
90.277536
91.764654
93.297679
94.856033
96.411324
97.926635
99.355688
100.64136
101.71535
102.49751
102.89573
102.80807
102.12669
100.74827
98.593904
95.644021
91.987469
87.866459
83.668535
79.817164
76.589723
73.99083
71.771147
69.53666
66.841234
63.223364
58.227691
51.508831
43.133445
33.957289
25.434083
18.669383
13.84907
10.572035
8.3452377
6.7963927
5.6833959
4.8546546
4.2163305
3.7097592
3.2978525
2.9570154
2.6721725
2.4334428
2.2337726
2.0674461
1.9295002
1.8156685
1.7223548
1.6464837
1.5853345
1.5364475
1.4976047
1.4668474
1.4424956
1.4231471
1.4076615
1.3951339
1.3848605
1.3762833
1.3689316
1.3624001
1.3563923
1.350769
1.3455158
1.3406474
1.336136
1.3319023
1.327843
1.3238551
1.3198505
1.3157597
1.3115294
1.3071201
1.3025033
1.2976599
1.2925783
1.287251
1.2816734
1.2759043
1.2699442
1.2638309
1.2576175
1.2513759
1.2452011
1.2392188
1.2335923
1.2285388
1.2243434
1.2213956
1.2202255
1.2216004
1.2266488
1.2372171
1.2566618
1.2929899
1.3715851
1.5882522
2.2964331
60.758256
61.786429
62.544566
63.088043
63.472833
63.748865
63.955176
64.124353
64.280615
64.44466
64.634979
64.867009
65.156103
65.516077
65.961264
66.503815
67.156736
67.93053
68.835433
69.879306
71.067498
72.402121
73.88065
75.495615
77.23233
79.067701
80.969499
82.893888
84.784897
86.573581
88.177356
89.501175
90.438465
90.875397
90.697835
89.804767
88.1325
85.69254
82.6175
79.187584
75.786044
72.759885
70.257159
68.164545
66.17178
63.873768
60.832595
56.604686
50.809151
43.355053
34.8185
26.480356
19.567407
14.5006
11.012107
8.6370307
6.9910115
5.815317
4.9461332
4.281592
3.7578981
3.3346158
2.9858802
2.6950537
2.4512948
2.2471802
2.077052
1.9360875
1.8200037
1.7250481
1.6479699
1.5859189
1.5363543
1.4970058
1.4658761
1.4412529
1.4217072
1.4060769
1.3934409
1.3830834
1.3744389
1.3670326
1.3604577
1.354415
1.3487612
1.3434778
1.3385776
1.3340329
1.3297647
1.3256696
1.3216442
1.3175998
1.3134663
1.3091901
1.304731
1.3000604
1.2951584
1.2900132
1.2846158
1.2789607
1.2731092
1.2670595
1.2608485
1.2545286
1.2481708
1.2418691
1.2357475
1.2299681
1.2247455
1.2203625
1.2172046
1.2157974
1.2169011
1.2216351
1.2318342
1.2508479
1.2867284
1.3651443
1.5827688
2.2938806
47.839191
48.223112
48.264881
48.106218
47.819015
47.457861
47.0661
46.673401
46.304438
45.976897
45.705317
45.503751
45.384358
45.358881
45.439585
45.638328
45.967546
46.439915
47.068347
47.865444
48.844077
50.015563
51.390071
52.974624
54.771873
56.778337
58.981563
61.358042
63.869625
66.461369
69.0588
71.566897
73.870425
75.836436
77.320337
78.177335
78.281099
77.555039
76.015997
73.818657
71.263499
68.717727
66.456314
64.528491
62.748812
60.782914
58.231576
54.674777
49.722754
43.180138
35.381095
27.379343
20.428964
15.162276
11.47231
8.9466366
7.1989427
5.9566075
5.0439808
4.3510427
3.8086867
3.373008
3.0158073
2.7188349
2.4701701
2.2617952
2.0878915
1.9437245
1.8250978
1.7282224
1.6497254
1.5866281
1.536291
1.4963747
1.4648316
1.4399101
1.4201496
1.4043638
1.3916131
1.3811685
1.3724557
1.3649952
1.3583779
1.3523021
1.3466196
1.3413079
1.3363778
1.3318016
1.3275007
1.3233715
1.3193104
1.3152281
1.3110542
1.3067342
1.3022279
1.2975059
1.2925482
1.2873423
1.2818778
1.276149
1.2702188
1.2640834
1.2577791
1.2513573
1.2448884
1.2384649
1.2322099
1.2262836
1.2208986
1.216335
1.2129748
1.2113387
1.2121805
1.2166105
1.2264521
1.245049
1.2805009
1.3587649
1.5773723
2.2913851
30.114701
29.661109
29.29995
28.870583
28.411405
27.951667
27.509732
27.099926
26.731505
26.412355
26.148487
25.945734
25.81014
25.747785
25.765262
25.870309
26.071387
26.378292
26.801811
27.354482
28.05035
28.905
29.935636
31.160327
32.598101
34.267423
36.184618
38.361391
40.802059
43.498247
46.425032
49.534208
52.749585
55.962808
59.03213
61.785767
64.033378
65.588586
66.308301
66.148914
65.222226
63.800503
62.216191
60.688797
59.212782
57.579808
55.465536
52.496286
48.299876
42.625207
35.618201
28.087678
21.22468
15.822907
11.95123
9.2764532
7.4233121
6.1099504
5.1503636
4.4263834
3.8634345
3.4139958
3.0474344
2.7438233
2.490087
2.2774794
2.0998406
1.9523929
1.8310207
1.7319758
1.6518356
1.5875213
1.5362925
1.4957284
1.4637192
1.438465
1.4184681
1.4025135
1.3896409
1.3791057
1.3703234
1.362809
1.3561506
1.3500431
1.344334
1.338996
1.334038
1.3294322
1.3251004
1.3209391
1.3168443
1.3127263
1.3085141
1.3041529
1.2996018
1.2948313
1.2898209
1.2845575
1.2790289
1.2732305
1.2672255
1.2610087
1.2546156
1.2480969
1.241522
1.2349825
1.2286
1.2225332
1.2169927
1.2122559
1.2087015
1.2068452
1.2074347
1.2115714
1.2210675
1.2392622
1.2743049
1.3524443
1.5720599
2.2889427
15.65589
14.237949
13.948111
13.785091
13.638325
13.509042
13.398821
13.308818
13.24052
13.195185
13.175207
13.182533
13.219939
13.290369
13.397624
13.545814
13.740141
13.986403
14.291693
14.664273
15.113865
15.651916
16.292016
17.049974
17.943359
18.99287
20.221687
21.655221
23.319895
25.241961
27.443998
29.941039
32.734405
35.803981
39.09941
42.531723
45.966855
49.225581
52.094544
54.356871
55.848032
56.528739
56.523623
56.053661
55.276375
54.173874
52.565179
50.172551
46.681047
41.832202
35.641565
28.683203
22.014199
16.530387
12.484443
9.6498791
7.6788418
6.2847895
5.2713278
4.5115447
3.9247452
3.4593233
3.0819123
2.7707204
2.5113886
2.294319
2.1128623
1.9620549
1.8377869
1.7363634
1.654364
1.58865
1.5363925
1.4950847
1.462545
1.4369163
1.4166565
1.4005176
1.3875143
1.3768842
1.3680311
1.360463
1.3537645
1.3476272
1.3418934
1.3365313
1.3315476
1.3269143
1.3225536
1.3183622
1.3142359
1.3100845
1.3058364
1.3014365
1.2968435
1.2920274
1.2869673
1.2816499
1.2760603
1.2701967
1.2641212
1.2578275
1.2513505
1.2447401
1.2380647
1.2314151
1.2249115
1.218711
1.2130223
1.2081201
1.2043798
1.2023125
1.2026596
1.2065138
1.215677
1.2334843
1.2681374
1.3461797
1.5668275
2.2865497
6.1246184
6.7923778
7.3163574
7.6873505
7.9155628
8.0494939
8.1316051
8.1878591
8.2337429
8.2794688
8.3322024
8.3961165
8.472681
8.5638325
8.6716919
8.7987897
8.947916
9.1224695
9.3262177
9.5637718
9.8404441
10.162625
10.537815
10.975018
11.484959
12.080324
12.776233
13.590557
14.544172
15.661076
16.968371
18.495319
20.271971
22.325944
24.677759
27.33361
30.276024
33.452863
36.766805
40.069126
43.16504
45.839879
47.911096
49.285322
49.962062
49.954996
49.207155
47.574104
44.851772
40.83815
35.4919
29.194777
22.827209
17.320126
13.104902
10.092028
7.9825404
6.492009
5.413775
4.6109284
3.9954653
3.5108572
3.120468
2.8003093
2.534527
2.3125169
2.1270003
1.9726918
1.8453862
1.7414051
1.657349
1.5900524
1.5366189
1.4944593
1.4613145
1.4352621
1.4147087
1.398367
1.3852229
1.3744931
1.3655672
1.3579454
1.351208
1.3450428
1.3392864
1.3339025
1.3288952
1.3242366
1.3198492
1.3156301
1.3114746
1.3072921
1.3030107
1.2985748
1.2939428
1.2890843
1.283978
1.2786102
1.2729629
1.2670387
1.2608973
1.2545315
1.2479757
1.2412791
1.2345092
1.2277557
1.2211377
1.2148106
1.2089813
1.2039219
1.2000045
1.1977357
1.1978506
1.2014338
1.2102769
1.2277119
1.2619954
1.3399681
1.5616716
2.2842023
4.8327796
4.9472717
5.2549248
5.8145961
6.3712561
6.7321928
6.9297562
7.0378421
7.1028834
7.1491502
7.1909951
7.2365308
7.2888974
7.3494899
7.419763
7.5013075
7.5958499
7.7053292
7.8320012
7.9784271
8.1476465
8.3431661
8.5692055
8.8307099
9.1335876
9.4849061
9.8931385
10.368408
10.92293
11.571282
12.330835
13.222165
14.26918
15.499091
16.941714
18.627818
20.585822
22.836411
25.384378
28.207608
31.244478
34.382153
37.452291
40.241418
42.519279
44.069201
44.699191
44.239848
42.543213
39.489027
35.056261
29.514819
23.574767
18.140538
13.79221
10.598339
8.3355795
6.7340209
5.5799044
4.726255
4.0768738
3.5695322
3.1637763
2.8330612
2.5598035
2.33223
2.1423014
1.9842907
1.8537963
1.7470978
1.6608073
1.5917533
1.536993
1.4938651
1.4600321
1.4335005
1.4126182
1.3960526
1.3827559
1.3719206
1.3629198
1.3552441
1.3484688
1.3422773
1.3365007
1.3310973
1.326069
1.3213873
1.3169757
1.312731
1.3085488
1.3043379
1.300026
1.295557
1.2908891
1.2859915
1.2808426
1.2754281
1.2697268
1.2637471
1.2575445
1.2511117
1.2444826
1.2377056
1.2308474
1.2239967
1.2172714
1.2108253
1.2048635
1.1996555
1.1955701
1.1931096
1.1930032
1.1963271
1.2048632
1.2219417
1.2558757
1.3338067
1.5565892
2.2818968
4.8176225
4.8446648
4.9344519
5.1994557
5.6207269
5.9898274
6.2206664
6.3508219
6.4263302
6.4748158
6.5112253
6.5455337
6.5835158
6.6267667
6.6763726
6.7334204
6.7990734
6.8746006
6.9614268
7.0611729
7.175704
7.3072073
7.4582152
7.6317275
7.8312682
8.0610252
8.325988
8.6321315
8.9866044
9.3980336
9.8768142
10.435472
11.089074
11.855703
12.756774
13.817314
15.06583
16.533385
18.251546
20.24823
22.540628
25.124307
27.957707
30.942821
33.904541
36.577151
38.613783
39.63914
39.338956
37.529731
34.190579
29.54378
24.176637
18.938858
14.521854
11.161519
8.7376243
7.0124889
5.771628
4.8591222
4.1701843
3.6362379
3.212478
2.8694268
2.587518
2.3536345
2.158844
1.9968659
1.8630062
1.7534341
1.6647457
1.5937682
1.5375307
1.4933126
1.4587014
1.4316289
1.4103781
1.3935647
1.3801021
1.3691545
1.360076
1.352346
1.3455337
1.3393177
1.3335232
1.3281029
1.323056
1.3183538
1.3139203
1.3096528
1.3054464
1.3012099
1.2968704
1.2923715
1.2876711
1.282738
1.2775503
1.2720924
1.2663423
1.2603118
1.254053
1.2475587
1.2408621
1.2340109
1.2270711
1.2201302
1.2133049
1.2067478
1.2006619
1.1953143
1.1910706
1.1884288
1.1881122
1.1911891
1.1994319
1.2161699
1.2497751
1.327692
1.5515761
2.2796294
4.2365704
5.0522402
5.066193
5.3004483
5.5548738
5.7446585
5.8659328
5.9416476
5.9913612
6.0268838
6.0550332
6.0807928
6.108193
6.1394562
6.1752569
6.216314
6.2634219
6.3174413
6.3793327
6.4501959
6.5312765
6.6240059
6.7300582
6.851365
6.990198
7.1492292
7.3316114
7.5410847
7.7821193
8.0600641
8.3813365
8.7537065
9.1865654
9.6913063
10.281744
10.974607
11.790012
12.751928
13.888321
15.230822
16.813198
18.667749
20.818078
23.265703
25.967275
28.79895
31.511605
33.704503
34.878315
34.592868
32.636101
29.11831
24.524169
19.646438
15.259559
11.769367
9.1865597
7.3286943
5.9909272
5.0113257
4.2768102
3.7120272
3.2673352
2.9099446
2.6180366
2.3769611
2.1767543
2.0104703
1.8730284
1.7604152
1.6691696
1.596109
1.5382452
1.492811
1.4573254
1.4296446
1.4079813
1.3908934
1.3772496
1.3661818
1.3570222
1.3492372
1.3423888
1.3361502
1.3303401
1.3249055
1.3198427
1.3151227
1.31067
1.3063823
1.3021546
1.2978954
1.2935314
1.289006
1.2842765
1.2793117
1.2740894
1.2685915
1.2627982
1.2567219
1.2504124
1.2438624
1.2371045
1.2301857
1.2231711
1.2161474
1.2092303
1.2025705
1.1963694
1.1908917
1.1864998
1.1836876
1.1831724
1.1860149
1.1939787
1.2103925
1.2436902
1.3216211
1.546629
2.2773964
4.039335
5.1313013
5.2021593
5.3207268
5.4040491
5.4581089
5.4951654
5.5234696
5.5476676
5.5702772
5.5925265
5.6152081
5.6397603
5.6674912
5.6985958
5.7332261
5.7717459
5.8147403
5.8629407
5.9171993
5.9784746
6.0478611
6.1265575
6.2159468
6.3176006
6.4333383
6.5652761
6.715909
6.8881674
7.0855412
7.3122012
7.5731429
7.8744053
8.2232941
8.6287054
9.1014901
9.654911
10.30518
11.072041
11.979352
13.055472
14.333125
15.84794
17.634154
19.714561
22.079318
24.645862
27.19669
29.322125
30.455757
30.077287
27.984301
24.446556
20.158539
15.950182
12.39829
9.6745185
7.6810843
6.2383011
5.1838405
4.3976947
3.7976751
3.3289435
2.9550529
2.6516674
2.4024123
2.1961501
2.025159
1.8838795
1.7680426
1.6740811
1.5987835
1.5391465
1.4923681
1.455907
1.4275448
1.4054205
1.3880279
1.3741857
1.3629888
1.3537442
1.3459032
1.3390194
1.3327599
1.3269366
1.3214906
1.3164147
1.3116797
1.3072107
1.3029057
1.2986597
1.2943809
1.2899957
1.2854473
1.2806927
1.2757003
1.2704475
1.2649134
1.2590827
1.2529661
1.2466116
1.240012
1.2331993
1.2262199
1.219138
1.2120395
1.2050387
1.1982851
1.1919782
1.1863804
1.181851
1.1788796
1.1781781
1.1807995
1.1884987
1.2046056
1.2376173
1.3155905
1.5417442
2.2751937
4.7321898
4.8694011
4.9595439
4.9940855
5.0088917
5.0179859
5.0261507
5.035491
5.0473904
5.0631633
5.0839841
5.1101754
5.1412031
5.1760934
5.2136806
5.2529721
5.2934892
5.3353494
5.379167
5.4258728
5.4765417
5.5322859
5.5942461
5.6635852
5.7415426
5.8294744
5.928901
6.0415602
6.1694818
6.3150374
6.4810359
6.6708244
6.888409
7.1386189
7.4272996
7.7615772
8.1501648
8.6037615
9.1355491
9.761778
10.502429
11.381891
12.429394
13.678681
15.165609
16.920814
18.951532
21.202463
23.48677
25.409135
26.38245
25.860607
23.696093
20.312779
16.506828
13.009891
10.18735
8.0653753
6.5129306
5.3769199
4.5333439
3.8936826
3.3977247
3.0050804
2.688651
2.4301505
2.2171285
2.0409781
1.8955726
1.7763141
1.6794775
1.6017942
1.5402413
1.4919902
1.4544482
1.4253265
1.402688
1.3849574
1.3708974
1.3595611
1.3502269
1.3423285
1.3354099
1.3291313
1.3232974
1.3178427
1.3127567
1.3080097
1.3035274
1.2992082
1.2949471
1.2906521
1.2862493
1.2816816
1.2769058
1.2718902
1.2666108
1.2610458
1.2551835
1.2490322
1.2426388
1.2359962
1.2291356
1.2221029
1.2149616
1.2077966
1.200721
1.193883
1.1874803
1.1817728
1.177117
1.1739984
1.1731232
1.1755373
1.1829872
1.1988046
1.2315525
1.3095968
1.5369175
2.2730175
4.7744317
4.8738465
4.8970193
4.9016627
4.9046365
4.9080389
4.9123315
4.917587
4.9238999
4.9313883
4.9401809
4.9504303
4.9623075
4.976003
4.9917308
5.0097359
5.0303003
5.0537335
5.0803947
5.1106885
5.145073
5.184072
5.2282787
5.2783786
5.3351546
5.399507
5.4724809
5.5552887
5.6493424
5.7562956
5.8780974
6.0170494
6.1758913
6.3578937
6.5669987
6.807967
7.086592
7.4099624
7.7868004
8.2278722
8.7465314
9.3593393
10.086755
10.953771
11.990042
13.228483
14.699764
16.416958
18.339599
20.305153
21.944423
22.687483
22.015911
19.869278
16.780318
13.532429
10.696326
8.4713102
6.8114118
5.5895719
4.6835906
4.0001601
3.4738701
3.0602222
2.7291538
2.4603008
2.2397706
2.0579698
1.9081209
1.785228
1.685354
1.6051404
1.5415336
1.4916821
1.452951
1.4229866
1.3997759
1.3816702
1.3673706
1.3558834
1.3464542
1.3384967
1.3315438
1.3252478
1.3194059
1.3139457
1.3088528
1.3040969
1.2996044
1.2952742
1.2910015
1.2866938
1.2822772
1.2776943
1.2729016
1.2678673
1.262565
1.2569756
1.2510872
1.2449074
1.2384816
1.2318028
1.2249017
1.2178236
1.2106313
1.2034085
1.1962675
1.189355
1.1828669
1.1770609
1.1722904
1.169037
1.1680015
1.1702226
1.177439
1.1929852
1.225492
1.3036363
1.5321449
2.2708638
4.7807521
4.8520365
4.8596954
4.8621376
4.864175
4.8667408
4.8698993
4.8737218
4.878286
4.8836793
4.8900004
4.8973609
4.9058846
4.9157147
4.9270094
4.9399494
4.9547372
4.9716034
4.9908063
5.0126415
5.0374431
5.0655909
5.0975198
5.1337243
5.1747718
5.2213145
5.2741036
5.3340083
5.4020349
5.4793599
5.5673577
5.6676448
5.7821282
5.9130779
6.0631998
6.2357444
6.4346404
6.6646574
6.9316288
7.2427258
7.6068102
8.0348758
8.5405952
9.1409284
9.8567144
10.712895
11.737495
12.957124
14.383729
15.982392
17.6077
18.922393
19.404137
18.606514
16.564241
13.850761
11.154743
8.8842456
7.1304864
5.821754
4.8490319
4.1177032
3.5578572
3.1208415
2.7734443
2.4930531
2.264201
2.0762064
1.9215583
1.7947946
1.6917114
1.6088228
1.5430266
1.4914479
1.4514169
1.4205221
1.3966763
1.3781546
1.363591
1.3519395
1.3424092
1.3343907
1.3274038
1.3210922
1.3152449
1.3097822
1.3046857
1.2999244
1.2954251
1.2910874
1.2868065
1.2824901
1.2780637
1.2734698
1.2686649
1.2636162
1.2582956
1.2526884
1.24678
1.240578
1.2341267
1.2274191
1.2204854
1.2133702
1.2061355
1.1988644
1.1916679
1.1846913
1.1781288
1.1722359
1.1673631
1.163988
1.1628061
1.1648492
1.1718486
1.1871423
1.2194314
1.2977051
1.5274227
2.2687283
4.7848755
4.8358314
4.8382966
4.8396765
4.8412839
4.8432614
4.8456594
4.8485321
4.8519405
4.8559511
4.8606395
4.866088
4.8723925
4.8796565
4.8879992
4.8975559
4.9084761
4.9209299
4.9351109
4.9512364
4.9695538
4.9903443
5.0139266
5.0406648
5.070974
5.1053304
5.144282
5.1884564
5.2385818
5.2955032
5.3602022
5.4338265
5.5177266
5.6134932
5.7230109
5.8485324
5.9927527
6.1589247
6.3509924
6.5737676
6.833157
7.1364452
7.4926554
7.9129866
8.4113014
9.0045837
9.7130647
10.559231
11.563745
12.733626
14.03357
15.329534
16.318502
16.546047
15.664322
13.789439
11.472765
9.2720099
7.4620721
6.072824
5.0306717
4.2473396
3.6504481
3.1874637
2.8218799
2.528648
2.2905758
2.0957807
1.9359323
1.8050321
1.6985533
1.6128412
1.5447218
1.4912902
1.449847
1.4179299
1.3933813
1.3743982
1.3595433
1.3477127
1.3380742
1.3299921
1.3229714
1.316646
1.3107961
1.3053342
1.3002377
1.2954743
1.2909719
1.2866304
1.2823452
1.2780239
1.273592
1.2689917
1.2641794
1.25912
1.2537881
1.248169
1.242247
1.2360298
1.2295602
1.2228315
1.2158735
1.2087299
1.2014623
1.1941527
1.1869111
1.1798815
1.1732562
1.1672888
1.1623266
1.1588435
1.1575299
1.1594107
1.1662101
1.1812709
1.2133664
1.2917995
1.5227465
2.2666071
4.7882471
4.8221213
4.8237366
4.824699
4.8258799
4.8273227
4.8290682
4.8311599
4.8336441
4.8365718
4.839998
4.8439859
4.8486049
4.8539338
4.8600621
4.867088
4.8751255
4.8843004
4.8947573
4.9066577
4.9201859
4.9355504
4.9529879
4.9727673
4.9951958
5.020625
5.0494564
5.0821502
5.1192392
5.1613359
5.2091517
5.2635149
5.3253918
5.3959147
5.4764214
5.5684938
5.6740143
5.7952366
5.9348697
6.0961944
6.2832005
6.5007679
6.7548927
7.0529696
7.4041204
7.8195558
8.312859
8.8999297
9.5978521
10.420923
11.369789
12.405963
13.403608
14.094768
14.102501
13.183364
11.508485
9.5663742
7.7835732
6.3381084
5.2289224
4.3903012
3.7526554
3.2607696
2.8748924
2.5673542
2.3190581
2.1167857
1.9512883
1.8159558
1.7058794
1.6171909
1.5466158
1.4912081
1.4482401
1.4152058
1.3898821
1.3703884
1.3552117
1.3431851
1.3334302
1.3252818
1.3182273
1.3118898
1.3060401
1.3005826
1.2954897
1.2907282
1.2862264
1.2818849
1.2775996
1.2732777
1.2688448
1.2642429
1.2594275
1.2543625
1.2490263
1.2434015
1.2374728
1.2312475
1.2247674
1.2180259
1.2110523
1.2038897
1.196599
1.1892613
1.1819857
1.1749146
1.168239
1.1622098
1.157172
1.1535954
1.1521653
1.1539002
1.1605174
1.1753655
1.2072922
1.285915
1.5181118
2.2644957
4.7905525
4.8119749
4.8130973
4.8137709
4.8146015
4.8156198
4.8168572
4.8183462
4.8201207
4.8222181
4.8246796
4.8275516
4.8308861
4.8347416
4.8391837
4.8442868
4.8501339
4.8568206
4.8644529
4.8731513
4.8830533
4.8943131
4.9071065
4.9216334
4.9381211
4.9568296
4.9780546
5.0021355
5.0294623
5.0604853
5.095722
5.1357741
5.1813412
5.2332393
5.292425
5.3600262
5.4373743
5.5260515
5.6279484
5.7453346
5.880946
6.0380991
6.2208346
6.4340899
6.6839088
6.9776832
7.32438
7.7346633
8.2206323
8.7944917
9.4645682
10.225174
11.034126
11.772953
12.208928
12.043163
11.126657
9.6576339
8.0446976
6.6017926
5.4409843
4.5473353
3.8656469
3.3416381
2.9330364
2.6094972
2.3498301
2.1393155
1.967666
1.8275734
1.713681
1.6218583
1.5486973
1.4911943
1.4465909
1.4123434
1.386169
1.3661113
1.3505792
1.3383379
1.3284576
1.3202394
1.313151
1.3068033
1.3009568
1.2955072
1.2904219
1.2856662
1.2811691
1.2768318
1.2725505
1.2682327
1.2638036
1.2592052
1.2543903
1.2493273
1.2439929
1.2383693
1.232441
1.2262153
1.2197328
1.2129873
1.2060073
1.1988356
1.1915322
1.1841775
1.1768794
1.1697793
1.1630661
1.1569889
1.1518897
1.1482347
1.1467043
1.1483103
1.154764
1.1694205
1.2012039
1.2800475
1.513514
2.2623892
4.7920091
4.8045445
4.8052682
4.8057107
4.8062629
4.8069483
4.8077896
4.8088097
4.8100339
4.8114891
4.8132059
4.8152181
4.8175635
4.8202854
4.8234319
4.8270576
4.8312247
4.8360024
4.8414693
4.8477154
4.8548408
4.8629604
4.8722038
4.882719
4.8946738
4.9082594
4.9236938
4.9412268
4.9611465
4.9837799
5.0095078
5.0387686
5.0720697
5.110003
5.1532584
5.2026447
5.2591119
5.3237843
5.3979943
5.4833308
5.5816944
5.6953708
5.8271204
5.9802845
6.1589201
6.3679452
6.613302
6.9020687
7.2424305
7.6432274
8.1124343
8.6531544
9.2541505
9.8702593
10.39084
10.617783
10.324575
9.4388148
8.1636155
6.827566
5.6557668
4.7166747
3.9901423
3.4310128
2.9969847
2.6554745
2.3831
2.1634643
1.9850949
1.8398787
1.7219357
1.6268172
1.5509439
1.4912326
1.4448881
1.4093323
1.3822297
1.3615517
1.3456279
1.333151
1.3231352
1.3148435
1.3077212
1.3013651
1.2955249
1.2900871
1.2850134
1.2802678
1.2757796
1.271451
1.2671784
1.2628693
1.2584491
1.2538579
1.2490505
1.2439961
1.2386701
1.2330548
1.2271344
1.2209164
1.2144403
1.2076999
1.2007233
1.1935528
1.1862478
1.1788877
1.1715795
1.1644632
1.1577261
1.1516153
1.1464698
1.1427523
1.1411383
1.1426335
1.1489431
1.1634297
1.1950964
1.2741922
1.5089488
2.2602835
4.7927803
4.7990892
4.7994892
4.7997448
4.8000758
4.8004986
4.8010283
4.8016824
4.8024779
4.8034346
4.8045738
4.8059202
4.8075009
4.8093471
4.8114937
4.8139804
4.816852
4.8201588
4.823959
4.8283169
4.8333068
4.8390117
4.8455275
4.8529616
4.8614371
4.8710943
4.8820924
4.8946155
4.9088721
4.9251032
4.9435857
4.9646383
4.9886317
5.0159929
5.047222
5.0828998
5.1237101
5.1704536
5.2240777
5.285704
5.3566663
5.438557
5.5332839
5.6431382
5.7708759
5.919814
6.0939285
6.2979402
6.5373348
6.818202
7.1466209
7.5269845
7.9579999
8.4239211
8.8777774
9.2176003
9.2783789
8.8969835
8.0584107
6.9562127
5.8475662
4.8905328
4.124919
3.5294178
3.0673915
2.7057234
2.4190948
2.1893196
2.0035832
1.8528408
1.7305968
1.6320202
1.5533152
1.4912928
1.44311
1.4061558
1.3780483
1.3566921
1.3403379
1.3276031
1.3174406
1.3090714
1.301915
1.2955526
1.289722
1.2843
1.2792425
1.2745114
1.2700368
1.2657215
1.2614624
1.2571672
1.2527601
1.2481815
1.2433889
1.2383497
1.2330392
1.2274395
1.2215352
1.2153335
1.2088728
1.2021472
1.1951844
1.1880261
1.180731
1.1733778
1.1660724
1.1589535
1.152207
1.1460775
1.1409016
1.1371384
1.1354584
1.1368615
1.1430472
1.1573869
1.1889641
1.2683444
1.5044107
2.2581735
4.7929919
4.7950956
4.7952313
4.7953354
4.7954893
4.7957032
4.7959882
4.7963547
4.7968154
4.7973833
4.7980736
4.7989029
4.7998908
4.8010588
4.8024317
4.8040375
4.8059079
4.8080791
4.810592
4.8134932
4.8168353
4.8206788
4.8250917
4.8301522
4.8359488
4.8425826
4.8501698
4.8588424
4.8687524
4.8800737
4.893007
4.9077837
4.9246703
4.9439769
4.9660626
4.9913471
5.020319
5.0535524
5.091722
5.1356239
5.1861992
5.2445661
5.3120547
5.3902521
5.4810526
5.5867191
5.7099434
5.8539035
6.0222899
6.2192417
6.4490768
6.7155447
7.0200358
7.3576349
7.7091046
8.0268553
8.2183181
8.1493948
7.7103779
6.9267705
5.9745915
5.0509866
4.2644615
3.6358697
3.1444979
2.7605868
2.458012
2.2169392
2.0231017
1.8663882
1.7395801
1.637387
1.5557443
1.4913241
1.4412204
1.4027874
1.3736028
1.3515112
1.3346871
1.3216709
1.3113501
1.3028992
1.2957085
1.289342
1.2835246
1.2781228
1.2730862
1.2683746
1.2639184
1.2596214
1.2553809
1.2511041
1.2467148
1.2421568
1.2373853
1.2323681
1.2270805
1.2215044
1.2156246
1.2094482
1.2030125
1.196312
1.1893738
1.1822392
1.1749663
1.1676329
1.160344
1.1532369
1.1464959
1.1403638
1.1351742
1.1313827
1.1296552
1.1309858
1.1370689
1.1512854
1.1828014
1.2624992
1.4998952
2.256054
4.7927527
4.7922103
4.7921322
4.7921129
4.7921246
4.7921731
4.7922646
4.7924058
4.7926045
4.7928692
4.7932097
4.7936374
4.794165
4.7948073
4.7955807
4.7965044
4.7976002
4.7988929
4.8004104
4.8021854
4.8042544
4.8066593
4.8094484
4.8126758
4.8164045
4.820706
4.8256622
4.8313672
4.837929
4.8454719
4.8541387
4.8640949
4.8755314
4.8886698
4.903767
4.9211226
4.9410862
4.9640668
4.9905446
5.0210842
5.0563514
5.0971337
5.1443635
5.1991472
5.262798
5.3368733
5.4232146
5.5239827
5.6416774
5.779111
5.939278
6.1249916
6.3380238
6.5772419
6.8347663
7.088737
7.291964
7.3617803
7.1925581
6.718659
5.9925775
5.1690927
4.3963018
3.746315
3.2273528
2.8199766
2.4998765
2.2462834
2.0435443
1.8803815
1.7487421
1.6427879
1.5581243
1.491245
1.4391605
1.3991852
1.3688617
1.345982
1.3286499
1.3153288
1.3048379
1.2963011
1.2890766
1.2827085
1.2769082
1.2715315
1.2665209
1.2618339
1.2574014
1.2531279
1.2489106
1.2446568
1.2402933
1.2357621
1.2310187
1.2260308
1.2207738
1.2152296
1.2093832
1.2032416
1.196841
1.1901763
1.1832742
1.1761755
1.1689376
1.1616377
1.1543795
1.1472993
1.1405797
1.1344615
1.1292756
1.1254743
1.1237188
1.1249975
1.131
1.1451179
1.1766021
1.2566511
1.4953966
2.25392
4.7921516
4.7901458
4.7898946
4.7897741
4.789671
4.7895872
4.7895253
4.7894887
4.7894817
4.789509
4.7895768
4.7896915
4.7898612
4.7900949
4.7904033
4.7907983
4.7912938
4.7919059
4.792653
4.7935564
4.7946401
4.7959324
4.7974649
4.799275
4.8014048
4.803903
4.806826
4.8102385
4.8142149
4.8188415
4.8242179
4.8304596
4.8377005
4.8460959
4.8558268
4.8671046
4.8801757
4.8953288
4.912903
4.9332965
4.9569783
4.9845018
5.0165212
5.0538088
5.0972783
5.1480079
5.2072652
5.2765301
5.3575073
5.4521133
5.5624067
5.6903947
5.8375917
6.0040724
6.1865526
6.3746979
6.5447177
6.6506545
6.6201316
6.373712
5.8817465
5.2132968
4.5005368
3.8518714
3.3126842
2.8827904
2.5442444
2.2770636
2.064645
1.8945636
1.7578465
1.6480201
1.5602917
1.4909316
1.4368413
1.3952872
1.3637806
1.3400699
1.322196
1.3085482
1.2978762
1.28925
1.2819924
1.2756261
1.2698474
1.2645008
1.2595218
1.2548651
1.2504618
1.2462159
1.2420273
1.2378044
1.2334731
1.2289754
1.2242672
1.2193162
1.214098
1.2085945
1.2027907
1.1966939
1.1903391
1.1837216
1.1768676
1.1698175
1.1626281
1.1553758
1.1481634
1.1411259
1.1344444
1.1283576
1.1231938
1.1194019
1.1176387
1.1188869
1.124832
1.1388772
1.1703599
1.2507947
1.4909093
2.2517655
4.791248
4.7887011
4.7883141
4.78811
4.7879139
4.7877243
4.7875409
4.7873644
4.7871958
4.7870377
4.7868923
4.7867633
4.7866545
4.786571
4.7865182
4.786503
4.7865331
4.7866179
4.7867683
4.7869964
4.7873174
4.7877479
4.7883081
4.7890209
4.7899132
4.7910162
4.7923662
4.7940052
4.7959824
4.7983549
4.8011891
4.8045627
4.808566
4.8133049
4.8189032
4.8255057
4.8332828
4.842434
4.8531947
4.8658416
4.8807012
4.8981591
4.9186701
4.9427717
4.9710976
5.0043935
5.0435332
5.0895325
5.1435566
5.2069121
5.281006
5.3672339
5.4667331
5.579869
5.7052141
5.8375944
5.9645896
6.0610195
6.0828964
5.9686247
5.6631342
5.166005
4.5547146
3.9385224
3.3936868
2.9459655
2.5896659
2.3084374
2.0858066
1.9084608
1.7665075
1.6527738
1.562006
1.4902047
1.4341352
1.3910058
1.3582991
1.3337309
1.3152898
1.3012974
1.2904352
1.2817172
1.2744284
1.2680676
1.2623156
1.257005
1.2520635
1.247443
1.2430723
1.2388617
1.2347091
1.2305235
1.2262309
1.2217738
1.2171083
1.2122023
1.2070314
1.2015777
1.1958265
1.1897849
1.183487
1.1769284
1.1701351
1.163147
1.1560202
1.1488305
1.1416797
1.1347015
1.1280755
1.1220383
1.1169159
1.1131536
1.1114039
1.1126442
1.118556
1.1325552
1.1640681
1.2449241
1.4864278
2.2495851
4.7899987
4.7877128
4.7872333
4.7869587
4.7866859
4.7864099
4.7861277
4.7858376
4.7855389
4.7852315
4.7849156
4.7845918
4.7842614
4.7839256
4.7835866
4.7832468
4.7829094
4.7825784
4.7822585
4.7819559
4.7816775
4.7814321
4.7812302
4.7810842
4.7810089
4.7810221
4.7811447
4.7814017
4.7818224
4.7824419
4.7833013
4.7844495
4.7859441
4.7878533
4.7902576
4.7932526
4.796951
4.8014865
4.8070171
4.8137304
4.8218483
4.8316338
4.8433985
4.8575104
4.8744041
4.8945906
4.9186674
4.9473275
4.9813625
5.0216575
5.0691619
5.1248214
5.1894274
5.2633173
5.3457909
5.4340216
5.5210906
5.5927284
5.6228218
5.5701921
5.3849136
5.0351379
4.5438545
3.9900768
3.4600939
3.0039956
2.6332473
2.338803
2.1060244
1.9213771
1.7742126
1.6566634
1.562979
1.4888544
1.4308944
1.3862398
1.3523489
1.3269167
1.3078936
1.2935437
1.2824843
1.2736735
1.2663561
1.2600055
1.2542859
1.2490174
1.2441175
1.2395396
1.2352109
1.2310418
1.2269316
1.2227899
1.2185431
1.2141341
1.2095191
1.2046665
1.1995519
1.1941575
1.188469
1.1824936
1.1762642
1.1697769
1.1630575
1.1561453
1.149096
1.1419844
1.1349116
1.1280101
1.1214579
1.1154896
1.1104286
1.106717
1.1050029
1.1062589
1.1121626
1.1261439
1.1577196
1.2390333
1.4819453
2.2473726
4.7878653
4.7868674
4.7864423
4.7861094
4.7857721
4.7854229
4.7850572
4.784672
4.7842651
4.7838344
4.7833786
4.782896
4.7823852
4.7818452
4.7812748
4.7806732
4.7800396
4.779374
4.7786763
4.7779471
4.7771877
4.7764
4.7755869
4.7747523
4.7739015
4.7730415
4.772181
4.7713314
4.7705066
4.769724
4.7690049
4.7683758
4.7678686
4.7675225
4.7673849
4.7675129
4.7679758
4.768857
4.7702567
4.7722952
4.7751172
4.7788952
4.7838357
4.7901841
4.7982317
4.8083222
4.8208581
4.836306
4.8551984
4.878128
4.9057279
4.9386246
4.9773407
5.0221049
5.0724956
5.1267865
5.1807861
5.2258798
5.2460936
5.2148503
5.0949278
4.8495762
4.4694549
3.9951901
3.5008301
3.0497668
2.6709823
2.3659577
2.1240674
1.9325661
1.7804734
1.6593501
1.5629687
1.4867072
1.426997
1.3809058
1.3458729
1.3195864
1.2999747
1.2852576
1.2739952
1.2650908
1.2577477
1.251411
1.2457283
1.2405089
1.2356605
1.2311324
1.2268522
1.2227313
1.2186702
1.2145793
1.2103856
1.2060323
1.2014761
1.1966855
1.1916365
1.1863115
1.1806964
1.1747985
1.1686497
1.1622467
1.1556148
1.1487931
1.1418366
1.1348196
1.1278421
1.1210353
1.1145759
1.1086964
1.1037179
1.1000791
1.0984239
1.0997199
1.1056419
1.1196345
1.151307
1.2331157
1.4774562
2.2451213
4.7868765
4.7861756
4.7857844
4.7853993
4.7850069
4.7845979
4.7841658
4.7837057
4.7832137
4.7826863
4.7821201
4.781512
4.7808584
4.7801561
4.7794016
4.7785913
4.7777215
4.7767886
4.7757888
4.7747184
4.7735739
4.7723518
4.7710488
4.7696622
4.7681895
4.766629
4.76498
4.7632425
4.7614182
4.7595106
4.7575251
4.7554701
4.7533573
4.7512025
4.7490265
4.7468565
4.7447269
4.7426817
4.7407756
4.7390765
4.7376687
4.7366552
4.7361619
4.7363412
4.7373764
4.7394861
4.7429292
4.7480069
4.7550643
4.7644848
4.776677
4.7920405
4.8109007
4.8333852
4.8591942
4.8871912
4.9146848
4.9362192
4.941692
4.9139134
4.8269629
4.6495581
4.3597298
3.967828
3.5235256
3.0895064
2.7084405
2.3944006
2.1432315
1.9442943
1.786766
1.661751
1.562518
1.4840679
1.4226032
1.375081
1.3389028
1.311747
1.291526
1.2764228
1.2649429
1.255942
1.2485753
1.2422587
1.2366208
1.231457
1.226667
1.2221956
1.2179708
1.2139048
1.2098998
1.2058669
1.2017339
1.1974443
1.1929554
1.1882359
1.1832623
1.1780169
1.1724863
1.1666777
1.1606222
1.1543169
1.1477868
1.1410707
1.1342232
1.1273176
1.1204532
1.1137601
1.1074132
1.1016435
1.0967693
1.0932263
1.0916542
1.093016
1.0989837
1.113018
1.1448225
1.2271646
1.4729535
2.2428248
4.7863712
4.7856594
4.7852349
4.7848139
4.7843814
4.7839271
4.7834433
4.782924
4.7823642
4.7817593
4.7811048
4.7803959
4.7796277
4.778795
4.7778926
4.7769145
4.7758548
4.7747069
4.7734641
4.7721193
4.7706649
4.7690932
4.767396
4.7655652
4.7635921
4.7614681
4.7591847
4.7567332
4.7541054
4.7512936
4.7482907
4.7450909
4.7416895
4.7380843
4.734275
4.7302653
4.7260624
4.7216794
4.7171355
4.7124583
4.7076849
4.7028649
4.6980619
4.6933567
4.6888503
4.6846666
4.6809551
4.677893
4.6756849
4.6745597
4.6747587
4.6765129
4.6799978
4.6852487
4.6920113
4.6994744
4.7058134
4.7074227
4.6977023
4.665362
4.5927263
4.4560395
4.232083
3.9140576
3.5269515
3.1212154
2.745182
2.4248281
2.164564
1.9575154
1.7937985
1.6643363
1.5619136
1.4810976
1.4177952
1.3687948
1.3314477
1.3033985
1.2825415
1.2670288
1.2553193
1.2462125
1.2388201
1.2325261
1.226938
1.221836
1.2171113
1.2127036
1.2085412
1.2045372
1.2005954
1.196628
1.1925634
1.1883459
1.1839331
1.1792942
1.1744058
1.1692509
1.1638162
1.1581093
1.15216
1.1459663
1.1395528
1.132958
1.126236
1.1194595
1.1127268
1.106167
1.0999534
1.0943151
1.089568
1.0861447
1.0846809
1.0861351
1.0921771
1.1062848
1.1382579
1.2211727
1.4684298
2.2404755
4.7859238
4.785232
4.7847817
4.7843325
4.7838684
4.7833779
4.7828527
4.7822859
4.7816719
4.7810049
4.7802793
4.7794895
4.7786292
4.777692
4.7766707
4.775558
4.7743457
4.7730251
4.7715872
4.7700218
4.7683185
4.7664659
4.7644522
4.7622645
4.7598895
4.757313
4.75452
4.7514952
4.7482223
4.7446847
4.7408654
4.736747
4.7323123
4.7275442
4.7224264
4.7169433
4.7110814
4.7048292
4.6981783
4.6911246
4.683669
4.6758196
4.6675924
4.6590135
4.6501209
4.6409667
4.6316181
4.622159
4.612689
4.6033203
4.5941695
4.5853402
4.5768913
4.5687784
4.5607514
4.5521786
4.541746
4.5269597
4.5033555
4.4633474
4.3948714
4.2807226
4.1010211
3.84224
3.5113967
3.1419254
2.778945
2.4564793
2.188175
1.9726275
1.8019709
1.6673917
1.5613246
1.4778811
1.4126108
1.3620836
1.323527
1.2945477
1.2730194
1.2570665
1.2451048
1.2358803
1.2284584
1.2221886
1.2166545
1.2116205
1.2069679
1.202631
1.1985381
1.1946032
1.190732
1.1868379
1.1828498
1.1787128
1.1743852
1.1698365
1.1650438
1.1599904
1.1546634
1.1490708
1.1432413
1.1371734
1.1308919
1.1244346
1.1178553
1.1112261
1.1046444
1.0982381
1.0921792
1.0866948
1.0820985
1.0788198
1.0774905
1.079065
1.085211
1.099425
1.1316047
1.2151327
1.4638778
2.238066
4.7855256
4.7848756
4.7844059
4.7839348
4.7834456
4.7829263
4.7823679
4.7817629
4.781105
4.7803878
4.7796049
4.7787497
4.7778149
4.776793
4.7756757
4.774454
4.7731183
4.7716582
4.7700625
4.768319
4.7664147
4.7643354
4.7620662
4.7595907
4.7568915
4.7539502
4.7507468
4.7472601
4.7434679
4.7393462
4.7348701
4.7300132
4.7247481
4.7190462
4.7128779
4.7062131
4.6990213
4.6912721
4.6829351
4.6739817
4.6643845
4.6541192
4.6431649
4.6315057
4.6191314
4.6060393
4.592234
4.577729
4.5625449
4.5467069
4.5302382
4.5131468
4.4954023
4.4768944
4.4573611
4.4362685
4.4126084
4.384568
4.3490083
4.3006843
4.2312491
4.1284333
3.9766765
3.7616688
3.4802869
3.1503375
2.8075784
2.488307
2.214099
1.9901451
1.811862
1.6713942
1.5610791
1.474615
1.4071508
1.3549729
1.3151401
1.2851844
1.2629454
1.2465189
1.2342801
1.2249234
1.2174666
1.2112214
1.2057455
1.2007854
1.1962117
1.1919528
1.1879367
1.1840783
1.1802852
1.176472
1.1725687
1.168521
1.1642879
1.1598393
1.155153
1.1502124
1.1450054
1.1395399
1.133844
1.1279169
1.1217829
1.1154799
1.1090611
1.102598
1.0961872
1.0899554
1.0840732
1.078766
1.074345
1.0712368
1.0700692
1.0717926
1.0780736
1.0924283
1.1248539
1.2090366
1.4592895
2.2355882
4.7851708
4.7845803
4.7840961
4.783608
4.7830986
4.7825557
4.7819698
4.7813333
4.7806392
4.7798805
4.7790504
4.7781413
4.7771454
4.776054
4.774858
4.7735471
4.7721107
4.7705366
4.7688122
4.7669236
4.7648557
4.7625921
4.7601151
4.7574059
4.7544437
4.7512066
4.7476705
4.7438099
4.7395972
4.7350032
4.7299962
4.7245429
4.7186075
4.7121524
4.7051375
4.6975212
4.6892595
4.6803068
4.670616
4.6601386
4.6488254
4.6366268
4.6234932
4.609376
4.5942282
4.5780044
4.5606621
4.5421608
4.5224615
4.5015239
4.4793012
4.4557299
4.4307121
4.4040855
4.3755723
4.3446947
4.3106347
4.27201
4.2265208
4.1704218
4.0978133
3.9999224
3.8650236
3.6805096
3.4389549
3.147005
2.8291323
2.5185158
2.2415555
2.0100423
1.8237695
1.676687
1.5614462
1.4714719
1.4015071
1.3475027
1.3062968
1.2753045
1.2523094
1.2353721
1.222828
1.2133221
1.2058227
1.1996014
1.194187
1.1893065
1.1848185
1.1806448
1.1767127
1.1729383
1.169231
1.1655067
1.1616966
1.1577471
1.1536179
1.1492797
1.1447105
1.1398943
1.1348197
1.1294948
1.1239466
1.1181753
1.1122051
1.1060735
1.0998333
1.0935556
1.087336
1.0813004
1.0756178
1.0705118
1.0662914
1.0633802
1.0624025
1.0643048
1.0707529
1.0852838
1.117996
1.2028761
1.4546563
2.2330336
4.7848547
4.7843336
4.7838367
4.7833331
4.7828059
4.7822426
4.7816335
4.7809705
4.7802461
4.779453
4.7785837
4.7776301
4.7765836
4.775435
4.7741742
4.77279
4.7712707
4.7696032
4.7677733
4.7657657
4.7635638
4.7611493
4.7585026
4.7556023
4.7524254
4.7489469
4.7451396
4.7409744
4.7364197
4.7314414
4.7260031
4.7200655
4.7135864
4.7065209
4.6988206
4.6904346
4.6813083
4.6713842
4.6606017
4.648897
4.6362035
4.6224519
4.6075703
4.5914848
4.5741193
4.5553962
4.5352363
4.5135583
4.4902777
4.4653047
4.4385398
4.4098664
4.3791363
4.3461477
4.3106076
4.2720711
4.229843
4.1828217
4.1292556
4.0663794
3.9899143
3.8935032
3.7684116
3.6043695
3.3929919
3.1343386
2.8429051
2.5454612
2.2694475
2.0319946
1.8378144
1.6835406
1.5626892
1.4686401
1.3957899
1.3397251
1.2970132
1.2649062
1.2411022
1.2236133
1.2107331
1.201058
1.1935063
1.1873068
1.1819564
1.1771607
1.1727649
1.1686836
1.164843
1.1611601
1.1575462
1.153919
1.1502106
1.1463683
1.1423528
1.1381351
1.133694
1.1290141
1.1240845
1.1189136
1.1135277
1.1079276
1.1021375
1.0961948
1.090152
1.0840794
1.078072
1.0722546
1.0667949
1.0619149
1.0579211
1.0552345
1.0544758
1.0565879
1.0632364
1.0779803
1.1110213
1.1966424
1.4499695
2.230393
4.7846513
4.784125
4.7836151
4.7830977
4.7825552
4.7819746
4.781346
4.7806607
4.779911
4.7790891
4.778187
4.7771962
4.7761076
4.7749112
4.7735963
4.7721511
4.7705629
4.7688177
4.7669003
4.764794
4.7624811
4.7599418
4.7571547
4.7540967
4.7507427
4.7470652
4.7430347
4.7386189
4.7337831
4.7284896
4.7226977
4.7163635
4.7094397
4.7018754
4.6936158
4.6846023
4.6747722
4.6640584
4.6523895
4.6396899
4.6258791
4.6108724
4.5945804
4.5769094
4.5577613
4.5370332
4.5146178
4.4904023
4.4642681
4.4360883
4.4057239
4.3730175
4.3377835
4.2997902
4.2587326
4.2141875
4.1655428
4.1118862
4.0518345
3.9832789
3.9030302
3.8063942
3.6868456
3.5362988
3.3469495
3.1156311
2.8495284
2.5681091
2.296648
2.055459
1.8539728
1.6921732
1.5650689
1.4663346
1.3901406
1.3317167
1.2873213
1.2539964
1.2293185
1.211232
1.1979818
1.1881148
1.1804988
1.1743173
1.1690328
1.1643267
1.1600294
1.1560476
1.1523057
1.1487218
1.1452092
1.1416871
1.1380889
1.134363
1.1304708
1.1263841
1.1220823
1.1175505
1.1127787
1.1077756
1.1025665
1.0971533
1.0915601
1.0858241
1.0799974
1.07415
1.0683762
1.0627996
1.0575868
1.052958
1.0492176
1.0467839
1.046274
1.0486278
1.0555111
1.0705062
1.1039194
1.1903264
1.4452198
2.227657
4.7844804
4.7839434
4.7834226
4.7828935
4.7823379
4.7817426
4.7810971
4.7803928
4.7796215
4.778775
4.7778451
4.7768227
4.7756983
4.7744616
4.773101
4.7716043
4.769958
4.7681473
4.7661562
4.7639673
4.7615612
4.7589174
4.7560129
4.7528231
4.7493213
4.7454782
4.7412618
4.7366378
4.7315687
4.7260138
4.7199291
4.7132669
4.7059758
4.6980002
4.68928
4.6797505
4.6693424
4.6579811
4.6455868
4.632074
4.6173517
4.6013229
4.5838846
4.5649276
4.5443364
4.5219888
4.497756
4.4715015
4.4430802
4.4123368
4.3791024
4.3431899
4.3043856
4.2624362
4.2170277
4.1677523
4.1140564
4.0551604
3.9899358
3.9167241
3.8330831
3.7354716
3.6189618
3.4772634
3.3036827
3.093864
2.8503203
2.5859893
2.3220608
2.0796494
1.8719742
1.7026555
1.5687902
1.4647642
1.3847152
1.3235727
1.2772678
1.2425911
1.2169586
1.1982211
1.1845629
1.1744785
1.1667838
1.160615
1.1553969
1.1507846
1.1465919
1.1427166
1.1390807
1.1356033
1.1321997
1.1287908
1.1253114
1.121711
1.1179518
1.1140065
1.1098551
1.1054834
1.1008824
1.0960607
1.0910433
1.0858326
1.0804531
1.0749417
1.0693504
1.0637486
1.05823
1.0529172
1.0479757
1.0436239
1.0401641
1.0380122
1.037782
1.0404101
1.0475636
1.0628494
1.0966799
1.183918
1.4403968
2.2248151
4.7843314
4.7837849
4.7832544
4.7827149
4.7821478
4.7815396
4.7808795
4.7801586
4.7793684
4.7785006
4.7775465
4.7764968
4.7753416
4.7740701
4.7726703
4.7711294
4.7694334
4.7675668
4.7655129
4.7632533
4.7607681
4.7580355
4.7550315
4.7517302
4.7481034
4.7441203
4.7397474
4.734948
4.7296828
4.7239086
4.7175786
4.7106422
4.7030443
4.6947257
4.6856219
4.6756637
4.6647761
4.6528786
4.6398845
4.6257009
4.6102281
4.5933595
4.5749812
4.5549721
4.5332032
4.5095373
4.4838289
4.455923
4.4256545
4.3928466
4.3573082
4.3188298
4.2771774
4.232082
4.1832239
4.1302071
4.0725216
4.0094834
3.9401455
3.8631666
3.7766276
3.6777976
3.5628995
3.4270384
3.2646871
3.0713658
2.8469288
2.5992689
2.3448885
2.1037218
1.8913745
1.7149247
1.5739896
1.4641178
1.3796797
1.3154074
1.2669172
1.230719
1.2040302
1.1845779
1.1704686
1.1601381
1.1523479
1.1461844
1.1410321
1.1365172
1.1324347
1.1286725
1.1251499
1.1217864
1.1184994
1.1152118
1.1118596
1.1083937
1.1047772
1.1009836
1.0969938
1.0927942
1.0883767
1.0837503
1.0789392
1.0739469
1.068798
1.0635293
1.0581926
1.0528569
1.0476153
1.0425896
1.0379439
1.0338953
1.0307441
1.0289034
1.0289841
1.0319204
1.0393804
1.0549975
1.0892913
1.1774072
1.4354894
2.2218566
4.7842011
4.7836461
4.783107
4.782558
4.7819805
4.7813606
4.7806875
4.7799518
4.7791449
4.7782582
4.7772827
4.776209
4.7750266
4.7737245
4.7722904
4.770711
4.7689716
4.7670563
4.7649479
4.7626273
4.7600737
4.7572643
4.7541746
4.7507774
4.7470434
4.7429404
4.7384335
4.7334846
4.7280522
4.7220914
4.715553
4.7083841
4.7005268
4.6919184
4.6824915
4.6721725
4.6608824
4.6485357
4.6350401
4.6202968
4.6041992
4.586633
4.567476
4.5465975
4.523858
4.4991084
4.4721903
4.4429345
4.4111608
4.3766759
4.3392723
4.2987238
4.2547818
4.2071664
4.1555544
4.0995604
4.0387076
3.9723837
3.8997749
3.8197692
3.7308218
3.6307814
3.5167046
3.3847569
3.2304477
3.0496514
2.8408868
2.6085217
2.3646883
2.1268848
1.9116017
1.7287696
1.5807105
1.4645497
1.3751999
1.3073503
1.2563522
1.2184238
1.1905513
1.1703061
1.1556957
1.1450862
1.1371806
1.1310131
1.1259246
1.1215097
1.1175425
1.1139
1.1104975
1.1072552
1.1040924
1.1009338
1.0977173
1.0943947
1.0909305
1.0872989
1.0834816
1.0794659
1.0752446
1.0708272
1.066237
1.0614789
1.0565773
1.0515693
1.0465064
1.0414574
1.0365147
1.0317994
1.0274744
1.0237554
1.0209408
1.0194414
1.0198651
1.0231436
1.0309476
1.0469377
1.0817423
1.1707831
1.4304867
2.2187699
4.784087
4.7835241
4.7829768
4.7824191
4.781832
4.7812015
4.7805163
4.7797671
4.7789449
4.7780411
4.7770464
4.7759509
4.7747442
4.7734148
4.7719501
4.7703363
4.7685584
4.7666001
4.7644435
4.762069
4.7594552
4.7565786
4.7534136
4.7499326
4.746105
4.7418976
4.7372743
4.7321956
4.7266187
4.7204966
4.7137788
4.7064098
4.6983297
4.6894733
4.67977
4.6691433
4.6575105
4.6447823
4.630862
4.6156456
4.5990212
4.5808686
4.5610586
4.539453
4.515904
4.4902533
4.4623323
4.4319612
4.3989477
4.3630867
4.3241579
4.2819233
4.2361234
4.1864711
4.1326423
4.0742605
4.010876
3.9419318
3.8667142
3.7842815
3.6933632
3.5922302
3.4785505
3.3492897
3.2008173
3.0295274
2.833389
2.6144844
2.3813376
2.1484869
1.9320225
1.7438485
1.5888917
1.466156
1.3714215
1.2995362
1.2456704
1.2057643
1.1765515
1.1554174
1.1402462
1.1293197
1.1212756
1.1150921
1.1100639
1.1057505
1.1019033
1.0983866
1.0951109
1.0919968
1.0889654
1.0859436
1.0828709
1.0797004
1.0763976
1.072938
1.0693041
1.0654838
1.0614712
1.0572761
1.0529213
1.0484127
1.0437751
1.0390456
1.0342756
1.0295337
1.0249117
1.02053
1.0165506
1.0131878
1.0107381
1.0096102
1.0104092
1.014065
1.022251
1.0386568
1.0740206
1.1640342
1.4253754
2.2155427
4.7839863
4.7834158
4.7828607
4.7822947
4.7816985
4.7810578
4.7803614
4.7795996
4.7787633
4.7778435
4.7768311
4.7757157
4.7744867
4.7731324
4.7716397
4.7699947
4.7681821
4.766185
4.763985
4.761562
4.7588941
4.7559574
4.7527255
4.7491698
4.7452592
4.7409593
4.7362331
4.73104
4.7253358
4.7190723
4.712197
4.7046532
4.6963788
4.6873065
4.6773633
4.6664701
4.6545413
4.6414842
4.6271987
4.6115768
4.5945021
4.5758494
4.5554842
4.5332622
4.5090288
4.4826189
4.4538559
4.4225515
4.3885045
4.3515005
4.3113098
4.2676858
4.2203616
4.1690454
4.1134134
4.0530979
3.9876715
3.9166211
3.8393107
3.7549276
3.6624071
3.5603341
3.4468309
3.3194696
3.1753109
3.0112852
2.8252415
2.6178693
2.3949427
2.1680584
1.9520106
1.7597204
1.5983598
1.4689581
1.3684584
1.2920957
1.2349795
1.1928136
1.162073
1.1399331
1.1241289
1.1128405
1.1046307
1.0984168
1.0934433
1.0892319
1.0855085
1.082123
1.0789806
1.0760014
1.0731085
1.0702309
1.0673097
1.0642996
1.0611674
1.0578894
1.0544491
1.0508356
1.0470438
1.0430841
1.0389787
1.0347348
1.0303775
1.0259439
1.0214855
1.0170707
1.012791
1.0087661
1.005157
1.0021768
1.0001202
0.99939427
1.0006013
1.0046696
1.0132764
1.0301414
1.0661139
1.1571479
1.4201431
2.2121618
4.7838958
4.7833177
4.782755
4.7821808
4.7815759
4.7809255
4.7802183
4.7794444
4.7785948
4.7776601
4.7766309
4.775497
4.7742472
4.7728696
4.7713511
4.7696773
4.7678325
4.7657996
4.7635598
4.7610926
4.7583755
4.755384
4.7520913
4.7484681
4.7444823
4.7400991
4.7352804
4.7299846
4.7241664
4.7177764
4.710761
4.7030617
4.694615
4.6853516
4.6751967
4.664069
4.6518802
4.6385352
4.6239308
4.6079557
4.5904899
4.5714041
4.5505595
4.527807
4.5029868
4.4759278
4.4464475
4.4143509
4.3794301
4.3414636
4.3002147
4.2554307
4.2068395
4.1541466
4.0970298
4.0351296
3.9680377
3.8952766
3.816272
3.7303116
3.636488
3.5336241
3.420186
3.2942087
3.1533022
2.9948878
2.8169104
2.6192625
2.4057344
2.1853107
1.9710034
1.7758872
1.6088433
1.4728964
1.3663767
1.2851412
1.2243896
1.1796563
1.1471715
1.1238853
1.1073608
1.0956569
1.0872491
1.0809869
1.0760605
1.0719501
1.0683533
1.0651041
1.0621008
1.059263
1.0565151
1.0537887
1.0510266
1.0481849
1.0452317
1.0421446
1.038908
1.035512
1.0319527
1.0282409
1.0243984
1.0204338
1.0163724
1.0122517
1.0081232
1.0040552
1.0001388
0.99649331
0.99327882
0.99070736
0.98907218
0.98877839
0.99042609
0.99494252
1.0040092
1.0213778
1.0580088
1.1501112
1.414774
2.2086135
4.7838152
4.7832296
4.7826592
4.782077
4.7814633
4.7808035
4.7800858
4.7793003
4.7784376
4.7774886
4.7764434
4.7752916
4.774022
4.7726224
4.7710794
4.7693785
4.7675036
4.7654372
4.7631602
4.7606517
4.7578888
4.7548466
4.7514976
4.747812
4.7437572
4.7392975
4.734394
4.7290044
4.7230823
4.7165774
4.709435
4.7015951
4.6929928
4.6835575
4.6732125
4.6618748
4.6494539
4.6358525
4.6209649
4.604677
4.5868659
4.567399
4.5461338
4.5229174
4.4975856
4.469963
4.439862
4.4070826
4.3714116
4.3326221
4.2904724
4.2447052
4.1950452
4.1411968
4.0828397
4.0196226
3.9511534
3.8769846
3.7965915
3.7093416
3.6144503
3.5109247
3.397495
3.2725536
3.1341466
2.980121
2.8086135
2.619097
2.4139865
2.2001077
1.9885386
1.7918404
1.6199943
1.4778276
1.365184
1.2787576
1.2140052
1.1663842
1.131914
1.1073175
1.0899683
1.0777845
1.0691399
1.0628076
1.057918
1.0539058
1.0504376
1.0473289
1.0444702
1.0417795
1.039183
1.0366143
1.0340182
1.0313524
1.0285863
1.0256987
1.0226753
1.0195069
1.016191
1.012739
1.0091725
1.005501
1.0017506
0.99795901
0.99417791
0.99047559
0.98694297
0.98369891
0.98090282
0.97876578
0.97757966
0.97774802
0.97986893
0.98486904
0.99443509
1.0123518
1.0496919
1.1429099
1.4092528
2.2048828
4.7837434
4.7831502
4.782572
4.7819817
4.7813592
4.7806899
4.7799618
4.7791647
4.7782893
4.7773262
4.7762653
4.7750962
4.7738075
4.7723866
4.7708201
4.7690931
4.7671893
4.7650909
4.7627786
4.7602311
4.757425
4.7543348
4.7509329
4.7471889
4.7430693
4.7385382
4.7335559
4.728079
4.7220608
4.7154497
4.70819
4.7002208
4.6914758
4.6818832
4.6713647
4.6598357
4.6472042
4.6333706
4.6182272
4.6016578
4.5835368
4.5637288
4.5420885
4.5184596
4.4926747
4.4645545
4.4339076
4.40053
4.3642044
4.3246997
4.2817708
4.2351568
4.1845807
4.1297465
4.0703369
4.0060079
3.9363818
3.8610364
3.7794879
3.6911681
3.5953905
3.4913066
3.3778533
3.2537028
3.1172483
2.966697
2.8004096
2.6176698
2.4199682
2.2124296
2.0042722
1.8071045
1.6314211
1.4835374
1.3648275
1.2729924
1.2039162
1.1530904
1.116377
1.0902847
1.0719878
1.0592468
1.0503189
1.0438899
1.0390238
1.0351051
1.0317659
1.0288011
1.0260917
1.0235535
1.0211141
1.0187091
1.0162853
1.0138023
1.0112308
1.0085508
1.0057492
1.0028179
0.99975577
0.99657467
0.99329597
0.9899308
0.98650553
0.98305841
0.97964136
0.97632275
0.97319344
0.970372
0.96801723
0.9663395
0.96562946
0.96628938
0.96891564
0.97443474
0.98453951
1.0030492
1.0411487
1.1355288
1.4035607
2.2009539
4.7836759
4.7830745
4.7824886
4.7818899
4.7812586
4.7805798
4.7798411
4.7790327
4.7781449
4.7771676
4.7760913
4.7749053
4.7735976
4.772156
4.7705666
4.7688143
4.7668826
4.7647533
4.762407
4.7598221
4.7569744
4.7538383
4.750386
4.7465863
4.7424056
4.7378067
4.7327498
4.7271909
4.7210822
4.7143717
4.707002
4.6989116
4.690034
4.6802952
4.6696157
4.65791
4.6450841
4.6310369
4.615659
4.5988321
4.5804286
4.5603105
4.53833
4.5143285
4.4881357
4.4595692
4.4284345
4.3945241
4.3576179
4.3174818
4.2738673
4.226512
4.1751375
4.1194485
4.0591306
3.9938468
3.9232321
3.8468858
3.7643588
3.6751356
3.5786086
3.474045
3.3605458
3.2370049
3.1020939
2.954322
2.7922741
2.6151793
2.4239248
2.2223397
2.0179806
1.8212719
1.6427239
1.4897602
1.3651971
1.2678515
1.1941913
1.1398638
1.1006432
1.0728519
1.0534662
1.040077
1.0308095
1.0242513
1.0193915
1.0155593
1.0123482
1.0095295
1.0069734
1.0045924
1.0023151
1.0000792
0.99783362
0.99553955
0.99316933
0.99070419
0.98813217
0.98544667
0.98264755
0.9797475
0.97676776
0.97372086
0.97063386
0.96754546
0.96450798
0.96158999
0.95888238
0.95650361
0.95461204
0.95341747
0.95320959
0.95438964
0.95755266
0.96362556
0.97430811
0.99345547
1.0323643
1.1279509
1.3976787
2.1968101
4.7836168
4.7830068
4.7824126
4.7818056
4.7811652
4.7804764
4.7797272
4.7789071
4.7780066
4.7770154
4.7759236
4.7747206
4.7733942
4.7719321
4.7703199
4.7685426
4.7665836
4.7644242
4.7620448
4.7594231
4.7565348
4.7533545
4.7498534
4.746
4.7417604
4.7370964
4.7319677
4.7263303
4.7201353
4.71333
4.7058562
4.6976512
4.688648
4.6787715
4.6679408
4.6560693
4.6430617
4.6288151
4.6132187
4.5961529
4.5774876
4.5570832
4.5347902
4.5104473
4.4838814
4.4549083
4.4233306
4.3889383
4.3515088
4.3108061
4.2665794
4.2185646
4.1664827
4.1100396
4.0489243
3.9828064
3.911332
3.8341188
3.7507475
3.6607458
3.5635712
3.4585852
3.3450198
3.2219481
3.0882664
2.9427357
2.7841511
2.6117646
2.4260798
2.229962
2.0295547
1.8340277
1.6535315
1.4962059
1.3661377
1.2633005
1.1848741
1.1267838
1.0847975
1.0550933
1.0344614
1.0203176
1.0106438
1.0039166
0.99904149
0.99528582
0.99219984
0.98952849
0.98712865
0.98490883
0.98279793
0.9807358
0.9786734
0.97657369
0.97441057
0.97216665
0.96983126
0.96739905
0.96487129
0.96226132
0.95959043
0.95687264
0.95413571
0.95141899
0.94877526
0.94627344
0.94400454
0.94208709
0.94067922
0.93999037
0.94030947
0.94203706
0.94576721
0.95242785
0.96372655
0.98355554
1.0233226
1.1201576
1.3915832
2.1924331
4.7835668
4.7829481
4.7823452
4.7817294
4.7810797
4.7803807
4.7796207
4.7787886
4.7778748
4.7768697
4.7757623
4.774542
4.7731972
4.7717144
4.7700795
4.7682774
4.7662912
4.7641021
4.7616899
4.7590322
4.7561044
4.7528807
4.7493317
4.7454258
4.7411288
4.7364019
4.7312039
4.7254904
4.7192122
4.7123154
4.7047417
4.6964278
4.6873041
4.6772959
4.6663219
4.6542929
4.6411129
4.6266783
4.6108766
4.5935862
4.5746756
4.5540038
4.5314197
4.5067595
4.4798482
4.4504995
4.4185144
4.3836809
4.3457736
4.3045547
4.2597731
4.2111629
4.1584451
4.1013268
4.0395006
3.9726421
3.9004074
3.8224307
3.7383172
3.6476312
3.5498846
3.4445163
3.3308652
3.2081495
3.0754499
2.9317369
2.7759957
2.6075423
2.4266469
2.2354695
2.0389909
1.8451657
1.6635337
1.502591
1.3674691
1.2592727
1.1759837
1.1139178
1.0689244
1.0370897
1.0150411
1.0000219
0.9898627
0.98291835
0.9780009
0.9743083
0.97134244
0.96881806
0.96657653
0.96452092
0.96257997
0.96069541
0.95882032
0.95691947
0.95496833
0.95295099
0.9508581
0.94868568
0.94643634
0.94412419
0.94177071
0.93939143
0.93701495
0.93468136
0.93244397
0.93037222
0.92855746
0.92711836
0.92621302
0.92605077
0.92692009
0.92922113
0.93354742
0.94082851
0.95278067
0.97333426
1.0140066
1.1121283
1.3852488
2.1878036
4.7835239
4.7828965
4.7822846
4.7816591
4.7809995
4.7802905
4.7795191
4.7786752
4.7777484
4.7767284
4.7756053
4.7743677
4.7730039
4.7715008
4.7698436
4.7680165
4.7660032
4.7637846
4.7613399
4.7586465
4.7556795
4.7524129
4.7488172
4.7448599
4.7405064
4.7357183
4.7304533
4.724666
4.7183069
4.7113217
4.7036513
4.6952317
4.6859926
4.6758583
4.6647461
4.6525665
4.6392222
4.6246087
4.6086122
4.5911089
4.5719668
4.5510433
4.5281849
4.5032264
4.4759923
4.4462938
4.4139302
4.3786879
4.3403398
4.2986464
4.2533553
4.204201
4.1509048
4.0931749
4.0307062
3.9631809
3.8902645
3.811605
3.7268288
3.6355319
3.5372708
3.4315485
3.3177932
3.1953414
3.0634261
2.9211932
2.7677959
2.6026343
2.4258448
2.2390781
2.0463807
1.8545942
1.6725067
1.5086702
1.369011
1.2556829
1.1675193
1.1013212
1.053106
1.0189274
0.99528244
0.97925358
0.96851721
0.96129783
0.95630435
0.95265721
0.94980374
0.94742426
0.94534182
0.94345244
0.94168406
0.93998
0.93829538
0.93659688
0.9348616
0.93307508
0.93122938
0.92932192
0.92735675
0.92534876
0.92331972
0.92128678
0.91927946
0.91733865
0.91551842
0.91388881
0.91254161
0.91159592
0.91120999
0.91159331
0.91303416
0.9159327
0.92088237
0.92881498
0.9414564
0.96277585
1.0043979
1.1038391
1.3786458
2.1829012
4.7834795
4.7828432
4.7822221
4.7815873
4.780918
4.7801981
4.7794152
4.7785592
4.7776193
4.7765848
4.7754458
4.7741913
4.7728089
4.7712852
4.7696053
4.7677541
4.7657142
4.7634665
4.7609892
4.7582604
4.7552554
4.7519473
4.7483059
4.7442985
4.7398899
4.7350417
4.7297109
4.7238522
4.7174149
4.7103438
4.7025799
4.6940581
4.6847079
4.6744526
4.6632077
4.6508832
4.637382
4.6225976
4.606415
4.5887092
4.5693472
4.5481848
4.5250674
4.4998287
4.4722916
4.4422654
4.4095475
4.3739236
4.3351657
4.2930329
4.2472715
4.1976166
4.1437897
4.0855003
4.0224468
3.9543161
3.8807827
3.8015064
3.7161317
3.6242826
3.5255535
3.4194999
3.3056248
3.1833633
3.0520733
2.9110495
2.7595918
2.5971913
2.4239162
2.2410528
2.0519083
1.8623423
1.6803357
1.5142657
1.3706093
1.2524473
1.159472
1.0890423
1.0374229
1.0006974
0.97527207
0.95808717
0.94666874
0.93910549
0.93399445
0.93036999
0.92761799
0.92537923
0.92345522
0.92173303
0.92013881
0.91861715
0.91712517
0.91563141
0.91411466
0.91256196
0.91096681
0.90932812
0.90765136
0.90595226
0.90425304
0.90257247
0.90094115
0.89940088
0.89800654
0.89682899
0.89596063
0.89552118
0.89566926
0.89661476
0.89864615
0.90216397
0.90776208
0.91637522
0.92973964
0.95186376
0.99447586
1.0952629
1.3717388
2.1777033
4.7834321
4.7827858
4.7821554
4.7815116
4.7808327
4.7801023
4.7793083
4.77844
4.7774869
4.7764384
4.7752838
4.7740125
4.7726121
4.7710681
4.7693663
4.7674914
4.765425
4.763148
4.7606396
4.7578768
4.7548346
4.7514859
4.7477996
4.7437432
4.7392816
4.7343749
4.7289804
4.7230524
4.7165394
4.7093854
4.7015313
4.6929115
4.683454
4.673082
4.6617109
4.6492485
4.6355967
4.6206492
4.6042891
4.5863907
4.5668201
4.545432
4.5220703
4.4965681
4.4687459
4.4384115
4.4053625
4.3693826
4.3302434
4.2877029
4.2415068
4.1913902
4.1370752
4.078273
4.0146852
3.9460032
3.8719088
3.7920732
3.7061567
3.6138063
3.5146495
3.4082865
3.2942823
3.1721542
3.0413652
2.9013345
2.7514898
2.5914129
2.4211451
2.2417142
2.0558472
1.8685596
1.6870287
1.5192959
1.3721679
1.249508
1.151841
1.0771306
1.021958
0.98249703
0.95510605
0.9366085
0.92438983
0.91640172
0.91112237
0.90749158
0.90482614
0.90272144
0.90095352
0.89939814
0.89797854
0.89664007
0.89534172
0.89405393
0.89275714
0.89143993
0.8900973
0.88872962
0.88734384
0.88595663
0.88459075
0.88326668
0.88201612
0.88088192
0.87991997
0.87920202
0.87882131
0.87889834
0.8795924
0.88111409
0.88375236
0.88790859
0.89417757
0.90349765
0.91761614
0.94058052
0.98421806
1.0863685
1.3644867
2.1721859
4.7833974
4.7827412
4.7821013
4.7814482
4.7807594
4.7800191
4.7792142
4.7783334
4.7773672
4.776305
4.7751352
4.7738473
4.7724285
4.7708647
4.7691417
4.7672433
4.765151
4.762846
4.7603073
4.7575115
4.7544329
4.7510442
4.7473146
4.7432111
4.738698
4.733735
4.7282793
4.7222846
4.7156993
4.7084667
4.7005265
4.6918125
4.6822529
4.6717699
4.6602783
4.6476852
4.6338913
4.6187891
4.6022617
4.5841822
4.5644156
4.542816
4.5192253
4.4934759
4.4653871
4.434766
4.4014097
4.3651004
4.3256079
4.2826919
4.236096
4.1855555
4.1307945
4.0715249
4.0074512
3.938269
3.8636672
3.7833275
3.6969232
3.604121
3.5045769
3.3979298
3.2837959
3.1617619
3.0313789
2.8921716
2.7436789
2.5855671
2.4178757
2.2414506
2.0585651
1.8735196
1.692729
1.5237973
1.3736754
1.2468593
1.1446536
1.065651
1.0068043
0.96443321
0.93489179
0.91491582
0.90176506
0.89325756
0.88774828
0.88407456
0.88147584
0.87949552
0.87787935
0.87648896
0.87524317
0.87408751
0.87298259
0.87190067
0.8708239
0.86974241
0.8686527
0.86755666
0.86646271
0.86538849
0.86435749
0.86339185
0.86252456
0.86179963
0.86127401
0.86102057
0.86113355
0.86173449
0.86298356
0.86509238
0.86835077
0.87316145
0.88012066
0.89017098
0.90507128
0.92890734
0.97359885
1.0771181
1.3568398
2.1663228
4.7833586
4.7826932
4.7820446
4.7813821
4.7806839
4.7799338
4.7791183
4.7782263
4.7772478
4.7761723
4.7749886
4.7736851
4.7722489
4.7706662
4.7689228
4.7670022
4.764886
4.762555
4.7599875
4.7571604
4.7540478
4.7506221
4.746852
4.7427039
4.7381429
4.7331278
4.7276148
4.7215577
4.7149043
4.7075981
4.6995775
4.6907762
4.6811221
4.6705359
4.6589318
4.6462172
4.6322919
4.6170467
4.6003644
4.5821183
4.562171
4.5403761
4.5165749
4.4905984
4.462266
4.4313838
4.3977468
4.3611371
4.3213246
4.278067
4.2311098
4.1801878
4.1250255
4.065337
4.0008285
3.9312008
3.8561484
3.7753618
3.6885271
3.5953275
3.4954431
3.3885456
3.2742948
3.1523362
3.022295
2.8837841
2.7364388
2.5800031
2.4145281
2.2407311
2.0605301
1.8776245
1.6977259
1.5279461
1.3752341
1.2445767
1.13799
1.0547014
0.99207675
0.94662978
0.91475191
0.89312183
0.87889259
0.86975601
0.86394235
0.86017965
0.85762173
0.85575225
0.85428112
0.8530522
0.85197803
0.85100345
0.85009044
0.84921296
0.84835483
0.84750773
0.84666969
0.84584412
0.84504096
0.84427882
0.84358204
0.84297453
0.84249058
0.84217549
0.84208745
0.84230056
0.84291027
0.84403934
0.84584916
0.84855269
0.852441
0.85791858
0.86558373
0.87638393
0.89208977
0.91682353
0.96258856
1.0674679
1.3487391
2.1600855
4.7832542
4.7829755
4.7822974
4.7816171
4.7809012
4.7801336
4.7793009
4.7783914
4.7773942
4.7762984
4.7750937
4.773768
4.7723088
4.770702
4.7689324
4.7669842
4.7648388
4.7624766
4.7598758
4.7570134
4.7538632
4.7503966
4.7465831
4.7423887
4.7377775
4.7327087
4.727138
4.7210184
4.7142975
4.7069191
4.6988205
4.689935
4.6801903
4.6695064
4.657797
4.6449683
4.6309204
4.615543
4.5987178
4.580318
4.5602056
4.5382331
4.5142412
4.4880598
4.4595077
4.4283911
4.3945032
4.3576256
4.317529
4.2739702
4.2266943
4.1754374
4.1199242
4.0598707
3.9949861
3.9249745
3.8495359
3.7683677
3.6811682
3.5876357
3.4874697
3.3803699
3.2660344
3.1441567
3.0144241
2.8765247
2.7301747
2.5751885
2.4116362
2.240141
2.0623398
1.8814263
1.7024759
1.5320855
1.3770937
1.2428517
1.1320149
1.0444378
0.97792963
0.92923865
0.894831
0.87135803
0.85588674
0.84599357
0.83978554
0.83587627
0.8333254
0.83154845
0.83021263
0.82913968
0.82823339
0.82743679
0.82671275
0.82603681
0.8253944
0.82477874
0.82418936
0.82363124
0.82311578
0.82266269
0.8222972
0.82204503
0.82194189
0.82203443
0.82238224
0.82306082
0.82416698
0.82582499
0.82819768
0.8314997
0.83602382
0.8421768
0.85055952
0.86212488
0.87865511
0.90430602
0.95115335
1.0573655
1.3401141
2.1534423
4.7833246
4.7826477
4.7819818
4.7813023
4.7805864
4.7798181
4.7789837
4.778072
4.7770717
4.7759725
4.7747628
4.7734315
4.7719655
4.7703506
4.7685723
4.7666133
4.7644559
4.76208
4.7594632
4.7565832
4.7534132
4.749924
4.7460856
4.7418637
4.7372215
4.7321184
4.7265098
4.7203483
4.7135816
4.7061531
4.6979992
4.6890524
4.6792406
4.6684834
4.6566941
4.643779
4.629637
4.6141571
4.5972207
4.5787005
4.5584573
4.5363432
4.5121991
4.485854
4.457125
4.4258187
4.3917281
4.3546343
4.3143072
4.2705038
4.22297
4.1714413
4.1156437
4.055295
3.9901077
3.9197882
3.8440415
3.7625725
3.675088
3.5813001
3.4809262
3.3736895
3.2593197
3.1375521
3.0081261
2.8707931
2.7253376
2.5716343
2.4097746
2.2403116
2.0646549
1.8855693
1.7075567
1.5366978
1.3796403
1.2419951
1.1269879
1.0350872
0.96456861
0.91244923
0.87530223
0.84977883
0.83288093
0.82208237
0.81537122
0.81124322
0.80865572
0.80694673
0.8057328
0.80480798
0.80406407
0.80344078
0.80290128
0.80242243
0.80199119
0.80160227
0.80125674
0.80096106
0.80072813
0.80057873
0.80053919
0.80063697
0.80090931
0.80140435
0.80218313
0.80332273
0.80492154
0.80710554
0.8100393
0.81393952
0.81910104
0.82593342
0.8350407
0.84738158
0.86474932
0.89132888
0.93925357
1.0467491
1.3308807
2.1463583
4.7832895
4.7826037
4.7819354
4.7812521
4.7805327
4.7797608
4.7789216
4.7780043
4.7769982
4.7758929
4.7746765
4.773337
4.7718625
4.7702383
4.7684501
4.7664797
4.7643097
4.7619205
4.7592889
4.7563922
4.7532038
4.7496952
4.7458354
4.7415896
4.7369218
4.731791
4.7261517
4.7199567
4.7131535
4.7056845
4.6974872
4.6884937
4.6786307
4.6678176
4.6559672
4.6429866
4.6287739
4.6132164
4.5961968
4.5775871
4.5572468
4.5350274
4.5107707
4.4843046
4.4554453
4.424
4.3897611
4.3525095
4.3120144
4.2680331
4.2203122
4.1685874
4.112586
4.052027
3.9866244
3.9160881
3.8401278
3.7584544
3.6707821
3.5768343
3.476343
3.3690524
3.2547188
3.1331116
3.0040149
2.8672332
2.7226085
2.5700662
2.4097186
2.2420639
2.0683222
1.8908899
1.7137492
1.542472
1.3834598
1.2424952
1.123314
1.0269883
0.95228193
0.89651061
0.85638229
0.82857147
0.8100338
0.79815407
0.79080739
0.78636993
0.78368921
0.78201547
0.78090517
0.78011767
0.77952865
0.77907235
0.77871134
0.77842351
0.7781972
0.77802856
0.77792009
0.77787979
0.77792199
0.77806858
0.77834706
0.77878669
0.77942631
0.78031555
0.78151712
0.78310976
0.78519365
0.78789669
0.79138549
0.79587912
0.80167496
0.80918583
0.81901948
0.83214068
0.85035249
0.8778628
0.92684395
1.0355467
1.3209398
2.1387945
4.7832904
4.7826025
4.7819319
4.7812462
4.7805246
4.7797504
4.7789082
4.7779874
4.7769785
4.7758696
4.774649
4.7733054
4.7718261
4.7701974
4.7684038
4.7664274
4.7642508
4.7618541
4.7592148
4.7563097
4.7531121
4.7495933
4.7457222
4.7414647
4.7367835
4.7316376
4.7259824
4.7197705
4.7129489
4.705459
4.6972387
4.6882211
4.6783318
4.66749
4.6556083
4.6425933
4.6283431
4.6127457
4.5956824
4.5770254
4.5566344
4.5343602
4.5100444
4.4835147
4.4545876
4.4230697
4.3887536
4.35142
4.3108375
4.2667646
4.2189485
4.1671248
4.1110217
4.05036
3.9848552
3.9142203
3.8381679
3.7564145
3.668681
3.5746996
3.4742146
3.366987
3.2527955
3.1314378
3.0027345
2.8665334
2.722724
2.5712747
2.4123146
2.2462955
2.0742767
1.8983315
1.7219662
1.5502541
1.3893059
1.2450048
1.121547
1.0206049
0.94145582
0.88174605
0.83834364
0.80796542
0.78753643
0.77436498
0.76622028
0.76135876
0.75851108
0.75682898
0.75579763
0.75513292
0.75468889
0.75439142
0.7542012
0.75409663
0.75406722
0.75411048
0.75423034
0.75443621
0.75474383
0.75517627
0.75576224
0.75653281
0.75752841
0.75880035
0.76041301
0.762447
0.76500443
0.76821534
0.77224866
0.77732618
0.78374822
0.79193139
0.80248758
0.81638775
0.83544281
0.86387544
0.91387386
1.0236772
1.3101797
2.130707
4.7833114
4.7826254
4.7819569
4.7812723
4.780552
4.7797786
4.7789376
4.7780185
4.7770113
4.7759045
4.7746864
4.7733456
4.7718689
4.7702429
4.7684523
4.7664797
4.7643074
4.7619149
4.7592804
4.7563803
4.7531886
4.749676
4.7458116
4.7415615
4.7368878
4.7317498
4.726104
4.7199022
4.713091
4.7056126
4.6974046
4.6883999
4.6785249
4.6676985
4.6558334
4.6428361
4.628604
4.6130271
4.5959856
4.5773511
4.5569847
4.534737
4.510449
4.4839488
4.4550539
4.4235699
4.3892902
4.3519957
4.3114549
4.2674266
4.2196586
4.1678873
4.1118411
4.0512415
3.985806
3.9152492
3.8392857
3.7576355
3.670025
3.576192
3.4758905
3.3688935
3.2549964
3.1340193
3.0058113
2.8702545
2.7272771
2.5768825
2.4192125
2.2546808
2.0842081
1.909581
1.7338664
1.5616421
1.3986818
1.2508975
1.1229011
1.0169738
0.93295124
0.8688561
0.82174881
0.78840797
0.76574081
0.75098864
0.74182061
0.73637279
0.73325132
0.73149624
0.73050706
0.72994406
0.72963143
0.72948215
0.72945304
0.72952209
0.72967975
0.72992461
0.73026199
0.73070262
0.73126362
0.73196919
0.73284932
0.73393713
0.7352747
0.7369146
0.73892327
0.74138326
0.74439878
0.74810227
0.7526652
0.75831246
0.76534771
0.77419186
0.78546139
0.8001334
0.82002394
0.84935993
0.90031686
1.0110789
1.2984968
2.1219954
)
;

boundaryField
{
    airfoil
    {
        beta1           0.075;
        blended         0;
        type            omegaWallFunction;
        value           nonuniform List<scalar> 
300
(
2994628.9
2973268.7
2953301.2
2934022.4
2915408.8
2896606.9
2878646.7
2862022.7
2846032.2
2829858.6
2814538.2
2799639.1
2785629.9
2771996.7
2759295.1
2746882.3
2735447.9
2724259
2714084.7
2704078.8
2695162.7
2686322.5
2677657
2670567.7
2663441.1
2656540.9
2651276.9
2645766.1
2641696.7
2637607
2785116.5
2805192
2824876.4
2845367
2866592.4
2888948.2
2912108.1
2936053.3
2961179.2
2987118.3
3013878.3
3041659.9
3070670.3
3100741.3
3131492.7
3163135.4
3196079.2
3230083.8
3265144.2
3301426.9
3338854.1
3377255.5
3416659.4
3457537.5
3499504.9
3542809.1
3587504
3633631.9
3681160.6
3730011.3
3780246.8
3832131.2
3886092.5
3941483.2
3997997.7
4056464.9
4117141.5
4179573.6
4243894.7
4310175.2
4378560.2
4448889.7
4521392
4596384
4673538.2
4752918.5
4834830.3
4919531
5006876.5
5096538.7
5188572.4
5283463.1
5381498.4
5482064.3
5585453
5691702
5800616.8
5912937.9
6028206.9
6146267.6
6267369.2
6391154.4
6517679
6647213.6
6779925.4
6915288.1
7052906.1
7189478.1
7302001.6
7410857.7
7519532.6
7628358.6
7737099.3
7845220.2
7952797
8059185
8164233.3
8267750.8
8369117.6
8467853.7
8563578.9
8655717.7
8744501.8
8828455.2
8906094.2
8978609.4
9044822.4
9103421
9153009.6
9192241.9
9222013.3
9238898.2
9240562.5
9227942
9199695.3
9152375.9
9085201.1
8996129.3
8882517.9
8743018
8575732.7
8379045.9
8151745.6
7892329.1
7600565.3
7276945.6
6922851.4
6540039.9
6132324.5
5705042.2
5265568.7
4822831.7
4387027.2
3970590.7
3586937.2
3250170.9
2974298.6
2772281.5
2654925.8
2629986.2
2702004.9
2880438.7
3175737.5
3593768.4
4134986.1
4793861.8
5559153.7
6414168
7336942
8302834.5
9285863.7
10260301
11201101
12086142
12898924
13624313
14253184
14779781
15202564
15523927
15747725
15880032
15926954
15898605
15802984
15649807
15444886
15195778
14914840
14604984
14272231
13921906
13559394
13189876
12814346
12438117
12063498
11691891
11325636
10966139
10614427
10270663
9935634.4
9611084.4
9297637.7
8993937
8700163.6
8417569.6
8146117.2
7885095.3
7634073.3
7393247.4
7165907.2
6972237.5
6789071.2
6612263.4
6441146.6
6276058.7
6117257.3
5964576.9
5817451.3
5675741.3
5539511.5
5408593
5282708.9
5161993.9
5046045
4934308.2
4827141.3
4724251.6
4625593.7
4531052.8
4440137.7
4353076.2
4269711.9
4189688.3
4112812.3
4038867.6
3968109.6
3900440.3
3835550.4
3773316.5
3713669.5
3656370.6
3601323.1
3548665.1
3498142.4
3449739.9
3403354
3358762.5
3316141.5
3275321.9
3236136.8
3198640.2
3162751.6
3128272.9
3095284.4
3063814.8
3033685
3004813.7
2977192.7
2950850.8
2925743.3
2901820
2879051.1
2857351.4
2836692.7
2817122.1
2798602.4
2781106
2764567.7
2749030.7
2734464.2
2720873.8
2708161
2696336.8
2685482.8
2675435.6
2666162.8
2656530
2655785.3
2650980.9
2645766.1
2641988.7
2637957.4
2634216.2
2631998.5
2629704.8
2627606.3
2626949.2
2626330.6
2626699.6
2627170.9
2628555.2
2630094.6
2632481.3
2635069
2638448.4
2642057.1
2646409.9
2651020.4
2656335.3
2662688.5
2669525.9
2676086
2683266.9
2691515
2700227.2
2709380.1
2718246.9
)
;
    }
    farfield
    {
        type            freestream;
        freestreamValue uniform 4.79157;
        value           nonuniform List<scalar> 
896
(
4.7688659
4.7688659
4.7688259
4.768729
4.7685699
4.7683428
4.7680414
4.7676588
4.7671871
4.7666183
4.7659433
4.7651514
4.7642328
4.7631755
4.7619655
4.7605891
4.7590308
4.7572733
4.7552988
4.7530866
4.7506143
4.7478581
4.744792
4.7413865
4.7376098
4.7334284
4.7288054
4.7236997
4.7180679
4.7118617
4.7050272
4.6975086
4.6892448
4.6801686
4.6702067
4.6592804
4.6473049
4.6341878
4.6198292
4.6041208
4.5869473
4.5681838
4.5476955
4.5253384
4.5009583
4.4743912
4.4454607
4.4139796
4.3797511
4.3425659
4.3022039
4.2584348
4.2110178
4.1597042
4.1042373
4.0443541
3.979787
3.9102671
3.8355274
3.7553045
3.6693425
3.5773984
3.4792462
3.3746804
3.2635206
3.1456186
3.0208644
2.8891951
2.7506139
2.6052202
2.4532686
2.2952755
2.1321931
1.9656574
1.7982661
1.6337468
1.47678
1.3323217
1.2045627
1.0960055
1.0071158
0.93661843
0.88214048
0.84086427
0.81000747
0.78710734
0.7701482
0.75758127
0.7482719
0.7414081
0.73639905
0.73279289
0.73022547
0.7284012
0.7270886
0.72611907
0.72537802
0.72479348
0.72432243
0.72394199
0.72364199
0.72342214
0.72328973
0.72325847
0.72334993
0.72359128
0.72402083
0.72468362
0.7256411
0.72696727
0.72876013
0.73114036
0.73427688
0.73838086
0.74375268
0.75080497
0.76022789
0.77289103
0.79042959
0.81579325
0.85531827
0.85531827
4.7692039
0.86124101
4.7693898
0.86715047
4.7700864
0.87302562
4.7695522
0.87887839
4.7701909
0.88471807
4.7715016
0.89055201
4.7719307
0.89638626
4.7723294
0.90222573
4.7726997
0.9080748
4.7730421
0.91393736
4.7733588
0.91981703
4.7736533
0.92571715
4.7739312
0.93164103
4.7741962
0.93759177
4.7744532
0.94357238
4.7747069
0.94958594
4.7749635
0.95563525
4.7752295
0.96172326
4.7755112
0.96785275
4.7758171
0.97402646
4.7761576
0.98024712
4.7765404
0.98651745
4.7769822
0.99284004
4.7775062
0.99921752
4.7781471
1.0056524
4.778959
1.0121473
4.7800409
1.0187047
4.7815266
1.0253271
4.7852893
1.0320169
4.7979178
1.0387766
4.8117038
1.0456087
4.8271883
1.0525155
4.8476532
1.0594995
4.9122312
1.066563
5.0335822
1.0737087
5.1872025
1.0809387
5.4764991
1.0882557
5.9116005
1.0956619
6.465091
1.10316
7.1412
1.1107524
7.9284319
1.1184415
8.8572751
1.12623
10.026761
1.1341204
11.738278
1.1421152
13.961479
1.1502172
16.504069
1.158429
19.319523
1.1667533
22.446716
1.1751929
25.936947
1.1837507
29.808039
1.1924295
34.258218
1.2012322
39.298237
1.2101618
44.884546
1.2192215
51.284028
1.2284144
58.369582
1.2377436
66.274984
1.2472125
74.764605
1.2568244
83.785014
1.2665828
93.197313
1.2764914
102.84448
1.2865536
112.6017
1.2967733
122.54791
1.3071543
133.24505
1.3177005
146.05332
1.3284162
163.45542
1.3393053
187.15662
1.3503723
217.17166
1.3616217
253.86991
1.373058
299.0618
1.3846859
355.17762
1.3965103
426.06279
1.4085364
518.29953
1.4207691
647.19812
1.4332141
843.86627
1.4458766
1156.8965
1.4587626
1627.927
1.471878
2197.0324
1.4852287
2739.9302
1.4988213
3263.3162
1.5126623
3858.6013
1.5267584
4605.1087
1.5411166
5580.9262
1.5557444
6902.194
1.5706493
8777.1636
1.5858389
11624.78
1.6013216
16410.897
1.6171057
25897.974
1.6331999
66064.407
1.6496134
1.6663556
1.6834362
1.7008654
1.7186539
1.7368125
1.755353
1.7742871
1.7936272
1.8133864
1.8335781
1.8542163
1.8753158
1.896892
1.9189606
1.9415388
1.9646436
1.9882936
2.0125078
2.0373062
2.0627099
2.0887406
2.1154217
2.1427771
2.1708321
2.1996137
2.2291494
2.2594691
2.2906035
2.3225849
2.3554478
2.3892672
2.433058
2.4777725
2.5233843
2.5699007
2.6173295
2.6656794
4.79157
4.79157
4.79157
4.79157
4.79157
4.79157
4.79157
4.79157
4.79157
4.79157
4.79157
4.79157
4.79157
4.79157
4.79157
4.79157
4.79157
4.79157
4.79157
4.79157
4.79157
4.79157
4.79157
4.79157
4.79157
4.79157
4.79157
4.79157
4.79157
4.79157
4.79157
4.79157
4.79157
4.79157
4.79157
4.79157
4.79157
4.79157
4.79157
4.79157
4.79157
4.79157
4.79157
4.79157
4.79157
4.79157
4.79157
4.79157
4.79157
4.79157
4.79157
4.79157
4.79157
4.79157
4.79157
4.79157
4.79157
4.79157
4.79157
4.79157
4.79157
4.79157
4.79157
4.79157
4.79157
4.79157
4.79157
4.79157
4.79157
4.79157
4.79157
4.79157
4.79157
4.79157
4.79157
4.79157
4.79157
4.79157
4.79157
4.79157
4.79157
4.79157
4.79157
4.79157
4.79157
4.79157
4.79157
4.79157
4.79157
4.79157
4.79157
4.79157
4.79157
4.79157
4.79157
4.79157
4.79157
4.79157
4.79157
4.79157
4.79157
4.79157
4.79157
4.79157
4.79157
4.79157
4.79157
4.79157
4.79157
4.79157
4.79157
4.79157
4.79157
4.79157
4.79157
4.79157
4.79157
4.79157
4.79157
4.79157
4.79157
4.79157
4.79157
4.79157
4.79157
4.79157
4.79157
4.79157
4.79157
4.79157
4.79157
4.79157
4.79157
4.79157
4.79157
4.79157
4.79157
4.79157
4.79157
4.79157
4.79157
4.79157
4.79157
4.79157
4.79157
4.79157
4.79157
4.79157
4.79157
4.79157
4.79157
4.79157
4.79157
4.79157
4.79157
4.79157
4.79157
4.79157
4.79157
4.79157
4.79157
4.79157
4.79157
4.79157
4.79157
4.79157
4.79157
4.79157
4.79157
4.79157
4.79157
4.79157
4.79157
4.79157
4.79157
4.79157
4.79157
4.79157
4.79157
4.79157
4.79157
4.79157
4.79157
4.79157
4.79157
4.79157
4.79157
4.79157
4.79157
4.79157
4.79157
4.79157
4.79157
4.79157
4.79157
4.79157
4.79157
4.79157
4.79157
4.79157
4.79157
4.79157
4.79157
4.79157
4.79157
4.79157
4.79157
4.79157
4.79157
4.79157
4.79157
4.79157
4.79157
4.79157
4.79157
4.79157
4.79157
4.79157
4.79157
4.79157
4.79157
4.79157
4.79157
4.79157
4.79157
4.79157
4.79157
4.79157
4.79157
4.79157
4.79157
4.79157
4.79157
4.79157
4.79157
4.79157
4.79157
4.79157
4.79157
4.79157
4.79157
4.79157
4.79157
4.79157
4.79157
4.79157
4.79157
4.79157
4.79157
4.79157
4.79157
4.79157
4.79157
4.79157
4.79157
4.79157
4.79157
4.79157
4.79157
4.79157
4.79157
4.79157
4.79157
4.79157
4.79157
4.79157
4.79157
4.79157
4.79157
4.79157
4.79157
4.79157
4.79157
4.79157
4.79157
4.79157
4.79157
4.79157
4.79157
4.79157
4.79157
4.79157
4.79157
4.79157
4.79157
4.79157
4.79157
4.79157
4.79157
4.79157
4.79157
4.79157
4.79157
4.79157
4.79157
4.79157
4.79157
4.79157
4.79157
4.79157
4.79157
4.79157
4.79157
4.79157
4.79157
4.79157
4.79157
4.79157
4.79157
4.79157
4.79157
4.79157
4.79157
4.79157
4.79157
4.79157
4.79157
4.79157
4.79157
4.79157
4.79157
4.79157
4.79157
4.79157
4.79157
4.79157
4.79157
4.79157
4.79157
4.79157
4.79157
4.79157
4.79157
4.79157
4.79157
4.79157
4.79157
4.79157
4.79157
4.79157
4.79157
4.79157
4.79157
4.79157
4.79157
4.79157
4.79157
4.79157
4.79157
4.79157
4.79157
4.79157
4.79157
4.79157
4.79157
4.79157
4.79157
4.79157
4.79157
4.79157
4.79157
4.79157
4.79157
4.79157
4.79157
4.79157
4.79157
4.79157
4.79157
4.79157
4.79157
4.79157
4.79157
4.79157
4.79157
4.79157
4.79157
4.79157
4.79157
4.79157
4.79157
4.79157
4.79157
4.79157
4.79157
4.79157
4.79157
4.79157
4.79157
4.79157
4.79157
4.79157
4.79157
4.79157
4.79157
4.79157
4.79157
4.79157
4.79157
4.79157
4.79157
4.79157
4.79157
4.79157
4.79157
4.79157
4.79157
4.79157
4.79157
4.79157
4.79157
4.79157
4.79157
4.79157
4.79157
4.79157
4.79157
4.79157
4.79157
4.79157
4.79157
4.79157
4.79157
4.79157
4.79157
4.79157
4.79157
4.79157
4.79157
4.79157
4.79157
4.79157
4.79157
4.79157
4.79157
4.79157
4.79157
4.79157
4.79157
4.7833114
4.79157
4.7826254
4.7819569
4.7812723
4.780552
4.7797786
4.7789376
4.7780185
4.7770113
4.7759045
4.7746864
4.7733456
4.7718689
4.7702429
4.7684523
4.7664797
4.7643074
4.7619149
4.7592804
4.7563803
4.7531886
4.749676
4.7458116
4.7415615
4.7368878
4.7317498
4.726104
4.7199022
4.713091
4.7056126
4.6974046
4.6883999
4.6785249
4.6676985
4.6558334
4.6428361
4.628604
4.6130271
4.5959856
4.5773511
4.5569847
4.534737
4.510449
4.4839488
4.4550539
4.4235699
4.3892902
4.3519957
4.3114549
4.2674266
4.2196586
4.1678873
4.1118411
4.0512415
3.985806
3.9152492
3.8392857
3.7576355
3.670025
3.576192
3.4758905
3.3688935
3.2549964
3.1340193
3.0058113
2.8702545
2.7272771
2.5768825
2.4192125
2.2546808
2.0842081
1.909581
1.7338664
1.5616421
1.3986818
1.2508975
1.1229011
1.0169738
0.93295124
0.8688561
0.82174881
0.78840797
0.76574081
0.75098864
0.74182061
0.73637279
0.73325132
0.73149624
0.73050706
0.72994406
0.72963143
0.72948215
0.72945304
0.72952209
0.72967975
0.72992461
0.73026199
0.73070262
0.73126362
0.73196919
0.73284932
0.73393713
0.7352747
0.7369146
0.73892327
0.74138326
0.74439878
0.74810227
0.7526652
0.75831246
0.76534771
0.77419186
0.78546139
0.8001334
0.82002394
0.84935993
0.90031686
1.0110789
1.2984968
2.1219954
4.79157
)
;
    }
    frontAndBack
    {
        type            empty;
    }
}


// ************************************************************************* //
